CompetitionID,MatchID,MatchTypeID,MatchType,MatchStatus,MatchDate,MatchDateNew,MatchName,MatchTime,GMTMatchTime,GMTMatchDate,FirstBattingTeamID,FirstBattingTeamName,SecondBattingTeamID,SecondBattingTeamName,FirstBattingTeamCode,SecondBattingTeamCode,GroundID,GroundName,Commentss,TossTeam,TossDetails,TossText,Flag,FirstBattingSummary,SecondBattingSummary,ClientMatchID,MATCH_COMMENCE_START_DATE,city,FlickrAlbumID,LiveStream,FBURL,T20ProMatchID,Temperature,WeatherIcon,TempUpdatedDate,GroundUmpire1ID,GroundUmpire2ID,GroundUmpire3ID,RefereeID,HomeTeamID,HomeTeamName,HomeTeamColor1,HomeTeamColor2,AwayTeamColor1,AwayTeamColor2,AwayTeamID,AwayTeamName,timezone1,MatchEndDate,MatchEndTime,MATCH_NO_OF_OVERS,ROUND_ID,MatchTypeName,RowNo,CompetitionName,GroundUmpire1,GroundUmpire2,ThirdUmpire,Comments,HomeTeamLogo,AwayTeamLogo,MatchHomeTeamLogo,MatchAwayTeamLogo,VideoScorecard,TimeZone,CurrentStrikerID,CurrentStrikerName,StrikerRuns,StrikerBalls,StrikerFours,StrikerSixes,StrikerSR,StrikerImage,CurrentNonStrikerID,CurrentNonStrikerName,NonStrikerRuns,NonStrikerBalls,NonStrikerFours,NonStrikerSixes,NonStrikerSR,NonStrikerImage,CurrentBowlerID,CurrentBowlerName,BowlerOvers,BowlerRuns,BowlerMaidens,BowlerWickets,BowlerEconomy,BowlerSR,BowlerImage,ChasingText,MatchBreakComments,MatchProgress,CurrentInnings,1Summary,1FallScore,1FallWickets,1FallOvers,1RunRate,2Summary,2FallScore,2FallWickets,2FallOvers,2RunRate,3Summary,3FallScore,3FallWickets,3FallOvers,3RunRate,4Summary,4FallScore,4FallWickets,4FallOvers,4RunRate,5Summary,5FallScore,5FallWickets,5FallOvers,5RunRate,6Summary,6FallScore,6FallWickets,6FallOvers,6RunRate,DivisionID,SecondInningsFirstBattingID,SecondInningsFirstBattingName,SecondInningsSecondBattingID,SecondInningsSecondBattingName,ThirdInningsFirstBattingID,ThirdInningsFirstBattingName,ThirdInningsSecondBattingID,ThirdInningsSecondBattingName,WinningTeamID,MatchOrder,RevisedOver,RevisedTarget,MatchRow,ProjectedScore,2ndProjectedScore,3rdProjectedScore,TeamType,MOM,MOM_TYPE,MOMPlayerId,MOMRuns,MOMBalls,MOMWicket,MOMRC,MOMImage,KO,GMTMatchEndTime,GMTMatchEndDate,AudioHighlightsText,AudioHighlightsPath,AudioPodcastPath,matchDateTime,timestamp,CustomMatchTime
57,443,5,T20 D/N,Post,2022-02-09,9 Feb 2022,New Zealand Women VS India Women,13:00,00:00 GMT,2022-02-09,73,New Zealand Women,52,India Women,NZW,INDW,67,John Davies Oval,New Zealand Women Won by 18  Runs ,India Women,India Women won the Toss and elected to Field, won the Toss and elected to Field,0,155/5 (20.0 Ov),137/8 (20.0 Ov),,2022-02-09T13:00:00,Queenstown,,,,,,,,475,471,106,108,73,New Zealand Women,,,,,52,India Women,Pacific/Auckland,9 Feb 2022,18:00,20,0,T20,1.0,INDIA WOMEN TOUR OF NEW ZEALAND  ONLY WT20I 2022,John Dempsey,Kim Cotton,Billy Bowden,New Zealand Women Won by 18  Runs ,https://scores.bcci.tv/matchcentre/teamlogos/new_zealand.png,https://scores.bcci.tv/matchcentre/teamlogos/india.png,https://scores.bcci.tv/matchcentre/teamlogos/new_zealand.png,https://scores.bcci.tv/matchcentre/teamlogos/india.png,0,+9.5,b1f21886ecdc483c8e5ae8caa4955e2,Poonam Yadav,1,1,0,0,100.0,https://scores.bcci.tv/matchcentre/playerimages/Poonam-Yadav.jpg,934e9959231c4ca3b118005cdbee4e8,Deepti Sharma,3,3,0,0,100.0,https://scores.bcci.tv/matchcentre/playerimages/Deepti-Sharma.jpg,2022-100mb00000000898-1f504c1f88be11,Jess Kerr,4.0,20,0,2,5.0,12.0,https://scores.bcci.tv/matchcentre/playerimages/Jess-Kerr.jpg,,,99.58,2,155/5 (20.0 Overs),155,5,20.0,7.75,137/8 (20.0 Overs),137,8,20.0,6.85,,,,,,,,,,,,,,,,,,,,,2,,,,,,,,,73,1st T20I,,,1.0,137,0.0,0.0,,,,,,,,,,,,,,,,,0.0,
58,444,1,One Day D/N,Post,2022-02-12,12 Feb 2022,New Zealand Women VS India Women,11:00,22:00 GMT,2022-02-11,73,New Zealand Women,52,India Women,NZW,INDW,67,John Davies Oval,New Zealand Women Won by 62 Runs ,India Women,India Women won the Toss and elected to Field, won the Toss and elected to Field,1,275/10 (48.1 Ov),213/10 (49.4 Ov),,2022-02-12T11:00:00,Queenstown,,,,,,,,260,476,475,108,73,New Zealand Women,,,,,52,India Women,Pacific/Auckland,12 Feb 2022,19:00,50,0,ODI,1.0,INDIA WOMEN TOUR OF NEW ZEALAND ODI SERIES 2022,Derek Walker,John Bromley,John Dempsey,New Zealand Women Won by 62 Runs ,https://scores.bcci.tv/matchcentre/teamlogos/new_zealand.png,https://scores.bcci.tv/matchcentre/teamlogos/india.png,https://scores.bcci.tv/matchcentre/teamlogos/new_zealand.png,https://scores.bcci.tv/matchcentre/teamlogos/india.png,0,+9.5,f14090f3a8594d77898d01ccf59bdec,Rajeshwari Gayakwad,0,1,0,0,0.0,https://scores.bcci.tv/matchcentre/playerimages/Rajeshwari-Gayakwad.jpg,2022-100mb00000000889-117ce4d488bd11,Jhulan Goswami,13,21,1,0,61.9,https://scores.bcci.tv/matchcentre/playerimages/Jhulan-Goswami.jpg,2022-100mb00000000898-1f504c1f88be11,Jess Kerr,9.4,35,2,4,3.62,14.5,https://scores.bcci.tv/matchcentre/playerimages/Jess-Kerr.jpg,,,99.67,2,275/10 (48.1 Overs),275,10,48.1,5.71,213/10 (49.4 Overs),213,10,49.4,4.29,,,,,,,,,,,,,,,,,,,,,2,,,,,,,,,73,1st ODI,,,1.0,214,0.0,0.0,,,,,,,,,,,,,,,,,0.0,
58,445,3,One Day,Post,2022-02-15,15 Feb 2022,New Zealand Women VS India Women,11:00,22:00 GMT,2022-02-14,52,India Women,73,New Zealand Women,INDW,NZW,67,John Davies Oval,New Zealand Women Won by 3 Wickets ,India Women,India Women won the Toss and elected to bat, won the Toss and elected to bat,1,270/6 (50.0 Ov),273/7 (49.0 Ov),,2022-02-15T11:00:00,Queenstown,,,,,,,,260,475,0,108,73,New Zealand Women,,,,,52,India Women,Pacific/Auckland,15 Feb 2022,19:00,50,0,ODI,2.0,INDIA WOMEN TOUR OF NEW ZEALAND ODI SERIES 2022,Derek Walker,John Dempsey,,New Zealand Women Won by 3 Wickets ,https://scores.bcci.tv/matchcentre/teamlogos/india.png,https://scores.bcci.tv/matchcentre/teamlogos/new_zealand.png,https://scores.bcci.tv/matchcentre/teamlogos/new_zealand.png,https://scores.bcci.tv/matchcentre/teamlogos/india.png,0,+9.5,2022-100mb00000000898-1f504c1f88be11,Jess Kerr,6,3,1,0,200.0,https://scores.bcci.tv/matchcentre/playerimages/Jess-Kerr.jpg,2022-100mb00000000899-40f4521488be11,Amelia Kerr,119,135,7,0,88.14,https://scores.bcci.tv/matchcentre/playerimages/Amelia-Kerr.jpg,45e022a459e64a3eb0391acc0db5efa,Harmanpreet Kaur,9.0,63,0,1,7.0,54.0,https://scores.bcci.tv/matchcentre/playerimages/Harmanpreet-Kaur.jpg,,,99.00,2,270/6 (50.0 Overs),270,6,50.0,5.4,273/7 (49.0 Overs),273,7,49.0,5.57,,,,,,,,,,,,,,,,,,,,,2,,,,,,,,,73,2nd  ODI,,,2.0,278,0.0,0.0,,,,,,,,,,,,,,,,,0.0,
58,446,3,One Day,Post,2022-02-18,18 Feb 2022,New Zealand Women VS India Women,11:00,22:00 GMT,2022-02-17,52,India Women,73,New Zealand Women,INDW,NZW,67,John Davies Oval,New Zealand Women Won by 3 Wickets ,New Zealand Women,New Zealand Women won the Toss and elected to Field, won the Toss and elected to Field,1,279/10 (49.3 Ov),280/7 (49.1 Ov),,2022-02-18T11:00:00,Queenstown,,,,,,,,477,475,476,108,73,New Zealand Women,,,,,52,India Women,Pacific/Auckland,18 Feb 2022,19:00,50,0,ODI,3.0,INDIA WOMEN TOUR OF NEW ZEALAND ODI SERIES 2022,Cory Black,John Dempsey,John Bromley,New Zealand Women Won by 3 Wickets ,https://scores.bcci.tv/matchcentre/teamlogos/india.png,https://scores.bcci.tv/matchcentre/teamlogos/new_zealand.png,https://scores.bcci.tv/matchcentre/teamlogos/new_zealand.png,https://scores.bcci.tv/matchcentre/teamlogos/india.png,0,+9.5,2022-100mb00000000893-97c12e8e88bd11,Lauren Down,64,52,6,2,123.07,https://scores.bcci.tv/matchcentre/playerimages/Lauren-Down.jpg,2022-100mb00000000900-5c0517e888be11,Frances Mackay,17,12,2,0,141.66,https://scores.bcci.tv/matchcentre/playerimages/Frankie-Mackay.jpg,934e9959231c4ca3b118005cdbee4e8,Deepti Sharma,9.1,57,0,1,6.22,55.0,https://scores.bcci.tv/matchcentre/playerimages/Deepti-Sharma.jpg,,,100,2,279/10 (49.3 Overs),279,10,49.3,5.64,280/7 (49.1 Overs),280,7,49.1,5.69,,,,,,,,,,,,,,,,,,,,,2,,,,,,,,,73,3rd  ODI,,,3.0,284,0.0,0.0,,,,,,,,,,,,,,,,,0.0,
58,447,3,One Day,Post,2022-02-22,22 Feb 2022,New Zealand Women VS India Women,11:00,22:00 GMT,2022-02-21,73,New Zealand Women,52,India Women,NZW,INDW,67,John Davies Oval,New Zealand Women Won by 63 Runs ,India Women,India Women won the Toss and elected to Field, won the Toss and elected to Field,1,191/5 (20.0 Ov),128/10 (17.5 Ov),,2022-02-22T11:00:00,Queenstown,,,,,,,,260,476,475,111,73,New Zealand Women,,,,,52,India Women,Pacific/Auckland,22 Feb 2022,19:00,20,0,ODI,4.0,INDIA WOMEN TOUR OF NEW ZEALAND ODI SERIES 2022,Derek Walker,John Bromley,John Dempsey,New Zealand Women Won by 63 Runs ,https://scores.bcci.tv/matchcentre/teamlogos/new_zealand.png,https://scores.bcci.tv/matchcentre/teamlogos/india.png,https://scores.bcci.tv/matchcentre/teamlogos/new_zealand.png,https://scores.bcci.tv/matchcentre/teamlogos/india.png,0,+9.5,f14090f3a8594d77898d01ccf59bdec,Rajeshwari Gayakwad,4,3,1,0,133.33,https://scores.bcci.tv/matchcentre/playerimages/Rajeshwari-Gayakwad.jpg,2022-100mb00000000886-de269f4788b811,Meghna Singh,0,0,0,0,0.0,https://scores.bcci.tv/matchcentre/playerimages/Meghna-Singh.jpg,2022-100mb00000000899-40f4521488be11,Amelia Kerr,3.5,30,0,3,7.83,7.66,https://scores.bcci.tv/matchcentre/playerimages/Amelia-Kerr.jpg,,,100,2,191/5 (20.0 Overs),191,5,20.0,9.55,128/10 (17.5 Overs),128,10,17.5,7.18,,,,,,,,,,,,,,,,,,,,,2,,,,,,,,,73,4th  ODI,,,4.0,143,0.0,0.0,,,,,,,,,,,,,,,,,0.0,
58,448,3,One Day,Post,2022-02-24,24 Feb 2022,New Zealand Women VS India Women,11:00,22:00 GMT,2022-02-23,73,New Zealand Women,52,India Women,NZW,INDW,67,John Davies Oval,India Women Won by 6  Wickets ,New Zealand Women,New Zealand Women won the Toss and elected to bat, won the Toss and elected to bat,0,251/9 (50.0 Ov),255/4 (46.0 Ov),,2022-02-24T11:00:00,Queenstown,,,,,,,,260,475,476,111,73,New Zealand Women,,,,,52,India Women,Pacific/Auckland,24 Feb 2022,19:00,50,0,ODI,5.0,INDIA WOMEN TOUR OF NEW ZEALAND ODI SERIES 2022,Derek Walker,John Dempsey,John Bromley,India Women Won by 6  Wickets ,https://scores.bcci.tv/matchcentre/teamlogos/new_zealand.png,https://scores.bcci.tv/matchcentre/teamlogos/india.png,https://scores.bcci.tv/matchcentre/teamlogos/new_zealand.png,https://scores.bcci.tv/matchcentre/teamlogos/india.png,0,+9.5,2019-100mb00000000302-3a0e8c967aea11,Mithali Raj,57,66,6,0,86.36,https://scores.bcci.tv/matchcentre/playerimages/Mithali-Raj.jpg,20200f9bf4944bce11ea9b3802322e7,Richa Ghosh,7,8,1,0,87.5,https://scores.bcci.tv/matchcentre/playerimages/Richa-Ghosh.jpg,2022-100mb00000000900-5c0517e888be11,Frances Mackay,10.0,50,0,0,5.0,0.0,https://scores.bcci.tv/matchcentre/playerimages/Frankie-Mackay.jpg,,,100,2,251/9 (50.0 Overs),251,9,50.0,5.02,255/4 (46.0 Overs),255,4,46.0,5.54,,,,,,,,,,,,,,,,,,,,,2,,,,,,,,,52,5th  ODI,,,5.0,277,0.0,0.0,,,,,,,,,,,,,,,,,0.0,
59,449,1,One Day D/N,Post,2022-03-06,6 Mar 2022,Pakistan Women VS India Women,14:00,01:00 GMT,2022-03-06,52,India Women,74,Pakistan Women,INDW,PAKW,45,Bay Oval,India Women Won by 107  Runs ,India Women,India Women won the Toss and elected to bat, won the Toss and elected to bat,1,244/7 (50.0 Ov),137/10 (43.0 Ov),,2022-03-06T14:00:00,Mount Maunganui,,,,,,,,61,479,90,114,74,Pakistan Women,,,,,52,India Women,Pacific/Auckland,6 Mar 2022,23:00,50,0,ODI,1.0,ICC WOMENS WORLD CUP 2022,Alex Wharf,Sue Redfern,Sharfuddoula,India Women Won by 107  Runs ,https://scores.bcci.tv/matchcentre/teamlogos/india.png,https://scores.bcci.tv/matchcentre/teamlogos/pakistan.png?v=1,https://scores.bcci.tv/matchcentre/teamlogos/pakistan.png?v=1,https://scores.bcci.tv/matchcentre/teamlogos/india.png,0,+9.5,2022-100mb00000000928-58e5fe0199ee11,Diana Baig,24,35,2,0,68.57,,2022-100mb00000000927-1e3ec2ca99ee11,Anam Amin,5,10,0,0,50.0,,2022-100mb00000000886-de269f4788b811,Meghna Singh,7.0,21,3,1,3.0,42.0,https://scores.bcci.tv/matchcentre/playerimages/Meghna-Singh.jpg,,,100,2,244/7 (50.0 Overs),244,7,50.0,4.88,137/10 (43.0 Overs),137,10,43.0,3.19,,,,,,,,,,,,,,,,,,,,,2,,,,,,,,,52,,,,1.0,159,0.0,0.0,,,,,,,,,,,,,,,,,0.0,
59,450,1,One Day D/N,Post,2022-03-10,10 Mar 2022,New Zealand Women VS India Women,14:00,01:00 GMT,2022-03-10,73,New Zealand Women,52,India Women,NZW,INDW,8,Seddon Park,New Zealand Women Won by 62  Runs ,India Women,India Women won the Toss and elected to Field, won the Toss and elected to Field,1,260/9 (50.0 Ov),198/10 (46.4 Ov),,2022-03-10T14:00:00,Hamilton,,,,,,,,246,479,480,114,73,New Zealand Women,,,,,52,India Women,Pacific/Auckland,10 Mar 2022,23:00,50,0,ODI,2.0,ICC WOMENS WORLD CUP 2022,Ruchira Palliyaguruge,Sue Redfern,Lauren Agenbag,New Zealand Women Won by 62  Runs ,https://scores.bcci.tv/matchcentre/teamlogos/new_zealand.png,https://scores.bcci.tv/matchcentre/teamlogos/india.png,https://scores.bcci.tv/matchcentre/teamlogos/new_zealand.png,https://scores.bcci.tv/matchcentre/teamlogos/india.png,0,+9.5,f14090f3a8594d77898d01ccf59bdec,Rajeshwari Gayakwad,0,1,0,0,0.0,https://scores.bcci.tv/matchcentre/playerimages/Rajeshwari-Gayakwad.jpg,2022-100mb00000000886-de269f4788b811,Meghna Singh,12,9,2,0,133.33,https://scores.bcci.tv/matchcentre/playerimages/Meghna-Singh.jpg,2022-100mb00000000896-e89cc2ba88bd11,Hayley Jensen,6.4,30,0,2,4.5,20.0,https://scores.bcci.tv/matchcentre/playerimages/Hayley-Jensen.jpg,,,96.67,2,260/9 (50.0 Overs),260,9,50.0,5.2,198/10 (46.4 Overs),198,10,46.4,4.24,,,,,,,,,,,,,,,,,,,,,2,,,,,,,,,73,,,,2.0,212,0.0,0.0,,,,,,,,,,,,,,,,,0.0,
59,451,1,One Day D/N,Post,2022-03-12,12 Mar 2022,West Indies Women VS India Women,14:00,01:00 GMT,2022-03-12,52,India Women,75,West Indies Women,INDW,WIW,8,Seddon Park,India Women Won by 155 Runs ,India Women,India Women won the Toss and elected to bat, won the Toss and elected to bat,1,317/8 (50.0 Ov),162/10 (40.3 Ov),,2022-03-12T14:00:00,Hamilton,,,,,,,,481,22,410,115,75,West Indies Women,,,,,52,India Women,Pacific/Auckland,12 Mar 2022,23:00,50,0,ODI,3.0,ICC WOMENS WORLD CUP 2022,Eloise Sheridan,Paul Wilson,Ahmed Shah Pakteen,India Women Won by 155 Runs ,https://scores.bcci.tv/matchcentre/teamlogos/india.png,https://scores.bcci.tv/matchcentre/teamlogos/windies.png,https://scores.bcci.tv/matchcentre/teamlogos/windies.png,https://scores.bcci.tv/matchcentre/teamlogos/india.png,0,+9.5,2022-100mb00000000912-a613634399e511,Shamilia Connell,0,7,0,0,0.0,https://scores.bcci.tv/matchcentre/playerimages/J7dMcuSTOh1676270929912.png,2022-100mb00000000921-114c771999e711,Shakera Selman,7,21,0,0,33.33,https://scores.bcci.tv/matchcentre/playerimages/v7HrYEdTQd1674130818921.png,2022-100mb00000000887-2bd71c2988b911,Sneh Rana,9.3,22,1,3,2.32,19.0,https://scores.iplt20.com/ipl/playerimages/Sneh-Rana.jpg,,,100,2,317/8 (50.0 Overs),317,8,50.0,6.34,162/10 (40.3 Overs),162,10,40.3,4,,,,,,,,,,,,,,,,,,,,,2,,,,,,,,,52,,,,3.0,200,0.0,0.0,,,,,,,,,,,,,,,,,0.0,
59,452,1,One Day D/N,Post,2022-03-16,16 Mar 2022,England Women VS India Women,14:00,01:00 GMT,2022-03-16,52,India Women,53,England Women,INDW,ENGW,45,Bay Oval,England Women Won by 4 Wickets ,England Women,England Women won the Toss and elected to Field, won the Toss and elected to Field,1,134/10 (36.2 Ov),136/6 (31.2 Ov),,2022-03-16T14:00:00,Mount Maunganui,,,,,,,,471,22,196,108,53,England Women,,,,,52,India Women,Pacific/Auckland,16 Mar 2022,23:00,50,0,ODI,4.0,ICC WOMENS WORLD CUP 2022,Kim Cotton,Paul Wilson,Claire Polosak,England Women Won by 4 Wickets ,https://scores.bcci.tv/matchcentre/teamlogos/india.png,https://scores.bcci.tv/matchcentre/teamlogos/england.png?v=1,https://scores.bcci.tv/matchcentre/teamlogos/england.png?v=1,https://scores.bcci.tv/matchcentre/teamlogos/india.png,0,+9.5,c275f649a3e649cc97dbebd498171c8,Sophie Ecclestone,5,6,1,0,83.33,https://scores.bcci.tv/matchcentre/playerimages/Cpu5O8wfpt1662737336406.png,4d9ba70bfd9743669ad21842b533e62,Heather Knight,53,72,8,0,73.61,,2022-100mb00000000886-de269f4788b811,Meghna Singh,7.2,26,3,3,3.55,14.66,https://scores.bcci.tv/matchcentre/playerimages/Meghna-Singh.jpg,,,81.33,2,134/10 (36.2 Overs),134,10,36.2,3.69,136/6 (31.2 Overs),136,6,31.2,4.34,,,,,,,,,,,,,,,,,,,,,2,,,,,,,,,53,,,,4.0,217,0.0,0.0,,,,,,,,,,,,,,,,,0.0,
59,453,1,One Day D/N,Post,2022-03-19,19 Mar 2022,India Women VS Australia Women,14:00,01:00 GMT,2022-03-19,52,India Women,55,Australia Women,INDW,AUSW,10,Eden Park,Australia Women Won by 6  Wickets ,Australia Women,Australia Women won the Toss and elected to Field, won the Toss and elected to Field,1,277/7 (50.0 Ov),280/4 (49.3 Ov),,2022-03-19T14:00:00,Auckland,,,,,,,,480,90,246,114,52,India Women,,,,,55,Australia Women,Pacific/Auckland,19 Mar 2022,23:00,50,0,ODI,5.0,ICC WOMENS WORLD CUP 2022,Lauren Agenbag,Sharfuddoula,Ruchira Palliyaguruge,Australia Women Won by 6  Wickets ,https://scores.bcci.tv/matchcentre/teamlogos/india.png,https://scores.bcci.tv/matchcentre/teamlogos/aus.png?v=6,https://scores.bcci.tv/matchcentre/teamlogos/india.png,https://scores.bcci.tv/matchcentre/teamlogos/aus.png?v=6,0,+9.5,90c5749aaac341cd9758a32096fca5c,Beth Mooney,30,20,4,0,150.0,,2022-100mb00000000968-0f3b7a899a1511,Tahlia McGrath,0,2,0,0,0.0,,2022-100mb00000000889-117ce4d488bd11,Jhulan Goswami,9.3,64,0,0,6.74,0.0,https://scores.bcci.tv/matchcentre/playerimages/Jhulan-Goswami.jpg,,,99.67,2,277/7 (50.0 Overs),277,7,50.0,5.54,280/4 (49.3 Overs),280,4,49.3,5.64,,,,,,,,,,,,,,,,,,,,,2,,,,,,,,,55,,,,5.0,282,0.0,0.0,,,,,,,,,,,,,,,,,0.0,
59,454,1,One Day D/N,Post,2022-03-22,22 Mar 2022,India Women VS Bangladesh Women,14:00,01:00 GMT,2022-03-22,52,India Women,76,Bangladesh Women,INDW,BANW,8,Seddon Park,India Women Won by 110  Runs ,India Women,India Women won the Toss and elected to bat, won the Toss and elected to bat,1,229/7 (50.0 Ov),119/10 (40.3 Ov),,2022-03-22T14:00:00,Hamilton,,,,,,,,196,429,481,108,52,India Women,,,,,76,Bangladesh Women,Pacific/Auckland,22 Mar 2022,23:00,50,0,ODI,6.0,ICC WOMENS WORLD CUP 2022,Claire Polosak,Langton Rusere,Eloise Sheridan,India Women Won by 110  Runs ,https://scores.bcci.tv/matchcentre/teamlogos/india.png,https://scores.bcci.tv/matchcentre/teamlogos/bng.png,https://scores.bcci.tv/matchcentre/teamlogos/india.png,https://scores.bcci.tv/matchcentre/teamlogos/bng.png,0,+9.5,2022-100mb00000000959-826ad4a89a0911,Ritu Moni,16,36,1,0,44.44,,2022-100mb00000000954-135b63ad9a0711,Jahanara Alam,11,11,2,0,100.0,,2022-100mb00000000889-117ce4d488bd11,Jhulan Goswami,7.3,19,1,2,2.53,22.5,https://scores.bcci.tv/matchcentre/playerimages/Jhulan-Goswami.jpg,,,90.50,2,229/7 (50.0 Overs),229,7,50.0,4.58,119/10 (40.3 Overs),119,10,40.3,2.94,,,,,,,,,,,,,,,,,,,,,2,,,,,,,,,52,,,,6.0,147,0.0,0.0,,,,,,,,,,,,,,,,,0.0,
59,455,1,One Day D/N,Post,2022-03-27,27 Mar 2022,India Women VS South Africa Women,14:00,01:00 GMT,2022-03-27,52,India Women,54,South Africa Women,INDW,SAW,47,Hagley Oval,South Africa Women Won by 3  Wickets ,India Women,India Women won the Toss and elected to bat, won the Toss and elected to bat,0,274/7 (50.0 Ov),275/7 (50.0 Ov),,2022-03-27T14:00:00,Christchurch ,,,,,,,,6,90,429,0,52,India Women,,,,,54,South Africa Women,Pacific/Auckland,27 Mar 2022,23:00,50,0,ODI,7.0,ICC WOMENS WORLD CUP 2022,Jacqueline Williams,Sharfuddoula,Langton Rusere,South Africa Women Won by 3  Wickets ,https://scores.bcci.tv/matchcentre/teamlogos/india.png,https://scores.bcci.tv/matchcentre/teamlogos/south_afica.png?v=2,https://scores.bcci.tv/matchcentre/teamlogos/india.png,https://scores.bcci.tv/matchcentre/teamlogos/south_afica.png?v=2,0,+9.5,,,0,0,0,0,0.0,,,,0,0,0,0,0.0,,,,0,0,0,0,0.0,0.0,,,,,2,274/7 (50.0 Overs),274,7,50.0,5.48,275/7 (50.0 Overs),275,7,50.0,5.5,,,,,,,,,,,,,,,,,,,,,2,,,,,,,,,54,,,,7.0,275,0.0,0.0,,,,,,,,,,,,,,,,,0.0,
66,546,2,T20,Post,2022-06-23,23 Jun 2022,Sri Lanka Women VS India Women,14:00,08:30 GMT,2022-06-23,52,India Women,83,Sri Lanka Women,INDW,SLW,72,Rangiri Dambulla International Stadium,India Women Won by 34    Runs ,India Women,India Women won the Toss and elected to bat, won the Toss and elected to bat,1,138/6 (20.0 Ov),104/5 (20.0 Ov),,2022-06-23T14:00:00,Dambulla,,,,,,,,486,487,62,107,83,Sri Lanka Women,,,,,52,India Women,Asia/Kolkata,23 Jun 2022,17:30,20,0,T20,1.0,INDIA WOMEN TOUR OF SRI LANKA T20 SERIES 2022,Deepal Gunawardene,Susantha Dissanayake,Ranmore Martinesz,India Women Won by 34    Runs ,https://scores.bcci.tv/matchcentre/teamlogos/india.png,https://scores.bcci.tv/matchcentre/teamlogos/srilanka.png?v=2,https://scores.bcci.tv/matchcentre/teamlogos/srilanka.png?v=2,https://scores.bcci.tv/matchcentre/teamlogos/india.png,0,+9.5,2022-100mb00000001198-6418e451f0a711,Kavisha Dilhari,47,49,6,0,95.91,https://scores.bcci.tv/matchcentre/playerimages/KAVISHA-DILHARI.png,2022-100mb00000001210-a00d1c36f0aa11,Anushka Sanjeewani,10,8,1,0,125.0,https://scores.bcci.tv/matchcentre/playerimages/ANUSHKA-SANJEEWANI.png,2022-100mb00000000888-48b089d388b911,Renuka Singh,4.0,25,0,0,6.25,0.0,https://scores.bcci.tv/matchcentre/playerimages/Renuka-Singh.jpg,,,99.58,2,138/6 (20.0 Overs),138,6,20.0,6.9,104/5 (20.0 Overs),104,5,20.0,5.2,,,,,,,,,,,,,,,,,,,,,2,,,,,,,,,52,1st T20I,,,1.0,104,0.0,0.0,,,,,,,,,,,,,,,,,0.0,
66,547,2,T20,Post,2022-06-25,25 Jun 2022,Sri Lanka Women VS India Women,14:00,08:30 GMT,2022-06-25,83,Sri Lanka Women,52,India Women,SLW,INDW,72,Rangiri Dambulla International Stadium,India Women Won by 5  Wickets ,Sri Lanka Women,Sri Lanka Women won the Toss and elected to bat, won the Toss and elected to bat,1,125/7 (20.0 Ov),127/5 (19.1 Ov),,2022-06-25T14:00:00,Dambulla,,,,,,,,486,62,487,107,83,Sri Lanka Women,,,,,52,India Women,Asia/Kolkata,25 Jun 2022,17:30,20,0,T20,2.0,INDIA WOMEN TOUR OF SRI LANKA T20 SERIES 2022,Deepal Gunawardene,Ranmore Martinesz,Susantha Dissanayake,India Women Won by 5  Wickets ,https://scores.bcci.tv/matchcentre/teamlogos/srilanka.png?v=2,https://scores.bcci.tv/matchcentre/teamlogos/india.png,https://scores.bcci.tv/matchcentre/teamlogos/srilanka.png?v=2,https://scores.bcci.tv/matchcentre/teamlogos/india.png,0,+9.5,45e022a459e64a3eb0391acc0db5efa,Harmanpreet Kaur,31,32,2,0,96.87,https://scores.bcci.tv/matchcentre/playerimages/Harmanpreet-Kaur.jpg,934e9959231c4ca3b118005cdbee4e8,Deepti Sharma,5,5,0,0,100.0,https://scores.bcci.tv/matchcentre/playerimages/Deepti-Sharma.jpg,2022-100mb00000001198-6418e451f0a711,Kavisha Dilhari,3.1,17,0,0,5.37,0.0,https://scores.bcci.tv/matchcentre/playerimages/KAVISHA-DILHARI.png,,,97.92,2,125/7 (20.0 Overs),125,7,20.0,6.25,127/5 (19.1 Overs),127,5,19.1,6.63,,,,,,,,,,,,,,,,,,,,,2,,,,,,,,,52,2nd  T20I,,,2.0,132,0.0,0.0,,,,,,,,,,,,,,,,,0.0,
66,548,2,T20,Post,2022-06-27,27 Jun 2022,Sri Lanka Women VS India Women,14:00,08:30 GMT,2022-06-27,52,India Women,83,Sri Lanka Women,INDW,SLW,72,Rangiri Dambulla International Stadium,Sri Lanka Women Won by 7 Wickets ,India Women,India Women won the Toss and elected to bat, won the Toss and elected to bat,0,138/5 (20.0 Ov),141/3 (17.0 Ov),,2022-06-27T14:00:00,Dambulla,,,,,,,,62,487,486,107,83,Sri Lanka Women,,,,,52,India Women,Asia/Kolkata,27 Jun 2022,17:30,20,0,T20,3.0,INDIA WOMEN TOUR OF SRI LANKA T20 SERIES 2022,Ranmore Martinesz,Susantha Dissanayake,Deepal Gunawardene,Sri Lanka Women Won by 7 Wickets ,https://scores.bcci.tv/matchcentre/teamlogos/india.png,https://scores.bcci.tv/matchcentre/teamlogos/srilanka.png?v=2,https://scores.bcci.tv/matchcentre/teamlogos/srilanka.png?v=2,https://scores.bcci.tv/matchcentre/teamlogos/india.png,0,+9.5,2022-100mb00000001196-20d0dd30f0a711,Chamari Athapaththu,80,48,14,1,166.66,https://scores.bcci.tv/matchcentre/playerimages/CHAMARI-ATHAPATHTHU.png,2022-100mb00000001198-6418e451f0a711,Kavisha Dilhari,7,7,0,0,100.0,https://scores.bcci.tv/matchcentre/playerimages/KAVISHA-DILHARI.png,4e78f2e8c4854e419aedda1321ac7ad,Radha Yadav,4.0,41,0,1,10.25,24.0,https://scores.bcci.tv/matchcentre/playerimages/RADHA-YADAV.png,,,92.50,2,138/5 (20.0 Overs),138,5,20.0,6.9,141/3 (17.0 Overs),141,3,17.0,8.29,,,,,,,,,,,,,,,,,,,,,2,,,,,,,,,83,3rd  T20I,,,3.0,165,0.0,0.0,,,,,,,,,,,,,,,,,0.0,
67,549,3,One Day,Post,2022-07-01,1 Jul 2022,Sri Lanka Women VS India Women,10:00,04:30 GMT,2022-07-01,83,Sri Lanka Women,52,India Women,SLW,INDW,64,Pallekele International Cricket Stadium,India Women Won by 4  Wickets ,Sri Lanka Women,Sri Lanka Women won the Toss and elected to bat, won the Toss and elected to bat,1,171/10 (48.2 Ov),176/6 (38.0 Ov),,2022-07-01T10:00:00,Pallekele,,,,,,,,364,62,128,107,83,Sri Lanka Women,,,,,52,India Women,Asia/Kolkata,1 Jul 2022,17:00,50,0,ODI,1.0,INDIA WOMEN TOUR OF SRI LANKA ODI SERIES 2022,Prageeth Rambukwella,Ranmore Martinesz,Lyndon Hannibal,India Women Won by 4  Wickets ,https://scores.bcci.tv/matchcentre/teamlogos/srilanka.png?v=2,https://scores.bcci.tv/matchcentre/teamlogos/india.png,https://scores.bcci.tv/matchcentre/teamlogos/srilanka.png?v=2,https://scores.bcci.tv/matchcentre/teamlogos/india.png,0,+9.5,1c321bd6cf754f6aa8f13a0f49c469d,Pooja Vastrakar,21,19,0,2,110.52,https://scores.bcci.tv/matchcentre/playerimages/Pooja-Vastrakar.jpg,934e9959231c4ca3b118005cdbee4e8,Deepti Sharma,22,41,0,0,53.65,https://scores.bcci.tv/matchcentre/playerimages/Deepti-Sharma.jpg,2022-100mb00000001207-1983befcf0aa11,Oshadi Ranasinghe,8.0,34,1,2,4.25,24.0,https://scores.bcci.tv/matchcentre/playerimages/OSHADHI-RANASINGHE.png,,,100,2,171/10 (48.2 Overs),171,10,48.2,3.54,176/6 (38.0 Overs),176,6,38.0,4.63,,,,,,,,,,,,,,,,,,,,,2,,,,,,,,,52,1st ODI,,,1.0,231,0.0,0.0,,,,,,,,,,,,,,,,,0.0,
67,550,3,One Day,Post,2022-07-04,4 Jul 2022,Sri Lanka Women VS India Women,10:00,04:30 GMT,2022-07-04,83,Sri Lanka Women,52,India Women,SLW,INDW,64,Pallekele International Cricket Stadium,India Women Won by 10  Wickets ,India Women,India Women won the Toss and elected to Field, won the Toss and elected to Field,1,173/10 (50.0 Ov),174/0 (25.4 Ov),,2022-07-04T10:00:00,Pallekele,,,,,,,,364,128,62,107,83,Sri Lanka Women,,,,,52,India Women,Asia/Kolkata,4 Jul 2022,17:00,50,0,ODI,2.0,INDIA WOMEN TOUR OF SRI LANKA ODI SERIES 2022,Prageeth Rambukwella,Lyndon Hannibal,Ranmore Martinesz,India Women Won by 10  Wickets ,https://scores.bcci.tv/matchcentre/teamlogos/srilanka.png?v=2,https://scores.bcci.tv/matchcentre/teamlogos/india.png,https://scores.bcci.tv/matchcentre/teamlogos/srilanka.png?v=2,https://scores.bcci.tv/matchcentre/teamlogos/india.png,0,+9.5,20196b991076ecad11e9ab5002322e7,Shafali Verma,71,71,4,1,100.0,https://scores.bcci.tv/matchcentre/playerimages/rxPrpcXeCd1673710505398.png,5e06fdb22a3c493093228705309b237,Smriti Mandhana,94,83,11,1,113.25,https://scores.bcci.tv/matchcentre/playerimages/Smriti-Mandhana.jpg,2022-100mb00000001200-a7255547f0a711,Ama Kanchana,3.4,33,0,0,9.0,0.0,https://scores.bcci.tv/matchcentre/playerimages/AMA-KANCHANA.png,,,100,2,173/10 (50.0 Overs),173,10,50.0,3.46,174/0 (25.4 Overs),174,0,25.4,6.78,,,,,,,,,,,,,,,,,,,,,2,,,,,,,,,52,2nd  ODI,,,2.0,339,0.0,0.0,,,,,,,,,,,,,,,,,0.0,
67,551,3,One Day,Post,2022-07-07,7 Jul 2022,Sri Lanka Women VS India Women,10:00,04:30 GMT,2022-07-07,52,India Women,83,Sri Lanka Women,INDW,SLW,64,Pallekele International Cricket Stadium,India Women Won by 39  Runs ,Sri Lanka Women,Sri Lanka Women won the Toss and elected to Field, won the Toss and elected to Field,0,255/9 (50.0 Ov),216/10 (47.3 Ov),,2022-07-07T10:00:00,Pallekele,,,,,,,,460,246,364,107,83,Sri Lanka Women,,,,,52,India Women,Asia/Kolkata,7 Jul 2022,17:00,50,0,ODI,3.0,INDIA WOMEN TOUR OF SRI LANKA ODI SERIES 2022,Raveendra Wimalasiri,Ruchira Palliyaguruge,Prageeth Rambukwella,India Women Won by 39  Runs ,https://scores.bcci.tv/matchcentre/teamlogos/india.png,https://scores.bcci.tv/matchcentre/teamlogos/srilanka.png?v=2,https://scores.bcci.tv/matchcentre/teamlogos/srilanka.png?v=2,https://scores.bcci.tv/matchcentre/teamlogos/india.png,0,+9.5,2022-100mb00000001208-52ad8513f0aa11,Inoka Ranaweera,10,24,1,0,41.66,https://scores.bcci.tv/matchcentre/playerimages/INOKA-RANAWEERA.png,2022-100mb00000001197-4ce6dc64f0a711,Nilakshi De Silva,48,59,2,1,81.35,https://scores.bcci.tv/matchcentre/playerimages/NILAKSHI-DE-SILVA.png,934e9959231c4ca3b118005cdbee4e8,Deepti Sharma,8.3,47,0,1,5.53,51.0,https://scores.bcci.tv/matchcentre/playerimages/Deepti-Sharma.jpg,,,100,2,255/9 (50.0 Overs),255,9,50.0,5.1,216/10 (47.3 Overs),216,10,47.3,4.55,,,,,,,,,,,,,,,,,,,,,2,,,,,,,,,52,3rd  ODI,,,3.0,227,0.0,0.0,,,,,,,,,,,,,,,,,0.0,
75,598,2,T20,Post,2022-07-29,29 Jul 2022,India Women VS Australia Women,11:00,10:00 GMT,2022-07-29,52,India Women,55,Australia Women,INDW,AUSW,25,Edgbaston,Australia Women Won by 3 Wickets ,India Women,India Women won the Toss and elected to bat, won the Toss and elected to bat,1,154/8 (20.0 Ov),157/7 (19.0 Ov),,2022-07-29T11:00:00,Birmingham,,,,,,,,480,479,471,114,52,India Women,,,,,55,Australia Women,Europe/London,29 Jul 2022,15:30,20,0,T20,1.0,COMMONWEALTH GAMES WOMEN'S CRICKET 2022,Lauren Agenbag,Sue Redfern,Kim Cotton,Australia Women Won by 3 Wickets ,https://scores.bcci.tv/matchcentre/teamlogos/india.png,https://scores.bcci.tv/matchcentre/teamlogos/aus.png?v=6,https://scores.bcci.tv/matchcentre/teamlogos/india.png,https://scores.bcci.tv/matchcentre/teamlogos/aus.png?v=6,0,+9.5,2022-100mb00000000967-f66b248c9a1411,Alana King,18,16,3,0,112.5,,ca9fa0fd291c4c1a9da5e68ab50a354,Ashleigh Gardner,52,35,9,0,148.57,,934e9959231c4ca3b118005cdbee4e8,Deepti Sharma,4.0,24,0,2,6.0,12.0,https://scores.bcci.tv/matchcentre/playerimages/Deepti-Sharma.jpg,,,97.50,2,154/8 (20.0 Overs),154,8,20.0,7.7,157/7 (19.0 Overs),157,7,19.0,8.26,,,,,,,,,,,,,,,,,,,,,2,,,,,,,,,55,1st T20I,,,1.0,165,0.0,0.0,,,,,,,,,,,,,,,,,0.0,
75,599,2,T20,Post,2022-07-31,31 Jul 2022,India Women VS Pakistan Women,11:00,10:00 GMT,2022-07-31,74,Pakistan Women,52,India Women,PAKW,INDW,25,Edgbaston,India Women Won by 8 Wickets ,Pakistan Women,Pakistan Women won the Toss and elected to bat, won the Toss and elected to bat,1,99/10 (18.0 Ov),102/2 (11.4 Ov),,2022-07-31T11:00:00,Birmingham,,,,,,,,471,480,479,114,52,India Women,,,,,74,Pakistan Women,Europe/London,31 Jul 2022,16:00,18,0,T20,2.0,COMMONWEALTH GAMES WOMEN'S CRICKET 2022,Kim Cotton,Lauren Agenbag,Sue Redfern,India Women Won by 8 Wickets ,https://scores.bcci.tv/matchcentre/teamlogos/pakistan.png?v=1,https://scores.bcci.tv/matchcentre/teamlogos/india.png,https://scores.bcci.tv/matchcentre/teamlogos/india.png,https://scores.bcci.tv/matchcentre/teamlogos/pakistan.png?v=1,0,+9.5,5e06fdb22a3c493093228705309b237,Smriti Mandhana,63,42,8,3,150.0,https://scores.bcci.tv/matchcentre/playerimages/Smriti-Mandhana.jpg,4acef6b5a64744ecb8a987bf5c8b33b,Jemimah Rodrigues,2,3,0,0,66.66,https://scores.bcci.tv/matchcentre/playerimages/JEMIMAH-RODRIGUES.png,2022-100mb00000000929-7db3f04199ee11,Fatima Sana,2.4,21,0,0,7.88,0.0,,,,82.41,2,99/10 (18.0 Overs),99,10,18.0,5.5,102/2 (11.4 Overs),102,2,11.4,8.74,,,,,,,,,,,,,,,,,,,,,2,,,,,,,,,52,2nd  T20I,,,2.0,157,0.0,0.0,,,,,,,,,,,,,,,,,0.0,
75,600,2,T20,Post,2022-08-03,3 Aug 2022,India Women VS Barbados Women,18:00,17:00 GMT,2022-08-03,52,India Women,98,Barbados Women,INDW,BARW,25,Edgbaston,India Women Won by 100 Runs ,Barbados Women,Barbados Women won the Toss and elected to Field, won the Toss and elected to Field,1,162/4 (20.0 Ov),62/8 (20.0 Ov),,2022-08-03T18:00:00,Birmingham,,,,,,,,471,490,479,114,52,India Women,,,,,98,Barbados Women,Europe/London,3 Aug 2022,23:00,20,0,T20,3.0,COMMONWEALTH GAMES WOMEN'S CRICKET 2022,Kim Cotton,Shivani Mishra,Sue Redfern,India Women Won by 100 Runs ,https://scores.bcci.tv/matchcentre/teamlogos/india.png,https://scores.bcci.tv/matchcentre/teamlogos/xprJ4v2Ucs1658214299barbados.png,https://scores.bcci.tv/matchcentre/teamlogos/india.png,https://feeds-100mb.s3-ap-southeast-1.amazonaws.com/teamLogos/xprJ4v2Ucs1658214299barbados.png,0,+9.5,2022-100mb00000000912-a613634399e511,Shamilia Connell,2,10,0,0,20.0,https://scores.bcci.tv/matchcentre/playerimages/hRdPlHEPhX1674130690912.png,2022-100mb00000000921-114c771999e711,Shakera Selman,12,16,2,0,75.0,https://scores.bcci.tv/matchcentre/playerimages/v7HrYEdTQd1674130818921.png,45e022a459e64a3eb0391acc0db5efa,Harmanpreet Kaur,3.0,7,0,1,2.33,18.0,https://scores.bcci.tv/matchcentre/playerimages/Harmanpreet-Kaur.jpg,,,99.58,2,162/4 (20.0 Overs),162,4,20.0,8.1,62/8 (20.0 Overs),62,8,20.0,3.1,,,,,,,,,,,,,,,,,,,,,2,,,,,,,,,52,3rd  T20I,,,3.0,62,0.0,0.0,,,,,,,,,,,,,,,,,0.0,
75,632,2,T20,Post,2022-08-06,6 Aug 2022,England Women VS India Women,11:00,10:00 GMT,2022-08-06,52,India Women,53,England Women,INDW,ENGW,25,Edgbaston,India Women Won by 4 Runs ,India Women,India Women won the Toss and elected to bat, won the Toss and elected to bat,1,164/5 (20.0 Ov),160/6 (20.0 Ov),,2022-08-06T11:00:00,Birmingham,,,,,,,,481,471,196,114,53,England Women,,,,,52,India Women,Europe/London,6 Aug 2022,15:00,20,13,T20,4.0,COMMONWEALTH GAMES WOMEN'S CRICKET 2022,Eloise Sheridan,Kim Cotton,Claire Polosak,India Women Won by 4 Runs ,https://scores.bcci.tv/matchcentre/teamlogos/india.png,https://scores.bcci.tv/matchcentre/teamlogos/england.png?v=1,https://scores.bcci.tv/matchcentre/teamlogos/england.png?v=1,https://scores.bcci.tv/matchcentre/teamlogos/india.png,0,+9.5,c275f649a3e649cc97dbebd498171c8,Sophie Ecclestone,7,2,0,1,350.0,https://scores.bcci.tv/matchcentre/playerimages/Cpu5O8wfpt1662737336406.png,2022-100mb00000001332-b3f831f9147511,Maia Bouchier,4,5,0,0,80.0,https://scores.bcci.tv/matchcentre/playerimages/qETbwEFnQw16627372951332.png,2022-100mb00000000887-2bd71c2988b911,Sneh Rana,4.0,28,0,2,7.0,12.0,https://scores.bcci.tv/matchcentre/playerimages/Sneh-Rana.jpg,,,99.58,2,164/5 (20.0 Overs),164,5,20.0,8.2,160/6 (20.0 Overs),160,6,20.0,8,,,,,,,,,,,,,,,,,,,,,2,,,,,,,,,52,Semi Final,,,4.0,160,0.0,0.0,,,,,,,,,,,,,,,,,0.0,
75,633,5,T20 D/N,Post,2022-08-07,7 Aug 2022,India Women VS Australia Women,17:00,16:00 GMT,2022-08-07,55,Australia Women,52,India Women,AUSW,INDW,25,Edgbaston,Australia Women Won by 9 Runs ,Australia Women,Australia Women won the Toss and elected to bat, won the Toss and elected to bat,0,161/8 (20.0 Ov),152/10 (19.3 Ov),,2022-08-07T17:00:00,Birmingham,,,,,,,,6,471,479,114,52,India Women,,,,,55,Australia Women,Europe/London,7 Aug 2022,21:00,20,11,T20,5.0,COMMONWEALTH GAMES WOMEN'S CRICKET 2022,Jacqueline Williams,Kim Cotton,Sue Redfern,Australia Women Won by 9 Runs ,https://scores.bcci.tv/matchcentre/teamlogos/aus.png?v=6,https://scores.bcci.tv/matchcentre/teamlogos/india.png,https://scores.bcci.tv/matchcentre/teamlogos/india.png,https://scores.bcci.tv/matchcentre/teamlogos/aus.png?v=6,0,+9.5,2022-100mb00000000883-e90a644b88b411,Yastika Bhatia,2,5,0,0,40.0,https://scores.bcci.tv/matchcentre/playerimages/Yastika-Bhatia.jpg,2022-100mb00000000888-48b089d388b911,Renuka Singh,0,0,0,0,0.0,https://scores.bcci.tv/matchcentre/playerimages/Renuka-Singh.jpg,5b3a13648ab348628d3b44ee088ea2a,Jess Jonassen,3.3,21,0,1,6.0,21.0,,,,99.17,2,161/8 (20.0 Overs),161,8,20.0,8.05,152/10 (19.3 Overs),152,10,19.3,7.79,,,,,,,,,,,,,,,,,,,,,2,,,,,,,,,55,Final,,,5.0,155,0.0,0.0,,,,,,,,,,,,,,,,,0.0,
83,645,5,T20 D/N,Post,2022-09-10,10 Sep 2022,England Women VS India Women,19:00,18:00 GMT,2022-09-10,52,India Women,53,England Women,INDW,ENGW,31,Riverside Ground,England Women Won by 9  Wickets ,England Women,England Women won the Toss and elected to Field, won the Toss and elected to Field,1,132/7 (20.0 Ov),134/1 (13.0 Ov),,2022-09-10T19:00:00,Chester-le-Street,,,,,,,,131,493,479,0,53,England Women,,,,,52,India Women,Europe/Dublin,10 Sep 2022,23:00,20,0,T20,1.0,INDIA WOMEN TOUR OF ENGLAND T20 SERIES 2022,Paul Pollard,Jasmine Naeem,Sue Redfern,England Women Won by 9  Wickets ,https://scores.bcci.tv/matchcentre/teamlogos/india.png,https://scores.bcci.tv/matchcentre/teamlogos/england.png?v=1,https://scores.bcci.tv/matchcentre/teamlogos/england.png?v=1,https://scores.bcci.tv/matchcentre/teamlogos/india.png,0,+9.5,2022-100mb00000000944-90c673af99f511,Sophia Dunkley,61,44,8,1,138.63,https://scores.bcci.tv/matchcentre/playerimages/yZnRvv8fpu1662737325944.png,2022-100mb00000001333-c6497844147511,Alice Capsey,32,20,3,2,160.0,https://scores.bcci.tv/matchcentre/playerimages/qwFLQqJH0m16627371581333.png,2022-100mb00000000888-48b089d388b911,Renuka Singh,4.0,23,0,0,5.75,0.0,https://scores.bcci.tv/matchcentre/playerimages/Renuka-Singh.jpg,,,100,2,132/7 (20.0 Overs),132,7,20.0,6.6,134/1 (13.0 Overs),134,1,13.0,10.31,,,,,,,,,,,,,,,,,,,,,2,,,,,,,,,53,1st T20I,,,1.0,206,0.0,0.0,,,,,,,,,,,,,,,,,0.0,
83,646,5,T20 D/N,Post,2022-09-13,13 Sep 2022,England Women VS India Women,18:00,17:00 GMT,2022-09-13,53,England Women,52,India Women,ENGW,INDW,80,County Ground,India Women Won by 8 Wickets ,England Women,England Women won the Toss and elected to bat, won the Toss and elected to bat,1,142/6 (20.0 Ov),146/2 (16.4 Ov),,2022-09-13T18:00:00,Derby,,,,,,,,0,0,0,0,53,England Women,,,,,52,India Women,Europe/Dublin,13 Sep 2022,21:30,20,0,T20,2.0,INDIA WOMEN TOUR OF ENGLAND T20 SERIES 2022,,,,India Women Won by 8 Wickets ,https://scores.bcci.tv/matchcentre/teamlogos/england.png?v=1,https://scores.bcci.tv/matchcentre/teamlogos/india.png,https://scores.bcci.tv/matchcentre/teamlogos/england.png?v=1,https://scores.bcci.tv/matchcentre/teamlogos/india.png,0,+9.5,5e06fdb22a3c493093228705309b237,Smriti Mandhana,79,53,13,0,149.05,https://scores.bcci.tv/matchcentre/playerimages/Smriti-Mandhana.jpg,45e022a459e64a3eb0391acc0db5efa,Harmanpreet Kaur,29,22,4,0,131.81,https://scores.bcci.tv/matchcentre/playerimages/Harmanpreet-Kaur.jpg,20200b5e4c034bd111ea9b3802322e7,Freya Davies,3.4,30,0,1,8.18,22.0,https://scores.bcci.tv/matchcentre/playerimages/ilntuIFs011662737213415.png,,,91.67,2,142/6 (20.0 Overs),142,6,20.0,7.1,146/2 (16.4 Overs),146,2,16.4,8.76,,,,,,,,,,,,,,,,,,,,,2,,,,,,,,,52,2nd  T20I,,,2.0,175,0.0,0.0,,,,,,,,,,,,,,,,,0.0,
83,647,5,T20 D/N,Post,2022-09-15,15 Sep 2022,England Women VS India Women,18:30,17:30 GMT,2022-09-15,52,India Women,53,England Women,INDW,ENGW,22,County Ground,England Women Won by 7  Wickets ,England Women,England Women won the Toss and elected to Field, won the Toss and elected to Field,0,122/8 (20.0 Ov),126/3 (18.2 Ov),,2022-09-15T18:30:00,Bristol,,,,,,,,0,0,0,0,53,England Women,,,,,52,India Women,Europe/Dublin,15 Sep 2022,21:30,20,0,T20,3.0,INDIA WOMEN TOUR OF ENGLAND T20 SERIES 2022,,,,England Women Won by 7  Wickets ,https://scores.bcci.tv/matchcentre/teamlogos/india.png,https://scores.bcci.tv/matchcentre/teamlogos/england.png?v=1,https://scores.bcci.tv/matchcentre/teamlogos/england.png?v=1,https://scores.bcci.tv/matchcentre/teamlogos/india.png,0,+9.5,2022-100mb00000001333-c6497844147511,Alice Capsey,38,24,6,0,158.33,https://scores.bcci.tv/matchcentre/playerimages/qwFLQqJH0m16627371581333.png,2022-100mb00000001335-f575284c147511,Bryony Smith,13,14,1,0,92.85,https://scores.bcci.tv/matchcentre/playerimages/LdIgbLSBQc16627371711335.png,934e9959231c4ca3b118005cdbee4e8,Deepti Sharma,3.2,30,0,0,9.0,0.0,https://scores.bcci.tv/matchcentre/playerimages/Deepti-Sharma.jpg,,,95.83,2,122/8 (20.0 Overs),122,8,20.0,6.1,126/3 (18.2 Overs),126,3,18.2,6.87,,,,,,,,,,,,,,,,,,,,,2,,,,,,,,,53,3rd  T20I,,,3.0,137,0.0,0.0,,,,,,,,,,,,,,,,,0.0,
84,648,3,One Day,Post,2022-09-18,18 Sep 2022,England Women VS India Women,11:00,10:00 GMT,2022-09-18,53,England Women,52,India Women,ENGW,INDW,81,County Ground,India Women Won by 7  Wickets ,India Women,India Women won the Toss and elected to Field, won the Toss and elected to Field,1,227/7 (50.0 Ov),232/3 (44.2 Ov),,2022-09-18T11:00:00,Hove,,,,,,,,479,494,361,0,53,England Women,,,,,52,India Women,Europe/Dublin,18 Sep 2022,19:00,50,0,ODI,1.0,INDIA WOMEN TOUR OF ENGLAND ODI SERIES 2022,Sue Redfern,Anna Harris,Martin Saggers,India Women Won by 7  Wickets ,https://scores.bcci.tv/matchcentre/teamlogos/england.png?v=1,https://scores.bcci.tv/matchcentre/teamlogos/india.png,https://scores.bcci.tv/matchcentre/teamlogos/england.png?v=1,https://scores.bcci.tv/matchcentre/teamlogos/india.png,0,+9.5,45e022a459e64a3eb0391acc0db5efa,Harmanpreet Kaur,74,94,7,1,78.72,https://scores.bcci.tv/matchcentre/playerimages/Harmanpreet-Kaur.jpg,4adbec62885747c4af0d0e03ef78bfa,Harleen Deol,6,20,0,0,30.0,https://scores.bcci.tv/matchcentre/playerimages/HARLEEN-DEOL.png,2022-100mb00000001427-c361ac1136a111,Alice Davidson Richards,7.2,48,0,0,6.55,0.0,https://scores.bcci.tv/matchcentre/playerimages/bklQla9QGr16635759611427.png,,,94.33,2,227/7 (50.0 Overs),227,7,50.0,4.54,232/3 (44.2 Overs),232,3,44.2,5.23,,,,,,,,,,,,,,,,,,,,,2,,,,,,,,,52,1st ODI,,,1.0,261,0.0,0.0,,,,,,,,,,,,,,,,,0.0,
84,649,1,One Day D/N,Post,2022-09-21,21 Sep 2022,England Women VS India Women,13:00,12:00 GMT,2022-09-21,52,India Women,53,England Women,INDW,ENGW,82,St Lawrence Ground,India Women Won by 88 Runs ,England Women,England Women won the Toss and elected to Field, won the Toss and elected to Field,1,333/5 (50.0 Ov),245/10 (44.2 Ov),,2022-09-21T13:00:00,Canterbury,,,,,,,,19,494,479,0,53,England Women,,,,,52,India Women,Europe/Dublin,21 Sep 2022,21:00,50,0,ODI,2.0,INDIA WOMEN TOUR OF ENGLAND ODI SERIES 2022,Mike Burns,Anna Harris,Sue Redfern,India Women Won by 88 Runs ,https://scores.bcci.tv/matchcentre/teamlogos/india.png,https://scores.bcci.tv/matchcentre/teamlogos/england.png?v=1,https://scores.bcci.tv/matchcentre/teamlogos/england.png?v=1,https://scores.bcci.tv/matchcentre/teamlogos/india.png,0,+9.5,2022-100mb00000000943-5e52cc1999f511,Charlie Dean,37,44,3,0,84.09,https://scores.bcci.tv/matchcentre/playerimages/5KFtnXJjas1663575923943.png,2022-100mb00000001425-6e42c3962e8f11,Lauren Bell,11,16,1,0,68.75,https://scores.bcci.tv/matchcentre/playerimages/CJ9OnOwHUK16627372761425.png,2022-100mb00000001424-a2474aac286611,D Hemalatha,2.2,6,0,2,2.57,7.0,https://scores.bcci.tv/matchcentre/playerimages/awMzSUPdk116627921481424.png,,,100,2,333/5 (50.0 Overs),333,5,50.0,6.66,245/10 (44.2 Overs),245,10,44.2,5.53,,,,,,,,,,,,,,,,,,,,,2,,,,,,,,,52,2nd  ODI,,,2.0,276,0.0,0.0,,,,,,,,,,,,,,,,,0.0,
84,650,3,One Day,Post,2022-09-24,24 Sep 2022,England Women VS India Women,11:00,10:00 GMT,2022-09-24,52,India Women,53,England Women,INDW,ENGW,28,Lord's Cricket Ground,India Women Won by 16  Runs ,England Women,England Women won the Toss and elected to Field, won the Toss and elected to Field,0,169/10 (45.4 Ov),153/10 (43.3 Ov),,2022-09-24T11:00:00,London,,,,,,,,0,0,0,0,53,England Women,,,,,52,India Women,Europe/Dublin,24 Sep 2022,21:00,50,0,ODI,3.0,INDIA WOMEN TOUR OF ENGLAND ODI SERIES 2022,,,,India Women Won by 16  Runs ,https://scores.bcci.tv/matchcentre/teamlogos/india.png,https://scores.bcci.tv/matchcentre/teamlogos/england.png?v=1,https://scores.bcci.tv/matchcentre/teamlogos/england.png?v=1,https://scores.bcci.tv/matchcentre/teamlogos/india.png,0,+9.5,20200b5e4c034bd111ea9b3802322e7,Freya Davies,10,29,1,0,34.48,https://scores.bcci.tv/matchcentre/playerimages/ilntuIFs011662737213415.png,2022-100mb00000000943-5e52cc1999f511,Charlie Dean,47,80,5,0,58.75,https://scores.bcci.tv/matchcentre/playerimages/5KFtnXJjas1663575923943.png,934e9959231c4ca3b118005cdbee4e8,Deepti Sharma,7.3,24,0,1,3.2,45.0,https://scores.bcci.tv/matchcentre/playerimages/Deepti-Sharma.jpg,,,100,2,169/10 (45.4 Overs),169,10,45.4,3.7,153/10 (43.3 Overs),153,10,43.3,3.52,,,,,,,,,,,,,,,,,,,,,2,,,,,,,,,52,3rd  ODI,,,3.0,176,0.0,0.0,,,,,,,,,,,,,,,,,0.0,
86,679,2,T20,Post,2022-10-01,1 Oct 2022,India Women VS Sri Lanka Women,13:30,07:30 GMT,2022-10-01,52,India Women,83,Sri Lanka Women,INDW,SLW,84,Sylhet Outer Cricket Stadium,India Women Won by 41  Runs ,Sri Lanka Women,Sri Lanka Women won the Toss and elected to Field, won the Toss and elected to Field,1,150/6 (20.0 Ov),109/10 (18.2 Ov),,2022-10-01T13:30:00,Sylhet,,,,,,,,495,496,490,0,52,India Women,,,,,83,Sri Lanka Women,Asia/Dhaka,1 Oct 2022,16:30,20,0,T20,1.0,ASIA CUP WOMENS 2022,Nur Hijrah,Saleem Imtiaz,Shivani Mishra,India Women Won by 41  Runs ,https://scores.bcci.tv/matchcentre/teamlogos/india.png,https://scores.bcci.tv/matchcentre/teamlogos/srilanka.png?v=2,https://scores.bcci.tv/matchcentre/teamlogos/india.png,https://scores.bcci.tv/matchcentre/teamlogos/srilanka.png?v=2,0,+9.5,2022-100mb00000001202-3b424a1af0a911,Achini Kulasuriya,1,4,0,0,25.0,https://scores.bcci.tv/matchcentre/playerimages/ACHINI-KULASURIYA.png,2022-100mb00000001208-52ad8513f0aa11,Inoka Ranaweera,1,3,0,0,33.33,https://scores.bcci.tv/matchcentre/playerimages/INOKA-RANAWEERA.png,2022-100mb00000001424-a2474aac286611,D Hemalatha,2.2,15,0,3,6.43,4.66,https://scores.bcci.tv/matchcentre/playerimages/awMzSUPdk116627921481424.png,,,95.83,2,150/6 (20.0 Overs),150,6,20.0,7.5,109/10 (18.2 Overs),109,10,18.2,5.95,,,,,,,,,,,,,,,,,,,,,2,,,,,,,,,52,1st T20I,,,1.0,119,0.0,0.0,,,,,,,,,,,,,,,,,0.0,
86,680,2,T20,Post,2022-10-03,3 Oct 2022,India Women VS Malaysia Women,13:30,07:30 GMT,2022-10-03,52,India Women,90,Malaysia Women,INDW,MLW,84,Sylhet Outer Cricket Stadium,India Women Won by 30  Runs  (D/L Method) ,Malaysia Women,Malaysia Women won the Toss and elected to Field, won the Toss and elected to Field,1,181/4 (20.0 Ov),16/2 (5.2 Ov),,2022-10-03T13:30:00,Sylhet,,,,,,,,497,498,0,143,52,India Women,,,,,90,Malaysia Women,Asia/Dhaka,3 Oct 2022,16:30,20,0,T20,2.0,ASIA CUP WOMENS 2022,Hemangi Yerzal,Nimali Perera,,India Women Won by 30  Runs  (D/L Method) ,https://scores.bcci.tv/matchcentre/teamlogos/india.png,https://scores.bcci.tv/matchcentre/teamlogos/4oQr0VSR051663744043Malaysia Cricket Association.png,https://scores.bcci.tv/matchcentre/teamlogos/india.png,https://feeds-100mb.s3-ap-southeast-1.amazonaws.com/teamLogos/4oQr0VSR051663744043Malaysia Cricket Association.png,0,+9.5,2022-100mb00000001065-b4a91f47ed9911,Elsa Hunter,1,5,0,0,20.0,https://acc-matchcentre-noesis-spotsmechanics.s3.ap-south-1.amazonaws.com/playerimages/Elsa%20Hunter.png,2022-100mb00000001054-44a27392ed9611,Mas Elysa,14,17,3,0,82.35,https://acc-matchcentre-noesis-spotsmechanics.s3.ap-south-1.amazonaws.com/playerimages/Mas%20Elysa.png,2022-100mb00000000886-de269f4788b811,Meghna Singh,0.2,0,0,0,0.0,0.0,https://scores.bcci.tv/matchcentre/playerimages/Meghna-Singh.jpg,,,100,2,181/4 (20.0 Overs),181,4,20.0,9.05,16/2 (5.2 Overs),16,2,5.2,3,,,,,,,,,,,,,,,,,,,,,2,,,,,,,,,52,2nd  T20I,,,2.0,60,0.0,0.0,,,,,,,,,,,,,,,,,0.0,
86,681,2,T20,Post,2022-10-04,4 Oct 2022,India Women VS United Arab Emirates Women,13:30,07:30 GMT,2022-10-04,52,India Women,84,United Arab Emirates Women,INDW,UAEW,84,Sylhet Outer Cricket Stadium,India Women Won by 104  Runs ,India Women,India Women won the Toss and elected to bat, won the Toss and elected to bat,1,178/5 (20.0 Ov),74/4 (20.0 Ov),,2022-10-04T13:30:00,Sylhet,,,,,,,,499,490,498,143,52,India Women,,,,,84,United Arab Emirates Women,Asia/Dhaka,4 Oct 2022,16:30,20,0,T20,3.0,ASIA CUP WOMENS 2022,Humaira Farah,Shivani Mishra,Nimali Perera,India Women Won by 104  Runs ,https://scores.bcci.tv/matchcentre/teamlogos/india.png,https://scores.bcci.tv/matchcentre/teamlogos/1CSywLstce1663843058uae.png,https://scores.bcci.tv/matchcentre/teamlogos/india.png,https://feeds-100mb.s3-ap-southeast-1.amazonaws.com/teamLogos/1CSywLstce1663843058uae.png,0,+9.5,2022-100mb00000001156-fdc848f8ee0911,Kavisha Egodage,30,54,3,0,55.55,https://acc-matchcentre-noesis-spotsmechanics.s3.ap-south-1.amazonaws.com/playerimages/Kavisha%20Egodage.png,2022-100mb00000001153-ad784316ee0911,Chaya Mughal,6,7,1,0,85.71,https://acc-matchcentre-noesis-spotsmechanics.s3.ap-south-1.amazonaws.com/playerimages/Chaya%20Mughal.png,2022-100mb00000001424-a2474aac286611,D Hemalatha,3.0,8,0,1,2.67,18.0,https://scores.bcci.tv/matchcentre/playerimages/awMzSUPdk116627921481424.png,,,99.58,2,178/5 (20.0 Overs),178,5,20.0,8.9,74/4 (20.0 Overs),74,4,20.0,3.7,,,,,,,,,,,,,,,,,,,,,2,,,,,,,,,52,3rd  T20I,,,3.0,74,0.0,0.0,,,,,,,,,,,,,,,,,0.0,
86,682,2,T20,Post,2022-10-07,7 Oct 2022,India Women VS Pakistan Women,13:30,07:30 GMT,2022-10-07,74,Pakistan Women,52,India Women,PAKW,INDW,83,Sylhet International Cricket Stadium,Pakistan Women Won by 13  Runs ,Pakistan Women,Pakistan Women won the Toss and elected to bat, won the Toss and elected to bat,1,137/6 (20.0 Ov),124/10 (19.4 Ov),,2022-10-07T13:30:00,Sylhet,,,,,,,,500,497,0,143,52,India Women,,,,,74,Pakistan Women,Asia/Dhaka,7 Oct 2022,17:30,20,0,T20,4.0,ASIA CUP WOMENS 2022,Dedunu Silva,Hemangi Yerzal,,Pakistan Women Won by 13  Runs ,https://scores.bcci.tv/matchcentre/teamlogos/pakistan.png?v=1,https://scores.bcci.tv/matchcentre/teamlogos/india.png,https://scores.bcci.tv/matchcentre/teamlogos/india.png,https://scores.bcci.tv/matchcentre/teamlogos/pakistan.png?v=1,0,+9.5,f14090f3a8594d77898d01ccf59bdec,Rajeshwari Gayakwad,1,5,0,0,20.0,https://scores.bcci.tv/matchcentre/playerimages/Rajeshwari-Gayakwad.jpg,2022-100mb00000000888-48b089d388b911,Renuka Singh,2,2,0,0,100.0,https://scores.bcci.tv/matchcentre/playerimages/Renuka-Singh.jpg,2022-100mb00000000925-eb0b4c5999ed11,Aiman Anwer,3.4,14,0,1,3.82,22.0,,,,99.17,2,137/6 (20.0 Overs),137,6,20.0,6.85,124/10 (19.4 Overs),124,10,19.4,6.31,,,,,,,,,,,,,,,,,,,,,2,,,,,,,,,74,4th  T20I,,,4.0,126,0.0,0.0,,,,,,,,,,,,,,,,,0.0,
86,684,2,T20,Post,2022-10-08,8 Oct 2022,India Women VS Bangladesh Women,13:30,07:30 GMT,2022-10-08,52,India Women,76,Bangladesh Women,INDW,BANW,83,Sylhet International Cricket Stadium,India Women Won by 59  Runs ,India Women,India Women won the Toss and elected to bat, won the Toss and elected to bat,1,159/5 (20.0 Ov),100/7 (20.0 Ov),,2022-10-08T13:30:00,Sylhet,,,,,,,,498,496,0,143,52,India Women,,,,,76,Bangladesh Women,Asia/Dhaka,8 Oct 2022,17:30,20,0,T20,5.0,ASIA CUP WOMENS 2022,Nimali Perera,Saleem Imtiaz,,India Women Won by 59  Runs ,https://scores.bcci.tv/matchcentre/teamlogos/india.png,https://scores.bcci.tv/matchcentre/teamlogos/bng.png,https://scores.bcci.tv/matchcentre/teamlogos/india.png,https://scores.bcci.tv/matchcentre/teamlogos/bng.png,0,+9.5,4acef6b5a64744ecb8a987bf5c8b33b,Jemimah Rodrigues,35,24,4,0,145.83,https://scores.bcci.tv/matchcentre/playerimages/JEMIMAH-RODRIGUES.png,1c321bd6cf754f6aa8f13a0f49c469d,Pooja Vastrakar,1,1,0,0,100.0,https://scores.bcci.tv/matchcentre/playerimages/Pooja-Vastrakar.jpg,2022-100mb00000000961-168c5e329a0a11,Salma Khatun,3.0,16,0,1,5.33,18.0,,,,100,2,159/5 (20.0 Overs),159,5,20.0,7.95,100/7 (20.0 Overs),100,7,20.0,5,,,,,,,,,,,,,,,,,,,,,2,,,,,,,,,52,5th  T20I,,,5.0,100,0.0,0.0,,,,,,,,,,,,,,,,,0.0,
86,683,2,T20,Post,2022-10-10,10 Oct 2022,India Women VS Thailand Women,13:30,07:30 GMT,2022-10-10,108,Thailand Women,52,India Women,THAIW,INDW,83,Sylhet International Cricket Stadium,India Women Won by 9  Wickets ,India Women,India Women won the Toss and elected to Field, won the Toss and elected to Field,1,37/10 (15.1 Ov),40/1 (6.0 Ov),,2022-10-10T13:30:00,Sylhet,,,,,,,,500,495,490,143,52,India Women,,,,,108,Thailand Women,Asia/Dhaka,10 Oct 2022,18:00,20,0,T20,6.0,ASIA CUP WOMENS 2022,Dedunu Silva,Nur Hijrah,Shivani Mishra,India Women Won by 9  Wickets ,https://scores.bcci.tv/matchcentre/teamlogos/ceBNWzXNC61664687091Thailand.png,https://scores.bcci.tv/matchcentre/teamlogos/india.png,https://scores.bcci.tv/matchcentre/teamlogos/india.png,https://feeds-100mb.s3-ap-southeast-1.amazonaws.com/teamLogos/ceBNWzXNC61664687091Thailand.png,0,+9.5,1c321bd6cf754f6aa8f13a0f49c469d,Pooja Vastrakar,12,12,2,0,100.0,https://scores.bcci.tv/matchcentre/playerimages/Pooja-Vastrakar.jpg,2022-100mb00000000885-ae51cbd488b811,S Meghana,20,18,3,0,111.11,https://scores.bcci.tv/matchcentre/playerimages/Sabbineni-Meghana.jpg,2022-100mb00000001456-31a3c4973f1411,Thipatcha Putthawong,3.0,25,0,0,8.33,0.0,,,,65.00,2,37/10 (15.1 Overs),37,10,15.1,2.44,40/1 (6.0 Overs),40,1,6.0,6.67,,,,,,,,,,,,,,,,,,,,,2,,,,,,,,,52,6th  T20I,,,6.0,133,0.0,0.0,,,,,,,,,,,,,,,,,0.0,
86,690,2,T20,Post,2022-10-13,13 Oct 2022,India Women VS Thailand Women,09:00,03:00 GMT,2022-10-13,52,India Women,108,Thailand Women,INDW,THAIW,83,Sylhet International Cricket Stadium,India Women Won by 74  Runs ,Thailand Women,Thailand Women won the Toss and elected to Field, won the Toss and elected to Field,1,148/6 (20.0 Ov),74/9 (20.0 Ov),,2022-10-13T09:00:00,Sylhet,,,,,,,,500,496,498,143,52,India Women,,,,,108,Thailand Women,Asia/Dhaka,13 Oct 2022,13:00,20,0,T20,7.0,ASIA CUP WOMENS 2022,Dedunu Silva,Saleem Imtiaz,Nimali Perera,India Women Won by 74  Runs ,https://scores.bcci.tv/matchcentre/teamlogos/india.png,https://scores.bcci.tv/matchcentre/teamlogos/ceBNWzXNC61664687091Thailand.png,https://scores.bcci.tv/matchcentre/teamlogos/india.png,https://feeds-100mb.s3-ap-southeast-1.amazonaws.com/teamLogos/ceBNWzXNC61664687091Thailand.png,0,+9.5,2022-100mb00000001456-31a3c4973f1411,Thipatcha Putthawong,0,2,0,0,0.0,,2022-100mb00000001455-1ba1139b3f1411,Nanthita Boonsukham,0,1,0,0,0.0,,20196b991076ecad11e9ab5002322e7,Shafali Verma,2.0,9,0,1,4.5,12.0,https://scores.bcci.tv/matchcentre/playerimages/rxPrpcXeCd1673710505398.png,,,99.58,2,148/6 (20.0 Overs),148,6,20.0,7.4,74/9 (20.0 Overs),74,9,20.0,3.7,,,,,,,,,,,,,,,,,,,,,2,,,,,,,,,52,7th  T20I,,,7.0,74,0.0,0.0,,,,,,,,,,,,,,,,,0.0,
86,691,2,T20,Post,2022-10-15,15 Oct 2022,India Women VS Sri Lanka Women,13:30,07:30 GMT,2022-10-15,83,Sri Lanka Women,52,India Women,SLW,INDW,83,Sylhet International Cricket Stadium,India Women Won by 8  Wickets ,Sri Lanka Women,Sri Lanka Women won the Toss and elected to bat, won the Toss and elected to bat,0,65/9 (20.0 Ov),71/2 (8.3 Ov),,2022-10-15T13:30:00,Sylhet,,,,,,,,496,490,497,121,52,India Women,,,,,83,Sri Lanka Women,Asia/Dhaka,15 Oct 2022,18:00,20,11,T20,8.0,ASIA CUP WOMENS 2022,Saleem Imtiaz,Shivani Mishra,Hemangi Yerzal,India Women Won by 8  Wickets ,https://scores.bcci.tv/matchcentre/teamlogos/srilanka.png?v=2,https://scores.bcci.tv/matchcentre/teamlogos/india.png,https://scores.bcci.tv/matchcentre/teamlogos/india.png,https://scores.bcci.tv/matchcentre/teamlogos/srilanka.png?v=2,0,+9.5,5e06fdb22a3c493093228705309b237,Smriti Mandhana,51,25,6,3,204.0,https://scores.bcci.tv/matchcentre/playerimages/Smriti-Mandhana.jpg,45e022a459e64a3eb0391acc0db5efa,Harmanpreet Kaur,11,14,1,0,78.57,https://scores.bcci.tv/matchcentre/playerimages/Harmanpreet-Kaur.jpg,2022-100mb00000001207-1983befcf0aa11,Oshadi Ranasinghe,2.3,30,0,0,12.0,0.0,https://scores.bcci.tv/matchcentre/playerimages/OSHADHI-RANASINGHE.png,,,71.25,2,65/9 (20.0 Overs),65,9,20.0,3.25,71/2 (8.3 Overs),71,2,8.3,8.35,,,,,,,,,,,,,,,,,,,,,2,,,,,,,,,52,Final,,,8.0,167,0.0,0.0,,,,,,,,,,,,,,,,,0.0,
94,718,8,T20 (N),Post,2022-12-09,9 Dec 2022,India Women VS Australia Women,19:00,13:30 GMT,2022-12-09,52,India Women,55,Australia Women,INDW,AUSW,69,DY Patil Stadium,Australia Women Won by 9  Wickets ,Australia Women,Australia Women won the Toss and elected to Field, won the Toss and elected to Field,1,172/5 (20.0 Ov),173/1 (18.1 Ov),,2022-12-09T19:00:00,NAVI MUMBAI,,,,,,,,483,484,191,121,52,India Women,,,,,55,Australia Women,Asia/Kolkata,9 Dec 2022,23:00,20,0,T20,1.0,Australia Women tour of India 2022,Vrinda Rathi,Janani N,Nanda Kishore,Australia Women Won by 9  Wickets ,https://scores.bcci.tv/matchcentre/teamlogos/india.png,https://scores.bcci.tv/matchcentre/teamlogos/aus.png?v=6,https://scores.bcci.tv/matchcentre/teamlogos/india.png,https://scores.bcci.tv/matchcentre/teamlogos/aus.png?v=6,0,+9.5,2022-100mb00000000968-0f3b7a899a1511,Tahlia McGrath,40,29,4,1,137.93,https://scores.bcci.tv/matchcentre/playerimages/n8zXjOEmrU1670578787968.png,90c5749aaac341cd9758a32096fca5c,Beth Mooney,89,57,16,0,156.14,https://scores.bcci.tv/matchcentre/playerimages/Yq6qN476sW1670578687422.png,934e9959231c4ca3b118005cdbee4e8,Deepti Sharma,2.1,20,0,0,9.23,0.0,https://scores.bcci.tv/matchcentre/playerimages/Deepti-Sharma.jpg,,,,2,172/5 (20.0 Overs),172,5,20.0,8.6,173/1 (18.1 Overs),173,1,18.1,9.52,,,,,,,,,,,,,,,,,,,,,2,,,,,,,,,55,1st T20I,,,1.0,190,0.0,0.0,,,,,,,,,,,,,,,,,0.0,
94,719,8,T20 (N),Post,2022-12-11,11 Dec 2022,India Women VS Australia Women,19:00,13:30 GMT,2022-12-11,55,Australia Women,52,India Women,AUSW,INDW,69,DY Patil Stadium,India Women Won by Super Over ,India Women,India Women won the Toss and elected to Field, won the Toss and elected to Field,1,187/1 (20.0 Ov) & 16/1 (1.0 Ov),187/5 (20.0 Ov) & 20/1 (1.0 Ov),,2022-12-11T19:00:00,NAVI MUMBAI,,,,,,,,485,483,191,121,52,India Women,,,,,55,Australia Women,Asia/Kolkata,11 Dec 2022,23:00,20,0,T20,2.0,Australia Women tour of India 2022,Gayathri Venugopalan,Vrinda Rathi,Nanda Kishore,India Women Won by Super Over ,https://scores.bcci.tv/matchcentre/teamlogos/aus.png?v=6,https://scores.bcci.tv/matchcentre/teamlogos/india.png,https://scores.bcci.tv/matchcentre/teamlogos/india.png,https://scores.bcci.tv/matchcentre/teamlogos/aus.png?v=6,0,+9.5,7df6f1387b194008bf2eadb2d0f5ea5,Alyssa Healy,15,4,2,1,375.0,https://scores.bcci.tv/matchcentre/playerimages/9H7wFdN1Zk1670578718425.png,2022-100mb00000000968-0f3b7a899a1511,Tahlia McGrath,1,1,0,0,100.0,https://scores.bcci.tv/matchcentre/playerimages/n8zXjOEmrU1670578787968.png,2022-100mb00000000888-48b089d388b911,Renuka Singh,1.0,16,0,1,16.0,6.0,https://scores.bcci.tv/matchcentre/playerimages/Renuka-Singh.jpg,,,,4,187/1 (20.0 Overs),187,1,20.0,9.35,187/5 (20.0 Overs),187,5,20.0,9.35,20/1 (1.0 Overs),20,1,1.0,20,16/1 (1.0 Overs),16,1,1.0,16,,,,,,,,,,,2,52,India Women,55,Australia Women,,,,,52,2nd  T20I,,,2.0,187,0.0,0.0,,,,,,,,,,,,,,,,,0.0,
94,720,2,T20,Post,2022-12-14,14 Dec 2022,India Women VS Australia Women,19:00,13:30 GMT,2022-12-14,55,Australia Women,52,India Women,AUSW,INDW,68,Brabourne - CCI,Australia Women Won by 21 Runs ,India Women,India Women won the Toss and elected to Field, won the Toss and elected to Field,1,172/8 (20.0 Ov),151/7 (20.0 Ov),,2022-12-14T19:00:00,Mumbai,,,,,,,,484,485,191,121,52,India Women,,,,,55,Australia Women,Asia/Kolkata,14 Dec 2022,23:00,20,0,T20,3.0,Australia Women tour of India 2022,Janani N,Gayathri Venugopalan,Nanda Kishore,Australia Women Won by 21 Runs ,https://scores.bcci.tv/matchcentre/teamlogos/aus.png?v=6,https://scores.bcci.tv/matchcentre/teamlogos/india.png,https://scores.bcci.tv/matchcentre/teamlogos/india.png,https://scores.bcci.tv/matchcentre/teamlogos/aus.png?v=6,0,+9.5,2022-100mb00000001643-862f3ab6722d11,Anjali Sarvani,2,2,0,0,100.0,https://scores.bcci.tv/matchcentre/playerimages/o3Jyd1IxtB16705794501643.png,934e9959231c4ca3b118005cdbee4e8,Deepti Sharma,25,17,3,0,147.05,https://scores.bcci.tv/matchcentre/playerimages/Deepti-Sharma.jpg,0f13d2a5887a4e7fb2cb5b61cb2f037,Megan Schutt,4.0,23,0,1,5.75,24.0,https://scores.bcci.tv/matchcentre/playerimages/IMiZIk5qD31670578704424.png,,,99.58,2,172/8 (20.0 Overs),172,8,20.0,8.6,151/7 (20.0 Overs),151,7,20.0,7.55,,,,,,,,,,,,,,,,,,,,,2,,,,,,,,,55,3rd  T20I,,,3.0,151,0.0,0.0,,,,,,,,,,,,,,,,,0.0,
94,721,8,T20 (N),Post,2022-12-17,17 Dec 2022,India Women VS Australia Women,19:00,13:30 GMT,2022-12-17,55,Australia Women,52,India Women,AUSW,INDW,68,Brabourne - CCI,Australia Women Won by 7  Runs ,India Women,India Women won the Toss and elected to Field, won the Toss and elected to Field,1,188/3 (20.0 Ov),181/5 (20.0 Ov),,2022-12-17T19:00:00,Mumbai,,,,,,,,191,484,483,121,52,India Women,,,,,55,Australia Women,Asia/Kolkata,17 Dec 2022,23:00,20,0,T20,4.0,Australia Women tour of India 2022,Nanda Kishore,Janani N,Vrinda Rathi,Australia Women Won by 7  Runs ,https://scores.bcci.tv/matchcentre/teamlogos/aus.png?v=6,https://scores.bcci.tv/matchcentre/teamlogos/india.png,https://scores.bcci.tv/matchcentre/teamlogos/india.png,https://scores.bcci.tv/matchcentre/teamlogos/aus.png?v=6,0,+9.5,20200f9bf4944bce11ea9b3802322e7,Richa Ghosh,40,19,4,2,210.52,https://scores.bcci.tv/matchcentre/playerimages/SjvQTYYqlw1673710514399.png,934e9959231c4ca3b118005cdbee4e8,Deepti Sharma,12,8,2,0,150.0,https://scores.bcci.tv/matchcentre/playerimages/Deepti-Sharma.jpg,0f13d2a5887a4e7fb2cb5b61cb2f037,Megan Schutt,4.0,44,0,0,11.0,0.0,https://scores.bcci.tv/matchcentre/playerimages/IMiZIk5qD31670578704424.png,,,,2,188/3 (20.0 Overs),188,3,20.0,9.4,181/5 (20.0 Overs),181,5,20.0,9.05,,,,,,,,,,,,,,,,,,,,,2,,,,,,,,,55,4th  T20I,,,4.0,181,0.0,0.0,,,,,,,,,,,,,,,,,0.0,
94,722,8,T20 (N),Post,2022-12-20,20 Dec 2022,India Women VS Australia Women,19:00,13:30 GMT,2022-12-20,55,Australia Women,52,India Women,AUSW,INDW,68,Brabourne - CCI,Australia Women Won by 54  Runs ,India Women,India Women won the Toss and elected to Field, won the Toss and elected to Field,0,196/4 (20.0 Ov),142/10 (20.0 Ov),,2022-12-20T19:00:00,Mumbai,,,,,,,,483,485,484,121,52,India Women,,,,,55,Australia Women,Asia/Kolkata,20 Dec 2022,23:00,20,0,T20,5.0,Australia Women tour of India 2022,Vrinda Rathi,Gayathri Venugopalan,Janani N,Australia Women Won by 54  Runs ,https://scores.bcci.tv/matchcentre/teamlogos/aus.png?v=6,https://scores.bcci.tv/matchcentre/teamlogos/india.png,https://scores.bcci.tv/matchcentre/teamlogos/india.png,https://scores.bcci.tv/matchcentre/teamlogos/aus.png?v=6,0,+9.5,934e9959231c4ca3b118005cdbee4e8,Deepti Sharma,53,34,8,1,155.88,https://scores.bcci.tv/matchcentre/playerimages/Deepti-Sharma.jpg,f14090f3a8594d77898d01ccf59bdec,Rajeshwari Gayakwad,1,3,0,0,33.33,https://scores.bcci.tv/matchcentre/playerimages/Rajeshwari-Gayakwad.jpg,2022-100mb00000001641-0d6cfca3722d11,Heather Graham,2.0,8,0,4,4.0,3.0,https://scores.bcci.tv/matchcentre/playerimages/1pNlHMZXat16705786501641.png,,,,2,196/4 (20.0 Overs),196,4,20.0,9.8,142/10 (20.0 Overs),142,10,20.0,7.1,,,,,,,,,,,,,,,,,,,,,2,,,,,,,,,55,5th  T20I,,,5.0,142,0.0,0.0,,,,,,,,,,,,,,,,,0.0,
102,745,2,T20,Post,2022-12-27,27 Dec 2022,India Women U19 vs South Africa Women U19,10:00,04:30 GMT,2022-12-27,113,India Women U19,114,South Africa Women U19,INDWU19,SAWU19,88,Steyn City School Ground,India Women U19 Won by 54 Runs ,South Africa Women U19,South Africa Women U19 Won The Toss And Elected To Field, Won The Toss And Elected To Field,1,137/5 (20.0 Ov),83/8 (20.0 Ov),,2022-12-27 10:00:00,Pretoria,,,,,,,,0,0,0,0,113,India Women U19,,,,,114,South Africa Women U19,Asia/Kolkata,27 Dec 2022,23:00,20,0,T20,1.0,India Women U19 Tour Of South Africa Women U19,,,,India Women U19 Won by 54 Runs ,https://scores.bcci.tv/matchcentre/teamlogos/india.png,https://scores.bcci.tv/matchcentre/teamlogos/6s61B1Ejmo1724744505LlZ2REbyDx1690461185sa.png,https://scores.bcci.tv/matchcentre/teamlogos/india.png,https://scores.bcci.tv/matchcentre/teamlogos/6s61B1Ejmo1724744505LlZ2REbyDx1690461185sa.png,0,+9.5,2022-100mb00000001671-2cc0d112850711,Ayanda Hlubi,5,4,0,0,125.0,https://scores.bcci.tv/matchcentre/playerimages/,2022-100mb00000001676-4bc1858f850811,Jemma Botha,10,14,0,0,71.42,https://scores.bcci.tv/matchcentre/playerimages/,2022-100mb00000001657-874e71f27f7311,Sonam Yadav,3.0,16,0,1,5.33,18.0,https://scores.bcci.tv/matchcentre/playerimages/Zw3bAa2IJs16737104551657.png,,,100,2,137/5 (20.0 Overs),137,5,20.0,6.85,83/8 (20.0 Overs),83,8,20.0,4.15,,,,,,,,,,,,,,,,,,,,,2,,,,,,,,,113,1st T20I,,,1.0,83,0,0,,,,,-,-,-,-,,,,,,,,,0.0,
102,746,2,T20,Post,2022-12-29,29 Dec 2022,India Women U19 vs South Africa Women U19,13:45,08:15 GMT,2022-12-29,114,South Africa Women U19,113,India Women U19,SAWU19,INDWU19,88,Steyn City School Ground,Match Abandoned,South Africa Women U19,,,1,,,,2022-12-29 13:45:00,Pretoria,,,,,,,,0,0,0,0,113,India Women U19,,,,,114,South Africa Women U19,Asia/Kolkata,29 Dec 2022,23:00,20,0,T20,2.0,India Women U19 Tour Of South Africa Women U19,,,,Match Abandoned,https://scores.bcci.tv/matchcentre/teamlogos/6s61B1Ejmo1724744505LlZ2REbyDx1690461185sa.png,https://scores.bcci.tv/matchcentre/teamlogos/india.png,https://scores.bcci.tv/matchcentre/teamlogos/india.png,https://scores.bcci.tv/matchcentre/teamlogos/6s61B1Ejmo1724744505LlZ2REbyDx1690461185sa.png,0,+9.5,,,0,0,0,0,0.0,https://scores.bcci.tv/matchcentre/playerimages/,,,0,0,0,0,0.0,https://scores.bcci.tv/matchcentre/playerimages/,,,0,0,0,0,0.0,0.0,https://scores.bcci.tv/matchcentre/playerimages/,,,,,,,,,,,,,,,,,,,,,,,,,,,,,,,,,,,2,,,,,,,,,,2nd  T20I,,,2.0,,,,,,,,-,-,-,-,,,,,,,,,0.0,
102,747,2,T20,Post,2022-12-31,31 Dec 2022,India Women U19 vs South Africa Women U19,10:00,04:30 GMT,2022-12-31,114,South Africa Women U19,113,India Women U19,SAWU19,INDWU19,88,Steyn City School Ground,Match Abandoned,South Africa Women U19,,,1,,,,2022-12-31 10:00:00,Pretoria,,,,,,,,0,0,0,0,113,India Women U19,,,,,114,South Africa Women U19,Asia/Kolkata,31 Dec 2022,23:00,20,0,T20,3.0,India Women U19 Tour Of South Africa Women U19,,,,Match Abandoned,https://scores.bcci.tv/matchcentre/teamlogos/6s61B1Ejmo1724744505LlZ2REbyDx1690461185sa.png,https://scores.bcci.tv/matchcentre/teamlogos/india.png,https://scores.bcci.tv/matchcentre/teamlogos/india.png,https://scores.bcci.tv/matchcentre/teamlogos/6s61B1Ejmo1724744505LlZ2REbyDx1690461185sa.png,0,+9.5,,,0,0,0,0,0.0,https://scores.bcci.tv/matchcentre/playerimages/,,,0,0,0,0,0.0,https://scores.bcci.tv/matchcentre/playerimages/,,,0,0,0,0,0.0,0.0,https://scores.bcci.tv/matchcentre/playerimages/,,,,,,,,,,,,,,,,,,,,,,,,,,,,,,,,,,,2,,,,,,,,,,3rd  T20I,,,3.0,,,,,,,,-,-,-,-,,,,,,,,,0.0,
102,748,2,T20,Post,2023-01-02,2 Jan 2023,India Women U19 vs South Africa Women U19,13:45,08:15 GMT,2023-01-02,114,South Africa Women U19,113,India Women U19,SAWU19,INDWU19,88,Steyn City School Ground,India Women U19 Won by 4 Wickets ,South Africa Women U19,South Africa Women U19 Won The Toss And Elected To Bat, Won The Toss And Elected To Bat,1,86/9 (20.0 Ov),87/6 (15.0 Ov),,2023-01-02 13:45:00,Pretoria,,,,,,,,0,0,0,0,113,India Women U19,,,,,114,South Africa Women U19,Asia/Kolkata,2 Jan 2023,23:00,20,0,T20,4.0,India Women U19 Tour Of South Africa Women U19,,,,India Women U19 Won by 4 Wickets ,https://scores.bcci.tv/matchcentre/teamlogos/6s61B1Ejmo1724744505LlZ2REbyDx1690461185sa.png,https://scores.bcci.tv/matchcentre/teamlogos/india.png,https://scores.bcci.tv/matchcentre/teamlogos/india.png,https://scores.bcci.tv/matchcentre/teamlogos/6s61B1Ejmo1724744505LlZ2REbyDx1690461185sa.png,0,+9.5,2022-100mb00000001672-543f19b8850711,Seshnie Naidu,6,6,0,0,100.0,https://scores.bcci.tv/matchcentre/playerimages/,2022-100mb00000001675-26c180b8850811,Nthabiseng Nini,0,1,0,0,0.0,https://scores.bcci.tv/matchcentre/playerimages/,2022-100mb00000001660-86eac8ad7f8111,Yashasri,3.0,24,0,1,8.0,18.0,https://scores.bcci.tv/matchcentre/playerimages/ZfASsfz9fV16862160821660.png,,,100,2,86/9 (20.0 Overs),86,9,20.0,4.3,87/6 (15.0 Overs),87,6,15.0,5.8,,,,,,,,,,,,,,,,,,,,,2,,,,,,,,,113,4th  T20I,,,4.0,116,0,0,,,,,-,-,-,-,,,,,,,,,0.0,
102,749,2,T20,Post,2023-01-03,3 Jan 2023,India Women U19 vs South Africa Women U19,10:00,04:30 GMT,2023-01-03,113,India Women U19,114,South Africa Women U19,INDWU19,SAWU19,88,Steyn City School Ground,India Women U19 Won by 60 Runs ,India Women U19,India Women U19 Won The Toss And Elected To Bat, Won The Toss And Elected To Bat,1,121/6 (20.0 Ov),61/10 (19.0 Ov),,2023-01-03 10:00:00,Pretoria,,,,,,,,0,0,0,0,113,India Women U19,,,,,114,South Africa Women U19,Asia/Kolkata,3 Jan 2023,23:00,20,0,T20,5.0,India Women U19 Tour Of South Africa Women U19,,,,India Women U19 Won by 60 Runs ,https://scores.bcci.tv/matchcentre/teamlogos/india.png,https://scores.bcci.tv/matchcentre/teamlogos/6s61B1Ejmo1724744505LlZ2REbyDx1690461185sa.png,https://scores.bcci.tv/matchcentre/teamlogos/india.png,https://scores.bcci.tv/matchcentre/teamlogos/6s61B1Ejmo1724744505LlZ2REbyDx1690461185sa.png,0,+9.5,2022-100mb00000001671-2cc0d112850711,Ayanda Hlubi,12,19,1,0,63.15,https://scores.bcci.tv/matchcentre/playerimages/,2022-100mb00000001675-26c180b8850811,Nthabiseng Nini,2,7,0,0,28.57,https://scores.bcci.tv/matchcentre/playerimages/,2022-100mb00000001651-7829bf2b7f7211,Sonia Mendhiya,2.0,4,0,2,2.0,6.0,https://scores.bcci.tv/matchcentre/playerimages/F3bupXCtVQ16737103511651.png,,,97.92,2,121/6 (20.0 Overs),121,6,20.0,6.05,61/10 (19.0 Overs),61,10,19.0,3.21,,,,,,,,,,,,,,,,,,,,,2,,,,,,,,,113,5th  T20I,,,5.0,64,0,0,,,,,-,-,-,-,,,,,,,,,0.0,
102,758,2,T20,Post,2023-01-04,4 Jan 2023,India Women U19 vs South Africa Women U19,10:00,04:30 GMT,2023-01-04,114,South Africa Women U19,113,India Women U19,SAWU19,INDWU19,88,Steyn City School Ground,India Women U19 Won by 7 Wickets ,South Africa Women U19,South Africa Women U19 Won The Toss And Elected To Bat, Won The Toss And Elected To Bat,1,54/10 (13.2 Ov),55/3 (9.2 Ov),,2023-01-04 10:00:00,Pretoria,,,,,,,,0,0,0,0,113,India Women U19,,,,,114,South Africa Women U19,Asia/Kolkata,4 Jan 2023,23:00,20,0,T20,6.0,India Women U19 Tour Of South Africa Women U19,,,,India Women U19 Won by 7 Wickets ,https://scores.bcci.tv/matchcentre/teamlogos/6s61B1Ejmo1724744505LlZ2REbyDx1690461185sa.png,https://scores.bcci.tv/matchcentre/teamlogos/india.png,https://scores.bcci.tv/matchcentre/teamlogos/india.png,https://scores.bcci.tv/matchcentre/teamlogos/6s61B1Ejmo1724744505LlZ2REbyDx1690461185sa.png,0,+9.5,2022-100mb00000001655-667b6a817f7311,Soumya Tiwari,4,10,0,0,40.0,https://scores.bcci.tv/matchcentre/playerimages/tfK7iZm4bK16862159831655.png,2022-100mb00000001656-7762f65e7f7311,Gongadi Trisha,10,10,1,0,100.0,https://scores.bcci.tv/matchcentre/playerimages/N7X1Q30F2216862160381656.png,2022-100mb00000001672-543f19b8850711,Seshnie Naidu,2.2,5,1,2,2.14,7.0,https://scores.bcci.tv/matchcentre/playerimages/,,,100,2,54/10 (13.2 Overs),54,10,13.2,4.05,55/3 (9.2 Overs),55,3,9.2,5.89,,,,,,,,,,,,,,,,,,,,,2,,,,,,,,,113,6th  T20I,,,6.0,117,0,0,,,,,-,-,-,-,,,,,,,,,0.0,
105,759,2,T20,Post,2023-01-14,14 Jan 2023,India Women U19 vs South Africa Women U19,13:45,08:15 GMT,2023-01-14,114,South Africa Women U19,113,India Women U19,SAWU19,INDWU19,92,Willowmoore Park B Field,India Women U19 Won by 7  Wickets ,South Africa Women U19,South Africa Women U19 Won The Toss And Elected To Bat, Won The Toss And Elected To Bat,1,166/5 (20.0 Ov),170/3 (16.3 Ov),,2023-01-14 13:45:00,Benoni,,,,,,,,501,41,0,0,113,India Women U19,,,,,114,South Africa Women U19,Asia/Kolkata,14 Jan 2023,23:00,20,0,T20,1.0,Icc Womens U19 T20 World Cup 2023,Maria Abbott,Wayne Knights,,India Women U19 Won by 7  Wickets ,https://scores.bcci.tv/matchcentre/teamlogos/6s61B1Ejmo1724744505LlZ2REbyDx1690461185sa.png,https://scores.bcci.tv/matchcentre/teamlogos/india.png,https://scores.bcci.tv/matchcentre/teamlogos/india.png,https://scores.bcci.tv/matchcentre/teamlogos/6s61B1Ejmo1724744505LlZ2REbyDx1690461185sa.png,0,+9.5,2022-100mb00000001658-9488adf87f7311,Shweta Sehrawat,92,57,20,0,161.4,https://scores.bcci.tv/matchcentre/playerimages/2bLDnTCUPt16862159241658.png,2022-100mb00000001651-7829bf2b7f7211,Sonia Mendhiya,1,1,0,0,100.0,https://scores.bcci.tv/matchcentre/playerimages/F3bupXCtVQ16737103511651.png,2022-100mb00000001666-1762f25a850611,Madison Landsman,2.3,20,0,1,8.0,15.0,https://scores.bcci.tv/matchcentre/playerimages/,,,91.25,2,166/5 (20.0 Overs),166,5,20.0,8.3,170/3 (16.3 Overs),170,3,16.3,10.3,,,,,,,,,,,,,,,,,,,,,2,,,,,,,,,113,1st T20I,,,1.0,206,0,0,,Shweta Sehrawat,,1658,92,57,-,-,https://scores.bcci.tv/matchcentre/playerimages/2bLDnTCUPt16862159241658.png,,,,,,,,0.0,
105,760,2,T20,Post,2023-01-16,16 Jan 2023,India Women U19 vs United Arab Emirates Women U19,10:00,04:30 GMT,2023-01-16,113,India Women U19,116,United Arab Emirates Women U19,INDWU19,UAEWU19,91,Willowmoore Park,India Women U19 Won by 122  Runs ,United Arab Emirates Women U19,United Arab Emirates Women U19 Won The Toss And Elected To Field, Won The Toss And Elected To Field,1,219/3 (20.0 Ov),97/5 (20.0 Ov),,2023-01-16 10:00:00,Benoni,,,,,,,,90,493,501,0,113,India Women U19,,,,,116,United Arab Emirates Women U19,Asia/Kolkata,16 Jan 2023,23:00,20,0,T20,2.0,Icc Womens U19 T20 World Cup 2023,Sharfuddoula,Jasmine Naeem,Maria Abbott,India Women U19 Won by 122  Runs ,https://scores.bcci.tv/matchcentre/teamlogos/india.png,https://scores.bcci.tv/matchcentre/teamlogos/GcjZQM77Kv16729850171CSywLstce1663843058uae.png,https://scores.bcci.tv/matchcentre/teamlogos/india.png,https://scores.bcci.tv/matchcentre/teamlogos/GcjZQM77Kv16729850171CSywLstce1663843058uae.png,0,+9.5,2022-100mb00000001166-fad31c3aee0a11,Vaishnave Mahesh,9,10,0,0,90.0,https://scores.bcci.tv/matchcentre/playerimages/5QZ7mXpVhZ17211272271166.png,2023-100mb00000001682-ccbd415390c911,Archara Supriya,2,2,0,0,100.0,https://scores.bcci.tv/matchcentre/playerimages/QUrzosvpue16861338041682.png,2022-100mb00000001646-f6b9ed147f7111,Parshavi Chopra,3.0,13,0,1,4.33,18.0,https://scores.bcci.tv/matchcentre/playerimages/7rbMOg8ySf16862158361646.png,,,99.58,2,219/3 (20.0 Overs),219,3,20.0,10.95,97/5 (20.0 Overs),97,5,20.0,4.85,,,,,,,,,,,,,,,,,,,,,2,,,,,,,,,113,2nd  T20I,,,2.0,97,0,0,,Shafali Verma,,398,78,34,0,7,https://feeds-100mb.s3-ap-southeast-1.amazonaws.com/playerPhoto/pFLvV3oHtI1721207982398.png,,,,,,,,0.0,
105,761,2,T20,Post,2023-01-18,18 Jan 2023,India Women U19 vs Scotland Women U19,13:45,08:15 GMT,2023-01-18,113,India Women U19,117,Scotland Women U19,INDWU19,SCOWU19,92,Willowmoore Park B Field,India Women U19 Won by 85  Runs ,India Women U19,India Women U19 Won The Toss And Elected To Bat, Won The Toss And Elected To Bat,1,151/4 (20.0 Ov),66/10 (13.1 Ov),,2023-01-18 13:45:00,Benoni,,,,,,,,41,0,0,0,113,India Women U19,,,,,117,Scotland Women U19,Asia/Kolkata,18 Jan 2023,23:00,20,0,T20,3.0,Icc Womens U19 T20 World Cup 2023,Wayne Knights,,,India Women U19 Won by 85  Runs ,https://scores.bcci.tv/matchcentre/teamlogos/india.png,https://scores.bcci.tv/matchcentre/teamlogos/scotland.png,https://scores.bcci.tv/matchcentre/teamlogos/india.png,https://scores.bcci.tv/matchcentre/teamlogos/scotland.png,0,+9.5,2022-100mb00000001658-9488adf87f7311,Shweta Sehrawat,31,10,4,2,310.0,https://scores.bcci.tv/matchcentre/playerimages/2bLDnTCUPt16862159241658.png,2022-100mb00000001645-d93b1a227f7111,Hrishita Basu,11,10,1,0,110.0,https://scores.bcci.tv/matchcentre/playerimages/brsCAI75k116737123171645.png,2023-100mb00000001686-857a75c9931211,Katherine Fraser,4.0,31,0,2,7.75,12.0,https://scores.bcci.tv/matchcentre/playerimages/,,,100,2,151/4 (20.0 Overs),151,4,20.0,7.55,66/10 (13.1 Overs),66,10,13.1,5.01,,,,,,,,,,,,,,,,,,,,,2,,,,,,,,,113,3rd  T20I,,,3.0,100,0,0,,Mannat Kashyap,,1650,-,-,4,12,https://scores.bcci.tv/matchcentre/playerimages/kUz58Z0FEr16862157921650.png,,,,,,,,0.0,
103,750,2,T20,Post,2023-01-19,19 Jan 2023,South Africa (Women) vs India (Women),19:00,13:30 GMT,2023-01-19,52,India (Women),54,South Africa (Women),INDW,SAW,89,Buffalo Park,India (Women) Won by 27  Runs ,South Africa (Women),South Africa (Women) Won The Toss And Elected To Field, Won The Toss And Elected To Field,1,147/6 (20.0 Ov),120/9 (20.0 Ov),,2023-01-19 19:00:00,East London,,,,,,,,480,332,275,114,54,South Africa (Women),,,,,52,India (Women),Asia/Kolkata,19 Jan 2023,23:00,20,0,T20,1.0,Womens T20I Tri-Series In South Africa 2023,Lauren Agenbag,Thomas Mokorosi,Phillip Vosloo,India (Women) Won by 27  Runs ,https://scores.bcci.tv/matchcentre/teamlogos/india.png,https://scores.bcci.tv/matchcentre/teamlogos/rP928la9Yi1724744471LlZ2REbyDx1690461185sa.png,https://scores.bcci.tv/matchcentre/teamlogos/rP928la9Yi1724744471LlZ2REbyDx1690461185sa.png,https://scores.bcci.tv/matchcentre/teamlogos/india.png,0,+9.5,c80362a7dbed4dabbb5b704b7c6d07d,Masabata Klaas,2,5,0,0,40.0,https://scores.bcci.tv/matchcentre/playerimages/f195t93JEM1674129322433.png,cc48836a443d4f22aed6b4d0e1b3103,Ayabonga Khaka,1,1,0,0,100.0,https://scores.bcci.tv/matchcentre/playerimages/I8OxPGJPYn1674146745442.png,934e9959231c4ca3b118005cdbee4e8,Deepti Sharma,4.0,30,0,3,7.5,8.0,https://scores.bcci.tv/matchcentre/playerimages/3S4zIFbrS81721207955395.png,,,99.58,2,147/6 (20.0 Overs),147,6,20.0,7.35,120/9 (20.0 Overs),120,9,20.0,6,,,,,,,,,,,,,,,,,,,,,2,,,,,,,,,52,1st T20I,,,1.0,120,0,0,,Amanjot Kaur,,1680,41,30,0,6,https://scores.bcci.tv/matchcentre/playerimages/jfhyHYZVS216741274691680.png,,,,,,,,0.0,
105,762,2,T20,Post,2023-01-21,21 Jan 2023,India Women U19 vs Australia Women U19,13:45,08:15 GMT,2023-01-21,113,India Women U19,118,Australia Women U19,INDWU19,AUSWU19,93,North-West University Oval,Australia Women U19 Won by 7  Wickets ,Australia Women U19,Australia Women U19 Won The Toss And Elected To Field, Won The Toss And Elected To Field,1,87/10 (18.5 Ov),88/3 (13.5 Ov),,2023-01-21 13:45:00,Potchefstroom,,,,,,,,410,501,0,144,113,India Women U19,,,,,118,Australia Women U19,Asia/Kolkata,21 Jan 2023,23:00,20,0,T20,4.0,Icc Womens U19 T20 World Cup 2023,Ahmed Shah Pakteen,Maria Abbott,,Australia Women U19 Won by 7  Wickets ,https://scores.bcci.tv/matchcentre/teamlogos/india.png,https://scores.bcci.tv/matchcentre/teamlogos/aus.png?v=6,https://scores.bcci.tv/matchcentre/teamlogos/india.png,https://scores.bcci.tv/matchcentre/teamlogos/aus.png?v=6,0,+9.5,2023-100mb00000001727-a6c4eedf980f11,Claire Moore,25,28,1,1,89.28,https://scores.bcci.tv/matchcentre/playerimages/,2023-100mb00000001730-cfb7f883980f11,Amy Smith,26,25,1,1,104.0,https://scores.bcci.tv/matchcentre/playerimages/,20196b991076ecad11e9ab5002322e7,Shafali Verma,2.5,18,0,0,6.35,0.0,https://scores.bcci.tv/matchcentre/playerimages/pFLvV3oHtI1721207982398.png,,,100,2,87/10 (18.5 Overs),87,10,18.5,4.62,88/3 (13.5 Overs),88,3,13.5,6.36,,,,,,,,,,,,,,,,,,,,,2,,,,,,,,,118,4th  T20I,,,4.0,127,0,0,,Milly Illingworth,,1725,-,-,2,12,,,,,,,,,0.0,
105,763,2,T20,Post,2023-01-22,22 Jan 2023,India Women U19 vs Sri Lanka Women U19,13:45,08:15 GMT,2023-01-22,120,Sri Lanka Women U19,113,India Women U19,SLWU19,INDWU19,94,JB Marks Oval,India Women U19 Won by 7  Wickets ,India Women U19,India Women U19 Won The Toss And Elected To Field, Won The Toss And Elected To Field,1,59/9 (20.0 Ov),60/3 (7.2 Ov),,2023-01-22 13:45:00,Potchefstroom,,,,,,,,90,504,0,0,113,India Women U19,,,,,120,Sri Lanka Women U19,Asia/Kolkata,22 Jan 2023,23:00,20,0,T20,5.0,Icc Womens U19 T20 World Cup 2023,Sharfuddoula,Sarah Dambanevana,,India Women U19 Won by 7  Wickets ,https://scores.bcci.tv/matchcentre/teamlogos/srilanka.png?v=2,https://scores.bcci.tv/matchcentre/teamlogos/india.png,https://scores.bcci.tv/matchcentre/teamlogos/india.png,https://scores.bcci.tv/matchcentre/teamlogos/srilanka.png?v=2,0,+9.5,2022-100mb00000001655-667b6a817f7311,Soumya Tiwari,28,15,5,0,186.66,https://scores.bcci.tv/matchcentre/playerimages/tfK7iZm4bK16862159831655.png,2022-100mb00000001656-7762f65e7f7311,Gongadi Trisha,0,0,0,0,0.0,https://scores.bcci.tv/matchcentre/playerimages/N7X1Q30F2216862160381656.png,2023-100mb00000001736-9f7fe1c9981011,Vidushika Perera,3.2,26,1,0,7.8,0.0,https://scores.bcci.tv/matchcentre/playerimages/,,,68.33,2,59/9 (20.0 Overs),59,9,20.0,2.95,60/3 (7.2 Overs),60,3,7.2,8.18,,,,,,,,,,,,,,,,,,,,,2,,,,,,,,,113,5th  T20I,,,5.0,163,0,0,,Parshavi Chopra,,1646,-,-,4,5,https://scores.bcci.tv/matchcentre/playerimages/7rbMOg8ySf16862158361646.png,,,,,,,,0.0,
103,751,2,T20,Post,2023-01-23,23 Jan 2023,India (Women) vs West Indies (Women),19:00,13:30 GMT,2023-01-23,52,India (Women),75,West Indies (Women),INDW,WIW,89,Buffalo Park,India (Women) Won by 56  Runs ,India (Women),India (Women) Won The Toss And Elected To Bat, Won The Toss And Elected To Bat,1,167/2 (20.0 Ov),111/4 (20.0 Ov),,2023-01-23 19:00:00,East London,,,,,,,,480,275,332,114,52,India (Women),,,,,75,West Indies (Women),Asia/Kolkata,23 Jan 2023,23:00,20,0,T20,2.0,Womens T20I Tri-Series In South Africa 2023,Lauren Agenbag,Phillip Vosloo,Thomas Mokorosi,India (Women) Won by 56  Runs ,https://scores.bcci.tv/matchcentre/teamlogos/india.png,https://scores.bcci.tv/matchcentre/teamlogos/pdWjDmXKmc1718430109windies.png,https://scores.bcci.tv/matchcentre/teamlogos/india.png,https://scores.bcci.tv/matchcentre/teamlogos/pdWjDmXKmc1718430109windies.png,0,+9.5,2022-100mb00000000914-f8ef291699e511,Afy Fletcher,10,11,2,0,90.9,https://scores.bcci.tv/matchcentre/playerimages/Xa1oyXOS5l1674130718914.png,2022-100mb00000000918-aceee78099e611,Hayley Matthews,34,29,5,0,117.24,https://scores.bcci.tv/matchcentre/playerimages/OLE8VJjBWB1674130451918.png,b6cd6aeb9ad1462c9a956f50eefc857,Shikha Pandey,4.0,18,0,0,4.5,0.0,https://scores.bcci.tv/matchcentre/playerimages/V6IwTvoHc71674127357390.png,,,99.58,2,167/2 (20.0 Overs),167,2,20.0,8.35,111/4 (20.0 Overs),111,4,20.0,5.55,,,,,,,,,,,,,,,,,,,,,2,,,,,,,,,52,2nd  T20I,,,2.0,111,0,0,,Smriti Mandhana,,401,74,51,-,-,https://feeds-100mb.s3-ap-southeast-1.amazonaws.com/playerPhoto/DhZdJ3HZWZ1721208027401.png,,,,,,,,0.0,
105,764,2,T20,Post,2023-01-27,27 Jan 2023,India Women U19 vs New Zealand Women U19,10:00,04:30 GMT,2023-01-27,128,New Zealand Women U19,113,India Women U19,NZWU19,INDWU19,94,JB Marks Oval,India Women U19 Won by 8  Wickets ,India Women U19,India Women U19 Won The Toss And Elected To Field, Won The Toss And Elected To Field,1,107/9 (20.0 Ov),110/2 (14.2 Ov),,2023-01-27 10:00:00,Potchefstroom,,,,,,,,506,505,493,144,113,India Women U19,,,,,128,New Zealand Women U19,Asia/Kolkata,27 Jan 2023,23:00,20,0,T20,6.0,Icc Womens U19 T20 World Cup 2023,Lisa McCabe,Sarah Bartlett,Jasmine Naeem,India Women U19 Won by 8  Wickets ,https://scores.bcci.tv/matchcentre/teamlogos/new_zealand.png,https://scores.bcci.tv/matchcentre/teamlogos/india.png,https://scores.bcci.tv/matchcentre/teamlogos/india.png,https://scores.bcci.tv/matchcentre/teamlogos/new_zealand.png,0,+9.5,2022-100mb00000001658-9488adf87f7311,Shweta Sehrawat,61,45,10,0,135.55,https://scores.bcci.tv/matchcentre/playerimages/2bLDnTCUPt16862159241658.png,2022-100mb00000001656-7762f65e7f7311,Gongadi Trisha,5,7,1,0,71.42,https://scores.bcci.tv/matchcentre/playerimages/N7X1Q30F2216862160381656.png,2023-100mb00000001747-b0204baa9d6f11,Anna Browning,3.2,18,0,2,5.4,10.0,https://scores.bcci.tv/matchcentre/playerimages/,,,85.83,2,107/9 (20.0 Overs),107,9,20.0,5.35,110/2 (14.2 Overs),110,2,14.2,7.67,,,,,,,,,,,,,,,,,,,,,2,,,,,,,,,113,6th  T20I,,,6.0,153,0,0,,Parshavi Chopra,,1646,-,-,3,20,https://scores.bcci.tv/matchcentre/playerimages/7rbMOg8ySf16862158361646.png,,,,,,,,0.0,
103,752,2,T20,Post,2023-01-28,28 Jan 2023,South Africa (Women) vs India (Women),19:00,13:30 GMT,2023-01-28,52,India (Women),54,South Africa (Women),INDW,SAW,89,Buffalo Park,No Result,India (Women),India (Women) Won The Toss And Elected To Bat, Won The Toss And Elected To Bat,1,4/0 (2.0 Ov),,,2023-01-28 19:00:00,East London,,,,,,,,480,280,0,114,54,South Africa (Women),,,,,52,India (Women),Asia/Kolkata,28 Jan 2023,23:00,20,0,T20,3.0,Womens T20I Tri-Series In South Africa 2023,Lauren Agenbag,Ryan Hendricks,,No Result,https://scores.bcci.tv/matchcentre/teamlogos/india.png,https://scores.bcci.tv/matchcentre/teamlogos/rP928la9Yi1724744471LlZ2REbyDx1690461185sa.png,https://scores.bcci.tv/matchcentre/teamlogos/rP928la9Yi1724744471LlZ2REbyDx1690461185sa.png,https://scores.bcci.tv/matchcentre/teamlogos/india.png,0,+9.5,4acef6b5a64744ecb8a987bf5c8b33b,Jemimah Rodrigues,4,6,1,0,66.66,https://scores.bcci.tv/matchcentre/playerimages/H4xqanBELa1721207927388.png,5e06fdb22a3c493093228705309b237,Smriti Mandhana,0,6,0,0,0.0,https://scores.bcci.tv/matchcentre/playerimages/DhZdJ3HZWZ1721208027401.png,2019767fe6b9ebd911e9ab5002322e7,Nonkululeko Mlaba,1.0,4,0,0,4.0,0.0,https://scores.bcci.tv/matchcentre/playerimages/rF2PBHQL1U1674129354444.png,,,100,1,4/0 (2.0 Overs),4,0,2.0,2,,,,,,,,,,,,,,,,,,,,,,,,,,2,,,,,,,,,,3rd  T20I,,,3.0,40,184,220,,,,,-,-,-,-,,,,,,,,,0.0,
105,765,2,T20,Post,2023-01-29,29 Jan 2023,India Women U19 vs England Women U19,13:45,08:15 GMT,2023-01-29,122,England Women U19,113,India Women U19,ENGWU19,INDWU19,94,JB Marks Oval,India Women U19 Won by 7  Wickets (Winners),India Women U19,India Women U19 Won The Toss And Elected To Field, Won The Toss And Elected To Field,1,68/10 (17.1 Ov),69/3 (14.0 Ov),,2023-01-29 13:45:00,Potchefstroom,,,,,,,,507,504,500,143,113,India Women U19,,,,,122,England Women U19,Asia/Kolkata,29 Jan 2023,23:00,20,11,T20,7.0,Icc Womens U19 T20 World Cup 2023,Candace la Borde,Sarah Dambanevana,Dedunu Silva,India Women U19 Won by 7  Wickets (Winners),https://scores.bcci.tv/matchcentre/teamlogos/qIB2gRv6S91674809764England Logo.png,https://scores.bcci.tv/matchcentre/teamlogos/india.png,https://scores.bcci.tv/matchcentre/teamlogos/india.png,https://scores.bcci.tv/matchcentre/teamlogos/qIB2gRv6S91674809764England Logo.png,0,+9.5,2022-100mb00000001655-667b6a817f7311,Soumya Tiwari,24,37,3,0,64.86,https://scores.bcci.tv/matchcentre/playerimages/tfK7iZm4bK16862159831655.png,2022-100mb00000001645-d93b1a227f7111,Hrishita Basu,0,1,0,0,0.0,https://scores.bcci.tv/matchcentre/playerimages/brsCAI75k116737123171645.png,2023-100mb00000001762-556184749e5111,Hannah Baker,4.0,13,1,1,3.25,24.0,https://scores.bcci.tv/matchcentre/playerimages/,,,85.00,2,68/10 (17.1 Overs),68,10,17.1,3.96,69/3 (14.0 Overs),69,3,14.0,4.93,,,,,,,,,,,,,,,,,,,,,2,,,,,,,,,113,Final,,,7.0,98,0,0,,Titas Sadhu,,1652,-,-,2,6,https://scores.bcci.tv/matchcentre/playerimages/VDbWanBPKX16862160051652.png,Final,,,,,,,0.0,
103,753,2,T20,Post,2023-01-30,30 Jan 2023,West Indies (Women) vs India (Women),15:00,09:30 GMT,2023-01-30,75,West Indies (Women),52,India (Women),WIW,INDW,89,Buffalo Park,India (Women) Won by 8  Wickets ,India (Women),India (Women) Won The Toss And Elected To Field, Won The Toss And Elected To Field,1,94/6 (20.0 Ov),95/2 (13.5 Ov),,2023-01-30 15:00:00,East London,,,,,,,,275,332,280,114,75,West Indies (Women),,,,,52,India (Women),Asia/Kolkata,30 Jan 2023,23:00,20,0,T20,4.0,Womens T20I Tri-Series In South Africa 2023,Phillip Vosloo,Thomas Mokorosi,Ryan Hendricks,India (Women) Won by 8  Wickets ,https://scores.bcci.tv/matchcentre/teamlogos/pdWjDmXKmc1718430109windies.png,https://scores.bcci.tv/matchcentre/teamlogos/india.png,https://scores.bcci.tv/matchcentre/teamlogos/pdWjDmXKmc1718430109windies.png,https://scores.bcci.tv/matchcentre/teamlogos/india.png,0,+9.5,4acef6b5a64744ecb8a987bf5c8b33b,Jemimah Rodrigues,42,39,5,0,107.69,https://scores.bcci.tv/matchcentre/playerimages/H4xqanBELa1721207927388.png,45e022a459e64a3eb0391acc0db5efa,Harmanpreet Kaur,32,23,4,0,139.13,https://scores.bcci.tv/matchcentre/playerimages/Hoqty0Erz01721207912387.png,2023-100mb00000001714-6b16a9e8970011,Shabika Gajnabi,0.5,5,0,0,6.0,0.0,https://scores.bcci.tv/matchcentre/playerimages/0NxGj0hqvA16741307311714.png,,,84.58,2,94/6 (20.0 Overs),94,6,20.0,4.7,95/2 (13.5 Overs),95,2,13.5,6.87,,,,,,,,,,,,,,,,,,,,,2,,,,,,,,,52,4th  T20I,,,4.0,137,0,0,,Deepti Sharma,,395,-,-,3,11,https://feeds-100mb.s3-ap-southeast-1.amazonaws.com/playerPhoto/3S4zIFbrS81721207955395.png,,,,,,,,0.0,
103,766,2,T20,Post,2023-02-02,2 Feb 2023,India (Women) vs South Africa (Women),15:00,09:30 GMT,2023-02-02,52,India (Women),54,South Africa (Women),INDW,SAW,89,Buffalo Park,South Africa (Women) Won by 5  Wickets ,India (Women),India (Women) Won The Toss And Elected To Bat, Won The Toss And Elected To Bat,1,109/4 (20.0 Ov),113/5 (18.0 Ov),,2023-02-02 15:00:00,East London,,,,,,,,480,332,280,114,52,India (Women),,,,,54,South Africa (Women),Asia/Kolkata,2 Feb 2023,23:00,20,11,T20,5.0,Womens T20I Tri-Series In South Africa 2023,Lauren Agenbag,Thomas Mokorosi,Ryan Hendricks,South Africa (Women) Won by 5  Wickets ,https://scores.bcci.tv/matchcentre/teamlogos/india.png,https://scores.bcci.tv/matchcentre/teamlogos/rP928la9Yi1724744471LlZ2REbyDx1690461185sa.png,https://scores.bcci.tv/matchcentre/teamlogos/india.png,https://scores.bcci.tv/matchcentre/teamlogos/rP928la9Yi1724744471LlZ2REbyDx1690461185sa.png,0,+9.5,94c66baaa77c4ded946292882142131,Chloe Tryon,57,32,6,2,178.12,https://scores.bcci.tv/matchcentre/playerimages/6drUVz77h71674129020443.png,2019ec93d715ebd911e9ab5002322e7,Nadine De Klerk,17,17,1,0,100.0,https://scores.bcci.tv/matchcentre/playerimages/jRIWNQwpvY1674129220445.png,2022-100mb00000000887-2bd71c2988b911,Sneh Rana,4.0,21,0,2,5.25,12.0,https://scores.bcci.tv/matchcentre/playerimages/Sneh-Rana.jpg,,,95.00,2,109/4 (20.0 Overs),109,4,20.0,5.45,113/5 (18.0 Overs),113,5,18.0,6.28,,,,,,,,,,,,,,,,,,,,,2,,,,,,,,,54,Final,,,5.0,125,0,0,,Chloe Tryon,,443,57,32,0,30,https://scores.bcci.tv/matchcentre/playerimages/6drUVz77h71674129020443.png,Final,,,,,,,0.0,
104,754,2,T20,Post,2023-02-12,12 Feb 2023,India (Women) vs Pakistan (Women),15:00,13:00 GMT,2023-02-12,74,Pakistan (Women),52,India (Women),PAKW,INDW,62,Newlands,India (Women) Won by 7   Wickets ,Pakistan (Women),Pakistan (Women) Won The Toss And Elected To Bat, Won The Toss And Elected To Bat,1,149/4 (20.0 Ov),151/3 (19.0 Ov),,2023-02-12 15:00:00,Cape Town,,,,,,,,6,480,494,114,52,India (Women),,,,,74,Pakistan (Women),Asia/Kolkata,12 Feb 2023,23:00,20,0,T20,1.0,Icc Womens T20 World Cup 2023,Jacqueline Williams,Lauren Agenbag,Anna Harris,India (Women) Won by 7   Wickets ,https://scores.bcci.tv/matchcentre/teamlogos/v0FFav09Bh1686738723pakistan.png,https://scores.bcci.tv/matchcentre/teamlogos/india.png,https://scores.bcci.tv/matchcentre/teamlogos/india.png,https://scores.bcci.tv/matchcentre/teamlogos/v0FFav09Bh1686738723pakistan.png,0,+9.5,4acef6b5a64744ecb8a987bf5c8b33b,Jemimah Rodrigues,53,38,8,0,139.47,https://scores.bcci.tv/matchcentre/playerimages/CdnwGsAyyi1676134521388.png,20200f9bf4944bce11ea9b3802322e7,Richa Ghosh,31,20,5,0,155.0,https://scores.bcci.tv/matchcentre/playerimages/Yh1wp0fAUy1676134693399.png,2022-100mb00000000929-7db3f04199ee11,Fatima Sana,4.0,42,0,0,10.5,0.0,https://scores.bcci.tv/matchcentre/playerimages/annaN6cUxq1676136245929.png,,,100,2,149/4 (20.0 Overs),149,4,20.0,7.45,151/3 (19.0 Overs),151,3,19.0,7.88,,,,,,,,,,,,,,,,,,,,,2,,,,,,,,,52,1st T20I,,,1.0,157,0,0,,Jemimah Rodrigues,,388,53,38,-,-,https://scores.bcci.tv/matchcentre/playerimages/CdnwGsAyyi1676134521388.png,,,,,,,,0.0,
104,755,2,T20,Post,2023-02-15,15 Feb 2023,India (Women) vs West Indies (Women),15:00,13:00 GMT,2023-02-15,75,West Indies (Women),52,India (Women),WIW,INDW,62,Newlands,India (Women) Won by 6  Wickets ,West Indies (Women),West Indies (Women) Won The Toss And Elected To Bat, Won The Toss And Elected To Bat,1,118/6 (20.0 Ov),119/4 (18.1 Ov),,2023-02-15 15:00:00,Cape Town,,,,,,,,481,498,196,114,52,India (Women),,,,,75,West Indies (Women),Asia/Kolkata,15 Feb 2023,23:00,20,0,T20,2.0,Icc Womens T20 World Cup 2023,Eloise Sheridan,Nimali Perera,Claire Polosak,India (Women) Won by 6  Wickets ,https://scores.bcci.tv/matchcentre/teamlogos/pdWjDmXKmc1718430109windies.png,https://scores.bcci.tv/matchcentre/teamlogos/india.png,https://scores.bcci.tv/matchcentre/teamlogos/india.png,https://scores.bcci.tv/matchcentre/teamlogos/pdWjDmXKmc1718430109windies.png,0,+9.5,20200f9bf4944bce11ea9b3802322e7,Richa Ghosh,44,32,5,0,137.5,https://scores.bcci.tv/matchcentre/playerimages/Yh1wp0fAUy1676134693399.png,2022-100mb00000001642-6ac56139722d11,Devika Vaidya,0,1,0,0,0.0,https://scores.bcci.tv/matchcentre/playerimages/UCQnEoTK2I16761344521642.png,2022-100mb00000000912-a613634399e511,Shamilia Connell,2.1,27,0,0,12.46,0.0,https://scores.bcci.tv/matchcentre/playerimages/ajPYWfOFBz1676271411912.png,,,95.42,2,118/6 (20.0 Overs),118,6,20.0,5.9,119/4 (18.1 Overs),119,4,18.1,6.55,,,,,,,,,,,,,,,,,,,,,2,,,,,,,,,52,2nd  T20I,,,2.0,131,0,0,,Deepti Sharma,,395,-,-,3,15,https://scores.bcci.tv/matchcentre/playerimages/UtGlonQx2k1676134620395.png,,,,,,,,0.0,
104,756,2,T20,Post,2023-02-18,18 Feb 2023,England (Women) vs India (Women),15:00,13:00 GMT,2023-02-18,53,England (Women),52,India (Women),ENGW,INDW,90,St George's Park,England (Women) Won by 11  Runs ,India (Women),India (Women) Won The Toss And Elected To Field, Won The Toss And Elected To Field,1,151/7 (20.0 Ov),140/5 (20.0 Ov),,2023-02-18 15:00:00,Gqeberha,,,,,,,,196,471,498,145,53,England (Women),,,,,52,India (Women),Asia/Kolkata,18 Feb 2023,23:00,20,0,T20,3.0,Icc Womens T20 World Cup 2023,Claire Polosak,Kim Cotton,Nimali Perera,England (Women) Won by 11  Runs ,https://scores.bcci.tv/matchcentre/teamlogos/england.png?v=1,https://scores.bcci.tv/matchcentre/teamlogos/india.png,https://scores.bcci.tv/matchcentre/teamlogos/england.png?v=1,https://scores.bcci.tv/matchcentre/teamlogos/india.png,0,+9.5,20200f9bf4944bce11ea9b3802322e7,Richa Ghosh,47,34,4,2,138.23,https://scores.bcci.tv/matchcentre/playerimages/Yh1wp0fAUy1676134693399.png,1c321bd6cf754f6aa8f13a0f49c469d,Pooja Vastrakar,2,4,0,0,50.0,https://scores.bcci.tv/matchcentre/playerimages/wJqtmT3GjJ1676134643397.png,196fc8eb2e644553a6f5ec594d91ecf,Katherine Brunt,3.0,39,0,0,13.0,0.0,https://scores.bcci.tv/matchcentre/playerimages/1H8fZJJ9hz1676266774408.png,,,99.58,2,151/7 (20.0 Overs),151,7,20.0,7.55,140/5 (20.0 Overs),140,5,20.0,7,,,,,,,,,,,,,,,,,,,,,2,,,,,,,,,53,3rd  T20I,,,3.0,140,0,0,,Natalie Sciver,,409,50,42,0,15,https://scores.bcci.tv/matchcentre/playerimages/N5Jv1xas8S1676266513409.png,,,,,,,,0.0,
104,757,2,T20,Post,2023-02-20,20 Feb 2023,India (Women) vs Ireland (Women),15:00,13:00 GMT,2023-02-20,52,India (Women),115,Ireland (Women),INDW,IREW,90,St George's Park,India (Women) Won by 5  Runs  (D/L Method) ,India (Women),India (Women) Won The Toss And Elected To Bat, Won The Toss And Elected To Bat,1,155/6 (20.0 Ov),54/2 (8.2 Ov),,2023-02-20 15:00:00,Gqeberha,,,,,,,,494,471,498,74,52,India (Women),,,,,115,Ireland (Women),Asia/Kolkata,20 Feb 2023,23:00,20,0,T20,4.0,Icc Womens T20 World Cup 2023,Anna Harris,Kim Cotton,Nimali Perera,India (Women) Won by 5  Runs  (D/L Method) ,https://scores.bcci.tv/matchcentre/teamlogos/india.png,https://scores.bcci.tv/matchcentre/teamlogos/mxD1Efi5oI1723393291ireland-logo.webp,https://scores.bcci.tv/matchcentre/teamlogos/india.png,https://scores.bcci.tv/matchcentre/teamlogos/mxD1Efi5oI1723393291ireland-logo.webp,0,+9.5,2023-100mb00000001785-98817b4fab8211,Gaby Lewis,32,25,5,0,128.0,https://scores.bcci.tv/matchcentre/playerimages/yVULJv5Ue516762834161785.png,2023-100mb00000001779-80c9abf1ab7d11,Laura Delany,17,20,3,0,85.0,https://scores.bcci.tv/matchcentre/playerimages/mZ5Ypv7K6z16762830381779.png,1c321bd6cf754f6aa8f13a0f49c469d,Pooja Vastrakar,2.2,14,0,0,6.0,0.0,https://scores.bcci.tv/matchcentre/playerimages/wJqtmT3GjJ1676134643397.png,,,70.83,2,155/6 (20.0 Overs),155,6,20.0,7.75,54/2 (8.2 Overs),54,2,8.2,6.48,,,,,,,,,,,,,,,,,,,,,2,,,,,,,,,52,4th  T20I,,,4.0,129,0,0,,Smriti Mandhana,,401,87,56,-,-,https://scores.bcci.tv/matchcentre/playerimages/It37vwYOiF1676134749401.png,,,,,,,,0.0,
104,1002,5,T20 D/N,Post,2023-02-23,23 Feb 2023,India (Women) vs Australia (Women),15:00,13:00 GMT,2023-02-23,55,Australia (Women),52,India (Women),AUSW,INDW,62,Newlands,Australia (Women) Won by 5  Runs ,Australia (Women),Australia (Women) Won The Toss And Elected To Bat, Won The Toss And Elected To Bat,1,172/4 (20.0 Ov),167/8 (20.0 Ov),,2023-02-23 15:00:00,Cape Town,,,,,,,,471,498,479,114,52,India (Women),,,,,55,Australia (Women),Asia/Kolkata,23 Feb 2023,19:00,20,13,T20,5.0,Icc Womens T20 World Cup 2023,Kim Cotton,Nimali Perera,Sue Redfern,Australia (Women) Won by 5  Runs ,https://scores.bcci.tv/matchcentre/teamlogos/aus.png?v=6,https://scores.bcci.tv/matchcentre/teamlogos/india.png,https://scores.bcci.tv/matchcentre/teamlogos/india.png,https://scores.bcci.tv/matchcentre/teamlogos/aus.png?v=6,0,+9.5,934e9959231c4ca3b118005cdbee4e8,Deepti Sharma,20,17,2,0,117.64,https://scores.bcci.tv/matchcentre/playerimages/UtGlonQx2k1676134620395.png,b6cd6aeb9ad1462c9a956f50eefc857,Shikha Pandey,1,1,0,0,100.0,https://scores.bcci.tv/matchcentre/playerimages/we8JdgqcJk1676134566390.png,ca9fa0fd291c4c1a9da5e68ab50a354,Ashleigh Gardner,4.0,37,0,2,9.25,12.0,https://scores.bcci.tv/matchcentre/playerimages/qO3lAMQGG41676288209428.png,,,100,2,172/4 (20.0 Overs),172,4,20.0,8.6,167/8 (20.0 Overs),167,8,20.0,8.35,,,,,,,,,,,,,,,,,,,,,2,,,,,,,,,55,Semi Final,,,5.0,167,0,0,,Ashleigh Gardner,,428,31,18,2,37,https://scores.bcci.tv/matchcentre/playerimages/qO3lAMQGG41676288209428.png,Semi Final,,,,,,,0.0,
112,1051,2,T20,Post,2023-06-13,13 Jun 2023,Hong Kong (Womens) VS India A (Womens),13:30,05:30 GMT,2023-06-13,92,Hong Kong (Womens),148,India A (Womens),HNG-W,IND-AW,104,Tin Kwong Road Recreation Ground,India A (Womens) Won by 9   Wickets ,India A (Womens),India A (Womens) won the Toss and elected to Field, won the Toss and elected to Field,1,34/10 (14.0 Ov),38/1 (5.2 Ov),,2023-06-13 13:30:00,Hong Kong,,,,,,,,0,0,0,0,92,Hong Kong (Womens),,,,,148,India A (Womens),Asia/Hong_Kong,13 Jun 2023,18:00,20,0,T20,4.0,WOMENS EMERGING TEAMS ASIA CUP 2023,,,,India A (Womens) Won by 9   Wickets ,https://scores.bcci.tv/matchcentre/teamlogos/HongKong.png,https://scores.bcci.tv/matchcentre/teamlogos/irPpXvkiLQ1686739430INDIA.png,https://scores.bcci.tv/matchcentre/teamlogos/HongKong.png,https://scores.bcci.tv/matchcentre/teamlogos/irPpXvkiLQ1686739430INDIA.png,0,+9.5,2022-100mb00000001656-7762f65e7f7311,Gongadi Trisha,19,13,2,1,146.15,https://scores.bcci.tv/matchcentre/playerimages/N7X1Q30F2216862160381656.png,2023-100mb00000002153-357885fd03b011,Uma Chetry,16,15,2,0,106.66,https://scores.bcci.tv/matchcentre/playerimages/SCXNjqkmC116862160612153.png,2022-100mb00000001178-c058afeceeaa11,Ruchitha Venkatesh,0.2,7,0,0,21.0,0.0,https://scores.bcci.tv/matchcentre/playerimages/RIB4m8T4nt16862114191178.png,,,100,2,34/10 (14.0 Overs),34,10,14.0,2.43,38/1 (5.2 Overs),38,1,5.2,7.12,,,,,,,,,,,,,,,,,,,,,2,,,,,,,,,148,4th  T20I,,,4.0,142,0,0,,Shreyanka Patil,,1928,-,-,5,2,https://scores.bcci.tv/matchcentre/playerimages/HoIzCVEmE316862158991928.png,,,,,,,,0.0,
112,1055,2,T20,Post,2023-06-15,15 Jun 2023,India A (Womens) VS Nepal (Womens),13:30,05:30 GMT,2023-06-15,148,India A (Womens),88,Nepal (Womens),IND-AW,NP-W,104,Tin Kwong Road Recreation Ground,Match Abandoned,Nepal (Womens),,,1,,,,2023-06-15 13:30:00,Hong Kong,,,,,,,,0,0,0,0,148,India A (Womens),,,,,88,Nepal (Womens),Asia/Hong_Kong,15 Jun 2023,18:00,20,0,T20,8.0,WOMENS EMERGING TEAMS ASIA CUP 2023,,,,Match Abandoned,https://scores.bcci.tv/matchcentre/teamlogos/irPpXvkiLQ1686739430INDIA.png,https://scores.bcci.tv/matchcentre/teamlogos/VApzfkLKER1686738671RyVl86YukU1681370292Nepal.png,https://scores.bcci.tv/matchcentre/teamlogos/irPpXvkiLQ1686739430INDIA.png,https://scores.bcci.tv/matchcentre/teamlogos/VApzfkLKER1686738671RyVl86YukU1681370292Nepal.png,0,+9.5,,,0,0,0,0,0.0,https://scores.bcci.tv/matchcentre/playerimages/,,,0,0,0,0,0.0,https://scores.bcci.tv/matchcentre/playerimages/,,,0,0,0,0,0.0,0.0,https://scores.bcci.tv/matchcentre/playerimages/,,,,,,,,,,,,,,,,,,,,,,,,,,,,,,,,,,,2,,,,,,,,,,8th  T20I,,,8.0,,,,,,,,-,-,-,-,,,,,,,,,0.0,
112,1059,2,T20,Post,2023-06-17,17 Jun 2023,India A (Womens) VS Pakistan A (Womens),13:30,05:30 GMT,2023-06-17,149,Pakistan A (Womens),148,India A (Womens),PAK-AW,IND-AW,104,Tin Kwong Road Recreation Ground,Match Abandoned,Pakistan A (Womens),,,1,,,,2023-06-17 13:30:00,Hong Kong,,,,,,,,0,0,0,0,148,India A (Womens),,,,,149,Pakistan A (Womens),Asia/Hong_Kong,17 Jun 2023,18:00,20,0,T20,12.0,WOMENS EMERGING TEAMS ASIA CUP 2023,,,,Match Abandoned,https://scores.bcci.tv/matchcentre/teamlogos/1mYaZxBz9A1686739452PAKISTAN.png,https://scores.bcci.tv/matchcentre/teamlogos/irPpXvkiLQ1686739430INDIA.png,https://scores.bcci.tv/matchcentre/teamlogos/irPpXvkiLQ1686739430INDIA.png,https://scores.bcci.tv/matchcentre/teamlogos/1mYaZxBz9A1686739452PAKISTAN.png,0,+9.5,,,0,0,0,0,0.0,https://scores.bcci.tv/matchcentre/playerimages/,,,0,0,0,0,0.0,https://scores.bcci.tv/matchcentre/playerimages/,,,0,0,0,0,0.0,0.0,https://scores.bcci.tv/matchcentre/playerimages/,,,,,,,,,,,,,,,,,,,,,,,,,,,,,,,,,,,2,,,,,,,,,,12th  T20I,,,12.0,,,,,,,,-,-,-,-,,,,,,,,,0.0,
112,1060,2,T20,Post,2023-06-19,19 Jun 2023,India A (Womens) VS Sri lanka A (Womens),09:00,01:00 GMT,2023-06-19,148,India A (Womens),152,Sri lanka A (Womens),IND-AW,SL-AW,104,Tin Kwong Road Recreation Ground,Match Abandoned,Sri lanka A (Womens),,,1,,,,2023-06-19 09:00:00,Hong Kong,,,,,,,,496,497,483,74,148,India A (Womens),,,,,152,Sri lanka A (Womens),Asia/Hong_Kong,19 Jun 2023,13:00,20,1,T20,13.0,WOMENS EMERGING TEAMS ASIA CUP 2023,Saleem Imtiaz,Hemangi Yerzal,Vrinda Rathi,Match Abandoned,https://scores.bcci.tv/matchcentre/teamlogos/irPpXvkiLQ1686739430INDIA.png,https://scores.bcci.tv/matchcentre/teamlogos/h3suS7aWDb1686739469SRI LANKA.png,https://scores.bcci.tv/matchcentre/teamlogos/irPpXvkiLQ1686739430INDIA.png,https://scores.bcci.tv/matchcentre/teamlogos/h3suS7aWDb1686739469SRI LANKA.png,0,+9.5,,,0,0,0,0,0.0,https://scores.bcci.tv/matchcentre/playerimages/,,,0,0,0,0,0.0,https://scores.bcci.tv/matchcentre/playerimages/,,,0,0,0,0,0.0,0.0,https://scores.bcci.tv/matchcentre/playerimages/,,,,,,,,,,,,,,,,,,,,,,,,,,,,,,,,,,,2,,,,,,,,,,Semi Final,,,13.0,,,,,,,,-,-,-,-,,,,,,,,,0.0,
112,1105,2,T20,Post,2023-06-20,20 Jun 2023,India A (Womens) VS Sri lanka A (Womens),09:00,01:00 GMT,2023-06-20,148,India A (Womens),152,Sri lanka A (Womens),IND-AW,SL-AW,104,Tin Kwong Road Recreation Ground,Match Abandoned,Sri lanka A (Womens),,,1,,,,2023-06-20 09:00:00,Hong Kong,,,,,,,,496,497,483,74,148,India A (Womens),,,,,152,Sri lanka A (Womens),Asia/Kolkata,20 Jun 2023,13:30,2,1,T20,15.0,WOMENS EMERGING TEAMS ASIA CUP 2023,Saleem Imtiaz,Hemangi Yerzal,Vrinda Rathi,Match Abandoned,https://scores.bcci.tv/matchcentre/teamlogos/irPpXvkiLQ1686739430INDIA.png,https://scores.bcci.tv/matchcentre/teamlogos/h3suS7aWDb1686739469SRI LANKA.png,https://scores.bcci.tv/matchcentre/teamlogos/irPpXvkiLQ1686739430INDIA.png,https://scores.bcci.tv/matchcentre/teamlogos/h3suS7aWDb1686739469SRI LANKA.png,0,+9.5,,,0,0,0,0,0.0,https://scores.bcci.tv/matchcentre/playerimages/,,,0,0,0,0,0.0,https://scores.bcci.tv/matchcentre/playerimages/,,,0,0,0,0,0.0,0.0,https://scores.bcci.tv/matchcentre/playerimages/,,,,,,,,,,,,,,,,,,,,,,,,,,,,,,,,,,,2,,,,,,,,,,Round 1,,,15.0,,,,,,,,-,-,-,-,,,,,,,,,0.0,
112,1062,2,T20,Post,2023-06-21,21 Jun 2023,India A (Womens) VS Bangladesh A (Womens),11:30,03:30 GMT,2023-06-21,148,India A (Womens),151,Bangladesh A (Womens),IND-AW,BAN-AW,104,Tin Kwong Road Recreation Ground,India A (Womens) Won by 31 Runs (Winners),India A (Womens),India A (Womens) won the Toss and elected to bat, won the Toss and elected to bat,1,127/7 (20.0 Ov),96/10 (19.2 Ov),,2023-06-21 11:30:00,Hong Kong,,,,,,,,498,497,500,145,148,India A (Womens),,,,,151,Bangladesh A (Womens),Asia/Hong_Kong,21 Jun 2023,18:00,20,11,T20,17.0,WOMENS EMERGING TEAMS ASIA CUP 2023,Nimali Perera,Hemangi Yerzal,Dedunu Silva,India A (Womens) Won by 31 Runs (Winners),https://scores.bcci.tv/matchcentre/teamlogos/irPpXvkiLQ1686739430INDIA.png,https://scores.bcci.tv/matchcentre/teamlogos/ifq1eOsfdM1686825983UAE.png,https://scores.bcci.tv/matchcentre/teamlogos/irPpXvkiLQ1686739430INDIA.png,https://scores.bcci.tv/matchcentre/teamlogos/ifq1eOsfdM1686825983UAE.png,0,+9.5,2022-100mb00000001428-d932fc973f0b11,Sanjida Akter Meghla,2,7,0,0,28.57,https://scores.bcci.tv/matchcentre/playerimages/UPMgFhoXaj16861490911428.png,2022-100mb00000000958-84e3e35a9a0711,Nahida Akter,17,22,1,0,77.27,https://scores.bcci.tv/matchcentre/playerimages/4OWacFP3m51686148935958.png,2022-100mb00000001652-8fe890797f7211,Titas Sadhu,2.2,14,0,1,6.0,14.0,https://scores.bcci.tv/matchcentre/playerimages/VDbWanBPKX16862160051652.png,,,98.75,2,127/7 (20.0 Overs),127,7,20.0,6.35,96/10 (19.2 Overs),96,10,19.2,4.97,,,,,,,,,,,,,,,,,,,,,2,,,,,,,,,148,Final,,,17.0,99,0,0,,Kanika Ahuja,,1923,30,23,2,23,https://scores.bcci.tv/matchcentre/playerimages/3vKHDTbpMV16862157041923.png,,,,,,,,0.0,
119,1131,2,T20,Post,2023-07-09,9 Jul 2023,Bangladesh (Women) vs India (Women),14:00,08:00 GMT,2023-07-09,76,Bangladesh (Women),52,India (Women),BANW,INDW,71,"Shere Bangla National Stadium, Mirpur",India (Women) Won by 7  Wickets ,India (Women),India (Women) Won The Toss And Elected To Field, Won The Toss And Elected To Field,1,114/5 (20.0 Ov),118/3 (16.2 Ov),,2023-07-09 14:00:00,Dhaka,,,,,,,,557,465,82,202,76,Bangladesh (Women),,,,,52,India (Women),Asia/Kolkata,9 Jul 2023,18:00,20,0,T20,1.0,India Women Tour Of Bangladesh T20 Series 2023,Ali Arman,Mahfuzur Rahman,Moniruzzaman,India (Women) Won by 7  Wickets ,https://scores.bcci.tv/matchcentre/teamlogos/bng.png,https://scores.bcci.tv/matchcentre/teamlogos/india.png,https://scores.bcci.tv/matchcentre/teamlogos/bng.png,https://scores.bcci.tv/matchcentre/teamlogos/india.png,0,+9.5,45e022a459e64a3eb0391acc0db5efa,Harmanpreet Kaur,54,35,6,2,154.28,https://scores.bcci.tv/matchcentre/playerimages/r5PVBIgSQI1688824572387.png,2022-100mb00000000883-e90a644b88b411,Yastika Bhatia,9,12,1,0,75.0,https://scores.bcci.tv/matchcentre/playerimages/HANpkcSlvk1688824641883.png,2022-100mb00000000961-168c5e329a0a11,Salma Khatun,3.2,32,0,0,9.6,0.0,https://scores.bcci.tv/matchcentre/playerimages/,,,100,2,114/5 (20.0 Overs),114,5,20.0,5.7,118/3 (16.2 Overs),118,3,16.2,7.22,,,,,,,,,,,,,,,,,,,,,2,,,,,,,,,52,1st T20I,,,1.0,144,0,0,,Harmanpreet Kaur,,387,54,35,-,-,https://scores.bcci.tv/matchcentre/playerimages/r5PVBIgSQI1688824572387.png,,,,,,,,0.0,
119,1132,2,T20,Post,2023-07-11,11 Jul 2023,Bangladesh (Women) vs India (Women),14:00,08:00 GMT,2023-07-11,52,India (Women),76,Bangladesh (Women),INDW,BANW,71,"Shere Bangla National Stadium, Mirpur",India (Women) Won by 8  Runs ,India (Women),India (Women) Won The Toss And Elected To Bat, Won The Toss And Elected To Bat,1,95/8 (20.0 Ov),87/10 (20.0 Ov),,2023-07-11 14:00:00,Dhaka,,,,,,,,465,82,557,202,76,Bangladesh (Women),,,,,52,India (Women),Asia/Kolkata,11 Jul 2023,18:00,20,0,T20,2.0,India Women Tour Of Bangladesh T20 Series 2023,Mahfuzur Rahman,Moniruzzaman,Ali Arman,India (Women) Won by 8  Runs ,https://scores.bcci.tv/matchcentre/teamlogos/india.png,https://scores.bcci.tv/matchcentre/teamlogos/bng.png,https://scores.bcci.tv/matchcentre/teamlogos/bng.png,https://scores.bcci.tv/matchcentre/teamlogos/india.png,0,+9.5,2022-100mb00000001432-4f2f03ad3f0e11,Marufa Akter,0,2,0,0,0.0,https://scores.bcci.tv/matchcentre/playerimages/nGB9xd6fKH16861487781432.png,2023-100mb00000002150-08db068003ad11,Sultana Khatun,0,0,0,0,0.0,https://scores.bcci.tv/matchcentre/playerimages/bLOodRnCpR16861490662150.png,20196b991076ecad11e9ab5002322e7,Shafali Verma,3.0,15,0,3,5.0,6.0,https://scores.bcci.tv/matchcentre/playerimages/waF9UB0LPD1688824628398.png,,,100,2,95/8 (20.0 Overs),95,8,20.0,4.75,87/10 (20.0 Overs),87,10,20.0,4.35,,,,,,,,,,,,,,,,,,,,,2,,,,,,,,,52,2nd  T20I,,,2.0,87,0,0,,Deepti Sharma,,395,10,14,3,12,https://scores.bcci.tv/matchcentre/playerimages/i0bINfuqED1688824603395.png,,,,,,,,0.0,
119,1133,2,T20,Post,2023-07-13,13 Jul 2023,Bangladesh (Women) vs India (Women),14:00,08:00 GMT,2023-07-13,52,India (Women),76,Bangladesh (Women),INDW,BANW,71,"Shere Bangla National Stadium, Mirpur",Bangladesh (Women) Won by 4  Wickets ,India (Women),India (Women) Won The Toss And Elected To Bat, Won The Toss And Elected To Bat,1,102/9 (20.0 Ov),103/6 (18.2 Ov),,2023-07-13 14:00:00,Dhaka,,,,,,,,557,465,82,205,76,Bangladesh (Women),,,,,52,India (Women),Asia/Kolkata,13 Jul 2023,18:00,20,0,T20,3.0,India Women Tour Of Bangladesh T20 Series 2023,Ali Arman,Mahfuzur Rahman,Moniruzzaman,Bangladesh (Women) Won by 4  Wickets ,https://scores.bcci.tv/matchcentre/teamlogos/india.png,https://scores.bcci.tv/matchcentre/teamlogos/bng.png,https://scores.bcci.tv/matchcentre/teamlogos/bng.png,https://scores.bcci.tv/matchcentre/teamlogos/india.png,0,+9.5,2022-100mb00000000959-826ad4a89a0911,Ritu Moni,7,8,0,0,87.5,https://scores.bcci.tv/matchcentre/playerimages/,2022-100mb00000000958-84e3e35a9a0711,Nahida Akter,10,6,1,0,166.66,https://scores.bcci.tv/matchcentre/playerimages/4OWacFP3m51686148935958.png,934e9959231c4ca3b118005cdbee4e8,Deepti Sharma,3.2,15,0,0,4.5,0.0,https://scores.bcci.tv/matchcentre/playerimages/i0bINfuqED1688824603395.png,,,100,2,102/9 (20.0 Overs),102,9,20.0,5.1,103/6 (18.2 Overs),103,6,18.2,5.62,,,,,,,,,,,,,,,,,,,,,2,,,,,,,,,76,3rd  T20I,,,3.0,112,0,0,,Shamima Sultana,,962,42,46,-,-,,,,,,,,,0.0,
120,1134,3,One Day,Post,2023-07-16,16 Jul 2023,Bangladesh (Women) vs India (Women),09:30,03:30 GMT,2023-07-16,76,Bangladesh (Women),52,India (Women),BANW,INDW,71,"Shere Bangla National Stadium, Mirpur",Bangladesh (Women) Won by 40  Runs  (D/L Method) ,India (Women),India (Women) Won The Toss And Elected To Field, Won The Toss And Elected To Field,1,152/10 (43.0 Ov),113/10 (35.5 Ov),,2023-07-16 09:30:00,Dhaka,,,,,,,,465,82,0,205,76,Bangladesh (Women),,,,,52,India (Women),Asia/Kolkata,16 Jul 2023,18:00,44,0,ODI,1.0,India Women Tour Of Bangladesh Odi Series 2023,Mahfuzur Rahman,Moniruzzaman,,Bangladesh (Women) Won by 40  Runs  (D/L Method) ,https://scores.bcci.tv/matchcentre/teamlogos/bng.png,https://scores.bcci.tv/matchcentre/teamlogos/india.png,https://scores.bcci.tv/matchcentre/teamlogos/bng.png,https://scores.bcci.tv/matchcentre/teamlogos/india.png,0,+9.5,2023-100mb00000002155-9086796f03b011,Bareddy Anusha,2,6,0,0,33.33,https://scores.bcci.tv/matchcentre/playerimages/3C0UOpQeIg16894793192155.png,2022-100mb00000001642-6ac56139722d11,Devika Vaidya,10,23,1,0,43.47,https://scores.bcci.tv/matchcentre/playerimages/u3AFEmRXbo16894792591642.png,2022-100mb00000001433-65fc1f213f0e11,Rabeya Khan,7.5,30,0,3,3.83,15.66,https://scores.bcci.tv/matchcentre/playerimages/Dax0rQi5Vr16861489571433.png,,,100,2,152/10 (43.0 Overs),152,10,43.0,3.53,113/10 (35.5 Overs),113,10,35.5,3.15,,,,,,,,,,,,,,,,,,,,,2,,,,,,,,,76,1st ODI,44,154,1.0,138,0,0,,Marufa Akter,,1432,6,7,4,29,https://scores.bcci.tv/matchcentre/playerimages/nGB9xd6fKH16861487781432.png,,,,,,,,0.0,
120,1135,3,One Day,Post,2023-07-19,19 Jul 2023,Bangladesh (Women) vs India (Women),09:30,03:30 GMT,2023-07-19,52,India (Women),76,Bangladesh (Women),INDW,BANW,71,"Shere Bangla National Stadium, Mirpur",India (Women) Won by 108  Runs ,Bangladesh (Women),Bangladesh (Women) Won The Toss And Elected To Field, Won The Toss And Elected To Field,1,228/8 (50.0 Ov),120/10 (35.1 Ov),,2023-07-19 09:30:00,Dhaka,,,,,,,,557,171,0,205,76,Bangladesh (Women),,,,,52,India (Women),Asia/Kolkata,19 Jul 2023,18:00,50,0,ODI,2.0,India Women Tour Of Bangladesh Odi Series 2023,Ali Arman,Tanvir Ahmed,,India (Women) Won by 108  Runs ,https://scores.bcci.tv/matchcentre/teamlogos/india.png,https://scores.bcci.tv/matchcentre/teamlogos/bng.png,https://scores.bcci.tv/matchcentre/teamlogos/bng.png,https://scores.bcci.tv/matchcentre/teamlogos/india.png,0,+9.5,2022-100mb00000001432-4f2f03ad3f0e11,Marufa Akter,1,2,0,0,50.0,https://scores.bcci.tv/matchcentre/playerimages/nGB9xd6fKH16861487781432.png,2022-100mb00000000951-cff6bddb9a0611,Fahima Khatun,6,6,1,0,100.0,https://scores.bcci.tv/matchcentre/playerimages/,4acef6b5a64744ecb8a987bf5c8b33b,Jemimah Rodrigues,3.1,3,0,4,0.95,4.75,https://scores.bcci.tv/matchcentre/playerimages/sSnLnKBaky1689479338388.png,,,85.33,2,228/8 (50.0 Overs),228,8,50.0,4.56,120/10 (35.1 Overs),120,10,35.1,3.4,,,,,,,,,,,,,,,,,,,,,2,,,,,,,,,52,2nd  ODI,,,2.0,170,0,0,,Jemimah Rodrigues,,388,86,78,4,3,https://scores.bcci.tv/matchcentre/playerimages/sSnLnKBaky1689479338388.png,,,,,,,,0.0,
120,1136,3,One Day,Post,2023-07-22,22 Jul 2023,Bangladesh (Women) vs India (Women),09:30,03:30 GMT,2023-07-22,76,Bangladesh (Women),52,India (Women),BANW,INDW,71,"Shere Bangla National Stadium, Mirpur",Match Tied ,Bangladesh (Women),Bangladesh (Women) Won The Toss And Elected To Bat, Won The Toss And Elected To Bat,1,225/4 (50.0 Ov),225/10 (49.3 Ov),,2023-07-22 09:30:00,Dhaka,,,,,,,,171,566,82,205,76,Bangladesh (Women),,,,,52,India (Women),Asia/Kolkata,22 Jul 2023,18:00,50,0,ODI,3.0,India Women Tour Of Bangladesh Odi Series 2023,Tanvir Ahmed,Muhammad Kamruzzaman,Moniruzzaman,Match Tied ,https://scores.bcci.tv/matchcentre/teamlogos/bng.png,https://scores.bcci.tv/matchcentre/teamlogos/india.png,https://scores.bcci.tv/matchcentre/teamlogos/bng.png,https://scores.bcci.tv/matchcentre/teamlogos/india.png,0,+9.5,2022-100mb00000000886-de269f4788b811,Meghna Singh,6,7,1,0,85.71,https://scores.bcci.tv/matchcentre/playerimages/SdDw9D9t7O1689479450886.png,4acef6b5a64744ecb8a987bf5c8b33b,Jemimah Rodrigues,33,45,0,0,73.33,https://scores.bcci.tv/matchcentre/playerimages/sSnLnKBaky1689479338388.png,2022-100mb00000001432-4f2f03ad3f0e11,Marufa Akter,9.0,55,0,2,6.11,27.0,https://scores.bcci.tv/matchcentre/playerimages/nGB9xd6fKH16861487781432.png,,,100,2,225/4 (50.0 Overs),225,4,50.0,4.5,225/10 (49.3 Overs),225,10,49.3,4.55,,,,,,,,,,,,,,,,,,,,,2,,,,,,,,,,3rd  ODI,,,3.0,227,0,0,,Harleen Deol,,389,77,108,-,-,https://scores.bcci.tv/matchcentre/playerimages/JspLJOnuRx1689479358389.png,,,,,,,,0.0,
134,1200,2,T20,Post,2023-09-21,21 Sep 2023,India (Women) vs Malaysia (Women),09:00,01:00 GMT,2023-09-21,52,India (Women),90,Malaysia (Women),INDW,MALW,120,Pingfeng Cricket Field,No Result - India Women Advances to Semi-Final due to Higher Ranking,Malaysia (Women),Malaysia (Women) Won The Toss And Elected To Field, Won The Toss And Elected To Field,1,173/2 (15.0 Ov),1/0 (0.2 Ov),,2023-09-21 09:00:00,Hangzhou ,,,,,,,,513,411,246,107,52,India (Women),,,,,90,Malaysia (Women),Asia/Kolkata,21 Sep 2023,13:00,15,19,T20,1.0,19Th Asian Games Women Hangzhou 2022,Anand N,Asif Yaqoob,Ruchira Palliyaguruge,No Result - India Women Advances to Semi-Final due to Higher Ranking,https://scores.bcci.tv/matchcentre/teamlogos/india.png,https://scores.bcci.tv/matchcentre/teamlogos/6pr4ZkKhnB1719325408Mal.png,https://scores.bcci.tv/matchcentre/teamlogos/india.png,https://scores.bcci.tv/matchcentre/teamlogos/6pr4ZkKhnB1719325408Mal.png,0,+9.5,2022-100mb00000001053-19ba57ceed9611,Winifred Duraisingam,0,1,0,0,0.0,https://scores.bcci.tv/matchcentre/playerimages/8qKmiKDmkU17079790841053.png,2022-100mb00000001059-ad2ec17ced9811,Ainna Hamizah,1,1,0,0,100.0,https://scores.bcci.tv/matchcentre/playerimages/C4PQtZU1BU17079791481059.png,1c321bd6cf754f6aa8f13a0f49c469d,Pooja Vastrakar,0.2,1,0,0,3.0,0.0,https://scores.bcci.tv/matchcentre/playerimages/Pooja-Vastrakar.jpg,,,100,2,173/2 (15.0 Overs),173,2,15.0,11.53,1/0 (0.2 Overs),1,0,0.2,3,,,,,,,,,,,,,,,,,,,,,2,,,,,,,,,,Quarter Final 1,,,1.0,45,0,0,,,,,-,-,-,-,,Quarter Final 1,,,,,,,0.0,
134,1203,2,T20,Post,2023-09-24,24 Sep 2023,India (Women) vs Bangladesh (Women),09:00,01:00 GMT,2023-09-24,76,Bangladesh (Women),52,India (Women),BANW,INDW,120,Pingfeng Cricket Field,India (Women) Won by 8 Wickets ,Bangladesh (Women),Bangladesh (Women) Won The Toss And Elected To Bat, Won The Toss And Elected To Bat,1,51/10 (17.5 Ov),52/2 (8.2 Ov),,2023-09-24 09:00:00,Hangzhou ,,,,,,,,411,447,246,107,52,India (Women),,,,,76,Bangladesh (Women),Asia/Kolkata,24 Sep 2023,13:00,20,1,T20,2.0,19Th Asian Games Women Hangzhou 2022,Asif Yaqoob,Sarika Prasad,Ruchira Palliyaguruge,India (Women) Won by 8 Wickets ,https://scores.bcci.tv/matchcentre/teamlogos/bng.png,https://scores.bcci.tv/matchcentre/teamlogos/india.png,https://scores.bcci.tv/matchcentre/teamlogos/india.png,https://scores.bcci.tv/matchcentre/teamlogos/bng.png,0,+9.5,4acef6b5a64744ecb8a987bf5c8b33b,Jemimah Rodrigues,20,15,3,0,133.33,https://scores.bcci.tv/matchcentre/playerimages/JEMIMAH-RODRIGUES.png,2023-100mb00000001923-6434314bb39011,Kanika Ahuja,1,2,0,0,50.0,https://scores.bcci.tv/matchcentre/playerimages/3vKHDTbpMV16862157041923.png,2023-100mb00000002148-5ea47edf03ac11,Shorna Akter,0.2,6,0,0,18.0,0.0,https://scores.bcci.tv/matchcentre/playerimages/OxNzyGS9cp16869067402148.png,,,100,2,51/10 (17.5 Overs),51,10,17.5,2.86,52/2 (8.2 Overs),52,2,8.2,6.24,,,,,,,,,,,,,,,,,,,,,2,,,,,,,,,52,Round 1,,,2.0,124,0,0,,,,,-,-,-,-,,,,,,,,,0.0,
134,1204,2,T20,Post,2023-09-25,25 Sep 2023,India (Women) vs Sri Lanka (Women),14:00,06:00 GMT,2023-09-25,52,India (Women),83,Sri Lanka (Women),INDW,SLW,120,Pingfeng Cricket Field,India (Women) Won by 19 Runs ,India (Women),India (Women) Won The Toss And Elected To Bat, Won The Toss And Elected To Bat,1,116/7 (20.0 Ov),97/8 (20.0 Ov),,2023-09-25 14:00:00,Hangzhou ,,,,,,,,173,567,411,107,52,India (Women),,,,,83,Sri Lanka (Women),Asia/Kolkata,25 Sep 2023,18:00,20,1,T20,3.0,19Th Asian Games Women Hangzhou 2022,Masudur Rahman,Mahmood Kharoti,Asif Yaqoob,India (Women) Won by 19 Runs ,https://scores.bcci.tv/matchcentre/teamlogos/india.png,https://scores.bcci.tv/matchcentre/teamlogos/srilanka.png?v=2,https://scores.bcci.tv/matchcentre/teamlogos/india.png,https://scores.bcci.tv/matchcentre/teamlogos/srilanka.png?v=2,0,+9.5,2023-100mb00000002521-2f1e86715acf11,Inoshi Priyadharshani,1,1,0,0,100.0,https://scores.bcci.tv/matchcentre/playerimages/,2022-100mb00000001206-fae90901f0a911,Udeshika Prabodhani,1,1,0,0,100.0,https://scores.bcci.tv/matchcentre/playerimages/UDESHIKA-PRABODHANI.png,f14090f3a8594d77898d01ccf59bdec,Rajeshwari Gayakwad,3.0,20,0,2,6.67,9.0,https://scores.bcci.tv/matchcentre/playerimages/Rajeshwari-Gayakwad.jpg,,,100,2,116/7 (20.0 Overs),116,7,20.0,5.8,97/8 (20.0 Overs),97,8,20.0,4.85,,,,,,,,,,,,,,,,,,,,,2,,,,,,,,,52,Final,,,3.0,97,0,0,,,,,-,-,-,-,,,,,,,,,0.0,
136,1236,8,T20 (N),Post,2023-12-06,6 Dec 2023,India (Women) vs England (Women),19:00,13:30 GMT,2023-12-06,53,England (Women),52,India (Women),ENGW,INDW,21,Wankhede Stadium,England (Women) Won by 38  Runs ,India (Women),India (Women) Won The Toss And Elected To Field, Won The Toss And Elected To Field,1,197/6 (20.0 Ov),159/6 (20.0 Ov),,2023-12-06 19:00:00,Mumbai,,,,,,,,472,483,261,153,52,India (Women),,,,,53,England (Women),Asia/Kolkata,6 Dec 2023,23:30,20,0,T20,1.0,England Women Tour Of India T20 Series 2023-24,Saiyed Khalid,Vrinda Rathi,Rohan Pandit,England (Women) Won by 38  Runs ,https://scores.bcci.tv/matchcentre/teamlogos/england.png?v=1,https://scores.bcci.tv/matchcentre/teamlogos/india.png,https://scores.bcci.tv/matchcentre/teamlogos/india.png,https://scores.bcci.tv/matchcentre/teamlogos/england.png?v=1,0,+9.5,1c321bd6cf754f6aa8f13a0f49c469d,Pooja Vastrakar,11,11,2,0,100.0,https://scores.bcci.tv/matchcentre/playerimages/GfAA9ZHPpi1701864574397.png,934e9959231c4ca3b118005cdbee4e8,Deepti Sharma,3,3,0,0,100.0,https://scores.bcci.tv/matchcentre/playerimages/ojMz5PFVq51701864564395.png,2022-100mb00000001425-6e42c3962e8f11,Lauren Bell,4.0,35,0,0,8.75,0.0,https://scores.bcci.tv/matchcentre/playerimages/vH1OWeJww017018565311425.png,,,,2,197/6 (20.0 Overs),197,6,20.0,9.85,159/6 (20.0 Overs),159,6,20.0,7.95,,,,,,,,,,,,,,,,,,,,,2,,,,,,,,,53,1st T20I,,,1.0,159,0,0,,Natalie Sciver,,409,77,53,1,35,https://scores.bcci.tv/matchcentre/playerimages/SuCIRTjiVD1701856621409.png,,,,,,,,0.0,
136,1237,8,T20 (N),Post,2023-12-09,9 Dec 2023,India (Women) vs England (Women),19:00,13:30 GMT,2023-12-09,52,India (Women),53,England (Women),INDW,ENGW,21,Wankhede Stadium,England (Women) Won by 4  Wickets ,England (Women),England (Women) Won The Toss And Elected To Field, Won The Toss And Elected To Field,1,80/10 (16.2 Ov),82/6 (11.2 Ov),,2023-12-09 19:00:00,Mumbai,,,,,,,,556,261,483,153,52,India (Women),,,,,53,England (Women),Asia/Kolkata,9 Dec 2023,23:00,20,0,T20,2.0,England Women Tour Of India T20 Series 2023-24,N Janani,Rohan Pandit,Vrinda Rathi,England (Women) Won by 4  Wickets ,https://scores.bcci.tv/matchcentre/teamlogos/india.png,https://scores.bcci.tv/matchcentre/teamlogos/england.png?v=1,https://scores.bcci.tv/matchcentre/teamlogos/india.png,https://scores.bcci.tv/matchcentre/teamlogos/england.png?v=1,0,+9.5,c275f649a3e649cc97dbebd498171c8,Sophie Ecclestone,9,5,1,0,180.0,https://scores.bcci.tv/matchcentre/playerimages/l8ikxHLLz71701856607406.png,4d9ba70bfd9743669ad21842b533e62,Heather Knight,7,7,1,0,100.0,https://scores.bcci.tv/matchcentre/playerimages/H6FToqvk4I1701856638412.png,2023-100mb00000001928-e5758770b39011,Shreyanka Patil,0.2,6,0,0,18.0,0.0,https://scores.bcci.tv/matchcentre/playerimages/dXvKNzcj1k17018644771928.png,,,,2,80/10 (16.2 Overs),80,10,16.2,4.9,82/6 (11.2 Overs),82,6,11.2,7.24,,,,,,,,,,,,,,,,,,,,,2,,,,,,,,,53,2nd  T20I,,,2.0,144,0,0,,Charlie Dean,,943,-,-,2,16,https://scores.bcci.tv/matchcentre/playerimages/5KFtnXJjas1663575923943.png,,,,,,,,0.0,
136,1238,8,T20 (N),Post,2023-12-10,10 Dec 2023,India (Women) vs England (Women),19:00,13:30 GMT,2023-12-10,53,England (Women),52,India (Women),ENGW,INDW,21,Wankhede Stadium,India (Women) Won by 5  Wickets ,England (Women),England (Women) Won The Toss And Elected To Bat, Won The Toss And Elected To Bat,1,126/10 (20.0 Ov),127/5 (19.0 Ov),,2023-12-10 19:00:00,Mumbai,,,,,,,,525,483,484,153,52,India (Women),,,,,53,England (Women),Asia/Kolkata,10 Dec 2023,23:30,20,0,T20,3.0,England Women Tour Of India T20 Series 2023-24,Khalid Saiyed,Vrinda Rathi,Janani N,India (Women) Won by 5  Wickets ,https://scores.bcci.tv/matchcentre/teamlogos/england.png?v=1,https://scores.bcci.tv/matchcentre/teamlogos/india.png,https://scores.bcci.tv/matchcentre/teamlogos/india.png,https://scores.bcci.tv/matchcentre/teamlogos/england.png?v=1,0,+9.5,2022-100mb00000001680-8a371a12874411,Amanjot Kaur,10,4,2,0,250.0,https://scores.bcci.tv/matchcentre/playerimages/UQS9A8syWU17018644301680.png,45e022a459e64a3eb0391acc0db5efa,Harmanpreet Kaur,6,8,0,0,75.0,https://scores.bcci.tv/matchcentre/playerimages/kTJXxI4Xmg1701864497387.png,c275f649a3e649cc97dbebd498171c8,Sophie Ecclestone,4.0,40,0,2,10.0,12.0,https://scores.bcci.tv/matchcentre/playerimages/l8ikxHLLz71701856607406.png,,,,2,126/10 (20.0 Overs),126,10,20.0,6.3,127/5 (19.0 Overs),127,5,19.0,6.68,,,,,,,,,,,,,,,,,,,,,2,,,,,,,,,52,3rd  T20I,,,3.0,133,0,0,,Shreyanka Patil,,1928,-,-,3,19,https://scores.bcci.tv/matchcentre/playerimages/dXvKNzcj1k17018644771928.png,,,,,,,,0.0,
137,1235,6,Multi Day,Post,2023-12-14,14 Dec 2023,India (Women) vs England (Women),09:30,04:00 GMT,2023-12-14,52,India (Women),53,England (Women),INDW,ENGW,69,DY Patil Stadium,India (Women) Won by 347  Runs ,India (Women),India (Women) Won The Toss And Elected To Bat, Won The Toss And Elected To Bat,1,428/10 (104.3 Ov) & 186/6 dec (42.0 Ov),136/10 (35.3 Ov) & 131/10 (27.3 Ov),,2023-12-14 09:30:00,NAVI MUMBAI,,,,,,,,159,483,87,121,52,India (Women),,,,,53,England (Women),Asia/Kolkata,17 Dec 2023,22:30,90,0,Test,1.0,England Women Tour Of India Test Series 2023-24,KN Ananthapadmanabhan,Vrinda Rathi,Virender Kumar Sharma,India (Women) Won by 347  Runs ,https://scores.bcci.tv/matchcentre/teamlogos/india.png,https://scores.bcci.tv/matchcentre/teamlogos/england.png?v=1,https://scores.bcci.tv/matchcentre/teamlogos/india.png,https://scores.bcci.tv/matchcentre/teamlogos/england.png?v=1,0,+9.5,2022-100mb00000001425-6e42c3962e8f11,Lauren Bell,8,6,2,0,133.33,https://scores.bcci.tv/matchcentre/playerimages/alQhuYr7ip17025374221425.png,2022-100mb00000000943-5e52cc1999f511,Charlie Dean,20,33,3,0,60.6,https://scores.bcci.tv/matchcentre/playerimages/vKouQCMYeV1702537582943.png,f14090f3a8594d77898d01ccf59bdec,Rajeshwari Gayakwad,5.3,20,1,2,3.64,16.5,https://scores.bcci.tv/matchcentre/playerimages/DIKzEiZS9u1702538089393.png,,,100,4,428/10 (104.3 Overs),428,10,104.3,4.1,136/10 (35.3 Overs),136,10,35.3,3.83,186/6 dec (42.0 Overs),186,6 dec,42.0,4.43,131/10 (27.3 Overs),131,10,27.3,4.76,,,,,,,,,,,2,52,India (Women),53,England (Women),,,,,52,1st Test,,,1.0,0,0,0,,Deepti Sharma,,395,67,113,5,7,https://scores.bcci.tv/matchcentre/playerimages/pIPLQojUTc1702538008395.png,,,,,,,,0.0,
138,1239,6,Multi Day,Post,2023-12-21,21 Dec 2023,India (Women) vs Australia (Women),09:30,04:00 GMT,2023-12-21,55,Australia (Women),52,India (Women),AUSW,INDW,21,Wankhede Stadium,India (Women) Won by 8  Wickets ,Australia (Women),Australia (Women) Won The Toss And Elected To Bat, Won The Toss And Elected To Bat,1,219/10 (77.4 Ov) & 261/10 (105.4 Ov),406/10 (126.3 Ov) & 75/2 (18.4 Ov),,2023-12-21 09:30:00,Mumbai,,,,,,,,44,556,221,121,52,India (Women),,,,,55,Australia (Women),Asia/Kolkata,24 Dec 2023,23:00,90,0,Test,1.0,Australia Women Tour Of India Test Series 2023-24,Anil Chaudhary,N Janani,Madanagopal Jayaraman,India (Women) Won by 8  Wickets ,https://scores.bcci.tv/matchcentre/teamlogos/aus.png?v=6,https://scores.bcci.tv/matchcentre/teamlogos/india.png,https://scores.bcci.tv/matchcentre/teamlogos/india.png,https://scores.bcci.tv/matchcentre/teamlogos/aus.png?v=6,0,+9.5,5e06fdb22a3c493093228705309b237,Smriti Mandhana,38,61,6,0,62.29,https://scores.bcci.tv/matchcentre/playerimages/Kzgj7U1WHo1702994574401.png,4acef6b5a64744ecb8a987bf5c8b33b,Jemimah Rodrigues,12,15,2,0,80.0,https://scores.bcci.tv/matchcentre/playerimages/J9W0dBFvBK1702994492388.png,5b3a13648ab348628d3b44ee088ea2a,Jess Jonassen,2.4,16,0,0,6.0,0.0,https://scores.bcci.tv/matchcentre/playerimages/buG052XCcw1702992323418.png,,,80.19,4,219/10 (77.4 Overs),219,10,77.4,2.82,406/10 (126.3 Overs),406,10,126.3,3.21,261/10 (105.4 Overs),261,10,105.4,2.47,75/2 (18.4 Overs),75,2,18.4,4.02,,,,,,,,,,,2,55,Australia (Women),52,India (Women),,,,,52,1st Test,,,1.0,0,0,0,,Sneh Rana,,887,9,57,3,56,https://scores.bcci.tv/matchcentre/playerimages/9RElbhRhSk1703394376887.png,,,,,,,,0.0,
139,1240,1,One Day D/N,Post,2023-12-28,28 Dec 2023,India (Women) vs Australia (Women),13:30,08:00 GMT,2023-12-28,52,India (Women),55,Australia (Women),INDW,AUSW,21,Wankhede Stadium,Australia (Women) Won by 6   Wickets ,India (Women),India (Women) Won The Toss And Elected To Bat, Won The Toss And Elected To Bat,1,282/8 (50.0 Ov),285/4 (46.3 Ov),,2023-12-28 13:30:00,Mumbai,,,,,,,,455,485,483,151,52,India (Women),,,,,55,Australia (Women),Asia/Kolkata,28 Dec 2023,23:30,50,0,ODI,1.0,Australia Women Tour Of India Odi Series 2023-24,Sai Darshan Kumar,Gayathri Venugopalan,Vrinda Rathi,Australia (Women) Won by 6   Wickets ,https://scores.bcci.tv/matchcentre/teamlogos/india.png,https://scores.bcci.tv/matchcentre/teamlogos/aus.png?v=6,https://scores.bcci.tv/matchcentre/teamlogos/india.png,https://scores.bcci.tv/matchcentre/teamlogos/aus.png?v=6,0,+9.5,2022-100mb00000000968-0f3b7a899a1511,Tahlia Mcgrath,68,55,11,0,123.63,https://scores.bcci.tv/matchcentre/playerimages/0FagzwWO0n1703005153968.png,ca9fa0fd291c4c1a9da5e68ab50a354,Ashleigh Gardner,7,13,0,0,53.84,https://scores.bcci.tv/matchcentre/playerimages/6OwyBZ5tEd1703004963428.png,2022-100mb00000000887-2bd71c2988b911,Sneh Rana,9.3,54,0,1,5.68,57.0,https://scores.bcci.tv/matchcentre/playerimages/1rme8CEZiR1703696554887.png,,,96.50,2,282/8 (50.0 Overs),282,8,50.0,5.64,285/4 (46.3 Overs),285,4,46.3,6.13,,,,,,,,,,,,,,,,,,,,,2,,,,,,,,,55,1st ODI,,,1.0,306,0,0,,Phoebe Litchfield,,1639,78,89,-,-,https://scores.bcci.tv/matchcentre/playerimages/kmJbqDc9KE17030051381639.png,,,,,,,,0.0,
139,1241,1,One Day D/N,Post,2023-12-30,30 Dec 2023,India (Women) vs Australia (Women),13:30,08:00 GMT,2023-12-30,55,Australia (Women),52,India (Women),AUSW,INDW,21,Wankhede Stadium,Australia (Women) Won by 3  Runs ,Australia (Women),Australia (Women) Won The Toss And Elected To Bat, Won The Toss And Elected To Bat,1,258/8 (50.0 Ov),255/8 (50.0 Ov),,2023-12-30 13:30:00,Mumbai,,,,,,,,129,483,455,151,52,India (Women),,,,,55,Australia (Women),Asia/Kolkata,30 Dec 2023,23:30,50,0,ODI,2.0,Australia Women Tour Of India Odi Series 2023-24,Navdeep Singh,Vrinda Rathi,Sai Darshan Kumar,Australia (Women) Won by 3  Runs ,https://scores.bcci.tv/matchcentre/teamlogos/aus.png?v=6,https://scores.bcci.tv/matchcentre/teamlogos/india.png,https://scores.bcci.tv/matchcentre/teamlogos/india.png,https://scores.bcci.tv/matchcentre/teamlogos/aus.png?v=6,0,+9.5,2023-100mb00000001928-e5758770b39011,Shreyanka Patil,5,2,1,0,250.0,https://scores.bcci.tv/matchcentre/playerimages/nlW0nrdR5V17036963451928.png,934e9959231c4ca3b118005cdbee4e8,Deepti Sharma,24,36,1,0,66.66,https://scores.bcci.tv/matchcentre/playerimages/wnPTAJp5fo1703679764395.png,2020023e04d64bd011ea9b3802322e7,Annabel Sutherland,9.0,47,0,3,5.22,18.0,https://scores.bcci.tv/matchcentre/playerimages/rsVBkvgr2Y1703004948430.png,,,99.83,2,258/8 (50.0 Overs),258,8,50.0,5.16,255/8 (50.0 Overs),255,8,50.0,5.1,,,,,,,,,,,,,,,,,,,,,2,,,,,,,,,55,2nd  ODI,,,2.0,254,0,0,,Annabel Sutherland,,430,23,29,3,47,https://scores.bcci.tv/matchcentre/playerimages/rsVBkvgr2Y1703004948430.png,,,,,,,,0.0,
139,1242,1,One Day D/N,Post,2024-01-02,2 Jan 2024,India (Women) vs Australia (Women),13:30,08:00 GMT,2024-01-02,55,Australia (Women),52,India (Women),AUSW,INDW,21,Wankhede Stadium,Australia (Women) Won by 190  Runs ,Australia (Women),Australia (Women) Won The Toss And Elected To Bat, Won The Toss And Elected To Bat,1,338/7 (50.0 Ov),148/10 (32.4 Ov),,2024-01-02 13:30:00,Mumbai,,,,,,,,485,455,129,151,52,India (Women),,,,,55,Australia (Women),Asia/Kolkata,2 Jan 2024,23:30,50,0,ODI,3.0,Australia Women Tour Of India Odi Series 2023-24,Gayathri Venugopalan,Sai Darshan Kumar,Navdeep Singh,Australia (Women) Won by 190  Runs ,https://scores.bcci.tv/matchcentre/teamlogos/aus.png?v=6,https://scores.bcci.tv/matchcentre/teamlogos/india.png,https://scores.bcci.tv/matchcentre/teamlogos/india.png,https://scores.bcci.tv/matchcentre/teamlogos/aus.png?v=6,0,+9.5,2022-100mb00000001650-5eb178dd7f7211,Mannat Kashyap,8,15,1,0,53.33,https://scores.bcci.tv/matchcentre/playerimages/lxtSYmWV7J17036963101650.png,934e9959231c4ca3b118005cdbee4e8,Deepti Sharma,25,39,2,0,64.1,https://scores.bcci.tv/matchcentre/playerimages/wnPTAJp5fo1703679764395.png,845495abeecf4264b23a6e2275f53f7,Georgia Wareham,6.4,23,0,3,3.45,13.33,https://scores.bcci.tv/matchcentre/playerimages/drCOFP5Fks1703005071423.png,,,82.67,2,338/7 (50.0 Overs),338,7,50.0,6.76,148/10 (32.4 Overs),148,10,32.4,4.53,,,,,,,,,,,,,,,,,,,,,2,,,,,,,,,55,3rd  ODI,,,3.0,226,0,0,,Phoebe Litchfield,,1639,119,125,-,-,https://scores.bcci.tv/matchcentre/playerimages/kmJbqDc9KE17030051381639.png,,,,,,,,0.0,
140,1243,8,T20 (N),Post,2024-01-05,5 Jan 2024,India (Women) vs Australia (Women),19:00,13:30 GMT,2024-01-05,55,Australia (Women),52,India (Women),AUSW,INDW,69,DY Patil Stadium,India (Women) Won by 9  Wickets ,India (Women),India (Women) Won The Toss And Elected To Field, Won The Toss And Elected To Field,1,141/10 (19.2 Ov),145/1 (17.4 Ov),,2024-01-05 19:00:00,NAVI MUMBAI,,,,,,,,556,527,56,152,52,India (Women),,,,,55,Australia (Women),Asia/Kolkata,5 Jan 2024,23:30,20,0,T20,1.0,Australia Women Tour Of India T20 Series 2023-24,N Janani,VINOD SESHAN,M Kuppuraj,India (Women) Won by 9  Wickets ,https://scores.bcci.tv/matchcentre/teamlogos/aus.png?v=6,https://scores.bcci.tv/matchcentre/teamlogos/india.png,https://scores.bcci.tv/matchcentre/teamlogos/india.png,https://scores.bcci.tv/matchcentre/teamlogos/aus.png?v=6,0,+9.5,4acef6b5a64744ecb8a987bf5c8b33b,Jemimah Rodrigues,6,11,1,0,54.54,https://scores.bcci.tv/matchcentre/playerimages/9w2WUMNMPe1703680199388.png,20196b991076ecad11e9ab5002322e7,Shafali Verma,64,44,6,3,145.45,https://scores.bcci.tv/matchcentre/playerimages/lm7xSZd3LY1703680239398.png,845495abeecf4264b23a6e2275f53f7,Georgia Wareham,3.4,20,0,1,5.45,22.0,https://scores.bcci.tv/matchcentre/playerimages/OwFTnMZpbf1703681508423.png,,,,2,141/10 (19.2 Overs),141,10,19.2,7.29,145/1 (17.4 Overs),145,1,17.4,8.21,,,,,,,,,,,,,,,,,,,,,2,,,,,,,,,52,1st T20I,,,1.0,164,0,0,,Titas Sadhu,,1652,-,-,4,17,https://scores.bcci.tv/matchcentre/playerimages/BLS3J5ySfG17036801091652.png,,,,,,,,0.0,
140,1244,8,T20 (N),Post,2024-01-07,7 Jan 2024,India (Women) vs Australia (Women),19:00,13:30 GMT,2024-01-07,52,India (Women),55,Australia (Women),INDW,AUSW,69,DY Patil Stadium,Australia (Women) Won by 6  Wickets ,Australia (Women),Australia (Women) Won The Toss And Elected To Field, Won The Toss And Elected To Field,1,130/8 (20.0 Ov),133/4 (19.0 Ov),,2024-01-07 19:00:00,NAVI MUMBAI,,,,,,,,485,56,527,152,52,India (Women),,,,,55,Australia (Women),Asia/Kolkata,7 Jan 2024,23:30,20,0,T20,2.0,Australia Women Tour Of India T20 Series 2023-24,Gayathri Venugopalan,M Kuppuraj,VINOD SESHAN,Australia (Women) Won by 6  Wickets ,https://scores.bcci.tv/matchcentre/teamlogos/india.png,https://scores.bcci.tv/matchcentre/teamlogos/aus.png?v=6,https://scores.bcci.tv/matchcentre/teamlogos/india.png,https://scores.bcci.tv/matchcentre/teamlogos/aus.png?v=6,0,+9.5,934e9959231c4ca3b118005cdbee4e8,Deepti Sharma,30,27,5,0,111.11,https://scores.bcci.tv/matchcentre/playerimages/m63ax4Yj7l1703680211395.png,2023-100mb00000001928-e5758770b39011,Shreyanka Patil,7,8,1,0,87.5,https://scores.bcci.tv/matchcentre/playerimages/Gv9uNPapi317036801601928.png,0f13d2a5887a4e7fb2cb5b61cb2f037,Megan Schutt,4.0,29,0,0,7.25,0.0,https://scores.bcci.tv/matchcentre/playerimages/,,,,2,130/8 (20.0 Overs),130,8,20.0,6.5,133/4 (19.0 Overs),133,4,19.0,7,,,,,,,,,,,,,,,,,,,,,2,,,,,,,,,55,2nd  T20I,,,2.0,140,0,0,,Kim Garth,,1640,-,-,2,27,https://scores.bcci.tv/matchcentre/playerimages/VVHGcLu5Gr17036815371640.png,,,,,,,,0.0,
140,1245,8,T20 (N),Post,2024-01-09,9 Jan 2024,India (Women) vs Australia (Women),19:00,13:30 GMT,2024-01-09,52,India (Women),55,Australia (Women),INDW,AUSW,69,DY Patil Stadium,Australia (Women) Won by 7  Wickets ,Australia (Women),Australia (Women) Won The Toss And Elected To Field, Won The Toss And Elected To Field,1,147/6 (20.0 Ov),149/3 (18.4 Ov),,2024-01-09 19:00:00,NAVI MUMBAI,,,,,,,,485,527,556,152,52,India (Women),,,,,55,Australia (Women),Asia/Kolkata,9 Jan 2024,23:30,20,0,T20,3.0,Australia Women Tour Of India T20 Series 2023-24,Gayathri Venugopalan,VINOD SESHAN,N Janani,Australia (Women) Won by 7  Wickets ,https://scores.bcci.tv/matchcentre/teamlogos/india.png,https://scores.bcci.tv/matchcentre/teamlogos/aus.png?v=6,https://scores.bcci.tv/matchcentre/teamlogos/india.png,https://scores.bcci.tv/matchcentre/teamlogos/aus.png?v=6,0,+9.5,90c5749aaac341cd9758a32096fca5c,Beth Mooney,52,45,5,0,115.55,https://scores.bcci.tv/matchcentre/playerimages/rSpg9sbcK21703681466422.png,2022-100mb00000001639-de4a2ca0722c11,Phoebe Litchfield,17,13,3,0,130.76,https://scores.bcci.tv/matchcentre/playerimages/rw9LCtcg8z17036815691639.png,1c321bd6cf754f6aa8f13a0f49c469d,Pooja Vastrakar,3.4,26,0,2,7.09,11.0,https://scores.bcci.tv/matchcentre/playerimages/W9C1udtDHj1703680223397.png,,,,2,147/6 (20.0 Overs),147,6,20.0,7.35,149/3 (18.4 Overs),149,3,18.4,7.98,,,,,,,,,,,,,,,,,,,,,2,,,,,,,,,55,3rd  T20I,,,3.0,159,0,0,,Annabel Sutherland,,430,-,-,2,12,https://scores.bcci.tv/matchcentre/playerimages/zn5jRAge4Z1703681440430.png,,,,,,,,0.0,
158,1558,9,One Day WarmUp Practice,Post,2024-06-13,13 Jun 2024,Board President XI (Women) vs South Africa (Women),13:30,08:00 GMT,2024-06-13,229,Board President XI (Women),54,South Africa (Women),BPXIW,SAW,12,M Chinnaswamy Stadium,No Result,Board President XI (Women),Board President Xi (Women) Won The Toss And Elected To Bat, Won The Toss And Elected To Bat,1,71/1 (14.0 Ov),,,2024-06-13 13:30:00,Bengaluru,,,,,,,,484,558,0,87,229,Board President XI (Women),,,,,54,South Africa (Women),Asia/Kolkata,13 Jun 2024,23:59,50,0,Warm Up Practice Match,1.0,South Africa Women Tour Of India Warm Up Match 2024,Janani N,Ananthapadmanabhan N,,No Result,https://scores.bcci.tv/matchcentre/teamlogos/3rZEXbgE201717491912india.png,https://scores.bcci.tv/matchcentre/teamlogos/rP928la9Yi1724744471LlZ2REbyDx1690461185sa.png,https://scores.bcci.tv/matchcentre/teamlogos/3rZEXbgE201717491912india.png,https://scores.bcci.tv/matchcentre/teamlogos/rP928la9Yi1724744471LlZ2REbyDx1690461185sa.png,0,+9.5,2022-100mb00000001658-9488adf87f7311,Shweta Sehrawat,24,33,4,0,72.72,https://scores.bcci.tv/matchcentre/playerimages/2bLDnTCUPt16862159241658.png,2023-100mb00000002715-1b88f733936011,Shubha Satheesh,18,20,2,0,90.0,https://scores.bcci.tv/matchcentre/playerimages/,2019890a650febdb11e9ab5002322e7,Nondumiso Shangase,1.0,1,0,0,1.0,0.0,https://scores.bcci.tv/matchcentre/playerimages/1xSm1iXvyl1718182498446.png,,,,1,71/1 (14.0 Overs),71,1,14.0,5.07,,,,,,,,,,,,,,,,,,,,,,,,,,2,,,,,,,,,,Warm Up Practice Match,,,1.0,253,431,503,,,,,-,-,-,-,,,,,,,,,0.0,
154,1498,1,One Day D/N,Post,2024-06-16,16 Jun 2024,India (Women) vs South Africa (Women),13:30,08:00 GMT,2024-06-16,52,India (Women),54,South Africa (Women),INDW,SAW,12,M Chinnaswamy Stadium,India (Women) Won by 143  Runs ,India (Women),India (Women) Won The Toss And Elected To Bat, Won The Toss And Elected To Bat,1,265/8 (50.0 Ov),122/10 (37.4 Ov),,2024-06-16 13:30:00,Bengaluru,,,,,,,,498,261,159,87,52,India (Women),,,,,54,South Africa (Women),Asia/Kolkata,16 Jun 2024,22:30,50,0,ODI,1.0,South Africa Women Tour Of India Odi Series 2024,Nimali Perera,Rohan Pandit,KN Ananthapadmanabhan,India (Women) Won by 143  Runs ,https://scores.bcci.tv/matchcentre/teamlogos/india.png,https://scores.bcci.tv/matchcentre/teamlogos/rP928la9Yi1724744471LlZ2REbyDx1690461185sa.png,https://scores.bcci.tv/matchcentre/teamlogos/india.png,https://scores.bcci.tv/matchcentre/teamlogos/rP928la9Yi1724744471LlZ2REbyDx1690461185sa.png,0,+9.5,cc48836a443d4f22aed6b4d0e1b3103,Ayabonga Khaka,0,7,0,0,0.0,https://scores.bcci.tv/matchcentre/playerimages/szk6j8E52a1718182693442.png,2022-100mb00000000947-7fbbe0469a0411,Sinalo Jafta,27,30,4,0,90.0,https://scores.bcci.tv/matchcentre/playerimages/mPBVaCw5eJ1718182745947.png,2023-100mb00000001920-1e6c1fc5b39011,Sobhana Asha,8.4,21,2,4,2.42,13.0,https://scores.bcci.tv/matchcentre/playerimages/pDvHeqgeXh17184203631920.png,,,87.67,2,265/8 (50.0 Overs),265,8,50.0,5.3,122/10 (37.4 Overs),122,10,37.4,3.24,,,,,,,,,,,,,,,,,,,,,1,,,,,,,,,52,1st ODI,,,1.0,162,0,0,,Smriti Mandhana,,401,117,127,-,-,https://scores.bcci.tv/matchcentre/playerimages/8xllIAnJpw1718420487401.png,,,,,,,,0.0,
154,1499,1,One Day D/N,Post,2024-06-19,19 Jun 2024,India (Women) vs South Africa (Women),13:30,08:00 GMT,2024-06-19,52,India (Women),54,South Africa (Women),INDW,SAW,12,M Chinnaswamy Stadium,India (Women) Won by 4  Runs ,South Africa (Women),South Africa (Women) Won The Toss And Elected To Field, Won The Toss And Elected To Field,1,325/3 (50.0 Ov),321/6 (50.0 Ov),,2024-06-19 13:30:00,Bengaluru,,,,,,,,159,484,498,87,52,India (Women),,,,,54,South Africa (Women),Asia/Kolkata,19 Jun 2024,22:30,50,0,ODI,2.0,South Africa Women Tour Of India Odi Series 2024,KN Ananthapadmanabhan,Janani N,Nimali Perera,India (Women) Won by 4  Runs ,https://scores.bcci.tv/matchcentre/teamlogos/india.png,https://scores.bcci.tv/matchcentre/teamlogos/rP928la9Yi1724744471LlZ2REbyDx1690461185sa.png,https://scores.bcci.tv/matchcentre/teamlogos/india.png,https://scores.bcci.tv/matchcentre/teamlogos/rP928la9Yi1724744471LlZ2REbyDx1690461185sa.png,0,+9.5,7c2c9d0886fa4046bea0f079e7e0f95,Laura Wolvaardt,135,135,12,3,100.0,https://scores.bcci.tv/matchcentre/playerimages/FuWXPh9EI31718182648436.png,2024-100mb00000003272-e757f94b224411,Mieke De Ridder,0,1,0,0,0.0,https://scores.bcci.tv/matchcentre/playerimages/5RVlxW5awl17181826133272.png,1c321bd6cf754f6aa8f13a0f49c469d,Pooja Vastrakar,7.0,54,0,2,7.71,21.0,https://scores.bcci.tv/matchcentre/playerimages/g2zDqT6r6y1718420439397.png,,,99.83,2,325/3 (50.0 Overs),325,3,50.0,6.5,321/6 (50.0 Overs),321,6,50.0,6.42,,,,,,,,,,,,,,,,,,,,,1,,,,,,,,,52,2nd  ODI,,,2.0,321,0,0,,Harmanpreet Kaur,,387,103,88,-,-,https://scores.bcci.tv/matchcentre/playerimages/NrWyuvwa3Q1718420392387.png,,,,,,,,0.0,
154,1500,1,One Day D/N,Post,2024-06-23,23 Jun 2024,India (Women) vs South Africa (Women),13:30,08:00 GMT,2024-06-23,54,South Africa (Women),52,India (Women),SAW,INDW,12,M Chinnaswamy Stadium,India (Women) Won by 6  Wickets ,South Africa (Women),South Africa (Women) Won The Toss And Elected To Bat, Won The Toss And Elected To Bat,1,215/8 (50.0 Ov),220/4 (40.4 Ov),,2024-06-23 13:30:00,Bengaluru,,,,,,,,484,498,261,87,52,India (Women),,,,,54,South Africa (Women),Asia/Kolkata,23 Jun 2024,22:30,50,0,ODI,3.0,South Africa Women Tour Of India Odi Series 2024,Janani N,Nimali Perera,Rohan Pandit,India (Women) Won by 6  Wickets ,https://scores.bcci.tv/matchcentre/teamlogos/rP928la9Yi1724744471LlZ2REbyDx1690461185sa.png,https://scores.bcci.tv/matchcentre/teamlogos/india.png,https://scores.bcci.tv/matchcentre/teamlogos/india.png,https://scores.bcci.tv/matchcentre/teamlogos/rP928la9Yi1724744471LlZ2REbyDx1690461185sa.png,0,+9.5,20200f9bf4944bce11ea9b3802322e7,Richa Ghosh,6,3,0,1,200.0,https://scores.bcci.tv/matchcentre/playerimages/zp1ckS4So31718420464399.png,4acef6b5a64744ecb8a987bf5c8b33b,Jemimah Rodrigues,19,31,1,0,61.29,https://scores.bcci.tv/matchcentre/playerimages/rI3usxJL731718420404388.png,1754215f21e54a3c95479db74d8fee3,Tumi Sekhukhune,8.4,43,0,1,4.96,52.0,https://scores.bcci.tv/matchcentre/playerimages/ZMegMcmcWS1718182675441.png,,,90.67,2,215/8 (50.0 Overs),215,8,50.0,4.3,220/4 (40.4 Overs),220,4,40.4,5.41,,,,,,,,,,,,,,,,,,,,,1,,,,,,,,,52,3rd  ODI,,,3.0,270,0,0,,Deepti Sharma,,395,-,-,2,27,https://scores.bcci.tv/matchcentre/playerimages/wYsbQRQ8VG1718420424395.png,,,,,,,,0.0,
155,1501,6,Multi Day,Post,2024-06-28,28 Jun 2024,India (Women) vs South Africa (Women),09:30,04:00 GMT,2024-06-28,52,India (Women),54,South Africa (Women),INDW,SAW,18,MA Chidambaram Stadium,India (Women) Won by 10  Wickets ,India (Women),India (Women) Won The Toss And Elected To Bat, Won The Toss And Elected To Bat,1,603/6 dec (115.1 Ov) & 37/0 (9.2 Ov),266/10 (84.3 Ov) & 373/10 (154.4 Ov),,2024-06-28 09:30:00,Chennai,,,,,,,,87,485,221,121,52,India (Women),,,,,54,South Africa (Women),Asia/Kolkata,1 Jul 2024,17:30,90,0,Test,1.0,South Africa Women Tour Of India Test Series 2024,Virender Kumar Sharma,Gayathri Venugopalan,Madanagopal Jayaraman,India (Women) Won by 10  Wickets ,https://scores.bcci.tv/matchcentre/teamlogos/india.png,https://scores.bcci.tv/matchcentre/teamlogos/rP928la9Yi1724744471LlZ2REbyDx1690461185sa.png,https://scores.bcci.tv/matchcentre/teamlogos/india.png,https://scores.bcci.tv/matchcentre/teamlogos/rP928la9Yi1724744471LlZ2REbyDx1690461185sa.png,0,+9.5,2023-100mb00000002715-1b88f733936011,Shubha Satheesh,13,26,1,0,50.0,https://scores.bcci.tv/matchcentre/playerimages/3OzH3qxQrr17194892562715.png,20196b991076ecad11e9ab5002322e7,Shafali Verma,24,30,3,1,80.0,https://scores.bcci.tv/matchcentre/playerimages/0wyk1Zt3w41719489327398.png,2023-100mb00000001710-03287c3e970011,Delmi Tucker,4.2,19,0,0,4.38,0.0,https://scores.bcci.tv/matchcentre/playerimages/FwIS4IpfqC17194855771710.png,,,77.59,4,603/6 dec (115.1 Overs),603,6 dec,115.1,5.24,266/10 (84.3 Overs),266,10,84.3,3.15,373/10 (154.4 Overs),373,10,154.4,2.41,37/0 (9.2 Overs),37,0,9.2,3.96,,,,,,,,,,,1,54,South Africa (Women),52,India (Women),,,,,52,Test,,,1.0,0,0,0,,Sneh Rana,,887,-,-,8,77,https://scores.bcci.tv/matchcentre/playerimages/li2KxTc4Iq1719489393887.png,,,,,,,,0.0,
156,1502,8,T20 (N),Post,2024-07-05,5 Jul 2024,India (Women) vs South Africa (Women),19:00,13:30 GMT,2024-07-05,54,South Africa (Women),52,India (Women),SAW,INDW,18,MA Chidambaram Stadium,South Africa (Women) Won by 12   Runs ,India (Women),India (Women) Won The Toss And Elected To Field, Won The Toss And Elected To Field,1,189/4 (20.0 Ov),177/4 (20.0 Ov),,2024-07-05 19:00:00,Chennai,,,,,,,,221,483,87,121,52,India (Women),,,,,54,South Africa (Women),Asia/Kolkata,5 Jul 2024,23:59,20,0,T20,1.0,South Africa Women Tour Of India T20 Series 2024,Madanagopal Jayaraman,Vrinda Rathi,Virender Kumar Sharma,South Africa (Women) Won by 12   Runs ,https://scores.bcci.tv/matchcentre/teamlogos/rP928la9Yi1724744471LlZ2REbyDx1690461185sa.png,https://scores.bcci.tv/matchcentre/teamlogos/india.png,https://scores.bcci.tv/matchcentre/teamlogos/india.png,https://scores.bcci.tv/matchcentre/teamlogos/rP928la9Yi1724744471LlZ2REbyDx1690461185sa.png,0,+9.5,45e022a459e64a3eb0391acc0db5efa,Harmanpreet Kaur,35,29,5,0,120.68,https://scores.bcci.tv/matchcentre/playerimages/Ix5jIiBK3z1720155162387.png,4acef6b5a64744ecb8a987bf5c8b33b,Jemimah Rodrigues,53,30,7,1,176.66,https://scores.bcci.tv/matchcentre/playerimages/aRqZhNE6OV1720155170388.png,2019767fe6b9ebd911e9ab5002322e7,Nonkululeko Mlaba,4.0,32,0,1,8.0,24.0,https://scores.bcci.tv/matchcentre/playerimages/Dth4hm9k1w1720156026444.png,,,,2,189/4 (20.0 Overs),189,4,20.0,9.45,177/4 (20.0 Overs),177,4,20.0,8.85,,,,,,,,,,,,,,,,,,,,,1,,,,,,,,,54,1st T20I,,,1.0,177,0,0,,Tazmin Brits,,949,81,56,-,-,https://scores.bcci.tv/matchcentre/playerimages/ulynaIDmMO1720156055949.png,,,,,,,,0.0,
156,1503,8,T20 (N),Post,2024-07-07,7 Jul 2024,India (Women) vs South Africa (Women),19:00,13:30 GMT,2024-07-07,54,South Africa (Women),52,India (Women),SAW,INDW,18,MA Chidambaram Stadium,No Result,India (Women),India (Women) Won The Toss And Elected To Field, Won The Toss And Elected To Field,1,177/6 (20.0 Ov),,,2024-07-07 19:00:00,Chennai,,,,,,,,485,87,221,121,52,India (Women),,,,,54,South Africa (Women),Asia/Kolkata,7 Jul 2024,23:59,20,0,T20,2.0,South Africa Women Tour Of India T20 Series 2024,Gayathri Venugopalan,Virender Kumar Sharma,Madanagopal Jayaraman,No Result,https://scores.bcci.tv/matchcentre/teamlogos/rP928la9Yi1724744471LlZ2REbyDx1690461185sa.png,https://scores.bcci.tv/matchcentre/teamlogos/india.png,https://scores.bcci.tv/matchcentre/teamlogos/india.png,https://scores.bcci.tv/matchcentre/teamlogos/rP928la9Yi1724744471LlZ2REbyDx1690461185sa.png,0,+9.5,2023-100mb00000001709-f1da89c196ff11,Annerie Dercksen,12,3,3,0,400.0,https://scores.bcci.tv/matchcentre/playerimages/qyWfmhDHnS17201559111709.png,2024-100mb00000003271-d7f36e0e224411,Eliz mari Marx,1,2,0,0,50.0,https://scores.bcci.tv/matchcentre/playerimages/rzBb35pe4H17201559473271.png,1c321bd6cf754f6aa8f13a0f49c469d,Pooja Vastrakar,4.0,37,0,2,9.25,12.0,https://scores.bcci.tv/matchcentre/playerimages/T19CxQG3sf1720155179397.png,,,,1,177/6 (20.0 Overs),177,6,20.0,8.85,,,,,,,,,,,,,,,,,,,,,,,,,,1,,,,,,,,,,2nd  T20I,,,2.0,177,177,177,,,,,-,-,-,-,,,,,,,,,0.0,
156,1504,2,T20,Post,2024-07-09,9 Jul 2024,India (Women) vs South Africa (Women),19:00,13:30 GMT,2024-07-09,54,South Africa (Women),52,India (Women),SAW,INDW,18,MA Chidambaram Stadium,India (Women) Won by 10  Wickets ,India (Women),India (Women) Won The Toss And Elected To Field, Won The Toss And Elected To Field,1,84/10 (17.1 Ov),88/0 (10.5 Ov),,2024-07-09 19:00:00,Chennai,,,,,,,,87,586,221,121,52,India (Women),,,,,54,South Africa (Women),Asia/Kolkata,9 Jul 2024,23:59,20,0,T20,3.0,South Africa Women Tour Of India T20 Series 2024,Virender Kumar Sharma,Vrinda Rathi,Madanagopal Jayaraman,India (Women) Won by 10  Wickets ,https://scores.bcci.tv/matchcentre/teamlogos/rP928la9Yi1724744471LlZ2REbyDx1690461185sa.png,https://scores.bcci.tv/matchcentre/teamlogos/india.png,https://scores.bcci.tv/matchcentre/teamlogos/india.png,https://scores.bcci.tv/matchcentre/teamlogos/rP928la9Yi1724744471LlZ2REbyDx1690461185sa.png,0,+9.5,5e06fdb22a3c493093228705309b237,Smriti Mandhana,54,40,8,2,135.0,https://scores.bcci.tv/matchcentre/playerimages/tfMyyA46on1720155287401.png,20196b991076ecad11e9ab5002322e7,Shafali Verma,27,25,3,0,108.0,https://scores.bcci.tv/matchcentre/playerimages/i2oZTH6Fkc1720155247398.png,2019ec93d715ebd911e9ab5002322e7,Nadine De Klerk,1.5,22,0,0,12.0,0.0,https://scores.bcci.tv/matchcentre/playerimages/LDfxPbDpMT1720156037445.png,,,77.08,2,84/10 (17.1 Overs),84,10,17.1,4.89,88/0 (10.5 Overs),88,0,10.5,8.12,,,,,,,,,,,,,,,,,,,,,1,,,,,,,,,52,3rd  T20I,,,3.0,162,0,0,,Pooja Vastrakar,,397,-,-,4,13,https://scores.bcci.tv/matchcentre/playerimages/T19CxQG3sf1720155179397.png,,,,,,,,0.0,
168,1600,8,T20 (N),Post,2024-07-19,19 Jul 2024,India (Women) vs Pakistan (Women),19:00,13:30 GMT,2024-07-19,74,Pakistan (Women),52,India (Women),PAKW,INDW,72,Rangiri Dambulla International Stadium,India (Women) Won by 7  Wickets ,Pakistan (Women),Pakistan (Women) Won The Toss And Elected To Bat, Won The Toss And Elected To Bat,1,108/10 (19.2 Ov),109/3 (14.1 Ov),,2024-07-19 19:00:00,Dambulla,,,,,,,,498,572,500,145,52,India (Women),,,,,74,Pakistan (Women),Asia/Kolkata,19 Jul 2024,23:59,20,0,T20,1.0,Asia Cup Women T20 2024 Bcci,Nimali Perera,Shathira Jakir Jesy,Dedunu Silva,India (Women) Won by 7  Wickets ,https://scores.bcci.tv/matchcentre/teamlogos/v0FFav09Bh1686738723pakistan.png,https://scores.bcci.tv/matchcentre/teamlogos/india.png,https://scores.bcci.tv/matchcentre/teamlogos/india.png,https://scores.bcci.tv/matchcentre/teamlogos/v0FFav09Bh1686738723pakistan.png,0,+9.5,4acef6b5a64744ecb8a987bf5c8b33b,Jemimah Rodrigues,3,3,0,0,100.0,https://scores.bcci.tv/matchcentre/playerimages/70s8Ptg0qg1721398802388.png,45e022a459e64a3eb0391acc0db5efa,Harmanpreet Kaur,5,11,0,0,45.45,https://scores.bcci.tv/matchcentre/playerimages/6MYNHXKadt1721398793387.png,2022-100mb00000001266-081b0671072411,Sadia Iqbal,2.1,18,0,0,8.31,0.0,https://scores.bcci.tv/matchcentre/playerimages/TcUPuifChl17211276121266.png,,,,2,108/10 (19.2 Overs),108,10,19.2,5.59,109/3 (14.1 Overs),109,3,14.1,7.69,,,,,,,,,,,,,,,,,,,,,2,,,,,,,,,52,1st T20I,,,1.0,153,0,0,,Deepti Sharma,,395,-,-,3,20,https://scores.bcci.tv/matchcentre/playerimages/F8yxmLcWF21721398819395.png,,,,,,,,0.0,
168,1601,2,T20,Post,2024-07-21,21 Jul 2024,India (Women) vs UAE (Women),14:00,08:30 GMT,2024-07-21,52,India (Women),84,UAE (Women),INDW,UAEW,72,Rangiri Dambulla International Stadium,India (Women) Won by 78  Runs ,UAE (Women),Uae (Women) Won The Toss And Elected To Field, Won The Toss And Elected To Field,1,201/5 (20.0 Ov),123/7 (20.0 Ov),,2024-07-21 14:00:00,Dambulla,,,,,,,,572,498,496,145,52,India (Women),,,,,84,UAE (Women),Asia/Kolkata,21 Jul 2024,23:59,20,0,T20,2.0,Asia Cup Women T20 2024 Bcci,Shathira Jakir Jesy,Nimali Perera,Saleem Imtiaz,India (Women) Won by 78  Runs ,https://scores.bcci.tv/matchcentre/teamlogos/india.png,https://scores.bcci.tv/matchcentre/teamlogos/ujUPV1erRm1721214414uae.png,https://scores.bcci.tv/matchcentre/teamlogos/india.png,https://scores.bcci.tv/matchcentre/teamlogos/ujUPV1erRm1721214414uae.png,0,+9.5,2022-100mb00000001156-fdc848f8ee0911,Kavisha Egodage,40,32,3,1,125.0,https://scores.bcci.tv/matchcentre/playerimages/5BWCcPmym117211273661156.png,2022-100mb00000001160-8e7d1fe9ee0a11,Rithika Rajith,6,7,0,0,85.71,https://scores.bcci.tv/matchcentre/playerimages/o4bRfi8kcK17211274011160.png,4e78f2e8c4854e419aedda1321ac7ad,Radha Yadav,4.0,29,0,1,7.25,24.0,https://scores.bcci.tv/matchcentre/playerimages/6N0D5E0Ytm1721398862400.png,,,99.58,2,201/5 (20.0 Overs),201,5,20.0,10.05,123/7 (20.0 Overs),123,7,20.0,6.15,,,,,,,,,,,,,,,,,,,,,2,,,,,,,,,52,2nd  T20I,,,2.0,123,0,0,,Richa Ghosh,,399,64,29,-,-,https://scores.bcci.tv/matchcentre/playerimages/Sc5qBLEReD1721398853399.png,,,,,,,,0.0,
168,1602,8,T20 (N),Post,2024-07-23,23 Jul 2024,India (Women) vs Nepal (Women),19:00,13:30 GMT,2024-07-23,52,India (Women),88,Nepal (Women),INDW,NEPW,72,Rangiri Dambulla International Stadium,India (Women) Won by 82  Runs (Qualified),India (Women),India (Women) Won The Toss And Elected To Bat, Won The Toss And Elected To Bat,1,178/3 (20.0 Ov),96/9 (20.0 Ov),,2024-07-23 19:00:00,Dambulla,,,,,,,,496,498,572,145,52,India (Women),,,,,88,Nepal (Women),Asia/Kolkata,23 Jul 2024,23:59,20,0,T20,3.0,Asia Cup Women T20 2024 Bcci,Saleem Imtiaz,Nimali Perera,Shathira Jakir Jesy,India (Women) Won by 82  Runs (Qualified),https://scores.bcci.tv/matchcentre/teamlogos/india.png,https://scores.bcci.tv/matchcentre/teamlogos/5hJFODvQtR1725442101Nepal W.png,https://scores.bcci.tv/matchcentre/teamlogos/india.png,https://scores.bcci.tv/matchcentre/teamlogos/5hJFODvQtR1725442101Nepal W.png,0,+9.5,2022-100mb00000001089-8cd54a0ced9f11,Bindu Rawal,17,19,2,0,89.47,https://scores.bcci.tv/matchcentre/playerimages/UsX6iQGhW417212089091089.png,2022-100mb00000001092-fd0dfda8ed9f11,Sabnam Rai,1,2,0,0,50.0,https://scores.bcci.tv/matchcentre/playerimages/vAx6GbjUpd17212090021092.png,934e9959231c4ca3b118005cdbee4e8,Deepti Sharma,4.0,13,0,3,3.25,8.0,https://scores.bcci.tv/matchcentre/playerimages/F8yxmLcWF21721398819395.png,,,,2,178/3 (20.0 Overs),178,3,20.0,8.9,96/9 (20.0 Overs),96,9,20.0,4.8,,,,,,,,,,,,,,,,,,,,,2,,,,,,,,,52,3rd  T20I,,,3.0,96,0,0,,Shafali Verma,,398,81,48,-,-,https://scores.bcci.tv/matchcentre/playerimages/EKK7LVvRuK1721398843398.png,,,,,,,,0.0,
168,1611,5,T20 D/N,Post,2024-07-26,26 Jul 2024,India (Women) vs Bangladesh (Women),14:00,08:30 GMT,2024-07-26,76,Bangladesh (Women),52,India (Women),BANW,INDW,72,Rangiri Dambulla International Stadium,India (Women) Won by 10  Wickets (Qualified),Bangladesh (Women),Bangladesh (Women) Won The Toss And Elected To Bat, Won The Toss And Elected To Bat,1,80/8 (20.0 Ov),83/0 (11.0 Ov),,2024-07-26 14:00:00,Dambulla,,,,,,,,500,498,497,145,52,India (Women),,,,,76,Bangladesh (Women),Asia/Kolkata,26 Jul 2024,23:30,20,23,T20,4.0,Asia Cup Women T20 2024 Bcci,Dedunu Silva,Nimali Perera,Hemangi Yerzal,India (Women) Won by 10  Wickets (Qualified),https://scores.bcci.tv/matchcentre/teamlogos/bng.png,https://scores.bcci.tv/matchcentre/teamlogos/india.png,https://scores.bcci.tv/matchcentre/teamlogos/india.png,https://scores.bcci.tv/matchcentre/teamlogos/bng.png,0,+9.5,5e06fdb22a3c493093228705309b237,Smriti Mandhana,55,39,9,1,141.02,https://scores.bcci.tv/matchcentre/playerimages/eHRcoLKxAn1721398880401.png,20196b991076ecad11e9ab5002322e7,Shafali Verma,26,28,2,0,92.85,https://scores.bcci.tv/matchcentre/playerimages/EKK7LVvRuK1721398843398.png,2022-100mb00000000958-84e3e35a9a0711,Nahida Akter,3.0,34,0,0,11.33,0.0,https://scores.bcci.tv/matchcentre/playerimages/JWyeq2INHz1721984551958.png,,,77.50,2,80/8 (20.0 Overs),80,8,20.0,4,83/0 (11.0 Overs),83,0,11.0,7.55,,,,,,,,,,,,,,,,,,,,,2,,,,,,,,,52,Semi Final 1,,,4.0,151,0,0,,Renuka Singh,,888,-,-,3,10,https://scores.bcci.tv/matchcentre/playerimages/SNKvp1rjRW1721398899888.png,Semi Final 1,,,,,,,0.0,
168,1612,2,T20,Post,2024-07-28,28 Jul 2024,India (Women) vs Sri Lanka (Women),15:00,09:30 GMT,2024-07-28,52,India (Women),83,Sri Lanka (Women),INDW,SLW,72,Rangiri Dambulla International Stadium,Sri Lanka (Women) Won by 8  Wickets (Winners),India (Women),India (Women) Won The Toss And Elected To Bat, Won The Toss And Elected To Bat,1,165/6 (20.0 Ov),167/2 (18.4 Ov),,2024-07-28 15:00:00,Dambulla,,,,,,,,496,572,497,121,52,India (Women),,,,,83,Sri Lanka (Women),Asia/Kolkata,28 Jul 2024,23:59,20,11,T20,5.0,Asia Cup Women T20 2024 Bcci,Saleem Imtiaz,Shathira Jakir Jesy,Hemangi Yerzal,Sri Lanka (Women) Won by 8  Wickets (Winners),https://scores.bcci.tv/matchcentre/teamlogos/india.png,https://scores.bcci.tv/matchcentre/teamlogos/srilanka.png?v=2,https://scores.bcci.tv/matchcentre/teamlogos/india.png,https://scores.bcci.tv/matchcentre/teamlogos/srilanka.png?v=2,0,+9.5,2022-100mb00000001198-6418e451f0a711,Kavisha Dilhari,30,16,1,2,187.5,https://scores.bcci.tv/matchcentre/playerimages/itaACfn3yH17220146811198.png,2022-100mb00000001204-96224700f0a911,Harshitha Samarawickrama,69,51,6,2,135.29,https://scores.bcci.tv/matchcentre/playerimages/qfDRl3W4j117220147841204.png,1c321bd6cf754f6aa8f13a0f49c469d,Pooja Vastrakar,3.4,29,0,0,7.91,0.0,https://scores.bcci.tv/matchcentre/playerimages/p4r20QszJA1721398829397.png,,,96.67,2,165/6 (20.0 Overs),165,6,20.0,8.25,167/2 (18.4 Overs),167,2,18.4,8.95,,,,,,,,,,,,,,,,,,,,,2,,,,,,,,,83,Final,,,5.0,179,0,0,,Harshitha Samarawickrama,,1204,69,51,-,-,https://scores.bcci.tv/matchcentre/playerimages/qfDRl3W4j117220147841204.png,Final,,,,,,,0.0,
172,1613,2,T20,Post,2024-08-07,7 Aug 2024,Australia A (Women) vs India A (Women),13:00,03:00 GMT,2024-08-07,230,Australia A (Women),148,India A (Women),AUS-AW,IND-AW,138,Allan Border Field,Australia A (Women) Won by 5 Runs ,India A (Women),India A (Women) Won The Toss And Elected To Field, Won The Toss And Elected To Field,1,163/5 (20.0 Ov),158/6 (20.0 Ov),,2024-08-07 13:00:00,Brisbane,,,,,,,,0,0,0,0,230,Australia A (Women),,,,,148,India A (Women),Asia/Kolkata,7 Aug 2024,17:00,20,0,T20,1.0,India A Women Tour Of Australia T20 Series 2024,,,,Australia A (Women) Won by 5 Runs ,https://scores.bcci.tv/matchcentre/teamlogos/7CULHqQdTT1722943854Aus.png,https://scores.bcci.tv/matchcentre/teamlogos/exxrHiweo31722943975BCCI.png,https://scores.bcci.tv/matchcentre/teamlogos/7CULHqQdTT1722943854Aus.png,https://scores.bcci.tv/matchcentre/teamlogos/exxrHiweo31722943975BCCI.png,0,+9.5,2024-100mb00000003353-c4a0961253e911,Bist Raghvi,2,4,0,0,50.0,https://scores.bcci.tv/matchcentre/playerimages/,2024-100mb00000003099-98f92a06cf3411,Sayali Satghare,14,7,2,0,200.0,https://scores.bcci.tv/matchcentre/playerimages/,2022-100mb00000000968-0f3b7a899a1511,Tahlia Mcgrath,4.0,30,0,0,7.5,0.0,https://scores.bcci.tv/matchcentre/playerimages/0FagzwWO0n1703005153968.png,,,99.58,2,163/5 (20.0 Overs),163,5,20.0,8.15,158/6 (20.0 Overs),158,6,20.0,7.9,,,,,,,,,,,,,,,,,,,,,2,,,,,,,,,230,1st T20,,,1.0,158,0,0,,,,,-,-,-,-,,,,,,,,,0.0,
172,1614,2,T20,Post,2024-08-09,9 Aug 2024,Australia A (Women) vs India A (Women),13:00,03:00 GMT,2024-08-09,148,India A (Women),230,Australia A (Women),IND-AW,AUS-AW,138,Allan Border Field,Australia A (Women) Won by 8 Wickets ,Australia A (Women),Australia A (Women) Won The Toss And Elected To Field, Won The Toss And Elected To Field,1,130/9 (20.0 Ov),133/2 (18.2 Ov),,2024-08-09 13:00:00,Brisbane,,,,,,,,0,0,0,0,230,Australia A (Women),,,,,148,India A (Women),Asia/Kolkata,9 Aug 2024,17:30,20,0,T20,2.0,India A Women Tour Of Australia T20 Series 2024,,,,Australia A (Women) Won by 8 Wickets ,https://scores.bcci.tv/matchcentre/teamlogos/exxrHiweo31722943975BCCI.png,https://scores.bcci.tv/matchcentre/teamlogos/7CULHqQdTT1722943854Aus.png,https://scores.bcci.tv/matchcentre/teamlogos/7CULHqQdTT1722943854Aus.png,https://scores.bcci.tv/matchcentre/teamlogos/exxrHiweo31722943975BCCI.png,0,+9.5,2024-100mb00000003351-5ee7dea653e811,Tahlia Wilson,53,46,6,0,115.21,https://scores.bcci.tv/matchcentre/playerimages/,2022-100mb00000000968-0f3b7a899a1511,Tahlia Mcgrath,47,38,5,1,123.68,https://scores.bcci.tv/matchcentre/playerimages/0FagzwWO0n1703005153968.png,2022-100mb00000000886-de269f4788b811,Meghna Singh,3.2,20,0,1,6.0,20.0,https://scores.bcci.tv/matchcentre/playerimages/Meghna-Singh.jpg,,,95.83,2,130/9 (20.0 Overs),130,9,20.0,6.5,133/2 (18.2 Overs),133,2,18.2,7.25,,,,,,,,,,,,,,,,,,,,,2,,,,,,,,,230,2nd T20,,,2.0,145,0,0,,,,,-,-,-,-,,,,,,,,,0.0,
172,1615,2,T20,Post,2024-08-11,11 Aug 2024,Australia A (Women) vs India A (Women),13:00,03:00 GMT,2024-08-11,148,India A (Women),230,Australia A (Women),IND-AW,AUS-AW,138,Allan Border Field,Australia A (Women) Won by 7 Wickets ,Australia A (Women),Australia A (Women) Won The Toss And Elected To Field, Won The Toss And Elected To Field,1,120/8 (20.0 Ov),121/3 (13.5 Ov),,2024-08-11 13:00:00,Brisbane,,,,,,,,591,592,0,0,230,Australia A (Women),,,,,148,India A (Women),Asia/Kolkata,11 Aug 2024,17:00,20,0,T20,3.0,India A Women Tour Of Australia T20 Series 2024,Brigham D,Roberto Howard,,Australia A (Women) Won by 7 Wickets ,https://scores.bcci.tv/matchcentre/teamlogos/exxrHiweo31722943975BCCI.png,https://scores.bcci.tv/matchcentre/teamlogos/7CULHqQdTT1722943854Aus.png,https://scores.bcci.tv/matchcentre/teamlogos/7CULHqQdTT1722943854Aus.png,https://scores.bcci.tv/matchcentre/teamlogos/exxrHiweo31722943975BCCI.png,0,+9.5,2022-100mb00000000968-0f3b7a899a1511,Tahlia Mcgrath,51,22,8,2,231.81,https://scores.bcci.tv/matchcentre/playerimages/0FagzwWO0n1703005153968.png,2024-100mb00000003346-91d0143d53e711,Tess Flintoff,2,4,0,0,50.0,https://scores.bcci.tv/matchcentre/playerimages/,2022-100mb00000001653-a4f559707f7211,Shabnam Shakil,2.5,28,0,1,9.88,17.0,https://scores.bcci.tv/matchcentre/playerimages/sU1ZdHtqd316737105241653.png,,,84.58,2,120/8 (20.0 Overs),120,8,20.0,6,121/3 (13.5 Overs),121,3,13.5,8.75,,,,,,,,,,,,,,,,,,,,,2,,,,,,,,,230,3rd T20,,,3.0,175,0,0,,,,,-,-,-,-,,,,,,,,,0.0,
173,1616,3,One Day,Post,2024-08-14,14 Aug 2024,Australia A (Women) vs India A (Women),05:30,19:30 GMT,2024-08-13,148,India A (Women),230,Australia A (Women),IND-AW,AUS-AW,139,"Great Barrier Reef Arena, Mackay",Australia A (Women) Won by 4 Wickets ,Australia A (Women),Australia A (Women) Won The Toss And Elected To Field, Won The Toss And Elected To Field,1,249/9 (50.0 Ov),250/6 (47.0 Ov),,2024-08-14 05:30:00,Queensland,,,,,,,,594,593,0,230,230,Australia A (Women),,,,,148,India A (Women),Asia/Kolkata,14 Aug 2024,17:30,50,0,ODI,1.0,India A Women Tour Of Australia One Day Series 2024,David Taylor,Troy Penman,,Australia A (Women) Won by 4 Wickets ,https://scores.bcci.tv/matchcentre/teamlogos/exxrHiweo31722943975BCCI.png,https://scores.bcci.tv/matchcentre/teamlogos/7CULHqQdTT1722943854Aus.png,https://scores.bcci.tv/matchcentre/teamlogos/7CULHqQdTT1722943854Aus.png,https://scores.bcci.tv/matchcentre/teamlogos/exxrHiweo31722943975BCCI.png,0,+9.5,2024-100mb00000003354-f81e619f546711,Kate Peterson,1,3,0,0,33.33,https://scores.bcci.tv/matchcentre/playerimages/,2024-100mb00000003342-e03bede253e611,Maitlan Brown,0,0,0,0,0.0,https://scores.bcci.tv/matchcentre/playerimages/,2022-100mb00000000886-de269f4788b811,Meghna Singh,9.0,43,0,2,4.78,27.0,https://scores.bcci.tv/matchcentre/playerimages/Meghna-Singh.jpg,,,97.00,2,249/9 (50.0 Overs),249,9,50.0,4.98,250/6 (47.0 Overs),250,6,47.0,5.32,,,,,,,,,,,,,,,,,,,,,2,,,,,,,,,230,1st OD,,,1.0,266,0,0,,,,,-,-,-,-,,,,,,,,,0.0,
173,1617,1,One Day D/N,Post,2024-08-16,16 Aug 2024,Australia A (Women) vs India A (Women),13:20,03:20 GMT,2024-08-16,148,India A (Women),230,Australia A (Women),IND-AW,AUS-AW,139,"Great Barrier Reef Arena, Mackay",Australia A (Women) Won by 8 Wickets ,Australia A (Women),Australia A (Women) Won The Toss And Elected To Field, Won The Toss And Elected To Field,1,218/10 (48.0 Ov),221/2 (40.2 Ov),,2024-08-16 13:20:00,Queensland,,,,,,,,0,0,0,0,230,Australia A (Women),,,,,148,India A (Women),Asia/Kolkata,16 Aug 2024,23:30,50,0,ODI,2.0,India A Women Tour Of Australia One Day Series 2024,,,,Australia A (Women) Won by 8 Wickets ,https://scores.bcci.tv/matchcentre/teamlogos/exxrHiweo31722943975BCCI.png,https://scores.bcci.tv/matchcentre/teamlogos/7CULHqQdTT1722943854Aus.png,https://scores.bcci.tv/matchcentre/teamlogos/7CULHqQdTT1722943854Aus.png,https://scores.bcci.tv/matchcentre/teamlogos/exxrHiweo31722943975BCCI.png,0,+9.5,2022-100mb00000000968-0f3b7a899a1511,Tahlia Mcgrath,32,26,5,0,123.07,https://scores.bcci.tv/matchcentre/playerimages/0FagzwWO0n1703005153968.png,2024-100mb00000003343-1bc2f13e53e711,Maddy Darke,106,115,7,0,92.17,https://scores.bcci.tv/matchcentre/playerimages/,2022-100mb00000001653-a4f559707f7211,Shabnam Shakil,6.2,38,0,0,6.0,0.0,https://scores.bcci.tv/matchcentre/playerimages/sU1ZdHtqd316737105241653.png,,,90.33,2,218/10 (48.0 Overs),218,10,48.0,4.54,221/2 (40.2 Overs),221,2,40.2,5.48,,,,,,,,,,,,,,,,,,,,,2,,,,,,,,,230,2nd OD,,,2.0,274,0,0,,,,,-,-,-,-,,,,,,,,,0.0,
173,1618,1,One Day D/N,Post,2024-08-18,18 Aug 2024,Australia A (Women) vs India A (Women),13:20,03:20 GMT,2024-08-18,148,India A (Women),230,Australia A (Women),IND-AW,AUS-AW,139,"Great Barrier Reef Arena, Mackay",India A (Women) Won by 171 Runs ,Australia A (Women),Australia A (Women) Won The Toss And Elected To Field, Won The Toss And Elected To Field,1,243/9 (50.0 Ov),72/10 (22.1 Ov),,2024-08-18 13:20:00,Queensland,,,,,,,,0,0,0,0,230,Australia A (Women),,,,,148,India A (Women),Asia/Kolkata,18 Aug 2024,23:30,50,0,ODI,3.0,India A Women Tour Of Australia One Day Series 2024,,,,India A (Women) Won by 171 Runs ,https://scores.bcci.tv/matchcentre/teamlogos/exxrHiweo31722943975BCCI.png,https://scores.bcci.tv/matchcentre/teamlogos/7CULHqQdTT1722943854Aus.png,https://scores.bcci.tv/matchcentre/teamlogos/7CULHqQdTT1722943854Aus.png,https://scores.bcci.tv/matchcentre/teamlogos/exxrHiweo31722943975BCCI.png,0,+9.5,2024-100mb00000003366-d339291e5d0e11,Lilly Mills,0,8,0,0,0.0,https://scores.bcci.tv/matchcentre/playerimages/,2024-100mb00000003350-396dc64e53e811,Grace Parsons,0,2,0,0,0.0,https://scores.bcci.tv/matchcentre/playerimages/,2023-100mb00000001909-e56bb657b38a11,Minnu Mani,2.1,4,0,2,1.85,6.5,https://scores.bcci.tv/matchcentre/playerimages/,,,72.17,2,243/9 (50.0 Overs),243,9,50.0,4.86,72/10 (22.1 Overs),72,10,22.1,3.25,,,,,,,,,,,,,,,,,,,,,2,,,,,,,,,148,3rd OD,,,3.0,162,0,0,,,,,-,-,-,-,,,,,,,,,0.0,
174,1619,6,Multi Day,Post,2024-08-22,22 Aug 2024,Australia A (Women) vs India A (Women),09:30,23:30 GMT,2024-08-21,230,Australia A (Women),148,India A (Women),AUS-AW,IND-AW,140,Kerrydale Oval,Australia A (Women) Won by 45 Runs ,Australia A (Women),Australia A (Women) Won The Toss And Elected To Bat, Won The Toss And Elected To Bat,1,212/10 (65.5 Ov) & 260/10 (92.0 Ov),184/10 (73.1 Ov) & 243/10 (92.5 Ov),,2024-08-22 09:30:00,Gold Coast,,,,,,,,54,596,0,230,230,Australia A (Women),,,,,148,India A (Women),Asia/Kolkata,25 Aug 2024,17:30,90,0,Test,1.0,India A Women Tour Of Australia Only Unofficial Test 2024,Simon A Lightbody,Drew Crozier,,Australia A (Women) Won by 45 Runs ,https://scores.bcci.tv/matchcentre/teamlogos/7CULHqQdTT1722943854Aus.png,https://scores.bcci.tv/matchcentre/teamlogos/exxrHiweo31722943975BCCI.png,https://scores.bcci.tv/matchcentre/teamlogos/7CULHqQdTT1722943854Aus.png,https://scores.bcci.tv/matchcentre/teamlogos/exxrHiweo31722943975BCCI.png,0,+9.5,2024-100mb00000003099-98f92a06cf3411,Sayali Satghare,21,36,2,1,58.33,https://scores.bcci.tv/matchcentre/playerimages/,2024-100mb00000003091-12eb130dca7011,Priya Mishra,4,20,1,0,20.0,https://scores.bcci.tv/matchcentre/playerimages/,2024-100mb00000003348-e90e067353e711,Charli Knott,17.5,34,4,3,1.91,35.66,https://scores.bcci.tv/matchcentre/playerimages/,,,100.79,4,212/10 (65.5 Overs),212,10,65.5,3.22,184/10 (73.1 Overs),184,10,73.1,2.51,260/10 (92.0 Overs),260,10,92.0,2.83,243/10 (92.5 Overs),243,10,92.5,2.62,,,,,,,,,,,2,230,Australia A (Women),148,India A (Women),,,,,230,TEST,,,1.0,0,0,0,,,,,-,-,-,-,,,,,,,,,0.0,
188,1678,11,T20 WarmUp Practice,Post,2024-09-29,29 Sep 2024,India (Women) vs West Indies (Women),18:00,14:00 GMT,2024-09-29,52,India (Women),75,West Indies (Women),INDW,WIW,123,ICC Academy Ground No 2,India (Women) Won by 20 Runs ,West Indies (Women),West Indies (Women) Won The Toss And Elected To Field, Won The Toss And Elected To Field,1,141/8 (20.0 Ov),121/8 (20.0 Ov),,2024-09-29 18:00:00,Dubai,,,,,,,,481,504,0,0,52,India (Women),,,,,75,West Indies (Women),Asia/Dubai,29 Sep 2024,22:30,20,0,Warm Up Practice Match,2.0,Icc Womens T20 World Cup Warm Up Matches 2024,Eloise Sheridan,Sarah Dambanevana,,India (Women) Won by 20 Runs ,https://scores.bcci.tv/matchcentre/teamlogos/india.png,https://scores.bcci.tv/matchcentre/teamlogos/SYHtaZYFdz1729664662WI.png,https://scores.bcci.tv/matchcentre/teamlogos/india.png,https://scores.bcci.tv/matchcentre/teamlogos/SYHtaZYFdz1729664662WI.png,0,+9.5,2023-100mb00000001928-e5758770b39011,Shreyanka Patil,4,1,1,0,400.0,https://scores.bcci.tv/matchcentre/playerimages/Mqd4u2MC4K17276908851928.png,934e9959231c4ca3b118005cdbee4e8,Deepti Sharma,13,8,2,0,162.5,https://scores.bcci.tv/matchcentre/playerimages/RgCnCxxZg61727690988395.png,2024-100mb00000003434-e984713a7a6811,Ashmini Munisar,4.0,33,0,1,8.25,24.0,https://scores.bcci.tv/matchcentre/playerimages/eUxzfzWphg17277768863434.png,,,,2,141/8 (20.0 Overs),141,8,20.0,7.05,121/8 (20.0 Overs),121,8,20.0,6.05,,,,,,,,,,,,,,,,,,,,,2,,,,,,,,,52,Warm Up Practice Match,,,2.0,121,0,0,,,,,-,-,-,-,,,18:30 GMT,2024-09-29,,,,,0.0,
188,1679,11,T20 WarmUp Practice,Post,2024-10-01,1 Oct 2024,South Africa (Women) vs India (Women),18:00,14:00 GMT,2024-10-01,52,India (Women),54,South Africa (Women),INDW,SAW,122,ICC Academy Ground,India (Women) Won by 28 Runs ,South Africa (Women),South Africa (Women) Won The Toss And Elected To Field, Won The Toss And Elected To Field,1,144/7 (20.0 Ov),116/6 (20.0 Ov),,2024-10-01 18:00:00,Dubai,,,,,,,,0,0,0,0,54,South Africa (Women),,,,,52,India (Women),Asia/Dubai,1 Oct 2024,22:30,20,0,Warm Up Practice Match,4.0,Icc Womens T20 World Cup Warm Up Matches 2024,,,,India (Women) Won by 28 Runs ,https://scores.bcci.tv/matchcentre/teamlogos/india.png,https://scores.bcci.tv/matchcentre/teamlogos/tY4UgfmAqX1729664332South-Africa.png,https://scores.bcci.tv/matchcentre/teamlogos/tY4UgfmAqX1729664332South-Africa.png,https://scores.bcci.tv/matchcentre/teamlogos/india.png,0,+9.5,2023-100mb00000001709-f1da89c196ff11,Annerie Dercksen,21,16,3,0,131.25,https://scores.bcci.tv/matchcentre/playerimages/KDQ365iQMr17276996901709.png,2022-100mb00000000947-7fbbe0469a0411,Sinalo Jafta,4,8,0,0,50.0,https://scores.bcci.tv/matchcentre/playerimages/FxJHSkvApC1727699937947.png,2023-100mb00000001928-e5758770b39011,Shreyanka Patil,3.0,21,0,1,7.0,18.0,https://scores.bcci.tv/matchcentre/playerimages/Mqd4u2MC4K17276908851928.png,,,,2,144/7 (20.0 Overs),144,7,20.0,7.2,116/6 (20.0 Overs),116,6,20.0,5.8,,,,,,,,,,,,,,,,,,,,,2,,,,,,,,,52,Warm Up Practice Match,,,4.0,116,0,0,,,,,-,-,-,-,,,18:30 GMT,2024-10-01,,,,,0.0,
153,1494,8,T20 (N),Post,2024-10-04,4 Oct 2024,India (Women) vs New Zealand (Women),18:00,14:00 GMT,2024-10-04,73,New Zealand (Women),52,India (Women),NZW,INDW,51,Dubai International Cricket Stadium,New Zealand (Women) Won by 58  Runs ,New Zealand (Women),New Zealand (Women) Won The Toss And Elected To Bat, Won The Toss And Elected To Bat,1,160/4 (20.0 Ov),102/10 (19.0 Ov),,2024-10-04 18:00:00,Dubai,,,,,,,,494,6,196,114,52,India (Women),,,,,73,New Zealand (Women),Asia/Dubai,4 Oct 2024,23:59,20,0,T20,2.0,Icc Womens T20 World Cup 2024,Anna Harris,Jacqueline Williams,Claire Polosak,New Zealand (Women) Won by 58  Runs ,https://scores.bcci.tv/matchcentre/teamlogos/new_zealand.png,https://scores.bcci.tv/matchcentre/teamlogos/india.png,https://scores.bcci.tv/matchcentre/teamlogos/india.png,https://scores.bcci.tv/matchcentre/teamlogos/new_zealand.png,0,+9.5,2022-100mb00000000888-48b089d388b911,Renuka Singh,0,1,0,0,0.0,https://scores.bcci.tv/matchcentre/playerimages/zr57kOzW041728301097888.png,2023-100mb00000001920-1e6c1fc5b39011,Sobhana Asha,6,10,0,0,60.0,https://scores.bcci.tv/matchcentre/playerimages/nKSsokcxWs17283008631920.png,2022-100mb00000000901-76b8cd0d88be11,Rosemary Mair,4.0,19,0,4,4.75,6.0,https://scores.bcci.tv/matchcentre/playerimages/Z3cRG4h6a31728014471901.png,,,,2,160/4 (20.0 Overs),160,4,20.0,8,102/10 (19.0 Overs),102,10,19.0,5.37,,,,,,,,,,,,,,,,,,,,,2,,,,,,,,,73,T20I,,,2.0,107,0,0,,Sophie Devine,,890,57,36,-,-,https://scores.bcci.tv/matchcentre/playerimages/JMzAE9XTtb1728014411890.png,,19:59 GMT,2024-10-04,,,,,0.0,
153,1495,8,T20 (N),Post,2024-10-06,6 Oct 2024,India (Women) vs Pakistan (Women),14:00,10:00 GMT,2024-10-06,74,Pakistan (Women),52,India (Women),PAKW,INDW,51,Dubai International Cricket Stadium,India (Women) Won by 6  Wickets ,Pakistan (Women),Pakistan (Women) Won The Toss And Elected To Bat, Won The Toss And Elected To Bat,1,105/8 (20.0 Ov),108/4 (18.5 Ov),,2024-10-06 14:00:00,Dubai,,,,,,,,481,480,6,114,52,India (Women),,,,,74,Pakistan (Women),Asia/Dubai,6 Oct 2024,22:00,20,0,T20,4.0,Icc Womens T20 World Cup 2024,Eloise Sheridan,Lauren Agenbag,Jacqueline Williams,India (Women) Won by 6  Wickets ,https://scores.bcci.tv/matchcentre/teamlogos/v0FFav09Bh1686738723pakistan.png,https://scores.bcci.tv/matchcentre/teamlogos/india.png,https://scores.bcci.tv/matchcentre/teamlogos/india.png,https://scores.bcci.tv/matchcentre/teamlogos/v0FFav09Bh1686738723pakistan.png,0,+9.5,2024-100mb00000003092-8cb56a3fca7211,Sajeevan Sajana,4,1,1,0,400.0,https://scores.bcci.tv/matchcentre/playerimages/OW9u9O1j0q17276912503092.png,934e9959231c4ca3b118005cdbee4e8,Deepti Sharma,7,8,0,0,87.5,https://scores.bcci.tv/matchcentre/playerimages/a9L4KHsPvu1728300907395.png,2022-100mb00000000924-a85d5e5f99ed11,Nida Dar,1.5,10,0,0,5.45,0.0,https://scores.bcci.tv/matchcentre/playerimages/5YUS1D2fCx1727776712924.png,,,,2,105/8 (20.0 Overs),105,8,20.0,5.25,108/4 (18.5 Overs),108,4,18.5,5.73,,,,,,,,,,,,,,,,,,,,,2,,,,,,,,,52,T20I,,,4.0,114,0,0,,Arundhati Reddy,,391,-,-,3,19,https://scores.bcci.tv/matchcentre/playerimages/9uRQvYSKHy1727691592391.png,,18:00 GMT,2024-10-06,,,,,0.0,
153,1496,8,T20 (N),Post,2024-10-09,9 Oct 2024,India (Women) vs Sri Lanka (Women),18:00,14:00 GMT,2024-10-09,52,India (Women),83,Sri Lanka (Women),INDW,SLW,51,Dubai International Cricket Stadium,India (Women) Won by 82  Runs ,India (Women),India (Women) Won The Toss And Elected To Bat, Won The Toss And Elected To Bat,1,172/3 (20.0 Ov),90/10 (19.5 Ov),,2024-10-09 18:00:00,Dubai,,,,,,,,312,480,0,114,52,India (Women),,,,,83,Sri Lanka (Women),Asia/Dubai,9 Oct 2024,23:59,20,0,T20,5.0,Icc Womens T20 World Cup 2024,KN Ramesh,Lauren Agenbag,,India (Women) Won by 82  Runs ,https://scores.bcci.tv/matchcentre/teamlogos/india.png,https://scores.bcci.tv/matchcentre/teamlogos/srilanka.png?v=2,https://scores.bcci.tv/matchcentre/teamlogos/india.png,https://scores.bcci.tv/matchcentre/teamlogos/srilanka.png?v=2,0,+9.5,2022-100mb00000001206-fae90901f0a911,Udeshika Prabodhani,9,17,0,0,52.94,https://scores.bcci.tv/matchcentre/playerimages/ePRNT18cCz17279361151206.png,2022-100mb00000001208-52ad8513f0aa11,Inoka Ranaweera,2,5,0,0,40.0,https://scores.bcci.tv/matchcentre/playerimages/D0ZpMrVFba17279361391208.png,934e9959231c4ca3b118005cdbee4e8,Deepti Sharma,3.5,16,0,1,4.17,23.0,https://scores.bcci.tv/matchcentre/playerimages/a9L4KHsPvu1728300907395.png,,,,2,172/3 (20.0 Overs),172,3,20.0,8.6,90/10 (19.5 Overs),90,10,19.5,4.54,,,,,,,,,,,,,,,,,,,,,2,,,,,,,,,52,T20I,,,5.0,90,0,0,,Harmanpreet Kaur,Batting,387,52,27,-,-,https://scores.bcci.tv/matchcentre/playerimages/xsuwaa9he61728300890387.png,,19:59 GMT,2024-10-09,,,,,0.0,
153,1497,8,T20 (N),Post,2024-10-13,13 Oct 2024,India (Women) vs Australia (Women),18:00,14:00 GMT,2024-10-13,55,Australia (Women),52,India (Women),AUSW,INDW,52, Sharjah Cricket Stadium,Australia (Women) Won by 9  Runs ,Australia (Women),Australia (Women) Won The Toss And Elected To Bat, Won The Toss And Elected To Bat,1,151/8 (20.0 Ov),142/9 (20.0 Ov),,2024-10-13 18:00:00, Sharjah,,,,,,,,471,479,6,114,52,India (Women),,,,,55,Australia (Women),Asia/Dubai,13 Oct 2024,23:59,20,0,T20,7.0,Icc Womens T20 World Cup 2024,Kim Cotton,Sue Redfern,Jacqueline Williams,Australia (Women) Won by 9  Runs ,https://scores.bcci.tv/matchcentre/teamlogos/aus.png?v=6,https://scores.bcci.tv/matchcentre/teamlogos/india.png,https://scores.bcci.tv/matchcentre/teamlogos/india.png,https://scores.bcci.tv/matchcentre/teamlogos/aus.png?v=6,0,+9.5,2022-100mb00000000888-48b089d388b911,Renuka Singh,1,1,0,0,100.0,https://scores.bcci.tv/matchcentre/playerimages/zr57kOzW041728301097888.png,45e022a459e64a3eb0391acc0db5efa,Harmanpreet Kaur,54,47,6,0,114.89,https://scores.bcci.tv/matchcentre/playerimages/xsuwaa9he61728300890387.png,2020023e04d64bd011ea9b3802322e7,Annabel Sutherland,4.0,22,0,2,5.5,12.0,https://scores.bcci.tv/matchcentre/playerimages/SsjzOKnRzd1728044247430.png,,,,2,151/8 (20.0 Overs),151,8,20.0,7.55,142/9 (20.0 Overs),142,9,20.0,7.1,,,,,,,,,,,,,,,,,,,,,2,,,,,,,,,55,T20I,,,7.0,142,0,0,,Sophie Molineux,,427,0,1,2,32,https://scores.bcci.tv/matchcentre/playerimages/FDcvyEwpNH1728044209427.png,,19:59 GMT,2024-10-13,,,,,0.0,
193,1693,1,One Day D/N,Post,2024-10-24,24 Oct 2024,India (Women) vs New Zealand (Women),13:30,08:00 GMT,2024-10-24,52,India (Women),73,New Zealand (Women),INDW,NZW,55,Narendra Modi Stadium,India (Women) Won by 59  Runs ,India (Women),India (Women) Won The Toss And Elected To Bat, Won The Toss And Elected To Bat,1,227/10 (44.3 Ov),168/10 (40.4 Ov),,2024-10-24 13:30:00,Ahmedabad,,,,,,,,196,261,485,229,52,India (Women),,,,,73,New Zealand (Women),Asia/Kolkata,24 Oct 2024,23:30,50,0,ODI,1.0,New Zealand Women Tour Of India Odi Series 2024,Claire Polosak,Rohan Pandit,Gayathri Venugopalan,India (Women) Won by 59  Runs ,https://scores.bcci.tv/matchcentre/teamlogos/india.png,https://scores.bcci.tv/matchcentre/teamlogos/h7GtaaCnV51729663408NZ_Women.png,https://scores.bcci.tv/matchcentre/teamlogos/india.png,https://scores.bcci.tv/matchcentre/teamlogos/h7GtaaCnV51729663408NZ_Women.png,0,+9.5,2024-100mb00000003437-656574117bdb11,Eden Carson,0,1,0,0,0.0,https://scores.bcci.tv/matchcentre/playerimages/UB4QMnCMGY17296798493437.png,2022-100mb00000000899-40f4521488be11,Amelia Kerr,25,23,2,0,108.69,https://scores.bcci.tv/matchcentre/playerimages/UUSFpRY4Fy1729680020899.png,4e78f2e8c4854e419aedda1321ac7ad,Radha Yadav,8.4,35,0,3,4.04,17.33,https://scores.bcci.tv/matchcentre/playerimages/5uZPR9qrOk1729755250400.png,,,90.67,2,227/10 (44.3 Overs),227,10,44.3,5.1,168/10 (40.4 Overs),168,10,40.4,4.13,,,,,,,,,,,,,,,,,,,,,2,,,,,,,,,52,1st ODI,,,1.0,206,0,0,,Deepti Sharma,Batting/Bowling,395,41,51,1,35,https://scores.bcci.tv/matchcentre/playerimages/NvZd2VOPf91729755233395.png,,18:00 GMT,2024-10-24,,,,,0.0,
193,1694,1,One Day D/N,Post,2024-10-27,27 Oct 2024,India (Women) vs New Zealand (Women),13:30,08:00 GMT,2024-10-27,73,New Zealand (Women),52,India (Women),NZW,INDW,55,Narendra Modi Stadium,New Zealand (Women) Won by 76  Runs ,New Zealand (Women),New Zealand (Women) Won The Toss And Elected To Bat, Won The Toss And Elected To Bat,1,259/9 (50.0 Ov),183/10 (47.1 Ov),,2024-10-27 13:30:00,Ahmedabad,,,,,,,,485,586,196,121,52,India (Women),,,,,73,New Zealand (Women),Asia/Kolkata,27 Oct 2024,23:30,50,0,ODI,2.0,New Zealand Women Tour Of India Odi Series 2024,Gayathri Venugopalan,Vrinda Rathi,Claire Polosak,New Zealand (Women) Won by 76  Runs ,https://scores.bcci.tv/matchcentre/teamlogos/h7GtaaCnV51729663408NZ_Women.png,https://scores.bcci.tv/matchcentre/teamlogos/india.png,https://scores.bcci.tv/matchcentre/teamlogos/india.png,https://scores.bcci.tv/matchcentre/teamlogos/h7GtaaCnV51729663408NZ_Women.png,0,+9.5,4e78f2e8c4854e419aedda1321ac7ad,Radha Yadav,48,64,5,0,75.0,https://scores.bcci.tv/matchcentre/playerimages/5uZPR9qrOk1729755250400.png,2024-100mb00000003091-12eb130dca7011,Priya Mishra,0,7,0,0,0.0,https://scores.bcci.tv/matchcentre/playerimages/2TzjUHePKM17297551693091.png,2022-100mb00000000890-34faabb988bd11,Sophie Devine,7.1,27,0,3,3.77,14.33,https://scores.bcci.tv/matchcentre/playerimages/yBjunra3li1729679910890.png,,,97.17,2,259/9 (50.0 Overs),259,9,50.0,5.18,183/10 (47.1 Overs),183,10,47.1,3.88,,,,,,,,,,,,,,,,,,,,,2,,,,,,,,,73,2nd  ODI,,,2.0,194,0,0,,Sophie Devine,,890,79,86,3,27,https://scores.bcci.tv/matchcentre/playerimages/yBjunra3li1729679910890.png,,18:00 GMT,2024-10-27,,,,,0.0,
193,1695,1,One Day D/N,Post,2024-10-29,29 Oct 2024,India (Women) vs New Zealand (Women),13:30,08:00 GMT,2024-10-29,73,New Zealand (Women),52,India (Women),NZW,INDW,55,Narendra Modi Stadium,India (Women) Won by 6   Wickets ,New Zealand (Women),New Zealand (Women) Won The Toss And Elected To Bat, Won The Toss And Elected To Bat,1,232/10 (49.5 Ov),236/4 (44.2 Ov),,2024-10-29 13:30:00,Ahmedabad,,,,,,,,196,586,261,121,52,India (Women),,,,,73,New Zealand (Women),Asia/Kolkata,29 Oct 2024,23:30,50,0,ODI,3.0,New Zealand Women Tour Of India Odi Series 2024,Claire Polosak,Vrinda Rathi,Rohan Pandit,India (Women) Won by 6   Wickets ,https://scores.bcci.tv/matchcentre/teamlogos/h7GtaaCnV51729663408NZ_Women.png,https://scores.bcci.tv/matchcentre/teamlogos/india.png,https://scores.bcci.tv/matchcentre/teamlogos/india.png,https://scores.bcci.tv/matchcentre/teamlogos/h7GtaaCnV51729663408NZ_Women.png,0,+9.5,45e022a459e64a3eb0391acc0db5efa,Harmanpreet Kaur,59,63,6,0,93.65,https://scores.bcci.tv/matchcentre/playerimages/ypAUIKZ2Nr1729755203387.png,2024-100mb00000003352-acbd897b53e911,Tejal Hasabnis,0,3,0,0,0.0,https://scores.bcci.tv/matchcentre/playerimages/7jbG5vF8fx17297551943352.png,2022-100mb00000000890-34faabb988bd11,Sophie Devine,7.2,44,0,1,6.0,44.0,https://scores.bcci.tv/matchcentre/playerimages/yBjunra3li1729679910890.png,,,94.33,2,232/10 (49.5 Overs),232,10,49.5,4.66,236/4 (44.2 Overs),236,4,44.2,5.32,,,,,,,,,,,,,,,,,,,,,2,,,,,,,,,52,3rd  ODI,,,3.0,266,0,0,,Smriti Mandhana,,401,100,122,-,-,https://scores.bcci.tv/matchcentre/playerimages/z2oP1wszSJ1729755260401.png,,18:00 GMT,2024-10-29,,,,,0.0,
187,1675,1,One Day D/N,Post,2024-12-05,5 Dec 2024,Australia (Women) vs India (Women),14:20,04:20 GMT,2024-12-05,52,India (Women),55,Australia (Women),INDW,AUSW,138,Allan Border Field,Australia (Women) Won by 5  Wickets ,India (Women),India (Women) Won The Toss And Elected To Bat, Won The Toss And Elected To Bat,1,100/10 (34.2 Ov),102/5 (16.2 Ov),,2024-12-05 14:20:00,Brisbane,,,,,,,,322,6,196,234,55,Australia (Women),,,,,52,India (Women),Asia/Kolkata,5 Dec 2024,23:30,50,0,ODI,1.0,India Women Tour Of Australia Odi Series 2024,Donovan Koch,Jacqueline Williams,Claire Polosak,Australia (Women) Won by 5  Wickets ,https://scores.bcci.tv/matchcentre/teamlogos/india.png,https://scores.bcci.tv/matchcentre/teamlogos/CqCDnjhh7Y1729662126Australia.png,https://scores.bcci.tv/matchcentre/teamlogos/CqCDnjhh7Y1729662126Australia.png,https://scores.bcci.tv/matchcentre/teamlogos/india.png,0,+9.5,2022-100mb00000000968-0f3b7a899a1511,Tahlia Mcgrath,4,2,1,0,200.0,https://scores.bcci.tv/matchcentre/playerimages/Hr1cYnrVlv1733402341968.png,2024-100mb00000003368-115867da5f7811,Georgia Voll,46,42,6,1,109.52,https://scores.bcci.tv/matchcentre/playerimages/VNhB8WGfMd17336182603368.png,2022-100mb00000001652-8fe890797f7211,Titas Sadhu,4.2,27,0,0,6.23,0.0,https://scores.bcci.tv/matchcentre/playerimages/UuxFJNnNeI17332956141652.png,,,66.33,2,100/10 (34.2 Overs),100,10,34.2,2.91,102/5 (16.2 Overs),102,5,16.2,6.24,,,,,,,,,,,,,,,,,,,,,2,,,,,,,,,55,1st ODI,,,1.0,312,0,0,,Megan Schutt,,424,-,-,5,19,https://scores.bcci.tv/matchcentre/playerimages/82nC5iLp1V1733402272424.png,,13:30 GMT,2024-12-05,,,,,0.0,
187,1676,3,One Day,Post,2024-12-08,8 Dec 2024,Australia (Women) vs India (Women),09:45,23:45 GMT,2024-12-07,55,Australia (Women),52,India (Women),AUSW,INDW,138,Allan Border Field,Australia (Women) Won by 122  Runs ,Australia (Women),Australia (Women) Won The Toss And Elected To Bat, Won The Toss And Elected To Bat,1,371/8 (50.0 Ov),249/10 (44.5 Ov),,2024-12-08 09:45:00,Brisbane,,,,,,,,0,0,0,0,55,Australia (Women),,,,,52,India (Women),Asia/Kolkata,8 Dec 2024,17:30,50,0,ODI,2.0,India Women Tour Of Australia Odi Series 2024,,,,Australia (Women) Won by 122  Runs ,https://scores.bcci.tv/matchcentre/teamlogos/CqCDnjhh7Y1729662126Australia.png,https://scores.bcci.tv/matchcentre/teamlogos/india.png,https://scores.bcci.tv/matchcentre/teamlogos/CqCDnjhh7Y1729662126Australia.png,https://scores.bcci.tv/matchcentre/teamlogos/india.png,0,+9.5,2024-100mb00000003091-12eb130dca7011,Priya Mishra,5,14,0,0,35.71,https://scores.bcci.tv/matchcentre/playerimages/hbM9SrILvE17332957463091.png,2023-100mb00000001909-e56bb657b38a11,Minnu Mani,46,45,4,0,102.22,https://scores.bcci.tv/matchcentre/playerimages/hrcaLsXxDr17332956321909.png,2020023e04d64bd011ea9b3802322e7,Annabel Sutherland,8.5,39,0,4,4.42,13.25,https://scores.bcci.tv/matchcentre/playerimages/W1xqqm73XG1733402312430.png,,,100,2,371/8 (50.0 Overs),371,8,50.0,7.42,249/10 (44.5 Overs),249,10,44.5,5.55,,,,,,,,,,,,,,,,,,,,,2,,,,,,,,,55,2nd  ODI,,,2.0,277,0,0,,Ellyse Perry,,426,105,75,-,-,https://scores.bcci.tv/matchcentre/playerimages/qCXFbXUwDt1733402282426.png,,07:30 GMT,2024-12-08,,,,,0.0,
187,1677,1,One Day D/N,Post,2024-12-11,11 Dec 2024,Australia (Women) vs India (Women),12:20,04:20 GMT,2024-12-11,55,Australia (Women),52,India (Women),AUSW,INDW,5,WACA Ground,Australia (Women) Won by 83  Runs ,India (Women),India (Women) Won The Toss And Elected To Field, Won The Toss And Elected To Field,1,298/6 (50.0 Ov),215/10 (45.1 Ov),,2024-12-11 12:20:00,Perth,,,,,,,,0,0,0,0,55,Australia (Women),,,,,52,India (Women),Asia/Kolkata,11 Dec 2024,22:30,50,0,ODI,3.0,India Women Tour Of Australia Odi Series 2024,,,,Australia (Women) Won by 83  Runs ,https://scores.bcci.tv/matchcentre/teamlogos/CqCDnjhh7Y1729662126Australia.png,https://scores.bcci.tv/matchcentre/teamlogos/india.png,https://scores.bcci.tv/matchcentre/teamlogos/CqCDnjhh7Y1729662126Australia.png,https://scores.bcci.tv/matchcentre/teamlogos/india.png,0,+9.5,2022-100mb00000001652-8fe890797f7211,Titas Sadhu,3,15,0,0,20.0,https://scores.bcci.tv/matchcentre/playerimages/UuxFJNnNeI17332956141652.png,2022-100mb00000000888-48b089d388b911,Renuka Singh,8,12,1,0,66.66,https://scores.bcci.tv/matchcentre/playerimages/2ZEntLxtBU1733295933888.png,2022-100mb00000000967-f66b248c9a1411,Alana King,4.1,27,0,2,6.48,12.5,https://scores.bcci.tv/matchcentre/playerimages/ykFdRYYDNN1733402329967.png,,,95.17,2,298/6 (50.0 Overs),298,6,50.0,5.96,215/10 (45.1 Overs),215,10,45.1,4.76,,,,,,,,,,,,,,,,,,,,,2,,,,,,,,,55,3rd  ODI,,,3.0,238,0,0,,Annabel Sutherland,,430,110,95,1,34,https://scores.bcci.tv/matchcentre/playerimages/W1xqqm73XG1733402312430.png,,14:30 GMT,2024-12-11,,,,,0.0,
199,1730,8,T20 (N),Post,2024-12-15,15 Dec 2024,India (Women) vs West Indies (Women),19:00,13:30 GMT,2024-12-15,52,India (Women),75,West Indies (Women),INDW,WIW,69,DY Patil Stadium,India (Women) Won by 49 Runs ,West Indies (Women),West Indies (Women) Won The Toss And Elected To Field, Won The Toss And Elected To Field,1,195/4 (20.0 Ov),146/7 (20.0 Ov),,2024-12-15 19:00:00,NAVI MUMBAI,,,,,,,,481,583,0,87,52,India (Women),,,,,75,West Indies (Women),Asia/Kolkata,15 Dec 2024,23:59,20,0,T20,1.0,West Indies Women Tour Of India T20I Series 2024,Eloise Sheridan,Kaushik Gandhi,,India (Women) Won by 49 Runs ,https://scores.bcci.tv/matchcentre/teamlogos/india.png,https://scores.bcci.tv/matchcentre/teamlogos/SYHtaZYFdz1729664662WI.png,https://scores.bcci.tv/matchcentre/teamlogos/india.png,https://scores.bcci.tv/matchcentre/teamlogos/SYHtaZYFdz1729664662WI.png,0,+9.5,2023-100mb00000001714-6b16a9e8970011,Shabika Gajnabi,15,19,0,0,78.94,https://scores.bcci.tv/matchcentre/playerimages/tquFTmp6q117341754131714.png,2024-100mb00000003433-c4229a137a6811,Mandy Mangru,2,3,0,0,66.66,https://scores.bcci.tv/matchcentre/playerimages/oaJxZQgPGP17341754403433.png,2024-100mb00000003096-c3bc34caca7711,Saima Thakor,4.0,35,0,0,8.75,0.0,https://scores.bcci.tv/matchcentre/playerimages/PaxyeGp67c17341969063096.png,,,,2,195/4 (20.0 Overs),195,4,20.0,9.75,146/7 (20.0 Overs),146,7,20.0,7.3,,,,,,,,,,,,,,,,,,,,,2,,,,,,,,,52,1st T20I,,,1.0,146,0,0,,Jemimah Rodrigues,,388,73,35,-,-,https://scores.bcci.tv/matchcentre/playerimages/ooChVkdZ3m1734196983388.png,,18:29 GMT,2024-12-15,,,,,0.0,
199,1731,8,T20 (N),Post,2024-12-17,17 Dec 2024,India (Women) vs West Indies (Women),19:00,13:30 GMT,2024-12-17,52,India (Women),75,West Indies (Women),INDW,WIW,69,DY Patil Stadium,West Indies (Women) Won by 9  Wickets ,West Indies (Women),West Indies (Women) Won The Toss And Elected To Field, Won The Toss And Elected To Field,1,159/9 (20.0 Ov),160/1 (15.4 Ov),,2024-12-17 19:00:00,NAVI MUMBAI,,,,,,,,583,313,481,87,52,India (Women),,,,,75,West Indies (Women),Asia/Kolkata,17 Dec 2024,23:59,20,0,T20,2.0,West Indies Women Tour Of India T20I Series 2024,Kaushik Gandhi,Mohit Krishna Das,Eloise Sheridan,West Indies (Women) Won by 9  Wickets ,https://scores.bcci.tv/matchcentre/teamlogos/india.png,https://scores.bcci.tv/matchcentre/teamlogos/SYHtaZYFdz1729664662WI.png,https://scores.bcci.tv/matchcentre/teamlogos/india.png,https://scores.bcci.tv/matchcentre/teamlogos/SYHtaZYFdz1729664662WI.png,0,+9.5,2022-100mb00000000918-aceee78099e611,Hayley Matthews,85,47,17,0,180.85,https://scores.bcci.tv/matchcentre/playerimages/ZYNXIU6HW21734175593918.png,2022-100mb00000000911-7e31c0b099e511,Shemaine Campbelle,29,26,4,0,111.53,https://scores.bcci.tv/matchcentre/playerimages/AioemNVOgh1734175533911.png,2024-100mb00000003092-8cb56a3fca7211,Sajeevan Sajana,2.4,17,0,0,6.38,0.0,https://scores.bcci.tv/matchcentre/playerimages/Wyw7q5OcXp17341968943092.png,,,,2,159/9 (20.0 Overs),159,9,20.0,7.95,160/1 (15.4 Overs),160,1,15.4,10.21,,,,,,,,,,,,,,,,,,,,,2,,,,,,,,,75,2nd  T20I,,,2.0,204,0,0,,Hayley Matthews,,918,85,47,2,36,https://scores.bcci.tv/matchcentre/playerimages/ZYNXIU6HW21734175593918.png,,18:29 GMT,2024-12-17,,,,,0.0,
199,1732,8,T20 (N),Post,2024-12-19,19 Dec 2024,India (Women) vs West Indies (Women),19:00,13:30 GMT,2024-12-19,52,India (Women),75,West Indies (Women),INDW,WIW,69,DY Patil Stadium,India (Women) Won by 60  Runs ,West Indies (Women),West Indies (Women) Won The Toss And Elected To Field, Won The Toss And Elected To Field,1,217/4 (20.0 Ov),157/9 (20.0 Ov),,2024-12-19 19:00:00,NAVI MUMBAI,,,,,,,,481,313,583,87,52,India (Women),,,,,75,West Indies (Women),Asia/Kolkata,19 Dec 2024,23:59,20,0,T20,3.0,West Indies Women Tour Of India T20I Series 2024,Eloise Sheridan,Mohit Krishna Das,Kaushik Gandhi,India (Women) Won by 60  Runs ,https://scores.bcci.tv/matchcentre/teamlogos/india.png,https://scores.bcci.tv/matchcentre/teamlogos/SYHtaZYFdz1729664662WI.png,https://scores.bcci.tv/matchcentre/teamlogos/india.png,https://scores.bcci.tv/matchcentre/teamlogos/SYHtaZYFdz1729664662WI.png,0,+9.5,2022-100mb00000000914-f8ef291699e511,Afy Fletcher,5,7,0,0,71.42,https://scores.bcci.tv/matchcentre/playerimages/xOzoj7zdOg1734175567914.png,2022-100mb00000000920-ee4171ff99e611,Karishma Ramharack,3,6,0,0,50.0,https://scores.bcci.tv/matchcentre/playerimages/7EblHD2yCU1734175604920.png,934e9959231c4ca3b118005cdbee4e8,Deepti Sharma,4.0,31,0,1,7.75,24.0,https://scores.bcci.tv/matchcentre/playerimages/tO1DZcg4FW1734196992395.png,,,,2,217/4 (20.0 Overs),217,4,20.0,10.85,157/9 (20.0 Overs),157,9,20.0,7.85,,,,,,,,,,,,,,,,,,,,,2,,,,,,,,,52,3rd  T20I,,,3.0,157,0,0,,Richa Ghosh,,399,54,21,-,-,https://scores.bcci.tv/matchcentre/playerimages/6nK8aIy8Et1734197039399.png,,18:29 GMT,2024-12-19,,,,,0.0,
200,1733,1,One Day D/N,Post,2024-12-22,22 Dec 2024,India (Women) vs West Indies (Women),13:30,08:00 GMT,2024-12-22,52,India (Women),75,West Indies (Women),INDW,WIW,152,Kotambi Stadium,India (Women) Won by 211  Runs ,West Indies (Women),West Indies (Women) Won The Toss And Elected To Field, Won The Toss And Elected To Field,1,314/9 (50.0 Ov),103/10 (26.2 Ov),,2024-12-22 13:30:00,Vadodara,,,,,,,,481,598,221,92,52,India (Women),,,,,75,West Indies (Women),Asia/Kolkata,22 Dec 2024,23:59,50,0,ODI,1.0,West Indies Women Tour Of India Odi Series 2024,Eloise Sheridan,Kannur Swaroopanand,Madanagopal Jayaraman,India (Women) Won by 211  Runs ,https://scores.bcci.tv/matchcentre/teamlogos/india.png,https://scores.bcci.tv/matchcentre/teamlogos/SYHtaZYFdz1729664662WI.png,https://scores.bcci.tv/matchcentre/teamlogos/india.png,https://scores.bcci.tv/matchcentre/teamlogos/SYHtaZYFdz1729664662WI.png,0,+9.5,2022-100mb00000000912-a613634399e511,Shamilia Connell,8,7,1,0,114.28,https://scores.bcci.tv/matchcentre/playerimages/e4mm5CYWT21734671851912.png,2022-100mb00000000914-f8ef291699e511,Afy Fletcher,24,22,3,0,109.09,https://scores.bcci.tv/matchcentre/playerimages/W6YngQxZmy1734671871914.png,2024-100mb00000003091-12eb130dca7011,Priya Mishra,4.2,22,0,2,5.08,13.0,https://scores.bcci.tv/matchcentre/playerimages/dKlZLzWlaK17350204283091.png,,,76.33,2,314/9 (50.0 Overs),314,9,50.0,6.28,103/10 (26.2 Overs),103,10,26.2,3.91,,,,,,,,,,,,,,,,,,,,,2,,,,,,,,,52,1st ODI,,,1.0,195,0,0,,Renuka Singh,,888,0,2,5,29,https://scores.bcci.tv/matchcentre/playerimages/f7YAbVK3li1735020521888.png,,18:29 GMT,2024-12-22,,,,,0.0,
200,1734,1,One Day D/N,Post,2024-12-24,24 Dec 2024,India (Women) vs West Indies (Women),13:30,08:00 GMT,2024-12-24,52,India (Women),75,West Indies (Women),INDW,WIW,152,Kotambi Stadium,India (Women) Won by 115  Runs ,India (Women),India (Women) Won The Toss And Elected To Bat, Won The Toss And Elected To Bat,1,358/5 (50.0 Ov),243/10 (46.2 Ov),,2024-12-24 13:30:00,Vadodara,,,,,,,,221,598,481,92,52,India (Women),,,,,75,West Indies (Women),Asia/Kolkata,24 Dec 2024,23:59,50,0,ODI,2.0,West Indies Women Tour Of India Odi Series 2024,Madanagopal Jayaraman,Kannur Swaroopanand,Eloise Sheridan,India (Women) Won by 115  Runs ,https://scores.bcci.tv/matchcentre/teamlogos/india.png,https://scores.bcci.tv/matchcentre/teamlogos/SYHtaZYFdz1729664662WI.png,https://scores.bcci.tv/matchcentre/teamlogos/india.png,https://scores.bcci.tv/matchcentre/teamlogos/SYHtaZYFdz1729664662WI.png,0,+9.5,2022-100mb00000000920-ee4171ff99e611,Karishma Ramharack,3,3,0,0,100.0,https://scores.bcci.tv/matchcentre/playerimages/4cnuGlEXeh1734671901920.png,2022-100mb00000000912-a613634399e511,Shamilia Connell,4,1,1,0,400.0,https://scores.bcci.tv/matchcentre/playerimages/e4mm5CYWT21734671851912.png,2024-100mb00000003091-12eb130dca7011,Priya Mishra,9.2,49,0,3,5.25,18.66,https://scores.bcci.tv/matchcentre/playerimages/dKlZLzWlaK17350204283091.png,,,96.33,2,358/5 (50.0 Overs),358,5,50.0,7.16,243/10 (46.2 Overs),243,10,46.2,5.24,,,,,,,,,,,,,,,,,,,,,2,,,,,,,,,52,2nd  ODI,,,2.0,262,0,0,,Harleen Deol,,389,115,103,-,-,https://scores.bcci.tv/matchcentre/playerimages/RKsjqZMGKG1735020483389.png,,18:29 GMT,2024-12-24,,,,,0.0,
200,1735,1,One Day D/N,Post,2024-12-27,27 Dec 2024,India (Women) vs West Indies (Women),09:30,04:00 GMT,2024-12-27,75,West Indies (Women),52,India (Women),WIW,INDW,152,Kotambi Stadium,India (Women) Won by 5  Wickets ,West Indies (Women),West Indies (Women) Won The Toss And Elected To Bat, Won The Toss And Elected To Bat,1,162/10 (38.5 Ov),167/5 (28.2 Ov),,2024-12-27 09:30:00,Vadodara,,,,,,,,481,598,221,92,52,India (Women),,,,,75,West Indies (Women),Asia/Kolkata,27 Dec 2024,23:59,50,0,ODI,3.0,West Indies Women Tour Of India Odi Series 2024,Eloise Sheridan,Kannur Swaroopanand,Madanagopal Jayaraman,India (Women) Won by 5  Wickets ,https://scores.bcci.tv/matchcentre/teamlogos/SYHtaZYFdz1729664662WI.png,https://scores.bcci.tv/matchcentre/teamlogos/india.png,https://scores.bcci.tv/matchcentre/teamlogos/india.png,https://scores.bcci.tv/matchcentre/teamlogos/SYHtaZYFdz1729664662WI.png,0,+9.5,20200f9bf4944bce11ea9b3802322e7,Richa Ghosh,23,11,1,3,209.09,https://scores.bcci.tv/matchcentre/playerimages/vSc9DmV2oN1735020503399.png,934e9959231c4ca3b118005cdbee4e8,Deepti Sharma,39,48,3,1,81.25,https://scores.bcci.tv/matchcentre/playerimages/si2gdeNoil1735020495395.png,2022-100mb00000000914-f8ef291699e511,Afy Fletcher,4.2,42,0,1,9.69,26.0,https://scores.bcci.tv/matchcentre/playerimages/W6YngQxZmy1734671871914.png,,,78.33,2,162/10 (38.5 Overs),162,10,38.5,4.17,167/5 (28.2 Overs),167,5,28.2,5.89,,,,,,,,,,,,,,,,,,,,,2,,,,,,,,,52,3rd  ODI,,,3.0,294,0,0,,Deepti Sharma,,395,39,48,6,31,https://scores.bcci.tv/matchcentre/playerimages/si2gdeNoil1735020495395.png,,18:29 GMT,2024-12-27,,,,,0.0,
201,1736,3,One Day,Post,2025-01-10,10 Jan 2025,India (Women) vs Ireland (Women),11:00,05:30 GMT,2025-01-10,115,Ireland (Women),52,India (Women),IREW,INDW,40,Niranjan Shah Stadium,India (Women) Won by 6  Wickets ,Ireland (Women),Ireland (Women) Won The Toss And Elected To Bat, Won The Toss And Elected To Bat,1,238/7 (50.0 Ov),241/4 (34.3 Ov),,2025-01-10 11:00:00,Rajkot,,,,,,,,526,471,586,121,52,India (Women),,,,,115,Ireland (Women),Asia/Kolkata,10 Jan 2025,19:00,50,0,ODI,1.0,Ireland Women'S Tour Of India Odi Series 2025,AKSHAY TOTRE,Kim Cotton,Vrinda Rathi,India (Women) Won by 6  Wickets ,https://scores.bcci.tv/matchcentre/teamlogos/X8Ry8YKChW1729662905Ireland.png,https://scores.bcci.tv/matchcentre/teamlogos/india.png,https://scores.bcci.tv/matchcentre/teamlogos/india.png,https://scores.bcci.tv/matchcentre/teamlogos/X8Ry8YKChW1729662905Ireland.png,0,+9.5,20200f9bf4944bce11ea9b3802322e7,Richa Ghosh,8,2,2,0,400.0,https://scores.bcci.tv/matchcentre/playerimages/lU0M663oZO1736484757399.png,2024-100mb00000003352-acbd897b53e911,Tejal Hasabnis,53,46,9,0,115.21,https://scores.bcci.tv/matchcentre/playerimages/17rdJl5d5I17364843343352.png,2023-100mb00000001781-c200a7afab8111,Georgina Dempsey,5.3,50,0,0,9.09,0.0,https://scores.bcci.tv/matchcentre/playerimages/7ysllXCNEt17364157311781.png,,,84.50,2,238/7 (50.0 Overs),238,7,50.0,4.76,241/4 (34.3 Overs),241,4,34.3,6.99,,,,,,,,,,,,,,,,,,,,,2,,,,,,,,,52,1st ODI,,,1.0,349,0,0,,Pratika Rawal,,3664,89,96,0,14,https://scores.bcci.tv/matchcentre/playerimages/skujDqmJS217364846993664.png,,13:30 GMT,2025-01-10,,,,,0.0,
201,1737,3,One Day,Post,2025-01-12,12 Jan 2025,India (Women) vs Ireland (Women),11:00,05:30 GMT,2025-01-12,52,India (Women),115,Ireland (Women),INDW,IREW,40,Niranjan Shah Stadium,India (Women) Won by 116  Runs ,India (Women),India (Women) Won The Toss And Elected To Bat, Won The Toss And Elected To Bat,1,370/5 (50.0 Ov),254/7 (50.0 Ov),,2025-01-12 11:00:00,Rajkot,,,,,,,,87,586,471,121,52,India (Women),,,,,115,Ireland (Women),Asia/Kolkata,12 Jan 2025,19:00,50,0,ODI,2.0,Ireland Women'S Tour Of India Odi Series 2025,Virender Kumar Sharma,Vrinda Rathi,Kim Cotton,India (Women) Won by 116  Runs ,https://scores.bcci.tv/matchcentre/teamlogos/india.png,https://scores.bcci.tv/matchcentre/teamlogos/X8Ry8YKChW1729662905Ireland.png,https://scores.bcci.tv/matchcentre/teamlogos/india.png,https://scores.bcci.tv/matchcentre/teamlogos/X8Ry8YKChW1729662905Ireland.png,0,+9.5,2023-100mb00000001781-c200a7afab8111,Georgina Dempsey,6,7,0,0,85.71,https://scores.bcci.tv/matchcentre/playerimages/7ysllXCNEt17364157311781.png,2023-100mb00000001790-daacd051ab8411,Leah Paul,27,22,3,0,122.72,https://scores.bcci.tv/matchcentre/playerimages/Izz9rKFte317364156031790.png,2022-100mb00000001652-8fe890797f7211,Titas Sadhu,10.0,48,0,1,4.8,60.0,https://scores.bcci.tv/matchcentre/playerimages/e1K10XJPSo17364842461652.png,,,99.83,2,370/5 (50.0 Overs),370,5,50.0,7.4,254/7 (50.0 Overs),254,7,50.0,5.08,,,,,,,,,,,,,,,,,,,,,2,,,,,,,,,52,2nd  ODI,,,2.0,254,0,0,,Jemimah Rodrigues,,388,102,91,-,-,https://scores.bcci.tv/matchcentre/playerimages/pTLbSoaByc1736484709388.png,,13:30 GMT,2025-01-12,,,,,0.0,
201,1738,3,One Day,Post,2025-01-15,15 Jan 2025,India (Women) vs Ireland (Women),11:00,05:30 GMT,2025-01-15,52,India (Women),115,Ireland (Women),INDW,IREW,40,Niranjan Shah Stadium,India (Women) Won by 304  Runs ,India (Women),India (Women) Won The Toss And Elected To Bat, Won The Toss And Elected To Bat,1,435/5 (50.0 Ov),131/10 (31.4 Ov),,2025-01-15 11:00:00,Rajkot,,,,,,,,526,471,87,121,52,India (Women),,,,,115,Ireland (Women),Asia/Kolkata,15 Jan 2025,19:00,50,0,ODI,3.0,Ireland Women'S Tour Of India Odi Series 2025,AKSHAY TOTRE,Kim Cotton,Virender Kumar Sharma,India (Women) Won by 304  Runs ,https://scores.bcci.tv/matchcentre/teamlogos/india.png,https://scores.bcci.tv/matchcentre/teamlogos/X8Ry8YKChW1729662905Ireland.png,https://scores.bcci.tv/matchcentre/teamlogos/india.png,https://scores.bcci.tv/matchcentre/teamlogos/X8Ry8YKChW1729662905Ireland.png,0,+9.5,2024-100mb00000003358-f8e8f1ab57f111,Freya Sargent,1,4,0,0,25.0,https://scores.bcci.tv/matchcentre/playerimages/cmMvfSvJoB17364156493358.png,2024-100mb00000003360-5a1572a157f311,Alana Dalzell,5,12,0,0,41.66,https://scores.bcci.tv/matchcentre/playerimages/RGDUmiwkfy17364156713360.png,934e9959231c4ca3b118005cdbee4e8,Deepti Sharma,8.4,27,2,3,3.12,17.33,https://scores.bcci.tv/matchcentre/playerimages/geUApNWOx91736484739395.png,,,81.67,2,435/5 (50.0 Overs),435,5,50.0,8.7,131/10 (31.4 Overs),131,10,31.4,4.14,,,,,,,,,,,,,,,,,,,,,2,,,,,,,,,52,3rd  ODI,,,3.0,206,0,0,,Pratika Rawal,,3664,154,129,-,-,https://scores.bcci.tv/matchcentre/playerimages/skujDqmJS217364846993664.png,,13:30 GMT,2025-01-15,,,,,0.0,
222,1906,3,One Day,Post,2025-04-27,27 Apr 2025,Sri Lanka (Women) vs India (Women),10:00,04:30 GMT,2025-04-27,83,Sri Lanka (Women),52,India (Women),SLW,INDW,56,R.Premadasa Stadium,India (Women) Won by 9    Wickets ,India (Women),India (Women) Won The Toss And Elected To Field, Won The Toss And Elected To Field,1,147/10 (38.1 Ov),149/1 (29.4 Ov),,2025-04-27 10:00:00,Colombo,,,,,,,,494,498,128,247,83,Sri Lanka (Women),,,,,52,India (Women),Asia/Kolkata,27 Apr 2025,20:30,39,1,ODI,1.0,Women’S Tri-Nation Odi Series In Sri Lanka 2025,Anna Harris,Nimali Perera,Lyndon Hannibal,India (Women) Won by 9    Wickets ,https://scores.bcci.tv/matchcentre/teamlogos/JSjinqwTjl1729664504SriLanka.png,https://scores.bcci.tv/matchcentre/teamlogos/india.png,https://scores.bcci.tv/matchcentre/teamlogos/JSjinqwTjl1729664504SriLanka.png,https://scores.bcci.tv/matchcentre/teamlogos/india.png,0,+9.5,4adbec62885747c4af0d0e03ef78bfa,Harleen Deol,48,71,4,0,67.6,https://scores.bcci.tv/matchcentre/playerimages/wYOIUJWT5H1745830815389.png,2024-100mb00000003664-986871c4b97a11,Pratika Rawal,50,62,7,0,80.64,https://scores.bcci.tv/matchcentre/playerimages/IXDtZNuma117458302893664.png,2022-100mb00000001208-52ad8513f0aa11,Inoka Ranaweera,7.4,32,2,1,4.17,46.0,https://scores.bcci.tv/matchcentre/playerimages/rIG07vKO1k17458298921208.png,,,100,2,147/10 (38.1 Overs),147,10,38.1,3.85,149/1 (29.4 Overs),149,1,29.4,5.02,,,,,,,,,,,,,,,,,,,,,2,,,,,,,,,52,Round 1,,,1.0,195,0,0,,Pratika Rawal,,3664,50,62,0,2,https://scores.bcci.tv/matchcentre/playerimages/IXDtZNuma117458302893664.png,,15:00 GMT,2025-04-27,,,,,0.0,
222,1907,3,One Day,Post,2025-04-29,29 Apr 2025,India (Women) vs South Africa (Women),10:00,04:30 GMT,2025-04-29,52,India (Women),54,South Africa (Women),INDW,SAW,56,R.Premadasa Stadium,India (Women) Won by 15  Runs ,India (Women),India (Women) Won The Toss And Elected To Bat, Won The Toss And Elected To Bat,1,276/6 (50.0 Ov),261/10 (49.2 Ov),,2025-04-29 10:00:00,Colombo,,,,,,,,494,500,128,247,52,India (Women),,,,,54,South Africa (Women),Asia/Kolkata,29 Apr 2025,18:30,50,0,ODI,2.0,Women’S Tri-Nation Odi Series In Sri Lanka 2025,Anna Harris,Dedunu Silva,Lyndon Hannibal,India (Women) Won by 15  Runs ,https://scores.bcci.tv/matchcentre/teamlogos/india.png,https://scores.bcci.tv/matchcentre/teamlogos/tY4UgfmAqX1729664332South-Africa.png,https://scores.bcci.tv/matchcentre/teamlogos/india.png,https://scores.bcci.tv/matchcentre/teamlogos/tY4UgfmAqX1729664332South-Africa.png,0,+9.5,2019767fe6b9ebd911e9ab5002322e7,Nonkululeko Mlaba,8,6,0,1,133.33,https://scores.bcci.tv/matchcentre/playerimages/HDzSauQz6e1745831815444.png,cc48836a443d4f22aed6b4d0e1b3103,Ayabonga Khaka,0,1,0,0,0.0,https://scores.bcci.tv/matchcentre/playerimages/rVvSrD8nq41745831732442.png,2021d815598c5d9111ec9c9202ea608,Kashvee Gautam,7.2,47,0,0,6.41,0.0,https://scores.bcci.tv/matchcentre/playerimages/rjQnzFSCyZ1745830983782.png,,,99.33,2,276/6 (50.0 Overs),276,6,50.0,5.52,261/10 (49.2 Overs),261,10,49.2,5.29,,,,,,,,,,,,,,,,,,,,,2,,,,,,,,,52,2nd  ODI,,,2.0,264,0,0,,Sneh Rana,,887,-,-,5,43,https://scores.bcci.tv/matchcentre/playerimages/kaceYlFKRr1745831002887.png,,13:00 GMT,2025-04-29,,,,,0.0,
222,1908,3,One Day,Post,2025-05-04,4 May 2025,Sri Lanka (Women) vs India (Women),10:00,04:30 GMT,2025-05-04,52,India (Women),83,Sri Lanka (Women),INDW,SLW,56,R.Premadasa Stadium,Sri Lanka (Women) Won by 3  Wickets ,Sri Lanka (Women),Sri Lanka (Women) Won The Toss And Elected To Field, Won The Toss And Elected To Field,1,275/9 (50.0 Ov),278/7 (49.1 Ov),,2025-05-04 10:00:00,Colombo,,,,,,,,0,0,0,0,83,Sri Lanka (Women),,,,,52,India (Women),Asia/Kolkata,4 May 2025,18:30,50,0,ODI,4.0,Women’S Tri-Nation Odi Series In Sri Lanka 2025,,,,Sri Lanka (Women) Won by 3  Wickets ,https://scores.bcci.tv/matchcentre/teamlogos/india.png,https://scores.bcci.tv/matchcentre/teamlogos/JSjinqwTjl1729664504SriLanka.png,https://scores.bcci.tv/matchcentre/teamlogos/JSjinqwTjl1729664504SriLanka.png,https://scores.bcci.tv/matchcentre/teamlogos/india.png,0,+9.5,2022-100mb00000001210-a00d1c36f0aa11,Anushka Sanjeewani,23,28,2,0,82.14,https://scores.bcci.tv/matchcentre/playerimages/sDqhm3wgsL17458299061210.png,2022-100mb00000001203-61332a62f0a911,Sugandika Kumari,19,20,2,0,95.0,https://scores.bcci.tv/matchcentre/playerimages/KzTO8rMwMa17458297771203.png,2024-100mb00000003664-986871c4b97a11,Pratika Rawal,5.1,32,0,1,6.19,31.0,https://scores.bcci.tv/matchcentre/playerimages/IXDtZNuma117458302893664.png,,,99.17,2,275/9 (50.0 Overs),275,9,50.0,5.5,278/7 (49.1 Overs),278,7,49.1,5.65,,,,,,,,,,,,,,,,,,,,,2,,,,,,,,,83,4th  ODI,,,4.0,282,0,0,,,,,-,-,-,-,,,13:00 GMT,2025-05-04,,,,,0.0,
222,1909,3,One Day,Post,2025-05-07,7 May 2025,India (Women) vs South Africa (Women),10:00,04:30 GMT,2025-05-07,52,India (Women),54,South Africa (Women),INDW,SAW,56,R.Premadasa Stadium,India (Women) Won by 23  Runs (Qualified),South Africa (Women),South Africa (Women) Won The Toss And Elected To Field, Won The Toss And Elected To Field,1,337/9 (50.0 Ov),314/7 (50.0 Ov),,2025-05-07 10:00:00,Colombo,,,,,,,,494,498,128,145,52,India (Women),,,,,54,South Africa (Women),Asia/Kolkata,7 May 2025,18:30,50,0,ODI,5.0,Women’S Tri-Nation Odi Series In Sri Lanka 2025,Anna Harris,Nimali Perera,Lyndon Hannibal,India (Women) Won by 23  Runs (Qualified),https://scores.bcci.tv/matchcentre/teamlogos/india.png,https://scores.bcci.tv/matchcentre/teamlogos/tY4UgfmAqX1729664332South-Africa.png,https://scores.bcci.tv/matchcentre/teamlogos/india.png,https://scores.bcci.tv/matchcentre/teamlogos/tY4UgfmAqX1729664332South-Africa.png,0,+9.5,903a0f25c47f413cba08d87a751d194,Sune Luus,2,3,0,0,66.66,https://scores.bcci.tv/matchcentre/playerimages/25gJfItQBo1745831715434.png,2019ec93d715ebd911e9ab5002322e7,Nadine De Klerk,22,13,2,1,169.23,https://scores.bcci.tv/matchcentre/playerimages/enJoDClP9F1745831827445.png,934e9959231c4ca3b118005cdbee4e8,Deepti Sharma,10.0,57,0,2,5.7,30.0,https://scores.bcci.tv/matchcentre/playerimages/igGuUUrSs41745830886395.png,,,99.83,2,337/9 (50.0 Overs),337,9,50.0,6.74,314/7 (50.0 Overs),314,7,50.0,6.28,,,,,,,,,,,,,,,,,,,,,2,,,,,,,,,52,5th  ODI,,,5.0,314,0,0,,Jemimah Rodrigues,,388,123,101,-,-,https://scores.bcci.tv/matchcentre/playerimages/zNRx6Ns9qe1745830660388.png,,13:00 GMT,2025-05-07,,,,,0.0,
222,1972,3,One Day,Post,2025-05-11,11 May 2025,India (Women) vs Sri Lanka (Women),10:00,04:30 GMT,2025-05-11,52,India (Women),83,Sri Lanka (Women),INDW,SLW,56,R.Premadasa Stadium,India (Women) Won by 97  Runs (Winners),India (Women),India (Women) Won The Toss And Elected To Bat, Won The Toss And Elected To Bat,1,342/7 (50.0 Ov),245/10 (48.2 Ov),,2025-05-11 10:00:00,Colombo,,,,,,,,494,498,128,145,52,India (Women),,,,,83,Sri Lanka (Women),Asia/Kolkata,11 May 2025,18:30,50,11,ODI,7.0,Women’S Tri-Nation Odi Series In Sri Lanka 2025,Anna Harris,Nimali Perera,Lyndon Hannibal,India (Women) Won by 97  Runs (Winners),https://scores.bcci.tv/matchcentre/teamlogos/india.png,https://scores.bcci.tv/matchcentre/teamlogos/JSjinqwTjl1729664504SriLanka.png,https://scores.bcci.tv/matchcentre/teamlogos/india.png,https://scores.bcci.tv/matchcentre/teamlogos/JSjinqwTjl1729664504SriLanka.png,0,+9.5,2022-100mb00000001210-a00d1c36f0aa11,Anushka Sanjeewani,28,41,2,0,68.29,https://scores.bcci.tv/matchcentre/playerimages/sDqhm3wgsL17458299061210.png,2022-100mb00000001208-52ad8513f0aa11,Inoka Ranaweera,0,0,0,0,0.0,https://scores.bcci.tv/matchcentre/playerimages/rIG07vKO1k17458298921208.png,2022-100mb00000000887-2bd71c2988b911,Sneh Rana,9.2,38,1,4,4.07,14.0,https://scores.bcci.tv/matchcentre/playerimages/kaceYlFKRr1745831002887.png,,,98.33,2,342/7 (50.0 Overs),342,7,50.0,6.84,245/10 (48.2 Overs),245,10,48.2,5.07,,,,,,,,,,,,,,,,,,,,,2,,,,,,,,,52,Final,,,7.0,253,0,0,,Smriti Mandhana,,401,116,101,-,-,https://scores.bcci.tv/matchcentre/playerimages/fUPNXPV1yy1745830971401.png,Final,13:00 GMT,2025-05-11,,,,,0.0,
179,1633,2,T20,Post,2025-06-28,28 Jun 2025,England (Women) vs India (Women),14:30,13:30 GMT,2025-06-28,52,India (Women),53,England (Women),INDW,ENGW,32,Trent Bridge,India (Women) Won by 97 Runs ,England (Women),England (Women) Won The Toss And Elected To Field, Won The Toss And Elected To Field,1,210/5 (20.0 Ov),113/10 (14.5 Ov),,2025-06-28 14:30:00,Nottingham,,,,,,,,6,615,0,257,53,England (Women),,,,,52,India (Women),Asia/Kolkata,28 Jun 2025,23:59,20,0,T20,1.0,India Women In England T20 Series 2025,Jacqueline Williams,JD Middlebroook,,India (Women) Won by 97 Runs ,https://scores.bcci.tv/matchcentre/teamlogos/india.png,https://scores.bcci.tv/matchcentre/teamlogos/xwbqvMolZz1729662687ECB.png,https://scores.bcci.tv/matchcentre/teamlogos/xwbqvMolZz1729662687ECB.png,https://scores.bcci.tv/matchcentre/teamlogos/india.png,0,+9.5,2022-100mb00000001425-6e42c3962e8f11,Lauren Bell,2,4,0,0,50.0,https://scores.bcci.tv/matchcentre/playerimages/dyiY6Drt0u17510402061425.png,2025-100mb00000004035-486b85f050f611,Linsey Smith,0,0,0,0,0.0,https://scores.bcci.tv/matchcentre/playerimages/fVf4h73xuo17510402224035.png,2025-100mb00000003703-15667a12dc8011,Shree Charani,3.5,12,0,4,3.13,5.75,https://scores.bcci.tv/matchcentre/playerimages/AmfKDZbQ1X17507671403703.png,,,87.08,2,210/5 (20.0 Overs),210,5,20.0,10.5,113/10 (14.5 Overs),113,10,14.5,7.62,,,,,,,,,,,,,,,,,,,,,2,,,,,,,,,52,1st T20I,,,1.0,152,0,0,,Smriti Mandhana,,401,112,62,-,-,https://scores.bcci.tv/matchcentre/playerimages/HTinp2LKaA1750767149401.png,,22:59 GMT,2025-06-28,,,,,0.0,
179,1634,2,T20,Post,2025-07-01,1 Jul 2025,England (Women) vs India (Women),18:30,17:30 GMT,2025-07-01,52,India (Women),53,England (Women),INDW,ENGW,22,Seat Unique Stadium,India (Women) Won by 24  Runs ,England (Women),England (Women) Won The Toss And Elected To Field, Won The Toss And Elected To Field,0,181/4 (20.0 Ov),157/7 (20.0 Ov),,2025-07-01 18:30:00,Bristol,,,,,,,,494,615,6,257,53,England (Women),,,,,52,India (Women),Asia/Kolkata,1 Jul 2025,23:59,20,0,T20,2.0,India Women In England T20 Series 2025,Anna Harris,JD Middlebroook,Jacqueline Williams,India (Women) Won by 24  Runs ,https://scores.bcci.tv/matchcentre/teamlogos/india.png,https://scores.bcci.tv/matchcentre/teamlogos/xwbqvMolZz1729662687ECB.png,https://scores.bcci.tv/matchcentre/teamlogos/xwbqvMolZz1729662687ECB.png,https://scores.bcci.tv/matchcentre/teamlogos/india.png,0,+9.5,c275f649a3e649cc97dbebd498171c8,Sophie Ecclestone,35,23,4,1,152.17,https://scores.bcci.tv/matchcentre/playerimages/w0hUEonMBy1751358866406.png,2025-100mb00000004036-5e1d552c50f611,Emily Arlott,12,11,1,0,109.09,https://scores.bcci.tv/matchcentre/playerimages/s5X53etGkp17510402444036.png,934e9959231c4ca3b118005cdbee4e8,Deepti Sharma,4.0,30,0,1,7.5,24.0,https://scores.bcci.tv/matchcentre/playerimages/ywB8BPOoQI1750767015395.png,,,99.58,2,181/4 (20.0 Overs),181,4,20.0,9.05,157/7 (20.0 Overs),157,7,20.0,7.85,,,,,,,,,,,,,,,,,,,,,2,,,,,,,,,52,2nd  T20I,,,2.0,157,0,0,,Amanjot Kaur,,1680,63,40,1,28,https://scores.bcci.tv/matchcentre/playerimages/pt9pczbo1Z17507669961680.png,,22:59 GMT,2025-07-01,,,,,0.0,
179,1635,2,T20,Post,2025-07-04,4 Jul 2025,England (Women) vs India (Women),18:35,17:35 GMT,2025-07-04,53,England (Women),52,India (Women),ENGW,INDW,30,Kennington Oval,England (Women) Won by 5  Runs ,England (Women),England (Women) Won The Toss And Elected To Bat, Won The Toss And Elected To Bat,1,171/9 (20.0 Ov),166/5 (20.0 Ov),,2025-07-04 18:35:00,London,,,,,,,,0,0,0,0,53,England (Women),,,,,52,India (Women),Asia/Kolkata,5 Jul 2025,23:59,20,0,T20,3.0,India Women In England T20 Series 2025,,,,England (Women) Won by 5  Runs ,https://scores.bcci.tv/matchcentre/teamlogos/xwbqvMolZz1729662687ECB.png,https://scores.bcci.tv/matchcentre/teamlogos/india.png,https://scores.bcci.tv/matchcentre/teamlogos/xwbqvMolZz1729662687ECB.png,https://scores.bcci.tv/matchcentre/teamlogos/india.png,0,+9.5,45e022a459e64a3eb0391acc0db5efa,Harmanpreet Kaur,23,17,2,0,135.29,https://scores.bcci.tv/matchcentre/playerimages/rpFJC2OedK1750767046387.png,2022-100mb00000001680-8a371a12874411,Amanjot Kaur,7,4,1,0,175.0,https://scores.bcci.tv/matchcentre/playerimages/pt9pczbo1Z17507669961680.png,2022-100mb00000001425-6e42c3962e8f11,Lauren Bell,4.0,37,0,1,9.25,24.0,https://scores.bcci.tv/matchcentre/playerimages/dyiY6Drt0u17510402061425.png,,,99.58,2,171/9 (20.0 Overs),171,9,20.0,8.55,166/5 (20.0 Overs),166,5,20.0,8.3,,,,,,,,,,,,,,,,,,,,,2,,,,,,,,,53,3rd  T20I,,,3.0,166,0,0,,Sophia Dunkley,,944,75,53,-,-,https://scores.bcci.tv/matchcentre/playerimages/Mr8MrQjnv71751039995944.png,,22:59 GMT,2025-07-05,,,,,0.0,
179,1636,2,T20,Post,2025-07-09,9 Jul 2025,England (Women) vs India (Women),18:30,17:30 GMT,2025-07-09,53,England (Women),52,India (Women),ENGW,INDW,29,Old Trafford,India (Women) Won by 6   Wickets ,England (Women),England (Women) Won The Toss And Elected To Bat, Won The Toss And Elected To Bat,1,126/7 (20.0 Ov),127/4 (17.0 Ov),,2025-07-09 18:30:00,Manchester,,,,,,,,494,385,0,0,53,England (Women),,,,,52,India (Women),Asia/Kolkata,10 Jul 2025,23:59,20,0,T20,4.0,India Women In England T20 Series 2025,Anna Harris,Ian Blackwell,,India (Women) Won by 6   Wickets ,https://scores.bcci.tv/matchcentre/teamlogos/xwbqvMolZz1729662687ECB.png,https://scores.bcci.tv/matchcentre/teamlogos/india.png,https://scores.bcci.tv/matchcentre/teamlogos/xwbqvMolZz1729662687ECB.png,https://scores.bcci.tv/matchcentre/teamlogos/india.png,0,+9.5,4acef6b5a64744ecb8a987bf5c8b33b,Jemimah Rodrigues,24,22,1,0,109.09,https://scores.bcci.tv/matchcentre/playerimages/HI16yaDKDn1750767061388.png,20200f9bf4944bce11ea9b3802322e7,Richa Ghosh,7,4,1,0,175.0,https://scores.bcci.tv/matchcentre/playerimages/rLHvKECzEs1750767098399.png,c275f649a3e649cc97dbebd498171c8,Sophie Ecclestone,4.0,20,0,1,5.0,24.0,https://scores.bcci.tv/matchcentre/playerimages/w0hUEonMBy1751358866406.png,,,92.50,2,126/7 (20.0 Overs),126,7,20.0,6.3,127/4 (17.0 Overs),127,4,17.0,7.47,,,,,,,,,,,,,,,,,,,,,2,,,,,,,,,52,4th  T20I,,,4.0,149,0,0,,Radha Yadav,,400,-,-,2,15,https://scores.bcci.tv/matchcentre/playerimages/2pUrUtRUn01750767084400.png,,22:59 GMT,2025-07-10,,,,,0.0,
179,1637,2,T20,Post,2025-07-12,12 Jul 2025,England (Women) vs India (Women),18:35,17:35 GMT,2025-07-12,52,India (Women),53,England (Women),INDW,ENGW,25,Edgbaston,England (Women) Won by 5   Wickets ,England (Women),England (Women) Won The Toss And Elected To Field, Won The Toss And Elected To Field,1,167/7 (20.0 Ov),168/5 (20.0 Ov),,2025-07-12 18:35:00,Birmingham,,,,,,,,617,6,479,257,53,England (Women),,,,,52,India (Women),Asia/Kolkata,13 Jul 2025,23:59,20,0,T20,5.0,India Women In England T20 Series 2025,Jack Shantry,Jacqueline Williams,Sue Redfern,England (Women) Won by 5   Wickets ,https://scores.bcci.tv/matchcentre/teamlogos/india.png,https://scores.bcci.tv/matchcentre/teamlogos/xwbqvMolZz1729662687ECB.png,https://scores.bcci.tv/matchcentre/teamlogos/xwbqvMolZz1729662687ECB.png,https://scores.bcci.tv/matchcentre/teamlogos/india.png,0,+9.5,c275f649a3e649cc97dbebd498171c8,Sophie Ecclestone,4,2,0,0,200.0,https://scores.bcci.tv/matchcentre/playerimages/w0hUEonMBy1751358866406.png,2025-100mb00000004037-70d66fd950f611,Paige Scholfield,2,2,0,0,100.0,https://scores.bcci.tv/matchcentre/playerimages/betzS537RX17510404524037.png,0aa8ab2081d04063ab838175df4689d,Arundhati Reddy,4.0,47,0,2,11.75,12.0,https://scores.bcci.tv/matchcentre/playerimages/bDEhf7T1nw1750767004391.png,,,99.58,2,167/7 (20.0 Overs),167,7,20.0,8.35,168/5 (20.0 Overs),168,5,20.0,8.4,,,,,,,,,,,,,,,,,,,,,2,,,,,,,,,53,5th  T20I,,,5.0,168,0,0,,Charlie Dean,Bowling,943,-,-,3,23,https://scores.bcci.tv/matchcentre/playerimages/DgXy2jv8hJ1751040122943.png,,22:59 GMT,2025-07-13,,,,,0.0,
180,1638,3,One Day,Post,2025-07-16,16 Jul 2025,England (Women) vs India (Women),13:00,12:00 GMT,2025-07-16,53,England (Women),52,India (Women),ENGW,INDW,26,The Rose Bowl,India (Women) Won by 4  Wickets ,England (Women),England (Women) Won The Toss And Elected To Bat, Won The Toss And Elected To Bat,1,258/6 (50.0 Ov),262/6 (48.2 Ov),,2025-07-16 13:00:00,Southampton,,,,,,,,6,479,494,256,53,England (Women),,,,,52,India (Women),Asia/Kolkata,17 Jul 2025,23:59,50,0,ODI,1.0,India Women In England Odi Series 2025,Jacqueline Williams,Sue Redfern,Anna Harris,India (Women) Won by 4  Wickets ,https://scores.bcci.tv/matchcentre/teamlogos/xwbqvMolZz1729662687ECB.png,https://scores.bcci.tv/matchcentre/teamlogos/india.png,https://scores.bcci.tv/matchcentre/teamlogos/xwbqvMolZz1729662687ECB.png,https://scores.bcci.tv/matchcentre/teamlogos/india.png,0,+9.5,2022-100mb00000001680-8a371a12874411,Amanjot Kaur,20,14,3,0,142.85,https://scores.bcci.tv/matchcentre/playerimages/u6ooI0yUPW17508446551680.png,934e9959231c4ca3b118005cdbee4e8,Deepti Sharma,62,64,3,1,96.87,https://scores.bcci.tv/matchcentre/playerimages/iD9tL8EuSs1750845002395.png,a7b71332af7f40c38fa141ba4dc3d53,Kate Cross,9.2,60,0,0,6.43,0.0,https://scores.bcci.tv/matchcentre/playerimages/opR7o8g78P1752041793405.png,,,98.33,2,258/6 (50.0 Overs),258,6,50.0,5.16,262/6 (48.2 Overs),262,6,48.2,5.42,,,,,,,,,,,,,,,,,,,,,2,,,,,,,,,52,1st ODI,,,1.0,271,0,0,,Deepti Sharma,,395,62,64,0,58,https://scores.bcci.tv/matchcentre/playerimages/iD9tL8EuSs1750845002395.png,,22:59 GMT,2025-07-17,,,,,0.0,
180,1639,3,One Day,Post,2025-07-19,19 Jul 2025,England (Women) vs India (Women),11:00,10:00 GMT,2025-07-19,52,India (Women),53,England (Women),INDW,ENGW,28,Lord's Cricket Ground,England (Women) Won by 8  Wickets  (D/L Method) ,England (Women),England (Women) Won The Toss And Elected To Field, Won The Toss And Elected To Field,1,143/8 (29.0 Ov),116/2 (21.0 Ov),,2025-07-19 11:00:00,London,,,,,,,,494,618,0,256,53,England (Women),,,,,52,India (Women),Asia/Kolkata,20 Jul 2025,23:59,29,0,ODI,2.0,India Women In England Odi Series 2025,Anna Harris,Rob White,,England (Women) Won by 8  Wickets  (D/L Method) ,https://scores.bcci.tv/matchcentre/teamlogos/india.png,https://scores.bcci.tv/matchcentre/teamlogos/xwbqvMolZz1729662687ECB.png,https://scores.bcci.tv/matchcentre/teamlogos/xwbqvMolZz1729662687ECB.png,https://scores.bcci.tv/matchcentre/teamlogos/india.png,0,+9.5,2022-100mb00000000944-90c673af99f511,Sophia Dunkley,9,9,2,0,100.0,https://scores.bcci.tv/matchcentre/playerimages/0Ub8OGgytd1752041842944.png,f4f27ac700d246ee8c1752e7efe185a,Amy Ellen Jones,46,57,5,0,80.7,https://scores.bcci.tv/matchcentre/playerimages/gGVTGosMPA1752041757402.png,2025-100mb00000003704-67165c05dc8011,Kranti Gaud,3.0,29,0,1,9.67,18.0,https://scores.bcci.tv/matchcentre/playerimages/vV4y5YXjW917508449353704.png,,,100,2,143/8 (29.0 Overs),143,8,29.0,4.93,116/2 (21.0 Overs),116,2,21.0,5.52,,,,,,,,,,,,,,,,,,,,,2,,,,,,,,,53,2nd  ODI,24,115,2.0,132,0,0,,Sophie Ecclestone,,406,-,-,3,27,https://scores.bcci.tv/matchcentre/playerimages/OcY3o60dSR1752041800406.png,,22:59 GMT,2025-07-20,,,,,0.0,
180,1640,3,One Day,Post,2025-07-22,22 Jul 2025,England (Women) vs India (Women),13:00,12:00 GMT,2025-07-22,52,India (Women),53,England (Women),INDW,ENGW,31,Riverside Ground,India (Women) Won by 13  Runs ,India (Women),India (Women) Won The Toss And Elected To Bat, Won The Toss And Elected To Bat,1,318/5 (50.0 Ov),305/10 (49.5 Ov),,2025-07-22 13:00:00,Chester-le-Street,,,,,,,,6,618,479,256,53,England (Women),,,,,52,India (Women),Asia/Kolkata,23 Jul 2025,23:59,50,0,ODI,3.0,India Women In England Odi Series 2025,Jacqueline Williams,Rob White,Sue Redfern,India (Women) Won by 13  Runs ,https://scores.bcci.tv/matchcentre/teamlogos/india.png,https://scores.bcci.tv/matchcentre/teamlogos/xwbqvMolZz1729662687ECB.png,https://scores.bcci.tv/matchcentre/teamlogos/xwbqvMolZz1729662687ECB.png,https://scores.bcci.tv/matchcentre/teamlogos/india.png,0,+9.5,2022-100mb00000001425-6e42c3962e8f11,Lauren Bell,7,4,0,1,175.0,https://scores.bcci.tv/matchcentre/playerimages/Itj3gOjTky17520417181425.png,2025-100mb00000004035-486b85f050f611,Linsey Smith,14,9,1,0,155.55,https://scores.bcci.tv/matchcentre/playerimages/2091uqp3F617520417644035.png,2025-100mb00000003704-67165c05dc8011,Kranti Gaud,9.5,52,1,6,5.29,9.83,https://scores.bcci.tv/matchcentre/playerimages/vV4y5YXjW917508449353704.png,,,99.83,2,318/5 (50.0 Overs),318,5,50.0,6.36,305/10 (49.5 Overs),305,10,49.5,6.12,,,,,,,,,,,,,,,,,,,,,2,,,,,,,,,52,3rd  ODI,,,3.0,306,0,0,,Harmanpreet Kaur,,387,102,84,-,-,https://scores.bcci.tv/matchcentre/playerimages/BdxXoIcK0M1750844947387.png,,22:59 GMT,2025-07-23,,,,,0.0,
243,2095,2,T20,Post,2025-08-07,7 Aug 2025,Australia A (Women) vs India A (Women),18:00,08:00 GMT,2025-08-07,230,Australia A (Women),148,India A (Women),AUS-AW,IND-AW,139,Great Barrier Reef Arena,Australia A (Women) Won by 13 Runs ,India A (Women),India A (Women) Won The Toss And Elected To Field, Won The Toss And Elected To Field,1,137/6 (20.0 Ov),124/5 (20.0 Ov),,2025-08-07 18:00:00,Mackay,,,,,,,,0,0,0,0,230,Australia A (Women),,,,,148,India A (Women),Asia/Kolkata,7 Aug 2025,23:30,20,0,T20,1.0,India A Women Tour Of Australia T20 Series 2025,,,,Australia A (Women) Won by 13 Runs ,https://scores.bcci.tv/matchcentre/teamlogos/CqCDnjhh7Y1729662126Australia.png,https://scores.bcci.tv/matchcentre/teamlogos/HR6HRHdGeL1753711813200x200.png,https://scores.bcci.tv/matchcentre/teamlogos/CqCDnjhh7Y1729662126Australia.png,https://scores.bcci.tv/matchcentre/teamlogos/HR6HRHdGeL1753711813200x200.png,0,+9.5,2024-100mb00000003092-8cb56a3fca7211,Sajana Sajeevan,7,11,0,0,63.63,https://scores.bcci.tv/matchcentre/playerimages/nynfiL2tA617523435203092.png,4e78f2e8c4854e419aedda1321ac7ad,Radha Yadav,26,22,3,0,118.18,https://scores.bcci.tv/matchcentre/playerimages/lCJNDwbzTd1752343799400.png,2022-100mb00000001640-f7faee4f722c11,Kim Garth,4.0,15,0,0,3.75,0.0,https://scores.bcci.tv/matchcentre/playerimages/YjtYjyssIV17544696731640.png,,,100,2,137/6 (20.0 Overs),137,6,20.0,6.85,124/5 (20.0 Overs),124,5,20.0,6.2,,,,,,,,,,,,,,,,,,,,,6,,,,,,,,,230,1st Twenty20,,,1.0,124,0,0,,,,,-,-,-,-,,,13:30 GMT,2025-08-07,,,,,0.0,
243,2096,2,T20,Post,2025-08-09,9 Aug 2025,Australia A (Women) vs India A (Women),18:00,08:00 GMT,2025-08-09,230,Australia A (Women),148,India A (Women),AUS-AW,IND-AW,139,Great Barrier Reef Arena,Australia A (Women) Won by 114 Runs ,India A (Women),India A (Women) Won The Toss And Elected To Field, Won The Toss And Elected To Field,1,187/4 (20.0 Ov),73/10 (15.1 Ov),,2025-08-09 18:00:00,Mackay,,,,,,,,481,629,0,103,230,Australia A (Women),,,,,148,India A (Women),Asia/Kolkata,9 Aug 2025,23:59,20,0,T20,2.0,India A Women Tour Of Australia T20 Series 2025,Eloise Sheridan,Kate Holloman,,Australia A (Women) Won by 114 Runs ,https://scores.bcci.tv/matchcentre/teamlogos/CqCDnjhh7Y1729662126Australia.png,https://scores.bcci.tv/matchcentre/teamlogos/HR6HRHdGeL1753711813200x200.png,https://scores.bcci.tv/matchcentre/teamlogos/CqCDnjhh7Y1729662126Australia.png,https://scores.bcci.tv/matchcentre/teamlogos/HR6HRHdGeL1753711813200x200.png,0,+9.5,2022-100mb00000001652-8fe890797f7211,Titas Sadhu,1,4,0,0,25.0,https://scores.bcci.tv/matchcentre/playerimages/i30hqEHhXu17523434191652.png,2024-100mb00000003096-c3bc34caca7711,Saima Thakor,0,0,0,0,0.0,https://scores.bcci.tv/matchcentre/playerimages/m3RikRdd2r17523435363096.png,2025-100mb00000004302-0a959f81729711,Amy Edgar,3.1,17,0,2,5.37,9.5,https://scores.bcci.tv/matchcentre/playerimages/tVUFGMNX0R17544698244302.png,,,87.92,2,187/4 (20.0 Overs),187,4,20.0,9.35,73/10 (15.1 Overs),73,10,15.1,4.81,,,,,,,,,,,,,,,,,,,,,6,,,,,,,,,230,Womens Twenty20,,,2.0,96,0,0,,,,,-,-,-,-,,,13:59 GMT,2025-08-09,,,,,0.0,
243,2097,2,T20,Post,2025-08-10,10 Aug 2025,Australia A (Women) vs India A (Women),18:00,08:00 GMT,2025-08-10,230,Australia A (Women),148,India A (Women),AUS-AW,IND-AW,139,Great Barrier Reef Arena,Australia A (Women) Won by 4 Runs ,Australia A (Women),Australia A (Women) Won The Toss And Elected To Bat, Won The Toss And Elected To Bat,1,144/8 (20.0 Ov),140/8 (20.0 Ov),,2025-08-10 18:00:00,Mackay,,,,,,,,0,0,0,0,230,Australia A (Women),,,,,148,India A (Women),Asia/Kolkata,10 Aug 2025,23:59,20,0,T20,3.0,India A Women Tour Of Australia T20 Series 2025,,,,Australia A (Women) Won by 4 Runs ,https://scores.bcci.tv/matchcentre/teamlogos/CqCDnjhh7Y1729662126Australia.png,https://scores.bcci.tv/matchcentre/teamlogos/HR6HRHdGeL1753711813200x200.png,https://scores.bcci.tv/matchcentre/teamlogos/CqCDnjhh7Y1729662126Australia.png,https://scores.bcci.tv/matchcentre/teamlogos/HR6HRHdGeL1753711813200x200.png,0,+9.5,2025-100mb00000003699-76c8de34dc7e11,Prema Rawat,12,8,1,0,150.0,https://scores.bcci.tv/matchcentre/playerimages/gXQMu79jTn17523437343699.png,2022-100mb00000001653-a4f559707f7211,Shabnam Md Shakil,1,2,0,0,50.0,https://scores.bcci.tv/matchcentre/playerimages/ZcepqQhwPl17523434361653.png,2024-100mb00000003346-91d0143d53e711,Tess Flintoff,4.0,27,0,0,6.75,0.0,https://scores.bcci.tv/matchcentre/playerimages/yXMmL762U217544697453346.png,,,99.58,2,144/8 (20.0 Overs),144,8,20.0,7.2,140/8 (20.0 Overs),140,8,20.0,7,,,,,,,,,,,,,,,,,,,,,6,,,,,,,,,230,Womens Twenty20,,,3.0,140,0,0,,,,,-,-,-,-,,,13:59 GMT,2025-08-10,,,,,0.0,
244,2098,3,One Day,Post,2025-08-13,13 Aug 2025,Australia A (Women) vs India A (Women),09:30,23:30 GMT,2025-08-12,230,Australia A (Women),148,India A (Women),AUS-AW,IND-AW,146,Ian Healy Oval,India A (Women) Won by 3 Wickets ,Australia A (Women),Australia A (Women) Won The Toss And Elected To Bat, Won The Toss And Elected To Bat,1,214/10 (47.5 Ov),215/7 (42.0 Ov),,2025-08-13 09:30:00,Brisbane,,,,,,,,599,196,0,0,230,Australia A (Women),,,,,148,India A (Women),Asia/Kolkata,13 Aug 2025,23:59,50,0,ODI,1.0,India A Women Tour Of Australia One Day Series 2025,Ashlee Gibbons,Claire Polosak,,India A (Women) Won by 3 Wickets ,https://scores.bcci.tv/matchcentre/teamlogos/CqCDnjhh7Y1729662126Australia.png,https://scores.bcci.tv/matchcentre/teamlogos/HR6HRHdGeL1753711813200x200.png,https://scores.bcci.tv/matchcentre/teamlogos/CqCDnjhh7Y1729662126Australia.png,https://scores.bcci.tv/matchcentre/teamlogos/HR6HRHdGeL1753711813200x200.png,0,+9.5,2024-100mb00000003662-3fe02d77b97811,Raghvi Bist,25,34,2,1,73.52,https://scores.bcci.tv/matchcentre/playerimages/GzpEgVc03917523439723662.png,2025-100mb00000003699-76c8de34dc7e11,Prema Rawat,1,4,0,0,25.0,https://scores.bcci.tv/matchcentre/playerimages/v26kteaha417534385983699.png,2023-100mb00000001723-768ac037980f11,Lucy Hamilton,7.0,36,1,2,5.14,21.0,https://scores.bcci.tv/matchcentre/playerimages/73WIS8d8AZ17544699561723.png,,,92.00,2,214/10 (47.5 Overs),214,10,47.5,4.47,215/7 (42.0 Overs),215,7,42.0,5.12,,,,,,,,,,,,,,,,,,,,,6,,,,,,,,,148,Womens List-A,,,1.0,256,0,0,,,,,-,-,-,-,,,13:59 GMT,2025-08-13,,,,,0.0,
244,2099,3,One Day,Post,2025-08-15,15 Aug 2025,Australia A (Women) vs India A (Women),09:30,23:30 GMT,2025-08-14,230,Australia A (Women),148,India A (Women),AUS-AW,IND-AW,146,Ian Healy Oval,India A (Women) Won by 2 Wickets ,Australia A (Women),Australia A (Women) Won The Toss And Elected To Bat, Won The Toss And Elected To Bat,1,265/9 (50.0 Ov),266/8 (49.5 Ov),,2025-08-15 09:30:00,Brisbane,,,,,,,,599,196,0,0,230,Australia A (Women),,,,,148,India A (Women),Asia/Kolkata,15 Aug 2025,23:59,50,0,ODI,2.0,India A Women Tour Of Australia One Day Series 2025,Ashlee Gibbons,Claire Polosak,,India A (Women) Won by 2 Wickets ,https://scores.bcci.tv/matchcentre/teamlogos/CqCDnjhh7Y1729662126Australia.png,https://scores.bcci.tv/matchcentre/teamlogos/HR6HRHdGeL1753711813200x200.png,https://scores.bcci.tv/matchcentre/teamlogos/CqCDnjhh7Y1729662126Australia.png,https://scores.bcci.tv/matchcentre/teamlogos/HR6HRHdGeL1753711813200x200.png,0,+9.5,2025-100mb00000003699-76c8de34dc7e11,Prema Rawat,32,33,3,0,96.96,https://scores.bcci.tv/matchcentre/playerimages/v26kteaha417534385983699.png,2022-100mb00000001652-8fe890797f7211,Titas Sadhu,0,2,0,0,0.0,https://scores.bcci.tv/matchcentre/playerimages/7Po0GAI5M417523438551652.png,2023-100mb00000001724-84da2588980f11,Ella Hayward,9.5,57,1,2,5.8,29.5,https://scores.bcci.tv/matchcentre/playerimages/Qx37xCA4E717544699691724.png,,,100,2,265/9 (50.0 Overs),265,9,50.0,5.3,266/8 (49.5 Overs),266,8,49.5,5.34,,,,,,,,,,,,,,,,,,,,,6,,,,,,,,,148,Womens List-A,,,2.0,267,0,0,,,,,-,-,-,-,,,13:59 GMT,2025-08-15,,,,,0.0,
244,2100,3,One Day,Post,2025-08-17,17 Aug 2025,Australia A (Women) vs India A (Women),09:30,23:30 GMT,2025-08-16,148,India A (Women),230,Australia A (Women),IND-AW,AUS-AW,146,Ian Healy Oval,Australia A (Women) Won by 9 Wickets ,India A (Women),India A (Women) Won The Toss And Elected To Bat, Won The Toss And Elected To Bat,1,216/10 (47.4 Ov),222/1 (27.5 Ov),,2025-08-17 09:30:00,Brisbane,,,,,,,,599,196,0,0,230,Australia A (Women),,,,,148,India A (Women),Asia/Kolkata,17 Aug 2025,23:59,50,0,ODI,3.0,India A Women Tour Of Australia One Day Series 2025,Ashlee Gibbons,Claire Polosak,,Australia A (Women) Won by 9 Wickets ,https://scores.bcci.tv/matchcentre/teamlogos/HR6HRHdGeL1753711813200x200.png,https://scores.bcci.tv/matchcentre/teamlogos/CqCDnjhh7Y1729662126Australia.png,https://scores.bcci.tv/matchcentre/teamlogos/CqCDnjhh7Y1729662126Australia.png,https://scores.bcci.tv/matchcentre/teamlogos/HR6HRHdGeL1753711813200x200.png,0,+9.5,7df6f1387b194008bf2eadb2d0f5ea5,Alyssa Healy,137,84,23,3,163.09,https://scores.bcci.tv/matchcentre/playerimages/vGnDX2UOrF1754470055425.png,2025-100mb00000004304-b69ffa9a729711,Rachel Trenaman,21,32,2,0,65.62,https://scores.bcci.tv/matchcentre/playerimages/tuZofY64Qh17544700974304.png,2025-100mb00000004056-024509c15f4a11,Tanushree Sarkar,2.5,18,0,0,6.35,0.0,https://scores.bcci.tv/matchcentre/playerimages/bTW7GhaEJc17523440264056.png,,,100,2,216/10 (47.4 Overs),216,10,47.4,4.53,222/1 (27.5 Overs),222,1,27.5,7.98,,,,,,,,,,,,,,,,,,,,,6,,,,,,,,,230,Womens List-A,,,3.0,399,0,0,,,,,-,-,-,-,,,13:59 GMT,2025-08-17,,,,,0.0,
245,2101,6,Multi Day,Post,2025-08-21,21 Aug 2025,Australia A (Women) vs India A (Women),09:30,23:30 GMT,2025-08-20,148,India A (Women),230,Australia A (Women),IND-AW,AUS-AW,138,Allan Border Field,Australia A (Women) Won by 6 Wickets ,Australia A (Women),Australia A (Women) Won The Toss And Elected To Field, Won The Toss And Elected To Field,1,299/10 (89.1 Ov) & 286/10 (81.4 Ov),305/10 (76.2 Ov) & 283/4 (85.3 Ov),,2025-08-21 09:30:00,Brisbane,,,,,,,,631,481,0,0,230,Australia A (Women),,,,,148,India A (Women),Asia/Kolkata,24 Aug 2025,23:59,90,0,Test,1.0,India A Women Tour Of Australia Only Unofficial Test 2025,Stephen Dionysius,Eloise Sheridan,,Australia A (Women) Won by 6 Wickets ,https://scores.bcci.tv/matchcentre/teamlogos/HR6HRHdGeL1753711813200x200.png,https://scores.bcci.tv/matchcentre/teamlogos/CqCDnjhh7Y1729662126Australia.png,https://scores.bcci.tv/matchcentre/teamlogos/CqCDnjhh7Y1729662126Australia.png,https://scores.bcci.tv/matchcentre/teamlogos/HR6HRHdGeL1753711813200x200.png,0,+9.5,2024-100mb00000003345-6e2a524f53e711,Nicole Faltum,16,21,2,0,76.19,https://scores.bcci.tv/matchcentre/playerimages/cd5YzQ6GT017544702383345.png,2023-100mb00000001724-84da2588980f11,Ella Hayward,4,4,1,0,100.0,https://scores.bcci.tv/matchcentre/playerimages/FjU7MS4Jrk17544701701724.png,2024-100mb00000003599-ebd8572fb91b11,Joshitha VJ,7.3,24,0,1,3.2,45.0,https://scores.bcci.tv/matchcentre/playerimages/9Z2tmOaRq417524910253599.png,,,100,4,299/10 (89.1 Overs),299,10,89.1,3.35,305/10 (76.2 Overs),305,10,76.2,4,286/10 (81.4 Overs),286,10,81.4,3.5,283/4 (85.3 Overs),283,4,85.3,3.31,,,,,,,,,,,6,148,India A (Women),230,Australia A (Women),,,,,230,Womens First-Class,,,1.0,0,0,0,,,,,-,-,-,-,,,13:59 GMT,2025-08-24,,,,,0.0,
230,1976,1,One Day D/N,Post,2025-09-14,14 Sep 2025,India (Women) vs Australia (Women),13:30,08:00 GMT,2025-09-14,52,India (Women),55,Australia (Women),INDW,AUSW,131,New PCA Stadium,Australia (Women) Won by 8  Wickets ,India (Women),India (Women) Won The Toss And Elected To Bat, Won The Toss And Elected To Bat,1,281/7 (50.0 Ov),282/2 (44.1 Ov),,2025-09-14 13:30:00,Chandigarh,,,,,,,,485,480,586,0,52,India (Women),,,,,55,Australia (Women),Asia/Kolkata,14 Sep 2025,23:59,50,0,ODI,1.0,Australia Women Tour Of India Odi Series 2025,Gayathri Venugopalan,Lauren Agenbag,Vrinda Rathi,Australia (Women) Won by 8  Wickets ,https://scores.bcci.tv/matchcentre/teamlogos/Col0f8VC7m1753711737200x200.png,https://scores.bcci.tv/matchcentre/teamlogos/CqCDnjhh7Y1729662126Australia.png,https://scores.bcci.tv/matchcentre/teamlogos/Col0f8VC7m1753711737200x200.png,https://scores.bcci.tv/matchcentre/teamlogos/CqCDnjhh7Y1729662126Australia.png,0,+9.5,2020023e04d64bd011ea9b3802322e7,Annabel Sutherland,54,51,6,0,105.88,https://scores.bcci.tv/matchcentre/playerimages/GLATnG4csQ1757772226430.png,90c5749aaac341cd9758a32096fca5c,Beth Mooney,77,74,9,0,104.05,https://scores.bcci.tv/matchcentre/playerimages/V0eHAl9c321757772124422.png,2025-100mb00000003703-15667a12dc8011,Sree Charani,8.1,55,0,0,6.73,0.0,https://scores.bcci.tv/matchcentre/playerimages/mKheApfgJP17577717943703.png,,,94.17,2,281/7 (50.0 Overs),281,7,50.0,5.62,282/2 (44.1 Overs),282,2,44.1,6.38,,,,,,,,,,,,,,,,,,,,,2,,,,,,,,,55,1st ODI,,,1.0,319,0,0,,Phoebe Litchfield,,1639,88,80,-,-,https://scores.bcci.tv/matchcentre/playerimages/zScpka7lvV17577719721639.png,,18:29 GMT,2025-09-14,,,,,0.0,
230,1977,1,One Day D/N,Post,2025-09-17,17 Sep 2025,India (Women) vs Australia (Women),13:30,08:00 GMT,2025-09-17,52,India (Women),55,Australia (Women),INDW,AUSW,131,New PCA Stadium,India (Women) Won by 102  Runs ,Australia (Women),Australia (Women) Won The Toss And Elected To Field, Won The Toss And Elected To Field,1,292/10 (49.5 Ov),190/10 (40.5 Ov),,2025-09-17 13:30:00,Chandigarh,,,,,,,,484,586,480,121,52,India (Women),,,,,55,Australia (Women),Asia/Kolkata,17 Sep 2025,23:59,50,0,ODI,2.0,Australia Women Tour Of India Odi Series 2025,Janani N,Vrinda Rathi,Lauren Agenbag,India (Women) Won by 102  Runs ,https://scores.bcci.tv/matchcentre/teamlogos/Col0f8VC7m1753711737200x200.png,https://scores.bcci.tv/matchcentre/teamlogos/CqCDnjhh7Y1729662126Australia.png,https://scores.bcci.tv/matchcentre/teamlogos/Col0f8VC7m1753711737200x200.png,https://scores.bcci.tv/matchcentre/teamlogos/CqCDnjhh7Y1729662126Australia.png,0,+9.5,845495abeecf4264b23a6e2275f53f7,Georgia Wareham,10,17,0,0,58.82,https://scores.bcci.tv/matchcentre/playerimages/VAj7DMmhKY1757772134423.png,2022-100mb00000000965-ba4521609a1411,Darcie Brown,14,13,2,0,107.69,https://scores.bcci.tv/matchcentre/playerimages/ArFJMIl1if1757772235965.png,2025-100mb00000003704-67165c05dc8011,Kranti Gaud,9.5,28,1,3,2.85,19.66,https://scores.bcci.tv/matchcentre/playerimages/BP9Q9o4bW417577718033704.png,,,90.83,2,292/10 (49.5 Overs),292,10,49.5,5.86,190/10 (40.5 Overs),190,10,40.5,4.65,,,,,,,,,,,,,,,,,,,,,2,,,,,,,,,52,2nd  ODI,,,2.0,232,0,0,,Smriti Mandhana,,401,117,91,-,-,https://scores.bcci.tv/matchcentre/playerimages/dvWbsjafex1757771910401.png,,18:29 GMT,2025-09-17,,,,,0.0,
230,1978,1,One Day D/N,Post,2025-09-20,20 Sep 2025,India (Women) vs Australia (Women),13:30,08:00 GMT,2025-09-20,55,Australia (Women),52,India (Women),AUSW,INDW,17,Arun Jaitley Stadium,Australia (Women) Won by 43   Runs ,Australia (Women),Australia (Women) Won The Toss And Elected To Bat, Won The Toss And Elected To Bat,0,412/10 (47.5 Ov),369/10 (47.0 Ov),,2025-09-20 13:30:00,Delhi,,,,,,,,480,556,485,121,52,India (Women),,,,,55,Australia (Women),Asia/Kolkata,20 Sep 2025,23:59,50,0,ODI,3.0,Australia Women Tour Of India Odi Series 2025,Lauren Agenbag,N Janani,Gayathri Venugopalan,Australia (Women) Won by 43   Runs ,https://scores.bcci.tv/matchcentre/teamlogos/CqCDnjhh7Y1729662126Australia.png,https://scores.bcci.tv/matchcentre/teamlogos/Col0f8VC7m1753711737200x200.png,https://scores.bcci.tv/matchcentre/teamlogos/Col0f8VC7m1753711737200x200.png,https://scores.bcci.tv/matchcentre/teamlogos/CqCDnjhh7Y1729662126Australia.png,0,+9.5,2022-100mb00000000888-48b089d388b911,Renuka Singh,2,4,0,0,50.0,https://scores.bcci.tv/matchcentre/playerimages/JDKO09pV0o1757771949888.png,2025-100mb00000003704-67165c05dc8011,Kranti Gaud,8,15,0,0,53.33,https://scores.bcci.tv/matchcentre/playerimages/BP9Q9o4bW417577718033704.png,2022-100mb00000001640-f7faee4f722c11,Kim Garth,9.0,69,1,3,7.67,18.0,https://scores.bcci.tv/matchcentre/playerimages/JuOh1btHPQ17577719861640.png,,,100,2,412/10 (47.5 Overs),412,10,47.5,8.61,369/10 (47.0 Overs),369,10,47.0,7.85,,,,,,,,,,,,,,,,,,,,,2,,,,,,,,,55,3rd  ODI,,,3.0,392,0,0,,Beth Mooney,,422,138,75,-,-,https://scores.bcci.tv/matchcentre/playerimages/V0eHAl9c321757772124422.png,,18:29 GMT,2025-09-20,,,,,0.0,
256,2192,9,One Day WarmUp Practice,Post,2025-09-25,25 Sep 2025,India (Women) vs England (Women),15:00,09:30 GMT,2025-09-25,53,England (Women),52,India (Women),ENGW,INDW,169,BCCI Centre of Excellence 1 ground,England (Women) Won by 153 Runs ,India (Women),India (Women) Won The Toss And Elected To Field, Won The Toss And Elected To Field,1,340/9 (50.0 Ov),187/10 (34.0 Ov),,2025-09-25 15:00:00,Bengaluru,,,,,,,,481,504,196,114,52,India (Women),,,,,53,England (Women),Asia/Kolkata,25 Sep 2025,23:59,50,0,Warm Up Practice Match,2.0,Icc Womens Cricket World Cup Warm Up 2025,Eloise Sheridan,Sarah Dambanevana,Claire Polosak,England (Women) Won by 153 Runs ,https://scores.bcci.tv/matchcentre/teamlogos/xwbqvMolZz1729662687ECB.png,https://scores.bcci.tv/matchcentre/teamlogos/Col0f8VC7m1753711737200x200.png,https://scores.bcci.tv/matchcentre/teamlogos/Col0f8VC7m1753711737200x200.png,https://scores.bcci.tv/matchcentre/teamlogos/xwbqvMolZz1729662687ECB.png,0,+9.5,2025-100mb00000003703-15667a12dc8011,Sree Charani,11,7,1,1,157.14,https://scores.bcci.tv/matchcentre/playerimages/7Gs97FmdPH17557602313703.png,2022-100mb00000000888-48b089d388b911,Renuka Singh,1,1,0,0,100.0,https://scores.bcci.tv/matchcentre/playerimages/zRiGYKOvRo1755760436888.png,2025-100mb00000004035-486b85f050f611,Linsey Smith,6.0,35,0,2,5.83,18.0,https://scores.bcci.tv/matchcentre/playerimages/1hVuxt1X2e17581935534035.png,,,,2,340/9 (50.0 Overs),340,9,50.0,6.8,187/10 (34.0 Overs),187,10,34.0,5.5,,,,,,,,,,,,,,,,,,,,,2,,,,,,,,,53,Warm Up Practice Match,,,2.0,275,0,0,,,,,-,-,-,-,,,18:29 GMT,2025-09-25,,,,,0.0,
256,2194,9,One Day WarmUp Practice,Post,2025-09-25,25 Sep 2025,New Zealand (Women) vs India A (Women),09:30,04:00 GMT,2025-09-25,73,New Zealand (Women),148,India A (Women),NZW,IND-AW,170,BCCI Centre of Excellence 2 ground,India A (Women) Won by 4 Wickets (D/L Method) ,New Zealand (Women),New Zealand (Women) Won The Toss And Elected To Bat, Won The Toss And Elected To Bat,1,273/9 (50.0 Ov),226/6 (39.3 Ov),,2025-09-25 09:30:00,Bengaluru,,,,,,,,572,479,6,145,73,New Zealand (Women),,,,,148,India A (Women),Asia/Kolkata,25 Sep 2025,23:59,50,0,Warm Up Practice Match,1.0,Icc Womens Cricket World Cup Warm Up 2025,Shathira Jakir Jesy,Sue Redfern,Jacqueline Williams,India A (Women) Won by 4 Wickets (D/L Method) ,https://scores.bcci.tv/matchcentre/teamlogos/h7GtaaCnV51729663408NZ_Women.png,https://scores.bcci.tv/matchcentre/teamlogos/HR6HRHdGeL1753711813200x200.png,https://scores.bcci.tv/matchcentre/teamlogos/h7GtaaCnV51729663408NZ_Women.png,https://scores.bcci.tv/matchcentre/teamlogos/HR6HRHdGeL1753711813200x200.png,0,+9.5,2023-100mb00000002154-515b32d203b011,Madiwala Mamatha,56,60,6,1,93.33,https://scores.bcci.tv/matchcentre/playerimages/JqZh1MtQAE17587720882154.png,2023-100mb00000001909-e56bb657b38a11,Minnu Mani,39,53,3,1,73.58,https://scores.bcci.tv/matchcentre/playerimages/SxeI1ejw5H17557598431909.png,2024-100mb00000003437-656574117bdb11,Eden Carson,5.3,37,0,0,6.73,0.0,https://scores.bcci.tv/matchcentre/playerimages/LDEHw58KlE17581936583437.png,,,,2,273/9 (50.0 Overs),273,9,50.0,5.46,226/6 (39.3 Overs),226,6,39.3,5.72,,,,,,,,,,,,,,,,,,,,,2,,,,,,,,,148,Warm Up Practice Match,40,224,1.0,228,0,0,,,,,-,-,-,-,,,18:29 GMT,2025-09-25,,,,,0.0,
256,2193,9,One Day WarmUp Practice,Post,2025-09-27,27 Sep 2025,India (Women) vs New Zealand (Women),15:00,09:30 GMT,2025-09-27,73,New Zealand (Women),52,India (Women),NZW,INDW,169,BCCI Centre of Excellence 1 ground,India (Women) Won by 4 Wickets ,New Zealand (Women),New Zealand (Women) Won The Toss And Elected To Bat, Won The Toss And Elected To Bat,1,232/8 (42.0 Ov),237/6 (40.2 Ov),,2025-09-27 15:00:00,Bengaluru,,,,,,,,6,196,504,114,52,India (Women),,,,,73,New Zealand (Women),Asia/Kolkata,27 Sep 2025,23:59,42,0,Warm Up Practice Match,3.0,Icc Womens Cricket World Cup Warm Up 2025,Jacqueline Williams,Claire Polosak,Sarah Dambanevana,India (Women) Won by 4 Wickets ,https://scores.bcci.tv/matchcentre/teamlogos/h7GtaaCnV51729663408NZ_Women.png,https://scores.bcci.tv/matchcentre/teamlogos/Col0f8VC7m1753711737200x200.png,https://scores.bcci.tv/matchcentre/teamlogos/Col0f8VC7m1753711737200x200.png,https://scores.bcci.tv/matchcentre/teamlogos/h7GtaaCnV51729663408NZ_Women.png,0,+9.5,934e9959231c4ca3b118005cdbee4e8,Deepti Sharma,5,4,1,0,125.0,https://scores.bcci.tv/matchcentre/playerimages/0AtIICjIt51755760351395.png,2022-100mb00000001680-8a371a12874411,Amanjot Kaur,2,5,0,0,40.0,https://scores.bcci.tv/matchcentre/playerimages/nHesHRBy8w17557601981680.png,2024-100mb00000003437-656574117bdb11,Eden Carson,6.2,48,0,1,7.58,38.0,https://scores.bcci.tv/matchcentre/playerimages/LDEHw58KlE17581936583437.png,,,,2,232/8 (42.0 Overs),232,8,42.0,5.52,237/6 (40.2 Overs),237,6,40.2,5.88,,,,,,,,,,,,,,,,,,,,,2,,,,,,,,,52,Warm Up Practice Match,42,237,3.0,246,0,0,,,,,-,-,-,-,,,18:29 GMT,2025-09-27,,,,,0.0,
237,2019,1,One Day D/N,Post,2025-09-30,30 Sep 2025,India (Women) vs Sri Lanka (Women),15:00,09:30 GMT,2025-09-30,52,India (Women),83,Sri Lanka (Women),INDW,SLW,44,ACA Stadium,India (Women) Won by 59  Runs  (D/L Method) ,Sri Lanka (Women),Sri Lanka (Women) Won The Toss And Elected To Field, Won The Toss And Elected To Field,1,269/8 (47.0 Ov),211/10 (45.4 Ov),,2025-09-30 15:00:00,Guwahati,,,,,,,,196,481,471,114,52,India (Women),,,,,83,Sri Lanka (Women),Asia/Kolkata,1 Oct 2025,23:59,47,0,ODI,1.0,Icc Womens Cricket World Cup 2025,Claire Polosak,Eloise Sheridan,Kim Cotton,India (Women) Won by 59  Runs  (D/L Method) ,https://scores.bcci.tv/matchcentre/teamlogos/Col0f8VC7m1753711737200x200.png,https://scores.bcci.tv/matchcentre/teamlogos/JSjinqwTjl1729664504SriLanka.png,https://scores.bcci.tv/matchcentre/teamlogos/Col0f8VC7m1753711737200x200.png,https://scores.bcci.tv/matchcentre/teamlogos/JSjinqwTjl1729664504SriLanka.png,0,+9.5,2022-100mb00000001208-52ad8513f0aa11,Inoka Ranaweera,3,8,0,0,37.5,https://scores.bcci.tv/matchcentre/playerimages/8iBcOgesMa17592097591208.png,2022-100mb00000001206-fae90901f0a911,Udeshika Prabodhani,14,26,2,0,53.84,https://scores.bcci.tv/matchcentre/playerimages/dzejxb72mw17592097481206.png,2024-100mb00000003664-986871c4b97a11,Pratika Rawal,2.4,6,0,1,2.25,16.0,https://scores.bcci.tv/matchcentre/playerimages/v2b40zVsbp17592100693664.png,,,98.58,2,269/8 (47.0 Overs),269,8,47.0,5.72,211/10 (45.4 Overs),211,10,45.4,4.62,,,,,,,,,,,,,,,,,,,,,2,,,,,,,,,52,1st ODI,47,271,1.0,217,0,0,,Deepti Sharma,,395,53,53,3,54,https://scores.bcci.tv/matchcentre/playerimages/cbNVlYED9T1759215553395.png,,18:29 GMT,2025-10-01,,,,,0.0,
237,2024,1,One Day D/N,Post,2025-10-05,5 Oct 2025,India (Women) vs Pakistan (Women),15:00,09:30 GMT,2025-10-05,52,India (Women),74,Pakistan (Women),INDW,PAKW,56,R.Premadasa Stadium,India (Women) Won by 88  Runs ,Pakistan (Women),Pakistan (Women) Won The Toss And Elected To Field, Won The Toss And Elected To Field,1,247/10 (50.0 Ov),159/10 (43.0 Ov),,2025-10-05 15:00:00,Colombo,,,,,,,,480,498,503,114,52,India (Women),,,,,74,Pakistan (Women),Asia/Kolkata,5 Oct 2025,23:59,50,0,ODI,6.0,Icc Womens Cricket World Cup 2025,Lauren Agenbag,Nimali Perera,Kerrin Klaaste,India (Women) Won by 88  Runs ,https://scores.bcci.tv/matchcentre/teamlogos/Col0f8VC7m1753711737200x200.png,https://scores.bcci.tv/matchcentre/teamlogos/6BD9RtDjX31729663856Pakistan.png,https://scores.bcci.tv/matchcentre/teamlogos/Col0f8VC7m1753711737200x200.png,https://scores.bcci.tv/matchcentre/teamlogos/6BD9RtDjX31729663856Pakistan.png,0,+9.5,2022-100mb00000001266-081b0671072411,Sadia Iqbal,0,2,0,0,0.0,https://scores.bcci.tv/matchcentre/playerimages/pDnKesaMW017595870781266.png,2022-100mb00000000934-ebd952e799ef11,Nashra Sundhu,2,9,0,0,22.22,https://scores.bcci.tv/matchcentre/playerimages/Hf9bvv2OpQ1759587157934.png,934e9959231c4ca3b118005cdbee4e8,Deepti Sharma,9.0,45,0,3,5.0,18.0,https://scores.bcci.tv/matchcentre/playerimages/cbNVlYED9T1759215553395.png,,,93.00,2,247/10 (50.0 Overs),247,10,50.0,4.94,159/10 (43.0 Overs),159,10,43.0,3.7,,,,,,,,,,,,,,,,,,,,,2,,,,,,,,,52,6th  ODI,,,6.0,185,0,0,,Kranti Gaud,,3704,8,4,3,20,https://scores.bcci.tv/matchcentre/playerimages/8UvbFEod8e17592154873704.png,,18:29 GMT,2025-10-05,,,,,0.0,
237,2028,1,One Day D/N,Post,2025-10-09,9 Oct 2025,India (Women) vs South Africa (Women),15:00,09:30 GMT,2025-10-09,52,India (Women),54,South Africa (Women),INDW,SAW,11,Dr YS Rajasekhara Reddy ACA-VDCA Cricket Stadium,South Africa (Women) Won by 3  Wickets ,South Africa (Women),South Africa (Women) Won The Toss And Elected To Field, Won The Toss And Elected To Field,1,251/10 (49.5 Ov),252/7 (48.5 Ov),,2025-10-09 15:00:00,Visakhapatnam,,,,,,,,6,471,507,236,52,India (Women),,,,,54,South Africa (Women),Asia/Kolkata,9 Oct 2025,23:59,50,0,ODI,10.0,Icc Womens Cricket World Cup 2025,Jacqueline Williams,Kim Cotton,Candace la Borde,South Africa (Women) Won by 3  Wickets ,https://scores.bcci.tv/matchcentre/teamlogos/Col0f8VC7m1753711737200x200.png,https://scores.bcci.tv/matchcentre/teamlogos/tY4UgfmAqX1729664332South-Africa.png,https://scores.bcci.tv/matchcentre/teamlogos/Col0f8VC7m1753711737200x200.png,https://scores.bcci.tv/matchcentre/teamlogos/tY4UgfmAqX1729664332South-Africa.png,0,+9.5,2019ec93d715ebd911e9ab5002322e7,Nadine De Klerk,84,54,8,5,155.55,https://scores.bcci.tv/matchcentre/playerimages/h9x5Px9kQX1759744391445.png,cc48836a443d4f22aed6b4d0e1b3103,Ayabonga Khaka,1,3,0,0,33.33,https://scores.bcci.tv/matchcentre/playerimages/D5sNlAbWI71759744211442.png,2022-100mb00000001680-8a371a12874411,Amanjot Kaur,5.5,40,0,1,6.86,35.0,https://scores.bcci.tv/matchcentre/playerimages/gBud7487Wb17592100321680.png,,,98.83,2,251/10 (49.5 Overs),251,10,49.5,5.04,252/7 (48.5 Overs),252,7,48.5,5.16,,,,,,,,,,,,,,,,,,,,,2,,,,,,,,,54,10th  ODI,,,10.0,258,0,0,,Nadine De Klerk,,445,84,54,2,52,https://scores.bcci.tv/matchcentre/playerimages/h9x5Px9kQX1759744391445.png,,18:29 GMT,2025-10-09,,,,,0.0,
237,2031,1,One Day D/N,Post,2025-10-12,12 Oct 2025,India (Women) vs Australia (Women),15:00,09:30 GMT,2025-10-12,52,India (Women),55,Australia (Women),INDW,AUSW,11,Dr YS Rajasekhara Reddy ACA-VDCA Cricket Stadium,Australia (Women) Won by 3  Wickets ,Australia (Women),Australia (Women) Won The Toss And Elected To Field, Won The Toss And Elected To Field,0,330/10 (48.5 Ov),331/7 (49.0 Ov),,2025-10-12 15:00:00,Visakhapatnam,,,,,,,,498,479,6,145,52,India (Women),,,,,55,Australia (Women),Asia/Kolkata,12 Oct 2025,23:59,50,0,ODI,13.0,Icc Womens Cricket World Cup 2025,Nimali Perera,Sue Redfern,Jacqueline Williams,Australia (Women) Won by 3  Wickets ,https://scores.bcci.tv/matchcentre/teamlogos/Col0f8VC7m1753711737200x200.png,https://scores.bcci.tv/matchcentre/teamlogos/CqCDnjhh7Y1729662126Australia.png,https://scores.bcci.tv/matchcentre/teamlogos/Col0f8VC7m1753711737200x200.png,https://scores.bcci.tv/matchcentre/teamlogos/CqCDnjhh7Y1729662126Australia.png,0,+9.5,0b03050d09334bb59069fbd120b8e19,Ellyse Perry,47,52,5,1,90.38,https://scores.bcci.tv/matchcentre/playerimages/f6lX0vIGKG1760156542426.png,2022-100mb00000001640-f7faee4f722c11,Kim Garth,14,13,2,0,107.69,https://scores.bcci.tv/matchcentre/playerimages/5qEFQKdQCx17601572711640.png,2022-100mb00000000887-2bd71c2988b911,Sneh Rana,10.0,85,0,0,8.5,0.0,https://scores.bcci.tv/matchcentre/playerimages/RZogJbFs4a1759215593887.png,,,99.00,2,330/10 (48.5 Overs),330,10,48.5,6.76,331/7 (49.0 Overs),331,7,49.0,6.76,,,,,,,,,,,,,,,,,,,,,2,,,,,,,,,55,13th  ODI,,,13.0,338,0,0,,Alyssa Healy,,425,142,107,-,-,https://scores.bcci.tv/matchcentre/playerimages/dmNHZorbZ61760157343425.png,,18:29 GMT,2025-10-12,,,,,0.0,
237,2038,1,One Day D/N,Post,2025-10-19,19 Oct 2025,India (Women) vs England (Women),15:00,09:30 GMT,2025-10-19,53,England (Women),52,India (Women),ENGW,INDW,41,Holkar Cricket Stadium,England (Women) Won by 4   Runs ,England (Women),England (Women) Won The Toss And Elected To Bat, Won The Toss And Elected To Bat,1,288/8 (50.0 Ov),284/6 (50.0 Ov),,2025-10-19 15:00:00,Indore,,,,,,,,6,471,572,236,52,India (Women),,,,,53,England (Women),Asia/Kolkata,19 Oct 2025,23:59,50,0,ODI,20.0,Icc Womens Cricket World Cup 2025,Jacqueline Williams,Kim Cotton,Shathira Jakir Jesy,England (Women) Won by 4   Runs ,https://scores.bcci.tv/matchcentre/teamlogos/xwbqvMolZz1729662687ECB.png,https://scores.bcci.tv/matchcentre/teamlogos/Col0f8VC7m1753711737200x200.png,https://scores.bcci.tv/matchcentre/teamlogos/Col0f8VC7m1753711737200x200.png,https://scores.bcci.tv/matchcentre/teamlogos/xwbqvMolZz1729662687ECB.png,0,+9.5,2022-100mb00000001680-8a371a12874411,Amanjot Kaur,18,15,2,0,120.0,https://scores.bcci.tv/matchcentre/playerimages/gBud7487Wb17592100321680.png,2022-100mb00000000887-2bd71c2988b911,Sneh Rana,10,9,1,0,111.11,https://scores.bcci.tv/matchcentre/playerimages/RZogJbFs4a1759215593887.png,2025-100mb00000004035-486b85f050f611,Linsey Smith,10.0,40,0,1,4.0,60.0,https://scores.bcci.tv/matchcentre/playerimages/IGVnBmhTz717601564204035.png,,,99.83,2,288/8 (50.0 Overs),288,8,50.0,5.76,284/6 (50.0 Overs),284,6,50.0,5.68,,,,,,,,,,,,,,,,,,,,,2,,,,,,,,,53,20th  ODI,,,20.0,284,0,0,,Heather Knight,,412,109,91,-,-,https://scores.bcci.tv/matchcentre/playerimages/dODrE8E5Vq1760156171412.png,,18:29 GMT,2025-10-19,,,,,0.0,
237,2042,1,One Day D/N,Post,2025-10-23,23 Oct 2025,India (Women) vs New Zealand (Women),15:00,09:30 GMT,2025-10-23,52,India (Women),73,New Zealand (Women),INDW,NZW,69,DY Patil Stadium,India (Women) Won by 53  Runs  (D/L Method) ,New Zealand (Women),New Zealand (Women) Won The Toss And Elected To Field, Won The Toss And Elected To Field,1,340/3 (49.0 Ov),271/8 (44.0 Ov),,2025-10-23 15:00:00,Navi Mumbai,,,,,,,,480,479,572,145,52,India (Women),,,,,73,New Zealand (Women),Asia/Kolkata,23 Oct 2025,23:59,50,0,ODI,24.0,Icc Womens Cricket World Cup 2025,Lauren Agenbag,Sue Redfern,Shathira Jakir Jesy,India (Women) Won by 53  Runs  (D/L Method) ,https://scores.bcci.tv/matchcentre/teamlogos/Col0f8VC7m1753711737200x200.png,https://scores.bcci.tv/matchcentre/teamlogos/h7GtaaCnV51729663408NZ_Women.png,https://scores.bcci.tv/matchcentre/teamlogos/Col0f8VC7m1753711737200x200.png,https://scores.bcci.tv/matchcentre/teamlogos/h7GtaaCnV51729663408NZ_Women.png,0,+9.5,2022-100mb00000000901-76b8cd0d88be11,Rosemary Mair,1,3,0,0,33.33,https://scores.bcci.tv/matchcentre/playerimages/gnBhVt9heh1761193457901.png,2023-100mb00000001750-da720e739d6f11,Isabella Gaze,65,51,10,0,127.45,https://scores.bcci.tv/matchcentre/playerimages/N2e99WuQwF17611933131750.png,934e9959231c4ca3b118005cdbee4e8,Deepti Sharma,8.0,57,0,1,7.13,48.0,https://scores.bcci.tv/matchcentre/playerimages/cbNVlYED9T1759215553395.png,,,94.00,2,340/3 (49.0 Overs),340,3,49.0,6.94,271/8 (44.0 Overs),271,8,44.0,6.16,,,,,,,,,,,,,,,,,,,,,2,,,,,,,,,52,24th  ODI,44,325,24.0,271,0,0,,Smriti Mandhana,,401,109,95,-,-,https://scores.bcci.tv/matchcentre/playerimages/8hZ56SUc5C1759215585401.png,,18:29 GMT,2025-10-23,,,,,0.0,
237,2046,1,One Day D/N,Post,2025-10-26,26 Oct 2025,India (Women) vs Bangladesh (Women),15:00,09:30 GMT,2025-10-26,76,Bangladesh (Women),52,India (Women),BANW,INDW,69,DY Patil Stadium,No Result,India (Women),India (Women) Won The Toss And Elected To Field, Won The Toss And Elected To Field,1,119/9 (27.0 Ov),57/0 (8.4 Ov),,2025-10-26 15:00:00,Navi Mumbai,,,,,,,,480,479,196,114,52,India (Women),,,,,76,Bangladesh (Women),Asia/Kolkata,26 Oct 2025,23:59,27,0,ODI,28.0,Icc Womens Cricket World Cup 2025,Lauren Agenbag,Sue Redfern,Claire Polosak,No Result,https://scores.bcci.tv/matchcentre/teamlogos/MEIn1tme8D1729662385Bangladesh.png,https://scores.bcci.tv/matchcentre/teamlogos/Col0f8VC7m1753711737200x200.png,https://scores.bcci.tv/matchcentre/teamlogos/Col0f8VC7m1753711737200x200.png,https://scores.bcci.tv/matchcentre/teamlogos/MEIn1tme8D1729662385Bangladesh.png,0,+9.5,2022-100mb00000001680-8a371a12874411,Amanjot Kaur,15,25,2,0,60.0,https://scores.bcci.tv/matchcentre/playerimages/gBud7487Wb17592100321680.png,5e06fdb22a3c493093228705309b237,Smriti Mandhana,34,27,6,0,125.92,https://scores.bcci.tv/matchcentre/playerimages/8hZ56SUc5C1759215585401.png,2022-100mb00000001433-65fc1f213f0e11,Rabeya Khan,1.4,7,0,0,4.2,0.0,https://scores.bcci.tv/matchcentre/playerimages/iuKQqPa78817608027581433.png,,,66.05,2,119/9 (27.0 Overs),119,9,27.0,4.41,57/0 (8.4 Overs),57,0,8.4,6.58,,,,,,,,,,,,,,,,,,,,,2,,,,,,,,,,28th  ODI,27,126,28.0,177,0,0,,,,,-,-,-,-,,,18:29 GMT,2025-10-26,,,,,0.0,
237,2048,1,One Day D/N,Post,2025-10-30,30 Oct 2025,India (Women) vs Australia (Women),15:00,09:30 GMT,2025-10-30,55,Australia (Women),52,India (Women),AUSW,INDW,69,DY Patil Stadium,India (Women) Won by 5  Wickets ,Australia (Women),Australia (Women) Won The Toss And Elected To Bat, Won The Toss And Elected To Bat,1,338/10 (49.5 Ov),341/5 (48.3 Ov),,2025-10-30 15:00:00,Navi Mumbai,,,,,,,,480,479,471,145,52,India (Women),,,,,55,Australia (Women),Asia/Kolkata,30 Oct 2025,23:59,50,24,ODI,30.0,Icc Womens Cricket World Cup 2025,Lauren Agenbag,Sue Redfern,Kim Cotton,India (Women) Won by 5  Wickets ,https://scores.bcci.tv/matchcentre/teamlogos/CqCDnjhh7Y1729662126Australia.png,https://scores.bcci.tv/matchcentre/teamlogos/Col0f8VC7m1753711737200x200.png,https://scores.bcci.tv/matchcentre/teamlogos/Col0f8VC7m1753711737200x200.png,https://scores.bcci.tv/matchcentre/teamlogos/CqCDnjhh7Y1729662126Australia.png,0,+9.5,2022-100mb00000001680-8a371a12874411,Amanjot Kaur,15,8,2,0,187.5,https://scores.bcci.tv/matchcentre/playerimages/gBud7487Wb17592100321680.png,4acef6b5a64744ecb8a987bf5c8b33b,Jemimah Rodrigues,127,134,14,0,94.77,https://scores.bcci.tv/matchcentre/playerimages/ZUdS0SMQU91759215511388.png,c8b91f2418c94e0bb9e4e1e2c08cede,Sophie Molineux,6.3,44,0,0,6.77,0.0,https://scores.bcci.tv/matchcentre/playerimages/myTgOtujzP1760157216427.png,,,98.50,2,338/10 (49.5 Overs),338,10,49.5,6.78,341/5 (48.3 Overs),341,5,48.3,7.03,,,,,,,,,,,,,,,,,,,,,2,,,,,,,,,52,Semi Final 2,,,30.0,351,0,0,,Jemimah Rodrigues,,388,127,134,-,-,https://scores.bcci.tv/matchcentre/playerimages/ZUdS0SMQU91759215511388.png,Semi Final 2,18:29 GMT,2025-10-30,,,,,0.0,
237,2049,1,One Day D/N,Post,2025-11-02,2 Nov 2025,India (Women) vs South Africa (Women),15:00,09:30 GMT,2025-11-02,52,India (Women),54,South Africa (Women),INDW,SAW,69,DY Patil Stadium,India (Women) Won by 52   Runs (Winners),South Africa (Women),South Africa (Women) Won The Toss And Elected To Field, Won The Toss And Elected To Field,1,298/7 (50.0 Ov),246/10 (45.3 Ov),,2025-11-02 15:00:00,Navi Mumbai,,,,,,,,26,36,25,79,52,India (Women),,,,,54,South Africa (Women),Asia/Kolkata,3 Nov 2025,23:59,50,11,ODI,31.0,Icc Womens Cricket World Cup 2025,Phillip Gillespie,Sam Nogajski,Shawn Craig,India (Women) Won by 52   Runs (Winners),https://scores.bcci.tv/matchcentre/teamlogos/Col0f8VC7m1753711737200x200.png,https://scores.bcci.tv/matchcentre/teamlogos/tY4UgfmAqX1729664332South-Africa.png,https://scores.bcci.tv/matchcentre/teamlogos/Col0f8VC7m1753711737200x200.png,https://scores.bcci.tv/matchcentre/teamlogos/tY4UgfmAqX1729664332South-Africa.png,0,+9.5,2019ec93d715ebd911e9ab5002322e7,Nadine De Klerk,18,19,3,0,94.73,https://scores.bcci.tv/matchcentre/playerimages/h9x5Px9kQX1759744391445.png,2019767fe6b9ebd911e9ab5002322e7,Nonkululeko Mlaba,0,0,0,0,0.0,https://scores.bcci.tv/matchcentre/playerimages/sIa8DJ9TS51759744462444.png,934e9959231c4ca3b118005cdbee4e8,Deepti Sharma,9.3,39,0,5,4.11,11.4,https://scores.bcci.tv/matchcentre/playerimages/cbNVlYED9T1759215553395.png,,,95.50,2,298/7 (50.0 Overs),298,7,50.0,5.96,246/10 (45.3 Overs),246,10,45.3,5.41,,,,,,,,,,,,,,,,,,,,,2,,,,,,,,,52,Final,,,31.0,270,0,0,,Shafali Verma,,398,87,78,2,36,https://scores.bcci.tv/matchcentre/playerimages/g1ybskWjW81761814450398.png,Final,18:29 GMT,2025-11-03,,,,,0.0,
268,2319,8,T20 (N),Post,2025-12-21,21 Dec 2025,India (Women) vs Sri Lanka (Women),19:00,13:30 GMT,2025-12-21,83,Sri Lanka (Women),52,India (Women),SLW,INDW,11,Dr YS Rajasekhara Reddy ACA-VDCA Cricket Stadium,India (Women) Won by 8  Wickets ,India (Women),India (Women) Won The Toss And Elected To Field, Won The Toss And Elected To Field,1,121/6 (20.0 Ov),122/2 (14.4 Ov),,2025-12-21 19:00:00,Visakhapatnam,,,,,,,,485,606,556,121,52,India (Women),,,,,83,Sri Lanka (Women),Asia/Kolkata,21 Dec 2025,23:59,20,0,T20,1.0,Sri Lanka Women Tour Of India T20I Series 2025,Gayathri Venugopalan,Ankita Guha,N Janani,India (Women) Won by 8  Wickets ,https://scores.bcci.tv/matchcentre/teamlogos/JSjinqwTjl1729664504SriLanka.png,https://scores.bcci.tv/matchcentre/teamlogos/Col0f8VC7m1753711737200x200.png,https://scores.bcci.tv/matchcentre/teamlogos/Col0f8VC7m1753711737200x200.png,https://scores.bcci.tv/matchcentre/teamlogos/JSjinqwTjl1729664504SriLanka.png,0,+9.5,4acef6b5a64744ecb8a987bf5c8b33b,Jemimah Rodrigues,69,44,10,0,156.81,https://scores.bcci.tv/matchcentre/playerimages/sfmjf9IZ7z1766295611388.png,45e022a459e64a3eb0391acc0db5efa,Harmanpreet Kaur,15,16,0,0,93.75,https://scores.bcci.tv/matchcentre/playerimages/VdmE2L9Fd71766295600387.png,2022-100mb00000001208-52ad8513f0aa11,Inoka Ranaweera,3.4,17,0,1,4.64,22.0,https://scores.bcci.tv/matchcentre/playerimages/ezpQpuxHdK17662231071208.png,,,,2,121/6 (20.0 Overs),121,6,20.0,6.05,122/2 (14.4 Overs),122,2,14.4,8.32,,,,,,,,,,,,,,,,,,,,,2,,,,,,,,,52,1st T20I,,,1.0,166,0,0,,Jemimah Rodrigues,,388,69,44,-,-,https://scores.bcci.tv/matchcentre/playerimages/sfmjf9IZ7z1766295611388.png,,18:29 GMT,2025-12-21,,,,,0.0,
268,2320,8,T20 (N),Post,2025-12-23,23 Dec 2025,India (Women) vs Sri Lanka (Women),19:00,13:30 GMT,2025-12-23,83,Sri Lanka (Women),52,India (Women),SLW,INDW,11,Dr YS Rajasekhara Reddy ACA-VDCA Cricket Stadium,India (Women) Won by 7  Wickets ,India (Women),India (Women) Won The Toss And Elected To Field, Won The Toss And Elected To Field,1,128/9 (20.0 Ov),129/3 (11.5 Ov),,2025-12-23 19:00:00,Visakhapatnam,,,,,,,,556,586,485,121,52,India (Women),,,,,83,Sri Lanka (Women),Asia/Kolkata,23 Dec 2025,23:59,20,0,T20,2.0,Sri Lanka Women Tour Of India T20I Series 2025,N Janani,Vrinda Rathi,Gayathri Venugopalan,India (Women) Won by 7  Wickets ,https://scores.bcci.tv/matchcentre/teamlogos/JSjinqwTjl1729664504SriLanka.png,https://scores.bcci.tv/matchcentre/teamlogos/Col0f8VC7m1753711737200x200.png,https://scores.bcci.tv/matchcentre/teamlogos/Col0f8VC7m1753711737200x200.png,https://scores.bcci.tv/matchcentre/teamlogos/JSjinqwTjl1729664504SriLanka.png,0,+9.5,20200f9bf4944bce11ea9b3802322e7,Richa Ghosh,1,1,0,0,100.0,https://scores.bcci.tv/matchcentre/playerimages/cKGBvODtsJ1766295665399.png,20196b991076ecad11e9ab5002322e7,Shafali Verma,69,34,11,1,202.94,https://scores.bcci.tv/matchcentre/playerimages/E7RwBK9hBv1766295654398.png,2025-100mb00000003735-a7b6a205009b11,Malki Madara,2.5,22,0,1,7.76,17.0,https://scores.bcci.tv/matchcentre/playerimages/ofRwd940qj17662233173735.png,,,,2,128/9 (20.0 Overs),128,9,20.0,6.4,129/3 (11.5 Overs),129,3,11.5,10.9,,,,,,,,,,,,,,,,,,,,,2,,,,,,,,,52,2nd  T20I,,,2.0,218,0,0,,Shafali Verma,,398,69,34,-,-,https://scores.bcci.tv/matchcentre/playerimages/E7RwBK9hBv1766295654398.png,,18:29 GMT,2025-12-23,,,,,0.0,
268,2321,8,T20 (N),Post,2025-12-26,26 Dec 2025,India (Women) vs Sri Lanka (Women),19:00,13:30 GMT,2025-12-26,83,Sri Lanka (Women),52,India (Women),SLW,INDW,42,Greenfield International Stadium,India (Women) Won by 8  Wickets ,India (Women),India (Women) Won The Toss And Elected To Field, Won The Toss And Elected To Field,1,112/7 (20.0 Ov),115/2 (13.2 Ov),,2025-12-26 19:00:00,Thiruvananthapuram,,,,,,,,484,485,586,121,52,India (Women),,,,,83,Sri Lanka (Women),Asia/Kolkata,26 Dec 2025,23:59,20,0,T20,3.0,Sri Lanka Women Tour Of India T20I Series 2025,Janani N,Gayathri Venugopalan,Vrinda Rathi,India (Women) Won by 8  Wickets ,https://scores.bcci.tv/matchcentre/teamlogos/JSjinqwTjl1729664504SriLanka.png,https://scores.bcci.tv/matchcentre/teamlogos/Col0f8VC7m1753711737200x200.png,https://scores.bcci.tv/matchcentre/teamlogos/Col0f8VC7m1753711737200x200.png,https://scores.bcci.tv/matchcentre/teamlogos/JSjinqwTjl1729664504SriLanka.png,0,+9.5,20196b991076ecad11e9ab5002322e7,Shafali Verma,79,42,11,3,188.09,https://scores.bcci.tv/matchcentre/playerimages/E7RwBK9hBv1766295654398.png,45e022a459e64a3eb0391acc0db5efa,Harmanpreet Kaur,21,18,2,0,116.66,https://scores.bcci.tv/matchcentre/playerimages/VdmE2L9Fd71766295600387.png,2022-100mb00000001211-db142cecf0aa11,Malsha Shehani,2.2,28,0,0,12.0,0.0,https://scores.bcci.tv/matchcentre/playerimages/pKtkEzUMeC17662231231211.png,,,,2,112/7 (20.0 Overs),112,7,20.0,5.6,115/2 (13.2 Overs),115,2,13.2,8.62,,,,,,,,,,,,,,,,,,,,,2,,,,,,,,,52,3rd  T20I,,,3.0,172,0,0,,Renuka Singh,,888,-,-,4,21,https://scores.bcci.tv/matchcentre/playerimages/ju33sns5zt1766295705888.png,,18:29 GMT,2025-12-26,,,,,0.0,
268,2322,8,T20 (N),Post,2025-12-28,28 Dec 2025,India (Women) vs Sri Lanka (Women),19:00,13:30 GMT,2025-12-28,52,India (Women),83,Sri Lanka (Women),INDW,SLW,42,Greenfield International Stadium,India (Women) Won by 30  Runs ,Sri Lanka (Women),Sri Lanka (Women) Won The Toss And Elected To Field, Won The Toss And Elected To Field,1,221/2 (20.0 Ov),191/6 (20.0 Ov),,2025-12-28 19:00:00,Thiruvananthapuram,,,,,,,,606,586,485,121,52,India (Women),,,,,83,Sri Lanka (Women),Asia/Kolkata,28 Dec 2025,23:59,20,0,T20,4.0,Sri Lanka Women Tour Of India T20I Series 2025,Ankita Guha,Vrinda Rathi,Gayathri Venugopalan,India (Women) Won by 30  Runs ,https://scores.bcci.tv/matchcentre/teamlogos/Col0f8VC7m1753711737200x200.png,https://scores.bcci.tv/matchcentre/teamlogos/JSjinqwTjl1729664504SriLanka.png,https://scores.bcci.tv/matchcentre/teamlogos/Col0f8VC7m1753711737200x200.png,https://scores.bcci.tv/matchcentre/teamlogos/JSjinqwTjl1729664504SriLanka.png,0,+9.5,2022-100mb00000001197-4ce6dc64f0a711,Nilakshika Silva,23,11,4,0,209.09,https://scores.bcci.tv/matchcentre/playerimages/Oy88izVtKj17662227821197.png,2022-100mb00000001214-029110e9f0ac11,Kaushani Nuthyangana,5,2,1,0,250.0,https://scores.bcci.tv/matchcentre/playerimages/bYYx7Eqt1317662234541214.png,2025-100mb00000003703-15667a12dc8011,Sree Charani,4.0,46,0,1,11.5,24.0,https://scores.bcci.tv/matchcentre/playerimages/YbdN4Gqtwa17662955743703.png,,,,2,221/2 (20.0 Overs),221,2,20.0,11.05,191/6 (20.0 Overs),191,6,20.0,9.55,,,,,,,,,,,,,,,,,,,,,2,,,,,,,,,52,4th  T20I,,,4.0,191,0,0,,Smriti Mandhana,,401,80,48,-,-,https://scores.bcci.tv/matchcentre/playerimages/HLC1bZL97t1766295675401.png,,18:29 GMT,2025-12-28,,,,,0.0,
268,2323,8,T20 (N),Post,2025-12-30,30 Dec 2025,India (Women) vs Sri Lanka (Women),19:00,13:30 GMT,2025-12-30,52,India (Women),83,Sri Lanka (Women),INDW,SLW,42,Greenfield International Stadium,India (Women) Won by 15   Runs ,Sri Lanka (Women),Sri Lanka (Women) Won The Toss And Elected To Field, Won The Toss And Elected To Field,1,175/7 (20.0 Ov),160/7 (20.0 Ov),,2025-12-30 19:00:00,Thiruvananthapuram,,,,,,,,485,586,484,121,52,India (Women),,,,,83,Sri Lanka (Women),Asia/Kolkata,30 Dec 2025,23:59,20,0,T20,5.0,Sri Lanka Women Tour Of India T20I Series 2025,Gayathri Venugopalan,Vrinda Rathi,Janani N,India (Women) Won by 15   Runs ,https://scores.bcci.tv/matchcentre/teamlogos/Col0f8VC7m1753711737200x200.png,https://scores.bcci.tv/matchcentre/teamlogos/JSjinqwTjl1729664504SriLanka.png,https://scores.bcci.tv/matchcentre/teamlogos/Col0f8VC7m1753711737200x200.png,https://scores.bcci.tv/matchcentre/teamlogos/JSjinqwTjl1729664504SriLanka.png,0,+9.5,2023-100mb00000001742-04bf2b3d981111,Rashmika Sewwandi,14,8,2,0,175.0,https://scores.bcci.tv/matchcentre/playerimages/BSlK6YAdWn17662231851742.png,2025-100mb00000003735-a7b6a205009b11,Malki Madara,5,5,0,0,100.0,https://scores.bcci.tv/matchcentre/playerimages/ofRwd940qj17662233173735.png,2022-100mb00000000887-2bd71c2988b911,Sneh Rana,4.0,31,0,1,7.75,24.0,https://scores.bcci.tv/matchcentre/playerimages/9Ktyhl4Hlb1766295688887.png,,,,2,175/7 (20.0 Overs),175,7,20.0,8.75,160/7 (20.0 Overs),160,7,20.0,8,,,,,,,,,,,,,,,,,,,,,2,,,,,,,,,52,5th  T20I,,,5.0,160,0,0,,Harmanpreet Kaur,,387,68,43,-,-,https://scores.bcci.tv/matchcentre/playerimages/VdmE2L9Fd71766295600387.png,,18:29 GMT,2025-12-30,,,,,0.0,
279,2385,2,T20,Post,2026-02-13,13 Feb 2026,India A (Women) vs UAE (Women),14:00,07:00 GMT,2026-02-13,148,India A (Women),84,UAE (Women),IND-AW,UAEW,97,Terdthai Cricket Ground,UAE (Women) Won by 7 Wickets ,India A (Women),India A (Women) Won The Toss And Elected To Bat, Won The Toss And Elected To Bat,1,130/9 (20.0 Ov),131/3 (19.2 Ov),,2026-02-13 14:00:00,Thailand,,,,,,,,572,495,656,247,148,India A (Women),,,,,84,UAE (Women),Asia/Kolkata,13 Feb 2026,18:00,20,0,T20,2.0,Dp World Women'S Asia Cup Rising Stars 2026,Shathira Jakir Jesy,Nur Hijrah,Saleema,UAE (Women) Won by 7 Wickets ,https://scores.bcci.tv/matchcentre/teamlogos/bXF9kXpAM01770028850India.png,https://scores.bcci.tv/matchcentre/teamlogos/wtNjZbW6n31770029159UAE.png,https://scores.bcci.tv/matchcentre/teamlogos/bXF9kXpAM01770028850India.png,https://scores.bcci.tv/matchcentre/teamlogos/wtNjZbW6n31770029159UAE.png,0,+9.5,2024-100mb00000003067-03dc8cccc73111,Heena H Hotchandani,4,1,1,0,400.0,https://scores.bcci.tv/matchcentre/playerimages/ZHCrtfB6od17708845703067.png,2022-100mb00000001154-c598c142ee0911,Esha Oza,72,61,8,2,118.03,https://scores.bcci.tv/matchcentre/playerimages/5j4jXsd5ZZ17708844131154.png,4e78f2e8c4854e419aedda1321ac7ad,Radha Yadav,3.2,22,0,1,6.6,20.0,https://scores.bcci.tv/matchcentre/playerimages/KtvjO3316i1770878132400.png,,,98.33,2,130/9 (20.0 Overs),130,9,20.0,6.5,131/3 (19.2 Overs),131,3,19.2,6.78,,,,,,,,,,,,,,,,,,,,,2,,,,,,,,,84,2nd  T20I,,,2.0,135,0,0,,Esha Oza,,1154,72,61,2,30,https://scores.bcci.tv/playerimages/5j4jXsd5ZZ17708844131154.png,,11:00 GMT,2026-02-13,,,,,0.0,
279,2389,2,T20,Post,2026-02-15,15 Feb 2026,India A (Women) vs Pakistan A (Women),14:00,07:00 GMT,2026-02-15,149,Pakistan A (Women),148,India A (Women),PAK-AW,IND-AW,97,Terdthai Cricket Ground,India A (Women) Won by 8 Wickets ,Pakistan A (Women),Pakistan A (Women) Won The Toss And Elected To Bat, Won The Toss And Elected To Bat,1,93/10 (18.5 Ov),97/2 (10.1 Ov),,2026-02-15 14:00:00,Thailand,,,,,,,,500,572,654,247,148,India A (Women),,,,,149,Pakistan A (Women),Asia/Kolkata,15 Feb 2026,18:00,20,0,T20,6.0,Dp World Women'S Asia Cup Rising Stars 2026,Dedunu Silva,Shathira Jakir Jesy,Rockeya Sultana,India A (Women) Won by 8 Wickets ,https://scores.bcci.tv/matchcentre/teamlogos/FeHBI000B81770029218Pakistan.png,https://scores.bcci.tv/matchcentre/teamlogos/bXF9kXpAM01770028850India.png,https://scores.bcci.tv/matchcentre/teamlogos/bXF9kXpAM01770028850India.png,https://scores.bcci.tv/matchcentre/teamlogos/FeHBI000B81770029218Pakistan.png,0,+9.5,2024-100mb00000003352-acbd897b53e911,Tejal Hasabnis,12,5,1,1,240.0,https://scores.bcci.tv/matchcentre/playerimages/3K5PMKoXJn17708780823352.png,2023-100mb00000002329-4daa94d10d9c11,Vrinda Dinesh,55,29,12,0,189.65,https://scores.bcci.tv/matchcentre/playerimages/KcZ1kenWTQ17708780562329.png,2026-100mb00000004711-2f0fcc3201a311,Momina Riasat,2.1,13,0,1,6.0,13.0,https://scores.bcci.tv/matchcentre/playerimages/JBZHeJYPkd17702806034711.png,,,100,2,93/10 (18.5 Overs),93,10,18.5,4.94,97/2 (10.1 Overs),97,2,10.1,9.54,,,,,,,,,,,,,,,,,,,,,2,,,,,,,,,148,6th  T20I,,,6.0,190,0,0,,Vrinda Dinesh,,2329,55,29,-,-,https://scores.bcci.tv/playerimages/KcZ1kenWTQ17708780562329.png,,11:00 GMT,2026-02-15,,,,,0.0,
215,1887,8,T20 (N),Post,2026-02-15,15 Feb 2026,Australia (Women) vs India (Women),19:05,08:05 GMT,2026-02-15,55,Australia (Women),52,India (Women),AUSW,INDW,4,Sydney Cricket Ground,India (Women) Won by 21  Runs  (D/L Method) ,India (Women),India (Women) Won The Toss And Elected To Field, Won The Toss And Elected To Field,1,133/10 (18.0 Ov),50/1 (5.1 Ov),,2026-02-15 19:05:00,Sydney,,,,,,,,471,26,481,232,55,Australia (Women),,,,,52,India (Women),Asia/Kolkata,15 Feb 2026,23:59,20,0,T20,1.0,India Women Tour Of Australia T20 Series 2025-26,Kim Cotton,Phillip Gillespie,Eloise Sheridan,India (Women) Won by 21  Runs  (D/L Method) ,https://scores.bcci.tv/matchcentre/teamlogos/CqCDnjhh7Y1729662126Australia.png,https://scores.bcci.tv/matchcentre/teamlogos/Col0f8VC7m1753711737200x200.png,https://scores.bcci.tv/matchcentre/teamlogos/CqCDnjhh7Y1729662126Australia.png,https://scores.bcci.tv/matchcentre/teamlogos/Col0f8VC7m1753711737200x200.png,0,+9.5,4acef6b5a64744ecb8a987bf5c8b33b,Jemimah Rodrigues,9,3,2,0,300.0,https://scores.bcci.tv/matchcentre/playerimages/hhEfRreU1J1771154197388.png,5e06fdb22a3c493093228705309b237,Smriti Mandhana,16,17,2,0,94.11,https://scores.bcci.tv/matchcentre/playerimages/rZcJVk2kfe1771154260401.png,2022-100mb00000001640-f7faee4f722c11,Kim Garth,1.1,12,0,0,10.29,0.0,https://scores.bcci.tv/matchcentre/playerimages/unCplldahN17709083281640.png,,,,2,133/10 (18.0 Overs),133,10,18.0,7.39,50/1 (5.1 Overs),50,1,5.1,9.68,,,,,,,,,,,,,,,,,,,,,2,,,,,,,,,52,1st T20I,,,1.0,193,0,0,,Arundhati Reddy,,391,-,-,4,22,https://scores.bcci.tv/matchcentre/playerimages/sfpwfhWfEP1771154209391.png,,12:59 GMT,2026-02-15,,,,,0.0,
279,2392,2,T20,Post,2026-02-17,17 Feb 2026,India A (Women) vs Nepal (Women),09:30,02:30 GMT,2026-02-17,88,Nepal (Women),148,India A (Women),NEPW,IND-AW,97,Terdthai Cricket Ground,India A (Women) Won by 7 Wickets ,India A (Women),India A (Women) Won The Toss And Elected To Field, Won The Toss And Elected To Field,1,78/10 (18.0 Ov),82/3 (7.5 Ov),,2026-02-17 09:30:00,Thailand,,,,,,,,490,500,656,247,148,India A (Women),,,,,88,Nepal (Women),Asia/Bangkok,17 Feb 2026,13:30,20,0,T20,9.0,Dp World Asia Cup Rising Stars Women'S 2026,Shivani Mishra,Dedunu Silva,Saleema,India A (Women) Won by 7 Wickets ,https://scores.bcci.tv/matchcentre/teamlogos/svMvsq28Xm1731941364nep.png,https://scores.bcci.tv/matchcentre/teamlogos/bXF9kXpAM01770028850India.png,https://scores.bcci.tv/matchcentre/teamlogos/bXF9kXpAM01770028850India.png,https://scores.bcci.tv/matchcentre/teamlogos/svMvsq28Xm1731941364nep.png,0,+9.5,2023-100mb00000002329-4daa94d10d9c11,Vrinda Dinesh,39,18,9,0,216.66,https://scores.bcci.tv/matchcentre/playerimages/KcZ1kenWTQ17708780562329.png,4e78f2e8c4854e419aedda1321ac7ad,Radha Yadav,1,1,0,0,100.0,https://scores.bcci.tv/matchcentre/playerimages/KtvjO3316i1770878132400.png,2022-100mb00000001094-3aec5186eda011,Sita Rana Magar,0.5,9,0,1,10.8,5.0,https://scores.bcci.tv/matchcentre/playerimages/3kpc9PXeZt17707078441094.png,,,69.58,2,78/10 (18.0 Overs),78,10,18.0,4.33,82/3 (7.5 Overs),82,3,7.5,10.47,,,,,,,,,,,,,,,,,,,,,2,,,,,,,,,148,9th  T20I,,,9.0,209,0,0,,Tanuja Kanwer,,1914,-,-,4,12,https://scores.bcci.tv/playerimages/sfjBzbWDHu17708780141914.png,,06:30 GMT,2026-02-17,,,,,0.0,
215,1888,8,T20 (N),Post,2026-02-19,19 Feb 2026,Australia (Women) vs India (Women),19:05,08:05 GMT,2026-02-19,55,Australia (Women),52,India (Women),AUSW,INDW,53,Manuka Oval,Australia (Women) Won by 19  Runs ,India (Women),India (Women) Won The Toss And Elected To Field, Won The Toss And Elected To Field,1,163/5 (20.0 Ov),144/9 (20.0 Ov),,2026-02-19 19:05:00,Canberra,,,,,,,,481,471,26,232,55,Australia (Women),,,,,52,India (Women),Asia/Kolkata,19 Feb 2026,23:59,20,0,T20,2.0,India Women Tour Of Australia T20 Series 2025-26,Eloise Sheridan,Kim Cotton,Phillip Gillespie,Australia (Women) Won by 19  Runs ,https://scores.bcci.tv/matchcentre/teamlogos/CqCDnjhh7Y1729662126Australia.png,https://scores.bcci.tv/matchcentre/teamlogos/Col0f8VC7m1753711737200x200.png,https://scores.bcci.tv/matchcentre/teamlogos/CqCDnjhh7Y1729662126Australia.png,https://scores.bcci.tv/matchcentre/teamlogos/Col0f8VC7m1753711737200x200.png,0,+9.5,2025-100mb00000003704-67165c05dc8011,Kranti Gaud,12,5,1,1,240.0,https://scores.bcci.tv/matchcentre/playerimages/mnBFX5UjBm17711541723704.png,2022-100mb00000000888-48b089d388b911,Renuka Singh,1,1,0,0,100.0,https://scores.bcci.tv/matchcentre/playerimages/55aVFBHd8g1771154292888.png,c8b91f2418c94e0bb9e4e1e2c08cede,Sophie Molineux,4.0,37,0,2,9.25,12.0,https://scores.bcci.tv/matchcentre/playerimages/yMGGCX2lDK1770908078427.png,,,,2,163/5 (20.0 Overs),163,5,20.0,8.15,144/9 (20.0 Overs),144,9,20.0,7.2,,,,,,,,,,,,,,,,,,,,,2,,,,,,,,,55,2nd  T20I,,,2.0,144,0,0,,Georgia Voll,,3368,88,57,-,-,https://scores.bcci.tv/matchcentre/playerimages/8kxGw30fxl17709079383368.png,,12:59 GMT,2026-02-19,,,,,0.0,
279,2396,2,T20,Post,2026-02-20,20 Feb 2026,India A (Women) vs Sri lanka A (Women),09:30,02:30 GMT,2026-02-20,152,Sri lanka A (Women),148,India A (Women),SL-AW,IND-AW,97,Terdthai Cricket Ground,India A (Women) Won by 5 Wickets (Qualified),Sri lanka A (Women),Sri Lanka A (Women) Won The Toss And Elected To Bat, Won The Toss And Elected To Bat,1,118/10 (19.4 Ov),119/5 (13.3 Ov),,2026-02-20 09:30:00,Thailand,,,,,,,,490,654,656,121,148,India A (Women),,,,,152,Sri lanka A (Women),Asia/Bangkok,20 Feb 2026,13:30,20,23,T20,13.0,Dp World Asia Cup Rising Stars Women'S 2026,Shivani Mishra,Rockeya Sultana,Saleema,India A (Women) Won by 5 Wickets (Qualified),https://scores.bcci.tv/matchcentre/teamlogos/91KTsk5USe1770028869Sri Lanka.png,https://scores.bcci.tv/matchcentre/teamlogos/bXF9kXpAM01770028850India.png,https://scores.bcci.tv/matchcentre/teamlogos/bXF9kXpAM01770028850India.png,https://scores.bcci.tv/matchcentre/teamlogos/91KTsk5USe1770028869Sri Lanka.png,0,+9.5,4e78f2e8c4854e419aedda1321ac7ad,Radha Yadav,31,18,7,0,172.22,https://scores.bcci.tv/matchcentre/playerimages/KtvjO3316i1770878132400.png,2023-100mb00000002154-515b32d203b011,Madiwala Mamatha,0,1,0,0,0.0,https://scores.bcci.tv/matchcentre/playerimages/Gwwy68iP2717708780462154.png,2026-100mb00000004719-9a555d2801a911,Yasanthi Herath,1.3,17,0,1,11.33,9.0,https://scores.bcci.tv/matchcentre/playerimages/XSs3vRM6hx17708784124719.png,,,83.75,2,118/10 (19.4 Overs),118,10,19.4,5.95,119/5 (13.3 Overs),119,5,13.3,8.81,,,,,,,,,,,,,,,,,,,,,2,,,,,,,,,148,Semi Final 1,,,13.0,176,0,0,,Radha Yadav,,400,31,18,4,19,https://scores.bcci.tv/playerimages/KtvjO3316i1770878132400.png,Semi Final 1,06:30 GMT,2026-02-20,,,,,0.0,
215,1889,8,T20 (N),Post,2026-02-21,21 Feb 2026,Australia (Women) vs India (Women),18:35,08:05 GMT,2026-02-21,52,India (Women),55,Australia (Women),INDW,AUSW,1,Adelaide Oval,India (Women) Won by 17  Runs ,India (Women),India (Women) Won The Toss And Elected To Bat, Won The Toss And Elected To Bat,1,176/6 (20.0 Ov),159/9 (20.0 Ov),,2026-02-21 18:35:00,Adelaide,,,,,,,,481,26,471,232,55,Australia (Women),,,,,52,India (Women),Asia/Kolkata,21 Feb 2026,23:59,20,0,T20,3.0,India Women Tour Of Australia T20 Series 2025-26,Eloise Sheridan,Phillip Gillespie,Kim Cotton,India (Women) Won by 17  Runs ,https://scores.bcci.tv/matchcentre/teamlogos/Col0f8VC7m1753711737200x200.png,https://scores.bcci.tv/matchcentre/teamlogos/CqCDnjhh7Y1729662126Australia.png,https://scores.bcci.tv/matchcentre/teamlogos/CqCDnjhh7Y1729662126Australia.png,https://scores.bcci.tv/matchcentre/teamlogos/Col0f8VC7m1753711737200x200.png,0,+9.5,2022-100mb00000001640-f7faee4f722c11,Kim Garth,7,7,0,0,100.0,https://scores.bcci.tv/matchcentre/playerimages/unCplldahN17709083281640.png,2022-100mb00000000965-ba4521609a1411,Darcie Brown,8,9,1,0,88.88,https://scores.bcci.tv/matchcentre/playerimages/vJhnlqDiLY1770908119965.png,934e9959231c4ca3b118005cdbee4e8,Deepti Sharma,4.0,27,0,0,6.75,0.0,https://scores.bcci.tv/matchcentre/playerimages/yqJ4DTyJb41771154220395.png,,,,2,176/6 (20.0 Overs),176,6,20.0,8.8,159/9 (20.0 Overs),159,9,20.0,7.95,,,,,,,,,,,,,,,,,,,,,2,,,,,,,,,52,3rd  T20I,,,3.0,159,0,0,,Smriti Mandhana,,401,82,55,-,-,https://scores.bcci.tv/matchcentre/playerimages/rZcJVk2kfe1771154260401.png,,13:29 GMT,2026-02-21,,,,,0.0,
279,2398,2,T20,Post,2026-02-22,22 Feb 2026,Bangladesh A (Women) vs India A (Women),14:00,07:00 GMT,2026-02-22,148,India A (Women),151,Bangladesh A (Women),IND-AW,BAN-AW,97,Terdthai Cricket Ground,India A (Women) Won by 46 Runs (Winners),India A (Women),India A (Women) Won The Toss And Elected To Bat, Won The Toss And Elected To Bat,1,134/7 (20.0 Ov),88/10 (19.1 Ov),,2026-02-22 14:00:00,Thailand,,,,,,,,500,490,656,247,151,Bangladesh A (Women),,,,,148,India A (Women),Asia/Bangkok,22 Feb 2026,18:00,20,11,T20,15.0,Dp World Asia Cup Rising Stars Women'S 2026,Dedunu Silva,Shivani Mishra,Saleema,India A (Women) Won by 46 Runs (Winners),https://scores.bcci.tv/matchcentre/teamlogos/bXF9kXpAM01770028850India.png,https://scores.bcci.tv/matchcentre/teamlogos/fcm0JMeCA51770029256Bangladesh.png,https://scores.bcci.tv/matchcentre/teamlogos/fcm0JMeCA51770029256Bangladesh.png,https://scores.bcci.tv/matchcentre/teamlogos/bXF9kXpAM01770028850India.png,0,+9.5,2024-100mb00000003187-1f0ab2b104af11,Shorifa Khatun,9,9,0,1,100.0,https://scores.bcci.tv/matchcentre/playerimages/5M7fg7T01u17710370623187.png,2022-100mb00000000953-007d527b9a0711,Fariha Trisna,0,0,0,0,0.0,https://scores.bcci.tv/matchcentre/playerimages/r82s7ZYIvY1771036828953.png,2023-100mb00000001914-bda8ca95b38c11,Tanuja Kanwer,3.1,11,0,2,3.47,9.5,https://scores.bcci.tv/matchcentre/playerimages/sfjBzbWDHu17708780141914.png,,,97.92,2,134/7 (20.0 Overs),134,7,20.0,6.7,88/10 (19.1 Overs),88,10,19.1,4.59,,,,,,,,,,,,,,,,,,,,,2,,,,,,,,,148,Final,,,15.0,91,0,0,,Tejal Hasabnis,,3352,51,34,-,-,https://scores.bcci.tv/playerimages/3K5PMKoXJn17708780823352.png,Final,11:00 GMT,2026-02-22,,,,,0.0,
216,1890,1,One Day D/N,Post,2026-02-24,24 Feb 2026,Australia (Women) vs India (Women),13:50,03:50 GMT,2026-02-24,52,India (Women),55,Australia (Women),INDW,AUSW,138,Allan Border Field,Australia (Women) Won by 6  Wickets ,India (Women),India (Women) Won The Toss And Elected To Bat, Won The Toss And Elected To Bat,1,214/10 (48.3 Ov),217/4 (38.2 Ov),,2026-02-24 13:50:00,Brisbane,,,,,,,,471,25,196,232,55,Australia (Women),,,,,52,India (Women),Asia/Kolkata,24 Feb 2026,23:59,50,0,ODI,1.0,India Women Tour Of Australia Odi Series 2025-26,Kim Cotton,Shawn Craig,Claire Polosak,Australia (Women) Won by 6  Wickets ,https://scores.bcci.tv/matchcentre/teamlogos/Col0f8VC7m1753711737200x200.png,https://scores.bcci.tv/matchcentre/teamlogos/CqCDnjhh7Y1729662126Australia.png,https://scores.bcci.tv/matchcentre/teamlogos/CqCDnjhh7Y1729662126Australia.png,https://scores.bcci.tv/matchcentre/teamlogos/Col0f8VC7m1753711737200x200.png,0,+9.5,2020023e04d64bd011ea9b3802322e7,Annabel Sutherland,48,44,4,1,109.09,https://scores.bcci.tv/matchcentre/playerimages/7cwExnMtU21770908495430.png,ca9fa0fd291c4c1a9da5e68ab50a354,Ashleigh Gardner,5,4,0,0,125.0,https://scores.bcci.tv/matchcentre/playerimages/qxQNdoFScc1772016143428.png,934e9959231c4ca3b118005cdbee4e8,Deepti Sharma,7.2,49,0,1,6.68,44.0,https://scores.bcci.tv/matchcentre/playerimages/CtxUnL5aRi1771929148395.png,,,88.33,2,214/10 (48.3 Overs),214,10,48.3,4.41,217/4 (38.2 Overs),217,4,38.2,5.66,,,,,,,,,,,,,,,,,,,,,2,,,,,,,,,55,1st ODI,,,1.0,283,0,0,,Beth Mooney,,422,76,79,-,-,https://scores.bcci.tv/matchcentre/playerimages/A1cOT8sW401772016164422.png,,13:59 GMT,2026-02-24,,,,,0.0,
216,1891,1,One Day D/N,Post,2026-02-27,27 Feb 2026,Australia (Women) vs India (Women),13:50,03:50 GMT,2026-02-27,52,India (Women),55,Australia (Women),INDW,AUSW,157,Bellerive Oval,Australia (Women) Won by 5  Wickets ,India (Women),India (Women) Won The Toss And Elected To Bat, Won The Toss And Elected To Bat,1,251/9 (50.0 Ov),252/5 (36.1 Ov),,2026-02-27 13:50:00,Hobart,,,,,,,,196,25,471,232,55,Australia (Women),,,,,52,India (Women),Asia/Kolkata,27 Feb 2026,23:59,50,0,ODI,2.0,India Women Tour Of Australia Odi Series 2025-26,Claire Polosak,Shawn Craig,Kim Cotton,Australia (Women) Won by 5  Wickets ,https://scores.bcci.tv/matchcentre/teamlogos/Col0f8VC7m1753711737200x200.png,https://scores.bcci.tv/matchcentre/teamlogos/CqCDnjhh7Y1729662126Australia.png,https://scores.bcci.tv/matchcentre/teamlogos/CqCDnjhh7Y1729662126Australia.png,https://scores.bcci.tv/matchcentre/teamlogos/Col0f8VC7m1753711737200x200.png,0,+9.5,ca9fa0fd291c4c1a9da5e68ab50a354,Ashleigh Gardner,19,14,2,0,135.71,https://scores.bcci.tv/matchcentre/playerimages/qxQNdoFScc1772016143428.png,2022-100mb00000000968-0f3b7a899a1511,Tahlia Mcgrath,0,3,0,0,0.0,https://scores.bcci.tv/matchcentre/playerimages/BF8W1Ojnp21770908525968.png,2025-100mb00000003703-15667a12dc8011,Sree Charani,4.1,41,0,0,9.84,0.0,https://scores.bcci.tv/matchcentre/playerimages/YaQKZ6an4m17719290923703.png,,,86.17,2,251/9 (50.0 Overs),251,9,50.0,5.02,252/5 (36.1 Overs),252,5,36.1,6.97,,,,,,,,,,,,,,,,,,,,,2,,,,,,,,,55,2nd  ODI,,,2.0,348,0,0,,Georgia Voll,,3368,101,82,-,-,https://scores.bcci.tv/matchcentre/playerimages/bNEcKeOHiZ17720162073368.png,,13:59 GMT,2026-02-27,,,,,0.0,
216,1892,1,One Day D/N,Post,2026-03-01,1 Mar 2026,Australia (Women) vs India (Women),13:50,03:50 GMT,2026-03-01,55,Australia (Women),52,India (Women),AUSW,INDW,157,Bellerive Oval,Australia (Women) Won by 185  Runs ,India (Women),India (Women) Won The Toss And Elected To Field, Won The Toss And Elected To Field,1,409/7 (50.0 Ov),224/10 (45.1 Ov),,2026-03-01 13:50:00,Hobart,,,,,,,,196,471,25,232,55,Australia (Women),,,,,52,India (Women),Asia/Kolkata,1 Mar 2026,23:59,50,0,ODI,3.0,India Women Tour Of Australia Odi Series 2025-26,Claire Polosak,Kim Cotton,Shawn Craig,Australia (Women) Won by 185  Runs ,https://scores.bcci.tv/matchcentre/teamlogos/CqCDnjhh7Y1729662126Australia.png,https://scores.bcci.tv/matchcentre/teamlogos/Col0f8VC7m1753711737200x200.png,https://scores.bcci.tv/matchcentre/teamlogos/CqCDnjhh7Y1729662126Australia.png,https://scores.bcci.tv/matchcentre/teamlogos/Col0f8VC7m1753711737200x200.png,0,+9.5,2025-100mb00000003703-15667a12dc8011,Sree Charani,11,14,0,1,78.57,https://scores.bcci.tv/matchcentre/playerimages/YaQKZ6an4m17719290923703.png,2022-100mb00000000888-48b089d388b911,Renuka Singh,0,1,0,0,0.0,https://scores.bcci.tv/matchcentre/playerimages/7csRIGDUoV1771929222888.png,845495abeecf4264b23a6e2275f53f7,Georgia Wareham,1.1,3,0,2,2.57,3.5,https://scores.bcci.tv/matchcentre/playerimages/8wjp3ZpwJ31772016198423.png,,,95.17,2,409/7 (50.0 Overs),409,7,50.0,8.18,224/10 (45.1 Overs),224,10,45.1,4.96,,,,,,,,,,,,,,,,,,,,,2,,,,,,,,,55,3rd  ODI,,,3.0,248,0,0,,Alyssa Healy,,425,158,98,0,12,https://scores.bcci.tv/matchcentre/playerimages/HmmK3sq4ss1772016180425.png,,13:59 GMT,2026-03-01,,,,,0.0,
217,1893,4,Multi Day (D/N),Post,2026-03-06,6 Mar 2026,Australia (Women) vs India (Women),13:20,05:20 GMT,2026-03-06,52,India (Women),55,Australia (Women),INDW,AUSW,5,WACA Ground,Australia (Women) Won by 10  Wickets ,Australia (Women),Australia (Women) Won The Toss And Elected To Field, Won The Toss And Elected To Field,1,198/10 (62.4 Ov) & 149/10 (48.2 Ov),323/10 (90.4 Ov) & 28/0 (4.3 Ov),,2026-03-06 13:20:00,Perth,,,,,,,,322,481,0,232,55,Australia (Women),,,,,52,India (Women),Asia/Kolkata,9 Mar 2026,23:59,200,0,Test,1.0,India Women Tour Of Australia Only Test 2025-26,Donovan Koch,Eloise Sheridan,,Australia (Women) Won by 10  Wickets ,https://scores.bcci.tv/matchcentre/teamlogos/Col0f8VC7m1753711737200x200.png,https://scores.bcci.tv/matchcentre/teamlogos/CqCDnjhh7Y1729662126Australia.png,https://scores.bcci.tv/matchcentre/teamlogos/CqCDnjhh7Y1729662126Australia.png,https://scores.bcci.tv/matchcentre/teamlogos/Col0f8VC7m1753711737200x200.png,0,+9.5,2024-100mb00000003368-115867da5f7811,Georgia Voll,16,13,4,0,123.07,https://scores.bcci.tv/matchcentre/playerimages/MP9vmK7UVW17727003193368.png,2022-100mb00000001639-de4a2ca0722c11,Phoebe Litchfield,11,14,1,0,78.57,https://scores.bcci.tv/matchcentre/playerimages/XTk8ke5TXC17727002131639.png,2021d815598c5d9111ec9c9202ea608,Kashvee Gautam,2.3,20,0,0,8.0,0.0,https://scores.bcci.tv/matchcentre/playerimages/MOmnWVMC2F1772629762782.png,,,75.56,4,198/10 (62.4 Overs),198,10,62.4,3.16,323/10 (90.4 Overs),323,10,90.4,3.56,149/10 (48.2 Overs),149,10,48.2,3.08,28/0 (4.3 Overs),28,0,4.3,6.22,,,,,,,,,,,2,52,India (Women),55,Australia (Women),,,,,55,Only Test,,,1.0,0,0,0,,Annabel Sutherland,,430,129,171,4,46,https://scores.bcci.tv/matchcentre/playerimages/7juB7C6JSf1772700584430.png,,15:59 GMT,2026-03-09,,,,,0.0,
277,2376,8,T20 (N),Post,2026-04-17,17 Apr 2026,South Africa (Women) vs India (Women),18:00,16:00 GMT,2026-04-17,52,India (Women),54,South Africa (Women),INDW,SAW,116,Kingsmead Cricket Ground,South Africa (Women) Won by 6  Wickets ,South Africa (Women),South Africa (Women) Won The Toss And Elected To Field, Won The Toss And Elected To Field,1,157/7 (20.0 Ov),158/4 (19.1 Ov),,2026-04-17 18:00:00,Durban,,,,,,,,503,480,661,294,54,South Africa (Women),,,,,52,India (Women),Asia/Kolkata,18 Apr 2026,23:59,20,0,T20,1.0,India Women Tour Of South Africa T20 Series 2026,Kerrin Klaaste,Lauren Agenbag,Mazizi Gampu,South Africa (Women) Won by 6  Wickets ,https://scores.bcci.tv/matchcentre/teamlogos/Col0f8VC7m1753711737200x200.png,https://scores.bcci.tv/matchcentre/teamlogos/tY4UgfmAqX1729664332South-Africa.png,https://scores.bcci.tv/matchcentre/teamlogos/tY4UgfmAqX1729664332South-Africa.png,https://scores.bcci.tv/matchcentre/teamlogos/Col0f8VC7m1753711737200x200.png,0,+9.5,94c66baaa77c4ded946292882142131,Chloe Tryon,18,16,0,1,112.5,https://scores.bcci.tv/matchcentre/playerimages/c14jX3ckq41776274167443.png,2023-100mb00000001709-f1da89c196ff11,Annerie Dercksen,44,34,4,1,129.41,https://scores.bcci.tv/matchcentre/playerimages/kgXMz2lI0H17762740721709.png,934e9959231c4ca3b118005cdbee4e8,Deepti Sharma,2.1,24,0,0,11.08,0.0,https://scores.bcci.tv/matchcentre/playerimages/HsvPEfYGuw1776420615395.png,,,,2,157/7 (20.0 Overs),157,7,20.0,7.85,158/4 (19.1 Overs),158,4,19.1,8.24,,,,,,,,,,,,,,,,,,,,,2,,,,,,,,,54,1st T20I,,,1.0,164,0,0,,Ayabonga Khaka,,442,-,-,3,16,https://scores.bcci.tv/matchcentre/playerimages/6IARYSKRSv1776489294442.png,,21:59 GMT,2026-04-18,,,,,0.0,
277,2377,5,T20 D/N,Post,2026-04-19,19 Apr 2026,South Africa (Women) vs India (Women),14:00,12:00 GMT,2026-04-19,52,India (Women),54,South Africa (Women),INDW,SAW,116,Kingsmead Cricket Ground,South Africa (Women) Won by 8  Wickets ,South Africa (Women),South Africa (Women) Won The Toss And Elected To Field, Won The Toss And Elected To Field,1,147/10 (20.0 Ov),148/2 (17.1 Ov),,2026-04-19 14:00:00,Durban,,,,,,,,480,650,503,294,54,South Africa (Women),,,,,52,India (Women),Asia/Kolkata,19 Apr 2026,23:59,20,0,T20,2.0,India Women Tour Of South Africa T20 Series 2026,Lauren Agenbag,Stacy Lackay,Kerrin Klaaste,South Africa (Women) Won by 8  Wickets ,https://scores.bcci.tv/matchcentre/teamlogos/Col0f8VC7m1753711737200x200.png,https://scores.bcci.tv/matchcentre/teamlogos/tY4UgfmAqX1729664332South-Africa.png,https://scores.bcci.tv/matchcentre/teamlogos/tY4UgfmAqX1729664332South-Africa.png,https://scores.bcci.tv/matchcentre/teamlogos/Col0f8VC7m1753711737200x200.png,0,+9.5,2022-100mb00000000949-fd00ad999a0411,Tazmin Brits,20,17,3,0,117.64,https://scores.bcci.tv/matchcentre/playerimages/QtKsf7mfih1776489373949.png,2023-100mb00000001709-f1da89c196ff11,Annerie Dercksen,12,7,2,0,171.42,https://scores.bcci.tv/matchcentre/playerimages/kgXMz2lI0H17762740721709.png,2026-100mb00000004591-343e2b82ebbc11,Anushka Sharma,0.1,4,0,0,24.0,0.0,https://scores.bcci.tv/matchcentre/playerimages/Dqo4ziaMkc17764426524591.png,,,92.92,2,147/10 (20.0 Overs),147,10,20.0,7.35,148/2 (17.1 Overs),148,2,17.1,8.62,,,,,,,,,,,,,,,,,,,,,2,,,,,,,,,54,2nd  T20I,,,2.0,172,0,0,,Chloe Tryon,,443,-,-,3,22,https://scores.bcci.tv/matchcentre/playerimages/c14jX3ckq41776274167443.png,,21:59 GMT,2026-04-19,,,,,0.0,
277,2378,8,T20 (N),Post,2026-04-22,22 Apr 2026,South Africa (Women) vs India (Women),18:00,16:00 GMT,2026-04-22,52,India (Women),54,South Africa (Women),INDW,SAW,61,The Wanderers Stadium,South Africa (Women) Won by 9  Wickets ,South Africa (Women),South Africa (Women) Won The Toss And Elected To Field, Won The Toss And Elected To Field,1,192/4 (20.0 Ov),193/1 (16.3 Ov),,2026-04-22 18:00:00,Johannesburg,,,,,,,,480,661,650,294,54,South Africa (Women),,,,,52,India (Women),Asia/Kolkata,23 Apr 2026,23:59,20,0,T20,3.0,India Women Tour Of South Africa T20 Series 2026,Lauren Agenbag,Mazizi Gampu,Stacy Lackay,South Africa (Women) Won by 9  Wickets ,https://scores.bcci.tv/matchcentre/teamlogos/Col0f8VC7m1753711737200x200.png,https://scores.bcci.tv/matchcentre/teamlogos/tY4UgfmAqX1729664332South-Africa.png,https://scores.bcci.tv/matchcentre/teamlogos/tY4UgfmAqX1729664332South-Africa.png,https://scores.bcci.tv/matchcentre/teamlogos/Col0f8VC7m1753711737200x200.png,0,+9.5,903a0f25c47f413cba08d87a751d194,Sune Luus,64,42,6,2,152.38,https://scores.bcci.tv/matchcentre/playerimages/YCNACAiC901776489258434.png,2022-100mb00000000949-fd00ad999a0411,Tazmin Brits,2,4,0,0,50.0,https://scores.bcci.tv/matchcentre/playerimages/QtKsf7mfih1776489373949.png,934e9959231c4ca3b118005cdbee4e8,Deepti Sharma,3.3,46,0,0,13.14,0.0,https://scores.bcci.tv/matchcentre/playerimages/HsvPEfYGuw1776420615395.png,,,,2,192/4 (20.0 Overs),192,4,20.0,9.6,193/1 (16.3 Overs),193,1,16.3,11.7,,,,,,,,,,,,,,,,,,,,,2,,,,,,,,,54,3rd  T20I,,,3.0,234,0,0,,Laura Wolvaardt,,436,115,53,-,-,https://scores.bcci.tv/matchcentre/playerimages/egD7W1sr4a1776489268436.png,,21:59 GMT,2026-04-23,,,,,0.0,
277,2379,8,T20 (N),Post,2026-04-25,25 Apr 2026,South Africa (Women) vs India (Women),18:00,16:00 GMT,2026-04-25,52,India (Women),54,South Africa (Women),INDW,SAW,61,The Wanderers Stadium,India (Women) Won by 14  Runs ,South Africa (Women),South Africa (Women) Won The Toss And Elected To Field, Won The Toss And Elected To Field,1,185/5 (20.0 Ov),171/9 (20.0 Ov),,2026-04-25 18:00:00,Johannesburg,,,,,,,,503,661,480,294,54,South Africa (Women),,,,,52,India (Women),Asia/Kolkata,26 Apr 2026,23:59,20,0,T20,4.0,India Women Tour Of South Africa T20 Series 2026,Kerrin Klaaste,Mazizi Gampu,Lauren Agenbag,India (Women) Won by 14  Runs ,https://scores.bcci.tv/matchcentre/teamlogos/Col0f8VC7m1753711737200x200.png,https://scores.bcci.tv/matchcentre/teamlogos/tY4UgfmAqX1729664332South-Africa.png,https://scores.bcci.tv/matchcentre/teamlogos/tY4UgfmAqX1729664332South-Africa.png,https://scores.bcci.tv/matchcentre/teamlogos/Col0f8VC7m1753711737200x200.png,0,+9.5,2024-100mb00000003271-d7f36e0e224411,Eliz mari Marx,21,13,3,1,161.53,https://scores.bcci.tv/matchcentre/playerimages/Q3b0GSmvjm17762741003271.png,2019767fe6b9ebd911e9ab5002322e7,Nonkululeko Mlaba,9,4,0,1,225.0,https://scores.bcci.tv/matchcentre/playerimages/PZvL3qSdqG1776489329444.png,20196b991076ecad11e9ab5002322e7,Shafali Verma,2.0,26,0,1,13.0,12.0,https://scores.bcci.tv/matchcentre/playerimages/pUZvtgmtuS1776420628398.png,,,,2,185/5 (20.0 Overs),185,5,20.0,9.25,171/9 (20.0 Overs),171,9,20.0,8.55,,,,,,,,,,,,,,,,,,,,,2,,,,,,,,,52,4th  T20I,,,4.0,171,0,0,,Deepti Sharma,,395,36,26,5,19,https://scores.bcci.tv/matchcentre/playerimages/HsvPEfYGuw1776420615395.png,,21:59 GMT,2026-04-26,,,,,0.0,
277,2380,5,T20 D/N,Post,2026-04-27,27 Apr 2026,South Africa (Women) vs India (Women),14:00,12:00 GMT,2026-04-27,54,South Africa (Women),52,India (Women),SAW,INDW,91,Willowmoore Park,South Africa (Women) Won by 23  Runs ,South Africa (Women),South Africa (Women) Won The Toss And Elected To Bat, Won The Toss And Elected To Bat,1,155/6 (20.0 Ov),132/8 (20.0 Ov),,2026-04-27 14:00:00,Benoni,,,,,,,,503,480,650,294,54,South Africa (Women),,,,,52,India (Women),Asia/Kolkata,27 Apr 2026,23:59,20,0,T20,5.0,India Women Tour Of South Africa T20 Series 2026,Kerrin Klaaste,Lauren Agenbag,Stacy Lackay,South Africa (Women) Won by 23  Runs ,https://scores.bcci.tv/matchcentre/teamlogos/tY4UgfmAqX1729664332South-Africa.png,https://scores.bcci.tv/matchcentre/teamlogos/Col0f8VC7m1753711737200x200.png,https://scores.bcci.tv/matchcentre/teamlogos/tY4UgfmAqX1729664332South-Africa.png,https://scores.bcci.tv/matchcentre/teamlogos/Col0f8VC7m1753711737200x200.png,0,+9.5,2025-100mb00000003703-15667a12dc8011,Sree Charani,1,2,0,0,50.0,https://scores.bcci.tv/matchcentre/playerimages/Nap5R6GDFs17764205453703.png,20200f9bf4944bce11ea9b3802322e7,Richa Ghosh,25,15,3,1,166.66,https://scores.bcci.tv/matchcentre/playerimages/eDtXQr2jfc1776420641399.png,cc48836a443d4f22aed6b4d0e1b3103,Ayabonga Khaka,4.0,29,0,1,7.25,24.0,https://scores.bcci.tv/matchcentre/playerimages/6IARYSKRSv1776489294442.png,,,99.58,2,155/6 (20.0 Overs),155,6,20.0,7.75,132/8 (20.0 Overs),132,8,20.0,6.6,,,,,,,,,,,,,,,,,,,,,2,,,,,,,,,54,5th  T20I,,,5.0,132,0,0,,Laura Wolvaardt,,436,92,56,-,-,https://scores.bcci.tv/matchcentre/playerimages/egD7W1sr4a1776489268436.png,,21:59 GMT,2026-04-27,,,,,0.0,
247,2108,8,T20 (N),UpComing,2026-05-28,28 May 2026,England (Women) vs India (Women),18:30,17:30 GMT,2026-05-28,53,England (Women),52,India (Women),ENGW,INDW,168,Ambassador Cruise Line Ground,,,,,0,,,,2026-05-28 18:30:00,Chelmsford,,,,,,,,0,0,0,0,53,England (Women),,,,,52,India (Women),Asia/Kolkata,28 May 2026,23:59,20,0,T20,1.0,India Women In England T20 Series 2026,,,,,https://scores.bcci.tv/matchcentre/teamlogos/xwbqvMolZz1729662687ECB.png,https://scores.bcci.tv/matchcentre/teamlogos/india.png,https://scores.bcci.tv/matchcentre/teamlogos/xwbqvMolZz1729662687ECB.png,https://scores.bcci.tv/matchcentre/teamlogos/india.png,0,+9.5,,,0,0,0,0,0.0,https://scores.bcci.tv/matchcentre/playerimages/,,,0,0,0,0,0.0,https://scores.bcci.tv/matchcentre/playerimages/,,,0,0,0,0,0.0,0.0,https://scores.bcci.tv/matchcentre/playerimages/,,,,,,,,,,,,,,,,,,,,,,,,,,,,,,,,,,,2,,,,,,,,,,1st T20I,,,1.0,,,,Women,,,,-,-,-,-,-,,22:59 GMT,2026-05-28,,,,"{'date': '2026-05-28 17:30:00.000000', 'timezone_type': 2, 'timezone': 'GMT'}",1779969600.0,07:30 PM
247,2109,8,T20 (N),UpComing,2026-05-30,30 May 2026,England (Women) vs India (Women),18:30,17:30 GMT,2026-05-30,53,England (Women),52,India (Women),ENGW,INDW,22,Seat Unique Stadium,,,,,0,,,,2026-05-30 18:30:00,Bristol,,,,,,,,0,0,0,0,53,England (Women),,,,,52,India (Women),Asia/Kolkata,30 May 2026,23:59,20,0,T20,2.0,India Women In England T20 Series 2026,,,,,https://scores.bcci.tv/matchcentre/teamlogos/xwbqvMolZz1729662687ECB.png,https://scores.bcci.tv/matchcentre/teamlogos/india.png,https://scores.bcci.tv/matchcentre/teamlogos/xwbqvMolZz1729662687ECB.png,https://scores.bcci.tv/matchcentre/teamlogos/india.png,0,+9.5,,,0,0,0,0,0.0,https://scores.bcci.tv/matchcentre/playerimages/,,,0,0,0,0,0.0,https://scores.bcci.tv/matchcentre/playerimages/,,,0,0,0,0,0.0,0.0,https://scores.bcci.tv/matchcentre/playerimages/,,,,,,,,,,,,,,,,,,,,,,,,,,,,,,,,,,,2,,,,,,,,,,2nd  T20I,,,2.0,,,,Women,,,,-,-,-,-,-,,22:59 GMT,2026-05-30,,,,"{'date': '2026-05-30 17:30:00.000000', 'timezone_type': 2, 'timezone': 'GMT'}",1780142400.0,07:30 PM
247,2110,8,T20 (N),UpComing,2026-06-02,2 Jun 2026,England (Women) vs India (Women),18:30,17:30 GMT,2026-06-02,53,England (Women),52,India (Women),ENGW,INDW,24,The Cooper Associates County Ground,,,,,0,,,,2026-06-02 18:30:00,Taunton,,,,,,,,0,0,0,0,53,England (Women),,,,,52,India (Women),Asia/Kolkata,2 Jun 2026,23:59,20,0,T20,3.0,India Women In England T20 Series 2026,,,,,https://scores.bcci.tv/matchcentre/teamlogos/xwbqvMolZz1729662687ECB.png,https://scores.bcci.tv/matchcentre/teamlogos/india.png,https://scores.bcci.tv/matchcentre/teamlogos/xwbqvMolZz1729662687ECB.png,https://scores.bcci.tv/matchcentre/teamlogos/india.png,0,+9.5,,,0,0,0,0,0.0,https://scores.bcci.tv/matchcentre/playerimages/,,,0,0,0,0,0.0,https://scores.bcci.tv/matchcentre/playerimages/,,,0,0,0,0,0.0,0.0,https://scores.bcci.tv/matchcentre/playerimages/,,,,,,,,,,,,,,,,,,,,,,,,,,,,,,,,,,,2,,,,,,,,,,3rd  T20I,,,3.0,,,,Women,,,,-,-,-,-,-,,22:59 GMT,2026-06-02,,,,"{'date': '2026-06-02 17:30:00.000000', 'timezone_type': 2, 'timezone': 'GMT'}",1780401600.0,07:30 PM
238,2053,2,T20,UpComing,2026-06-14,14 Jun 2026,India (Women) vs Pakistan (Women),14:30,13:30 GMT,2026-06-14,52,India (Women),74,Pakistan (Women),INDW,PAKW,25,Edgbaston,,,,,0,,,,2026-06-14 14:30:00,Birmingham,,,,,,,,0,0,0,0,52,India (Women),,,,,74,Pakistan (Women),Asia/Kolkata,14 Jun 2026,23:59,20,0,T20,6.0,Icc Womens T20 World Cup 2026,,,,,https://scores.bcci.tv/matchcentre/teamlogos/Col0f8VC7m1753711737200x200.png,https://scores.bcci.tv/matchcentre/teamlogos/6BD9RtDjX31729663856Pakistan.png,https://scores.bcci.tv/matchcentre/teamlogos/Col0f8VC7m1753711737200x200.png,https://scores.bcci.tv/matchcentre/teamlogos/6BD9RtDjX31729663856Pakistan.png,0,+9.5,,,0,0,0,0,0.0,https://scores.bcci.tv/matchcentre/playerimages/,,,0,0,0,0,0.0,https://scores.bcci.tv/matchcentre/playerimages/,,,0,0,0,0,0.0,0.0,https://scores.bcci.tv/matchcentre/playerimages/,,,,,,,,,,,,,,,,,,,,,,,,,,,,,,,,,,,2,,,,,,,,,,6th  T20I,,,6.0,,,,Women,,,,-,-,-,-,-,,22:59 GMT,2026-06-14,,,,"{'date': '2026-06-14 13:30:00.000000', 'timezone_type': 2, 'timezone': 'GMT'}",1781424000.0,03:30 PM
238,2059,2,T20,UpComing,2026-06-17,17 Jun 2026,India (Women) vs Netherlands (Women),14:30,13:30 GMT,2026-06-17,52,India (Women),264,Netherlands (Women),INDW,NEDW,27,Headingley,,,,,0,,,,2026-06-17 14:30:00,Leeds,,,,,,,,0,0,0,0,52,India (Women),,,,,264,Netherlands (Women),Asia/Kolkata,17 Jun 2026,23:59,20,0,T20,10.0,Icc Womens T20 World Cup 2026,,,,,https://scores.bcci.tv/matchcentre/teamlogos/Col0f8VC7m1753711737200x200.png,https://scores.bcci.tv/matchcentre/teamlogos/a1PSmH9sQm1772245396iJWCyezx0Z1729663299Netherland.png,https://scores.bcci.tv/matchcentre/teamlogos/Col0f8VC7m1753711737200x200.png,https://scores.bcci.tv/matchcentre/teamlogos/a1PSmH9sQm1772245396iJWCyezx0Z1729663299Netherland.png,0,+9.5,,,0,0,0,0,0.0,https://scores.bcci.tv/matchcentre/playerimages/,,,0,0,0,0,0.0,https://scores.bcci.tv/matchcentre/playerimages/,,,0,0,0,0,0.0,0.0,https://scores.bcci.tv/matchcentre/playerimages/,,,,,,,,,,,,,,,,,,,,,,,,,,,,,,,,,,,2,,,,,,,,,,10th  T20I,,,10.0,,,,Women,,,,-,-,-,-,-,,22:59 GMT,2026-06-17,,,,"{'date': '2026-06-17 13:30:00.000000', 'timezone_type': 2, 'timezone': 'GMT'}",1781683200.0,03:30 PM
238,2066,2,T20,UpComing,2026-06-21,21 Jun 2026,South Africa (Women) vs India (Women),14:30,13:30 GMT,2026-06-21,54,South Africa (Women),52,India (Women),SAW,INDW,29,Old Trafford,,,,,0,,,,2026-06-21 14:30:00,Manchester,,,,,,,,0,0,0,0,54,South Africa (Women),,,,,52,India (Women),Asia/Kolkata,21 Jun 2026,23:59,20,0,T20,18.0,Icc Womens T20 World Cup 2026,,,,,https://scores.bcci.tv/matchcentre/teamlogos/tY4UgfmAqX1729664332South-Africa.png,https://scores.bcci.tv/matchcentre/teamlogos/Col0f8VC7m1753711737200x200.png,https://scores.bcci.tv/matchcentre/teamlogos/tY4UgfmAqX1729664332South-Africa.png,https://scores.bcci.tv/matchcentre/teamlogos/Col0f8VC7m1753711737200x200.png,0,+9.5,,,0,0,0,0,0.0,https://scores.bcci.tv/matchcentre/playerimages/,,,0,0,0,0,0.0,https://scores.bcci.tv/matchcentre/playerimages/,,,0,0,0,0,0.0,0.0,https://scores.bcci.tv/matchcentre/playerimages/,,,,,,,,,,,,,,,,,,,,,,,,,,,,,,,,,,,2,,,,,,,,,,18th  T20I,,,18.0,,,,Women,,,,-,-,-,-,-,,22:59 GMT,2026-06-21,,,,"{'date': '2026-06-21 13:30:00.000000', 'timezone_type': 2, 'timezone': 'GMT'}",1782028800.0,03:30 PM
238,2071,2,T20,UpComing,2026-06-25,25 Jun 2026,India (Women) vs Bangladesh (Women),14:30,13:30 GMT,2026-06-25,52,India (Women),76,Bangladesh (Women),INDW,BANW,29,Old Trafford,,,,,0,,,,2026-06-25 14:30:00,Manchester,,,,,,,,0,0,0,0,52,India (Women),,,,,76,Bangladesh (Women),Asia/Kolkata,25 Jun 2026,23:59,20,0,T20,23.0,Icc Womens T20 World Cup 2026,,,,,https://scores.bcci.tv/matchcentre/teamlogos/Col0f8VC7m1753711737200x200.png,https://scores.bcci.tv/matchcentre/teamlogos/MEIn1tme8D1729662385Bangladesh.png,https://scores.bcci.tv/matchcentre/teamlogos/Col0f8VC7m1753711737200x200.png,https://scores.bcci.tv/matchcentre/teamlogos/MEIn1tme8D1729662385Bangladesh.png,0,+9.5,,,0,0,0,0,0.0,https://scores.bcci.tv/matchcentre/playerimages/,,,0,0,0,0,0.0,https://scores.bcci.tv/matchcentre/playerimages/,,,0,0,0,0,0.0,0.0,https://scores.bcci.tv/matchcentre/playerimages/,,,,,,,,,,,,,,,,,,,,,,,,,,,,,,,,,,,2,,,,,,,,,,23rd  T20I,,,23.0,,,,Women,,,,-,-,-,-,-,,22:59 GMT,2026-06-25,,,,"{'date': '2026-06-25 13:30:00.000000', 'timezone_type': 2, 'timezone': 'GMT'}",1782374400.0,03:30 PM
238,2078,2,T20,UpComing,2026-06-28,28 Jun 2026,Australia (Women) vs India (Women),14:30,13:30 GMT,2026-06-28,55,Australia (Women),52,India (Women),AUSW,INDW,28,Lord's Cricket Ground,,,,,0,,,,2026-06-28 14:30:00,London,,,,,,,,0,0,0,0,55,Australia (Women),,,,,52,India (Women),Asia/Kolkata,28 Jun 2026,23:59,20,0,T20,30.0,Icc Womens T20 World Cup 2026,,,,,https://scores.bcci.tv/matchcentre/teamlogos/CqCDnjhh7Y1729662126Australia.png,https://scores.bcci.tv/matchcentre/teamlogos/Col0f8VC7m1753711737200x200.png,https://scores.bcci.tv/matchcentre/teamlogos/CqCDnjhh7Y1729662126Australia.png,https://scores.bcci.tv/matchcentre/teamlogos/Col0f8VC7m1753711737200x200.png,0,+9.5,,,0,0,0,0,0.0,https://scores.bcci.tv/matchcentre/playerimages/,,,0,0,0,0,0.0,https://scores.bcci.tv/matchcentre/playerimages/,,,0,0,0,0,0.0,0.0,https://scores.bcci.tv/matchcentre/playerimages/,,,,,,,,,,,,,,,,,,,,,,,,,,,,,,,,,,,2,,,,,,,,,,30th  T20I,,,30.0,,,,Women,,,,-,-,-,-,-,,22:59 GMT,2026-06-28,,,,"{'date': '2026-06-28 13:30:00.000000', 'timezone_type': 2, 'timezone': 'GMT'}",1782633600.0,03:30 PM
248,2111,6,Multi Day,UpComing,2026-07-10,10 Jul 2026,England (Women) vs India (Women),11:00,10:00 GMT,2026-07-10,53,England (Women),52,India (Women),ENGW,INDW,28,Lord's Cricket Ground,,,,,0,,,,2026-07-10 11:00:00,London,,,,,,,,0,0,0,0,53,England (Women),,,,,52,India (Women),Asia/Kolkata,13 Jul 2026,18:20,200,0,Test,1.0,India Women In England Only Test 2026,,,,,https://scores.bcci.tv/matchcentre/teamlogos/xwbqvMolZz1729662687ECB.png,https://scores.bcci.tv/matchcentre/teamlogos/Col0f8VC7m1753711737200x200.png,https://scores.bcci.tv/matchcentre/teamlogos/xwbqvMolZz1729662687ECB.png,https://scores.bcci.tv/matchcentre/teamlogos/Col0f8VC7m1753711737200x200.png,0,+9.5,,,0,0,0,0,0.0,https://scores.bcci.tv/matchcentre/playerimages/,,,0,0,0,0,0.0,https://scores.bcci.tv/matchcentre/playerimages/,,,0,0,0,0,0.0,0.0,https://scores.bcci.tv/matchcentre/playerimages/,,,,,,,,,,,,,,,,,,,,,,,,,,,,,,,,,,,2,,,,,,,,,,Only Test,,,1.0,0,0,0,Women,,,,-,-,-,-,-,,17:20 GMT,2026-07-13,,,,"{'date': '2026-07-10 10:00:00.000000', 'timezone_type': 2, 'timezone': 'GMT'}",1783657800.0,12:00 PM
