innings_number,batting_team_id,batting_team_name,batting_team_abbreviation,innings_closure_id,over_number,over_bowler_name,runs_off_over,extras_off_over,wickets_off_over,team_score,run_rate,overs_unique,display_overs,runs,scoring,ball_summary_text,ball_pre_text,commentary,gid,match_id,match_name,comp_id,comp_name,comp_season,ground_name,class_name,start_date,batting_player_id,batting_player_name,batting_player_hand,bowling_player_id,bowling_player_name,bowling_player_hand,bowling_team_id,bowling_team_name,bowling_technique,bowling_type_id,bowling_type_simple,datetime_utc,bounce_position_x,bounce_position_y,length_zone,stumps_position_y,stumps_position_z,grid_x,grid_y,ball_id,field_direction,field_distance_percent,field_magnitude,field_zone,runs_off_bat,runs_conceded,has_pitchmap,has_beehive,has_wagon,in_catch_map,bowler_arm,delivery_type,delivery_variation,length,line,footwork,shot_type,shot_trajectory,shot_control,field_position,fielder_name,dismissal_type,dismissed_batter,dismissal_score,parse_method,runs_scored,extras_type,is_wicket,is_wide,is_no_ball,is_bye,is_leg_bye,is_penalty,is_boundary_four,is_boundary_six,is_dot,dismissal_source
1,2718,Indonesia Women,IDN,1,1,S Kotte,5,1,2,5/2,4.00,0.01,0.1,0,W,"Kotte to Corazon, out!",Maria Corazon and Rahmawati Pangestuti head out to the middle. Suraksha Kotte takes the ball for their 1st spell,"This off break is back of a length outside off, and Maria Corazon attempts a pull but gets a top edge. She is caught by wicketkeeper Theertha Satish for a golden duck. Maria Corazon departs for 0 off 1.",28804529-8ce3-40f7-840a-89785d897dcd,243708,"UAE W v Indonesia Women at Dubai, DP World Women's T20 Asia Cup, 4 Sep 2026",9395,DP World Women's T20 Asia Cup,2026,"Dubai International Stadium, Dubai",Women's T20I,2026-09-04,,,,,,,,,,,,,,,,,,,,,,,,,,,False,False,False,True,,,,back of a length,outside off,,pull,,,,wicketkeeper Theertha Satish for a golden duck,caught,,,keyword,0,,True,False,False,False,False,False,False,False,False,commentary
1,2718,Indonesia Women,IDN,1,1,S Kotte,5,1,2,5/2,4.00,0.02,0.1,1,1ʷᵈ,"Kotte to Dewi, 1 run (wide)",Ni Luh Dewi heads to the crease. ,"Suraksha Kotte sends down an arm ball wide outside off from back of a length, too far for Ni Luh Dewi’s attempted drive, and Theertha Satish collects it behind the stumps. Wide called.",28804529-8ce3-40f7-840a-89785d897dcd,243708,"UAE W v Indonesia Women at Dubai, DP World Women's T20 Asia Cup, 4 Sep 2026",9395,DP World Women's T20 Asia Cup,2026,"Dubai International Stadium, Dubai",Women's T20I,2026-09-04,,,,,,,,,,,,,,,,,,,,,,,,,,,False,False,False,False,,,,back of a length,wide outside off,,drive,,,,,,,,keyword,1,wide,False,True,False,False,False,False,False,False,False,
1,2718,Indonesia Women,IDN,1,1,S Kotte,5,1,2,5/2,4.00,0.03,0.2,0,W,"Kotte to Dewi, out!",,"Suraksha Kotte sends down an off break outside off, back of a length, and Ni Luh Dewi miscues the pull into the air. She attempted the pull but made an uncontrolled connection, and was caught by Heena Hotchandani at square leg. Ni Luh Dewi departs for 0 off 1, and United Arab Emirates Women’s WinViz rises sharply from 65% to 77%.",28804529-8ce3-40f7-840a-89785d897dcd,243708,"UAE W v Indonesia Women at Dubai, DP World Women's T20 Asia Cup, 4 Sep 2026",9395,DP World Women's T20 Asia Cup,2026,"Dubai International Stadium, Dubai",Women's T20I,2026-09-04,,,,,,,,,,,,,,,,,,,,,,,,,,,False,False,False,True,,,,back of a length,outside off,,pull,,uncontrolled,square leg,Heena Hotchandani at square leg,caught,,,keyword,0,,True,False,False,False,False,False,False,False,False,commentary
1,2718,Indonesia Women,IDN,1,1,S Kotte,5,1,2,5/2,4.00,0.04,0.3,0,0,Suraksha Kotte to Ni Sakarini,,"Over the wicket. Length ball, outside off, front foot, worked along the ground to Heena Hotchandani at square leg. No run.",28804529-8ce3-40f7-840a-89785d897dcd,243708,"UAE W v Indonesia Women at Dubai, DP World Women's T20 Asia Cup, 4 Sep 2026",9395,DP World Women's T20 Asia Cup,2026,"Dubai International Stadium, Dubai",Women's T20I,2026-09-04,,,,,,,,,,,,,,,,,,,,,,,,,,,False,False,False,False,over the wicket,,,length ball,outside off,front foot,work,along the ground,,square leg,Heena Hotchandani,,,,template_arm,0,,False,False,False,False,False,False,False,False,True,
1,2718,Indonesia Women,IDN,1,1,S Kotte,5,1,2,5/2,4.00,0.05,0.4,0,0,"Kotte to Sakarini, no run",,"The off break lands on a length outside off, and Ni Sakarini drives firmly but straight to the fielders for no run.",28804529-8ce3-40f7-840a-89785d897dcd,243708,"UAE W v Indonesia Women at Dubai, DP World Women's T20 Asia Cup, 4 Sep 2026",9395,DP World Women's T20 Asia Cup,2026,"Dubai International Stadium, Dubai",Women's T20I,2026-09-04,,,,,,,,,,,,,,,,,,,,,,,,,,,False,False,False,False,,,,,outside off,,drive,,,,,,,,keyword,0,,False,False,False,False,False,False,False,False,True,
1,2718,Indonesia Women,IDN,1,1,S Kotte,5,1,2,5/2,4.00,0.06,0.5,0,0,"Kotte to Sakarini, no run",,"Suraksha Kotte tosses up an off break outside off on a length, and Ni Sakarini cuts but mistimes it straight to the field for no run.",28804529-8ce3-40f7-840a-89785d897dcd,243708,"UAE W v Indonesia Women at Dubai, DP World Women's T20 Asia Cup, 4 Sep 2026",9395,DP World Women's T20 Asia Cup,2026,"Dubai International Stadium, Dubai",Women's T20I,2026-09-04,,,,,,,,,,,,,,,,,,,,,,,,,,,False,False,False,False,,,,,outside off,,cut,,,,,,,,keyword,0,,False,False,False,False,False,False,False,False,True,
1,2718,Indonesia Women,IDN,1,1,S Kotte,5,1,2,5/2,4.00,0.07,0.6,4,4,Suraksha Kotte to Ni Sakarini,,"Over the wicket. Length ball, outside off, front foot, forward defensive. 4 runs.",28804529-8ce3-40f7-840a-89785d897dcd,243708,"UAE W v Indonesia Women at Dubai, DP World Women's T20 Asia Cup, 4 Sep 2026",9395,DP World Women's T20 Asia Cup,2026,"Dubai International Stadium, Dubai",Women's T20I,2026-09-04,69944.0,NPAN Sakarini,right,70013.0,S Kotte,right,2606.0,United Arab Emirates Women,off break,3.0,spin,2026-09-04 14:35:53,,,,,,,,107255712.0,101.0,100.0,160.0,8.0,4.0,4.0,False,False,True,False,over the wicket,,,length ball,outside off,front foot,forward defensive,,,,,,,,template_arm,4,,False,False,False,False,False,False,True,False,False,
1,2718,Indonesia Women,IDN,1,2,ER Oza,5,0,0,10/2,5.00,1.01,1.1,0,0,"Oza to Pangestuti, no run",Esha Oza takes the ball for their 1st spell,"Esha Oza sends down an off break on off stump, a length ball that Rahmawati Pangestuti sweeps into her body. It drops safely, but there is no run.",28804529-8ce3-40f7-840a-89785d897dcd,243708,"UAE W v Indonesia Women at Dubai, DP World Women's T20 Asia Cup, 4 Sep 2026",9395,DP World Women's T20 Asia Cup,2026,"Dubai International Stadium, Dubai",Women's T20I,2026-09-04,,,,,,,,,,,,,,,,,,,,,,,,,,,False,False,False,False,,,,length ball,off stump,,sweep,,,,,,,,keyword,0,,False,False,False,False,False,False,False,False,True,
1,2718,Indonesia Women,IDN,1,2,ER Oza,5,0,0,10/2,5.00,1.02,1.2,0,0,"Oza to Pangestuti, no run",,"Esha Oza tosses up an off break outside off on a full length, and Rahmawati Pangestuti swings hard with a mis-timed slog-sweep. The uncontrolled chance falls safely, leaving a dot ball.",28804529-8ce3-40f7-840a-89785d897dcd,243708,"UAE W v Indonesia Women at Dubai, DP World Women's T20 Asia Cup, 4 Sep 2026",9395,DP World Women's T20 Asia Cup,2026,"Dubai International Stadium, Dubai",Women's T20I,2026-09-04,,,,,,,,,,,,,,,,,,,,,,,,,,,False,False,False,False,,,,full,outside off,,slog sweep,,uncontrolled,,,,,,keyword,0,,False,False,False,False,False,False,False,False,True,
1,2718,Indonesia Women,IDN,1,2,ER Oza,5,0,0,10/2,5.00,1.03,1.3,1,1,"Oza to Pangestuti, 1 run",,"Esha Oza fires in an off break yorker on middle stump, and Rahmawati Pangestuti works it away neatly for a single. Rahmawati Pangestuti is off the mark.",28804529-8ce3-40f7-840a-89785d897dcd,243708,"UAE W v Indonesia Women at Dubai, DP World Women's T20 Asia Cup, 4 Sep 2026",9395,DP World Women's T20 Asia Cup,2026,"Dubai International Stadium, Dubai",Women's T20I,2026-09-04,73120.0,RD Pangestuti,left,68199.0,ER Oza,right,2606.0,United Arab Emirates Women,off break,3.0,spin,2026-09-04 14:38:19,,,,,,,,107255746.0,178.0,75.0,129.0,7.0,1.0,1.0,False,False,True,False,,,,yorker,middle stump,,work,,,,,,,,keyword,1,,False,False,False,False,False,False,False,False,False,
1,2718,Indonesia Women,IDN,1,2,ER Oza,5,0,0,10/2,5.00,1.04,1.4,0,0,"Oza to Sakarini, no run",,"Esha Oza sends down an off break on a length outside off, and Ni Sakarini pushes it safely into the field for no run.",28804529-8ce3-40f7-840a-89785d897dcd,243708,"UAE W v Indonesia Women at Dubai, DP World Women's T20 Asia Cup, 4 Sep 2026",9395,DP World Women's T20 Asia Cup,2026,"Dubai International Stadium, Dubai",Women's T20I,2026-09-04,,,,,,,,,,,,,,,,,,,,,,,,,,,False,False,False,False,,,,,outside off,,push,,,,,,,,keyword,0,,False,False,False,False,False,False,False,False,True,
1,2718,Indonesia Women,IDN,1,2,ER Oza,5,0,0,10/2,5.00,1.05,1.5,4,4,"Oza to Sakarini, 4 runs",,"Esha Oza fires in an off break outside off, back of a length. Ni Sakarini pulls it superbly through deep square leg for four, well timed and controlled.",28804529-8ce3-40f7-840a-89785d897dcd,243708,"UAE W v Indonesia Women at Dubai, DP World Women's T20 Asia Cup, 4 Sep 2026",9395,DP World Women's T20 Asia Cup,2026,"Dubai International Stadium, Dubai",Women's T20I,2026-09-04,69944.0,NPAN Sakarini,right,68199.0,ER Oza,right,2606.0,United Arab Emirates Women,off break,3.0,spin,2026-09-04 14:39:16,,,,,,,,107255758.0,351.0,100.0,172.0,3.0,4.0,4.0,False,False,True,False,,,,back of a length,outside off,,pull,,controlled,deep square leg,,,,,keyword,4,,False,False,False,False,False,False,True,False,False,
1,2718,Indonesia Women,IDN,1,2,ER Oza,5,0,0,10/2,5.00,1.06,1.6,0,0,"Oza to Sakarini, no run",,"Esha Oza sends down an off break outside off on a length, and Ni Sakarini drives with a thick edge that finds no gap. A dot ball.",28804529-8ce3-40f7-840a-89785d897dcd,243708,"UAE W v Indonesia Women at Dubai, DP World Women's T20 Asia Cup, 4 Sep 2026",9395,DP World Women's T20 Asia Cup,2026,"Dubai International Stadium, Dubai",Women's T20I,2026-09-04,,,,,,,,,,,,,,,,,,,,,,,,,,,False,False,False,False,,,,,outside off,,drive,,,,,,,,keyword,0,,False,False,False,False,False,False,False,False,True,
1,2718,Indonesia Women,IDN,1,3,S Kotte,6,1,0,16/2,5.00,2.01,2.1,0,0,"Kotte to Pangestuti, no run",Suraksha Kotte continues their spell,"Suraksha Kotte sends down an off break outside off on a length, and Rahmawati Pangestuti cuts along the ground but finds no run.",28804529-8ce3-40f7-840a-89785d897dcd,243708,"UAE W v Indonesia Women at Dubai, DP World Women's T20 Asia Cup, 4 Sep 2026",9395,DP World Women's T20 Asia Cup,2026,"Dubai International Stadium, Dubai",Women's T20I,2026-09-04,,,,,,,,,,,,,,,,,,,,,,,,,,,False,False,False,False,,,,,outside off,,cut,along the ground,,,,,,,keyword,0,,False,False,False,False,False,False,False,False,True,
1,2718,Indonesia Women,IDN,1,3,S Kotte,6,1,0,16/2,5.00,2.02,2.1,1,1ʷᵈ,"Kotte to Pangestuti, 1 run (wide)",,"Suraksha Kotte sends down a full off break wide outside off, and Rahmawati Pangestuti leaves it alone through to the wicketkeeper, Theertha Satish. Wide called, one extra.",28804529-8ce3-40f7-840a-89785d897dcd,243708,"UAE W v Indonesia Women at Dubai, DP World Women's T20 Asia Cup, 4 Sep 2026",9395,DP World Women's T20 Asia Cup,2026,"Dubai International Stadium, Dubai",Women's T20I,2026-09-04,,,,,,,,,,,,,,,,,,,,,,,,,,,False,False,False,False,,,,full,wide outside off,,leave,,,wicketkeeper,,,,,keyword,1,wide,False,True,False,False,False,False,False,False,False,
1,2718,Indonesia Women,IDN,1,3,S Kotte,6,1,0,16/2,5.00,2.03,2.2,1,1,"Kotte to Pangestuti, 1 run",,"Suraksha Kotte’s length ball outside off is swept hard by Rahmawati Pangestuti, rolling out to deep mid-wicket for a single.",28804529-8ce3-40f7-840a-89785d897dcd,243708,"UAE W v Indonesia Women at Dubai, DP World Women's T20 Asia Cup, 4 Sep 2026",9395,DP World Women's T20 Asia Cup,2026,"Dubai International Stadium, Dubai",Women's T20I,2026-09-04,73120.0,RD Pangestuti,left,70013.0,S Kotte,right,2606.0,United Arab Emirates Women,off break,3.0,spin,2026-09-04 14:41:39,,,,,,,,107255797.0,202.0,85.0,141.0,6.0,1.0,1.0,False,False,True,False,,,,length ball,outside off,,sweep,,,,,,,,keyword,1,,False,False,False,False,False,False,False,False,False,
1,2718,Indonesia Women,IDN,1,3,S Kotte,6,1,0,16/2,5.00,2.04,2.3,0,0,"Kotte to Sakarini, no run",,"A yorker-length off break outside off is driven, but Ni Sakarini mistimes it straight to Esha Oza at silly mid-on. No run.",28804529-8ce3-40f7-840a-89785d897dcd,243708,"UAE W v Indonesia Women at Dubai, DP World Women's T20 Asia Cup, 4 Sep 2026",9395,DP World Women's T20 Asia Cup,2026,"Dubai International Stadium, Dubai",Women's T20I,2026-09-04,,,,,,,,,,,,,,,,,,,,,,,,,,,False,False,False,False,,,,yorker,outside off,,drive,,,,,,,,keyword,0,,False,False,False,False,False,False,False,False,True,
1,2718,Indonesia Women,IDN,1,3,S Kotte,6,1,0,16/2,5.00,2.05,2.4,0,0,"Kotte to Sakarini, no run",,"Suraksha Kotte sends down an off break outside off on a length, and Ni Sakarini attempts a drive but misses. Theertha Satish collects cleanly behind the stumps for a dot ball.",28804529-8ce3-40f7-840a-89785d897dcd,243708,"UAE W v Indonesia Women at Dubai, DP World Women's T20 Asia Cup, 4 Sep 2026",9395,DP World Women's T20 Asia Cup,2026,"Dubai International Stadium, Dubai",Women's T20I,2026-09-04,,,,,,,,,,,,,,,,,,,,,,,,,,,False,False,False,False,,,,,outside off,,drive,,,,,,,,keyword,0,,False,False,False,False,False,False,False,False,True,
1,2718,Indonesia Women,IDN,1,3,S Kotte,6,1,0,16/2,5.00,2.06,2.5,4,4,"Kotte to Sakarini, 4 runs",,"Suraksha Kotte sends down an off break wide outside off, back of a length. Ni Sakarini cuts it crisply through backward point for four, perfectly timed along the ground.",28804529-8ce3-40f7-840a-89785d897dcd,243708,"UAE W v Indonesia Women at Dubai, DP World Women's T20 Asia Cup, 4 Sep 2026",9395,DP World Women's T20 Asia Cup,2026,"Dubai International Stadium, Dubai",Women's T20I,2026-09-04,69944.0,NPAN Sakarini,right,70013.0,S Kotte,right,2606.0,United Arab Emirates Women,off break,3.0,spin,2026-09-04 14:42:51,,,,,,,,107255809.0,178.0,100.0,170.0,7.0,4.0,4.0,False,False,True,False,,,,back of a length,wide outside off,,cut,along the ground,,backward point,,,,,keyword,4,,False,False,False,False,False,False,True,False,False,
1,2718,Indonesia Women,IDN,1,3,S Kotte,6,1,0,16/2,5.00,2.07,2.6,0,0,"Kotte to Sakarini, no run",,"Suraksha Kotte bowls an off break on a length outside off, and Ni Sakarini pushes it safely into the field for no run.",28804529-8ce3-40f7-840a-89785d897dcd,243708,"UAE W v Indonesia Women at Dubai, DP World Women's T20 Asia Cup, 4 Sep 2026",9395,DP World Women's T20 Asia Cup,2026,"Dubai International Stadium, Dubai",Women's T20I,2026-09-04,,,,,,,,,,,,,,,,,,,,,,,,,,,False,False,False,False,,,,,outside off,,push,,,,,,,,keyword,0,,False,False,False,False,False,False,False,False,True,
1,2718,Indonesia Women,IDN,1,4,ER Oza,1,0,1,17/3,1.00,3.01,3.1,0,0,"Oza to Pangestuti, no run",Esha Oza continues their spell,"Esha Oza tosses up an off break full outside off, and Rahmawati Pangestuti miscues the drive along the ground to mid wicket, where Lavanya Keny fields cleanly. A dot ball.",28804529-8ce3-40f7-840a-89785d897dcd,243708,"UAE W v Indonesia Women at Dubai, DP World Women's T20 Asia Cup, 4 Sep 2026",9395,DP World Women's T20 Asia Cup,2026,"Dubai International Stadium, Dubai",Women's T20I,2026-09-04,,,,,,,,,,,,,,,,,,,,,,,,,,,False,False,False,False,,,,full,outside off,,drive,along the ground,,mid wicket,,,,,keyword,0,,False,False,False,False,False,False,False,False,True,
1,2718,Indonesia Women,IDN,1,4,ER Oza,1,0,1,17/3,1.00,3.02,3.2,0,W,"Oza to Pangestuti, out!",,"Esha Oza sends down a length off break outside off, and Rahmawati Pangestuti gets an outside edge while attempting a slog-sweep. The ball is caught by wicketkeeper Theertha Satish, and Pangestuti is out. Rahmawati Pangestuti departs for 2 from 7 balls, with the UAE Women’s WinViz rising from 71% to 82%.",28804529-8ce3-40f7-840a-89785d897dcd,243708,"UAE W v Indonesia Women at Dubai, DP World Women's T20 Asia Cup, 4 Sep 2026",9395,DP World Women's T20 Asia Cup,2026,"Dubai International Stadium, Dubai",Women's T20I,2026-09-04,,,,,,,,,,,,,,,,,,,,,,,,,,,False,False,False,True,,,,,outside off,,slog sweep,,,,wicketkeeper Theertha Satish,caught,,,keyword,0,,True,False,False,False,False,False,False,False,False,commentary
1,2718,Indonesia Women,IDN,1,4,ER Oza,1,0,1,17/3,1.00,3.03,3.3,0,0,"Oza to Rani, no run",Ni Rada Rani heads to the crease. ,"Esha Oza sends down a full off break outside off, and Ni Rada Rani’s mis-timed drive rolls straight to mid-off. No run.",28804529-8ce3-40f7-840a-89785d897dcd,243708,"UAE W v Indonesia Women at Dubai, DP World Women's T20 Asia Cup, 4 Sep 2026",9395,DP World Women's T20 Asia Cup,2026,"Dubai International Stadium, Dubai",Women's T20I,2026-09-04,,,,,,,,,,,,,,,,,,,,,,,,,,,False,False,False,False,,,,full,outside off,,drive,,,,,,,,keyword,0,,False,False,False,False,False,False,False,False,True,
1,2718,Indonesia Women,IDN,1,4,ER Oza,1,0,1,17/3,1.00,3.04,3.4,0,0,"Oza to Rani, no run",,"Esha Oza sends down an off break outside off on a length, and Ni Rada Rani pushes it safely into the field for no run.",28804529-8ce3-40f7-840a-89785d897dcd,243708,"UAE W v Indonesia Women at Dubai, DP World Women's T20 Asia Cup, 4 Sep 2026",9395,DP World Women's T20 Asia Cup,2026,"Dubai International Stadium, Dubai",Women's T20I,2026-09-04,,,,,,,,,,,,,,,,,,,,,,,,,,,False,False,False,False,,,,,outside off,,push,,,,,,,,keyword,0,,False,False,False,False,False,False,False,False,True,
1,2718,Indonesia Women,IDN,1,4,ER Oza,1,0,1,17/3,1.00,3.05,3.5,1,1,"Oza to Rani, 1 run",,"Esha Oza bowls an off break outside off on a length, and Ni Rada Rani works it with an inside edge for a single. Ni Rada Rani is off the mark.",28804529-8ce3-40f7-840a-89785d897dcd,243708,"UAE W v Indonesia Women at Dubai, DP World Women's T20 Asia Cup, 4 Sep 2026",9395,DP World Women's T20 Asia Cup,2026,"Dubai International Stadium, Dubai",Women's T20I,2026-09-04,69995.0,NKF Rada Rani,right,68199.0,ER Oza,right,2606.0,United Arab Emirates Women,off break,3.0,spin,2026-09-04 14:47:14,,,,,,,,107255860.0,27.0,75.0,126.0,2.0,1.0,1.0,False,False,True,False,,,,,outside off,,work,,,,,,,,keyword,1,,False,False,False,False,False,False,False,False,False,
1,2718,Indonesia Women,IDN,1,4,ER Oza,1,0,1,17/3,1.00,3.06,3.6,0,0,"Oza to Sakarini, no run",,"Esha Oza sends down an off break outside off on a length, and Ni Sakarini drives firmly to extra cover, where Vaishnave Mahesh fields cleanly for a dot ball.",28804529-8ce3-40f7-840a-89785d897dcd,243708,"UAE W v Indonesia Women at Dubai, DP World Women's T20 Asia Cup, 4 Sep 2026",9395,DP World Women's T20 Asia Cup,2026,"Dubai International Stadium, Dubai",Women's T20I,2026-09-04,,,,,,,,,,,,,,,,,,,,,,,,,,,False,False,False,False,,,,,outside off,,drive,,,extra cover,,,,,keyword,0,,False,False,False,False,False,False,False,False,True,
1,2718,Indonesia Women,IDN,1,5,HH Hotchandani,2,0,0,19/3,2.00,4.01,4.1,1,1,"Hotchandani to Rani, 1 run",Heena Hotchandani takes the ball for their 1st spell,"Heena Hotchandani sends down a stock length ball outside off, and Ni Rada Rani miscues a slog for a single. Lavanya Keny fires in a throw from mid-on, but the batter makes it safely.",28804529-8ce3-40f7-840a-89785d897dcd,243708,"UAE W v Indonesia Women at Dubai, DP World Women's T20 Asia Cup, 4 Sep 2026",9395,DP World Women's T20 Asia Cup,2026,"Dubai International Stadium, Dubai",Women's T20I,2026-09-04,69995.0,NKF Rada Rani,right,68213.0,HH Hotchandani,left,2606.0,United Arab Emirates Women,left orthodox,5.0,spin,2026-09-04 14:48:57,,,,,,,,107255879.0,287.0,35.0,64.0,4.0,1.0,1.0,False,False,True,False,,,,length ball,outside off,,slog,,,,,,,,keyword,1,,False,False,False,False,False,False,False,False,False,
1,2718,Indonesia Women,IDN,1,5,HH Hotchandani,2,0,0,19/3,2.00,4.02,4.2,0,0,"Hotchandani to Sakarini, no run",,"Heena Hotchandani sends down a stock length ball outside off, and Ni Sakarini drives it firmly towards mid-off, where the bowler saves the run. A dot ball.",28804529-8ce3-40f7-840a-89785d897dcd,243708,"UAE W v Indonesia Women at Dubai, DP World Women's T20 Asia Cup, 4 Sep 2026",9395,DP World Women's T20 Asia Cup,2026,"Dubai International Stadium, Dubai",Women's T20I,2026-09-04,,,,,,,,,,,,,,,,,,,,,,,,,,,False,False,False,False,,,,length ball,outside off,,drive,,,,,,,,keyword,0,,False,False,False,False,False,False,False,False,True,
1,2718,Indonesia Women,IDN,1,5,HH Hotchandani,2,0,0,19/3,2.00,4.03,4.3,1,1,"Hotchandani to Sakarini, 1 run",,"Heena Hotchandani fires in a full stock ball outside off, and Ni Sakarini slog-sweeps it along the ground for a single, picked up by Lavanya Keny at mid-on.",28804529-8ce3-40f7-840a-89785d897dcd,243708,"UAE W v Indonesia Women at Dubai, DP World Women's T20 Asia Cup, 4 Sep 2026",9395,DP World Women's T20 Asia Cup,2026,"Dubai International Stadium, Dubai",Women's T20I,2026-09-04,69944.0,NPAN Sakarini,right,68213.0,HH Hotchandani,left,2606.0,United Arab Emirates Women,left orthodox,5.0,spin,2026-09-04 14:49:56,,,,,,,,107255890.0,312.0,65.0,113.0,4.0,1.0,1.0,False,False,True,False,,,,full,outside off,,slog sweep,along the ground,,,,,,,keyword,1,,False,False,False,False,False,False,False,False,False,
1,2718,Indonesia Women,IDN,1,5,HH Hotchandani,2,0,0,19/3,2.00,4.04,4.4,0,0,"Hotchandani to Rani, no run",,"Heena Hotchandani sends down a stock ball outside off on a good length. Ni Rada Rani attempts a drive but misses, and Theertha Satish gathers cleanly behind the stumps for a dot ball.",28804529-8ce3-40f7-840a-89785d897dcd,243708,"UAE W v Indonesia Women at Dubai, DP World Women's T20 Asia Cup, 4 Sep 2026",9395,DP World Women's T20 Asia Cup,2026,"Dubai International Stadium, Dubai",Women's T20I,2026-09-04,,,,,,,,,,,,,,,,,,,,,,,,,,,False,False,False,False,,,,,outside off,,drive,,,,,,,,keyword,0,,False,False,False,False,False,False,False,False,True,
1,2718,Indonesia Women,IDN,1,5,HH Hotchandani,2,0,0,19/3,2.00,4.05,4.5,0,0,"Hotchandani to Rani, no run",,"Heena Hotchandani sends down a full stock ball on middle stump, and Ni Rada Rani’s drive is mistimed straight to the field for a dot ball.",28804529-8ce3-40f7-840a-89785d897dcd,243708,"UAE W v Indonesia Women at Dubai, DP World Women's T20 Asia Cup, 4 Sep 2026",9395,DP World Women's T20 Asia Cup,2026,"Dubai International Stadium, Dubai",Women's T20I,2026-09-04,,,,,,,,,,,,,,,,,,,,,,,,,,,False,False,False,False,,,,full,middle stump,,drive,,mistimed,,,,,,keyword,0,,False,False,False,False,False,False,False,False,True,
1,2718,Indonesia Women,IDN,1,5,HH Hotchandani,2,0,0,19/3,2.00,4.06,4.6,0,0,"Hotchandani to Rani, no run",,"A stock ball on a length outside off, Ni Rada Rani cuts but cannot score, and it is a dot ball.",28804529-8ce3-40f7-840a-89785d897dcd,243708,"UAE W v Indonesia Women at Dubai, DP World Women's T20 Asia Cup, 4 Sep 2026",9395,DP World Women's T20 Asia Cup,2026,"Dubai International Stadium, Dubai",Women's T20I,2026-09-04,,,,,,,,,,,,,,,,,,,,,,,,,,,False,False,False,False,,,,,outside off,,cut,,,,,,,,keyword,0,,False,False,False,False,False,False,False,False,True,
1,2718,Indonesia Women,IDN,1,6,ER Oza,3,0,0,22/3,3.00,5.01,5.1,1,1,"Oza to Sakarini, 1 run",Esha Oza continues their spell,Esha Oza sends down an off break outside off on a back-of-a-length line. Ni Sakarini controls the pull into the deep square-leg region and comes back for a single.,28804529-8ce3-40f7-840a-89785d897dcd,243708,"UAE W v Indonesia Women at Dubai, DP World Women's T20 Asia Cup, 4 Sep 2026",9395,DP World Women's T20 Asia Cup,2026,"Dubai International Stadium, Dubai",Women's T20I,2026-09-04,69944.0,NPAN Sakarini,right,68199.0,ER Oza,right,2606.0,United Arab Emirates Women,off break,3.0,spin,2026-09-04 14:51:44,,,,,,,,107255907.0,342.0,80.0,136.0,3.0,1.0,1.0,False,False,True,False,,,,,outside off,,pull,,,,,,,,keyword,1,,False,False,False,False,False,False,False,False,False,
1,2718,Indonesia Women,IDN,1,6,ER Oza,3,0,0,22/3,3.00,5.02,5.2,0,0,"Oza to Rani, no run",,"Esha Oza fires in an off break yorker outside off, and Ni Rada Rani drives firmly but straight to the field, a dot ball.",28804529-8ce3-40f7-840a-89785d897dcd,243708,"UAE W v Indonesia Women at Dubai, DP World Women's T20 Asia Cup, 4 Sep 2026",9395,DP World Women's T20 Asia Cup,2026,"Dubai International Stadium, Dubai",Women's T20I,2026-09-04,,,,,,,,,,,,,,,,,,,,,,,,,,,False,False,False,False,,,,yorker,outside off,,drive,,,,,,,,keyword,0,,False,False,False,False,False,False,False,False,True,
1,2718,Indonesia Women,IDN,1,6,ER Oza,3,0,0,22/3,3.00,5.03,5.3,0,0,"Oza to Rani, no run",,"Esha Oza floats an off break full on middle, and Ni Rada Rani drives firmly but straight to short extra cover. No run.",28804529-8ce3-40f7-840a-89785d897dcd,243708,"UAE W v Indonesia Women at Dubai, DP World Women's T20 Asia Cup, 4 Sep 2026",9395,DP World Women's T20 Asia Cup,2026,"Dubai International Stadium, Dubai",Women's T20I,2026-09-04,,,,,,,,,,,,,,,,,,,,,,,,,,,False,False,False,False,,,,short,,,drive,,,short extra cover,,,,,keyword,0,,False,False,False,False,False,False,False,False,True,
1,2718,Indonesia Women,IDN,1,6,ER Oza,3,0,0,22/3,3.00,5.04,5.4,1,1,"Oza to Rani, 1 run",,"Esha Oza tosses up an off break outside off on a length, and Ni Rada Rani works it away neatly for a single.",28804529-8ce3-40f7-840a-89785d897dcd,243708,"UAE W v Indonesia Women at Dubai, DP World Women's T20 Asia Cup, 4 Sep 2026",9395,DP World Women's T20 Asia Cup,2026,"Dubai International Stadium, Dubai",Women's T20I,2026-09-04,69995.0,NKF Rada Rani,right,68199.0,ER Oza,right,2606.0,United Arab Emirates Women,off break,3.0,spin,2026-09-04 14:52:44,,,,,,,,107255917.0,357.0,70.0,123.0,3.0,1.0,1.0,False,False,True,False,,,,,outside off,,work,,,,,,,,keyword,1,,False,False,False,False,False,False,False,False,False,
1,2718,Indonesia Women,IDN,1,6,ER Oza,3,0,0,22/3,3.00,5.05,5.5,0,0,"Oza to Sakarini, no run",,"Esha Oza sends down an off break outside off on a length, and Ni Sakarini drives along the ground but finds no run.",28804529-8ce3-40f7-840a-89785d897dcd,243708,"UAE W v Indonesia Women at Dubai, DP World Women's T20 Asia Cup, 4 Sep 2026",9395,DP World Women's T20 Asia Cup,2026,"Dubai International Stadium, Dubai",Women's T20I,2026-09-04,,,,,,,,,,,,,,,,,,,,,,,,,,,False,False,False,False,,,,,outside off,,drive,along the ground,,,,,,,keyword,0,,False,False,False,False,False,False,False,False,True,
1,2718,Indonesia Women,IDN,1,6,ER Oza,3,0,0,22/3,3.00,5.06,5.6,1,1,Esha Oza to Ni Sakarini,,"Over the wicket. Full toss, outside off, back foot, pull along the ground to Rinitha Rajith at deep mid wicket. 1 run.",28804529-8ce3-40f7-840a-89785d897dcd,243708,"UAE W v Indonesia Women at Dubai, DP World Women's T20 Asia Cup, 4 Sep 2026",9395,DP World Women's T20 Asia Cup,2026,"Dubai International Stadium, Dubai",Women's T20I,2026-09-04,69944.0,NPAN Sakarini,right,68199.0,ER Oza,right,2606.0,United Arab Emirates Women,off break,3.0,spin,2026-09-04 14:53:32,,,,,,,,107255926.0,342.0,90.0,149.0,3.0,1.0,1.0,False,False,True,False,over the wicket,,,full toss,outside off,back foot,pull,along the ground,,deep mid wicket,Rinitha Rajith,,,,template_arm,1,,False,False,False,False,False,False,False,False,False,
1,2718,Indonesia Women,IDN,1,7,HH Hotchandani,1,0,1,23/4,1.00,6.01,6.1,0,0,"Hotchandani to Sakarini, no run",Heena Hotchandani continues their spell,"Heena Hotchandani sends down a stock length ball outside off, and Ni Sakarini pushes it safely into the field for no run.",28804529-8ce3-40f7-840a-89785d897dcd,243708,"UAE W v Indonesia Women at Dubai, DP World Women's T20 Asia Cup, 4 Sep 2026",9395,DP World Women's T20 Asia Cup,2026,"Dubai International Stadium, Dubai",Women's T20I,2026-09-04,,,,,,,,,,,,,,,,,,,,,,,,,,,False,False,False,False,,,,length ball,outside off,,push,,,,,,,,keyword,0,,False,False,False,False,False,False,False,False,True,
1,2718,Indonesia Women,IDN,1,7,HH Hotchandani,1,0,1,23/4,1.00,6.02,6.2,0,0,"Hotchandani to Sakarini, no run",,"The stock ball lands on a length outside off, and Ni Sakarini drives but mistimes it straight back to Heena Hotchandani for a dot ball.",28804529-8ce3-40f7-840a-89785d897dcd,243708,"UAE W v Indonesia Women at Dubai, DP World Women's T20 Asia Cup, 4 Sep 2026",9395,DP World Women's T20 Asia Cup,2026,"Dubai International Stadium, Dubai",Women's T20I,2026-09-04,,,,,,,,,,,,,,,,,,,,,,,,,,,False,False,False,False,,,,,outside off,,drive,,,,,,,,keyword,0,,False,False,False,False,False,False,False,False,True,
1,2718,Indonesia Women,IDN,1,7,HH Hotchandani,1,0,1,23/4,1.00,6.03,6.3,1,1,"Hotchandani to Sakarini, 1 run",,"Heena Hotchandani sends down a full stock ball on off stump, and Ni Sakarini drives firmly to mid-on for a single, with Lavanya Keny doing the fielding.",28804529-8ce3-40f7-840a-89785d897dcd,243708,"UAE W v Indonesia Women at Dubai, DP World Women's T20 Asia Cup, 4 Sep 2026",9395,DP World Women's T20 Asia Cup,2026,"Dubai International Stadium, Dubai",Women's T20I,2026-09-04,69944.0,NPAN Sakarini,right,68213.0,HH Hotchandani,left,2606.0,United Arab Emirates Women,left orthodox,5.0,spin,2026-09-04 14:55:16,,,,,,,,107255945.0,288.0,45.0,78.0,4.0,1.0,1.0,False,False,True,False,,,,full,off stump,,drive,,,,,,,,keyword,1,,False,False,False,False,False,False,False,False,False,
1,2718,Indonesia Women,IDN,1,7,HH Hotchandani,1,0,1,23/4,1.00,6.04,6.4,0,0,"Hotchandani to Rani, no run",,"Heena Hotchandani sends down a stock length ball outside off, and Ni Rada Rani pushes it firmly towards short extra cover, where Esha Oza fields cleanly for a dot ball.",28804529-8ce3-40f7-840a-89785d897dcd,243708,"UAE W v Indonesia Women at Dubai, DP World Women's T20 Asia Cup, 4 Sep 2026",9395,DP World Women's T20 Asia Cup,2026,"Dubai International Stadium, Dubai",Women's T20I,2026-09-04,,,,,,,,,,,,,,,,,,,,,,,,,,,False,False,False,False,,,,length ball,outside off,,push,,,short extra cover,,,,,keyword,0,,False,False,False,False,False,False,False,False,True,
1,2718,Indonesia Women,IDN,1,7,HH Hotchandani,1,0,1,23/4,1.00,6.05,6.5,0,W,"Hotchandani to Rani, out!",,"The stock ball lands on a length outside off, and Ni Rada Rani swings hard but misses. She attempts a slog and is bowled, departing without scoring from the delivery. Ni Rada Rani departs for 3 from 12 balls, with the UAE’s WinViz rising from 84% to 90%.",28804529-8ce3-40f7-840a-89785d897dcd,243708,"UAE W v Indonesia Women at Dubai, DP World Women's T20 Asia Cup, 4 Sep 2026",9395,DP World Women's T20 Asia Cup,2026,"Dubai International Stadium, Dubai",Women's T20I,2026-09-04,,,,,,,,,,,,,,,,,,,,,,,,,,,False,False,False,False,,,,,outside off,,slog,,,,,bowled,,,keyword,0,,True,False,False,False,False,False,False,False,False,commentary
1,2718,Indonesia Women,IDN,1,7,HH Hotchandani,1,0,1,23/4,1.00,6.06,6.6,0,0,"Hotchandani to Wulandari, no run",Desi Wulandari heads to the crease. ,"Heena Hotchandani sends down a stock length ball on off stump, and Desi Wulandari pushes it safely back to the bowler for a dot ball.",28804529-8ce3-40f7-840a-89785d897dcd,243708,"UAE W v Indonesia Women at Dubai, DP World Women's T20 Asia Cup, 4 Sep 2026",9395,DP World Women's T20 Asia Cup,2026,"Dubai International Stadium, Dubai",Women's T20I,2026-09-04,,,,,,,,,,,,,,,,,,,,,,,,,,,False,False,False,False,,,,length ball,off stump,,push,,,bowler,,,,,keyword,0,,False,False,False,False,False,False,False,False,True,
1,2718,Indonesia Women,IDN,1,8,V Mahesh,5,0,0,28/4,5.00,7.01,7.1,0,0,"Mahesh to Sakarini, no run",Vaishnave Mahesh takes the ball for their 1st spell,"Vaishnave Mahesh sends down a leg-spinner back of a length outside off, and Ni Sakarini leaves it comfortably through to the wicketkeeper for a dot ball.",28804529-8ce3-40f7-840a-89785d897dcd,243708,"UAE W v Indonesia Women at Dubai, DP World Women's T20 Asia Cup, 4 Sep 2026",9395,DP World Women's T20 Asia Cup,2026,"Dubai International Stadium, Dubai",Women's T20I,2026-09-04,,,,,,,,,,,,,,,,,,,,,,,,,,,False,False,False,False,,,,back of a length,outside off,,leave,,,wicketkeeper,,,,,keyword,0,,False,False,False,False,False,False,False,False,True,
1,2718,Indonesia Women,IDN,1,8,V Mahesh,5,0,0,28/4,5.00,7.02,7.2,4,4,"Mahesh to Sakarini, 4 runs",,"Vaishnave Mahesh floats up a length leg-spinner outside off, and Ni Sakarini launches a well-timed slog through long on for four.",28804529-8ce3-40f7-840a-89785d897dcd,243708,"UAE W v Indonesia Women at Dubai, DP World Women's T20 Asia Cup, 4 Sep 2026",9395,DP World Women's T20 Asia Cup,2026,"Dubai International Stadium, Dubai",Women's T20I,2026-09-04,69944.0,NPAN Sakarini,right,69999.0,V Mahesh,right,2606.0,United Arab Emirates Women,leg break,4.0,spin,2026-09-04 14:59:40,,,,,,,,107255997.0,286.0,100.0,180.0,4.0,4.0,4.0,False,False,True,False,,,,,outside off,,slog,,,long on,,,,,keyword,4,,False,False,False,False,False,False,True,False,False,
1,2718,Indonesia Women,IDN,1,8,V Mahesh,5,0,0,28/4,5.00,7.03,7.3,0,0,Vaishnave Mahesh to Ni Sakarini,,"Over the wicket. Full, wide outside off, front foot, drive. No run.",28804529-8ce3-40f7-840a-89785d897dcd,243708,"UAE W v Indonesia Women at Dubai, DP World Women's T20 Asia Cup, 4 Sep 2026",9395,DP World Women's T20 Asia Cup,2026,"Dubai International Stadium, Dubai",Women's T20I,2026-09-04,,,,,,,,,,,,,,,,,,,,,,,,,,,False,False,False,False,over the wicket,,,full,wide outside off,front foot,drive,,,,,,,,template_arm,0,,False,False,False,False,False,False,False,False,True,
1,2718,Indonesia Women,IDN,1,8,V Mahesh,5,0,0,28/4,5.00,7.04,7.4,0,0,"Mahesh to Sakarini, no run",,"Vaishnave Mahesh sends down a length leg-spinner outside off, and Ni Sakarini drives firmly towards cover, where Heena Hotchandani fields cleanly. It is a dot ball.",28804529-8ce3-40f7-840a-89785d897dcd,243708,"UAE W v Indonesia Women at Dubai, DP World Women's T20 Asia Cup, 4 Sep 2026",9395,DP World Women's T20 Asia Cup,2026,"Dubai International Stadium, Dubai",Women's T20I,2026-09-04,,,,,,,,,,,,,,,,,,,,,,,,,,,False,False,False,False,,,,,outside off,,drive,,,cover,,,,,keyword,0,,False,False,False,False,False,False,False,False,True,
1,2718,Indonesia Women,IDN,1,8,V Mahesh,5,0,0,28/4,5.00,7.05,7.5,1,1,Vaishnave Mahesh to Ni Sakarini,,"Over the wicket. Full, outside off, front foot, drive uncontrolled in air to Lavanya Keny at mid off. 1 run.",28804529-8ce3-40f7-840a-89785d897dcd,243708,"UAE W v Indonesia Women at Dubai, DP World Women's T20 Asia Cup, 4 Sep 2026",9395,DP World Women's T20 Asia Cup,2026,"Dubai International Stadium, Dubai",Women's T20I,2026-09-04,69944.0,NPAN Sakarini,right,69999.0,V Mahesh,right,2606.0,United Arab Emirates Women,leg break,4.0,spin,2026-09-04 15:01:10,,,,,,,,107256017.0,263.0,40.0,76.0,5.0,1.0,1.0,False,False,True,False,over the wicket,,,full,outside off,front foot,drive,uncontrolled in air,uncontrolled,mid off,Lavanya Keny,,,,template_arm,1,,False,False,False,False,False,False,False,False,False,
1,2718,Indonesia Women,IDN,1,8,V Mahesh,5,0,0,28/4,5.00,7.06,7.6,0,0,"Mahesh to Wulandari, no run",,"Vaishnave Mahesh sends down a length leg-spinner outside off, and Desi Wulandari wisely shoulders arms. It carries through to the wicketkeeper for a dot ball. The over closes without a run for Indonesia Women.",28804529-8ce3-40f7-840a-89785d897dcd,243708,"UAE W v Indonesia Women at Dubai, DP World Women's T20 Asia Cup, 4 Sep 2026",9395,DP World Women's T20 Asia Cup,2026,"Dubai International Stadium, Dubai",Women's T20I,2026-09-04,,,,,,,,,,,,,,,,,,,,,,,,,,,False,False,False,False,,,,,outside off,,shoulders arms,,,wicketkeeper,,,,,keyword,0,,False,False,False,False,False,False,False,False,True,
1,2718,Indonesia Women,IDN,1,9,HH Hotchandani,1,0,0,29/4,1.00,8.01,8.1,0,0,"Hotchandani to Sakarini, no run",Heena Hotchandani continues their spell,"The stock ball lands on a length outside off, and Ni Sakarini drives but mistimes it straight back to Heena Hotchandani for no run.",28804529-8ce3-40f7-840a-89785d897dcd,243708,"UAE W v Indonesia Women at Dubai, DP World Women's T20 Asia Cup, 4 Sep 2026",9395,DP World Women's T20 Asia Cup,2026,"Dubai International Stadium, Dubai",Women's T20I,2026-09-04,,,,,,,,,,,,,,,,,,,,,,,,,,,False,False,False,False,,,,,outside off,,drive,,,,,,,,keyword,0,,False,False,False,False,False,False,False,False,True,
1,2718,Indonesia Women,IDN,1,9,HH Hotchandani,1,0,0,29/4,1.00,8.02,8.2,0,0,"Hotchandani to Sakarini, no run",,"A stock ball on a length outside off, driven firmly but straight back to the bowler, Heena Hotchandani fields it cleanly. It’s a dot ball.",28804529-8ce3-40f7-840a-89785d897dcd,243708,"UAE W v Indonesia Women at Dubai, DP World Women's T20 Asia Cup, 4 Sep 2026",9395,DP World Women's T20 Asia Cup,2026,"Dubai International Stadium, Dubai",Women's T20I,2026-09-04,,,,,,,,,,,,,,,,,,,,,,,,,,,False,False,False,False,,,,,outside off,,drive,,,bowler,,,,,keyword,0,,False,False,False,False,False,False,False,False,True,
1,2718,Indonesia Women,IDN,1,9,HH Hotchandani,1,0,0,29/4,1.00,8.03,8.3,0,0,"Hotchandani to Sakarini, no run",,"Heena Hotchandani sends down a stock length ball on middle stump. Ni Sakarini tries to sweep, misses, and is struck on the pad for no run.",28804529-8ce3-40f7-840a-89785d897dcd,243708,"UAE W v Indonesia Women at Dubai, DP World Women's T20 Asia Cup, 4 Sep 2026",9395,DP World Women's T20 Asia Cup,2026,"Dubai International Stadium, Dubai",Women's T20I,2026-09-04,,,,,,,,,,,,,,,,,,,,,,,,,,,False,False,False,False,,,,length ball,middle stump,,sweep,,,,,,,,keyword,0,,False,False,False,False,False,False,False,False,True,
1,2718,Indonesia Women,IDN,1,9,HH Hotchandani,1,0,0,29/4,1.00,8.04,8.4,0,0,"Hotchandani to Sakarini, no run",,"A stock ball on a length outside off, driven firmly but straight to Esha Oza at extra cover. No run.",28804529-8ce3-40f7-840a-89785d897dcd,243708,"UAE W v Indonesia Women at Dubai, DP World Women's T20 Asia Cup, 4 Sep 2026",9395,DP World Women's T20 Asia Cup,2026,"Dubai International Stadium, Dubai",Women's T20I,2026-09-04,,,,,,,,,,,,,,,,,,,,,,,,,,,False,False,False,False,,,,,outside off,,drive,,,extra cover,,,,,keyword,0,,False,False,False,False,False,False,False,False,True,
1,2718,Indonesia Women,IDN,1,9,HH Hotchandani,1,0,0,29/4,1.00,8.05,8.5,1,1,"Hotchandani to Sakarini, 1 run",,"Heena Hotchandani sends down a length stock ball on off stump, and Ni Sakarini drives with an inside edge for a single, neatly fielded by Vaishnave Mahesh at backward square leg.",28804529-8ce3-40f7-840a-89785d897dcd,243708,"UAE W v Indonesia Women at Dubai, DP World Women's T20 Asia Cup, 4 Sep 2026",9395,DP World Women's T20 Asia Cup,2026,"Dubai International Stadium, Dubai",Women's T20I,2026-09-04,69944.0,NPAN Sakarini,right,68213.0,HH Hotchandani,left,2606.0,United Arab Emirates Women,left orthodox,5.0,spin,2026-09-04 15:04:09,,,,,,,,107256055.0,9.0,65.0,111.0,2.0,1.0,1.0,False,False,True,False,,,,,off stump,,drive,,,backward square leg,Vaishnave Mahesh at backward square leg,,,,keyword,1,,False,False,False,False,False,False,False,False,False,
1,2718,Indonesia Women,IDN,1,9,HH Hotchandani,1,0,0,29/4,1.00,8.06,8.6,0,0,Heena Hotchandani to Desi Wulandari,,"Round the wicket. Length ball, off stump, front foot, forward defensive along the ground to Heena Hotchandani at bowler. No run.",28804529-8ce3-40f7-840a-89785d897dcd,243708,"UAE W v Indonesia Women at Dubai, DP World Women's T20 Asia Cup, 4 Sep 2026",9395,DP World Women's T20 Asia Cup,2026,"Dubai International Stadium, Dubai",Women's T20I,2026-09-04,,,,,,,,,,,,,,,,,,,,,,,,,,,False,False,False,False,round the wicket,,,length ball,off stump,front foot,forward defensive,along the ground,,bowler,Heena Hotchandani,,,,template_arm,0,,False,False,False,False,False,False,False,False,True,
1,2718,Indonesia Women,IDN,1,10,V Mahesh,10,0,0,39/4,10.00,9.01,9.1,0,0,"Mahesh to Sakarini, no run",Vaishnave Mahesh continues their spell,"Vaishnave Mahesh sends down a length leg-spinner outside off. Ni Sakarini pushes at it, catching a thick edge along the ground, but there is no run.",28804529-8ce3-40f7-840a-89785d897dcd,243708,"UAE W v Indonesia Women at Dubai, DP World Women's T20 Asia Cup, 4 Sep 2026",9395,DP World Women's T20 Asia Cup,2026,"Dubai International Stadium, Dubai",Women's T20I,2026-09-04,,,,,,,,,,,,,,,,,,,,,,,,,,,False,False,False,False,,,,,outside off,,push,along the ground,,,,,,,keyword,0,,False,False,False,False,False,False,False,False,True,
1,2718,Indonesia Women,IDN,1,10,V Mahesh,10,0,0,39/4,10.00,9.02,9.2,2,2,"Mahesh to Sakarini, 2 runs",,"Vaishnave Mahesh tosses up a length leg-spinner outside off, and Ni Sakarini drives it neatly for two runs.",28804529-8ce3-40f7-840a-89785d897dcd,243708,"UAE W v Indonesia Women at Dubai, DP World Women's T20 Asia Cup, 4 Sep 2026",9395,DP World Women's T20 Asia Cup,2026,"Dubai International Stadium, Dubai",Women's T20I,2026-09-04,69944.0,NPAN Sakarini,right,69999.0,V Mahesh,right,2606.0,United Arab Emirates Women,leg break,4.0,spin,2026-09-04 15:06:04,,,,,,,,107256088.0,259.0,80.0,141.0,5.0,2.0,2.0,False,False,True,False,,,,,outside off,,drive,,,,,,,,keyword,2,,False,False,False,False,False,False,False,False,False,
1,2718,Indonesia Women,IDN,1,10,V Mahesh,10,0,0,39/4,10.00,9.03,9.3,2,2,Vaishnave Mahesh to Ni Sakarini,,"Over the wicket. Length ball, middle stump, front foot, sweep along the ground to Archara Supriya at deep backward square leg. 2 runs.",28804529-8ce3-40f7-840a-89785d897dcd,243708,"UAE W v Indonesia Women at Dubai, DP World Women's T20 Asia Cup, 4 Sep 2026",9395,DP World Women's T20 Asia Cup,2026,"Dubai International Stadium, Dubai",Women's T20I,2026-09-04,69944.0,NPAN Sakarini,right,69999.0,V Mahesh,right,2606.0,United Arab Emirates Women,leg break,4.0,spin,2026-09-04 15:06:38,,,,,,,,107256101.0,18.0,75.0,124.0,2.0,2.0,2.0,False,False,True,False,over the wicket,,,length ball,middle stump,front foot,sweep,along the ground,,deep backward square leg,Archara Supriya,,,,template_arm,2,,False,False,False,False,False,False,False,False,False,
1,2718,Indonesia Women,IDN,1,10,V Mahesh,10,0,0,39/4,10.00,9.04,9.4,0,0,Vaishnave Mahesh to Ni Sakarini,,"Over the wicket. Back of a length, outside off, back foot, cut along the ground. No run.",28804529-8ce3-40f7-840a-89785d897dcd,243708,"UAE W v Indonesia Women at Dubai, DP World Women's T20 Asia Cup, 4 Sep 2026",9395,DP World Women's T20 Asia Cup,2026,"Dubai International Stadium, Dubai",Women's T20I,2026-09-04,,,,,,,,,,,,,,,,,,,,,,,,,,,False,False,False,False,over the wicket,,,back of a length,outside off,back foot,cut,along the ground,,,,,,,template_arm,0,,False,False,False,False,False,False,False,False,True,
1,2718,Indonesia Women,IDN,1,10,V Mahesh,10,0,0,39/4,10.00,9.05,9.5,0,0,Vaishnave Mahesh to Ni Sakarini,,"Over the wicket. Length ball, outside off, back foot, pushed. No run.",28804529-8ce3-40f7-840a-89785d897dcd,243708,"UAE W v Indonesia Women at Dubai, DP World Women's T20 Asia Cup, 4 Sep 2026",9395,DP World Women's T20 Asia Cup,2026,"Dubai International Stadium, Dubai",Women's T20I,2026-09-04,,,,,,,,,,,,,,,,,,,,,,,,,,,False,False,False,False,over the wicket,,,length ball,outside off,back foot,push,,,,,,,,template_arm,0,,False,False,False,False,False,False,False,False,True,
1,2718,Indonesia Women,IDN,1,10,V Mahesh,10,0,0,39/4,10.00,9.06,9.6,6,6,Vaishnave Mahesh to Ni Sakarini,,"Over the wicket. Full, outside off, back foot, drive uncontrolled in air to Samaira Dharnidharka at long on. 6 runs.",28804529-8ce3-40f7-840a-89785d897dcd,243708,"UAE W v Indonesia Women at Dubai, DP World Women's T20 Asia Cup, 4 Sep 2026",9395,DP World Women's T20 Asia Cup,2026,"Dubai International Stadium, Dubai",Women's T20I,2026-09-04,69944.0,NPAN Sakarini,right,69999.0,V Mahesh,right,2606.0,United Arab Emirates Women,leg break,4.0,spin,2026-09-04 15:08:15,,,,,,,,107256130.0,284.0,100.0,180.0,4.0,6.0,6.0,False,False,True,False,over the wicket,,,full,outside off,back foot,drive,uncontrolled in air,uncontrolled,long on,Samaira Dharnidharka,,,,template_arm,6,,False,False,False,False,False,False,False,True,False,
1,2718,Indonesia Women,IDN,1,11,S Dharnidharka,2,1,0,41/4,1.00,10.01,10.1,0,0,"Dharnidharka to Wulandari, no run",Samaira Dharnidharka takes the ball for their 1st spell,"A back-of-a-length ball outside off with no movement, Desi Wulandari attempts a cut but misses through to the wicketkeeper for no run.",28804529-8ce3-40f7-840a-89785d897dcd,243708,"UAE W v Indonesia Women at Dubai, DP World Women's T20 Asia Cup, 4 Sep 2026",9395,DP World Women's T20 Asia Cup,2026,"Dubai International Stadium, Dubai",Women's T20I,2026-09-04,,,,,,,,,,,,,,,,,,,,,,,,,,,False,False,False,False,,,,length ball,outside off,no movement,cut,,,wicketkeeper,,,,,keyword,0,,False,False,False,False,False,False,False,False,True,
1,2718,Indonesia Women,IDN,1,11,S Dharnidharka,2,1,0,41/4,1.00,10.02,10.2,1,1ˡᵇ,Samaira Dharnidharka to Desi Wulandari,,"Over the wicket. Length ball, outside off, back foot, flick along the ground to Theertha Satish at backward square leg. 1 leg bye.",28804529-8ce3-40f7-840a-89785d897dcd,243708,"UAE W v Indonesia Women at Dubai, DP World Women's T20 Asia Cup, 4 Sep 2026",9395,DP World Women's T20 Asia Cup,2026,"Dubai International Stadium, Dubai",Women's T20I,2026-09-04,,,,,,,,,,,,,,,,,,,,,,,,,,,False,False,False,False,over the wicket,,,length ball,outside off,back foot,flick,along the ground,,backward square leg,Theertha Satish,,,,template_arm,1,leg bye,False,False,False,False,True,False,False,False,False,
1,2718,Indonesia Women,IDN,1,11,S Dharnidharka,2,1,0,41/4,1.00,10.03,10.3,0,0,Samaira Dharnidharka to Ni Sakarini,,"Over the wicket. Length ball, outside off, front foot, pushed along the ground to Esha Oza at short extra cover. No run.",28804529-8ce3-40f7-840a-89785d897dcd,243708,"UAE W v Indonesia Women at Dubai, DP World Women's T20 Asia Cup, 4 Sep 2026",9395,DP World Women's T20 Asia Cup,2026,"Dubai International Stadium, Dubai",Women's T20I,2026-09-04,,,,,,,,,,,,,,,,,,,,,,,,,,,False,False,False,False,over the wicket,,,length ball,outside off,front foot,push,along the ground,,short extra cover,Esha Oza,,,,template_arm,0,,False,False,False,False,False,False,False,False,True,
1,2718,Indonesia Women,IDN,1,11,S Dharnidharka,2,1,0,41/4,1.00,10.04,10.4,0,0,"Dharnidharka to Sakarini, no run",,"A short seaming-in delivery wide outside off, Ni Sakarini attempts a cut but misses, and Theertha Satish gathers cleanly behind the stumps for a dot ball.",28804529-8ce3-40f7-840a-89785d897dcd,243708,"UAE W v Indonesia Women at Dubai, DP World Women's T20 Asia Cup, 4 Sep 2026",9395,DP World Women's T20 Asia Cup,2026,"Dubai International Stadium, Dubai",Women's T20I,2026-09-04,,,,,,,,,,,,,,,,,,,,,,,,,,,False,False,False,False,,,,short,wide outside off,,cut,,,,,,,,keyword,0,,False,False,False,False,False,False,False,False,True,
1,2718,Indonesia Women,IDN,1,11,S Dharnidharka,2,1,0,41/4,1.00,10.05,10.5,1,1,"Dharnidharka to Sakarini, 1 run",,"A back-of-a-length ball seaming in from outside off is flicked neatly into the leg side by Ni Sakarini, and they come through for a single.",28804529-8ce3-40f7-840a-89785d897dcd,243708,"UAE W v Indonesia Women at Dubai, DP World Women's T20 Asia Cup, 4 Sep 2026",9395,DP World Women's T20 Asia Cup,2026,"Dubai International Stadium, Dubai",Women's T20I,2026-09-04,69944.0,NPAN Sakarini,right,70062.0,S Dharnidharka,right,2606.0,United Arab Emirates Women,right pace,2.0,pace,2026-09-04 15:14:34,,,,,,,,107256216.0,29.0,75.0,126.0,2.0,1.0,1.0,False,False,True,False,,,,length ball,outside off,,flick,,,,,,,,keyword,1,,False,False,False,False,False,False,False,False,False,
1,2718,Indonesia Women,IDN,1,11,S Dharnidharka,2,1,0,41/4,1.00,10.06,10.6,0,0,"Dharnidharka to Wulandari, no run",,"Samaira Dharnidharka angles a back-of-a-length seaming ball in from outside off. Desi Wulandari attempts a cut but misses, and Theertha Satish gathers cleanly behind the stumps for a dot ball.",28804529-8ce3-40f7-840a-89785d897dcd,243708,"UAE W v Indonesia Women at Dubai, DP World Women's T20 Asia Cup, 4 Sep 2026",9395,DP World Women's T20 Asia Cup,2026,"Dubai International Stadium, Dubai",Women's T20I,2026-09-04,,,,,,,,,,,,,,,,,,,,,,,,,,,False,False,False,False,,,,,outside off,,cut,,,,,,,,keyword,0,,False,False,False,False,False,False,False,False,True,
1,2718,Indonesia Women,IDN,1,12,JTA Devi,2,0,0,43/4,2.00,11.01,11.1,0,0,"Devi to Sakarini, no run",Janani Devi takes the ball for their 1st spell,"An off-break length ball wide outside off, and Ni Sakarini attempts the cut but misses through to wicketkeeper Theertha Satish. A dot ball.",28804529-8ce3-40f7-840a-89785d897dcd,243708,"UAE W v Indonesia Women at Dubai, DP World Women's T20 Asia Cup, 4 Sep 2026",9395,DP World Women's T20 Asia Cup,2026,"Dubai International Stadium, Dubai",Women's T20I,2026-09-04,,,,,,,,,,,,,,,,,,,,,,,,,,,False,False,False,False,,,,length ball,wide outside off,,cut,,,wicketkeeper,,,,,keyword,0,,False,False,False,False,False,False,False,False,True,
1,2718,Indonesia Women,IDN,1,12,JTA Devi,2,0,0,43/4,2.00,11.02,11.2,0,0,Janani Devi to Ni Sakarini,,"Over the wicket. Length ball, outside off, front foot, pushed. No run.",28804529-8ce3-40f7-840a-89785d897dcd,243708,"UAE W v Indonesia Women at Dubai, DP World Women's T20 Asia Cup, 4 Sep 2026",9395,DP World Women's T20 Asia Cup,2026,"Dubai International Stadium, Dubai",Women's T20I,2026-09-04,,,,,,,,,,,,,,,,,,,,,,,,,,,False,False,False,False,over the wicket,,,length ball,outside off,front foot,push,,,,,,,,template_arm,0,,False,False,False,False,False,False,False,False,True,
1,2718,Indonesia Women,IDN,1,12,JTA Devi,2,0,0,43/4,2.00,11.03,11.3,0,0,Janani Devi to Ni Sakarini,,"Over the wicket. Length ball, outside off, front foot, pushed along the ground to Janani Devi at bowler. No run.",28804529-8ce3-40f7-840a-89785d897dcd,243708,"UAE W v Indonesia Women at Dubai, DP World Women's T20 Asia Cup, 4 Sep 2026",9395,DP World Women's T20 Asia Cup,2026,"Dubai International Stadium, Dubai",Women's T20I,2026-09-04,,,,,,,,,,,,,,,,,,,,,,,,,,,False,False,False,False,over the wicket,,,length ball,outside off,front foot,push,along the ground,,bowler,Janani Devi,,,,template_arm,0,,False,False,False,False,False,False,False,False,True,
1,2718,Indonesia Women,IDN,1,12,JTA Devi,2,0,0,43/4,2.00,11.04,11.4,1,1,"Devi to Sakarini, 1 run",,"Janani Devi sends down an off break outside off on a back-of-a-length line, and Ni Sakarini pulls it along the ground for a single.",28804529-8ce3-40f7-840a-89785d897dcd,243708,"UAE W v Indonesia Women at Dubai, DP World Women's T20 Asia Cup, 4 Sep 2026",9395,DP World Women's T20 Asia Cup,2026,"Dubai International Stadium, Dubai",Women's T20I,2026-09-04,69944.0,NPAN Sakarini,right,98024.0,JTA Devi,right,2606.0,United Arab Emirates Women,off break,3.0,spin,2026-09-04 15:16:57,,,,,,,,107256263.0,9.0,80.0,138.0,2.0,1.0,1.0,False,False,True,False,,,,,outside off,,pull,along the ground,,,,,,,keyword,1,,False,False,False,False,False,False,False,False,False,
1,2718,Indonesia Women,IDN,1,12,JTA Devi,2,0,0,43/4,2.00,11.05,11.5,1,1,"Devi to Wulandari, 1 run",,"Janani Devi tosses up an off break outside off, back of a length, and Desi Wulandari works it away to long on for a single. Desi Wulandari is off the mark.",28804529-8ce3-40f7-840a-89785d897dcd,243708,"UAE W v Indonesia Women at Dubai, DP World Women's T20 Asia Cup, 4 Sep 2026",9395,DP World Women's T20 Asia Cup,2026,"Dubai International Stadium, Dubai",Women's T20I,2026-09-04,84590.0,D Wulandari,right,98024.0,JTA Devi,right,2606.0,United Arab Emirates Women,off break,3.0,spin,2026-09-04 15:17:27,,,,,,,,107256271.0,297.0,80.0,143.0,4.0,1.0,1.0,False,False,True,False,,,,back of a length,outside off,,work,,,long on,,,,,keyword,1,,False,False,False,False,False,False,False,False,False,
1,2718,Indonesia Women,IDN,1,12,JTA Devi,2,0,0,43/4,2.00,11.06,11.6,0,0,"Devi to Sakarini, no run",,"An off break outside off on a length, Ni Sakarini cuts firmly towards point, but a misfield still cannot bring a run. Dot ball.",28804529-8ce3-40f7-840a-89785d897dcd,243708,"UAE W v Indonesia Women at Dubai, DP World Women's T20 Asia Cup, 4 Sep 2026",9395,DP World Women's T20 Asia Cup,2026,"Dubai International Stadium, Dubai",Women's T20I,2026-09-04,,,,,,,,,,,,,,,,,,,,,,,,,,,False,False,False,False,,,,,outside off,,cut,,,point,,,,,keyword,0,,False,False,False,False,False,False,False,False,True,
1,2718,Indonesia Women,IDN,1,13,S Dharnidharka,5,1,0,48/4,4.00,12.01,12.1,0,0,"Dharnidharka to Wulandari, no run",Samaira Dharnidharka continues their spell,"A short ball outside off with no movement, Desi Wulandari attempts the pull but misses, and Theertha Satish gathers cleanly behind the stumps for a dot ball.",28804529-8ce3-40f7-840a-89785d897dcd,243708,"UAE W v Indonesia Women at Dubai, DP World Women's T20 Asia Cup, 4 Sep 2026",9395,DP World Women's T20 Asia Cup,2026,"Dubai International Stadium, Dubai",Women's T20I,2026-09-04,,,,,,,,,,,,,,,,,,,,,,,,,,,False,False,False,False,,,,short,outside off,no movement,pull,,,,,,,,keyword,0,,False,False,False,False,False,False,False,False,True,
1,2718,Indonesia Women,IDN,1,13,S Dharnidharka,5,1,0,48/4,4.00,12.02,12.2,0,0,"Dharnidharka to Wulandari, no run",,"A full ball outside off with no movement, Desi Wulandari drives firmly but straight back to Samaira Dharnidharka, who fields it cleanly. No run.",28804529-8ce3-40f7-840a-89785d897dcd,243708,"UAE W v Indonesia Women at Dubai, DP World Women's T20 Asia Cup, 4 Sep 2026",9395,DP World Women's T20 Asia Cup,2026,"Dubai International Stadium, Dubai",Women's T20I,2026-09-04,,,,,,,,,,,,,,,,,,,,,,,,,,,False,False,False,False,,,,full,outside off,no movement,drive,,,,,,,,keyword,0,,False,False,False,False,False,False,False,False,True,
1,2718,Indonesia Women,IDN,1,13,S Dharnidharka,5,1,0,48/4,4.00,12.03,12.3,1,1,"Dharnidharka to Wulandari, 1 run",,"A length ball outside off is driven into the field, and Desi Wulandari picks up a single as Indonesia Women keep moving.",28804529-8ce3-40f7-840a-89785d897dcd,243708,"UAE W v Indonesia Women at Dubai, DP World Women's T20 Asia Cup, 4 Sep 2026",9395,DP World Women's T20 Asia Cup,2026,"Dubai International Stadium, Dubai",Women's T20I,2026-09-04,84590.0,D Wulandari,right,70062.0,S Dharnidharka,right,2606.0,United Arab Emirates Women,right pace,2.0,pace,2026-09-04 15:19:41,,,,,,,,107256314.0,292.0,40.0,69.0,4.0,1.0,1.0,False,False,True,False,,,,length ball,outside off,,drive,,,,,,,,keyword,1,,False,False,False,False,False,False,False,False,False,
1,2718,Indonesia Women,IDN,1,13,S Dharnidharka,5,1,0,48/4,4.00,12.04,12.4,1,1,Samaira Dharnidharka to Ni Sakarini,,"Over the wicket. Full, outside off, front foot, drive along the ground to Vaishnave Mahesh at deep mid wicket. 1 run.",28804529-8ce3-40f7-840a-89785d897dcd,243708,"UAE W v Indonesia Women at Dubai, DP World Women's T20 Asia Cup, 4 Sep 2026",9395,DP World Women's T20 Asia Cup,2026,"Dubai International Stadium, Dubai",Women's T20I,2026-09-04,69944.0,NPAN Sakarini,right,70062.0,S Dharnidharka,right,2606.0,United Arab Emirates Women,right pace,2.0,pace,2026-09-04 15:20:16,,,,,,,,107256327.0,319.0,75.0,134.0,3.0,1.0,1.0,False,False,True,False,over the wicket,,,full,outside off,front foot,drive,along the ground,,deep mid wicket,Vaishnave Mahesh,,,,template_arm,1,,False,False,False,False,False,False,False,False,False,
1,2718,Indonesia Women,IDN,1,13,S Dharnidharka,5,1,0,48/4,4.00,12.05,12.4,1,1ʷᵈ,Samaira Dharnidharka to Desi Wulandari,,"Over the wicket. Length ball, leg stump, front foot, flick. 1 wide.",28804529-8ce3-40f7-840a-89785d897dcd,243708,"UAE W v Indonesia Women at Dubai, DP World Women's T20 Asia Cup, 4 Sep 2026",9395,DP World Women's T20 Asia Cup,2026,"Dubai International Stadium, Dubai",Women's T20I,2026-09-04,,,,,,,,,,,,,,,,,,,,,,,,,,,False,False,False,False,over the wicket,,,length ball,leg stump,front foot,flick,,,,,,,,template_arm,1,wide,False,True,False,False,False,False,False,False,False,
1,2718,Indonesia Women,IDN,1,13,S Dharnidharka,5,1,0,48/4,4.00,12.06,12.5,1,1,"Dharnidharka to Wulandari, 1 run",,"Samaira Dharnidharka sends down a length ball outside off with no movement, and Desi Wulandari pushes it out to deep cover for a single.",28804529-8ce3-40f7-840a-89785d897dcd,243708,"UAE W v Indonesia Women at Dubai, DP World Women's T20 Asia Cup, 4 Sep 2026",9395,DP World Women's T20 Asia Cup,2026,"Dubai International Stadium, Dubai",Women's T20I,2026-09-04,84590.0,D Wulandari,right,70062.0,S Dharnidharka,right,2606.0,United Arab Emirates Women,right pace,2.0,pace,2026-09-04 15:21:27,,,,,,,,107256346.0,197.0,80.0,139.0,6.0,1.0,1.0,False,False,True,False,,,,length ball,outside off,no movement,push,,,deep cover,,,,,keyword,1,,False,False,False,False,False,False,False,False,False,
1,2718,Indonesia Women,IDN,1,13,S Dharnidharka,5,1,0,48/4,4.00,12.07,12.6,1,1,Samaira Dharnidharka to Ni Sakarini,,"Over the wicket. Back of a length, outside off, back foot, pull controlled in air. 1 run.",28804529-8ce3-40f7-840a-89785d897dcd,243708,"UAE W v Indonesia Women at Dubai, DP World Women's T20 Asia Cup, 4 Sep 2026",9395,DP World Women's T20 Asia Cup,2026,"Dubai International Stadium, Dubai",Women's T20I,2026-09-04,69944.0,NPAN Sakarini,right,70062.0,S Dharnidharka,right,2606.0,United Arab Emirates Women,right pace,2.0,pace,2026-09-04 15:22:01,,,,,,,,107256356.0,4.0,80.0,139.0,2.0,1.0,1.0,False,False,True,False,over the wicket,,,back of a length,outside off,back foot,pull,in air,controlled,,,,,,template_arm,1,,False,False,False,False,False,False,False,False,False,
1,2718,Indonesia Women,IDN,1,14,JTA Devi,6,1,0,54/4,5.00,13.01,13.1,1,1,"Devi to Sakarini, 1 run",Janani Devi continues their spell,"Janani Devi bowls an off break back of a length outside off, and Ni Sakarini mistimes the pull for a single as a misfield at mid-wicket allows the run.",28804529-8ce3-40f7-840a-89785d897dcd,243708,"UAE W v Indonesia Women at Dubai, DP World Women's T20 Asia Cup, 4 Sep 2026",9395,DP World Women's T20 Asia Cup,2026,"Dubai International Stadium, Dubai",Women's T20I,2026-09-04,69944.0,NPAN Sakarini,right,98024.0,JTA Devi,right,2606.0,United Arab Emirates Women,off break,3.0,spin,2026-09-04 15:23:02,,,,,,,,107256374.0,304.0,55.0,92.0,4.0,1.0,1.0,False,False,True,False,,,,back of a length,outside off,,pull,,,,,,,,keyword,1,,False,False,False,False,False,False,False,False,False,
1,2718,Indonesia Women,IDN,1,14,JTA Devi,6,1,0,54/4,5.00,13.02,13.2,0,0,"Devi to Wulandari, no run",,"Janani Devi tosses up an off break outside off on a length, and Desi Wulandari drives firmly to cover, where Lavanya Keny fields cleanly for a dot ball.",28804529-8ce3-40f7-840a-89785d897dcd,243708,"UAE W v Indonesia Women at Dubai, DP World Women's T20 Asia Cup, 4 Sep 2026",9395,DP World Women's T20 Asia Cup,2026,"Dubai International Stadium, Dubai",Women's T20I,2026-09-04,,,,,,,,,,,,,,,,,,,,,,,,,,,False,False,False,False,,,,,outside off,,drive,,,cover,,,,,keyword,0,,False,False,False,False,False,False,False,False,True,
1,2718,Indonesia Women,IDN,1,14,JTA Devi,6,1,0,54/4,5.00,13.03,13.3,0,0,"Devi to Wulandari, no run",,"Janani Devi sends down an off break wide outside off, back of a length. Desi Wulandari attempts a cut but misses, and Theertha Satish gathers cleanly behind the stumps for a dot ball.",28804529-8ce3-40f7-840a-89785d897dcd,243708,"UAE W v Indonesia Women at Dubai, DP World Women's T20 Asia Cup, 4 Sep 2026",9395,DP World Women's T20 Asia Cup,2026,"Dubai International Stadium, Dubai",Women's T20I,2026-09-04,,,,,,,,,,,,,,,,,,,,,,,,,,,False,False,False,False,,,,back of a length,wide outside off,,cut,,,,,,,,keyword,0,,False,False,False,False,False,False,False,False,True,
1,2718,Indonesia Women,IDN,1,14,JTA Devi,6,1,0,54/4,5.00,13.04,13.4,3,3,"Devi to Wulandari, 3 runs",,"Janani Devi sends down an off break outside off on a length, and Desi Wulandari drives it away for three. A misfield at cover helps the batters come back for the third. Indonesia Women move to 52 for 4.",28804529-8ce3-40f7-840a-89785d897dcd,243708,"UAE W v Indonesia Women at Dubai, DP World Women's T20 Asia Cup, 4 Sep 2026",9395,DP World Women's T20 Asia Cup,2026,"Dubai International Stadium, Dubai",Women's T20I,2026-09-04,84590.0,D Wulandari,right,98024.0,JTA Devi,right,2606.0,United Arab Emirates Women,off break,3.0,spin,2026-09-04 15:24:01,,,,,,,,107256397.0,225.0,80.0,141.0,6.0,3.0,3.0,False,False,True,False,,,,,outside off,,drive,,,cover,,,,,keyword,3,,False,False,False,False,False,False,False,False,False,
1,2718,Indonesia Women,IDN,1,14,JTA Devi,6,1,0,54/4,5.00,13.05,13.4,1,1ʷᵈ,Janani Devi to Ni Sakarini,,"Over the wicket. Back of a length, wide outside off, no movement, leave. 1 wide.",28804529-8ce3-40f7-840a-89785d897dcd,243708,"UAE W v Indonesia Women at Dubai, DP World Women's T20 Asia Cup, 4 Sep 2026",9395,DP World Women's T20 Asia Cup,2026,"Dubai International Stadium, Dubai",Women's T20I,2026-09-04,,,,,,,,,,,,,,,,,,,,,,,,,,,False,False,False,False,over the wicket,,,back of a length,wide outside off,no movement,leave,,,,,,,,template_arm,1,wide,False,True,False,False,False,False,False,False,False,
1,2718,Indonesia Women,IDN,1,14,JTA Devi,6,1,0,54/4,5.00,13.06,13.5,1,1,"Devi to Sakarini, 1 run",,"Janani Devi bowls a short off break outside off, and Ni Sakarini controls the pull into deep mid-wicket for a single.",28804529-8ce3-40f7-840a-89785d897dcd,243708,"UAE W v Indonesia Women at Dubai, DP World Women's T20 Asia Cup, 4 Sep 2026",9395,DP World Women's T20 Asia Cup,2026,"Dubai International Stadium, Dubai",Women's T20I,2026-09-04,69944.0,NPAN Sakarini,right,98024.0,JTA Devi,right,2606.0,United Arab Emirates Women,off break,3.0,spin,2026-09-04 15:24:54,,,,,,,,107256410.0,343.0,80.0,132.0,3.0,1.0,1.0,False,False,True,False,,,,short,outside off,,pull,,,,,,,,keyword,1,,False,False,False,False,False,False,False,False,False,
1,2718,Indonesia Women,IDN,1,14,JTA Devi,6,1,0,54/4,5.00,13.07,13.6,0,0,Janani Devi to Desi Wulandari,,"Over the wicket. Length ball, outside off, front foot, drive along the ground to Lavanya Keny at extra cover. No run.",28804529-8ce3-40f7-840a-89785d897dcd,243708,"UAE W v Indonesia Women at Dubai, DP World Women's T20 Asia Cup, 4 Sep 2026",9395,DP World Women's T20 Asia Cup,2026,"Dubai International Stadium, Dubai",Women's T20I,2026-09-04,,,,,,,,,,,,,,,,,,,,,,,,,,,False,False,False,False,over the wicket,,,length ball,outside off,front foot,drive,along the ground,,extra cover,Lavanya Keny,,,,template_arm,0,,False,False,False,False,False,False,False,False,True,
1,2718,Indonesia Women,IDN,1,15,S Kotte,1,1,0,55/4,0.00,14.01,14.1,1,1ˡᵇ,"Kotte to Sakarini, 1 run",Suraksha Kotte takes the ball for their 2nd spell,"Suraksha Kotte fires in a full off-break on leg stump. Ni Sakarini sweeps and misses, the ball striking her pad and rolling to short fine leg for a leg bye.",28804529-8ce3-40f7-840a-89785d897dcd,243708,"UAE W v Indonesia Women at Dubai, DP World Women's T20 Asia Cup, 4 Sep 2026",9395,DP World Women's T20 Asia Cup,2026,"Dubai International Stadium, Dubai",Women's T20I,2026-09-04,,,,,,,,,,,,,,,,,,,,,,,,,,,False,False,False,False,,,,short,leg stump,,sweep,,,short fine leg,,,,,keyword,1,leg bye,False,False,False,False,True,False,False,False,False,
1,2718,Indonesia Women,IDN,1,15,S Kotte,1,1,0,55/4,0.00,14.02,14.2,0,0,"Kotte to Wulandari, no run",,"Suraksha Kotte tosses up an off break on a length outside off, and Desi Wulandari drives firmly but straight to Esha Oza at cover for a dot ball.",28804529-8ce3-40f7-840a-89785d897dcd,243708,"UAE W v Indonesia Women at Dubai, DP World Women's T20 Asia Cup, 4 Sep 2026",9395,DP World Women's T20 Asia Cup,2026,"Dubai International Stadium, Dubai",Women's T20I,2026-09-04,,,,,,,,,,,,,,,,,,,,,,,,,,,False,False,False,False,,,,,outside off,,drive,,,cover,,,,,keyword,0,,False,False,False,False,False,False,False,False,True,
1,2718,Indonesia Women,IDN,1,15,S Kotte,1,1,0,55/4,0.00,14.03,14.3,0,0,"Kotte to Wulandari, no run",,"Suraksha Kotte floats an off break full on off stump, and Desi Wulandari drives firmly but straight to Esha Oza at extra cover for a dot ball.",28804529-8ce3-40f7-840a-89785d897dcd,243708,"UAE W v Indonesia Women at Dubai, DP World Women's T20 Asia Cup, 4 Sep 2026",9395,DP World Women's T20 Asia Cup,2026,"Dubai International Stadium, Dubai",Women's T20I,2026-09-04,,,,,,,,,,,,,,,,,,,,,,,,,,,False,False,False,False,,,,full,off stump,,drive,,,extra cover,,,,,keyword,0,,False,False,False,False,False,False,False,False,True,
1,2718,Indonesia Women,IDN,1,15,S Kotte,1,1,0,55/4,0.00,14.04,14.4,0,0,Suraksha Kotte to Desi Wulandari,,"Over the wicket. Length ball, outside off, front foot, drive along the ground to Suraksha Kotte at bowler. No run.",28804529-8ce3-40f7-840a-89785d897dcd,243708,"UAE W v Indonesia Women at Dubai, DP World Women's T20 Asia Cup, 4 Sep 2026",9395,DP World Women's T20 Asia Cup,2026,"Dubai International Stadium, Dubai",Women's T20I,2026-09-04,,,,,,,,,,,,,,,,,,,,,,,,,,,False,False,False,False,over the wicket,,,length ball,outside off,front foot,drive,along the ground,,bowler,Suraksha Kotte,,,,template_arm,0,,False,False,False,False,False,False,False,False,True,
1,2718,Indonesia Women,IDN,1,15,S Kotte,1,1,0,55/4,0.00,14.05,14.5,0,0,"Kotte to Wulandari, no run",,"Suraksha Kotte's off break lands on middle stump on a length, and Desi Wulandari's mistimed flick is fielded by Lavanya Keny at short mid wicket for a dot ball.",28804529-8ce3-40f7-840a-89785d897dcd,243708,"UAE W v Indonesia Women at Dubai, DP World Women's T20 Asia Cup, 4 Sep 2026",9395,DP World Women's T20 Asia Cup,2026,"Dubai International Stadium, Dubai",Women's T20I,2026-09-04,,,,,,,,,,,,,,,,,,,,,,,,,,,False,False,False,False,,,,short,middle stump,,flick,,mistimed,short mid wicket,Lavanya Keny at short mid wicket for a dot ball,,,,keyword,0,,False,False,False,False,False,False,False,False,True,
1,2718,Indonesia Women,IDN,1,15,S Kotte,1,1,0,55/4,0.00,14.06,14.6,0,0,Suraksha Kotte to Desi Wulandari,,"Over the wicket. Length ball, outside off, back foot, drive. No run.",28804529-8ce3-40f7-840a-89785d897dcd,243708,"UAE W v Indonesia Women at Dubai, DP World Women's T20 Asia Cup, 4 Sep 2026",9395,DP World Women's T20 Asia Cup,2026,"Dubai International Stadium, Dubai",Women's T20I,2026-09-04,,,,,,,,,,,,,,,,,,,,,,,,,,,False,False,False,False,over the wicket,,,length ball,outside off,back foot,drive,,,,,,,,template_arm,0,,False,False,False,False,False,False,False,False,True,
1,2718,Indonesia Women,IDN,1,16,ER Oza,2,0,1,57/5,2.00,15.01,15.1,0,0,Esha Oza to Ni Sakarini,,"Over the wicket. Length ball, outside off, back foot, backward defensive along the ground to Esha Oza at bowler. No run.",28804529-8ce3-40f7-840a-89785d897dcd,243708,"UAE W v Indonesia Women at Dubai, DP World Women's T20 Asia Cup, 4 Sep 2026",9395,DP World Women's T20 Asia Cup,2026,"Dubai International Stadium, Dubai",Women's T20I,2026-09-04,,,,,,,,,,,,,,,,,,,,,,,,,,,False,False,False,False,over the wicket,,,length ball,outside off,back foot,backward defensive,along the ground,,bowler,Esha Oza,,,,template_arm,0,,False,False,False,False,False,False,False,False,True,
1,2718,Indonesia Women,IDN,1,16,ER Oza,2,0,1,57/5,2.00,15.02,15.2,1,1,"Oza to Sakarini, 1 run",,"Esha Oza sends down an off break outside off on a length, and Ni Sakarini sweeps it along the ground to deep square leg for a single.",28804529-8ce3-40f7-840a-89785d897dcd,243708,"UAE W v Indonesia Women at Dubai, DP World Women's T20 Asia Cup, 4 Sep 2026",9395,DP World Women's T20 Asia Cup,2026,"Dubai International Stadium, Dubai",Women's T20I,2026-09-04,69944.0,NPAN Sakarini,right,68199.0,ER Oza,right,2606.0,United Arab Emirates Women,off break,3.0,spin,2026-09-04 15:29:29,,,,,,,,107256495.0,354.0,80.0,139.0,3.0,1.0,1.0,False,False,True,False,,,,,outside off,,sweep,along the ground,,deep square leg,,,,,keyword,1,,False,False,False,False,False,False,False,False,False,
1,2718,Indonesia Women,IDN,1,16,ER Oza,2,0,1,57/5,2.00,15.03,15.3,0,0,"Oza to Wulandari, no run",,"Esha Oza flights an off break on a length outside off, and Desi Wulandari pushes it firmly towards backward point, where Archara Supriya fields cleanly for a dot ball.",28804529-8ce3-40f7-840a-89785d897dcd,243708,"UAE W v Indonesia Women at Dubai, DP World Women's T20 Asia Cup, 4 Sep 2026",9395,DP World Women's T20 Asia Cup,2026,"Dubai International Stadium, Dubai",Women's T20I,2026-09-04,,,,,,,,,,,,,,,,,,,,,,,,,,,False,False,False,False,,,,,outside off,,push,,,backward point,,,,,keyword,0,,False,False,False,False,False,False,False,False,True,
1,2718,Indonesia Women,IDN,1,16,ER Oza,2,0,1,57/5,2.00,15.04,15.4,0,0,Esha Oza to Desi Wulandari,,"Over the wicket. Full, outside off, front foot, drive. No run.",28804529-8ce3-40f7-840a-89785d897dcd,243708,"UAE W v Indonesia Women at Dubai, DP World Women's T20 Asia Cup, 4 Sep 2026",9395,DP World Women's T20 Asia Cup,2026,"Dubai International Stadium, Dubai",Women's T20I,2026-09-04,,,,,,,,,,,,,,,,,,,,,,,,,,,False,False,False,False,over the wicket,,,full,outside off,front foot,drive,,,,,,,,template_arm,0,,False,False,False,False,False,False,False,False,True,
1,2718,Indonesia Women,IDN,1,16,ER Oza,2,0,1,57/5,2.00,15.05,15.5,1,1,Esha Oza to Desi Wulandari,,"Over the wicket. Full, outside off, down the track, drive. 1 run.",28804529-8ce3-40f7-840a-89785d897dcd,243708,"UAE W v Indonesia Women at Dubai, DP World Women's T20 Asia Cup, 4 Sep 2026",9395,DP World Women's T20 Asia Cup,2026,"Dubai International Stadium, Dubai",Women's T20I,2026-09-04,84590.0,D Wulandari,right,68199.0,ER Oza,right,2606.0,United Arab Emirates Women,off break,3.0,spin,2026-09-04 15:31:38,,,,,,,,107256536.0,76.0,20.0,34.0,1.0,1.0,1.0,False,False,True,False,over the wicket,,,full,outside off,down the track,drive,,,,,,,,template_arm,1,,False,False,False,False,False,False,False,False,False,
1,2718,Indonesia Women,IDN,1,16,ER Oza,2,0,1,57/5,2.00,15.06,15.6,0,W,"Oza to Sakarini, out!",,"An off break on a length outside off, Ni Sakarini attempts a pull but misses. The umpire raises the finger, given leg before wicket. Ni Sakarini departs for a valuable 39 from 52 balls.",28804529-8ce3-40f7-840a-89785d897dcd,243708,"UAE W v Indonesia Women at Dubai, DP World Women's T20 Asia Cup, 4 Sep 2026",9395,DP World Women's T20 Asia Cup,2026,"Dubai International Stadium, Dubai",Women's T20I,2026-09-04,,,,,,,,,,,,,,,,,,,,,,,,,,,False,False,False,False,,,,,outside off,,pull,,,,,lbw,,,keyword,0,,True,False,False,False,False,False,False,False,False,commentary
1,2718,Indonesia Women,IDN,1,17,S Dharnidharka,6,0,1,63/6,6.00,16.01,16.1,1,1,Samaira Dharnidharka to Desi Wulandari,,"Over the wicket. Full, off stump, front foot, flick along the ground to Mehul Kulkarni at deep backward square leg. 1 run.",28804529-8ce3-40f7-840a-89785d897dcd,243708,"UAE W v Indonesia Women at Dubai, DP World Women's T20 Asia Cup, 4 Sep 2026",9395,DP World Women's T20 Asia Cup,2026,"Dubai International Stadium, Dubai",Women's T20I,2026-09-04,84590.0,D Wulandari,right,70062.0,S Dharnidharka,right,2606.0,United Arab Emirates Women,right pace,2.0,pace,2026-09-04 15:33:50,,,,,,,,107256578.0,16.0,75.0,126.0,2.0,1.0,1.0,False,False,True,False,over the wicket,,,full,off stump,front foot,flick,along the ground,,deep backward square leg,Mehul Kulkarni,,,,template_arm,1,,False,False,False,False,False,False,False,False,False,
1,2718,Indonesia Women,IDN,1,17,S Dharnidharka,6,0,1,63/6,6.00,16.02,16.2,1,1,"Dharnidharka to Kasse, 1 run",,"A length ball on off stump with no movement is worked neatly for a single, fielded by Lavanya Keny at mid-on. Kisi Kasse is off the mark.",28804529-8ce3-40f7-840a-89785d897dcd,243708,"UAE W v Indonesia Women at Dubai, DP World Women's T20 Asia Cup, 4 Sep 2026",9395,DP World Women's T20 Asia Cup,2026,"Dubai International Stadium, Dubai",Women's T20I,2026-09-04,82368.0,KS Kasse,right,70062.0,S Dharnidharka,right,2606.0,United Arab Emirates Women,right pace,2.0,pace,2026-09-04 15:34:26,,,,,,,,107256581.0,298.0,40.0,67.0,4.0,1.0,1.0,False,False,True,False,,,,length ball,off stump,no movement,work,,,,Lavanya Keny at mid-on,,,,keyword,1,,False,False,False,False,False,False,False,False,False,
1,2718,Indonesia Women,IDN,1,17,S Dharnidharka,6,0,1,63/6,6.00,16.03,16.3,0,0,Samaira Dharnidharka to Desi Wulandari,,"Over the wicket. Full, off stump, back foot, drive along the ground. No run.",28804529-8ce3-40f7-840a-89785d897dcd,243708,"UAE W v Indonesia Women at Dubai, DP World Women's T20 Asia Cup, 4 Sep 2026",9395,DP World Women's T20 Asia Cup,2026,"Dubai International Stadium, Dubai",Women's T20I,2026-09-04,,,,,,,,,,,,,,,,,,,,,,,,,,,False,False,False,False,over the wicket,,,full,off stump,back foot,drive,along the ground,,,,,,,template_arm,0,,False,False,False,False,False,False,False,False,True,
1,2718,Indonesia Women,IDN,1,17,S Dharnidharka,6,0,1,63/6,6.00,16.04,16.4,4,4,Samaira Dharnidharka to Desi Wulandari,,"Over the wicket. Length ball, outside off, front foot, drive. 4 runs.",28804529-8ce3-40f7-840a-89785d897dcd,243708,"UAE W v Indonesia Women at Dubai, DP World Women's T20 Asia Cup, 4 Sep 2026",9395,DP World Women's T20 Asia Cup,2026,"Dubai International Stadium, Dubai",Women's T20I,2026-09-04,84590.0,D Wulandari,right,70062.0,S Dharnidharka,right,2606.0,United Arab Emirates Women,right pace,2.0,pace,2026-09-04 15:35:42,,,,,,,,107256602.0,287.0,100.0,180.0,4.0,4.0,4.0,False,False,True,False,over the wicket,,,length ball,outside off,front foot,drive,,,,,,,,template_arm,4,,False,False,False,False,False,False,True,False,False,
1,2718,Indonesia Women,IDN,1,17,S Dharnidharka,6,0,1,63/6,6.00,16.05,16.5,0,0,"Dharnidharka to Wulandari, no run",,"A full ball outside off with no movement, Desi Wulandari drives but gets it straight off the bat-pad to extra cover, where Esha Oza fields cleanly. A dot ball.",28804529-8ce3-40f7-840a-89785d897dcd,243708,"UAE W v Indonesia Women at Dubai, DP World Women's T20 Asia Cup, 4 Sep 2026",9395,DP World Women's T20 Asia Cup,2026,"Dubai International Stadium, Dubai",Women's T20I,2026-09-04,,,,,,,,,,,,,,,,,,,,,,,,,,,False,False,False,False,,,,full,outside off,no movement,drive,,,extra cover,,,,,keyword,0,,False,False,False,False,False,False,False,False,True,
1,2718,Indonesia Women,IDN,1,17,S Dharnidharka,6,0,1,63/6,6.00,16.06,16.6,0,W,"Dharnidharka to Wulandari, out!",,"A length ball outside off with no movement, and Desi Wulandari swings hard but miscues the slog. She is caught by Lavanya Keny at mid-on for 12. Desi Wulandari’s innings ends on 12 from 28 balls.",28804529-8ce3-40f7-840a-89785d897dcd,243708,"UAE W v Indonesia Women at Dubai, DP World Women's T20 Asia Cup, 4 Sep 2026",9395,DP World Women's T20 Asia Cup,2026,"Dubai International Stadium, Dubai",Women's T20I,2026-09-04,,,,,,,,,,,,,,,,,,,,,,,,,,,False,False,False,True,,,,length ball,outside off,no movement,slog,,,,Lavanya Keny at mid-on for 12,caught,,,keyword,0,,True,False,False,False,False,False,False,False,False,commentary
1,2718,Indonesia Women,IDN,1,18,S Kotte,5,0,1,68/7,5.00,17.01,17.1,0,W,Suraksha Kotte to Kisi Kasse,,"Over the wicket. Length ball, outside off, front foot, sweep. OUT! Kisi Kasse lbw - 1(2)",28804529-8ce3-40f7-840a-89785d897dcd,243708,"UAE W v Indonesia Women at Dubai, DP World Women's T20 Asia Cup, 4 Sep 2026",9395,DP World Women's T20 Asia Cup,2026,"Dubai International Stadium, Dubai",Women's T20I,2026-09-04,,,,,,,,,,,,,,,,,,,,,,,,,,,False,False,False,False,over the wicket,,,length ball,outside off,front foot,sweep,,,,,lbw,Kisi Kasse,1,template_arm,0,,True,False,False,False,False,False,False,False,False,commentary
1,2718,Indonesia Women,IDN,1,18,S Kotte,5,0,1,68/7,5.00,17.02,17.2,1,1,"Kotte to Velic, 1 run",Sofia Velic heads to the crease. ,"Suraksha Kotte sends down an off-break full toss on off stump, and Sofia Velic’s flick catches a leading edge towards mid-off for a single, collected by Lavanya Keny. Sofia Velic gets off the mark.",28804529-8ce3-40f7-840a-89785d897dcd,243708,"UAE W v Indonesia Women at Dubai, DP World Women's T20 Asia Cup, 4 Sep 2026",9395,DP World Women's T20 Asia Cup,2026,"Dubai International Stadium, Dubai",Women's T20I,2026-09-04,102430.0,SK Velic,right,70013.0,S Kotte,right,2606.0,United Arab Emirates Women,off break,3.0,spin,2026-09-04 15:39:48,,,,,,,,107256668.0,254.0,35.0,61.0,5.0,1.0,1.0,False,False,True,False,,,,full toss,off stump,,flick,,,,,,,,keyword,1,,False,False,False,False,False,False,False,False,False,
1,2718,Indonesia Women,IDN,1,18,S Kotte,5,0,1,68/7,5.00,17.03,17.3,0,0,"Kotte to Suwandewi, no run",,"Suraksha Kotte delivers an off break on a length outside off, and Ni Made Putri Suwandewi drives firmly but straight to Lavanya Keny at mid-off for a dot ball.",28804529-8ce3-40f7-840a-89785d897dcd,243708,"UAE W v Indonesia Women at Dubai, DP World Women's T20 Asia Cup, 4 Sep 2026",9395,DP World Women's T20 Asia Cup,2026,"Dubai International Stadium, Dubai",Women's T20I,2026-09-04,,,,,,,,,,,,,,,,,,,,,,,,,,,False,False,False,False,,,,,outside off,,drive,,,,,,,,keyword,0,,False,False,False,False,False,False,False,False,True,
1,2718,Indonesia Women,IDN,1,18,S Kotte,5,0,1,68/7,5.00,17.04,17.4,4,4,"Kotte to Suwandewi, 4 runs",,"Suraksha Kotte sends down an off break on a length outside off. Ni Made Putri Suwandewi launches a well-timed, controlled slog-sweep through mid wicket for four. Ni Made Putri Suwandewi gets off the mark in style.",28804529-8ce3-40f7-840a-89785d897dcd,243708,"UAE W v Indonesia Women at Dubai, DP World Women's T20 Asia Cup, 4 Sep 2026",9395,DP World Women's T20 Asia Cup,2026,"Dubai International Stadium, Dubai",Women's T20I,2026-09-04,69910.0,NMP Suwandewi,right,70013.0,S Kotte,right,2606.0,United Arab Emirates Women,off break,3.0,spin,2026-09-04 15:40:39,,,,,,,,107256681.0,302.0,100.0,178.0,4.0,4.0,4.0,False,False,True,False,,,,,outside off,,slog sweep,,controlled,mid wicket,,,,,keyword,4,,False,False,False,False,False,False,True,False,False,
1,2718,Indonesia Women,IDN,1,18,S Kotte,5,0,1,68/7,5.00,17.05,17.5,0,0,Suraksha Kotte to Ni Made Putri Suwandewi,,"Round the wicket. Length ball, leg stump, front foot, forward defensive along the ground to Suraksha Kotte at bowler. No run.",28804529-8ce3-40f7-840a-89785d897dcd,243708,"UAE W v Indonesia Women at Dubai, DP World Women's T20 Asia Cup, 4 Sep 2026",9395,DP World Women's T20 Asia Cup,2026,"Dubai International Stadium, Dubai",Women's T20I,2026-09-04,,,,,,,,,,,,,,,,,,,,,,,,,,,False,False,False,False,round the wicket,,,length ball,leg stump,front foot,forward defensive,along the ground,,bowler,Suraksha Kotte,,,,template_arm,0,,False,False,False,False,False,False,False,False,True,
1,2718,Indonesia Women,IDN,1,18,S Kotte,5,0,1,68/7,5.00,17.06,17.6,0,0,Suraksha Kotte to Ni Made Putri Suwandewi,,"Round the wicket. Length ball, middle stump, front foot, pushed along the ground to Suraksha Kotte at bowler. No run.",28804529-8ce3-40f7-840a-89785d897dcd,243708,"UAE W v Indonesia Women at Dubai, DP World Women's T20 Asia Cup, 4 Sep 2026",9395,DP World Women's T20 Asia Cup,2026,"Dubai International Stadium, Dubai",Women's T20I,2026-09-04,,,,,,,,,,,,,,,,,,,,,,,,,,,False,False,False,False,round the wicket,,,length ball,middle stump,front foot,push,along the ground,,bowler,Suraksha Kotte,,,,template_arm,0,,False,False,False,False,False,False,False,False,True,
1,2718,Indonesia Women,IDN,1,19,HH Hotchandani,2,0,1,70/8,2.00,18.01,18.1,0,W,Heena Hotchandani to Sofia Velic,,"Round the wicket. Length ball, middle stump, front foot, flick along the ground to Theertha Satish at silly point. OUT! Sofia Velic lbw - 1(2)",28804529-8ce3-40f7-840a-89785d897dcd,243708,"UAE W v Indonesia Women at Dubai, DP World Women's T20 Asia Cup, 4 Sep 2026",9395,DP World Women's T20 Asia Cup,2026,"Dubai International Stadium, Dubai",Women's T20I,2026-09-04,,,,,,,,,,,,,,,,,,,,,,,,,,,False,False,False,False,round the wicket,,,length ball,middle stump,front foot,flick,along the ground,,silly point,Theertha Satish,lbw,Sofia Velic,1,template_arm,0,,True,False,False,False,False,False,False,False,False,commentary
1,2718,Indonesia Women,IDN,1,19,HH Hotchandani,2,0,1,70/8,2.00,18.02,18.2,1,1,"Hotchandani to Ariani, 1 run",Ni Kadek Ariani heads to the crease. ,"Heena Hotchandani sends down a stock ball outside off on a length. Ni Kadek Ariani drives, but miscues it into the deep, and the dropped chance allows a single. Ni Kadek Ariani gets off the mark.",28804529-8ce3-40f7-840a-89785d897dcd,243708,"UAE W v Indonesia Women at Dubai, DP World Women's T20 Asia Cup, 4 Sep 2026",9395,DP World Women's T20 Asia Cup,2026,"Dubai International Stadium, Dubai",Women's T20I,2026-09-04,79690.0,NK Ariani,right,68213.0,HH Hotchandani,left,2606.0,United Arab Emirates Women,left orthodox,5.0,spin,2026-09-04 15:43:57,,,,,,,,107256746.0,206.0,65.0,113.0,6.0,1.0,1.0,False,False,True,False,,,,,outside off,,drop,,,,,,,,keyword,1,,False,False,False,False,False,False,False,False,False,
1,2718,Indonesia Women,IDN,1,19,HH Hotchandani,2,0,1,70/8,2.00,18.03,18.3,0,0,"Hotchandani to Suwandewi, no run",,"A quicker length ball outside off, and Ni Made Putri Suwandewi attempts a defensive stroke but misses. No run.",28804529-8ce3-40f7-840a-89785d897dcd,243708,"UAE W v Indonesia Women at Dubai, DP World Women's T20 Asia Cup, 4 Sep 2026",9395,DP World Women's T20 Asia Cup,2026,"Dubai International Stadium, Dubai",Women's T20I,2026-09-04,,,,,,,,,,,,,,,,,,,,,,,,,,,False,False,False,False,,,,length ball,outside off,,,,,,,,,,keyword,0,,False,False,False,False,False,False,False,False,True,
1,2718,Indonesia Women,IDN,1,19,HH Hotchandani,2,0,1,70/8,2.00,18.04,18.4,0,0,Heena Hotchandani to Ni Made Putri Suwandewi,,"Round the wicket. Yorker, down leg, down the track, flick. No run.",28804529-8ce3-40f7-840a-89785d897dcd,243708,"UAE W v Indonesia Women at Dubai, DP World Women's T20 Asia Cup, 4 Sep 2026",9395,DP World Women's T20 Asia Cup,2026,"Dubai International Stadium, Dubai",Women's T20I,2026-09-04,,,,,,,,,,,,,,,,,,,,,,,,,,,False,False,False,False,round the wicket,,,yorker,down leg,down the track,flick,,,,,,,,template_arm,0,,False,False,False,False,False,False,False,False,True,
1,2718,Indonesia Women,IDN,1,19,HH Hotchandani,2,0,1,70/8,2.00,18.05,18.5,0,0,"Hotchandani to Suwandewi, no run",,"Hotchandani’s stock ball lands on a length outside off, and Ni Made Putri Suwandewi drives firmly but straight to Esha Oza at extra cover. No run.",28804529-8ce3-40f7-840a-89785d897dcd,243708,"UAE W v Indonesia Women at Dubai, DP World Women's T20 Asia Cup, 4 Sep 2026",9395,DP World Women's T20 Asia Cup,2026,"Dubai International Stadium, Dubai",Women's T20I,2026-09-04,,,,,,,,,,,,,,,,,,,,,,,,,,,False,False,False,False,,,,,outside off,,drive,,,extra cover,,,,,keyword,0,,False,False,False,False,False,False,False,False,True,
1,2718,Indonesia Women,IDN,1,19,HH Hotchandani,2,0,1,70/8,2.00,18.06,18.6,1,1,"Hotchandani to Suwandewi, 1 run",,"Heena Hotchandani sends down a stock length ball outside off, and Ni Made Putri Suwandewi drives it out to long off for a single.",28804529-8ce3-40f7-840a-89785d897dcd,243708,"UAE W v Indonesia Women at Dubai, DP World Women's T20 Asia Cup, 4 Sep 2026",9395,DP World Women's T20 Asia Cup,2026,"Dubai International Stadium, Dubai",Women's T20I,2026-09-04,69910.0,NMP Suwandewi,right,68213.0,HH Hotchandani,left,2606.0,United Arab Emirates Women,left orthodox,5.0,spin,2026-09-04 15:46:07,,,,,,,,107256774.0,255.0,80.0,141.0,5.0,1.0,1.0,False,False,True,False,,,,length ball,outside off,,drive,,,long off,,,,,keyword,1,,False,False,False,False,False,False,False,False,False,
1,2718,Indonesia Women,IDN,1,20,V Mahesh,3,0,2,73/10,4.50,19.01,19.1,2,2,"Mahesh to Suwandewi, 2 runs",Vaishnave Mahesh takes the ball for their 2nd spell,"Vaishnave Mahesh tosses up a length leg-spinner outside off, and Ni Made Putri Suwandewi drives firmly through deep extra cover for two. A direct hit comes in, but the batters make their ground safely.",28804529-8ce3-40f7-840a-89785d897dcd,243708,"UAE W v Indonesia Women at Dubai, DP World Women's T20 Asia Cup, 4 Sep 2026",9395,DP World Women's T20 Asia Cup,2026,"Dubai International Stadium, Dubai",Women's T20I,2026-09-04,69910.0,NMP Suwandewi,right,69999.0,V Mahesh,right,2606.0,United Arab Emirates Women,leg break,4.0,spin,2026-09-04 15:47:29,,,,,,,,107256799.0,232.0,75.0,130.0,5.0,2.0,2.0,False,False,True,False,,,,,outside off,,drive,,,deep extra cover,,,,,keyword,2,,False,False,False,False,False,False,False,False,False,
1,2718,Indonesia Women,IDN,1,20,V Mahesh,3,0,2,73/10,4.50,19.02,19.2,1,1,Vaishnave Mahesh to Ni Made Putri Suwandewi,,"Over the wicket. Back of a length, outside off, back foot, pull uncontrolled in air to Heena Hotchandani at mid on. 1 run.",28804529-8ce3-40f7-840a-89785d897dcd,243708,"UAE W v Indonesia Women at Dubai, DP World Women's T20 Asia Cup, 4 Sep 2026",9395,DP World Women's T20 Asia Cup,2026,"Dubai International Stadium, Dubai",Women's T20I,2026-09-04,69910.0,NMP Suwandewi,right,69999.0,V Mahesh,right,2606.0,United Arab Emirates Women,leg break,4.0,spin,2026-09-04 15:48:04,,,,,,,,107256804.0,285.0,55.0,96.0,4.0,1.0,1.0,False,False,True,False,over the wicket,,,back of a length,outside off,back foot,pull,uncontrolled in air,uncontrolled,mid on,Heena Hotchandani,,,,template_arm,1,,False,False,False,False,False,False,False,False,False,
1,2718,Indonesia Women,IDN,1,20,V Mahesh,3,0,2,73/10,4.50,19.03,19.3,0,W,"Mahesh to Ariani, out!",,"A length googly outside off, Ni Kadek Ariani attempts a sweep but misses, and the ball crashes into the stumps. She is bowled for 1 from 2 deliveries. Ni Kadek Ariani departs after making 1 off 2.",28804529-8ce3-40f7-840a-89785d897dcd,243708,"UAE W v Indonesia Women at Dubai, DP World Women's T20 Asia Cup, 4 Sep 2026",9395,DP World Women's T20 Asia Cup,2026,"Dubai International Stadium, Dubai",Women's T20I,2026-09-04,,,,,,,,,,,,,,,,,,,,,,,,,,,False,False,False,False,,,,,outside off,,sweep,,,,,bowled,and the ball crashes into the stumps. She is,1,keyword,0,,True,False,False,False,False,False,False,False,False,commentary
1,2718,Indonesia Women,IDN,1,20,V Mahesh,3,0,2,73/10,4.50,19.04,19.4,0,W,Vaishnave Mahesh to Sang Maypriani,,"Over the wicket. Length ball, outside off, front foot, drive uncontrolled in air to Janani Devi at cover. OUT! Sang Maypriani caught - 0(1)",28804529-8ce3-40f7-840a-89785d897dcd,243708,"UAE W v Indonesia Women at Dubai, DP World Women's T20 Asia Cup, 4 Sep 2026",9395,DP World Women's T20 Asia Cup,2026,"Dubai International Stadium, Dubai",Women's T20I,2026-09-04,,,,,,,,,,,,,,,,,,,,,,,,,,,False,False,False,True,over the wicket,,,length ball,outside off,front foot,drive,uncontrolled in air,uncontrolled,cover,Janani Devi,caught,Sang Maypriani,0,template_arm,0,,True,False,False,False,False,False,False,False,False,commentary
2,2606,United Arab Emirates Women,UAE,3,1,NMP Suwandewi,5,1,0,5/0,4.00,0.01,0.1,4,4,"Suwandewi to Satish, 4 runs",Theertha Satish and Esha Oza head out to the middle. Ni Made Putri Suwandewi takes the ball for their 1st spell,A swinging full toss on off stump is pulled away with excellent timing. Theertha Satish controls the shot through deep square leg for four. Theertha Satish gets off the mark in emphatic fashion.,28804529-8ce3-40f7-840a-89785d897dcd,243708,"UAE W v Indonesia Women at Dubai, DP World Women's T20 Asia Cup, 4 Sep 2026",9395,DP World Women's T20 Asia Cup,2026,"Dubai International Stadium, Dubai",Women's T20I,2026-09-04,75884.0,T Satish,left,69910.0,NMP Suwandewi,right,2718.0,Indonesia Women,right pace,2.0,pace,2026-09-04 16:05:21,,,,,,,,107257077.0,199.0,100.0,173.0,6.0,4.0,4.0,False,False,True,False,,,,full toss,off stump,,pull,,,deep square leg,,,,,keyword,4,,False,False,False,False,False,False,True,False,False,
2,2606,United Arab Emirates Women,UAE,3,1,NMP Suwandewi,5,1,0,5/0,4.00,0.02,0.2,0,0,"Suwandewi to Satish, no run",,"Ni Made Putri Suwandewi sends down a length ball swinging away on middle stump, and Theertha Satish drives without finding a gap for a dot ball.",28804529-8ce3-40f7-840a-89785d897dcd,243708,"UAE W v Indonesia Women at Dubai, DP World Women's T20 Asia Cup, 4 Sep 2026",9395,DP World Women's T20 Asia Cup,2026,"Dubai International Stadium, Dubai",Women's T20I,2026-09-04,,,,,,,,,,,,,,,,,,,,,,,,,,,False,False,False,False,,,,length ball,middle stump,,drive,,,,,,,,keyword,0,,False,False,False,False,False,False,False,False,True,
2,2606,United Arab Emirates Women,UAE,3,1,NMP Suwandewi,5,1,0,5/0,4.00,0.03,0.2,1,1ʷᵈ,"Suwandewi to Satish, 1 run (wide)",,"A swinging ball back of a length outside off slips wide of Theertha Satish and through to the wicketkeeper, Ni Sakarini, for an extra run.",28804529-8ce3-40f7-840a-89785d897dcd,243708,"UAE W v Indonesia Women at Dubai, DP World Women's T20 Asia Cup, 4 Sep 2026",9395,DP World Women's T20 Asia Cup,2026,"Dubai International Stadium, Dubai",Women's T20I,2026-09-04,,,,,,,,,,,,,,,,,,,,,,,,,,,False,False,False,False,,,,back of a length,outside off,,,,,wicketkeeper,,,,,keyword,1,wide,False,True,False,False,False,False,False,False,False,
2,2606,United Arab Emirates Women,UAE,3,1,NMP Suwandewi,5,1,0,5/0,4.00,0.04,0.3,0,0,Ni Made Putri Suwandewi to Theertha Satish,,"Over the wicket. Back of a length, leg stump, back foot, drive along the ground to Ni Rada Rani at cover. No run.",28804529-8ce3-40f7-840a-89785d897dcd,243708,"UAE W v Indonesia Women at Dubai, DP World Women's T20 Asia Cup, 4 Sep 2026",9395,DP World Women's T20 Asia Cup,2026,"Dubai International Stadium, Dubai",Women's T20I,2026-09-04,,,,,,,,,,,,,,,,,,,,,,,,,,,False,False,False,False,over the wicket,,,back of a length,leg stump,back foot,drive,along the ground,,cover,Ni Rada Rani,,,,template_arm,0,,False,False,False,False,False,False,False,False,True,
2,2606,United Arab Emirates Women,UAE,3,1,NMP Suwandewi,5,1,0,5/0,4.00,0.05,0.4,0,0,"Suwandewi to Satish, no run",,"Ni Made Putri Suwandewi sends a length ball swinging away on off stump. Theertha Satish drives it sweetly, but finds no gap, and it is a dot ball.",28804529-8ce3-40f7-840a-89785d897dcd,243708,"UAE W v Indonesia Women at Dubai, DP World Women's T20 Asia Cup, 4 Sep 2026",9395,DP World Women's T20 Asia Cup,2026,"Dubai International Stadium, Dubai",Women's T20I,2026-09-04,,,,,,,,,,,,,,,,,,,,,,,,,,,False,False,False,False,,,,length ball,off stump,,drive,,,,,,,,keyword,0,,False,False,False,False,False,False,False,False,True,
2,2606,United Arab Emirates Women,UAE,3,1,NMP Suwandewi,5,1,0,5/0,4.00,0.06,0.5,0,0,"Suwandewi to Satish, no run",,"A length ball swinging away down leg is pushed with the bottom edge, but the bowler fields it comfortably for no run.",28804529-8ce3-40f7-840a-89785d897dcd,243708,"UAE W v Indonesia Women at Dubai, DP World Women's T20 Asia Cup, 4 Sep 2026",9395,DP World Women's T20 Asia Cup,2026,"Dubai International Stadium, Dubai",Women's T20I,2026-09-04,,,,,,,,,,,,,,,,,,,,,,,,,,,False,False,False,False,,,,length ball,down leg,,push,,,,,,,,keyword,0,,False,False,False,False,False,False,False,False,True,
2,2606,United Arab Emirates Women,UAE,3,1,NMP Suwandewi,5,1,0,5/0,4.00,0.07,0.6,0,0,"Suwandewi to Satish, no run",,"A short ball swinging away down leg, Satish tries the pull but wears it on the body, and it is fielded at backward point for a dot ball. The UAE need 69 from 114 balls at 3.6 an over, with all ten wickets intact and a 94% WinViz advantage.",28804529-8ce3-40f7-840a-89785d897dcd,243708,"UAE W v Indonesia Women at Dubai, DP World Women's T20 Asia Cup, 4 Sep 2026",9395,DP World Women's T20 Asia Cup,2026,"Dubai International Stadium, Dubai",Women's T20I,2026-09-04,,,,,,,,,,,,,,,,,,,,,,,,,,,False,False,False,False,,,,short,down leg,,pull,,,backward point,,,,,keyword,0,,False,False,False,False,False,False,False,False,True,
2,2606,United Arab Emirates Women,UAE,3,2,NK Ariani,3,0,0,8/0,3.00,1.01,1.1,0,0,"Ariani to Oza, no run",Ni Kadek Ariani takes the ball for their 1st spell,"Ni Kadek Ariani sends down an off break outside off, back of a length. Esha Oza waits and guides a late cut, but it finds no gap, a dot ball.",28804529-8ce3-40f7-840a-89785d897dcd,243708,"UAE W v Indonesia Women at Dubai, DP World Women's T20 Asia Cup, 4 Sep 2026",9395,DP World Women's T20 Asia Cup,2026,"Dubai International Stadium, Dubai",Women's T20I,2026-09-04,,,,,,,,,,,,,,,,,,,,,,,,,,,False,False,False,False,,,,back of a length,outside off,,late cut,,,,,,,,keyword,0,,False,False,False,False,False,False,False,False,True,
2,2606,United Arab Emirates Women,UAE,3,2,NK Ariani,3,0,0,8/0,3.00,1.02,1.2,2,2,"Ariani to Oza, 2 runs",,"Ni Kadek Ariani turns one in on off stump, back of a length, and Esha Oza works it away for two through deep mid-wicket. Esha Oza is off the mark.",28804529-8ce3-40f7-840a-89785d897dcd,243708,"UAE W v Indonesia Women at Dubai, DP World Women's T20 Asia Cup, 4 Sep 2026",9395,DP World Women's T20 Asia Cup,2026,"Dubai International Stadium, Dubai",Women's T20I,2026-09-04,68199.0,ER Oza,right,79690.0,NK Ariani,right,2718.0,Indonesia Women,off break,3.0,spin,2026-09-04 16:10:16,,,,,,,,107257152.0,345.0,80.0,139.0,3.0,2.0,2.0,False,False,True,False,,,,back of a length,off stump,,work,,,,,,,,keyword,2,,False,False,False,False,False,False,False,False,False,
2,2606,United Arab Emirates Women,UAE,3,2,NK Ariani,3,0,0,8/0,3.00,1.03,1.3,0,0,Ni Kadek Ariani to Esha Oza,,"Over the wicket. Full toss, outside off, front foot, drive along the ground to Ni Luh Dewi at extra cover. No run.",28804529-8ce3-40f7-840a-89785d897dcd,243708,"UAE W v Indonesia Women at Dubai, DP World Women's T20 Asia Cup, 4 Sep 2026",9395,DP World Women's T20 Asia Cup,2026,"Dubai International Stadium, Dubai",Women's T20I,2026-09-04,,,,,,,,,,,,,,,,,,,,,,,,,,,False,False,False,False,over the wicket,,,full toss,outside off,front foot,drive,along the ground,,extra cover,Ni Luh Dewi,,,,template_arm,0,,False,False,False,False,False,False,False,False,True,
2,2606,United Arab Emirates Women,UAE,3,2,NK Ariani,3,0,0,8/0,3.00,1.04,1.4,0,0,"Ariani to Oza, no run",,"A short off-break outside off, cut firmly but straight to the fielders. No run for Esha Oza.",28804529-8ce3-40f7-840a-89785d897dcd,243708,"UAE W v Indonesia Women at Dubai, DP World Women's T20 Asia Cup, 4 Sep 2026",9395,DP World Women's T20 Asia Cup,2026,"Dubai International Stadium, Dubai",Women's T20I,2026-09-04,,,,,,,,,,,,,,,,,,,,,,,,,,,False,False,False,False,,,,short,outside off,,cut,,,,,,,,keyword,0,,False,False,False,False,False,False,False,False,True,
2,2606,United Arab Emirates Women,UAE,3,2,NK Ariani,3,0,0,8/0,3.00,1.05,1.5,1,1,Ni Kadek Ariani to Esha Oza,,"Over the wicket. Length ball, leg stump, front foot, scoop uncontrolled in air to Maria Corazon at short fine leg. 1 run.",28804529-8ce3-40f7-840a-89785d897dcd,243708,"UAE W v Indonesia Women at Dubai, DP World Women's T20 Asia Cup, 4 Sep 2026",9395,DP World Women's T20 Asia Cup,2026,"Dubai International Stadium, Dubai",Women's T20I,2026-09-04,68199.0,ER Oza,right,79690.0,NK Ariani,right,2718.0,Indonesia Women,off break,3.0,spin,2026-09-04 16:11:30,,,,,,,,107257171.0,58.0,35.0,54.0,1.0,1.0,1.0,False,False,True,False,over the wicket,,,length ball,leg stump,front foot,,uncontrolled in air,uncontrolled,short fine leg,Maria Corazon,,,,template_arm,1,,False,False,False,False,False,False,False,False,False,
2,2606,United Arab Emirates Women,UAE,3,2,NK Ariani,3,0,0,8/0,3.00,1.06,1.6,0,0,"Ariani to Satish, no run",,"The off break lands outside off on a length, and Theertha Satish attempts a cut but misses through to the wicketkeeper for a dot ball. United Arab Emirates Women need 66 from 108 balls at 3.7 an over, with all ten wickets intact and a 91% WinViz chance.",28804529-8ce3-40f7-840a-89785d897dcd,243708,"UAE W v Indonesia Women at Dubai, DP World Women's T20 Asia Cup, 4 Sep 2026",9395,DP World Women's T20 Asia Cup,2026,"Dubai International Stadium, Dubai",Women's T20I,2026-09-04,,,,,,,,,,,,,,,,,,,,,,,,,,,False,False,False,False,,,,,outside off,,cut,,,wicketkeeper,,,,,keyword,0,,False,False,False,False,False,False,False,False,True,
2,2606,United Arab Emirates Women,UAE,3,3,SAN Maypriani,7,0,0,15/0,7.00,2.01,2.1,0,0,Sang Maypriani to Esha Oza,,"Over the wicket. Back of a length, outside off, back foot, late cut along the ground. No run.",28804529-8ce3-40f7-840a-89785d897dcd,243708,"UAE W v Indonesia Women at Dubai, DP World Women's T20 Asia Cup, 4 Sep 2026",9395,DP World Women's T20 Asia Cup,2026,"Dubai International Stadium, Dubai",Women's T20I,2026-09-04,,,,,,,,,,,,,,,,,,,,,,,,,,,False,False,False,False,over the wicket,,,back of a length,outside off,back foot,late cut,along the ground,,,,,,,template_arm,0,,False,False,False,False,False,False,False,False,True,
2,2606,United Arab Emirates Women,UAE,3,3,SAN Maypriani,7,0,0,15/0,7.00,2.02,2.2,0,0,"Maypriani to Oza, no run",,"Sang Maypriani sends down an off-break on a length outside off, and Esha Oza defends it safely. No run.",28804529-8ce3-40f7-840a-89785d897dcd,243708,"UAE W v Indonesia Women at Dubai, DP World Women's T20 Asia Cup, 4 Sep 2026",9395,DP World Women's T20 Asia Cup,2026,"Dubai International Stadium, Dubai",Women's T20I,2026-09-04,,,,,,,,,,,,,,,,,,,,,,,,,,,False,False,False,False,,,,,outside off,,,,,,,,,,keyword,0,,False,False,False,False,False,False,False,False,True,
2,2606,United Arab Emirates Women,UAE,3,3,SAN Maypriani,7,0,0,15/0,7.00,2.03,2.3,1,1,"Maypriani to Oza, 1 run",,"Sang Maypriani sends down an off break on a length outside off, and Esha Oza pushes it away for a single.",28804529-8ce3-40f7-840a-89785d897dcd,243708,"UAE W v Indonesia Women at Dubai, DP World Women's T20 Asia Cup, 4 Sep 2026",9395,DP World Women's T20 Asia Cup,2026,"Dubai International Stadium, Dubai",Women's T20I,2026-09-04,68199.0,ER Oza,right,82365.0,SAN Maypriani,right,2718.0,Indonesia Women,off break,3.0,spin,2026-09-04 16:14:23,,,,,,,,107257213.0,153.0,15.0,24.0,7.0,1.0,1.0,False,False,True,False,,,,,outside off,,push,,,,,,,,keyword,1,,False,False,False,False,False,False,False,False,False,
2,2606,United Arab Emirates Women,UAE,3,3,SAN Maypriani,7,0,0,15/0,7.00,2.04,2.4,0,0,Sang Maypriani to Theertha Satish,,"Round the wicket. Back of a length, off stump, back foot, drive along the ground to Rahmawati Pangestuti at extra cover. No run.",28804529-8ce3-40f7-840a-89785d897dcd,243708,"UAE W v Indonesia Women at Dubai, DP World Women's T20 Asia Cup, 4 Sep 2026",9395,DP World Women's T20 Asia Cup,2026,"Dubai International Stadium, Dubai",Women's T20I,2026-09-04,,,,,,,,,,,,,,,,,,,,,,,,,,,False,False,False,False,round the wicket,,,back of a length,off stump,back foot,drive,along the ground,,extra cover,Rahmawati Pangestuti,,,,template_arm,0,,False,False,False,False,False,False,False,False,True,
2,2606,United Arab Emirates Women,UAE,3,3,SAN Maypriani,7,0,0,15/0,7.00,2.05,2.5,4,4,"Maypriani to Satish, 4 runs",,"Sang Maypriani offers an off break outside off on a length, and Theertha Satish drives it sweetly through extra cover for four.",28804529-8ce3-40f7-840a-89785d897dcd,243708,"UAE W v Indonesia Women at Dubai, DP World Women's T20 Asia Cup, 4 Sep 2026",9395,DP World Women's T20 Asia Cup,2026,"Dubai International Stadium, Dubai",Women's T20I,2026-09-04,75884.0,T Satish,left,82365.0,SAN Maypriani,right,2718.0,Indonesia Women,off break,3.0,spin,2026-09-04 16:15:35,,,,,,,,107257233.0,312.0,100.0,177.0,4.0,4.0,4.0,False,False,True,False,,,,,outside off,,drive,,,extra cover,,,,,keyword,4,,False,False,False,False,False,False,True,False,False,
2,2606,United Arab Emirates Women,UAE,3,3,SAN Maypriani,7,0,0,15/0,7.00,2.06,2.6,2,2,"Maypriani to Satish, 2 runs",,"An off break on a length outside off, driven sweetly by Theertha Satish through deep cover for two. Ni Luh Dewi fields it in the deep. The UAE need 59 from 102 balls, with all ten wickets intact and a 90 percent win probability.",28804529-8ce3-40f7-840a-89785d897dcd,243708,"UAE W v Indonesia Women at Dubai, DP World Women's T20 Asia Cup, 4 Sep 2026",9395,DP World Women's T20 Asia Cup,2026,"Dubai International Stadium, Dubai",Women's T20I,2026-09-04,75884.0,T Satish,left,82365.0,SAN Maypriani,right,2718.0,Indonesia Women,off break,3.0,spin,2026-09-04 16:16:18,,,,,,,,107257246.0,342.0,75.0,129.0,3.0,2.0,2.0,False,False,True,False,,,,,outside off,,drive,,,deep cover,,,,,keyword,2,,False,False,False,False,False,False,False,False,False,
2,2606,United Arab Emirates Women,UAE,3,4,NK Ariani,2,0,0,17/0,2.00,3.01,3.1,0,0,Ni Kadek Ariani to Esha Oza,,"Over the wicket. Full, outside off, front foot, drive. No run.",28804529-8ce3-40f7-840a-89785d897dcd,243708,"UAE W v Indonesia Women at Dubai, DP World Women's T20 Asia Cup, 4 Sep 2026",9395,DP World Women's T20 Asia Cup,2026,"Dubai International Stadium, Dubai",Women's T20I,2026-09-04,,,,,,,,,,,,,,,,,,,,,,,,,,,False,False,False,False,over the wicket,,,full,outside off,front foot,drive,,,,,,,,template_arm,0,,False,False,False,False,False,False,False,False,True,
2,2606,United Arab Emirates Women,UAE,3,4,NK Ariani,2,0,0,17/0,2.00,3.02,3.2,0,0,"Ariani to Oza, no run",,"Ni Kadek Ariani bowls an off break outside off on a length, and Esha Oza drives firmly but straight to mid-off, where Ni Rada Rani fields cleanly for a dot ball.",28804529-8ce3-40f7-840a-89785d897dcd,243708,"UAE W v Indonesia Women at Dubai, DP World Women's T20 Asia Cup, 4 Sep 2026",9395,DP World Women's T20 Asia Cup,2026,"Dubai International Stadium, Dubai",Women's T20I,2026-09-04,,,,,,,,,,,,,,,,,,,,,,,,,,,False,False,False,False,,,,,outside off,,drive,,,,,,,,keyword,0,,False,False,False,False,False,False,False,False,True,
2,2606,United Arab Emirates Women,UAE,3,4,NK Ariani,2,0,0,17/0,2.00,3.03,3.3,1,1,Ni Kadek Ariani to Esha Oza,,"Over the wicket. Back of a length, outside off, back foot, worked along the ground. 1 run.",28804529-8ce3-40f7-840a-89785d897dcd,243708,"UAE W v Indonesia Women at Dubai, DP World Women's T20 Asia Cup, 4 Sep 2026",9395,DP World Women's T20 Asia Cup,2026,"Dubai International Stadium, Dubai",Women's T20I,2026-09-04,68199.0,ER Oza,right,79690.0,NK Ariani,right,2718.0,Indonesia Women,off break,3.0,spin,2026-09-04 16:18:08,,,,,,,,107257282.0,327.0,25.0,46.0,3.0,1.0,1.0,False,False,True,False,over the wicket,,,back of a length,outside off,back foot,work,along the ground,,,,,,,template_arm,1,,False,False,False,False,False,False,False,False,False,
2,2606,United Arab Emirates Women,UAE,3,4,NK Ariani,2,0,0,17/0,2.00,3.04,3.4,1,1,Ni Kadek Ariani to Theertha Satish,,"Round the wicket. Full toss, down leg, front foot, drive along the ground to Kisi Kasse at long on. 1 run.",28804529-8ce3-40f7-840a-89785d897dcd,243708,"UAE W v Indonesia Women at Dubai, DP World Women's T20 Asia Cup, 4 Sep 2026",9395,DP World Women's T20 Asia Cup,2026,"Dubai International Stadium, Dubai",Women's T20I,2026-09-04,75884.0,T Satish,left,79690.0,NK Ariani,right,2718.0,Indonesia Women,off break,3.0,spin,2026-09-04 16:18:49,,,,,,,,107257296.0,258.0,75.0,137.0,5.0,1.0,1.0,False,False,True,False,round the wicket,,,full toss,down leg,front foot,drive,along the ground,,long on,Kisi Kasse,,,,template_arm,1,,False,False,False,False,False,False,False,False,False,
2,2606,United Arab Emirates Women,UAE,3,4,NK Ariani,2,0,0,17/0,2.00,3.05,3.5,0,0,"Ariani to Oza, no run",,"An off break on a length outside off, Esha Oza gets right behind it and defends firmly for a dot ball.",28804529-8ce3-40f7-840a-89785d897dcd,243708,"UAE W v Indonesia Women at Dubai, DP World Women's T20 Asia Cup, 4 Sep 2026",9395,DP World Women's T20 Asia Cup,2026,"Dubai International Stadium, Dubai",Women's T20I,2026-09-04,,,,,,,,,,,,,,,,,,,,,,,,,,,False,False,False,False,,,,,outside off,,,,,,,,,,keyword,0,,False,False,False,False,False,False,False,False,True,
2,2606,United Arab Emirates Women,UAE,3,4,NK Ariani,2,0,0,17/0,2.00,3.06,3.6,0,0,Ni Kadek Ariani to Esha Oza,,"Over the wicket. Full, outside off, front foot, drive uncontrolled in air to Sofia Velic at mid off. No run.",28804529-8ce3-40f7-840a-89785d897dcd,243708,"UAE W v Indonesia Women at Dubai, DP World Women's T20 Asia Cup, 4 Sep 2026",9395,DP World Women's T20 Asia Cup,2026,"Dubai International Stadium, Dubai",Women's T20I,2026-09-04,,,,,,,,,,,,,,,,,,,,,,,,,,,False,False,False,False,over the wicket,,,full,outside off,front foot,drive,uncontrolled in air,uncontrolled,mid off,Sofia Velic,,,,template_arm,0,,False,False,False,False,False,False,False,False,True,
2,2606,United Arab Emirates Women,UAE,3,5,SAN Maypriani,3,0,1,20/1,3.00,4.01,4.1,0,W,"Maypriani to Satish, out!",Sang Maypriani continues their spell,"An off break on off stump, back of a length, is cut but mis-timed into the air. Theertha Satish attempts the cut, but the uncontrolled shot is caught by Ni Luh Dewi at extra cover, and she is out. Theertha Satish departs for 11 from 12 balls.",28804529-8ce3-40f7-840a-89785d897dcd,243708,"UAE W v Indonesia Women at Dubai, DP World Women's T20 Asia Cup, 4 Sep 2026",9395,DP World Women's T20 Asia Cup,2026,"Dubai International Stadium, Dubai",Women's T20I,2026-09-04,,,,,,,,,,,,,,,,,,,,,,,,,,,False,False,False,True,,,,back of a length,off stump,,cut,,uncontrolled,extra cover,Ni Luh Dewi at extra cover,caught,,,keyword,0,,True,False,False,False,False,False,False,False,False,commentary
2,2606,United Arab Emirates Women,UAE,3,5,SAN Maypriani,3,0,1,20/1,3.00,4.02,4.2,0,0,"Maypriani to Rajith, no run",Rinitha Rajith heads to the crease. ,"The off break lands on a length outside off, and Rinitha Rajith pushes it firmly towards cover, where Ni Kadek Ariani fields cleanly for a dot ball.",28804529-8ce3-40f7-840a-89785d897dcd,243708,"UAE W v Indonesia Women at Dubai, DP World Women's T20 Asia Cup, 4 Sep 2026",9395,DP World Women's T20 Asia Cup,2026,"Dubai International Stadium, Dubai",Women's T20I,2026-09-04,,,,,,,,,,,,,,,,,,,,,,,,,,,False,False,False,False,,,,,outside off,,push,,,cover,,,,,keyword,0,,False,False,False,False,False,False,False,False,True,
2,2606,United Arab Emirates Women,UAE,3,5,SAN Maypriani,3,0,1,20/1,3.00,4.03,4.3,1,1,"Maypriani to Rajith, 1 run",,"An off break on off stump, a length ball, and Rinitha Rajith sweeps, catching it off the bat-pad for a single. Rinitha Rajith gets off the mark.",28804529-8ce3-40f7-840a-89785d897dcd,243708,"UAE W v Indonesia Women at Dubai, DP World Women's T20 Asia Cup, 4 Sep 2026",9395,DP World Women's T20 Asia Cup,2026,"Dubai International Stadium, Dubai",Women's T20I,2026-09-04,76967.0,R Rajith,right,82365.0,SAN Maypriani,right,2718.0,Indonesia Women,off break,3.0,spin,2026-09-04 16:23:03,,,,,,,,107257359.0,28.0,25.0,41.0,2.0,1.0,1.0,False,False,True,False,,,,length ball,off stump,,sweep,,,,,,,,keyword,1,,False,False,False,False,False,False,False,False,False,
2,2606,United Arab Emirates Women,UAE,3,5,SAN Maypriani,3,0,1,20/1,3.00,4.04,4.4,1,1,Sang Maypriani to Esha Oza,,"Over the wicket. Short, outside off, back foot, worked along the ground. 1 run.",28804529-8ce3-40f7-840a-89785d897dcd,243708,"UAE W v Indonesia Women at Dubai, DP World Women's T20 Asia Cup, 4 Sep 2026",9395,DP World Women's T20 Asia Cup,2026,"Dubai International Stadium, Dubai",Women's T20I,2026-09-04,68199.0,ER Oza,right,82365.0,SAN Maypriani,right,2718.0,Indonesia Women,off break,3.0,spin,2026-09-04 16:23:34,,,,,,,,107257363.0,292.0,80.0,145.0,4.0,1.0,1.0,False,False,True,False,over the wicket,,,short,outside off,back foot,work,along the ground,,,,,,,template_arm,1,,False,False,False,False,False,False,False,False,False,
2,2606,United Arab Emirates Women,UAE,3,5,SAN Maypriani,3,0,1,20/1,3.00,4.05,4.5,1,1,"Maypriani to Rajith, 1 run",,"Sang Maypriani floats an off break full and outside off, and Rinitha Rajith launches a controlled slog for a single.",28804529-8ce3-40f7-840a-89785d897dcd,243708,"UAE W v Indonesia Women at Dubai, DP World Women's T20 Asia Cup, 4 Sep 2026",9395,DP World Women's T20 Asia Cup,2026,"Dubai International Stadium, Dubai",Women's T20I,2026-09-04,76967.0,R Rajith,right,82365.0,SAN Maypriani,right,2718.0,Indonesia Women,off break,3.0,spin,2026-09-04 16:24:01,,,,,,,,107257369.0,288.0,75.0,139.0,4.0,1.0,1.0,False,False,True,False,,,,full,outside off,,slog,,controlled,,,,,,keyword,1,,False,False,False,False,False,False,False,False,False,
2,2606,United Arab Emirates Women,UAE,3,5,SAN Maypriani,3,0,1,20/1,3.00,4.06,4.6,0,0,Sang Maypriani to Esha Oza,,"Over the wicket. Length ball, outside off, front foot, drive along the ground. No run.",28804529-8ce3-40f7-840a-89785d897dcd,243708,"UAE W v Indonesia Women at Dubai, DP World Women's T20 Asia Cup, 4 Sep 2026",9395,DP World Women's T20 Asia Cup,2026,"Dubai International Stadium, Dubai",Women's T20I,2026-09-04,,,,,,,,,,,,,,,,,,,,,,,,,,,False,False,False,False,over the wicket,,,length ball,outside off,front foot,drive,along the ground,,,,,,,template_arm,0,,False,False,False,False,False,False,False,False,True,
2,2606,United Arab Emirates Women,UAE,3,6,NLKWR Dewi,9,0,0,29/1,9.00,5.01,5.1,0,0,Ni Luh Dewi to Rinitha Rajith,,"Over the wicket. Length ball, outside off, front foot, pushed. No run.",28804529-8ce3-40f7-840a-89785d897dcd,243708,"UAE W v Indonesia Women at Dubai, DP World Women's T20 Asia Cup, 4 Sep 2026",9395,DP World Women's T20 Asia Cup,2026,"Dubai International Stadium, Dubai",Women's T20I,2026-09-04,,,,,,,,,,,,,,,,,,,,,,,,,,,False,False,False,False,over the wicket,,,length ball,outside off,front foot,push,,,,,,,,template_arm,0,,False,False,False,False,False,False,False,False,True,
2,2606,United Arab Emirates Women,UAE,3,6,NLKWR Dewi,9,0,0,29/1,9.00,5.02,5.2,0,0,Ni Luh Dewi to Rinitha Rajith,,"Over the wicket. Full, outside off, down the track, worked along the ground to Ni Luh Dewi at bowler. No run.",28804529-8ce3-40f7-840a-89785d897dcd,243708,"UAE W v Indonesia Women at Dubai, DP World Women's T20 Asia Cup, 4 Sep 2026",9395,DP World Women's T20 Asia Cup,2026,"Dubai International Stadium, Dubai",Women's T20I,2026-09-04,,,,,,,,,,,,,,,,,,,,,,,,,,,False,False,False,False,over the wicket,,,full,outside off,down the track,work,along the ground,,bowler,Ni Luh Dewi,,,,template_arm,0,,False,False,False,False,False,False,False,False,True,
2,2606,United Arab Emirates Women,UAE,3,6,NLKWR Dewi,9,0,0,29/1,9.00,5.03,5.3,1,1,"Dewi to Rajith, 1 run",,"A length ball wide outside off, with no movement, is driven uppishly and miscued. Sofia Velic spills the chance at extra cover, and the batters scamper a single.",28804529-8ce3-40f7-840a-89785d897dcd,243708,"UAE W v Indonesia Women at Dubai, DP World Women's T20 Asia Cup, 4 Sep 2026",9395,DP World Women's T20 Asia Cup,2026,"Dubai International Stadium, Dubai",Women's T20I,2026-09-04,76967.0,R Rajith,right,79692.0,NLKWR Dewi,right,2718.0,Indonesia Women,right pace,2.0,pace,2026-09-04 16:26:56,,,,,,,,107257414.0,211.0,40.0,70.0,6.0,1.0,1.0,False,False,True,False,,,,length ball,wide outside off,no movement,drive,,,extra cover,,,,,keyword,1,,False,False,False,False,False,False,False,False,False,
2,2606,United Arab Emirates Women,UAE,3,6,NLKWR Dewi,9,0,0,29/1,9.00,5.04,5.4,4,4,"Dewi to Oza, 4 runs",,"A length ball wide outside off with no movement, and Esha Oza drives it crisply through cover for four. It is a controlled, well-timed stroke that races away to the boundary.",28804529-8ce3-40f7-840a-89785d897dcd,243708,"UAE W v Indonesia Women at Dubai, DP World Women's T20 Asia Cup, 4 Sep 2026",9395,DP World Women's T20 Asia Cup,2026,"Dubai International Stadium, Dubai",Women's T20I,2026-09-04,68199.0,ER Oza,right,79692.0,NLKWR Dewi,right,2718.0,Indonesia Women,right pace,2.0,pace,2026-09-04 16:27:33,,,,,,,,107257416.0,192.0,100.0,172.0,6.0,4.0,4.0,False,False,True,False,,,,length ball,wide outside off,no movement,drive,,controlled,cover,,,,,keyword,4,,False,False,False,False,False,False,True,False,False,
2,2606,United Arab Emirates Women,UAE,3,6,NLKWR Dewi,9,0,0,29/1,9.00,5.05,5.5,4,4,"Dewi to Oza, 4 runs",,"A length ball with no movement, right on off stump, is met by Esha Oza with a well-timed drive. Controlled through long on, it races away for four. Esha Oza finds the boundary again, her second four of the over.",28804529-8ce3-40f7-840a-89785d897dcd,243708,"UAE W v Indonesia Women at Dubai, DP World Women's T20 Asia Cup, 4 Sep 2026",9395,DP World Women's T20 Asia Cup,2026,"Dubai International Stadium, Dubai",Women's T20I,2026-09-04,68199.0,ER Oza,right,79692.0,NLKWR Dewi,right,2718.0,Indonesia Women,right pace,2.0,pace,2026-09-04 16:28:13,,,,,,,,107257426.0,295.0,100.0,179.0,4.0,4.0,4.0,False,False,True,False,,,,length ball,off stump,no movement,drive,,controlled,long on,,,,,keyword,4,,False,False,False,False,False,False,True,False,False,
2,2606,United Arab Emirates Women,UAE,3,6,NLKWR Dewi,9,0,0,29/1,9.00,5.06,5.6,0,0,"Dewi to Oza, no run",,"A full ball outside off with no movement, Esha Oza drives firmly but finds Ni Kadek Ariani at mid-on, and it is a dot ball. The UAE Women need 45 from 84 balls, with nine wickets in hand and a required rate of 3.2. WinViz gives them an 89% chance of victory.",28804529-8ce3-40f7-840a-89785d897dcd,243708,"UAE W v Indonesia Women at Dubai, DP World Women's T20 Asia Cup, 4 Sep 2026",9395,DP World Women's T20 Asia Cup,2026,"Dubai International Stadium, Dubai",Women's T20I,2026-09-04,,,,,,,,,,,,,,,,,,,,,,,,,,,False,False,False,False,,,,full,outside off,no movement,drive,,,,,,,,keyword,0,,False,False,False,False,False,False,False,False,True,
2,2606,United Arab Emirates Women,UAE,3,7,SK Velic,5,0,0,34/1,5.00,6.01,6.1,1,1,"Velic to Rajith, 1 run",Sofia Velic takes the ball for their 1st spell,"Sofia Velic floats a full leg-spinner on middle stump, and Rinitha Rajith drives it neatly for a single.",28804529-8ce3-40f7-840a-89785d897dcd,243708,"UAE W v Indonesia Women at Dubai, DP World Women's T20 Asia Cup, 4 Sep 2026",9395,DP World Women's T20 Asia Cup,2026,"Dubai International Stadium, Dubai",Women's T20I,2026-09-04,76967.0,R Rajith,right,102430.0,SK Velic,right,2718.0,Indonesia Women,leg break,4.0,spin,2026-09-04 16:30:31,,,,,,,,107257460.0,285.0,80.0,142.0,4.0,1.0,1.0,False,False,True,False,,,,full,middle stump,,drive,,,,,,,,keyword,1,,False,False,False,False,False,False,False,False,False,
2,2606,United Arab Emirates Women,UAE,3,7,SK Velic,5,0,0,34/1,5.00,6.02,6.2,1,1,"Velic to Oza, 1 run",,"Sofia Velic turns one in on off stump from a back-of-a-length spot, and Esha Oza works it neatly away for a single.",28804529-8ce3-40f7-840a-89785d897dcd,243708,"UAE W v Indonesia Women at Dubai, DP World Women's T20 Asia Cup, 4 Sep 2026",9395,DP World Women's T20 Asia Cup,2026,"Dubai International Stadium, Dubai",Women's T20I,2026-09-04,68199.0,ER Oza,right,102430.0,SK Velic,right,2718.0,Indonesia Women,leg break,4.0,spin,2026-09-04 16:30:59,,,,,,,,107257462.0,284.0,75.0,139.0,4.0,1.0,1.0,False,False,True,False,,,,,off stump,,work,,,,,,,,keyword,1,,False,False,False,False,False,False,False,False,False,
2,2606,United Arab Emirates Women,UAE,3,7,SK Velic,5,0,0,34/1,5.00,6.03,6.3,1,1,"Velic to Rajith, 1 run",,"Sofia Velic sends down a length leg-spinner outside off, and Rinitha Rajith miscues the sweep into the deep square-leg region for a single, safely controlled in the air.",28804529-8ce3-40f7-840a-89785d897dcd,243708,"UAE W v Indonesia Women at Dubai, DP World Women's T20 Asia Cup, 4 Sep 2026",9395,DP World Women's T20 Asia Cup,2026,"Dubai International Stadium, Dubai",Women's T20I,2026-09-04,76967.0,R Rajith,right,102430.0,SK Velic,right,2718.0,Indonesia Women,leg break,4.0,spin,2026-09-04 16:31:25,,,,,,,,107257467.0,331.0,80.0,136.0,3.0,1.0,1.0,False,False,True,False,,,,,outside off,,sweep,,controlled,,,,,,keyword,1,,False,False,False,False,False,False,False,False,False,
2,2606,United Arab Emirates Women,UAE,3,7,SK Velic,5,0,0,34/1,5.00,6.04,6.4,1,1,Sofia Velic to Esha Oza,,"Over the wicket. Back of a length, off stump, back foot, pull along the ground. 1 run.",28804529-8ce3-40f7-840a-89785d897dcd,243708,"UAE W v Indonesia Women at Dubai, DP World Women's T20 Asia Cup, 4 Sep 2026",9395,DP World Women's T20 Asia Cup,2026,"Dubai International Stadium, Dubai",Women's T20I,2026-09-04,68199.0,ER Oza,right,102430.0,SK Velic,right,2718.0,Indonesia Women,leg break,4.0,spin,2026-09-04 16:31:52,,,,,,,,107257472.0,295.0,80.0,140.0,4.0,1.0,1.0,False,False,True,False,over the wicket,,,back of a length,off stump,back foot,pull,along the ground,,,,,,,template_arm,1,,False,False,False,False,False,False,False,False,False,
2,2606,United Arab Emirates Women,UAE,3,7,SK Velic,5,0,0,34/1,5.00,6.05,6.5,1,1,"Velic to Rajith, 1 run",,"Sofia Velic sends down a length leg-break outside off, and Rinitha Rajith defends it into the cover region before taking a single.",28804529-8ce3-40f7-840a-89785d897dcd,243708,"UAE W v Indonesia Women at Dubai, DP World Women's T20 Asia Cup, 4 Sep 2026",9395,DP World Women's T20 Asia Cup,2026,"Dubai International Stadium, Dubai",Women's T20I,2026-09-04,76967.0,R Rajith,right,102430.0,SK Velic,right,2718.0,Indonesia Women,leg break,4.0,spin,2026-09-04 16:32:23,,,,,,,,107257482.0,200.0,20.0,37.0,6.0,1.0,1.0,False,False,True,False,,,,,outside off,,,,,cover,,,,,keyword,1,,False,False,False,False,False,False,False,False,False,
2,2606,United Arab Emirates Women,UAE,3,7,SK Velic,5,0,0,34/1,5.00,6.06,6.6,0,0,Sofia Velic to Esha Oza,,"Over the wicket. Full, down leg, front foot, sweep along the ground to Maria Corazon at short fine leg. No run.",28804529-8ce3-40f7-840a-89785d897dcd,243708,"UAE W v Indonesia Women at Dubai, DP World Women's T20 Asia Cup, 4 Sep 2026",9395,DP World Women's T20 Asia Cup,2026,"Dubai International Stadium, Dubai",Women's T20I,2026-09-04,,,,,,,,,,,,,,,,,,,,,,,,,,,False,False,False,False,over the wicket,,,full,down leg,front foot,sweep,along the ground,,short fine leg,Maria Corazon,,,,template_arm,0,,False,False,False,False,False,False,False,False,True,
2,2606,United Arab Emirates Women,UAE,3,8,NLKWR Dewi,9,0,0,43/1,9.00,7.01,7.1,0,0,"Dewi to Rajith, no run",Ni Luh Dewi continues their spell,"Ni Luh Dewi sends down an off cutter on middle stump, and Rinitha Rajith tries to glance the length ball but is struck on the pad. The wicketkeeper gathers, and it is a dot ball.",28804529-8ce3-40f7-840a-89785d897dcd,243708,"UAE W v Indonesia Women at Dubai, DP World Women's T20 Asia Cup, 4 Sep 2026",9395,DP World Women's T20 Asia Cup,2026,"Dubai International Stadium, Dubai",Women's T20I,2026-09-04,,,,,,,,,,,,,,,,,,,,,,,,,,,False,False,False,False,,,,length ball,middle stump,,glance,,,,,,,,keyword,0,,False,False,False,False,False,False,False,False,True,
2,2606,United Arab Emirates Women,UAE,3,8,NLKWR Dewi,9,0,0,43/1,9.00,7.02,7.2,0,0,"Dewi to Rajith, no run",,"A full seaming-in ball outside off, driven firmly by Rinitha Rajith but straight to mid-off, where Kisi Kasse fields cleanly. A dot ball.",28804529-8ce3-40f7-840a-89785d897dcd,243708,"UAE W v Indonesia Women at Dubai, DP World Women's T20 Asia Cup, 4 Sep 2026",9395,DP World Women's T20 Asia Cup,2026,"Dubai International Stadium, Dubai",Women's T20I,2026-09-04,,,,,,,,,,,,,,,,,,,,,,,,,,,False,False,False,False,,,,full,outside off,,drive,,,,,,,,keyword,0,,False,False,False,False,False,False,False,False,True,
2,2606,United Arab Emirates Women,UAE,3,8,NLKWR Dewi,9,0,0,43/1,9.00,7.03,7.3,1,1,Ni Luh Dewi to Rinitha Rajith,,"Over the wicket. Length ball, outside off, front foot, drive along the ground to Kisi Kasse at mid on. 1 run.",28804529-8ce3-40f7-840a-89785d897dcd,243708,"UAE W v Indonesia Women at Dubai, DP World Women's T20 Asia Cup, 4 Sep 2026",9395,DP World Women's T20 Asia Cup,2026,"Dubai International Stadium, Dubai",Women's T20I,2026-09-04,76967.0,R Rajith,right,79692.0,NLKWR Dewi,right,2718.0,Indonesia Women,right pace,2.0,pace,2026-09-04 16:34:56,,,,,,,,107257522.0,285.0,40.0,76.0,4.0,1.0,1.0,False,False,True,False,over the wicket,,,length ball,outside off,front foot,drive,along the ground,,mid on,Kisi Kasse,,,,template_arm,1,,False,False,False,False,False,False,False,False,False,
2,2606,United Arab Emirates Women,UAE,3,8,NLKWR Dewi,9,0,0,43/1,9.00,7.04,7.4,4,4,"Dewi to Oza, 4 runs",,A length ball outside off with no movement is met by Esha Oza. She drives it sweetly through extra cover for four.,28804529-8ce3-40f7-840a-89785d897dcd,243708,"UAE W v Indonesia Women at Dubai, DP World Women's T20 Asia Cup, 4 Sep 2026",9395,DP World Women's T20 Asia Cup,2026,"Dubai International Stadium, Dubai",Women's T20I,2026-09-04,68199.0,ER Oza,right,79692.0,NLKWR Dewi,right,2718.0,Indonesia Women,right pace,2.0,pace,2026-09-04 16:35:24,,,,,,,,107257525.0,215.0,100.0,176.0,6.0,4.0,4.0,False,False,True,False,,,,length ball,outside off,no movement,drive,,,extra cover,,,,,keyword,4,,False,False,False,False,False,False,True,False,False,
2,2606,United Arab Emirates Women,UAE,3,8,NLKWR Dewi,9,0,0,43/1,9.00,7.05,7.5,0,0,"Dewi to Oza, no run",,"A no-movement yorker outside off is steered away, but there is no run for Esha Oza.",28804529-8ce3-40f7-840a-89785d897dcd,243708,"UAE W v Indonesia Women at Dubai, DP World Women's T20 Asia Cup, 4 Sep 2026",9395,DP World Women's T20 Asia Cup,2026,"Dubai International Stadium, Dubai",Women's T20I,2026-09-04,,,,,,,,,,,,,,,,,,,,,,,,,,,False,False,False,False,,,,yorker,outside off,,steer,,,,,,,,keyword,0,,False,False,False,False,False,False,False,False,True,
2,2606,United Arab Emirates Women,UAE,3,8,NLKWR Dewi,9,0,0,43/1,9.00,7.06,7.6,4,4,"Dewi to Oza, 4 runs",,"A length ball on off stump with no movement is met cleanly. Esha Oza drives it sweetly through to long off for four. Esha Oza finds another boundary, her second this over. The UAE need 31 from 72 balls with nine wickets in hand, and WinViz puts them at 93% to win.",28804529-8ce3-40f7-840a-89785d897dcd,243708,"UAE W v Indonesia Women at Dubai, DP World Women's T20 Asia Cup, 4 Sep 2026",9395,DP World Women's T20 Asia Cup,2026,"Dubai International Stadium, Dubai",Women's T20I,2026-09-04,68199.0,ER Oza,right,79692.0,NLKWR Dewi,right,2718.0,Indonesia Women,right pace,2.0,pace,2026-09-04 16:36:33,,,,,,,,107257540.0,264.0,100.0,180.0,5.0,4.0,4.0,False,False,True,False,,,,length ball,off stump,no movement,drive,,,long off,,,,,keyword,4,,False,False,False,False,False,False,True,False,False,
2,2606,United Arab Emirates Women,UAE,3,9,SK Velic,12,0,0,55/1,12.00,8.01,8.1,4,4,"Velic to Rajith, 4 runs",Sofia Velic continues their spell,"Sofia Velic delivers a length leg-spinner on middle stump. Rinitha Rajith sweeps it firmly and well timed through deep square leg for four, with a misfield from Kisi Kasse.",28804529-8ce3-40f7-840a-89785d897dcd,243708,"UAE W v Indonesia Women at Dubai, DP World Women's T20 Asia Cup, 4 Sep 2026",9395,DP World Women's T20 Asia Cup,2026,"Dubai International Stadium, Dubai",Women's T20I,2026-09-04,76967.0,R Rajith,right,102430.0,SK Velic,right,2718.0,Indonesia Women,leg break,4.0,spin,2026-09-04 16:37:34,,,,,,,,107257557.0,353.0,100.0,171.0,3.0,4.0,4.0,False,False,True,False,,,,,middle stump,,sweep,,well timed,deep square leg,,,,,keyword,4,,False,False,False,False,False,False,True,False,False,
2,2606,United Arab Emirates Women,UAE,3,9,SK Velic,12,0,0,55/1,12.00,8.02,8.2,0,0,"Velic to Rajith, no run",,"Sofia Velic sends down a length leg-spinner outside off, and Rinitha Rajith attempts a cut but misses. Ni Sakarini gathers safely behind the stumps for a dot ball.",28804529-8ce3-40f7-840a-89785d897dcd,243708,"UAE W v Indonesia Women at Dubai, DP World Women's T20 Asia Cup, 4 Sep 2026",9395,DP World Women's T20 Asia Cup,2026,"Dubai International Stadium, Dubai",Women's T20I,2026-09-04,,,,,,,,,,,,,,,,,,,,,,,,,,,False,False,False,False,,,,,outside off,,cut,,,,,,,,keyword,0,,False,False,False,False,False,False,False,False,True,
2,2606,United Arab Emirates Women,UAE,3,9,SK Velic,12,0,0,55/1,12.00,8.03,8.3,4,4,"Velic to Rajith, 4 runs",,"Sofia Velic tosses up a length leg-spinner outside off. Rinitha Rajith drives it cleanly and under control through to long on for four. Rinitha Rajith adds another boundary, her second of the over, taking the UAE Women to 51 for 1.",28804529-8ce3-40f7-840a-89785d897dcd,243708,"UAE W v Indonesia Women at Dubai, DP World Women's T20 Asia Cup, 4 Sep 2026",9395,DP World Women's T20 Asia Cup,2026,"Dubai International Stadium, Dubai",Women's T20I,2026-09-04,76967.0,R Rajith,right,102430.0,SK Velic,right,2718.0,Indonesia Women,leg break,4.0,spin,2026-09-04 16:38:36,,,,,,,,107257566.0,280.0,100.0,180.0,4.0,4.0,4.0,False,False,True,False,,,,,outside off,,drive,,,long on,,,,,keyword,4,,False,False,False,False,False,False,True,False,False,
2,2606,United Arab Emirates Women,UAE,3,9,SK Velic,12,0,0,55/1,12.00,8.04,8.4,4,4,Sofia Velic to Rinitha Rajith,,"Over the wicket. Full toss, down leg, front foot, flick. 4 runs.",28804529-8ce3-40f7-840a-89785d897dcd,243708,"UAE W v Indonesia Women at Dubai, DP World Women's T20 Asia Cup, 4 Sep 2026",9395,DP World Women's T20 Asia Cup,2026,"Dubai International Stadium, Dubai",Women's T20I,2026-09-04,76967.0,R Rajith,right,102430.0,SK Velic,right,2718.0,Indonesia Women,leg break,4.0,spin,2026-09-04 16:39:27,,,,,,,,107257583.0,66.0,100.0,161.0,1.0,4.0,4.0,False,False,True,False,over the wicket,,,full toss,down leg,front foot,flick,,,,,,,,template_arm,4,,False,False,False,False,False,False,True,False,False,
2,2606,United Arab Emirates Women,UAE,3,9,SK Velic,12,0,0,55/1,12.00,8.05,8.5,0,0,"Velic to Rajith, no run",,"Sofia Velic sends down a back-of-a-length leg-spinner down the leg side, and Rinitha Rajith works it toward mid-wicket, where Ni Luh Dewi fields cleanly for a dot ball.",28804529-8ce3-40f7-840a-89785d897dcd,243708,"UAE W v Indonesia Women at Dubai, DP World Women's T20 Asia Cup, 4 Sep 2026",9395,DP World Women's T20 Asia Cup,2026,"Dubai International Stadium, Dubai",Women's T20I,2026-09-04,,,,,,,,,,,,,,,,,,,,,,,,,,,False,False,False,False,,,,,down the leg side,,work,,,,,,,,keyword,0,,False,False,False,False,False,False,False,False,True,
2,2606,United Arab Emirates Women,UAE,3,9,SK Velic,12,0,0,55/1,12.00,8.06,8.6,0,0,"Velic to Rajith, no run",,"Sofia Velic tosses up a full leg-spinner down leg, and Rinitha Rajith misses the sweep, the ball striking her pad for no run. The UAE Women need 19 from 66 balls with nine wickets in hand, firmly in control with a 97% win probability.",28804529-8ce3-40f7-840a-89785d897dcd,243708,"UAE W v Indonesia Women at Dubai, DP World Women's T20 Asia Cup, 4 Sep 2026",9395,DP World Women's T20 Asia Cup,2026,"Dubai International Stadium, Dubai",Women's T20I,2026-09-04,,,,,,,,,,,,,,,,,,,,,,,,,,,False,False,False,False,,,,full,down leg,,sweep,,,,,,,,keyword,0,,False,False,False,False,False,False,False,False,True,
2,2606,United Arab Emirates Women,UAE,3,10,SAN Maypriani,7,0,0,62/1,7.00,9.01,9.1,0,0,"Maypriani to Oza, no run",Sang Maypriani takes the ball for their 2nd spell,"A quicker length ball on middle, Esha Oza glances it towards short fine leg, but Maria Corazon fields cleanly for a dot ball.",28804529-8ce3-40f7-840a-89785d897dcd,243708,"UAE W v Indonesia Women at Dubai, DP World Women's T20 Asia Cup, 4 Sep 2026",9395,DP World Women's T20 Asia Cup,2026,"Dubai International Stadium, Dubai",Women's T20I,2026-09-04,,,,,,,,,,,,,,,,,,,,,,,,,,,False,False,False,False,,,,length ball,,,glance,,,short fine leg,,,,,keyword,0,,False,False,False,False,False,False,False,False,True,
2,2606,United Arab Emirates Women,UAE,3,10,SAN Maypriani,7,0,0,62/1,7.00,9.02,9.2,1,1,"Maypriani to Oza, 1 run",,"Sang Maypriani fires in an off break outside off on a back-of-a-length line, and Esha Oza slog-sweeps it away for a single to deep backward square leg.",28804529-8ce3-40f7-840a-89785d897dcd,243708,"UAE W v Indonesia Women at Dubai, DP World Women's T20 Asia Cup, 4 Sep 2026",9395,DP World Women's T20 Asia Cup,2026,"Dubai International Stadium, Dubai",Women's T20I,2026-09-04,68199.0,ER Oza,right,82365.0,SAN Maypriani,right,2718.0,Indonesia Women,off break,3.0,spin,2026-09-04 16:42:16,,,,,,,,107257608.0,7.0,75.0,128.0,2.0,1.0,1.0,False,False,True,False,,,,,outside off,,slog sweep,,,deep backward square leg,,,,,keyword,1,,False,False,False,False,False,False,False,False,False,
2,2606,United Arab Emirates Women,UAE,3,10,SAN Maypriani,7,0,0,62/1,7.00,9.03,9.3,1,1,"Maypriani to Rajith, 1 run",,"Sang Maypriani bowls an off break on off stump, and Rinitha Rajith sweeps the length ball firmly along the ground for a single, picked up by Maria Corazon at short fine leg.",28804529-8ce3-40f7-840a-89785d897dcd,243708,"UAE W v Indonesia Women at Dubai, DP World Women's T20 Asia Cup, 4 Sep 2026",9395,DP World Women's T20 Asia Cup,2026,"Dubai International Stadium, Dubai",Women's T20I,2026-09-04,76967.0,R Rajith,right,82365.0,SAN Maypriani,right,2718.0,Indonesia Women,off break,3.0,spin,2026-09-04 16:43:15,,,,,,,,107257619.0,63.0,30.0,49.0,1.0,1.0,1.0,False,False,True,False,,,,length ball,off stump,,sweep,along the ground,,short fine leg,,,,,keyword,1,,False,False,False,False,False,False,False,False,False,
2,2606,United Arab Emirates Women,UAE,3,10,SAN Maypriani,7,0,0,62/1,7.00,9.04,9.4,4,4,Sang Maypriani to Esha Oza,,"Over the wicket. Length ball, outside off, down the track, slog. 4 runs.",28804529-8ce3-40f7-840a-89785d897dcd,243708,"UAE W v Indonesia Women at Dubai, DP World Women's T20 Asia Cup, 4 Sep 2026",9395,DP World Women's T20 Asia Cup,2026,"Dubai International Stadium, Dubai",Women's T20I,2026-09-04,68199.0,ER Oza,right,82365.0,SAN Maypriani,right,2718.0,Indonesia Women,off break,3.0,spin,2026-09-04 16:43:42,,,,,,,,107257624.0,108.0,100.0,160.0,8.0,4.0,4.0,False,False,True,False,over the wicket,,,length ball,outside off,down the track,slog,,,,,,,,template_arm,4,,False,False,False,False,False,False,True,False,False,
2,2606,United Arab Emirates Women,UAE,3,10,SAN Maypriani,7,0,0,62/1,7.00,9.05,9.5,1,1,"Maypriani to Oza, 1 run",,"Sang Maypriani sends down an off break on a length, drifting down leg. Esha Oza swings hard, gets an inside edge, and they hurry through for a single, fielded by Ni Made Putri Suwandewi at deep backward square leg. Esha Oza reaches 30 from 28 balls, striking at 107.",28804529-8ce3-40f7-840a-89785d897dcd,243708,"UAE W v Indonesia Women at Dubai, DP World Women's T20 Asia Cup, 4 Sep 2026",9395,DP World Women's T20 Asia Cup,2026,"Dubai International Stadium, Dubai",Women's T20I,2026-09-04,68199.0,ER Oza,right,82365.0,SAN Maypriani,right,2718.0,Indonesia Women,off break,3.0,spin,2026-09-04 16:44:36,,,,,,,,107257631.0,13.0,75.0,129.0,2.0,1.0,1.0,False,False,True,False,,,,,down leg,,,,,deep backward square leg,Ni Made Putri Suwandewi at deep backward square leg,,,,keyword,1,,False,False,False,False,False,False,False,False,False,
2,2606,United Arab Emirates Women,UAE,3,10,SAN Maypriani,7,0,0,62/1,7.00,9.06,9.6,0,0,"Maypriani to Rajith, no run",,"Sang Maypriani sends down an off break back of a length outside off. Rinitha Rajith attempts a glance, but it strikes her body and falls harmlessly for a dot ball. The UAE need just 12 from 60 balls with nine wickets in hand, and remain overwhelming favourites at 98 percent.",28804529-8ce3-40f7-840a-89785d897dcd,243708,"UAE W v Indonesia Women at Dubai, DP World Women's T20 Asia Cup, 4 Sep 2026",9395,DP World Women's T20 Asia Cup,2026,"Dubai International Stadium, Dubai",Women's T20I,2026-09-04,,,,,,,,,,,,,,,,,,,,,,,,,,,False,False,False,False,,,,back of a length,outside off,,glance,,,,,,,,keyword,0,,False,False,False,False,False,False,False,False,True,
2,2606,United Arab Emirates Women,UAE,3,11,NK Ariani,2,0,1,64/2,2.00,10.01,10.1,0,W,"Ariani to Oza, out!",Ni Kadek Ariani takes the ball for their 2nd spell,"An off break down the leg side, a length ball, is driven at by Esha Oza, but the outside edge leads to her being bowled. The batter departs for 30. Esha Oza’s innings ends at 30 from 29 balls.",28804529-8ce3-40f7-840a-89785d897dcd,243708,"UAE W v Indonesia Women at Dubai, DP World Women's T20 Asia Cup, 4 Sep 2026",9395,DP World Women's T20 Asia Cup,2026,"Dubai International Stadium, Dubai",Women's T20I,2026-09-04,,,,,,,,,,,,,,,,,,,,,,,,,,,False,False,False,False,,,,length ball,down the leg side,,drive,,,,,bowled,,,keyword,0,,True,False,False,False,False,False,False,False,False,commentary
2,2606,United Arab Emirates Women,UAE,3,11,NK Ariani,2,0,1,64/2,2.00,10.02,10.2,0,0,"Ariani to Dharnidharka, no run",Samaira Dharnidharka heads to the crease. ,"A full off break on leg stump, pushed firmly but straight back to the bowler for a dot ball.",28804529-8ce3-40f7-840a-89785d897dcd,243708,"UAE W v Indonesia Women at Dubai, DP World Women's T20 Asia Cup, 4 Sep 2026",9395,DP World Women's T20 Asia Cup,2026,"Dubai International Stadium, Dubai",Women's T20I,2026-09-04,,,,,,,,,,,,,,,,,,,,,,,,,,,False,False,False,False,,,,full,leg stump,,push,,,bowler,,,,,keyword,0,,False,False,False,False,False,False,False,False,True,
2,2606,United Arab Emirates Women,UAE,3,11,NK Ariani,2,0,1,64/2,2.00,10.03,10.3,0,0,"Ariani to Dharnidharka, no run",,"Ni Kadek Ariani fires in an off break on middle stump, and Samaira Dharnidharka defends the length ball solidly for no run.",28804529-8ce3-40f7-840a-89785d897dcd,243708,"UAE W v Indonesia Women at Dubai, DP World Women's T20 Asia Cup, 4 Sep 2026",9395,DP World Women's T20 Asia Cup,2026,"Dubai International Stadium, Dubai",Women's T20I,2026-09-04,,,,,,,,,,,,,,,,,,,,,,,,,,,False,False,False,False,,,,length ball,middle stump,,,,,,,,,,keyword,0,,False,False,False,False,False,False,False,False,True,
2,2606,United Arab Emirates Women,UAE,3,11,NK Ariani,2,0,1,64/2,2.00,10.04,10.4,1,1,"Ariani to Dharnidharka, 1 run",,"Ni Kadek Ariani sends down an off break on a length down leg, and Samaira Dharnidharka flicks it away for a single to deep square leg, where Kisi Kasse fields. Samaira Dharnidharka gets off the mark.",28804529-8ce3-40f7-840a-89785d897dcd,243708,"UAE W v Indonesia Women at Dubai, DP World Women's T20 Asia Cup, 4 Sep 2026",9395,DP World Women's T20 Asia Cup,2026,"Dubai International Stadium, Dubai",Women's T20I,2026-09-04,70062.0,S Dharnidharka,right,79690.0,NK Ariani,right,2718.0,Indonesia Women,off break,3.0,spin,2026-09-04 16:50:38,,,,,,,,107257693.0,359.0,80.0,140.0,3.0,1.0,1.0,False,False,True,False,,,,,down leg,,flick,,,deep square leg,,,,,keyword,1,,False,False,False,False,False,False,False,False,False,
2,2606,United Arab Emirates Women,UAE,3,11,NK Ariani,2,0,1,64/2,2.00,10.05,10.5,0,0,Ni Kadek Ariani to Rinitha Rajith,,"Over the wicket. Back of a length, outside off, back foot, pull uncontrolled in air to Ni Rada Rani at mid wicket. No run.",28804529-8ce3-40f7-840a-89785d897dcd,243708,"UAE W v Indonesia Women at Dubai, DP World Women's T20 Asia Cup, 4 Sep 2026",9395,DP World Women's T20 Asia Cup,2026,"Dubai International Stadium, Dubai",Women's T20I,2026-09-04,,,,,,,,,,,,,,,,,,,,,,,,,,,False,False,False,False,over the wicket,,,back of a length,outside off,back foot,pull,uncontrolled in air,uncontrolled,mid wicket,Ni Rada Rani,,,,template_arm,0,,False,False,False,False,False,False,False,False,True,
2,2606,United Arab Emirates Women,UAE,3,11,NK Ariani,2,0,1,64/2,2.00,10.06,10.6,1,1,"Ariani to Rajith, 1 run",,"Ni Kadek Ariani tosses up an off break outside off on a length, and Rinitha Rajith slog-sweeps it in the air but under control to long on for a single. The UAE Women need just 10 from 54 balls with eight wickets in hand, a 1.1 required rate and a 98% WinViz forecast.",28804529-8ce3-40f7-840a-89785d897dcd,243708,"UAE W v Indonesia Women at Dubai, DP World Women's T20 Asia Cup, 4 Sep 2026",9395,DP World Women's T20 Asia Cup,2026,"Dubai International Stadium, Dubai",Women's T20I,2026-09-04,76967.0,R Rajith,right,79690.0,NK Ariani,right,2718.0,Indonesia Women,off break,3.0,spin,2026-09-04 16:51:25,,,,,,,,107257704.0,283.0,85.0,149.0,4.0,1.0,1.0,False,False,True,False,,,,,outside off,,slog sweep,,,long on,,,,,keyword,1,,False,False,False,False,False,False,False,False,False,
2,2606,United Arab Emirates Women,UAE,3,12,SK Velic,4,0,2,68/4,4.00,11.01,11.1,1,1,"Velic to Rajith, 1 run",Sofia Velic takes the ball for their 2nd spell,"Sofia Velic drops a length leg-spinner on middle stump, and Rinitha Rajith miscues the sweep towards backward square leg. Maria Corazon misfields, allowing a single.",28804529-8ce3-40f7-840a-89785d897dcd,243708,"UAE W v Indonesia Women at Dubai, DP World Women's T20 Asia Cup, 4 Sep 2026",9395,DP World Women's T20 Asia Cup,2026,"Dubai International Stadium, Dubai",Women's T20I,2026-09-04,76967.0,R Rajith,right,102430.0,SK Velic,right,2718.0,Indonesia Women,leg break,4.0,spin,2026-09-04 16:52:51,,,,,,,,107257719.0,14.0,65.0,110.0,2.0,1.0,1.0,False,False,True,False,,,,,middle stump,,sweep,,,backward square leg,,,,,keyword,1,,False,False,False,False,False,False,False,False,False,
2,2606,United Arab Emirates Women,UAE,3,12,SK Velic,4,0,2,68/4,4.00,11.02,11.2,1,1,"Velic to Dharnidharka, 1 run",,"Sofia Velic sends down a back-of-a-length leg-spinner outside off, and Samaira Dharnidharka pushes it away neatly for a single.",28804529-8ce3-40f7-840a-89785d897dcd,243708,"UAE W v Indonesia Women at Dubai, DP World Women's T20 Asia Cup, 4 Sep 2026",9395,DP World Women's T20 Asia Cup,2026,"Dubai International Stadium, Dubai",Women's T20I,2026-09-04,70062.0,S Dharnidharka,right,102430.0,SK Velic,right,2718.0,Indonesia Women,leg break,4.0,spin,2026-09-04 16:53:32,,,,,,,,107257722.0,194.0,40.0,72.0,6.0,1.0,1.0,False,False,True,False,,,,,outside off,,push,,,,,,,,keyword,1,,False,False,False,False,False,False,False,False,False,
2,2606,United Arab Emirates Women,UAE,3,12,SK Velic,4,0,2,68/4,4.00,11.03,11.3,0,W,"Velic to Rajith, out!",,"Sofia Velic sends down a length leg-spinner on off stump, and Rinitha Rajith misses her slog. She is stumped by Ni Sakarini for a dot ball. Rinitha Rajith’s innings ends at 22 from 24 balls.",28804529-8ce3-40f7-840a-89785d897dcd,243708,"UAE W v Indonesia Women at Dubai, DP World Women's T20 Asia Cup, 4 Sep 2026",9395,DP World Women's T20 Asia Cup,2026,"Dubai International Stadium, Dubai",Women's T20I,2026-09-04,,,,,,,,,,,,,,,,,,,,,,,,,,,False,False,False,False,,,,,off stump,,slog,,,,,stumped,,,keyword,0,,True,False,False,False,False,False,False,False,False,commentary
2,2606,United Arab Emirates Women,UAE,3,12,SK Velic,4,0,2,68/4,4.00,11.04,11.4,0,0,"Velic to Hotchandani, no run",Heena Hotchandani heads to the crease. ,"Sofia Velic tosses up a short leg-spinner on middle stump, and Heena Hotchandani miscues the pull straight to short mid-wicket. It is fielded cleanly by Ni Kadek Ariani for a dot ball.",28804529-8ce3-40f7-840a-89785d897dcd,243708,"UAE W v Indonesia Women at Dubai, DP World Women's T20 Asia Cup, 4 Sep 2026",9395,DP World Women's T20 Asia Cup,2026,"Dubai International Stadium, Dubai",Women's T20I,2026-09-04,,,,,,,,,,,,,,,,,,,,,,,,,,,False,False,False,False,,,,short,middle stump,,pull,,,,,,,,keyword,0,,False,False,False,False,False,False,False,False,True,
2,2606,United Arab Emirates Women,UAE,3,12,SK Velic,4,0,2,68/4,4.00,11.05,11.5,0,W,"Velic to Hotchandani, out!",,"A length leg-spinner outside off, Heena Hotchandani attempts a sweep, but the bottom edge crashes into the stumps. She is bowled for a duck. Heena Hotchandani departs after facing just two balls.",28804529-8ce3-40f7-840a-89785d897dcd,243708,"UAE W v Indonesia Women at Dubai, DP World Women's T20 Asia Cup, 4 Sep 2026",9395,DP World Women's T20 Asia Cup,2026,"Dubai International Stadium, Dubai",Women's T20I,2026-09-04,,,,,,,,,,,,,,,,,,,,,,,,,,,False,False,False,False,,,,,outside off,,sweep,,,,,bowled,,,keyword,0,,True,False,False,False,False,False,False,False,False,commentary
2,2606,United Arab Emirates Women,UAE,3,12,SK Velic,4,0,2,68/4,4.00,11.06,11.6,2,2,"Velic to Keny, 2 runs",Lavanya Keny heads to the crease. ,"Sofia Velic sends down a back-of-a-length leg-spinner outside off, and Lavanya Keny cuts it squarely for two runs. Lavanya Keny is off the mark, with the UAE Women needing six from 48 balls and six wickets in hand, firmly in control of the chase.",28804529-8ce3-40f7-840a-89785d897dcd,243708,"UAE W v Indonesia Women at Dubai, DP World Women's T20 Asia Cup, 4 Sep 2026",9395,DP World Women's T20 Asia Cup,2026,"Dubai International Stadium, Dubai",Women's T20I,2026-09-04,76954.0,L Keny,right,102430.0,SK Velic,right,2718.0,Indonesia Women,leg break,4.0,spin,2026-09-04 16:58:19,,,,,,,,107257749.0,175.0,90.0,149.0,7.0,2.0,2.0,False,False,True,False,,,,,outside off,,cut,,,,,,,,keyword,2,,False,False,False,False,False,False,False,False,False,
2,2606,United Arab Emirates Women,UAE,3,13,NK Ariani,3,0,0,71/4,3.00,12.01,12.1,0,0,"Ariani to Dharnidharka, no run",Ni Kadek Ariani continues their spell,"Ni Kadek Ariani sends down an off break back of a length outside off, and Samaira Dharnidharka drives firmly to short extra cover, where Sofia Velic fields cleanly for a dot ball.",28804529-8ce3-40f7-840a-89785d897dcd,243708,"UAE W v Indonesia Women at Dubai, DP World Women's T20 Asia Cup, 4 Sep 2026",9395,DP World Women's T20 Asia Cup,2026,"Dubai International Stadium, Dubai",Women's T20I,2026-09-04,,,,,,,,,,,,,,,,,,,,,,,,,,,False,False,False,False,,,,back of a length,outside off,,drive,,,short extra cover,,,,,keyword,0,,False,False,False,False,False,False,False,False,True,
2,2606,United Arab Emirates Women,UAE,3,13,NK Ariani,3,0,0,71/4,3.00,12.02,12.2,1,1,"Ariani to Dharnidharka, 1 run",,"An off break on a length outside off is worked away for a single, but the fielder’s throw from cover misses the chance to run Samaira Dharnidharka out.",28804529-8ce3-40f7-840a-89785d897dcd,243708,"UAE W v Indonesia Women at Dubai, DP World Women's T20 Asia Cup, 4 Sep 2026",9395,DP World Women's T20 Asia Cup,2026,"Dubai International Stadium, Dubai",Women's T20I,2026-09-04,70062.0,S Dharnidharka,right,79690.0,NK Ariani,right,2718.0,Indonesia Women,off break,3.0,spin,2026-09-04 17:00:03,,,,,,,,107257760.0,205.0,20.0,37.0,6.0,1.0,1.0,False,False,True,False,,,,,outside off,,work,,,,,,,,keyword,1,,False,False,False,False,False,False,False,False,False,
2,2606,United Arab Emirates Women,UAE,3,13,NK Ariani,3,0,0,71/4,3.00,12.03,12.3,0,0,"Ariani to Keny, no run",,"Ni Kadek Ariani sends down an off break on a length outside off, and Lavanya Keny drives firmly but finds Ni Luh Dewi at extra cover. No run.",28804529-8ce3-40f7-840a-89785d897dcd,243708,"UAE W v Indonesia Women at Dubai, DP World Women's T20 Asia Cup, 4 Sep 2026",9395,DP World Women's T20 Asia Cup,2026,"Dubai International Stadium, Dubai",Women's T20I,2026-09-04,,,,,,,,,,,,,,,,,,,,,,,,,,,False,False,False,False,,,,,outside off,,drive,,,extra cover,,,,,keyword,0,,False,False,False,False,False,False,False,False,True,
2,2606,United Arab Emirates Women,UAE,3,13,NK Ariani,3,0,0,71/4,3.00,12.04,12.4,1,1,"Ariani to Keny, 1 run",,"Ni Kadek Ariani sends down an off break on off stump, and Lavanya Keny flicks the length ball neatly for a single into deep square leg, where Kisi Kasse fields.",28804529-8ce3-40f7-840a-89785d897dcd,243708,"UAE W v Indonesia Women at Dubai, DP World Women's T20 Asia Cup, 4 Sep 2026",9395,DP World Women's T20 Asia Cup,2026,"Dubai International Stadium, Dubai",Women's T20I,2026-09-04,76954.0,L Keny,right,79690.0,NK Ariani,right,2718.0,Indonesia Women,off break,3.0,spin,2026-09-04 17:01:04,,,,,,,,107257768.0,359.0,70.0,119.0,3.0,1.0,1.0,False,False,True,False,,,,length ball,off stump,,flick,,,deep square leg,,,,,keyword,1,,False,False,False,False,False,False,False,False,False,
2,2606,United Arab Emirates Women,UAE,3,13,NK Ariani,3,0,0,71/4,3.00,12.05,12.5,1,1,"Ariani to Dharnidharka, 1 run",,"An off break on a length outside off, driven firmly for a single, but a misfield at deep extra cover allows the run to come through.",28804529-8ce3-40f7-840a-89785d897dcd,243708,"UAE W v Indonesia Women at Dubai, DP World Women's T20 Asia Cup, 4 Sep 2026",9395,DP World Women's T20 Asia Cup,2026,"Dubai International Stadium, Dubai",Women's T20I,2026-09-04,70062.0,S Dharnidharka,right,79690.0,NK Ariani,right,2718.0,Indonesia Women,off break,3.0,spin,2026-09-04 17:01:29,,,,,,,,107257771.0,214.0,65.0,114.0,6.0,1.0,1.0,False,False,True,False,,,,,outside off,,drive,,,deep extra cover,,,,,keyword,1,,False,False,False,False,False,False,False,False,False,
2,2606,United Arab Emirates Women,UAE,3,13,NK Ariani,3,0,0,71/4,3.00,12.06,12.6,0,0,"Ariani to Keny, no run",,"Ni Kadek Ariani sends down a short off-break outside off, and Lavanya Keny pulls it along the ground, but finds no run. The UAE need only three more from 42 balls, with six wickets in hand and a 99% chance of victory.",28804529-8ce3-40f7-840a-89785d897dcd,243708,"UAE W v Indonesia Women at Dubai, DP World Women's T20 Asia Cup, 4 Sep 2026",9395,DP World Women's T20 Asia Cup,2026,"Dubai International Stadium, Dubai",Women's T20I,2026-09-04,,,,,,,,,,,,,,,,,,,,,,,,,,,False,False,False,False,,,,short,outside off,,pull,along the ground,,,,,,,keyword,0,,False,False,False,False,False,False,False,False,True,
2,2606,United Arab Emirates Women,UAE,3,14,SK Velic,4,0,0,75/4,24.00,13.01,13.1,4,4,"Velic to Dharnidharka, 4 runs",Sofia Velic continues their spell,"Sofia Velic sends down a leg-spinner full toss down leg, and Samaira Dharnidharka drives it superbly through the leg side to long on for four. A controlled, well-timed stroke brings up the winning runs. United Arab Emirates Women reach the target and seal a six-wicket victory.",28804529-8ce3-40f7-840a-89785d897dcd,243708,"UAE W v Indonesia Women at Dubai, DP World Women's T20 Asia Cup, 4 Sep 2026",9395,DP World Women's T20 Asia Cup,2026,"Dubai International Stadium, Dubai",Women's T20I,2026-09-04,70062.0,S Dharnidharka,right,102430.0,SK Velic,right,2718.0,Indonesia Women,leg break,4.0,spin,2026-09-04 17:03:12,,,,,,,,107257784.0,283.0,100.0,180.0,4.0,4.0,4.0,False,False,True,False,,,,full toss,down leg,,drive,,controlled,long on,,,,,keyword,4,,False,False,False,False,False,False,True,False,False,
