innings_number,batting_team_id,batting_team_name,batting_team_abbreviation,innings_closure_id,over_number,over_bowler_name,runs_off_over,extras_off_over,wickets_off_over,team_score,run_rate,overs_unique,display_overs,runs,scoring,ball_summary_text,ball_pre_text,commentary,gid,match_id,match_name,comp_id,comp_name,comp_season,ground_name,class_name,start_date,batting_player_id,batting_player_name,batting_player_hand,bowling_player_id,bowling_player_name,bowling_player_hand,bowling_team_id,bowling_team_name,bowling_technique,bowling_type_id,bowling_type_simple,datetime_utc,bounce_position_x,bounce_position_y,length_zone,stumps_position_y,stumps_position_z,grid_x,grid_y,ball_id,field_direction,field_distance_percent,field_magnitude,field_zone,runs_off_bat,runs_conceded,has_pitchmap,has_beehive,has_wagon,in_catch_map,bowler_arm,delivery_type,delivery_variation,length,line,footwork,shot_type,shot_trajectory,shot_control,field_position,fielder_name,dismissal_type,dismissed_batter,dismissal_score,parse_method,runs_scored,extras_type,is_wicket,is_wide,is_no_ball,is_bye,is_leg_bye,is_penalty,is_boundary_four,is_boundary_six,is_dot,dismissal_source
1,2295,India Women,IND,1,1,TS Sekhukhune,8,1,0,8/0,7.00,0.01,0.0,1,1ʷᵈ,Tumi Sekhukhune to Shafali Verma,,"Wide. Tumi Sekhukhune to Shafali Verma. No movement back of a length, outside off on the no movement leaving left alone through to wicketkeeper for 1 wides, fielded by Sinalo Jafta",e1b727f9-e019-49d9-a5dd-266e1c160e1c,235974,"South Africa Women v India Women at Durban, 2nd T20I, 19 Apr 2026",8973,India Women in South Africa,2026,"Kingsmead, Durban",Women's T20I,2026-04-19,,,,,,,,,,,,,,,,,,,,,,,,,,,False,False,False,False,,no movement,,back of a length,outside off,no movement,leave,,,wicketkeeper,Sinalo Jafta,,,,template_structured,1,wide,False,True,False,False,False,False,False,False,False,
1,2295,India Women,IND,1,1,TS Sekhukhune,8,1,0,8/0,7.00,0.02,0.1,0,0,Tumi Sekhukhune to Shafali Verma,,"Tumi Sekhukhune to Shafali Verma. No movement length ball, outside off on the back foot pushed to cover for no run, fielded by Annerie Dercksen",e1b727f9-e019-49d9-a5dd-266e1c160e1c,235974,"South Africa Women v India Women at Durban, 2nd T20I, 19 Apr 2026",8973,India Women in South Africa,2026,"Kingsmead, Durban",Women's T20I,2026-04-19,,,,,,,,,,,,,,,,,,,,,,,,,,,False,False,False,False,,no movement,,length ball,outside off,back foot,push,,,cover,Annerie Dercksen,,,,template_structured,0,,False,False,False,False,False,False,False,False,True,
1,2295,India Women,IND,1,1,TS Sekhukhune,8,1,0,8/0,7.00,0.03,0.2,0,0,Tumi Sekhukhune to Shafali Verma,,"Tumi Sekhukhune to Shafali Verma. No movement back of a length, middle stump on the front foot driving to bowler for no run, fielded by Tumi Sekhukhune",e1b727f9-e019-49d9-a5dd-266e1c160e1c,235974,"South Africa Women v India Women at Durban, 2nd T20I, 19 Apr 2026",8973,India Women in South Africa,2026,"Kingsmead, Durban",Women's T20I,2026-04-19,,,,,,,,,,,,,,,,,,,,,,,,,,,False,False,False,False,,no movement,,back of a length,middle stump,front foot,drive,,,bowler,Tumi Sekhukhune,,,,template_structured,0,,False,False,False,False,False,False,False,False,True,
1,2295,India Women,IND,1,1,TS Sekhukhune,8,1,0,8/0,7.00,0.04,0.3,0,0,Tumi Sekhukhune to Shafali Verma,,"Tumi Sekhukhune to Shafali Verma. No movement back of a length, outside off on the front foot driving to cover for no run, fielded by Annerie Dercksen",e1b727f9-e019-49d9-a5dd-266e1c160e1c,235974,"South Africa Women v India Women at Durban, 2nd T20I, 19 Apr 2026",8973,India Women in South Africa,2026,"Kingsmead, Durban",Women's T20I,2026-04-19,,,,,,,,,,,,,,,,,,,,,,,,,,,False,False,False,False,,no movement,,back of a length,outside off,front foot,drive,,,cover,Annerie Dercksen,,,,template_structured,0,,False,False,False,False,False,False,False,False,True,
1,2295,India Women,IND,1,1,TS Sekhukhune,8,1,0,8/0,7.00,0.05,0.4,6,6,Tumi Sekhukhune to Shafali Verma,,"SIX! Tumi Sekhukhune to Shafali Verma. No movement length ball, off stump down the track driving well timed for 6 runs",e1b727f9-e019-49d9-a5dd-266e1c160e1c,235974,"South Africa Women v India Women at Durban, 2nd T20I, 19 Apr 2026",8973,India Women in South Africa,2026,"Kingsmead, Durban",Women's T20I,2026-04-19,75479.0,S Verma,right,68542.0,TS Sekhukhune,right,1817.0,South Africa Women,right pace,2.0,pace,2026-04-19 12:02:06,,,,,,,,106565508.0,270.0,100.0,180.0,5.0,6.0,6.0,False,False,True,False,,,,length ball,off stump,down the track,drive,,well timed,,,,,,keyword,6,,False,False,False,False,False,False,False,True,False,
1,2295,India Women,IND,1,1,TS Sekhukhune,8,1,0,8/0,7.00,0.06,0.5,1,1,Tumi Sekhukhune to Shafali Verma,,"Tumi Sekhukhune to Shafali Verma. No movement back of a length, middle stump on the front foot driving to mid off for 1 run, run out attempt: missed stumps by Suné Luus",e1b727f9-e019-49d9-a5dd-266e1c160e1c,235974,"South Africa Women v India Women at Durban, 2nd T20I, 19 Apr 2026",8973,India Women in South Africa,2026,"Kingsmead, Durban",Women's T20I,2026-04-19,75479.0,S Verma,right,68542.0,TS Sekhukhune,right,1817.0,South Africa Women,right pace,2.0,pace,2026-04-19 12:02:57,,,,,,,,106565524.0,243.0,50.0,87.0,5.0,1.0,1.0,False,False,True,False,,no movement,,back of a length,middle stump,front foot,drive,,,mid off,,,,,template_structured,1,,False,False,False,False,False,False,False,False,False,
1,2295,India Women,IND,1,1,TS Sekhukhune,8,1,0,8/0,7.00,0.07,0.6,0,0,Tumi Sekhukhune to Smriti Mandhana,,"Tumi Sekhukhune to Smriti Mandhana. No movement back of a length, middle stump on the front foot playing a forward defensive shot to mid off for no run, fielded by Laura Wolvaardt",e1b727f9-e019-49d9-a5dd-266e1c160e1c,235974,"South Africa Women v India Women at Durban, 2nd T20I, 19 Apr 2026",8973,India Women in South Africa,2026,"Kingsmead, Durban",Women's T20I,2026-04-19,,,,,,,,,,,,,,,,,,,,,,,,,,,False,False,False,False,,no movement,,back of a length,middle stump,front foot,forward defensive,,,mid off,Laura Wolvaardt,,,,template_structured,0,,False,False,False,False,False,False,False,False,True,
1,2295,India Women,IND,1,2,A Khaka,13,0,0,21/0,13.00,1.01,1.1,1,1,Ayabonga Khaka to Shafali Verma,,"Ayabonga Khaka to Shafali Verma. No movement back of a length, middle stump on the front foot driving to deep mid wicket for 1 run, fielded by Anneke Bosch",e1b727f9-e019-49d9-a5dd-266e1c160e1c,235974,"South Africa Women v India Women at Durban, 2nd T20I, 19 Apr 2026",8973,India Women in South Africa,2026,"Kingsmead, Durban",Women's T20I,2026-04-19,75479.0,S Verma,right,27665.0,A Khaka,right,1817.0,South Africa Women,right pace,1.0,pace,2026-04-19 12:04:40,,,,,,,,106565542.0,328.0,85.0,151.0,3.0,1.0,1.0,False,False,True,False,,no movement,,back of a length,middle stump,front foot,drive,,,deep mid wicket,Anneke Bosch,,,,template_structured,1,,False,False,False,False,False,False,False,False,False,
1,2295,India Women,IND,1,2,A Khaka,13,0,0,21/0,13.00,1.02,1.2,4,4,Ayabonga Khaka to Smriti Mandhana,,"FOUR! Ayabonga Khaka to Smriti Mandhana. No movement back of a length, middle stump on the front foot driving well timed for 4 runs",e1b727f9-e019-49d9-a5dd-266e1c160e1c,235974,"South Africa Women v India Women at Durban, 2nd T20I, 19 Apr 2026",8973,India Women in South Africa,2026,"Kingsmead, Durban",Women's T20I,2026-04-19,30717.0,SS Mandhana,left,27665.0,A Khaka,right,1817.0,South Africa Women,right pace,1.0,pace,2026-04-19 12:05:26,,,,,,,,106565554.0,268.0,100.0,180.0,5.0,4.0,4.0,False,False,True,False,,no movement,,back of a length,middle stump,front foot,drive,,well timed,,,,,,template_structured,4,,False,False,False,False,False,False,True,False,False,
1,2295,India Women,IND,1,2,A Khaka,13,0,0,21/0,13.00,1.03,1.3,0,0,Ayabonga Khaka to Smriti Mandhana,,"Ayabonga Khaka to Smriti Mandhana. No movement back of a length, middle stump on the back foot playing a backward defensive shot to mid off for no run, fielded by Suné Luus",e1b727f9-e019-49d9-a5dd-266e1c160e1c,235974,"South Africa Women v India Women at Durban, 2nd T20I, 19 Apr 2026",8973,India Women in South Africa,2026,"Kingsmead, Durban",Women's T20I,2026-04-19,,,,,,,,,,,,,,,,,,,,,,,,,,,False,False,False,False,,no movement,,back of a length,middle stump,back foot,backward defensive,,,mid off,Suné Luus,,,,template_structured,0,,False,False,False,False,False,False,False,False,True,
1,2295,India Women,IND,1,2,A Khaka,13,0,0,21/0,13.00,1.04,1.4,4,4,Ayabonga Khaka to Smriti Mandhana,,"FOUR! Ayabonga Khaka to Smriti Mandhana. No movement length ball, off stump on the front foot slogged well timed for 4 runs",e1b727f9-e019-49d9-a5dd-266e1c160e1c,235974,"South Africa Women v India Women at Durban, 2nd T20I, 19 Apr 2026",8973,India Women in South Africa,2026,"Kingsmead, Durban",Women's T20I,2026-04-19,30717.0,SS Mandhana,left,27665.0,A Khaka,right,1817.0,South Africa Women,right pace,1.0,pace,2026-04-19 12:06:31,,,,,,,,106565569.0,228.0,100.0,177.0,5.0,4.0,4.0,False,False,True,False,,no movement,,length ball,off stump,front foot,slog,,well timed,,,,,,template_structured,4,,False,False,False,False,False,False,True,False,False,
1,2295,India Women,IND,1,2,A Khaka,13,0,0,21/0,13.00,1.05,1.5,4,4,Ayabonga Khaka to Smriti Mandhana,,"FOUR! Ayabonga Khaka to Smriti Mandhana. No movement back of a length, middle stump on the front foot scoopped well timed for 4 runs",e1b727f9-e019-49d9-a5dd-266e1c160e1c,235974,"South Africa Women v India Women at Durban, 2nd T20I, 19 Apr 2026",8973,India Women in South Africa,2026,"Kingsmead, Durban",Women's T20I,2026-04-19,30717.0,SS Mandhana,left,27665.0,A Khaka,right,1817.0,South Africa Women,right pace,1.0,pace,2026-04-19 12:07:08,,,,,,,,106565578.0,102.0,100.0,160.0,8.0,4.0,4.0,False,False,True,False,,no movement,,back of a length,middle stump,front foot,,,well timed,,,,,,template_structured,4,,False,False,False,False,False,False,True,False,False,
1,2295,India Women,IND,1,2,A Khaka,13,0,0,21/0,13.00,1.06,1.6,0,0,Ayabonga Khaka to Smriti Mandhana,,"Ayabonga Khaka to Smriti Mandhana. No movement length ball, middle stump on the back foot playing a backward defensive shot to extra cover for no run, fielded by Laura Wolvaardt",e1b727f9-e019-49d9-a5dd-266e1c160e1c,235974,"South Africa Women v India Women at Durban, 2nd T20I, 19 Apr 2026",8973,India Women in South Africa,2026,"Kingsmead, Durban",Women's T20I,2026-04-19,,,,,,,,,,,,,,,,,,,,,,,,,,,False,False,False,False,,no movement,,length ball,middle stump,back foot,backward defensive,,,extra cover,Laura Wolvaardt,,,,template_structured,0,,False,False,False,False,False,False,False,False,True,
1,2295,India Women,IND,1,3,CL Tryon,7,0,1,28/1,7.00,2.01,2.1,1,1,Chloe Tryon to Shafali Verma,,"Chloe Tryon to Shafali Verma. Left-arm orthodox stock length ball, middle stump on the back foot pulled well timed to deep square leg for 1 run, fielded by Tazmin Brits",e1b727f9-e019-49d9-a5dd-266e1c160e1c,235974,"South Africa Women v India Women at Durban, 2nd T20I, 19 Apr 2026",8973,India Women in South Africa,2026,"Kingsmead, Durban",Women's T20I,2026-04-19,75479.0,S Verma,right,24483.0,CL Tryon,left,1817.0,South Africa Women,left orthodox,5.0,spin,2026-04-19 12:08:53,,,,,,,,106565603.0,331.0,85.0,151.0,3.0,1.0,1.0,False,False,True,False,,left-arm orthodox,stock,length ball,middle stump,back foot,pull,,well timed,deep square leg,Tazmin Brits,,,,template_structured,1,,False,False,False,False,False,False,False,False,False,
1,2295,India Women,IND,1,3,CL Tryon,7,0,1,28/1,7.00,2.02,2.2,0,W,Chloe Tryon to Smriti Mandhana,,"OUT! Chloe Tryon to Smriti Mandhana. Left-arm orthodox stock length ball, off stump on the front foot sweep to deep mid wicket for no run, caught by Anneke Bosch. Smriti Mandhana Caught for 12.",e1b727f9-e019-49d9-a5dd-266e1c160e1c,235974,"South Africa Women v India Women at Durban, 2nd T20I, 19 Apr 2026",8973,India Women in South Africa,2026,"Kingsmead, Durban",Women's T20I,2026-04-19,,,,,,,,,,,,,,,,,,,,,,,,,,,False,False,False,True,,left-arm orthodox,stock,length ball,off stump,front foot,sweep,,,deep mid wicket,Anneke Bosch,caught,caught by Anneke Bosch. Smriti Mandhana,12,template_structured,0,,True,False,False,False,False,False,False,False,False,commentary
1,2295,India Women,IND,1,3,CL Tryon,7,0,1,28/1,7.00,2.03,2.3,1,1,Chloe Tryon to Jemimah Rodrigues,,"Chloe Tryon to Jemimah Rodrigues. Left-arm orthodox stock length ball, middle stump on the front foot driving to deep square leg for 1 run, fielded by Tazmin Brits",e1b727f9-e019-49d9-a5dd-266e1c160e1c,235974,"South Africa Women v India Women at Durban, 2nd T20I, 19 Apr 2026",8973,India Women in South Africa,2026,"Kingsmead, Durban",Women's T20I,2026-04-19,67795.0,JI Rodrigues,right,24483.0,CL Tryon,left,1817.0,South Africa Women,left orthodox,5.0,spin,2026-04-19 12:11:06,,,,,,,,106565640.0,345.0,60.0,103.0,3.0,1.0,1.0,False,False,True,False,,left-arm orthodox,stock,length ball,middle stump,front foot,drive,,,deep square leg,Tazmin Brits,,,,template_structured,1,,False,False,False,False,False,False,False,False,False,
1,2295,India Women,IND,1,3,CL Tryon,7,0,1,28/1,7.00,2.04,2.4,0,0,Chloe Tryon to Shafali Verma,,"Chloe Tryon to Shafali Verma. Left-arm orthodox stock length ball, leg stump on the back foot hook to short fine leg for no run, fielded by Ayabonga Khaka",e1b727f9-e019-49d9-a5dd-266e1c160e1c,235974,"South Africa Women v India Women at Durban, 2nd T20I, 19 Apr 2026",8973,India Women in South Africa,2026,"Kingsmead, Durban",Women's T20I,2026-04-19,,,,,,,,,,,,,,,,,,,,,,,,,,,False,False,False,False,,left-arm orthodox,stock,length ball,leg stump,back foot,,,,short fine leg,Ayabonga Khaka,,,,template_structured,0,,False,False,False,False,False,False,False,False,True,
1,2295,India Women,IND,1,3,CL Tryon,7,0,1,28/1,7.00,2.05,2.5,4,4,Chloe Tryon to Shafali Verma,,"FOUR! Chloe Tryon to Shafali Verma. Left-arm orthodox stock back of a length, outside off on the back foot cut well timed for 4 runs",e1b727f9-e019-49d9-a5dd-266e1c160e1c,235974,"South Africa Women v India Women at Durban, 2nd T20I, 19 Apr 2026",8973,India Women in South Africa,2026,"Kingsmead, Durban",Women's T20I,2026-04-19,75479.0,S Verma,right,24483.0,CL Tryon,left,1817.0,South Africa Women,left orthodox,5.0,spin,2026-04-19 12:11:55,,,,,,,,106565652.0,221.0,100.0,177.0,6.0,4.0,4.0,False,False,True,False,,left-arm orthodox,stock,back of a length,outside off,back foot,cut,,well timed,,,,,,template_structured,4,,False,False,False,False,False,False,True,False,False,
1,2295,India Women,IND,1,3,CL Tryon,7,0,1,28/1,7.00,2.06,2.6,1,1,Chloe Tryon to Shafali Verma,,"Chloe Tryon to Shafali Verma. Left-arm orthodox stock length ball, middle stump on the front foot driving to long on for 1 run, fielded by Nadine de Klerk",e1b727f9-e019-49d9-a5dd-266e1c160e1c,235974,"South Africa Women v India Women at Durban, 2nd T20I, 19 Apr 2026",8973,India Women in South Africa,2026,"Kingsmead, Durban",Women's T20I,2026-04-19,75479.0,S Verma,right,24483.0,CL Tryon,left,1817.0,South Africa Women,left orthodox,5.0,spin,2026-04-19 12:12:22,,,,,,,,106565656.0,294.0,70.0,121.0,4.0,1.0,1.0,False,False,True,False,,left-arm orthodox,stock,length ball,middle stump,front foot,drive,,,long on,Nadine de Klerk,,,,template_structured,1,,False,False,False,False,False,False,False,False,False,
1,2295,India Women,IND,1,4,TS Sekhukhune,15,0,0,43/1,15.00,3.01,3.1,4,4,Tumi Sekhukhune to Shafali Verma,,"FOUR! Tumi Sekhukhune to Shafali Verma. No movement back of a length, middle stump on the front foot flick well timed for 4 runs",e1b727f9-e019-49d9-a5dd-266e1c160e1c,235974,"South Africa Women v India Women at Durban, 2nd T20I, 19 Apr 2026",8973,India Women in South Africa,2026,"Kingsmead, Durban",Women's T20I,2026-04-19,75479.0,S Verma,right,68542.0,TS Sekhukhune,right,1817.0,South Africa Women,right pace,2.0,pace,2026-04-19 12:13:19,,,,,,,,106565671.0,72.0,100.0,160.0,1.0,4.0,4.0,False,False,True,False,,no movement,,back of a length,middle stump,front foot,flick,,well timed,,,,,,template_structured,4,,False,False,False,False,False,False,True,False,False,
1,2295,India Women,IND,1,4,TS Sekhukhune,15,0,0,43/1,15.00,3.02,3.2,4,4,Tumi Sekhukhune to Shafali Verma,,"FOUR! Tumi Sekhukhune to Shafali Verma. No movement length ball, middle stump on the front foot flick well timed for 4 runs",e1b727f9-e019-49d9-a5dd-266e1c160e1c,235974,"South Africa Women v India Women at Durban, 2nd T20I, 19 Apr 2026",8973,India Women in South Africa,2026,"Kingsmead, Durban",Women's T20I,2026-04-19,75479.0,S Verma,right,68542.0,TS Sekhukhune,right,1817.0,South Africa Women,right pace,2.0,pace,2026-04-19 12:13:50,,,,,,,,106565680.0,85.0,100.0,160.0,1.0,4.0,4.0,False,False,True,False,,no movement,,length ball,middle stump,front foot,flick,,well timed,,,,,,template_structured,4,,False,False,False,False,False,False,True,False,False,
1,2295,India Women,IND,1,4,TS Sekhukhune,15,0,0,43/1,15.00,3.03,3.3,6,6,Tumi Sekhukhune to Shafali Verma,,"SIX! Tumi Sekhukhune to Shafali Verma. No movement length ball, middle stump on the front foot driving well timed for 6 runs",e1b727f9-e019-49d9-a5dd-266e1c160e1c,235974,"South Africa Women v India Women at Durban, 2nd T20I, 19 Apr 2026",8973,India Women in South Africa,2026,"Kingsmead, Durban",Women's T20I,2026-04-19,75479.0,S Verma,right,68542.0,TS Sekhukhune,right,1817.0,South Africa Women,right pace,2.0,pace,2026-04-19 12:14:32,,,,,,,,106565688.0,272.0,100.0,180.0,4.0,6.0,6.0,False,False,True,False,,no movement,,length ball,middle stump,front foot,drive,,well timed,,,,,,template_structured,6,,False,False,False,False,False,False,False,True,False,
1,2295,India Women,IND,1,4,TS Sekhukhune,15,0,0,43/1,15.00,3.04,3.4,0,0,Tumi Sekhukhune to Shafali Verma,,"Tumi Sekhukhune to Shafali Verma. Slower ball length ball, middle stump on the back foot pushed to extra cover for no run, fielded by Annerie Dercksen",e1b727f9-e019-49d9-a5dd-266e1c160e1c,235974,"South Africa Women v India Women at Durban, 2nd T20I, 19 Apr 2026",8973,India Women in South Africa,2026,"Kingsmead, Durban",Women's T20I,2026-04-19,,,,,,,,,,,,,,,,,,,,,,,,,,,False,False,False,False,,slower ball,,length ball,middle stump,back foot,push,,,extra cover,Annerie Dercksen,,,,template_structured,0,,False,False,False,False,False,False,False,False,True,
1,2295,India Women,IND,1,4,TS Sekhukhune,15,0,0,43/1,15.00,3.05,3.5,0,0,Tumi Sekhukhune to Shafali Verma,,"Tumi Sekhukhune to Shafali Verma. No movement back of a length, middle stump on the back foot pushed to square leg for no run, fielded by Chloe Tryon",e1b727f9-e019-49d9-a5dd-266e1c160e1c,235974,"South Africa Women v India Women at Durban, 2nd T20I, 19 Apr 2026",8973,India Women in South Africa,2026,"Kingsmead, Durban",Women's T20I,2026-04-19,,,,,,,,,,,,,,,,,,,,,,,,,,,False,False,False,False,,no movement,,back of a length,middle stump,back foot,push,,,square leg,Chloe Tryon,,,,template_structured,0,,False,False,False,False,False,False,False,False,True,
1,2295,India Women,IND,1,4,TS Sekhukhune,15,0,0,43/1,15.00,3.06,3.6,1,1,Tumi Sekhukhune to Shafali Verma,,"Tumi Sekhukhune to Shafali Verma. No movement back of a length, off stump on the front foot slogged to long on for 1 run, fielded by Suné Luus",e1b727f9-e019-49d9-a5dd-266e1c160e1c,235974,"South Africa Women v India Women at Durban, 2nd T20I, 19 Apr 2026",8973,India Women in South Africa,2026,"Kingsmead, Durban",Women's T20I,2026-04-19,75479.0,S Verma,right,68542.0,TS Sekhukhune,right,1817.0,South Africa Women,right pace,2.0,pace,2026-04-19 12:16:07,,,,,,,,106565708.0,289.0,90.0,162.0,4.0,1.0,1.0,False,False,True,False,,no movement,,back of a length,off stump,front foot,slog,,,long on,Suné Luus,,,,template_structured,1,,False,False,False,False,False,False,False,False,False,
1,2295,India Women,IND,1,5,CL Tryon,3,0,1,46/2,3.00,4.01,4.1,1,1,Chloe Tryon to Shafali Verma,,"Chloe Tryon to Shafali Verma. Left-arm orthodox stock length ball, middle stump on the front foot driving well timed to deep mid wicket for 1 run, fielded by Nadine de Klerk",e1b727f9-e019-49d9-a5dd-266e1c160e1c,235974,"South Africa Women v India Women at Durban, 2nd T20I, 19 Apr 2026",8973,India Women in South Africa,2026,"Kingsmead, Durban",Women's T20I,2026-04-19,75479.0,S Verma,right,24483.0,CL Tryon,left,1817.0,South Africa Women,left orthodox,5.0,spin,2026-04-19 12:17:13,,,,,,,,106565717.0,313.0,85.0,150.0,4.0,1.0,1.0,False,False,True,False,,left-arm orthodox,stock,length ball,middle stump,front foot,drive,,well timed,deep mid wicket,Nadine de Klerk,,,,template_structured,1,,False,False,False,False,False,False,False,False,False,
1,2295,India Women,IND,1,5,CL Tryon,3,0,1,46/2,3.00,4.02,4.2,0,0,Chloe Tryon to Jemimah Rodrigues,,"Chloe Tryon to Jemimah Rodrigues. Left-arm orthodox stock length ball, middle stump on the front foot driving to mid on for no run, fielded by Nadine de Klerk",e1b727f9-e019-49d9-a5dd-266e1c160e1c,235974,"South Africa Women v India Women at Durban, 2nd T20I, 19 Apr 2026",8973,India Women in South Africa,2026,"Kingsmead, Durban",Women's T20I,2026-04-19,,,,,,,,,,,,,,,,,,,,,,,,,,,False,False,False,False,,left-arm orthodox,stock,length ball,middle stump,front foot,drive,,,mid on,Nadine de Klerk,,,,template_structured,0,,False,False,False,False,False,False,False,False,True,
1,2295,India Women,IND,1,5,CL Tryon,3,0,1,46/2,3.00,4.03,4.3,1,1,Chloe Tryon to Jemimah Rodrigues,,"Chloe Tryon to Jemimah Rodrigues. Left-arm orthodox stock length ball, middle stump on the back foot worked to deep backward square leg for 1 run, fielded by Tumi Sekhukhune",e1b727f9-e019-49d9-a5dd-266e1c160e1c,235974,"South Africa Women v India Women at Durban, 2nd T20I, 19 Apr 2026",8973,India Women in South Africa,2026,"Kingsmead, Durban",Women's T20I,2026-04-19,67795.0,JI Rodrigues,right,24483.0,CL Tryon,left,1817.0,South Africa Women,left orthodox,5.0,spin,2026-04-19 12:18:12,,,,,,,,106565729.0,11.0,65.0,109.0,2.0,1.0,1.0,False,False,True,False,,left-arm orthodox,stock,length ball,middle stump,back foot,work,,,deep backward square leg,Tumi Sekhukhune,,,,template_structured,1,,False,False,False,False,False,False,False,False,False,
1,2295,India Women,IND,1,5,CL Tryon,3,0,1,46/2,3.00,4.04,4.4,0,0,Chloe Tryon to Shafali Verma,,"Chloe Tryon to Shafali Verma. Left-arm orthodox stock length ball, off stump on the back foot pushed to gully for no run, fielded by Anneke Bosch",e1b727f9-e019-49d9-a5dd-266e1c160e1c,235974,"South Africa Women v India Women at Durban, 2nd T20I, 19 Apr 2026",8973,India Women in South Africa,2026,"Kingsmead, Durban",Women's T20I,2026-04-19,,,,,,,,,,,,,,,,,,,,,,,,,,,False,False,False,False,,left-arm orthodox,stock,length ball,off stump,back foot,push,,,gully,Anneke Bosch,,,,template_structured,0,,False,False,False,False,False,False,False,False,True,
1,2295,India Women,IND,1,5,CL Tryon,3,0,1,46/2,3.00,4.05,4.5,1,1,Chloe Tryon to Shafali Verma,,"Chloe Tryon to Shafali Verma. Left-arm orthodox stock length ball, middle stump on the back foot pulled well timed to deep mid wicket for 1 run, fielded by Tazmin Brits",e1b727f9-e019-49d9-a5dd-266e1c160e1c,235974,"South Africa Women v India Women at Durban, 2nd T20I, 19 Apr 2026",8973,India Women in South Africa,2026,"Kingsmead, Durban",Women's T20I,2026-04-19,75479.0,S Verma,right,24483.0,CL Tryon,left,1817.0,South Africa Women,left orthodox,5.0,spin,2026-04-19 12:18:57,,,,,,,,106565736.0,317.0,85.0,148.0,3.0,1.0,1.0,False,False,True,False,,left-arm orthodox,stock,length ball,middle stump,back foot,pull,,well timed,deep mid wicket,Tazmin Brits,,,,template_structured,1,,False,False,False,False,False,False,False,False,False,
1,2295,India Women,IND,1,5,CL Tryon,3,0,1,46/2,3.00,4.06,4.6,0,W,Chloe Tryon to Jemimah Rodrigues,,"OUT! Chloe Tryon to Jemimah Rodrigues. Left-arm orthodox stock length ball, middle stump on the front foot sweep to deep backward square leg for no run, caught by Tumi Sekhukhune. Jemimah Rodrigues Caught for 2.",e1b727f9-e019-49d9-a5dd-266e1c160e1c,235974,"South Africa Women v India Women at Durban, 2nd T20I, 19 Apr 2026",8973,India Women in South Africa,2026,"Kingsmead, Durban",Women's T20I,2026-04-19,,,,,,,,,,,,,,,,,,,,,,,,,,,False,False,False,True,,left-arm orthodox,stock,length ball,middle stump,front foot,sweep,,,deep backward square leg,Tumi Sekhukhune,caught,caught by Tumi Sekhukhune. Jemimah Rodrigues,2,template_structured,0,,True,False,False,False,False,False,False,False,False,commentary
1,2295,India Women,IND,1,6,A Khaka,12,0,0,58/2,12.00,5.01,5.1,1,1,Ayabonga Khaka to Shafali Verma,,"Ayabonga Khaka to Shafali Verma. No movement back of a length, off stump on the back foot pulled well timed to deep square leg for 1 run, fielded by Anneke Bosch",e1b727f9-e019-49d9-a5dd-266e1c160e1c,235974,"South Africa Women v India Women at Durban, 2nd T20I, 19 Apr 2026",8973,India Women in South Africa,2026,"Kingsmead, Durban",Women's T20I,2026-04-19,75479.0,S Verma,right,27665.0,A Khaka,right,1817.0,South Africa Women,right pace,1.0,pace,2026-04-19 12:21:03,,,,,,,,106565757.0,331.0,85.0,149.0,3.0,1.0,1.0,False,False,True,False,,no movement,,back of a length,off stump,back foot,pull,,well timed,deep square leg,Anneke Bosch,,,,template_structured,1,,False,False,False,False,False,False,False,False,False,
1,2295,India Women,IND,1,6,A Khaka,12,0,0,58/2,12.00,5.02,5.2,4,4,Ayabonga Khaka to Anushka Sharma,,"FOUR! Ayabonga Khaka to Anushka Sharma. No movement back of a length, off stump on the front foot driving well timed for 4 runs",e1b727f9-e019-49d9-a5dd-266e1c160e1c,235974,"South Africa Women v India Women at Durban, 2nd T20I, 19 Apr 2026",8973,India Women in South Africa,2026,"Kingsmead, Durban",Women's T20I,2026-04-19,80168.0,AB Sharma,right,27665.0,A Khaka,right,1817.0,South Africa Women,right pace,1.0,pace,2026-04-19 12:21:39,,,,,,,,106565764.0,214.0,100.0,176.0,6.0,4.0,4.0,False,False,True,False,,no movement,,back of a length,off stump,front foot,drive,,well timed,,,,,,template_structured,4,,False,False,False,False,False,False,True,False,False,
1,2295,India Women,IND,1,6,A Khaka,12,0,0,58/2,12.00,5.03,5.3,1,1,Ayabonga Khaka to Anushka Sharma,,"Ayabonga Khaka to Anushka Sharma. No movement length ball, middle stump on the front foot driving to deep square leg for 1 run, fielded by Anneke Bosch",e1b727f9-e019-49d9-a5dd-266e1c160e1c,235974,"South Africa Women v India Women at Durban, 2nd T20I, 19 Apr 2026",8973,India Women in South Africa,2026,"Kingsmead, Durban",Women's T20I,2026-04-19,80168.0,AB Sharma,right,27665.0,A Khaka,right,1817.0,South Africa Women,right pace,1.0,pace,2026-04-19 12:22:08,,,,,,,,106565773.0,343.0,65.0,110.0,3.0,1.0,1.0,False,False,True,False,,no movement,,length ball,middle stump,front foot,drive,,,deep square leg,Anneke Bosch,,,,template_structured,1,,False,False,False,False,False,False,False,False,False,
1,2295,India Women,IND,1,6,A Khaka,12,0,0,58/2,12.00,5.04,5.4,4,4,Ayabonga Khaka to Shafali Verma,,"FOUR! Ayabonga Khaka to Shafali Verma. No movement length ball, middle stump on the front foot slogged for 4 runs",e1b727f9-e019-49d9-a5dd-266e1c160e1c,235974,"South Africa Women v India Women at Durban, 2nd T20I, 19 Apr 2026",8973,India Women in South Africa,2026,"Kingsmead, Durban",Women's T20I,2026-04-19,75479.0,S Verma,right,27665.0,A Khaka,right,1817.0,South Africa Women,right pace,1.0,pace,2026-04-19 12:22:41,,,,,,,,106565780.0,107.0,100.0,160.0,8.0,4.0,4.0,False,False,True,False,,no movement,,length ball,middle stump,front foot,slog,,,,,,,,template_structured,4,,False,False,False,False,False,False,True,False,False,
1,2295,India Women,IND,1,6,A Khaka,12,0,0,58/2,12.00,5.05,5.5,1,1,Ayabonga Khaka to Shafali Verma,,"Ayabonga Khaka to Shafali Verma. No movement back of a length, off stump on the back foot pulled well timed to deep mid wicket for 1 run, fielded by Anneke Bosch",e1b727f9-e019-49d9-a5dd-266e1c160e1c,235974,"South Africa Women v India Women at Durban, 2nd T20I, 19 Apr 2026",8973,India Women in South Africa,2026,"Kingsmead, Durban",Women's T20I,2026-04-19,75479.0,S Verma,right,27665.0,A Khaka,right,1817.0,South Africa Women,right pace,1.0,pace,2026-04-19 12:23:13,,,,,,,,106565784.0,318.0,85.0,146.0,3.0,1.0,1.0,False,False,True,False,,no movement,,back of a length,off stump,back foot,pull,,well timed,deep mid wicket,Anneke Bosch,,,,template_structured,1,,False,False,False,False,False,False,False,False,False,
1,2295,India Women,IND,1,6,A Khaka,12,0,0,58/2,12.00,5.06,5.6,1,1,Ayabonga Khaka to Anushka Sharma,,"Ayabonga Khaka to Anushka Sharma. No movement back of a length, leg stump on the back foot glancing well timed to short fine leg for 1 run, run saved by Tumi Sekhukhune",e1b727f9-e019-49d9-a5dd-266e1c160e1c,235974,"South Africa Women v India Women at Durban, 2nd T20I, 19 Apr 2026",8973,India Women in South Africa,2026,"Kingsmead, Durban",Women's T20I,2026-04-19,80168.0,AB Sharma,right,27665.0,A Khaka,right,1817.0,South Africa Women,right pace,1.0,pace,2026-04-19 12:23:33,,,,,,,,106565788.0,77.0,50.0,84.0,1.0,1.0,1.0,False,False,True,False,,no movement,,back of a length,leg stump,back foot,,,well timed,short fine leg,,,,,template_structured,1,,False,False,False,False,False,False,False,False,False,
1,2295,India Women,IND,1,7,N de Klerk,8,0,0,66/2,8.00,6.01,6.1,1,1,Nadine de Klerk to Anushka Sharma,,"Nadine de Klerk to Anushka Sharma. No movement length ball, middle stump on the front foot driving to deep mid wicket for 1 run, fielded by Tazmin Brits",e1b727f9-e019-49d9-a5dd-266e1c160e1c,235974,"South Africa Women v India Women at Durban, 2nd T20I, 19 Apr 2026",8973,India Women in South Africa,2026,"Kingsmead, Durban",Women's T20I,2026-04-19,80168.0,AB Sharma,right,66219.0,N de Klerk,right,1817.0,South Africa Women,right pace,1.0,pace,2026-04-19 12:24:49,,,,,,,,106565799.0,329.0,70.0,124.0,3.0,1.0,1.0,False,False,True,False,,no movement,,length ball,middle stump,front foot,drive,,,deep mid wicket,Tazmin Brits,,,,template_structured,1,,False,False,False,False,False,False,False,False,False,
1,2295,India Women,IND,1,7,N de Klerk,8,0,0,66/2,8.00,6.02,6.2,4,4,Nadine de Klerk to Shafali Verma,,"FOUR! Nadine de Klerk to Shafali Verma. No movement back of a length, middle stump on the back foot pulled well timed for 4 runs",e1b727f9-e019-49d9-a5dd-266e1c160e1c,235974,"South Africa Women v India Women at Durban, 2nd T20I, 19 Apr 2026",8973,India Women in South Africa,2026,"Kingsmead, Durban",Women's T20I,2026-04-19,75479.0,S Verma,right,66219.0,N de Klerk,right,1817.0,South Africa Women,right pace,1.0,pace,2026-04-19 12:25:18,,,,,,,,106565802.0,61.0,100.0,161.0,1.0,4.0,4.0,False,False,True,False,,no movement,,back of a length,middle stump,back foot,pull,,well timed,,,,,,template_structured,4,,False,False,False,False,False,False,True,False,False,
1,2295,India Women,IND,1,7,N de Klerk,8,0,0,66/2,8.00,6.03,6.3,1,1,Nadine de Klerk to Shafali Verma,,"Nadine de Klerk to Shafali Verma. No movement length ball, middle stump on the front foot driving to deep mid wicket for 1 run, fielded by Tazmin Brits",e1b727f9-e019-49d9-a5dd-266e1c160e1c,235974,"South Africa Women v India Women at Durban, 2nd T20I, 19 Apr 2026",8973,India Women in South Africa,2026,"Kingsmead, Durban",Women's T20I,2026-04-19,75479.0,S Verma,right,66219.0,N de Klerk,right,1817.0,South Africa Women,right pace,1.0,pace,2026-04-19 12:25:50,,,,,,,,106565808.0,324.0,60.0,108.0,3.0,1.0,1.0,False,False,True,False,,no movement,,length ball,middle stump,front foot,drive,,,deep mid wicket,Tazmin Brits,,,,template_structured,1,,False,False,False,False,False,False,False,False,False,
1,2295,India Women,IND,1,7,N de Klerk,8,0,0,66/2,8.00,6.04,6.4,0,0,Nadine de Klerk to Anushka Sharma,,"Nadine de Klerk to Anushka Sharma. No movement length ball, middle stump on the front foot driving to bowler for no run, fielded by Nadine de Klerk",e1b727f9-e019-49d9-a5dd-266e1c160e1c,235974,"South Africa Women v India Women at Durban, 2nd T20I, 19 Apr 2026",8973,India Women in South Africa,2026,"Kingsmead, Durban",Women's T20I,2026-04-19,,,,,,,,,,,,,,,,,,,,,,,,,,,False,False,False,False,,no movement,,length ball,middle stump,front foot,drive,,,bowler,Nadine de Klerk,,,,template_structured,0,,False,False,False,False,False,False,False,False,True,
1,2295,India Women,IND,1,7,N de Klerk,8,0,0,66/2,8.00,6.05,6.5,1,1,Nadine de Klerk to Anushka Sharma,,"Nadine de Klerk to Anushka Sharma. No movement back of a length, middle stump on the back foot glancing to deep backward square leg for 1 run, fielded by Chloe Tryon",e1b727f9-e019-49d9-a5dd-266e1c160e1c,235974,"South Africa Women v India Women at Durban, 2nd T20I, 19 Apr 2026",8973,India Women in South Africa,2026,"Kingsmead, Durban",Women's T20I,2026-04-19,80168.0,AB Sharma,right,66219.0,N de Klerk,right,1817.0,South Africa Women,right pace,1.0,pace,2026-04-19 12:26:47,,,,,,,,106565819.0,18.0,70.0,121.0,2.0,1.0,1.0,False,False,True,False,,no movement,,back of a length,middle stump,back foot,,,,deep backward square leg,Chloe Tryon,,,,template_structured,1,,False,False,False,False,False,False,False,False,False,
1,2295,India Women,IND,1,7,N de Klerk,8,0,0,66/2,8.00,6.06,6.6,1,1,Nadine de Klerk to Shafali Verma,,"Nadine de Klerk to Shafali Verma. No movement back of a length, middle stump on the back foot pulled well timed to deep square leg for 1 run, fielded by Chloe Tryon",e1b727f9-e019-49d9-a5dd-266e1c160e1c,235974,"South Africa Women v India Women at Durban, 2nd T20I, 19 Apr 2026",8973,India Women in South Africa,2026,"Kingsmead, Durban",Women's T20I,2026-04-19,75479.0,S Verma,right,66219.0,N de Klerk,right,1817.0,South Africa Women,right pace,1.0,pace,2026-04-19 12:27:16,,,,,,,,106565826.0,360.0,95.0,158.0,3.0,1.0,1.0,False,False,True,False,,no movement,,back of a length,middle stump,back foot,pull,,well timed,deep square leg,Chloe Tryon,,,,template_structured,1,,False,False,False,False,False,False,False,False,False,
1,2295,India Women,IND,1,8,N Mlaba,6,0,0,72/2,6.00,7.01,7.1,4,4,Nonkululeko Mlaba to Shafali Verma,,"FOUR! Nonkululeko Mlaba to Shafali Verma. Left-arm orthodox stock full, off stump on the front foot driving well timed for 4 runs",e1b727f9-e019-49d9-a5dd-266e1c160e1c,235974,"South Africa Women v India Women at Durban, 2nd T20I, 19 Apr 2026",8973,India Women in South Africa,2026,"Kingsmead, Durban",Women's T20I,2026-04-19,75479.0,S Verma,right,72145.0,N Mlaba,left,1817.0,South Africa Women,left orthodox,5.0,spin,2026-04-19 12:28:20,,,,,,,,106565836.0,319.0,100.0,177.0,3.0,4.0,4.0,False,False,True,False,,left-arm orthodox,stock,full,off stump,front foot,drive,,well timed,,,,,,template_structured,4,,False,False,False,False,False,False,True,False,False,
1,2295,India Women,IND,1,8,N Mlaba,6,0,0,72/2,6.00,7.02,7.2,1,1,Nonkululeko Mlaba to Shafali Verma,,"Nonkululeko Mlaba to Shafali Verma. Left-arm orthodox stock full, middle stump on the front foot driving well timed to long on for 1 run, fielded by Suné Luus",e1b727f9-e019-49d9-a5dd-266e1c160e1c,235974,"South Africa Women v India Women at Durban, 2nd T20I, 19 Apr 2026",8973,India Women in South Africa,2026,"Kingsmead, Durban",Women's T20I,2026-04-19,75479.0,S Verma,right,72145.0,N Mlaba,left,1817.0,South Africa Women,left orthodox,5.0,spin,2026-04-19 12:29:14,,,,,,,,106565845.0,273.0,70.0,129.0,4.0,1.0,1.0,False,False,True,False,,left-arm orthodox,stock,full,middle stump,front foot,drive,,well timed,long on,Suné Luus,,,,template_structured,1,,False,False,False,False,False,False,False,False,False,
1,2295,India Women,IND,1,8,N Mlaba,6,0,0,72/2,6.00,7.03,7.3,0,0,Nonkululeko Mlaba to Anushka Sharma,,"Nonkululeko Mlaba to Anushka Sharma. Left-arm orthodox stock full, leg stump on the front foot reverse sweep to backward point for no run, fielded by Tazmin Brits",e1b727f9-e019-49d9-a5dd-266e1c160e1c,235974,"South Africa Women v India Women at Durban, 2nd T20I, 19 Apr 2026",8973,India Women in South Africa,2026,"Kingsmead, Durban",Women's T20I,2026-04-19,,,,,,,,,,,,,,,,,,,,,,,,,,,False,False,False,False,,left-arm orthodox,stock,full,leg stump,front foot,reverse sweep,,,backward point,Tazmin Brits,,,,template_structured,0,,False,False,False,False,False,False,False,False,True,
1,2295,India Women,IND,1,8,N Mlaba,6,0,0,72/2,6.00,7.04,7.4,0,0,Nonkululeko Mlaba to Anushka Sharma,,"Nonkululeko Mlaba to Anushka Sharma. Left-arm orthodox stock yorker, middle stump on the front foot driving to mid off for no run, fielded by Laura Wolvaardt",e1b727f9-e019-49d9-a5dd-266e1c160e1c,235974,"South Africa Women v India Women at Durban, 2nd T20I, 19 Apr 2026",8973,India Women in South Africa,2026,"Kingsmead, Durban",Women's T20I,2026-04-19,,,,,,,,,,,,,,,,,,,,,,,,,,,False,False,False,False,,left-arm orthodox,stock,yorker,middle stump,front foot,drive,,,mid off,Laura Wolvaardt,,,,template_structured,0,,False,False,False,False,False,False,False,False,True,
1,2295,India Women,IND,1,8,N Mlaba,6,0,0,72/2,6.00,7.05,7.5,0,0,Nonkululeko Mlaba to Anushka Sharma,,"Nonkululeko Mlaba to Anushka Sharma. Left-arm orthodox stock length ball, middle stump on the front foot sweep to backward point for no run, fielded by Tazmin Brits",e1b727f9-e019-49d9-a5dd-266e1c160e1c,235974,"South Africa Women v India Women at Durban, 2nd T20I, 19 Apr 2026",8973,India Women in South Africa,2026,"Kingsmead, Durban",Women's T20I,2026-04-19,,,,,,,,,,,,,,,,,,,,,,,,,,,False,False,False,False,,left-arm orthodox,stock,length ball,middle stump,front foot,sweep,,,backward point,Tazmin Brits,,,,template_structured,0,,False,False,False,False,False,False,False,False,True,
1,2295,India Women,IND,1,8,N Mlaba,6,0,0,72/2,6.00,7.06,7.6,1,1,Nonkululeko Mlaba to Anushka Sharma,,"Nonkululeko Mlaba to Anushka Sharma. Left-arm orthodox stock length ball, middle stump on the back foot dropped to extra cover for 1 run, fielded by Tazmin Brits",e1b727f9-e019-49d9-a5dd-266e1c160e1c,235974,"South Africa Women v India Women at Durban, 2nd T20I, 19 Apr 2026",8973,India Women in South Africa,2026,"Kingsmead, Durban",Women's T20I,2026-04-19,80168.0,AB Sharma,right,72145.0,N Mlaba,left,1817.0,South Africa Women,left orthodox,5.0,spin,2026-04-19 12:30:35,,,,,,,,106565863.0,222.0,30.0,54.0,6.0,1.0,1.0,False,False,True,False,,left-arm orthodox,stock,length ball,middle stump,back foot,drop,,,extra cover,Tazmin Brits,,,,template_structured,1,,False,False,False,False,False,False,False,False,False,
1,2295,India Women,IND,1,9,A Dercksen,3,0,0,75/2,3.00,8.01,8.1,1,1,Annerie Dercksen to Anushka Sharma,,"Annerie Dercksen to Anushka Sharma. No movement length ball, leg stump on the back foot glancing well timed to fine leg for 1 run, run saved by Nonkululeko Mlaba",e1b727f9-e019-49d9-a5dd-266e1c160e1c,235974,"South Africa Women v India Women at Durban, 2nd T20I, 19 Apr 2026",8973,India Women in South Africa,2026,"Kingsmead, Durban",Women's T20I,2026-04-19,80168.0,AB Sharma,right,79838.0,A Dercksen,right,1817.0,South Africa Women,right pace,1.0,pace,2026-04-19 12:31:45,,,,,,,,106565872.0,73.0,100.0,159.0,1.0,1.0,1.0,False,False,True,False,,no movement,,length ball,leg stump,back foot,,,well timed,fine leg,,,,,template_structured,1,,False,False,False,False,False,False,False,False,False,
1,2295,India Women,IND,1,9,A Dercksen,3,0,0,75/2,3.00,8.02,8.2,1,1,Annerie Dercksen to Shafali Verma,,"Annerie Dercksen to Shafali Verma. No movement back of a length, off stump on the back foot dropped to extra cover for 1 run, fielded by Laura Wolvaardt",e1b727f9-e019-49d9-a5dd-266e1c160e1c,235974,"South Africa Women v India Women at Durban, 2nd T20I, 19 Apr 2026",8973,India Women in South Africa,2026,"Kingsmead, Durban",Women's T20I,2026-04-19,75479.0,S Verma,right,79838.0,A Dercksen,right,1817.0,South Africa Women,right pace,1.0,pace,2026-04-19 12:32:25,,,,,,,,106565873.0,231.0,25.0,40.0,5.0,1.0,1.0,False,False,True,False,,no movement,,back of a length,off stump,back foot,drop,,,extra cover,Laura Wolvaardt,,,,template_structured,1,,False,False,False,False,False,False,False,False,False,
1,2295,India Women,IND,1,9,A Dercksen,3,0,0,75/2,3.00,8.03,8.3,0,0,Annerie Dercksen to Anushka Sharma,,"Annerie Dercksen to Anushka Sharma. No movement back of a length, off stump on the back foot cut to backward point for no run, fielded by Tumi Sekhukhune",e1b727f9-e019-49d9-a5dd-266e1c160e1c,235974,"South Africa Women v India Women at Durban, 2nd T20I, 19 Apr 2026",8973,India Women in South Africa,2026,"Kingsmead, Durban",Women's T20I,2026-04-19,,,,,,,,,,,,,,,,,,,,,,,,,,,False,False,False,False,,no movement,,back of a length,off stump,back foot,cut,,,backward point,Tumi Sekhukhune,,,,template_structured,0,,False,False,False,False,False,False,False,False,True,
1,2295,India Women,IND,1,9,A Dercksen,3,0,0,75/2,3.00,8.04,8.4,1,1,Annerie Dercksen to Anushka Sharma,,"Annerie Dercksen to Anushka Sharma. No movement back of a length, off stump on the back foot cut well timed to deep extra cover for 1 run, fielded by Anneke Bosch",e1b727f9-e019-49d9-a5dd-266e1c160e1c,235974,"South Africa Women v India Women at Durban, 2nd T20I, 19 Apr 2026",8973,India Women in South Africa,2026,"Kingsmead, Durban",Women's T20I,2026-04-19,80168.0,AB Sharma,right,79838.0,A Dercksen,right,1817.0,South Africa Women,right pace,1.0,pace,2026-04-19 12:33:28,,,,,,,,106565886.0,222.0,75.0,134.0,6.0,1.0,1.0,False,False,True,False,,no movement,,back of a length,off stump,back foot,cut,,well timed,deep extra cover,Anneke Bosch,,,,template_structured,1,,False,False,False,False,False,False,False,False,False,
1,2295,India Women,IND,1,9,A Dercksen,3,0,0,75/2,3.00,8.05,8.5,0,0,Annerie Dercksen to Shafali Verma,,"Annerie Dercksen to Shafali Verma. No movement back of a length, off stump on the front foot driving to mid off for no run, fielded by Suné Luus",e1b727f9-e019-49d9-a5dd-266e1c160e1c,235974,"South Africa Women v India Women at Durban, 2nd T20I, 19 Apr 2026",8973,India Women in South Africa,2026,"Kingsmead, Durban",Women's T20I,2026-04-19,,,,,,,,,,,,,,,,,,,,,,,,,,,False,False,False,False,,no movement,,back of a length,off stump,front foot,drive,,,mid off,Suné Luus,,,,template_structured,0,,False,False,False,False,False,False,False,False,True,
1,2295,India Women,IND,1,9,A Dercksen,3,0,0,75/2,3.00,8.06,8.6,0,0,Annerie Dercksen to Shafali Verma,,"Annerie Dercksen to Shafali Verma. No movement short, middle stump on the back foot upper cutted to wicketkeeper for no run, fielded by Sinalo Jafta",e1b727f9-e019-49d9-a5dd-266e1c160e1c,235974,"South Africa Women v India Women at Durban, 2nd T20I, 19 Apr 2026",8973,India Women in South Africa,2026,"Kingsmead, Durban",Women's T20I,2026-04-19,,,,,,,,,,,,,,,,,,,,,,,,,,,False,False,False,False,,no movement,,short,middle stump,back foot,cut,,,wicketkeeper,Sinalo Jafta,,,,template_structured,0,,False,False,False,False,False,False,False,False,True,
1,2295,India Women,IND,1,10,N Mlaba,3,0,0,78/2,3.00,9.01,9.1,1,1,Nonkululeko Mlaba to Anushka Sharma,,"Nonkululeko Mlaba to Anushka Sharma. Left-arm orthodox stock full, middle stump on the front foot driving to bowler for 1 run, dropped by Nonkululeko Mlaba",e1b727f9-e019-49d9-a5dd-266e1c160e1c,235974,"South Africa Women v India Women at Durban, 2nd T20I, 19 Apr 2026",8973,India Women in South Africa,2026,"Kingsmead, Durban",Women's T20I,2026-04-19,,,,,,,,,,,,,,,,,,,,,,,,,,,False,False,False,False,,left-arm orthodox,stock,full,middle stump,front foot,drive,,,bowler,,,,,template_structured,1,,False,False,False,False,False,False,False,False,False,
1,2295,India Women,IND,1,10,N Mlaba,3,0,0,78/2,3.00,9.02,9.2,1,1,Nonkululeko Mlaba to Shafali Verma,,"Nonkululeko Mlaba to Shafali Verma. Left-arm orthodox stock length ball, middle stump on the front foot driving well timed to deep mid wicket for 1 run, fielded by Anneke Bosch",e1b727f9-e019-49d9-a5dd-266e1c160e1c,235974,"South Africa Women v India Women at Durban, 2nd T20I, 19 Apr 2026",8973,India Women in South Africa,2026,"Kingsmead, Durban",Women's T20I,2026-04-19,75479.0,S Verma,right,72145.0,N Mlaba,left,1817.0,South Africa Women,left orthodox,5.0,spin,2026-04-19 12:36:06,,,,,,,,106565907.0,324.0,85.0,152.0,3.0,1.0,1.0,False,False,True,False,,left-arm orthodox,stock,length ball,middle stump,front foot,drive,,well timed,deep mid wicket,Anneke Bosch,,,,template_structured,1,,False,False,False,False,False,False,False,False,False,
1,2295,India Women,IND,1,10,N Mlaba,3,0,0,78/2,3.00,9.03,9.3,0,0,Nonkululeko Mlaba to Anushka Sharma,,"Nonkululeko Mlaba to Anushka Sharma. Left-arm orthodox stock length ball, middle stump down the track driving to extra cover for no run, fielded by Laura Wolvaardt",e1b727f9-e019-49d9-a5dd-266e1c160e1c,235974,"South Africa Women v India Women at Durban, 2nd T20I, 19 Apr 2026",8973,India Women in South Africa,2026,"Kingsmead, Durban",Women's T20I,2026-04-19,,,,,,,,,,,,,,,,,,,,,,,,,,,False,False,False,False,,,,length ball,middle stump,down the track,drive,,,extra cover,Laura Wolvaardt,,,,keyword,0,,False,False,False,False,False,False,False,False,True,
1,2295,India Women,IND,1,10,N Mlaba,3,0,0,78/2,3.00,9.04,9.4,0,0,Nonkululeko Mlaba to Anushka Sharma,,"Nonkululeko Mlaba to Anushka Sharma. Left-arm orthodox stock length ball, leg stump on the front foot sweep to square leg for no run, fielded by Sinalo Jafta",e1b727f9-e019-49d9-a5dd-266e1c160e1c,235974,"South Africa Women v India Women at Durban, 2nd T20I, 19 Apr 2026",8973,India Women in South Africa,2026,"Kingsmead, Durban",Women's T20I,2026-04-19,,,,,,,,,,,,,,,,,,,,,,,,,,,False,False,False,False,,left-arm orthodox,stock,length ball,leg stump,front foot,sweep,,,square leg,Sinalo Jafta,,,,template_structured,0,,False,False,False,False,False,False,False,False,True,
1,2295,India Women,IND,1,10,N Mlaba,3,0,0,78/2,3.00,9.05,9.5,0,0,Nonkululeko Mlaba to Anushka Sharma,,"Nonkululeko Mlaba to Anushka Sharma. Left-arm orthodox stock length ball, off stump on the front foot driving to mid off for no run, fielded by Nadine de Klerk",e1b727f9-e019-49d9-a5dd-266e1c160e1c,235974,"South Africa Women v India Women at Durban, 2nd T20I, 19 Apr 2026",8973,India Women in South Africa,2026,"Kingsmead, Durban",Women's T20I,2026-04-19,,,,,,,,,,,,,,,,,,,,,,,,,,,False,False,False,False,,left-arm orthodox,stock,length ball,off stump,front foot,drive,,,mid off,Nadine de Klerk,,,,template_structured,0,,False,False,False,False,False,False,False,False,True,
1,2295,India Women,IND,1,10,N Mlaba,3,0,0,78/2,3.00,9.06,9.6,1,1,Nonkululeko Mlaba to Anushka Sharma,,"Nonkululeko Mlaba to Anushka Sharma. Left-arm orthodox stock length ball, middle stump on the front foot driving to deep square leg for 1 run, fielded by Suné Luus",e1b727f9-e019-49d9-a5dd-266e1c160e1c,235974,"South Africa Women v India Women at Durban, 2nd T20I, 19 Apr 2026",8973,India Women in South Africa,2026,"Kingsmead, Durban",Women's T20I,2026-04-19,80168.0,AB Sharma,right,72145.0,N Mlaba,left,1817.0,South Africa Women,left orthodox,5.0,spin,2026-04-19 12:37:40,,,,,,,,106565916.0,342.0,80.0,139.0,3.0,1.0,1.0,False,False,True,False,,left-arm orthodox,stock,length ball,middle stump,front foot,drive,,,deep square leg,Suné Luus,,,,template_structured,1,,False,False,False,False,False,False,False,False,False,
1,2295,India Women,IND,1,11,CL Tryon,5,0,0,83/2,5.00,10.01,10.1,1,1,Chloe Tryon to Anushka Sharma,,"Chloe Tryon to Anushka Sharma. Left-arm orthodox stock length ball, middle stump on the front foot driving well timed to long on for 1 run, fielded by Nadine de Klerk",e1b727f9-e019-49d9-a5dd-266e1c160e1c,235974,"South Africa Women v India Women at Durban, 2nd T20I, 19 Apr 2026",8973,India Women in South Africa,2026,"Kingsmead, Durban",Women's T20I,2026-04-19,80168.0,AB Sharma,right,24483.0,CL Tryon,left,1817.0,South Africa Women,left orthodox,5.0,spin,2026-04-19 12:41:05,,,,,,,,106565937.0,273.0,80.0,148.0,4.0,1.0,1.0,False,False,True,False,,left-arm orthodox,stock,length ball,middle stump,front foot,drive,,well timed,long on,Nadine de Klerk,,,,template_structured,1,,False,False,False,False,False,False,False,False,False,
1,2295,India Women,IND,1,11,CL Tryon,5,0,0,83/2,5.00,10.02,10.2,1,1,Chloe Tryon to Shafali Verma,,"Chloe Tryon to Shafali Verma. Left-arm orthodox stock full, middle stump on the front foot driving well timed to deep mid wicket for 1 run, run saved by Tazmin Brits",e1b727f9-e019-49d9-a5dd-266e1c160e1c,235974,"South Africa Women v India Women at Durban, 2nd T20I, 19 Apr 2026",8973,India Women in South Africa,2026,"Kingsmead, Durban",Women's T20I,2026-04-19,75479.0,S Verma,right,24483.0,CL Tryon,left,1817.0,South Africa Women,left orthodox,5.0,spin,2026-04-19 12:41:32,,,,,,,,106565942.0,314.0,85.0,148.0,4.0,1.0,1.0,False,False,True,False,,left-arm orthodox,stock,full,middle stump,front foot,drive,,well timed,deep mid wicket,,,,,template_structured,1,,False,False,False,False,False,False,False,False,False,
1,2295,India Women,IND,1,11,CL Tryon,5,0,0,83/2,5.00,10.03,10.3,1,1,Chloe Tryon to Anushka Sharma,,"Chloe Tryon to Anushka Sharma. Left-arm orthodox stock length ball, off stump on the front foot driving to deep cover for 1 run, fielded by Annerie Dercksen",e1b727f9-e019-49d9-a5dd-266e1c160e1c,235974,"South Africa Women v India Women at Durban, 2nd T20I, 19 Apr 2026",8973,India Women in South Africa,2026,"Kingsmead, Durban",Women's T20I,2026-04-19,80168.0,AB Sharma,right,24483.0,CL Tryon,left,1817.0,South Africa Women,left orthodox,5.0,spin,2026-04-19 12:41:56,,,,,,,,106565945.0,204.0,65.0,115.0,6.0,1.0,1.0,False,False,True,False,,left-arm orthodox,stock,length ball,off stump,front foot,drive,,,deep cover,Annerie Dercksen,,,,template_structured,1,,False,False,False,False,False,False,False,False,False,
1,2295,India Women,IND,1,11,CL Tryon,5,0,0,83/2,5.00,10.04,10.4,1,1,Chloe Tryon to Shafali Verma,,"Chloe Tryon to Shafali Verma. Left-arm orthodox stock length ball, middle stump on the back foot pulled well timed to deep mid wicket for 1 run, fielded by Tazmin Brits",e1b727f9-e019-49d9-a5dd-266e1c160e1c,235974,"South Africa Women v India Women at Durban, 2nd T20I, 19 Apr 2026",8973,India Women in South Africa,2026,"Kingsmead, Durban",Women's T20I,2026-04-19,75479.0,S Verma,right,24483.0,CL Tryon,left,1817.0,South Africa Women,left orthodox,5.0,spin,2026-04-19 12:42:22,,,,,,,,106565949.0,320.0,80.0,144.0,3.0,1.0,1.0,False,False,True,False,,left-arm orthodox,stock,length ball,middle stump,back foot,pull,,well timed,deep mid wicket,Tazmin Brits,,,,template_structured,1,,False,False,False,False,False,False,False,False,False,
1,2295,India Women,IND,1,11,CL Tryon,5,0,0,83/2,5.00,10.05,10.5,1,1,Chloe Tryon to Anushka Sharma,,"Chloe Tryon to Anushka Sharma. Left-arm orthodox stock length ball, middle stump on the front foot driving to bowler for 1 run, misfielded by Chloe Tryon",e1b727f9-e019-49d9-a5dd-266e1c160e1c,235974,"South Africa Women v India Women at Durban, 2nd T20I, 19 Apr 2026",8973,India Women in South Africa,2026,"Kingsmead, Durban",Women's T20I,2026-04-19,,,,,,,,,,,,,,,,,,,,,,,,,,,False,False,False,False,,left-arm orthodox,stock,length ball,middle stump,front foot,drive,,,bowler,,,,,template_structured,1,,False,False,False,False,False,False,False,False,False,
1,2295,India Women,IND,1,11,CL Tryon,5,0,0,83/2,5.00,10.06,10.6,0,0,Chloe Tryon to Shafali Verma,,"Chloe Tryon to Shafali Verma. Left-arm orthodox stock length ball, middle stump on the back foot pushed to bowler for no run, fielded by Chloe Tryon",e1b727f9-e019-49d9-a5dd-266e1c160e1c,235974,"South Africa Women v India Women at Durban, 2nd T20I, 19 Apr 2026",8973,India Women in South Africa,2026,"Kingsmead, Durban",Women's T20I,2026-04-19,,,,,,,,,,,,,,,,,,,,,,,,,,,False,False,False,False,,left-arm orthodox,stock,length ball,middle stump,back foot,push,,,bowler,Chloe Tryon,,,,template_structured,0,,False,False,False,False,False,False,False,False,True,
1,2295,India Women,IND,1,12,A Dercksen,14,3,0,97/2,9.42,11.01,11.1,0,0,Annerie Dercksen to Anushka Sharma,,"Annerie Dercksen to Anushka Sharma. No movement back of a length, off stump on the front foot driving to mid wicket for no run, fielded by Suné Luus",e1b727f9-e019-49d9-a5dd-266e1c160e1c,235974,"South Africa Women v India Women at Durban, 2nd T20I, 19 Apr 2026",8973,India Women in South Africa,2026,"Kingsmead, Durban",Women's T20I,2026-04-19,,,,,,,,,,,,,,,,,,,,,,,,,,,False,False,False,False,,no movement,,back of a length,off stump,front foot,drive,,,mid wicket,Suné Luus,,,,template_structured,0,,False,False,False,False,False,False,False,False,True,
1,2295,India Women,IND,1,12,A Dercksen,14,3,0,97/2,9.42,11.02,11.2,4,4,Annerie Dercksen to Anushka Sharma,,"FOUR! Annerie Dercksen to Anushka Sharma. No movement back of a length, off stump on the back foot pulled well timed for 4 runs",e1b727f9-e019-49d9-a5dd-266e1c160e1c,235974,"South Africa Women v India Women at Durban, 2nd T20I, 19 Apr 2026",8973,India Women in South Africa,2026,"Kingsmead, Durban",Women's T20I,2026-04-19,80168.0,AB Sharma,right,79838.0,A Dercksen,right,1817.0,South Africa Women,right pace,1.0,pace,2026-04-19 12:44:48,,,,,,,,106565966.0,347.0,100.0,172.0,3.0,4.0,4.0,False,False,True,False,,no movement,,back of a length,off stump,back foot,pull,,well timed,,,,,,template_structured,4,,False,False,False,False,False,False,True,False,False,
1,2295,India Women,IND,1,12,A Dercksen,14,3,0,97/2,9.42,11.03,11.3,0,0,Annerie Dercksen to Anushka Sharma,,"Annerie Dercksen to Anushka Sharma. No movement back of a length, off stump on the back foot upper cutted to short third man for no run, fielded by Nonkululeko Mlaba",e1b727f9-e019-49d9-a5dd-266e1c160e1c,235974,"South Africa Women v India Women at Durban, 2nd T20I, 19 Apr 2026",8973,India Women in South Africa,2026,"Kingsmead, Durban",Women's T20I,2026-04-19,,,,,,,,,,,,,,,,,,,,,,,,,,,False,False,False,False,,no movement,,back of a length,off stump,back foot,cut,,,short third man,Nonkululeko Mlaba,,,,template_structured,0,,False,False,False,False,False,False,False,False,True,
1,2295,India Women,IND,1,12,A Dercksen,14,3,0,97/2,9.42,11.04,11.4,4,4,Annerie Dercksen to Anushka Sharma,,"FOUR! Annerie Dercksen to Anushka Sharma. No movement back of a length, off stump on the front foot flick well timed for 4 runs",e1b727f9-e019-49d9-a5dd-266e1c160e1c,235974,"South Africa Women v India Women at Durban, 2nd T20I, 19 Apr 2026",8973,India Women in South Africa,2026,"Kingsmead, Durban",Women's T20I,2026-04-19,80168.0,AB Sharma,right,79838.0,A Dercksen,right,1817.0,South Africa Women,right pace,1.0,pace,2026-04-19 12:46:00,,,,,,,,106565975.0,345.0,100.0,173.0,3.0,4.0,4.0,False,False,True,False,,no movement,,back of a length,off stump,front foot,flick,,well timed,,,,,,template_structured,4,,False,False,False,False,False,False,True,False,False,
1,2295,India Women,IND,1,12,A Dercksen,14,3,0,97/2,9.42,11.05,11.5,0,0,Annerie Dercksen to Anushka Sharma,,"Annerie Dercksen to Anushka Sharma. No movement back of a length, off stump on the front foot driving to bowler for no run, fielded by Annerie Dercksen",e1b727f9-e019-49d9-a5dd-266e1c160e1c,235974,"South Africa Women v India Women at Durban, 2nd T20I, 19 Apr 2026",8973,India Women in South Africa,2026,"Kingsmead, Durban",Women's T20I,2026-04-19,,,,,,,,,,,,,,,,,,,,,,,,,,,False,False,False,False,,no movement,,back of a length,off stump,front foot,drive,,,bowler,Annerie Dercksen,,,,template_structured,0,,False,False,False,False,False,False,False,False,True,
1,2295,India Women,IND,1,12,A Dercksen,14,3,0,97/2,9.42,11.06,11.5,1,1ʷᵈ,Annerie Dercksen to Anushka Sharma,,"Wide. Annerie Dercksen to Anushka Sharma. No movement back of a length, leg stump on the no movement leaving left alone through to wicketkeeper for 1 wides, fielded by Sinalo Jafta",e1b727f9-e019-49d9-a5dd-266e1c160e1c,235974,"South Africa Women v India Women at Durban, 2nd T20I, 19 Apr 2026",8973,India Women in South Africa,2026,"Kingsmead, Durban",Women's T20I,2026-04-19,,,,,,,,,,,,,,,,,,,,,,,,,,,False,False,False,False,,no movement,,back of a length,leg stump,no movement,leave,,,wicketkeeper,Sinalo Jafta,,,,template_structured,1,wide,False,True,False,False,False,False,False,False,False,
1,2295,India Women,IND,1,12,A Dercksen,14,3,0,97/2,9.42,11.07,11.5,3,3ⁿᵇ,Annerie Dercksen to Anushka Sharma,,"No ball. Annerie Dercksen to Anushka Sharma. No movement back of a length, off stump on the back foot cut well timed to deep extra cover for 3 runs, fielded by Tazmin Brits",e1b727f9-e019-49d9-a5dd-266e1c160e1c,235974,"South Africa Women v India Women at Durban, 2nd T20I, 19 Apr 2026",8973,India Women in South Africa,2026,"Kingsmead, Durban",Women's T20I,2026-04-19,80168.0,AB Sharma,right,79838.0,A Dercksen,right,1817.0,South Africa Women,right pace,1.0,pace,2026-04-19 12:47:38,,,,,,,,106565987.0,239.0,80.0,139.0,5.0,2.0,3.0,False,False,True,False,,no movement,,back of a length,off stump,back foot,cut,,well timed,deep extra cover,Tazmin Brits,,,,template_structured,3,no ball,False,False,True,False,False,False,False,False,False,
1,2295,India Women,IND,1,12,A Dercksen,14,3,0,97/2,9.42,11.08,11.5,1,1ʷᵈ,Annerie Dercksen to Anushka Sharma,,"Wide. Annerie Dercksen to Anushka Sharma. No movement half tracker, middle stump on the no movement leaving left alone through to wicketkeeper for 1 wides, fielded by Sinalo Jafta",e1b727f9-e019-49d9-a5dd-266e1c160e1c,235974,"South Africa Women v India Women at Durban, 2nd T20I, 19 Apr 2026",8973,India Women in South Africa,2026,"Kingsmead, Durban",Women's T20I,2026-04-19,,,,,,,,,,,,,,,,,,,,,,,,,,,False,False,False,False,,no movement,,half tracker,middle stump,no movement,leave,,,wicketkeeper,Sinalo Jafta,,,,template_structured,1,wide,False,True,False,False,False,False,False,False,False,
1,2295,India Women,IND,1,12,A Dercksen,14,3,0,97/2,9.42,11.09,11.6,1,1,Annerie Dercksen to Anushka Sharma,,"Annerie Dercksen to Anushka Sharma. No movement back of a length, off stump on the front foot slogged to deep backward square leg for 1 run, fielded by Tumi Sekhukhune",e1b727f9-e019-49d9-a5dd-266e1c160e1c,235974,"South Africa Women v India Women at Durban, 2nd T20I, 19 Apr 2026",8973,India Women in South Africa,2026,"Kingsmead, Durban",Women's T20I,2026-04-19,80168.0,AB Sharma,right,79838.0,A Dercksen,right,1817.0,South Africa Women,right pace,1.0,pace,2026-04-19 12:48:54,,,,,,,,106565995.0,12.0,70.0,119.0,2.0,1.0,1.0,False,False,True,False,,no movement,,back of a length,off stump,front foot,slog,,,deep backward square leg,Tumi Sekhukhune,,,,template_structured,1,,False,False,False,False,False,False,False,False,False,
1,2295,India Women,IND,1,13,CL Tryon,7,0,1,104/3,7.00,12.01,12.1,1,1,Chloe Tryon to Anushka Sharma,,"Chloe Tryon to Anushka Sharma. Left-arm orthodox stock length ball, middle stump on the front foot driving to long on for 1 run, fielded by Nadine de Klerk",e1b727f9-e019-49d9-a5dd-266e1c160e1c,235974,"South Africa Women v India Women at Durban, 2nd T20I, 19 Apr 2026",8973,India Women in South Africa,2026,"Kingsmead, Durban",Women's T20I,2026-04-19,80168.0,AB Sharma,right,24483.0,CL Tryon,left,1817.0,South Africa Women,left orthodox,5.0,spin,2026-04-19 12:49:57,,,,,,,,106566006.0,296.0,80.0,138.0,4.0,1.0,1.0,False,False,True,False,,left-arm orthodox,stock,length ball,middle stump,front foot,drive,,,long on,Nadine de Klerk,,,,template_structured,1,,False,False,False,False,False,False,False,False,False,
1,2295,India Women,IND,1,13,CL Tryon,7,0,1,104/3,7.00,12.02,12.2,1,1,Chloe Tryon to Shafali Verma,,"Chloe Tryon to Shafali Verma. Left-arm orthodox stock length ball, middle stump on the back foot pulled to deep square leg for 1 run, fielded by Tazmin Brits",e1b727f9-e019-49d9-a5dd-266e1c160e1c,235974,"South Africa Women v India Women at Durban, 2nd T20I, 19 Apr 2026",8973,India Women in South Africa,2026,"Kingsmead, Durban",Women's T20I,2026-04-19,75479.0,S Verma,right,24483.0,CL Tryon,left,1817.0,South Africa Women,left orthodox,5.0,spin,2026-04-19 12:50:19,,,,,,,,106566010.0,331.0,75.0,129.0,3.0,1.0,1.0,False,False,True,False,,left-arm orthodox,stock,length ball,middle stump,back foot,pull,,,deep square leg,Tazmin Brits,,,,template_structured,1,,False,False,False,False,False,False,False,False,False,
1,2295,India Women,IND,1,13,CL Tryon,7,0,1,104/3,7.00,12.03,12.3,0,0,Chloe Tryon to Anushka Sharma,,"Chloe Tryon to Anushka Sharma. Left-arm orthodox stock length ball, leg stump on the front foot slog-sweep to short fine leg for no run, fielded by Nonkululeko Mlaba",e1b727f9-e019-49d9-a5dd-266e1c160e1c,235974,"South Africa Women v India Women at Durban, 2nd T20I, 19 Apr 2026",8973,India Women in South Africa,2026,"Kingsmead, Durban",Women's T20I,2026-04-19,,,,,,,,,,,,,,,,,,,,,,,,,,,False,False,False,False,,left-arm orthodox,stock,length ball,leg stump,front foot,slog sweep,,,short fine leg,Nonkululeko Mlaba,,,,template_structured,0,,False,False,False,False,False,False,False,False,True,
1,2295,India Women,IND,1,13,CL Tryon,7,0,1,104/3,7.00,12.04,12.4,0,W,Chloe Tryon to Anushka Sharma,,"OUT! Chloe Tryon to Anushka Sharma. Left-arm orthodox stock length ball, middle stump on the back foot pulled to deep square leg for no run, caught by Tazmin Brits. Anushka Sharma Caught for 28.",e1b727f9-e019-49d9-a5dd-266e1c160e1c,235974,"South Africa Women v India Women at Durban, 2nd T20I, 19 Apr 2026",8973,India Women in South Africa,2026,"Kingsmead, Durban",Women's T20I,2026-04-19,,,,,,,,,,,,,,,,,,,,,,,,,,,False,False,False,True,,left-arm orthodox,stock,length ball,middle stump,back foot,pull,,,deep square leg,Tazmin Brits,caught,caught by Tazmin Brits. Anushka Sharma,28,template_structured,0,,True,False,False,False,False,False,False,False,False,commentary
1,2295,India Women,IND,1,13,CL Tryon,7,0,1,104/3,7.00,12.05,12.5,4,4,Chloe Tryon to Harmanpreet Kaur,,"FOUR! Chloe Tryon to Harmanpreet Kaur. Left-arm orthodox stock length ball, outside off on the back foot late cutted well timed for 4 runs",e1b727f9-e019-49d9-a5dd-266e1c160e1c,235974,"South Africa Women v India Women at Durban, 2nd T20I, 19 Apr 2026",8973,India Women in South Africa,2026,"Kingsmead, Durban",Women's T20I,2026-04-19,18282.0,H Kaur,right,24483.0,CL Tryon,left,1817.0,South Africa Women,left orthodox,5.0,spin,2026-04-19 12:52:36,,,,,,,,106566046.0,132.0,100.0,163.0,8.0,4.0,4.0,False,False,True,False,,left-arm orthodox,stock,length ball,outside off,back foot,late cut,,well timed,,,,,,template_structured,4,,False,False,False,False,False,False,True,False,False,
1,2295,India Women,IND,1,13,CL Tryon,7,0,1,104/3,7.00,12.06,12.6,1,1,Chloe Tryon to Harmanpreet Kaur,,"Chloe Tryon to Harmanpreet Kaur. Left-arm orthodox stock length ball, middle stump on the front foot driving to deep mid wicket for 1 run, fielded by Tazmin Brits",e1b727f9-e019-49d9-a5dd-266e1c160e1c,235974,"South Africa Women v India Women at Durban, 2nd T20I, 19 Apr 2026",8973,India Women in South Africa,2026,"Kingsmead, Durban",Women's T20I,2026-04-19,18282.0,H Kaur,right,24483.0,CL Tryon,left,1817.0,South Africa Women,left orthodox,5.0,spin,2026-04-19 12:53:44,,,,,,,,106566049.0,324.0,75.0,133.0,3.0,1.0,1.0,False,False,True,False,,left-arm orthodox,stock,length ball,middle stump,front foot,drive,,,deep mid wicket,Tazmin Brits,,,,template_structured,1,,False,False,False,False,False,False,False,False,False,
1,2295,India Women,IND,1,14,N Mlaba,6,0,1,110/4,6.00,13.01,13.1,1,1,Nonkululeko Mlaba to Harmanpreet Kaur,,"Nonkululeko Mlaba to Harmanpreet Kaur. Left-arm orthodox stock length ball, middle stump on the back foot pushed to backward point for 1 run, fielded by Annerie Dercksen",e1b727f9-e019-49d9-a5dd-266e1c160e1c,235974,"South Africa Women v India Women at Durban, 2nd T20I, 19 Apr 2026",8973,India Women in South Africa,2026,"Kingsmead, Durban",Women's T20I,2026-04-19,18282.0,H Kaur,right,72145.0,N Mlaba,left,1817.0,South Africa Women,left orthodox,5.0,spin,2026-04-19 12:54:56,,,,,,,,106566069.0,156.0,40.0,66.0,7.0,1.0,1.0,False,False,True,False,,left-arm orthodox,stock,length ball,middle stump,back foot,push,,,backward point,Annerie Dercksen,,,,template_structured,1,,False,False,False,False,False,False,False,False,False,
1,2295,India Women,IND,1,14,N Mlaba,6,0,1,110/4,6.00,13.02,13.2,4,4,Nonkululeko Mlaba to Shafali Verma,,"FOUR! Nonkululeko Mlaba to Shafali Verma. Left-arm orthodox stock length ball, off stump on the front foot driving well timed for 4 runs",e1b727f9-e019-49d9-a5dd-266e1c160e1c,235974,"South Africa Women v India Women at Durban, 2nd T20I, 19 Apr 2026",8973,India Women in South Africa,2026,"Kingsmead, Durban",Women's T20I,2026-04-19,75479.0,S Verma,right,72145.0,N Mlaba,left,1817.0,South Africa Women,left orthodox,5.0,spin,2026-04-19 12:55:32,,,,,,,,106566076.0,228.0,100.0,177.0,5.0,4.0,4.0,False,False,True,False,,left-arm orthodox,stock,length ball,off stump,front foot,drive,,well timed,,,,,,template_structured,4,,False,False,False,False,False,False,True,False,False,
1,2295,India Women,IND,1,14,N Mlaba,6,0,1,110/4,6.00,13.03,13.3,0,0,Nonkululeko Mlaba to Shafali Verma,,"Nonkululeko Mlaba to Shafali Verma. Left-arm orthodox stock length ball, off stump on the front foot reverse sweep to wicketkeeper for no run, fielded by Sinalo Jafta",e1b727f9-e019-49d9-a5dd-266e1c160e1c,235974,"South Africa Women v India Women at Durban, 2nd T20I, 19 Apr 2026",8973,India Women in South Africa,2026,"Kingsmead, Durban",Women's T20I,2026-04-19,,,,,,,,,,,,,,,,,,,,,,,,,,,False,False,False,False,,left-arm orthodox,stock,length ball,off stump,front foot,reverse sweep,,,wicketkeeper,Sinalo Jafta,,,,template_structured,0,,False,False,False,False,False,False,False,False,True,
1,2295,India Women,IND,1,14,N Mlaba,6,0,1,110/4,6.00,13.04,13.4,0,W,Nonkululeko Mlaba to Shafali Verma,,"OUT! Nonkululeko Mlaba to Shafali Verma. Left-arm orthodox stock length ball, off stump on the front foot driving to deep extra cover for no run, caught by Nadine de Klerk. Shafali Verma Caught for 57.",e1b727f9-e019-49d9-a5dd-266e1c160e1c,235974,"South Africa Women v India Women at Durban, 2nd T20I, 19 Apr 2026",8973,India Women in South Africa,2026,"Kingsmead, Durban",Women's T20I,2026-04-19,,,,,,,,,,,,,,,,,,,,,,,,,,,False,False,False,True,,left-arm orthodox,stock,length ball,off stump,front foot,drive,,,deep extra cover,Nadine de Klerk,caught,caught by Nadine de Klerk. Shafali Verma,57,template_structured,0,,True,False,False,False,False,False,False,False,False,commentary
1,2295,India Women,IND,1,14,N Mlaba,6,0,1,110/4,6.00,13.05,13.5,0,0,Nonkululeko Mlaba to Deepti Sharma,,"Nonkululeko Mlaba to Deepti Sharma. Left-arm orthodox stock length ball, middle stump on the back foot glancing to short fine leg for no run, fielded by Ayabonga Khaka",e1b727f9-e019-49d9-a5dd-266e1c160e1c,235974,"South Africa Women v India Women at Durban, 2nd T20I, 19 Apr 2026",8973,India Women in South Africa,2026,"Kingsmead, Durban",Women's T20I,2026-04-19,,,,,,,,,,,,,,,,,,,,,,,,,,,False,False,False,False,,left-arm orthodox,stock,length ball,middle stump,back foot,,,,short fine leg,Ayabonga Khaka,,,,template_structured,0,,False,False,False,False,False,False,False,False,True,
1,2295,India Women,IND,1,14,N Mlaba,6,0,1,110/4,6.00,13.06,13.6,1,1,Nonkululeko Mlaba to Deepti Sharma,,"Nonkululeko Mlaba to Deepti Sharma. Left-arm orthodox stock full toss, off stump on the front foot driving to long on for 1 run, fielded by Tumi Sekhukhune",e1b727f9-e019-49d9-a5dd-266e1c160e1c,235974,"South Africa Women v India Women at Durban, 2nd T20I, 19 Apr 2026",8973,India Women in South Africa,2026,"Kingsmead, Durban",Women's T20I,2026-04-19,30720.0,DB Sharma,left,72145.0,N Mlaba,left,1817.0,South Africa Women,left orthodox,5.0,spin,2026-04-19 12:58:45,,,,,,,,106566136.0,248.0,65.0,115.0,5.0,1.0,1.0,False,False,True,False,,left-arm orthodox,stock,full toss,off stump,front foot,drive,,,long on,Tumi Sekhukhune,,,,template_structured,1,,False,False,False,False,False,False,False,False,False,
1,2295,India Women,IND,1,15,TS Sekhukhune,3,1,1,113/5,2.00,14.01,14.0,1,1ʷᵈ,Tumi Sekhukhune to Deepti Sharma,,"Wide. Tumi Sekhukhune to Deepti Sharma. No movement length ball, leg stump on the back foot glancing to wicketkeeper for 1 wides, fielded by Sinalo Jafta",e1b727f9-e019-49d9-a5dd-266e1c160e1c,235974,"South Africa Women v India Women at Durban, 2nd T20I, 19 Apr 2026",8973,India Women in South Africa,2026,"Kingsmead, Durban",Women's T20I,2026-04-19,,,,,,,,,,,,,,,,,,,,,,,,,,,False,False,False,False,,no movement,,length ball,leg stump,back foot,,,,wicketkeeper,Sinalo Jafta,,,,template_structured,1,wide,False,True,False,False,False,False,False,False,False,
1,2295,India Women,IND,1,15,TS Sekhukhune,3,1,1,113/5,2.00,14.02,14.1,0,0,Tumi Sekhukhune to Deepti Sharma,,"Tumi Sekhukhune to Deepti Sharma. Slower ball length ball, middle stump on the back foot pushed to bowler for no run, fielded by Tumi Sekhukhune",e1b727f9-e019-49d9-a5dd-266e1c160e1c,235974,"South Africa Women v India Women at Durban, 2nd T20I, 19 Apr 2026",8973,India Women in South Africa,2026,"Kingsmead, Durban",Women's T20I,2026-04-19,,,,,,,,,,,,,,,,,,,,,,,,,,,False,False,False,False,,slower ball,,length ball,middle stump,back foot,push,,,bowler,Tumi Sekhukhune,,,,template_structured,0,,False,False,False,False,False,False,False,False,True,
1,2295,India Women,IND,1,15,TS Sekhukhune,3,1,1,113/5,2.00,14.03,14.2,0,0,Tumi Sekhukhune to Deepti Sharma,,"Tumi Sekhukhune to Deepti Sharma. No movement back of a length, middle stump on the back foot pushed to cover for no run, fielded by Tazmin Brits",e1b727f9-e019-49d9-a5dd-266e1c160e1c,235974,"South Africa Women v India Women at Durban, 2nd T20I, 19 Apr 2026",8973,India Women in South Africa,2026,"Kingsmead, Durban",Women's T20I,2026-04-19,,,,,,,,,,,,,,,,,,,,,,,,,,,False,False,False,False,,no movement,,back of a length,middle stump,back foot,push,,,cover,Tazmin Brits,,,,template_structured,0,,False,False,False,False,False,False,False,False,True,
1,2295,India Women,IND,1,15,TS Sekhukhune,3,1,1,113/5,2.00,14.04,14.3,0,W,Tumi Sekhukhune to Deepti Sharma,,"OUT! Tumi Sekhukhune to Deepti Sharma. No movement back of a length, off stump on the front foot driving to wicketkeeper for no run, caught by Sinalo Jafta. Deepti Sharma Caught for 1.",e1b727f9-e019-49d9-a5dd-266e1c160e1c,235974,"South Africa Women v India Women at Durban, 2nd T20I, 19 Apr 2026",8973,India Women in South Africa,2026,"Kingsmead, Durban",Women's T20I,2026-04-19,,,,,,,,,,,,,,,,,,,,,,,,,,,False,False,False,False,,no movement,,back of a length,off stump,front foot,drive,,,wicketkeeper,Sinalo Jafta,caught,caught by Sinalo Jafta. Deepti Sharma,1,template_structured,0,,True,False,False,False,False,False,False,False,False,commentary
1,2295,India Women,IND,1,15,TS Sekhukhune,3,1,1,113/5,2.00,14.05,14.4,1,1,Tumi Sekhukhune to Richa Ghosh,,"Tumi Sekhukhune to Richa Ghosh. No movement back of a length, middle stump on the back foot pushed to short fine leg for 1 run, fielded by Nonkululeko Mlaba",e1b727f9-e019-49d9-a5dd-266e1c160e1c,235974,"South Africa Women v India Women at Durban, 2nd T20I, 19 Apr 2026",8973,India Women in South Africa,2026,"Kingsmead, Durban",Women's T20I,2026-04-19,73375.0,RM Ghosh,right,68542.0,TS Sekhukhune,right,1817.0,South Africa Women,right pace,2.0,pace,2026-04-19 13:02:54,,,,,,,,106566177.0,47.0,40.0,62.0,1.0,1.0,1.0,False,False,True,False,,no movement,,back of a length,middle stump,back foot,push,,,short fine leg,Nonkululeko Mlaba,,,,template_structured,1,,False,False,False,False,False,False,False,False,False,
1,2295,India Women,IND,1,15,TS Sekhukhune,3,1,1,113/5,2.00,14.06,14.5,1,1,Tumi Sekhukhune to Harmanpreet Kaur,,"Tumi Sekhukhune to Harmanpreet Kaur. Slower ball length ball, middle stump on the front foot driving to deep square leg for 1 run, fielded by Tazmin Brits",e1b727f9-e019-49d9-a5dd-266e1c160e1c,235974,"South Africa Women v India Women at Durban, 2nd T20I, 19 Apr 2026",8973,India Women in South Africa,2026,"Kingsmead, Durban",Women's T20I,2026-04-19,18282.0,H Kaur,right,68542.0,TS Sekhukhune,right,1817.0,South Africa Women,right pace,2.0,pace,2026-04-19 13:03:29,,,,,,,,106566182.0,333.0,65.0,118.0,3.0,1.0,1.0,False,False,True,False,,slower ball,,length ball,middle stump,front foot,drive,,,deep square leg,Tazmin Brits,,,,template_structured,1,,False,False,False,False,False,False,False,False,False,
1,2295,India Women,IND,1,15,TS Sekhukhune,3,1,1,113/5,2.00,14.07,14.6,0,0,Tumi Sekhukhune to Richa Ghosh,,"Tumi Sekhukhune to Richa Ghosh. Slower ball back of a length, middle stump on the front foot playing a forward defensive shot to mid wicket for no run, fielded by Sinalo Jafta",e1b727f9-e019-49d9-a5dd-266e1c160e1c,235974,"South Africa Women v India Women at Durban, 2nd T20I, 19 Apr 2026",8973,India Women in South Africa,2026,"Kingsmead, Durban",Women's T20I,2026-04-19,,,,,,,,,,,,,,,,,,,,,,,,,,,False,False,False,False,,slower ball,,back of a length,middle stump,front foot,forward defensive,,,mid wicket,Sinalo Jafta,,,,template_structured,0,,False,False,False,False,False,False,False,False,True,
1,2295,India Women,IND,1,16,A Khaka,6,1,0,119/5,5.00,15.01,15.1,1,1,Ayabonga Khaka to Harmanpreet Kaur,,"Ayabonga Khaka to Harmanpreet Kaur. No movement length ball, middle stump on the back foot pushed to deep mid wicket for 1 run, fielded by Anneke Bosch",e1b727f9-e019-49d9-a5dd-266e1c160e1c,235974,"South Africa Women v India Women at Durban, 2nd T20I, 19 Apr 2026",8973,India Women in South Africa,2026,"Kingsmead, Durban",Women's T20I,2026-04-19,18282.0,H Kaur,right,27665.0,A Khaka,right,1817.0,South Africa Women,right pace,1.0,pace,2026-04-19 13:04:56,,,,,,,,106566197.0,322.0,60.0,105.0,3.0,1.0,1.0,False,False,True,False,,no movement,,length ball,middle stump,back foot,push,,,deep mid wicket,Anneke Bosch,,,,template_structured,1,,False,False,False,False,False,False,False,False,False,
1,2295,India Women,IND,1,16,A Khaka,6,1,0,119/5,5.00,15.02,15.2,1,1,Ayabonga Khaka to Richa Ghosh,,"Ayabonga Khaka to Richa Ghosh. No movement back of a length, middle stump on the front foot playing a forward defensive shot to short fine leg for 1 run, fielded by Tumi Sekhukhune",e1b727f9-e019-49d9-a5dd-266e1c160e1c,235974,"South Africa Women v India Women at Durban, 2nd T20I, 19 Apr 2026",8973,India Women in South Africa,2026,"Kingsmead, Durban",Women's T20I,2026-04-19,73375.0,RM Ghosh,right,27665.0,A Khaka,right,1817.0,South Africa Women,right pace,1.0,pace,2026-04-19 13:05:35,,,,,,,,106566207.0,39.0,25.0,43.0,2.0,1.0,1.0,False,False,True,False,,no movement,,back of a length,middle stump,front foot,forward defensive,,,short fine leg,Tumi Sekhukhune,,,,template_structured,1,,False,False,False,False,False,False,False,False,False,
1,2295,India Women,IND,1,16,A Khaka,6,1,0,119/5,5.00,15.03,15.3,1,1,Ayabonga Khaka to Harmanpreet Kaur,,"Ayabonga Khaka to Harmanpreet Kaur. No movement back of a length, off stump on the front foot driving well timed to extra cover for 1 run, run out attempt: missed stumps by Tazmin Brits",e1b727f9-e019-49d9-a5dd-266e1c160e1c,235974,"South Africa Women v India Women at Durban, 2nd T20I, 19 Apr 2026",8973,India Women in South Africa,2026,"Kingsmead, Durban",Women's T20I,2026-04-19,18282.0,H Kaur,right,27665.0,A Khaka,right,1817.0,South Africa Women,right pace,1.0,pace,2026-04-19 13:06:05,,,,,,,,106566216.0,216.0,40.0,69.0,6.0,1.0,1.0,False,False,True,False,,no movement,,back of a length,off stump,front foot,drive,,well timed,extra cover,,,,,template_structured,1,,False,False,False,False,False,False,False,False,False,
1,2295,India Women,IND,1,16,A Khaka,6,1,0,119/5,5.00,15.04,15.4,1,1,Ayabonga Khaka to Richa Ghosh,,"Ayabonga Khaka to Richa Ghosh. No movement full, middle stump on the front foot driving well timed to deep mid wicket for 1 run, fielded by Suné Luus",e1b727f9-e019-49d9-a5dd-266e1c160e1c,235974,"South Africa Women v India Women at Durban, 2nd T20I, 19 Apr 2026",8973,India Women in South Africa,2026,"Kingsmead, Durban",Women's T20I,2026-04-19,73375.0,RM Ghosh,right,27665.0,A Khaka,right,1817.0,South Africa Women,right pace,1.0,pace,2026-04-19 13:06:40,,,,,,,,106566224.0,302.0,75.0,133.0,4.0,1.0,1.0,False,False,True,False,,no movement,,full,middle stump,front foot,drive,,well timed,deep mid wicket,Suné Luus,,,,template_structured,1,,False,False,False,False,False,False,False,False,False,
1,2295,India Women,IND,1,16,A Khaka,6,1,0,119/5,5.00,15.05,15.5,1,1,Ayabonga Khaka to Harmanpreet Kaur,,"Ayabonga Khaka to Harmanpreet Kaur. Slower ball full, middle stump on the back foot pushed to mid wicket for 1 run, fielded by Tumi Sekhukhune",e1b727f9-e019-49d9-a5dd-266e1c160e1c,235974,"South Africa Women v India Women at Durban, 2nd T20I, 19 Apr 2026",8973,India Women in South Africa,2026,"Kingsmead, Durban",Women's T20I,2026-04-19,18282.0,H Kaur,right,27665.0,A Khaka,right,1817.0,South Africa Women,right pace,1.0,pace,2026-04-19 13:07:10,,,,,,,,106566235.0,328.0,40.0,72.0,3.0,1.0,1.0,False,False,True,False,,slower ball,,full,middle stump,back foot,push,,,mid wicket,Tumi Sekhukhune,,,,template_structured,1,,False,False,False,False,False,False,False,False,False,
1,2295,India Women,IND,1,16,A Khaka,6,1,0,119/5,5.00,15.06,15.6,1,1ˡᵇ,Ayabonga Khaka to Richa Ghosh,,"Ayabonga Khaka to Richa Ghosh. No movement full, leg stump on the front foot driving to bowler for 1 leg byes, fielded by Ayabonga Khaka",e1b727f9-e019-49d9-a5dd-266e1c160e1c,235974,"South Africa Women v India Women at Durban, 2nd T20I, 19 Apr 2026",8973,India Women in South Africa,2026,"Kingsmead, Durban",Women's T20I,2026-04-19,,,,,,,,,,,,,,,,,,,,,,,,,,,False,False,False,False,,no movement,,full,leg stump,front foot,drive,,,bowler,Ayabonga Khaka,,,,template_structured,1,leg bye,False,False,False,False,True,False,False,False,False,
1,2295,India Women,IND,1,17,N de Klerk,6,1,1,125/6,5.00,16.01,16.1,0,W,Nadine de Klerk to Richa Ghosh,,"OUT! Nadine de Klerk to Richa Ghosh. No movement back of a length, off stump on the front foot driving to long off for no run, caught by Laura Wolvaardt. Richa Ghosh Caught for 3.",e1b727f9-e019-49d9-a5dd-266e1c160e1c,235974,"South Africa Women v India Women at Durban, 2nd T20I, 19 Apr 2026",8973,India Women in South Africa,2026,"Kingsmead, Durban",Women's T20I,2026-04-19,,,,,,,,,,,,,,,,,,,,,,,,,,,False,False,False,True,,no movement,,back of a length,off stump,front foot,drive,,,long off,Laura Wolvaardt,caught,caught by Laura Wolvaardt. Richa Ghosh,3,template_structured,0,,True,False,False,False,False,False,False,False,False,commentary
1,2295,India Women,IND,1,17,N de Klerk,6,1,1,125/6,5.00,16.02,16.1,1,1ʷᵈ,Nadine de Klerk to Arundhati Reddy,,"Wide. Nadine de Klerk to Arundhati Reddy. No movement length ball, leg stump on the back foot glancing to wicketkeeper for 1 wides, fielded by Sinalo Jafta",e1b727f9-e019-49d9-a5dd-266e1c160e1c,235974,"South Africa Women v India Women at Durban, 2nd T20I, 19 Apr 2026",8973,India Women in South Africa,2026,"Kingsmead, Durban",Women's T20I,2026-04-19,,,,,,,,,,,,,,,,,,,,,,,,,,,False,False,False,False,,no movement,,length ball,leg stump,back foot,,,,wicketkeeper,Sinalo Jafta,,,,template_structured,1,wide,False,True,False,False,False,False,False,False,False,
1,2295,India Women,IND,1,17,N de Klerk,6,1,1,125/6,5.00,16.03,16.2,0,0,Nadine de Klerk to Arundhati Reddy,,"Nadine de Klerk to Arundhati Reddy. No movement length ball, off stump on the front foot driving to mid off for no run, fielded by Suné Luus",e1b727f9-e019-49d9-a5dd-266e1c160e1c,235974,"South Africa Women v India Women at Durban, 2nd T20I, 19 Apr 2026",8973,India Women in South Africa,2026,"Kingsmead, Durban",Women's T20I,2026-04-19,,,,,,,,,,,,,,,,,,,,,,,,,,,False,False,False,False,,no movement,,length ball,off stump,front foot,drive,,,mid off,Suné Luus,,,,template_structured,0,,False,False,False,False,False,False,False,False,True,
1,2295,India Women,IND,1,17,N de Klerk,6,1,1,125/6,5.00,16.04,16.3,2,2,Nadine de Klerk to Arundhati Reddy,,"Nadine de Klerk to Arundhati Reddy. No movement back of a length, leg stump on the front foot slog-sweep well timed to fine leg for 2 runs, fielded by Annerie Dercksen",e1b727f9-e019-49d9-a5dd-266e1c160e1c,235974,"South Africa Women v India Women at Durban, 2nd T20I, 19 Apr 2026",8973,India Women in South Africa,2026,"Kingsmead, Durban",Women's T20I,2026-04-19,68580.0,A Reddy,right,66219.0,N de Klerk,right,1817.0,South Africa Women,right pace,1.0,pace,2026-04-19 13:11:19,,,,,,,,106566302.0,63.0,90.0,146.0,1.0,2.0,2.0,False,False,True,False,,no movement,,back of a length,leg stump,front foot,slog sweep,,well timed,fine leg,Annerie Dercksen,,,,template_structured,2,,False,False,False,False,False,False,False,False,False,
1,2295,India Women,IND,1,17,N de Klerk,6,1,1,125/6,5.00,16.05,16.4,1,1,Nadine de Klerk to Arundhati Reddy,,"Nadine de Klerk to Arundhati Reddy. No movement length ball, off stump on the front foot driving to extra cover for 1 run, fielded by Laura Wolvaardt",e1b727f9-e019-49d9-a5dd-266e1c160e1c,235974,"South Africa Women v India Women at Durban, 2nd T20I, 19 Apr 2026",8973,India Women in South Africa,2026,"Kingsmead, Durban",Women's T20I,2026-04-19,68580.0,A Reddy,right,66219.0,N de Klerk,right,1817.0,South Africa Women,right pace,1.0,pace,2026-04-19 13:11:52,,,,,,,,106566306.0,233.0,45.0,79.0,5.0,1.0,1.0,False,False,True,False,,no movement,,length ball,off stump,front foot,drive,,,extra cover,Laura Wolvaardt,,,,template_structured,1,,False,False,False,False,False,False,False,False,False,
1,2295,India Women,IND,1,17,N de Klerk,6,1,1,125/6,5.00,16.06,16.5,1,1,Nadine de Klerk to Harmanpreet Kaur,,"Nadine de Klerk to Harmanpreet Kaur. No movement back of a length, middle stump on the back foot pulled well timed to fine leg for 1 run, fielded by Annerie Dercksen",e1b727f9-e019-49d9-a5dd-266e1c160e1c,235974,"South Africa Women v India Women at Durban, 2nd T20I, 19 Apr 2026",8973,India Women in South Africa,2026,"Kingsmead, Durban",Women's T20I,2026-04-19,18282.0,H Kaur,right,66219.0,N de Klerk,right,1817.0,South Africa Women,right pace,1.0,pace,2026-04-19 13:12:26,,,,,,,,106566314.0,59.0,80.0,136.0,1.0,1.0,1.0,False,False,True,False,,no movement,,back of a length,middle stump,back foot,pull,,well timed,fine leg,Annerie Dercksen,,,,template_structured,1,,False,False,False,False,False,False,False,False,False,
1,2295,India Women,IND,1,17,N de Klerk,6,1,1,125/6,5.00,16.07,16.6,1,1,Nadine de Klerk to Arundhati Reddy,,"Nadine de Klerk to Arundhati Reddy. No movement back of a length, middle stump on the back foot glancing to fine leg for 1 run, fielded by Annerie Dercksen",e1b727f9-e019-49d9-a5dd-266e1c160e1c,235974,"South Africa Women v India Women at Durban, 2nd T20I, 19 Apr 2026",8973,India Women in South Africa,2026,"Kingsmead, Durban",Women's T20I,2026-04-19,68580.0,A Reddy,right,66219.0,N de Klerk,right,1817.0,South Africa Women,right pace,1.0,pace,2026-04-19 13:12:55,,,,,,,,106566323.0,47.0,65.0,108.0,1.0,1.0,1.0,False,False,True,False,,no movement,,back of a length,middle stump,back foot,,,,fine leg,Annerie Dercksen,,,,template_structured,1,,False,False,False,False,False,False,False,False,False,
1,2295,India Women,IND,1,18,N Mlaba,2,0,1,127/7,2.00,17.01,17.1,0,0,Nonkululeko Mlaba to Arundhati Reddy,,"Nonkululeko Mlaba to Arundhati Reddy. Left-arm orthodox stock length ball, off stump on the back foot cut to wicketkeeper for no run, fielded by Sinalo Jafta",e1b727f9-e019-49d9-a5dd-266e1c160e1c,235974,"South Africa Women v India Women at Durban, 2nd T20I, 19 Apr 2026",8973,India Women in South Africa,2026,"Kingsmead, Durban",Women's T20I,2026-04-19,,,,,,,,,,,,,,,,,,,,,,,,,,,False,False,False,False,,left-arm orthodox,stock,length ball,off stump,back foot,cut,,,wicketkeeper,Sinalo Jafta,,,,template_structured,0,,False,False,False,False,False,False,False,False,True,
1,2295,India Women,IND,1,18,N Mlaba,2,0,1,127/7,2.00,17.02,17.2,0,0,Nonkululeko Mlaba to Arundhati Reddy,,"Nonkululeko Mlaba to Arundhati Reddy. Left-arm orthodox stock full, outside off on the front foot driving to backward point for no run, fielded by Sinalo Jafta",e1b727f9-e019-49d9-a5dd-266e1c160e1c,235974,"South Africa Women v India Women at Durban, 2nd T20I, 19 Apr 2026",8973,India Women in South Africa,2026,"Kingsmead, Durban",Women's T20I,2026-04-19,,,,,,,,,,,,,,,,,,,,,,,,,,,False,False,False,False,,left-arm orthodox,stock,full,outside off,front foot,drive,,,backward point,Sinalo Jafta,,,,template_structured,0,,False,False,False,False,False,False,False,False,True,
1,2295,India Women,IND,1,18,N Mlaba,2,0,1,127/7,2.00,17.03,17.3,1,1,Nonkululeko Mlaba to Arundhati Reddy,,"Nonkululeko Mlaba to Arundhati Reddy. Left-arm orthodox stock length ball, off stump on the back foot late cutted to gully for 1 run, run out attempt: missed stumps by Tumi Sekhukhune",e1b727f9-e019-49d9-a5dd-266e1c160e1c,235974,"South Africa Women v India Women at Durban, 2nd T20I, 19 Apr 2026",8973,India Women in South Africa,2026,"Kingsmead, Durban",Women's T20I,2026-04-19,68580.0,A Reddy,right,72145.0,N Mlaba,left,1817.0,South Africa Women,left orthodox,5.0,spin,2026-04-19 13:14:30,,,,,,,,106566347.0,146.0,45.0,71.0,7.0,1.0,1.0,False,False,True,False,,left-arm orthodox,stock,length ball,off stump,back foot,late cut,,,gully,,,,,template_structured,1,,False,False,False,False,False,False,False,False,False,
1,2295,India Women,IND,1,18,N Mlaba,2,0,1,127/7,2.00,17.04,17.4,1,1,Nonkululeko Mlaba to Harmanpreet Kaur,,"Nonkululeko Mlaba to Harmanpreet Kaur. Left-arm orthodox stock length ball, off stump on the front foot sweep to deep square leg for 1 run, fielded by Anneke Bosch",e1b727f9-e019-49d9-a5dd-266e1c160e1c,235974,"South Africa Women v India Women at Durban, 2nd T20I, 19 Apr 2026",8973,India Women in South Africa,2026,"Kingsmead, Durban",Women's T20I,2026-04-19,18282.0,H Kaur,right,72145.0,N Mlaba,left,1817.0,South Africa Women,left orthodox,5.0,spin,2026-04-19 13:14:58,,,,,,,,106566358.0,341.0,80.0,139.0,3.0,1.0,1.0,False,False,True,False,,left-arm orthodox,stock,length ball,off stump,front foot,sweep,,,deep square leg,Anneke Bosch,,,,template_structured,1,,False,False,False,False,False,False,False,False,False,
1,2295,India Women,IND,1,18,N Mlaba,2,0,1,127/7,2.00,17.05,17.5,0,0,Nonkululeko Mlaba to Arundhati Reddy,,"Nonkululeko Mlaba to Arundhati Reddy. Left-arm orthodox stock length ball, middle stump on the front foot driving to bowler for no run, fielded by Nonkululeko Mlaba",e1b727f9-e019-49d9-a5dd-266e1c160e1c,235974,"South Africa Women v India Women at Durban, 2nd T20I, 19 Apr 2026",8973,India Women in South Africa,2026,"Kingsmead, Durban",Women's T20I,2026-04-19,,,,,,,,,,,,,,,,,,,,,,,,,,,False,False,False,False,,left-arm orthodox,stock,length ball,middle stump,front foot,drive,,,bowler,Nonkululeko Mlaba,,,,template_structured,0,,False,False,False,False,False,False,False,False,True,
1,2295,India Women,IND,1,18,N Mlaba,2,0,1,127/7,2.00,17.06,17.6,0,W,Nonkululeko Mlaba to Arundhati Reddy,,"OUT! Nonkululeko Mlaba to Arundhati Reddy. Left-arm orthodox stock length ball, off stump down the track driving to backward point for no run, run out with throw by Annerie Dercksen. Arundhati Reddy Run Out for 5.",e1b727f9-e019-49d9-a5dd-266e1c160e1c,235974,"South Africa Women v India Women at Durban, 2nd T20I, 19 Apr 2026",8973,India Women in South Africa,2026,"Kingsmead, Durban",Women's T20I,2026-04-19,,,,,,,,,,,,,,,,,,,,,,,,,,,False,False,False,False,,,,length ball,off stump,down the track,drive,,,backward point,,run out,run out with throw by Annerie Dercksen. Arundhati Reddy,5,keyword,0,,True,False,False,False,False,False,False,False,False,commentary
1,2295,India Women,IND,1,19,TS Sekhukhune,5,0,2,132/9,5.00,18.01,18.1,1,1,Tumi Sekhukhune to Arundhati Reddy,,"Tumi Sekhukhune to Arundhati Reddy. No movement length ball, middle stump on the back foot glancing to short fine leg for 1 run, fielded by Nonkululeko Mlaba",e1b727f9-e019-49d9-a5dd-266e1c160e1c,235974,"South Africa Women v India Women at Durban, 2nd T20I, 19 Apr 2026",8973,India Women in South Africa,2026,"Kingsmead, Durban",Women's T20I,2026-04-19,68580.0,A Reddy,right,68542.0,TS Sekhukhune,right,1817.0,South Africa Women,right pace,2.0,pace,2026-04-19 13:19:56,,,,,,,,106566423.0,53.0,45.0,77.0,1.0,1.0,1.0,False,False,True,False,,no movement,,length ball,middle stump,back foot,,,,short fine leg,Nonkululeko Mlaba,,,,template_structured,1,,False,False,False,False,False,False,False,False,False,
1,2295,India Women,IND,1,19,TS Sekhukhune,5,0,2,132/9,5.00,18.02,18.2,0,W,Tumi Sekhukhune to Shreyanka Patil,,"OUT! Tumi Sekhukhune to Shreyanka Patil. No movement length ball, middle stump on the front foot reverse sweep for no run. Shreyanka Patil Lbw for 0.",e1b727f9-e019-49d9-a5dd-266e1c160e1c,235974,"South Africa Women v India Women at Durban, 2nd T20I, 19 Apr 2026",8973,India Women in South Africa,2026,"Kingsmead, Durban",Women's T20I,2026-04-19,,,,,,,,,,,,,,,,,,,,,,,,,,,False,False,False,False,,no movement,,length ball,middle stump,front foot,reverse sweep,,,,,lbw,middle stump on the front foot reverse sweep for no run. Shreyanka Patil,0,template_structured,0,,True,False,False,False,False,False,False,False,False,commentary
1,2295,India Women,IND,1,19,TS Sekhukhune,5,0,2,132/9,5.00,18.03,18.3,0,0,Tumi Sekhukhune to Kranti Gaud,,"Tumi Sekhukhune to Kranti Gaud. No movement back of a length, middle stump on the back foot pushed to bowler for no run, fielded by Tumi Sekhukhune",e1b727f9-e019-49d9-a5dd-266e1c160e1c,235974,"South Africa Women v India Women at Durban, 2nd T20I, 19 Apr 2026",8973,India Women in South Africa,2026,"Kingsmead, Durban",Women's T20I,2026-04-19,,,,,,,,,,,,,,,,,,,,,,,,,,,False,False,False,False,,no movement,,back of a length,middle stump,back foot,push,,,bowler,Tumi Sekhukhune,,,,template_structured,0,,False,False,False,False,False,False,False,False,True,
1,2295,India Women,IND,1,19,TS Sekhukhune,5,0,2,132/9,5.00,18.04,18.4,4,4,Tumi Sekhukhune to Kranti Gaud,,"FOUR! Tumi Sekhukhune to Kranti Gaud. No movement length ball, off stump on the front foot driving well timed for 4 runs",e1b727f9-e019-49d9-a5dd-266e1c160e1c,235974,"South Africa Women v India Women at Durban, 2nd T20I, 19 Apr 2026",8973,India Women in South Africa,2026,"Kingsmead, Durban",Women's T20I,2026-04-19,83579.0,KM Gaud,right,68542.0,TS Sekhukhune,right,1817.0,South Africa Women,right pace,2.0,pace,2026-04-19 13:21:51,,,,,,,,106566453.0,236.0,100.0,178.0,5.0,4.0,4.0,False,False,True,False,,no movement,,length ball,off stump,front foot,drive,,well timed,,,,,,template_structured,4,,False,False,False,False,False,False,True,False,False,
1,2295,India Women,IND,1,19,TS Sekhukhune,5,0,2,132/9,5.00,18.05,18.5,0,W,Tumi Sekhukhune to Kranti Gaud,,"OUT! Tumi Sekhukhune to Kranti Gaud. Slower ball length ball, middle stump down the track driving to long on for no run, caught by Nadine de Klerk. Kranti Gaud Caught for 4.",e1b727f9-e019-49d9-a5dd-266e1c160e1c,235974,"South Africa Women v India Women at Durban, 2nd T20I, 19 Apr 2026",8973,India Women in South Africa,2026,"Kingsmead, Durban",Women's T20I,2026-04-19,,,,,,,,,,,,,,,,,,,,,,,,,,,False,False,False,True,,,,length ball,middle stump,down the track,drive,,,long on,Nadine de Klerk,caught,caught by Nadine de Klerk. Kranti Gaud,4,keyword,0,,True,False,False,False,False,False,False,False,False,commentary
1,2295,India Women,IND,1,19,TS Sekhukhune,5,0,2,132/9,5.00,18.06,18.6,0,0,Tumi Sekhukhune to Sree Charani,,"Tumi Sekhukhune to Sree Charani. No movement length ball, middle stump on the front foot playing a forward defensive shot to bowler for no run, fielded by Tumi Sekhukhune",e1b727f9-e019-49d9-a5dd-266e1c160e1c,235974,"South Africa Women v India Women at Durban, 2nd T20I, 19 Apr 2026",8973,India Women in South Africa,2026,"Kingsmead, Durban",Women's T20I,2026-04-19,,,,,,,,,,,,,,,,,,,,,,,,,,,False,False,False,False,,no movement,,length ball,middle stump,front foot,forward defensive,,,bowler,Tumi Sekhukhune,,,,template_structured,0,,False,False,False,False,False,False,False,False,True,
1,2295,India Women,IND,1,20,A Khaka,15,0,1,147/10,15.00,19.01,19.1,4,4,Ayabonga Khaka to Arundhati Reddy,,"FOUR! Ayabonga Khaka to Arundhati Reddy. No movement back of a length, off stump backs away cut well timed for 4 runs",e1b727f9-e019-49d9-a5dd-266e1c160e1c,235974,"South Africa Women v India Women at Durban, 2nd T20I, 19 Apr 2026",8973,India Women in South Africa,2026,"Kingsmead, Durban",Women's T20I,2026-04-19,68580.0,A Reddy,right,27665.0,A Khaka,right,1817.0,South Africa Women,right pace,1.0,pace,2026-04-19 13:24:30,,,,,,,,106566501.0,188.0,100.0,171.0,6.0,4.0,4.0,False,False,True,False,,,,back of a length,off stump,no movement,cut,,well timed,,,,,,keyword,4,,False,False,False,False,False,False,True,False,False,
1,2295,India Women,IND,1,20,A Khaka,15,0,1,147/10,15.00,19.02,19.2,1,1,Ayabonga Khaka to Arundhati Reddy,,"Ayabonga Khaka to Arundhati Reddy. No movement length ball, leg stump backs away slog-sweep to deep mid wicket for 1 run, fielded by Anneke Bosch",e1b727f9-e019-49d9-a5dd-266e1c160e1c,235974,"South Africa Women v India Women at Durban, 2nd T20I, 19 Apr 2026",8973,India Women in South Africa,2026,"Kingsmead, Durban",Women's T20I,2026-04-19,68580.0,A Reddy,right,27665.0,A Khaka,right,1817.0,South Africa Women,right pace,1.0,pace,2026-04-19 13:25:00,,,,,,,,106566504.0,329.0,75.0,129.0,3.0,1.0,1.0,False,False,True,False,,,,length ball,leg stump,no movement,slog sweep,,,deep mid wicket,Anneke Bosch,,,,keyword,1,,False,False,False,False,False,False,False,False,False,
1,2295,India Women,IND,1,20,A Khaka,15,0,1,147/10,15.00,19.03,19.3,6,6,Ayabonga Khaka to Sree Charani,,"SIX! Ayabonga Khaka to Sree Charani. No movement length ball, middle stump on the front foot driving well timed for 6 runs",e1b727f9-e019-49d9-a5dd-266e1c160e1c,235974,"South Africa Women v India Women at Durban, 2nd T20I, 19 Apr 2026",8973,India Women in South Africa,2026,"Kingsmead, Durban",Women's T20I,2026-04-19,80095.0,NR Sree Charani,left,27665.0,A Khaka,right,1817.0,South Africa Women,right pace,1.0,pace,2026-04-19 13:25:40,,,,,,,,106566514.0,251.0,100.0,179.0,5.0,6.0,6.0,False,False,True,False,,no movement,,length ball,middle stump,front foot,drive,,well timed,,,,,,template_structured,6,,False,False,False,False,False,False,False,True,False,
1,2295,India Women,IND,1,20,A Khaka,15,0,1,147/10,15.00,19.04,19.4,1,1,Ayabonga Khaka to Sree Charani,,"Ayabonga Khaka to Sree Charani. No movement back of a length, off stump on the front foot slogged to mid on for 1 run, fielded by Tazmin Brits",e1b727f9-e019-49d9-a5dd-266e1c160e1c,235974,"South Africa Women v India Women at Durban, 2nd T20I, 19 Apr 2026",8973,India Women in South Africa,2026,"Kingsmead, Durban",Women's T20I,2026-04-19,80095.0,NR Sree Charani,left,27665.0,A Khaka,right,1817.0,South Africa Women,right pace,1.0,pace,2026-04-19 13:26:12,,,,,,,,106566521.0,242.0,55.0,99.0,5.0,1.0,1.0,False,False,True,False,,no movement,,back of a length,off stump,front foot,slog,,,mid on,Tazmin Brits,,,,template_structured,1,,False,False,False,False,False,False,False,False,False,
1,2295,India Women,IND,1,20,A Khaka,15,0,1,147/10,15.00,19.05,19.5,2,2,Ayabonga Khaka to Arundhati Reddy,,"Ayabonga Khaka to Arundhati Reddy. No movement back of a length, off stump on the front foot slogged to long on for 2 runs, fielded by Suné Luus",e1b727f9-e019-49d9-a5dd-266e1c160e1c,235974,"South Africa Women v India Women at Durban, 2nd T20I, 19 Apr 2026",8973,India Women in South Africa,2026,"Kingsmead, Durban",Women's T20I,2026-04-19,68580.0,A Reddy,right,27665.0,A Khaka,right,1817.0,South Africa Women,right pace,1.0,pace,2026-04-19 13:26:47,,,,,,,,106566529.0,276.0,60.0,112.0,4.0,2.0,2.0,False,False,True,False,,no movement,,back of a length,off stump,front foot,slog,,,long on,Suné Luus,,,,template_structured,2,,False,False,False,False,False,False,False,False,False,
1,2295,India Women,IND,1,20,A Khaka,15,0,1,147/10,15.00,19.06,19.6,1,"1,W",Ayabonga Khaka to Arundhati Reddy,,"OUT! Ayabonga Khaka to Arundhati Reddy. No movement back of a length, off stump on the front foot slog-sweep to deep square leg for 1 run, run out with throw by Anneke Bosch. Arundhati Reddy Run Out for 14.",e1b727f9-e019-49d9-a5dd-266e1c160e1c,235974,"South Africa Women v India Women at Durban, 2nd T20I, 19 Apr 2026",8973,India Women in South Africa,2026,"Kingsmead, Durban",Women's T20I,2026-04-19,68580.0,A Reddy,right,27665.0,A Khaka,right,1817.0,South Africa Women,right pace,1.0,pace,2026-04-19 13:27:18,,,,,,,,106566549.0,337.0,75.0,131.0,3.0,1.0,1.0,False,False,True,False,,no movement,,back of a length,off stump,front foot,slog sweep,,,deep square leg,,run out,run out with throw by Anneke Bosch. Arundhati Reddy,14,template_structured,1,,True,False,False,False,False,False,False,False,False,commentary
2,1817,South Africa Women,SA,3,1,KM Gaud,10,0,0,10/0,10.00,0.01,0.1,0,0,Kranti Gaud to Laura Wolvaardt,,"Kranti Gaud to Laura Wolvaardt. No movement length ball, middle stump on the front foot driving to bowler for no run, fielded by Kranti Gaud",e1b727f9-e019-49d9-a5dd-266e1c160e1c,235974,"South Africa Women v India Women at Durban, 2nd T20I, 19 Apr 2026",8973,India Women in South Africa,2026,"Kingsmead, Durban",Women's T20I,2026-04-19,,,,,,,,,,,,,,,,,,,,,,,,,,,False,False,False,False,,no movement,,length ball,middle stump,front foot,drive,,,bowler,Kranti Gaud,,,,template_structured,0,,False,False,False,False,False,False,False,False,True,
2,1817,South Africa Women,SA,3,1,KM Gaud,10,0,0,10/0,10.00,0.02,0.2,2,2,Kranti Gaud to Laura Wolvaardt,,"Kranti Gaud to Laura Wolvaardt. No movement short, middle stump on the back foot pulled well timed to deep backward square leg for 2 runs, fielded by Anushka Sharma",e1b727f9-e019-49d9-a5dd-266e1c160e1c,235974,"South Africa Women v India Women at Durban, 2nd T20I, 19 Apr 2026",8973,India Women in South Africa,2026,"Kingsmead, Durban",Women's T20I,2026-04-19,41837.0,L Wolvaardt,right,83579.0,KM Gaud,right,2295.0,India Women,right pace,1.0,pace,2026-04-19 13:48:26,,,,,,,,106566857.0,2.0,90.0,153.0,2.0,2.0,2.0,False,False,True,False,,no movement,,short,middle stump,back foot,pull,,well timed,deep backward square leg,Anushka Sharma,,,,template_structured,2,,False,False,False,False,False,False,False,False,False,
2,1817,South Africa Women,SA,3,1,KM Gaud,10,0,0,10/0,10.00,0.03,0.3,4,4,Kranti Gaud to Laura Wolvaardt,,"FOUR! Kranti Gaud to Laura Wolvaardt. No movement back of a length, outside off on the back foot cut well timed for 4 runs",e1b727f9-e019-49d9-a5dd-266e1c160e1c,235974,"South Africa Women v India Women at Durban, 2nd T20I, 19 Apr 2026",8973,India Women in South Africa,2026,"Kingsmead, Durban",Women's T20I,2026-04-19,41837.0,L Wolvaardt,right,83579.0,KM Gaud,right,2295.0,India Women,right pace,1.0,pace,2026-04-19 13:49:31,,,,,,,,106566870.0,174.0,100.0,169.0,7.0,4.0,4.0,False,False,True,False,,no movement,,back of a length,outside off,back foot,cut,,well timed,,,,,,template_structured,4,,False,False,False,False,False,False,True,False,False,
2,1817,South Africa Women,SA,3,1,KM Gaud,10,0,0,10/0,10.00,0.04,0.4,1,1,Kranti Gaud to Laura Wolvaardt,,"Kranti Gaud to Laura Wolvaardt. No movement length ball, middle stump on the front foot driving to mid on for 1 run, fielded by Arundhati Reddy",e1b727f9-e019-49d9-a5dd-266e1c160e1c,235974,"South Africa Women v India Women at Durban, 2nd T20I, 19 Apr 2026",8973,India Women in South Africa,2026,"Kingsmead, Durban",Women's T20I,2026-04-19,41837.0,L Wolvaardt,right,83579.0,KM Gaud,right,2295.0,India Women,right pace,1.0,pace,2026-04-19 13:50:05,,,,,,,,106566880.0,280.0,50.0,93.0,4.0,1.0,1.0,False,False,True,False,,no movement,,length ball,middle stump,front foot,drive,,,mid on,Arundhati Reddy,,,,template_structured,1,,False,False,False,False,False,False,False,False,False,
2,1817,South Africa Women,SA,3,1,KM Gaud,10,0,0,10/0,10.00,0.05,0.5,2,2,Kranti Gaud to Suné Luus,,"Kranti Gaud to Suné Luus. No movement back of a length, off stump on the back foot dropped to extra cover for 2 runs, run out attempt: direct hit but safe by Shreyanka Patil",e1b727f9-e019-49d9-a5dd-266e1c160e1c,235974,"South Africa Women v India Women at Durban, 2nd T20I, 19 Apr 2026",8973,India Women in South Africa,2026,"Kingsmead, Durban",Women's T20I,2026-04-19,26867.0,SE Luus,right,83579.0,KM Gaud,right,2295.0,India Women,right pace,1.0,pace,2026-04-19 13:50:41,,,,,,,,106566890.0,224.0,40.0,66.0,6.0,2.0,2.0,False,False,True,False,,no movement,,back of a length,off stump,back foot,drop,,,extra cover,,,,,template_structured,2,,False,False,False,False,False,False,False,False,False,
2,1817,South Africa Women,SA,3,1,KM Gaud,10,0,0,10/0,10.00,0.06,0.6,1,1,Kranti Gaud to Suné Luus,,"Kranti Gaud to Suné Luus. No movement back of a length, outside off on the back foot late cutted well timed to deep backward point for 1 run, fielded by Smriti Mandhana",e1b727f9-e019-49d9-a5dd-266e1c160e1c,235974,"South Africa Women v India Women at Durban, 2nd T20I, 19 Apr 2026",8973,India Women in South Africa,2026,"Kingsmead, Durban",Women's T20I,2026-04-19,26867.0,SE Luus,right,83579.0,KM Gaud,right,2295.0,India Women,right pace,1.0,pace,2026-04-19 13:51:29,,,,,,,,106566899.0,166.0,90.0,151.0,7.0,1.0,1.0,False,False,True,False,,no movement,,back of a length,outside off,back foot,late cut,,well timed,deep backward point,Smriti Mandhana,,,,template_structured,1,,False,False,False,False,False,False,False,False,False,
2,1817,South Africa Women,SA,3,2,SR Patil,7,1,0,17/0,6.00,1.01,1.1,0,0,Shreyanka Patil to Suné Luus,,"Shreyanka Patil to Suné Luus. Off break length ball, middle stump on the back foot pushed to bowler for no run, fielded by Shreyanka Patil",e1b727f9-e019-49d9-a5dd-266e1c160e1c,235974,"South Africa Women v India Women at Durban, 2nd T20I, 19 Apr 2026",8973,India Women in South Africa,2026,"Kingsmead, Durban",Women's T20I,2026-04-19,,,,,,,,,,,,,,,,,,,,,,,,,,,False,False,False,False,,off break,,length ball,middle stump,back foot,push,,,bowler,Shreyanka Patil,,,,template_structured,0,,False,False,False,False,False,False,False,False,True,
2,1817,South Africa Women,SA,3,2,SR Patil,7,1,0,17/0,6.00,1.02,1.1,1,1ʷᵈ,Shreyanka Patil to Suné Luus,,"Wide. Shreyanka Patil to Suné Luus. Off break length ball, leg stump on the front foot sweep to wicketkeeper for 1 wides, fielded by Richa Ghosh",e1b727f9-e019-49d9-a5dd-266e1c160e1c,235974,"South Africa Women v India Women at Durban, 2nd T20I, 19 Apr 2026",8973,India Women in South Africa,2026,"Kingsmead, Durban",Women's T20I,2026-04-19,,,,,,,,,,,,,,,,,,,,,,,,,,,False,False,False,False,,off break,,length ball,leg stump,front foot,sweep,,,wicketkeeper,Richa Ghosh,,,,template_structured,1,wide,False,True,False,False,False,False,False,False,False,
2,1817,South Africa Women,SA,3,2,SR Patil,7,1,0,17/0,6.00,1.03,1.2,0,0,Shreyanka Patil to Suné Luus,,"Shreyanka Patil to Suné Luus. Off break length ball, off stump on the front foot driving to cover for no run, fielded by Anushka Sharma",e1b727f9-e019-49d9-a5dd-266e1c160e1c,235974,"South Africa Women v India Women at Durban, 2nd T20I, 19 Apr 2026",8973,India Women in South Africa,2026,"Kingsmead, Durban",Women's T20I,2026-04-19,,,,,,,,,,,,,,,,,,,,,,,,,,,False,False,False,False,,off break,,length ball,off stump,front foot,drive,,,cover,Anushka Sharma,,,,template_structured,0,,False,False,False,False,False,False,False,False,True,
2,1817,South Africa Women,SA,3,2,SR Patil,7,1,0,17/0,6.00,1.04,1.3,1,1,Shreyanka Patil to Suné Luus,,"Shreyanka Patil to Suné Luus. Off break length ball, off stump on the back foot cut well timed to backward point for 1 run, misfielded by Arundhati Reddy",e1b727f9-e019-49d9-a5dd-266e1c160e1c,235974,"South Africa Women v India Women at Durban, 2nd T20I, 19 Apr 2026",8973,India Women in South Africa,2026,"Kingsmead, Durban",Women's T20I,2026-04-19,26867.0,SE Luus,right,80024.0,SR Patil,right,2295.0,India Women,off break,3.0,spin,2026-04-19 13:53:47,,,,,,,,106566940.0,176.0,45.0,76.0,7.0,1.0,1.0,False,False,True,False,,off break,,length ball,off stump,back foot,cut,,well timed,backward point,,,,,template_structured,1,,False,False,False,False,False,False,False,False,False,
2,1817,South Africa Women,SA,3,2,SR Patil,7,1,0,17/0,6.00,1.05,1.4,4,4,Shreyanka Patil to Laura Wolvaardt,,"FOUR! Shreyanka Patil to Laura Wolvaardt. Off break length ball, off stump down the track driving well timed for 4 runs",e1b727f9-e019-49d9-a5dd-266e1c160e1c,235974,"South Africa Women v India Women at Durban, 2nd T20I, 19 Apr 2026",8973,India Women in South Africa,2026,"Kingsmead, Durban",Women's T20I,2026-04-19,41837.0,L Wolvaardt,right,80024.0,SR Patil,right,2295.0,India Women,off break,3.0,spin,2026-04-19 13:54:14,,,,,,,,106566944.0,264.0,100.0,180.0,5.0,4.0,4.0,False,False,True,False,,,,length ball,off stump,down the track,drive,,well timed,,,,,,keyword,4,,False,False,False,False,False,False,True,False,False,
2,1817,South Africa Women,SA,3,2,SR Patil,7,1,0,17/0,6.00,1.06,1.5,1,1,Shreyanka Patil to Laura Wolvaardt,,"Shreyanka Patil to Laura Wolvaardt. Off break length ball, middle stump on the back foot hook to fine leg for 1 run, fielded by Smriti Mandhana",e1b727f9-e019-49d9-a5dd-266e1c160e1c,235974,"South Africa Women v India Women at Durban, 2nd T20I, 19 Apr 2026",8973,India Women in South Africa,2026,"Kingsmead, Durban",Women's T20I,2026-04-19,41837.0,L Wolvaardt,right,80024.0,SR Patil,right,2295.0,India Women,off break,3.0,spin,2026-04-19 13:54:41,,,,,,,,106566952.0,38.0,75.0,120.0,2.0,1.0,1.0,False,False,True,False,,off break,,length ball,middle stump,back foot,,,,fine leg,Smriti Mandhana,,,,template_structured,1,,False,False,False,False,False,False,False,False,False,
2,1817,South Africa Women,SA,3,2,SR Patil,7,1,0,17/0,6.00,1.07,1.6,0,0,Shreyanka Patil to Suné Luus,,"Shreyanka Patil to Suné Luus. Off break length ball, off stump on the back foot pushed to bowler for no run, fielded by Shreyanka Patil",e1b727f9-e019-49d9-a5dd-266e1c160e1c,235974,"South Africa Women v India Women at Durban, 2nd T20I, 19 Apr 2026",8973,India Women in South Africa,2026,"Kingsmead, Durban",Women's T20I,2026-04-19,,,,,,,,,,,,,,,,,,,,,,,,,,,False,False,False,False,,off break,,length ball,off stump,back foot,push,,,bowler,Shreyanka Patil,,,,template_structured,0,,False,False,False,False,False,False,False,False,True,
2,1817,South Africa Women,SA,3,3,KM Gaud,10,0,0,27/0,10.00,2.01,2.1,4,4,Kranti Gaud to Laura Wolvaardt,,"FOUR! Kranti Gaud to Laura Wolvaardt. No movement length ball, middle stump backs away driving well timed for 4 runs",e1b727f9-e019-49d9-a5dd-266e1c160e1c,235974,"South Africa Women v India Women at Durban, 2nd T20I, 19 Apr 2026",8973,India Women in South Africa,2026,"Kingsmead, Durban",Women's T20I,2026-04-19,41837.0,L Wolvaardt,right,83579.0,KM Gaud,right,2295.0,India Women,right pace,1.0,pace,2026-04-19 13:56:00,,,,,,,,106566973.0,228.0,100.0,177.0,5.0,4.0,4.0,False,False,True,False,,,,length ball,middle stump,no movement,drive,,well timed,,,,,,keyword,4,,False,False,False,False,False,False,True,False,False,
2,1817,South Africa Women,SA,3,3,KM Gaud,10,0,0,27/0,10.00,2.02,2.2,2,2,Kranti Gaud to Laura Wolvaardt,,"Kranti Gaud to Laura Wolvaardt. No movement back of a length, outside off down the track late cutted well timed to third man for 2 runs, run saved by Smriti Mandhana",e1b727f9-e019-49d9-a5dd-266e1c160e1c,235974,"South Africa Women v India Women at Durban, 2nd T20I, 19 Apr 2026",8973,India Women in South Africa,2026,"Kingsmead, Durban",Women's T20I,2026-04-19,41837.0,L Wolvaardt,right,83579.0,KM Gaud,right,2295.0,India Women,right pace,1.0,pace,2026-04-19 13:56:39,,,,,,,,106566979.0,131.0,90.0,145.0,8.0,2.0,2.0,False,False,True,False,,,,back of a length,outside off,down the track,late cut,,well timed,third man,,,,,keyword,2,,False,False,False,False,False,False,False,False,False,
2,1817,South Africa Women,SA,3,3,KM Gaud,10,0,0,27/0,10.00,2.03,2.3,1,1,Kranti Gaud to Laura Wolvaardt,,"Kranti Gaud to Laura Wolvaardt. No movement short, middle stump on the back foot pulled well timed to deep backward square leg for 1 run, fielded by Anushka Sharma",e1b727f9-e019-49d9-a5dd-266e1c160e1c,235974,"South Africa Women v India Women at Durban, 2nd T20I, 19 Apr 2026",8973,India Women in South Africa,2026,"Kingsmead, Durban",Women's T20I,2026-04-19,41837.0,L Wolvaardt,right,83579.0,KM Gaud,right,2295.0,India Women,right pace,1.0,pace,2026-04-19 13:57:15,,,,,,,,106566988.0,26.0,90.0,150.0,2.0,1.0,1.0,False,False,True,False,,no movement,,short,middle stump,back foot,pull,,well timed,deep backward square leg,Anushka Sharma,,,,template_structured,1,,False,False,False,False,False,False,False,False,False,
2,1817,South Africa Women,SA,3,3,KM Gaud,10,0,0,27/0,10.00,2.04,2.4,1,1,Kranti Gaud to Suné Luus,,"Kranti Gaud to Suné Luus. No movement back of a length, middle stump on the back foot pulled well timed to deep square leg for 1 run, fielded by Anushka Sharma",e1b727f9-e019-49d9-a5dd-266e1c160e1c,235974,"South Africa Women v India Women at Durban, 2nd T20I, 19 Apr 2026",8973,India Women in South Africa,2026,"Kingsmead, Durban",Women's T20I,2026-04-19,26867.0,SE Luus,right,83579.0,KM Gaud,right,2295.0,India Women,right pace,1.0,pace,2026-04-19 13:57:55,,,,,,,,106567001.0,356.0,90.0,149.0,3.0,1.0,1.0,False,False,True,False,,no movement,,back of a length,middle stump,back foot,pull,,well timed,deep square leg,Anushka Sharma,,,,template_structured,1,,False,False,False,False,False,False,False,False,False,
2,1817,South Africa Women,SA,3,3,KM Gaud,10,0,0,27/0,10.00,2.05,2.5,1,1,Kranti Gaud to Laura Wolvaardt,,"Kranti Gaud to Laura Wolvaardt. No movement full toss, off stump on the front foot driving well timed to mid off for 1 run, fielded by Shafali Verma",e1b727f9-e019-49d9-a5dd-266e1c160e1c,235974,"South Africa Women v India Women at Durban, 2nd T20I, 19 Apr 2026",8973,India Women in South Africa,2026,"Kingsmead, Durban",Women's T20I,2026-04-19,41837.0,L Wolvaardt,right,83579.0,KM Gaud,right,2295.0,India Women,right pace,1.0,pace,2026-04-19 13:58:27,,,,,,,,106567012.0,254.0,45.0,83.0,5.0,1.0,1.0,False,False,True,False,,no movement,,full toss,off stump,front foot,drive,,well timed,mid off,Shafali Verma,,,,template_structured,1,,False,False,False,False,False,False,False,False,False,
2,1817,South Africa Women,SA,3,3,KM Gaud,10,0,0,27/0,10.00,2.06,2.6,1,1,Kranti Gaud to Suné Luus,,"Kranti Gaud to Suné Luus. No movement back of a length, outside off on the back foot cut well timed to deep backward point for 1 run, fielded by Smriti Mandhana",e1b727f9-e019-49d9-a5dd-266e1c160e1c,235974,"South Africa Women v India Women at Durban, 2nd T20I, 19 Apr 2026",8973,India Women in South Africa,2026,"Kingsmead, Durban",Women's T20I,2026-04-19,26867.0,SE Luus,right,83579.0,KM Gaud,right,2295.0,India Women,right pace,1.0,pace,2026-04-19 13:58:57,,,,,,,,106567019.0,174.0,85.0,145.0,7.0,1.0,1.0,False,False,True,False,,no movement,,back of a length,outside off,back foot,cut,,well timed,deep backward point,Smriti Mandhana,,,,template_structured,1,,False,False,False,False,False,False,False,False,False,
2,1817,South Africa Women,SA,3,4,SR Patil,13,0,0,40/0,13.00,3.01,3.1,6,6,Shreyanka Patil to Suné Luus,,"SIX! Shreyanka Patil to Suné Luus. Off break length ball, off stump down the track driving well timed for 6 runs",e1b727f9-e019-49d9-a5dd-266e1c160e1c,235974,"South Africa Women v India Women at Durban, 2nd T20I, 19 Apr 2026",8973,India Women in South Africa,2026,"Kingsmead, Durban",Women's T20I,2026-04-19,26867.0,SE Luus,right,80024.0,SR Patil,right,2295.0,India Women,off break,3.0,spin,2026-04-19 13:59:58,,,,,,,,106567039.0,295.0,100.0,179.0,4.0,6.0,6.0,False,False,True,False,,,,length ball,off stump,down the track,drive,,well timed,,,,,,keyword,6,,False,False,False,False,False,False,False,True,False,
2,1817,South Africa Women,SA,3,4,SR Patil,13,0,0,40/0,13.00,3.02,3.2,1,1,Shreyanka Patil to Suné Luus,,"Shreyanka Patil to Suné Luus. Off break length ball, middle stump on the back foot pulled to deep backward square leg for 1 run, fielded by Smriti Mandhana",e1b727f9-e019-49d9-a5dd-266e1c160e1c,235974,"South Africa Women v India Women at Durban, 2nd T20I, 19 Apr 2026",8973,India Women in South Africa,2026,"Kingsmead, Durban",Women's T20I,2026-04-19,26867.0,SE Luus,right,80024.0,SR Patil,right,2295.0,India Women,off break,3.0,spin,2026-04-19 14:01:05,,,,,,,,106567058.0,1.0,80.0,132.0,2.0,1.0,1.0,False,False,True,False,,off break,,length ball,middle stump,back foot,pull,,,deep backward square leg,Smriti Mandhana,,,,template_structured,1,,False,False,False,False,False,False,False,False,False,
2,1817,South Africa Women,SA,3,4,SR Patil,13,0,0,40/0,13.00,3.03,3.3,4,4,Shreyanka Patil to Laura Wolvaardt,,"FOUR! Shreyanka Patil to Laura Wolvaardt. Off break length ball, off stump on the back foot cut well timed for 4 runs",e1b727f9-e019-49d9-a5dd-266e1c160e1c,235974,"South Africa Women v India Women at Durban, 2nd T20I, 19 Apr 2026",8973,India Women in South Africa,2026,"Kingsmead, Durban",Women's T20I,2026-04-19,41837.0,L Wolvaardt,right,80024.0,SR Patil,right,2295.0,India Women,off break,3.0,spin,2026-04-19 14:01:29,,,,,,,,106567065.0,178.0,100.0,170.0,7.0,4.0,4.0,False,False,True,False,,off break,,length ball,off stump,back foot,cut,,well timed,,,,,,template_structured,4,,False,False,False,False,False,False,True,False,False,
2,1817,South Africa Women,SA,3,4,SR Patil,13,0,0,40/0,13.00,3.04,3.4,1,1,Shreyanka Patil to Laura Wolvaardt,,"Shreyanka Patil to Laura Wolvaardt. Off break length ball, off stump down the track driving well timed to deep mid wicket for 1 run, fielded by Jemimah Rodrigues",e1b727f9-e019-49d9-a5dd-266e1c160e1c,235974,"South Africa Women v India Women at Durban, 2nd T20I, 19 Apr 2026",8973,India Women in South Africa,2026,"Kingsmead, Durban",Women's T20I,2026-04-19,41837.0,L Wolvaardt,right,80024.0,SR Patil,right,2295.0,India Women,off break,3.0,spin,2026-04-19 14:02:17,,,,,,,,106567086.0,317.0,75.0,128.0,3.0,1.0,1.0,False,False,True,False,,,,length ball,off stump,down the track,drive,,well timed,deep mid wicket,Jemimah Rodrigues,,,,keyword,1,,False,False,False,False,False,False,False,False,False,
2,1817,South Africa Women,SA,3,4,SR Patil,13,0,0,40/0,13.00,3.05,3.5,1,1,Shreyanka Patil to Suné Luus,,"Shreyanka Patil to Suné Luus. Off break full, middle stump on the front foot flick to deep square leg for 1 run, fielded by Jemimah Rodrigues",e1b727f9-e019-49d9-a5dd-266e1c160e1c,235974,"South Africa Women v India Women at Durban, 2nd T20I, 19 Apr 2026",8973,India Women in South Africa,2026,"Kingsmead, Durban",Women's T20I,2026-04-19,26867.0,SE Luus,right,80024.0,SR Patil,right,2295.0,India Women,off break,3.0,spin,2026-04-19 14:02:46,,,,,,,,106567095.0,354.0,60.0,103.0,3.0,1.0,1.0,False,False,True,False,,off break,,full,middle stump,front foot,flick,,,deep square leg,Jemimah Rodrigues,,,,template_structured,1,,False,False,False,False,False,False,False,False,False,
2,1817,South Africa Women,SA,3,4,SR Patil,13,0,0,40/0,13.00,3.06,3.6,0,0,Shreyanka Patil to Laura Wolvaardt,,"Shreyanka Patil to Laura Wolvaardt. Off break length ball, off stump on the front foot driving to gully for no run, fielded by Deepti Sharma",e1b727f9-e019-49d9-a5dd-266e1c160e1c,235974,"South Africa Women v India Women at Durban, 2nd T20I, 19 Apr 2026",8973,India Women in South Africa,2026,"Kingsmead, Durban",Women's T20I,2026-04-19,,,,,,,,,,,,,,,,,,,,,,,,,,,False,False,False,False,,off break,,length ball,off stump,front foot,drive,,,gully,Deepti Sharma,,,,template_structured,0,,False,False,False,False,False,False,False,False,True,
2,1817,South Africa Women,SA,3,5,NR Sree Charani,14,1,0,54/0,11.14,4.01,4.1,0,0,Sree Charani to Suné Luus,,"Sree Charani to Suné Luus. Left-arm orthodox stock length ball, off stump on the back foot pushed to backward point for no run, fielded by Jemimah Rodrigues",e1b727f9-e019-49d9-a5dd-266e1c160e1c,235974,"South Africa Women v India Women at Durban, 2nd T20I, 19 Apr 2026",8973,India Women in South Africa,2026,"Kingsmead, Durban",Women's T20I,2026-04-19,,,,,,,,,,,,,,,,,,,,,,,,,,,False,False,False,False,,left-arm orthodox,stock,length ball,off stump,back foot,push,,,backward point,Jemimah Rodrigues,,,,template_structured,0,,False,False,False,False,False,False,False,False,True,
2,1817,South Africa Women,SA,3,5,NR Sree Charani,14,1,0,54/0,11.14,4.02,4.2,4,4,Sree Charani to Suné Luus,,"FOUR! Sree Charani to Suné Luus. Left-arm orthodox stock length ball, off stump on the front foot sweep well timed for 4 runs",e1b727f9-e019-49d9-a5dd-266e1c160e1c,235974,"South Africa Women v India Women at Durban, 2nd T20I, 19 Apr 2026",8973,India Women in South Africa,2026,"Kingsmead, Durban",Women's T20I,2026-04-19,26867.0,SE Luus,right,80095.0,NR Sree Charani,left,2295.0,India Women,left orthodox,5.0,spin,2026-04-19 14:04:38,,,,,,,,106567134.0,349.0,100.0,172.0,3.0,4.0,4.0,False,False,True,False,,left-arm orthodox,stock,length ball,off stump,front foot,sweep,,well timed,,,,,,template_structured,4,,False,False,False,False,False,False,True,False,False,
2,1817,South Africa Women,SA,3,5,NR Sree Charani,14,1,0,54/0,11.14,4.03,4.2,5,5ⁿᵇ,Sree Charani to Suné Luus,,"No ball. Sree Charani to Suné Luus. Left-arm orthodox stock beamer, outside off on the back foot upper cutted well timed for 5 runs",e1b727f9-e019-49d9-a5dd-266e1c160e1c,235974,"South Africa Women v India Women at Durban, 2nd T20I, 19 Apr 2026",8973,India Women in South Africa,2026,"Kingsmead, Durban",Women's T20I,2026-04-19,26867.0,SE Luus,right,80095.0,NR Sree Charani,left,2295.0,India Women,left orthodox,5.0,spin,2026-04-19 14:05:16,,,,,,,,106567148.0,112.0,100.0,161.0,8.0,4.0,5.0,False,False,True,False,,left-arm orthodox,stock,beamer,outside off,back foot,cut,,well timed,,,,,,template_structured,5,no ball,False,False,True,False,False,False,False,False,False,
2,1817,South Africa Women,SA,3,5,NR Sree Charani,14,1,0,54/0,11.14,4.04,4.3,0,0,Sree Charani to Suné Luus,,"Sree Charani to Suné Luus. Left-arm orthodox stock full toss, outside off on the front foot driving to first slip for no run, fielded by Richa Ghosh",e1b727f9-e019-49d9-a5dd-266e1c160e1c,235974,"South Africa Women v India Women at Durban, 2nd T20I, 19 Apr 2026",8973,India Women in South Africa,2026,"Kingsmead, Durban",Women's T20I,2026-04-19,,,,,,,,,,,,,,,,,,,,,,,,,,,False,False,False,False,,left-arm orthodox,stock,full toss,outside off,front foot,drive,,,first slip,Richa Ghosh,,,,template_structured,0,,False,False,False,False,False,False,False,False,True,
2,1817,South Africa Women,SA,3,5,NR Sree Charani,14,1,0,54/0,11.14,4.05,4.4,0,0,Sree Charani to Suné Luus,,"Sree Charani to Suné Luus. Left-arm orthodox stock length ball, off stump on the front foot driving to extra cover for no run, fielded by Harmanpreet Kaur",e1b727f9-e019-49d9-a5dd-266e1c160e1c,235974,"South Africa Women v India Women at Durban, 2nd T20I, 19 Apr 2026",8973,India Women in South Africa,2026,"Kingsmead, Durban",Women's T20I,2026-04-19,,,,,,,,,,,,,,,,,,,,,,,,,,,False,False,False,False,,left-arm orthodox,stock,length ball,off stump,front foot,drive,,,extra cover,Harmanpreet Kaur,,,,template_structured,0,,False,False,False,False,False,False,False,False,True,
2,1817,South Africa Women,SA,3,5,NR Sree Charani,14,1,0,54/0,11.14,4.06,4.5,1,1,Sree Charani to Suné Luus,,"Sree Charani to Suné Luus. Left-arm orthodox stock length ball, off stump on the front foot sweep well timed to deep square leg for 1 run, fielded by Arundhati Reddy",e1b727f9-e019-49d9-a5dd-266e1c160e1c,235974,"South Africa Women v India Women at Durban, 2nd T20I, 19 Apr 2026",8973,India Women in South Africa,2026,"Kingsmead, Durban",Women's T20I,2026-04-19,26867.0,SE Luus,right,80095.0,NR Sree Charani,left,2295.0,India Women,left orthodox,5.0,spin,2026-04-19 14:06:52,,,,,,,,106567176.0,330.0,80.0,136.0,3.0,1.0,1.0,False,False,True,False,,left-arm orthodox,stock,length ball,off stump,front foot,sweep,,well timed,deep square leg,Arundhati Reddy,,,,template_structured,1,,False,False,False,False,False,False,False,False,False,
2,1817,South Africa Women,SA,3,5,NR Sree Charani,14,1,0,54/0,11.14,4.07,4.6,4,4,Sree Charani to Laura Wolvaardt,,"FOUR! Sree Charani to Laura Wolvaardt. Left-arm orthodox stock length ball, off stump backs away driving well timed for 4 runs",e1b727f9-e019-49d9-a5dd-266e1c160e1c,235974,"South Africa Women v India Women at Durban, 2nd T20I, 19 Apr 2026",8973,India Women in South Africa,2026,"Kingsmead, Durban",Women's T20I,2026-04-19,41837.0,L Wolvaardt,right,80095.0,NR Sree Charani,left,2295.0,India Women,left orthodox,5.0,spin,2026-04-19 14:07:17,,,,,,,,106567189.0,196.0,100.0,173.0,6.0,4.0,4.0,False,False,True,False,,,,length ball,off stump,backs away,drive,,well timed,,,,,,keyword,4,,False,False,False,False,False,False,True,False,False,
2,1817,South Africa Women,SA,3,6,DB Sharma,12,0,0,66/0,12.00,5.01,5.1,2,2,Deepti Sharma to Suné Luus,,"Deepti Sharma to Suné Luus. Off break length ball, leg stump on the back foot hook well timed to fine leg for 2 runs, fielded by Shreyanka Patil",e1b727f9-e019-49d9-a5dd-266e1c160e1c,235974,"South Africa Women v India Women at Durban, 2nd T20I, 19 Apr 2026",8973,India Women in South Africa,2026,"Kingsmead, Durban",Women's T20I,2026-04-19,26867.0,SE Luus,right,30720.0,DB Sharma,right,2295.0,India Women,off break,3.0,spin,2026-04-19 14:08:30,,,,,,,,106567215.0,63.0,85.0,142.0,1.0,2.0,2.0,False,False,True,False,,off break,,length ball,leg stump,back foot,,,well timed,fine leg,Shreyanka Patil,,,,template_structured,2,,False,False,False,False,False,False,False,False,False,
2,1817,South Africa Women,SA,3,6,DB Sharma,12,0,0,66/0,12.00,5.02,5.2,4,4,Deepti Sharma to Suné Luus,,"FOUR! Deepti Sharma to Suné Luus. Off break length ball, leg stump on the front foot slog-sweep well timed for 4 runs",e1b727f9-e019-49d9-a5dd-266e1c160e1c,235974,"South Africa Women v India Women at Durban, 2nd T20I, 19 Apr 2026",8973,India Women in South Africa,2026,"Kingsmead, Durban",Women's T20I,2026-04-19,26867.0,SE Luus,right,30720.0,DB Sharma,right,2295.0,India Women,off break,3.0,spin,2026-04-19 14:08:57,,,,,,,,106567228.0,66.0,100.0,161.0,1.0,4.0,4.0,False,False,True,False,,off break,,length ball,leg stump,front foot,slog sweep,,well timed,,,,,,template_structured,4,,False,False,False,False,False,False,True,False,False,
2,1817,South Africa Women,SA,3,6,DB Sharma,12,0,0,66/0,12.00,5.03,5.3,0,0,Deepti Sharma to Suné Luus,,"Deepti Sharma to Suné Luus. Off break length ball, middle stump on the front foot driving to square leg for no run, fielded by Harmanpreet Kaur",e1b727f9-e019-49d9-a5dd-266e1c160e1c,235974,"South Africa Women v India Women at Durban, 2nd T20I, 19 Apr 2026",8973,India Women in South Africa,2026,"Kingsmead, Durban",Women's T20I,2026-04-19,,,,,,,,,,,,,,,,,,,,,,,,,,,False,False,False,False,,off break,,length ball,middle stump,front foot,drive,,,square leg,Harmanpreet Kaur,,,,template_structured,0,,False,False,False,False,False,False,False,False,True,
2,1817,South Africa Women,SA,3,6,DB Sharma,12,0,0,66/0,12.00,5.04,5.4,4,4,Deepti Sharma to Suné Luus,,"FOUR! Deepti Sharma to Suné Luus. Off break length ball, leg stump on the back foot pulled well timed for 4 runs",e1b727f9-e019-49d9-a5dd-266e1c160e1c,235974,"South Africa Women v India Women at Durban, 2nd T20I, 19 Apr 2026",8973,India Women in South Africa,2026,"Kingsmead, Durban",Women's T20I,2026-04-19,26867.0,SE Luus,right,30720.0,DB Sharma,right,2295.0,India Women,off break,3.0,spin,2026-04-19 14:10:06,,,,,,,,106567250.0,5.0,100.0,169.0,2.0,4.0,4.0,False,False,True,False,,off break,,length ball,leg stump,back foot,pull,,well timed,,,,,,template_structured,4,,False,False,False,False,False,False,True,False,False,
2,1817,South Africa Women,SA,3,6,DB Sharma,12,0,0,66/0,12.00,5.05,5.5,1,1,Deepti Sharma to Suné Luus,,"Deepti Sharma to Suné Luus. Off break length ball, leg stump on the back foot hook well timed to deep backward square leg for 1 run, fielded by Shreyanka Patil",e1b727f9-e019-49d9-a5dd-266e1c160e1c,235974,"South Africa Women v India Women at Durban, 2nd T20I, 19 Apr 2026",8973,India Women in South Africa,2026,"Kingsmead, Durban",Women's T20I,2026-04-19,26867.0,SE Luus,right,30720.0,DB Sharma,right,2295.0,India Women,off break,3.0,spin,2026-04-19 14:10:32,,,,,,,,106567258.0,14.0,90.0,152.0,2.0,1.0,1.0,False,False,True,False,,off break,,length ball,leg stump,back foot,,,well timed,deep backward square leg,Shreyanka Patil,,,,template_structured,1,,False,False,False,False,False,False,False,False,False,
2,1817,South Africa Women,SA,3,6,DB Sharma,12,0,0,66/0,12.00,5.06,5.6,1,1,Deepti Sharma to Laura Wolvaardt,,"Deepti Sharma to Laura Wolvaardt. Off break length ball, off stump down the track driving well timed to long on for 1 run, fielded by Kranti Gaud",e1b727f9-e019-49d9-a5dd-266e1c160e1c,235974,"South Africa Women v India Women at Durban, 2nd T20I, 19 Apr 2026",8973,India Women in South Africa,2026,"Kingsmead, Durban",Women's T20I,2026-04-19,41837.0,L Wolvaardt,right,30720.0,DB Sharma,right,2295.0,India Women,off break,3.0,spin,2026-04-19 14:11:13,,,,,,,,106567275.0,299.0,85.0,153.0,4.0,1.0,1.0,False,False,True,False,,,,length ball,off stump,down the track,drive,,well timed,long on,Kranti Gaud,,,,keyword,1,,False,False,False,False,False,False,False,False,False,
2,1817,South Africa Women,SA,3,7,NR Sree Charani,3,0,0,69/0,3.00,6.01,6.1,1,1,Sree Charani to Laura Wolvaardt,,"Sree Charani to Laura Wolvaardt. Left-arm orthodox stock length ball, off stump on the back foot cut well timed to deep cover for 1 run, fielded by Shreyanka Patil",e1b727f9-e019-49d9-a5dd-266e1c160e1c,235974,"South Africa Women v India Women at Durban, 2nd T20I, 19 Apr 2026",8973,India Women in South Africa,2026,"Kingsmead, Durban",Women's T20I,2026-04-19,41837.0,L Wolvaardt,right,80095.0,NR Sree Charani,left,2295.0,India Women,left orthodox,5.0,spin,2026-04-19 14:12:21,,,,,,,,106567303.0,201.0,85.0,143.0,6.0,1.0,1.0,False,False,True,False,,left-arm orthodox,stock,length ball,off stump,back foot,cut,,well timed,deep cover,Shreyanka Patil,,,,template_structured,1,,False,False,False,False,False,False,False,False,False,
2,1817,South Africa Women,SA,3,7,NR Sree Charani,3,0,0,69/0,3.00,6.02,6.2,1,1,Sree Charani to Suné Luus,,"Sree Charani to Suné Luus. Left-arm orthodox stock length ball, middle stump on the back foot hook well timed to deep square leg for 1 run, fielded by Arundhati Reddy",e1b727f9-e019-49d9-a5dd-266e1c160e1c,235974,"South Africa Women v India Women at Durban, 2nd T20I, 19 Apr 2026",8973,India Women in South Africa,2026,"Kingsmead, Durban",Women's T20I,2026-04-19,26867.0,SE Luus,right,80095.0,NR Sree Charani,left,2295.0,India Women,left orthodox,5.0,spin,2026-04-19 14:13:06,,,,,,,,106567316.0,359.0,85.0,145.0,3.0,1.0,1.0,False,False,True,False,,left-arm orthodox,stock,length ball,middle stump,back foot,,,well timed,deep square leg,Arundhati Reddy,,,,template_structured,1,,False,False,False,False,False,False,False,False,False,
2,1817,South Africa Women,SA,3,7,NR Sree Charani,3,0,0,69/0,3.00,6.03,6.3,0,0,Sree Charani to Laura Wolvaardt,,"Sree Charani to Laura Wolvaardt. Left-arm orthodox stock length ball, off stump backs away cut to cover for no run, fielded by Shreyanka Patil",e1b727f9-e019-49d9-a5dd-266e1c160e1c,235974,"South Africa Women v India Women at Durban, 2nd T20I, 19 Apr 2026",8973,India Women in South Africa,2026,"Kingsmead, Durban",Women's T20I,2026-04-19,,,,,,,,,,,,,,,,,,,,,,,,,,,False,False,False,False,,,,length ball,off stump,backs away,cut,,,cover,Shreyanka Patil,,,,keyword,0,,False,False,False,False,False,False,False,False,True,
2,1817,South Africa Women,SA,3,7,NR Sree Charani,3,0,0,69/0,3.00,6.04,6.4,1,1,Sree Charani to Laura Wolvaardt,,"Sree Charani to Laura Wolvaardt. Left-arm orthodox stock full, middle stump on the front foot driving well timed to long off for 1 run, fielded by Shafali Verma",e1b727f9-e019-49d9-a5dd-266e1c160e1c,235974,"South Africa Women v India Women at Durban, 2nd T20I, 19 Apr 2026",8973,India Women in South Africa,2026,"Kingsmead, Durban",Women's T20I,2026-04-19,41837.0,L Wolvaardt,right,80095.0,NR Sree Charani,left,2295.0,India Women,left orthodox,5.0,spin,2026-04-19 14:14:19,,,,,,,,106567339.0,263.0,85.0,149.0,5.0,1.0,1.0,False,False,True,False,,left-arm orthodox,stock,full,middle stump,front foot,drive,,well timed,long off,Shafali Verma,,,,template_structured,1,,False,False,False,False,False,False,False,False,False,
2,1817,South Africa Women,SA,3,7,NR Sree Charani,3,0,0,69/0,3.00,6.05,6.5,0,0,Sree Charani to Suné Luus,,"Sree Charani to Suné Luus. Left-arm orthodox stock length ball, middle stump on the front foot sweep for no run",e1b727f9-e019-49d9-a5dd-266e1c160e1c,235974,"South Africa Women v India Women at Durban, 2nd T20I, 19 Apr 2026",8973,India Women in South Africa,2026,"Kingsmead, Durban",Women's T20I,2026-04-19,,,,,,,,,,,,,,,,,,,,,,,,,,,False,False,False,False,,left-arm orthodox,stock,length ball,middle stump,front foot,sweep,,,,,,,,template_structured,0,,False,False,False,False,False,False,False,False,True,
2,1817,South Africa Women,SA,3,7,NR Sree Charani,3,0,0,69/0,3.00,6.06,6.6,0,0,Sree Charani to Suné Luus,,"Sree Charani to Suné Luus. Left-arm orthodox stock length ball, off stump on the back foot cut to extra cover for no run, fielded by Harmanpreet Kaur",e1b727f9-e019-49d9-a5dd-266e1c160e1c,235974,"South Africa Women v India Women at Durban, 2nd T20I, 19 Apr 2026",8973,India Women in South Africa,2026,"Kingsmead, Durban",Women's T20I,2026-04-19,,,,,,,,,,,,,,,,,,,,,,,,,,,False,False,False,False,,left-arm orthodox,stock,length ball,off stump,back foot,cut,,,extra cover,Harmanpreet Kaur,,,,template_structured,0,,False,False,False,False,False,False,False,False,True,
2,1817,South Africa Women,SA,3,8,A Reddy,5,1,0,74/0,4.00,7.01,7.1,1,1,Arundhati Reddy to Laura Wolvaardt,,"Arundhati Reddy to Laura Wolvaardt. No movement length ball, leg stump on the front foot flick to fine leg for 1 run, fielded by Shreyanka Patil",e1b727f9-e019-49d9-a5dd-266e1c160e1c,235974,"South Africa Women v India Women at Durban, 2nd T20I, 19 Apr 2026",8973,India Women in South Africa,2026,"Kingsmead, Durban",Women's T20I,2026-04-19,41837.0,L Wolvaardt,right,68580.0,A Reddy,right,2295.0,India Women,right pace,2.0,pace,2026-04-19 14:16:23,,,,,,,,106567388.0,39.0,75.0,121.0,2.0,1.0,1.0,False,False,True,False,,no movement,,length ball,leg stump,front foot,flick,,,fine leg,Shreyanka Patil,,,,template_structured,1,,False,False,False,False,False,False,False,False,False,
2,1817,South Africa Women,SA,3,8,A Reddy,5,1,0,74/0,4.00,7.02,7.2,1,1,Arundhati Reddy to Suné Luus,,"Arundhati Reddy to Suné Luus. No movement full toss, off stump on the front foot driving to long on for 1 run, fielded by Kranti Gaud",e1b727f9-e019-49d9-a5dd-266e1c160e1c,235974,"South Africa Women v India Women at Durban, 2nd T20I, 19 Apr 2026",8973,India Women in South Africa,2026,"Kingsmead, Durban",Women's T20I,2026-04-19,26867.0,SE Luus,right,68580.0,A Reddy,right,2295.0,India Women,right pace,2.0,pace,2026-04-19 14:17:08,,,,,,,,106567403.0,296.0,75.0,135.0,4.0,1.0,1.0,False,False,True,False,,no movement,,full toss,off stump,front foot,drive,,,long on,Kranti Gaud,,,,template_structured,1,,False,False,False,False,False,False,False,False,False,
2,1817,South Africa Women,SA,3,8,A Reddy,5,1,0,74/0,4.00,7.03,7.2,1,1ʷᵈ,Arundhati Reddy to Laura Wolvaardt,,"Wide. Arundhati Reddy to Laura Wolvaardt. No movement length ball, leg stump on the front foot flick to wicketkeeper for 1 wides, fielded by Richa Ghosh",e1b727f9-e019-49d9-a5dd-266e1c160e1c,235974,"South Africa Women v India Women at Durban, 2nd T20I, 19 Apr 2026",8973,India Women in South Africa,2026,"Kingsmead, Durban",Women's T20I,2026-04-19,,,,,,,,,,,,,,,,,,,,,,,,,,,False,False,False,False,,no movement,,length ball,leg stump,front foot,flick,,,wicketkeeper,Richa Ghosh,,,,template_structured,1,wide,False,True,False,False,False,False,False,False,False,
2,1817,South Africa Women,SA,3,8,A Reddy,5,1,0,74/0,4.00,7.04,7.3,0,0,Arundhati Reddy to Laura Wolvaardt,,"Arundhati Reddy to Laura Wolvaardt. No movement back of a length, leg stump on the front foot slog-sweep to short fine leg for no run, fielded by Sree Charani",e1b727f9-e019-49d9-a5dd-266e1c160e1c,235974,"South Africa Women v India Women at Durban, 2nd T20I, 19 Apr 2026",8973,India Women in South Africa,2026,"Kingsmead, Durban",Women's T20I,2026-04-19,,,,,,,,,,,,,,,,,,,,,,,,,,,False,False,False,False,,no movement,,back of a length,leg stump,front foot,slog sweep,,,short fine leg,Sree Charani,,,,template_structured,0,,False,False,False,False,False,False,False,False,True,
2,1817,South Africa Women,SA,3,8,A Reddy,5,1,0,74/0,4.00,7.05,7.4,1,1,Arundhati Reddy to Laura Wolvaardt,,"Arundhati Reddy to Laura Wolvaardt. No movement full toss, middle stump on the front foot driving well timed to long on for 1 run, fielded by Kranti Gaud",e1b727f9-e019-49d9-a5dd-266e1c160e1c,235974,"South Africa Women v India Women at Durban, 2nd T20I, 19 Apr 2026",8973,India Women in South Africa,2026,"Kingsmead, Durban",Women's T20I,2026-04-19,41837.0,L Wolvaardt,right,68580.0,A Reddy,right,2295.0,India Women,right pace,2.0,pace,2026-04-19 14:18:42,,,,,,,,106567436.0,284.0,90.0,158.0,4.0,1.0,1.0,False,False,True,False,,no movement,,full toss,middle stump,front foot,drive,,well timed,long on,Kranti Gaud,,,,template_structured,1,,False,False,False,False,False,False,False,False,False,
2,1817,South Africa Women,SA,3,8,A Reddy,5,1,0,74/0,4.00,7.06,7.5,0,0,Arundhati Reddy to Suné Luus,,"Arundhati Reddy to Suné Luus. No movement length ball, off stump on the front foot driving to mid wicket for no run, fielded by Smriti Mandhana",e1b727f9-e019-49d9-a5dd-266e1c160e1c,235974,"South Africa Women v India Women at Durban, 2nd T20I, 19 Apr 2026",8973,India Women in South Africa,2026,"Kingsmead, Durban",Women's T20I,2026-04-19,,,,,,,,,,,,,,,,,,,,,,,,,,,False,False,False,False,,no movement,,length ball,off stump,front foot,drive,,,mid wicket,Smriti Mandhana,,,,template_structured,0,,False,False,False,False,False,False,False,False,True,
2,1817,South Africa Women,SA,3,8,A Reddy,5,1,0,74/0,4.00,7.07,7.6,1,1,Arundhati Reddy to Suné Luus,,"Arundhati Reddy to Suné Luus. No movement length ball, middle stump on the front foot driving to mid on for 1 run, misfielded by Smriti Mandhana",e1b727f9-e019-49d9-a5dd-266e1c160e1c,235974,"South Africa Women v India Women at Durban, 2nd T20I, 19 Apr 2026",8973,India Women in South Africa,2026,"Kingsmead, Durban",Women's T20I,2026-04-19,26867.0,SE Luus,right,68580.0,A Reddy,right,2295.0,India Women,right pace,2.0,pace,2026-04-19 14:19:37,,,,,,,,106567455.0,294.0,50.0,87.0,4.0,1.0,1.0,False,False,True,False,,no movement,,length ball,middle stump,front foot,drive,,,mid on,,,,,template_structured,1,,False,False,False,False,False,False,False,False,False,
2,1817,South Africa Women,SA,3,9,NR Sree Charani,14,0,0,88/0,14.00,8.01,8.1,1,1,Sree Charani to Suné Luus,,"Sree Charani to Suné Luus. Left-arm orthodox stock length ball, middle stump on the front foot sweep to long on for 1 run, fielded by Smriti Mandhana",e1b727f9-e019-49d9-a5dd-266e1c160e1c,235974,"South Africa Women v India Women at Durban, 2nd T20I, 19 Apr 2026",8973,India Women in South Africa,2026,"Kingsmead, Durban",Women's T20I,2026-04-19,26867.0,SE Luus,right,80095.0,NR Sree Charani,left,2295.0,India Women,left orthodox,5.0,spin,2026-04-19 14:20:38,,,,,,,,106567478.0,274.0,70.0,127.0,4.0,1.0,1.0,False,False,True,False,,left-arm orthodox,stock,length ball,middle stump,front foot,sweep,,,long on,Smriti Mandhana,,,,template_structured,1,,False,False,False,False,False,False,False,False,False,
2,1817,South Africa Women,SA,3,9,NR Sree Charani,14,0,0,88/0,14.00,8.02,8.2,0,0,Sree Charani to Laura Wolvaardt,,"Sree Charani to Laura Wolvaardt. Left-arm orthodox stock length ball, off stump backs away cut to backward point for no run, fielded by Arundhati Reddy",e1b727f9-e019-49d9-a5dd-266e1c160e1c,235974,"South Africa Women v India Women at Durban, 2nd T20I, 19 Apr 2026",8973,India Women in South Africa,2026,"Kingsmead, Durban",Women's T20I,2026-04-19,,,,,,,,,,,,,,,,,,,,,,,,,,,False,False,False,False,,,,length ball,off stump,backs away,cut,,,backward point,Arundhati Reddy,,,,keyword,0,,False,False,False,False,False,False,False,False,True,
2,1817,South Africa Women,SA,3,9,NR Sree Charani,14,0,0,88/0,14.00,8.03,8.3,6,6,Sree Charani to Laura Wolvaardt,,"SIX! Sree Charani to Laura Wolvaardt. Left-arm orthodox stock length ball, off stump down the track driving well timed for 6 runs",e1b727f9-e019-49d9-a5dd-266e1c160e1c,235974,"South Africa Women v India Women at Durban, 2nd T20I, 19 Apr 2026",8973,India Women in South Africa,2026,"Kingsmead, Durban",Women's T20I,2026-04-19,41837.0,L Wolvaardt,right,80095.0,NR Sree Charani,left,2295.0,India Women,left orthodox,5.0,spin,2026-04-19 14:21:35,,,,,,,,106567498.0,251.0,100.0,179.0,5.0,6.0,6.0,False,False,True,False,,,,length ball,off stump,down the track,drive,,well timed,,,,,,keyword,6,,False,False,False,False,False,False,False,True,False,
2,1817,South Africa Women,SA,3,9,NR Sree Charani,14,0,0,88/0,14.00,8.04,8.4,4,4,Sree Charani to Laura Wolvaardt,,"FOUR! Sree Charani to Laura Wolvaardt. Left-arm orthodox stock length ball, leg stump on the front foot sweep well timed for 4 runs",e1b727f9-e019-49d9-a5dd-266e1c160e1c,235974,"South Africa Women v India Women at Durban, 2nd T20I, 19 Apr 2026",8973,India Women in South Africa,2026,"Kingsmead, Durban",Women's T20I,2026-04-19,41837.0,L Wolvaardt,right,80095.0,NR Sree Charani,left,2295.0,India Women,left orthodox,5.0,spin,2026-04-19 14:22:09,,,,,,,,106567505.0,68.0,100.0,161.0,1.0,4.0,4.0,False,False,True,False,,left-arm orthodox,stock,length ball,leg stump,front foot,sweep,,well timed,,,,,,template_structured,4,,False,False,False,False,False,False,True,False,False,
2,1817,South Africa Women,SA,3,9,NR Sree Charani,14,0,0,88/0,14.00,8.05,8.5,1,1,Sree Charani to Laura Wolvaardt,,"Sree Charani to Laura Wolvaardt. Left-arm orthodox stock full, middle stump on the front foot driving to long on for 1 run, fielded by Smriti Mandhana",e1b727f9-e019-49d9-a5dd-266e1c160e1c,235974,"South Africa Women v India Women at Durban, 2nd T20I, 19 Apr 2026",8973,India Women in South Africa,2026,"Kingsmead, Durban",Women's T20I,2026-04-19,41837.0,L Wolvaardt,right,80095.0,NR Sree Charani,left,2295.0,India Women,left orthodox,5.0,spin,2026-04-19 14:22:44,,,,,,,,106567522.0,281.0,65.0,117.0,4.0,1.0,1.0,False,False,True,False,,left-arm orthodox,stock,full,middle stump,front foot,drive,,,long on,Smriti Mandhana,,,,template_structured,1,,False,False,False,False,False,False,False,False,False,
2,1817,South Africa Women,SA,3,9,NR Sree Charani,14,0,0,88/0,14.00,8.06,8.6,2,2,Sree Charani to Suné Luus,,"Sree Charani to Suné Luus. Left-arm orthodox stock full, middle stump on the front foot driving well timed to long off for 2 runs, fielded by Shafali Verma",e1b727f9-e019-49d9-a5dd-266e1c160e1c,235974,"South Africa Women v India Women at Durban, 2nd T20I, 19 Apr 2026",8973,India Women in South Africa,2026,"Kingsmead, Durban",Women's T20I,2026-04-19,26867.0,SE Luus,right,80095.0,NR Sree Charani,left,2295.0,India Women,left orthodox,5.0,spin,2026-04-19 14:23:07,,,,,,,,106567529.0,251.0,90.0,161.0,5.0,2.0,2.0,False,False,True,False,,left-arm orthodox,stock,full,middle stump,front foot,drive,,well timed,long off,Shafali Verma,,,,template_structured,2,,False,False,False,False,False,False,False,False,False,
2,1817,South Africa Women,SA,3,10,DB Sharma,4,0,0,92/0,4.00,9.01,9.1,1,1,Deepti Sharma to Laura Wolvaardt,,"Deepti Sharma to Laura Wolvaardt. Off break length ball, off stump on the back foot hook well timed to deep mid wicket for 1 run, fielded by Jemimah Rodrigues",e1b727f9-e019-49d9-a5dd-266e1c160e1c,235974,"South Africa Women v India Women at Durban, 2nd T20I, 19 Apr 2026",8973,India Women in South Africa,2026,"Kingsmead, Durban",Women's T20I,2026-04-19,41837.0,L Wolvaardt,right,30720.0,DB Sharma,right,2295.0,India Women,off break,3.0,spin,2026-04-19 14:24:11,,,,,,,,106567549.0,326.0,85.0,153.0,3.0,1.0,1.0,False,False,True,False,,off break,,length ball,off stump,back foot,,,well timed,deep mid wicket,Jemimah Rodrigues,,,,template_structured,1,,False,False,False,False,False,False,False,False,False,
2,1817,South Africa Women,SA,3,10,DB Sharma,4,0,0,92/0,4.00,9.02,9.2,0,0,Deepti Sharma to Suné Luus,,"Deepti Sharma to Suné Luus. Off break length ball, off stump on the front foot slog-sweep to wicketkeeper for no run, caught by Richa Ghosh",e1b727f9-e019-49d9-a5dd-266e1c160e1c,235974,"South Africa Women v India Women at Durban, 2nd T20I, 19 Apr 2026",8973,India Women in South Africa,2026,"Kingsmead, Durban",Women's T20I,2026-04-19,,,,,,,,,,,,,,,,,,,,,,,,,,,False,False,False,False,,off break,,length ball,off stump,front foot,slog sweep,,,wicketkeeper,Richa Ghosh,,,,template_structured,0,,False,False,False,False,False,False,False,False,True,
2,1817,South Africa Women,SA,3,10,DB Sharma,4,0,0,92/0,4.00,9.03,9.3,1,1,Deepti Sharma to Suné Luus,,"Deepti Sharma to Suné Luus. Off break length ball, middle stump on the front foot driving to long on for 1 run, fielded by Shreyanka Patil",e1b727f9-e019-49d9-a5dd-266e1c160e1c,235974,"South Africa Women v India Women at Durban, 2nd T20I, 19 Apr 2026",8973,India Women in South Africa,2026,"Kingsmead, Durban",Women's T20I,2026-04-19,26867.0,SE Luus,right,30720.0,DB Sharma,right,2295.0,India Women,off break,3.0,spin,2026-04-19 14:24:55,,,,,,,,106567566.0,292.0,75.0,138.0,4.0,1.0,1.0,False,False,True,False,,off break,,length ball,middle stump,front foot,drive,,,long on,Shreyanka Patil,,,,template_structured,1,,False,False,False,False,False,False,False,False,False,
2,1817,South Africa Women,SA,3,10,DB Sharma,4,0,0,92/0,4.00,9.04,9.4,0,0,Deepti Sharma to Laura Wolvaardt,,"Deepti Sharma to Laura Wolvaardt. Off break length ball, middle stump on the back foot pushed to mid wicket for no run, fielded by Harmanpreet Kaur",e1b727f9-e019-49d9-a5dd-266e1c160e1c,235974,"South Africa Women v India Women at Durban, 2nd T20I, 19 Apr 2026",8973,India Women in South Africa,2026,"Kingsmead, Durban",Women's T20I,2026-04-19,,,,,,,,,,,,,,,,,,,,,,,,,,,False,False,False,False,,off break,,length ball,middle stump,back foot,push,,,mid wicket,Harmanpreet Kaur,,,,template_structured,0,,False,False,False,False,False,False,False,False,True,
2,1817,South Africa Women,SA,3,10,DB Sharma,4,0,0,92/0,4.00,9.05,9.5,1,1,Deepti Sharma to Laura Wolvaardt,,"Deepti Sharma to Laura Wolvaardt. Off break length ball, off stump down the track driving well timed to long on for 1 run, fielded by Shreyanka Patil",e1b727f9-e019-49d9-a5dd-266e1c160e1c,235974,"South Africa Women v India Women at Durban, 2nd T20I, 19 Apr 2026",8973,India Women in South Africa,2026,"Kingsmead, Durban",Women's T20I,2026-04-19,41837.0,L Wolvaardt,right,30720.0,DB Sharma,right,2295.0,India Women,off break,3.0,spin,2026-04-19 14:25:34,,,,,,,,106567582.0,292.0,80.0,145.0,4.0,1.0,1.0,False,False,True,False,,,,length ball,off stump,down the track,drive,,well timed,long on,Shreyanka Patil,,,,keyword,1,,False,False,False,False,False,False,False,False,False,
2,1817,South Africa Women,SA,3,10,DB Sharma,4,0,0,92/0,4.00,9.06,9.6,1,1,Deepti Sharma to Suné Luus,,"Deepti Sharma to Suné Luus. Off break full, off stump on the front foot driving to deep mid wicket for 1 run, fielded by Shreyanka Patil",e1b727f9-e019-49d9-a5dd-266e1c160e1c,235974,"South Africa Women v India Women at Durban, 2nd T20I, 19 Apr 2026",8973,India Women in South Africa,2026,"Kingsmead, Durban",Women's T20I,2026-04-19,26867.0,SE Luus,right,30720.0,DB Sharma,right,2295.0,India Women,off break,3.0,spin,2026-04-19 14:25:55,,,,,,,,106567591.0,312.0,65.0,116.0,4.0,1.0,1.0,False,False,True,False,,off break,,full,off stump,front foot,drive,,,deep mid wicket,Shreyanka Patil,,,,template_structured,1,,False,False,False,False,False,False,False,False,False,
2,1817,South Africa Women,SA,3,11,A Reddy,8,0,0,100/0,8.00,10.01,10.1,1,1,Arundhati Reddy to Suné Luus,,"Arundhati Reddy to Suné Luus. No movement length ball, off stump on the front foot driving to long off for 1 run, fielded by Anushka Sharma",e1b727f9-e019-49d9-a5dd-266e1c160e1c,235974,"South Africa Women v India Women at Durban, 2nd T20I, 19 Apr 2026",8973,India Women in South Africa,2026,"Kingsmead, Durban",Women's T20I,2026-04-19,26867.0,SE Luus,right,68580.0,A Reddy,right,2295.0,India Women,right pace,2.0,pace,2026-04-19 14:29:22,,,,,,,,106567655.0,248.0,75.0,132.0,5.0,1.0,1.0,False,False,True,False,,no movement,,length ball,off stump,front foot,drive,,,long off,Anushka Sharma,,,,template_structured,1,,False,False,False,False,False,False,False,False,False,
2,1817,South Africa Women,SA,3,11,A Reddy,8,0,0,100/0,8.00,10.02,10.2,1,1,Arundhati Reddy to Laura Wolvaardt,,"Arundhati Reddy to Laura Wolvaardt. No movement length ball, middle stump on the front foot driving well timed to long off for 1 run, fielded by Anushka Sharma",e1b727f9-e019-49d9-a5dd-266e1c160e1c,235974,"South Africa Women v India Women at Durban, 2nd T20I, 19 Apr 2026",8973,India Women in South Africa,2026,"Kingsmead, Durban",Women's T20I,2026-04-19,41837.0,L Wolvaardt,right,68580.0,A Reddy,right,2295.0,India Women,right pace,2.0,pace,2026-04-19 14:29:57,,,,,,,,106567665.0,260.0,90.0,166.0,5.0,1.0,1.0,False,False,True,False,,no movement,,length ball,middle stump,front foot,drive,,well timed,long off,Anushka Sharma,,,,template_structured,1,,False,False,False,False,False,False,False,False,False,
2,1817,South Africa Women,SA,3,11,A Reddy,8,0,0,100/0,8.00,10.03,10.3,1,1,Arundhati Reddy to Suné Luus,,"Arundhati Reddy to Suné Luus. Slower ball full, middle stump on the front foot driving to mid wicket for 1 run, misfielded by Harmanpreet Kaur",e1b727f9-e019-49d9-a5dd-266e1c160e1c,235974,"South Africa Women v India Women at Durban, 2nd T20I, 19 Apr 2026",8973,India Women in South Africa,2026,"Kingsmead, Durban",Women's T20I,2026-04-19,26867.0,SE Luus,right,68580.0,A Reddy,right,2295.0,India Women,right pace,2.0,pace,2026-04-19 14:30:26,,,,,,,,106567678.0,318.0,50.0,85.0,3.0,1.0,1.0,False,False,True,False,,slower ball,,full,middle stump,front foot,drive,,,mid wicket,,,,,template_structured,1,,False,False,False,False,False,False,False,False,False,
2,1817,South Africa Women,SA,3,11,A Reddy,8,0,0,100/0,8.00,10.04,10.4,4,4,Arundhati Reddy to Laura Wolvaardt,,"FOUR! Arundhati Reddy to Laura Wolvaardt. No movement back of a length, off stump on the front foot driving well timed for 4 runs",e1b727f9-e019-49d9-a5dd-266e1c160e1c,235974,"South Africa Women v India Women at Durban, 2nd T20I, 19 Apr 2026",8973,India Women in South Africa,2026,"Kingsmead, Durban",Women's T20I,2026-04-19,41837.0,L Wolvaardt,right,68580.0,A Reddy,right,2295.0,India Women,right pace,2.0,pace,2026-04-19 14:31:03,,,,,,,,106567690.0,210.0,100.0,175.0,6.0,4.0,4.0,False,False,True,False,,no movement,,back of a length,off stump,front foot,drive,,well timed,,,,,,template_structured,4,,False,False,False,False,False,False,True,False,False,
2,1817,South Africa Women,SA,3,11,A Reddy,8,0,0,100/0,8.00,10.05,10.5,1,1,Arundhati Reddy to Laura Wolvaardt,,"Arundhati Reddy to Laura Wolvaardt. No movement back of a length, middle stump on the moves infront driving well timed to long on for 1 run, fielded by Smriti Mandhana",e1b727f9-e019-49d9-a5dd-266e1c160e1c,235974,"South Africa Women v India Women at Durban, 2nd T20I, 19 Apr 2026",8973,India Women in South Africa,2026,"Kingsmead, Durban",Women's T20I,2026-04-19,41837.0,L Wolvaardt,right,68580.0,A Reddy,right,2295.0,India Women,right pace,2.0,pace,2026-04-19 14:31:53,,,,,,,,106567706.0,290.0,90.0,162.0,4.0,1.0,1.0,False,False,True,False,,no movement,,back of a length,middle stump,moves infront,drive,,well timed,long on,Smriti Mandhana,,,,template_structured,1,,False,False,False,False,False,False,False,False,False,
2,1817,South Africa Women,SA,3,11,A Reddy,8,0,0,100/0,8.00,10.06,10.6,0,0,Arundhati Reddy to Suné Luus,,"Arundhati Reddy to Suné Luus. No movement full, off stump on the front foot driving to mid off for no run, fielded by Harmanpreet Kaur",e1b727f9-e019-49d9-a5dd-266e1c160e1c,235974,"South Africa Women v India Women at Durban, 2nd T20I, 19 Apr 2026",8973,India Women in South Africa,2026,"Kingsmead, Durban",Women's T20I,2026-04-19,,,,,,,,,,,,,,,,,,,,,,,,,,,False,False,False,False,,no movement,,full,off stump,front foot,drive,,,mid off,Harmanpreet Kaur,,,,template_structured,0,,False,False,False,False,False,False,False,False,True,
2,1817,South Africa Women,SA,3,12,SR Patil,6,0,1,106/1,6.00,11.01,11.1,1,1,Shreyanka Patil to Laura Wolvaardt,,"Shreyanka Patil to Laura Wolvaardt. Off break length ball, off stump on the back foot pulled well timed to deep mid wicket for 1 run, fielded by Jemimah Rodrigues",e1b727f9-e019-49d9-a5dd-266e1c160e1c,235974,"South Africa Women v India Women at Durban, 2nd T20I, 19 Apr 2026",8973,India Women in South Africa,2026,"Kingsmead, Durban",Women's T20I,2026-04-19,41837.0,L Wolvaardt,right,80024.0,SR Patil,right,2295.0,India Women,off break,3.0,spin,2026-04-19 14:33:36,,,,,,,,106567745.0,324.0,90.0,155.0,3.0,1.0,1.0,False,False,True,False,,off break,,length ball,off stump,back foot,pull,,well timed,deep mid wicket,Jemimah Rodrigues,,,,template_structured,1,,False,False,False,False,False,False,False,False,False,
2,1817,South Africa Women,SA,3,12,SR Patil,6,0,1,106/1,6.00,11.02,11.2,0,0,Shreyanka Patil to Suné Luus,,"Shreyanka Patil to Suné Luus. Off break length ball, off stump on the back foot pushed for no run",e1b727f9-e019-49d9-a5dd-266e1c160e1c,235974,"South Africa Women v India Women at Durban, 2nd T20I, 19 Apr 2026",8973,India Women in South Africa,2026,"Kingsmead, Durban",Women's T20I,2026-04-19,,,,,,,,,,,,,,,,,,,,,,,,,,,False,False,False,False,,off break,,length ball,off stump,back foot,push,,,,,,,,template_structured,0,,False,False,False,False,False,False,False,False,True,
2,1817,South Africa Women,SA,3,12,SR Patil,6,0,1,106/1,6.00,11.03,11.3,4,4,Shreyanka Patil to Suné Luus,,"FOUR! Shreyanka Patil to Suné Luus. Off break length ball, middle stump on the front foot sweep well timed for 4 runs",e1b727f9-e019-49d9-a5dd-266e1c160e1c,235974,"South Africa Women v India Women at Durban, 2nd T20I, 19 Apr 2026",8973,India Women in South Africa,2026,"Kingsmead, Durban",Women's T20I,2026-04-19,26867.0,SE Luus,right,80024.0,SR Patil,right,2295.0,India Women,off break,3.0,spin,2026-04-19 14:34:29,,,,,,,,106567764.0,349.0,100.0,172.0,3.0,4.0,4.0,False,False,True,False,,off break,,length ball,middle stump,front foot,sweep,,well timed,,,,,,template_structured,4,,False,False,False,False,False,False,True,False,False,
2,1817,South Africa Women,SA,3,12,SR Patil,6,0,1,106/1,6.00,11.04,11.4,1,1,Shreyanka Patil to Suné Luus,,"Shreyanka Patil to Suné Luus. Off break length ball, middle stump on the front foot driving to long on for 1 run, fielded by Arundhati Reddy",e1b727f9-e019-49d9-a5dd-266e1c160e1c,235974,"South Africa Women v India Women at Durban, 2nd T20I, 19 Apr 2026",8973,India Women in South Africa,2026,"Kingsmead, Durban",Women's T20I,2026-04-19,26867.0,SE Luus,right,80024.0,SR Patil,right,2295.0,India Women,off break,3.0,spin,2026-04-19 14:35:07,,,,,,,,106567778.0,295.0,80.0,140.0,4.0,1.0,1.0,False,False,True,False,,off break,,length ball,middle stump,front foot,drive,,,long on,Arundhati Reddy,,,,template_structured,1,,False,False,False,False,False,False,False,False,False,
2,1817,South Africa Women,SA,3,12,SR Patil,6,0,1,106/1,6.00,11.05,11.5,0,0,Shreyanka Patil to Laura Wolvaardt,,"Shreyanka Patil to Laura Wolvaardt. Off break length ball, off stump on the front foot driving to bowler for no run, fielded by Shreyanka Patil",e1b727f9-e019-49d9-a5dd-266e1c160e1c,235974,"South Africa Women v India Women at Durban, 2nd T20I, 19 Apr 2026",8973,India Women in South Africa,2026,"Kingsmead, Durban",Women's T20I,2026-04-19,,,,,,,,,,,,,,,,,,,,,,,,,,,False,False,False,False,,off break,,length ball,off stump,front foot,drive,,,bowler,Shreyanka Patil,,,,template_structured,0,,False,False,False,False,False,False,False,False,True,
2,1817,South Africa Women,SA,3,12,SR Patil,6,0,1,106/1,6.00,11.06,11.6,0,W,Shreyanka Patil to Laura Wolvaardt,,"OUT! Shreyanka Patil to Laura Wolvaardt. Off break length ball, off stump on the front foot driving to long on for no run, caught by Arundhati Reddy. Laura Wolvaardt Caught for 54.",e1b727f9-e019-49d9-a5dd-266e1c160e1c,235974,"South Africa Women v India Women at Durban, 2nd T20I, 19 Apr 2026",8973,India Women in South Africa,2026,"Kingsmead, Durban",Women's T20I,2026-04-19,,,,,,,,,,,,,,,,,,,,,,,,,,,False,False,False,True,,off break,,length ball,off stump,front foot,drive,,,long on,Arundhati Reddy,caught,caught by Arundhati Reddy. Laura Wolvaardt,54,template_structured,0,,True,False,False,False,False,False,False,False,False,commentary
2,1817,South Africa Women,SA,3,13,A Reddy,2,0,0,108/1,2.00,12.01,12.1,0,0,Arundhati Reddy to Suné Luus,,"Arundhati Reddy to Suné Luus. No movement full toss, off stump on the front foot driving to mid off for no run, fielded by Shreyanka Patil",e1b727f9-e019-49d9-a5dd-266e1c160e1c,235974,"South Africa Women v India Women at Durban, 2nd T20I, 19 Apr 2026",8973,India Women in South Africa,2026,"Kingsmead, Durban",Women's T20I,2026-04-19,,,,,,,,,,,,,,,,,,,,,,,,,,,False,False,False,False,,no movement,,full toss,off stump,front foot,drive,,,mid off,Shreyanka Patil,,,,template_structured,0,,False,False,False,False,False,False,False,False,True,
2,1817,South Africa Women,SA,3,13,A Reddy,2,0,0,108/1,2.00,12.02,12.2,1,1,Arundhati Reddy to Suné Luus,,"Arundhati Reddy to Suné Luus. No movement length ball, middle stump on the back foot pushed to long on for 1 run, fielded by Smriti Mandhana",e1b727f9-e019-49d9-a5dd-266e1c160e1c,235974,"South Africa Women v India Women at Durban, 2nd T20I, 19 Apr 2026",8973,India Women in South Africa,2026,"Kingsmead, Durban",Women's T20I,2026-04-19,26867.0,SE Luus,right,68580.0,A Reddy,right,2295.0,India Women,right pace,2.0,pace,2026-04-19 14:39:01,,,,,,,,106567847.0,293.0,65.0,115.0,4.0,1.0,1.0,False,False,True,False,,no movement,,length ball,middle stump,back foot,push,,,long on,Smriti Mandhana,,,,template_structured,1,,False,False,False,False,False,False,False,False,False,
2,1817,South Africa Women,SA,3,13,A Reddy,2,0,0,108/1,2.00,12.03,12.3,0,0,Arundhati Reddy to Tazmin Brits,,"Arundhati Reddy to Tazmin Brits. No movement length ball, leg stump on the back foot pushed for no run",e1b727f9-e019-49d9-a5dd-266e1c160e1c,235974,"South Africa Women v India Women at Durban, 2nd T20I, 19 Apr 2026",8973,India Women in South Africa,2026,"Kingsmead, Durban",Women's T20I,2026-04-19,,,,,,,,,,,,,,,,,,,,,,,,,,,False,False,False,False,,no movement,,length ball,leg stump,back foot,push,,,,,,,,template_structured,0,,False,False,False,False,False,False,False,False,True,
2,1817,South Africa Women,SA,3,13,A Reddy,2,0,0,108/1,2.00,12.04,12.4,0,0,Arundhati Reddy to Tazmin Brits,,"Arundhati Reddy to Tazmin Brits. No movement length ball, off stump on the front foot driving to mid off for no run, fielded by Anushka Sharma",e1b727f9-e019-49d9-a5dd-266e1c160e1c,235974,"South Africa Women v India Women at Durban, 2nd T20I, 19 Apr 2026",8973,India Women in South Africa,2026,"Kingsmead, Durban",Women's T20I,2026-04-19,,,,,,,,,,,,,,,,,,,,,,,,,,,False,False,False,False,,no movement,,length ball,off stump,front foot,drive,,,mid off,Anushka Sharma,,,,template_structured,0,,False,False,False,False,False,False,False,False,True,
2,1817,South Africa Women,SA,3,13,A Reddy,2,0,0,108/1,2.00,12.05,12.5,0,0,Arundhati Reddy to Tazmin Brits,,"Arundhati Reddy to Tazmin Brits. No movement back of a length, middle stump on the back foot pushed to mid wicket for no run, fielded by Harmanpreet Kaur",e1b727f9-e019-49d9-a5dd-266e1c160e1c,235974,"South Africa Women v India Women at Durban, 2nd T20I, 19 Apr 2026",8973,India Women in South Africa,2026,"Kingsmead, Durban",Women's T20I,2026-04-19,,,,,,,,,,,,,,,,,,,,,,,,,,,False,False,False,False,,no movement,,back of a length,middle stump,back foot,push,,,mid wicket,Harmanpreet Kaur,,,,template_structured,0,,False,False,False,False,False,False,False,False,True,
2,1817,South Africa Women,SA,3,13,A Reddy,2,0,0,108/1,2.00,12.06,12.6,1,1,Arundhati Reddy to Tazmin Brits,,"Arundhati Reddy to Tazmin Brits. No movement back of a length, off stump on the front foot driving to mid off for 1 run, fielded by Anushka Sharma",e1b727f9-e019-49d9-a5dd-266e1c160e1c,235974,"South Africa Women v India Women at Durban, 2nd T20I, 19 Apr 2026",8973,India Women in South Africa,2026,"Kingsmead, Durban",Women's T20I,2026-04-19,68067.0,T Brits,right,68580.0,A Reddy,right,2295.0,India Women,right pace,2.0,pace,2026-04-19 14:41:06,,,,,,,,106567885.0,246.0,45.0,75.0,5.0,1.0,1.0,False,False,True,False,,no movement,,back of a length,off stump,front foot,drive,,,mid off,Anushka Sharma,,,,template_structured,1,,False,False,False,False,False,False,False,False,False,
2,1817,South Africa Women,SA,3,14,DB Sharma,7,0,0,115/1,7.00,13.01,13.1,1,1,Deepti Sharma to Tazmin Brits,,"Deepti Sharma to Tazmin Brits. Off break full, middle stump on the front foot flick to deep backward square leg for 1 run, fielded by Kranti Gaud",e1b727f9-e019-49d9-a5dd-266e1c160e1c,235974,"South Africa Women v India Women at Durban, 2nd T20I, 19 Apr 2026",8973,India Women in South Africa,2026,"Kingsmead, Durban",Women's T20I,2026-04-19,68067.0,T Brits,right,30720.0,DB Sharma,right,2295.0,India Women,off break,3.0,spin,2026-04-19 14:42:06,,,,,,,,106567900.0,8.0,90.0,153.0,2.0,1.0,1.0,False,False,True,False,,off break,,full,middle stump,front foot,flick,,,deep backward square leg,Kranti Gaud,,,,template_structured,1,,False,False,False,False,False,False,False,False,False,
2,1817,South Africa Women,SA,3,14,DB Sharma,7,0,0,115/1,7.00,13.02,13.2,4,4,Deepti Sharma to Suné Luus,,"FOUR! Deepti Sharma to Suné Luus. Off break full, off stump on the front foot reverse sweep well timed for 4 runs",e1b727f9-e019-49d9-a5dd-266e1c160e1c,235974,"South Africa Women v India Women at Durban, 2nd T20I, 19 Apr 2026",8973,India Women in South Africa,2026,"Kingsmead, Durban",Women's T20I,2026-04-19,26867.0,SE Luus,right,30720.0,DB Sharma,right,2295.0,India Women,off break,3.0,spin,2026-04-19 14:42:35,,,,,,,,106567909.0,133.0,100.0,163.0,8.0,4.0,4.0,False,False,True,False,,off break,,full,off stump,front foot,reverse sweep,,well timed,,,,,,template_structured,4,,False,False,False,False,False,False,True,False,False,
2,1817,South Africa Women,SA,3,14,DB Sharma,7,0,0,115/1,7.00,13.03,13.3,1,1,Deepti Sharma to Suné Luus,,"Deepti Sharma to Suné Luus. Off break length ball, off stump on the front foot sweep to deep backward square leg for 1 run, fielded by Kranti Gaud",e1b727f9-e019-49d9-a5dd-266e1c160e1c,235974,"South Africa Women v India Women at Durban, 2nd T20I, 19 Apr 2026",8973,India Women in South Africa,2026,"Kingsmead, Durban",Women's T20I,2026-04-19,26867.0,SE Luus,right,30720.0,DB Sharma,right,2295.0,India Women,off break,3.0,spin,2026-04-19 14:43:16,,,,,,,,106567924.0,16.0,80.0,133.0,2.0,1.0,1.0,False,False,True,False,,off break,,length ball,off stump,front foot,sweep,,,deep backward square leg,Kranti Gaud,,,,template_structured,1,,False,False,False,False,False,False,False,False,False,
2,1817,South Africa Women,SA,3,14,DB Sharma,7,0,0,115/1,7.00,13.04,13.4,0,0,Deepti Sharma to Tazmin Brits,,"Deepti Sharma to Tazmin Brits. Off break length ball, middle stump on the back foot pushed to bowler for no run, fielded by Deepti Sharma",e1b727f9-e019-49d9-a5dd-266e1c160e1c,235974,"South Africa Women v India Women at Durban, 2nd T20I, 19 Apr 2026",8973,India Women in South Africa,2026,"Kingsmead, Durban",Women's T20I,2026-04-19,,,,,,,,,,,,,,,,,,,,,,,,,,,False,False,False,False,,off break,,length ball,middle stump,back foot,push,,,bowler,Deepti Sharma,,,,template_structured,0,,False,False,False,False,False,False,False,False,True,
2,1817,South Africa Women,SA,3,14,DB Sharma,7,0,0,115/1,7.00,13.05,13.5,0,0,Deepti Sharma to Tazmin Brits,,"Deepti Sharma to Tazmin Brits. Off break length ball, middle stump on the back foot pushed to bowler for no run, fielded by Deepti Sharma",e1b727f9-e019-49d9-a5dd-266e1c160e1c,235974,"South Africa Women v India Women at Durban, 2nd T20I, 19 Apr 2026",8973,India Women in South Africa,2026,"Kingsmead, Durban",Women's T20I,2026-04-19,,,,,,,,,,,,,,,,,,,,,,,,,,,False,False,False,False,,off break,,length ball,middle stump,back foot,push,,,bowler,Deepti Sharma,,,,template_structured,0,,False,False,False,False,False,False,False,False,True,
2,1817,South Africa Women,SA,3,14,DB Sharma,7,0,0,115/1,7.00,13.06,13.6,1,1,Deepti Sharma to Tazmin Brits,,"Deepti Sharma to Tazmin Brits. Off break length ball, middle stump on the back foot hook to fine leg for 1 run, fielded by Kranti Gaud",e1b727f9-e019-49d9-a5dd-266e1c160e1c,235974,"South Africa Women v India Women at Durban, 2nd T20I, 19 Apr 2026",8973,India Women in South Africa,2026,"Kingsmead, Durban",Women's T20I,2026-04-19,68067.0,T Brits,right,30720.0,DB Sharma,right,2295.0,India Women,off break,3.0,spin,2026-04-19 14:44:26,,,,,,,,106567945.0,43.0,75.0,126.0,2.0,1.0,1.0,False,False,True,False,,off break,,length ball,middle stump,back foot,,,,fine leg,Kranti Gaud,,,,template_structured,1,,False,False,False,False,False,False,False,False,False,
2,1817,South Africa Women,SA,3,15,NR Sree Charani,8,0,0,123/1,8.00,14.01,14.1,4,4,Sree Charani to Tazmin Brits,,"FOUR! Sree Charani to Tazmin Brits. Left-arm orthodox stock full, off stump on the front foot driving well timed for 4 runs",e1b727f9-e019-49d9-a5dd-266e1c160e1c,235974,"South Africa Women v India Women at Durban, 2nd T20I, 19 Apr 2026",8973,India Women in South Africa,2026,"Kingsmead, Durban",Women's T20I,2026-04-19,68067.0,T Brits,right,80095.0,NR Sree Charani,left,2295.0,India Women,left orthodox,5.0,spin,2026-04-19 14:45:26,,,,,,,,106567965.0,262.0,100.0,180.0,5.0,4.0,4.0,False,False,True,False,,left-arm orthodox,stock,full,off stump,front foot,drive,,well timed,,,,,,template_structured,4,,False,False,False,False,False,False,True,False,False,
2,1817,South Africa Women,SA,3,15,NR Sree Charani,8,0,0,123/1,8.00,14.02,14.2,1,1,Sree Charani to Tazmin Brits,,"Sree Charani to Tazmin Brits. Left-arm orthodox stock length ball, middle stump on the front foot slog-sweep to deep backward square leg for 1 run, fielded by Shafali Verma",e1b727f9-e019-49d9-a5dd-266e1c160e1c,235974,"South Africa Women v India Women at Durban, 2nd T20I, 19 Apr 2026",8973,India Women in South Africa,2026,"Kingsmead, Durban",Women's T20I,2026-04-19,68067.0,T Brits,right,80095.0,NR Sree Charani,left,2295.0,India Women,left orthodox,5.0,spin,2026-04-19 14:45:57,,,,,,,,106567971.0,15.0,80.0,137.0,2.0,1.0,1.0,False,False,True,False,,left-arm orthodox,stock,length ball,middle stump,front foot,slog sweep,,,deep backward square leg,Shafali Verma,,,,template_structured,1,,False,False,False,False,False,False,False,False,False,
2,1817,South Africa Women,SA,3,15,NR Sree Charani,8,0,0,123/1,8.00,14.03,14.3,1,1,Sree Charani to Suné Luus,,"Sree Charani to Suné Luus. Left-arm orthodox stock length ball, off stump on the front foot slog-sweep to deep mid wicket for 1 run, fielded by Smriti Mandhana",e1b727f9-e019-49d9-a5dd-266e1c160e1c,235974,"South Africa Women v India Women at Durban, 2nd T20I, 19 Apr 2026",8973,India Women in South Africa,2026,"Kingsmead, Durban",Women's T20I,2026-04-19,26867.0,SE Luus,right,80095.0,NR Sree Charani,left,2295.0,India Women,left orthodox,5.0,spin,2026-04-19 14:46:27,,,,,,,,106567983.0,303.0,75.0,129.0,4.0,1.0,1.0,False,False,True,False,,left-arm orthodox,stock,length ball,off stump,front foot,slog sweep,,,deep mid wicket,Smriti Mandhana,,,,template_structured,1,,False,False,False,False,False,False,False,False,False,
2,1817,South Africa Women,SA,3,15,NR Sree Charani,8,0,0,123/1,8.00,14.04,14.4,0,0,Sree Charani to Tazmin Brits,,"Sree Charani to Tazmin Brits. Left-arm orthodox stock length ball, middle stump on the back foot pushed to bowler for no run, fielded by Sree Charani",e1b727f9-e019-49d9-a5dd-266e1c160e1c,235974,"South Africa Women v India Women at Durban, 2nd T20I, 19 Apr 2026",8973,India Women in South Africa,2026,"Kingsmead, Durban",Women's T20I,2026-04-19,,,,,,,,,,,,,,,,,,,,,,,,,,,False,False,False,False,,left-arm orthodox,stock,length ball,middle stump,back foot,push,,,bowler,Sree Charani,,,,template_structured,0,,False,False,False,False,False,False,False,False,True,
2,1817,South Africa Women,SA,3,15,NR Sree Charani,8,0,0,123/1,8.00,14.05,14.5,1,1,Sree Charani to Tazmin Brits,,"Sree Charani to Tazmin Brits. Left-arm orthodox stock length ball, middle stump on the front foot slog-sweep to deep mid wicket for 1 run, dropped by Smriti Mandhana",e1b727f9-e019-49d9-a5dd-266e1c160e1c,235974,"South Africa Women v India Women at Durban, 2nd T20I, 19 Apr 2026",8973,India Women in South Africa,2026,"Kingsmead, Durban",Women's T20I,2026-04-19,68067.0,T Brits,right,80095.0,NR Sree Charani,left,2295.0,India Women,left orthodox,5.0,spin,2026-04-19 14:47:12,,,,,,,,106567995.0,320.0,85.0,146.0,3.0,1.0,1.0,False,False,True,False,,left-arm orthodox,stock,length ball,middle stump,front foot,slog sweep,,,deep mid wicket,,,,,template_structured,1,,False,False,False,False,False,False,False,False,False,
2,1817,South Africa Women,SA,3,15,NR Sree Charani,8,0,0,123/1,8.00,14.06,14.6,1,1,Sree Charani to Suné Luus,,"Sree Charani to Suné Luus. Left-arm orthodox stock length ball, middle stump on the front foot driving to deep mid wicket for 1 run, fielded by Arundhati Reddy",e1b727f9-e019-49d9-a5dd-266e1c160e1c,235974,"South Africa Women v India Women at Durban, 2nd T20I, 19 Apr 2026",8973,India Women in South Africa,2026,"Kingsmead, Durban",Women's T20I,2026-04-19,26867.0,SE Luus,right,80095.0,NR Sree Charani,left,2295.0,India Women,left orthodox,5.0,spin,2026-04-19 14:47:44,,,,,,,,106568007.0,318.0,80.0,141.0,3.0,1.0,1.0,False,False,True,False,,left-arm orthodox,stock,length ball,middle stump,front foot,drive,,,deep mid wicket,Arundhati Reddy,,,,template_structured,1,,False,False,False,False,False,False,False,False,False,
2,1817,South Africa Women,SA,3,16,SR Patil,9,2,1,132/2,7.00,15.01,15.0,1,1ʷᵈ,Shreyanka Patil to Suné Luus,,"Wide. Shreyanka Patil to Suné Luus. Off break length ball, leg stump on the front foot flick to wicketkeeper for 1 wides, fielded by Richa Ghosh",e1b727f9-e019-49d9-a5dd-266e1c160e1c,235974,"South Africa Women v India Women at Durban, 2nd T20I, 19 Apr 2026",8973,India Women in South Africa,2026,"Kingsmead, Durban",Women's T20I,2026-04-19,,,,,,,,,,,,,,,,,,,,,,,,,,,False,False,False,False,,off break,,length ball,leg stump,front foot,flick,,,wicketkeeper,Richa Ghosh,,,,template_structured,1,wide,False,True,False,False,False,False,False,False,False,
2,1817,South Africa Women,SA,3,16,SR Patil,9,2,1,132/2,7.00,15.02,15.1,0,W,Shreyanka Patil to Suné Luus,,"OUT! Shreyanka Patil to Suné Luus. Off break length ball, off stump on the front foot sweep to fine leg for no run, caught by Kranti Gaud. Suné Luus Caught for 57.",e1b727f9-e019-49d9-a5dd-266e1c160e1c,235974,"South Africa Women v India Women at Durban, 2nd T20I, 19 Apr 2026",8973,India Women in South Africa,2026,"Kingsmead, Durban",Women's T20I,2026-04-19,,,,,,,,,,,,,,,,,,,,,,,,,,,False,False,False,True,,off break,,length ball,off stump,front foot,sweep,,,fine leg,Kranti Gaud,caught,caught by Kranti Gaud. Suné Luus,57,template_structured,0,,True,False,False,False,False,False,False,False,False,commentary
2,1817,South Africa Women,SA,3,16,SR Patil,9,2,1,132/2,7.00,15.03,15.1,1,1ʷᵈ,Shreyanka Patil to Annerie Dercksen,,"Wide. Shreyanka Patil to Annerie Dercksen. Off break length ball, leg stump on the back foot glancing to wicketkeeper for 1 wides, fielded by Richa Ghosh",e1b727f9-e019-49d9-a5dd-266e1c160e1c,235974,"South Africa Women v India Women at Durban, 2nd T20I, 19 Apr 2026",8973,India Women in South Africa,2026,"Kingsmead, Durban",Women's T20I,2026-04-19,,,,,,,,,,,,,,,,,,,,,,,,,,,False,False,False,False,,off break,,length ball,leg stump,back foot,,,,wicketkeeper,Richa Ghosh,,,,template_structured,1,wide,False,True,False,False,False,False,False,False,False,
2,1817,South Africa Women,SA,3,16,SR Patil,9,2,1,132/2,7.00,15.04,15.2,1,1,Shreyanka Patil to Annerie Dercksen,,"Shreyanka Patil to Annerie Dercksen. Off break length ball, middle stump on the back foot playing a backward defensive shot to short fine leg for 1 run, run out attempt: missed stumps by Sree Charani",e1b727f9-e019-49d9-a5dd-266e1c160e1c,235974,"South Africa Women v India Women at Durban, 2nd T20I, 19 Apr 2026",8973,India Women in South Africa,2026,"Kingsmead, Durban",Women's T20I,2026-04-19,79838.0,A Dercksen,right,80024.0,SR Patil,right,2295.0,India Women,off break,3.0,spin,2026-04-19 14:50:54,,,,,,,,106568078.0,61.0,30.0,51.0,1.0,1.0,1.0,False,False,True,False,,off break,,length ball,middle stump,back foot,backward defensive,,,short fine leg,,,,,template_structured,1,,False,False,False,False,False,False,False,False,False,
2,1817,South Africa Women,SA,3,16,SR Patil,9,2,1,132/2,7.00,15.05,15.3,4,4,Shreyanka Patil to Tazmin Brits,,"FOUR! Shreyanka Patil to Tazmin Brits. Off break full, off stump on the front foot driving well timed for 4 runs",e1b727f9-e019-49d9-a5dd-266e1c160e1c,235974,"South Africa Women v India Women at Durban, 2nd T20I, 19 Apr 2026",8973,India Women in South Africa,2026,"Kingsmead, Durban",Women's T20I,2026-04-19,68067.0,T Brits,right,80024.0,SR Patil,right,2295.0,India Women,off break,3.0,spin,2026-04-19 14:51:19,,,,,,,,106568082.0,248.0,100.0,179.0,5.0,4.0,4.0,False,False,True,False,,off break,,full,off stump,front foot,drive,,well timed,,,,,,template_structured,4,,False,False,False,False,False,False,True,False,False,
2,1817,South Africa Women,SA,3,16,SR Patil,9,2,1,132/2,7.00,15.06,15.4,1,1,Shreyanka Patil to Tazmin Brits,,"Shreyanka Patil to Tazmin Brits. Off break full, off stump on the front foot slog-sweep to long on for 1 run, dropped by Arundhati Reddy",e1b727f9-e019-49d9-a5dd-266e1c160e1c,235974,"South Africa Women v India Women at Durban, 2nd T20I, 19 Apr 2026",8973,India Women in South Africa,2026,"Kingsmead, Durban",Women's T20I,2026-04-19,68067.0,T Brits,right,80024.0,SR Patil,right,2295.0,India Women,off break,3.0,spin,2026-04-19 14:51:45,,,,,,,,106568092.0,292.0,85.0,157.0,4.0,1.0,1.0,False,False,True,False,,off break,,full,off stump,front foot,slog sweep,,,long on,,,,,template_structured,1,,False,False,False,False,False,False,False,False,False,
2,1817,South Africa Women,SA,3,16,SR Patil,9,2,1,132/2,7.00,15.07,15.5,0,0,Shreyanka Patil to Annerie Dercksen,,"Shreyanka Patil to Annerie Dercksen. Off break length ball, off stump on the back foot pushed to cover for no run, fielded by Smriti Mandhana",e1b727f9-e019-49d9-a5dd-266e1c160e1c,235974,"South Africa Women v India Women at Durban, 2nd T20I, 19 Apr 2026",8973,India Women in South Africa,2026,"Kingsmead, Durban",Women's T20I,2026-04-19,,,,,,,,,,,,,,,,,,,,,,,,,,,False,False,False,False,,off break,,length ball,off stump,back foot,push,,,cover,Smriti Mandhana,,,,template_structured,0,,False,False,False,False,False,False,False,False,True,
2,1817,South Africa Women,SA,3,16,SR Patil,9,2,1,132/2,7.00,15.08,15.6,1,1,Shreyanka Patil to Annerie Dercksen,,"Shreyanka Patil to Annerie Dercksen. Off break length ball, middle stump on the back foot worked to backward square leg for 1 run, fielded by Sree Charani",e1b727f9-e019-49d9-a5dd-266e1c160e1c,235974,"South Africa Women v India Women at Durban, 2nd T20I, 19 Apr 2026",8973,India Women in South Africa,2026,"Kingsmead, Durban",Women's T20I,2026-04-19,79838.0,A Dercksen,right,80024.0,SR Patil,right,2295.0,India Women,off break,3.0,spin,2026-04-19 14:52:35,,,,,,,,106568102.0,25.0,35.0,54.0,2.0,1.0,1.0,False,False,True,False,,off break,,length ball,middle stump,back foot,work,,,backward square leg,Sree Charani,,,,template_structured,1,,False,False,False,False,False,False,False,False,False,
2,1817,South Africa Women,SA,3,17,A Reddy,12,0,0,144/2,12.00,16.01,16.1,1,1,Arundhati Reddy to Annerie Dercksen,,"Arundhati Reddy to Annerie Dercksen. No movement length ball, middle stump on the front foot driving well timed to long on for 1 run, fielded by Smriti Mandhana",e1b727f9-e019-49d9-a5dd-266e1c160e1c,235974,"South Africa Women v India Women at Durban, 2nd T20I, 19 Apr 2026",8973,India Women in South Africa,2026,"Kingsmead, Durban",Women's T20I,2026-04-19,79838.0,A Dercksen,right,68580.0,A Reddy,right,2295.0,India Women,right pace,2.0,pace,2026-04-19 14:53:31,,,,,,,,106568117.0,278.0,85.0,156.0,4.0,1.0,1.0,False,False,True,False,,no movement,,length ball,middle stump,front foot,drive,,well timed,long on,Smriti Mandhana,,,,template_structured,1,,False,False,False,False,False,False,False,False,False,
2,1817,South Africa Women,SA,3,17,A Reddy,12,0,0,144/2,12.00,16.02,16.2,1,1,Arundhati Reddy to Tazmin Brits,,"Arundhati Reddy to Tazmin Brits. Slower ball back of a length, middle stump on the front foot driving to bowler for 1 run, fielded by Arundhati Reddy",e1b727f9-e019-49d9-a5dd-266e1c160e1c,235974,"South Africa Women v India Women at Durban, 2nd T20I, 19 Apr 2026",8973,India Women in South Africa,2026,"Kingsmead, Durban",Women's T20I,2026-04-19,,,,,,,,,,,,,,,,,,,,,,,,,,,False,False,False,False,,slower ball,,back of a length,middle stump,front foot,drive,,,bowler,Arundhati Reddy,,,,template_structured,1,,False,False,False,False,False,False,False,False,False,
2,1817,South Africa Women,SA,3,17,A Reddy,12,0,0,144/2,12.00,16.03,16.3,4,4,Arundhati Reddy to Annerie Dercksen,,"FOUR! Arundhati Reddy to Annerie Dercksen. No movement back of a length, off stump on the front foot driving for 4 runs",e1b727f9-e019-49d9-a5dd-266e1c160e1c,235974,"South Africa Women v India Women at Durban, 2nd T20I, 19 Apr 2026",8973,India Women in South Africa,2026,"Kingsmead, Durban",Women's T20I,2026-04-19,79838.0,A Dercksen,right,68580.0,A Reddy,right,2295.0,India Women,right pace,2.0,pace,2026-04-19 14:54:58,,,,,,,,106568139.0,133.0,100.0,163.0,8.0,4.0,4.0,False,False,True,False,,no movement,,back of a length,off stump,front foot,drive,,,,,,,,template_structured,4,,False,False,False,False,False,False,True,False,False,
2,1817,South Africa Women,SA,3,17,A Reddy,12,0,0,144/2,12.00,16.04,16.4,1,1,Arundhati Reddy to Annerie Dercksen,,"Arundhati Reddy to Annerie Dercksen. No movement length ball, off stump on the front foot driving well timed to deep extra cover for 1 run, fielded by Anushka Sharma",e1b727f9-e019-49d9-a5dd-266e1c160e1c,235974,"South Africa Women v India Women at Durban, 2nd T20I, 19 Apr 2026",8973,India Women in South Africa,2026,"Kingsmead, Durban",Women's T20I,2026-04-19,79838.0,A Dercksen,right,68580.0,A Reddy,right,2295.0,India Women,right pace,2.0,pace,2026-04-19 14:55:19,,,,,,,,106568146.0,239.0,80.0,143.0,5.0,1.0,1.0,False,False,True,False,,no movement,,length ball,off stump,front foot,drive,,well timed,deep extra cover,Anushka Sharma,,,,template_structured,1,,False,False,False,False,False,False,False,False,False,
2,1817,South Africa Women,SA,3,17,A Reddy,12,0,0,144/2,12.00,16.05,16.5,1,1,Arundhati Reddy to Tazmin Brits,,"Arundhati Reddy to Tazmin Brits. No movement back of a length, off stump on the front foot driving to long off for 1 run, fielded by Anushka Sharma",e1b727f9-e019-49d9-a5dd-266e1c160e1c,235974,"South Africa Women v India Women at Durban, 2nd T20I, 19 Apr 2026",8973,India Women in South Africa,2026,"Kingsmead, Durban",Women's T20I,2026-04-19,68067.0,T Brits,right,68580.0,A Reddy,right,2295.0,India Women,right pace,2.0,pace,2026-04-19 14:55:49,,,,,,,,106568158.0,255.0,80.0,142.0,5.0,1.0,1.0,False,False,True,False,,no movement,,back of a length,off stump,front foot,drive,,,long off,Anushka Sharma,,,,template_structured,1,,False,False,False,False,False,False,False,False,False,
2,1817,South Africa Women,SA,3,17,A Reddy,12,0,0,144/2,12.00,16.06,16.6,4,4,Arundhati Reddy to Annerie Dercksen,,"FOUR! Arundhati Reddy to Annerie Dercksen. No movement back of a length, leg stump on the back foot glancing well timed for 4 runs",e1b727f9-e019-49d9-a5dd-266e1c160e1c,235974,"South Africa Women v India Women at Durban, 2nd T20I, 19 Apr 2026",8973,India Women in South Africa,2026,"Kingsmead, Durban",Women's T20I,2026-04-19,79838.0,A Dercksen,right,68580.0,A Reddy,right,2295.0,India Women,right pace,2.0,pace,2026-04-19 14:56:36,,,,,,,,106568184.0,82.0,100.0,160.0,1.0,4.0,4.0,False,False,True,False,,no movement,,back of a length,leg stump,back foot,,,well timed,,,,,,template_structured,4,,False,False,False,False,False,False,True,False,False,
2,1817,South Africa Women,SA,3,18,AB Sharma,4,0,0,148/2,24.00,17.01,17.1,4,4,Anushka Sharma to Tazmin Brits,,,e1b727f9-e019-49d9-a5dd-266e1c160e1c,235974,"South Africa Women v India Women at Durban, 2nd T20I, 19 Apr 2026",8973,India Women in South Africa,2026,"Kingsmead, Durban",Women's T20I,2026-04-19,68067.0,T Brits,right,80168.0,AB Sharma,right,2295.0,India Women,off break,3.0,spin,2026-04-19 14:58:00,,,,,,,,106568220.0,207.0,100.0,175.0,6.0,4.0,4.0,False,False,True,False,,,,,,,,,,,,,,,none,4,,False,False,False,False,False,False,True,False,False,
