innings_number,batting_team_id,batting_team_name,batting_team_abbreviation,innings_closure_id,over_number,over_bowler_name,runs_off_over,extras_off_over,wickets_off_over,team_score,run_rate,overs_unique,display_overs,runs,scoring,ball_summary_text,ball_pre_text,commentary,gid,match_id,match_name,comp_id,comp_name,comp_season,ground_name,class_name,start_date,batting_player_id,batting_player_name,batting_player_hand,bowling_player_id,bowling_player_name,bowling_player_hand,bowling_team_id,bowling_team_name,bowling_technique,bowling_type_id,bowling_type_simple,datetime_utc,bounce_position_x,bounce_position_y,length_zone,stumps_position_y,stumps_position_z,grid_x,grid_y,ball_id,field_direction,field_distance_percent,field_magnitude,field_zone,runs_off_bat,runs_conceded,has_pitchmap,has_beehive,has_wagon,in_catch_map,bowler_arm,delivery_type,delivery_variation,length,line,footwork,shot_type,shot_trajectory,shot_control,field_position,fielder_name,dismissal_type,dismissed_batter,dismissal_score,parse_method,runs_scored,extras_type,is_wicket,is_wide,is_no_ball,is_bye,is_leg_bye,is_penalty,is_boundary_four,is_boundary_six,is_dot,dismissal_source
1,2955,Sri Lanka Under-19s Women,SRI,1,1,AA Tagde,4,0,0,4/0,4.00,0.01,0.1,0,0,Anaadi Tagde to Sanjana Kavindi,,Anaadi Tagde to Sanjana Kavindi. No run,82f1cc7c-5d46-40fc-b825-b034f242cb8c,239668,"India Under-19s Women v Sri Lanka U19 Women at Puducherry, 3rd ODI, 5 Jul 2026",9219,Sri Lanka Under-19s Women in India,2026,"Cricket Association Puducherry Siechem Ground, Puducherry",Women's youth one-day,2026-07-05,,,,,,,,,,,,,,,,,,,,,,,,,,,False,False,False,False,,,,,,,,,,,,,,,minimal,0,,False,False,False,False,False,False,False,False,True,
1,2955,Sri Lanka Under-19s Women,SRI,1,1,AA Tagde,4,0,0,4/0,4.00,0.02,0.2,0,0,Anaadi Tagde to Sanjana Kavindi,,Anaadi Tagde to Sanjana Kavindi. No run,82f1cc7c-5d46-40fc-b825-b034f242cb8c,239668,"India Under-19s Women v Sri Lanka U19 Women at Puducherry, 3rd ODI, 5 Jul 2026",9219,Sri Lanka Under-19s Women in India,2026,"Cricket Association Puducherry Siechem Ground, Puducherry",Women's youth one-day,2026-07-05,,,,,,,,,,,,,,,,,,,,,,,,,,,False,False,False,False,,,,,,,,,,,,,,,minimal,0,,False,False,False,False,False,False,False,False,True,
1,2955,Sri Lanka Under-19s Women,SRI,1,1,AA Tagde,4,0,0,4/0,4.00,0.03,0.3,0,0,Anaadi Tagde to Sanjana Kavindi,,Anaadi Tagde to Sanjana Kavindi. No run,82f1cc7c-5d46-40fc-b825-b034f242cb8c,239668,"India Under-19s Women v Sri Lanka U19 Women at Puducherry, 3rd ODI, 5 Jul 2026",9219,Sri Lanka Under-19s Women in India,2026,"Cricket Association Puducherry Siechem Ground, Puducherry",Women's youth one-day,2026-07-05,,,,,,,,,,,,,,,,,,,,,,,,,,,False,False,False,False,,,,,,,,,,,,,,,minimal,0,,False,False,False,False,False,False,False,False,True,
1,2955,Sri Lanka Under-19s Women,SRI,1,1,AA Tagde,4,0,0,4/0,4.00,0.04,0.4,4,4,Anaadi Tagde to Sanjana Kavindi,,FOUR! Anaadi Tagde to Sanjana Kavindi. 4 runs,82f1cc7c-5d46-40fc-b825-b034f242cb8c,239668,"India Under-19s Women v Sri Lanka U19 Women at Puducherry, 3rd ODI, 5 Jul 2026",9219,Sri Lanka Under-19s Women in India,2026,"Cricket Association Puducherry Siechem Ground, Puducherry",Women's youth one-day,2026-07-05,,,,,,,,,,,,,,,,,,,,,,,,,,,False,False,False,False,,,,,,,,,,,,,,,minimal,4,,False,False,False,False,False,False,True,False,False,
1,2955,Sri Lanka Under-19s Women,SRI,1,1,AA Tagde,4,0,0,4/0,4.00,0.05,0.5,0,0,Anaadi Tagde to Sanjana Kavindi,,Anaadi Tagde to Sanjana Kavindi. No run,82f1cc7c-5d46-40fc-b825-b034f242cb8c,239668,"India Under-19s Women v Sri Lanka U19 Women at Puducherry, 3rd ODI, 5 Jul 2026",9219,Sri Lanka Under-19s Women in India,2026,"Cricket Association Puducherry Siechem Ground, Puducherry",Women's youth one-day,2026-07-05,,,,,,,,,,,,,,,,,,,,,,,,,,,False,False,False,False,,,,,,,,,,,,,,,minimal,0,,False,False,False,False,False,False,False,False,True,
1,2955,Sri Lanka Under-19s Women,SRI,1,1,AA Tagde,4,0,0,4/0,4.00,0.06,0.6,0,0,Anaadi Tagde to Sanjana Kavindi,,Anaadi Tagde to Sanjana Kavindi. No run,82f1cc7c-5d46-40fc-b825-b034f242cb8c,239668,"India Under-19s Women v Sri Lanka U19 Women at Puducherry, 3rd ODI, 5 Jul 2026",9219,Sri Lanka Under-19s Women in India,2026,"Cricket Association Puducherry Siechem Ground, Puducherry",Women's youth one-day,2026-07-05,,,,,,,,,,,,,,,,,,,,,,,,,,,False,False,False,False,,,,,,,,,,,,,,,minimal,0,,False,False,False,False,False,False,False,False,True,
1,2955,Sri Lanka Under-19s Women,SRI,1,2,JJ Virkar,3,0,1,7/1,3.00,1.01,1.1,0,0,Janhavi Virkar to Vimoksha Balasuriya,,Janhavi Virkar to Vimoksha Balasuriya. No run,82f1cc7c-5d46-40fc-b825-b034f242cb8c,239668,"India Under-19s Women v Sri Lanka U19 Women at Puducherry, 3rd ODI, 5 Jul 2026",9219,Sri Lanka Under-19s Women in India,2026,"Cricket Association Puducherry Siechem Ground, Puducherry",Women's youth one-day,2026-07-05,,,,,,,,,,,,,,,,,,,,,,,,,,,False,False,False,False,,,,,,,,,,,,,,,minimal,0,,False,False,False,False,False,False,False,False,True,
1,2955,Sri Lanka Under-19s Women,SRI,1,2,JJ Virkar,3,0,1,7/1,3.00,1.02,1.2,1,1,Janhavi Virkar to Vimoksha Balasuriya,,Janhavi Virkar to Vimoksha Balasuriya. 1 run,82f1cc7c-5d46-40fc-b825-b034f242cb8c,239668,"India Under-19s Women v Sri Lanka U19 Women at Puducherry, 3rd ODI, 5 Jul 2026",9219,Sri Lanka Under-19s Women in India,2026,"Cricket Association Puducherry Siechem Ground, Puducherry",Women's youth one-day,2026-07-05,,,,,,,,,,,,,,,,,,,,,,,,,,,False,False,False,False,,,,,,,,,,,,,,,minimal,1,,False,False,False,False,False,False,False,False,False,
1,2955,Sri Lanka Under-19s Women,SRI,1,2,JJ Virkar,3,0,1,7/1,3.00,1.03,1.3,0,W,Janhavi Virkar to Sanjana Kavindi,,OUT! Janhavi Virkar to Sanjana Kavindi. No run,82f1cc7c-5d46-40fc-b825-b034f242cb8c,239668,"India Under-19s Women v Sri Lanka U19 Women at Puducherry, 3rd ODI, 5 Jul 2026",9219,Sri Lanka Under-19s Women in India,2026,"Cricket Association Puducherry Siechem Ground, Puducherry",Women's youth one-day,2026-07-05,,,,,,,,,,,,,,,,,,,,,,,,,,,False,False,False,False,,,,,,,,,,,,,,,minimal,0,,True,False,False,False,False,False,False,False,False,
1,2955,Sri Lanka Under-19s Women,SRI,1,2,JJ Virkar,3,0,1,7/1,3.00,1.04,1.4,2,2,Janhavi Virkar to Limansa Thilakaratne,,Janhavi Virkar to Limansa Thilakaratne. 2 runs,82f1cc7c-5d46-40fc-b825-b034f242cb8c,239668,"India Under-19s Women v Sri Lanka U19 Women at Puducherry, 3rd ODI, 5 Jul 2026",9219,Sri Lanka Under-19s Women in India,2026,"Cricket Association Puducherry Siechem Ground, Puducherry",Women's youth one-day,2026-07-05,,,,,,,,,,,,,,,,,,,,,,,,,,,False,False,False,False,,,,,,,,,,,,,,,minimal,2,,False,False,False,False,False,False,False,False,False,
1,2955,Sri Lanka Under-19s Women,SRI,1,2,JJ Virkar,3,0,1,7/1,3.00,1.05,1.5,0,0,Janhavi Virkar to Limansa Thilakaratne,,Janhavi Virkar to Limansa Thilakaratne. No run,82f1cc7c-5d46-40fc-b825-b034f242cb8c,239668,"India Under-19s Women v Sri Lanka U19 Women at Puducherry, 3rd ODI, 5 Jul 2026",9219,Sri Lanka Under-19s Women in India,2026,"Cricket Association Puducherry Siechem Ground, Puducherry",Women's youth one-day,2026-07-05,,,,,,,,,,,,,,,,,,,,,,,,,,,False,False,False,False,,,,,,,,,,,,,,,minimal,0,,False,False,False,False,False,False,False,False,True,
1,2955,Sri Lanka Under-19s Women,SRI,1,2,JJ Virkar,3,0,1,7/1,3.00,1.06,1.6,0,0,Janhavi Virkar to Limansa Thilakaratne,,Janhavi Virkar to Limansa Thilakaratne. No run,82f1cc7c-5d46-40fc-b825-b034f242cb8c,239668,"India Under-19s Women v Sri Lanka U19 Women at Puducherry, 3rd ODI, 5 Jul 2026",9219,Sri Lanka Under-19s Women in India,2026,"Cricket Association Puducherry Siechem Ground, Puducherry",Women's youth one-day,2026-07-05,,,,,,,,,,,,,,,,,,,,,,,,,,,False,False,False,False,,,,,,,,,,,,,,,minimal,0,,False,False,False,False,False,False,False,False,True,
1,2955,Sri Lanka Under-19s Women,SRI,1,3,AA Tagde,9,0,0,16/1,9.00,2.01,2.1,0,0,Anaadi Tagde to Vimoksha Balasuriya,,Anaadi Tagde to Vimoksha Balasuriya. No run,82f1cc7c-5d46-40fc-b825-b034f242cb8c,239668,"India Under-19s Women v Sri Lanka U19 Women at Puducherry, 3rd ODI, 5 Jul 2026",9219,Sri Lanka Under-19s Women in India,2026,"Cricket Association Puducherry Siechem Ground, Puducherry",Women's youth one-day,2026-07-05,,,,,,,,,,,,,,,,,,,,,,,,,,,False,False,False,False,,,,,,,,,,,,,,,minimal,0,,False,False,False,False,False,False,False,False,True,
1,2955,Sri Lanka Under-19s Women,SRI,1,3,AA Tagde,9,0,0,16/1,9.00,2.02,2.2,4,4,Anaadi Tagde to Vimoksha Balasuriya,,FOUR! Anaadi Tagde to Vimoksha Balasuriya. 4 runs,82f1cc7c-5d46-40fc-b825-b034f242cb8c,239668,"India Under-19s Women v Sri Lanka U19 Women at Puducherry, 3rd ODI, 5 Jul 2026",9219,Sri Lanka Under-19s Women in India,2026,"Cricket Association Puducherry Siechem Ground, Puducherry",Women's youth one-day,2026-07-05,,,,,,,,,,,,,,,,,,,,,,,,,,,False,False,False,False,,,,,,,,,,,,,,,minimal,4,,False,False,False,False,False,False,True,False,False,
1,2955,Sri Lanka Under-19s Women,SRI,1,3,AA Tagde,9,0,0,16/1,9.00,2.03,2.3,4,4,Anaadi Tagde to Vimoksha Balasuriya,,FOUR! Anaadi Tagde to Vimoksha Balasuriya. 4 runs,82f1cc7c-5d46-40fc-b825-b034f242cb8c,239668,"India Under-19s Women v Sri Lanka U19 Women at Puducherry, 3rd ODI, 5 Jul 2026",9219,Sri Lanka Under-19s Women in India,2026,"Cricket Association Puducherry Siechem Ground, Puducherry",Women's youth one-day,2026-07-05,,,,,,,,,,,,,,,,,,,,,,,,,,,False,False,False,False,,,,,,,,,,,,,,,minimal,4,,False,False,False,False,False,False,True,False,False,
1,2955,Sri Lanka Under-19s Women,SRI,1,3,AA Tagde,9,0,0,16/1,9.00,2.04,2.4,0,0,Anaadi Tagde to Vimoksha Balasuriya,,Anaadi Tagde to Vimoksha Balasuriya. No run,82f1cc7c-5d46-40fc-b825-b034f242cb8c,239668,"India Under-19s Women v Sri Lanka U19 Women at Puducherry, 3rd ODI, 5 Jul 2026",9219,Sri Lanka Under-19s Women in India,2026,"Cricket Association Puducherry Siechem Ground, Puducherry",Women's youth one-day,2026-07-05,,,,,,,,,,,,,,,,,,,,,,,,,,,False,False,False,False,,,,,,,,,,,,,,,minimal,0,,False,False,False,False,False,False,False,False,True,
1,2955,Sri Lanka Under-19s Women,SRI,1,3,AA Tagde,9,0,0,16/1,9.00,2.05,2.5,0,0,Anaadi Tagde to Vimoksha Balasuriya,,Anaadi Tagde to Vimoksha Balasuriya. No run,82f1cc7c-5d46-40fc-b825-b034f242cb8c,239668,"India Under-19s Women v Sri Lanka U19 Women at Puducherry, 3rd ODI, 5 Jul 2026",9219,Sri Lanka Under-19s Women in India,2026,"Cricket Association Puducherry Siechem Ground, Puducherry",Women's youth one-day,2026-07-05,,,,,,,,,,,,,,,,,,,,,,,,,,,False,False,False,False,,,,,,,,,,,,,,,minimal,0,,False,False,False,False,False,False,False,False,True,
1,2955,Sri Lanka Under-19s Women,SRI,1,3,AA Tagde,9,0,0,16/1,9.00,2.06,2.6,1,1,Anaadi Tagde to Vimoksha Balasuriya,,Anaadi Tagde to Vimoksha Balasuriya. 1 run,82f1cc7c-5d46-40fc-b825-b034f242cb8c,239668,"India Under-19s Women v Sri Lanka U19 Women at Puducherry, 3rd ODI, 5 Jul 2026",9219,Sri Lanka Under-19s Women in India,2026,"Cricket Association Puducherry Siechem Ground, Puducherry",Women's youth one-day,2026-07-05,,,,,,,,,,,,,,,,,,,,,,,,,,,False,False,False,False,,,,,,,,,,,,,,,minimal,1,,False,False,False,False,False,False,False,False,False,
1,2955,Sri Lanka Under-19s Women,SRI,1,4,JJ Virkar,8,0,0,24/1,8.00,3.01,3.1,4,4,Janhavi Virkar to Vimoksha Balasuriya,,FOUR! Janhavi Virkar to Vimoksha Balasuriya. 4 runs,82f1cc7c-5d46-40fc-b825-b034f242cb8c,239668,"India Under-19s Women v Sri Lanka U19 Women at Puducherry, 3rd ODI, 5 Jul 2026",9219,Sri Lanka Under-19s Women in India,2026,"Cricket Association Puducherry Siechem Ground, Puducherry",Women's youth one-day,2026-07-05,,,,,,,,,,,,,,,,,,,,,,,,,,,False,False,False,False,,,,,,,,,,,,,,,minimal,4,,False,False,False,False,False,False,True,False,False,
1,2955,Sri Lanka Under-19s Women,SRI,1,4,JJ Virkar,8,0,0,24/1,8.00,3.02,3.2,0,0,Janhavi Virkar to Vimoksha Balasuriya,,Janhavi Virkar to Vimoksha Balasuriya. No run,82f1cc7c-5d46-40fc-b825-b034f242cb8c,239668,"India Under-19s Women v Sri Lanka U19 Women at Puducherry, 3rd ODI, 5 Jul 2026",9219,Sri Lanka Under-19s Women in India,2026,"Cricket Association Puducherry Siechem Ground, Puducherry",Women's youth one-day,2026-07-05,,,,,,,,,,,,,,,,,,,,,,,,,,,False,False,False,False,,,,,,,,,,,,,,,minimal,0,,False,False,False,False,False,False,False,False,True,
1,2955,Sri Lanka Under-19s Women,SRI,1,4,JJ Virkar,8,0,0,24/1,8.00,3.03,3.3,1,1,Janhavi Virkar to Vimoksha Balasuriya,,Janhavi Virkar to Vimoksha Balasuriya. 1 run,82f1cc7c-5d46-40fc-b825-b034f242cb8c,239668,"India Under-19s Women v Sri Lanka U19 Women at Puducherry, 3rd ODI, 5 Jul 2026",9219,Sri Lanka Under-19s Women in India,2026,"Cricket Association Puducherry Siechem Ground, Puducherry",Women's youth one-day,2026-07-05,,,,,,,,,,,,,,,,,,,,,,,,,,,False,False,False,False,,,,,,,,,,,,,,,minimal,1,,False,False,False,False,False,False,False,False,False,
1,2955,Sri Lanka Under-19s Women,SRI,1,4,JJ Virkar,8,0,0,24/1,8.00,3.04,3.4,2,2,Janhavi Virkar to Limansa Thilakaratne,,Janhavi Virkar to Limansa Thilakaratne. 2 runs,82f1cc7c-5d46-40fc-b825-b034f242cb8c,239668,"India Under-19s Women v Sri Lanka U19 Women at Puducherry, 3rd ODI, 5 Jul 2026",9219,Sri Lanka Under-19s Women in India,2026,"Cricket Association Puducherry Siechem Ground, Puducherry",Women's youth one-day,2026-07-05,,,,,,,,,,,,,,,,,,,,,,,,,,,False,False,False,False,,,,,,,,,,,,,,,minimal,2,,False,False,False,False,False,False,False,False,False,
1,2955,Sri Lanka Under-19s Women,SRI,1,4,JJ Virkar,8,0,0,24/1,8.00,3.05,3.5,0,0,Janhavi Virkar to Limansa Thilakaratne,,Janhavi Virkar to Limansa Thilakaratne. No run,82f1cc7c-5d46-40fc-b825-b034f242cb8c,239668,"India Under-19s Women v Sri Lanka U19 Women at Puducherry, 3rd ODI, 5 Jul 2026",9219,Sri Lanka Under-19s Women in India,2026,"Cricket Association Puducherry Siechem Ground, Puducherry",Women's youth one-day,2026-07-05,,,,,,,,,,,,,,,,,,,,,,,,,,,False,False,False,False,,,,,,,,,,,,,,,minimal,0,,False,False,False,False,False,False,False,False,True,
1,2955,Sri Lanka Under-19s Women,SRI,1,4,JJ Virkar,8,0,0,24/1,8.00,3.06,3.6,1,1,Janhavi Virkar to Limansa Thilakaratne,,Janhavi Virkar to Limansa Thilakaratne. 1 run,82f1cc7c-5d46-40fc-b825-b034f242cb8c,239668,"India Under-19s Women v Sri Lanka U19 Women at Puducherry, 3rd ODI, 5 Jul 2026",9219,Sri Lanka Under-19s Women in India,2026,"Cricket Association Puducherry Siechem Ground, Puducherry",Women's youth one-day,2026-07-05,,,,,,,,,,,,,,,,,,,,,,,,,,,False,False,False,False,,,,,,,,,,,,,,,minimal,1,,False,False,False,False,False,False,False,False,False,
1,2955,Sri Lanka Under-19s Women,SRI,1,5,AA Tagde,6,0,0,30/1,6.00,4.01,4.1,4,4,Anaadi Tagde to Limansa Thilakaratne,,FOUR! Anaadi Tagde to Limansa Thilakaratne. 4 runs,82f1cc7c-5d46-40fc-b825-b034f242cb8c,239668,"India Under-19s Women v Sri Lanka U19 Women at Puducherry, 3rd ODI, 5 Jul 2026",9219,Sri Lanka Under-19s Women in India,2026,"Cricket Association Puducherry Siechem Ground, Puducherry",Women's youth one-day,2026-07-05,,,,,,,,,,,,,,,,,,,,,,,,,,,False,False,False,False,,,,,,,,,,,,,,,minimal,4,,False,False,False,False,False,False,True,False,False,
1,2955,Sri Lanka Under-19s Women,SRI,1,5,AA Tagde,6,0,0,30/1,6.00,4.02,4.2,1,1,Anaadi Tagde to Limansa Thilakaratne,,Anaadi Tagde to Limansa Thilakaratne. 1 run,82f1cc7c-5d46-40fc-b825-b034f242cb8c,239668,"India Under-19s Women v Sri Lanka U19 Women at Puducherry, 3rd ODI, 5 Jul 2026",9219,Sri Lanka Under-19s Women in India,2026,"Cricket Association Puducherry Siechem Ground, Puducherry",Women's youth one-day,2026-07-05,,,,,,,,,,,,,,,,,,,,,,,,,,,False,False,False,False,,,,,,,,,,,,,,,minimal,1,,False,False,False,False,False,False,False,False,False,
1,2955,Sri Lanka Under-19s Women,SRI,1,5,AA Tagde,6,0,0,30/1,6.00,4.03,4.3,1,1,Anaadi Tagde to Vimoksha Balasuriya,,Anaadi Tagde to Vimoksha Balasuriya. 1 run,82f1cc7c-5d46-40fc-b825-b034f242cb8c,239668,"India Under-19s Women v Sri Lanka U19 Women at Puducherry, 3rd ODI, 5 Jul 2026",9219,Sri Lanka Under-19s Women in India,2026,"Cricket Association Puducherry Siechem Ground, Puducherry",Women's youth one-day,2026-07-05,,,,,,,,,,,,,,,,,,,,,,,,,,,False,False,False,False,,,,,,,,,,,,,,,minimal,1,,False,False,False,False,False,False,False,False,False,
1,2955,Sri Lanka Under-19s Women,SRI,1,5,AA Tagde,6,0,0,30/1,6.00,4.04,4.4,0,0,Anaadi Tagde to Limansa Thilakaratne,,Anaadi Tagde to Limansa Thilakaratne. No run,82f1cc7c-5d46-40fc-b825-b034f242cb8c,239668,"India Under-19s Women v Sri Lanka U19 Women at Puducherry, 3rd ODI, 5 Jul 2026",9219,Sri Lanka Under-19s Women in India,2026,"Cricket Association Puducherry Siechem Ground, Puducherry",Women's youth one-day,2026-07-05,,,,,,,,,,,,,,,,,,,,,,,,,,,False,False,False,False,,,,,,,,,,,,,,,minimal,0,,False,False,False,False,False,False,False,False,True,
1,2955,Sri Lanka Under-19s Women,SRI,1,5,AA Tagde,6,0,0,30/1,6.00,4.05,4.5,0,0,Anaadi Tagde to Limansa Thilakaratne,,Anaadi Tagde to Limansa Thilakaratne. No run,82f1cc7c-5d46-40fc-b825-b034f242cb8c,239668,"India Under-19s Women v Sri Lanka U19 Women at Puducherry, 3rd ODI, 5 Jul 2026",9219,Sri Lanka Under-19s Women in India,2026,"Cricket Association Puducherry Siechem Ground, Puducherry",Women's youth one-day,2026-07-05,,,,,,,,,,,,,,,,,,,,,,,,,,,False,False,False,False,,,,,,,,,,,,,,,minimal,0,,False,False,False,False,False,False,False,False,True,
1,2955,Sri Lanka Under-19s Women,SRI,1,5,AA Tagde,6,0,0,30/1,6.00,4.06,4.6,0,0,Anaadi Tagde to Limansa Thilakaratne,,Anaadi Tagde to Limansa Thilakaratne. No run,82f1cc7c-5d46-40fc-b825-b034f242cb8c,239668,"India Under-19s Women v Sri Lanka U19 Women at Puducherry, 3rd ODI, 5 Jul 2026",9219,Sri Lanka Under-19s Women in India,2026,"Cricket Association Puducherry Siechem Ground, Puducherry",Women's youth one-day,2026-07-05,,,,,,,,,,,,,,,,,,,,,,,,,,,False,False,False,False,,,,,,,,,,,,,,,minimal,0,,False,False,False,False,False,False,False,False,True,
1,2955,Sri Lanka Under-19s Women,SRI,1,6,JJ Virkar,7,1,0,37/1,6.00,5.01,5.1,0,0,Janhavi Virkar to Vimoksha Balasuriya,,Janhavi Virkar to Vimoksha Balasuriya. No run,82f1cc7c-5d46-40fc-b825-b034f242cb8c,239668,"India Under-19s Women v Sri Lanka U19 Women at Puducherry, 3rd ODI, 5 Jul 2026",9219,Sri Lanka Under-19s Women in India,2026,"Cricket Association Puducherry Siechem Ground, Puducherry",Women's youth one-day,2026-07-05,,,,,,,,,,,,,,,,,,,,,,,,,,,False,False,False,False,,,,,,,,,,,,,,,minimal,0,,False,False,False,False,False,False,False,False,True,
1,2955,Sri Lanka Under-19s Women,SRI,1,6,JJ Virkar,7,1,0,37/1,6.00,5.02,5.2,4,4,Janhavi Virkar to Vimoksha Balasuriya,,FOUR! Janhavi Virkar to Vimoksha Balasuriya. 4 runs,82f1cc7c-5d46-40fc-b825-b034f242cb8c,239668,"India Under-19s Women v Sri Lanka U19 Women at Puducherry, 3rd ODI, 5 Jul 2026",9219,Sri Lanka Under-19s Women in India,2026,"Cricket Association Puducherry Siechem Ground, Puducherry",Women's youth one-day,2026-07-05,,,,,,,,,,,,,,,,,,,,,,,,,,,False,False,False,False,,,,,,,,,,,,,,,minimal,4,,False,False,False,False,False,False,True,False,False,
1,2955,Sri Lanka Under-19s Women,SRI,1,6,JJ Virkar,7,1,0,37/1,6.00,5.03,5.3,1,1,Janhavi Virkar to Vimoksha Balasuriya,,Janhavi Virkar to Vimoksha Balasuriya. 1 run,82f1cc7c-5d46-40fc-b825-b034f242cb8c,239668,"India Under-19s Women v Sri Lanka U19 Women at Puducherry, 3rd ODI, 5 Jul 2026",9219,Sri Lanka Under-19s Women in India,2026,"Cricket Association Puducherry Siechem Ground, Puducherry",Women's youth one-day,2026-07-05,,,,,,,,,,,,,,,,,,,,,,,,,,,False,False,False,False,,,,,,,,,,,,,,,minimal,1,,False,False,False,False,False,False,False,False,False,
1,2955,Sri Lanka Under-19s Women,SRI,1,6,JJ Virkar,7,1,0,37/1,6.00,5.04,5.3,1,1ʷᵈ,Janhavi Virkar to Limansa Thilakaratne,,Wide. Janhavi Virkar to Limansa Thilakaratne. 1 wides,82f1cc7c-5d46-40fc-b825-b034f242cb8c,239668,"India Under-19s Women v Sri Lanka U19 Women at Puducherry, 3rd ODI, 5 Jul 2026",9219,Sri Lanka Under-19s Women in India,2026,"Cricket Association Puducherry Siechem Ground, Puducherry",Women's youth one-day,2026-07-05,,,,,,,,,,,,,,,,,,,,,,,,,,,False,False,False,False,,,,,,,,,,,,,,,minimal,1,wide,False,True,False,False,False,False,False,False,False,
1,2955,Sri Lanka Under-19s Women,SRI,1,6,JJ Virkar,7,1,0,37/1,6.00,5.05,5.4,0,0,Janhavi Virkar to Limansa Thilakaratne,,Janhavi Virkar to Limansa Thilakaratne. No run,82f1cc7c-5d46-40fc-b825-b034f242cb8c,239668,"India Under-19s Women v Sri Lanka U19 Women at Puducherry, 3rd ODI, 5 Jul 2026",9219,Sri Lanka Under-19s Women in India,2026,"Cricket Association Puducherry Siechem Ground, Puducherry",Women's youth one-day,2026-07-05,,,,,,,,,,,,,,,,,,,,,,,,,,,False,False,False,False,,,,,,,,,,,,,,,minimal,0,,False,False,False,False,False,False,False,False,True,
1,2955,Sri Lanka Under-19s Women,SRI,1,6,JJ Virkar,7,1,0,37/1,6.00,5.06,5.5,1,1,Janhavi Virkar to Limansa Thilakaratne,,Janhavi Virkar to Limansa Thilakaratne. 1 run,82f1cc7c-5d46-40fc-b825-b034f242cb8c,239668,"India Under-19s Women v Sri Lanka U19 Women at Puducherry, 3rd ODI, 5 Jul 2026",9219,Sri Lanka Under-19s Women in India,2026,"Cricket Association Puducherry Siechem Ground, Puducherry",Women's youth one-day,2026-07-05,,,,,,,,,,,,,,,,,,,,,,,,,,,False,False,False,False,,,,,,,,,,,,,,,minimal,1,,False,False,False,False,False,False,False,False,False,
1,2955,Sri Lanka Under-19s Women,SRI,1,6,JJ Virkar,7,1,0,37/1,6.00,5.07,5.6,0,0,Janhavi Virkar to Vimoksha Balasuriya,,Janhavi Virkar to Vimoksha Balasuriya. No run,82f1cc7c-5d46-40fc-b825-b034f242cb8c,239668,"India Under-19s Women v Sri Lanka U19 Women at Puducherry, 3rd ODI, 5 Jul 2026",9219,Sri Lanka Under-19s Women in India,2026,"Cricket Association Puducherry Siechem Ground, Puducherry",Women's youth one-day,2026-07-05,,,,,,,,,,,,,,,,,,,,,,,,,,,False,False,False,False,,,,,,,,,,,,,,,minimal,0,,False,False,False,False,False,False,False,False,True,
1,2955,Sri Lanka Under-19s Women,SRI,1,7,AA Tagde,6,1,0,43/1,5.00,6.01,6.1,0,0,Anaadi Tagde to Limansa Thilakaratne,,Anaadi Tagde to Limansa Thilakaratne. No run,82f1cc7c-5d46-40fc-b825-b034f242cb8c,239668,"India Under-19s Women v Sri Lanka U19 Women at Puducherry, 3rd ODI, 5 Jul 2026",9219,Sri Lanka Under-19s Women in India,2026,"Cricket Association Puducherry Siechem Ground, Puducherry",Women's youth one-day,2026-07-05,,,,,,,,,,,,,,,,,,,,,,,,,,,False,False,False,False,,,,,,,,,,,,,,,minimal,0,,False,False,False,False,False,False,False,False,True,
1,2955,Sri Lanka Under-19s Women,SRI,1,7,AA Tagde,6,1,0,43/1,5.00,6.02,6.2,4,4,Anaadi Tagde to Limansa Thilakaratne,,FOUR! Anaadi Tagde to Limansa Thilakaratne. 4 runs,82f1cc7c-5d46-40fc-b825-b034f242cb8c,239668,"India Under-19s Women v Sri Lanka U19 Women at Puducherry, 3rd ODI, 5 Jul 2026",9219,Sri Lanka Under-19s Women in India,2026,"Cricket Association Puducherry Siechem Ground, Puducherry",Women's youth one-day,2026-07-05,,,,,,,,,,,,,,,,,,,,,,,,,,,False,False,False,False,,,,,,,,,,,,,,,minimal,4,,False,False,False,False,False,False,True,False,False,
1,2955,Sri Lanka Under-19s Women,SRI,1,7,AA Tagde,6,1,0,43/1,5.00,6.03,6.3,0,0,Anaadi Tagde to Limansa Thilakaratne,,Anaadi Tagde to Limansa Thilakaratne. No run,82f1cc7c-5d46-40fc-b825-b034f242cb8c,239668,"India Under-19s Women v Sri Lanka U19 Women at Puducherry, 3rd ODI, 5 Jul 2026",9219,Sri Lanka Under-19s Women in India,2026,"Cricket Association Puducherry Siechem Ground, Puducherry",Women's youth one-day,2026-07-05,,,,,,,,,,,,,,,,,,,,,,,,,,,False,False,False,False,,,,,,,,,,,,,,,minimal,0,,False,False,False,False,False,False,False,False,True,
1,2955,Sri Lanka Under-19s Women,SRI,1,7,AA Tagde,6,1,0,43/1,5.00,6.04,6.4,0,0,Anaadi Tagde to Limansa Thilakaratne,,Anaadi Tagde to Limansa Thilakaratne. No run,82f1cc7c-5d46-40fc-b825-b034f242cb8c,239668,"India Under-19s Women v Sri Lanka U19 Women at Puducherry, 3rd ODI, 5 Jul 2026",9219,Sri Lanka Under-19s Women in India,2026,"Cricket Association Puducherry Siechem Ground, Puducherry",Women's youth one-day,2026-07-05,,,,,,,,,,,,,,,,,,,,,,,,,,,False,False,False,False,,,,,,,,,,,,,,,minimal,0,,False,False,False,False,False,False,False,False,True,
1,2955,Sri Lanka Under-19s Women,SRI,1,7,AA Tagde,6,1,0,43/1,5.00,6.05,6.5,0,0,Anaadi Tagde to Limansa Thilakaratne,,Anaadi Tagde to Limansa Thilakaratne. No run,82f1cc7c-5d46-40fc-b825-b034f242cb8c,239668,"India Under-19s Women v Sri Lanka U19 Women at Puducherry, 3rd ODI, 5 Jul 2026",9219,Sri Lanka Under-19s Women in India,2026,"Cricket Association Puducherry Siechem Ground, Puducherry",Women's youth one-day,2026-07-05,,,,,,,,,,,,,,,,,,,,,,,,,,,False,False,False,False,,,,,,,,,,,,,,,minimal,0,,False,False,False,False,False,False,False,False,True,
1,2955,Sri Lanka Under-19s Women,SRI,1,7,AA Tagde,6,1,0,43/1,5.00,6.06,6.5,1,1ʷᵈ,Anaadi Tagde to Limansa Thilakaratne,,Wide. Anaadi Tagde to Limansa Thilakaratne. 1 wides,82f1cc7c-5d46-40fc-b825-b034f242cb8c,239668,"India Under-19s Women v Sri Lanka U19 Women at Puducherry, 3rd ODI, 5 Jul 2026",9219,Sri Lanka Under-19s Women in India,2026,"Cricket Association Puducherry Siechem Ground, Puducherry",Women's youth one-day,2026-07-05,,,,,,,,,,,,,,,,,,,,,,,,,,,False,False,False,False,,,,,,,,,,,,,,,minimal,1,wide,False,True,False,False,False,False,False,False,False,
1,2955,Sri Lanka Under-19s Women,SRI,1,7,AA Tagde,6,1,0,43/1,5.00,6.07,6.6,1,1,Anaadi Tagde to Limansa Thilakaratne,,Anaadi Tagde to Limansa Thilakaratne. 1 run,82f1cc7c-5d46-40fc-b825-b034f242cb8c,239668,"India Under-19s Women v Sri Lanka U19 Women at Puducherry, 3rd ODI, 5 Jul 2026",9219,Sri Lanka Under-19s Women in India,2026,"Cricket Association Puducherry Siechem Ground, Puducherry",Women's youth one-day,2026-07-05,,,,,,,,,,,,,,,,,,,,,,,,,,,False,False,False,False,,,,,,,,,,,,,,,minimal,1,,False,False,False,False,False,False,False,False,False,
1,2955,Sri Lanka Under-19s Women,SRI,1,8,JJ Virkar,3,1,1,46/2,2.00,7.01,7.1,0,0,Janhavi Virkar to Limansa Thilakaratne,,Janhavi Virkar to Limansa Thilakaratne. No run,82f1cc7c-5d46-40fc-b825-b034f242cb8c,239668,"India Under-19s Women v Sri Lanka U19 Women at Puducherry, 3rd ODI, 5 Jul 2026",9219,Sri Lanka Under-19s Women in India,2026,"Cricket Association Puducherry Siechem Ground, Puducherry",Women's youth one-day,2026-07-05,,,,,,,,,,,,,,,,,,,,,,,,,,,False,False,False,False,,,,,,,,,,,,,,,minimal,0,,False,False,False,False,False,False,False,False,True,
1,2955,Sri Lanka Under-19s Women,SRI,1,8,JJ Virkar,3,1,1,46/2,2.00,7.02,7.2,0,W,Janhavi Virkar to Limansa Thilakaratne,,OUT! Janhavi Virkar to Limansa Thilakaratne. No run,82f1cc7c-5d46-40fc-b825-b034f242cb8c,239668,"India Under-19s Women v Sri Lanka U19 Women at Puducherry, 3rd ODI, 5 Jul 2026",9219,Sri Lanka Under-19s Women in India,2026,"Cricket Association Puducherry Siechem Ground, Puducherry",Women's youth one-day,2026-07-05,,,,,,,,,,,,,,,,,,,,,,,,,,,False,False,False,False,,,,,,,,,,,,,,,minimal,0,,True,False,False,False,False,False,False,False,False,
1,2955,Sri Lanka Under-19s Women,SRI,1,8,JJ Virkar,3,1,1,46/2,2.00,7.03,7.3,1,1,Janhavi Virkar to Nethagi Isuranjali,,Janhavi Virkar to Nethagi Isuranjali. 1 run,82f1cc7c-5d46-40fc-b825-b034f242cb8c,239668,"India Under-19s Women v Sri Lanka U19 Women at Puducherry, 3rd ODI, 5 Jul 2026",9219,Sri Lanka Under-19s Women in India,2026,"Cricket Association Puducherry Siechem Ground, Puducherry",Women's youth one-day,2026-07-05,,,,,,,,,,,,,,,,,,,,,,,,,,,False,False,False,False,,,,,,,,,,,,,,,minimal,1,,False,False,False,False,False,False,False,False,False,
1,2955,Sri Lanka Under-19s Women,SRI,1,8,JJ Virkar,3,1,1,46/2,2.00,7.04,7.4,1,1,Janhavi Virkar to Vimoksha Balasuriya,,Janhavi Virkar to Vimoksha Balasuriya. 1 run,82f1cc7c-5d46-40fc-b825-b034f242cb8c,239668,"India Under-19s Women v Sri Lanka U19 Women at Puducherry, 3rd ODI, 5 Jul 2026",9219,Sri Lanka Under-19s Women in India,2026,"Cricket Association Puducherry Siechem Ground, Puducherry",Women's youth one-day,2026-07-05,,,,,,,,,,,,,,,,,,,,,,,,,,,False,False,False,False,,,,,,,,,,,,,,,minimal,1,,False,False,False,False,False,False,False,False,False,
1,2955,Sri Lanka Under-19s Women,SRI,1,8,JJ Virkar,3,1,1,46/2,2.00,7.05,7.5,0,0,Janhavi Virkar to Nethagi Isuranjali,,Janhavi Virkar to Nethagi Isuranjali. No run,82f1cc7c-5d46-40fc-b825-b034f242cb8c,239668,"India Under-19s Women v Sri Lanka U19 Women at Puducherry, 3rd ODI, 5 Jul 2026",9219,Sri Lanka Under-19s Women in India,2026,"Cricket Association Puducherry Siechem Ground, Puducherry",Women's youth one-day,2026-07-05,,,,,,,,,,,,,,,,,,,,,,,,,,,False,False,False,False,,,,,,,,,,,,,,,minimal,0,,False,False,False,False,False,False,False,False,True,
1,2955,Sri Lanka Under-19s Women,SRI,1,8,JJ Virkar,3,1,1,46/2,2.00,7.06,7.5,1,1ʷᵈ,Janhavi Virkar to Nethagi Isuranjali,,Wide. Janhavi Virkar to Nethagi Isuranjali. 1 wides,82f1cc7c-5d46-40fc-b825-b034f242cb8c,239668,"India Under-19s Women v Sri Lanka U19 Women at Puducherry, 3rd ODI, 5 Jul 2026",9219,Sri Lanka Under-19s Women in India,2026,"Cricket Association Puducherry Siechem Ground, Puducherry",Women's youth one-day,2026-07-05,,,,,,,,,,,,,,,,,,,,,,,,,,,False,False,False,False,,,,,,,,,,,,,,,minimal,1,wide,False,True,False,False,False,False,False,False,False,
1,2955,Sri Lanka Under-19s Women,SRI,1,8,JJ Virkar,3,1,1,46/2,2.00,7.07,7.6,0,0,Janhavi Virkar to Nethagi Isuranjali,,Janhavi Virkar to Nethagi Isuranjali. No run,82f1cc7c-5d46-40fc-b825-b034f242cb8c,239668,"India Under-19s Women v Sri Lanka U19 Women at Puducherry, 3rd ODI, 5 Jul 2026",9219,Sri Lanka Under-19s Women in India,2026,"Cricket Association Puducherry Siechem Ground, Puducherry",Women's youth one-day,2026-07-05,,,,,,,,,,,,,,,,,,,,,,,,,,,False,False,False,False,,,,,,,,,,,,,,,minimal,0,,False,False,False,False,False,False,False,False,True,
1,2955,Sri Lanka Under-19s Women,SRI,1,9,AA Tagde,4,0,0,50/2,4.00,8.01,8.1,0,0,Anaadi Tagde to Vimoksha Balasuriya,,Anaadi Tagde to Vimoksha Balasuriya. No run,82f1cc7c-5d46-40fc-b825-b034f242cb8c,239668,"India Under-19s Women v Sri Lanka U19 Women at Puducherry, 3rd ODI, 5 Jul 2026",9219,Sri Lanka Under-19s Women in India,2026,"Cricket Association Puducherry Siechem Ground, Puducherry",Women's youth one-day,2026-07-05,,,,,,,,,,,,,,,,,,,,,,,,,,,False,False,False,False,,,,,,,,,,,,,,,minimal,0,,False,False,False,False,False,False,False,False,True,
1,2955,Sri Lanka Under-19s Women,SRI,1,9,AA Tagde,4,0,0,50/2,4.00,8.02,8.2,4,4,Anaadi Tagde to Vimoksha Balasuriya,,FOUR! Anaadi Tagde to Vimoksha Balasuriya. 4 runs,82f1cc7c-5d46-40fc-b825-b034f242cb8c,239668,"India Under-19s Women v Sri Lanka U19 Women at Puducherry, 3rd ODI, 5 Jul 2026",9219,Sri Lanka Under-19s Women in India,2026,"Cricket Association Puducherry Siechem Ground, Puducherry",Women's youth one-day,2026-07-05,,,,,,,,,,,,,,,,,,,,,,,,,,,False,False,False,False,,,,,,,,,,,,,,,minimal,4,,False,False,False,False,False,False,True,False,False,
1,2955,Sri Lanka Under-19s Women,SRI,1,9,AA Tagde,4,0,0,50/2,4.00,8.03,8.3,0,0,Anaadi Tagde to Vimoksha Balasuriya,,Anaadi Tagde to Vimoksha Balasuriya. No run,82f1cc7c-5d46-40fc-b825-b034f242cb8c,239668,"India Under-19s Women v Sri Lanka U19 Women at Puducherry, 3rd ODI, 5 Jul 2026",9219,Sri Lanka Under-19s Women in India,2026,"Cricket Association Puducherry Siechem Ground, Puducherry",Women's youth one-day,2026-07-05,,,,,,,,,,,,,,,,,,,,,,,,,,,False,False,False,False,,,,,,,,,,,,,,,minimal,0,,False,False,False,False,False,False,False,False,True,
1,2955,Sri Lanka Under-19s Women,SRI,1,9,AA Tagde,4,0,0,50/2,4.00,8.04,8.4,0,0,Anaadi Tagde to Vimoksha Balasuriya,,Anaadi Tagde to Vimoksha Balasuriya. No run,82f1cc7c-5d46-40fc-b825-b034f242cb8c,239668,"India Under-19s Women v Sri Lanka U19 Women at Puducherry, 3rd ODI, 5 Jul 2026",9219,Sri Lanka Under-19s Women in India,2026,"Cricket Association Puducherry Siechem Ground, Puducherry",Women's youth one-day,2026-07-05,,,,,,,,,,,,,,,,,,,,,,,,,,,False,False,False,False,,,,,,,,,,,,,,,minimal,0,,False,False,False,False,False,False,False,False,True,
1,2955,Sri Lanka Under-19s Women,SRI,1,9,AA Tagde,4,0,0,50/2,4.00,8.05,8.5,0,0,Anaadi Tagde to Vimoksha Balasuriya,,Anaadi Tagde to Vimoksha Balasuriya. No run,82f1cc7c-5d46-40fc-b825-b034f242cb8c,239668,"India Under-19s Women v Sri Lanka U19 Women at Puducherry, 3rd ODI, 5 Jul 2026",9219,Sri Lanka Under-19s Women in India,2026,"Cricket Association Puducherry Siechem Ground, Puducherry",Women's youth one-day,2026-07-05,,,,,,,,,,,,,,,,,,,,,,,,,,,False,False,False,False,,,,,,,,,,,,,,,minimal,0,,False,False,False,False,False,False,False,False,True,
1,2955,Sri Lanka Under-19s Women,SRI,1,9,AA Tagde,4,0,0,50/2,4.00,8.06,8.6,0,0,Anaadi Tagde to Vimoksha Balasuriya,,Anaadi Tagde to Vimoksha Balasuriya. No run,82f1cc7c-5d46-40fc-b825-b034f242cb8c,239668,"India Under-19s Women v Sri Lanka U19 Women at Puducherry, 3rd ODI, 5 Jul 2026",9219,Sri Lanka Under-19s Women in India,2026,"Cricket Association Puducherry Siechem Ground, Puducherry",Women's youth one-day,2026-07-05,,,,,,,,,,,,,,,,,,,,,,,,,,,False,False,False,False,,,,,,,,,,,,,,,minimal,0,,False,False,False,False,False,False,False,False,True,
1,2955,Sri Lanka Under-19s Women,SRI,1,10,JJ Virkar,6,0,0,56/2,6.00,9.01,9.1,0,0,Janhavi Virkar to Nethagi Isuranjali,,Janhavi Virkar to Nethagi Isuranjali. No run,82f1cc7c-5d46-40fc-b825-b034f242cb8c,239668,"India Under-19s Women v Sri Lanka U19 Women at Puducherry, 3rd ODI, 5 Jul 2026",9219,Sri Lanka Under-19s Women in India,2026,"Cricket Association Puducherry Siechem Ground, Puducherry",Women's youth one-day,2026-07-05,,,,,,,,,,,,,,,,,,,,,,,,,,,False,False,False,False,,,,,,,,,,,,,,,minimal,0,,False,False,False,False,False,False,False,False,True,
1,2955,Sri Lanka Under-19s Women,SRI,1,10,JJ Virkar,6,0,0,56/2,6.00,9.02,9.2,2,2,Janhavi Virkar to Nethagi Isuranjali,,Janhavi Virkar to Nethagi Isuranjali. 2 runs,82f1cc7c-5d46-40fc-b825-b034f242cb8c,239668,"India Under-19s Women v Sri Lanka U19 Women at Puducherry, 3rd ODI, 5 Jul 2026",9219,Sri Lanka Under-19s Women in India,2026,"Cricket Association Puducherry Siechem Ground, Puducherry",Women's youth one-day,2026-07-05,,,,,,,,,,,,,,,,,,,,,,,,,,,False,False,False,False,,,,,,,,,,,,,,,minimal,2,,False,False,False,False,False,False,False,False,False,
1,2955,Sri Lanka Under-19s Women,SRI,1,10,JJ Virkar,6,0,0,56/2,6.00,9.03,9.3,4,4,Janhavi Virkar to Nethagi Isuranjali,,FOUR! Janhavi Virkar to Nethagi Isuranjali. 4 runs,82f1cc7c-5d46-40fc-b825-b034f242cb8c,239668,"India Under-19s Women v Sri Lanka U19 Women at Puducherry, 3rd ODI, 5 Jul 2026",9219,Sri Lanka Under-19s Women in India,2026,"Cricket Association Puducherry Siechem Ground, Puducherry",Women's youth one-day,2026-07-05,,,,,,,,,,,,,,,,,,,,,,,,,,,False,False,False,False,,,,,,,,,,,,,,,minimal,4,,False,False,False,False,False,False,True,False,False,
1,2955,Sri Lanka Under-19s Women,SRI,1,10,JJ Virkar,6,0,0,56/2,6.00,9.04,9.4,0,0,Janhavi Virkar to Nethagi Isuranjali,,Janhavi Virkar to Nethagi Isuranjali. No run,82f1cc7c-5d46-40fc-b825-b034f242cb8c,239668,"India Under-19s Women v Sri Lanka U19 Women at Puducherry, 3rd ODI, 5 Jul 2026",9219,Sri Lanka Under-19s Women in India,2026,"Cricket Association Puducherry Siechem Ground, Puducherry",Women's youth one-day,2026-07-05,,,,,,,,,,,,,,,,,,,,,,,,,,,False,False,False,False,,,,,,,,,,,,,,,minimal,0,,False,False,False,False,False,False,False,False,True,
1,2955,Sri Lanka Under-19s Women,SRI,1,10,JJ Virkar,6,0,0,56/2,6.00,9.05,9.5,0,0,Janhavi Virkar to Nethagi Isuranjali,,Janhavi Virkar to Nethagi Isuranjali. No run,82f1cc7c-5d46-40fc-b825-b034f242cb8c,239668,"India Under-19s Women v Sri Lanka U19 Women at Puducherry, 3rd ODI, 5 Jul 2026",9219,Sri Lanka Under-19s Women in India,2026,"Cricket Association Puducherry Siechem Ground, Puducherry",Women's youth one-day,2026-07-05,,,,,,,,,,,,,,,,,,,,,,,,,,,False,False,False,False,,,,,,,,,,,,,,,minimal,0,,False,False,False,False,False,False,False,False,True,
1,2955,Sri Lanka Under-19s Women,SRI,1,10,JJ Virkar,6,0,0,56/2,6.00,9.06,9.6,0,0,Janhavi Virkar to Nethagi Isuranjali,,Janhavi Virkar to Nethagi Isuranjali. No run,82f1cc7c-5d46-40fc-b825-b034f242cb8c,239668,"India Under-19s Women v Sri Lanka U19 Women at Puducherry, 3rd ODI, 5 Jul 2026",9219,Sri Lanka Under-19s Women in India,2026,"Cricket Association Puducherry Siechem Ground, Puducherry",Women's youth one-day,2026-07-05,,,,,,,,,,,,,,,,,,,,,,,,,,,False,False,False,False,,,,,,,,,,,,,,,minimal,0,,False,False,False,False,False,False,False,False,True,
1,2955,Sri Lanka Under-19s Women,SRI,1,11,K Kandikuppa,7,0,0,63/2,7.00,10.01,10.1,0,0,Kashvi Kandikuppa to Vimoksha Balasuriya,,Kashvi Kandikuppa to Vimoksha Balasuriya. No run,82f1cc7c-5d46-40fc-b825-b034f242cb8c,239668,"India Under-19s Women v Sri Lanka U19 Women at Puducherry, 3rd ODI, 5 Jul 2026",9219,Sri Lanka Under-19s Women in India,2026,"Cricket Association Puducherry Siechem Ground, Puducherry",Women's youth one-day,2026-07-05,,,,,,,,,,,,,,,,,,,,,,,,,,,False,False,False,False,,,,,,,,,,,,,,,minimal,0,,False,False,False,False,False,False,False,False,True,
1,2955,Sri Lanka Under-19s Women,SRI,1,11,K Kandikuppa,7,0,0,63/2,7.00,10.02,10.2,2,2,Kashvi Kandikuppa to Vimoksha Balasuriya,,Kashvi Kandikuppa to Vimoksha Balasuriya. 2 runs,82f1cc7c-5d46-40fc-b825-b034f242cb8c,239668,"India Under-19s Women v Sri Lanka U19 Women at Puducherry, 3rd ODI, 5 Jul 2026",9219,Sri Lanka Under-19s Women in India,2026,"Cricket Association Puducherry Siechem Ground, Puducherry",Women's youth one-day,2026-07-05,,,,,,,,,,,,,,,,,,,,,,,,,,,False,False,False,False,,,,,,,,,,,,,,,minimal,2,,False,False,False,False,False,False,False,False,False,
1,2955,Sri Lanka Under-19s Women,SRI,1,11,K Kandikuppa,7,0,0,63/2,7.00,10.03,10.3,0,0,Kashvi Kandikuppa to Vimoksha Balasuriya,,Kashvi Kandikuppa to Vimoksha Balasuriya. No run,82f1cc7c-5d46-40fc-b825-b034f242cb8c,239668,"India Under-19s Women v Sri Lanka U19 Women at Puducherry, 3rd ODI, 5 Jul 2026",9219,Sri Lanka Under-19s Women in India,2026,"Cricket Association Puducherry Siechem Ground, Puducherry",Women's youth one-day,2026-07-05,,,,,,,,,,,,,,,,,,,,,,,,,,,False,False,False,False,,,,,,,,,,,,,,,minimal,0,,False,False,False,False,False,False,False,False,True,
1,2955,Sri Lanka Under-19s Women,SRI,1,11,K Kandikuppa,7,0,0,63/2,7.00,10.04,10.4,1,1,Kashvi Kandikuppa to Vimoksha Balasuriya,,Kashvi Kandikuppa to Vimoksha Balasuriya. 1 run,82f1cc7c-5d46-40fc-b825-b034f242cb8c,239668,"India Under-19s Women v Sri Lanka U19 Women at Puducherry, 3rd ODI, 5 Jul 2026",9219,Sri Lanka Under-19s Women in India,2026,"Cricket Association Puducherry Siechem Ground, Puducherry",Women's youth one-day,2026-07-05,,,,,,,,,,,,,,,,,,,,,,,,,,,False,False,False,False,,,,,,,,,,,,,,,minimal,1,,False,False,False,False,False,False,False,False,False,
1,2955,Sri Lanka Under-19s Women,SRI,1,11,K Kandikuppa,7,0,0,63/2,7.00,10.05,10.5,0,0,Kashvi Kandikuppa to Nethagi Isuranjali,,Kashvi Kandikuppa to Nethagi Isuranjali. No run,82f1cc7c-5d46-40fc-b825-b034f242cb8c,239668,"India Under-19s Women v Sri Lanka U19 Women at Puducherry, 3rd ODI, 5 Jul 2026",9219,Sri Lanka Under-19s Women in India,2026,"Cricket Association Puducherry Siechem Ground, Puducherry",Women's youth one-day,2026-07-05,,,,,,,,,,,,,,,,,,,,,,,,,,,False,False,False,False,,,,,,,,,,,,,,,minimal,0,,False,False,False,False,False,False,False,False,True,
1,2955,Sri Lanka Under-19s Women,SRI,1,11,K Kandikuppa,7,0,0,63/2,7.00,10.06,10.6,4,4,Kashvi Kandikuppa to Nethagi Isuranjali,,FOUR! Kashvi Kandikuppa to Nethagi Isuranjali. 4 runs,82f1cc7c-5d46-40fc-b825-b034f242cb8c,239668,"India Under-19s Women v Sri Lanka U19 Women at Puducherry, 3rd ODI, 5 Jul 2026",9219,Sri Lanka Under-19s Women in India,2026,"Cricket Association Puducherry Siechem Ground, Puducherry",Women's youth one-day,2026-07-05,,,,,,,,,,,,,,,,,,,,,,,,,,,False,False,False,False,,,,,,,,,,,,,,,minimal,4,,False,False,False,False,False,False,True,False,False,
1,2955,Sri Lanka Under-19s Women,SRI,1,12,VH Parmar,7,0,0,70/2,7.00,11.01,11.1,0,0,Vidhi Parmar to Vimoksha Balasuriya,,Vidhi Parmar to Vimoksha Balasuriya. No run,82f1cc7c-5d46-40fc-b825-b034f242cb8c,239668,"India Under-19s Women v Sri Lanka U19 Women at Puducherry, 3rd ODI, 5 Jul 2026",9219,Sri Lanka Under-19s Women in India,2026,"Cricket Association Puducherry Siechem Ground, Puducherry",Women's youth one-day,2026-07-05,,,,,,,,,,,,,,,,,,,,,,,,,,,False,False,False,False,,,,,,,,,,,,,,,minimal,0,,False,False,False,False,False,False,False,False,True,
1,2955,Sri Lanka Under-19s Women,SRI,1,12,VH Parmar,7,0,0,70/2,7.00,11.02,11.2,1,1,Vidhi Parmar to Vimoksha Balasuriya,,Vidhi Parmar to Vimoksha Balasuriya. 1 run,82f1cc7c-5d46-40fc-b825-b034f242cb8c,239668,"India Under-19s Women v Sri Lanka U19 Women at Puducherry, 3rd ODI, 5 Jul 2026",9219,Sri Lanka Under-19s Women in India,2026,"Cricket Association Puducherry Siechem Ground, Puducherry",Women's youth one-day,2026-07-05,,,,,,,,,,,,,,,,,,,,,,,,,,,False,False,False,False,,,,,,,,,,,,,,,minimal,1,,False,False,False,False,False,False,False,False,False,
1,2955,Sri Lanka Under-19s Women,SRI,1,12,VH Parmar,7,0,0,70/2,7.00,11.03,11.3,0,0,Vidhi Parmar to Nethagi Isuranjali,,Vidhi Parmar to Nethagi Isuranjali. No run,82f1cc7c-5d46-40fc-b825-b034f242cb8c,239668,"India Under-19s Women v Sri Lanka U19 Women at Puducherry, 3rd ODI, 5 Jul 2026",9219,Sri Lanka Under-19s Women in India,2026,"Cricket Association Puducherry Siechem Ground, Puducherry",Women's youth one-day,2026-07-05,,,,,,,,,,,,,,,,,,,,,,,,,,,False,False,False,False,,,,,,,,,,,,,,,minimal,0,,False,False,False,False,False,False,False,False,True,
1,2955,Sri Lanka Under-19s Women,SRI,1,12,VH Parmar,7,0,0,70/2,7.00,11.04,11.4,1,1,Vidhi Parmar to Nethagi Isuranjali,,Vidhi Parmar to Nethagi Isuranjali. 1 run,82f1cc7c-5d46-40fc-b825-b034f242cb8c,239668,"India Under-19s Women v Sri Lanka U19 Women at Puducherry, 3rd ODI, 5 Jul 2026",9219,Sri Lanka Under-19s Women in India,2026,"Cricket Association Puducherry Siechem Ground, Puducherry",Women's youth one-day,2026-07-05,,,,,,,,,,,,,,,,,,,,,,,,,,,False,False,False,False,,,,,,,,,,,,,,,minimal,1,,False,False,False,False,False,False,False,False,False,
1,2955,Sri Lanka Under-19s Women,SRI,1,12,VH Parmar,7,0,0,70/2,7.00,11.05,11.5,4,4,Vidhi Parmar to Vimoksha Balasuriya,,FOUR! Vidhi Parmar to Vimoksha Balasuriya. 4 runs,82f1cc7c-5d46-40fc-b825-b034f242cb8c,239668,"India Under-19s Women v Sri Lanka U19 Women at Puducherry, 3rd ODI, 5 Jul 2026",9219,Sri Lanka Under-19s Women in India,2026,"Cricket Association Puducherry Siechem Ground, Puducherry",Women's youth one-day,2026-07-05,,,,,,,,,,,,,,,,,,,,,,,,,,,False,False,False,False,,,,,,,,,,,,,,,minimal,4,,False,False,False,False,False,False,True,False,False,
1,2955,Sri Lanka Under-19s Women,SRI,1,12,VH Parmar,7,0,0,70/2,7.00,11.06,11.6,1,1,Vidhi Parmar to Vimoksha Balasuriya,,Vidhi Parmar to Vimoksha Balasuriya. 1 run,82f1cc7c-5d46-40fc-b825-b034f242cb8c,239668,"India Under-19s Women v Sri Lanka U19 Women at Puducherry, 3rd ODI, 5 Jul 2026",9219,Sri Lanka Under-19s Women in India,2026,"Cricket Association Puducherry Siechem Ground, Puducherry",Women's youth one-day,2026-07-05,,,,,,,,,,,,,,,,,,,,,,,,,,,False,False,False,False,,,,,,,,,,,,,,,minimal,1,,False,False,False,False,False,False,False,False,False,
1,2955,Sri Lanka Under-19s Women,SRI,1,13,K Kandikuppa,3,0,0,73/2,3.00,12.01,12.1,1,1,Kashvi Kandikuppa to Vimoksha Balasuriya,,Kashvi Kandikuppa to Vimoksha Balasuriya. 1 run,82f1cc7c-5d46-40fc-b825-b034f242cb8c,239668,"India Under-19s Women v Sri Lanka U19 Women at Puducherry, 3rd ODI, 5 Jul 2026",9219,Sri Lanka Under-19s Women in India,2026,"Cricket Association Puducherry Siechem Ground, Puducherry",Women's youth one-day,2026-07-05,,,,,,,,,,,,,,,,,,,,,,,,,,,False,False,False,False,,,,,,,,,,,,,,,minimal,1,,False,False,False,False,False,False,False,False,False,
1,2955,Sri Lanka Under-19s Women,SRI,1,13,K Kandikuppa,3,0,0,73/2,3.00,12.02,12.2,0,0,Kashvi Kandikuppa to Nethagi Isuranjali,,Kashvi Kandikuppa to Nethagi Isuranjali. No run,82f1cc7c-5d46-40fc-b825-b034f242cb8c,239668,"India Under-19s Women v Sri Lanka U19 Women at Puducherry, 3rd ODI, 5 Jul 2026",9219,Sri Lanka Under-19s Women in India,2026,"Cricket Association Puducherry Siechem Ground, Puducherry",Women's youth one-day,2026-07-05,,,,,,,,,,,,,,,,,,,,,,,,,,,False,False,False,False,,,,,,,,,,,,,,,minimal,0,,False,False,False,False,False,False,False,False,True,
1,2955,Sri Lanka Under-19s Women,SRI,1,13,K Kandikuppa,3,0,0,73/2,3.00,12.03,12.3,0,0,Kashvi Kandikuppa to Nethagi Isuranjali,,Kashvi Kandikuppa to Nethagi Isuranjali. No run,82f1cc7c-5d46-40fc-b825-b034f242cb8c,239668,"India Under-19s Women v Sri Lanka U19 Women at Puducherry, 3rd ODI, 5 Jul 2026",9219,Sri Lanka Under-19s Women in India,2026,"Cricket Association Puducherry Siechem Ground, Puducherry",Women's youth one-day,2026-07-05,,,,,,,,,,,,,,,,,,,,,,,,,,,False,False,False,False,,,,,,,,,,,,,,,minimal,0,,False,False,False,False,False,False,False,False,True,
1,2955,Sri Lanka Under-19s Women,SRI,1,13,K Kandikuppa,3,0,0,73/2,3.00,12.04,12.4,0,0,Kashvi Kandikuppa to Nethagi Isuranjali,,Kashvi Kandikuppa to Nethagi Isuranjali. No run,82f1cc7c-5d46-40fc-b825-b034f242cb8c,239668,"India Under-19s Women v Sri Lanka U19 Women at Puducherry, 3rd ODI, 5 Jul 2026",9219,Sri Lanka Under-19s Women in India,2026,"Cricket Association Puducherry Siechem Ground, Puducherry",Women's youth one-day,2026-07-05,,,,,,,,,,,,,,,,,,,,,,,,,,,False,False,False,False,,,,,,,,,,,,,,,minimal,0,,False,False,False,False,False,False,False,False,True,
1,2955,Sri Lanka Under-19s Women,SRI,1,13,K Kandikuppa,3,0,0,73/2,3.00,12.05,12.5,2,2,Kashvi Kandikuppa to Nethagi Isuranjali,,Kashvi Kandikuppa to Nethagi Isuranjali. 2 runs,82f1cc7c-5d46-40fc-b825-b034f242cb8c,239668,"India Under-19s Women v Sri Lanka U19 Women at Puducherry, 3rd ODI, 5 Jul 2026",9219,Sri Lanka Under-19s Women in India,2026,"Cricket Association Puducherry Siechem Ground, Puducherry",Women's youth one-day,2026-07-05,,,,,,,,,,,,,,,,,,,,,,,,,,,False,False,False,False,,,,,,,,,,,,,,,minimal,2,,False,False,False,False,False,False,False,False,False,
1,2955,Sri Lanka Under-19s Women,SRI,1,13,K Kandikuppa,3,0,0,73/2,3.00,12.06,12.6,0,0,Kashvi Kandikuppa to Nethagi Isuranjali,,Kashvi Kandikuppa to Nethagi Isuranjali. No run,82f1cc7c-5d46-40fc-b825-b034f242cb8c,239668,"India Under-19s Women v Sri Lanka U19 Women at Puducherry, 3rd ODI, 5 Jul 2026",9219,Sri Lanka Under-19s Women in India,2026,"Cricket Association Puducherry Siechem Ground, Puducherry",Women's youth one-day,2026-07-05,,,,,,,,,,,,,,,,,,,,,,,,,,,False,False,False,False,,,,,,,,,,,,,,,minimal,0,,False,False,False,False,False,False,False,False,True,
1,2955,Sri Lanka Under-19s Women,SRI,1,14,VH Parmar,2,0,0,75/2,2.00,13.01,13.1,0,0,Vidhi Parmar to Vimoksha Balasuriya,,Vidhi Parmar to Vimoksha Balasuriya. No run,82f1cc7c-5d46-40fc-b825-b034f242cb8c,239668,"India Under-19s Women v Sri Lanka U19 Women at Puducherry, 3rd ODI, 5 Jul 2026",9219,Sri Lanka Under-19s Women in India,2026,"Cricket Association Puducherry Siechem Ground, Puducherry",Women's youth one-day,2026-07-05,,,,,,,,,,,,,,,,,,,,,,,,,,,False,False,False,False,,,,,,,,,,,,,,,minimal,0,,False,False,False,False,False,False,False,False,True,
1,2955,Sri Lanka Under-19s Women,SRI,1,14,VH Parmar,2,0,0,75/2,2.00,13.02,13.2,1,1,Vidhi Parmar to Vimoksha Balasuriya,,Vidhi Parmar to Vimoksha Balasuriya. 1 run,82f1cc7c-5d46-40fc-b825-b034f242cb8c,239668,"India Under-19s Women v Sri Lanka U19 Women at Puducherry, 3rd ODI, 5 Jul 2026",9219,Sri Lanka Under-19s Women in India,2026,"Cricket Association Puducherry Siechem Ground, Puducherry",Women's youth one-day,2026-07-05,,,,,,,,,,,,,,,,,,,,,,,,,,,False,False,False,False,,,,,,,,,,,,,,,minimal,1,,False,False,False,False,False,False,False,False,False,
1,2955,Sri Lanka Under-19s Women,SRI,1,14,VH Parmar,2,0,0,75/2,2.00,13.03,13.3,0,0,Vidhi Parmar to Nethagi Isuranjali,,Vidhi Parmar to Nethagi Isuranjali. No run,82f1cc7c-5d46-40fc-b825-b034f242cb8c,239668,"India Under-19s Women v Sri Lanka U19 Women at Puducherry, 3rd ODI, 5 Jul 2026",9219,Sri Lanka Under-19s Women in India,2026,"Cricket Association Puducherry Siechem Ground, Puducherry",Women's youth one-day,2026-07-05,,,,,,,,,,,,,,,,,,,,,,,,,,,False,False,False,False,,,,,,,,,,,,,,,minimal,0,,False,False,False,False,False,False,False,False,True,
1,2955,Sri Lanka Under-19s Women,SRI,1,14,VH Parmar,2,0,0,75/2,2.00,13.04,13.4,0,0,Vidhi Parmar to Nethagi Isuranjali,,Vidhi Parmar to Nethagi Isuranjali. No run,82f1cc7c-5d46-40fc-b825-b034f242cb8c,239668,"India Under-19s Women v Sri Lanka U19 Women at Puducherry, 3rd ODI, 5 Jul 2026",9219,Sri Lanka Under-19s Women in India,2026,"Cricket Association Puducherry Siechem Ground, Puducherry",Women's youth one-day,2026-07-05,,,,,,,,,,,,,,,,,,,,,,,,,,,False,False,False,False,,,,,,,,,,,,,,,minimal,0,,False,False,False,False,False,False,False,False,True,
1,2955,Sri Lanka Under-19s Women,SRI,1,14,VH Parmar,2,0,0,75/2,2.00,13.05,13.5,1,1,Vidhi Parmar to Nethagi Isuranjali,,Vidhi Parmar to Nethagi Isuranjali. 1 run,82f1cc7c-5d46-40fc-b825-b034f242cb8c,239668,"India Under-19s Women v Sri Lanka U19 Women at Puducherry, 3rd ODI, 5 Jul 2026",9219,Sri Lanka Under-19s Women in India,2026,"Cricket Association Puducherry Siechem Ground, Puducherry",Women's youth one-day,2026-07-05,,,,,,,,,,,,,,,,,,,,,,,,,,,False,False,False,False,,,,,,,,,,,,,,,minimal,1,,False,False,False,False,False,False,False,False,False,
1,2955,Sri Lanka Under-19s Women,SRI,1,14,VH Parmar,2,0,0,75/2,2.00,13.06,13.6,0,0,Vidhi Parmar to Vimoksha Balasuriya,,Vidhi Parmar to Vimoksha Balasuriya. No run,82f1cc7c-5d46-40fc-b825-b034f242cb8c,239668,"India Under-19s Women v Sri Lanka U19 Women at Puducherry, 3rd ODI, 5 Jul 2026",9219,Sri Lanka Under-19s Women in India,2026,"Cricket Association Puducherry Siechem Ground, Puducherry",Women's youth one-day,2026-07-05,,,,,,,,,,,,,,,,,,,,,,,,,,,False,False,False,False,,,,,,,,,,,,,,,minimal,0,,False,False,False,False,False,False,False,False,True,
1,2955,Sri Lanka Under-19s Women,SRI,1,15,K Kandikuppa,4,0,0,79/2,4.00,14.01,14.1,0,0,Kashvi Kandikuppa to Nethagi Isuranjali,,Kashvi Kandikuppa to Nethagi Isuranjali. No run,82f1cc7c-5d46-40fc-b825-b034f242cb8c,239668,"India Under-19s Women v Sri Lanka U19 Women at Puducherry, 3rd ODI, 5 Jul 2026",9219,Sri Lanka Under-19s Women in India,2026,"Cricket Association Puducherry Siechem Ground, Puducherry",Women's youth one-day,2026-07-05,,,,,,,,,,,,,,,,,,,,,,,,,,,False,False,False,False,,,,,,,,,,,,,,,minimal,0,,False,False,False,False,False,False,False,False,True,
1,2955,Sri Lanka Under-19s Women,SRI,1,15,K Kandikuppa,4,0,0,79/2,4.00,14.02,14.2,4,4,Kashvi Kandikuppa to Nethagi Isuranjali,,FOUR! Kashvi Kandikuppa to Nethagi Isuranjali. 4 runs,82f1cc7c-5d46-40fc-b825-b034f242cb8c,239668,"India Under-19s Women v Sri Lanka U19 Women at Puducherry, 3rd ODI, 5 Jul 2026",9219,Sri Lanka Under-19s Women in India,2026,"Cricket Association Puducherry Siechem Ground, Puducherry",Women's youth one-day,2026-07-05,,,,,,,,,,,,,,,,,,,,,,,,,,,False,False,False,False,,,,,,,,,,,,,,,minimal,4,,False,False,False,False,False,False,True,False,False,
1,2955,Sri Lanka Under-19s Women,SRI,1,15,K Kandikuppa,4,0,0,79/2,4.00,14.03,14.3,0,0,Kashvi Kandikuppa to Nethagi Isuranjali,,Kashvi Kandikuppa to Nethagi Isuranjali. No run,82f1cc7c-5d46-40fc-b825-b034f242cb8c,239668,"India Under-19s Women v Sri Lanka U19 Women at Puducherry, 3rd ODI, 5 Jul 2026",9219,Sri Lanka Under-19s Women in India,2026,"Cricket Association Puducherry Siechem Ground, Puducherry",Women's youth one-day,2026-07-05,,,,,,,,,,,,,,,,,,,,,,,,,,,False,False,False,False,,,,,,,,,,,,,,,minimal,0,,False,False,False,False,False,False,False,False,True,
1,2955,Sri Lanka Under-19s Women,SRI,1,15,K Kandikuppa,4,0,0,79/2,4.00,14.04,14.4,0,0,Kashvi Kandikuppa to Nethagi Isuranjali,,Kashvi Kandikuppa to Nethagi Isuranjali. No run,82f1cc7c-5d46-40fc-b825-b034f242cb8c,239668,"India Under-19s Women v Sri Lanka U19 Women at Puducherry, 3rd ODI, 5 Jul 2026",9219,Sri Lanka Under-19s Women in India,2026,"Cricket Association Puducherry Siechem Ground, Puducherry",Women's youth one-day,2026-07-05,,,,,,,,,,,,,,,,,,,,,,,,,,,False,False,False,False,,,,,,,,,,,,,,,minimal,0,,False,False,False,False,False,False,False,False,True,
1,2955,Sri Lanka Under-19s Women,SRI,1,15,K Kandikuppa,4,0,0,79/2,4.00,14.05,14.5,0,0,Kashvi Kandikuppa to Nethagi Isuranjali,,Kashvi Kandikuppa to Nethagi Isuranjali. No run,82f1cc7c-5d46-40fc-b825-b034f242cb8c,239668,"India Under-19s Women v Sri Lanka U19 Women at Puducherry, 3rd ODI, 5 Jul 2026",9219,Sri Lanka Under-19s Women in India,2026,"Cricket Association Puducherry Siechem Ground, Puducherry",Women's youth one-day,2026-07-05,,,,,,,,,,,,,,,,,,,,,,,,,,,False,False,False,False,,,,,,,,,,,,,,,minimal,0,,False,False,False,False,False,False,False,False,True,
1,2955,Sri Lanka Under-19s Women,SRI,1,15,K Kandikuppa,4,0,0,79/2,4.00,14.06,14.6,0,0,Kashvi Kandikuppa to Nethagi Isuranjali,,Kashvi Kandikuppa to Nethagi Isuranjali. No run,82f1cc7c-5d46-40fc-b825-b034f242cb8c,239668,"India Under-19s Women v Sri Lanka U19 Women at Puducherry, 3rd ODI, 5 Jul 2026",9219,Sri Lanka Under-19s Women in India,2026,"Cricket Association Puducherry Siechem Ground, Puducherry",Women's youth one-day,2026-07-05,,,,,,,,,,,,,,,,,,,,,,,,,,,False,False,False,False,,,,,,,,,,,,,,,minimal,0,,False,False,False,False,False,False,False,False,True,
1,2955,Sri Lanka Under-19s Women,SRI,1,16,VH Parmar,11,0,0,90/2,11.00,15.01,15.1,2,2,Vidhi Parmar to Vimoksha Balasuriya,,Vidhi Parmar to Vimoksha Balasuriya. 2 runs,82f1cc7c-5d46-40fc-b825-b034f242cb8c,239668,"India Under-19s Women v Sri Lanka U19 Women at Puducherry, 3rd ODI, 5 Jul 2026",9219,Sri Lanka Under-19s Women in India,2026,"Cricket Association Puducherry Siechem Ground, Puducherry",Women's youth one-day,2026-07-05,,,,,,,,,,,,,,,,,,,,,,,,,,,False,False,False,False,,,,,,,,,,,,,,,minimal,2,,False,False,False,False,False,False,False,False,False,
1,2955,Sri Lanka Under-19s Women,SRI,1,16,VH Parmar,11,0,0,90/2,11.00,15.02,15.2,4,4,Vidhi Parmar to Vimoksha Balasuriya,,FOUR! Vidhi Parmar to Vimoksha Balasuriya. 4 runs,82f1cc7c-5d46-40fc-b825-b034f242cb8c,239668,"India Under-19s Women v Sri Lanka U19 Women at Puducherry, 3rd ODI, 5 Jul 2026",9219,Sri Lanka Under-19s Women in India,2026,"Cricket Association Puducherry Siechem Ground, Puducherry",Women's youth one-day,2026-07-05,,,,,,,,,,,,,,,,,,,,,,,,,,,False,False,False,False,,,,,,,,,,,,,,,minimal,4,,False,False,False,False,False,False,True,False,False,
1,2955,Sri Lanka Under-19s Women,SRI,1,16,VH Parmar,11,0,0,90/2,11.00,15.03,15.3,4,4,Vidhi Parmar to Vimoksha Balasuriya,,FOUR! Vidhi Parmar to Vimoksha Balasuriya. 4 runs,82f1cc7c-5d46-40fc-b825-b034f242cb8c,239668,"India Under-19s Women v Sri Lanka U19 Women at Puducherry, 3rd ODI, 5 Jul 2026",9219,Sri Lanka Under-19s Women in India,2026,"Cricket Association Puducherry Siechem Ground, Puducherry",Women's youth one-day,2026-07-05,,,,,,,,,,,,,,,,,,,,,,,,,,,False,False,False,False,,,,,,,,,,,,,,,minimal,4,,False,False,False,False,False,False,True,False,False,
1,2955,Sri Lanka Under-19s Women,SRI,1,16,VH Parmar,11,0,0,90/2,11.00,15.04,15.4,0,0,Vidhi Parmar to Vimoksha Balasuriya,,Vidhi Parmar to Vimoksha Balasuriya. No run,82f1cc7c-5d46-40fc-b825-b034f242cb8c,239668,"India Under-19s Women v Sri Lanka U19 Women at Puducherry, 3rd ODI, 5 Jul 2026",9219,Sri Lanka Under-19s Women in India,2026,"Cricket Association Puducherry Siechem Ground, Puducherry",Women's youth one-day,2026-07-05,,,,,,,,,,,,,,,,,,,,,,,,,,,False,False,False,False,,,,,,,,,,,,,,,minimal,0,,False,False,False,False,False,False,False,False,True,
1,2955,Sri Lanka Under-19s Women,SRI,1,16,VH Parmar,11,0,0,90/2,11.00,15.05,15.5,0,0,Vidhi Parmar to Vimoksha Balasuriya,,Vidhi Parmar to Vimoksha Balasuriya. No run,82f1cc7c-5d46-40fc-b825-b034f242cb8c,239668,"India Under-19s Women v Sri Lanka U19 Women at Puducherry, 3rd ODI, 5 Jul 2026",9219,Sri Lanka Under-19s Women in India,2026,"Cricket Association Puducherry Siechem Ground, Puducherry",Women's youth one-day,2026-07-05,,,,,,,,,,,,,,,,,,,,,,,,,,,False,False,False,False,,,,,,,,,,,,,,,minimal,0,,False,False,False,False,False,False,False,False,True,
1,2955,Sri Lanka Under-19s Women,SRI,1,16,VH Parmar,11,0,0,90/2,11.00,15.06,15.6,1,1,Vidhi Parmar to Vimoksha Balasuriya,,Vidhi Parmar to Vimoksha Balasuriya. 1 run,82f1cc7c-5d46-40fc-b825-b034f242cb8c,239668,"India Under-19s Women v Sri Lanka U19 Women at Puducherry, 3rd ODI, 5 Jul 2026",9219,Sri Lanka Under-19s Women in India,2026,"Cricket Association Puducherry Siechem Ground, Puducherry",Women's youth one-day,2026-07-05,,,,,,,,,,,,,,,,,,,,,,,,,,,False,False,False,False,,,,,,,,,,,,,,,minimal,1,,False,False,False,False,False,False,False,False,False,
1,2955,Sri Lanka Under-19s Women,SRI,1,17,K Kandikuppa,4,0,0,94/2,4.00,16.01,16.1,1,1,Kashvi Kandikuppa to Vimoksha Balasuriya,,Kashvi Kandikuppa to Vimoksha Balasuriya. 1 run,82f1cc7c-5d46-40fc-b825-b034f242cb8c,239668,"India Under-19s Women v Sri Lanka U19 Women at Puducherry, 3rd ODI, 5 Jul 2026",9219,Sri Lanka Under-19s Women in India,2026,"Cricket Association Puducherry Siechem Ground, Puducherry",Women's youth one-day,2026-07-05,,,,,,,,,,,,,,,,,,,,,,,,,,,False,False,False,False,,,,,,,,,,,,,,,minimal,1,,False,False,False,False,False,False,False,False,False,
1,2955,Sri Lanka Under-19s Women,SRI,1,17,K Kandikuppa,4,0,0,94/2,4.00,16.02,16.2,1,1,Kashvi Kandikuppa to Nethagi Isuranjali,,Kashvi Kandikuppa to Nethagi Isuranjali. 1 run,82f1cc7c-5d46-40fc-b825-b034f242cb8c,239668,"India Under-19s Women v Sri Lanka U19 Women at Puducherry, 3rd ODI, 5 Jul 2026",9219,Sri Lanka Under-19s Women in India,2026,"Cricket Association Puducherry Siechem Ground, Puducherry",Women's youth one-day,2026-07-05,,,,,,,,,,,,,,,,,,,,,,,,,,,False,False,False,False,,,,,,,,,,,,,,,minimal,1,,False,False,False,False,False,False,False,False,False,
1,2955,Sri Lanka Under-19s Women,SRI,1,17,K Kandikuppa,4,0,0,94/2,4.00,16.03,16.3,1,1,Kashvi Kandikuppa to Vimoksha Balasuriya,,Kashvi Kandikuppa to Vimoksha Balasuriya. 1 run,82f1cc7c-5d46-40fc-b825-b034f242cb8c,239668,"India Under-19s Women v Sri Lanka U19 Women at Puducherry, 3rd ODI, 5 Jul 2026",9219,Sri Lanka Under-19s Women in India,2026,"Cricket Association Puducherry Siechem Ground, Puducherry",Women's youth one-day,2026-07-05,,,,,,,,,,,,,,,,,,,,,,,,,,,False,False,False,False,,,,,,,,,,,,,,,minimal,1,,False,False,False,False,False,False,False,False,False,
1,2955,Sri Lanka Under-19s Women,SRI,1,17,K Kandikuppa,4,0,0,94/2,4.00,16.04,16.4,0,0,Kashvi Kandikuppa to Nethagi Isuranjali,,Kashvi Kandikuppa to Nethagi Isuranjali. No run,82f1cc7c-5d46-40fc-b825-b034f242cb8c,239668,"India Under-19s Women v Sri Lanka U19 Women at Puducherry, 3rd ODI, 5 Jul 2026",9219,Sri Lanka Under-19s Women in India,2026,"Cricket Association Puducherry Siechem Ground, Puducherry",Women's youth one-day,2026-07-05,,,,,,,,,,,,,,,,,,,,,,,,,,,False,False,False,False,,,,,,,,,,,,,,,minimal,0,,False,False,False,False,False,False,False,False,True,
1,2955,Sri Lanka Under-19s Women,SRI,1,17,K Kandikuppa,4,0,0,94/2,4.00,16.05,16.5,0,0,Kashvi Kandikuppa to Nethagi Isuranjali,,Kashvi Kandikuppa to Nethagi Isuranjali. No run,82f1cc7c-5d46-40fc-b825-b034f242cb8c,239668,"India Under-19s Women v Sri Lanka U19 Women at Puducherry, 3rd ODI, 5 Jul 2026",9219,Sri Lanka Under-19s Women in India,2026,"Cricket Association Puducherry Siechem Ground, Puducherry",Women's youth one-day,2026-07-05,,,,,,,,,,,,,,,,,,,,,,,,,,,False,False,False,False,,,,,,,,,,,,,,,minimal,0,,False,False,False,False,False,False,False,False,True,
1,2955,Sri Lanka Under-19s Women,SRI,1,17,K Kandikuppa,4,0,0,94/2,4.00,16.06,16.6,1,1,Kashvi Kandikuppa to Nethagi Isuranjali,,Kashvi Kandikuppa to Nethagi Isuranjali. 1 run,82f1cc7c-5d46-40fc-b825-b034f242cb8c,239668,"India Under-19s Women v Sri Lanka U19 Women at Puducherry, 3rd ODI, 5 Jul 2026",9219,Sri Lanka Under-19s Women in India,2026,"Cricket Association Puducherry Siechem Ground, Puducherry",Women's youth one-day,2026-07-05,,,,,,,,,,,,,,,,,,,,,,,,,,,False,False,False,False,,,,,,,,,,,,,,,minimal,1,,False,False,False,False,False,False,False,False,False,
1,2955,Sri Lanka Under-19s Women,SRI,1,18,MR Narwase,4,0,0,98/2,4.00,17.01,17.1,0,0,Mahak Narwase to Nethagi Isuranjali,,Mahak Narwase to Nethagi Isuranjali. No run,82f1cc7c-5d46-40fc-b825-b034f242cb8c,239668,"India Under-19s Women v Sri Lanka U19 Women at Puducherry, 3rd ODI, 5 Jul 2026",9219,Sri Lanka Under-19s Women in India,2026,"Cricket Association Puducherry Siechem Ground, Puducherry",Women's youth one-day,2026-07-05,,,,,,,,,,,,,,,,,,,,,,,,,,,False,False,False,False,,,,,,,,,,,,,,,minimal,0,,False,False,False,False,False,False,False,False,True,
1,2955,Sri Lanka Under-19s Women,SRI,1,18,MR Narwase,4,0,0,98/2,4.00,17.02,17.2,1,1,Mahak Narwase to Nethagi Isuranjali,,Mahak Narwase to Nethagi Isuranjali. 1 run,82f1cc7c-5d46-40fc-b825-b034f242cb8c,239668,"India Under-19s Women v Sri Lanka U19 Women at Puducherry, 3rd ODI, 5 Jul 2026",9219,Sri Lanka Under-19s Women in India,2026,"Cricket Association Puducherry Siechem Ground, Puducherry",Women's youth one-day,2026-07-05,,,,,,,,,,,,,,,,,,,,,,,,,,,False,False,False,False,,,,,,,,,,,,,,,minimal,1,,False,False,False,False,False,False,False,False,False,
1,2955,Sri Lanka Under-19s Women,SRI,1,18,MR Narwase,4,0,0,98/2,4.00,17.03,17.3,1,1,Mahak Narwase to Vimoksha Balasuriya,,Mahak Narwase to Vimoksha Balasuriya. 1 run,82f1cc7c-5d46-40fc-b825-b034f242cb8c,239668,"India Under-19s Women v Sri Lanka U19 Women at Puducherry, 3rd ODI, 5 Jul 2026",9219,Sri Lanka Under-19s Women in India,2026,"Cricket Association Puducherry Siechem Ground, Puducherry",Women's youth one-day,2026-07-05,,,,,,,,,,,,,,,,,,,,,,,,,,,False,False,False,False,,,,,,,,,,,,,,,minimal,1,,False,False,False,False,False,False,False,False,False,
1,2955,Sri Lanka Under-19s Women,SRI,1,18,MR Narwase,4,0,0,98/2,4.00,17.04,17.4,1,1,Mahak Narwase to Nethagi Isuranjali,,Mahak Narwase to Nethagi Isuranjali. 1 run,82f1cc7c-5d46-40fc-b825-b034f242cb8c,239668,"India Under-19s Women v Sri Lanka U19 Women at Puducherry, 3rd ODI, 5 Jul 2026",9219,Sri Lanka Under-19s Women in India,2026,"Cricket Association Puducherry Siechem Ground, Puducherry",Women's youth one-day,2026-07-05,,,,,,,,,,,,,,,,,,,,,,,,,,,False,False,False,False,,,,,,,,,,,,,,,minimal,1,,False,False,False,False,False,False,False,False,False,
1,2955,Sri Lanka Under-19s Women,SRI,1,18,MR Narwase,4,0,0,98/2,4.00,17.05,17.5,0,0,Mahak Narwase to Vimoksha Balasuriya,,Mahak Narwase to Vimoksha Balasuriya. No run,82f1cc7c-5d46-40fc-b825-b034f242cb8c,239668,"India Under-19s Women v Sri Lanka U19 Women at Puducherry, 3rd ODI, 5 Jul 2026",9219,Sri Lanka Under-19s Women in India,2026,"Cricket Association Puducherry Siechem Ground, Puducherry",Women's youth one-day,2026-07-05,,,,,,,,,,,,,,,,,,,,,,,,,,,False,False,False,False,,,,,,,,,,,,,,,minimal,0,,False,False,False,False,False,False,False,False,True,
1,2955,Sri Lanka Under-19s Women,SRI,1,18,MR Narwase,4,0,0,98/2,4.00,17.06,17.6,1,1,Mahak Narwase to Vimoksha Balasuriya,,Mahak Narwase to Vimoksha Balasuriya. 1 run,82f1cc7c-5d46-40fc-b825-b034f242cb8c,239668,"India Under-19s Women v Sri Lanka U19 Women at Puducherry, 3rd ODI, 5 Jul 2026",9219,Sri Lanka Under-19s Women in India,2026,"Cricket Association Puducherry Siechem Ground, Puducherry",Women's youth one-day,2026-07-05,,,,,,,,,,,,,,,,,,,,,,,,,,,False,False,False,False,,,,,,,,,,,,,,,minimal,1,,False,False,False,False,False,False,False,False,False,
1,2955,Sri Lanka Under-19s Women,SRI,1,19,K Palak,2,0,0,100/2,2.00,18.01,18.1,0,0,Kumari Palak to Vimoksha Balasuriya,,Kumari Palak to Vimoksha Balasuriya. No run,82f1cc7c-5d46-40fc-b825-b034f242cb8c,239668,"India Under-19s Women v Sri Lanka U19 Women at Puducherry, 3rd ODI, 5 Jul 2026",9219,Sri Lanka Under-19s Women in India,2026,"Cricket Association Puducherry Siechem Ground, Puducherry",Women's youth one-day,2026-07-05,,,,,,,,,,,,,,,,,,,,,,,,,,,False,False,False,False,,,,,,,,,,,,,,,minimal,0,,False,False,False,False,False,False,False,False,True,
1,2955,Sri Lanka Under-19s Women,SRI,1,19,K Palak,2,0,0,100/2,2.00,18.02,18.2,1,1,Kumari Palak to Vimoksha Balasuriya,,Kumari Palak to Vimoksha Balasuriya. 1 run,82f1cc7c-5d46-40fc-b825-b034f242cb8c,239668,"India Under-19s Women v Sri Lanka U19 Women at Puducherry, 3rd ODI, 5 Jul 2026",9219,Sri Lanka Under-19s Women in India,2026,"Cricket Association Puducherry Siechem Ground, Puducherry",Women's youth one-day,2026-07-05,,,,,,,,,,,,,,,,,,,,,,,,,,,False,False,False,False,,,,,,,,,,,,,,,minimal,1,,False,False,False,False,False,False,False,False,False,
1,2955,Sri Lanka Under-19s Women,SRI,1,19,K Palak,2,0,0,100/2,2.00,18.03,18.3,1,1,Kumari Palak to Nethagi Isuranjali,,Kumari Palak to Nethagi Isuranjali. 1 run,82f1cc7c-5d46-40fc-b825-b034f242cb8c,239668,"India Under-19s Women v Sri Lanka U19 Women at Puducherry, 3rd ODI, 5 Jul 2026",9219,Sri Lanka Under-19s Women in India,2026,"Cricket Association Puducherry Siechem Ground, Puducherry",Women's youth one-day,2026-07-05,,,,,,,,,,,,,,,,,,,,,,,,,,,False,False,False,False,,,,,,,,,,,,,,,minimal,1,,False,False,False,False,False,False,False,False,False,
1,2955,Sri Lanka Under-19s Women,SRI,1,19,K Palak,2,0,0,100/2,2.00,18.04,18.4,0,0,Kumari Palak to Vimoksha Balasuriya,,Kumari Palak to Vimoksha Balasuriya. No run,82f1cc7c-5d46-40fc-b825-b034f242cb8c,239668,"India Under-19s Women v Sri Lanka U19 Women at Puducherry, 3rd ODI, 5 Jul 2026",9219,Sri Lanka Under-19s Women in India,2026,"Cricket Association Puducherry Siechem Ground, Puducherry",Women's youth one-day,2026-07-05,,,,,,,,,,,,,,,,,,,,,,,,,,,False,False,False,False,,,,,,,,,,,,,,,minimal,0,,False,False,False,False,False,False,False,False,True,
1,2955,Sri Lanka Under-19s Women,SRI,1,19,K Palak,2,0,0,100/2,2.00,18.05,18.5,0,0,Kumari Palak to Vimoksha Balasuriya,,Kumari Palak to Vimoksha Balasuriya. No run,82f1cc7c-5d46-40fc-b825-b034f242cb8c,239668,"India Under-19s Women v Sri Lanka U19 Women at Puducherry, 3rd ODI, 5 Jul 2026",9219,Sri Lanka Under-19s Women in India,2026,"Cricket Association Puducherry Siechem Ground, Puducherry",Women's youth one-day,2026-07-05,,,,,,,,,,,,,,,,,,,,,,,,,,,False,False,False,False,,,,,,,,,,,,,,,minimal,0,,False,False,False,False,False,False,False,False,True,
1,2955,Sri Lanka Under-19s Women,SRI,1,19,K Palak,2,0,0,100/2,2.00,18.06,18.6,0,0,Kumari Palak to Vimoksha Balasuriya,,Kumari Palak to Vimoksha Balasuriya. No run,82f1cc7c-5d46-40fc-b825-b034f242cb8c,239668,"India Under-19s Women v Sri Lanka U19 Women at Puducherry, 3rd ODI, 5 Jul 2026",9219,Sri Lanka Under-19s Women in India,2026,"Cricket Association Puducherry Siechem Ground, Puducherry",Women's youth one-day,2026-07-05,,,,,,,,,,,,,,,,,,,,,,,,,,,False,False,False,False,,,,,,,,,,,,,,,minimal,0,,False,False,False,False,False,False,False,False,True,
1,2955,Sri Lanka Under-19s Women,SRI,1,20,MR Narwase,0,0,2,100/4,0.00,19.01,19.1,0,0,Mahak Narwase to Nethagi Isuranjali,,Mahak Narwase to Nethagi Isuranjali. No run,82f1cc7c-5d46-40fc-b825-b034f242cb8c,239668,"India Under-19s Women v Sri Lanka U19 Women at Puducherry, 3rd ODI, 5 Jul 2026",9219,Sri Lanka Under-19s Women in India,2026,"Cricket Association Puducherry Siechem Ground, Puducherry",Women's youth one-day,2026-07-05,,,,,,,,,,,,,,,,,,,,,,,,,,,False,False,False,False,,,,,,,,,,,,,,,minimal,0,,False,False,False,False,False,False,False,False,True,
1,2955,Sri Lanka Under-19s Women,SRI,1,20,MR Narwase,0,0,2,100/4,0.00,19.02,19.2,0,W,Mahak Narwase to Nethagi Isuranjali,,OUT! Mahak Narwase to Nethagi Isuranjali. No run,82f1cc7c-5d46-40fc-b825-b034f242cb8c,239668,"India Under-19s Women v Sri Lanka U19 Women at Puducherry, 3rd ODI, 5 Jul 2026",9219,Sri Lanka Under-19s Women in India,2026,"Cricket Association Puducherry Siechem Ground, Puducherry",Women's youth one-day,2026-07-05,,,,,,,,,,,,,,,,,,,,,,,,,,,False,False,False,False,,,,,,,,,,,,,,,minimal,0,,True,False,False,False,False,False,False,False,False,
1,2955,Sri Lanka Under-19s Women,SRI,1,20,MR Narwase,0,0,2,100/4,0.00,19.03,19.3,0,0,Mahak Narwase to Manudi Nanayakkara,,Mahak Narwase to Manudi Nanayakkara. No run,82f1cc7c-5d46-40fc-b825-b034f242cb8c,239668,"India Under-19s Women v Sri Lanka U19 Women at Puducherry, 3rd ODI, 5 Jul 2026",9219,Sri Lanka Under-19s Women in India,2026,"Cricket Association Puducherry Siechem Ground, Puducherry",Women's youth one-day,2026-07-05,,,,,,,,,,,,,,,,,,,,,,,,,,,False,False,False,False,,,,,,,,,,,,,,,minimal,0,,False,False,False,False,False,False,False,False,True,
1,2955,Sri Lanka Under-19s Women,SRI,1,20,MR Narwase,0,0,2,100/4,0.00,19.04,19.4,0,0,Mahak Narwase to Manudi Nanayakkara,,Mahak Narwase to Manudi Nanayakkara. No run,82f1cc7c-5d46-40fc-b825-b034f242cb8c,239668,"India Under-19s Women v Sri Lanka U19 Women at Puducherry, 3rd ODI, 5 Jul 2026",9219,Sri Lanka Under-19s Women in India,2026,"Cricket Association Puducherry Siechem Ground, Puducherry",Women's youth one-day,2026-07-05,,,,,,,,,,,,,,,,,,,,,,,,,,,False,False,False,False,,,,,,,,,,,,,,,minimal,0,,False,False,False,False,False,False,False,False,True,
1,2955,Sri Lanka Under-19s Women,SRI,1,20,MR Narwase,0,0,2,100/4,0.00,19.05,19.5,0,0,Mahak Narwase to Manudi Nanayakkara,,Mahak Narwase to Manudi Nanayakkara. No run,82f1cc7c-5d46-40fc-b825-b034f242cb8c,239668,"India Under-19s Women v Sri Lanka U19 Women at Puducherry, 3rd ODI, 5 Jul 2026",9219,Sri Lanka Under-19s Women in India,2026,"Cricket Association Puducherry Siechem Ground, Puducherry",Women's youth one-day,2026-07-05,,,,,,,,,,,,,,,,,,,,,,,,,,,False,False,False,False,,,,,,,,,,,,,,,minimal,0,,False,False,False,False,False,False,False,False,True,
1,2955,Sri Lanka Under-19s Women,SRI,1,20,MR Narwase,0,0,2,100/4,0.00,19.06,19.6,0,W,Mahak Narwase to Manudi Nanayakkara,,OUT! Mahak Narwase to Manudi Nanayakkara. No run,82f1cc7c-5d46-40fc-b825-b034f242cb8c,239668,"India Under-19s Women v Sri Lanka U19 Women at Puducherry, 3rd ODI, 5 Jul 2026",9219,Sri Lanka Under-19s Women in India,2026,"Cricket Association Puducherry Siechem Ground, Puducherry",Women's youth one-day,2026-07-05,,,,,,,,,,,,,,,,,,,,,,,,,,,False,False,False,False,,,,,,,,,,,,,,,minimal,0,,True,False,False,False,False,False,False,False,False,
1,2955,Sri Lanka Under-19s Women,SRI,1,21,K Palak,1,0,0,101/4,1.00,20.01,20.1,0,0,Kumari Palak to Vimoksha Balasuriya,,Kumari Palak to Vimoksha Balasuriya. No run,82f1cc7c-5d46-40fc-b825-b034f242cb8c,239668,"India Under-19s Women v Sri Lanka U19 Women at Puducherry, 3rd ODI, 5 Jul 2026",9219,Sri Lanka Under-19s Women in India,2026,"Cricket Association Puducherry Siechem Ground, Puducherry",Women's youth one-day,2026-07-05,,,,,,,,,,,,,,,,,,,,,,,,,,,False,False,False,False,,,,,,,,,,,,,,,minimal,0,,False,False,False,False,False,False,False,False,True,
1,2955,Sri Lanka Under-19s Women,SRI,1,21,K Palak,1,0,0,101/4,1.00,20.02,20.2,0,0,Kumari Palak to Vimoksha Balasuriya,,Kumari Palak to Vimoksha Balasuriya. No run,82f1cc7c-5d46-40fc-b825-b034f242cb8c,239668,"India Under-19s Women v Sri Lanka U19 Women at Puducherry, 3rd ODI, 5 Jul 2026",9219,Sri Lanka Under-19s Women in India,2026,"Cricket Association Puducherry Siechem Ground, Puducherry",Women's youth one-day,2026-07-05,,,,,,,,,,,,,,,,,,,,,,,,,,,False,False,False,False,,,,,,,,,,,,,,,minimal,0,,False,False,False,False,False,False,False,False,True,
1,2955,Sri Lanka Under-19s Women,SRI,1,21,K Palak,1,0,0,101/4,1.00,20.03,20.3,1,1,Kumari Palak to Vimoksha Balasuriya,,Kumari Palak to Vimoksha Balasuriya. 1 run,82f1cc7c-5d46-40fc-b825-b034f242cb8c,239668,"India Under-19s Women v Sri Lanka U19 Women at Puducherry, 3rd ODI, 5 Jul 2026",9219,Sri Lanka Under-19s Women in India,2026,"Cricket Association Puducherry Siechem Ground, Puducherry",Women's youth one-day,2026-07-05,,,,,,,,,,,,,,,,,,,,,,,,,,,False,False,False,False,,,,,,,,,,,,,,,minimal,1,,False,False,False,False,False,False,False,False,False,
1,2955,Sri Lanka Under-19s Women,SRI,1,21,K Palak,1,0,0,101/4,1.00,20.04,20.4,0,0,Kumari Palak to Danodya Sewmini,,Kumari Palak to Danodya Sewmini. No run,82f1cc7c-5d46-40fc-b825-b034f242cb8c,239668,"India Under-19s Women v Sri Lanka U19 Women at Puducherry, 3rd ODI, 5 Jul 2026",9219,Sri Lanka Under-19s Women in India,2026,"Cricket Association Puducherry Siechem Ground, Puducherry",Women's youth one-day,2026-07-05,,,,,,,,,,,,,,,,,,,,,,,,,,,False,False,False,False,,,,,,,,,,,,,,,minimal,0,,False,False,False,False,False,False,False,False,True,
1,2955,Sri Lanka Under-19s Women,SRI,1,21,K Palak,1,0,0,101/4,1.00,20.05,20.5,0,0,Kumari Palak to Danodya Sewmini,,Kumari Palak to Danodya Sewmini. No run,82f1cc7c-5d46-40fc-b825-b034f242cb8c,239668,"India Under-19s Women v Sri Lanka U19 Women at Puducherry, 3rd ODI, 5 Jul 2026",9219,Sri Lanka Under-19s Women in India,2026,"Cricket Association Puducherry Siechem Ground, Puducherry",Women's youth one-day,2026-07-05,,,,,,,,,,,,,,,,,,,,,,,,,,,False,False,False,False,,,,,,,,,,,,,,,minimal,0,,False,False,False,False,False,False,False,False,True,
1,2955,Sri Lanka Under-19s Women,SRI,1,21,K Palak,1,0,0,101/4,1.00,20.06,20.6,0,0,Kumari Palak to Danodya Sewmini,,Kumari Palak to Danodya Sewmini. No run,82f1cc7c-5d46-40fc-b825-b034f242cb8c,239668,"India Under-19s Women v Sri Lanka U19 Women at Puducherry, 3rd ODI, 5 Jul 2026",9219,Sri Lanka Under-19s Women in India,2026,"Cricket Association Puducherry Siechem Ground, Puducherry",Women's youth one-day,2026-07-05,,,,,,,,,,,,,,,,,,,,,,,,,,,False,False,False,False,,,,,,,,,,,,,,,minimal,0,,False,False,False,False,False,False,False,False,True,
1,2955,Sri Lanka Under-19s Women,SRI,1,22,MR Narwase,3,0,0,104/4,3.00,21.01,21.1,0,0,Mahak Narwase to Vimoksha Balasuriya,,Mahak Narwase to Vimoksha Balasuriya. No run,82f1cc7c-5d46-40fc-b825-b034f242cb8c,239668,"India Under-19s Women v Sri Lanka U19 Women at Puducherry, 3rd ODI, 5 Jul 2026",9219,Sri Lanka Under-19s Women in India,2026,"Cricket Association Puducherry Siechem Ground, Puducherry",Women's youth one-day,2026-07-05,,,,,,,,,,,,,,,,,,,,,,,,,,,False,False,False,False,,,,,,,,,,,,,,,minimal,0,,False,False,False,False,False,False,False,False,True,
1,2955,Sri Lanka Under-19s Women,SRI,1,22,MR Narwase,3,0,0,104/4,3.00,21.02,21.2,1,1,Mahak Narwase to Vimoksha Balasuriya,,Mahak Narwase to Vimoksha Balasuriya. 1 run,82f1cc7c-5d46-40fc-b825-b034f242cb8c,239668,"India Under-19s Women v Sri Lanka U19 Women at Puducherry, 3rd ODI, 5 Jul 2026",9219,Sri Lanka Under-19s Women in India,2026,"Cricket Association Puducherry Siechem Ground, Puducherry",Women's youth one-day,2026-07-05,,,,,,,,,,,,,,,,,,,,,,,,,,,False,False,False,False,,,,,,,,,,,,,,,minimal,1,,False,False,False,False,False,False,False,False,False,
1,2955,Sri Lanka Under-19s Women,SRI,1,22,MR Narwase,3,0,0,104/4,3.00,21.03,21.3,0,0,Mahak Narwase to Danodya Sewmini,,Mahak Narwase to Danodya Sewmini. No run,82f1cc7c-5d46-40fc-b825-b034f242cb8c,239668,"India Under-19s Women v Sri Lanka U19 Women at Puducherry, 3rd ODI, 5 Jul 2026",9219,Sri Lanka Under-19s Women in India,2026,"Cricket Association Puducherry Siechem Ground, Puducherry",Women's youth one-day,2026-07-05,,,,,,,,,,,,,,,,,,,,,,,,,,,False,False,False,False,,,,,,,,,,,,,,,minimal,0,,False,False,False,False,False,False,False,False,True,
1,2955,Sri Lanka Under-19s Women,SRI,1,22,MR Narwase,3,0,0,104/4,3.00,21.04,21.4,1,1,Mahak Narwase to Danodya Sewmini,,Mahak Narwase to Danodya Sewmini. 1 run,82f1cc7c-5d46-40fc-b825-b034f242cb8c,239668,"India Under-19s Women v Sri Lanka U19 Women at Puducherry, 3rd ODI, 5 Jul 2026",9219,Sri Lanka Under-19s Women in India,2026,"Cricket Association Puducherry Siechem Ground, Puducherry",Women's youth one-day,2026-07-05,,,,,,,,,,,,,,,,,,,,,,,,,,,False,False,False,False,,,,,,,,,,,,,,,minimal,1,,False,False,False,False,False,False,False,False,False,
1,2955,Sri Lanka Under-19s Women,SRI,1,22,MR Narwase,3,0,0,104/4,3.00,21.05,21.5,0,0,Mahak Narwase to Vimoksha Balasuriya,,Mahak Narwase to Vimoksha Balasuriya. No run,82f1cc7c-5d46-40fc-b825-b034f242cb8c,239668,"India Under-19s Women v Sri Lanka U19 Women at Puducherry, 3rd ODI, 5 Jul 2026",9219,Sri Lanka Under-19s Women in India,2026,"Cricket Association Puducherry Siechem Ground, Puducherry",Women's youth one-day,2026-07-05,,,,,,,,,,,,,,,,,,,,,,,,,,,False,False,False,False,,,,,,,,,,,,,,,minimal,0,,False,False,False,False,False,False,False,False,True,
1,2955,Sri Lanka Under-19s Women,SRI,1,22,MR Narwase,3,0,0,104/4,3.00,21.06,21.6,1,1,Mahak Narwase to Vimoksha Balasuriya,,Mahak Narwase to Vimoksha Balasuriya. 1 run,82f1cc7c-5d46-40fc-b825-b034f242cb8c,239668,"India Under-19s Women v Sri Lanka U19 Women at Puducherry, 3rd ODI, 5 Jul 2026",9219,Sri Lanka Under-19s Women in India,2026,"Cricket Association Puducherry Siechem Ground, Puducherry",Women's youth one-day,2026-07-05,,,,,,,,,,,,,,,,,,,,,,,,,,,False,False,False,False,,,,,,,,,,,,,,,minimal,1,,False,False,False,False,False,False,False,False,False,
1,2955,Sri Lanka Under-19s Women,SRI,1,23,K Palak,2,0,0,106/4,2.00,22.01,22.1,0,0,Kumari Palak to Vimoksha Balasuriya,,Kumari Palak to Vimoksha Balasuriya. No run,82f1cc7c-5d46-40fc-b825-b034f242cb8c,239668,"India Under-19s Women v Sri Lanka U19 Women at Puducherry, 3rd ODI, 5 Jul 2026",9219,Sri Lanka Under-19s Women in India,2026,"Cricket Association Puducherry Siechem Ground, Puducherry",Women's youth one-day,2026-07-05,,,,,,,,,,,,,,,,,,,,,,,,,,,False,False,False,False,,,,,,,,,,,,,,,minimal,0,,False,False,False,False,False,False,False,False,True,
1,2955,Sri Lanka Under-19s Women,SRI,1,23,K Palak,2,0,0,106/4,2.00,22.02,22.2,0,0,Kumari Palak to Vimoksha Balasuriya,,Kumari Palak to Vimoksha Balasuriya. No run,82f1cc7c-5d46-40fc-b825-b034f242cb8c,239668,"India Under-19s Women v Sri Lanka U19 Women at Puducherry, 3rd ODI, 5 Jul 2026",9219,Sri Lanka Under-19s Women in India,2026,"Cricket Association Puducherry Siechem Ground, Puducherry",Women's youth one-day,2026-07-05,,,,,,,,,,,,,,,,,,,,,,,,,,,False,False,False,False,,,,,,,,,,,,,,,minimal,0,,False,False,False,False,False,False,False,False,True,
1,2955,Sri Lanka Under-19s Women,SRI,1,23,K Palak,2,0,0,106/4,2.00,22.03,22.3,0,0,Kumari Palak to Vimoksha Balasuriya,,Kumari Palak to Vimoksha Balasuriya. No run,82f1cc7c-5d46-40fc-b825-b034f242cb8c,239668,"India Under-19s Women v Sri Lanka U19 Women at Puducherry, 3rd ODI, 5 Jul 2026",9219,Sri Lanka Under-19s Women in India,2026,"Cricket Association Puducherry Siechem Ground, Puducherry",Women's youth one-day,2026-07-05,,,,,,,,,,,,,,,,,,,,,,,,,,,False,False,False,False,,,,,,,,,,,,,,,minimal,0,,False,False,False,False,False,False,False,False,True,
1,2955,Sri Lanka Under-19s Women,SRI,1,23,K Palak,2,0,0,106/4,2.00,22.04,22.4,0,0,Kumari Palak to Vimoksha Balasuriya,,Kumari Palak to Vimoksha Balasuriya. No run,82f1cc7c-5d46-40fc-b825-b034f242cb8c,239668,"India Under-19s Women v Sri Lanka U19 Women at Puducherry, 3rd ODI, 5 Jul 2026",9219,Sri Lanka Under-19s Women in India,2026,"Cricket Association Puducherry Siechem Ground, Puducherry",Women's youth one-day,2026-07-05,,,,,,,,,,,,,,,,,,,,,,,,,,,False,False,False,False,,,,,,,,,,,,,,,minimal,0,,False,False,False,False,False,False,False,False,True,
1,2955,Sri Lanka Under-19s Women,SRI,1,23,K Palak,2,0,0,106/4,2.00,22.05,22.5,1,1,Kumari Palak to Vimoksha Balasuriya,,Kumari Palak to Vimoksha Balasuriya. 1 run,82f1cc7c-5d46-40fc-b825-b034f242cb8c,239668,"India Under-19s Women v Sri Lanka U19 Women at Puducherry, 3rd ODI, 5 Jul 2026",9219,Sri Lanka Under-19s Women in India,2026,"Cricket Association Puducherry Siechem Ground, Puducherry",Women's youth one-day,2026-07-05,,,,,,,,,,,,,,,,,,,,,,,,,,,False,False,False,False,,,,,,,,,,,,,,,minimal,1,,False,False,False,False,False,False,False,False,False,
1,2955,Sri Lanka Under-19s Women,SRI,1,23,K Palak,2,0,0,106/4,2.00,22.06,22.6,1,1,Kumari Palak to Danodya Sewmini,,Kumari Palak to Danodya Sewmini. 1 run,82f1cc7c-5d46-40fc-b825-b034f242cb8c,239668,"India Under-19s Women v Sri Lanka U19 Women at Puducherry, 3rd ODI, 5 Jul 2026",9219,Sri Lanka Under-19s Women in India,2026,"Cricket Association Puducherry Siechem Ground, Puducherry",Women's youth one-day,2026-07-05,,,,,,,,,,,,,,,,,,,,,,,,,,,False,False,False,False,,,,,,,,,,,,,,,minimal,1,,False,False,False,False,False,False,False,False,False,
1,2955,Sri Lanka Under-19s Women,SRI,1,24,MR Narwase,1,0,0,107/4,1.00,23.01,23.1,1,1,Mahak Narwase to Danodya Sewmini,,Mahak Narwase to Danodya Sewmini. 1 run,82f1cc7c-5d46-40fc-b825-b034f242cb8c,239668,"India Under-19s Women v Sri Lanka U19 Women at Puducherry, 3rd ODI, 5 Jul 2026",9219,Sri Lanka Under-19s Women in India,2026,"Cricket Association Puducherry Siechem Ground, Puducherry",Women's youth one-day,2026-07-05,,,,,,,,,,,,,,,,,,,,,,,,,,,False,False,False,False,,,,,,,,,,,,,,,minimal,1,,False,False,False,False,False,False,False,False,False,
1,2955,Sri Lanka Under-19s Women,SRI,1,24,MR Narwase,1,0,0,107/4,1.00,23.02,23.2,0,0,Mahak Narwase to Vimoksha Balasuriya,,Mahak Narwase to Vimoksha Balasuriya. No run,82f1cc7c-5d46-40fc-b825-b034f242cb8c,239668,"India Under-19s Women v Sri Lanka U19 Women at Puducherry, 3rd ODI, 5 Jul 2026",9219,Sri Lanka Under-19s Women in India,2026,"Cricket Association Puducherry Siechem Ground, Puducherry",Women's youth one-day,2026-07-05,,,,,,,,,,,,,,,,,,,,,,,,,,,False,False,False,False,,,,,,,,,,,,,,,minimal,0,,False,False,False,False,False,False,False,False,True,
1,2955,Sri Lanka Under-19s Women,SRI,1,24,MR Narwase,1,0,0,107/4,1.00,23.03,23.3,0,0,Mahak Narwase to Vimoksha Balasuriya,,Mahak Narwase to Vimoksha Balasuriya. No run,82f1cc7c-5d46-40fc-b825-b034f242cb8c,239668,"India Under-19s Women v Sri Lanka U19 Women at Puducherry, 3rd ODI, 5 Jul 2026",9219,Sri Lanka Under-19s Women in India,2026,"Cricket Association Puducherry Siechem Ground, Puducherry",Women's youth one-day,2026-07-05,,,,,,,,,,,,,,,,,,,,,,,,,,,False,False,False,False,,,,,,,,,,,,,,,minimal,0,,False,False,False,False,False,False,False,False,True,
1,2955,Sri Lanka Under-19s Women,SRI,1,24,MR Narwase,1,0,0,107/4,1.00,23.04,23.4,0,0,Mahak Narwase to Vimoksha Balasuriya,,Mahak Narwase to Vimoksha Balasuriya. No run,82f1cc7c-5d46-40fc-b825-b034f242cb8c,239668,"India Under-19s Women v Sri Lanka U19 Women at Puducherry, 3rd ODI, 5 Jul 2026",9219,Sri Lanka Under-19s Women in India,2026,"Cricket Association Puducherry Siechem Ground, Puducherry",Women's youth one-day,2026-07-05,,,,,,,,,,,,,,,,,,,,,,,,,,,False,False,False,False,,,,,,,,,,,,,,,minimal,0,,False,False,False,False,False,False,False,False,True,
1,2955,Sri Lanka Under-19s Women,SRI,1,24,MR Narwase,1,0,0,107/4,1.00,23.05,23.5,0,0,Mahak Narwase to Vimoksha Balasuriya,,Mahak Narwase to Vimoksha Balasuriya. No run,82f1cc7c-5d46-40fc-b825-b034f242cb8c,239668,"India Under-19s Women v Sri Lanka U19 Women at Puducherry, 3rd ODI, 5 Jul 2026",9219,Sri Lanka Under-19s Women in India,2026,"Cricket Association Puducherry Siechem Ground, Puducherry",Women's youth one-day,2026-07-05,,,,,,,,,,,,,,,,,,,,,,,,,,,False,False,False,False,,,,,,,,,,,,,,,minimal,0,,False,False,False,False,False,False,False,False,True,
1,2955,Sri Lanka Under-19s Women,SRI,1,24,MR Narwase,1,0,0,107/4,1.00,23.06,23.6,0,0,Mahak Narwase to Vimoksha Balasuriya,,Mahak Narwase to Vimoksha Balasuriya. No run,82f1cc7c-5d46-40fc-b825-b034f242cb8c,239668,"India Under-19s Women v Sri Lanka U19 Women at Puducherry, 3rd ODI, 5 Jul 2026",9219,Sri Lanka Under-19s Women in India,2026,"Cricket Association Puducherry Siechem Ground, Puducherry",Women's youth one-day,2026-07-05,,,,,,,,,,,,,,,,,,,,,,,,,,,False,False,False,False,,,,,,,,,,,,,,,minimal,0,,False,False,False,False,False,False,False,False,True,
1,2955,Sri Lanka Under-19s Women,SRI,1,25,K Palak,2,0,0,109/4,2.00,24.01,24.1,0,0,Kumari Palak to Danodya Sewmini,,Kumari Palak to Danodya Sewmini. No run,82f1cc7c-5d46-40fc-b825-b034f242cb8c,239668,"India Under-19s Women v Sri Lanka U19 Women at Puducherry, 3rd ODI, 5 Jul 2026",9219,Sri Lanka Under-19s Women in India,2026,"Cricket Association Puducherry Siechem Ground, Puducherry",Women's youth one-day,2026-07-05,,,,,,,,,,,,,,,,,,,,,,,,,,,False,False,False,False,,,,,,,,,,,,,,,minimal,0,,False,False,False,False,False,False,False,False,True,
1,2955,Sri Lanka Under-19s Women,SRI,1,25,K Palak,2,0,0,109/4,2.00,24.02,24.2,0,0,Kumari Palak to Danodya Sewmini,,Kumari Palak to Danodya Sewmini. No run,82f1cc7c-5d46-40fc-b825-b034f242cb8c,239668,"India Under-19s Women v Sri Lanka U19 Women at Puducherry, 3rd ODI, 5 Jul 2026",9219,Sri Lanka Under-19s Women in India,2026,"Cricket Association Puducherry Siechem Ground, Puducherry",Women's youth one-day,2026-07-05,,,,,,,,,,,,,,,,,,,,,,,,,,,False,False,False,False,,,,,,,,,,,,,,,minimal,0,,False,False,False,False,False,False,False,False,True,
1,2955,Sri Lanka Under-19s Women,SRI,1,25,K Palak,2,0,0,109/4,2.00,24.03,24.3,0,0,Kumari Palak to Danodya Sewmini,,Kumari Palak to Danodya Sewmini. No run,82f1cc7c-5d46-40fc-b825-b034f242cb8c,239668,"India Under-19s Women v Sri Lanka U19 Women at Puducherry, 3rd ODI, 5 Jul 2026",9219,Sri Lanka Under-19s Women in India,2026,"Cricket Association Puducherry Siechem Ground, Puducherry",Women's youth one-day,2026-07-05,,,,,,,,,,,,,,,,,,,,,,,,,,,False,False,False,False,,,,,,,,,,,,,,,minimal,0,,False,False,False,False,False,False,False,False,True,
1,2955,Sri Lanka Under-19s Women,SRI,1,25,K Palak,2,0,0,109/4,2.00,24.04,24.4,0,0,Kumari Palak to Danodya Sewmini,,Kumari Palak to Danodya Sewmini. No run,82f1cc7c-5d46-40fc-b825-b034f242cb8c,239668,"India Under-19s Women v Sri Lanka U19 Women at Puducherry, 3rd ODI, 5 Jul 2026",9219,Sri Lanka Under-19s Women in India,2026,"Cricket Association Puducherry Siechem Ground, Puducherry",Women's youth one-day,2026-07-05,,,,,,,,,,,,,,,,,,,,,,,,,,,False,False,False,False,,,,,,,,,,,,,,,minimal,0,,False,False,False,False,False,False,False,False,True,
1,2955,Sri Lanka Under-19s Women,SRI,1,25,K Palak,2,0,0,109/4,2.00,24.05,24.5,1,1,Kumari Palak to Danodya Sewmini,,Kumari Palak to Danodya Sewmini. 1 run,82f1cc7c-5d46-40fc-b825-b034f242cb8c,239668,"India Under-19s Women v Sri Lanka U19 Women at Puducherry, 3rd ODI, 5 Jul 2026",9219,Sri Lanka Under-19s Women in India,2026,"Cricket Association Puducherry Siechem Ground, Puducherry",Women's youth one-day,2026-07-05,,,,,,,,,,,,,,,,,,,,,,,,,,,False,False,False,False,,,,,,,,,,,,,,,minimal,1,,False,False,False,False,False,False,False,False,False,
1,2955,Sri Lanka Under-19s Women,SRI,1,25,K Palak,2,0,0,109/4,2.00,24.06,24.6,1,1,Kumari Palak to Vimoksha Balasuriya,,Kumari Palak to Vimoksha Balasuriya. 1 run,82f1cc7c-5d46-40fc-b825-b034f242cb8c,239668,"India Under-19s Women v Sri Lanka U19 Women at Puducherry, 3rd ODI, 5 Jul 2026",9219,Sri Lanka Under-19s Women in India,2026,"Cricket Association Puducherry Siechem Ground, Puducherry",Women's youth one-day,2026-07-05,,,,,,,,,,,,,,,,,,,,,,,,,,,False,False,False,False,,,,,,,,,,,,,,,minimal,1,,False,False,False,False,False,False,False,False,False,
1,2955,Sri Lanka Under-19s Women,SRI,1,26,MR Narwase,1,0,0,110/4,1.00,25.01,25.1,0,0,Mahak Narwase to Vimoksha Balasuriya,,Mahak Narwase to Vimoksha Balasuriya. No run,82f1cc7c-5d46-40fc-b825-b034f242cb8c,239668,"India Under-19s Women v Sri Lanka U19 Women at Puducherry, 3rd ODI, 5 Jul 2026",9219,Sri Lanka Under-19s Women in India,2026,"Cricket Association Puducherry Siechem Ground, Puducherry",Women's youth one-day,2026-07-05,,,,,,,,,,,,,,,,,,,,,,,,,,,False,False,False,False,,,,,,,,,,,,,,,minimal,0,,False,False,False,False,False,False,False,False,True,
1,2955,Sri Lanka Under-19s Women,SRI,1,26,MR Narwase,1,0,0,110/4,1.00,25.02,25.2,1,1,Mahak Narwase to Vimoksha Balasuriya,,Mahak Narwase to Vimoksha Balasuriya. 1 run,82f1cc7c-5d46-40fc-b825-b034f242cb8c,239668,"India Under-19s Women v Sri Lanka U19 Women at Puducherry, 3rd ODI, 5 Jul 2026",9219,Sri Lanka Under-19s Women in India,2026,"Cricket Association Puducherry Siechem Ground, Puducherry",Women's youth one-day,2026-07-05,,,,,,,,,,,,,,,,,,,,,,,,,,,False,False,False,False,,,,,,,,,,,,,,,minimal,1,,False,False,False,False,False,False,False,False,False,
1,2955,Sri Lanka Under-19s Women,SRI,1,26,MR Narwase,1,0,0,110/4,1.00,25.03,25.3,0,0,Mahak Narwase to Danodya Sewmini,,Mahak Narwase to Danodya Sewmini. No run,82f1cc7c-5d46-40fc-b825-b034f242cb8c,239668,"India Under-19s Women v Sri Lanka U19 Women at Puducherry, 3rd ODI, 5 Jul 2026",9219,Sri Lanka Under-19s Women in India,2026,"Cricket Association Puducherry Siechem Ground, Puducherry",Women's youth one-day,2026-07-05,,,,,,,,,,,,,,,,,,,,,,,,,,,False,False,False,False,,,,,,,,,,,,,,,minimal,0,,False,False,False,False,False,False,False,False,True,
1,2955,Sri Lanka Under-19s Women,SRI,1,26,MR Narwase,1,0,0,110/4,1.00,25.04,25.4,0,0,Mahak Narwase to Danodya Sewmini,,Mahak Narwase to Danodya Sewmini. No run,82f1cc7c-5d46-40fc-b825-b034f242cb8c,239668,"India Under-19s Women v Sri Lanka U19 Women at Puducherry, 3rd ODI, 5 Jul 2026",9219,Sri Lanka Under-19s Women in India,2026,"Cricket Association Puducherry Siechem Ground, Puducherry",Women's youth one-day,2026-07-05,,,,,,,,,,,,,,,,,,,,,,,,,,,False,False,False,False,,,,,,,,,,,,,,,minimal,0,,False,False,False,False,False,False,False,False,True,
1,2955,Sri Lanka Under-19s Women,SRI,1,26,MR Narwase,1,0,0,110/4,1.00,25.05,25.5,0,0,Mahak Narwase to Danodya Sewmini,,Mahak Narwase to Danodya Sewmini. No run,82f1cc7c-5d46-40fc-b825-b034f242cb8c,239668,"India Under-19s Women v Sri Lanka U19 Women at Puducherry, 3rd ODI, 5 Jul 2026",9219,Sri Lanka Under-19s Women in India,2026,"Cricket Association Puducherry Siechem Ground, Puducherry",Women's youth one-day,2026-07-05,,,,,,,,,,,,,,,,,,,,,,,,,,,False,False,False,False,,,,,,,,,,,,,,,minimal,0,,False,False,False,False,False,False,False,False,True,
1,2955,Sri Lanka Under-19s Women,SRI,1,26,MR Narwase,1,0,0,110/4,1.00,25.06,25.6,0,0,Mahak Narwase to Danodya Sewmini,,Mahak Narwase to Danodya Sewmini. No run,82f1cc7c-5d46-40fc-b825-b034f242cb8c,239668,"India Under-19s Women v Sri Lanka U19 Women at Puducherry, 3rd ODI, 5 Jul 2026",9219,Sri Lanka Under-19s Women in India,2026,"Cricket Association Puducherry Siechem Ground, Puducherry",Women's youth one-day,2026-07-05,,,,,,,,,,,,,,,,,,,,,,,,,,,False,False,False,False,,,,,,,,,,,,,,,minimal,0,,False,False,False,False,False,False,False,False,True,
1,2955,Sri Lanka Under-19s Women,SRI,1,27,K Palak,4,0,0,114/4,4.00,26.01,26.1,1,1,Kumari Palak to Vimoksha Balasuriya,,Kumari Palak to Vimoksha Balasuriya. 1 run,82f1cc7c-5d46-40fc-b825-b034f242cb8c,239668,"India Under-19s Women v Sri Lanka U19 Women at Puducherry, 3rd ODI, 5 Jul 2026",9219,Sri Lanka Under-19s Women in India,2026,"Cricket Association Puducherry Siechem Ground, Puducherry",Women's youth one-day,2026-07-05,,,,,,,,,,,,,,,,,,,,,,,,,,,False,False,False,False,,,,,,,,,,,,,,,minimal,1,,False,False,False,False,False,False,False,False,False,
1,2955,Sri Lanka Under-19s Women,SRI,1,27,K Palak,4,0,0,114/4,4.00,26.02,26.2,1,1,Kumari Palak to Danodya Sewmini,,Kumari Palak to Danodya Sewmini. 1 run,82f1cc7c-5d46-40fc-b825-b034f242cb8c,239668,"India Under-19s Women v Sri Lanka U19 Women at Puducherry, 3rd ODI, 5 Jul 2026",9219,Sri Lanka Under-19s Women in India,2026,"Cricket Association Puducherry Siechem Ground, Puducherry",Women's youth one-day,2026-07-05,,,,,,,,,,,,,,,,,,,,,,,,,,,False,False,False,False,,,,,,,,,,,,,,,minimal,1,,False,False,False,False,False,False,False,False,False,
1,2955,Sri Lanka Under-19s Women,SRI,1,27,K Palak,4,0,0,114/4,4.00,26.03,26.3,1,1,Kumari Palak to Vimoksha Balasuriya,,Kumari Palak to Vimoksha Balasuriya. 1 run,82f1cc7c-5d46-40fc-b825-b034f242cb8c,239668,"India Under-19s Women v Sri Lanka U19 Women at Puducherry, 3rd ODI, 5 Jul 2026",9219,Sri Lanka Under-19s Women in India,2026,"Cricket Association Puducherry Siechem Ground, Puducherry",Women's youth one-day,2026-07-05,,,,,,,,,,,,,,,,,,,,,,,,,,,False,False,False,False,,,,,,,,,,,,,,,minimal,1,,False,False,False,False,False,False,False,False,False,
1,2955,Sri Lanka Under-19s Women,SRI,1,27,K Palak,4,0,0,114/4,4.00,26.04,26.4,0,0,Kumari Palak to Danodya Sewmini,,Kumari Palak to Danodya Sewmini. No run,82f1cc7c-5d46-40fc-b825-b034f242cb8c,239668,"India Under-19s Women v Sri Lanka U19 Women at Puducherry, 3rd ODI, 5 Jul 2026",9219,Sri Lanka Under-19s Women in India,2026,"Cricket Association Puducherry Siechem Ground, Puducherry",Women's youth one-day,2026-07-05,,,,,,,,,,,,,,,,,,,,,,,,,,,False,False,False,False,,,,,,,,,,,,,,,minimal,0,,False,False,False,False,False,False,False,False,True,
1,2955,Sri Lanka Under-19s Women,SRI,1,27,K Palak,4,0,0,114/4,4.00,26.05,26.5,0,0,Kumari Palak to Danodya Sewmini,,Kumari Palak to Danodya Sewmini. No run,82f1cc7c-5d46-40fc-b825-b034f242cb8c,239668,"India Under-19s Women v Sri Lanka U19 Women at Puducherry, 3rd ODI, 5 Jul 2026",9219,Sri Lanka Under-19s Women in India,2026,"Cricket Association Puducherry Siechem Ground, Puducherry",Women's youth one-day,2026-07-05,,,,,,,,,,,,,,,,,,,,,,,,,,,False,False,False,False,,,,,,,,,,,,,,,minimal,0,,False,False,False,False,False,False,False,False,True,
1,2955,Sri Lanka Under-19s Women,SRI,1,27,K Palak,4,0,0,114/4,4.00,26.06,26.6,1,1,Kumari Palak to Danodya Sewmini,,Kumari Palak to Danodya Sewmini. 1 run,82f1cc7c-5d46-40fc-b825-b034f242cb8c,239668,"India Under-19s Women v Sri Lanka U19 Women at Puducherry, 3rd ODI, 5 Jul 2026",9219,Sri Lanka Under-19s Women in India,2026,"Cricket Association Puducherry Siechem Ground, Puducherry",Women's youth one-day,2026-07-05,,,,,,,,,,,,,,,,,,,,,,,,,,,False,False,False,False,,,,,,,,,,,,,,,minimal,1,,False,False,False,False,False,False,False,False,False,
1,2955,Sri Lanka Under-19s Women,SRI,1,28,N Mahto,2,0,0,116/4,2.00,27.01,27.1,1,1,Nidhi Mahto to Danodya Sewmini,,Nidhi Mahto to Danodya Sewmini. 1 run,82f1cc7c-5d46-40fc-b825-b034f242cb8c,239668,"India Under-19s Women v Sri Lanka U19 Women at Puducherry, 3rd ODI, 5 Jul 2026",9219,Sri Lanka Under-19s Women in India,2026,"Cricket Association Puducherry Siechem Ground, Puducherry",Women's youth one-day,2026-07-05,,,,,,,,,,,,,,,,,,,,,,,,,,,False,False,False,False,,,,,,,,,,,,,,,minimal,1,,False,False,False,False,False,False,False,False,False,
1,2955,Sri Lanka Under-19s Women,SRI,1,28,N Mahto,2,0,0,116/4,2.00,27.02,27.2,1,1,Nidhi Mahto to Vimoksha Balasuriya,,Nidhi Mahto to Vimoksha Balasuriya. 1 run,82f1cc7c-5d46-40fc-b825-b034f242cb8c,239668,"India Under-19s Women v Sri Lanka U19 Women at Puducherry, 3rd ODI, 5 Jul 2026",9219,Sri Lanka Under-19s Women in India,2026,"Cricket Association Puducherry Siechem Ground, Puducherry",Women's youth one-day,2026-07-05,,,,,,,,,,,,,,,,,,,,,,,,,,,False,False,False,False,,,,,,,,,,,,,,,minimal,1,,False,False,False,False,False,False,False,False,False,
1,2955,Sri Lanka Under-19s Women,SRI,1,28,N Mahto,2,0,0,116/4,2.00,27.03,27.3,0,0,Nidhi Mahto to Danodya Sewmini,,Nidhi Mahto to Danodya Sewmini. No run,82f1cc7c-5d46-40fc-b825-b034f242cb8c,239668,"India Under-19s Women v Sri Lanka U19 Women at Puducherry, 3rd ODI, 5 Jul 2026",9219,Sri Lanka Under-19s Women in India,2026,"Cricket Association Puducherry Siechem Ground, Puducherry",Women's youth one-day,2026-07-05,,,,,,,,,,,,,,,,,,,,,,,,,,,False,False,False,False,,,,,,,,,,,,,,,minimal,0,,False,False,False,False,False,False,False,False,True,
1,2955,Sri Lanka Under-19s Women,SRI,1,28,N Mahto,2,0,0,116/4,2.00,27.04,27.4,0,0,Nidhi Mahto to Danodya Sewmini,,Nidhi Mahto to Danodya Sewmini. No run,82f1cc7c-5d46-40fc-b825-b034f242cb8c,239668,"India Under-19s Women v Sri Lanka U19 Women at Puducherry, 3rd ODI, 5 Jul 2026",9219,Sri Lanka Under-19s Women in India,2026,"Cricket Association Puducherry Siechem Ground, Puducherry",Women's youth one-day,2026-07-05,,,,,,,,,,,,,,,,,,,,,,,,,,,False,False,False,False,,,,,,,,,,,,,,,minimal,0,,False,False,False,False,False,False,False,False,True,
1,2955,Sri Lanka Under-19s Women,SRI,1,28,N Mahto,2,0,0,116/4,2.00,27.05,27.5,0,0,Nidhi Mahto to Danodya Sewmini,,Nidhi Mahto to Danodya Sewmini. No run,82f1cc7c-5d46-40fc-b825-b034f242cb8c,239668,"India Under-19s Women v Sri Lanka U19 Women at Puducherry, 3rd ODI, 5 Jul 2026",9219,Sri Lanka Under-19s Women in India,2026,"Cricket Association Puducherry Siechem Ground, Puducherry",Women's youth one-day,2026-07-05,,,,,,,,,,,,,,,,,,,,,,,,,,,False,False,False,False,,,,,,,,,,,,,,,minimal,0,,False,False,False,False,False,False,False,False,True,
1,2955,Sri Lanka Under-19s Women,SRI,1,28,N Mahto,2,0,0,116/4,2.00,27.06,27.6,0,0,Nidhi Mahto to Danodya Sewmini,,Nidhi Mahto to Danodya Sewmini. No run,82f1cc7c-5d46-40fc-b825-b034f242cb8c,239668,"India Under-19s Women v Sri Lanka U19 Women at Puducherry, 3rd ODI, 5 Jul 2026",9219,Sri Lanka Under-19s Women in India,2026,"Cricket Association Puducherry Siechem Ground, Puducherry",Women's youth one-day,2026-07-05,,,,,,,,,,,,,,,,,,,,,,,,,,,False,False,False,False,,,,,,,,,,,,,,,minimal,0,,False,False,False,False,False,False,False,False,True,
1,2955,Sri Lanka Under-19s Women,SRI,1,29,K Palak,0,0,2,116/6,0.00,28.01,28.1,0,0,Kumari Palak to Vimoksha Balasuriya,,Kumari Palak to Vimoksha Balasuriya. No run,82f1cc7c-5d46-40fc-b825-b034f242cb8c,239668,"India Under-19s Women v Sri Lanka U19 Women at Puducherry, 3rd ODI, 5 Jul 2026",9219,Sri Lanka Under-19s Women in India,2026,"Cricket Association Puducherry Siechem Ground, Puducherry",Women's youth one-day,2026-07-05,,,,,,,,,,,,,,,,,,,,,,,,,,,False,False,False,False,,,,,,,,,,,,,,,minimal,0,,False,False,False,False,False,False,False,False,True,
1,2955,Sri Lanka Under-19s Women,SRI,1,29,K Palak,0,0,2,116/6,0.00,28.02,28.2,0,0,Kumari Palak to Vimoksha Balasuriya,,Kumari Palak to Vimoksha Balasuriya. No run,82f1cc7c-5d46-40fc-b825-b034f242cb8c,239668,"India Under-19s Women v Sri Lanka U19 Women at Puducherry, 3rd ODI, 5 Jul 2026",9219,Sri Lanka Under-19s Women in India,2026,"Cricket Association Puducherry Siechem Ground, Puducherry",Women's youth one-day,2026-07-05,,,,,,,,,,,,,,,,,,,,,,,,,,,False,False,False,False,,,,,,,,,,,,,,,minimal,0,,False,False,False,False,False,False,False,False,True,
1,2955,Sri Lanka Under-19s Women,SRI,1,29,K Palak,0,0,2,116/6,0.00,28.03,28.3,0,W,Kumari Palak to Vimoksha Balasuriya,,OUT! Kumari Palak to Vimoksha Balasuriya. No run,82f1cc7c-5d46-40fc-b825-b034f242cb8c,239668,"India Under-19s Women v Sri Lanka U19 Women at Puducherry, 3rd ODI, 5 Jul 2026",9219,Sri Lanka Under-19s Women in India,2026,"Cricket Association Puducherry Siechem Ground, Puducherry",Women's youth one-day,2026-07-05,,,,,,,,,,,,,,,,,,,,,,,,,,,False,False,False,False,,,,,,,,,,,,,,,minimal,0,,True,False,False,False,False,False,False,False,False,
1,2955,Sri Lanka Under-19s Women,SRI,1,29,K Palak,0,0,2,116/6,0.00,28.04,28.4,0,W,Kumari Palak to Pramudi Methsara,,OUT! Kumari Palak to Pramudi Methsara. No run,82f1cc7c-5d46-40fc-b825-b034f242cb8c,239668,"India Under-19s Women v Sri Lanka U19 Women at Puducherry, 3rd ODI, 5 Jul 2026",9219,Sri Lanka Under-19s Women in India,2026,"Cricket Association Puducherry Siechem Ground, Puducherry",Women's youth one-day,2026-07-05,,,,,,,,,,,,,,,,,,,,,,,,,,,False,False,False,False,,,,,,,,,,,,,,,minimal,0,,True,False,False,False,False,False,False,False,False,
1,2955,Sri Lanka Under-19s Women,SRI,1,29,K Palak,0,0,2,116/6,0.00,28.05,28.5,0,0,Kumari Palak to Yeshali Jithara,,Kumari Palak to Yeshali Jithara. No run,82f1cc7c-5d46-40fc-b825-b034f242cb8c,239668,"India Under-19s Women v Sri Lanka U19 Women at Puducherry, 3rd ODI, 5 Jul 2026",9219,Sri Lanka Under-19s Women in India,2026,"Cricket Association Puducherry Siechem Ground, Puducherry",Women's youth one-day,2026-07-05,,,,,,,,,,,,,,,,,,,,,,,,,,,False,False,False,False,,,,,,,,,,,,,,,minimal,0,,False,False,False,False,False,False,False,False,True,
1,2955,Sri Lanka Under-19s Women,SRI,1,29,K Palak,0,0,2,116/6,0.00,28.06,28.6,0,0,Kumari Palak to Yeshali Jithara,,Kumari Palak to Yeshali Jithara. No run,82f1cc7c-5d46-40fc-b825-b034f242cb8c,239668,"India Under-19s Women v Sri Lanka U19 Women at Puducherry, 3rd ODI, 5 Jul 2026",9219,Sri Lanka Under-19s Women in India,2026,"Cricket Association Puducherry Siechem Ground, Puducherry",Women's youth one-day,2026-07-05,,,,,,,,,,,,,,,,,,,,,,,,,,,False,False,False,False,,,,,,,,,,,,,,,minimal,0,,False,False,False,False,False,False,False,False,True,
1,2955,Sri Lanka Under-19s Women,SRI,1,30,N Mahto,3,0,0,119/6,3.00,29.01,29.1,0,0,Nidhi Mahto to Danodya Sewmini,,Nidhi Mahto to Danodya Sewmini. No run,82f1cc7c-5d46-40fc-b825-b034f242cb8c,239668,"India Under-19s Women v Sri Lanka U19 Women at Puducherry, 3rd ODI, 5 Jul 2026",9219,Sri Lanka Under-19s Women in India,2026,"Cricket Association Puducherry Siechem Ground, Puducherry",Women's youth one-day,2026-07-05,,,,,,,,,,,,,,,,,,,,,,,,,,,False,False,False,False,,,,,,,,,,,,,,,minimal,0,,False,False,False,False,False,False,False,False,True,
1,2955,Sri Lanka Under-19s Women,SRI,1,30,N Mahto,3,0,0,119/6,3.00,29.02,29.2,2,2,Nidhi Mahto to Danodya Sewmini,,Nidhi Mahto to Danodya Sewmini. 2 runs,82f1cc7c-5d46-40fc-b825-b034f242cb8c,239668,"India Under-19s Women v Sri Lanka U19 Women at Puducherry, 3rd ODI, 5 Jul 2026",9219,Sri Lanka Under-19s Women in India,2026,"Cricket Association Puducherry Siechem Ground, Puducherry",Women's youth one-day,2026-07-05,,,,,,,,,,,,,,,,,,,,,,,,,,,False,False,False,False,,,,,,,,,,,,,,,minimal,2,,False,False,False,False,False,False,False,False,False,
1,2955,Sri Lanka Under-19s Women,SRI,1,30,N Mahto,3,0,0,119/6,3.00,29.03,29.3,0,0,Nidhi Mahto to Danodya Sewmini,,Nidhi Mahto to Danodya Sewmini. No run,82f1cc7c-5d46-40fc-b825-b034f242cb8c,239668,"India Under-19s Women v Sri Lanka U19 Women at Puducherry, 3rd ODI, 5 Jul 2026",9219,Sri Lanka Under-19s Women in India,2026,"Cricket Association Puducherry Siechem Ground, Puducherry",Women's youth one-day,2026-07-05,,,,,,,,,,,,,,,,,,,,,,,,,,,False,False,False,False,,,,,,,,,,,,,,,minimal,0,,False,False,False,False,False,False,False,False,True,
1,2955,Sri Lanka Under-19s Women,SRI,1,30,N Mahto,3,0,0,119/6,3.00,29.04,29.4,0,0,Nidhi Mahto to Danodya Sewmini,,Nidhi Mahto to Danodya Sewmini. No run,82f1cc7c-5d46-40fc-b825-b034f242cb8c,239668,"India Under-19s Women v Sri Lanka U19 Women at Puducherry, 3rd ODI, 5 Jul 2026",9219,Sri Lanka Under-19s Women in India,2026,"Cricket Association Puducherry Siechem Ground, Puducherry",Women's youth one-day,2026-07-05,,,,,,,,,,,,,,,,,,,,,,,,,,,False,False,False,False,,,,,,,,,,,,,,,minimal,0,,False,False,False,False,False,False,False,False,True,
1,2955,Sri Lanka Under-19s Women,SRI,1,30,N Mahto,3,0,0,119/6,3.00,29.05,29.5,1,1,Nidhi Mahto to Danodya Sewmini,,Nidhi Mahto to Danodya Sewmini. 1 run,82f1cc7c-5d46-40fc-b825-b034f242cb8c,239668,"India Under-19s Women v Sri Lanka U19 Women at Puducherry, 3rd ODI, 5 Jul 2026",9219,Sri Lanka Under-19s Women in India,2026,"Cricket Association Puducherry Siechem Ground, Puducherry",Women's youth one-day,2026-07-05,,,,,,,,,,,,,,,,,,,,,,,,,,,False,False,False,False,,,,,,,,,,,,,,,minimal,1,,False,False,False,False,False,False,False,False,False,
1,2955,Sri Lanka Under-19s Women,SRI,1,30,N Mahto,3,0,0,119/6,3.00,29.06,29.6,0,0,Nidhi Mahto to Yeshali Jithara,,Nidhi Mahto to Yeshali Jithara. No run,82f1cc7c-5d46-40fc-b825-b034f242cb8c,239668,"India Under-19s Women v Sri Lanka U19 Women at Puducherry, 3rd ODI, 5 Jul 2026",9219,Sri Lanka Under-19s Women in India,2026,"Cricket Association Puducherry Siechem Ground, Puducherry",Women's youth one-day,2026-07-05,,,,,,,,,,,,,,,,,,,,,,,,,,,False,False,False,False,,,,,,,,,,,,,,,minimal,0,,False,False,False,False,False,False,False,False,True,
1,2955,Sri Lanka Under-19s Women,SRI,1,31,AA Tagde,1,1,0,120/6,0.00,30.01,30.1,0,0,Anaadi Tagde to Danodya Sewmini,,Anaadi Tagde to Danodya Sewmini. No run,82f1cc7c-5d46-40fc-b825-b034f242cb8c,239668,"India Under-19s Women v Sri Lanka U19 Women at Puducherry, 3rd ODI, 5 Jul 2026",9219,Sri Lanka Under-19s Women in India,2026,"Cricket Association Puducherry Siechem Ground, Puducherry",Women's youth one-day,2026-07-05,,,,,,,,,,,,,,,,,,,,,,,,,,,False,False,False,False,,,,,,,,,,,,,,,minimal,0,,False,False,False,False,False,False,False,False,True,
1,2955,Sri Lanka Under-19s Women,SRI,1,31,AA Tagde,1,1,0,120/6,0.00,30.02,30.2,0,0,Anaadi Tagde to Danodya Sewmini,,Anaadi Tagde to Danodya Sewmini. No run,82f1cc7c-5d46-40fc-b825-b034f242cb8c,239668,"India Under-19s Women v Sri Lanka U19 Women at Puducherry, 3rd ODI, 5 Jul 2026",9219,Sri Lanka Under-19s Women in India,2026,"Cricket Association Puducherry Siechem Ground, Puducherry",Women's youth one-day,2026-07-05,,,,,,,,,,,,,,,,,,,,,,,,,,,False,False,False,False,,,,,,,,,,,,,,,minimal,0,,False,False,False,False,False,False,False,False,True,
1,2955,Sri Lanka Under-19s Women,SRI,1,31,AA Tagde,1,1,0,120/6,0.00,30.03,30.3,0,0,Anaadi Tagde to Danodya Sewmini,,Anaadi Tagde to Danodya Sewmini. No run,82f1cc7c-5d46-40fc-b825-b034f242cb8c,239668,"India Under-19s Women v Sri Lanka U19 Women at Puducherry, 3rd ODI, 5 Jul 2026",9219,Sri Lanka Under-19s Women in India,2026,"Cricket Association Puducherry Siechem Ground, Puducherry",Women's youth one-day,2026-07-05,,,,,,,,,,,,,,,,,,,,,,,,,,,False,False,False,False,,,,,,,,,,,,,,,minimal,0,,False,False,False,False,False,False,False,False,True,
1,2955,Sri Lanka Under-19s Women,SRI,1,31,AA Tagde,1,1,0,120/6,0.00,30.04,30.4,0,0,Anaadi Tagde to Danodya Sewmini,,Anaadi Tagde to Danodya Sewmini. No run,82f1cc7c-5d46-40fc-b825-b034f242cb8c,239668,"India Under-19s Women v Sri Lanka U19 Women at Puducherry, 3rd ODI, 5 Jul 2026",9219,Sri Lanka Under-19s Women in India,2026,"Cricket Association Puducherry Siechem Ground, Puducherry",Women's youth one-day,2026-07-05,,,,,,,,,,,,,,,,,,,,,,,,,,,False,False,False,False,,,,,,,,,,,,,,,minimal,0,,False,False,False,False,False,False,False,False,True,
1,2955,Sri Lanka Under-19s Women,SRI,1,31,AA Tagde,1,1,0,120/6,0.00,30.05,30.5,0,0,Anaadi Tagde to Danodya Sewmini,,Anaadi Tagde to Danodya Sewmini. No run,82f1cc7c-5d46-40fc-b825-b034f242cb8c,239668,"India Under-19s Women v Sri Lanka U19 Women at Puducherry, 3rd ODI, 5 Jul 2026",9219,Sri Lanka Under-19s Women in India,2026,"Cricket Association Puducherry Siechem Ground, Puducherry",Women's youth one-day,2026-07-05,,,,,,,,,,,,,,,,,,,,,,,,,,,False,False,False,False,,,,,,,,,,,,,,,minimal,0,,False,False,False,False,False,False,False,False,True,
1,2955,Sri Lanka Under-19s Women,SRI,1,31,AA Tagde,1,1,0,120/6,0.00,30.06,30.5,1,1ʷᵈ,Anaadi Tagde to Danodya Sewmini,,Wide. Anaadi Tagde to Danodya Sewmini. 1 wides,82f1cc7c-5d46-40fc-b825-b034f242cb8c,239668,"India Under-19s Women v Sri Lanka U19 Women at Puducherry, 3rd ODI, 5 Jul 2026",9219,Sri Lanka Under-19s Women in India,2026,"Cricket Association Puducherry Siechem Ground, Puducherry",Women's youth one-day,2026-07-05,,,,,,,,,,,,,,,,,,,,,,,,,,,False,False,False,False,,,,,,,,,,,,,,,minimal,1,wide,False,True,False,False,False,False,False,False,False,
1,2955,Sri Lanka Under-19s Women,SRI,1,31,AA Tagde,1,1,0,120/6,0.00,30.07,30.6,0,0,Anaadi Tagde to Danodya Sewmini,,Anaadi Tagde to Danodya Sewmini. No run,82f1cc7c-5d46-40fc-b825-b034f242cb8c,239668,"India Under-19s Women v Sri Lanka U19 Women at Puducherry, 3rd ODI, 5 Jul 2026",9219,Sri Lanka Under-19s Women in India,2026,"Cricket Association Puducherry Siechem Ground, Puducherry",Women's youth one-day,2026-07-05,,,,,,,,,,,,,,,,,,,,,,,,,,,False,False,False,False,,,,,,,,,,,,,,,minimal,0,,False,False,False,False,False,False,False,False,True,
1,2955,Sri Lanka Under-19s Women,SRI,1,32,N Mahto,2,0,0,122/6,2.00,31.01,31.1,0,0,Nidhi Mahto to Yeshali Jithara,,Nidhi Mahto to Yeshali Jithara. No run,82f1cc7c-5d46-40fc-b825-b034f242cb8c,239668,"India Under-19s Women v Sri Lanka U19 Women at Puducherry, 3rd ODI, 5 Jul 2026",9219,Sri Lanka Under-19s Women in India,2026,"Cricket Association Puducherry Siechem Ground, Puducherry",Women's youth one-day,2026-07-05,,,,,,,,,,,,,,,,,,,,,,,,,,,False,False,False,False,,,,,,,,,,,,,,,minimal,0,,False,False,False,False,False,False,False,False,True,
1,2955,Sri Lanka Under-19s Women,SRI,1,32,N Mahto,2,0,0,122/6,2.00,31.02,31.2,0,0,Nidhi Mahto to Yeshali Jithara,,Nidhi Mahto to Yeshali Jithara. No run,82f1cc7c-5d46-40fc-b825-b034f242cb8c,239668,"India Under-19s Women v Sri Lanka U19 Women at Puducherry, 3rd ODI, 5 Jul 2026",9219,Sri Lanka Under-19s Women in India,2026,"Cricket Association Puducherry Siechem Ground, Puducherry",Women's youth one-day,2026-07-05,,,,,,,,,,,,,,,,,,,,,,,,,,,False,False,False,False,,,,,,,,,,,,,,,minimal,0,,False,False,False,False,False,False,False,False,True,
1,2955,Sri Lanka Under-19s Women,SRI,1,32,N Mahto,2,0,0,122/6,2.00,31.03,31.3,1,1,Nidhi Mahto to Yeshali Jithara,,Nidhi Mahto to Yeshali Jithara. 1 run,82f1cc7c-5d46-40fc-b825-b034f242cb8c,239668,"India Under-19s Women v Sri Lanka U19 Women at Puducherry, 3rd ODI, 5 Jul 2026",9219,Sri Lanka Under-19s Women in India,2026,"Cricket Association Puducherry Siechem Ground, Puducherry",Women's youth one-day,2026-07-05,,,,,,,,,,,,,,,,,,,,,,,,,,,False,False,False,False,,,,,,,,,,,,,,,minimal,1,,False,False,False,False,False,False,False,False,False,
1,2955,Sri Lanka Under-19s Women,SRI,1,32,N Mahto,2,0,0,122/6,2.00,31.04,31.4,0,0,Nidhi Mahto to Danodya Sewmini,,Nidhi Mahto to Danodya Sewmini. No run,82f1cc7c-5d46-40fc-b825-b034f242cb8c,239668,"India Under-19s Women v Sri Lanka U19 Women at Puducherry, 3rd ODI, 5 Jul 2026",9219,Sri Lanka Under-19s Women in India,2026,"Cricket Association Puducherry Siechem Ground, Puducherry",Women's youth one-day,2026-07-05,,,,,,,,,,,,,,,,,,,,,,,,,,,False,False,False,False,,,,,,,,,,,,,,,minimal,0,,False,False,False,False,False,False,False,False,True,
1,2955,Sri Lanka Under-19s Women,SRI,1,32,N Mahto,2,0,0,122/6,2.00,31.05,31.5,0,0,Nidhi Mahto to Danodya Sewmini,,Nidhi Mahto to Danodya Sewmini. No run,82f1cc7c-5d46-40fc-b825-b034f242cb8c,239668,"India Under-19s Women v Sri Lanka U19 Women at Puducherry, 3rd ODI, 5 Jul 2026",9219,Sri Lanka Under-19s Women in India,2026,"Cricket Association Puducherry Siechem Ground, Puducherry",Women's youth one-day,2026-07-05,,,,,,,,,,,,,,,,,,,,,,,,,,,False,False,False,False,,,,,,,,,,,,,,,minimal,0,,False,False,False,False,False,False,False,False,True,
1,2955,Sri Lanka Under-19s Women,SRI,1,32,N Mahto,2,0,0,122/6,2.00,31.06,31.6,1,1,Nidhi Mahto to Danodya Sewmini,,Nidhi Mahto to Danodya Sewmini. 1 run,82f1cc7c-5d46-40fc-b825-b034f242cb8c,239668,"India Under-19s Women v Sri Lanka U19 Women at Puducherry, 3rd ODI, 5 Jul 2026",9219,Sri Lanka Under-19s Women in India,2026,"Cricket Association Puducherry Siechem Ground, Puducherry",Women's youth one-day,2026-07-05,,,,,,,,,,,,,,,,,,,,,,,,,,,False,False,False,False,,,,,,,,,,,,,,,minimal,1,,False,False,False,False,False,False,False,False,False,
1,2955,Sri Lanka Under-19s Women,SRI,1,33,AA Tagde,0,0,1,122/7,0.00,32.01,32.1,0,0,Anaadi Tagde to Danodya Sewmini,,Anaadi Tagde to Danodya Sewmini. No run,82f1cc7c-5d46-40fc-b825-b034f242cb8c,239668,"India Under-19s Women v Sri Lanka U19 Women at Puducherry, 3rd ODI, 5 Jul 2026",9219,Sri Lanka Under-19s Women in India,2026,"Cricket Association Puducherry Siechem Ground, Puducherry",Women's youth one-day,2026-07-05,,,,,,,,,,,,,,,,,,,,,,,,,,,False,False,False,False,,,,,,,,,,,,,,,minimal,0,,False,False,False,False,False,False,False,False,True,
1,2955,Sri Lanka Under-19s Women,SRI,1,33,AA Tagde,0,0,1,122/7,0.00,32.02,32.2,0,0,Anaadi Tagde to Danodya Sewmini,,Anaadi Tagde to Danodya Sewmini. No run,82f1cc7c-5d46-40fc-b825-b034f242cb8c,239668,"India Under-19s Women v Sri Lanka U19 Women at Puducherry, 3rd ODI, 5 Jul 2026",9219,Sri Lanka Under-19s Women in India,2026,"Cricket Association Puducherry Siechem Ground, Puducherry",Women's youth one-day,2026-07-05,,,,,,,,,,,,,,,,,,,,,,,,,,,False,False,False,False,,,,,,,,,,,,,,,minimal,0,,False,False,False,False,False,False,False,False,True,
1,2955,Sri Lanka Under-19s Women,SRI,1,33,AA Tagde,0,0,1,122/7,0.00,32.03,32.3,0,0,Anaadi Tagde to Danodya Sewmini,,Anaadi Tagde to Danodya Sewmini. No run,82f1cc7c-5d46-40fc-b825-b034f242cb8c,239668,"India Under-19s Women v Sri Lanka U19 Women at Puducherry, 3rd ODI, 5 Jul 2026",9219,Sri Lanka Under-19s Women in India,2026,"Cricket Association Puducherry Siechem Ground, Puducherry",Women's youth one-day,2026-07-05,,,,,,,,,,,,,,,,,,,,,,,,,,,False,False,False,False,,,,,,,,,,,,,,,minimal,0,,False,False,False,False,False,False,False,False,True,
1,2955,Sri Lanka Under-19s Women,SRI,1,33,AA Tagde,0,0,1,122/7,0.00,32.04,32.4,0,0,Anaadi Tagde to Danodya Sewmini,,Anaadi Tagde to Danodya Sewmini. No run,82f1cc7c-5d46-40fc-b825-b034f242cb8c,239668,"India Under-19s Women v Sri Lanka U19 Women at Puducherry, 3rd ODI, 5 Jul 2026",9219,Sri Lanka Under-19s Women in India,2026,"Cricket Association Puducherry Siechem Ground, Puducherry",Women's youth one-day,2026-07-05,,,,,,,,,,,,,,,,,,,,,,,,,,,False,False,False,False,,,,,,,,,,,,,,,minimal,0,,False,False,False,False,False,False,False,False,True,
1,2955,Sri Lanka Under-19s Women,SRI,1,33,AA Tagde,0,0,1,122/7,0.00,32.05,32.5,0,W,Anaadi Tagde to Danodya Sewmini,,OUT! Anaadi Tagde to Danodya Sewmini. No run,82f1cc7c-5d46-40fc-b825-b034f242cb8c,239668,"India Under-19s Women v Sri Lanka U19 Women at Puducherry, 3rd ODI, 5 Jul 2026",9219,Sri Lanka Under-19s Women in India,2026,"Cricket Association Puducherry Siechem Ground, Puducherry",Women's youth one-day,2026-07-05,,,,,,,,,,,,,,,,,,,,,,,,,,,False,False,False,False,,,,,,,,,,,,,,,minimal,0,,True,False,False,False,False,False,False,False,False,
1,2955,Sri Lanka Under-19s Women,SRI,1,33,AA Tagde,0,0,1,122/7,0.00,32.06,32.6,0,0,Anaadi Tagde to Chamodi Herath,,Anaadi Tagde to Chamodi Herath. No run,82f1cc7c-5d46-40fc-b825-b034f242cb8c,239668,"India Under-19s Women v Sri Lanka U19 Women at Puducherry, 3rd ODI, 5 Jul 2026",9219,Sri Lanka Under-19s Women in India,2026,"Cricket Association Puducherry Siechem Ground, Puducherry",Women's youth one-day,2026-07-05,,,,,,,,,,,,,,,,,,,,,,,,,,,False,False,False,False,,,,,,,,,,,,,,,minimal,0,,False,False,False,False,False,False,False,False,True,
1,2955,Sri Lanka Under-19s Women,SRI,1,34,K Kandikuppa,4,0,0,126/7,4.00,33.01,33.1,0,0,Kashvi Kandikuppa to Yeshali Jithara,,Kashvi Kandikuppa to Yeshali Jithara. No run,82f1cc7c-5d46-40fc-b825-b034f242cb8c,239668,"India Under-19s Women v Sri Lanka U19 Women at Puducherry, 3rd ODI, 5 Jul 2026",9219,Sri Lanka Under-19s Women in India,2026,"Cricket Association Puducherry Siechem Ground, Puducherry",Women's youth one-day,2026-07-05,,,,,,,,,,,,,,,,,,,,,,,,,,,False,False,False,False,,,,,,,,,,,,,,,minimal,0,,False,False,False,False,False,False,False,False,True,
1,2955,Sri Lanka Under-19s Women,SRI,1,34,K Kandikuppa,4,0,0,126/7,4.00,33.02,33.2,0,0,Kashvi Kandikuppa to Yeshali Jithara,,Kashvi Kandikuppa to Yeshali Jithara. No run,82f1cc7c-5d46-40fc-b825-b034f242cb8c,239668,"India Under-19s Women v Sri Lanka U19 Women at Puducherry, 3rd ODI, 5 Jul 2026",9219,Sri Lanka Under-19s Women in India,2026,"Cricket Association Puducherry Siechem Ground, Puducherry",Women's youth one-day,2026-07-05,,,,,,,,,,,,,,,,,,,,,,,,,,,False,False,False,False,,,,,,,,,,,,,,,minimal,0,,False,False,False,False,False,False,False,False,True,
1,2955,Sri Lanka Under-19s Women,SRI,1,34,K Kandikuppa,4,0,0,126/7,4.00,33.03,33.3,0,0,Kashvi Kandikuppa to Yeshali Jithara,,Kashvi Kandikuppa to Yeshali Jithara. No run,82f1cc7c-5d46-40fc-b825-b034f242cb8c,239668,"India Under-19s Women v Sri Lanka U19 Women at Puducherry, 3rd ODI, 5 Jul 2026",9219,Sri Lanka Under-19s Women in India,2026,"Cricket Association Puducherry Siechem Ground, Puducherry",Women's youth one-day,2026-07-05,,,,,,,,,,,,,,,,,,,,,,,,,,,False,False,False,False,,,,,,,,,,,,,,,minimal,0,,False,False,False,False,False,False,False,False,True,
1,2955,Sri Lanka Under-19s Women,SRI,1,34,K Kandikuppa,4,0,0,126/7,4.00,33.04,33.4,0,0,Kashvi Kandikuppa to Yeshali Jithara,,Kashvi Kandikuppa to Yeshali Jithara. No run,82f1cc7c-5d46-40fc-b825-b034f242cb8c,239668,"India Under-19s Women v Sri Lanka U19 Women at Puducherry, 3rd ODI, 5 Jul 2026",9219,Sri Lanka Under-19s Women in India,2026,"Cricket Association Puducherry Siechem Ground, Puducherry",Women's youth one-day,2026-07-05,,,,,,,,,,,,,,,,,,,,,,,,,,,False,False,False,False,,,,,,,,,,,,,,,minimal,0,,False,False,False,False,False,False,False,False,True,
1,2955,Sri Lanka Under-19s Women,SRI,1,34,K Kandikuppa,4,0,0,126/7,4.00,33.05,33.5,0,0,Kashvi Kandikuppa to Yeshali Jithara,,Kashvi Kandikuppa to Yeshali Jithara. No run,82f1cc7c-5d46-40fc-b825-b034f242cb8c,239668,"India Under-19s Women v Sri Lanka U19 Women at Puducherry, 3rd ODI, 5 Jul 2026",9219,Sri Lanka Under-19s Women in India,2026,"Cricket Association Puducherry Siechem Ground, Puducherry",Women's youth one-day,2026-07-05,,,,,,,,,,,,,,,,,,,,,,,,,,,False,False,False,False,,,,,,,,,,,,,,,minimal,0,,False,False,False,False,False,False,False,False,True,
1,2955,Sri Lanka Under-19s Women,SRI,1,34,K Kandikuppa,4,0,0,126/7,4.00,33.06,33.6,4,4,Kashvi Kandikuppa to Yeshali Jithara,,FOUR! Kashvi Kandikuppa to Yeshali Jithara. 4 runs,82f1cc7c-5d46-40fc-b825-b034f242cb8c,239668,"India Under-19s Women v Sri Lanka U19 Women at Puducherry, 3rd ODI, 5 Jul 2026",9219,Sri Lanka Under-19s Women in India,2026,"Cricket Association Puducherry Siechem Ground, Puducherry",Women's youth one-day,2026-07-05,,,,,,,,,,,,,,,,,,,,,,,,,,,False,False,False,False,,,,,,,,,,,,,,,minimal,4,,False,False,False,False,False,False,True,False,False,
1,2955,Sri Lanka Under-19s Women,SRI,1,35,MR Narwase,6,1,0,132/7,5.00,34.01,34.1,1,1,Mahak Narwase to Chamodi Herath,,Mahak Narwase to Chamodi Herath. 1 run,82f1cc7c-5d46-40fc-b825-b034f242cb8c,239668,"India Under-19s Women v Sri Lanka U19 Women at Puducherry, 3rd ODI, 5 Jul 2026",9219,Sri Lanka Under-19s Women in India,2026,"Cricket Association Puducherry Siechem Ground, Puducherry",Women's youth one-day,2026-07-05,,,,,,,,,,,,,,,,,,,,,,,,,,,False,False,False,False,,,,,,,,,,,,,,,minimal,1,,False,False,False,False,False,False,False,False,False,
1,2955,Sri Lanka Under-19s Women,SRI,1,35,MR Narwase,6,1,0,132/7,5.00,34.02,34.2,1,1,Mahak Narwase to Yeshali Jithara,,Mahak Narwase to Yeshali Jithara. 1 run,82f1cc7c-5d46-40fc-b825-b034f242cb8c,239668,"India Under-19s Women v Sri Lanka U19 Women at Puducherry, 3rd ODI, 5 Jul 2026",9219,Sri Lanka Under-19s Women in India,2026,"Cricket Association Puducherry Siechem Ground, Puducherry",Women's youth one-day,2026-07-05,,,,,,,,,,,,,,,,,,,,,,,,,,,False,False,False,False,,,,,,,,,,,,,,,minimal,1,,False,False,False,False,False,False,False,False,False,
1,2955,Sri Lanka Under-19s Women,SRI,1,35,MR Narwase,6,1,0,132/7,5.00,34.03,34.3,0,0,Mahak Narwase to Chamodi Herath,,Mahak Narwase to Chamodi Herath. No run,82f1cc7c-5d46-40fc-b825-b034f242cb8c,239668,"India Under-19s Women v Sri Lanka U19 Women at Puducherry, 3rd ODI, 5 Jul 2026",9219,Sri Lanka Under-19s Women in India,2026,"Cricket Association Puducherry Siechem Ground, Puducherry",Women's youth one-day,2026-07-05,,,,,,,,,,,,,,,,,,,,,,,,,,,False,False,False,False,,,,,,,,,,,,,,,minimal,0,,False,False,False,False,False,False,False,False,True,
1,2955,Sri Lanka Under-19s Women,SRI,1,35,MR Narwase,6,1,0,132/7,5.00,34.04,34.3,1,1ʷᵈ,Mahak Narwase to Chamodi Herath,,Wide. Mahak Narwase to Chamodi Herath. 1 wides,82f1cc7c-5d46-40fc-b825-b034f242cb8c,239668,"India Under-19s Women v Sri Lanka U19 Women at Puducherry, 3rd ODI, 5 Jul 2026",9219,Sri Lanka Under-19s Women in India,2026,"Cricket Association Puducherry Siechem Ground, Puducherry",Women's youth one-day,2026-07-05,,,,,,,,,,,,,,,,,,,,,,,,,,,False,False,False,False,,,,,,,,,,,,,,,minimal,1,wide,False,True,False,False,False,False,False,False,False,
1,2955,Sri Lanka Under-19s Women,SRI,1,35,MR Narwase,6,1,0,132/7,5.00,34.05,34.4,0,0,Mahak Narwase to Chamodi Herath,,Mahak Narwase to Chamodi Herath. No run,82f1cc7c-5d46-40fc-b825-b034f242cb8c,239668,"India Under-19s Women v Sri Lanka U19 Women at Puducherry, 3rd ODI, 5 Jul 2026",9219,Sri Lanka Under-19s Women in India,2026,"Cricket Association Puducherry Siechem Ground, Puducherry",Women's youth one-day,2026-07-05,,,,,,,,,,,,,,,,,,,,,,,,,,,False,False,False,False,,,,,,,,,,,,,,,minimal,0,,False,False,False,False,False,False,False,False,True,
1,2955,Sri Lanka Under-19s Women,SRI,1,35,MR Narwase,6,1,0,132/7,5.00,34.06,34.5,3,3,Mahak Narwase to Chamodi Herath,,Mahak Narwase to Chamodi Herath. 3 runs,82f1cc7c-5d46-40fc-b825-b034f242cb8c,239668,"India Under-19s Women v Sri Lanka U19 Women at Puducherry, 3rd ODI, 5 Jul 2026",9219,Sri Lanka Under-19s Women in India,2026,"Cricket Association Puducherry Siechem Ground, Puducherry",Women's youth one-day,2026-07-05,,,,,,,,,,,,,,,,,,,,,,,,,,,False,False,False,False,,,,,,,,,,,,,,,minimal,3,,False,False,False,False,False,False,False,False,False,
1,2955,Sri Lanka Under-19s Women,SRI,1,35,MR Narwase,6,1,0,132/7,5.00,34.07,34.6,0,0,Mahak Narwase to Yeshali Jithara,,Mahak Narwase to Yeshali Jithara. No run,82f1cc7c-5d46-40fc-b825-b034f242cb8c,239668,"India Under-19s Women v Sri Lanka U19 Women at Puducherry, 3rd ODI, 5 Jul 2026",9219,Sri Lanka Under-19s Women in India,2026,"Cricket Association Puducherry Siechem Ground, Puducherry",Women's youth one-day,2026-07-05,,,,,,,,,,,,,,,,,,,,,,,,,,,False,False,False,False,,,,,,,,,,,,,,,minimal,0,,False,False,False,False,False,False,False,False,True,
1,2955,Sri Lanka Under-19s Women,SRI,1,36,K Kandikuppa,1,0,0,133/7,1.00,35.01,35.1,0,0,Kashvi Kandikuppa to Chamodi Herath,,Kashvi Kandikuppa to Chamodi Herath. No run,82f1cc7c-5d46-40fc-b825-b034f242cb8c,239668,"India Under-19s Women v Sri Lanka U19 Women at Puducherry, 3rd ODI, 5 Jul 2026",9219,Sri Lanka Under-19s Women in India,2026,"Cricket Association Puducherry Siechem Ground, Puducherry",Women's youth one-day,2026-07-05,,,,,,,,,,,,,,,,,,,,,,,,,,,False,False,False,False,,,,,,,,,,,,,,,minimal,0,,False,False,False,False,False,False,False,False,True,
1,2955,Sri Lanka Under-19s Women,SRI,1,36,K Kandikuppa,1,0,0,133/7,1.00,35.02,35.2,1,1,Kashvi Kandikuppa to Chamodi Herath,,Kashvi Kandikuppa to Chamodi Herath. 1 run,82f1cc7c-5d46-40fc-b825-b034f242cb8c,239668,"India Under-19s Women v Sri Lanka U19 Women at Puducherry, 3rd ODI, 5 Jul 2026",9219,Sri Lanka Under-19s Women in India,2026,"Cricket Association Puducherry Siechem Ground, Puducherry",Women's youth one-day,2026-07-05,,,,,,,,,,,,,,,,,,,,,,,,,,,False,False,False,False,,,,,,,,,,,,,,,minimal,1,,False,False,False,False,False,False,False,False,False,
1,2955,Sri Lanka Under-19s Women,SRI,1,36,K Kandikuppa,1,0,0,133/7,1.00,35.03,35.3,0,0,Kashvi Kandikuppa to Yeshali Jithara,,Kashvi Kandikuppa to Yeshali Jithara. No run,82f1cc7c-5d46-40fc-b825-b034f242cb8c,239668,"India Under-19s Women v Sri Lanka U19 Women at Puducherry, 3rd ODI, 5 Jul 2026",9219,Sri Lanka Under-19s Women in India,2026,"Cricket Association Puducherry Siechem Ground, Puducherry",Women's youth one-day,2026-07-05,,,,,,,,,,,,,,,,,,,,,,,,,,,False,False,False,False,,,,,,,,,,,,,,,minimal,0,,False,False,False,False,False,False,False,False,True,
1,2955,Sri Lanka Under-19s Women,SRI,1,36,K Kandikuppa,1,0,0,133/7,1.00,35.04,35.4,0,0,Kashvi Kandikuppa to Yeshali Jithara,,Kashvi Kandikuppa to Yeshali Jithara. No run,82f1cc7c-5d46-40fc-b825-b034f242cb8c,239668,"India Under-19s Women v Sri Lanka U19 Women at Puducherry, 3rd ODI, 5 Jul 2026",9219,Sri Lanka Under-19s Women in India,2026,"Cricket Association Puducherry Siechem Ground, Puducherry",Women's youth one-day,2026-07-05,,,,,,,,,,,,,,,,,,,,,,,,,,,False,False,False,False,,,,,,,,,,,,,,,minimal,0,,False,False,False,False,False,False,False,False,True,
1,2955,Sri Lanka Under-19s Women,SRI,1,36,K Kandikuppa,1,0,0,133/7,1.00,35.05,35.5,0,0,Kashvi Kandikuppa to Yeshali Jithara,,Kashvi Kandikuppa to Yeshali Jithara. No run,82f1cc7c-5d46-40fc-b825-b034f242cb8c,239668,"India Under-19s Women v Sri Lanka U19 Women at Puducherry, 3rd ODI, 5 Jul 2026",9219,Sri Lanka Under-19s Women in India,2026,"Cricket Association Puducherry Siechem Ground, Puducherry",Women's youth one-day,2026-07-05,,,,,,,,,,,,,,,,,,,,,,,,,,,False,False,False,False,,,,,,,,,,,,,,,minimal,0,,False,False,False,False,False,False,False,False,True,
1,2955,Sri Lanka Under-19s Women,SRI,1,36,K Kandikuppa,1,0,0,133/7,1.00,35.06,35.6,0,0,Kashvi Kandikuppa to Yeshali Jithara,,Kashvi Kandikuppa to Yeshali Jithara. No run,82f1cc7c-5d46-40fc-b825-b034f242cb8c,239668,"India Under-19s Women v Sri Lanka U19 Women at Puducherry, 3rd ODI, 5 Jul 2026",9219,Sri Lanka Under-19s Women in India,2026,"Cricket Association Puducherry Siechem Ground, Puducherry",Women's youth one-day,2026-07-05,,,,,,,,,,,,,,,,,,,,,,,,,,,False,False,False,False,,,,,,,,,,,,,,,minimal,0,,False,False,False,False,False,False,False,False,True,
1,2955,Sri Lanka Under-19s Women,SRI,1,37,MR Narwase,2,0,0,135/7,2.00,36.01,36.1,0,0,Mahak Narwase to Chamodi Herath,,Mahak Narwase to Chamodi Herath. No run,82f1cc7c-5d46-40fc-b825-b034f242cb8c,239668,"India Under-19s Women v Sri Lanka U19 Women at Puducherry, 3rd ODI, 5 Jul 2026",9219,Sri Lanka Under-19s Women in India,2026,"Cricket Association Puducherry Siechem Ground, Puducherry",Women's youth one-day,2026-07-05,,,,,,,,,,,,,,,,,,,,,,,,,,,False,False,False,False,,,,,,,,,,,,,,,minimal,0,,False,False,False,False,False,False,False,False,True,
1,2955,Sri Lanka Under-19s Women,SRI,1,37,MR Narwase,2,0,0,135/7,2.00,36.02,36.2,1,1,Mahak Narwase to Chamodi Herath,,Mahak Narwase to Chamodi Herath. 1 run,82f1cc7c-5d46-40fc-b825-b034f242cb8c,239668,"India Under-19s Women v Sri Lanka U19 Women at Puducherry, 3rd ODI, 5 Jul 2026",9219,Sri Lanka Under-19s Women in India,2026,"Cricket Association Puducherry Siechem Ground, Puducherry",Women's youth one-day,2026-07-05,,,,,,,,,,,,,,,,,,,,,,,,,,,False,False,False,False,,,,,,,,,,,,,,,minimal,1,,False,False,False,False,False,False,False,False,False,
1,2955,Sri Lanka Under-19s Women,SRI,1,37,MR Narwase,2,0,0,135/7,2.00,36.03,36.3,0,0,Mahak Narwase to Yeshali Jithara,,Mahak Narwase to Yeshali Jithara. No run,82f1cc7c-5d46-40fc-b825-b034f242cb8c,239668,"India Under-19s Women v Sri Lanka U19 Women at Puducherry, 3rd ODI, 5 Jul 2026",9219,Sri Lanka Under-19s Women in India,2026,"Cricket Association Puducherry Siechem Ground, Puducherry",Women's youth one-day,2026-07-05,,,,,,,,,,,,,,,,,,,,,,,,,,,False,False,False,False,,,,,,,,,,,,,,,minimal,0,,False,False,False,False,False,False,False,False,True,
1,2955,Sri Lanka Under-19s Women,SRI,1,37,MR Narwase,2,0,0,135/7,2.00,36.04,36.4,0,0,Mahak Narwase to Yeshali Jithara,,Mahak Narwase to Yeshali Jithara. No run,82f1cc7c-5d46-40fc-b825-b034f242cb8c,239668,"India Under-19s Women v Sri Lanka U19 Women at Puducherry, 3rd ODI, 5 Jul 2026",9219,Sri Lanka Under-19s Women in India,2026,"Cricket Association Puducherry Siechem Ground, Puducherry",Women's youth one-day,2026-07-05,,,,,,,,,,,,,,,,,,,,,,,,,,,False,False,False,False,,,,,,,,,,,,,,,minimal,0,,False,False,False,False,False,False,False,False,True,
1,2955,Sri Lanka Under-19s Women,SRI,1,37,MR Narwase,2,0,0,135/7,2.00,36.05,36.5,0,0,Mahak Narwase to Yeshali Jithara,,Mahak Narwase to Yeshali Jithara. No run,82f1cc7c-5d46-40fc-b825-b034f242cb8c,239668,"India Under-19s Women v Sri Lanka U19 Women at Puducherry, 3rd ODI, 5 Jul 2026",9219,Sri Lanka Under-19s Women in India,2026,"Cricket Association Puducherry Siechem Ground, Puducherry",Women's youth one-day,2026-07-05,,,,,,,,,,,,,,,,,,,,,,,,,,,False,False,False,False,,,,,,,,,,,,,,,minimal,0,,False,False,False,False,False,False,False,False,True,
1,2955,Sri Lanka Under-19s Women,SRI,1,37,MR Narwase,2,0,0,135/7,2.00,36.06,36.6,1,1,Mahak Narwase to Yeshali Jithara,,Mahak Narwase to Yeshali Jithara. 1 run,82f1cc7c-5d46-40fc-b825-b034f242cb8c,239668,"India Under-19s Women v Sri Lanka U19 Women at Puducherry, 3rd ODI, 5 Jul 2026",9219,Sri Lanka Under-19s Women in India,2026,"Cricket Association Puducherry Siechem Ground, Puducherry",Women's youth one-day,2026-07-05,,,,,,,,,,,,,,,,,,,,,,,,,,,False,False,False,False,,,,,,,,,,,,,,,minimal,1,,False,False,False,False,False,False,False,False,False,
1,2955,Sri Lanka Under-19s Women,SRI,1,38,K Kandikuppa,2,0,1,137/8,2.00,37.01,37.1,1,1,Kashvi Kandikuppa to Yeshali Jithara,,Kashvi Kandikuppa to Yeshali Jithara. 1 run,82f1cc7c-5d46-40fc-b825-b034f242cb8c,239668,"India Under-19s Women v Sri Lanka U19 Women at Puducherry, 3rd ODI, 5 Jul 2026",9219,Sri Lanka Under-19s Women in India,2026,"Cricket Association Puducherry Siechem Ground, Puducherry",Women's youth one-day,2026-07-05,,,,,,,,,,,,,,,,,,,,,,,,,,,False,False,False,False,,,,,,,,,,,,,,,minimal,1,,False,False,False,False,False,False,False,False,False,
1,2955,Sri Lanka Under-19s Women,SRI,1,38,K Kandikuppa,2,0,1,137/8,2.00,37.02,37.2,0,0,Kashvi Kandikuppa to Chamodi Herath,,Kashvi Kandikuppa to Chamodi Herath. No run,82f1cc7c-5d46-40fc-b825-b034f242cb8c,239668,"India Under-19s Women v Sri Lanka U19 Women at Puducherry, 3rd ODI, 5 Jul 2026",9219,Sri Lanka Under-19s Women in India,2026,"Cricket Association Puducherry Siechem Ground, Puducherry",Women's youth one-day,2026-07-05,,,,,,,,,,,,,,,,,,,,,,,,,,,False,False,False,False,,,,,,,,,,,,,,,minimal,0,,False,False,False,False,False,False,False,False,True,
1,2955,Sri Lanka Under-19s Women,SRI,1,38,K Kandikuppa,2,0,1,137/8,2.00,37.03,37.3,0,W,Kashvi Kandikuppa to Chamodi Herath,,OUT! Kashvi Kandikuppa to Chamodi Herath. No run,82f1cc7c-5d46-40fc-b825-b034f242cb8c,239668,"India Under-19s Women v Sri Lanka U19 Women at Puducherry, 3rd ODI, 5 Jul 2026",9219,Sri Lanka Under-19s Women in India,2026,"Cricket Association Puducherry Siechem Ground, Puducherry",Women's youth one-day,2026-07-05,,,,,,,,,,,,,,,,,,,,,,,,,,,False,False,False,False,,,,,,,,,,,,,,,minimal,0,,True,False,False,False,False,False,False,False,False,
1,2955,Sri Lanka Under-19s Women,SRI,1,38,K Kandikuppa,2,0,1,137/8,2.00,37.04,37.4,0,0,Kashvi Kandikuppa to Chamodi Praboda,,Kashvi Kandikuppa to Chamodi Praboda. No run,82f1cc7c-5d46-40fc-b825-b034f242cb8c,239668,"India Under-19s Women v Sri Lanka U19 Women at Puducherry, 3rd ODI, 5 Jul 2026",9219,Sri Lanka Under-19s Women in India,2026,"Cricket Association Puducherry Siechem Ground, Puducherry",Women's youth one-day,2026-07-05,,,,,,,,,,,,,,,,,,,,,,,,,,,False,False,False,False,,,,,,,,,,,,,,,minimal,0,,False,False,False,False,False,False,False,False,True,
1,2955,Sri Lanka Under-19s Women,SRI,1,38,K Kandikuppa,2,0,1,137/8,2.00,37.05,37.5,0,0,Kashvi Kandikuppa to Chamodi Praboda,,Kashvi Kandikuppa to Chamodi Praboda. No run,82f1cc7c-5d46-40fc-b825-b034f242cb8c,239668,"India Under-19s Women v Sri Lanka U19 Women at Puducherry, 3rd ODI, 5 Jul 2026",9219,Sri Lanka Under-19s Women in India,2026,"Cricket Association Puducherry Siechem Ground, Puducherry",Women's youth one-day,2026-07-05,,,,,,,,,,,,,,,,,,,,,,,,,,,False,False,False,False,,,,,,,,,,,,,,,minimal,0,,False,False,False,False,False,False,False,False,True,
1,2955,Sri Lanka Under-19s Women,SRI,1,38,K Kandikuppa,2,0,1,137/8,2.00,37.06,37.6,1,1,Kashvi Kandikuppa to Chamodi Praboda,,Kashvi Kandikuppa to Chamodi Praboda. 1 run,82f1cc7c-5d46-40fc-b825-b034f242cb8c,239668,"India Under-19s Women v Sri Lanka U19 Women at Puducherry, 3rd ODI, 5 Jul 2026",9219,Sri Lanka Under-19s Women in India,2026,"Cricket Association Puducherry Siechem Ground, Puducherry",Women's youth one-day,2026-07-05,,,,,,,,,,,,,,,,,,,,,,,,,,,False,False,False,False,,,,,,,,,,,,,,,minimal,1,,False,False,False,False,False,False,False,False,False,
1,2955,Sri Lanka Under-19s Women,SRI,1,39,MR Narwase,1,0,0,138/8,1.00,38.01,38.1,0,0,Mahak Narwase to Chamodi Praboda,,Mahak Narwase to Chamodi Praboda. No run,82f1cc7c-5d46-40fc-b825-b034f242cb8c,239668,"India Under-19s Women v Sri Lanka U19 Women at Puducherry, 3rd ODI, 5 Jul 2026",9219,Sri Lanka Under-19s Women in India,2026,"Cricket Association Puducherry Siechem Ground, Puducherry",Women's youth one-day,2026-07-05,,,,,,,,,,,,,,,,,,,,,,,,,,,False,False,False,False,,,,,,,,,,,,,,,minimal,0,,False,False,False,False,False,False,False,False,True,
1,2955,Sri Lanka Under-19s Women,SRI,1,39,MR Narwase,1,0,0,138/8,1.00,38.02,38.2,0,0,Mahak Narwase to Chamodi Praboda,,Mahak Narwase to Chamodi Praboda. No run,82f1cc7c-5d46-40fc-b825-b034f242cb8c,239668,"India Under-19s Women v Sri Lanka U19 Women at Puducherry, 3rd ODI, 5 Jul 2026",9219,Sri Lanka Under-19s Women in India,2026,"Cricket Association Puducherry Siechem Ground, Puducherry",Women's youth one-day,2026-07-05,,,,,,,,,,,,,,,,,,,,,,,,,,,False,False,False,False,,,,,,,,,,,,,,,minimal,0,,False,False,False,False,False,False,False,False,True,
1,2955,Sri Lanka Under-19s Women,SRI,1,39,MR Narwase,1,0,0,138/8,1.00,38.03,38.3,0,0,Mahak Narwase to Chamodi Praboda,,Mahak Narwase to Chamodi Praboda. No run,82f1cc7c-5d46-40fc-b825-b034f242cb8c,239668,"India Under-19s Women v Sri Lanka U19 Women at Puducherry, 3rd ODI, 5 Jul 2026",9219,Sri Lanka Under-19s Women in India,2026,"Cricket Association Puducherry Siechem Ground, Puducherry",Women's youth one-day,2026-07-05,,,,,,,,,,,,,,,,,,,,,,,,,,,False,False,False,False,,,,,,,,,,,,,,,minimal,0,,False,False,False,False,False,False,False,False,True,
1,2955,Sri Lanka Under-19s Women,SRI,1,39,MR Narwase,1,0,0,138/8,1.00,38.04,38.4,0,0,Mahak Narwase to Chamodi Praboda,,Mahak Narwase to Chamodi Praboda. No run,82f1cc7c-5d46-40fc-b825-b034f242cb8c,239668,"India Under-19s Women v Sri Lanka U19 Women at Puducherry, 3rd ODI, 5 Jul 2026",9219,Sri Lanka Under-19s Women in India,2026,"Cricket Association Puducherry Siechem Ground, Puducherry",Women's youth one-day,2026-07-05,,,,,,,,,,,,,,,,,,,,,,,,,,,False,False,False,False,,,,,,,,,,,,,,,minimal,0,,False,False,False,False,False,False,False,False,True,
1,2955,Sri Lanka Under-19s Women,SRI,1,39,MR Narwase,1,0,0,138/8,1.00,38.05,38.5,1,1,Mahak Narwase to Chamodi Praboda,,Mahak Narwase to Chamodi Praboda. 1 run,82f1cc7c-5d46-40fc-b825-b034f242cb8c,239668,"India Under-19s Women v Sri Lanka U19 Women at Puducherry, 3rd ODI, 5 Jul 2026",9219,Sri Lanka Under-19s Women in India,2026,"Cricket Association Puducherry Siechem Ground, Puducherry",Women's youth one-day,2026-07-05,,,,,,,,,,,,,,,,,,,,,,,,,,,False,False,False,False,,,,,,,,,,,,,,,minimal,1,,False,False,False,False,False,False,False,False,False,
1,2955,Sri Lanka Under-19s Women,SRI,1,39,MR Narwase,1,0,0,138/8,1.00,38.06,38.6,0,0,Mahak Narwase to Yeshali Jithara,,Mahak Narwase to Yeshali Jithara. No run,82f1cc7c-5d46-40fc-b825-b034f242cb8c,239668,"India Under-19s Women v Sri Lanka U19 Women at Puducherry, 3rd ODI, 5 Jul 2026",9219,Sri Lanka Under-19s Women in India,2026,"Cricket Association Puducherry Siechem Ground, Puducherry",Women's youth one-day,2026-07-05,,,,,,,,,,,,,,,,,,,,,,,,,,,False,False,False,False,,,,,,,,,,,,,,,minimal,0,,False,False,False,False,False,False,False,False,True,
1,2955,Sri Lanka Under-19s Women,SRI,1,40,JJ Virkar,1,0,1,139/9,1.00,39.01,39.1,0,0,Janhavi Virkar to Chamodi Praboda,,Janhavi Virkar to Chamodi Praboda. No run,82f1cc7c-5d46-40fc-b825-b034f242cb8c,239668,"India Under-19s Women v Sri Lanka U19 Women at Puducherry, 3rd ODI, 5 Jul 2026",9219,Sri Lanka Under-19s Women in India,2026,"Cricket Association Puducherry Siechem Ground, Puducherry",Women's youth one-day,2026-07-05,,,,,,,,,,,,,,,,,,,,,,,,,,,False,False,False,False,,,,,,,,,,,,,,,minimal,0,,False,False,False,False,False,False,False,False,True,
1,2955,Sri Lanka Under-19s Women,SRI,1,40,JJ Virkar,1,0,1,139/9,1.00,39.02,39.2,0,0,Janhavi Virkar to Chamodi Praboda,,Janhavi Virkar to Chamodi Praboda. No run,82f1cc7c-5d46-40fc-b825-b034f242cb8c,239668,"India Under-19s Women v Sri Lanka U19 Women at Puducherry, 3rd ODI, 5 Jul 2026",9219,Sri Lanka Under-19s Women in India,2026,"Cricket Association Puducherry Siechem Ground, Puducherry",Women's youth one-day,2026-07-05,,,,,,,,,,,,,,,,,,,,,,,,,,,False,False,False,False,,,,,,,,,,,,,,,minimal,0,,False,False,False,False,False,False,False,False,True,
1,2955,Sri Lanka Under-19s Women,SRI,1,40,JJ Virkar,1,0,1,139/9,1.00,39.03,39.3,1,1,Janhavi Virkar to Chamodi Praboda,,Janhavi Virkar to Chamodi Praboda. 1 run,82f1cc7c-5d46-40fc-b825-b034f242cb8c,239668,"India Under-19s Women v Sri Lanka U19 Women at Puducherry, 3rd ODI, 5 Jul 2026",9219,Sri Lanka Under-19s Women in India,2026,"Cricket Association Puducherry Siechem Ground, Puducherry",Women's youth one-day,2026-07-05,,,,,,,,,,,,,,,,,,,,,,,,,,,False,False,False,False,,,,,,,,,,,,,,,minimal,1,,False,False,False,False,False,False,False,False,False,
1,2955,Sri Lanka Under-19s Women,SRI,1,40,JJ Virkar,1,0,1,139/9,1.00,39.04,39.4,0,W,Janhavi Virkar to Yeshali Jithara,,OUT! Janhavi Virkar to Yeshali Jithara. No run,82f1cc7c-5d46-40fc-b825-b034f242cb8c,239668,"India Under-19s Women v Sri Lanka U19 Women at Puducherry, 3rd ODI, 5 Jul 2026",9219,Sri Lanka Under-19s Women in India,2026,"Cricket Association Puducherry Siechem Ground, Puducherry",Women's youth one-day,2026-07-05,,,,,,,,,,,,,,,,,,,,,,,,,,,False,False,False,False,,,,,,,,,,,,,,,minimal,0,,True,False,False,False,False,False,False,False,False,
1,2955,Sri Lanka Under-19s Women,SRI,1,40,JJ Virkar,1,0,1,139/9,1.00,39.05,39.5,0,0,Janhavi Virkar to Sanuki Pathirage,,Janhavi Virkar to Sanuki Pathirage. No run,82f1cc7c-5d46-40fc-b825-b034f242cb8c,239668,"India Under-19s Women v Sri Lanka U19 Women at Puducherry, 3rd ODI, 5 Jul 2026",9219,Sri Lanka Under-19s Women in India,2026,"Cricket Association Puducherry Siechem Ground, Puducherry",Women's youth one-day,2026-07-05,,,,,,,,,,,,,,,,,,,,,,,,,,,False,False,False,False,,,,,,,,,,,,,,,minimal,0,,False,False,False,False,False,False,False,False,True,
1,2955,Sri Lanka Under-19s Women,SRI,1,40,JJ Virkar,1,0,1,139/9,1.00,39.06,39.6,0,0,Janhavi Virkar to Sanuki Pathirage,,Janhavi Virkar to Sanuki Pathirage. No run,82f1cc7c-5d46-40fc-b825-b034f242cb8c,239668,"India Under-19s Women v Sri Lanka U19 Women at Puducherry, 3rd ODI, 5 Jul 2026",9219,Sri Lanka Under-19s Women in India,2026,"Cricket Association Puducherry Siechem Ground, Puducherry",Women's youth one-day,2026-07-05,,,,,,,,,,,,,,,,,,,,,,,,,,,False,False,False,False,,,,,,,,,,,,,,,minimal,0,,False,False,False,False,False,False,False,False,True,
1,2955,Sri Lanka Under-19s Women,SRI,1,41,MR Narwase,1,0,0,140/9,1.00,40.01,40.1,0,0,Mahak Narwase to Chamodi Praboda,,Mahak Narwase to Chamodi Praboda. No run,82f1cc7c-5d46-40fc-b825-b034f242cb8c,239668,"India Under-19s Women v Sri Lanka U19 Women at Puducherry, 3rd ODI, 5 Jul 2026",9219,Sri Lanka Under-19s Women in India,2026,"Cricket Association Puducherry Siechem Ground, Puducherry",Women's youth one-day,2026-07-05,,,,,,,,,,,,,,,,,,,,,,,,,,,False,False,False,False,,,,,,,,,,,,,,,minimal,0,,False,False,False,False,False,False,False,False,True,
1,2955,Sri Lanka Under-19s Women,SRI,1,41,MR Narwase,1,0,0,140/9,1.00,40.02,40.2,0,0,Mahak Narwase to Chamodi Praboda,,Mahak Narwase to Chamodi Praboda. No run,82f1cc7c-5d46-40fc-b825-b034f242cb8c,239668,"India Under-19s Women v Sri Lanka U19 Women at Puducherry, 3rd ODI, 5 Jul 2026",9219,Sri Lanka Under-19s Women in India,2026,"Cricket Association Puducherry Siechem Ground, Puducherry",Women's youth one-day,2026-07-05,,,,,,,,,,,,,,,,,,,,,,,,,,,False,False,False,False,,,,,,,,,,,,,,,minimal,0,,False,False,False,False,False,False,False,False,True,
1,2955,Sri Lanka Under-19s Women,SRI,1,41,MR Narwase,1,0,0,140/9,1.00,40.03,40.3,0,0,Mahak Narwase to Chamodi Praboda,,Mahak Narwase to Chamodi Praboda. No run,82f1cc7c-5d46-40fc-b825-b034f242cb8c,239668,"India Under-19s Women v Sri Lanka U19 Women at Puducherry, 3rd ODI, 5 Jul 2026",9219,Sri Lanka Under-19s Women in India,2026,"Cricket Association Puducherry Siechem Ground, Puducherry",Women's youth one-day,2026-07-05,,,,,,,,,,,,,,,,,,,,,,,,,,,False,False,False,False,,,,,,,,,,,,,,,minimal,0,,False,False,False,False,False,False,False,False,True,
1,2955,Sri Lanka Under-19s Women,SRI,1,41,MR Narwase,1,0,0,140/9,1.00,40.04,40.4,0,0,Mahak Narwase to Chamodi Praboda,,Mahak Narwase to Chamodi Praboda. No run,82f1cc7c-5d46-40fc-b825-b034f242cb8c,239668,"India Under-19s Women v Sri Lanka U19 Women at Puducherry, 3rd ODI, 5 Jul 2026",9219,Sri Lanka Under-19s Women in India,2026,"Cricket Association Puducherry Siechem Ground, Puducherry",Women's youth one-day,2026-07-05,,,,,,,,,,,,,,,,,,,,,,,,,,,False,False,False,False,,,,,,,,,,,,,,,minimal,0,,False,False,False,False,False,False,False,False,True,
1,2955,Sri Lanka Under-19s Women,SRI,1,41,MR Narwase,1,0,0,140/9,1.00,40.05,40.5,1,1,Mahak Narwase to Chamodi Praboda,,Mahak Narwase to Chamodi Praboda. 1 run,82f1cc7c-5d46-40fc-b825-b034f242cb8c,239668,"India Under-19s Women v Sri Lanka U19 Women at Puducherry, 3rd ODI, 5 Jul 2026",9219,Sri Lanka Under-19s Women in India,2026,"Cricket Association Puducherry Siechem Ground, Puducherry",Women's youth one-day,2026-07-05,,,,,,,,,,,,,,,,,,,,,,,,,,,False,False,False,False,,,,,,,,,,,,,,,minimal,1,,False,False,False,False,False,False,False,False,False,
1,2955,Sri Lanka Under-19s Women,SRI,1,41,MR Narwase,1,0,0,140/9,1.00,40.06,40.6,0,0,Mahak Narwase to Sanuki Pathirage,,Mahak Narwase to Sanuki Pathirage. No run,82f1cc7c-5d46-40fc-b825-b034f242cb8c,239668,"India Under-19s Women v Sri Lanka U19 Women at Puducherry, 3rd ODI, 5 Jul 2026",9219,Sri Lanka Under-19s Women in India,2026,"Cricket Association Puducherry Siechem Ground, Puducherry",Women's youth one-day,2026-07-05,,,,,,,,,,,,,,,,,,,,,,,,,,,False,False,False,False,,,,,,,,,,,,,,,minimal,0,,False,False,False,False,False,False,False,False,True,
1,2955,Sri Lanka Under-19s Women,SRI,1,42,JJ Virkar,5,0,0,145/9,5.00,41.01,41.1,0,0,Janhavi Virkar to Chamodi Praboda,,Janhavi Virkar to Chamodi Praboda. No run,82f1cc7c-5d46-40fc-b825-b034f242cb8c,239668,"India Under-19s Women v Sri Lanka U19 Women at Puducherry, 3rd ODI, 5 Jul 2026",9219,Sri Lanka Under-19s Women in India,2026,"Cricket Association Puducherry Siechem Ground, Puducherry",Women's youth one-day,2026-07-05,,,,,,,,,,,,,,,,,,,,,,,,,,,False,False,False,False,,,,,,,,,,,,,,,minimal,0,,False,False,False,False,False,False,False,False,True,
1,2955,Sri Lanka Under-19s Women,SRI,1,42,JJ Virkar,5,0,0,145/9,5.00,41.02,41.2,4,4,Janhavi Virkar to Chamodi Praboda,,FOUR! Janhavi Virkar to Chamodi Praboda. 4 runs,82f1cc7c-5d46-40fc-b825-b034f242cb8c,239668,"India Under-19s Women v Sri Lanka U19 Women at Puducherry, 3rd ODI, 5 Jul 2026",9219,Sri Lanka Under-19s Women in India,2026,"Cricket Association Puducherry Siechem Ground, Puducherry",Women's youth one-day,2026-07-05,,,,,,,,,,,,,,,,,,,,,,,,,,,False,False,False,False,,,,,,,,,,,,,,,minimal,4,,False,False,False,False,False,False,True,False,False,
1,2955,Sri Lanka Under-19s Women,SRI,1,42,JJ Virkar,5,0,0,145/9,5.00,41.03,41.3,0,0,Janhavi Virkar to Chamodi Praboda,,Janhavi Virkar to Chamodi Praboda. No run,82f1cc7c-5d46-40fc-b825-b034f242cb8c,239668,"India Under-19s Women v Sri Lanka U19 Women at Puducherry, 3rd ODI, 5 Jul 2026",9219,Sri Lanka Under-19s Women in India,2026,"Cricket Association Puducherry Siechem Ground, Puducherry",Women's youth one-day,2026-07-05,,,,,,,,,,,,,,,,,,,,,,,,,,,False,False,False,False,,,,,,,,,,,,,,,minimal,0,,False,False,False,False,False,False,False,False,True,
1,2955,Sri Lanka Under-19s Women,SRI,1,42,JJ Virkar,5,0,0,145/9,5.00,41.04,41.4,0,0,Janhavi Virkar to Chamodi Praboda,,Janhavi Virkar to Chamodi Praboda. No run,82f1cc7c-5d46-40fc-b825-b034f242cb8c,239668,"India Under-19s Women v Sri Lanka U19 Women at Puducherry, 3rd ODI, 5 Jul 2026",9219,Sri Lanka Under-19s Women in India,2026,"Cricket Association Puducherry Siechem Ground, Puducherry",Women's youth one-day,2026-07-05,,,,,,,,,,,,,,,,,,,,,,,,,,,False,False,False,False,,,,,,,,,,,,,,,minimal,0,,False,False,False,False,False,False,False,False,True,
1,2955,Sri Lanka Under-19s Women,SRI,1,42,JJ Virkar,5,0,0,145/9,5.00,41.05,41.5,0,0,Janhavi Virkar to Chamodi Praboda,,Janhavi Virkar to Chamodi Praboda. No run,82f1cc7c-5d46-40fc-b825-b034f242cb8c,239668,"India Under-19s Women v Sri Lanka U19 Women at Puducherry, 3rd ODI, 5 Jul 2026",9219,Sri Lanka Under-19s Women in India,2026,"Cricket Association Puducherry Siechem Ground, Puducherry",Women's youth one-day,2026-07-05,,,,,,,,,,,,,,,,,,,,,,,,,,,False,False,False,False,,,,,,,,,,,,,,,minimal,0,,False,False,False,False,False,False,False,False,True,
1,2955,Sri Lanka Under-19s Women,SRI,1,42,JJ Virkar,5,0,0,145/9,5.00,41.06,41.6,1,1,Janhavi Virkar to Chamodi Praboda,,Janhavi Virkar to Chamodi Praboda. 1 run,82f1cc7c-5d46-40fc-b825-b034f242cb8c,239668,"India Under-19s Women v Sri Lanka U19 Women at Puducherry, 3rd ODI, 5 Jul 2026",9219,Sri Lanka Under-19s Women in India,2026,"Cricket Association Puducherry Siechem Ground, Puducherry",Women's youth one-day,2026-07-05,,,,,,,,,,,,,,,,,,,,,,,,,,,False,False,False,False,,,,,,,,,,,,,,,minimal,1,,False,False,False,False,False,False,False,False,False,
1,2955,Sri Lanka Under-19s Women,SRI,1,43,AA Tagde,2,1,0,147/9,1.00,42.01,42.1,0,0,Anaadi Tagde to Chamodi Praboda,,Anaadi Tagde to Chamodi Praboda. No run,82f1cc7c-5d46-40fc-b825-b034f242cb8c,239668,"India Under-19s Women v Sri Lanka U19 Women at Puducherry, 3rd ODI, 5 Jul 2026",9219,Sri Lanka Under-19s Women in India,2026,"Cricket Association Puducherry Siechem Ground, Puducherry",Women's youth one-day,2026-07-05,,,,,,,,,,,,,,,,,,,,,,,,,,,False,False,False,False,,,,,,,,,,,,,,,minimal,0,,False,False,False,False,False,False,False,False,True,
1,2955,Sri Lanka Under-19s Women,SRI,1,43,AA Tagde,2,1,0,147/9,1.00,42.02,42.2,0,0,Anaadi Tagde to Chamodi Praboda,,Anaadi Tagde to Chamodi Praboda. No run,82f1cc7c-5d46-40fc-b825-b034f242cb8c,239668,"India Under-19s Women v Sri Lanka U19 Women at Puducherry, 3rd ODI, 5 Jul 2026",9219,Sri Lanka Under-19s Women in India,2026,"Cricket Association Puducherry Siechem Ground, Puducherry",Women's youth one-day,2026-07-05,,,,,,,,,,,,,,,,,,,,,,,,,,,False,False,False,False,,,,,,,,,,,,,,,minimal,0,,False,False,False,False,False,False,False,False,True,
1,2955,Sri Lanka Under-19s Women,SRI,1,43,AA Tagde,2,1,0,147/9,1.00,42.03,42.2,1,1ʷᵈ,Anaadi Tagde to Chamodi Praboda,,Wide. Anaadi Tagde to Chamodi Praboda. 1 wides,82f1cc7c-5d46-40fc-b825-b034f242cb8c,239668,"India Under-19s Women v Sri Lanka U19 Women at Puducherry, 3rd ODI, 5 Jul 2026",9219,Sri Lanka Under-19s Women in India,2026,"Cricket Association Puducherry Siechem Ground, Puducherry",Women's youth one-day,2026-07-05,,,,,,,,,,,,,,,,,,,,,,,,,,,False,False,False,False,,,,,,,,,,,,,,,minimal,1,wide,False,True,False,False,False,False,False,False,False,
1,2955,Sri Lanka Under-19s Women,SRI,1,43,AA Tagde,2,1,0,147/9,1.00,42.04,42.3,0,0,Anaadi Tagde to Chamodi Praboda,,Anaadi Tagde to Chamodi Praboda. No run,82f1cc7c-5d46-40fc-b825-b034f242cb8c,239668,"India Under-19s Women v Sri Lanka U19 Women at Puducherry, 3rd ODI, 5 Jul 2026",9219,Sri Lanka Under-19s Women in India,2026,"Cricket Association Puducherry Siechem Ground, Puducherry",Women's youth one-day,2026-07-05,,,,,,,,,,,,,,,,,,,,,,,,,,,False,False,False,False,,,,,,,,,,,,,,,minimal,0,,False,False,False,False,False,False,False,False,True,
1,2955,Sri Lanka Under-19s Women,SRI,1,43,AA Tagde,2,1,0,147/9,1.00,42.05,42.4,0,0,Anaadi Tagde to Chamodi Praboda,,Anaadi Tagde to Chamodi Praboda. No run,82f1cc7c-5d46-40fc-b825-b034f242cb8c,239668,"India Under-19s Women v Sri Lanka U19 Women at Puducherry, 3rd ODI, 5 Jul 2026",9219,Sri Lanka Under-19s Women in India,2026,"Cricket Association Puducherry Siechem Ground, Puducherry",Women's youth one-day,2026-07-05,,,,,,,,,,,,,,,,,,,,,,,,,,,False,False,False,False,,,,,,,,,,,,,,,minimal,0,,False,False,False,False,False,False,False,False,True,
1,2955,Sri Lanka Under-19s Women,SRI,1,43,AA Tagde,2,1,0,147/9,1.00,42.06,42.5,0,0,Anaadi Tagde to Chamodi Praboda,,Anaadi Tagde to Chamodi Praboda. No run,82f1cc7c-5d46-40fc-b825-b034f242cb8c,239668,"India Under-19s Women v Sri Lanka U19 Women at Puducherry, 3rd ODI, 5 Jul 2026",9219,Sri Lanka Under-19s Women in India,2026,"Cricket Association Puducherry Siechem Ground, Puducherry",Women's youth one-day,2026-07-05,,,,,,,,,,,,,,,,,,,,,,,,,,,False,False,False,False,,,,,,,,,,,,,,,minimal,0,,False,False,False,False,False,False,False,False,True,
1,2955,Sri Lanka Under-19s Women,SRI,1,43,AA Tagde,2,1,0,147/9,1.00,42.07,42.6,1,1,Anaadi Tagde to Chamodi Praboda,,Anaadi Tagde to Chamodi Praboda. 1 run,82f1cc7c-5d46-40fc-b825-b034f242cb8c,239668,"India Under-19s Women v Sri Lanka U19 Women at Puducherry, 3rd ODI, 5 Jul 2026",9219,Sri Lanka Under-19s Women in India,2026,"Cricket Association Puducherry Siechem Ground, Puducherry",Women's youth one-day,2026-07-05,,,,,,,,,,,,,,,,,,,,,,,,,,,False,False,False,False,,,,,,,,,,,,,,,minimal,1,,False,False,False,False,False,False,False,False,False,
1,2955,Sri Lanka Under-19s Women,SRI,1,44,K Kandikuppa,1,0,0,148/9,1.00,43.01,43.1,0,0,Kashvi Kandikuppa to Chamodi Praboda,,Kashvi Kandikuppa to Chamodi Praboda. No run,82f1cc7c-5d46-40fc-b825-b034f242cb8c,239668,"India Under-19s Women v Sri Lanka U19 Women at Puducherry, 3rd ODI, 5 Jul 2026",9219,Sri Lanka Under-19s Women in India,2026,"Cricket Association Puducherry Siechem Ground, Puducherry",Women's youth one-day,2026-07-05,,,,,,,,,,,,,,,,,,,,,,,,,,,False,False,False,False,,,,,,,,,,,,,,,minimal,0,,False,False,False,False,False,False,False,False,True,
1,2955,Sri Lanka Under-19s Women,SRI,1,44,K Kandikuppa,1,0,0,148/9,1.00,43.02,43.2,0,0,Kashvi Kandikuppa to Chamodi Praboda,,Kashvi Kandikuppa to Chamodi Praboda. No run,82f1cc7c-5d46-40fc-b825-b034f242cb8c,239668,"India Under-19s Women v Sri Lanka U19 Women at Puducherry, 3rd ODI, 5 Jul 2026",9219,Sri Lanka Under-19s Women in India,2026,"Cricket Association Puducherry Siechem Ground, Puducherry",Women's youth one-day,2026-07-05,,,,,,,,,,,,,,,,,,,,,,,,,,,False,False,False,False,,,,,,,,,,,,,,,minimal,0,,False,False,False,False,False,False,False,False,True,
1,2955,Sri Lanka Under-19s Women,SRI,1,44,K Kandikuppa,1,0,0,148/9,1.00,43.03,43.3,0,0,Kashvi Kandikuppa to Chamodi Praboda,,Kashvi Kandikuppa to Chamodi Praboda. No run,82f1cc7c-5d46-40fc-b825-b034f242cb8c,239668,"India Under-19s Women v Sri Lanka U19 Women at Puducherry, 3rd ODI, 5 Jul 2026",9219,Sri Lanka Under-19s Women in India,2026,"Cricket Association Puducherry Siechem Ground, Puducherry",Women's youth one-day,2026-07-05,,,,,,,,,,,,,,,,,,,,,,,,,,,False,False,False,False,,,,,,,,,,,,,,,minimal,0,,False,False,False,False,False,False,False,False,True,
1,2955,Sri Lanka Under-19s Women,SRI,1,44,K Kandikuppa,1,0,0,148/9,1.00,43.04,43.4,0,0,Kashvi Kandikuppa to Chamodi Praboda,,Kashvi Kandikuppa to Chamodi Praboda. No run,82f1cc7c-5d46-40fc-b825-b034f242cb8c,239668,"India Under-19s Women v Sri Lanka U19 Women at Puducherry, 3rd ODI, 5 Jul 2026",9219,Sri Lanka Under-19s Women in India,2026,"Cricket Association Puducherry Siechem Ground, Puducherry",Women's youth one-day,2026-07-05,,,,,,,,,,,,,,,,,,,,,,,,,,,False,False,False,False,,,,,,,,,,,,,,,minimal,0,,False,False,False,False,False,False,False,False,True,
1,2955,Sri Lanka Under-19s Women,SRI,1,44,K Kandikuppa,1,0,0,148/9,1.00,43.05,43.5,1,1,Kashvi Kandikuppa to Chamodi Praboda,,Kashvi Kandikuppa to Chamodi Praboda. 1 run,82f1cc7c-5d46-40fc-b825-b034f242cb8c,239668,"India Under-19s Women v Sri Lanka U19 Women at Puducherry, 3rd ODI, 5 Jul 2026",9219,Sri Lanka Under-19s Women in India,2026,"Cricket Association Puducherry Siechem Ground, Puducherry",Women's youth one-day,2026-07-05,,,,,,,,,,,,,,,,,,,,,,,,,,,False,False,False,False,,,,,,,,,,,,,,,minimal,1,,False,False,False,False,False,False,False,False,False,
1,2955,Sri Lanka Under-19s Women,SRI,1,44,K Kandikuppa,1,0,0,148/9,1.00,43.06,43.6,0,0,Kashvi Kandikuppa to Sanuki Pathirage,,Kashvi Kandikuppa to Sanuki Pathirage. No run,82f1cc7c-5d46-40fc-b825-b034f242cb8c,239668,"India Under-19s Women v Sri Lanka U19 Women at Puducherry, 3rd ODI, 5 Jul 2026",9219,Sri Lanka Under-19s Women in India,2026,"Cricket Association Puducherry Siechem Ground, Puducherry",Women's youth one-day,2026-07-05,,,,,,,,,,,,,,,,,,,,,,,,,,,False,False,False,False,,,,,,,,,,,,,,,minimal,0,,False,False,False,False,False,False,False,False,True,
1,2955,Sri Lanka Under-19s Women,SRI,1,45,AA Tagde,1,0,0,149/9,1.00,44.01,44.1,0,0,Anaadi Tagde to Chamodi Praboda,,Anaadi Tagde to Chamodi Praboda. No run,82f1cc7c-5d46-40fc-b825-b034f242cb8c,239668,"India Under-19s Women v Sri Lanka U19 Women at Puducherry, 3rd ODI, 5 Jul 2026",9219,Sri Lanka Under-19s Women in India,2026,"Cricket Association Puducherry Siechem Ground, Puducherry",Women's youth one-day,2026-07-05,,,,,,,,,,,,,,,,,,,,,,,,,,,False,False,False,False,,,,,,,,,,,,,,,minimal,0,,False,False,False,False,False,False,False,False,True,
1,2955,Sri Lanka Under-19s Women,SRI,1,45,AA Tagde,1,0,0,149/9,1.00,44.02,44.2,0,0,Anaadi Tagde to Chamodi Praboda,,Anaadi Tagde to Chamodi Praboda. No run,82f1cc7c-5d46-40fc-b825-b034f242cb8c,239668,"India Under-19s Women v Sri Lanka U19 Women at Puducherry, 3rd ODI, 5 Jul 2026",9219,Sri Lanka Under-19s Women in India,2026,"Cricket Association Puducherry Siechem Ground, Puducherry",Women's youth one-day,2026-07-05,,,,,,,,,,,,,,,,,,,,,,,,,,,False,False,False,False,,,,,,,,,,,,,,,minimal,0,,False,False,False,False,False,False,False,False,True,
1,2955,Sri Lanka Under-19s Women,SRI,1,45,AA Tagde,1,0,0,149/9,1.00,44.03,44.3,0,0,Anaadi Tagde to Chamodi Praboda,,Anaadi Tagde to Chamodi Praboda. No run,82f1cc7c-5d46-40fc-b825-b034f242cb8c,239668,"India Under-19s Women v Sri Lanka U19 Women at Puducherry, 3rd ODI, 5 Jul 2026",9219,Sri Lanka Under-19s Women in India,2026,"Cricket Association Puducherry Siechem Ground, Puducherry",Women's youth one-day,2026-07-05,,,,,,,,,,,,,,,,,,,,,,,,,,,False,False,False,False,,,,,,,,,,,,,,,minimal,0,,False,False,False,False,False,False,False,False,True,
1,2955,Sri Lanka Under-19s Women,SRI,1,45,AA Tagde,1,0,0,149/9,1.00,44.04,44.4,1,1,Anaadi Tagde to Chamodi Praboda,,Anaadi Tagde to Chamodi Praboda. 1 run,82f1cc7c-5d46-40fc-b825-b034f242cb8c,239668,"India Under-19s Women v Sri Lanka U19 Women at Puducherry, 3rd ODI, 5 Jul 2026",9219,Sri Lanka Under-19s Women in India,2026,"Cricket Association Puducherry Siechem Ground, Puducherry",Women's youth one-day,2026-07-05,,,,,,,,,,,,,,,,,,,,,,,,,,,False,False,False,False,,,,,,,,,,,,,,,minimal,1,,False,False,False,False,False,False,False,False,False,
1,2955,Sri Lanka Under-19s Women,SRI,1,45,AA Tagde,1,0,0,149/9,1.00,44.05,44.5,0,0,Anaadi Tagde to Sanuki Pathirage,,Anaadi Tagde to Sanuki Pathirage. No run,82f1cc7c-5d46-40fc-b825-b034f242cb8c,239668,"India Under-19s Women v Sri Lanka U19 Women at Puducherry, 3rd ODI, 5 Jul 2026",9219,Sri Lanka Under-19s Women in India,2026,"Cricket Association Puducherry Siechem Ground, Puducherry",Women's youth one-day,2026-07-05,,,,,,,,,,,,,,,,,,,,,,,,,,,False,False,False,False,,,,,,,,,,,,,,,minimal,0,,False,False,False,False,False,False,False,False,True,
1,2955,Sri Lanka Under-19s Women,SRI,1,45,AA Tagde,1,0,0,149/9,1.00,44.06,44.6,0,0,Anaadi Tagde to Sanuki Pathirage,,Anaadi Tagde to Sanuki Pathirage. No run,82f1cc7c-5d46-40fc-b825-b034f242cb8c,239668,"India Under-19s Women v Sri Lanka U19 Women at Puducherry, 3rd ODI, 5 Jul 2026",9219,Sri Lanka Under-19s Women in India,2026,"Cricket Association Puducherry Siechem Ground, Puducherry",Women's youth one-day,2026-07-05,,,,,,,,,,,,,,,,,,,,,,,,,,,False,False,False,False,,,,,,,,,,,,,,,minimal,0,,False,False,False,False,False,False,False,False,True,
1,2955,Sri Lanka Under-19s Women,SRI,1,46,K Kandikuppa,1,0,0,150/9,1.00,45.01,45.1,0,0,Kashvi Kandikuppa to Chamodi Praboda,,Kashvi Kandikuppa to Chamodi Praboda. No run,82f1cc7c-5d46-40fc-b825-b034f242cb8c,239668,"India Under-19s Women v Sri Lanka U19 Women at Puducherry, 3rd ODI, 5 Jul 2026",9219,Sri Lanka Under-19s Women in India,2026,"Cricket Association Puducherry Siechem Ground, Puducherry",Women's youth one-day,2026-07-05,,,,,,,,,,,,,,,,,,,,,,,,,,,False,False,False,False,,,,,,,,,,,,,,,minimal,0,,False,False,False,False,False,False,False,False,True,
1,2955,Sri Lanka Under-19s Women,SRI,1,46,K Kandikuppa,1,0,0,150/9,1.00,45.02,45.2,0,0,Kashvi Kandikuppa to Chamodi Praboda,,Kashvi Kandikuppa to Chamodi Praboda. No run,82f1cc7c-5d46-40fc-b825-b034f242cb8c,239668,"India Under-19s Women v Sri Lanka U19 Women at Puducherry, 3rd ODI, 5 Jul 2026",9219,Sri Lanka Under-19s Women in India,2026,"Cricket Association Puducherry Siechem Ground, Puducherry",Women's youth one-day,2026-07-05,,,,,,,,,,,,,,,,,,,,,,,,,,,False,False,False,False,,,,,,,,,,,,,,,minimal,0,,False,False,False,False,False,False,False,False,True,
1,2955,Sri Lanka Under-19s Women,SRI,1,46,K Kandikuppa,1,0,0,150/9,1.00,45.03,45.3,0,0,Kashvi Kandikuppa to Chamodi Praboda,,Kashvi Kandikuppa to Chamodi Praboda. No run,82f1cc7c-5d46-40fc-b825-b034f242cb8c,239668,"India Under-19s Women v Sri Lanka U19 Women at Puducherry, 3rd ODI, 5 Jul 2026",9219,Sri Lanka Under-19s Women in India,2026,"Cricket Association Puducherry Siechem Ground, Puducherry",Women's youth one-day,2026-07-05,,,,,,,,,,,,,,,,,,,,,,,,,,,False,False,False,False,,,,,,,,,,,,,,,minimal,0,,False,False,False,False,False,False,False,False,True,
1,2955,Sri Lanka Under-19s Women,SRI,1,46,K Kandikuppa,1,0,0,150/9,1.00,45.04,45.4,0,0,Kashvi Kandikuppa to Chamodi Praboda,,Kashvi Kandikuppa to Chamodi Praboda. No run,82f1cc7c-5d46-40fc-b825-b034f242cb8c,239668,"India Under-19s Women v Sri Lanka U19 Women at Puducherry, 3rd ODI, 5 Jul 2026",9219,Sri Lanka Under-19s Women in India,2026,"Cricket Association Puducherry Siechem Ground, Puducherry",Women's youth one-day,2026-07-05,,,,,,,,,,,,,,,,,,,,,,,,,,,False,False,False,False,,,,,,,,,,,,,,,minimal,0,,False,False,False,False,False,False,False,False,True,
1,2955,Sri Lanka Under-19s Women,SRI,1,46,K Kandikuppa,1,0,0,150/9,1.00,45.05,45.5,1,1,Kashvi Kandikuppa to Chamodi Praboda,,Kashvi Kandikuppa to Chamodi Praboda. 1 run,82f1cc7c-5d46-40fc-b825-b034f242cb8c,239668,"India Under-19s Women v Sri Lanka U19 Women at Puducherry, 3rd ODI, 5 Jul 2026",9219,Sri Lanka Under-19s Women in India,2026,"Cricket Association Puducherry Siechem Ground, Puducherry",Women's youth one-day,2026-07-05,,,,,,,,,,,,,,,,,,,,,,,,,,,False,False,False,False,,,,,,,,,,,,,,,minimal,1,,False,False,False,False,False,False,False,False,False,
1,2955,Sri Lanka Under-19s Women,SRI,1,46,K Kandikuppa,1,0,0,150/9,1.00,45.06,45.6,0,0,Kashvi Kandikuppa to Sanuki Pathirage,,Kashvi Kandikuppa to Sanuki Pathirage. No run,82f1cc7c-5d46-40fc-b825-b034f242cb8c,239668,"India Under-19s Women v Sri Lanka U19 Women at Puducherry, 3rd ODI, 5 Jul 2026",9219,Sri Lanka Under-19s Women in India,2026,"Cricket Association Puducherry Siechem Ground, Puducherry",Women's youth one-day,2026-07-05,,,,,,,,,,,,,,,,,,,,,,,,,,,False,False,False,False,,,,,,,,,,,,,,,minimal,0,,False,False,False,False,False,False,False,False,True,
1,2955,Sri Lanka Under-19s Women,SRI,1,47,VH Parmar,1,0,0,151/9,1.00,46.01,46.1,0,0,Vidhi Parmar to Chamodi Praboda,,Vidhi Parmar to Chamodi Praboda. No run,82f1cc7c-5d46-40fc-b825-b034f242cb8c,239668,"India Under-19s Women v Sri Lanka U19 Women at Puducherry, 3rd ODI, 5 Jul 2026",9219,Sri Lanka Under-19s Women in India,2026,"Cricket Association Puducherry Siechem Ground, Puducherry",Women's youth one-day,2026-07-05,,,,,,,,,,,,,,,,,,,,,,,,,,,False,False,False,False,,,,,,,,,,,,,,,minimal,0,,False,False,False,False,False,False,False,False,True,
1,2955,Sri Lanka Under-19s Women,SRI,1,47,VH Parmar,1,0,0,151/9,1.00,46.02,46.2,0,0,Vidhi Parmar to Chamodi Praboda,,Vidhi Parmar to Chamodi Praboda. No run,82f1cc7c-5d46-40fc-b825-b034f242cb8c,239668,"India Under-19s Women v Sri Lanka U19 Women at Puducherry, 3rd ODI, 5 Jul 2026",9219,Sri Lanka Under-19s Women in India,2026,"Cricket Association Puducherry Siechem Ground, Puducherry",Women's youth one-day,2026-07-05,,,,,,,,,,,,,,,,,,,,,,,,,,,False,False,False,False,,,,,,,,,,,,,,,minimal,0,,False,False,False,False,False,False,False,False,True,
1,2955,Sri Lanka Under-19s Women,SRI,1,47,VH Parmar,1,0,0,151/9,1.00,46.03,46.3,0,0,Vidhi Parmar to Chamodi Praboda,,Vidhi Parmar to Chamodi Praboda. No run,82f1cc7c-5d46-40fc-b825-b034f242cb8c,239668,"India Under-19s Women v Sri Lanka U19 Women at Puducherry, 3rd ODI, 5 Jul 2026",9219,Sri Lanka Under-19s Women in India,2026,"Cricket Association Puducherry Siechem Ground, Puducherry",Women's youth one-day,2026-07-05,,,,,,,,,,,,,,,,,,,,,,,,,,,False,False,False,False,,,,,,,,,,,,,,,minimal,0,,False,False,False,False,False,False,False,False,True,
1,2955,Sri Lanka Under-19s Women,SRI,1,47,VH Parmar,1,0,0,151/9,1.00,46.04,46.4,0,0,Vidhi Parmar to Chamodi Praboda,,Vidhi Parmar to Chamodi Praboda. No run,82f1cc7c-5d46-40fc-b825-b034f242cb8c,239668,"India Under-19s Women v Sri Lanka U19 Women at Puducherry, 3rd ODI, 5 Jul 2026",9219,Sri Lanka Under-19s Women in India,2026,"Cricket Association Puducherry Siechem Ground, Puducherry",Women's youth one-day,2026-07-05,,,,,,,,,,,,,,,,,,,,,,,,,,,False,False,False,False,,,,,,,,,,,,,,,minimal,0,,False,False,False,False,False,False,False,False,True,
1,2955,Sri Lanka Under-19s Women,SRI,1,47,VH Parmar,1,0,0,151/9,1.00,46.05,46.5,1,1,Vidhi Parmar to Chamodi Praboda,,Vidhi Parmar to Chamodi Praboda. 1 run,82f1cc7c-5d46-40fc-b825-b034f242cb8c,239668,"India Under-19s Women v Sri Lanka U19 Women at Puducherry, 3rd ODI, 5 Jul 2026",9219,Sri Lanka Under-19s Women in India,2026,"Cricket Association Puducherry Siechem Ground, Puducherry",Women's youth one-day,2026-07-05,,,,,,,,,,,,,,,,,,,,,,,,,,,False,False,False,False,,,,,,,,,,,,,,,minimal,1,,False,False,False,False,False,False,False,False,False,
1,2955,Sri Lanka Under-19s Women,SRI,1,47,VH Parmar,1,0,0,151/9,1.00,46.06,46.6,0,0,Vidhi Parmar to Sanuki Pathirage,,Vidhi Parmar to Sanuki Pathirage. No run,82f1cc7c-5d46-40fc-b825-b034f242cb8c,239668,"India Under-19s Women v Sri Lanka U19 Women at Puducherry, 3rd ODI, 5 Jul 2026",9219,Sri Lanka Under-19s Women in India,2026,"Cricket Association Puducherry Siechem Ground, Puducherry",Women's youth one-day,2026-07-05,,,,,,,,,,,,,,,,,,,,,,,,,,,False,False,False,False,,,,,,,,,,,,,,,minimal,0,,False,False,False,False,False,False,False,False,True,
1,2955,Sri Lanka Under-19s Women,SRI,1,48,AA Tagde,6,0,0,157/9,6.00,47.01,47.1,4,4,Anaadi Tagde to Chamodi Praboda,,FOUR! Anaadi Tagde to Chamodi Praboda. 4 runs,82f1cc7c-5d46-40fc-b825-b034f242cb8c,239668,"India Under-19s Women v Sri Lanka U19 Women at Puducherry, 3rd ODI, 5 Jul 2026",9219,Sri Lanka Under-19s Women in India,2026,"Cricket Association Puducherry Siechem Ground, Puducherry",Women's youth one-day,2026-07-05,,,,,,,,,,,,,,,,,,,,,,,,,,,False,False,False,False,,,,,,,,,,,,,,,minimal,4,,False,False,False,False,False,False,True,False,False,
1,2955,Sri Lanka Under-19s Women,SRI,1,48,AA Tagde,6,0,0,157/9,6.00,47.02,47.2,1,1,Anaadi Tagde to Chamodi Praboda,,Anaadi Tagde to Chamodi Praboda. 1 run,82f1cc7c-5d46-40fc-b825-b034f242cb8c,239668,"India Under-19s Women v Sri Lanka U19 Women at Puducherry, 3rd ODI, 5 Jul 2026",9219,Sri Lanka Under-19s Women in India,2026,"Cricket Association Puducherry Siechem Ground, Puducherry",Women's youth one-day,2026-07-05,,,,,,,,,,,,,,,,,,,,,,,,,,,False,False,False,False,,,,,,,,,,,,,,,minimal,1,,False,False,False,False,False,False,False,False,False,
1,2955,Sri Lanka Under-19s Women,SRI,1,48,AA Tagde,6,0,0,157/9,6.00,47.03,47.3,0,0,Anaadi Tagde to Sanuki Pathirage,,Anaadi Tagde to Sanuki Pathirage. No run,82f1cc7c-5d46-40fc-b825-b034f242cb8c,239668,"India Under-19s Women v Sri Lanka U19 Women at Puducherry, 3rd ODI, 5 Jul 2026",9219,Sri Lanka Under-19s Women in India,2026,"Cricket Association Puducherry Siechem Ground, Puducherry",Women's youth one-day,2026-07-05,,,,,,,,,,,,,,,,,,,,,,,,,,,False,False,False,False,,,,,,,,,,,,,,,minimal,0,,False,False,False,False,False,False,False,False,True,
1,2955,Sri Lanka Under-19s Women,SRI,1,48,AA Tagde,6,0,0,157/9,6.00,47.04,47.4,1,1,Anaadi Tagde to Sanuki Pathirage,,Anaadi Tagde to Sanuki Pathirage. 1 run,82f1cc7c-5d46-40fc-b825-b034f242cb8c,239668,"India Under-19s Women v Sri Lanka U19 Women at Puducherry, 3rd ODI, 5 Jul 2026",9219,Sri Lanka Under-19s Women in India,2026,"Cricket Association Puducherry Siechem Ground, Puducherry",Women's youth one-day,2026-07-05,,,,,,,,,,,,,,,,,,,,,,,,,,,False,False,False,False,,,,,,,,,,,,,,,minimal,1,,False,False,False,False,False,False,False,False,False,
1,2955,Sri Lanka Under-19s Women,SRI,1,48,AA Tagde,6,0,0,157/9,6.00,47.05,47.5,0,0,Anaadi Tagde to Chamodi Praboda,,Anaadi Tagde to Chamodi Praboda. No run,82f1cc7c-5d46-40fc-b825-b034f242cb8c,239668,"India Under-19s Women v Sri Lanka U19 Women at Puducherry, 3rd ODI, 5 Jul 2026",9219,Sri Lanka Under-19s Women in India,2026,"Cricket Association Puducherry Siechem Ground, Puducherry",Women's youth one-day,2026-07-05,,,,,,,,,,,,,,,,,,,,,,,,,,,False,False,False,False,,,,,,,,,,,,,,,minimal,0,,False,False,False,False,False,False,False,False,True,
1,2955,Sri Lanka Under-19s Women,SRI,1,48,AA Tagde,6,0,0,157/9,6.00,47.06,47.6,0,0,Anaadi Tagde to Chamodi Praboda,,Anaadi Tagde to Chamodi Praboda. No run,82f1cc7c-5d46-40fc-b825-b034f242cb8c,239668,"India Under-19s Women v Sri Lanka U19 Women at Puducherry, 3rd ODI, 5 Jul 2026",9219,Sri Lanka Under-19s Women in India,2026,"Cricket Association Puducherry Siechem Ground, Puducherry",Women's youth one-day,2026-07-05,,,,,,,,,,,,,,,,,,,,,,,,,,,False,False,False,False,,,,,,,,,,,,,,,minimal,0,,False,False,False,False,False,False,False,False,True,
1,2955,Sri Lanka Under-19s Women,SRI,1,49,K Palak,2,1,1,159/10,1.00,48.01,48.1,0,0,Kumari Palak to Sanuki Pathirage,,Kumari Palak to Sanuki Pathirage. No run,82f1cc7c-5d46-40fc-b825-b034f242cb8c,239668,"India Under-19s Women v Sri Lanka U19 Women at Puducherry, 3rd ODI, 5 Jul 2026",9219,Sri Lanka Under-19s Women in India,2026,"Cricket Association Puducherry Siechem Ground, Puducherry",Women's youth one-day,2026-07-05,,,,,,,,,,,,,,,,,,,,,,,,,,,False,False,False,False,,,,,,,,,,,,,,,minimal,0,,False,False,False,False,False,False,False,False,True,
1,2955,Sri Lanka Under-19s Women,SRI,1,49,K Palak,2,1,1,159/10,1.00,48.02,48.2,1,1,Kumari Palak to Sanuki Pathirage,,Kumari Palak to Sanuki Pathirage. 1 run,82f1cc7c-5d46-40fc-b825-b034f242cb8c,239668,"India Under-19s Women v Sri Lanka U19 Women at Puducherry, 3rd ODI, 5 Jul 2026",9219,Sri Lanka Under-19s Women in India,2026,"Cricket Association Puducherry Siechem Ground, Puducherry",Women's youth one-day,2026-07-05,,,,,,,,,,,,,,,,,,,,,,,,,,,False,False,False,False,,,,,,,,,,,,,,,minimal,1,,False,False,False,False,False,False,False,False,False,
1,2955,Sri Lanka Under-19s Women,SRI,1,49,K Palak,2,1,1,159/10,1.00,48.03,48.2,1,1ⁿᵇ,Kumari Palak to Chamodi Praboda,,No ball. Kumari Palak to Chamodi Praboda. 1 runs,82f1cc7c-5d46-40fc-b825-b034f242cb8c,239668,"India Under-19s Women v Sri Lanka U19 Women at Puducherry, 3rd ODI, 5 Jul 2026",9219,Sri Lanka Under-19s Women in India,2026,"Cricket Association Puducherry Siechem Ground, Puducherry",Women's youth one-day,2026-07-05,,,,,,,,,,,,,,,,,,,,,,,,,,,False,False,False,False,,,,,,,,,,,,,,,minimal,1,no ball,False,False,True,False,False,False,False,False,False,
1,2955,Sri Lanka Under-19s Women,SRI,1,49,K Palak,2,1,1,159/10,1.00,48.04,48.3,0,0,Kumari Palak to Chamodi Praboda,,Kumari Palak to Chamodi Praboda. No run,82f1cc7c-5d46-40fc-b825-b034f242cb8c,239668,"India Under-19s Women v Sri Lanka U19 Women at Puducherry, 3rd ODI, 5 Jul 2026",9219,Sri Lanka Under-19s Women in India,2026,"Cricket Association Puducherry Siechem Ground, Puducherry",Women's youth one-day,2026-07-05,,,,,,,,,,,,,,,,,,,,,,,,,,,False,False,False,False,,,,,,,,,,,,,,,minimal,0,,False,False,False,False,False,False,False,False,True,
1,2955,Sri Lanka Under-19s Women,SRI,1,49,K Palak,2,1,1,159/10,1.00,48.05,48.4,0,0,Kumari Palak to Chamodi Praboda,,Kumari Palak to Chamodi Praboda. No run,82f1cc7c-5d46-40fc-b825-b034f242cb8c,239668,"India Under-19s Women v Sri Lanka U19 Women at Puducherry, 3rd ODI, 5 Jul 2026",9219,Sri Lanka Under-19s Women in India,2026,"Cricket Association Puducherry Siechem Ground, Puducherry",Women's youth one-day,2026-07-05,,,,,,,,,,,,,,,,,,,,,,,,,,,False,False,False,False,,,,,,,,,,,,,,,minimal,0,,False,False,False,False,False,False,False,False,True,
1,2955,Sri Lanka Under-19s Women,SRI,1,49,K Palak,2,1,1,159/10,1.00,48.06,48.5,0,W,Kumari Palak to Chamodi Praboda,,OUT! Kumari Palak to Chamodi Praboda. No run,82f1cc7c-5d46-40fc-b825-b034f242cb8c,239668,"India Under-19s Women v Sri Lanka U19 Women at Puducherry, 3rd ODI, 5 Jul 2026",9219,Sri Lanka Under-19s Women in India,2026,"Cricket Association Puducherry Siechem Ground, Puducherry",Women's youth one-day,2026-07-05,,,,,,,,,,,,,,,,,,,,,,,,,,,False,False,False,False,,,,,,,,,,,,,,,minimal,0,,True,False,False,False,False,False,False,False,False,
2,2953,India Under-19s Women,IND,3,1,HMC Praboda,6,0,0,6/0,6.00,0.01,0.1,4,4,Chamodi Praboda to Ishwari Awasare,,FOUR! Chamodi Praboda to Ishwari Awasare. 4 runs,82f1cc7c-5d46-40fc-b825-b034f242cb8c,239668,"India Under-19s Women v Sri Lanka U19 Women at Puducherry, 3rd ODI, 5 Jul 2026",9219,Sri Lanka Under-19s Women in India,2026,"Cricket Association Puducherry Siechem Ground, Puducherry",Women's youth one-day,2026-07-05,,,,,,,,,,,,,,,,,,,,,,,,,,,False,False,False,False,,,,,,,,,,,,,,,minimal,4,,False,False,False,False,False,False,True,False,False,
2,2953,India Under-19s Women,IND,3,1,HMC Praboda,6,0,0,6/0,6.00,0.02,0.2,0,0,Chamodi Praboda to Ishwari Awasare,,Chamodi Praboda to Ishwari Awasare. No run,82f1cc7c-5d46-40fc-b825-b034f242cb8c,239668,"India Under-19s Women v Sri Lanka U19 Women at Puducherry, 3rd ODI, 5 Jul 2026",9219,Sri Lanka Under-19s Women in India,2026,"Cricket Association Puducherry Siechem Ground, Puducherry",Women's youth one-day,2026-07-05,,,,,,,,,,,,,,,,,,,,,,,,,,,False,False,False,False,,,,,,,,,,,,,,,minimal,0,,False,False,False,False,False,False,False,False,True,
2,2953,India Under-19s Women,IND,3,1,HMC Praboda,6,0,0,6/0,6.00,0.03,0.3,1,1,Chamodi Praboda to Ishwari Awasare,,Chamodi Praboda to Ishwari Awasare. 1 run,82f1cc7c-5d46-40fc-b825-b034f242cb8c,239668,"India Under-19s Women v Sri Lanka U19 Women at Puducherry, 3rd ODI, 5 Jul 2026",9219,Sri Lanka Under-19s Women in India,2026,"Cricket Association Puducherry Siechem Ground, Puducherry",Women's youth one-day,2026-07-05,,,,,,,,,,,,,,,,,,,,,,,,,,,False,False,False,False,,,,,,,,,,,,,,,minimal,1,,False,False,False,False,False,False,False,False,False,
2,2953,India Under-19s Women,IND,3,1,HMC Praboda,6,0,0,6/0,6.00,0.04,0.4,0,0,Chamodi Praboda to Ira Jadhav,,Chamodi Praboda to Ira Jadhav. No run,82f1cc7c-5d46-40fc-b825-b034f242cb8c,239668,"India Under-19s Women v Sri Lanka U19 Women at Puducherry, 3rd ODI, 5 Jul 2026",9219,Sri Lanka Under-19s Women in India,2026,"Cricket Association Puducherry Siechem Ground, Puducherry",Women's youth one-day,2026-07-05,,,,,,,,,,,,,,,,,,,,,,,,,,,False,False,False,False,,,,,,,,,,,,,,,minimal,0,,False,False,False,False,False,False,False,False,True,
2,2953,India Under-19s Women,IND,3,1,HMC Praboda,6,0,0,6/0,6.00,0.05,0.5,1,1,Chamodi Praboda to Ira Jadhav,,Chamodi Praboda to Ira Jadhav. 1 run,82f1cc7c-5d46-40fc-b825-b034f242cb8c,239668,"India Under-19s Women v Sri Lanka U19 Women at Puducherry, 3rd ODI, 5 Jul 2026",9219,Sri Lanka Under-19s Women in India,2026,"Cricket Association Puducherry Siechem Ground, Puducherry",Women's youth one-day,2026-07-05,,,,,,,,,,,,,,,,,,,,,,,,,,,False,False,False,False,,,,,,,,,,,,,,,minimal,1,,False,False,False,False,False,False,False,False,False,
2,2953,India Under-19s Women,IND,3,1,HMC Praboda,6,0,0,6/0,6.00,0.06,0.6,0,0,Chamodi Praboda to Ishwari Awasare,,Chamodi Praboda to Ishwari Awasare. No run,82f1cc7c-5d46-40fc-b825-b034f242cb8c,239668,"India Under-19s Women v Sri Lanka U19 Women at Puducherry, 3rd ODI, 5 Jul 2026",9219,Sri Lanka Under-19s Women in India,2026,"Cricket Association Puducherry Siechem Ground, Puducherry",Women's youth one-day,2026-07-05,,,,,,,,,,,,,,,,,,,,,,,,,,,False,False,False,False,,,,,,,,,,,,,,,minimal,0,,False,False,False,False,False,False,False,False,True,
2,2953,India Under-19s Women,IND,3,2,D Sewmini,3,0,0,9/0,3.00,1.01,1.1,0,0,Danodya Sewmini to Ira Jadhav,,Danodya Sewmini to Ira Jadhav. No run,82f1cc7c-5d46-40fc-b825-b034f242cb8c,239668,"India Under-19s Women v Sri Lanka U19 Women at Puducherry, 3rd ODI, 5 Jul 2026",9219,Sri Lanka Under-19s Women in India,2026,"Cricket Association Puducherry Siechem Ground, Puducherry",Women's youth one-day,2026-07-05,,,,,,,,,,,,,,,,,,,,,,,,,,,False,False,False,False,,,,,,,,,,,,,,,minimal,0,,False,False,False,False,False,False,False,False,True,
2,2953,India Under-19s Women,IND,3,2,D Sewmini,3,0,0,9/0,3.00,1.02,1.2,1,1,Danodya Sewmini to Ira Jadhav,,Danodya Sewmini to Ira Jadhav. 1 run,82f1cc7c-5d46-40fc-b825-b034f242cb8c,239668,"India Under-19s Women v Sri Lanka U19 Women at Puducherry, 3rd ODI, 5 Jul 2026",9219,Sri Lanka Under-19s Women in India,2026,"Cricket Association Puducherry Siechem Ground, Puducherry",Women's youth one-day,2026-07-05,,,,,,,,,,,,,,,,,,,,,,,,,,,False,False,False,False,,,,,,,,,,,,,,,minimal,1,,False,False,False,False,False,False,False,False,False,
2,2953,India Under-19s Women,IND,3,2,D Sewmini,3,0,0,9/0,3.00,1.03,1.3,0,0,Danodya Sewmini to Ishwari Awasare,,Danodya Sewmini to Ishwari Awasare. No run,82f1cc7c-5d46-40fc-b825-b034f242cb8c,239668,"India Under-19s Women v Sri Lanka U19 Women at Puducherry, 3rd ODI, 5 Jul 2026",9219,Sri Lanka Under-19s Women in India,2026,"Cricket Association Puducherry Siechem Ground, Puducherry",Women's youth one-day,2026-07-05,,,,,,,,,,,,,,,,,,,,,,,,,,,False,False,False,False,,,,,,,,,,,,,,,minimal,0,,False,False,False,False,False,False,False,False,True,
2,2953,India Under-19s Women,IND,3,2,D Sewmini,3,0,0,9/0,3.00,1.04,1.4,0,0,Danodya Sewmini to Ishwari Awasare,,Danodya Sewmini to Ishwari Awasare. No run,82f1cc7c-5d46-40fc-b825-b034f242cb8c,239668,"India Under-19s Women v Sri Lanka U19 Women at Puducherry, 3rd ODI, 5 Jul 2026",9219,Sri Lanka Under-19s Women in India,2026,"Cricket Association Puducherry Siechem Ground, Puducherry",Women's youth one-day,2026-07-05,,,,,,,,,,,,,,,,,,,,,,,,,,,False,False,False,False,,,,,,,,,,,,,,,minimal,0,,False,False,False,False,False,False,False,False,True,
2,2953,India Under-19s Women,IND,3,2,D Sewmini,3,0,0,9/0,3.00,1.05,1.5,2,2,Danodya Sewmini to Ishwari Awasare,,Danodya Sewmini to Ishwari Awasare. 2 runs,82f1cc7c-5d46-40fc-b825-b034f242cb8c,239668,"India Under-19s Women v Sri Lanka U19 Women at Puducherry, 3rd ODI, 5 Jul 2026",9219,Sri Lanka Under-19s Women in India,2026,"Cricket Association Puducherry Siechem Ground, Puducherry",Women's youth one-day,2026-07-05,,,,,,,,,,,,,,,,,,,,,,,,,,,False,False,False,False,,,,,,,,,,,,,,,minimal,2,,False,False,False,False,False,False,False,False,False,
2,2953,India Under-19s Women,IND,3,2,D Sewmini,3,0,0,9/0,3.00,1.06,1.6,0,0,Danodya Sewmini to Ishwari Awasare,,Danodya Sewmini to Ishwari Awasare. No run,82f1cc7c-5d46-40fc-b825-b034f242cb8c,239668,"India Under-19s Women v Sri Lanka U19 Women at Puducherry, 3rd ODI, 5 Jul 2026",9219,Sri Lanka Under-19s Women in India,2026,"Cricket Association Puducherry Siechem Ground, Puducherry",Women's youth one-day,2026-07-05,,,,,,,,,,,,,,,,,,,,,,,,,,,False,False,False,False,,,,,,,,,,,,,,,minimal,0,,False,False,False,False,False,False,False,False,True,
2,2953,India Under-19s Women,IND,3,3,HMC Praboda,12,0,0,21/0,12.00,2.01,2.1,4,4,Chamodi Praboda to Ira Jadhav,,FOUR! Chamodi Praboda to Ira Jadhav. 4 runs,82f1cc7c-5d46-40fc-b825-b034f242cb8c,239668,"India Under-19s Women v Sri Lanka U19 Women at Puducherry, 3rd ODI, 5 Jul 2026",9219,Sri Lanka Under-19s Women in India,2026,"Cricket Association Puducherry Siechem Ground, Puducherry",Women's youth one-day,2026-07-05,,,,,,,,,,,,,,,,,,,,,,,,,,,False,False,False,False,,,,,,,,,,,,,,,minimal,4,,False,False,False,False,False,False,True,False,False,
2,2953,India Under-19s Women,IND,3,3,HMC Praboda,12,0,0,21/0,12.00,2.02,2.2,0,0,Chamodi Praboda to Ira Jadhav,,Chamodi Praboda to Ira Jadhav. No run,82f1cc7c-5d46-40fc-b825-b034f242cb8c,239668,"India Under-19s Women v Sri Lanka U19 Women at Puducherry, 3rd ODI, 5 Jul 2026",9219,Sri Lanka Under-19s Women in India,2026,"Cricket Association Puducherry Siechem Ground, Puducherry",Women's youth one-day,2026-07-05,,,,,,,,,,,,,,,,,,,,,,,,,,,False,False,False,False,,,,,,,,,,,,,,,minimal,0,,False,False,False,False,False,False,False,False,True,
2,2953,India Under-19s Women,IND,3,3,HMC Praboda,12,0,0,21/0,12.00,2.03,2.3,4,4,Chamodi Praboda to Ira Jadhav,,FOUR! Chamodi Praboda to Ira Jadhav. 4 runs,82f1cc7c-5d46-40fc-b825-b034f242cb8c,239668,"India Under-19s Women v Sri Lanka U19 Women at Puducherry, 3rd ODI, 5 Jul 2026",9219,Sri Lanka Under-19s Women in India,2026,"Cricket Association Puducherry Siechem Ground, Puducherry",Women's youth one-day,2026-07-05,,,,,,,,,,,,,,,,,,,,,,,,,,,False,False,False,False,,,,,,,,,,,,,,,minimal,4,,False,False,False,False,False,False,True,False,False,
2,2953,India Under-19s Women,IND,3,3,HMC Praboda,12,0,0,21/0,12.00,2.04,2.4,4,4,Chamodi Praboda to Ira Jadhav,,FOUR! Chamodi Praboda to Ira Jadhav. 4 runs,82f1cc7c-5d46-40fc-b825-b034f242cb8c,239668,"India Under-19s Women v Sri Lanka U19 Women at Puducherry, 3rd ODI, 5 Jul 2026",9219,Sri Lanka Under-19s Women in India,2026,"Cricket Association Puducherry Siechem Ground, Puducherry",Women's youth one-day,2026-07-05,,,,,,,,,,,,,,,,,,,,,,,,,,,False,False,False,False,,,,,,,,,,,,,,,minimal,4,,False,False,False,False,False,False,True,False,False,
2,2953,India Under-19s Women,IND,3,3,HMC Praboda,12,0,0,21/0,12.00,2.05,2.5,0,0,Chamodi Praboda to Ira Jadhav,,Chamodi Praboda to Ira Jadhav. No run,82f1cc7c-5d46-40fc-b825-b034f242cb8c,239668,"India Under-19s Women v Sri Lanka U19 Women at Puducherry, 3rd ODI, 5 Jul 2026",9219,Sri Lanka Under-19s Women in India,2026,"Cricket Association Puducherry Siechem Ground, Puducherry",Women's youth one-day,2026-07-05,,,,,,,,,,,,,,,,,,,,,,,,,,,False,False,False,False,,,,,,,,,,,,,,,minimal,0,,False,False,False,False,False,False,False,False,True,
2,2953,India Under-19s Women,IND,3,3,HMC Praboda,12,0,0,21/0,12.00,2.06,2.6,0,0,Chamodi Praboda to Ira Jadhav,,Chamodi Praboda to Ira Jadhav. No run,82f1cc7c-5d46-40fc-b825-b034f242cb8c,239668,"India Under-19s Women v Sri Lanka U19 Women at Puducherry, 3rd ODI, 5 Jul 2026",9219,Sri Lanka Under-19s Women in India,2026,"Cricket Association Puducherry Siechem Ground, Puducherry",Women's youth one-day,2026-07-05,,,,,,,,,,,,,,,,,,,,,,,,,,,False,False,False,False,,,,,,,,,,,,,,,minimal,0,,False,False,False,False,False,False,False,False,True,
2,2953,India Under-19s Women,IND,3,4,D Sewmini,8,0,0,29/0,8.00,3.01,3.1,0,0,Danodya Sewmini to Ishwari Awasare,,Danodya Sewmini to Ishwari Awasare. No run,82f1cc7c-5d46-40fc-b825-b034f242cb8c,239668,"India Under-19s Women v Sri Lanka U19 Women at Puducherry, 3rd ODI, 5 Jul 2026",9219,Sri Lanka Under-19s Women in India,2026,"Cricket Association Puducherry Siechem Ground, Puducherry",Women's youth one-day,2026-07-05,,,,,,,,,,,,,,,,,,,,,,,,,,,False,False,False,False,,,,,,,,,,,,,,,minimal,0,,False,False,False,False,False,False,False,False,True,
2,2953,India Under-19s Women,IND,3,4,D Sewmini,8,0,0,29/0,8.00,3.02,3.2,0,0,Danodya Sewmini to Ishwari Awasare,,Danodya Sewmini to Ishwari Awasare. No run,82f1cc7c-5d46-40fc-b825-b034f242cb8c,239668,"India Under-19s Women v Sri Lanka U19 Women at Puducherry, 3rd ODI, 5 Jul 2026",9219,Sri Lanka Under-19s Women in India,2026,"Cricket Association Puducherry Siechem Ground, Puducherry",Women's youth one-day,2026-07-05,,,,,,,,,,,,,,,,,,,,,,,,,,,False,False,False,False,,,,,,,,,,,,,,,minimal,0,,False,False,False,False,False,False,False,False,True,
2,2953,India Under-19s Women,IND,3,4,D Sewmini,8,0,0,29/0,8.00,3.03,3.3,2,2,Danodya Sewmini to Ishwari Awasare,,Danodya Sewmini to Ishwari Awasare. 2 runs,82f1cc7c-5d46-40fc-b825-b034f242cb8c,239668,"India Under-19s Women v Sri Lanka U19 Women at Puducherry, 3rd ODI, 5 Jul 2026",9219,Sri Lanka Under-19s Women in India,2026,"Cricket Association Puducherry Siechem Ground, Puducherry",Women's youth one-day,2026-07-05,,,,,,,,,,,,,,,,,,,,,,,,,,,False,False,False,False,,,,,,,,,,,,,,,minimal,2,,False,False,False,False,False,False,False,False,False,
2,2953,India Under-19s Women,IND,3,4,D Sewmini,8,0,0,29/0,8.00,3.04,3.4,0,0,Danodya Sewmini to Ishwari Awasare,,Danodya Sewmini to Ishwari Awasare. No run,82f1cc7c-5d46-40fc-b825-b034f242cb8c,239668,"India Under-19s Women v Sri Lanka U19 Women at Puducherry, 3rd ODI, 5 Jul 2026",9219,Sri Lanka Under-19s Women in India,2026,"Cricket Association Puducherry Siechem Ground, Puducherry",Women's youth one-day,2026-07-05,,,,,,,,,,,,,,,,,,,,,,,,,,,False,False,False,False,,,,,,,,,,,,,,,minimal,0,,False,False,False,False,False,False,False,False,True,
2,2953,India Under-19s Women,IND,3,4,D Sewmini,8,0,0,29/0,8.00,3.05,3.5,4,4,Danodya Sewmini to Ishwari Awasare,,FOUR! Danodya Sewmini to Ishwari Awasare. 4 runs,82f1cc7c-5d46-40fc-b825-b034f242cb8c,239668,"India Under-19s Women v Sri Lanka U19 Women at Puducherry, 3rd ODI, 5 Jul 2026",9219,Sri Lanka Under-19s Women in India,2026,"Cricket Association Puducherry Siechem Ground, Puducherry",Women's youth one-day,2026-07-05,,,,,,,,,,,,,,,,,,,,,,,,,,,False,False,False,False,,,,,,,,,,,,,,,minimal,4,,False,False,False,False,False,False,True,False,False,
2,2953,India Under-19s Women,IND,3,4,D Sewmini,8,0,0,29/0,8.00,3.06,3.6,2,2,Danodya Sewmini to Ishwari Awasare,,Danodya Sewmini to Ishwari Awasare. 2 runs,82f1cc7c-5d46-40fc-b825-b034f242cb8c,239668,"India Under-19s Women v Sri Lanka U19 Women at Puducherry, 3rd ODI, 5 Jul 2026",9219,Sri Lanka Under-19s Women in India,2026,"Cricket Association Puducherry Siechem Ground, Puducherry",Women's youth one-day,2026-07-05,,,,,,,,,,,,,,,,,,,,,,,,,,,False,False,False,False,,,,,,,,,,,,,,,minimal,2,,False,False,False,False,False,False,False,False,False,
2,2953,India Under-19s Women,IND,3,5,C Herath,9,0,1,38/1,9.00,4.01,4.1,0,W,Chamodi Herath to Ira Jadhav,,OUT! Chamodi Herath to Ira Jadhav. No run,82f1cc7c-5d46-40fc-b825-b034f242cb8c,239668,"India Under-19s Women v Sri Lanka U19 Women at Puducherry, 3rd ODI, 5 Jul 2026",9219,Sri Lanka Under-19s Women in India,2026,"Cricket Association Puducherry Siechem Ground, Puducherry",Women's youth one-day,2026-07-05,,,,,,,,,,,,,,,,,,,,,,,,,,,False,False,False,False,,,,,,,,,,,,,,,minimal,0,,True,False,False,False,False,False,False,False,False,
2,2953,India Under-19s Women,IND,3,5,C Herath,9,0,1,38/1,9.00,4.02,4.2,4,4,Chamodi Herath to Nidhi Mahto,,FOUR! Chamodi Herath to Nidhi Mahto. 4 runs,82f1cc7c-5d46-40fc-b825-b034f242cb8c,239668,"India Under-19s Women v Sri Lanka U19 Women at Puducherry, 3rd ODI, 5 Jul 2026",9219,Sri Lanka Under-19s Women in India,2026,"Cricket Association Puducherry Siechem Ground, Puducherry",Women's youth one-day,2026-07-05,,,,,,,,,,,,,,,,,,,,,,,,,,,False,False,False,False,,,,,,,,,,,,,,,minimal,4,,False,False,False,False,False,False,True,False,False,
2,2953,India Under-19s Women,IND,3,5,C Herath,9,0,1,38/1,9.00,4.03,4.3,0,0,Chamodi Herath to Nidhi Mahto,,Chamodi Herath to Nidhi Mahto. No run,82f1cc7c-5d46-40fc-b825-b034f242cb8c,239668,"India Under-19s Women v Sri Lanka U19 Women at Puducherry, 3rd ODI, 5 Jul 2026",9219,Sri Lanka Under-19s Women in India,2026,"Cricket Association Puducherry Siechem Ground, Puducherry",Women's youth one-day,2026-07-05,,,,,,,,,,,,,,,,,,,,,,,,,,,False,False,False,False,,,,,,,,,,,,,,,minimal,0,,False,False,False,False,False,False,False,False,True,
2,2953,India Under-19s Women,IND,3,5,C Herath,9,0,1,38/1,9.00,4.04,4.4,4,4,Chamodi Herath to Nidhi Mahto,,FOUR! Chamodi Herath to Nidhi Mahto. 4 runs,82f1cc7c-5d46-40fc-b825-b034f242cb8c,239668,"India Under-19s Women v Sri Lanka U19 Women at Puducherry, 3rd ODI, 5 Jul 2026",9219,Sri Lanka Under-19s Women in India,2026,"Cricket Association Puducherry Siechem Ground, Puducherry",Women's youth one-day,2026-07-05,,,,,,,,,,,,,,,,,,,,,,,,,,,False,False,False,False,,,,,,,,,,,,,,,minimal,4,,False,False,False,False,False,False,True,False,False,
2,2953,India Under-19s Women,IND,3,5,C Herath,9,0,1,38/1,9.00,4.05,4.5,1,1,Chamodi Herath to Nidhi Mahto,,Chamodi Herath to Nidhi Mahto. 1 run,82f1cc7c-5d46-40fc-b825-b034f242cb8c,239668,"India Under-19s Women v Sri Lanka U19 Women at Puducherry, 3rd ODI, 5 Jul 2026",9219,Sri Lanka Under-19s Women in India,2026,"Cricket Association Puducherry Siechem Ground, Puducherry",Women's youth one-day,2026-07-05,,,,,,,,,,,,,,,,,,,,,,,,,,,False,False,False,False,,,,,,,,,,,,,,,minimal,1,,False,False,False,False,False,False,False,False,False,
2,2953,India Under-19s Women,IND,3,5,C Herath,9,0,1,38/1,9.00,4.06,4.6,0,0,Chamodi Herath to Ishwari Awasare,,Chamodi Herath to Ishwari Awasare. No run,82f1cc7c-5d46-40fc-b825-b034f242cb8c,239668,"India Under-19s Women v Sri Lanka U19 Women at Puducherry, 3rd ODI, 5 Jul 2026",9219,Sri Lanka Under-19s Women in India,2026,"Cricket Association Puducherry Siechem Ground, Puducherry",Women's youth one-day,2026-07-05,,,,,,,,,,,,,,,,,,,,,,,,,,,False,False,False,False,,,,,,,,,,,,,,,minimal,0,,False,False,False,False,False,False,False,False,True,
2,2953,India Under-19s Women,IND,3,6,D Sewmini,7,0,0,45/1,7.00,5.01,5.1,1,1,Danodya Sewmini to Nidhi Mahto,,Danodya Sewmini to Nidhi Mahto. 1 run,82f1cc7c-5d46-40fc-b825-b034f242cb8c,239668,"India Under-19s Women v Sri Lanka U19 Women at Puducherry, 3rd ODI, 5 Jul 2026",9219,Sri Lanka Under-19s Women in India,2026,"Cricket Association Puducherry Siechem Ground, Puducherry",Women's youth one-day,2026-07-05,,,,,,,,,,,,,,,,,,,,,,,,,,,False,False,False,False,,,,,,,,,,,,,,,minimal,1,,False,False,False,False,False,False,False,False,False,
2,2953,India Under-19s Women,IND,3,6,D Sewmini,7,0,0,45/1,7.00,5.02,5.2,0,0,Danodya Sewmini to Ishwari Awasare,,Danodya Sewmini to Ishwari Awasare. No run,82f1cc7c-5d46-40fc-b825-b034f242cb8c,239668,"India Under-19s Women v Sri Lanka U19 Women at Puducherry, 3rd ODI, 5 Jul 2026",9219,Sri Lanka Under-19s Women in India,2026,"Cricket Association Puducherry Siechem Ground, Puducherry",Women's youth one-day,2026-07-05,,,,,,,,,,,,,,,,,,,,,,,,,,,False,False,False,False,,,,,,,,,,,,,,,minimal,0,,False,False,False,False,False,False,False,False,True,
2,2953,India Under-19s Women,IND,3,6,D Sewmini,7,0,0,45/1,7.00,5.03,5.3,1,1,Danodya Sewmini to Ishwari Awasare,,Danodya Sewmini to Ishwari Awasare. 1 run,82f1cc7c-5d46-40fc-b825-b034f242cb8c,239668,"India Under-19s Women v Sri Lanka U19 Women at Puducherry, 3rd ODI, 5 Jul 2026",9219,Sri Lanka Under-19s Women in India,2026,"Cricket Association Puducherry Siechem Ground, Puducherry",Women's youth one-day,2026-07-05,,,,,,,,,,,,,,,,,,,,,,,,,,,False,False,False,False,,,,,,,,,,,,,,,minimal,1,,False,False,False,False,False,False,False,False,False,
2,2953,India Under-19s Women,IND,3,6,D Sewmini,7,0,0,45/1,7.00,5.04,5.4,4,4,Danodya Sewmini to Nidhi Mahto,,FOUR! Danodya Sewmini to Nidhi Mahto. 4 runs,82f1cc7c-5d46-40fc-b825-b034f242cb8c,239668,"India Under-19s Women v Sri Lanka U19 Women at Puducherry, 3rd ODI, 5 Jul 2026",9219,Sri Lanka Under-19s Women in India,2026,"Cricket Association Puducherry Siechem Ground, Puducherry",Women's youth one-day,2026-07-05,,,,,,,,,,,,,,,,,,,,,,,,,,,False,False,False,False,,,,,,,,,,,,,,,minimal,4,,False,False,False,False,False,False,True,False,False,
2,2953,India Under-19s Women,IND,3,6,D Sewmini,7,0,0,45/1,7.00,5.05,5.5,0,0,Danodya Sewmini to Nidhi Mahto,,Danodya Sewmini to Nidhi Mahto. No run,82f1cc7c-5d46-40fc-b825-b034f242cb8c,239668,"India Under-19s Women v Sri Lanka U19 Women at Puducherry, 3rd ODI, 5 Jul 2026",9219,Sri Lanka Under-19s Women in India,2026,"Cricket Association Puducherry Siechem Ground, Puducherry",Women's youth one-day,2026-07-05,,,,,,,,,,,,,,,,,,,,,,,,,,,False,False,False,False,,,,,,,,,,,,,,,minimal,0,,False,False,False,False,False,False,False,False,True,
2,2953,India Under-19s Women,IND,3,6,D Sewmini,7,0,0,45/1,7.00,5.06,5.6,1,1,Danodya Sewmini to Nidhi Mahto,,Danodya Sewmini to Nidhi Mahto. 1 run,82f1cc7c-5d46-40fc-b825-b034f242cb8c,239668,"India Under-19s Women v Sri Lanka U19 Women at Puducherry, 3rd ODI, 5 Jul 2026",9219,Sri Lanka Under-19s Women in India,2026,"Cricket Association Puducherry Siechem Ground, Puducherry",Women's youth one-day,2026-07-05,,,,,,,,,,,,,,,,,,,,,,,,,,,False,False,False,False,,,,,,,,,,,,,,,minimal,1,,False,False,False,False,False,False,False,False,False,
2,2953,India Under-19s Women,IND,3,7,C Herath,4,0,0,49/1,4.00,6.01,6.1,1,1,Chamodi Herath to Nidhi Mahto,,Chamodi Herath to Nidhi Mahto. 1 run,82f1cc7c-5d46-40fc-b825-b034f242cb8c,239668,"India Under-19s Women v Sri Lanka U19 Women at Puducherry, 3rd ODI, 5 Jul 2026",9219,Sri Lanka Under-19s Women in India,2026,"Cricket Association Puducherry Siechem Ground, Puducherry",Women's youth one-day,2026-07-05,,,,,,,,,,,,,,,,,,,,,,,,,,,False,False,False,False,,,,,,,,,,,,,,,minimal,1,,False,False,False,False,False,False,False,False,False,
2,2953,India Under-19s Women,IND,3,7,C Herath,4,0,0,49/1,4.00,6.02,6.2,0,0,Chamodi Herath to Ishwari Awasare,,Chamodi Herath to Ishwari Awasare. No run,82f1cc7c-5d46-40fc-b825-b034f242cb8c,239668,"India Under-19s Women v Sri Lanka U19 Women at Puducherry, 3rd ODI, 5 Jul 2026",9219,Sri Lanka Under-19s Women in India,2026,"Cricket Association Puducherry Siechem Ground, Puducherry",Women's youth one-day,2026-07-05,,,,,,,,,,,,,,,,,,,,,,,,,,,False,False,False,False,,,,,,,,,,,,,,,minimal,0,,False,False,False,False,False,False,False,False,True,
2,2953,India Under-19s Women,IND,3,7,C Herath,4,0,0,49/1,4.00,6.03,6.3,0,0,Chamodi Herath to Ishwari Awasare,,Chamodi Herath to Ishwari Awasare. No run,82f1cc7c-5d46-40fc-b825-b034f242cb8c,239668,"India Under-19s Women v Sri Lanka U19 Women at Puducherry, 3rd ODI, 5 Jul 2026",9219,Sri Lanka Under-19s Women in India,2026,"Cricket Association Puducherry Siechem Ground, Puducherry",Women's youth one-day,2026-07-05,,,,,,,,,,,,,,,,,,,,,,,,,,,False,False,False,False,,,,,,,,,,,,,,,minimal,0,,False,False,False,False,False,False,False,False,True,
2,2953,India Under-19s Women,IND,3,7,C Herath,4,0,0,49/1,4.00,6.04,6.4,0,0,Chamodi Herath to Ishwari Awasare,,Chamodi Herath to Ishwari Awasare. No run,82f1cc7c-5d46-40fc-b825-b034f242cb8c,239668,"India Under-19s Women v Sri Lanka U19 Women at Puducherry, 3rd ODI, 5 Jul 2026",9219,Sri Lanka Under-19s Women in India,2026,"Cricket Association Puducherry Siechem Ground, Puducherry",Women's youth one-day,2026-07-05,,,,,,,,,,,,,,,,,,,,,,,,,,,False,False,False,False,,,,,,,,,,,,,,,minimal,0,,False,False,False,False,False,False,False,False,True,
2,2953,India Under-19s Women,IND,3,7,C Herath,4,0,0,49/1,4.00,6.05,6.5,2,2,Chamodi Herath to Ishwari Awasare,,Chamodi Herath to Ishwari Awasare. 2 runs,82f1cc7c-5d46-40fc-b825-b034f242cb8c,239668,"India Under-19s Women v Sri Lanka U19 Women at Puducherry, 3rd ODI, 5 Jul 2026",9219,Sri Lanka Under-19s Women in India,2026,"Cricket Association Puducherry Siechem Ground, Puducherry",Women's youth one-day,2026-07-05,,,,,,,,,,,,,,,,,,,,,,,,,,,False,False,False,False,,,,,,,,,,,,,,,minimal,2,,False,False,False,False,False,False,False,False,False,
2,2953,India Under-19s Women,IND,3,7,C Herath,4,0,0,49/1,4.00,6.06,6.6,1,1,Chamodi Herath to Ishwari Awasare,,Chamodi Herath to Ishwari Awasare. 1 run,82f1cc7c-5d46-40fc-b825-b034f242cb8c,239668,"India Under-19s Women v Sri Lanka U19 Women at Puducherry, 3rd ODI, 5 Jul 2026",9219,Sri Lanka Under-19s Women in India,2026,"Cricket Association Puducherry Siechem Ground, Puducherry",Women's youth one-day,2026-07-05,,,,,,,,,,,,,,,,,,,,,,,,,,,False,False,False,False,,,,,,,,,,,,,,,minimal,1,,False,False,False,False,False,False,False,False,False,
2,2953,India Under-19s Women,IND,3,8,HMC Praboda,6,0,0,55/1,6.00,7.01,7.1,1,1,Chamodi Praboda to Ishwari Awasare,,Chamodi Praboda to Ishwari Awasare. 1 run,82f1cc7c-5d46-40fc-b825-b034f242cb8c,239668,"India Under-19s Women v Sri Lanka U19 Women at Puducherry, 3rd ODI, 5 Jul 2026",9219,Sri Lanka Under-19s Women in India,2026,"Cricket Association Puducherry Siechem Ground, Puducherry",Women's youth one-day,2026-07-05,,,,,,,,,,,,,,,,,,,,,,,,,,,False,False,False,False,,,,,,,,,,,,,,,minimal,1,,False,False,False,False,False,False,False,False,False,
2,2953,India Under-19s Women,IND,3,8,HMC Praboda,6,0,0,55/1,6.00,7.02,7.2,0,0,Chamodi Praboda to Nidhi Mahto,,Chamodi Praboda to Nidhi Mahto. No run,82f1cc7c-5d46-40fc-b825-b034f242cb8c,239668,"India Under-19s Women v Sri Lanka U19 Women at Puducherry, 3rd ODI, 5 Jul 2026",9219,Sri Lanka Under-19s Women in India,2026,"Cricket Association Puducherry Siechem Ground, Puducherry",Women's youth one-day,2026-07-05,,,,,,,,,,,,,,,,,,,,,,,,,,,False,False,False,False,,,,,,,,,,,,,,,minimal,0,,False,False,False,False,False,False,False,False,True,
2,2953,India Under-19s Women,IND,3,8,HMC Praboda,6,0,0,55/1,6.00,7.03,7.3,4,4,Chamodi Praboda to Nidhi Mahto,,FOUR! Chamodi Praboda to Nidhi Mahto. 4 runs,82f1cc7c-5d46-40fc-b825-b034f242cb8c,239668,"India Under-19s Women v Sri Lanka U19 Women at Puducherry, 3rd ODI, 5 Jul 2026",9219,Sri Lanka Under-19s Women in India,2026,"Cricket Association Puducherry Siechem Ground, Puducherry",Women's youth one-day,2026-07-05,,,,,,,,,,,,,,,,,,,,,,,,,,,False,False,False,False,,,,,,,,,,,,,,,minimal,4,,False,False,False,False,False,False,True,False,False,
2,2953,India Under-19s Women,IND,3,8,HMC Praboda,6,0,0,55/1,6.00,7.04,7.4,1,1,Chamodi Praboda to Nidhi Mahto,,Chamodi Praboda to Nidhi Mahto. 1 run,82f1cc7c-5d46-40fc-b825-b034f242cb8c,239668,"India Under-19s Women v Sri Lanka U19 Women at Puducherry, 3rd ODI, 5 Jul 2026",9219,Sri Lanka Under-19s Women in India,2026,"Cricket Association Puducherry Siechem Ground, Puducherry",Women's youth one-day,2026-07-05,,,,,,,,,,,,,,,,,,,,,,,,,,,False,False,False,False,,,,,,,,,,,,,,,minimal,1,,False,False,False,False,False,False,False,False,False,
2,2953,India Under-19s Women,IND,3,8,HMC Praboda,6,0,0,55/1,6.00,7.05,7.5,0,0,Chamodi Praboda to Ishwari Awasare,,Chamodi Praboda to Ishwari Awasare. No run,82f1cc7c-5d46-40fc-b825-b034f242cb8c,239668,"India Under-19s Women v Sri Lanka U19 Women at Puducherry, 3rd ODI, 5 Jul 2026",9219,Sri Lanka Under-19s Women in India,2026,"Cricket Association Puducherry Siechem Ground, Puducherry",Women's youth one-day,2026-07-05,,,,,,,,,,,,,,,,,,,,,,,,,,,False,False,False,False,,,,,,,,,,,,,,,minimal,0,,False,False,False,False,False,False,False,False,True,
2,2953,India Under-19s Women,IND,3,8,HMC Praboda,6,0,0,55/1,6.00,7.06,7.6,0,0,Chamodi Praboda to Ishwari Awasare,,Chamodi Praboda to Ishwari Awasare. No run,82f1cc7c-5d46-40fc-b825-b034f242cb8c,239668,"India Under-19s Women v Sri Lanka U19 Women at Puducherry, 3rd ODI, 5 Jul 2026",9219,Sri Lanka Under-19s Women in India,2026,"Cricket Association Puducherry Siechem Ground, Puducherry",Women's youth one-day,2026-07-05,,,,,,,,,,,,,,,,,,,,,,,,,,,False,False,False,False,,,,,,,,,,,,,,,minimal,0,,False,False,False,False,False,False,False,False,True,
2,2953,India Under-19s Women,IND,3,9,C Herath,13,0,0,68/1,13.00,8.01,8.1,4,4,Chamodi Herath to Nidhi Mahto,,FOUR! Chamodi Herath to Nidhi Mahto. 4 runs,82f1cc7c-5d46-40fc-b825-b034f242cb8c,239668,"India Under-19s Women v Sri Lanka U19 Women at Puducherry, 3rd ODI, 5 Jul 2026",9219,Sri Lanka Under-19s Women in India,2026,"Cricket Association Puducherry Siechem Ground, Puducherry",Women's youth one-day,2026-07-05,,,,,,,,,,,,,,,,,,,,,,,,,,,False,False,False,False,,,,,,,,,,,,,,,minimal,4,,False,False,False,False,False,False,True,False,False,
2,2953,India Under-19s Women,IND,3,9,C Herath,13,0,0,68/1,13.00,8.02,8.2,0,0,Chamodi Herath to Nidhi Mahto,,Chamodi Herath to Nidhi Mahto. No run,82f1cc7c-5d46-40fc-b825-b034f242cb8c,239668,"India Under-19s Women v Sri Lanka U19 Women at Puducherry, 3rd ODI, 5 Jul 2026",9219,Sri Lanka Under-19s Women in India,2026,"Cricket Association Puducherry Siechem Ground, Puducherry",Women's youth one-day,2026-07-05,,,,,,,,,,,,,,,,,,,,,,,,,,,False,False,False,False,,,,,,,,,,,,,,,minimal,0,,False,False,False,False,False,False,False,False,True,
2,2953,India Under-19s Women,IND,3,9,C Herath,13,0,0,68/1,13.00,8.03,8.3,4,4,Chamodi Herath to Nidhi Mahto,,FOUR! Chamodi Herath to Nidhi Mahto. 4 runs,82f1cc7c-5d46-40fc-b825-b034f242cb8c,239668,"India Under-19s Women v Sri Lanka U19 Women at Puducherry, 3rd ODI, 5 Jul 2026",9219,Sri Lanka Under-19s Women in India,2026,"Cricket Association Puducherry Siechem Ground, Puducherry",Women's youth one-day,2026-07-05,,,,,,,,,,,,,,,,,,,,,,,,,,,False,False,False,False,,,,,,,,,,,,,,,minimal,4,,False,False,False,False,False,False,True,False,False,
2,2953,India Under-19s Women,IND,3,9,C Herath,13,0,0,68/1,13.00,8.04,8.4,0,0,Chamodi Herath to Nidhi Mahto,,Chamodi Herath to Nidhi Mahto. No run,82f1cc7c-5d46-40fc-b825-b034f242cb8c,239668,"India Under-19s Women v Sri Lanka U19 Women at Puducherry, 3rd ODI, 5 Jul 2026",9219,Sri Lanka Under-19s Women in India,2026,"Cricket Association Puducherry Siechem Ground, Puducherry",Women's youth one-day,2026-07-05,,,,,,,,,,,,,,,,,,,,,,,,,,,False,False,False,False,,,,,,,,,,,,,,,minimal,0,,False,False,False,False,False,False,False,False,True,
2,2953,India Under-19s Women,IND,3,9,C Herath,13,0,0,68/1,13.00,8.05,8.5,4,4,Chamodi Herath to Nidhi Mahto,,FOUR! Chamodi Herath to Nidhi Mahto. 4 runs,82f1cc7c-5d46-40fc-b825-b034f242cb8c,239668,"India Under-19s Women v Sri Lanka U19 Women at Puducherry, 3rd ODI, 5 Jul 2026",9219,Sri Lanka Under-19s Women in India,2026,"Cricket Association Puducherry Siechem Ground, Puducherry",Women's youth one-day,2026-07-05,,,,,,,,,,,,,,,,,,,,,,,,,,,False,False,False,False,,,,,,,,,,,,,,,minimal,4,,False,False,False,False,False,False,True,False,False,
2,2953,India Under-19s Women,IND,3,9,C Herath,13,0,0,68/1,13.00,8.06,8.6,1,1,Chamodi Herath to Nidhi Mahto,,Chamodi Herath to Nidhi Mahto. 1 run,82f1cc7c-5d46-40fc-b825-b034f242cb8c,239668,"India Under-19s Women v Sri Lanka U19 Women at Puducherry, 3rd ODI, 5 Jul 2026",9219,Sri Lanka Under-19s Women in India,2026,"Cricket Association Puducherry Siechem Ground, Puducherry",Women's youth one-day,2026-07-05,,,,,,,,,,,,,,,,,,,,,,,,,,,False,False,False,False,,,,,,,,,,,,,,,minimal,1,,False,False,False,False,False,False,False,False,False,
2,2953,India Under-19s Women,IND,3,10,HMC Praboda,20,0,0,88/1,20.00,9.01,9.1,0,0,Chamodi Praboda to Nidhi Mahto,,Chamodi Praboda to Nidhi Mahto. No run,82f1cc7c-5d46-40fc-b825-b034f242cb8c,239668,"India Under-19s Women v Sri Lanka U19 Women at Puducherry, 3rd ODI, 5 Jul 2026",9219,Sri Lanka Under-19s Women in India,2026,"Cricket Association Puducherry Siechem Ground, Puducherry",Women's youth one-day,2026-07-05,,,,,,,,,,,,,,,,,,,,,,,,,,,False,False,False,False,,,,,,,,,,,,,,,minimal,0,,False,False,False,False,False,False,False,False,True,
2,2953,India Under-19s Women,IND,3,10,HMC Praboda,20,0,0,88/1,20.00,9.02,9.2,6,6,Chamodi Praboda to Nidhi Mahto,,SIX! Chamodi Praboda to Nidhi Mahto. 6 runs,82f1cc7c-5d46-40fc-b825-b034f242cb8c,239668,"India Under-19s Women v Sri Lanka U19 Women at Puducherry, 3rd ODI, 5 Jul 2026",9219,Sri Lanka Under-19s Women in India,2026,"Cricket Association Puducherry Siechem Ground, Puducherry",Women's youth one-day,2026-07-05,,,,,,,,,,,,,,,,,,,,,,,,,,,False,False,False,False,,,,,,,,,,,,,,,minimal,6,,False,False,False,False,False,False,False,True,False,
2,2953,India Under-19s Women,IND,3,10,HMC Praboda,20,0,0,88/1,20.00,9.03,9.3,0,0,Chamodi Praboda to Nidhi Mahto,,Chamodi Praboda to Nidhi Mahto. No run,82f1cc7c-5d46-40fc-b825-b034f242cb8c,239668,"India Under-19s Women v Sri Lanka U19 Women at Puducherry, 3rd ODI, 5 Jul 2026",9219,Sri Lanka Under-19s Women in India,2026,"Cricket Association Puducherry Siechem Ground, Puducherry",Women's youth one-day,2026-07-05,,,,,,,,,,,,,,,,,,,,,,,,,,,False,False,False,False,,,,,,,,,,,,,,,minimal,0,,False,False,False,False,False,False,False,False,True,
2,2953,India Under-19s Women,IND,3,10,HMC Praboda,20,0,0,88/1,20.00,9.04,9.4,4,4,Chamodi Praboda to Nidhi Mahto,,FOUR! Chamodi Praboda to Nidhi Mahto. 4 runs,82f1cc7c-5d46-40fc-b825-b034f242cb8c,239668,"India Under-19s Women v Sri Lanka U19 Women at Puducherry, 3rd ODI, 5 Jul 2026",9219,Sri Lanka Under-19s Women in India,2026,"Cricket Association Puducherry Siechem Ground, Puducherry",Women's youth one-day,2026-07-05,,,,,,,,,,,,,,,,,,,,,,,,,,,False,False,False,False,,,,,,,,,,,,,,,minimal,4,,False,False,False,False,False,False,True,False,False,
2,2953,India Under-19s Women,IND,3,10,HMC Praboda,20,0,0,88/1,20.00,9.05,9.5,6,6,Chamodi Praboda to Nidhi Mahto,,SIX! Chamodi Praboda to Nidhi Mahto. 6 runs,82f1cc7c-5d46-40fc-b825-b034f242cb8c,239668,"India Under-19s Women v Sri Lanka U19 Women at Puducherry, 3rd ODI, 5 Jul 2026",9219,Sri Lanka Under-19s Women in India,2026,"Cricket Association Puducherry Siechem Ground, Puducherry",Women's youth one-day,2026-07-05,,,,,,,,,,,,,,,,,,,,,,,,,,,False,False,False,False,,,,,,,,,,,,,,,minimal,6,,False,False,False,False,False,False,False,True,False,
2,2953,India Under-19s Women,IND,3,10,HMC Praboda,20,0,0,88/1,20.00,9.06,9.6,4,4,Chamodi Praboda to Nidhi Mahto,,FOUR! Chamodi Praboda to Nidhi Mahto. 4 runs,82f1cc7c-5d46-40fc-b825-b034f242cb8c,239668,"India Under-19s Women v Sri Lanka U19 Women at Puducherry, 3rd ODI, 5 Jul 2026",9219,Sri Lanka Under-19s Women in India,2026,"Cricket Association Puducherry Siechem Ground, Puducherry",Women's youth one-day,2026-07-05,,,,,,,,,,,,,,,,,,,,,,,,,,,False,False,False,False,,,,,,,,,,,,,,,minimal,4,,False,False,False,False,False,False,True,False,False,
2,2953,India Under-19s Women,IND,3,11,P Methsara,15,0,1,103/2,15.00,10.01,10.1,4,4,Pramudi Methsara to Ishwari Awasare,,FOUR! Pramudi Methsara to Ishwari Awasare. 4 runs,82f1cc7c-5d46-40fc-b825-b034f242cb8c,239668,"India Under-19s Women v Sri Lanka U19 Women at Puducherry, 3rd ODI, 5 Jul 2026",9219,Sri Lanka Under-19s Women in India,2026,"Cricket Association Puducherry Siechem Ground, Puducherry",Women's youth one-day,2026-07-05,,,,,,,,,,,,,,,,,,,,,,,,,,,False,False,False,False,,,,,,,,,,,,,,,minimal,4,,False,False,False,False,False,False,True,False,False,
2,2953,India Under-19s Women,IND,3,11,P Methsara,15,0,1,103/2,15.00,10.02,10.2,6,6,Pramudi Methsara to Ishwari Awasare,,SIX! Pramudi Methsara to Ishwari Awasare. 6 runs,82f1cc7c-5d46-40fc-b825-b034f242cb8c,239668,"India Under-19s Women v Sri Lanka U19 Women at Puducherry, 3rd ODI, 5 Jul 2026",9219,Sri Lanka Under-19s Women in India,2026,"Cricket Association Puducherry Siechem Ground, Puducherry",Women's youth one-day,2026-07-05,,,,,,,,,,,,,,,,,,,,,,,,,,,False,False,False,False,,,,,,,,,,,,,,,minimal,6,,False,False,False,False,False,False,False,True,False,
2,2953,India Under-19s Women,IND,3,11,P Methsara,15,0,1,103/2,15.00,10.03,10.3,4,4,Pramudi Methsara to Ishwari Awasare,,FOUR! Pramudi Methsara to Ishwari Awasare. 4 runs,82f1cc7c-5d46-40fc-b825-b034f242cb8c,239668,"India Under-19s Women v Sri Lanka U19 Women at Puducherry, 3rd ODI, 5 Jul 2026",9219,Sri Lanka Under-19s Women in India,2026,"Cricket Association Puducherry Siechem Ground, Puducherry",Women's youth one-day,2026-07-05,,,,,,,,,,,,,,,,,,,,,,,,,,,False,False,False,False,,,,,,,,,,,,,,,minimal,4,,False,False,False,False,False,False,True,False,False,
2,2953,India Under-19s Women,IND,3,11,P Methsara,15,0,1,103/2,15.00,10.04,10.4,0,0,Pramudi Methsara to Ishwari Awasare,,Pramudi Methsara to Ishwari Awasare. No run,82f1cc7c-5d46-40fc-b825-b034f242cb8c,239668,"India Under-19s Women v Sri Lanka U19 Women at Puducherry, 3rd ODI, 5 Jul 2026",9219,Sri Lanka Under-19s Women in India,2026,"Cricket Association Puducherry Siechem Ground, Puducherry",Women's youth one-day,2026-07-05,,,,,,,,,,,,,,,,,,,,,,,,,,,False,False,False,False,,,,,,,,,,,,,,,minimal,0,,False,False,False,False,False,False,False,False,True,
2,2953,India Under-19s Women,IND,3,11,P Methsara,15,0,1,103/2,15.00,10.05,10.5,1,1,Pramudi Methsara to Ishwari Awasare,,Pramudi Methsara to Ishwari Awasare. 1 run,82f1cc7c-5d46-40fc-b825-b034f242cb8c,239668,"India Under-19s Women v Sri Lanka U19 Women at Puducherry, 3rd ODI, 5 Jul 2026",9219,Sri Lanka Under-19s Women in India,2026,"Cricket Association Puducherry Siechem Ground, Puducherry",Women's youth one-day,2026-07-05,,,,,,,,,,,,,,,,,,,,,,,,,,,False,False,False,False,,,,,,,,,,,,,,,minimal,1,,False,False,False,False,False,False,False,False,False,
2,2953,India Under-19s Women,IND,3,11,P Methsara,15,0,1,103/2,15.00,10.06,10.6,0,W,Pramudi Methsara to Nidhi Mahto,,"OUT! Pramudi Methsara to Nidhi Mahto. Off break None, no foot movement left alone to wicketkeeper for no run, stumped by Nethagi Isuranjali. Nidhi Mahto Stumped for 54.",82f1cc7c-5d46-40fc-b825-b034f242cb8c,239668,"India Under-19s Women v Sri Lanka U19 Women at Puducherry, 3rd ODI, 5 Jul 2026",9219,Sri Lanka Under-19s Women in India,2026,"Cricket Association Puducherry Siechem Ground, Puducherry",Women's youth one-day,2026-07-05,,,,,,,,,,,,,,,,,,,,,,,,,,,False,False,False,False,,,,,,,,,,wicketkeeper,,stumped,stumped by Nethagi Isuranjali. Nidhi Mahto,54,none,0,,True,False,False,False,False,False,False,False,False,commentary
2,2953,India Under-19s Women,IND,3,12,Y Jithara,6,0,0,109/2,6.00,11.01,11.1,4,4,Yeshali Jithara to Ishwari Awasare,,FOUR! Yeshali Jithara to Ishwari Awasare. 4 runs,82f1cc7c-5d46-40fc-b825-b034f242cb8c,239668,"India Under-19s Women v Sri Lanka U19 Women at Puducherry, 3rd ODI, 5 Jul 2026",9219,Sri Lanka Under-19s Women in India,2026,"Cricket Association Puducherry Siechem Ground, Puducherry",Women's youth one-day,2026-07-05,,,,,,,,,,,,,,,,,,,,,,,,,,,False,False,False,False,,,,,,,,,,,,,,,minimal,4,,False,False,False,False,False,False,True,False,False,
2,2953,India Under-19s Women,IND,3,12,Y Jithara,6,0,0,109/2,6.00,11.02,11.2,1,1,Yeshali Jithara to Ishwari Awasare,,Yeshali Jithara to Ishwari Awasare. 1 run,82f1cc7c-5d46-40fc-b825-b034f242cb8c,239668,"India Under-19s Women v Sri Lanka U19 Women at Puducherry, 3rd ODI, 5 Jul 2026",9219,Sri Lanka Under-19s Women in India,2026,"Cricket Association Puducherry Siechem Ground, Puducherry",Women's youth one-day,2026-07-05,,,,,,,,,,,,,,,,,,,,,,,,,,,False,False,False,False,,,,,,,,,,,,,,,minimal,1,,False,False,False,False,False,False,False,False,False,
2,2953,India Under-19s Women,IND,3,12,Y Jithara,6,0,0,109/2,6.00,11.03,11.3,0,0,Yeshali Jithara to Kashvi Kandikuppa,,Yeshali Jithara to Kashvi Kandikuppa. No run,82f1cc7c-5d46-40fc-b825-b034f242cb8c,239668,"India Under-19s Women v Sri Lanka U19 Women at Puducherry, 3rd ODI, 5 Jul 2026",9219,Sri Lanka Under-19s Women in India,2026,"Cricket Association Puducherry Siechem Ground, Puducherry",Women's youth one-day,2026-07-05,,,,,,,,,,,,,,,,,,,,,,,,,,,False,False,False,False,,,,,,,,,,,,,,,minimal,0,,False,False,False,False,False,False,False,False,True,
2,2953,India Under-19s Women,IND,3,12,Y Jithara,6,0,0,109/2,6.00,11.04,11.4,0,0,Yeshali Jithara to Kashvi Kandikuppa,,Yeshali Jithara to Kashvi Kandikuppa. No run,82f1cc7c-5d46-40fc-b825-b034f242cb8c,239668,"India Under-19s Women v Sri Lanka U19 Women at Puducherry, 3rd ODI, 5 Jul 2026",9219,Sri Lanka Under-19s Women in India,2026,"Cricket Association Puducherry Siechem Ground, Puducherry",Women's youth one-day,2026-07-05,,,,,,,,,,,,,,,,,,,,,,,,,,,False,False,False,False,,,,,,,,,,,,,,,minimal,0,,False,False,False,False,False,False,False,False,True,
2,2953,India Under-19s Women,IND,3,12,Y Jithara,6,0,0,109/2,6.00,11.05,11.5,1,1,Yeshali Jithara to Kashvi Kandikuppa,,Yeshali Jithara to Kashvi Kandikuppa. 1 run,82f1cc7c-5d46-40fc-b825-b034f242cb8c,239668,"India Under-19s Women v Sri Lanka U19 Women at Puducherry, 3rd ODI, 5 Jul 2026",9219,Sri Lanka Under-19s Women in India,2026,"Cricket Association Puducherry Siechem Ground, Puducherry",Women's youth one-day,2026-07-05,,,,,,,,,,,,,,,,,,,,,,,,,,,False,False,False,False,,,,,,,,,,,,,,,minimal,1,,False,False,False,False,False,False,False,False,False,
2,2953,India Under-19s Women,IND,3,12,Y Jithara,6,0,0,109/2,6.00,11.06,11.6,0,0,Yeshali Jithara to Ishwari Awasare,,Yeshali Jithara to Ishwari Awasare. No run,82f1cc7c-5d46-40fc-b825-b034f242cb8c,239668,"India Under-19s Women v Sri Lanka U19 Women at Puducherry, 3rd ODI, 5 Jul 2026",9219,Sri Lanka Under-19s Women in India,2026,"Cricket Association Puducherry Siechem Ground, Puducherry",Women's youth one-day,2026-07-05,,,,,,,,,,,,,,,,,,,,,,,,,,,False,False,False,False,,,,,,,,,,,,,,,minimal,0,,False,False,False,False,False,False,False,False,True,
2,2953,India Under-19s Women,IND,3,13,P Methsara,3,0,0,112/2,3.00,12.01,12.1,0,0,Pramudi Methsara to Kashvi Kandikuppa,,Pramudi Methsara to Kashvi Kandikuppa. No run,82f1cc7c-5d46-40fc-b825-b034f242cb8c,239668,"India Under-19s Women v Sri Lanka U19 Women at Puducherry, 3rd ODI, 5 Jul 2026",9219,Sri Lanka Under-19s Women in India,2026,"Cricket Association Puducherry Siechem Ground, Puducherry",Women's youth one-day,2026-07-05,,,,,,,,,,,,,,,,,,,,,,,,,,,False,False,False,False,,,,,,,,,,,,,,,minimal,0,,False,False,False,False,False,False,False,False,True,
2,2953,India Under-19s Women,IND,3,13,P Methsara,3,0,0,112/2,3.00,12.02,12.2,0,0,Pramudi Methsara to Kashvi Kandikuppa,,Pramudi Methsara to Kashvi Kandikuppa. No run,82f1cc7c-5d46-40fc-b825-b034f242cb8c,239668,"India Under-19s Women v Sri Lanka U19 Women at Puducherry, 3rd ODI, 5 Jul 2026",9219,Sri Lanka Under-19s Women in India,2026,"Cricket Association Puducherry Siechem Ground, Puducherry",Women's youth one-day,2026-07-05,,,,,,,,,,,,,,,,,,,,,,,,,,,False,False,False,False,,,,,,,,,,,,,,,minimal,0,,False,False,False,False,False,False,False,False,True,
2,2953,India Under-19s Women,IND,3,13,P Methsara,3,0,0,112/2,3.00,12.03,12.3,0,0,Pramudi Methsara to Kashvi Kandikuppa,,Pramudi Methsara to Kashvi Kandikuppa. No run,82f1cc7c-5d46-40fc-b825-b034f242cb8c,239668,"India Under-19s Women v Sri Lanka U19 Women at Puducherry, 3rd ODI, 5 Jul 2026",9219,Sri Lanka Under-19s Women in India,2026,"Cricket Association Puducherry Siechem Ground, Puducherry",Women's youth one-day,2026-07-05,,,,,,,,,,,,,,,,,,,,,,,,,,,False,False,False,False,,,,,,,,,,,,,,,minimal,0,,False,False,False,False,False,False,False,False,True,
2,2953,India Under-19s Women,IND,3,13,P Methsara,3,0,0,112/2,3.00,12.04,12.4,1,1,Pramudi Methsara to Kashvi Kandikuppa,,Pramudi Methsara to Kashvi Kandikuppa. 1 run,82f1cc7c-5d46-40fc-b825-b034f242cb8c,239668,"India Under-19s Women v Sri Lanka U19 Women at Puducherry, 3rd ODI, 5 Jul 2026",9219,Sri Lanka Under-19s Women in India,2026,"Cricket Association Puducherry Siechem Ground, Puducherry",Women's youth one-day,2026-07-05,,,,,,,,,,,,,,,,,,,,,,,,,,,False,False,False,False,,,,,,,,,,,,,,,minimal,1,,False,False,False,False,False,False,False,False,False,
2,2953,India Under-19s Women,IND,3,13,P Methsara,3,0,0,112/2,3.00,12.05,12.5,1,1,Pramudi Methsara to Ishwari Awasare,,Pramudi Methsara to Ishwari Awasare. 1 run,82f1cc7c-5d46-40fc-b825-b034f242cb8c,239668,"India Under-19s Women v Sri Lanka U19 Women at Puducherry, 3rd ODI, 5 Jul 2026",9219,Sri Lanka Under-19s Women in India,2026,"Cricket Association Puducherry Siechem Ground, Puducherry",Women's youth one-day,2026-07-05,,,,,,,,,,,,,,,,,,,,,,,,,,,False,False,False,False,,,,,,,,,,,,,,,minimal,1,,False,False,False,False,False,False,False,False,False,
2,2953,India Under-19s Women,IND,3,13,P Methsara,3,0,0,112/2,3.00,12.06,12.6,1,1,Pramudi Methsara to Kashvi Kandikuppa,,Pramudi Methsara to Kashvi Kandikuppa. 1 run,82f1cc7c-5d46-40fc-b825-b034f242cb8c,239668,"India Under-19s Women v Sri Lanka U19 Women at Puducherry, 3rd ODI, 5 Jul 2026",9219,Sri Lanka Under-19s Women in India,2026,"Cricket Association Puducherry Siechem Ground, Puducherry",Women's youth one-day,2026-07-05,,,,,,,,,,,,,,,,,,,,,,,,,,,False,False,False,False,,,,,,,,,,,,,,,minimal,1,,False,False,False,False,False,False,False,False,False,
2,2953,India Under-19s Women,IND,3,14,Y Jithara,10,0,0,122/2,10.00,13.01,13.1,0,0,Yeshali Jithara to Kashvi Kandikuppa,,Yeshali Jithara to Kashvi Kandikuppa. No run,82f1cc7c-5d46-40fc-b825-b034f242cb8c,239668,"India Under-19s Women v Sri Lanka U19 Women at Puducherry, 3rd ODI, 5 Jul 2026",9219,Sri Lanka Under-19s Women in India,2026,"Cricket Association Puducherry Siechem Ground, Puducherry",Women's youth one-day,2026-07-05,,,,,,,,,,,,,,,,,,,,,,,,,,,False,False,False,False,,,,,,,,,,,,,,,minimal,0,,False,False,False,False,False,False,False,False,True,
2,2953,India Under-19s Women,IND,3,14,Y Jithara,10,0,0,122/2,10.00,13.02,13.2,1,1,Yeshali Jithara to Kashvi Kandikuppa,,Yeshali Jithara to Kashvi Kandikuppa. 1 run,82f1cc7c-5d46-40fc-b825-b034f242cb8c,239668,"India Under-19s Women v Sri Lanka U19 Women at Puducherry, 3rd ODI, 5 Jul 2026",9219,Sri Lanka Under-19s Women in India,2026,"Cricket Association Puducherry Siechem Ground, Puducherry",Women's youth one-day,2026-07-05,,,,,,,,,,,,,,,,,,,,,,,,,,,False,False,False,False,,,,,,,,,,,,,,,minimal,1,,False,False,False,False,False,False,False,False,False,
2,2953,India Under-19s Women,IND,3,14,Y Jithara,10,0,0,122/2,10.00,13.03,13.3,1,1,Yeshali Jithara to Ishwari Awasare,,Yeshali Jithara to Ishwari Awasare. 1 run,82f1cc7c-5d46-40fc-b825-b034f242cb8c,239668,"India Under-19s Women v Sri Lanka U19 Women at Puducherry, 3rd ODI, 5 Jul 2026",9219,Sri Lanka Under-19s Women in India,2026,"Cricket Association Puducherry Siechem Ground, Puducherry",Women's youth one-day,2026-07-05,,,,,,,,,,,,,,,,,,,,,,,,,,,False,False,False,False,,,,,,,,,,,,,,,minimal,1,,False,False,False,False,False,False,False,False,False,
2,2953,India Under-19s Women,IND,3,14,Y Jithara,10,0,0,122/2,10.00,13.04,13.4,1,1,Yeshali Jithara to Kashvi Kandikuppa,,Yeshali Jithara to Kashvi Kandikuppa. 1 run,82f1cc7c-5d46-40fc-b825-b034f242cb8c,239668,"India Under-19s Women v Sri Lanka U19 Women at Puducherry, 3rd ODI, 5 Jul 2026",9219,Sri Lanka Under-19s Women in India,2026,"Cricket Association Puducherry Siechem Ground, Puducherry",Women's youth one-day,2026-07-05,,,,,,,,,,,,,,,,,,,,,,,,,,,False,False,False,False,,,,,,,,,,,,,,,minimal,1,,False,False,False,False,False,False,False,False,False,
2,2953,India Under-19s Women,IND,3,14,Y Jithara,10,0,0,122/2,10.00,13.05,13.5,6,6,Yeshali Jithara to Ishwari Awasare,,SIX! Yeshali Jithara to Ishwari Awasare. 6 runs,82f1cc7c-5d46-40fc-b825-b034f242cb8c,239668,"India Under-19s Women v Sri Lanka U19 Women at Puducherry, 3rd ODI, 5 Jul 2026",9219,Sri Lanka Under-19s Women in India,2026,"Cricket Association Puducherry Siechem Ground, Puducherry",Women's youth one-day,2026-07-05,,,,,,,,,,,,,,,,,,,,,,,,,,,False,False,False,False,,,,,,,,,,,,,,,minimal,6,,False,False,False,False,False,False,False,True,False,
2,2953,India Under-19s Women,IND,3,14,Y Jithara,10,0,0,122/2,10.00,13.06,13.6,1,1,Yeshali Jithara to Ishwari Awasare,,Yeshali Jithara to Ishwari Awasare. 1 run,82f1cc7c-5d46-40fc-b825-b034f242cb8c,239668,"India Under-19s Women v Sri Lanka U19 Women at Puducherry, 3rd ODI, 5 Jul 2026",9219,Sri Lanka Under-19s Women in India,2026,"Cricket Association Puducherry Siechem Ground, Puducherry",Women's youth one-day,2026-07-05,,,,,,,,,,,,,,,,,,,,,,,,,,,False,False,False,False,,,,,,,,,,,,,,,minimal,1,,False,False,False,False,False,False,False,False,False,
2,2953,India Under-19s Women,IND,3,15,P Methsara,2,0,0,124/2,2.00,14.01,14.1,0,0,Pramudi Methsara to Ishwari Awasare,,Pramudi Methsara to Ishwari Awasare. No run,82f1cc7c-5d46-40fc-b825-b034f242cb8c,239668,"India Under-19s Women v Sri Lanka U19 Women at Puducherry, 3rd ODI, 5 Jul 2026",9219,Sri Lanka Under-19s Women in India,2026,"Cricket Association Puducherry Siechem Ground, Puducherry",Women's youth one-day,2026-07-05,,,,,,,,,,,,,,,,,,,,,,,,,,,False,False,False,False,,,,,,,,,,,,,,,minimal,0,,False,False,False,False,False,False,False,False,True,
2,2953,India Under-19s Women,IND,3,15,P Methsara,2,0,0,124/2,2.00,14.02,14.2,1,1,Pramudi Methsara to Ishwari Awasare,,Pramudi Methsara to Ishwari Awasare. 1 run,82f1cc7c-5d46-40fc-b825-b034f242cb8c,239668,"India Under-19s Women v Sri Lanka U19 Women at Puducherry, 3rd ODI, 5 Jul 2026",9219,Sri Lanka Under-19s Women in India,2026,"Cricket Association Puducherry Siechem Ground, Puducherry",Women's youth one-day,2026-07-05,,,,,,,,,,,,,,,,,,,,,,,,,,,False,False,False,False,,,,,,,,,,,,,,,minimal,1,,False,False,False,False,False,False,False,False,False,
2,2953,India Under-19s Women,IND,3,15,P Methsara,2,0,0,124/2,2.00,14.03,14.3,0,0,Pramudi Methsara to Kashvi Kandikuppa,,Pramudi Methsara to Kashvi Kandikuppa. No run,82f1cc7c-5d46-40fc-b825-b034f242cb8c,239668,"India Under-19s Women v Sri Lanka U19 Women at Puducherry, 3rd ODI, 5 Jul 2026",9219,Sri Lanka Under-19s Women in India,2026,"Cricket Association Puducherry Siechem Ground, Puducherry",Women's youth one-day,2026-07-05,,,,,,,,,,,,,,,,,,,,,,,,,,,False,False,False,False,,,,,,,,,,,,,,,minimal,0,,False,False,False,False,False,False,False,False,True,
2,2953,India Under-19s Women,IND,3,15,P Methsara,2,0,0,124/2,2.00,14.04,14.4,0,0,Pramudi Methsara to Kashvi Kandikuppa,,Pramudi Methsara to Kashvi Kandikuppa. No run,82f1cc7c-5d46-40fc-b825-b034f242cb8c,239668,"India Under-19s Women v Sri Lanka U19 Women at Puducherry, 3rd ODI, 5 Jul 2026",9219,Sri Lanka Under-19s Women in India,2026,"Cricket Association Puducherry Siechem Ground, Puducherry",Women's youth one-day,2026-07-05,,,,,,,,,,,,,,,,,,,,,,,,,,,False,False,False,False,,,,,,,,,,,,,,,minimal,0,,False,False,False,False,False,False,False,False,True,
2,2953,India Under-19s Women,IND,3,15,P Methsara,2,0,0,124/2,2.00,14.05,14.5,1,1,Pramudi Methsara to Kashvi Kandikuppa,,Pramudi Methsara to Kashvi Kandikuppa. 1 run,82f1cc7c-5d46-40fc-b825-b034f242cb8c,239668,"India Under-19s Women v Sri Lanka U19 Women at Puducherry, 3rd ODI, 5 Jul 2026",9219,Sri Lanka Under-19s Women in India,2026,"Cricket Association Puducherry Siechem Ground, Puducherry",Women's youth one-day,2026-07-05,,,,,,,,,,,,,,,,,,,,,,,,,,,False,False,False,False,,,,,,,,,,,,,,,minimal,1,,False,False,False,False,False,False,False,False,False,
2,2953,India Under-19s Women,IND,3,15,P Methsara,2,0,0,124/2,2.00,14.06,14.6,0,0,Pramudi Methsara to Ishwari Awasare,,Pramudi Methsara to Ishwari Awasare. No run,82f1cc7c-5d46-40fc-b825-b034f242cb8c,239668,"India Under-19s Women v Sri Lanka U19 Women at Puducherry, 3rd ODI, 5 Jul 2026",9219,Sri Lanka Under-19s Women in India,2026,"Cricket Association Puducherry Siechem Ground, Puducherry",Women's youth one-day,2026-07-05,,,,,,,,,,,,,,,,,,,,,,,,,,,False,False,False,False,,,,,,,,,,,,,,,minimal,0,,False,False,False,False,False,False,False,False,True,
2,2953,India Under-19s Women,IND,3,16,Y Jithara,13,0,0,137/2,13.00,15.01,15.1,6,6,Yeshali Jithara to Kashvi Kandikuppa,,SIX! Yeshali Jithara to Kashvi Kandikuppa. 6 runs,82f1cc7c-5d46-40fc-b825-b034f242cb8c,239668,"India Under-19s Women v Sri Lanka U19 Women at Puducherry, 3rd ODI, 5 Jul 2026",9219,Sri Lanka Under-19s Women in India,2026,"Cricket Association Puducherry Siechem Ground, Puducherry",Women's youth one-day,2026-07-05,,,,,,,,,,,,,,,,,,,,,,,,,,,False,False,False,False,,,,,,,,,,,,,,,minimal,6,,False,False,False,False,False,False,False,True,False,
2,2953,India Under-19s Women,IND,3,16,Y Jithara,13,0,0,137/2,13.00,15.02,15.2,0,0,Yeshali Jithara to Kashvi Kandikuppa,,Yeshali Jithara to Kashvi Kandikuppa. No run,82f1cc7c-5d46-40fc-b825-b034f242cb8c,239668,"India Under-19s Women v Sri Lanka U19 Women at Puducherry, 3rd ODI, 5 Jul 2026",9219,Sri Lanka Under-19s Women in India,2026,"Cricket Association Puducherry Siechem Ground, Puducherry",Women's youth one-day,2026-07-05,,,,,,,,,,,,,,,,,,,,,,,,,,,False,False,False,False,,,,,,,,,,,,,,,minimal,0,,False,False,False,False,False,False,False,False,True,
2,2953,India Under-19s Women,IND,3,16,Y Jithara,13,0,0,137/2,13.00,15.03,15.3,0,0,Yeshali Jithara to Kashvi Kandikuppa,,Yeshali Jithara to Kashvi Kandikuppa. No run,82f1cc7c-5d46-40fc-b825-b034f242cb8c,239668,"India Under-19s Women v Sri Lanka U19 Women at Puducherry, 3rd ODI, 5 Jul 2026",9219,Sri Lanka Under-19s Women in India,2026,"Cricket Association Puducherry Siechem Ground, Puducherry",Women's youth one-day,2026-07-05,,,,,,,,,,,,,,,,,,,,,,,,,,,False,False,False,False,,,,,,,,,,,,,,,minimal,0,,False,False,False,False,False,False,False,False,True,
2,2953,India Under-19s Women,IND,3,16,Y Jithara,13,0,0,137/2,13.00,15.04,15.4,1,1,Yeshali Jithara to Kashvi Kandikuppa,,Yeshali Jithara to Kashvi Kandikuppa. 1 run,82f1cc7c-5d46-40fc-b825-b034f242cb8c,239668,"India Under-19s Women v Sri Lanka U19 Women at Puducherry, 3rd ODI, 5 Jul 2026",9219,Sri Lanka Under-19s Women in India,2026,"Cricket Association Puducherry Siechem Ground, Puducherry",Women's youth one-day,2026-07-05,,,,,,,,,,,,,,,,,,,,,,,,,,,False,False,False,False,,,,,,,,,,,,,,,minimal,1,,False,False,False,False,False,False,False,False,False,
2,2953,India Under-19s Women,IND,3,16,Y Jithara,13,0,0,137/2,13.00,15.05,15.5,2,2,Yeshali Jithara to Ishwari Awasare,,Yeshali Jithara to Ishwari Awasare. 2 runs,82f1cc7c-5d46-40fc-b825-b034f242cb8c,239668,"India Under-19s Women v Sri Lanka U19 Women at Puducherry, 3rd ODI, 5 Jul 2026",9219,Sri Lanka Under-19s Women in India,2026,"Cricket Association Puducherry Siechem Ground, Puducherry",Women's youth one-day,2026-07-05,,,,,,,,,,,,,,,,,,,,,,,,,,,False,False,False,False,,,,,,,,,,,,,,,minimal,2,,False,False,False,False,False,False,False,False,False,
2,2953,India Under-19s Women,IND,3,16,Y Jithara,13,0,0,137/2,13.00,15.06,15.6,4,4,Yeshali Jithara to Ishwari Awasare,,FOUR! Yeshali Jithara to Ishwari Awasare. 4 runs,82f1cc7c-5d46-40fc-b825-b034f242cb8c,239668,"India Under-19s Women v Sri Lanka U19 Women at Puducherry, 3rd ODI, 5 Jul 2026",9219,Sri Lanka Under-19s Women in India,2026,"Cricket Association Puducherry Siechem Ground, Puducherry",Women's youth one-day,2026-07-05,,,,,,,,,,,,,,,,,,,,,,,,,,,False,False,False,False,,,,,,,,,,,,,,,minimal,4,,False,False,False,False,False,False,True,False,False,
2,2953,India Under-19s Women,IND,3,17,S Pathirage,4,0,0,141/2,4.00,16.01,16.1,2,2,Sanuki Pathirage to Kashvi Kandikuppa,,Sanuki Pathirage to Kashvi Kandikuppa. 2 runs,82f1cc7c-5d46-40fc-b825-b034f242cb8c,239668,"India Under-19s Women v Sri Lanka U19 Women at Puducherry, 3rd ODI, 5 Jul 2026",9219,Sri Lanka Under-19s Women in India,2026,"Cricket Association Puducherry Siechem Ground, Puducherry",Women's youth one-day,2026-07-05,,,,,,,,,,,,,,,,,,,,,,,,,,,False,False,False,False,,,,,,,,,,,,,,,minimal,2,,False,False,False,False,False,False,False,False,False,
2,2953,India Under-19s Women,IND,3,17,S Pathirage,4,0,0,141/2,4.00,16.02,16.2,1,1,Sanuki Pathirage to Kashvi Kandikuppa,,Sanuki Pathirage to Kashvi Kandikuppa. 1 run,82f1cc7c-5d46-40fc-b825-b034f242cb8c,239668,"India Under-19s Women v Sri Lanka U19 Women at Puducherry, 3rd ODI, 5 Jul 2026",9219,Sri Lanka Under-19s Women in India,2026,"Cricket Association Puducherry Siechem Ground, Puducherry",Women's youth one-day,2026-07-05,,,,,,,,,,,,,,,,,,,,,,,,,,,False,False,False,False,,,,,,,,,,,,,,,minimal,1,,False,False,False,False,False,False,False,False,False,
2,2953,India Under-19s Women,IND,3,17,S Pathirage,4,0,0,141/2,4.00,16.03,16.3,0,0,Sanuki Pathirage to Ishwari Awasare,,Sanuki Pathirage to Ishwari Awasare. No run,82f1cc7c-5d46-40fc-b825-b034f242cb8c,239668,"India Under-19s Women v Sri Lanka U19 Women at Puducherry, 3rd ODI, 5 Jul 2026",9219,Sri Lanka Under-19s Women in India,2026,"Cricket Association Puducherry Siechem Ground, Puducherry",Women's youth one-day,2026-07-05,,,,,,,,,,,,,,,,,,,,,,,,,,,False,False,False,False,,,,,,,,,,,,,,,minimal,0,,False,False,False,False,False,False,False,False,True,
2,2953,India Under-19s Women,IND,3,17,S Pathirage,4,0,0,141/2,4.00,16.04,16.4,0,0,Sanuki Pathirage to Ishwari Awasare,,Sanuki Pathirage to Ishwari Awasare. No run,82f1cc7c-5d46-40fc-b825-b034f242cb8c,239668,"India Under-19s Women v Sri Lanka U19 Women at Puducherry, 3rd ODI, 5 Jul 2026",9219,Sri Lanka Under-19s Women in India,2026,"Cricket Association Puducherry Siechem Ground, Puducherry",Women's youth one-day,2026-07-05,,,,,,,,,,,,,,,,,,,,,,,,,,,False,False,False,False,,,,,,,,,,,,,,,minimal,0,,False,False,False,False,False,False,False,False,True,
2,2953,India Under-19s Women,IND,3,17,S Pathirage,4,0,0,141/2,4.00,16.05,16.5,0,0,Sanuki Pathirage to Ishwari Awasare,,Sanuki Pathirage to Ishwari Awasare. No run,82f1cc7c-5d46-40fc-b825-b034f242cb8c,239668,"India Under-19s Women v Sri Lanka U19 Women at Puducherry, 3rd ODI, 5 Jul 2026",9219,Sri Lanka Under-19s Women in India,2026,"Cricket Association Puducherry Siechem Ground, Puducherry",Women's youth one-day,2026-07-05,,,,,,,,,,,,,,,,,,,,,,,,,,,False,False,False,False,,,,,,,,,,,,,,,minimal,0,,False,False,False,False,False,False,False,False,True,
2,2953,India Under-19s Women,IND,3,17,S Pathirage,4,0,0,141/2,4.00,16.06,16.6,1,1,Sanuki Pathirage to Ishwari Awasare,,Sanuki Pathirage to Ishwari Awasare. 1 run,82f1cc7c-5d46-40fc-b825-b034f242cb8c,239668,"India Under-19s Women v Sri Lanka U19 Women at Puducherry, 3rd ODI, 5 Jul 2026",9219,Sri Lanka Under-19s Women in India,2026,"Cricket Association Puducherry Siechem Ground, Puducherry",Women's youth one-day,2026-07-05,,,,,,,,,,,,,,,,,,,,,,,,,,,False,False,False,False,,,,,,,,,,,,,,,minimal,1,,False,False,False,False,False,False,False,False,False,
2,2953,India Under-19s Women,IND,3,18,L Thilakaratne,13,0,0,154/2,13.00,17.01,17.1,1,1,Limansa Thilakaratne to Ishwari Awasare,,Limansa Thilakaratne to Ishwari Awasare. 1 run,82f1cc7c-5d46-40fc-b825-b034f242cb8c,239668,"India Under-19s Women v Sri Lanka U19 Women at Puducherry, 3rd ODI, 5 Jul 2026",9219,Sri Lanka Under-19s Women in India,2026,"Cricket Association Puducherry Siechem Ground, Puducherry",Women's youth one-day,2026-07-05,,,,,,,,,,,,,,,,,,,,,,,,,,,False,False,False,False,,,,,,,,,,,,,,,minimal,1,,False,False,False,False,False,False,False,False,False,
2,2953,India Under-19s Women,IND,3,18,L Thilakaratne,13,0,0,154/2,13.00,17.02,17.2,1,1,Limansa Thilakaratne to Kashvi Kandikuppa,,Limansa Thilakaratne to Kashvi Kandikuppa. 1 run,82f1cc7c-5d46-40fc-b825-b034f242cb8c,239668,"India Under-19s Women v Sri Lanka U19 Women at Puducherry, 3rd ODI, 5 Jul 2026",9219,Sri Lanka Under-19s Women in India,2026,"Cricket Association Puducherry Siechem Ground, Puducherry",Women's youth one-day,2026-07-05,,,,,,,,,,,,,,,,,,,,,,,,,,,False,False,False,False,,,,,,,,,,,,,,,minimal,1,,False,False,False,False,False,False,False,False,False,
2,2953,India Under-19s Women,IND,3,18,L Thilakaratne,13,0,0,154/2,13.00,17.03,17.3,4,4,Limansa Thilakaratne to Ishwari Awasare,,FOUR! Limansa Thilakaratne to Ishwari Awasare. 4 runs,82f1cc7c-5d46-40fc-b825-b034f242cb8c,239668,"India Under-19s Women v Sri Lanka U19 Women at Puducherry, 3rd ODI, 5 Jul 2026",9219,Sri Lanka Under-19s Women in India,2026,"Cricket Association Puducherry Siechem Ground, Puducherry",Women's youth one-day,2026-07-05,,,,,,,,,,,,,,,,,,,,,,,,,,,False,False,False,False,,,,,,,,,,,,,,,minimal,4,,False,False,False,False,False,False,True,False,False,
2,2953,India Under-19s Women,IND,3,18,L Thilakaratne,13,0,0,154/2,13.00,17.04,17.4,4,4,Limansa Thilakaratne to Ishwari Awasare,,FOUR! Limansa Thilakaratne to Ishwari Awasare. 4 runs,82f1cc7c-5d46-40fc-b825-b034f242cb8c,239668,"India Under-19s Women v Sri Lanka U19 Women at Puducherry, 3rd ODI, 5 Jul 2026",9219,Sri Lanka Under-19s Women in India,2026,"Cricket Association Puducherry Siechem Ground, Puducherry",Women's youth one-day,2026-07-05,,,,,,,,,,,,,,,,,,,,,,,,,,,False,False,False,False,,,,,,,,,,,,,,,minimal,4,,False,False,False,False,False,False,True,False,False,
2,2953,India Under-19s Women,IND,3,18,L Thilakaratne,13,0,0,154/2,13.00,17.05,17.5,2,2,Limansa Thilakaratne to Ishwari Awasare,,Limansa Thilakaratne to Ishwari Awasare. 2 runs,82f1cc7c-5d46-40fc-b825-b034f242cb8c,239668,"India Under-19s Women v Sri Lanka U19 Women at Puducherry, 3rd ODI, 5 Jul 2026",9219,Sri Lanka Under-19s Women in India,2026,"Cricket Association Puducherry Siechem Ground, Puducherry",Women's youth one-day,2026-07-05,,,,,,,,,,,,,,,,,,,,,,,,,,,False,False,False,False,,,,,,,,,,,,,,,minimal,2,,False,False,False,False,False,False,False,False,False,
2,2953,India Under-19s Women,IND,3,18,L Thilakaratne,13,0,0,154/2,13.00,17.06,17.6,1,1,Limansa Thilakaratne to Ishwari Awasare,,Limansa Thilakaratne to Ishwari Awasare. 1 run,82f1cc7c-5d46-40fc-b825-b034f242cb8c,239668,"India Under-19s Women v Sri Lanka U19 Women at Puducherry, 3rd ODI, 5 Jul 2026",9219,Sri Lanka Under-19s Women in India,2026,"Cricket Association Puducherry Siechem Ground, Puducherry",Women's youth one-day,2026-07-05,,,,,,,,,,,,,,,,,,,,,,,,,,,False,False,False,False,,,,,,,,,,,,,,,minimal,1,,False,False,False,False,False,False,False,False,False,
2,2953,India Under-19s Women,IND,3,19,S Pathirage,7,1,0,161/2,18.00,18.01,18.1,0,0,Sanuki Pathirage to Ishwari Awasare,,Sanuki Pathirage to Ishwari Awasare. No run,82f1cc7c-5d46-40fc-b825-b034f242cb8c,239668,"India Under-19s Women v Sri Lanka U19 Women at Puducherry, 3rd ODI, 5 Jul 2026",9219,Sri Lanka Under-19s Women in India,2026,"Cricket Association Puducherry Siechem Ground, Puducherry",Women's youth one-day,2026-07-05,,,,,,,,,,,,,,,,,,,,,,,,,,,False,False,False,False,,,,,,,,,,,,,,,minimal,0,,False,False,False,False,False,False,False,False,True,
2,2953,India Under-19s Women,IND,3,19,S Pathirage,7,1,0,161/2,18.00,18.02,18.1,1,1ʷᵈ,Sanuki Pathirage to Ishwari Awasare,,Wide. Sanuki Pathirage to Ishwari Awasare. 1 wides,82f1cc7c-5d46-40fc-b825-b034f242cb8c,239668,"India Under-19s Women v Sri Lanka U19 Women at Puducherry, 3rd ODI, 5 Jul 2026",9219,Sri Lanka Under-19s Women in India,2026,"Cricket Association Puducherry Siechem Ground, Puducherry",Women's youth one-day,2026-07-05,,,,,,,,,,,,,,,,,,,,,,,,,,,False,False,False,False,,,,,,,,,,,,,,,minimal,1,wide,False,True,False,False,False,False,False,False,False,
2,2953,India Under-19s Women,IND,3,19,S Pathirage,7,1,0,161/2,18.00,18.03,18.2,6,6,Sanuki Pathirage to Ishwari Awasare,,SIX! Sanuki Pathirage to Ishwari Awasare. 6 runs,82f1cc7c-5d46-40fc-b825-b034f242cb8c,239668,"India Under-19s Women v Sri Lanka U19 Women at Puducherry, 3rd ODI, 5 Jul 2026",9219,Sri Lanka Under-19s Women in India,2026,"Cricket Association Puducherry Siechem Ground, Puducherry",Women's youth one-day,2026-07-05,,,,,,,,,,,,,,,,,,,,,,,,,,,False,False,False,False,,,,,,,,,,,,,,,minimal,6,,False,False,False,False,False,False,False,True,False,
