MatchID,InningsNo,BattingTeamID,TeamName,BatsManName,BowlerName,BowlerType,OverNo,BallNo,Runs,BallRuns,ActualRuns,IsOne,IsTwo,IsThree,IsDotball,Extras,IsWide,IsNoBall,IsBye,IsLegBye,IsFour,IsSix,IsWicket,WicketType,Wickets,IsBowlerWicket,BallName,Day,SESSION_NO,IsExtra,SNO,Xpitch,Ypitch,RunRuns,IsMaiden,OverImage,BowlTypeID,BowlTypeName,ShotTypeID,ShotType,IsBouncer,IsFreeHit,BallCount,BCCheck,TotalRuns,TotalWickets,BOWLING_LINE_ID,BOWLING_LENGTH_ID,FiveHaul,Flag,FlagSet,PenaltyRuns,IsFifty,IsHundred,IsTwoHundred,IsHattrick,release_speed,initial_angle,release_x,release_y,release_z,pre_bounce_ax,pre_bounce_ay,pre_bounce_az,pre_bounce_vx,pre_bounce_vy,pre_bounce_vz,bounce_angle,cof,cor,pbr,shot_attacked,shot_played,shot_info,crease_reaction_time,interception_reaction_time,bounce_x,bounce_y,post_bounce_ax,post_bounce_ay,post_bounce_az,post_bounce_vx,post_bounce_vy,post_bounce_vz,impact_x,impact_y,impact_z,crease_x,crease_y,crease_z,drop_angle,stump_x,stump_y,stump_z,swing,deviation,swing_dist,six_dist,ground,date,season,striker_hand,non_striker_hand,bowler_hand,team_bat,team_bowl,delivery_type,match_day
1417,1,20,Sunrisers Hyderabad,Travis Head,Khaleel Ahmed,,1,1,0,0,0,0,0,0,1,0,0,0,0,0,0,0,0,,,0,0.1,1,1,0,454750,,,0,0,https://scores.bcci.tv/matchcentre/commentaryFiles/TATA-IPL-2024/Delhi-Capitals-VS-Sunrisers-Hyderabad-(20-Apr-2024)/File_1-1-454750.png,42,OUTSWINGER,51,FRONTFOOT COVERDRIVE,0,0,1,0,0,0,Outside Off stump,Good Length,1,0,0,0,0,0,0,0,84.99216529603106,-8.522298927794406,8.341211336189595,0.7909430615736548,1.953400888381194,-0.282482710397495,-1.23098213701499,-2.93651058559169,-36.7227523516744,-0.401136558101053,-6.85888298507896,7.739917874012574,0.4063118526237991,0.637271988102433,64.95961295298505,Attacked,Missed,,0.508747100830078,0.5217132568359375,7.004292,0.72608,-0.262305373940531,0.0,-10.6,-32.1596603622574,0.397687330974394,0.397687330974394,-999.9,-999.9,-999.9,-8.840459,0.799357,0.668323,-10.57950764814388,-10.06000234163501,0.8152679151745246,0.7565741321860522,-0.5757348968662277,1.334323876323207,-0.0548562206512186,-1.0,FEROZ-SHAH-KOTLA-DELHI,2024-04-20,2024,L,L,L,Sunrisers-Hyderabad,Delhi-Capitals,Seam,1.0
1417,1,20,Sunrisers Hyderabad,Travis Head,Khaleel Ahmed,,1,2,6,6,6,0,0,0,0,0,0,0,0,0,0,1,0,,,0,0.2,1,1,0,454751,-154.55,112.94,6,0,,36,BOUNCER,58,BACKFOOT PULL SHOT,1,0,2,0,6,0,Outside Off stump,Short Length,0,0,0,0,0,0,0,0,85.39843615634284,-11.77799279870885,8.34098338104139,0.5785427372804856,1.871398018301705,-0.27136426129791,4.53972607375139,-8.08536250342262,-35.2773539687282,0.0883844889837837,-9.50091068013186,9.697745907521384,0.2033410200116417,0.5796306062413703,76.61048893504137,Attacked,Played,,0.531349182128906,0.5000381469726562,10.719158,0.495644,-0.25198109977663,0.0,-10.8286080454795,-32.2250193086898,0.215077030413791,0.215077030413791,-8.307095,0.557688,1.180362,-8.840864,0.561528,1.221184,-15.07327582169787,-10.06013571649394,0.5703641306937264,1.302016180143284,1.480638776410879,0.2388497172547117,0.0782251143770533,71.0,FEROZ-SHAH-KOTLA-DELHI,2024-04-20,2024,L,L,L,Sunrisers-Hyderabad,Delhi-Capitals,Seam,1.0
1417,1,20,Sunrisers Hyderabad,Travis Head,Khaleel Ahmed,,1,3,4,4,4,0,0,0,0,0,0,0,0,0,1,0,0,,,0,0.3,1,1,0,454752,172.36,-7.7,4,0,,41,INSWINGER,36,CUT SHOT,0,0,3,0,10,0,Outside Off stump,Good Length,0,0,0,0,0,0,0,0,86.12638630466246,-7.086932774344155,8.340364062436912,0.8389869313910496,1.940631445470464,-0.269837830942857,-2.14138453015725,-7.8044152623486,-35.0789180225714,-0.698180323617177,-7.22034022211898,6.952883808817137,0.1095809029977748,0.5714595589459728,84.76084354211844,Attacked,Played,,0.493606567382812,0.4899215698242188,6.809042,0.725266,-0.250563700161224,0.0,-10.6,-33.8346479841599,-0.729372516581821,-0.729372516581821,-8.992146,0.598795,0.602273,-8.840793,0.602201,0.591473,-11.63082924549796,-10.05990404706579,0.5746558406012179,0.6721958830309163,-1.109654960257763,-0.0947172748285441,-0.108097961611392,-1.0,FEROZ-SHAH-KOTLA-DELHI,2024-04-20,2024,L,L,L,Sunrisers-Hyderabad,Delhi-Capitals,Seam,1.0
1417,1,20,Sunrisers Hyderabad,Travis Head,Khaleel Ahmed,,1,4,4,4,4,0,0,0,0,0,0,0,0,0,1,0,0,,,0,0.4,1,1,0,454753,-146.72,129.97,4,0,,39,ANGLED IN,58,BACKFOOT PULL SHOT,0,0,4,0,14,0,Outside Off stump,Short of Good Length,0,0,0,0,0,0,0,0,85.40047586362165,-9.73276322350069,8.340574969583553,0.6010540728912139,1.903654470081798,-0.27026467657595,-0.580226481589448,-7.13213816549528,-35.1344079548735,-0.945529166202998,-8.2552987998319,8.068543343752772,0.1222207158326578,0.5761437191498592,84.1994862892131,Attacked,Played,,0.512775421142578,0.4855270385742188,9.208767,0.380578,-0.250960056820525,0.0,-10.6,-33.551113062412,-0.620434398822948,-0.620434398822948,-8.436361,0.236176,0.864606,-8.840626,0.228238,0.893027,-13.2225621203046,-10.05996330071773,0.2041393051609482,0.968677608390006,-0.3250263701747493,0.4821537256672113,-0.0254239306248344,-1.0,FEROZ-SHAH-KOTLA-DELHI,2024-04-20,2024,L,L,L,Sunrisers-Hyderabad,Delhi-Capitals,Seam,1.0
1417,1,20,Sunrisers Hyderabad,Travis Head,Khaleel Ahmed,,1,5,1,1,1,1,0,0,0,0,0,0,0,0,0,0,0,,,0,0.5,1,1,0,454754,45.74,35.12,1,0,,41,INSWINGER,40,FRONTFOOT FLICK,0,0,5,0,15,0,Off stump,Full Length,0,0,0,0,0,0,0,0,87.95565386586895,-4.518223165009212,8.34090051279776,0.5447711360829923,1.947826075565392,-0.269194471505618,-0.0693235218393989,-7.15056972486525,-34.9952812957303,-1.73864189237432,-6.08076563631642,5.801551494076929,0.1091349584552111,0.5675998982729286,84.22648889541819,Attacked,Edged,,0.480262756347656,0.4517440795898438,2.932411,-0.175301,-0.249966294969502,0.0,-10.6,-33.9696637075351,-1.3913918791372,-1.3913918791372,-8.281336,-0.22276,0.143442,-8.840618,-0.245912,0.193389,-9.857272457428587,-10.06029577752937,-0.2967392792857809,0.2927460841709818,-0.3443028350839384,0.4987259866046309,-0.0497241584597244,-1.0,FEROZ-SHAH-KOTLA-DELHI,2024-04-20,2024,L,L,L,Sunrisers-Hyderabad,Delhi-Capitals,Seam,1.0
1417,1,20,Sunrisers Hyderabad,Abhishek Sharma,Khaleel Ahmed,,1,6,4,4,4,0,0,0,0,0,0,0,0,0,1,0,0,,,0,0.6,1,1,0,454755,-61.54,-134.32,4,0,,41,INSWINGER,54,LEG GLANCE,0,0,6,0,19,0,Off stump,Short of Good Length,0,0,0,0,0,0,0,0,84.13984182774966,-12.0827841696225,8.3404067624415,0.507967315180399,1.954184140579083,-0.26687048854212,-0.442394152570294,-8.43747127765475,-34.6931635104756,-1.31402449126822,-9.69893530756242,10.18744562484737,0.1929446774269137,0.5872740294111878,78.7966366689868,Attacked,Played,,0.538948059082031,0.5027046203613281,10.654774,0.233407,-0.247808310789111,0.502540621331463,-10.6,-31.6965114529225,-1.80178798991937,-1.80178798991937,-8.151973,-0.261089,1.244347,-8.841045,-0.299757,1.303837,-15.61904184408568,-10.06004327100894,-0.3680338194444441,1.39552100383806,-0.2712196802859693,-1.084401478694198,-0.0199555370938158,-1.0,FEROZ-SHAH-KOTLA-DELHI,2024-04-20,2024,L,L,L,Sunrisers-Hyderabad,Delhi-Capitals,Seam,1.0
1417,1,20,Sunrisers Hyderabad,Travis Head,Lalit Yadav,,2,1,6,6,6,0,0,0,0,0,0,0,0,0,0,1,0,,,0,1.1,1,1,0,454756,-166.52,106.03,6,0,https://scores.bcci.tv/matchcentre/commentaryFiles/TATA-IPL-2024/Delhi-Capitals-VS-Sunrisers-Hyderabad-(20-Apr-2024)/File_1-2-454756.png,23,ARM BALL,58,BACKFOOT PULL SHOT,0,0,1,1,25,0,Off stump,Short Length,1,0,0,0,0,0,0,0,60.67600123762872,-5.877913360023831,8.340571918420046,0.9077257577287068,2.189773358043051,-0.19059895547964,-0.825475336341078,-9.59386580060745,-24.7778642123533,-1.75889011270102,-6.99541029013575,10.58756670235849,0.2946357043494284,0.5763155090253749,66.9837559188634,Attacked,Played,,0.717796325683594,0.69012451171875,7.027933,0.213711,-0.176984744373952,0.0,-10.6,-21.5683529588305,-0.994621335309209,-0.994621335309209,-8.30904,-0.035062,0.717265,-8.841032,-0.060763,0.749394,-15.76569934724333,-10.06020951993018,-0.1201119989540384,0.7965419774589507,-1.095348426095216,1.420091463465204,-0.100685960102953,74.0,FEROZ-SHAH-KOTLA-DELHI,2024-04-20,2024,L,L,R,Sunrisers-Hyderabad,Delhi-Capitals,Spin,1.0
1417,1,20,Sunrisers Hyderabad,Travis Head,Lalit Yadav,,2,2,6,6,6,0,0,0,0,0,0,0,0,0,0,1,0,,,0,1.2,1,1,0,454757,-161.92,107.87,6,0,,25,OFF SPIN,58,BACKFOOT PULL SHOT,0,0,2,1,31,0,Off stump,Good Length,0,0,0,0,0,0,0,0,59.05382296690115,-5.49431784504577,8.340764737095093,0.7870862116849764,2.133670368220079,-0.187237916029927,-0.67618583518082,-9.44923734766707,-24.3409290838905,-1.39759199269189,-6.77223616141607,11.11858636647571,0.3193523905128378,0.6062379406549926,69.00045204696511,Attacked,Played,,0.756328582763672,0.702301025390625,7.044862,0.229618,-0.173863779170646,0.0,-10.6,-20.8904761828275,-0.835081887671769,-0.835081887671769,-8.226415,0.016648,0.75214,-8.840894,-0.009097,0.790335,-15.54785552624349,-10.06001461523227,-0.0605892762494741,0.8364991373104006,-0.9167457266885872,0.9970254490764272,-0.0855593486038859,85.0,FEROZ-SHAH-KOTLA-DELHI,2024-04-20,2024,L,L,R,Sunrisers-Hyderabad,Delhi-Capitals,Spin,1.0
1417,1,20,Sunrisers Hyderabad,Travis Head,Lalit Yadav,,2,3,0,0,0,0,0,0,1,0,0,0,0,0,0,0,0,,,0,1.3,1,1,0,454758,-7.67,63.21,0,0,,25,OFF SPIN,27,FORWARD PUSH,0,0,3,1,31,0,Middle stump,Full Length,0,0,0,0,0,0,0,0,63.43173876490945,-2.829578180601468,8.340707437497507,0.8103334466556198,2.269875958267065,-0.194506279462289,0.289035964925751,-8.58134169140384,-25.2858163300976,-1.32381277521478,-6.33835230566913,5.963701093609241,0.1819246271815137,0.3906785389897296,50.40931813030807,Defended,Played,,0.667877197265625,0.6308555603027344,2.996625,0.000279,-0.180612973786411,0.0,-10.6,-23.7044751454993,-0.766090107255174,-0.766090107255174,-8.363724,-0.041956,0.163318,-8.840933,-0.057561,0.199658,-14.07227555457389,-10.0602369369515,-0.0976976068772049,0.2729148603556927,0.0192794367366977,1.145862997866772,0.00295806462020831,-1.0,FEROZ-SHAH-KOTLA-DELHI,2024-04-20,2024,L,L,R,Sunrisers-Hyderabad,Delhi-Capitals,Spin,1.0
1417,1,20,Sunrisers Hyderabad,Travis Head,Lalit Yadav,,2,4,4,4,4,0,0,0,0,0,0,0,0,0,1,0,0,,,0,1.4,1,1,0,454759,175.58,6.58,4,0,,25,OFF SPIN,36,CUT SHOT,0,0,4,1,35,0,Outside Off stump,Good Length,0,0,0,0,0,0,0,0,57.91862401635317,-4.378626836404718,8.340702625539986,0.7516957771312097,2.137874210192518,-0.181741407812755,-0.825622046544014,-9.54159464587646,-23.6263830156581,-0.711210956705857,-6.62527959905378,9.375769187705185,0.1799048613965024,0.5432320457101082,73.49432071686599,Attacked,Played,,0.713390350341797,0.7550125122070312,6.364841,0.503179,-0.168759878683272,0.0,-10.6,-21.7973895889315,-0.111745111756833,-0.111745111756833,-9.402738,0.473253,0.626182,-8.840679,0.47626,0.601877,-15.66448969266477,-10.0599981897726,0.4697180359302723,0.64492797801456,-1.038481159405056,1.430493770093904,-0.104393998745715,-1.0,FEROZ-SHAH-KOTLA-DELHI,2024-04-20,2024,L,L,R,Sunrisers-Hyderabad,Delhi-Capitals,Spin,1.0
1417,1,20,Sunrisers Hyderabad,Travis Head,Lalit Yadav,,2,5,1,1,1,1,0,0,0,0,0,0,0,0,0,0,0,,,0,1.5,1,1,0,454760,-140.28,73.34,1,0,,23,ARM BALL,40,FRONTFOOT FLICK,0,0,5,1,36,0,Leg stump,Full Length,0,0,0,0,0,0,0,0,64.55678469859257,-3.215567434856582,8.341094137629867,0.8490790381531137,2.24508846059236,-0.198008948608868,-1.17994982778271,-8.16944923314842,-25.7411633191529,-2.02537276485566,-6.22261255581497,8.090682415745409,0.0867414729535642,0.569239136159016,86.71172312849599,Attacked,Played,,0.655471801757812,0.6112060546875,3.048137000000001,-0.105243,-0.183865452279664,0.0,-10.6,-24.9175233588599,-1.67429020671034,-1.67429020671034,-8.188835,-0.184673,0.191364,-8.840808,-0.228973,0.268069,-13.5898426597307,-10.06003869899348,-0.3123984466001641,0.392375746097982,-1.79318763568924,0.6547791414366092,-0.218126332891892,-1.0,FEROZ-SHAH-KOTLA-DELHI,2024-04-20,2024,L,L,R,Sunrisers-Hyderabad,Delhi-Capitals,Spin,1.0
1417,1,20,Sunrisers Hyderabad,Abhishek Sharma,Lalit Yadav,,2,6,4,4,4,0,0,0,0,0,0,0,0,0,1,0,0,,,0,1.6,1,1,0,454761,151.64,126.29,4,0,,25,OFF SPIN,61,INSIDE OUT,0,0,6,1,40,0,Outside Off stump,Full Length,0,0,0,0,0,0,0,0,58.37838841333854,-3.238521373719414,8.340962030476643,0.8614725564758418,2.25842451462444,-0.181073361191271,-0.500615260756561,-8.98263545551113,-23.5395369548652,-1.29410192626369,-6.472263503735,9.023378460944553,0.2202668516132761,0.5248759314650335,66.70470455842741,Attacked,Played,,0.729629516601562,0.656982421875,4.617684,0.218793,-0.168139549677608,0.0,-10.6,-21.3921715641999,-0.620913990014782,-0.620913990014782,-7.573172,0.156421,0.335263,-8.840566,0.118817,0.457075,-15.37374131188447,-10.06020660612862,0.0822644097837971,0.5382177539343243,-0.9130456798505054,1.48414670957884,-0.10761651354909,-1.0,FEROZ-SHAH-KOTLA-DELHI,2024-04-20,2024,L,L,R,Sunrisers-Hyderabad,Delhi-Capitals,Spin,1.0
1417,1,20,Sunrisers Hyderabad,Travis Head,Anrich Nortje,,3,1,4,4,4,0,0,0,0,0,0,0,0,0,1,0,0,,,0,2.1,1,1,0,454762,-71.67,191.67,4,0,,30,ANGLED ACROSS,11,LOFTED ON DRIVE,0,0,1,2,44,0,Leg stump,Full Length,1,0,0,0,0,0,0,0,88.90780858462594,-6.133231878817977,8.340407358086807,-0.7135783802011276,1.94615532419927,-0.276114070923997,-0.577948230442328,-7.26787895859667,-35.8948292201196,1.3484911114429,-6.75998593000512,6.481868248296403,0.1475488875216278,0.5767528905302983,81.75804482738198,Attacked,Played,,0.481224060058594,0.4548454284667969,5.361056,-0.212126,-0.256391637286568,-1.43560800649433,-10.6,-34.3162399799006,1.46394694046277,1.46394694046277,-8.376447,-0.061522,0.402559,-8.840804,-0.04343,0.439819,-10.66545425534212,-10.05969986569538,0.0030270095948599,0.5283535349008708,-0.0938920525010955,0.291316975463457,-0.0146683078444266,-1.0,FEROZ-SHAH-KOTLA-DELHI,2024-04-20,2024,L,L,R,Sunrisers-Hyderabad,Delhi-Capitals,Seam,1.0
1417,1,20,Sunrisers Hyderabad,Travis Head,Anrich Nortje,,3,2,4,4,4,0,0,0,0,0,0,0,0,0,1,0,0,,,0,2.2,1,1,0,454763,-76.28,-125.11,4,0,,8,OFF CUTTER,18,SLOG SHOT,0,0,2,2,48,0,Leg stump,Good Length,0,0,0,0,0,0,0,0,82.06617485287377,-6.399777178384425,8.340416569104733,-0.7785109312926278,1.954909984446723,-0.256566763735337,0.259536754676207,-8.76176308263982,-33.3536792855938,1.67335092681299,-7.09186085976115,7.248814927133606,0.1293766161154956,0.5726699834378141,82.96283590412256,Attacked,Edged,,0.520088195800781,0.4976348876953125,6.436616,-0.219601,-0.23824056632567,0.0,-10.6,-31.9296689964729,1.2122013420061,1.2122013420061,-8.466755,-0.032319,0.538198,-8.840954,-0.017559,0.566924,-12.00380886857226,-10.06006572828052,0.0308288805868586,0.6500706320932753,0.3814997294096464,-0.6979409343191496,0.0385022490216492,-1.0,FEROZ-SHAH-KOTLA-DELHI,2024-04-20,2024,L,L,R,Sunrisers-Hyderabad,Delhi-Capitals,Seam,1.0
1417,1,20,Sunrisers Hyderabad,Travis Head,Anrich Nortje,,3,3,0,0,0,0,0,0,1,0,0,0,0,0,0,0,0,,,0,2.3,1,1,0,454764,-76.28,-125.11,0,0,,36,BOUNCER,105,LEFT ALONE,1,0,3,2,48,0,Outside Leg stump,Short Length,0,0,0,0,0,0,0,0,89.89999999999995,-15.24876684623408,8.340497069894582,-0.8243331897736278,1.817220648629507,-0.286118194546716,-0.475026823901859,-8.64239662990852,-37.195365291073,0.706113215377583,-11.9736249894185,10.00719649640998,0.1395167507362682,0.5107858092854194,72.66619631918608,,,,0.523040771484375,0.5335235595703125,12.390561,-0.706874,-0.265681180650522,-0.334246997702737,-10.6,-34.6598625321876,1.12966833826157,1.12966833826157,-999.9,-999.9,-999.9,-8.840823,-0.345199,1.492804,-17.84397689099109,-10.05970005682544,-0.3061321166450559,1.583238141867221,-0.0623863227057511,0.779212675212043,0.0146516436019838,-1.0,FEROZ-SHAH-KOTLA-DELHI,2024-04-20,2024,L,L,R,Sunrisers-Hyderabad,Delhi-Capitals,Seam,1.0
1417,1,20,Sunrisers Hyderabad,Travis Head,Anrich Nortje,,3,4,4,4,4,0,0,0,0,0,0,0,0,0,1,0,0,,,0,2.4,1,1,0,454765,-140.28,137.34,4,0,,30,ANGLED ACROSS,58,BACKFOOT PULL SHOT,0,0,4,2,52,0,Outside Leg stump,Short of Good Length,0,1,1,0,1,0,0,0,91.86009978290228,-9.499441446181798,8.340719075745461,-0.7125503180948339,1.894561671606434,-0.289758715800941,0.0967965464226166,-5.66531461281226,-37.6686330541223,1.70182640378363,-8.17254344279792,7.590132917216762,0.1331493747701391,0.5862466213468581,84.6220557250148,Attacked,Played,,0.472846984863281,0.450164794921875,8.74299,-0.294632,-0.269061664672302,0.0,-10.6,-35.9550504891957,1.36501691725666,1.36501691725666,-8.415196,-0.017732,0.80047,-8.84072,-0.000642,0.832703,-12.24111212344126,-10.06027841508752,0.0486592687530723,0.9163774417018083,0.2125011326401376,-0.4126360141147069,0.0174649315404817,-1.0,FEROZ-SHAH-KOTLA-DELHI,2024-04-20,2024,L,L,R,Sunrisers-Hyderabad,Delhi-Capitals,Seam,1.0
1417,1,20,Sunrisers Hyderabad,Travis Head,Anrich Nortje,,3,5,4,4,4,0,0,0,0,0,0,0,0,0,1,0,0,,,0,2.5,1,1,0,454766,142.89,-70.78,4,0,,30,ANGLED ACROSS,96,SLICED OVER POINT,0,0,5,2,56,0,Outside Leg stump,Yorker,0,0,1,0,0,0,0,0,92.6163281547612,-4.039497398172783,8.340347060616569,-0.7564557729530753,1.924786294122417,-0.281967299515507,0.640477147426699,-7.32115054941641,-36.6557489370159,1.58581808078077,-5.99877776866289,2.565726843237721,-0.5864455660858953,0.3081082807384102,114.8607987193511,Attacked,Played,,0.451492309570312,0.4482879638671875,2.00642,-0.145313,-0.261826778121542,0.0,-10.6,-41.2465784524816,1.93419908568601,1.93419908568601,-9.166617,-0.092934,0.093666,-8.841004,-0.108295,0.080932,-9.294167649019858,-10.06019838364152,-0.0506111005503754,0.1252899012254577,0.651113053218278,0.2076245098337239,0.0884309516076314,-1.0,FEROZ-SHAH-KOTLA-DELHI,2024-04-20,2024,L,L,R,Sunrisers-Hyderabad,Delhi-Capitals,Seam,1.0
1417,1,20,Sunrisers Hyderabad,Travis Head,Anrich Nortje,,3,6,6,6,6,0,0,0,0,0,0,0,0,0,0,1,0,,,0,2.6,1,1,0,454767,-181.72,37.88,6,0,,46,LEGCUTTER,40,FRONTFOOT FLICK,0,0,6,2,62,0,Outside Leg stump,Full Length,0,0,1,0,0,0,0,0,80.85492688931419,-6.757661119734433,8.341061123978971,-0.7925379782826916,1.966218741383526,-0.253099932068684,-0.773385410121595,-8.20215293093024,-32.9029911689289,1.0494055330686,-7.0478306075331,7.18465980438033,0.1473619875111493,0.5595868767591359,79.20183276275546,Attacked,Played,,0.533077239990234,0.4969482421875,6.680141,-0.389631,-0.235021365492349,0.0,-10.6,-31.2863363025182,0.923474826731634,0.923474826731634,-8.168405,-0.245683,0.525459,-8.841087,-0.225033,0.574053,-12.09007801728011,-10.06031870720321,-0.1873249834030019,0.6491085395205776,-0.2698961235837684,-0.1360666766697849,-0.0261782078749228,79.0,FEROZ-SHAH-KOTLA-DELHI,2024-04-20,2024,L,L,R,Sunrisers-Hyderabad,Delhi-Capitals,Seam,1.0
1417,1,20,Sunrisers Hyderabad,Abhishek Sharma,Lalit Yadav,,4,1,6,6,6,0,0,0,0,0,0,0,0,0,0,1,0,,,0,3.1,1,1,0,454768,-155.47,118.46,6,0,,25,OFF SPIN,58,BACKFOOT PULL SHOT,0,0,1,3,68,0,Outside Off stump,Short of Good Length,1,0,1,0,0,0,0,0,59.42419876046117,-6.008870486855852,8.340606269486813,0.8549998826913325,2.204157956189353,-0.186772279990748,-0.495346311712236,-9.43782834779274,-24.2803963987973,-1.80167189417234,-6.95021836827271,10.73227209690871,0.2257379979679122,0.595105708206338,76.69205643415948,Attacked,Played,,0.741714477539062,0.6877212524414062,7.205344,0.106573,-0.173431402848552,0.0,-10.6,-21.8223872108344,-0.983592524694765,-0.983592524694765,-8.097961,-0.134822,0.749098,-8.840939,-0.169874,0.797058,-15.97367114314014,-10.06012907688558,-0.2278665700503908,0.8468437987146359,-0.8094493991269249,1.663001237883412,-0.0737214878983692,73.0,FEROZ-SHAH-KOTLA-DELHI,2024-04-20,2024,L,L,R,Sunrisers-Hyderabad,Delhi-Capitals,Spin,1.0
1417,1,20,Sunrisers Hyderabad,Abhishek Sharma,Lalit Yadav,,4,2,1 (LB),1,0,0,0,0,1,1,0,0,0,1,0,0,0,,,0,3.2,1,1,1,454769,-44.05,-50.06,1,0,,23,ARM BALL,58,BACKFOOT PULL SHOT,0,0,2,3,69,0,Outside Off stump,Good Length,0,0,1,0,0,0,0,0,60.72979662500713,-6.153830818096772,8.340931344363021,0.7810140768570423,2.203507726542752,-0.190784302946147,-0.769897912866695,-8.24755761016233,-24.8019593829991,-2.125098969463,-6.63614761858228,10.29825207492141,0.2438677763922066,0.6086794807973647,76.91514448038404,Attacked,Missed,,0.721435546875,0.68463134765625,6.713522,-0.099527,-0.177156852735708,0.0,-10.6,-22.2306151188377,-1.61830492612726,-1.61830492612726,-8.429187,-0.477231,0.702737,-8.841017,-0.50853,0.731029,-14.97948446994164,-10.06013090018574,-0.6018152758283993,0.791830224272235,-1.134761027200956,0.7337238732768651,-0.111862961763409,-1.0,FEROZ-SHAH-KOTLA-DELHI,2024-04-20,2024,L,L,R,Sunrisers-Hyderabad,Delhi-Capitals,Spin,1.0
1417,1,20,Sunrisers Hyderabad,Travis Head,Lalit Yadav,,4,3,1,1,1,1,0,0,0,0,0,0,0,0,0,0,0,,,0,3.3,1,1,0,454770,-14.12,152.53,1,0,,25,OFF SPIN,27,FORWARD PUSH,0,0,3,3,70,0,Leg stump,Yorker,0,0,1,0,0,0,0,0,63.19913370251258,-0.9962991147904332,8.34072393353862,0.9091650716740696,2.271272544255081,-0.193294652165027,0.163237158805285,-8.59800817409832,-25.1283047814534,-1.85125978487964,-6.22142111710285,9.614689959724416,0.1227255691838064,0.6500000000000012,95.22744308161954,Attacked,Played,,0.663688659667969,0.6012382507324219,0.5464970000000005,-0.359552,-0.179487891296096,0.314841928249278,-10.6,-23.8718895423808,-1.75869679563565,-1.75869679563565,-7.881431,-0.239722,0.418416,-8.840853,-0.310066,0.197808,-13.9060036883456,-10.05984182732638,-0.399802104820399,0.1247159822955376,-0.290371446844858,2.544443745170813e-14,-0.0521007510978821,-1.0,FEROZ-SHAH-KOTLA-DELHI,2024-04-20,2024,L,L,R,Sunrisers-Hyderabad,Delhi-Capitals,Spin,1.0
1417,1,20,Sunrisers Hyderabad,Abhishek Sharma,Lalit Yadav,,4,4,6,6,6,0,0,0,0,0,0,0,0,0,0,1,0,,,0,3.4,1,1,0,454771,-69.37,195.35,6,0,https://scores.bcci.tv/matchcentre/commentaryFiles/TATA-IPL-2024/Delhi-Capitals-VS-Sunrisers-Hyderabad-(20-Apr-2024)/File_1-4-454771.png,23,ARM BALL,94,STEP DOWN LOFTED ON DRIVE,0,0,4,3,76,0,Outside Off stump,Short of Good Length,0,0,1,0,0,0,0,0,59.63720937980916,-7.302715805877899,8.340953145055831,0.9390670028650746,2.190645788501662,-0.192816178384211,-0.225742993722883,-8.47702000384386,-25.0661031899475,-1.86465485284551,-6.96616779259515,11.01140400984142,0.3010044018047077,0.6070335717275405,70.95459557866029,Attacked,Played,,0.735935211181641,0.610015869140625,7.664915,0.190803,-0.17904359421391,0.0,-10.6,-21.731669804608,-1.21591226956246,-1.21591226956246,-6.632555,-0.050526,0.672157,-8.840987,-0.179782,0.838145,-15.53124370121087,-10.06020775203949,-0.2522101175600746,0.8787889567446026,-0.5187635593256386,1.051941562347247,-0.0472598235258248,76.0,FEROZ-SHAH-KOTLA-DELHI,2024-04-20,2024,L,L,R,Sunrisers-Hyderabad,Delhi-Capitals,Spin,1.0
1417,1,20,Sunrisers Hyderabad,Abhishek Sharma,Lalit Yadav,,4,5,1,1,1,1,0,0,0,0,0,0,0,0,0,0,0,,,0,3.5,1,1,0,454772,-92.39,46.63,1,0,,23,ARM BALL,51,FRONTFOOT COVERDRIVE,0,0,5,3,77,0,Outside Off stump,Yorker,0,0,1,0,0,0,0,0,64.77360968320693,-1.94401916860517,8.34093911368852,0.7823057496928809,2.26755243161744,-0.196671580491592,0.1547761144123,-8.11169774270036,-25.5673054639069,-0.574794981138091,-6.10705580087452,9.28189567576412,0.126896269777058,0.6500000000000004,94.81037302229426,Attacked,Edged,,0.648628234863281,0.5908241271972656,1.202964,0.388304,-0.182623610456478,0.0997503893232527,-10.6,-24.2889401907116,-0.546055232081187,-0.546055232081187,-7.806878,0.411948,0.271206,-8.840736,0.38867,0.03205,-13.43406184327215,-10.06023411405192,0.36125454906953,0.2125696160241522,0.0429971613835435,0.0,-0.00032340496128086,-1.0,FEROZ-SHAH-KOTLA-DELHI,2024-04-20,2024,L,L,R,Sunrisers-Hyderabad,Delhi-Capitals,Spin,1.0
1417,1,20,Sunrisers Hyderabad,Travis Head,Lalit Yadav,,4,6,6,6,6,0,0,0,0,0,0,0,0,0,0,1,0,,,0,3.6,1,1,0,454773,12.59,210.09,6,0,,23,ARM BALL,13,LOFTED STRAIGHT,0,0,6,3,83,0,Outside Off stump,Good Length,0,0,1,0,0,0,0,0,56.66971926449914,-4.333319954666872,8.340833321192555,0.9941677876973364,2.198267631005923,-0.177039001189611,-0.29077003371103,-8.86229818751888,-23.0150701546495,-1.79394051310355,-6.46444404269662,10.0049619486404,0.2988058543086386,0.5477319746766661,62.27921077063606,Attacked,Played,,0.750022888183594,0.7272491455078125,6.018586,0.110652,-0.164393358247496,0.0,-10.6,-20.0706123109355,-0.994975413077253,-0.994975413077253,-8.249182,-0.101622,0.560595,-8.840716,-0.13207,0.594781,-15.68892388432693,-10.05988529202535,-0.1953110192114957,0.6340653110716719,-0.7243102382872983,1.618941638156618,-0.075654867539567,81.0,FEROZ-SHAH-KOTLA-DELHI,2024-04-20,2024,L,L,R,Sunrisers-Hyderabad,Delhi-Capitals,Spin,1.0
1417,1,20,Sunrisers Hyderabad,Abhishek Sharma,Kuldeep Yadav,,5,1,6,6,6,0,0,0,0,0,0,0,0,0,0,1,0,,,0,4.1,1,1,0,454774,-53.72,200.42,6,0,,34,CHINAMAN,94,STEP DOWN LOFTED ON DRIVE,0,0,1,4,89,0,Outside Leg stump,Full Length,1,0,1,0,0,0,0,0,52.33101805650121,0.281708667929859,8.340852948169257,0.268607939478023,1.908597094268601,-0.162767622519467,-0.784652813306167,-10.2445885098586,-21.1597909275307,-1.16891164036253,-6.18644252958751,10.42727223294991,0.2732700085894532,0.5522937457304053,65.51706100061548,Attacked,Played,,0.825714111328125,0.6734848022460938,4.711651,-0.301953,-0.151141363768076,0.0,-10.6,-18.5665388404055,-0.215798486768558,-0.215798486768558,-6.427603,-0.314553,0.222748,-8.84097,-0.343136,0.50035,-16.29722273822875,-10.06010559234164,-0.35779557639696,0.5705772647694021,-1.48117885764811,2.496008702429955,-0.155722719141203,74.0,FEROZ-SHAH-KOTLA-DELHI,2024-04-20,2024,L,L,L,Sunrisers-Hyderabad,Delhi-Capitals,Spin,1.0
1417,1,20,Sunrisers Hyderabad,Abhishek Sharma,Kuldeep Yadav,,5,2,6,6,6,0,0,0,0,0,0,0,0,0,0,1,0,,,0,4.2,1,1,0,454775,-159.62,100.04,6,0,,34,CHINAMAN,58,BACKFOOT PULL SHOT,0,0,2,4,95,0,Leg stump,Short of Good Length,0,0,1,0,0,0,0,0,52.97663905240297,-1.103917573536552,8.340619980089102,0.1924410227844434,1.874448225252426,-0.166755258291621,-0.572691396418961,-10.8752352340428,-21.6781835779107,-0.961392308984085,-6.31946641136589,11.83284758011517,0.2779813344118374,0.6247728129870381,75.91778850687199,Attacked,Played,,0.828277587890625,0.773162841796875,6.173351,-0.242602,-0.154844168413648,0.0,-10.6,-18.8451360870483,0.0691696718187773,0.0691696718187773,-8.219267,-0.226409,0.681792,-8.840954,-0.224037,0.725865,-16.25207577450259,-10.05993259116011,-0.219348554848656,0.7762945902803733,-0.9629799061363732,2.749610040260127,-0.103849199330088,80.0,FEROZ-SHAH-KOTLA-DELHI,2024-04-20,2024,L,L,L,Sunrisers-Hyderabad,Delhi-Capitals,Spin,1.0
1417,1,20,Sunrisers Hyderabad,Abhishek Sharma,Kuldeep Yadav,,5,3,1,1,1,1,0,0,0,0,0,0,0,0,0,0,0,,,0,4.3,1,1,0,454776,-53.72,171.87,1,0,,23,ARM BALL,74,STEP DOWN ON DRIVE,0,0,3,4,96,0,Outside Leg stump,Good Length,0,0,1,0,0,0,0,0,54.0432152867189,-2.037350191652375,8.34055929427635,0.191646790271963,1.863352123198167,-0.169497202610756,-0.865943855922466,-9.49797256209556,-22.0346363393983,-1.41079217587637,-5.93677994537921,10.84591961040288,0.2100349133060862,0.646285767880772,85.93937385150717,Attacked,Played,,0.779823303222656,0.6777191162109375,6.068223,-0.438916,-0.157390259567131,0.0,-10.6,-20.0262932284565,-0.162074689193169,-0.162074689193169,-999.9,-999.9,-999.9,-8.840701,-0.478926,0.670898,-15.07910181637027,-10.05984359445027,-0.4892350649259603,0.7270622135948225,-1.413662448744471,3.199735738369383,-0.144640654470434,-1.0,FEROZ-SHAH-KOTLA-DELHI,2024-04-20,2024,L,L,L,Sunrisers-Hyderabad,Delhi-Capitals,Spin,1.0
1417,1,20,Sunrisers Hyderabad,Travis Head,Kuldeep Yadav,,5,4,0,0,0,0,0,0,1,0,0,0,0,0,0,0,0,,,0,4.4,1,1,0,454777,-53.72,171.87,0,0,,34,CHINAMAN,36,CUT SHOT,0,0,4,4,96,0,Wide outside Off stump,Good Length,0,0,1,0,0,0,0,0,53.84526018398564,-0.2516418336804161,8.340710711315573,0.6264774879828474,1.874040976918728,-0.167916924916846,-0.925664930279272,-10.3889017412685,-21.82920023919,-0.39152914628195,-6.15932375099056,9.29326535486364,0.2939382481020537,0.5069287858493616,56.64549306719888,Attacked,Edged,,0.803512573242188,0.8133316040039062,5.037787,0.555483,-0.155922858851357,0.0,-10.6,-19.0810479320553,0.945832815490505,0.945832815490505,-9.344753,0.773624,0.486923,-8.840853,0.747786,0.464457,-15.75693531638103,-10.06005785476344,0.810490826186713,0.5052829488802963,-1.379448665483195,3.865333357131911,-0.152988034259041,-1.0,FEROZ-SHAH-KOTLA-DELHI,2024-04-20,2024,L,L,L,Sunrisers-Hyderabad,Delhi-Capitals,Spin,1.0
1417,1,20,Sunrisers Hyderabad,Travis Head,Kuldeep Yadav,,5,5,1,1,1,1,0,0,0,0,0,0,0,0,0,0,0,,,0,4.5,1,1,0,454778,-64.77,-6.78,1,0,,34,CHINAMAN,54,LEG GLANCE,0,0,5,4,97,0,Outside Leg stump,Good Length,0,0,1,0,0,0,0,0,55.90121163052249,-0.972151835288747,8.340713619696714,0.2467739385316523,1.855568773265334,-0.174308218279322,-0.887604325644885,-10.107703926368,-22.6600683763118,-1.23605363258578,-6.06381146380185,8.009585258375854,0.1520086922190613,0.4944755849635105,68.97046852262044,Attacked,Played,,0.718093872070312,0.7484779357910156,5.121248,-0.304754,-0.16185763125937,0.0,-10.6,-21.3089054905138,-0.558348225111854,-0.558348225111854,-8.935865,-0.411112,0.424397,-8.841011,-0.408549,0.419792,-14.98127747345278,-10.05996958370654,-0.4416227578907111,0.4620828094503902,-1.423303407583295,1.62130266712255,-0.157558893070265,-1.0,FEROZ-SHAH-KOTLA-DELHI,2024-04-20,2024,L,L,L,Sunrisers-Hyderabad,Delhi-Capitals,Spin,1.0
1417,1,20,Sunrisers Hyderabad,Abhishek Sharma,Kuldeep Yadav,,5,6,6,6,6,0,0,0,0,0,0,0,0,0,0,1,0,,,0,4.6,1,1,0,454779,-150.87,130.43,6,0,,34,CHINAMAN,94,STEP DOWN LOFTED ON DRIVE,0,0,6,4,103,0,Leg stump,Good Length,0,1,2,0,0,1,0,0,52.82219641427474,-1.783220234847619,8.340959480851637,0.1306012754623085,1.842601700694221,-0.166460778038133,-0.650914066177112,-10.7389418924405,-21.6399011449572,-1.41292541057547,-6.26474819996949,11.62109113222822,0.2712151341720031,0.621450833515786,76.0961116101676,Attacked,Played,,0.838462829589844,0.687835693359375,6.764394,-0.510753,-0.15457072246398,0.0,-10.6,-18.9309703619292,-0.0197304370481282,-0.0197304370481282,-6.523944,-0.514163,0.554897,-8.840854,-0.516667,0.73116,-16.14572220570412,-10.06017735010783,-0.5180054241742207,0.7553275063492512,-1.118537071408019,3.675972477005433,-0.109525368790443,93.0,FEROZ-SHAH-KOTLA-DELHI,2024-04-20,2024,L,L,L,Sunrisers-Hyderabad,Delhi-Capitals,Spin,1.0
1417,1,20,Sunrisers Hyderabad,Travis Head,Mukesh Kumar,,6,1,4,4,4,0,0,0,0,0,0,0,0,0,1,0,0,,,0,5.1,1,1,0,454780,164.99,94.52,4,0,,39,ANGLED IN,51,FRONTFOOT COVERDRIVE,0,0,1,5,107,0,Outside Off stump,Good Length,1,0,2,0,0,0,0,0,87.34854338383424,-8.182535635982429,8.340950630120084,0.7623688214764561,1.905531948062658,-0.274360401681794,1.81004364884785,-5.92764567728513,-35.6668522186332,-0.952117747414749,-7.27328756925037,7.611805574822543,0.1819691610284587,0.6159987112138261,84.20289057922804,Attacked,Played,,0.49896240234375,0.4755477905273438,7.629918,0.40995,-0.254763230133094,0.0,-10.6,-33.5258594717578,-0.999705936369779,-0.999705936369779,-8.50183,0.224587,0.693334,-8.840992,0.21397,0.719444,-11.52588874489965,-10.05989751590807,0.1755748715663933,0.8038917191794706,0.661324801710505,-0.1788604628518079,0.0595213110873154,-1.0,FEROZ-SHAH-KOTLA-DELHI,2024-04-20,2024,L,L,R,Sunrisers-Hyderabad,Delhi-Capitals,Seam,1.0
1417,1,20,Sunrisers Hyderabad,Travis Head,Mukesh Kumar,,6,2,4,4,4,0,0,0,0,0,0,0,0,0,1,0,0,,,0,5.2,1,1,0,454781,115.26,166.81,4,0,,39,ANGLED IN,5,LOFTED OFF DRIVE,0,0,2,5,111,0,Outside Off stump,Good Length,0,0,2,0,0,0,0,0,85.3049828506184,-8.489202363214334,8.340509828663926,0.671389259712493,1.92629269826104,-0.26872238900469,-0.068458039751401,-7.16000563400954,-34.9339105706097,-0.70602202213085,-7.66574910282863,7.818251469398686,0.2107502754889144,0.5801298481034602,75.9444496666276,Attacked,Played,,0.515007019042969,0.4929084777832031,8.070793,0.473274,-0.249527932647212,0.0,-10.6,-32.3881058935703,0.097182257343542,0.097182257343542,-8.565647,0.493524,0.731514,-8.840505,0.494394,0.751122,-12.37657859882302,-10.06006318402024,0.4982766925128051,0.8282972692469148,-0.1147909679303667,1.329721255360562,-0.00571574859118906,-1.0,FEROZ-SHAH-KOTLA-DELHI,2024-04-20,2024,L,L,R,Sunrisers-Hyderabad,Delhi-Capitals,Seam,1.0
1417,1,20,Sunrisers Hyderabad,Travis Head,Mukesh Kumar,,6,3,4,4,4,0,0,0,0,0,0,0,0,0,1,0,0,,,0,5.3,1,1,0,454782,165.45,98.2,4,0,,16,SLOW BOUNCER,15,LOFTED COVER DRIVE,0,0,3,5,115,0,Outside Off stump,Short Length,0,0,2,0,0,0,0,0,83.25025914253476,-13.70411302622802,8.340417947068786,0.5557552395357995,1.865009307676503,-0.275560910011975,0.438614614360771,-8.88697404320313,-35.8229183015567,-0.358937874366636,-10.8020641633284,9.91401190175162,0.1728162530462972,0.5333250374912197,72.71713031905324,Attacked,Played,,0.541671752929688,0.5156822204589844,11.714543,0.483166,-0.255877987868262,1.38483857919668,-10.6,-32.9615106862619,0.23492494584782,0.23492494584782,-8.88779,0.638656,1.378491,-8.840678,0.637573,1.375017,-16.78019122769532,-10.06020128668183,0.6668424720888271,1.457041505565358,0.0933378681536329,0.9824265398510442,-0.0367179201650594,-1.0,FEROZ-SHAH-KOTLA-DELHI,2024-04-20,2024,L,L,R,Sunrisers-Hyderabad,Delhi-Capitals,Seam,1.0
1417,1,20,Sunrisers Hyderabad,Travis Head,Mukesh Kumar,,6,4,4,4,4,0,0,0,0,0,0,0,0,0,1,0,0,,,0,5.4,1,1,0,454783,18.11,208.24,4,0,,39,ANGLED IN,53,FRONTFOOT STRAIGHT DRIVE,0,0,4,5,119,0,Outside Off stump,Full Length,0,0,2,0,0,0,0,0,85.16065356741505,-4.755139377389337,8.340916456838176,0.6258650313803436,1.964866438040957,-0.261109795105844,0.606702311347878,-6.58688816251736,-33.9442733637597,-1.14273241640161,-5.94273635443362,6.978159201011965,0.1214923049152409,0.6741785740436016,98.97755561501614,Attacked,Played,,0.4910888671875,0.4747695922851563,3.203552,0.087621,-0.242459095455427,0.0,-10.6,-32.7331930488937,-1.18819882457955,-1.18819882457955,-8.526816,0.026609,0.230802,-8.840917,0.015051,0.263979,-9.930321096149433,-10.05995503801814,-0.0300665974122487,0.3838856417497149,0.1861103617603381,-0.1507642520576954,0.0182696378503396,-1.0,FEROZ-SHAH-KOTLA-DELHI,2024-04-20,2024,L,L,R,Sunrisers-Hyderabad,Delhi-Capitals,Seam,1.0
1417,1,20,Sunrisers Hyderabad,Travis Head,Mukesh Kumar,,6,5,0,0,0,0,0,0,1,0,0,0,0,0,0,0,0,,,0,5.5,1,1,0,454784,18.11,208.24,0,0,,8,OFF CUTTER,18,SLOG SHOT,0,0,5,5,119,0,Off stump,Good Length,0,0,2,0,0,0,0,0,76.06730415509881,-9.519331665634825,8.340633784159792,0.6029318103267434,1.911620572706419,-0.240969317692543,0.0992000408683062,-7.86129526459577,-31.3260113000306,-1.65222455477953,-7.80079583475404,7.394158186611009,0.2561389114551229,0.4725178059206571,55.26377974258627,Attacked,Missed,,0.590309143066406,0.5439834594726562,9.399646,0.140079,-0.223757223571647,0.0,-10.6,-28.4034165313647,-1.16585286461498,-1.16585286461498,-7.999534,-0.170226,0.653388,-8.840609,-0.206997,0.675388,-13.98337144824617,-10.05984724202924,-0.2607657062428345,0.6885759040925122,-0.1481499466932605,0.6686921278857172,-0.0223322271804355,-1.0,FEROZ-SHAH-KOTLA-DELHI,2024-04-20,2024,L,L,R,Sunrisers-Hyderabad,Delhi-Capitals,Seam,1.0
1417,1,20,Sunrisers Hyderabad,Travis Head,Mukesh Kumar,,6,6,6,6,6,0,0,0,0,0,0,0,0,0,0,1,0,,,0,5.6,1,1,0,454785,67.38,194.89,6,0,,8,OFF CUTTER,5,LOFTED OFF DRIVE,0,0,6,5,125,0,Off stump,Full Length,0,0,2,0,0,0,0,0,73.75696762376303,-5.717393795312875,8.340692055051896,0.5817824813764091,1.951969674918466,-0.230521580526138,-0.319709247045048,-8.35930356388966,-29.9678054683979,-1.56188506240646,-6.52985712539601,8.142589565626324,0.1785269584498543,0.6158234665365512,84.52082413549725,Attacked,Played,,0.584701538085938,0.544464111328125,6.21811,-0.001007,-0.214055753345699,0.0,-10.6,-28.1049214678376,-1.05789483394417,-1.05789483394417,-8.150537,-0.165909,0.543723,-8.840808,-0.192846,0.600607,-12.2923685841984,-10.06006723249981,-0.2407887266472326,0.6848473444089207,-0.4719485711455395,0.8278382817487877,-0.0457173558285308,75.0,FEROZ-SHAH-KOTLA-DELHI,2024-04-20,2024,L,L,R,Sunrisers-Hyderabad,Delhi-Capitals,Seam,1.0
1417,1,20,Sunrisers Hyderabad,Abhishek Sharma,Kuldeep Yadav,,7,1,6,6,6,0,0,0,0,0,0,0,0,0,0,1,0,,,0,6.1,1,1,0,454786,11.21,210.55,6,0,,34,CHINAMAN,69,STEP DOWN LOFTED STRAIGHT DRIVE,0,0,1,6,131,0,Wide outside Off stump,Full Length,1,0,2,0,0,0,0,0,48.03544826314855,1.230503517230558,8.340717472221264,0.573792382607761,1.907127058494139,-0.150224294425791,-0.896637464739089,-10.2461930281687,-19.5291582753529,-0.695978436927933,-6.20356439297042,11.55713849983981,0.2889233320926958,0.5521593545853636,63.93156997853496,Attacked,Played,,0.906166076660156,0.7356834411621094,5.053544,0.310754,-0.139493987681092,0.0,-10.6,-16.7506411666219,0.545960227031476,0.545960227031476,-6.423333,0.357209,0.29268,-8.840928,0.437771,0.549632,-17.62278946087612,-10.06002561605568,0.4790333157411192,0.5918579820036203,-1.74136416654986,3.907841178526772,-0.193124374077306,84.0,FEROZ-SHAH-KOTLA-DELHI,2024-04-20,2024,L,L,L,Sunrisers-Hyderabad,Delhi-Capitals,Spin,1.0
1417,1,20,Sunrisers Hyderabad,Abhishek Sharma,Kuldeep Yadav,,7,2,0 WK,W,0,0,0,0,1,0,0,0,0,0,0,0,1,Caught,WICKET,1,6.2,1,1,0,454787,59.55,48.47,0,0,https://scores.bcci.tv/matchcentre/commentaryFiles/TATA-IPL-2024/Delhi-Capitals-VS-Sunrisers-Hyderabad-(20-Apr-2024)/File_1-7-454787.png,34,CHINAMAN,51,FRONTFOOT COVERDRIVE,0,0,2,6,131,1,Outside Off stump,Full Length,2,0,2,0,0,0,0,0,52.44177263647021,2.371224252582203,8.340547184230328,0.7241548886650817,1.922147914828923,-0.160750362286924,-1.01376078029322,-10.1652460043137,-20.8975470973002,-0.418463173756617,-6.2716520794078,11.76683574380311,0.2157055429904415,0.6209927063070999,81.57835164702084,,,,0.809394836425781,0.7462806701660156,2.626543,0.683299,-0.149268193552144,0.0,-10.6,-18.6966959025428,0.67311569018859,0.67311569018859,-8.064794,0.706086,0.159522,-8.840688,0.734249,0.298181,-16.70525060881532,-10.06001792519845,0.7788655790325357,0.4798661090591157,-1.889858841393572,3.209030385924495,-0.244823998555432,-1.0,FEROZ-SHAH-KOTLA-DELHI,2024-04-20,2024,L,L,L,Sunrisers-Hyderabad,Delhi-Capitals,Spin,1.0
1417,1,20,Sunrisers Hyderabad,Aiden Markram,Kuldeep Yadav,,7,3,1,1,1,1,0,0,0,0,0,0,0,0,0,0,0,,,0,6.3,1,1,0,454788,-15.04,163.58,1,0,,34,CHINAMAN,19,BACKFOOT STRAIGHT DRIVE,0,0,3,6,132,1,Off stump,Good Length,3,0,2,0,0,0,0,0,53.62679166964471,-0.2198461079157563,8.340792570538767,0.2684582028304626,1.876436175522627,-0.167580792562485,0.2681882047226,-11.037731947016,-21.785503033123,-0.540985981860367,-6.36510506252965,10.97597764524182,0.1862041468345819,0.6058561601875768,82.25800934467833,Attacked,Played,,0.755275726318359,0.7795372009277344,5.410472,-0.082318,-0.155610735950879,0.0,-10.6,-19.8836446556446,0.459090177471708,0.459090177471708,-8.780686,0.014642,0.619592,-8.841004,0.016081,0.624613,-16.28686295989837,-10.05995188232194,0.04532419076713,0.7040301785927181,0.2350227156064185,2.745156227177264,0.0275805147483616,-1.0,FEROZ-SHAH-KOTLA-DELHI,2024-04-20,2024,R,L,L,Sunrisers-Hyderabad,Delhi-Capitals,Spin,1.0
1417,1,20,Sunrisers Hyderabad,Travis Head,Kuldeep Yadav,,7,4,1,1,1,1,0,0,0,0,0,0,0,0,0,0,0,,,0,6.4,1,1,0,454789,-49.11,171.41,1,0,,34,CHINAMAN,95,SLOG SWEEP,0,0,4,6,133,1,Outside Off stump,Full Length,0,0,2,0,0,0,0,0,51.58297577462098,2.422059802456234,8.340786544464578,0.2923276319351954,1.844862890595922,-0.159083132697776,-0.13431758692929,-10.7567927888634,-20.6808072507109,0.0186547104750454,-6.32448186557464,13.86274430095436,0.3454741810491569,0.664966493229338,75.19755587948502,Attacked,Played,,0.797092437744141,0.7418746948242188,3.582571,0.335907,-0.147720051790792,0.0,-10.6,-17.0414245078007,-0.228408075255446,-0.228408075255446,-7.551651,0.321442,0.274841,-8.840749,0.303902,0.514984,-17.00436937083257,-10.06014201960352,0.2871260581899386,0.6861924202267509,-0.2213753751590491,-0.8195781181023517,-0.0270274525854469,-1.0,FEROZ-SHAH-KOTLA-DELHI,2024-04-20,2024,L,R,L,Sunrisers-Hyderabad,Delhi-Capitals,Spin,1.0
1417,1,20,Sunrisers Hyderabad,Aiden Markram,Kuldeep Yadav,,7,5,0,0,0,0,0,0,1,0,0,0,0,0,0,0,0,,,0,6.5,1,1,0,454790,-73.51,57.68,0,0,,31,WRONG ONE,27,FORWARD PUSH,0,0,5,6,133,1,Outside Leg stump,Full Length,0,0,2,0,0,0,0,0,52.14158901518944,2.537133986888851,8.34087242132049,0.2749280276749794,1.854850250887359,-0.160541959987738,0.0989286214270359,-10.8313276053616,-20.8704547984059,-0.113107952506387,-6.35467473415674,12.01596325507933,0.4317786859818176,0.5554579474280198,50.14082351602121,Defended,Played,,0.833507537841797,0.7494277954101562,3.359883,0.17479,-0.149074677131471,0.0,-10.6,-16.5834692620819,-0.802507580105385,-0.802507580105385,-7.813488,0.12064,0.25391,-8.840897,0.070184,0.409917,-16.93454093561807,-10.06007516834529,0.0096887654792401,0.5417250130147729,0.1337973687256003,-2.459984359672225,0.0164940511107352,-1.0,FEROZ-SHAH-KOTLA-DELHI,2024-04-20,2024,R,L,L,Sunrisers-Hyderabad,Delhi-Capitals,Spin,1.0
1417,1,20,Sunrisers Hyderabad,Aiden Markram,Kuldeep Yadav,,7,6,0 WK,W,0,0,0,0,1,0,0,0,0,0,0,0,1,Caught,WICKET,1,6.6,1,1,0,454791,-69.83,49.86,0,0,,31,WRONG ONE,52,BACKFOOT COVERDRIVE,0,0,6,6,133,2,Outside Off stump,Good Length,1,0,2,0,0,0,0,0,51.97744421661191,0.2346293816714845,8.340713617104399,0.2054644469091698,1.843810433970801,-0.162390542530404,-0.147126609096978,-10.7608205309221,-21.1107705289525,-0.866392466889134,-6.22119797670205,12.56262685529481,0.4402319454769354,0.5982623169734262,55.7161529983204,,,,0.863388061523438,0.8455123901367188,5.399509,-0.277738,-0.150791218063946,0.0,-10.6,-16.7020274571103,-1.28346254450606,-1.28346254450606,-8.89556,-0.609566,0.653883,-8.840948,-0.605203,0.650486,-16.4198804645843,-10.06015210910012,-0.7031286197143869,0.6972582323731713,-0.4262634078835168,-2.044124513014918,-0.0464646589194474,-1.0,FEROZ-SHAH-KOTLA-DELHI,2024-04-20,2024,R,L,L,Sunrisers-Hyderabad,Delhi-Capitals,Spin,1.0
1417,1,20,Sunrisers Hyderabad,Travis Head,Axar Patel,,8,1,1,1,1,1,0,0,0,0,0,0,0,0,0,0,0,,,0,7.1,1,1,0,454792,136.9,63.21,1,0,,23,ARM BALL,52,BACKFOOT COVERDRIVE,0,0,1,7,134,2,Outside Off stump,Good Length,2,0,2,0,0,0,0,0,57.18836833910341,-3.500978467030812,8.340620438797878,-1.153889265576404,2.200704255652716,-0.1793113679377,1.24084777888588,-9.24163571022592,-23.310477831901,2.46466230045765,-6.50029641034587,10.93996485514185,0.3002567736532321,0.6027495088287516,70.38674895898953,Attacked,Played,,0.758457183837891,0.7496452331542969,5.348629,-0.015467,-0.166503413085007,0.0,-10.6,-20.2699934959568,1.30926829179554,1.30926829179554,-9.013525,0.267444,0.647045,-8.840644,0.255877,0.632252,-15.5815152607017,-10.0601233914631,0.3378361597802649,0.7192294874038703,2.015762521307103,-2.339886463886204,0.22161744129575,-1.0,FEROZ-SHAH-KOTLA-DELHI,2024-04-20,2024,L,R,L,Sunrisers-Hyderabad,Delhi-Capitals,Spin,1.0
1417,1,20,Sunrisers Hyderabad,Heinrich Klaasen,Axar Patel,,8,2,1,1,1,1,0,0,0,0,0,0,0,0,0,0,0,,,0,7.2,1,1,0,454793,-85.95,-2.17,1,0,,23,ARM BALL,36,CUT SHOT,0,0,2,7,135,2,Outside Off stump,Good Length,0,0,2,0,0,0,0,0,58.27854766777959,-3.401384350801924,8.340959512246279,-1.153100419754911,2.237671611556704,-0.181480058819608,1.48038081349119,-9.20542154768111,-23.592407646549,1.80335599824512,-6.54073925650654,10.1772220054926,0.2111428122538153,0.588402745890834,77.14613065824356,Attacked,Played,,0.734573364257812,0.7499542236328125,4.952207,-0.392675,-0.16851719747535,0.0,-10.6,-21.4384562228847,1.11818934950483,1.11818934950483,-9.479536,-0.160643,0.614404,-8.840823,-0.195053,0.558639,-15.49545708391812,-10.0600175338055,-0.1292145559394274,0.6565650919049628,2.170553440000384,-1.385339877022656,0.243516574299157,-1.0,FEROZ-SHAH-KOTLA-DELHI,2024-04-20,2024,R,L,L,Sunrisers-Hyderabad,Delhi-Capitals,Spin,1.0
1417,1,20,Sunrisers Hyderabad,Travis Head,Axar Patel,,8,3,1,1,1,1,0,0,0,0,0,0,0,0,0,0,0,,,0,7.3,1,1,0,454794,-105.74,123.06,1,0,,23,ARM BALL,47,FRONTFOOT ON DRIVE,0,0,3,7,136,2,Leg stump,Full Length,0,0,2,0,0,0,0,0,61.760924,-3.304031946717383,8.340558602473234,-1.19281153121034,2.184819727946919,-0.190291677630696,0.394159006718757,-8.02758973664888,-24.7379180919905,1.77049532625599,-6.08386185835992,9.36520654443591,0.1599699468598503,0.6281669728497129,88.2280512414719,Attacked,Played,,0.737434387207031,0.6155891418457031,3.783276,-0.263195,-0.176699414942789,0.0,-10.6,-23.1722243213551,1.43484475441911,1.43484475441911,-7.559383,-0.183381,0.232826,-8.841026,-0.102838,0.397551,-13.81670102997089,-10.05981126280065,-0.0254976381581425,0.5242932474501928,0.8704316010603691,-0.5504029138597089,0.0710037654469222,-1.0,FEROZ-SHAH-KOTLA-DELHI,2024-04-20,2024,L,R,L,Sunrisers-Hyderabad,Delhi-Capitals,Spin,1.0
1417,1,20,Sunrisers Hyderabad,Heinrich Klaasen,Axar Patel,,8,4,1,1,1,1,0,0,0,0,0,0,0,0,0,0,0,,,0,7.4,1,1,0,454795,70.6,-22.43,1,0,,23,ARM BALL,97,BACKFOOT PUSH,0,0,4,7,137,2,Outside Off stump,Good Length,0,0,2,0,0,0,0,0,57.46852598900626,-3.711334277327914,8.340739125312446,-1.198827556398223,2.198631343091729,-0.178709888986717,0.963079471549561,-8.56043194589167,-23.2322855682732,1.9898021665817,-6.29818678360168,9.441610536225909,0.2183477144117302,0.5575966028734664,71.80471898984693,Attacked,Edged,,0.720302581787109,0.742218017578125,5.184086,-0.262115,-0.165944896916237,0.0,-10.6,-21.1181584391339,1.55516034346925,1.55516034346925,-9.038871,0.049575,0.533686,-8.840941,0.034519,0.519757,-15.16810464592736,-10.05993815374246,0.1276345875844663,0.5899695339768982,1.612608011909874,-0.6836196876292486,0.178158267230603,-1.0,FEROZ-SHAH-KOTLA-DELHI,2024-04-20,2024,R,L,L,Sunrisers-Hyderabad,Delhi-Capitals,Spin,1.0
1417,1,20,Sunrisers Hyderabad,Travis Head,Axar Patel,,8,5,1,1,1,1,0,0,0,0,0,0,0,0,0,0,0,,,0,7.5,1,1,0,454796,120.79,130.43,1,0,,23,ARM BALL,6,BACKFOOT OFF DRIVE,0,0,5,7,138,2,Outside Off stump,Good Length,0,0,2,0,0,0,0,0,59.29898526185672,-5.817497922733894,8.340750369440983,-1.142767633020254,2.145829097384038,-0.185798991225399,0.796282688573882,-8.86962150598116,-24.1538688593019,2.83356282391956,-6.65969026576195,9.895778926020686,0.2224054280846788,0.5739052485038646,73.84524446711181,Attacked,Played,,0.740512847900391,0.729400634765625,7.084249,0.049821,-0.172527634709299,0.0,-10.6,-21.9087810222166,1.86851717733847,1.86851717733847,-8.967831,0.573313,0.703848,-8.840911,0.561959,0.698473,-15.41456486529128,-10.06011637771293,0.671527541781552,0.734003132455218,1.304199828318191,-1.816212987435335,0.125422581782374,-1.0,FEROZ-SHAH-KOTLA-DELHI,2024-04-20,2024,L,R,L,Sunrisers-Hyderabad,Delhi-Capitals,Spin,1.0
1417,1,20,Sunrisers Hyderabad,Heinrich Klaasen,Axar Patel,,8,6,0,0,0,0,0,0,1,0,0,0,0,0,0,0,0,,,0,7.6,1,1,0,454797,120.79,130.43,0,0,,23,ARM BALL,36,CUT SHOT,0,0,6,7,138,2,Outside Off stump,Good Length,0,0,2,0,0,0,0,0,56.21015148491418,-2.830101660009627,8.340888367804197,-1.044348425570529,2.254452113666451,-0.174854547493969,1.46216804049933,-9.46153594555916,-22.731091174216,1.26758985474161,-6.58952401590167,9.766095774145596,0.1644320510534584,0.550470601576285,76.12738513109691,Attacked,Missed,,0.71484375,0.8019561767578125,4.893276,-0.561387,-0.162364936958686,0.0,-10.6,-21.0743977906942,0.712160606146491,0.712160606146491,-999.9,-999.9,-999.9,-8.840676,-0.435443,0.516846,-16.16636382451969,-10.06016225099358,-0.3928267862953072,0.6027542451551662,2.185019511512001,-1.256327551451737,0.245460589445393,-1.0,FEROZ-SHAH-KOTLA-DELHI,2024-04-20,2024,R,L,L,Sunrisers-Hyderabad,Delhi-Capitals,Spin,1.0
1417,1,20,Sunrisers Hyderabad,Travis Head,Kuldeep Yadav,,9,1,1,1,1,1,0,0,0,0,0,0,0,0,0,0,0,,,0,8.1,1,1,0,454798,43.44,118.0,1,0,,34,CHINAMAN,97,BACKFOOT PUSH,0,0,1,8,139,2,Leg stump,Good Length,1,0,2,0,0,0,0,0,54.69185275045604,-1.385460282848843,8.340592364892803,0.2872824763084595,1.852378472269485,-0.170853287861151,-0.676775850935577,-9.48548062729701,-22.2109274219496,-0.86552718274695,-5.89321663099889,10.13966890304739,0.281428292000924,0.5942958115189945,71.00154252775677,Attacked,Played,,0.766742706298828,0.7716064453125,5.372919,-0.090798,-0.158649481585354,0.0,-10.6,-19.583336038865,-0.104912768819977,-0.104912768819977,-8.781556,-0.113105,0.545169,-8.840911,-0.113434,0.549031,-14.85987149227893,-10.06000225987849,-0.1202273048006807,0.6054981982445651,-1.089384939861185,1.924658431399029,-0.112485918492249,-1.0,FEROZ-SHAH-KOTLA-DELHI,2024-04-20,2024,L,R,L,Sunrisers-Hyderabad,Delhi-Capitals,Spin,1.0
1417,1,20,Sunrisers Hyderabad,Heinrich Klaasen,Kuldeep Yadav,,9,2,6,6,6,0,0,0,0,0,0,0,0,0,0,1,0,,,0,8.2,1,1,0,454799,12.13,209.17,6,0,,34,CHINAMAN,13,LOFTED STRAIGHT,0,0,2,8,145,2,Off stump,Full Length,0,0,2,0,0,0,0,0,52.60194487337115,1.498726086574476,8.340940403825389,0.2763141150284752,1.904196278182082,-0.162253913845165,-1.0675099741713,-10.2185416687373,-21.0930087998714,-0.864187543686208,-6.20639980502603,9.852482614510652,0.2506892223411628,0.5241709663029009,63.55672271131887,Attacked,Played,,0.813056945800781,0.7610092163085938,3.52942,-0.062721,-0.15066434857051,0.0,-10.6,-18.7317882106164,0.529871541804014,0.529871541804014,-8.268944,-0.0132,0.29567,-8.840844,0.003245,0.360786,-16.39597452203225,-10.05999416417671,0.0385610474516483,0.4661157393179699,-1.976669027657735,3.966425209136973,-0.24301501938949,89.0,FEROZ-SHAH-KOTLA-DELHI,2024-04-20,2024,R,L,L,Sunrisers-Hyderabad,Delhi-Capitals,Spin,1.0
1417,1,20,Sunrisers Hyderabad,Heinrich Klaasen,Kuldeep Yadav,,9,3,0,0,0,0,0,0,1,0,0,0,0,0,0,0,0,,,0,8.3,1,1,0,454800,12.13,209.17,0,0,,26,FLIPPER,36,CUT SHOT,0,0,3,8,145,2,Off stump,Good Length,0,0,2,0,0,0,0,0,55.45519203307436,-0.4000393311686511,8.340560219731366,0.2398082617613992,1.878286250204264,-0.172564621034671,-0.903526384600445,-10.3757160187591,-22.4334007345072,-0.897241605852132,-6.17068206343454,9.641558886715432,0.1639916106270621,0.5742146607400328,79.73303804829871,Attacked,Missed,,0.726779937744141,0.8106765747070312,4.764265,-0.127887,-0.160238576675051,0.0,-10.6,-20.8572090339975,-0.215818025340381,-0.215818025340381,-999.9,-999.9,-999.9,-8.840729,-0.165077,0.49801,-15.37980544032299,-10.06009180114524,-0.1781106098407634,0.5823522747331072,-1.423681340205658,1.697527689030622,-0.161323979259996,-1.0,FEROZ-SHAH-KOTLA-DELHI,2024-04-20,2024,R,L,L,Sunrisers-Hyderabad,Delhi-Capitals,Spin,1.0
1417,1,20,Sunrisers Hyderabad,Heinrich Klaasen,Kuldeep Yadav,,9,4,6,6,6,0,0,0,0,0,0,0,0,0,0,1,0,,,0,8.4,1,1,0,454801,152.1,126.75,6,0,,34,CHINAMAN,95,SLOG SWEEP,0,0,4,8,151,2,Off stump,Full Length,0,1,3,0,0,0,0,0,53.00379960271974,0.9557061957632356,8.340644575825443,0.243423326457521,1.831258680555,-0.164733344841519,-0.252537603779304,-10.8117154089412,-21.4153348293975,-0.380532535432845,-6.22941475585569,11.39155237400922,0.2356897349570396,0.6157768825384441,78.79755888506266,Attacked,Played,,0.813297271728516,0.7185859680175781,4.593865,0.057667,-0.152966677352839,0.0,-10.6,-19.0385777805763,-0.546406546224843,-0.546406546224843,-7.465358,-0.000176,0.390554,-8.840753,-0.040522,0.562038,-16.218958286682,-10.0601912989305,-0.0766771967641199,0.6666142127655319,-0.4718986213617796,-0.6259448868683143,-0.0541294654069124,83.0,FEROZ-SHAH-KOTLA-DELHI,2024-04-20,2024,R,L,L,Sunrisers-Hyderabad,Delhi-Capitals,Spin,1.0
1417,1,20,Sunrisers Hyderabad,Heinrich Klaasen,Kuldeep Yadav,,9,5,1 (WD),1,0,0,0,0,0,1,1,0,0,0,0,0,0,,,0,8.5,1,1,1,454802,152.1,126.75,1,0,,31,WRONG ONE,105,LEFT ALONE,0,0,5,8,152,2,Wide outside Off stump,Good Length,0,0,3,0,0,0,0,0,54.06888439345992,0.5328036238743551,8.340771388648264,0.167045954670161,1.88692741611205,-0.166678121912611,-0.645231186760294,-9.39556159491541,-21.6681558486395,-1.80945838250017,-5.89611293942553,10.17142368399308,0.2794986309576094,0.5819106867649978,69.33673991898874,,,,0.789974212646484,0.8365058898925781,3.490216,-0.87481,-0.154772541775996,0.0,-10.6,-19.1234785151987,-0.710106393774998,-0.710106393774998,-999.9,-999.9,-999.9,-8.841013,-0.959932,0.374706,-15.22217288791211,-10.06001008547752,-1.006277182408465,0.4931282252558365,-1.481967352713352,2.646994536305573,-0.175130915082076,-1.0,FEROZ-SHAH-KOTLA-DELHI,2024-04-20,2024,R,L,L,Sunrisers-Hyderabad,Delhi-Capitals,Spin,1.0
1417,1,20,Sunrisers Hyderabad,Heinrich Klaasen,Kuldeep Yadav,,9,5,1,1,1,1,0,0,0,0,0,0,0,0,0,0,0,,,0,8.5,1,1,0,454803,-32.54,166.35,1,0,,15,FASTER ONE,97,BACKFOOT PUSH,0,0,6,8,153,2,Off stump,Good Length,0,0,3,0,0,0,0,0,71.12565448622188,-3.64394554934546,8.340686502006836,0.2479048845552219,1.830417081028871,-0.221002955822815,0.154997710769933,-8.7515094885158,-28.730384256966,-0.61128704475348,-5.94473549428338,7.457105671498949,0.2749064852530891,0.5759453516722469,68.90115422552813,Attacked,Played,,0.605094909667969,0.5923004150390625,4.857125,-0.041798,-0.2052170304069,0.0,-10.6,-26.1579795278509,-0.423260296017619,-0.423260296017619,-8.91125,-0.102693,0.427429,-8.840894,-0.101521,0.422129,-11.69035991070701,-10.05974894873413,-0.1219231159483202,0.5027569458694492,0.0105081305529494,0.2918619740047577,0.000943900571070799,-1.0,FEROZ-SHAH-KOTLA-DELHI,2024-04-20,2024,R,L,L,Sunrisers-Hyderabad,Delhi-Capitals,Spin,1.0
1417,1,20,Sunrisers Hyderabad,Travis Head,Kuldeep Yadav,,9,6,1 (WD),1,0,0,0,0,0,1,1,0,0,0,0,0,0,,,0,8.6,1,1,1,454804,-32.54,166.35,1,0,,34,CHINAMAN,36,CUT SHOT,0,0,7,8,154,2,Wide outside Off stump,Good Length,0,0,3,0,0,0,0,0,56.72883264481943,-2.018819133148162,8.340742668682395,-0.0594173665445396,1.984249563211425,-0.181410563670239,0.0,-9.0,-22.8368690803082,1.36721276481669,-5.98810910879788,9.752339991422708,0.4204484572196656,0.5441010228797659,49.57030770999833,Attacked,Missed,,0.776149749755859,0.76043701171875,4.782456,0.714734,-0.13524648927142,0.0,-10.6,-18.9565976884582,1.12902600937544,1.12902600937544,-999.9,-999.9,-999.9,-8.840808,0.929701,0.464593,-14.69288412514971,-10.05991441929876,1.004537300866538,0.5234922591135035,0.3337743069474157,-0.0177093023918708,0.000943900571070799,-1.0,FEROZ-SHAH-KOTLA-DELHI,2024-04-20,2024,L,R,L,Sunrisers-Hyderabad,Delhi-Capitals,Spin,1.0
1417,1,20,Sunrisers Hyderabad,Travis Head,Kuldeep Yadav,,9,6,0 WK,W,0,0,0,0,1,0,0,0,0,0,0,0,1,Caught,WICKET,1,8.6,1,1,0,454805,-55.1,155.76,0,0,https://scores.bcci.tv/matchcentre/commentaryFiles/TATA-IPL-2024/Delhi-Capitals-VS-Sunrisers-Hyderabad-(20-Apr-2024)/File_1-9-454805.png,34,CHINAMAN,11,LOFTED ON DRIVE,0,0,8,8,154,3,Wide outside Off stump,Good Length,1,0,3,0,0,0,0,0,52.91836199903468,-1.085639705513302,8.340631144309537,0.3405654590955775,1.808949579844463,-0.166529240862088,-0.0798083876856071,-10.75033322204,-21.6488013120715,0.0267095872638203,-6.16010386456017,10.81012338536209,0.2224165176646311,0.6029153574809101,78.1956518556734,,,,0.782135009765625,0.7941513061523438,6.373902,0.366022,-0.154634295086225,0.0,-10.6,-19.4509089900723,-0.260198283643083,-0.260198283643083,-8.695853,0.297635,0.663409,-8.840677,0.295616,0.670291,-15.88354976713643,-10.06003923646442,0.2785204729945128,0.7029821925899103,-0.0967369716853413,-0.8370997963403128,-0.00968184956405845,-1.0,FEROZ-SHAH-KOTLA-DELHI,2024-04-20,2024,L,R,L,Sunrisers-Hyderabad,Delhi-Capitals,Spin,1.0
1417,1,20,Sunrisers Hyderabad,Heinrich Klaasen,Axar Patel,,10,1,0 WK,W,0,0,0,0,1,0,0,0,0,0,0,0,1,Bowled,WICKET,1,9.1,1,1,0,454806,-55.1,155.76,0,0,,23,ARM BALL,11,LOFTED ON DRIVE,0,0,1,9,154,4,Outside Off stump,Good Length,2,0,3,0,0,0,0,0,59.395311,-4.306151420777756,8.340756761885018,-1.189261265306639,2.236742475150843,-0.18477208406998,1.15893194704511,-8.56223396181981,-24.0203709290974,1.92307300905137,-6.44496808443399,7.835187560397784,0.2067133551765595,0.4717864265059515,60.09662845823679,,,,0.71484375,0.764373779296875,5.285954,-0.345728,-0.171574078064982,0.0,-10.6,-22.0963426790122,1.33152315926585,1.33152315926585,-999.9,-999.9,-999.9,-8.840882,-0.096708,0.425922,-15.01942495776234,-10.0600553434188,-0.0204720142964244,0.4691381510641993,1.719147760200533,-1.12887486923522,0.190636640469784,-1.0,FEROZ-SHAH-KOTLA-DELHI,2024-04-20,2024,R,R,L,Sunrisers-Hyderabad,Delhi-Capitals,Spin,1.0
1417,1,20,Sunrisers Hyderabad,Shahbaz Ahmed,Axar Patel,,10,2,0,0,0,0,0,0,1,0,0,0,0,0,0,0,0,,,0,9.2,1,1,0,454807,-65.23,59.06,0,0,,10,ORTHODOX,97,BACKFOOT PUSH,0,0,2,9,154,4,Outside Off stump,Good Length,3,0,3,0,0,0,0,0,57.55988354626778,-4.492276682223967,8.341090702798432,0.466643804696208,2.207516516192586,-0.181615687295184,1.55767168590031,-8.90810293352382,-23.610039348374,0.0064416456394786,-6.53108662388135,9.367820367409625,0.2742993084144108,0.5268928356026403,61.60399449895498,Attacked,Played,,0.758388519287109,0.7313003540039062,5.915898,0.271327,-0.168643138202671,0.0,-10.6,-20.8591994852637,-0.803094755898626,-0.803094755898626,-8.776964,0.089532,0.552738,-8.840824,0.086977,0.555999,-15.46268348831346,-10.06017611955682,0.0379263188257036,0.5977907491123421,1.742287466278361,-2.220473602082006,0.180939199167581,-1.0,FEROZ-SHAH-KOTLA-DELHI,2024-04-20,2024,L,R,L,Sunrisers-Hyderabad,Delhi-Capitals,Spin,1.0
1417,1,20,Sunrisers Hyderabad,Shahbaz Ahmed,Axar Patel,,10,3,2,2,2,0,1,0,0,0,0,0,0,0,0,0,0,,,0,9.3,1,1,0,454808,-115.87,-70.78,2,0,,10,ORTHODOX,55,SWEEP SHOT,0,0,3,9,156,4,Leg stump,Full Length,0,0,3,0,0,0,0,0,56.49171256219314,-2.456120685134623,8.340519705700366,0.4756397965900717,2.253481226522422,-0.174729773203821,1.71260012277381,-8.89961978024295,-22.7148705164967,-0.280134613703085,-6.36258560265818,10.4930806886136,0.3529643207307567,0.5583774484074402,58.46018518804037,Attacked,Played,,0.770530700683594,0.6710014343261719,4.195776,0.007773,-0.162249075117833,0.0,-10.6,-19.1817126770985,-1.16151450864254,-1.16151450864254,-7.341792,-0.082262,0.288258,-8.84083,-0.174778,0.472165,-15.64791105588475,-10.05986009542519,-0.2509039830618691,0.5730574259443525,2.239061150241481,-2.75863976636187,0.272250660762103,-1.0,FEROZ-SHAH-KOTLA-DELHI,2024-04-20,2024,L,R,L,Sunrisers-Hyderabad,Delhi-Capitals,Spin,1.0
1417,1,20,Sunrisers Hyderabad,Shahbaz Ahmed,Axar Patel,,10,4,1,1,1,1,0,0,0,0,0,0,0,0,0,0,0,,,0,9.4,1,1,0,454809,-25.17,172.33,1,0,,10,ORTHODOX,101,BACKFOOT ON DRIVE,0,0,4,9,157,4,Outside Off stump,Good Length,0,0,3,0,0,0,0,0,58.2004196749468,-4.616152964055616,8.341016579294745,0.6028195471834926,2.202549011446894,-0.182048884771998,1.60491632281448,-8.79169695262921,-23.6663550203598,0.055691218366702,-6.50519761702115,9.530071675046123,0.2536624669220259,0.5448126769851329,66.35565485556735,Attacked,Played,,0.749748229980469,0.736175537109375,5.966251,0.428714,-0.16904539300257,0.0,-10.6,-21.1107195717842,-0.526634287914321,-0.526634287914321,-8.945126,0.305277,0.584687,-8.840587,0.307989,0.57909,-15.36938615542857,-10.06008479782427,0.2762031353957287,0.6270301419909723,1.790776066459676,-1.563848261522945,0.184331556991821,-1.0,FEROZ-SHAH-KOTLA-DELHI,2024-04-20,2024,L,R,L,Sunrisers-Hyderabad,Delhi-Capitals,Spin,1.0
1417,1,20,Sunrisers Hyderabad,Nitish Kumar Reddy,Axar Patel,,10,5,0,0,0,0,0,0,1,0,0,0,0,0,0,0,0,,,0,9.5,1,1,0,454810,19.95,57.68,0,0,,23,ARM BALL,50,BACKFOOT DEFENCE,0,0,5,9,157,4,Outside Off stump,Good Length,0,0,3,0,0,0,0,0,58.76782251895704,-4.698484042377841,8.34078976810082,-1.122093623625413,2.231200016772704,-0.183431832931998,0.99543470900959,-8.92651905881304,-23.8461382811597,2.08702126385468,-6.60733060284468,10.33772777804277,0.3095213786397187,0.5716731857224706,64.79883999439872,Defended,Played,,0.752082824707031,0.7163658142089844,5.92522,-0.203704,-0.170329559151141,0.0,-10.6,-20.7072578725267,0.808813746014892,0.808813746014892,-8.542254,-0.028352,0.614077,-8.8406,-0.016245,0.635031,-15.48708355308185,-10.05977592533638,0.0335526508292748,0.6962402421217979,1.520847129918572,-2.764995481605161,0.159422622351362,-1.0,FEROZ-SHAH-KOTLA-DELHI,2024-04-20,2024,R,L,L,Sunrisers-Hyderabad,Delhi-Capitals,Spin,1.0
1417,1,20,Sunrisers Hyderabad,Nitish Kumar Reddy,Axar Patel,,10,6,1,1,1,1,0,0,0,0,0,0,0,0,0,0,0,,,0,9.6,1,1,0,454811,124.01,13.94,1,0,,23,ARM BALL,97,BACKFOOT PUSH,0,0,6,9,158,4,Off stump,Good Length,0,0,3,0,0,0,0,0,61.50453819125013,-5.010907571108954,8.34069626074685,-1.205820896676708,2.215906975733065,-0.191478262765906,0.611215492967942,-8.60922010443856,-24.8921741595678,2.36412734954377,-6.56515946133183,8.646022980191557,0.1729377811716436,0.5368597144603696,73.23517905189108,Attacked,Played,,0.694908142089844,0.6668815612792969,5.765518,-0.132307,-0.177801243996913,0.0,-10.6,-23.1791888085729,1.92870788658741,1.92870788658741,-8.455947,0.21961,0.512397,-8.840555,0.252718,0.538138,-14.77496014034521,-10.06014743248195,0.3583784601678075,0.5993936558936602,1.095175939427867,-0.668832890713368,0.0517487588787522,-1.0,FEROZ-SHAH-KOTLA-DELHI,2024-04-20,2024,R,L,L,Sunrisers-Hyderabad,Delhi-Capitals,Spin,1.0
1417,1,20,Sunrisers Hyderabad,Nitish Kumar Reddy,Anrich Nortje,,11,1,0,0,0,0,0,0,1,0,0,0,0,0,0,0,0,,,0,10.1,1,1,0,454812,63.69,52.16,0,0,,39,ANGLED IN,27,FORWARD PUSH,0,0,1,10,158,4,Leg stump,Good Length,1,0,3,0,0,0,0,0,89.3305288165105,-7.186442083075124,8.340553304966242,-0.7670821957576603,1.969145617834855,-0.278949904595586,-0.150566412571827,-6.1484335520575,-36.2634875974262,1.7478484070368,-6.98063095233158,7.011725035299598,0.1245438129587782,0.6142328701859001,89.6805492320072,Attacked,Played,,0.479587554931641,0.4540672302246094,6.190093,-0.19678,-0.259024911410187,0.0,-10.6,-34.861802508074,1.67836179391475,1.67836179391475,-8.401975,0.025167,0.515321,-8.841119,0.047082,0.552102,-10.89601439854925,-10.06026011549505,0.1083153655439314,0.645289430029071,0.1667629380877809,-0.0031603545253634,0.0134766288649015,-1.0,FEROZ-SHAH-KOTLA-DELHI,2024-04-20,2024,R,L,R,Sunrisers-Hyderabad,Delhi-Capitals,Seam,1.0
1417,1,20,Sunrisers Hyderabad,Nitish Kumar Reddy,Anrich Nortje,,11,2,0,0,0,0,0,0,1,0,0,0,0,0,0,0,0,,,0,10.2,1,1,0,454813,63.69,52.16,0,0,,46,LEGCUTTER,18,SLOG SHOT,0,0,2,10,158,4,Outside Off stump,Good Length,0,0,3,0,0,0,0,0,79.92839313635008,-8.110768669622816,8.341140027445476,-0.7825742716182874,1.972211005608512,-0.251885543173127,0.0022133227916568,-7.77414842081718,-32.7451206125065,1.29469732552953,-7.44060362984277,7.087642189843999,0.2487156393845229,0.5011166425506677,60.29593244414787,Attacked,Missed,,0.551010131835938,0.58026123046875,7.901924,-0.383467,-0.233893718660761,0.0,-10.6,-29.9878035444687,0.544567634473453,0.544567634473453,-999.9,-999.9,-999.9,-8.841082,-0.258829,0.623264,-12.80182151161269,-10.06031019505115,-0.2353524261245221,0.6695664219321106,0.1701468519869762,-1.22386121505748,0.00893587870715695,-1.0,FEROZ-SHAH-KOTLA-DELHI,2024-04-20,2024,R,L,R,Sunrisers-Hyderabad,Delhi-Capitals,Seam,1.0
1417,1,20,Sunrisers Hyderabad,Nitish Kumar Reddy,Anrich Nortje,,11,3,1 (WD),1,0,0,0,0,0,1,1,0,0,0,0,0,0,,,0,10.3,1,1,1,454814,63.69,52.16,1,0,,36,BOUNCER,58,BACKFOOT PULL SHOT,1,0,3,10,159,4,Off stump,Short Length,0,0,3,0,0,0,0,0,81.99999999999989,-15.80792369694946,8.340748786099432,-0.6430338799069396,1.776727682118291,-0.304908339441645,-4.70855009865444,-1.08900544145039,-39.6380841274139,2.35873389027343,-11.9003736365515,9.65800353101609,0.3227971211918958,0.4851927856659093,50.49920573069682,Attacked,Missed,,0.565704345703125,0.5338211059570312,12.410531,-0.243154,-0.283129172338671,0.0,-10.6,-33.9288698392008,2.24365603312589,2.24365603312589,-999.9,-999.9,-999.9,-8.840605,0.533766,1.394277,-16.71111016442119,-10.06016077852435,0.6232233308208999,1.4697195653646,-0.8074894820097706,0.3778897315059878,-0.0413265587193424,-1.0,FEROZ-SHAH-KOTLA-DELHI,2024-04-20,2024,R,L,R,Sunrisers-Hyderabad,Delhi-Capitals,Seam,1.0
1417,1,20,Sunrisers Hyderabad,Nitish Kumar Reddy,Anrich Nortje,,11,3,1,1,1,1,0,0,0,0,0,0,0,0,0,0,0,,,0,10.3,1,1,0,454815,60.01,50.78,1,0,,39,ANGLED IN,97,BACKFOOT PUSH,0,0,4,10,160,4,Outside Off stump,Good Length,0,0,3,0,0,0,0,0,81.15115208998047,-8.578641274899656,8.340897676279965,-0.8144198095385652,1.923320772638277,-0.255837879109548,-0.0092118956369832,-7.17845691500518,-33.2589242842413,1.66173383151943,-7.49852242543061,7.782500330866172,0.1348424555663162,0.5774344640037707,83.13092404393399,Attacked,Played,,0.536109924316406,0.5249176025390625,8.334135,-0.329581,-0.237563744887438,0.0,-10.6,-31.6810401344281,1.2435617994544,1.2435617994544,-8.918549,-0.039351,0.764171,-8.841006,-0.042567,0.759336,-12.70541030076218,-10.05968316135732,0.0082108045179926,0.8274040074777951,0.2009844490466803,-0.6124700419796029,0.017248918489691,-1.0,FEROZ-SHAH-KOTLA-DELHI,2024-04-20,2024,R,L,R,Sunrisers-Hyderabad,Delhi-Capitals,Seam,1.0
1417,1,20,Sunrisers Hyderabad,Shahbaz Ahmed,Anrich Nortje,,11,4,1,1,1,1,0,0,0,0,0,0,0,0,0,0,0,,,0,10.4,1,1,0,454816,-94.23,53.54,1,0,,30,ANGLED ACROSS,58,BACKFOOT PULL SHOT,0,0,5,10,161,4,Outside Leg stump,Short of Good Length,0,0,3,0,0,0,0,0,91.55660896535755,-10.44738049498758,8.340734823016987,-0.73020301922992,1.870658978436323,-0.290537738069865,1.92197262399039,-6.56561207850143,-37.7699059490824,2.21950580462969,-8.90465452177818,8.37697364083547,0.1426381590718297,0.591491187830965,84.45986226746177,Attacked,Played,,0.463760375976562,0.44989013671875,9.653015,-0.280991,-0.269785042493446,0.0,-10.6,-35.767682142241,1.81377725202435,1.81377725202435,-8.240373,0.128459,0.958559,-8.840519,0.160881,1.008242,-13.26584097647438,-10.06025046803949,0.227262061834221,1.099397047214648,0.8223870741729116,-0.4600748591806369,0.0610028069231524,-1.0,FEROZ-SHAH-KOTLA-DELHI,2024-04-20,2024,L,R,R,Sunrisers-Hyderabad,Delhi-Capitals,Seam,1.0
1417,1,20,Sunrisers Hyderabad,Nitish Kumar Reddy,Anrich Nortje,,11,5,1,1,1,1,0,0,0,0,0,0,0,0,0,0,0,,,0,10.5,1,1,0,454817,43.44,168.65,1,0,,39,ANGLED IN,47,FRONTFOOT ON DRIVE,0,0,6,10,162,4,Outside Off stump,Full Length,0,0,3,0,0,0,0,0,89.70218544338353,-5.366717823525109,8.340757739763301,-0.7390716155897734,1.92335281885864,-0.27663681955412,1.19551546815697,-6.35748453157837,-35.9627865420356,1.34676616066552,-6.16701845828637,5.696579284007413,0.0887576194874014,0.5678553948040256,86.30254727186369,Attacked,Played,,0.472171783447266,0.4537467956542969,4.000041,-0.313824,-0.256877046728826,0.0,-10.6,-35.1064697278225,1.2800446479037,1.2800446479037,-8.632581,-0.219128,0.269834,-8.84095,-0.211378,0.286093,-9.730626490840711,-10.0602048261796,-0.1657906969486722,0.3738769909027506,0.8643957205396291,-0.0564792140291602,0.0971168153739005,-1.0,FEROZ-SHAH-KOTLA-DELHI,2024-04-20,2024,R,L,R,Sunrisers-Hyderabad,Delhi-Capitals,Seam,1.0
1417,1,20,Sunrisers Hyderabad,Shahbaz Ahmed,Anrich Nortje,,11,6,0,0,0,0,0,0,1,0,0,0,0,0,0,0,0,,,0,10.6,1,1,0,454818,82.11,-21.05,0,0,,30,ANGLED ACROSS,36,CUT SHOT,0,0,7,10,162,4,Off stump,Short of Good Length,0,0,3,0,0,0,0,0,90.80093494803523,-9.508421934805543,8.340796391374123,-0.6825168028237705,1.921304302962168,-0.286101905382317,0.445638520208877,-5.19425909970103,-37.1932476997012,2.46503535980803,-8.02278505873414,7.031022728113134,0.1332247072721315,0.5463732276683843,78.63351342304449,Attacked,Played,,0.480812072753906,0.4703636169433594,8.5781,-0.069369,-0.265666054997866,0.0,-10.6,-35.5411122144689,2.39965944909246,2.39965944909246,-8.934834,0.448397,0.746128,-8.8407,0.441669,0.740208,-12.17250631305939,-10.06012895232839,0.5292175774561638,0.8107191521399835,0.4275973637651826,0.0708116538922434,0.0357030483253504,-1.0,FEROZ-SHAH-KOTLA-DELHI,2024-04-20,2024,L,R,R,Sunrisers-Hyderabad,Delhi-Capitals,Seam,1.0
1417,1,20,Sunrisers Hyderabad,Nitish Kumar Reddy,Khaleel Ahmed,,12,1,4,4,4,0,0,0,0,0,0,0,0,0,1,0,0,,,0,11.1,1,1,0,454819,-144.88,132.73,4,0,,39,ANGLED IN,51,FRONTFOOT COVERDRIVE,0,0,1,11,166,4,Outside Off stump,Full Length,1,0,3,0,0,0,0,0,84.16164349660139,-5.314641962586269,8.340711268465856,-0.9255110251310436,1.996463889838509,-0.259010900799296,-0.60093163345315,-6.35640070042934,-33.6714171039084,1.09997931194601,-6.08405263529377,5.160614715404789,0.165832938647946,0.4776409101425161,65.06284265658282,Attacked,Played,,0.505805969238281,0.4780311584472656,3.863036,-0.424992,-0.240510122170774,0.0,-10.6,-32.1765172796897,1.19051038759414,1.19051038759414,-8.39122,-0.343133,0.213551,-8.841016,-0.326184,0.243471,-10.24220363011218,-10.06003010411831,-0.2799568695517534,0.3141585941796587,-0.1879269029067399,0.2478647424857952,-0.0207336719287182,-1.0,FEROZ-SHAH-KOTLA-DELHI,2024-04-20,2024,R,L,L,Sunrisers-Hyderabad,Delhi-Capitals,Seam,1.0
1417,1,20,Sunrisers Hyderabad,Nitish Kumar Reddy,Khaleel Ahmed,,12,2,1,1,1,1,0,0,0,0,0,0,0,0,0,0,0,,,0,11.2,1,1,0,454820,-49.11,-106.23,1,0,,39,ANGLED IN,44,GLIDE,0,0,2,11,167,4,Outside Off stump,Good Length,0,0,3,0,0,0,0,0,84.1142737194624,-9.528722190096326,8.340551151615578,-0.9370885910469222,1.936342985384742,-0.265589813863275,0.0373547318056194,-6.7907159459785,-34.5266758022258,1.49885100895363,-8.0256347966634,7.917510369682394,0.1837447807850029,0.5587893452334445,75.44392370651639,Attacked,Played,,0.524368286132812,0.4938125610351563,8.886561,-0.539808,-0.246619112873041,0.0,-10.6,-32.2466612273973,0.944709731986801,0.944709731986801,-8.318968,-0.324533,0.788874,-8.840467,-0.308337,0.822789,-13.08587162878215,-10.05999474623523,-0.270194910221832,0.8903547557317211,0.1846559939825098,-0.8076510609778231,0.0149706642831808,-1.0,FEROZ-SHAH-KOTLA-DELHI,2024-04-20,2024,R,L,L,Sunrisers-Hyderabad,Delhi-Capitals,Seam,1.0
1417,1,20,Sunrisers Hyderabad,Shahbaz Ahmed,Khaleel Ahmed,,12,3,6,6,6,0,0,0,0,0,0,0,0,0,0,1,0,,,0,11.3,1,1,0,454821,170.51,-19.67,6,0,,36,BOUNCER,36,CUT SHOT,1,0,3,11,173,4,Outside Off stump,Short Length,0,0,3,0,0,0,0,0,84.21293331135074,-13.32979701062748,8.340765895366363,0.6221684078290576,1.880964467003452,-0.275681439903641,0.630244561497574,-8.75508125732112,-35.8385871874733,0.318334595839735,-10.5927862356757,10.11556926969983,0.2480636718988906,0.5356665998038664,65.54362278069091,Attacked,Played,,0.541419982910156,0.5225830078125,11.473481,0.670941,-0.255989908481952,0.0,-10.6,-31.804726608356,-0.0403283879815451,-0.0403283879815451,-8.775601,0.657461,1.345906,-8.841071,0.65737,1.350659,-16.46606186273419,-10.05971673232636,0.6556768191299424,1.429793271796025,0.2058824339355369,-0.581564731908305,0.011633069081243,62.0,FEROZ-SHAH-KOTLA-DELHI,2024-04-20,2024,L,R,L,Sunrisers-Hyderabad,Delhi-Capitals,Seam,1.0
1417,1,20,Sunrisers Hyderabad,Shahbaz Ahmed,Khaleel Ahmed,,12,4,1,1,1,1,0,0,0,0,0,0,0,0,0,0,0,,,0,11.4,1,1,0,454822,58.63,-38.55,1,0,,39,ANGLED IN,44,GLIDE,0,0,4,11,174,4,Outside Off stump,Good Length,0,0,3,0,0,0,0,0,84.71485884663493,-9.854599069206326,8.34067152453052,0.615322479726063,1.932278742199468,-0.271637016000668,-0.453517791260708,-6.28061288895785,-35.3128120800868,-1.08186823434239,-8.183454980389,8.396456290362707,0.2146930876317471,0.5868297911852377,76.55515991461095,Attacked,Played,,0.519424438476562,0.4998779296875,9.040619,0.35327,-0.25223437200062,0.0,-10.6,-32.5350033700722,-0.646692724283337,-0.646692724283337,-8.716257,0.195526,0.899475,-8.840484,0.192899,0.908393,-13.04751263889298,-10.05985614597824,0.1669661110242631,0.9870335291271312,-0.2933571743477311,0.6160965433005012,-0.0240525138525554,-1.0,FEROZ-SHAH-KOTLA-DELHI,2024-04-20,2024,L,R,L,Sunrisers-Hyderabad,Delhi-Capitals,Seam,1.0
1417,1,20,Sunrisers Hyderabad,Nitish Kumar Reddy,Khaleel Ahmed,,12,5,0,0,0,0,0,0,1,0,0,0,0,0,0,0,0,,,0,11.5,1,1,0,454823,-69.83,58.6,0,0,,39,ANGLED IN,51,FRONTFOOT COVERDRIVE,0,0,5,11,174,4,Outside Off stump,Good Length,0,0,3,0,0,0,0,0,86.48059017707568,-8.845084577379795,8.340439671257677,-0.9485390253913514,1.944643625359185,-0.2720745093175,-0.103120547408225,-6.09764343613438,-35.369686211275,1.69903193228468,-7.6415748065376,7.384969463428571,0.1354295102689723,0.5725418089976415,82.338320322749,Attacked,Played,,0.502670288085938,0.4791641235351563,8.136998,-0.469993,-0.252640615794822,0.0,-10.6,-33.755895689962,1.35437094513646,1.35437094513646,-999.9,-999.9,-999.9,-8.840938,-0.184984,0.734222,-12.19129922393433,-10.06031932115758,-0.1331384463256035,0.8085473699918124,0.1578074020811634,-0.4525506376152411,-0.0240525138525554,-1.0,FEROZ-SHAH-KOTLA-DELHI,2024-04-20,2024,R,L,L,Sunrisers-Hyderabad,Delhi-Capitals,Seam,1.0
1417,1,20,Sunrisers Hyderabad,Nitish Kumar Reddy,Khaleel Ahmed,,12,6,1,1,1,1,0,0,0,0,0,0,0,0,0,0,0,,,0,11.6,1,1,0,454824,87.64,95.44,1,0,,8,OFF CUTTER,97,BACKFOOT PUSH,0,0,6,11,175,4,Outside Off stump,Short of Good Length,0,0,3,0,0,0,0,0,75.02146749402192,-9.238563886426393,8.340680488080363,-1.000968632929945,1.925634313793191,-0.238134575738422,0.101199620050953,-9.65520799631873,-30.9574948459948,1.93623573826071,-8.06599515626263,8.498895664098072,0.2066285448928553,0.5269028957839508,68.37257987830708,Attacked,Played,,0.593994140625,0.5599136352539062,9.497763,-0.46629,-0.221124963185677,-1.46232291640507,-10.6,-28.4411385149083,1.34980876688462,1.34980876688462,-8.330963,-0.144025,0.832198,-8.840611,-0.126369,0.854409,-14.60376399543311,-10.05983691731456,-0.0860198692632741,0.8920240022812755,0.2774444389307288,-0.8616978390642706,0.0416443589246233,-1.0,FEROZ-SHAH-KOTLA-DELHI,2024-04-20,2024,R,L,L,Sunrisers-Hyderabad,Delhi-Capitals,Seam,1.0
1417,1,20,Sunrisers Hyderabad,Nitish Kumar Reddy,Axar Patel,,13,1,1,1,1,1,0,0,0,0,0,0,0,0,0,0,0,,,0,12.1,1,1,0,454825,94.08,112.47,1,0,,23,ARM BALL,97,BACKFOOT PUSH,0,0,1,12,176,4,Outside Off stump,Good Length,1,0,3,0,0,0,0,0,58.6080037001811,-4.587591792151237,8.34076011257903,-1.230394525773562,2.20883976852629,-0.182929505378162,0.943695537289388,-8.86135809606925,-23.7808356991611,2.00900198901004,-6.54502021929617,7.969222045477443,0.3033589799758455,0.448610755003291,46.95571525290909,Attacked,Played,,0.733634948730469,0.683807373046875,5.883615,-0.339967,-0.169863112136865,0.0,-10.6,-20.973652906922,0.811390151796427,0.811390151796427,-7.92046,-0.192882,0.396768,-8.840906,-0.156018,0.431926,-15.38810070998555,-10.06006548351191,-0.1067482005400229,0.4447524730850182,1.459783396555635,-2.613425262202291,0.153454057494192,-1.0,FEROZ-SHAH-KOTLA-DELHI,2024-04-20,2024,R,L,L,Sunrisers-Hyderabad,Delhi-Capitals,Spin,1.0
1417,1,20,Sunrisers Hyderabad,Shahbaz Ahmed,Axar Patel,,13,2,1,1,1,1,0,0,0,0,0,0,0,0,0,0,0,,,0,12.2,1,1,0,454826,142.89,-15.06,1,0,,23,ARM BALL,36,CUT SHOT,0,0,2,12,177,4,Outside Off stump,Good Length,0,0,3,0,0,0,0,0,56.47091502361731,-5.340850143308188,8.34096102708995,-1.074012808916444,2.195492581469183,-0.17674785651961,1.03001847615006,-8.80700993890088,-22.9772213475493,2.92480659551038,-6.57845879582642,9.923726573110748,0.2198908332403801,0.5537197124845084,71.06887354863825,Attacked,Played,,0.775829315185547,0.7801666259765625,6.855684,0.214621,-0.164123009625352,0.0,-10.6,-20.8203753054732,1.988341448833,1.988341448833,-9.274841,0.808685,0.664344,-8.840972,0.765246,0.651424,-15.9766024245692,-10.05996550124545,0.8876893325433786,0.6748752889940356,1.708831232378428,-1.79906621356917,0.167603132062333,-1.0,FEROZ-SHAH-KOTLA-DELHI,2024-04-20,2024,L,R,L,Sunrisers-Hyderabad,Delhi-Capitals,Spin,1.0
1417,1,20,Sunrisers Hyderabad,Nitish Kumar Reddy,Axar Patel,,13,3,1,1,1,1,0,0,0,0,0,0,0,0,0,0,0,,,0,12.3,1,1,0,454827,102.83,132.27,1,0,,23,ARM BALL,47,FRONTFOOT ON DRIVE,0,0,3,12,178,4,Off stump,Full Length,0,0,3,0,0,0,0,0,58.48421550921849,-2.920579261592159,8.340934454550172,-1.195672372835319,2.201545139554172,-0.181155683745353,0.919788008609155,-9.06061605249526,-23.5502388868959,2.04760887210766,-6.40461267779321,8.06560744212882,0.2503151478819131,0.4701440859756127,55.49009810815059,Attacked,Played,,0.720062255859375,0.6577835083007812,4.518125,-0.193086,-0.168215992049257,0.0,-10.6,-21.2484529502607,1.19793057677523,1.19793057677523,-7.600608,-0.076064,0.279106,-8.840642,-0.004639,0.378057,-15.21394289037711,-10.05986115367608,0.0662926538728226,0.4390322051969742,1.604474838072616,-1.742400018493544,0.186278548597997,-1.0,FEROZ-SHAH-KOTLA-DELHI,2024-04-20,2024,R,L,L,Sunrisers-Hyderabad,Delhi-Capitals,Spin,1.0
1417,1,20,Sunrisers Hyderabad,Shahbaz Ahmed,Axar Patel,,13,4,1,1,1,1,0,0,0,0,0,0,0,0,0,0,0,,,0,12.4,1,1,0,454828,-113.11,81.63,1,0,,23,ARM BALL,97,BACKFOOT PUSH,0,0,4,12,179,4,Outside Leg stump,Good Length,0,0,3,0,0,0,0,0,63.2712191005355,-6.174481093619326,8.340685345765003,-1.054648871601668,2.143724164879083,-0.19899002493501,0.246400738238422,-8.15454742071131,-25.8687032415513,1.76408857576695,-6.61198926300668,8.720204213281164,0.252660272091376,0.5411270871835209,65.90303586839053,Attacked,Played,,0.682571411132812,0.66119384765625,6.604111,-0.308099,-0.184776451725366,0.0,-10.6,-23.3268371570189,1.13011928532274,1.13011928532274,-8.589986,-0.054167,0.570801,-8.840702,-0.041493,0.58355,-14.33771913664245,-10.06021019981553,0.0205347326027781,0.6267113600430436,0.5412723238125692,-1.127534782174565,0.0539507894351561,-1.0,FEROZ-SHAH-KOTLA-DELHI,2024-04-20,2024,L,R,L,Sunrisers-Hyderabad,Delhi-Capitals,Spin,1.0
1417,1,20,Sunrisers Hyderabad,Nitish Kumar Reddy,Axar Patel,,13,5,4,4,4,0,0,0,0,0,0,0,0,0,1,0,0,,,0,12.5,1,1,0,454829,176.04,54.92,4,0,,23,ARM BALL,58,BACKFOOT PULL SHOT,0,0,5,12,183,4,Outside Off stump,Short of Good Length,0,0,3,0,0,0,0,0,55.79793810865783,-5.800496701132491,8.340539387371606,-1.174085328978947,2.176809419874327,-0.175547193581406,1.49265862351952,-9.09678560032188,-22.8211351655827,2.476695222446,-6.72269413557441,10.94249844895163,0.2896429035602294,0.570754405202789,66.64887042439541,Attacked,Played,,0.797756195068359,0.737457275390625,7.40268,-0.188058,-0.163008108325591,0.0,-10.6,-19.8460076353797,1.41787745965619,1.41787745965619,-7.991516,0.201639,0.694433,-8.841006,0.265343,0.725233,-16.41402097522863,-10.05991126258782,0.3575736699093043,0.7319093919985222,2.066357340311201,-2.107368237673815,0.192255482253915,-1.0,FEROZ-SHAH-KOTLA-DELHI,2024-04-20,2024,R,L,L,Sunrisers-Hyderabad,Delhi-Capitals,Spin,1.0
1417,1,20,Sunrisers Hyderabad,Nitish Kumar Reddy,Axar Patel,,13,6,1,1,1,1,0,0,0,0,0,0,0,0,0,0,0,,,0,12.6,1,1,0,454830,112.96,98.66,1,0,,23,ARM BALL,27,FORWARD PUSH,0,0,6,12,184,4,Off stump,Full Length,0,0,3,0,0,0,0,0,56.28964816211764,-3.074606949643378,8.340926588075426,-1.168500113985527,2.238788773905885,-0.174760074295763,0.999214057122636,-9.04963310261969,-22.7188096584492,2.16467120703196,-6.45869323482637,9.366796466063535,0.2763770916702625,0.5131386950750784,59.3330950942355,Attacked,Played,,0.747573852539062,0.6712646484375,4.913212,-0.105172,-0.162277211846066,0.0,-10.6,-20.0917446812182,1.07900829362,1.07900829362,-7.266292,0.00964,0.326891,-8.8407,0.096226,0.468205,-15.86983418387385,-10.06002561499911,0.1640669881546916,0.5312344880439874,1.791310087602809,-2.368705933669828,0.202472632523369,-1.0,FEROZ-SHAH-KOTLA-DELHI,2024-04-20,2024,R,L,L,Sunrisers-Hyderabad,Delhi-Capitals,Spin,1.0
1417,1,20,Sunrisers Hyderabad,Nitish Kumar Reddy,Mukesh Kumar,,14,1,1,1,1,1,0,0,0,0,0,0,0,0,0,0,0,,,0,13.1,1,1,0,454831,-144.42,62.29,1,0,,39,ANGLED IN,52,BACKFOOT COVERDRIVE,0,0,1,13,185,4,Outside Off stump,Good Length,1,0,3,0,0,0,0,0,75.0433426506856,-9.648113054614194,8.340955178123426,-0.7149605904081854,1.942127374913138,-0.237884687134178,-0.539763773186178,-7.83977988040233,-30.9250093274432,0.498323906508228,-7.82702917622935,9.074316413026883,0.2242583036633728,0.5744262463419741,73.73810658495884,Attacked,Played,,0.59674072265625,0.5798721313476562,9.402031,-0.553386,-0.220892923767451,0.0,-10.6,-28.1505818855465,0.915694203792628,0.915694203792628,-999.9,-999.9,-999.9,-8.8411,-0.278271,0.922613,-14.20313211175533,-10.06000840931838,-0.2356833077949771,0.9721377963757184,-0.2033184130682079,0.939903616949446,-0.0220783274460757,-1.0,FEROZ-SHAH-KOTLA-DELHI,2024-04-20,2024,R,L,R,Sunrisers-Hyderabad,Delhi-Capitals,Seam,1.0
1417,1,20,Sunrisers Hyderabad,Shahbaz Ahmed,Mukesh Kumar,,14,2,1,1,1,1,0,0,0,0,0,0,0,0,0,0,0,,,0,13.2,1,1,0,454832,98.23,115.24,1,0,,39,ANGLED IN,84,FRONTFOOT OFF DRIVE,0,0,2,13,186,4,Off stump,Yorker,0,0,3,0,0,0,0,0,84.37205463098226,-3.45847305972836,8.340781979407392,0.745659842176386,1.959594924104612,-0.255112976849076,0.654794912906345,-6.69054351512064,-33.1646869903799,-1.17097042823532,-5.57809253162685,6.564715842972935,0.1802796822177049,0.6499999999999996,89.47203177822946,Attacked,Played,,0.502510070800781,0.4603729248046875,0.9431469999999996,0.087417,-0.236890621359856,0.264009484337505,-10.6,-31.5064526408609,-1.11242190682355,-1.11242190682355,-7.999361,0.127073,0.203943,-8.841109,0.097165,0.066655,-9.547430849216871,-10.05970128817342,0.0541276655726108,0.1246653797316994,0.2527341357205092,1.2722218725854072e-14,0.0393844547778376,-1.0,FEROZ-SHAH-KOTLA-DELHI,2024-04-20,2024,L,R,R,Sunrisers-Hyderabad,Delhi-Capitals,Seam,1.0
1417,1,20,Sunrisers Hyderabad,Nitish Kumar Reddy,Mukesh Kumar,,14,3,6,6,6,0,0,0,0,0,0,0,0,0,0,1,0,,,0,13.3,1,1,0,454833,88.1,180.16,6,0,https://scores.bcci.tv/matchcentre/commentaryFiles/TATA-IPL-2024/Delhi-Capitals-VS-Sunrisers-Hyderabad-(20-Apr-2024)/File_1-14-454833.png,39,ANGLED IN,11,LOFTED ON DRIVE,0,0,3,13,192,4,Outside Off stump,Good Length,0,0,3,0,0,0,0,0,84.14679911013668,-7.25014826784856,8.340406871003768,-0.6853932039671796,1.922048541146961,-0.26342183691054,0.870581601082114,-6.47361790064576,-34.2448387983702,1.20893774271728,-6.8484077126714,7.093649360130603,0.2190037358568283,0.5793814445239637,75.00684309291172,Attacked,Played,,0.511276245117188,0.4884109497070313,6.78782,-0.338647,-0.24460599141693,0.0,-10.6,-31.8845384319557,0.904767081661962,0.904767081661962,-8.385692,-0.190621,0.54643,-8.840612,-0.177161,0.578487,-11.30903148393891,-10.0599664231331,-0.1408381718590764,0.653284352484146,0.5996297869955053,-0.3964508084362606,0.0536711150281545,95.0,FEROZ-SHAH-KOTLA-DELHI,2024-04-20,2024,R,L,R,Sunrisers-Hyderabad,Delhi-Capitals,Seam,1.0
1417,1,20,Sunrisers Hyderabad,Nitish Kumar Reddy,Mukesh Kumar,,14,4,1,1,1,1,0,0,0,0,0,0,0,0,0,0,0,,,0,13.4,1,1,0,454834,140.13,88.53,1,0,,8,OFF CUTTER,47,FRONTFOOT ON DRIVE,0,0,4,13,193,4,Outside Off stump,Good Length,0,0,3,0,0,0,0,0,71.72649263590353,-7.419653867948832,8.340433474865137,-0.6892368099442273,1.934899684144844,-0.229096051813555,0.0605639970948192,-8.28162548278788,-29.7824867357621,0.939950859740644,-6.99059123747079,8.245365483405966,0.1628858718860494,0.579976740212525,80.70792384327382,Attacked,Played,,0.599624633789062,0.5656471252441406,7.931571,-0.374925,-0.212732048112586,0.0,-10.6,-27.9785106772829,1.05105344566691,1.05105344566691,-8.343923,-0.135733,0.693017,-8.841092,-0.116091,0.721854,-13.20943080867016,-10.06020745592477,-0.067592770241193,0.777199599671097,0.1710675713572352,0.3437028898196345,0.0148707593651329,-1.0,FEROZ-SHAH-KOTLA-DELHI,2024-04-20,2024,R,L,R,Sunrisers-Hyderabad,Delhi-Capitals,Seam,1.0
1417,1,20,Sunrisers Hyderabad,Shahbaz Ahmed,Mukesh Kumar,,14,5,1,1,1,1,0,0,0,0,0,0,0,0,0,0,0,,,0,13.5,1,1,0,454835,78.89,33.74,1,0,,8,OFF CUTTER,27,FORWARD PUSH,0,0,5,13,194,4,Outside Off stump,Full Length,0,0,3,0,0,0,0,0,74.78026666846402,-6.076634025588537,8.340576579814126,0.6931398601035809,1.968115165299583,-0.23373553444207,0.530115641178661,-7.87891634040934,-30.3856194774691,-1.02456496847895,-6.54769789436025,7.353018729793215,0.2559926003158332,0.5479448322943078,66.59246481256287,Attacked,Played,,0.581863403320312,0.543182373046875,6.255144,0.262924,-0.217040139124779,0.0,-10.6,-27.8028289796633,-0.550652882565535,-0.550652882565535,-8.20534,0.174237,0.481671,-8.840934,0.161168,0.523321,-12.16053313609994,-10.06028109665317,0.1359040776918357,0.5869012911706877,0.1840323214092509,0.7965787623443596,0.0171516984676451,-1.0,FEROZ-SHAH-KOTLA-DELHI,2024-04-20,2024,L,R,R,Sunrisers-Hyderabad,Delhi-Capitals,Seam,1.0
1417,1,20,Sunrisers Hyderabad,Nitish Kumar Reddy,Mukesh Kumar,,14,6,0,0,0,0,0,0,1,0,0,0,0,0,0,0,0,,,0,13.6,1,1,0,454836,78.89,33.74,0,0,,39,ANGLED IN,27,FORWARD PUSH,0,0,6,13,194,4,Off stump,Yorker,0,0,3,0,0,0,0,0,86.10537145067163,-3.848862385113811,8.340549979424463,-0.6161635692746716,1.962871253757376,-0.261642886199084,1.05935172166327,-6.8658202988288,-34.0135752058809,1.45809860977535,-5.7607817396204,6.758119921926191,0.1547087224201813,0.669020252639035,94.88216565383712,Attacked,Played,,0.4866943359375,0.4826202392578125,1.664307000000001,-0.054752,-0.242954108613435,0.0,-10.6,-32.5234654126202,1.48414694346138,1.48414694346138,-9.037043,-0.025415,0.10603,-8.840576,-0.034417,0.08373,-9.612799563139028,-10.05989575328884,0.0216667327461638,0.2163128838420426,1.0106897160435,0.1581116896911473,0.140630785991987,-1.0,FEROZ-SHAH-KOTLA-DELHI,2024-04-20,2024,R,L,R,Sunrisers-Hyderabad,Delhi-Capitals,Seam,1.0
1417,1,20,Sunrisers Hyderabad,Shahbaz Ahmed,Axar Patel,,15,1,1,1,1,1,0,0,0,0,0,0,0,0,0,0,0,,,0,14.1,1,1,0,454837,88.56,-2.63,1,0,,23,ARM BALL,36,CUT SHOT,0,0,1,14,195,4,Outside Off stump,Good Length,1,0,3,0,0,0,0,0,59.76867746964832,-5.758170565012155,8.340514391289169,-1.102957019121696,2.115421230750083,-0.186970906227101,0.632794678532347,-8.17179464295755,-24.3062178095231,2.6539888815456,-6.41246963882443,8.868233530840685,0.2569235438627024,0.5319097701897325,64.09411114218965,Attacked,Played,,0.713859558105469,0.7189521789550781,6.778811,0.046104,-0.173615841496593,0.0,-10.6,-21.8605547853403,1.70364940424074,1.70364940424074,-8.859313,0.490745,0.564882,-8.840901,0.489244,0.56431,-14.77904308083653,-10.06021262604376,0.5891644510775971,0.5844162276272974,1.129287830544578,-1.775222474329647,0.111894972723464,-1.0,FEROZ-SHAH-KOTLA-DELHI,2024-04-20,2024,L,R,L,Sunrisers-Hyderabad,Delhi-Capitals,Spin,1.0
1417,1,20,Sunrisers Hyderabad,Nitish Kumar Reddy,Axar Patel,,15,2,1,1,1,1,0,0,0,0,0,0,0,0,0,0,0,,,0,14.2,1,1,0,454838,132.3,22.69,1,0,,23,ARM BALL,97,BACKFOOT PUSH,0,0,2,14,196,4,Outside Off stump,Good Length,0,0,3,0,0,0,0,0,59.5436662595225,-6.101138651744645,8.340671784849501,-1.199533715995076,2.18203693494093,-0.186769458792868,1.34743538909923,-8.66871017826467,-24.2800296430728,2.38065603806127,-6.7220840138134,8.844939319829951,0.1551731519553076,0.5264902518790452,73.456222586326,Attacked,Played,,0.72161865234375,0.6861648559570312,7.007148,-0.264987,-0.173428783164806,0.0,-10.6,-22.7432656537638,1.66595483194582,1.66595483194582,-8.319449,0.128754,0.575715,-8.840995,0.168639,0.597429,-15.47509519052477,-10.06006128553224,0.2625164730070983,0.6245571307963347,1.755590062862215,-1.410489049748482,0.168829804051446,-1.0,FEROZ-SHAH-KOTLA-DELHI,2024-04-20,2024,R,L,L,Sunrisers-Hyderabad,Delhi-Capitals,Spin,1.0
1417,1,20,Sunrisers Hyderabad,Shahbaz Ahmed,Axar Patel,,15,3,1,1,1,1,0,0,0,0,0,0,0,0,0,0,0,,,0,14.3,1,1,0,454839,139.21,37.42,1,0,,23,ARM BALL,52,BACKFOOT COVERDRIVE,0,0,3,14,197,4,Outside Off stump,Good Length,0,0,3,0,0,0,0,0,60.95377643734491,-6.748846160849189,8.340899710567506,-1.123090883544287,2.097750005931384,-0.193709544016155,0.681375747192147,-8.02765053532061,-25.1822407221002,3.07306191143617,-6.5985549995763,8.263530005869207,0.1975338750900775,0.5126217725122618,67.13987836783153,Attacked,Played,,0.706741333007812,0.7048416137695312,7.400012,0.105681,-0.179873148015001,0.0,-10.6,-23.2903999378102,2.23556695569097,2.23556695569097,-9.141402,0.743921,0.570216,-8.840746,0.713578,0.564403,-14.68321963328079,-10.06009266234658,0.8370978060902006,0.5758606476479757,1.130676244620969,-1.474737613231197,0.106046659459933,-1.0,FEROZ-SHAH-KOTLA-DELHI,2024-04-20,2024,L,R,L,Sunrisers-Hyderabad,Delhi-Capitals,Spin,1.0
1417,1,20,Sunrisers Hyderabad,Nitish Kumar Reddy,Axar Patel,,15,4,1,1,1,1,0,0,0,0,0,0,0,0,0,0,0,,,0,14.4,1,1,0,454840,-68.91,148.85,1,0,,23,ARM BALL,21,STEP DOWN OFF DRIVE,0,0,4,14,198,4,Outside Off stump,Good Length,0,0,3,0,0,0,0,0,59.6973984383976,-5.257112906336998,8.340631945285477,-1.272336836174531,2.184987020864394,-0.186765125110446,1.55770711353473,-8.76455786787218,-24.279466264358,2.19479582119921,-6.60967716679303,10.37002028393596,0.2864215629704146,0.5908374870277769,69.98346675712509,Attacked,Played,,0.729606628417969,0.634185791015625,6.325727,-0.404708,-0.173424759031129,0.0,-10.6,-21.3408918136582,1.05119548198469,1.05119548198469,-7.073134,-0.237972,0.518838,-8.841004,-0.147796,0.670614,-15.22876773788673,-10.06013081268361,-0.0848186031447225,0.7303488475153181,2.028886583610904,-2.345380635769913,0.205846499906617,-1.0,FEROZ-SHAH-KOTLA-DELHI,2024-04-20,2024,R,L,L,Sunrisers-Hyderabad,Delhi-Capitals,Spin,1.0
1417,1,20,Sunrisers Hyderabad,Shahbaz Ahmed,Axar Patel,,15,5,6,6,6,0,0,0,0,0,0,0,0,0,0,1,0,,,0,14.5,1,1,0,454841,-56.94,-136.62,6,0,,23,ARM BALL,55,SWEEP SHOT,0,0,5,14,204,4,Outside Leg stump,Good Length,0,1,4,0,0,0,1,0,63.85128401549404,-4.314315702128173,8.341031688356498,-1.176646869054133,2.137815013873918,-0.198229197730139,0.320782289813312,-8.65013935028848,-25.7697957049181,1.77464733540388,-6.41038033958031,10.07601386520665,0.2757229916138697,0.6353574542362761,77.73131897405446,Attacked,Played,,0.676357269287109,0.6095352172851562,5.048248,-0.340344,-0.184069969320843,0.0,-10.6,-22.9206076713398,0.951589305534479,0.951589305534479,-7.649028,-0.229677,0.430173,-8.840901,-0.178875,0.566693,-13.96911766063369,-10.06013486398176,-0.1263844008708741,0.676014525728043,0.6838341891244398,-1.562107462803914,0.0767092327519436,56.0,FEROZ-SHAH-KOTLA-DELHI,2024-04-20,2024,L,R,L,Sunrisers-Hyderabad,Delhi-Capitals,Spin,1.0
1417,1,20,Sunrisers Hyderabad,Shahbaz Ahmed,Axar Patel,,15,6,1,1,1,1,0,0,0,0,0,0,0,0,0,0,0,,,0,14.6,1,1,0,454842,94.54,131.81,1,0,,23,ARM BALL,52,BACKFOOT COVERDRIVE,0,0,6,14,205,4,Outside Off stump,Good Length,0,0,4,0,0,0,0,0,54.28430861215629,-5.624289895491831,8.340945017591853,-1.083428471697381,2.159731073790028,-0.170364200717448,0.994794898301303,-8.83067794891189,-22.1473460932682,3.05490226358201,-6.55603543501499,10.1615955748282,0.3383046786759152,0.5173260482361861,53.76843936783639,Attacked,Played,,0.82470703125,0.8082504272460938,7.452471,0.254469,-0.15819532923763,0.0753023466448661,-10.6,-18.9225292945648,1.61953108151944,1.61953108151944,-8.756776,0.798968,0.584306,-8.840967,0.806686,0.58351,-16.48975507995199,-10.05980692600955,0.9192507925290636,0.5454815091757661,1.714542031431416,-2.961678398763939,0.159591401290795,-1.0,FEROZ-SHAH-KOTLA-DELHI,2024-04-20,2024,L,R,L,Sunrisers-Hyderabad,Delhi-Capitals,Spin,1.0
1417,1,20,Sunrisers Hyderabad,Shahbaz Ahmed,Anrich Nortje,,16,1,1,1,1,1,0,0,0,0,0,0,0,0,0,0,0,,,0,15.1,1,1,0,454843,50.8,-117.28,1,0,,30,ANGLED ACROSS,44,GLIDE,0,0,1,15,206,4,Outside Off stump,Good Length,1,0,4,0,0,0,0,0,85.77645375510939,-10.9620738657964,8.340443970883364,-0.7055288909813245,1.907984693148613,-0.283017621594771,-1.60261584217441,-8.56195680380386,-36.7922908073203,2.04673840477032,-9.45060003245517,8.554545700090534,0.2343033337421294,0.5314105166924165,66.28124412964954,Attacked,Edged,,0.516448974609375,0.4973258972167969,10.112011,-0.220333,-0.262802077195145,-0.413327638289194,-10.6,-33.3865254228843,2.18828849369056,2.18828849369056,-8.927663,0.373988,1.036772,-8.840994,0.368197,1.030963,-14.40576387454263,-10.06020135672421,0.4497434471267169,1.10539689460089,-0.3202332031720965,0.5659778329467748,-0.0207785419375313,-1.0,FEROZ-SHAH-KOTLA-DELHI,2024-04-20,2024,L,R,R,Sunrisers-Hyderabad,Delhi-Capitals,Seam,1.0
1417,1,20,Sunrisers Hyderabad,Nitish Kumar Reddy,Anrich Nortje,,16,2,0,0,0,0,0,0,1,0,0,0,0,0,0,0,0,,,0,15.2,1,1,0,454844,50.8,-117.28,0,0,https://scores.bcci.tv/matchcentre/commentaryFiles/TATA-IPL-2024/Delhi-Capitals-VS-Sunrisers-Hyderabad-(20-Apr-2024)/File_1-16-454844.png,39,ANGLED IN,11,LOFTED ON DRIVE,0,0,2,15,206,4,Outside Off stump,Good Length,0,0,4,0,0,0,0,0,89.90929404990544,-10.33086863289738,8.340521038993685,-0.7431581878706977,1.908166268794759,-0.284329311289589,-1.09012197619377,-6.60752058154202,-36.9628104676465,1.57809132175454,-8.74254620338047,7.663523411402071,0.2461566521635291,0.5183062287134864,63.13026909067007,Attacked,Missed,,0.499179840087891,0.4948196411132813,9.47986,-0.3451,-0.264020074768904,0.0,-10.6,-33.6757899161506,1.89442624209373,1.89442624209373,-9.086043,0.1501,0.86981,-8.840843,0.135336,0.855768,-13.30720510680593,-10.06002954574235,0.209047621501429,0.919459224649458,-0.2116051742372414,0.7750684112316539,-0.0240009679349345,-1.0,FEROZ-SHAH-KOTLA-DELHI,2024-04-20,2024,R,L,R,Sunrisers-Hyderabad,Delhi-Capitals,Seam,1.0
1417,1,20,Sunrisers Hyderabad,Nitish Kumar Reddy,Anrich Nortje,,16,3,1,1,1,1,0,0,0,0,0,0,0,0,0,0,0,,,0,15.3,1,1,0,454845,115.26,64.13,1,0,,39,ANGLED IN,58,BACKFOOT PULL SHOT,0,0,3,15,207,4,Outside Off stump,Short of Good Length,0,0,4,0,0,0,0,0,90.9499300506804,-11.03477531611389,8.341235494561676,-0.6588797184482165,1.876263268710654,-0.289553688512793,0.554836247675338,-6.00749282977392,-37.6419795066631,1.88142651246753,-9.11686325185688,8.294511695566278,0.2058416645324239,0.5556272598443929,72.75992252341655,Attacked,Edged,,0.490482330322266,0.4664497375488281,9.987152,-0.26439,-0.26887128219045,0.0,-10.6,-34.7465734418364,1.26606778637561,1.26606778637561,-8.469316,0.051945,0.977324,-8.840923,0.066449,1.004318,-13.61482448692649,-10.06012528425289,0.1143494629000267,1.083586248164027,0.345123685566719,-0.774609715101738,0.0247048088371628,-1.0,FEROZ-SHAH-KOTLA-DELHI,2024-04-20,2024,R,L,R,Sunrisers-Hyderabad,Delhi-Capitals,Seam,1.0
1417,1,20,Sunrisers Hyderabad,Shahbaz Ahmed,Anrich Nortje,,16,4,0,0,0,0,0,0,1,0,0,0,0,0,0,0,0,,,0,15.4,1,1,0,454846,115.26,64.13,0,0,,36,BOUNCER,58,BACKFOOT PULL SHOT,1,0,4,15,207,4,Outside Leg stump,Short Length,0,0,4,0,0,0,0,0,87.20000000000006,-15.17990203696798,8.340692736018692,-0.7061579668338686,1.870531934733144,-0.290657158866534,-0.872813398273822,-7.8696853568144,-37.7854306526495,1.03651752349076,-11.9992603867666,11.30526377170042,0.2218729941631126,0.5601742559761441,71.83883898011035,Attacked,Missed,,0.503757476806641,0.5422210693359375,12.211362,-0.529117,-0.26989593323321,0.0,-10.6,-33.6226300779277,1.25312951596003,1.25312951596003,-999.9,-999.9,-999.9,-8.841125,-0.100208,1.730885,-17.61793013595383,-10.06032660929475,-0.0501006543081344,1.846110724380519,-0.130626482252059,0.5631248280912039,-0.0180140779430484,-1.0,FEROZ-SHAH-KOTLA-DELHI,2024-04-20,2024,L,R,R,Sunrisers-Hyderabad,Delhi-Capitals,Seam,1.0
1417,1,20,Sunrisers Hyderabad,Shahbaz Ahmed,Anrich Nortje,,16,5,2,2,2,0,1,0,0,0,0,0,0,0,0,0,0,,,0,15.5,1,1,0,454847,145.19,63.67,2,0,,30,ANGLED ACROSS,51,FRONTFOOT COVERDRIVE,0,0,5,15,209,4,Outside Off stump,Good Length,0,0,4,0,0,0,0,0,91.34048385547462,-7.516647320305005,8.3408296727983,-0.6000279697842137,1.941957039981042,-0.284984249539264,0.568396138398828,-5.33219923478097,-37.0479524401043,1.85929248981834,-6.97892285305652,6.710492971139231,0.2298529697042533,0.5817200118477124,74.27270480673154,Attacked,Played,,0.475685119628906,0.4516983032226563,6.475922,-0.054394,-0.264628231715031,0.0,-10.6,-34.504716906878,1.90564810583526,1.90564810583526,-8.450598,0.219521,0.519626,-8.840772,0.24194,0.548729,-10.66810086185932,-10.06033239965367,0.3124687350268037,0.6307173293071519,0.4885340063677266,0.2881140778735204,0.0490339751486283,-1.0,FEROZ-SHAH-KOTLA-DELHI,2024-04-20,2024,L,R,R,Sunrisers-Hyderabad,Delhi-Capitals,Seam,1.0
1417,1,20,Sunrisers Hyderabad,Shahbaz Ahmed,Anrich Nortje,,16,6,1,1,1,1,0,0,0,0,0,0,0,0,0,0,0,,,0,15.6,1,1,0,454848,141.51,46.17,1,0,,30,ANGLED ACROSS,51,FRONTFOOT COVERDRIVE,0,0,6,15,210,4,Outside Off stump,Good Length,0,0,4,0,0,0,0,0,78.98227408812558,-8.85737643398912,8.340828366911346,-0.7548609489918673,2.032449504934915,-0.248567182620455,0.723224110130065,-7.80775360832829,-32.3137337406592,2.42393187026697,-7.77037891473964,8.549812388642419,0.2524941200374266,0.5665202799798779,69.72862999323902,Attacked,Played,,0.564262390136719,0.5454483032226562,8.32613,-0.059594,-0.230812383861851,0.0,-10.6,-29.2808262363528,1.71564066830145,1.71564066830145,-999.9,-999.9,-999.9,-8.840943,0.368948,0.820022,-13.52101755446666,-10.06011640127651,0.4450094339492685,0.8873829313293968,0.6633156096672751,-0.9365852072877284,0.0568556401718858,-1.0,FEROZ-SHAH-KOTLA-DELHI,2024-04-20,2024,L,R,R,Sunrisers-Hyderabad,Delhi-Capitals,Seam,1.0
1417,1,20,Sunrisers Hyderabad,Shahbaz Ahmed,Kuldeep Yadav,,17,1,1,1,1,1,0,0,0,0,0,0,0,0,0,0,0,,,0,16.1,1,1,0,454849,151.18,27.76,1,0,,34,CHINAMAN,51,FRONTFOOT COVERDRIVE,0,0,1,16,211,4,Wide outside Off stump,Good Length,1,0,4,0,0,0,0,0,51.9147288444529,-0.8524639350853301,8.340643489559223,0.5652800842791113,1.873056342216312,-0.16253468777917,-0.936843227770963,-9.95530254555641,-21.1295094112921,0.087557589728945,-6.06116504348555,10.62888536909777,0.2785334677438412,0.5713023246726865,67.84200192651886,Attacked,Played,,0.808616638183594,0.8277511596679688,5.684636,0.769977,-0.150925067223515,0.0,-10.6,-18.4516299240492,0.967155229115695,0.967155229115695,-8.965977,1.015231,0.57119,-8.840922,1.008424,0.565474,-16.00595248292487,-10.06014681580985,1.075099066394533,0.5988408833740146,-1.307120461862486,2.763029031929282,-0.138103125415135,-1.0,FEROZ-SHAH-KOTLA-DELHI,2024-04-20,2024,L,R,L,Sunrisers-Hyderabad,Delhi-Capitals,Spin,1.0
1417,1,20,Sunrisers Hyderabad,Nitish Kumar Reddy,Kuldeep Yadav,,17,2,0,0,0,0,0,0,1,0,0,0,0,0,0,0,0,,,0,16.2,1,1,0,454850,151.18,27.76,0,0,,31,WRONG ONE,105,LEFT ALONE,0,0,2,16,211,4,Outside Off stump,Good Length,0,0,4,0,0,0,0,0,51.11044879808023,0.9366937636054988,8.340622195776902,0.1787667169828384,1.832070305236848,-0.158720804691394,0.574414928626296,-10.3169179051865,-20.6337046098813,-1.10380530875051,-6.11004642304924,12.25201925491319,0.285773905143166,0.6313083920247662,76.11886828939832,,,,0.835235595703125,0.902069091796875,4.766539,-0.628227,-0.147383604356295,0.0,-10.6,-17.7627360972831,-1.36090839923929,-1.36090839923929,-999.9,-999.9,-999.9,-8.84081,-0.90409,0.593636,-16.49505932543023,-10.06000977964076,-1.000838387048048,0.6883193509600984,0.6140521314757631,-1.31907617073433,0.0672237553062794,-1.0,FEROZ-SHAH-KOTLA-DELHI,2024-04-20,2024,R,L,L,Sunrisers-Hyderabad,Delhi-Capitals,Spin,1.0
1417,1,20,Sunrisers Hyderabad,Nitish Kumar Reddy,Kuldeep Yadav,,17,3,2,2,2,0,1,0,0,0,0,0,0,0,0,0,0,,,0,16.3,1,1,0,454851,101.91,106.03,2,0,,31,WRONG ONE,97,BACKFOOT PUSH,0,0,3,16,213,4,Middle stump,Good Length,0,0,4,0,0,0,0,0,51.84914663905322,-0.0811078190445008,8.340759882442171,0.3831588526057602,1.817149952621574,-0.162333487781933,-0.0607941146523202,-10.6122340204295,-21.1033534116513,-0.488364520520631,-6.1503180965609,11.16321391625783,0.3095323680019197,0.5802848801290095,66.08949521915945,Attacked,Played,,0.824775695800781,0.8164901733398438,5.648171,0.111738,-0.150738238654652,0.0,-10.6,-18.085380730474,-0.741607576792868,-0.741607576792868,-8.675296,-0.066271,0.58629,-8.840859,-0.073315,0.595544,-16.24812695948685,-10.06006395359067,-0.125502175221296,0.6343147896550848,-0.2050031706093436,-1.022473192381926,-0.02217590202685,-1.0,FEROZ-SHAH-KOTLA-DELHI,2024-04-20,2024,R,L,L,Sunrisers-Hyderabad,Delhi-Capitals,Spin,1.0
1417,1,20,Sunrisers Hyderabad,Nitish Kumar Reddy,Kuldeep Yadav,,17,4,6,6,6,0,0,0,0,0,0,0,0,0,0,1,0,,,0,16.4,1,1,0,454852,-142.12,-78.6,6,0,,15,FASTER ONE,56,REVERSE SWEEP,0,0,4,16,219,4,Off stump,Good Length,0,0,4,0,0,0,0,0,72.12362559064947,-6.523764754790084,8.3405709356703,0.2930144611587456,1.812569528396131,-0.227305763893946,0.0550034016039732,-7.66585956354718,-29.549749306213,-0.797425121843172,-6.37183074167554,7.777495652146174,0.1834858925045679,0.5934670058611589,80.67146162871704,Attacked,Played,,0.602382659912109,0.5574417114257812,7.523472,0.007685,-0.211069637901522,0.0,-10.6,-27.6862847090151,-0.788804141339315,-0.788804141339315,-8.063017,-0.153182,0.58984,-8.840584,-0.176382,0.632894,-12.16841111330805,-10.05976091484592,-0.2130502025956351,0.6822432170639742,-0.0845316429157727,-0.0861604001557508,-0.00798877678601934,58.0,FEROZ-SHAH-KOTLA-DELHI,2024-04-20,2024,R,L,L,Sunrisers-Hyderabad,Delhi-Capitals,Spin,1.0
1417,1,20,Sunrisers Hyderabad,Nitish Kumar Reddy,Kuldeep Yadav,,17,5,2,2,2,0,1,0,0,0,0,0,0,0,0,0,0,,,0,16.5,1,1,0,454853,128.15,113.4,2,0,,34,CHINAMAN,74,STEP DOWN ON DRIVE,0,0,5,16,221,4,Leg stump,Yorker,0,0,4,0,0,0,0,0,50.30952523667712,3.500150242134263,8.340748934112419,0.3996993689728214,1.863957167946322,-0.154144941869901,-0.108873329650254,-10.5296857869972,-20.0388424430871,-0.321027402948828,-6.37766074058544,12.2849552950618,0.0952254428150993,0.6499999999999991,97.97745571848994,Attacked,Played,,0.831069946289062,0.715484619140625,2.781372,0.192894,-0.143134588879194,0.0436134835413972,-10.6,-19.0369003209328,-0.304976032801387,-0.304976032801387,-6.865428,0.19948,0.151109,-8.840818,0.167868,0.328124,-17.65444817251766,-10.05997624090702,0.1483390014279898,0.5185851110497464,-0.3029575855672039,0.0,-0.034420974147774,-1.0,FEROZ-SHAH-KOTLA-DELHI,2024-04-20,2024,R,L,L,Sunrisers-Hyderabad,Delhi-Capitals,Spin,1.0
1417,1,20,Sunrisers Hyderabad,Nitish Kumar Reddy,Kuldeep Yadav,,17,6,0 WK,W,0,0,0,0,1,0,0,0,0,0,0,0,1,Caught,WICKET,1,16.6,1,1,0,454854,88.1,140.56,0,0,https://scores.bcci.tv/matchcentre/commentaryFiles/TATA-IPL-2024/Delhi-Capitals-VS-Sunrisers-Hyderabad-(20-Apr-2024)/File_1-17-454854.png,31,WRONG ONE,58,BACKFOOT PULL SHOT,0,0,6,16,221,5,Off stump,Short of Good Length,1,0,4,0,0,0,0,0,52.62508424482289,-0.65822404046568,8.340761981483055,0.4340660811508343,1.82407805283279,-0.164906721146945,0.143520541021792,-10.3780289417417,-21.4378737491029,-0.528843883810739,-6.0912167256138,10.8976828527555,0.2800255300231838,0.5914705822516478,70.7180343354288,,,,0.805023193359375,0.7844009399414062,5.802555,0.11486,-0.153127669636449,0.0,-10.6,-18.7130235768481,-0.793281035243269,-0.793281035243269,-8.36903,-0.062438,0.580496,-8.840962,-0.083182,0.609132,-15.86162087865026,-10.05999257806171,-0.1371526570049579,0.649675322718869,0.0712252505317697,-1.01430061184046,0.0104432590054952,-1.0,FEROZ-SHAH-KOTLA-DELHI,2024-04-20,2024,R,L,L,Sunrisers-Hyderabad,Delhi-Capitals,Spin,1.0
1417,1,20,Sunrisers Hyderabad,Shahbaz Ahmed,Mukesh Kumar,,18,1,1,1,1,1,0,0,0,0,0,0,0,0,0,0,0,,,0,17.1,1,1,0,454855,144.73,-11.38,1,0,,39,ANGLED IN,16,BACKFOOT SQUARE DRIVE,0,0,1,17,222,5,Outside Off stump,Good Length,2,0,4,0,0,0,0,0,74.91467570855515,-8.64337582029835,8.340639494469663,0.6684464098041996,1.947844714116479,-0.237571871941826,-0.0417514014244293,-7.9321988689734,-30.8843433524373,-1.43914997341117,-7.45657314918562,8.63119487825983,0.2532435321063529,0.5688518335099954,70.00342181586403,Attacked,Played,,0.593353271484375,0.56890869140625,8.668659,0.233055,-0.22060245251741,0.313777579179443,-10.6,-27.9439286844661,-0.798944791937711,-0.798944791937711,-8.585125,0.032327,0.800123,-8.840635,0.025395,0.813523,-13.57346998759937,-10.05997347267784,-0.0074780016721588,0.8639662687907732,-0.207431091600856,1.030243967103927,-0.00918006101601954,-1.0,FEROZ-SHAH-KOTLA-DELHI,2024-04-20,2024,L,R,R,Sunrisers-Hyderabad,Delhi-Capitals,Seam,1.0
1417,1,20,Sunrisers Hyderabad,Abdul Samad,Mukesh Kumar,,18,2,4,4,4,0,0,0,0,0,0,0,0,0,1,0,0,,,0,17.2,1,1,0,454856,-109.89,173.71,4,0,https://scores.bcci.tv/matchcentre/commentaryFiles/TATA-IPL-2024/Delhi-Capitals-VS-Sunrisers-Hyderabad-(20-Apr-2024)/File_1-18-454856.png,39,ANGLED IN,5,LOFTED OFF DRIVE,0,0,2,17,226,5,Outside Off stump,Full Length,0,0,4,0,0,0,0,0,85.20247321309881,-5.062255002994293,8.3406813712839,-0.7169325958714036,1.946422055890034,-0.262075447950406,0.963380352940062,-6.35819524866457,-34.0698082335528,0.545716963182054,-5.9704520418349,6.576191261570487,0.2316463895174365,0.6147269347859442,79.04440126614799,Attacked,Played,,0.498023986816406,0.4727210998535156,3.637146,-0.574094,-0.243355773096806,0.0,-10.6,-31.8364547462202,0.535423846056711,0.535423846056711,-8.390602,-0.540749,0.239467,-8.8409,-0.533047,0.28167,-9.93968335491169,-10.06022851927154,-0.5120543065228728,0.3855611540228602,0.6906741974617158,0.0458435359734211,0.084245885480621,-1.0,FEROZ-SHAH-KOTLA-DELHI,2024-04-20,2024,R,L,R,Sunrisers-Hyderabad,Delhi-Capitals,Seam,1.0
1417,1,20,Sunrisers Hyderabad,Abdul Samad,Mukesh Kumar,,18,3,2,2,2,0,1,0,0,0,0,0,0,0,0,0,0,,,0,17.3,1,1,0,454857,122.17,120.3,2,0,,30,ANGLED ACROSS,11,LOFTED ON DRIVE,0,0,3,17,228,5,Off stump,Full Toss,0,0,4,0,0,0,0,0,83.97263887428703,-1.245527055519859,8.340378418784127,0.7196990401550485,2.019984776185588,-0.245245249563992,1.93933595370977,-6.62173620388776,-31.881882443319,-0.792037464219495,-5.18999349987554,6.35548792782491,0.1862075034157686,0.6499999999999998,88.8792496584231,Attacked,Played,,0.499340057373047,0.4627304077148438,-4.466073999999999,-0.226856,-0.227727731737993,0.172440921836914,-10.6,-30.2877883211531,-0.75243559100852,-0.75243559100852,-8.059153,-0.032069,0.933891,-8.840545,-0.059072,0.841247,-9.245972010827607,-10.05973928659974,-0.0993667701949764,0.6882854476624092,1.742356645744189,0.0,0.155154763513218,-1.0,FEROZ-SHAH-KOTLA-DELHI,2024-04-20,2024,R,L,R,Sunrisers-Hyderabad,Delhi-Capitals,Seam,1.0
1417,1,20,Sunrisers Hyderabad,Abdul Samad,Mukesh Kumar,,18,4,1,1,1,1,0,0,0,0,0,0,0,0,0,0,0,,,0,17.4,1,1,0,454858,-94.69,139.18,1,0,,30,ANGLED ACROSS,5,LOFTED OFF DRIVE,0,0,4,17,229,5,Outside Off stump,Yorker,0,0,4,0,0,0,0,0,83.78316742461787,-3.196648695700659,8.340548619035946,0.6469809658387375,1.979982966160269,-0.251969428335944,1.16508945292836,-6.68503816924387,-32.7560256836727,-2.04456798590302,-5.53106288496134,6.590351076875351,0.1798096651322457,0.6499999999999998,89.5190334867754,Attacked,Played,,0.502853393554688,0.4706039428710938,0.3600329999999996,-0.562443,-0.233971612026234,0.457210232789108,-10.6,-31.1182243994891,-1.94233958660786,-1.94233958660786,-8.212941,-0.468966,0.259313,-8.840828,-0.508595,0.158764,-9.584347418098124,-10.05975326675181,-0.5848999267728185,0.0573680099442794,0.4849961130285475,1.2722218725854072e-14,0.0588677614066955,-1.0,FEROZ-SHAH-KOTLA-DELHI,2024-04-20,2024,R,L,R,Sunrisers-Hyderabad,Delhi-Capitals,Seam,1.0
1417,1,20,Sunrisers Hyderabad,Shahbaz Ahmed,Mukesh Kumar,,18,5,1,1,1,1,0,0,0,0,0,0,0,0,0,0,0,,,0,17.5,1,1,0,454859,80.27,83.93,1,0,,39,ANGLED IN,51,FRONTFOOT COVERDRIVE,0,0,5,17,230,5,Outside Off stump,Yorker,0,0,4,0,0,0,0,0,83.44550109521165,-3.510665853941398,8.341099379702126,0.7140526215185189,1.965680404990878,-0.252606590613954,1.49547450060469,-6.65870536607818,-32.838856779814,-0.722443613950852,-5.57214442754647,6.622268417714016,0.1786309860989512,0.6500000000000008,89.63690139010501,Attacked,Played,,0.504066467285156,0.4672279357910156,1.121354999999999,0.174623,-0.234563262712957,0.161631354657139,-10.6,-31.1969139408233,-0.68632143325331,-0.68632143325331,-8.054971,0.194536,0.172459,-8.840738,0.176783,0.041995,-9.6303047765068,-10.05978368300451,0.1499590574046207,0.1492275782749514,0.9890001797179212,0.0,0.10303377498691,-1.0,FEROZ-SHAH-KOTLA-DELHI,2024-04-20,2024,L,R,R,Sunrisers-Hyderabad,Delhi-Capitals,Seam,1.0
1417,1,20,Sunrisers Hyderabad,Abdul Samad,Mukesh Kumar,,18,6,0,0,0,0,0,0,1,0,0,0,0,0,0,0,0,,,0,17.6,1,1,0,454860,80.27,83.93,0,0,,30,ANGLED ACROSS,96,SLICED OVER POINT,0,0,6,17,230,5,Wide outside Off stump,Full Length,0,0,4,0,0,0,0,0,84.72488208721776,-4.286851364465775,8.340606422412556,0.5207560556511102,1.959733936438678,-0.257463036563459,1.17335273406131,-6.04466873405532,-33.4701947532496,-2.56202775085049,-5.58884829475259,5.450479669586106,0.0648913658019177,0.5618445429896315,87.78754486825295,Attacked,Missed,,0.498996734619141,0.5232696533203125,2.144857,-0.774564,-0.239072819666069,0.0,-10.6,-32.9089158537846,-2.4726478340366,-2.4726478340366,-999.9,-999.9,-999.9,-8.840683,-0.84434,0.119457,-9.479780754230102,-10.05995326100923,-0.9369853472796656,0.2184609148104416,0.3274961632978159,0.0803499161478231,0.0424889597971987,-1.0,FEROZ-SHAH-KOTLA-DELHI,2024-04-20,2024,R,L,R,Sunrisers-Hyderabad,Delhi-Capitals,Seam,1.0
1417,1,20,Sunrisers Hyderabad,Shahbaz Ahmed,Khaleel Ahmed,,19,1,1,1,1,1,0,0,0,0,0,0,0,0,0,0,0,,,0,18.1,1,1,0,454861,-67.07,157.14,1,0,,16,SLOW BOUNCER,58,BACKFOOT PULL SHOT,0,0,1,18,231,5,Outside Off stump,Short Length,1,0,4,0,0,0,0,0,76.15384329110708,-11.52211125858737,8.340686107493724,0.7290543650408686,1.90632242385229,-0.242792160689917,-0.776052598426501,-6.55111985889971,-31.5629808896892,0.142209936121286,-8.41688036529146,8.453469110296357,0.2202420000717441,0.5078837738945849,64.15836607701333,Attacked,Played,,0.592929840087891,0.54803466796875,10.501423,0.786511,-0.22544986349778,-1.30319774989836,-10.6,-28.7631048525633,-0.533970797746297,-0.533970797746297,-8.038485,0.562966,0.865564,-8.840867,0.534449,0.892012,-14.93156201518915,-10.0602968707972,0.4884640747263126,0.9140544328427258,-0.3078619086353332,-1.321691320074625,-0.0348761168303368,-1.0,FEROZ-SHAH-KOTLA-DELHI,2024-04-20,2024,L,R,L,Sunrisers-Hyderabad,Delhi-Capitals,Seam,1.0
1417,1,20,Sunrisers Hyderabad,Abdul Samad,Khaleel Ahmed,,19,2,0,0,0,0,0,0,1,0,0,0,0,0,0,0,0,,,0,18.2,1,1,0,454862,-67.07,157.14,0,0,,8,OFF CUTTER,58,BACKFOOT PULL SHOT,0,0,2,18,231,5,Leg stump,Short of Good Length,0,0,4,0,0,0,0,0,73.70800046306714,-10.62970820942819,8.340798794021879,0.5123101864565975,1.945906466527967,-0.233980763851012,0.271227323339365,-8.1184376659194,-30.4174993006316,-1.43313341974471,-8.20906132128798,9.771160004911405,0.3102661387430224,0.5544071251083487,62.13445489195006,Attacked,Missed,,0.629196166992188,0.6638717651367188,10.140335,0.125579,-0.217267852147369,0.0,-10.6,-26.4277221458904,-1.84686968572923,-1.84686968572923,-999.9,-999.9,-999.9,-8.840963,-0.521922,1.010086,-15.10314309268047,-10.06017447338653,-0.6143694836858654,1.038597092809823,-0.0347308519265567,-1.300027496296272,0.00341004029525838,-1.0,FEROZ-SHAH-KOTLA-DELHI,2024-04-20,2024,R,L,L,Sunrisers-Hyderabad,Delhi-Capitals,Seam,1.0
1417,1,20,Sunrisers Hyderabad,Abdul Samad,Khaleel Ahmed,,19,3,6,6,6,0,0,0,0,0,0,0,0,0,0,1,0,,,0,18.3,1,1,0,454863,147.95,127.21,6,0,,8,OFF CUTTER,11,LOFTED ON DRIVE,0,0,3,18,237,5,Off stump,Full Length,0,0,4,0,0,0,0,0,74.11557426135735,-6.028889595984177,8.340494994506109,0.7786861753579427,1.942419778324547,-0.232457675746095,0.573082932902678,-9.42157614633722,-30.2194978469923,-1.56560989923689,-6.9206586206107,7.380058712551897,0.2142628602694407,0.522574612122556,66.95990579143933,Attacked,Played,,0.587493896484375,0.5399322509765625,6.864604,0.167752,-0.215853556049945,0.0,-10.6,-27.9220566993659,-2.11827228810591,-2.11827228810591,-7.96892,-0.201236,0.510564,-8.841096,-0.27018,0.562561,-12.89904462434184,-10.05988219904628,-0.367340461286084,0.6167778033327078,0.1227260199556805,-1.372638543170996,0.0114888252982428,86.0,FEROZ-SHAH-KOTLA-DELHI,2024-04-20,2024,R,L,L,Sunrisers-Hyderabad,Delhi-Capitals,Seam,1.0
1417,1,20,Sunrisers Hyderabad,Abdul Samad,Khaleel Ahmed,,19,4,1 (BY),1,0,0,0,0,1,1,0,0,1,0,0,0,0,,,0,18.4,1,1,1,454864,147.95,127.21,1,0,,8,OFF CUTTER,36,CUT SHOT,0,0,4,18,238,5,Outside Off stump,Good Length,0,0,4,0,0,0,0,0,74.55838198036605,-8.138960678919748,8.340702441319287,0.6307687649177087,1.925347114312072,-0.23533829948036,0.967934025810115,-9.85539059709058,-30.5939789324468,-2.77685345948981,-7.68275871592428,9.285923063401713,0.179240903213331,0.6033889588188635,82.58425350149642,Attacked,Missed,,0.59344482421875,0.624114990234375,8.798848,-0.254431,-0.218528420946049,-0.887102337935756,-10.6,-28.352159067601,-3.01266119482602,-3.01266119482602,-999.9,-999.9,-999.9,-8.840936,-1.117993,0.925639,-14.09662178213382,-10.06020579202145,-1.268432346225463,0.9932258464277915,0.1521595306944024,-0.8791867355606563,0.0179724769768922,-1.0,FEROZ-SHAH-KOTLA-DELHI,2024-04-20,2024,R,L,L,Sunrisers-Hyderabad,Delhi-Capitals,Seam,1.0
1417,1,20,Sunrisers Hyderabad,Shahbaz Ahmed,Khaleel Ahmed,,19,5,6,6,6,0,0,0,0,0,0,0,0,0,0,1,0,,,0,18.5,1,1,0,454865,-146.72,126.75,6,0,,39,ANGLED IN,11,LOFTED ON DRIVE,0,0,5,18,244,5,Off stump,Full Length,0,0,4,0,0,0,0,0,86.26947093662744,-6.229941743502166,8.340365416674302,0.6183630116388908,1.963196540099699,-0.267586886508956,-0.360996692649317,-6.37180389763962,-34.7862952461643,-1.17772221719715,-6.48906596510895,6.360374708426358,0.1789065210828406,0.5662240662633624,77.0429578312203,Attacked,Played,,0.489280700683594,0.457855224609375,5.183619,0.215844,-0.248473537472602,0.0,-10.6,-32.96259118639,-1.29296173234923,-1.29296173234923,-999.9,-999.9,-999.9,-8.84079,0.057969,0.401922,-10.5665586273089,-10.06019000710296,0.0084290930088299,0.4853293035324489,-0.3739571429585249,-0.307221489090773,-0.0345622010937129,76.0,FEROZ-SHAH-KOTLA-DELHI,2024-04-20,2024,L,R,L,Sunrisers-Hyderabad,Delhi-Capitals,Seam,1.0
1417,1,20,Sunrisers Hyderabad,Shahbaz Ahmed,Khaleel Ahmed,,19,6,6,6,6,0,0,0,0,0,0,0,0,0,0,1,0,,,0,18.6,1,1,0,454866,-152.71,-55.58,6,0,,30,ANGLED ACROSS,40,FRONTFOOT FLICK,0,0,6,18,250,5,Outside Leg stump,Good Length,0,1,5,0,0,0,0,0,86.58086330712564,-7.115381807534122,8.340529462792158,-1.053361554967942,1.971416767537254,-0.26969637085497,-1.39420992402364,-6.24515986496522,-35.0605282111461,1.67260639533548,-6.86193620886695,6.299661821911203,0.1808074626437642,0.5333840709657808,71.9268643804907,Attacked,Played,,0.48980712890625,0.452911376953125,6.213178,-0.420649,-0.250432344365329,0.0,-10.6,-33.1540893527668,1.70592908874179,1.70592908874179,-7.786867,-0.214838,0.400583,-8.840882,-0.15871,0.473192,-11.07377168613496,-10.06030268295728,-0.093191073757855,0.5434336914750263,-0.4566430321322654,0.2142353567613071,-0.0460659743948449,69.0,FEROZ-SHAH-KOTLA-DELHI,2024-04-20,2024,L,R,L,Sunrisers-Hyderabad,Delhi-Capitals,Seam,1.0
1417,1,20,Sunrisers Hyderabad,Abdul Samad,Mukesh Kumar,,20,1,0 WK,W,0,0,0,0,1,0,0,0,0,0,0,0,1,Caught,WICKET,1,19.1,1,1,0,454867,-93.31,50.78,0,0,,30,ANGLED ACROSS,15,LOFTED COVER DRIVE,0,0,1,19,250,6,Wide outside Off stump,Full Length,1,0,5,0,0,0,0,0,84.27600804734372,-4.006021149763895,8.340911243967216,0.4712633487531341,1.982240960167899,-0.255787870566335,1.22765752099536,-6.67230439430798,-33.2524231736235,-2.52590653954778,-5.72710103072873,4.739650330009905,0.066638017446031,0.4737791456009626,74.4030700955413,,,,0.487781524658203,0.4868659973144531,1.973236999999999,-0.836684,-0.237517308383025,0.0,-10.6,-32.7261489277891,-1.97623500413286,-1.97623500413286,-8.793395,-0.879465,0.096181,-8.841079,-0.88236,0.099808,-9.772240705152504,-10.0599374636971,-0.956699546464609,0.1851613011658403,0.3829900554605642,0.8882099689435161,0.0224895980941646,-1.0,FEROZ-SHAH-KOTLA-DELHI,2024-04-20,2024,R,L,R,Sunrisers-Hyderabad,Delhi-Capitals,Seam,1.0
1417,1,20,Sunrisers Hyderabad,Pat Cummins,Mukesh Kumar,,20,2,1,1,1,1,0,0,0,0,0,0,0,0,0,0,0,,,0,19.2,1,1,0,454868,62.31,152.99,1,0,,30,ANGLED ACROSS,11,LOFTED ON DRIVE,0,0,2,19,251,6,Off stump,Full Length,2,0,5,0,0,0,0,0,85.0641772348865,-4.079244289120767,8.340406888488264,0.8653582612891435,1.947130616757773,-0.259916612453016,1.41905926606139,-6.96342368592639,-33.7891596188921,-1.9691948964225,-5.82727934438464,6.729723480965953,0.17600860008407,0.6500000000000007,89.8991399915931,Attacked,Played,,0.497051239013672,0.4726066589355469,2.344596,-0.159364,-0.241351140134944,0.454779171224744,-10.6,-32.0997016379475,-1.87073515160138,-1.87073515160138,-8.501491,-0.205175,0.125016,-8.840673,-0.224941,0.161958,-9.7849794875945,-10.06031431435337,-0.2960066240266742,0.2855561370367767,0.5901541925341153,-1.2722218725854072e-14,0.0642448640929139,-1.0,FEROZ-SHAH-KOTLA-DELHI,2024-04-20,2024,R,L,R,Sunrisers-Hyderabad,Delhi-Capitals,Seam,1.0
1417,1,20,Sunrisers Hyderabad,Shahbaz Ahmed,Mukesh Kumar,,20,3,4,4,4,0,0,0,0,0,0,0,0,0,1,0,0,,,0,19.3,1,1,0,454869,93.62,-123.27,4,0,,8,OFF CUTTER,18,SLOG SHOT,0,0,3,19,255,6,Off stump,Good Length,0,0,5,0,0,0,0,0,75.74215548814566,-6.758674447503165,8.340638986646187,0.6982558275325664,1.966360656848383,-0.237427588926891,-0.218959167431797,-8.02890242308484,-30.8655865604958,-1.90688673508232,-6.82363820035986,7.808890565455388,0.2367515693615544,0.5702169473433002,71.8573851653396,Attacked,Edged,,0.577194213867188,0.5272750854492188,6.991617,0.036377,-0.220468475432113,0.0,-10.6,-28.3719154687183,-0.947670759873591,-0.947670759873591,-7.883444,-0.12754,0.567095,-8.841103,-0.1609,0.632955,-12.46620545223788,-10.06001618826561,-0.2037389822800072,0.6982645336132616,-0.4165716507511843,1.622193753641435,-0.0402305480345213,-1.0,FEROZ-SHAH-KOTLA-DELHI,2024-04-20,2024,L,R,R,Sunrisers-Hyderabad,Delhi-Capitals,Seam,1.0
1417,1,20,Sunrisers Hyderabad,Shahbaz Ahmed,Mukesh Kumar,,20,4,1 WK,1,1,1,0,0,0,0,0,0,0,0,0,0,1,Run Out,WICKET,0,19.4,1,1,0,454870,-16.88,155.76,1,0,,39,ANGLED IN,13,LOFTED STRAIGHT,0,0,4,19,256,7,Off stump,Yorker,0,0,5,0,0,0,0,0,85.10280854345909,-2.915451883558223,8.340690074467375,0.7933512508484991,1.955782545536859,-0.256461688580702,1.85788886719584,-7.45738921527175,-33.3400195154912,-1.19328244091077,-5.69163953622557,6.662242207116971,0.1776202649623637,0.6499999999999999,89.73797350376361,Attacked,Played,,0.494476318359375,0.4516067504882813,0.4587979999999998,-0.044266,-0.238142996539223,0.271994820188098,-10.6,-31.6730185397166,-1.13361831886523,-1.13361831886523,-7.838875,0.020947,0.322686,-8.840517,-0.016639,0.161682,-9.687853247149004,-10.06006278747033,-0.0606889596802743,0.0867036029231314,1.163145235127681,0.0,0.145814638133589,-1.0,FEROZ-SHAH-KOTLA-DELHI,2024-04-20,2024,L,R,R,Sunrisers-Hyderabad,Delhi-Capitals,Seam,1.0
1417,1,20,Sunrisers Hyderabad,Shahbaz Ahmed,Mukesh Kumar,,20,5,4,4,4,0,0,0,0,0,0,0,0,0,1,0,0,,,0,19.5,1,1,0,454871,-9.97,209.63,4,0,https://scores.bcci.tv/matchcentre/commentaryFiles/TATA-IPL-2024/Delhi-Capitals-VS-Sunrisers-Hyderabad-(20-Apr-2024)/File_1-20-454871.png,39,ANGLED IN,53,FRONTFOOT STRAIGHT DRIVE,0,0,5,19,260,7,Outside Off stump,Full Length,0,0,5,0,0,0,0,0,85.3081645005498,-6.031496922985926,8.340526041348113,0.7748981951960575,1.957256849184452,-0.264037080386398,1.73931206346538,-6.09930483981869,-34.3248204502317,-1.1103073466226,-6.28157411623723,6.637909294276554,0.2180659044871636,0.5954900080874206,77.51691076439674,Attacked,Played,,0.503402709960938,0.4724922180175781,4.922368,0.238676,-0.245177288930227,0.0,-10.6,-32.1429063976941,-0.961222452800049,-0.961222452800049,-8.277601,0.143634,0.354103,-8.84112,0.12633,0.400855,-10.37059233641186,-10.06024806678153,0.0886319669376722,0.490817274143852,0.8074524576359389,0.1398046493094927,0.089951789524932,-1.0,FEROZ-SHAH-KOTLA-DELHI,2024-04-20,2024,L,L,R,Sunrisers-Hyderabad,Delhi-Capitals,Seam,1.0
1417,1,20,Sunrisers Hyderabad,Shahbaz Ahmed,Mukesh Kumar,,20,6,6,6,6,0,0,0,0,0,0,0,0,0,0,1,0,,,0,19.6,1,1,0,454872,-170.67,67.81,6,0,,39,ANGLED IN,95,SLOG SWEEP,0,0,6,19,266,7,Outside Off stump,Full Toss,0,0,5,0,0,0,0,0,84.35324513450118,-2.826252354586046,8.340713257356928,0.8203016700037038,1.973095775444618,-0.253482530636773,1.76944392686204,-7.17561050249511,-32.9527289827805,-0.895468263865138,-5.60570099849677,6.638976863816567,0.1782000449750067,0.6499999999999999,89.67999550249932,Attacked,Played,,0.498138427734375,0.4592056274414063,-0.0057609999999996,0.111058,-0.235376635591289,0.201391610845573,-10.6,-31.3050925336414,-0.850694850671881,-0.850694850671881,-7.966403,0.171185,0.363733,-8.841032,0.145394,0.226245,-9.654360432174183,-10.06031791223091,0.1112059446993704,0.0247127878694849,1.212996816872807,0.0,0.139743045939179,76.0,FEROZ-SHAH-KOTLA-DELHI,2024-04-20,2024,L,L,R,Sunrisers-Hyderabad,Delhi-Capitals,Seam,1.0
1417,2,14,Delhi Capitals,Prithvi Shaw,Washington Sundar,,1,1,4,4,4,0,0,0,0,0,0,0,0,0,1,0,0,,,0,0.1,1,1,0,454873,-159.15,100.04,4,0,https://scores.bcci.tv/matchcentre/commentaryFiles/TATA-IPL-2024/Delhi-Capitals-VS-Sunrisers-Hyderabad-(20-Apr-2024)/File_2-1-454873.png,25,OFF SPIN,52,BACKFOOT COVERDRIVE,0,0,1,0,4,0,Off stump,Good Length,1,0,0,0,0,0,0,0,53.71061665074198,-3.824810113695217,8.340522796820817,0.9051291647824792,2.158042602569259,-0.190495048288867,-0.415493393949738,-11.2478594514072,-24.7643562775528,-1.93970745518846,-7.14595859590432,9.236620338585656,0.1949428623624138,0.5161538993770509,67.92879867031624,Attacked,Played,,0.838153839111328,0.6866798400878906,6.110325,0.032022,-0.176888259125377,0.0,-10.6,-22.6810965636968,-1.46129319232905,-1.46129319232905,-8.679346,-0.278462,0.578464,-8.840734,-0.289266,0.588792,-16.09593019407684,-10.06001511492157,-0.3713429619934057,0.6483387371783325,-0.8000296908898614,0.7922926261347891,-0.082896683294869,-1.0,FEROZ-SHAH-KOTLA-DELHI,2024-04-20,2024,R,L,R,Delhi-Capitals,Sunrisers-Hyderabad,Spin,1.0
1417,2,14,Delhi Capitals,Prithvi Shaw,Washington Sundar,,1,2,4,4,4,0,0,0,0,0,0,0,0,0,1,0,0,,,0,0.2,1,1,0,454874,149.33,132.73,4,0,https://scores.bcci.tv/matchcentre/commentaryFiles/TATA-IPL-2024/Delhi-Capitals-VS-Sunrisers-Hyderabad-(20-Apr-2024)/File_2-1-454874.jpg,25,OFF SPIN,58,BACKFOOT PULL SHOT,0,0,2,0,8,0,Off stump,Short of Good Length,0,0,0,0,0,0,0,0,61.47205987490554,-6.311684643509095,8.340686050419006,0.9544257586150456,2.124784000829941,-0.195367148163285,-1.06367475371534,-9.88939699114197,-25.3977292612271,-1.96461179486372,-7.11714264756529,8.645385144154645,0.2385116572345809,0.4895317919460906,59.57860306845551,Attacked,Played,,0.713150024414062,0.6626930236816406,7.509236,0.235563,-0.181412351865908,0.0,-10.6,-22.9145451814034,-1.18352059602683,-1.18352059602683,-8.170644,-0.061355,0.572909,-8.840802,-0.097681,0.593231,-15.65433388506061,-10.06002157743549,-0.164292118957305,0.6045507245981528,-1.248855476828573,1.466579463359625,-0.117229116134539,-1.0,FEROZ-SHAH-KOTLA-DELHI,2024-04-20,2024,R,L,R,Delhi-Capitals,Sunrisers-Hyderabad,Spin,1.0
1417,2,14,Delhi Capitals,Prithvi Shaw,Washington Sundar,,1,3,4,4,4,0,0,0,0,0,0,0,0,0,1,0,0,,,0,0.3,1,1,0,454875,152.1,-58.81,4,0,https://scores.bcci.tv/matchcentre/commentaryFiles/TATA-IPL-2024/Delhi-Capitals-VS-Sunrisers-Hyderabad-(20-Apr-2024)/File_2-1-454875.jpg,25,OFF SPIN,55,SWEEP SHOT,0,0,3,0,12,0,Outside Leg stump,Full Length,0,0,0,0,0,0,0,0,53.44818549915458,-0.0020896806708852,8.340851888431231,0.9382296140073696,2.177635289853856,-0.165733751589735,1.22053247258372,-11.342025477045,-21.5453877066655,-0.546464978424343,-6.97710509234447,11.96080455752353,0.359556227746942,0.5370590108710677,54.60322885596597,Attacked,Played,,0.8104248046875,0.71063232421875,4.449746,0.371234,-0.153895626476182,0.0,-10.6,-17.6882913735056,0.53418831862381,0.53418831862381,-7.288073,0.422278,0.341294,-8.840986,0.4702,0.54393,-17.94365863159049,-10.06014885835424,0.5082919194876603,0.6441452751993151,1.659327647693037,3.18271910974399,0.185420699123259,-1.0,FEROZ-SHAH-KOTLA-DELHI,2024-04-20,2024,R,L,R,Delhi-Capitals,Sunrisers-Hyderabad,Spin,1.0
1417,2,14,Delhi Capitals,Prithvi Shaw,Washington Sundar,,1,4,4,4,4,0,0,0,0,0,0,0,0,0,1,0,0,,,0,0.4,1,1,0,454876,-170.21,-5.86,4,0,,25,OFF SPIN,36,CUT SHOT,0,0,4,0,16,0,Outside Off stump,Good Length,0,0,0,0,0,0,0,0,61.53448118676864,-3.583245542004858,8.340721420932447,0.936016834107085,2.15248994607061,-0.191712781296853,-1.21795544992204,-10.2826866717688,-24.9226615685909,-2.13090739718757,-6.82193270154437,10.68400758533113,0.2271163697561091,0.62128912364864,80.48173157168509,Attacked,Played,,0.714706420898438,0.6811981201171875,5.418461,0.028136,-0.178019011204221,0.0,-10.6,-22.4654279600821,-1.27557222329864,-1.27557222329864,-8.723307,-0.207455,0.634811,-8.840675,-0.214345,0.646976,-15.30826432121558,-10.05985222365576,-0.2863120902346672,0.7555467157238666,-1.700190125482879,1.637221960253544,-0.184971006461164,-1.0,FEROZ-SHAH-KOTLA-DELHI,2024-04-20,2024,R,L,R,Delhi-Capitals,Sunrisers-Hyderabad,Spin,1.0
1417,2,14,Delhi Capitals,Prithvi Shaw,Washington Sundar,,1,5,0 WK,W,0,0,0,0,1,0,0,0,0,0,0,0,1,Caught,WICKET,1,0.5,1,1,0,454877,-94.69,43.41,0,0,,25,OFF SPIN,15,LOFTED COVER DRIVE,0,0,5,0,16,1,Middle stump,Full Length,1,0,0,0,0,0,0,0,54.7659968917138,0.8444463192295089,8.340722890752538,0.9347438558833786,2.176781620152462,-0.168673147161306,0.594063009802764,-11.6140446065147,-21.9275091309698,-1.16980447925515,-7.08137513966756,12.59999711255068,0.2696937439834716,0.5967064568778896,72.53659413333627,,,,0.788841247558594,0.7060432434082031,3.563819000000001,0.063274,-0.156625065221213,0.0,-10.6,-18.9038149525431,-0.455279892045603,-0.455279892045603,-7.724567,0.033538,0.276892,-8.840958,0.006247,0.46964,-17.8975928330828,-10.05992368862851,-0.0238478919482773,0.6380284700462161,0.5776030952828066,1.674115337541337,0.0701087401818681,-1.0,FEROZ-SHAH-KOTLA-DELHI,2024-04-20,2024,R,L,R,Delhi-Capitals,Sunrisers-Hyderabad,Spin,1.0
1417,2,14,Delhi Capitals,Jake Fraser-McGurk,Washington Sundar,,1,6,0,0,0,0,0,0,1,0,0,0,0,0,0,0,0,,,0,0.6,1,1,0,454878,-94.69,43.41,0,0,,15,FASTER ONE,36,CUT SHOT,0,0,6,0,16,1,Outside Off stump,Good Length,2,0,0,0,0,0,0,0,61.3813776704937,-4.977657134855765,8.340577071578156,-0.6876693128759022,2.142943228934762,-0.193947025644954,-1.05258589879809,-9.89340052361189,-25.213113333844,0.0719539697099331,-6.89047249038465,9.049563199170876,0.1398382946227716,0.5482434442997186,78.25268718268063,Attacked,Missed,,0.699600219726562,0.7320671081542969,6.432653,-0.546483,-0.180093666670314,0.0,-10.6,-23.7183742197525,0.379061292510863,0.379061292510863,-999.9,-999.9,-999.9,-8.840994,-0.461466,0.614741,-15.28508347024238,-10.05980488127731,-0.4410856571012502,0.6747037812664456,-0.9806343311411644,0.752097235165176,-0.0999399782851957,-1.0,FEROZ-SHAH-KOTLA-DELHI,2024-04-20,2024,R,L,R,Delhi-Capitals,Sunrisers-Hyderabad,Spin,1.0
1417,2,14,Delhi Capitals,David Warner,Bhuvneshwar Kumar,,2,1,1 (WD),1,0,0,0,0,0,1,1,0,0,0,0,0,0,,,0,1.1,1,1,1,454879,-94.69,43.41,1,0,,30,ANGLED ACROSS,54,LEG GLANCE,0,0,1,1,17,1,Outside Leg stump,Good Length,3,0,0,0,0,0,0,0,81.929243,-8.429977121203484,8.341138632317367,-0.6910779280354554,1.948458766069381,-0.258336534093105,-0.0591446178962429,-8.17170151999549,-33.5837494321036,0.338025964536566,-7.76562631474629,8.64200450612456,0.1896307598778794,0.6108710557852544,82.66758238000021,Attacked,Missed,,0.494155883789062,0.5635299682617188,8.168557,-0.589394,-0.239883924515026,0.0,-10.6,-31.2121127854239,0.269841382444199,0.269841382444199,-999.9,-999.9,-999.9,-8.840657,-0.527651,0.830285,-13.01977013679248,-10.05991716184008,-0.5164601095889879,0.917320976215498,0.0146441059538795,-0.081339049420168,2.66542464134803,-1.0,FEROZ-SHAH-KOTLA-DELHI,2024-04-20,2024,L,R,R,Delhi-Capitals,Sunrisers-Hyderabad,Seam,1.0
1417,2,14,Delhi Capitals,David Warner,Bhuvneshwar Kumar,,2,1,1 (WD),1,0,0,0,0,0,1,1,0,0,0,0,0,0,,,0,1.1,1,1,1,454880,-94.69,43.41,1,0,,38,STRAIGHT BALL,54,LEG GLANCE,0,0,2,1,18,1,Outside Leg stump,Good Length,0,0,0,0,0,0,0,0,82.68608890472362,-8.575748270633769,8.340438669395795,-0.6966252423049326,1.91413339360383,-0.261004751748428,-1.16937438460522,-7.69037193784788,-33.9306177272957,0.417310235023919,-7.69542147610197,8.438013007838084,0.1491628933365581,0.618312132626364,87.83053056029878,Attacked,Missed,,0.526405334472656,0.5544319152832031,8.39471,-0.530883,-0.242361555194969,-0.415269171138826,-10.6,-32.0750145291343,-0.188728334164544,-0.188728334164544,-999.9,-999.9,-999.9,-8.840735,-0.585275,0.852287,-12.77844002103417,-10.06025661359759,-0.5970962633303939,0.9373660581245982,-0.4703906184690064,-1.041763755594972,-0.0346727724482526,-1.0,FEROZ-SHAH-KOTLA-DELHI,2024-04-20,2024,L,R,R,Delhi-Capitals,Sunrisers-Hyderabad,Seam,1.0
1417,2,14,Delhi Capitals,David Warner,Bhuvneshwar Kumar,,2,1,1 (WD),1,0,0,0,0,0,1,1,0,0,0,0,0,0,,,0,1.1,1,1,1,454881,-94.69,43.41,1,0,,38,STRAIGHT BALL,54,LEG GLANCE,0,0,3,1,19,1,Outside Leg stump,Good Length,0,0,0,0,0,0,0,0,83.44626070427525,-8.664472222947472,8.340598329717551,-0.6566940644747989,1.913675242396704,-0.263556639010654,-0.470562794867506,-7.89661942775293,-34.2623630713851,0.598264712861721,-7.82423547746995,9.04072456532936,0.1759405753017746,0.6506061702412255,89.99686800600635,Attacked,Missed,,0.525821685791016,0.5529899597167969,8.47507,-0.471343,-0.244731164795608,4.48830625288615,-10.6,-31.9929339695639,-0.39405412767203,-0.39405412767203,-999.9,-999.9,-999.9,-8.840869,-0.441106,0.936356,-12.86361925640007,-10.05966591224972,-0.4109401141457816,1.033733868649163,-0.1330812596932978,-1.70602733181807,-0.0380392679151967,-1.0,FEROZ-SHAH-KOTLA-DELHI,2024-04-20,2024,L,R,R,Delhi-Capitals,Sunrisers-Hyderabad,Seam,1.0
1417,2,14,Delhi Capitals,David Warner,Bhuvneshwar Kumar,,2,1,1,1,1,1,0,0,0,0,0,0,0,0,0,0,0,,,0,1.1,1,1,0,454882,63.69,-31.64,1,0,,30,ANGLED ACROSS,27,FORWARD PUSH,0,0,4,1,20,1,Middle stump,Good Length,0,0,0,0,0,0,0,0,83.75116715912493,-7.241622495039699,8.340534839907729,-0.6294516187279767,1.922590098738996,-0.267139723765545,-0.808563318455087,-7.52913236099897,-34.7281640895209,1.25704610091142,-7.172901276676,8.66791870099518,0.2002408073957644,0.6868189776413842,92.9987659066312,Attacked,Played,,0.516368865966797,0.4925765991210938,6.983429,-0.193196,-0.248058314925149,0.0,-10.6,-32.3157274734688,0.894908671918081,0.894908671918081,-8.687032,-0.034383,0.743478,-8.840529,-0.029938,0.758473,-11.67000890932304,-10.06031879605031,0.0055794759944138,0.8688998788099704,-0.2186702183570136,-0.4867475040933197,-0.0206320289569347,-1.0,FEROZ-SHAH-KOTLA-DELHI,2024-04-20,2024,L,R,R,Delhi-Capitals,Sunrisers-Hyderabad,Seam,1.0
1417,2,14,Delhi Capitals,Jake Fraser-McGurk,Bhuvneshwar Kumar,,2,2,0,0,0,0,0,0,1,0,0,0,0,0,0,0,0,,,0,1.2,1,1,0,454883,63.69,-31.64,0,0,,39,ANGLED IN,11,LOFTED ON DRIVE,0,0,5,1,20,1,Outside Off stump,Good Length,0,0,0,0,0,0,0,0,85.14071247482259,-8.351018213167546,8.340560806857962,-0.7729094721521484,1.912002734176302,-0.2684176633637,0.791256795634547,-7.35006073863328,-34.894296237281,0.894559154608838,-7.60886455633138,6.366070952094166,0.1719947894156058,0.4832156865314705,65.28287403816,Attacked,Missed,,0.511814117431641,0.5378494262695312,8.131031,-0.551262,-0.249244973123435,0.0,-10.6,-32.9548789380087,0.80455954939787,0.80455954939787,-999.9,-999.9,-999.9,-8.840493,-0.377954,0.597671,-12.30106209219674,-10.05977294904145,-0.3463908674244736,0.6441779615818555,0.448397658776495,-0.0699878462940454,0.0266805877377113,-1.0,FEROZ-SHAH-KOTLA-DELHI,2024-04-20,2024,R,L,R,Delhi-Capitals,Sunrisers-Hyderabad,Seam,1.0
1417,2,14,Delhi Capitals,Jake Fraser-McGurk,Bhuvneshwar Kumar,,2,3,4,4,4,0,0,0,0,0,0,0,0,0,1,0,0,,,0,1.3,1,1,0,454884,-172.05,68.73,4,0,,38,STRAIGHT BALL,52,BACKFOOT COVERDRIVE,0,0,6,1,24,1,Wide outside Off stump,Good Length,0,0,0,0,0,0,0,0,74.39090262221988,-8.18355816085755,8.340791519307214,-0.8109501862024078,1.911737151354068,-0.236023123562627,-3.50706646794075,-10.547217108075,-30.6830060631415,-0.427905534266073,-7.86468838142375,9.558872322502356,0.2055274180435375,0.6015749997144715,79.68350815281698,Attacked,Played,,0.596260070800781,0.5735321044921875,8.96305,-0.7834,-0.21916432902244,0.0,-10.6,-28.0951646578116,-0.337297797934798,-0.337297797934798,-8.637113,-0.876695,0.94456,-8.840901,-0.879297,0.958123,-14.37657770706764,-10.06001018468087,-0.8949533813776466,1.026426742309317,-1.866893917050651,0.1111616799523037,-0.148263693039005,-1.0,FEROZ-SHAH-KOTLA-DELHI,2024-04-20,2024,R,L,R,Delhi-Capitals,Sunrisers-Hyderabad,Seam,1.0
1417,2,14,Delhi Capitals,Jake Fraser-McGurk,Bhuvneshwar Kumar,,2,4,1,1,1,1,0,0,0,0,0,0,0,0,0,0,0,,,0,1.4,1,1,0,454885,-53.72,-51.44,1,0,,39,ANGLED IN,27,FORWARD PUSH,0,0,7,1,25,1,Outside Off stump,Good Length,0,0,0,0,0,0,0,0,78.47900279205449,-5.749930879840011,8.34045926500269,-0.7260158350606531,1.914402440431051,-0.245527795600523,-2.04320536201444,-9.19784516167181,-31.918613428068,0.475716774515932,-6.84156860747634,7.547468854704321,0.1512513018757123,0.5864188219851093,82.83769311019519,Attacked,Edged,,0.545505523681641,0.5081405639648438,6.319617,-0.420027,-0.227990095914772,0.0,-10.6,-30.2804737150968,0.0624837256157522,0.0624837256157522,-8.094983,-0.410891,0.514013,-8.84091,-0.409295,0.573445,-12.09795909986311,-10.05998744030293,-0.406666050381504,0.6562513557638898,-1.141190268683492,-0.7356466239287272,-0.114772850871541,-1.0,FEROZ-SHAH-KOTLA-DELHI,2024-04-20,2024,R,L,R,Delhi-Capitals,Sunrisers-Hyderabad,Seam,1.0
1417,2,14,Delhi Capitals,David Warner,Bhuvneshwar Kumar,,2,5,0,0,0,0,0,0,1,0,0,0,0,0,0,0,0,,,0,1.5,1,1,0,454886,92.7,17.63,0,0,,41,INSWINGER,52,BACKFOOT COVERDRIVE,0,0,8,1,25,1,Off stump,Good Length,0,0,0,0,0,0,0,0,85.9517969284814,-8.363574371488175,8.340440575866847,-0.6395733759096968,1.913677330635033,-0.270370696373599,0.395091022706917,-6.64846279043179,-35.1481905285679,1.97280601772793,-7.48087698768394,7.405124107042789,0.1789982938216338,0.5742663388226125,78.24012144122848,Defended,Played,,0.50811767578125,0.4962272644042969,7.965087,-0.092288,-0.251058503775485,0.0,-10.6,-33.0543445363242,1.64934272723596,1.64934272723596,-8.876769,0.255139,0.71816,-8.840885,0.253252,0.715792,-12.01543729481647,-10.06016240158395,0.3176918784458741,0.7887840497693681,0.4080966299024748,-0.3559699394646266,0.036435018672749,-1.0,FEROZ-SHAH-KOTLA-DELHI,2024-04-20,2024,L,R,R,Delhi-Capitals,Sunrisers-Hyderabad,Seam,1.0
1417,2,14,Delhi Capitals,David Warner,Bhuvneshwar Kumar,,2,6,0 WK,W,0,0,0,0,1,0,0,0,0,0,0,0,1,Caught,WICKET,1,1.6,1,1,0,454887,49.88,111.09,0,0,,42,OUTSWINGER,97,BACKFOOT PUSH,0,0,9,1,25,2,Off stump,Good Length,1,0,0,0,0,0,0,0,83.65966055071554,-8.162881836541413,8.34080963277679,-0.652574046616219,1.874876908637686,-0.266198049761543,0.236679835860993,-6.57962443891012,-34.6057464690006,1.68273284171657,-7.27040032023182,7.785142637063244,0.1927603073400153,0.6080313967075744,81.92867877213465,,,,0.522880554199219,0.478729248046875,7.967387,-0.174524,-0.247183903350005,0.0,-10.6,-32.3337525227493,1.95940596435961,1.95940596435961,-8.054597,0.195261,0.688609,-8.841081,0.245356,0.747019,-11.86484318942648,-10.05983668326778,0.3236139953896621,0.8244023865793231,0.3115312119930766,0.683987368519724,0.0275437485866214,-1.0,FEROZ-SHAH-KOTLA-DELHI,2024-04-20,2024,L,R,R,Delhi-Capitals,Sunrisers-Hyderabad,Seam,1.0
1417,2,14,Delhi Capitals,Jake Fraser-McGurk,Washington Sundar,,3,1,4,4,4,0,0,0,0,0,0,0,0,0,1,0,0,,,0,2.1,1,1,0,454888,-142.12,134.58,4,0,,25,OFF SPIN,15,LOFTED COVER DRIVE,0,0,1,2,29,2,Outside Off stump,Good Length,2,0,0,0,0,0,0,0,60.44289390631934,-4.682683988807547,8.340630307548903,-0.686286289181437,2.150558901257956,-0.192081788242307,-1.52677914730723,-9.84808826356191,-24.9706324715,-0.309356063902455,-6.83012055622431,8.465409583493978,0.1649008580542574,0.5071711863214755,69.58559214279558,Attacked,Played,,0.705574035644531,0.6562728881835938,6.216945,-0.664514,-0.178361660510714,0.0,-10.6,-23.2745454568001,0.150603078816438,0.150603078816438,-8.188457,-0.635917,0.502797,-8.841035,-0.631538,0.540518,-15.29771263376151,-10.05975245337272,-0.6232977132985571,0.5871934332019579,-1.554600035271413,1.080529196112265,-0.126826690502475,-1.0,FEROZ-SHAH-KOTLA-DELHI,2024-04-20,2024,R,L,R,Delhi-Capitals,Sunrisers-Hyderabad,Spin,1.0
1417,2,14,Delhi Capitals,Jake Fraser-McGurk,Washington Sundar,,3,2,4,4,4,0,0,0,0,0,0,0,0,0,1,0,0,,,0,2.2,1,1,0,454889,-67.07,204.56,4,0,,25,OFF SPIN,5,LOFTED OFF DRIVE,0,0,2,2,33,2,Outside Off stump,Short of Good Length,0,0,0,0,0,0,0,0,52.26066978822916,-3.341657513724322,8.340776422722147,-0.6686067385318416,2.128512862219571,-0.165203602202441,-0.358564719073477,-11.296636379946,-21.4764682863173,-0.105378714002225,-6.99927551737275,12.43078145600469,0.309602442005737,0.5685496277083706,64.32219995568188,Attacked,Played,,0.844551086425781,0.785430908203125,7.228876,-0.676546,-0.153403344902267,0.0,-10.6,-18.0532595797693,0.939538855286286,0.939538855286286,-7.889417,-0.407474,0.747217,-8.840774,-0.35552,0.783197,-18.05101703727286,-10.06018224191036,-0.2882757468948275,0.7816401954508662,-0.4618487048514662,3.260265877441711,-0.0431483459476288,-1.0,FEROZ-SHAH-KOTLA-DELHI,2024-04-20,2024,R,L,R,Delhi-Capitals,Sunrisers-Hyderabad,Spin,1.0
1417,2,14,Delhi Capitals,Jake Fraser-McGurk,Washington Sundar,,3,3,6,6,6,0,0,0,0,0,0,0,0,0,0,1,0,,,0,2.3,1,1,0,454890,7.98,211.47,6,0,,25,OFF SPIN,13,LOFTED STRAIGHT,0,0,3,2,39,2,Outside Off stump,Full Length,0,0,0,0,0,0,0,0,52.84797709845401,-0.2315775230884594,8.34076674922618,-0.6480236642741216,2.189893140773507,-0.164882903740548,-0.645211471324314,-10.9520400036923,-21.4347774862712,0.126411855422011,-6.88000761562712,11.58450466365004,0.3139517923648938,0.538568698387678,59.39012552166231,Attacked,Played,,0.818138122558594,0.7245826721191406,4.421634,-0.445937,-0.153105553473366,0.0,-10.6,-18.0759077047141,1.14056696220251,1.14056696220251,-7.523822,-0.326007,0.360341,-8.840857,-0.241073,0.523877,-17.79528292683499,-10.05996028119768,-0.1615813551413201,0.6236824432417324,-0.931581363694664,3.272606143278288,-0.106494718103809,84.0,FEROZ-SHAH-KOTLA-DELHI,2024-04-20,2024,R,L,R,Delhi-Capitals,Sunrisers-Hyderabad,Spin,1.0
1417,2,14,Delhi Capitals,Jake Fraser-McGurk,Washington Sundar,,3,4,4,4,4,0,0,0,0,0,0,0,0,0,1,0,0,,,0,2.4,1,1,0,454891,-143.96,137.34,4,0,,25,OFF SPIN,52,BACKFOOT COVERDRIVE,0,0,4,2,43,2,Wide outside Off stump,Short of Good Length,0,0,0,0,0,0,0,0,52.92050175792605,-3.016453157272394,8.340571837533957,-0.6670618115161738,2.138247462181083,-0.166617292276064,-0.885966714676182,-10.6826046848923,-21.6602479958883,-0.384478732316761,-6.80904965310331,10.76545538764123,0.2732187287970588,0.5254634577471797,61.49764578237107,Attacked,Played,,0.812507629394531,0.78515625,6.61454,-0.747142,-0.154716057113488,0.0,-10.6,-18.8176765388206,0.551249602327677,0.551249602327677,-8.318549,-0.60145,0.61616,-8.8408,-0.585477,0.634207,-17.45090332001566,-10.06009454729093,-0.547903049403791,0.6415671959300714,-1.203637567554448,2.694874629959231,-0.118419708513646,-1.0,FEROZ-SHAH-KOTLA-DELHI,2024-04-20,2024,R,L,R,Delhi-Capitals,Sunrisers-Hyderabad,Spin,1.0
1417,2,14,Delhi Capitals,Jake Fraser-McGurk,Washington Sundar,,3,5,6,6,6,0,0,0,0,0,0,0,0,0,0,1,0,,,0,2.5,1,1,0,454892,-65.23,204.1,6,0,,23,ARM BALL,5,LOFTED OFF DRIVE,0,0,5,2,49,2,Off stump,Short of Good Length,0,0,0,0,0,0,0,0,52.8901854967623,-2.243801801186874,8.340832811653549,0.926529481685274,2.137071726075816,-0.165658248646458,-0.435250866599376,-10.7271482463591,-21.5355723240396,-1.85701358158703,-6.76803233264427,11.75943486464966,0.2756654709657685,0.573816541024733,68.5059340571331,Attacked,Played,,0.81207275390625,0.7814369201660156,6.121691,-0.020636,-0.153825516600283,0.0,-10.6,-18.6557609112154,-0.935457155554429,-0.935457155554429,-8.272933,-0.241967,0.663934,-8.840774,-0.271567,0.702156,-17.44648526646341,-10.05986424334118,-0.3356072804701269,0.7485291902649364,-0.9968476164486224,2.057844901207635,-0.104553146404356,81.0,FEROZ-SHAH-KOTLA-DELHI,2024-04-20,2024,R,L,R,Delhi-Capitals,Sunrisers-Hyderabad,Spin,1.0
1417,2,14,Delhi Capitals,Jake Fraser-McGurk,Washington Sundar,,3,6,6,6,6,0,0,0,0,0,0,0,0,0,0,1,0,,,0,2.6,1,1,0,454893,-113.57,175.09,6,0,,23,ARM BALL,5,LOFTED OFF DRIVE,0,0,6,2,55,2,Outside Off stump,Short of Good Length,0,1,1,0,1,0,0,0,62.94718708528777,-6.351205408946191,8.340526266677923,0.9847416896574772,2.103535525671833,-0.197388574854308,-0.584407754962006,-8.30503295910483,-25.66051473106,-2.21895067674887,-6.62219073452268,9.171904875868355,0.2313726097647758,0.5682864982656883,72.10571376337568,Attacked,Played,,0.69873046875,0.6484336853027344,7.0667,0.097462,-0.183289390936143,0.0,-10.6,-23.3077358560106,-1.45902779738863,-1.45902779738863,-8.129829,-0.230751,0.622227,-8.840604,-0.277253,0.660788,-14.47055036985886,-10.05996569137773,-0.3576667740225599,0.7020609572493559,-0.9000219466586105,1.360311323728535,-0.0862897797821432,81.0,FEROZ-SHAH-KOTLA-DELHI,2024-04-20,2024,R,L,R,Delhi-Capitals,Sunrisers-Hyderabad,Spin,1.0
1417,2,14,Delhi Capitals,Abishek Porel,Bhuvneshwar Kumar,,4,1,0,0,0,0,0,0,1,0,0,0,0,0,0,0,0,,,0,3.1,1,1,0,454894,-113.57,175.09,0,0,,30,ANGLED ACROSS,44,GLIDE,0,0,1,3,55,2,Off stump,Good Length,1,0,1,0,0,0,0,0,86.4131386580058,-9.261425757952676,8.34056596142155,-0.6508099880247179,1.92169651099153,-0.272634985629411,0.23709911598439,-6.56678608483973,-35.4425481318235,1.78938679119305,-7.94494376515361,7.825744271765771,0.1561374199237227,0.5790265624332415,81.24024237261395,Attacked,Missed,,0.506996154785156,0.5327682495117188,8.69621,-0.186558,-0.253161058084453,0.0,-10.6,-33.471395724824,1.96289899140879,1.96289899140879,-999.9,-999.9,-999.9,-8.84083,0.264813,0.830254,-12.63478474567459,-10.05993609556494,0.3409645719815824,0.9061853910856984,0.2944435971300801,0.4659777688915802,0.0242752609527095,-1.0,FEROZ-SHAH-KOTLA-DELHI,2024-04-20,2024,L,R,R,Delhi-Capitals,Sunrisers-Hyderabad,Seam,1.0
1417,2,14,Delhi Capitals,Abishek Porel,Bhuvneshwar Kumar,,4,2,2,2,2,0,1,0,0,0,0,0,0,0,0,0,0,,,0,3.2,1,1,0,454895,-125.08,17.63,2,0,,30,ANGLED ACROSS,94,STEP DOWN LOFTED ON DRIVE,0,0,2,3,57,2,Outside Leg stump,Short of Good Length,0,0,1,0,0,0,0,0,83.93739548946128,-10.82989537587911,8.341029880897857,-0.7187352798333884,1.923884925925767,-0.269270431383491,0.412170503629254,-8.05158694386649,-35.0051560798538,1.42705720511139,-9.00521323534099,8.515699311209048,0.1743081627796905,0.5420080118680932,73.87038550224493,Attacked,Edged,,0.520603179931641,0.4557723999023438,9.987002,-0.397543,-0.250036829141813,0.0,-10.6,-32.5977468797882,1.02219881950613,1.02219881950613,-7.139202,-0.16973,0.869428,-8.841053,-0.112912,0.993043,-14.42674113809039,-10.06007751191877,-0.071723181725828,1.062179097912894,0.2891410809599649,-0.5383974677204655,0.0219878931608973,-1.0,FEROZ-SHAH-KOTLA-DELHI,2024-04-20,2024,L,R,R,Delhi-Capitals,Sunrisers-Hyderabad,Seam,1.0
1417,2,14,Delhi Capitals,Abishek Porel,Bhuvneshwar Kumar,,4,3,4,4,4,0,0,0,0,0,0,0,0,0,1,0,0,,,0,3.3,1,1,0,454896,175.58,73.34,4,0,,30,ANGLED ACROSS,89,STEP DOWN COVER DRIVE,0,0,3,3,61,2,Middle stump,Short of Good Length,0,0,1,0,0,0,0,0,85.46809826610537,-9.514985713137362,8.340381242349551,-0.676791397517102,1.906615475597088,-0.270531146888592,-0.761616445240484,-8.76790922549823,-35.1690490955169,1.67760406627879,-8.50529868391941,7.566344062348861,0.1625428485413904,0.5165865699391942,71.2337006367401,Attacked,Played,,0.499740600585938,0.4545249938964844,9.282005,-0.232499,-0.251207493539407,0.0,-10.6,-33.0776249702983,1.51703394922551,1.51703394922551,-7.353995,0.076887,0.726226,-8.840469,0.149074,0.820432,-13.59539849275322,-10.06006697536015,0.2089522606281383,0.8803623555605131,-0.1111429340821886,-0.1050971106322185,0.0160938487794053,-1.0,FEROZ-SHAH-KOTLA-DELHI,2024-04-20,2024,L,R,R,Delhi-Capitals,Sunrisers-Hyderabad,Seam,1.0
1417,2,14,Delhi Capitals,Abishek Porel,Bhuvneshwar Kumar,,4,4,0,0,0,0,0,0,1,0,0,0,0,0,0,0,0,,,0,3.4,1,1,0,454897,175.58,73.34,0,0,,46,LEGCUTTER,99,SCOOP,0,0,4,3,61,2,Leg stump,Good Length,0,0,1,0,0,0,0,0,77.0271875221199,-8.278205704855292,8.340722161707689,-0.7579103666703791,1.96416373600267,-0.242835794688723,-1.14007113881272,-7.47789172142436,-31.568653309534,1.51185531973505,-7.29401318289791,7.928907192781756,0.2160536091169691,0.5562632117925539,71.83412085718616,Attacked,Missed,,0.571369171142578,0.6014213562011719,8.143912,-0.229369,-0.225490380782386,0.0,-10.6,-29.1320736110184,1.08637669840956,1.08637669840956,-999.9,-999.9,-999.9,-8.841042,0.036051,0.723733,-13.01002002504898,-10.05977671034382,0.084314488920317,0.7784731473338822,-0.3980486548197318,-0.6062070085726275,-0.0265476682589285,-1.0,FEROZ-SHAH-KOTLA-DELHI,2024-04-20,2024,L,R,R,Delhi-Capitals,Sunrisers-Hyderabad,Seam,1.0
1417,2,14,Delhi Capitals,Abishek Porel,Bhuvneshwar Kumar,,4,5,0,0,0,0,0,0,1,0,0,0,0,0,0,0,0,,,0,3.5,1,1,0,454898,13.51,62.29,0,0,,30,ANGLED ACROSS,53,FRONTFOOT STRAIGHT DRIVE,0,0,5,3,61,2,Off stump,Yorker,0,0,1,0,0,0,0,0,81.91853952070008,-4.062107127837632,8.340511379657134,-0.7027947617255043,1.978958033323614,-0.254695770443744,-0.205380566147333,-6.8313014172294,-33.1104501576867,1.63242009461941,-5.7819623512051,6.813473966432604,0.1737413005539434,0.6499999999999991,90.12586994460554,Attacked,Played,,0.515876770019531,0.474151611328125,2.261873,0.068907,-0.236503215412048,-0.366377633542964,-10.6,-31.4549276498024,1.55079908988844,1.55079908988844,-8.259599,0.091659,0.097534,-8.840888,0.120317,0.162657,-9.905480665409325,-10.05989291814804,0.1804126937330125,0.2881328014857055,0.1663162326176396,0.0,0.0363195983127672,-1.0,FEROZ-SHAH-KOTLA-DELHI,2024-04-20,2024,L,R,R,Delhi-Capitals,Sunrisers-Hyderabad,Seam,1.0
1417,2,14,Delhi Capitals,Abishek Porel,Bhuvneshwar Kumar,,4,6,0,0,0,0,0,0,1,0,0,0,0,0,0,0,0,,,0,3.6,1,1,0,454899,-8.13,59.99,0,0,,30,ANGLED ACROSS,11,LOFTED ON DRIVE,0,0,6,3,61,2,Off stump,Yorker,0,0,1,0,0,0,0,0,84.96217052052108,-4.385558240412927,8.340582570329865,-0.5982150946996867,1.956104553417557,-0.261474035499154,-0.668914845820543,-6.61972241301058,-33.99162461489,1.39881044928934,-5.83184906580504,4.773325246585007,0.2483035224242245,0.4562877877903756,53.61281592613389,Attacked,Played,,0.497726440429688,0.46234130859375,2.578749,0.080734,-0.242797318677785,0.0,-10.6,-31.866938421711,1.68753451558192,1.68753451558192,-8.215207,0.11971,0.091719,-8.841083,0.15312,0.137478,-9.735296423810798,-10.06025339012929,0.2186663769586374,0.2151781123668643,-0.1853538023323475,0.6748193435041097,-0.031160853087822,-1.0,FEROZ-SHAH-KOTLA-DELHI,2024-04-20,2024,L,R,R,Delhi-Capitals,Sunrisers-Hyderabad,Seam,1.0
1417,2,14,Delhi Capitals,Jake Fraser-McGurk,Pat Cummins,,5,1,1,1,1,1,0,0,0,0,0,0,0,0,0,0,0,,,0,4.1,1,1,0,454900,131.84,99.12,1,0,,8,OFF CUTTER,47,FRONTFOOT ON DRIVE,0,0,1,4,62,2,Outside Leg stump,Full Length,1,0,1,0,0,0,0,0,68.76639565035809,-2.558526315261341,8.340570032491723,-0.6554686243168976,2.108077614869402,-0.210710936790387,-1.12556394253784,-9.65479043576726,-27.3924217827503,1.72612088449273,-6.47525456004605,8.975978871668405,0.2147584625474114,0.6124649983481292,80.39390349747823,Attacked,Played,,0.619148254394531,0.5870246887207031,3.072974,0.415028,-0.195660155591073,0.0,-10.6,-25.1076205645493,2.20700873741215,2.20700873741215,-8.436834,0.543194,0.24607,-8.841014,0.579186,0.299297,-13.29992163404385,-10.05986699578149,0.6884232842079376,0.443582009764919,-0.7296529226841423,1.417798949415937,-0.091462397300097,-1.0,FEROZ-SHAH-KOTLA-DELHI,2024-04-20,2024,R,L,R,Delhi-Capitals,Sunrisers-Hyderabad,Seam,1.0
1417,2,14,Delhi Capitals,Abishek Porel,Pat Cummins,,5,2,4,4,4,0,0,0,0,0,0,0,0,0,1,0,0,,,0,4.2,1,1,0,454901,165.91,-22.43,4,0,,30,ANGLED ACROSS,36,CUT SHOT,0,0,2,4,66,2,Outside Off stump,Good Length,0,0,1,0,0,0,0,0,87.42179346296028,-9.88798343639536,8.340624936514548,-0.6012455291691373,2.073038375365589,-0.278828259603585,-0.437882629840763,-5.25737379288865,-36.2476737484661,2.37496785986737,-8.22654575847223,8.130905942122794,0.1586389995574843,0.5936964933623212,83.19057404859976,Attacked,Played,,0.498355865478516,0.4615631103515625,8.265305,0.054083,-0.258911955346186,0.0,-10.6,-34.1850749037242,2.03412229758643,2.03412229758643,-8.207994,0.445275,0.791878,-8.840649,0.484941,0.845352,-12.78688687085434,-10.05974886242528,0.5619472756394481,0.9376550385418692,0.0982202352037145,-0.3434246725273014,0.00869784912896288,-1.0,FEROZ-SHAH-KOTLA-DELHI,2024-04-20,2024,L,R,R,Delhi-Capitals,Sunrisers-Hyderabad,Seam,1.0
1417,2,14,Delhi Capitals,Abishek Porel,Pat Cummins,,5,3,4,4,4,0,0,0,0,0,0,0,0,0,1,0,0,,,0,4.3,1,1,0,454902,178.8,48.01,4,0,,30,ANGLED ACROSS,114,STEP DOWN LOFTED COVER DRIVE,0,0,3,4,70,2,Outside Off stump,Good Length,0,0,1,0,0,0,0,0,87.94046174177973,-7.756877043868608,8.340817563140973,-0.5621836404291458,2.078928968834758,-0.273768948858868,-1.05299945897129,-5.48230499762542,-35.5899633516528,1.9319026708419,-7.10701610184987,7.793840563703991,0.2083256729388508,0.6382661586582519,84.90735650485269,Attacked,Played,,0.493583679199219,0.43670654296875,6.156722,0.129903,-0.254214023940377,0.0,-10.6,-33.1413295436049,2.23764566276874,2.23764566276874,-7.431443,0.371401,0.466419,-8.840548,0.469735,0.605253,-11.2929400987774,-10.05994573125049,0.5557265060364183,0.7098831547399763,-0.2408957195152779,0.7555567071379653,-0.0345496275530086,-1.0,FEROZ-SHAH-KOTLA-DELHI,2024-04-20,2024,L,R,R,Delhi-Capitals,Sunrisers-Hyderabad,Seam,1.0
1417,2,14,Delhi Capitals,Abishek Porel,Pat Cummins,,5,4,1,1,1,1,0,0,0,0,0,0,0,0,0,0,0,,,0,4.4,1,1,0,454903,95.0,64.59,1,0,,8,OFF CUTTER,51,FRONTFOOT COVERDRIVE,0,0,4,4,71,2,Outside Off stump,Full Length,0,0,1,0,0,0,0,0,70.95990942560998,-2.221943059588942,8.340724613143408,-0.6244480910687754,2.097344058343644,-0.217005857318262,-0.977530703648372,-10.1638796804358,-28.210761451374,1.41136918844856,-6.5985087063198,8.855743081777305,0.0129654396910125,0.6614280805777034,107.9176681175543,Attacked,Played,,0.593765258789062,0.556640625,2.604812,0.257852,-0.201505438938386,0.0,-10.6,-28.0122696192875,2.2676475407075,2.2676475407075,-8.243071,0.321814,0.148449,-8.841039,0.370602,0.233463,-13.1648319844315,-10.06005669529384,0.4707218070569765,0.3925579365336181,-0.6229788248913483,1.764023376651778,-0.0802088246860688,-1.0,FEROZ-SHAH-KOTLA-DELHI,2024-04-20,2024,L,R,R,Delhi-Capitals,Sunrisers-Hyderabad,Seam,1.0
1417,2,14,Delhi Capitals,Jake Fraser-McGurk,Pat Cummins,,5,5,4,4,4,0,0,0,0,0,0,0,0,0,1,0,0,,,0,4.5,1,1,0,454904,-175.27,64.59,4,0,,39,ANGLED IN,51,FRONTFOOT COVERDRIVE,0,0,5,4,75,2,Leg stump,Full Length,0,0,1,0,0,0,0,0,91.57597412799716,-5.486427198208975,8.340532506679793,-0.5963961439312887,2.076551769354576,-0.279918610568596,-0.450596992135775,-5.67380983926247,-36.3894193739175,1.07350194000158,-6.20682264397703,4.880341527433368,0.0630713132643346,0.4925479274552789,77.57505779185837,Attacked,Played,,0.460670471191406,0.4508285522460938,2.83015,-0.125758,-0.259924424099411,0.0,-10.6,-35.8045447182211,1.08428469091383,1.08428469091383,-8.891544,-0.07513,0.162681,-8.840529,-0.076694,0.158976,-9.679599048346503,-10.05963454711832,-0.0391699466876899,0.2418277461957378,-0.0751960629494909,0.0448254541560388,-0.0141599698280883,-1.0,FEROZ-SHAH-KOTLA-DELHI,2024-04-20,2024,R,L,R,Delhi-Capitals,Sunrisers-Hyderabad,Seam,1.0
1417,2,14,Delhi Capitals,Jake Fraser-McGurk,Pat Cummins,,5,6,6,6,6,0,0,0,0,0,0,0,0,0,0,1,0,,,0,4.6,1,1,0,454905,44.36,205.48,6,0,https://scores.bcci.tv/matchcentre/commentaryFiles/TATA-IPL-2024/Delhi-Capitals-VS-Sunrisers-Hyderabad-(20-Apr-2024)/File_2-5-454905.png,8,OFF CUTTER,11,LOFTED ON DRIVE,0,0,6,4,81,2,Outside Off stump,Full Length,0,0,1,0,0,0,0,0,70.84014618190992,-4.502846161395447,8.340749978810333,-0.7454691497986616,2.082964616615167,-0.219968056448632,-0.923542492096121,-9.31925975140634,-28.5958473383221,0.549083240650554,-6.65706328116854,7.528923736854937,0.1482591267678476,0.5374856687969904,75.79693764276382,Attacked,Played,,0.603607177734375,0.5533676147460938,4.947435,-0.407109,-0.204256052416587,0.0,-10.6,-27.0725717298648,0.775115603084932,0.775115603084932,-7.94315,-0.325189,0.355562,-8.840549,-0.298843,0.432976,-13.10494394441616,-10.06024212951299,-0.2627402641486229,0.5191742258446577,-0.6471354951505315,0.5399592519202815,-0.0719714105554785,85.0,FEROZ-SHAH-KOTLA-DELHI,2024-04-20,2024,R,L,R,Delhi-Capitals,Sunrisers-Hyderabad,Seam,1.0
1417,2,14,Delhi Capitals,Abishek Porel,T Natarajan,,6,1,0,0,0,0,0,0,1,0,0,0,0,0,0,0,0,,,0,5.1,1,1,0,454906,-87.79,47.09,0,0,,39,ANGLED IN,11,LOFTED ON DRIVE,0,0,1,5,81,2,Outside Off stump,Full Length,1,0,1,0,0,0,0,0,84.72225786965483,-7.398718873528044,8.340588920613222,0.4388077729928787,1.881411132080569,-0.265567611668186,-0.0912747948737395,-5.90818501401608,-34.5237895168642,-0.966028920127237,-6.74271840442566,5.892510743036731,0.1459778775294353,0.5058845221035254,71.28489056258529,Attacked,Played,,0.499637603759766,0.4561958312988281,7.01916,0.138073,-0.24659849654903,0.0,-10.6,-33.0501717879324,-0.569538239494348,-0.569538239494348,-7.594244,0.058242,0.419544,-8.841086,0.035893,0.486933,-11.0511225380221,-10.06015145381168,0.0138297855113173,0.5374473017452068,-0.1729589892947821,0.615552318748747,-0.0164280895168319,-1.0,FEROZ-SHAH-KOTLA-DELHI,2024-04-20,2024,L,R,L,Delhi-Capitals,Sunrisers-Hyderabad,Seam,1.0
1417,2,14,Delhi Capitals,Abishek Porel,T Natarajan,,6,2,0,0,0,0,0,0,1,0,0,0,0,0,0,0,0,,,0,5.2,1,1,0,454907,71.52,-19.21,0,0,,39,ANGLED IN,96,SLICED OVER POINT,0,0,2,5,81,2,Off stump,Yorker,0,0,1,0,0,0,0,0,84.62733449148521,-3.320101646852605,8.34045231067116,0.4416808565760189,2.003841570739201,-0.254357932737808,-0.625276953884491,-6.44555066856411,-33.066531255915,-1.09038746307446,-5.60128003990022,6.611159202574771,0.1789877909156375,0.6500000000000012,89.60122090843645,Attacked,Played,,0.495529174804688,0.473236083984375,-0.3072990000000004,-0.047326,-0.236189508970821,0.243716242992658,-10.6,-31.4132046931193,-1.03586808992074,-1.03586808992074,-8.524324,0.012063,0.243676,-8.840947,0.002055,0.193812,-9.614309507292116,-10.05965028101582,-0.0372200809933983,-0.0046758886895918,-0.737797614263484,-1.2722218725854072e-14,-0.0944358312328799,-1.0,FEROZ-SHAH-KOTLA-DELHI,2024-04-20,2024,L,R,L,Delhi-Capitals,Sunrisers-Hyderabad,Seam,1.0
1417,2,14,Delhi Capitals,Abishek Porel,T Natarajan,,6,3,1 (WD),1,0,0,0,0,0,1,1,0,0,0,0,0,0,,,0,5.3,1,1,1,454908,71.52,-19.21,1,0,,36,BOUNCER,58,BACKFOOT PULL SHOT,1,0,3,5,82,2,Outside Off stump,Short Length,0,0,1,0,0,0,0,0,77.35486940907539,-19.46322310249104,8.340645581054048,0.5004326206315778,1.728047520350461,-0.242045440693402,0.0818165442336576,-1.21117534122724,-31.4659072901423,-1.24485137432646,-11.688855195522,12.96851138963953,0.2002189896007262,0.5482174972856733,72.21072563277838,Attacked,Missed,,0.4969482421875,0.669342041015625,13.788894,0.320296,-0.224756480643873,0.0,-10.6,-27.826010084649,-1.51424470883666,-1.51424470883666,-999.9,-999.9,-999.9,-8.840822,-0.400996,1.906969,-20.37886449856336,-10.05979967220287,-0.4752338752380053,1.960849379948243,-0.0568493021018824,-0.8493187597201391,-0.00226610382517822,-1.0,FEROZ-SHAH-KOTLA-DELHI,2024-04-20,2024,L,R,L,Delhi-Capitals,Sunrisers-Hyderabad,Seam,1.0
1417,2,14,Delhi Capitals,Abishek Porel,T Natarajan,,6,3,4,4,4,0,0,0,0,0,0,0,0,0,1,0,0,,,0,5.3,1,1,0,454909,-154.09,113.4,4,0,,39,ANGLED IN,11,LOFTED ON DRIVE,0,0,4,5,86,2,Middle stump,Full Length,0,0,1,0,0,0,0,0,84.73434030376555,-5.522976017371509,8.340673800781875,0.429988654397632,1.88968489749211,-0.262246058424113,-0.764673929609571,-6.4217707419442,-34.0919875951346,-1.93659158110218,-6.08419769916948,6.253264023919133,0.1860158483243393,0.5818781580392697,78.68013887345653,Attacked,Played,,0.50244140625,0.4690933227539063,4.767969,-0.251155,-0.243514197108104,0.0,-10.6,-32.3088914621548,-1.7572773651015,-1.7572773651015,-8.130926,-0.407238,0.312986,-8.841067,-0.446815,0.368827,-10.1187150612286,-10.06022294923314,-0.5152713367904451,0.4527204779863119,-0.7493256741252504,0.1379422574628443,-0.085443666961597,-1.0,FEROZ-SHAH-KOTLA-DELHI,2024-04-20,2024,L,R,L,Delhi-Capitals,Sunrisers-Hyderabad,Seam,1.0
1417,2,14,Delhi Capitals,Abishek Porel,T Natarajan,,6,4,0,0,0,0,0,0,1,0,0,0,0,0,0,0,0,,,0,5.4,1,1,0,454910,-154.09,113.4,0,0,,8,OFF CUTTER,99,SCOOP,0,0,5,5,86,2,Outside Off stump,Short of Good Length,0,0,1,0,0,0,0,0,77.97760451675369,-16.95040507150257,8.34067195450205,0.4289796465999155,1.709719805467912,-0.246198865153958,-0.316228252297169,-1.94430534713833,-32.0058524700146,-0.582676870179521,-10.4839952044824,12.92382031656511,0.2042255894070526,0.6238842764882964,83.1600825325392,Attacked,Missed,,0.540618896484375,0.6467514038085938,12.98196,0.336681,-0.228613231928675,0.0,-13.3495994437694,-28.5041705724102,-1.30999668475902,-1.30999668475902,-999.9,-999.9,-999.9,-8.840925,-0.231146,1.578543,-18.13698183157641,-10.05974080004984,-0.2933315039972429,1.59930983356311,-0.1318422986496504,-1.58837899044927,-0.00611346718298626,-1.0,FEROZ-SHAH-KOTLA-DELHI,2024-04-20,2024,L,R,L,Delhi-Capitals,Sunrisers-Hyderabad,Seam,1.0
1417,2,14,Delhi Capitals,Abishek Porel,T Natarajan,,6,5,0,0,0,0,0,0,1,0,0,0,0,0,0,0,0,,,0,5.5,1,1,0,454911,-67.99,89.45,0,0,,39,ANGLED IN,11,LOFTED ON DRIVE,0,0,6,5,86,2,Leg stump,Full Toss,0,0,1,0,0,0,0,0,86.19248634631924,-2.647049353687247,8.340411033699102,0.4295676201883797,1.898262623236249,-0.258125886792289,-2.26585653077333,-6.5283084836248,-33.5563652829976,-2.07050148959169,-5.24134267238211,6.100069052817989,0.1943764132558754,0.6499999999999996,88.06235867441241,Attacked,Played,,0.478706359863281,0.4555206298828125,-0.6721749999999993,-0.349869,-0.239688323449983,0.46107939450332,-10.6,-31.8785470188477,-1.9669764151121,-1.9669764151121,-8.196524,-0.201265,0.410579,-8.840948,-0.237564,0.319669,-8.877593287627777,-10.06020714418799,-0.3089658412339398,0.1400019248217867,-2.237397298358505,1.2722218725854072e-14,-0.257420677981529,-1.0,FEROZ-SHAH-KOTLA-DELHI,2024-04-20,2024,L,R,L,Delhi-Capitals,Sunrisers-Hyderabad,Seam,1.0
1417,2,14,Delhi Capitals,Abishek Porel,T Natarajan,,6,6,2,2,2,0,1,0,0,0,0,0,0,0,0,0,0,,,0,5.6,1,1,0,454912,-142.58,59.99,2,0,,8,OFF CUTTER,58,BACKFOOT PULL SHOT,0,0,7,5,88,2,Outside Off stump,Short of Good Length,0,0,1,0,0,0,0,0,77.49014299004023,-17.9613370981926,8.340805378121733,0.5407498764673472,1.719918294387431,-0.246066773526819,2.83791595007885,1.50690360047129,-31.9886805584864,-0.24590844738128,-10.540270876158,10.44450240270884,0.295840414114361,0.4785378153932351,52.19663089754916,Attacked,Played,,0.637229919433594,0.5573387145996094,13.323631,0.468065,-0.22849057541776,0.0,-10.6,-27.3624340247475,-0.957811031114424,-0.957811031114424,-7.237067,0.083368,1.231439,-8.840985,0.021371,1.260143,-18.23705260918915,-10.05990385677955,-0.0263653239131763,1.251982097542465,0.7449546106481761,-1.564352706478889,0.0102388650172839,-1.0,FEROZ-SHAH-KOTLA-DELHI,2024-04-20,2024,L,R,L,Delhi-Capitals,Sunrisers-Hyderabad,Seam,1.0
1417,2,14,Delhi Capitals,Jake Fraser-McGurk,Mayank Markande,,7,1,1,1,1,1,0,0,0,0,0,0,0,0,0,0,0,,,0,6.1,1,1,0,454913,-129.23,100.5,1,0,,24,LEG SPIN,51,FRONTFOOT COVERDRIVE,0,0,1,6,89,2,Outside Off stump,Good Length,1,0,1,0,0,0,0,0,52.85432918687759,-1.308043954393814,8.340653034864488,-0.7299474906556622,1.936931534830834,-0.164877361503347,0.378116628061512,-9.1328784026561,-21.4340569954351,0.652014494401275,-5.91211623686847,9.464708857426237,0.1523406988818585,0.5649146909837699,79.50313375937964,Attacked,Played,,0.806053161621094,0.7532958984375,5.159247,-0.411801,-0.153100407110251,0.0,-10.6,-20.0339017214873,0.157652504119802,0.157652504119802,-8.164916,-0.385789,0.446044,-8.840925,-0.380318,0.494864,-15.420355197108,-10.05982697393651,-0.3703807840808964,0.5508991316583914,0.7003488373934798,-1.291507289627735,0.0684828152972847,-1.0,FEROZ-SHAH-KOTLA-DELHI,2024-04-20,2024,R,L,R,Delhi-Capitals,Sunrisers-Hyderabad,Spin,1.0
1417,2,14,Delhi Capitals,Abishek Porel,Mayank Markande,,7,2,1,1,1,1,0,0,0,0,0,0,0,0,0,0,0,,,0,6.2,1,1,0,454914,-31.15,176.47,1,0,,24,LEG SPIN,94,STEP DOWN LOFTED ON DRIVE,0,0,2,6,90,2,Outside Off stump,Full Length,0,0,1,0,0,0,0,0,53.54507462172378,-1.347606001904466,8.340728903999196,-0.513268433111026,1.975531734142018,-0.167151680120776,0.0179694440186195,-9.41850939564587,-21.7297184157008,1.54188078353268,-6.06202108700037,10.20946162617326,0.2688584492506718,0.5710656428175517,68.77400149756558,Attacked,Played,,0.8104248046875,0.6863937377929688,5.075534,0.383806,-0.155212274397863,0.0,-10.6,-19.22172882714,0.281538297888965,0.281538297888965,-6.941043,0.412693,0.340944,-8.840806,0.441187,0.526951,-15.58770704223639,-10.0600399078813,0.4597136650803302,0.5896374776065585,0.4012437156855947,-3.219603271281428,0.0452724343239853,-1.0,FEROZ-SHAH-KOTLA-DELHI,2024-04-20,2024,L,R,R,Delhi-Capitals,Sunrisers-Hyderabad,Spin,1.0
1417,2,14,Delhi Capitals,Jake Fraser-McGurk,Mayank Markande,,7,3,6,6,6,0,0,0,0,0,0,0,0,0,0,1,0,,,0,6.3,1,1,0,454915,13.97,205.48,6,0,https://scores.bcci.tv/matchcentre/commentaryFiles/TATA-IPL-2024/Delhi-Capitals-VS-Sunrisers-Hyderabad-(20-Apr-2024)/File_2-7-454915.png,28,GOOGLY,13,LOFTED STRAIGHT,0,0,3,6,96,2,Off stump,Good Length,0,0,1,0,0,0,0,0,52.80199719253631,-0.3560935540459946,8.34064580589758,-0.656587278813946,1.881037928840272,-0.165010614738088,0.266241793865543,-10.5361489336882,-21.4513799159514,0.769388214147437,-6.22942947770993,10.54694892390154,0.1981576714447711,0.5826416503017304,77.58048040078245,Attacked,Played,,0.76007080078125,0.7269401550292969,5.407143,-0.25677,-0.153224142256796,0.0,-10.6,-19.4940046705702,0.827161790826085,0.827161790826085,-7.53628,-0.133014,0.464897,-8.840869,-0.076075,0.580457,-16.19317091650327,-10.06001798412481,-0.0223172742470884,0.6434651234226307,0.5594348519235773,0.3755693784366577,0.0607407128661687,88.0,FEROZ-SHAH-KOTLA-DELHI,2024-04-20,2024,R,L,R,Delhi-Capitals,Sunrisers-Hyderabad,Spin,1.0
1417,2,14,Delhi Capitals,Jake Fraser-McGurk,Mayank Markande,,7,4,6,6,6,0,0,0,0,0,0,0,0,0,0,1,0,,,0,6.4,1,1,0,454916,-88.25,187.99,6,0,,24,LEG SPIN,5,LOFTED OFF DRIVE,0,0,4,6,102,2,Outside Off stump,Good Length,0,1,2,0,0,1,0,0,55.67347690315155,-1.767771713422603,8.340762034430846,-0.6863999435142293,1.948525759346685,-0.173760085745815,0.572588899491396,-9.61805625031116,-22.588811146956,0.380458965306616,-6.1056204137725,9.807882226208031,0.210575022234723,0.5819832614769149,76.23998699806495,Attacked,Played,,0.772132873535156,0.6976318359375,5.239929,-0.563432,-0.161348651049685,0.0,-10.6,-20.5549518449941,-0.358219840934283,-0.358219840934283,-7.718683,-0.614531,0.44025,-8.840929,-0.634635,0.538119,-15.12527505447753,-10.06001854627078,-0.6566819603828434,0.6070652334187399,0.8205591056389868,-1.963347182401143,0.0882319934041234,92.0,FEROZ-SHAH-KOTLA-DELHI,2024-04-20,2024,R,L,R,Delhi-Capitals,Sunrisers-Hyderabad,Spin,1.0
1417,2,14,Delhi Capitals,Jake Fraser-McGurk,Mayank Markande,,7,5,1 (WD),1,0,0,0,0,0,1,1,0,0,0,0,0,0,,,0,6.5,1,1,1,454917,-88.25,187.99,1,0,,24,LEG SPIN,55,SWEEP SHOT,0,0,5,6,103,2,Wide outside Off stump,Good Length,0,0,2,0,0,0,0,0,46.721494,1.807270124779346,8.341029043469312,-0.8541311826892606,1.93087330773001,-0.146055054285048,0.125276255640675,-11.0049556980823,-18.9871570570562,-0.353564384963386,-6.46874547188279,11.6896023156512,0.346328061820978,0.4999228472108271,50.35562089952628,Attacked,Missed,,0.768814086914062,1.008350372314453,5.503745,-1.109388,-0.135622550407545,0.0,-10.6,-15.6300687709083,-0.0532263413269265,-0.0532263413269265,-999.9,-999.9,-999.9,-8.840849,-1.124257,0.539193,-18.81349284229444,-10.05997825449837,-1.128592580250458,0.5262430352690957,0.1263896087527937,0.871681885383795,-0.0106288987315966,-1.0,FEROZ-SHAH-KOTLA-DELHI,2024-04-20,2024,R,L,R,Delhi-Capitals,Sunrisers-Hyderabad,Spin,1.0
1417,2,14,Delhi Capitals,Jake Fraser-McGurk,Mayank Markande,,7,5,6,6,6,0,0,0,0,0,0,0,0,0,0,1,0,,,0,6.5,1,1,0,454918,-81.8,191.21,6,0,,26,FLIPPER,5,LOFTED OFF DRIVE,0,0,6,6,109,2,Off stump,Full Length,0,0,2,0,0,0,0,0,55.342884,-1.505629533487705,8.34059214676526,-0.6823720779666309,1.959680318299615,-0.171544598379659,-0.163455596153696,-8.5101020294989,-22.3007977893557,0.885788507922429,-5.74204159496524,9.541141074063685,0.1360730143469122,0.6162228843345064,88.82613121548475,Attacked,Played,,0.768814086914062,0.7048988342285156,4.346608,-0.123043,-0.159291412781112,0.0,-10.6,-21.0516389628293,0.406746229267946,0.406746229267946,-7.936291,-0.079728,0.363998,-8.841028,-0.061886,0.459496,-14.43896799446375,-10.06000045858253,-0.0376485180547416,0.5565544793240668,-0.0047518199186584,-1.167700298697219,-6.35603609161484e-05,87.0,FEROZ-SHAH-KOTLA-DELHI,2024-04-20,2024,R,L,R,Delhi-Capitals,Sunrisers-Hyderabad,Spin,1.0
1417,2,14,Delhi Capitals,Jake Fraser-McGurk,Mayank Markande,,7,6,0 WK,W,0,0,0,0,1,0,0,0,0,0,0,0,1,Caught,WICKET,1,6.6,1,1,0,454919,-91.47,-4.94,0,0,https://scores.bcci.tv/matchcentre/commentaryFiles/TATA-IPL-2024/Delhi-Capitals-VS-Sunrisers-Hyderabad-(20-Apr-2024)/File_2-7-454919.png,24,LEG SPIN,36,CUT SHOT,0,0,7,6,109,3,Wide outside Off stump,Good Length,1,0,2,0,0,0,0,0,48.82308684027487,-0.0696152936820521,8.340595439808485,-0.8448580574266165,1.931430405331526,-0.153594937291106,0.083274211796634,-11.0640268068958,-19.9673418478438,0.0574240535428478,-6.46301047402906,14.39163993803606,0.3444581373441093,0.6471276860282996,72.62333916983401,,,,0.920013427734375,0.8084564208984375,6.249849,-0.825543,-0.142623870341742,0.0,-10.6,-16.2992181484968,0.206686283523558,0.206686283523558,-7.446211,-0.778686,0.71957,-8.84093,-0.760302,0.835899,-17.93568128729695,-10.05984038339436,-0.7440428828303395,0.8689037536004951,0.1412126947466502,0.5617380146255571,0.0143092629725679,-1.0,FEROZ-SHAH-KOTLA-DELHI,2024-04-20,2024,R,L,R,Delhi-Capitals,Sunrisers-Hyderabad,Spin,1.0
1417,2,14,Delhi Capitals,Abishek Porel,Shahbaz Ahmed,,8,1,4,4,4,0,0,0,0,0,0,0,0,0,1,0,0,,,0,7.1,1,1,0,454920,172.36,-15.53,4,0,,23,ARM BALL,36,CUT SHOT,0,0,1,7,113,3,Outside Off stump,Good Length,2,0,2,0,0,0,0,0,54.03800600054156,-3.737562957737947,8.340673936582853,-0.5843099612904924,2.000906358148649,-0.170252975877456,1.09809184914703,-9.83006522376678,-22.1328868640692,2.06258053942844,-6.38467235973686,9.549858155728831,0.2736731536952194,0.5152113122284795,59.91438146474999,Attacked,Played,,0.818275451660156,0.8123931884765625,7.09914,0.293971,-0.158092049029066,0.0,-10.6,-19.5524742984819,1.06093458816253,1.06093458816253,-9.113294,0.636397,0.562673,-8.840814,0.620856,0.563466,-16.0912602980178,-10.06012499819408,0.6906814060473934,0.5420541126592096,1.697068240573583,-2.218186421313084,0.161801092682257,-1.0,FEROZ-SHAH-KOTLA-DELHI,2024-04-20,2024,L,R,L,Delhi-Capitals,Sunrisers-Hyderabad,Spin,1.0
1417,2,14,Delhi Capitals,Abishek Porel,Shahbaz Ahmed,,8,2,4,4,4,0,0,0,0,0,0,0,0,0,1,0,0,,,0,7.2,1,1,0,454921,112.96,-103.01,4,0,,23,ARM BALL,35,LATE CUT,0,0,2,7,117,3,Outside Off stump,Good Length,0,0,2,0,0,0,0,0,58.55752777988099,-3.635621061526938,8.340569844471496,-0.6070446662217318,2.008249954601584,-0.18272719521097,0.550035783724266,-8.69007892833967,-23.7545353774261,2.03539873918185,-6.07098256071838,9.268045911232356,0.3177497548477388,0.5592546299691384,62.11321901059689,Attacked,Played,,0.718070983886719,0.731781005859375,5.754659,0.356019,-0.1696752526959,0.0,-10.6,-20.8061569342781,1.07077243820342,1.07077243820342,-8.873469,0.595605,0.539782,-8.840913,0.593865,0.538104,-14.33629369074843,-10.06018598547846,0.659362672956008,0.5819316802691421,1.043332770553707,-1.951323166025459,0.112332134224376,-1.0,FEROZ-SHAH-KOTLA-DELHI,2024-04-20,2024,L,R,L,Delhi-Capitals,Sunrisers-Hyderabad,Spin,1.0
1417,2,14,Delhi Capitals,Abishek Porel,Shahbaz Ahmed,,8,3,6,6,6,0,0,0,0,0,0,0,0,0,0,1,0,,,0,7.3,1,1,0,454922,-147.18,136.42,6,0,,10,ORTHODOX,94,STEP DOWN LOFTED ON DRIVE,0,0,3,7,123,3,Outside Off stump,Full Length,0,0,2,0,0,0,0,0,56.5171361867077,-3.60991880654859,8.340657168108002,-0.623023624161144,2.018986827279319,-0.179822571169801,1.35388850695929,-9.37004223236951,-23.3769342520741,1.4976585490715,-6.28482049162577,9.469049374471288,0.2528989547936504,0.5558524332111388,68.08796950230577,Attacked,Played,,0.764854431152344,0.63153076171875,6.207051,-0.044601,-0.16697810180053,0.0,-10.6,-20.9454310375425,0.522589305405105,0.522589305405105,-6.607073,0.02488,0.420902,-8.840848,0.082389,0.586067,-15.04798816322229,-10.06006023928851,0.1142296312518683,0.6223002837677475,1.822958927392317,-2.236446462243415,0.186006947637831,80.0,FEROZ-SHAH-KOTLA-DELHI,2024-04-20,2024,L,R,L,Delhi-Capitals,Sunrisers-Hyderabad,Spin,1.0
1417,2,14,Delhi Capitals,Abishek Porel,Shahbaz Ahmed,,8,4,1,1,1,1,0,0,0,0,0,0,0,0,0,0,0,,,0,7.4,1,1,0,454923,-145.8,-8.16,1,0,,23,ARM BALL,37,STEP DOWN FLICK,0,0,4,7,124,3,Off stump,Full Toss,0,0,2,0,0,0,0,0,61.05218517652585,-0.0190045610030483,8.340832458248922,-0.676623604454714,2.034167333433584,-0.184879919288431,0.624727342525552,-8.42947954045517,-24.034389507496,0.678667594731157,-5.8025360877071,9.379786285052209,0.1255666703253811,0.6499999999999991,94.94333296746176,Attacked,Played,,0.672603607177734,0.591796875,0.7869030000000006,-0.357733,-0.171674210767829,-0.110098325567303,-10.6,-22.8326700321212,0.6447342149946,0.6447342149946,-6.957637,-0.419692,0.552709,-8.84105,-0.369812,0.139826,-13.57298374606852,-10.06009720937591,-0.3355099878884671,0.1611023308148423,1.094073753686999,0.0,0.116000365591493,-1.0,FEROZ-SHAH-KOTLA-DELHI,2024-04-20,2024,L,R,L,Delhi-Capitals,Sunrisers-Hyderabad,Spin,1.0
1417,2,14,Delhi Capitals,Tristan Stubbs,Shahbaz Ahmed,,8,5,3,3,3,0,0,1,0,0,0,0,0,0,0,0,0,,,0,7.5,1,1,0,454924,-103.9,-84.59,3,0,,10,ORTHODOX,35,LATE CUT,0,0,5,7,127,3,Outside Off stump,Good Length,0,0,2,0,0,0,0,0,57.60554738532306,-3.05358007832947,8.340565961153345,-0.6269617326921554,1.995965302160718,-0.180540789069288,1.27888184614787,-9.79535495785558,-23.4703025790075,1.05234697196355,-6.31981250069302,10.74684959585037,0.3205446137708579,0.6077616871156635,69.10979169026373,Attacked,Played,,0.746841430664062,0.74212646484375,5.986839,-0.258535,-0.167645018421482,0.0,-10.6,-20.2368853322894,0.030634755204132,0.030634755204132,-8.774625,-0.251276,0.665834,-8.840933,-0.251171,0.670305,-15.07050232199178,-10.06015233846829,-0.2492393743937295,0.7307600458981336,1.661928756102994,-2.480538654954986,0.172168414519996,-1.0,FEROZ-SHAH-KOTLA-DELHI,2024-04-20,2024,R,L,L,Delhi-Capitals,Sunrisers-Hyderabad,Spin,1.0
1417,2,14,Delhi Capitals,Abishek Porel,Shahbaz Ahmed,,8,6,4,4,4,0,0,0,0,0,0,0,0,0,1,0,0,,,0,7.6,1,1,0,454925,-177.11,17.63,4,0,https://scores.bcci.tv/matchcentre/commentaryFiles/TATA-IPL-2024/Delhi-Capitals-VS-Sunrisers-Hyderabad-(20-Apr-2024)/File_2-8-454925.png,10,ORTHODOX,40,FRONTFOOT FLICK,0,0,6,7,131,3,Leg stump,Full Length,0,0,2,0,0,0,0,0,61.10758230852154,-2.689431509460835,8.340947457505287,-0.6533773102452466,2.014308621361644,-0.188794572506981,0.729673171710313,-7.97042657631438,-24.5432944259076,0.878875840440728,-5.74866686092325,7.583489407433674,0.2242487844440215,0.5232180411656329,66.05782773044278,Attacked,Played,,0.682846069335938,0.6199378967285156,3.89134,-0.275404,-0.17530924589934,0.0,-10.6,-22.5921177711126,0.384933815734601,0.384933815734601,-7.505442,-0.252508,0.204381,-8.84092,-0.229394,0.328023,-13.18249396566126,-10.05990412126691,-0.2080817919209617,0.4081595859665283,1.064057798636086,-1.074705309954507,0.127985733422685,-1.0,FEROZ-SHAH-KOTLA-DELHI,2024-04-20,2024,L,R,L,Delhi-Capitals,Sunrisers-Hyderabad,Spin,1.0
1417,2,14,Delhi Capitals,Tristan Stubbs,Mayank Markande,,9,1,0,0,0,0,0,0,1,0,0,0,0,0,0,0,0,,,0,8.1,1,1,0,454926,-15.04,66.89,0,0,,24,LEG SPIN,51,FRONTFOOT COVERDRIVE,0,0,1,8,131,3,Outside Off stump,Full Length,1,0,2,0,0,0,0,0,52.78304304208802,1.955179358703674,8.34083766271527,-0.6728724939201342,1.919031662510787,-0.162632324988331,0.399610782163502,-10.7692271673779,-21.142202248483,0.777746484223958,-6.41077963355628,10.24400649790724,0.2119339757709915,0.5367653181363126,69.32140014334774,Attacked,Played,,0.807426452636719,0.7240219116210938,3.434493,-0.241464,-0.151015730346307,0.0,-10.6,-19.0408194530247,1.02815330605826,1.02815330605826,-7.649537,-0.185943,0.211344,-8.840784,-0.120782,0.371865,-16.86845488692757,-10.06011604183867,-0.0534314930732533,0.4930317560233386,0.8675339748509182,0.984059020978948,0.107605211843959,-1.0,FEROZ-SHAH-KOTLA-DELHI,2024-04-20,2024,R,L,R,Delhi-Capitals,Sunrisers-Hyderabad,Spin,1.0
1417,2,14,Delhi Capitals,Tristan Stubbs,Mayank Markande,,9,2,1,1,1,1,0,0,0,0,0,0,0,0,0,0,0,,,0,8.2,1,1,0,454927,-49.57,153.91,1,0,,28,GOOGLY,6,BACKFOOT OFF DRIVE,0,0,2,8,132,3,Outside Off stump,Good Length,0,0,2,0,0,0,0,0,55.03475566125169,-1.820527256329886,8.34091433968944,-0.6533766180387949,1.950147541178785,-0.171393202629434,0.259425107691253,-8.89447840421701,-22.2811163418264,0.955064735974876,-5.86932309681053,8.576772372352453,0.1716490988699819,0.5332942734789172,72.8292311348394,Attacked,Played,,0.732742309570312,0.7416915893554688,5.009014,-0.149472,-0.159150831013046,0.0,-10.6,-20.7535660633078,0.368493569457523,0.368493569457523,-8.524374,-0.086963,0.426369,-8.840695,-0.081186,0.445949,-14.75768239578458,-10.06021050370331,-0.058776497157975,0.4972435179626571,0.5745270136870674,-1.437223378715782,0.0643892910151571,-1.0,FEROZ-SHAH-KOTLA-DELHI,2024-04-20,2024,R,L,R,Delhi-Capitals,Sunrisers-Hyderabad,Spin,1.0
1417,2,14,Delhi Capitals,Abishek Porel,Mayank Markande,,9,3,1,1,1,1,0,0,0,0,0,0,0,0,0,0,0,,,0,8.3,1,1,0,454928,147.03,-10.0,1,0,,28,GOOGLY,36,CUT SHOT,0,0,3,8,133,3,Outside Off stump,Good Length,0,0,2,0,0,0,0,0,50.31562111487866,0.0456546005502853,8.340782335384446,-0.6072709497469772,1.887865282439814,-0.157109260571883,-0.0158759211798925,-10.3197149024543,-20.4242038743447,1.57784904275699,-6.15404357569554,10.97453280468298,0.3214673407309022,0.5460699806479183,59.76376302409754,Attacked,Played,,0.854049682617188,0.8747177124023438,5.593374,0.339234,-0.145887170531034,0.0,-10.6,-17.3295926356459,1.83461082429168,1.83461082429168,-9.165347,0.846773,0.576989,-8.840885,0.81106,0.566647,-16.76814813087295,-10.0601076034227,0.9457877626086106,0.5846549707681887,0.370687708937491,1.625605933900675,0.040312174267194,-1.0,FEROZ-SHAH-KOTLA-DELHI,2024-04-20,2024,L,R,R,Delhi-Capitals,Sunrisers-Hyderabad,Spin,1.0
1417,2,14,Delhi Capitals,Tristan Stubbs,Mayank Markande,,9,4,1,1,1,1,0,0,0,0,0,0,0,0,0,0,0,,,0,8.4,1,1,0,454929,49.88,155.29,1,0,,28,GOOGLY,58,BACKFOOT PULL SHOT,0,0,4,8,134,3,Off stump,Good Length,0,0,2,0,0,0,0,0,52.67869658944679,-1.693154446730347,8.340785113126248,-0.643582880716561,1.895989472297874,-0.165816979979357,0.0671613715124172,-10.5636185356883,-21.5562073973165,0.670964553982101,-6.27690898771971,10.82502120310877,0.2434075746184533,0.5828657805470401,73.08910962021069,Attacked,Played,,0.828666687011719,0.783599853515625,6.497585,-0.298448,-0.153972909980832,0.0,-10.6,-19.1336291916187,0.748654469656895,0.748654469656895,-8.351402,-0.10736,0.642556,-8.840928,-0.087397,0.6642,-16.23492621000356,-10.05992782569444,-0.037327728244939,0.6853289287726785,0.2358039687957308,0.4578788709527157,0.0236482845727862,-1.0,FEROZ-SHAH-KOTLA-DELHI,2024-04-20,2024,R,L,R,Delhi-Capitals,Sunrisers-Hyderabad,Spin,1.0
1417,2,14,Delhi Capitals,Abishek Porel,Mayank Markande,,9,5,1 (WD),1,0,0,0,0,0,1,1,0,0,0,0,0,1,Stumped,WICKET,1,8.5,1,1,1,454930,49.88,155.29,1,0,,28,GOOGLY,89,STEP DOWN COVER DRIVE,0,0,5,8,135,4,Wide outside Off stump,Good Length,1,0,2,0,0,0,0,0,55.06696091339704,-3.424569156991387,8.340582381759383,-0.5609538555583914,1.906403766272368,-0.172852664111017,0.313949906361449,-9.24965745307873,-22.4708463344321,2.37461224314168,-6.03042616903834,8.531614686533942,0.1730610784220209,0.5211566351935248,70.86738743682663,,,,0.788188934326172,0.8279571533203125,6.821165,0.57299,-0.160506045245944,0.0,-10.6,-20.9498611012179,1.5677469190281,1.5677469190281,-999.9,-999.9,-999.9,-8.840915,1.001475,0.519587,-15.02231497591461,-10.06002497712889,1.097263872598696,0.5148122472498331,0.8498328146602361,-1.752702632410554,0.0710587213859681,-1.0,FEROZ-SHAH-KOTLA-DELHI,2024-04-20,2024,L,R,R,Delhi-Capitals,Sunrisers-Hyderabad,Spin,1.0
1417,2,14,Delhi Capitals,Rishabh Pant,Mayank Markande,,9,5,0,0,0,0,0,0,1,0,0,0,0,0,0,0,0,,,0,8.5,1,1,0,454931,44.36,59.06,0,0,,28,GOOGLY,97,BACKFOOT PUSH,0,0,6,8,135,4,Outside Off stump,Good Length,2,0,2,0,0,0,0,0,51.4179527247372,-0.3094422963693251,8.34075908491786,-0.6631181889441364,1.901824526585091,-0.161324635762072,0.359795181677798,-10.846824377618,-20.9722026490693,1.30176689551343,-6.3296331157901,13.38092942146581,0.3947144498953163,0.6341634677021208,65.65307516578649,Attacked,Edged,,0.873676300048828,0.8605270385742188,5.831563,0.022737,-0.149801447493352,0.0,-10.6,-16.8740124284075,1.37294381660475,1.37294381660475,-8.991795,0.418738,0.772566,-8.840777,0.405917,0.76317,-16.79437094158504,-10.05987460522683,0.5099309547010482,0.8127246842321405,0.8238136184239478,1.099736719269268,0.0855348802178643,-1.0,FEROZ-SHAH-KOTLA-DELHI,2024-04-20,2024,L,R,R,Delhi-Capitals,Sunrisers-Hyderabad,Spin,1.0
1417,2,14,Delhi Capitals,Rishabh Pant,Mayank Markande,,9,6,1,1,1,1,0,0,0,0,0,0,0,0,0,0,0,,,0,8.6,1,1,0,454932,41.59,39.73,1,0,,26,FLIPPER,97,BACKFOOT PUSH,0,0,7,8,136,4,Outside Off stump,Good Length,0,0,2,0,0,0,0,0,56.84567659861791,-2.066364090996895,8.340948552250744,-0.5804974513735585,1.951642299799868,-0.176708306240701,0.37565600171181,-8.80664936077225,-22.9720798112911,1.41593221158935,-5.85652439219739,10.07615803801973,0.2291667487477971,0.6312729177832566,81.77426279270878,Attacked,Played,,0.721778869628906,0.7438430786132812,4.851001,0.154831,-0.164086284366365,0.0,-10.6,-20.8053473375704,0.934197304381533,0.934197304381533,-8.954873,0.325562,0.550516,-8.840675,0.320281,0.540397,-14.30237632241761,-10.06014318156783,0.3769324206138556,0.6312613331328091,0.8070152640592558,-0.9561271000035676,0.1030485683617,-1.0,FEROZ-SHAH-KOTLA-DELHI,2024-04-20,2024,L,R,R,Delhi-Capitals,Sunrisers-Hyderabad,Spin,1.0
1417,2,14,Delhi Capitals,Rishabh Pant,Pat Cummins,,10,1,0,0,0,0,0,0,1,0,0,0,0,0,0,0,0,,,0,9.1,1,1,0,454933,-4.45,63.67,0,0,,39,ANGLED IN,27,FORWARD PUSH,0,0,1,9,136,4,Outside Off stump,Full Length,1,0,2,0,0,0,0,0,87.58480268212556,-7.506378364799629,8.34043283774335,0.8021561094894144,2.12400489214404,-0.274221907543322,-0.672023010027036,-5.37868938637624,-35.6488479806319,-1.48555694124689,-7.00115747354741,6.640893926719142,0.1700331250947874,0.5620193852271511,77.29959527459393,Attacked,Played,,0.48468017578125,0.4438705444335938,5.604122,0.332935,-0.254634628433085,0.0,-10.6,-33.7960800109705,-1.28010769609281,-1.28010769609281,-7.84232,0.203001,0.387054,-8.84099,0.164033,0.46917,-11.11103678423456,-10.06034220521038,0.1160401911515956,0.5568036934927888,-0.5498608072513269,0.2170678297955891,-0.0589160246606851,-1.0,FEROZ-SHAH-KOTLA-DELHI,2024-04-20,2024,L,R,R,Delhi-Capitals,Sunrisers-Hyderabad,Seam,1.0
1417,2,14,Delhi Capitals,Rishabh Pant,Pat Cummins,,10,2,0,0,0,0,0,0,1,0,0,0,0,0,0,0,0,,,0,9.2,1,1,0,454934,-18.26,53.54,0,0,,39,ANGLED IN,49,FORWARD DEFENCE,0,0,2,9,136,4,Outside Off stump,Good Length,0,0,2,0,0,0,0,0,87.80653229723961,-10.07740320454259,8.340812411697868,0.7282508743523494,2.068451366467865,-0.275554407156511,1.62686084689033,-4.14020817482246,-35.8220729303464,-1.06992434815291,-7.99216936288107,8.157510504299143,0.238296986580494,0.5882893419623815,74.41370263630782,Attacked,Played,,0.506149291992188,0.4603157043457031,8.255699,0.37599,-0.255871949502474,0.0,-10.6,-32.7998756533309,-0.932721161435156,-0.932721161435156,-7.81267,0.200998,0.738477,-8.840491,0.170203,0.822273,-12.57712861931692,-10.05966087676141,0.133334380863126,0.9073967424796958,0.5337041051101895,0.0819212599990052,0.0453283996877952,-1.0,FEROZ-SHAH-KOTLA-DELHI,2024-04-20,2024,L,R,R,Delhi-Capitals,Sunrisers-Hyderabad,Seam,1.0
1417,2,14,Delhi Capitals,Rishabh Pant,Pat Cummins,,10,3,1,1,1,1,0,0,0,0,0,0,0,0,0,0,0,,,0,9.3,1,1,0,454935,-54.64,-112.68,1,0,,36,BOUNCER,58,BACKFOOT PULL SHOT,1,0,3,9,137,4,Outside Off stump,Short Length,0,0,2,0,0,0,0,0,70.73186433342232,-15.69808067422096,8.340865771238057,0.8586709038132457,2.01180970974954,-0.222865507423167,0.464468618256399,-6.51604348564268,-28.9725159650118,-2.11963998536502,-9.90631702542645,10.6933863716806,0.1664314387437273,0.5059249831356945,69.24560359598144,Attacked,Played,,0.506126403808594,0.5844955444335938,12.153857,0.401979,-0.206946542607227,0.0,-10.6,-26.5412763772041,-1.17101614248459,-1.17101614248459,-7.455642,-0.035861,1.20304,-8.841029,-0.102291,1.245466,-18.87664503458539,-10.06021753563674,-0.1614036442397052,1.254536184463438,-0.007584205220074,1.658041755917852,-0.000488891684906234,-1.0,FEROZ-SHAH-KOTLA-DELHI,2024-04-20,2024,L,R,R,Delhi-Capitals,Sunrisers-Hyderabad,Seam,1.0
1417,2,14,Delhi Capitals,Tristan Stubbs,Pat Cummins,,10,4,0,0,0,0,0,0,1,0,0,0,0,0,0,0,0,,,0,9.4,1,1,0,454936,-3.53,61.83,0,0,,39,ANGLED IN,49,FORWARD DEFENCE,0,0,4,9,137,4,Outside Off stump,Good Length,0,0,2,0,0,0,0,0,89.26672824319698,-8.700397455742095,8.340393745580947,-0.6079827523911306,2.094296714166171,-0.278692474243194,-1.12797543827698,-4.34943946659676,-36.2300216516152,0.933958896333934,-7.36220381538659,7.549906472405494,0.1927803886245148,0.6110839689065197,82.38455647352649,Defended,Played,,0.487621307373047,0.4592628479003906,6.870143,-0.270762,-0.258785868940109,0.0,-10.6,-33.9442272414079,0.873512260123699,0.873512260123699,-8.325642,-0.135942,0.619729,-8.841164,-0.122107,0.663743,-11.48651826097584,-10.059670507627,-0.0891781358590909,0.7578049112807471,-0.3789623483731155,-0.0025674711363767,-0.036319728266606,-1.0,FEROZ-SHAH-KOTLA-DELHI,2024-04-20,2024,R,L,R,Delhi-Capitals,Sunrisers-Hyderabad,Seam,1.0
1417,2,14,Delhi Capitals,Tristan Stubbs,Pat Cummins,,10,5,1,1,1,1,0,0,0,0,0,0,0,0,0,0,0,,,0,9.5,1,1,0,454937,73.82,157.6,1,0,,39,ANGLED IN,47,FRONTFOOT ON DRIVE,0,0,5,9,138,4,Off stump,Good Length,0,0,2,0,0,0,0,0,87.87178644827438,-9.518081018931404,8.34048898368519,-0.5676728723062598,2.05844830219736,-0.275078791073925,-0.333740986537844,-3.20811053795507,-35.7602428396102,1.22241071851948,-7.41875227202426,6.750583654604474,0.1718434494681856,0.539361829435731,73.71992946854108,Attacked,Played,,0.4969482421875,0.4699172973632813,7.646347,-0.200543,-0.255430305997216,-2.06372640627249,-10.6,-33.8046383745802,0.973504360794246,0.973504360794246,-8.392393,-0.058155,0.599394,-8.84077,-0.050005,0.627354,-11.72021971983846,-10.05978729148791,-0.0297437033516651,0.6933812224243082,0.0069366905417284,-0.3082634543334405,-0.00059430300760227,-1.0,FEROZ-SHAH-KOTLA-DELHI,2024-04-20,2024,R,L,R,Delhi-Capitals,Sunrisers-Hyderabad,Seam,1.0
1417,2,14,Delhi Capitals,Rishabh Pant,Pat Cummins,,10,6,0,0,0,0,0,0,1,0,0,0,0,0,0,0,0,,,0,9.6,1,1,0,454938,89.48,-8.16,0,0,,39,ANGLED IN,96,SLICED OVER POINT,0,0,6,9,138,4,Outside Off stump,Yorker,0,0,2,0,0,0,0,0,91.18276305205772,-5.317760782058218,8.34071626234132,0.8773141772615093,2.096389483101604,-0.276269489322633,0.584735466735657,-4.04677342299748,-35.9150336119423,-0.765062271626146,-5.56292597590084,6.049525844228937,0.1956850150987958,0.6500000000000007,87.93149849012053,Attacked,Edged,,0.463016510009766,0.4363059997558594,1.539459000000001,0.482621,-0.256535954371016,0.186633329989493,-10.6,-34.1192819313452,-0.726809158044839,-0.726809158044839,-8.336353,0.486549,0.063478,-8.841189,0.475791,0.068575,-8.804650532814883,-10.06021403603662,0.4498238136421631,0.1882266267747092,0.2242559675970901,0.0,0.0297983577964019,-1.0,FEROZ-SHAH-KOTLA-DELHI,2024-04-20,2024,L,R,R,Delhi-Capitals,Sunrisers-Hyderabad,Seam,1.0
1417,2,14,Delhi Capitals,Tristan Stubbs,T Natarajan,,11,1,1,1,1,1,0,0,0,0,0,0,0,0,0,0,0,,,0,10.1,1,1,0,454939,52.18,-46.83,1,0,,16,SLOW BOUNCER,58,BACKFOOT PULL SHOT,0,0,1,10,139,4,Leg stump,Short Length,1,0,2,0,0,0,0,0,77.0999999999999,-16.55017156856004,8.341097584083307,0.4277946965785104,1.736951729365528,-0.247246140317182,-0.563788532606138,-7.19652403973285,-32.1419982412336,-0.798462780826316,-11.0802673893542,11.61173145603048,0.3316809269821643,0.4939062504715326,50.91784487251346,Attacked,Edged,,0.518508911132812,0.5836143493652344,13.183422,0.307853,-0.229585701723097,-1.08382375644626,-10.6,-26.6328071169279,-1.23959889975407,-1.23959889975407,-7.647678,-0.315934,1.432597,-8.840548,-0.401667,1.467863,-19.02053922619335,-10.06015701513232,-0.4931553261830437,1.476841978284025,-0.2085939895866403,-1.241821317524123,-0.0070257581098053,-1.0,FEROZ-SHAH-KOTLA-DELHI,2024-04-20,2024,R,L,L,Delhi-Capitals,Sunrisers-Hyderabad,Seam,1.0
1417,2,14,Delhi Capitals,Rishabh Pant,T Natarajan,,11,2,0,0,0,0,0,0,1,0,0,0,0,0,0,0,0,,,0,10.2,1,1,0,454940,19.49,55.38,0,0,,39,ANGLED IN,58,BACKFOOT PULL SHOT,0,0,2,10,139,4,Outside Off stump,Good Length,0,0,2,0,0,0,0,0,83.34617902161911,-11.70712877304807,8.340675595176343,0.5118908605562122,1.835706077124091,-0.271010443673915,0.197431972461082,-3.66418915381634,-35.2313576776089,0.0185989617816803,-8.56077351886946,8.996561975851352,0.2382591679663394,0.5915026973428725,74.89948780479695,Attacked,Edged,,0.537368774414062,0.4826774597167969,10.37838,0.511181,-0.251652554840064,0.0,-15.5577898328543,-31.9834947590437,0.330464255371259,0.330464255371259,-7.782745,0.597671,0.826061,-8.84104,0.609403,0.85147,-13.65746263774083,-10.0601289990405,0.6230476173700831,0.8563579820661923,0.0685780179679022,0.5617312807831362,0.0108639056078231,-1.0,FEROZ-SHAH-KOTLA-DELHI,2024-04-20,2024,L,R,L,Delhi-Capitals,Sunrisers-Hyderabad,Seam,1.0
1417,2,14,Delhi Capitals,Rishabh Pant,T Natarajan,,11,3,1,1,1,1,0,0,0,0,0,0,0,0,0,0,0,,,0,10.3,1,1,0,454941,67.38,-99.78,1,0,,46,LEGCUTTER,44,GLIDE,0,0,3,10,140,4,Outside Off stump,Good Length,0,0,2,0,0,0,0,0,66.94525758639622,-6.146108159891946,8.341091039527086,0.6877694590733952,1.871682219374096,-0.211443168915308,-1.13612976212133,-8.76416068416759,-27.4876119589901,-0.897666828366647,-6.48289794491586,8.760503581331612,0.2662158098489115,0.5883660067388867,71.63332002594186,Attacked,Played,,0.659511566162109,0.608184814453125,7.698356,0.431422,-0.196340085421358,0.0,-10.6,-24.7518337910426,-0.67310336296065,-0.67310336296065,-8.022969,0.273904,0.66186,-8.841001,0.250532,0.70178,-13.2705858158565,-10.06003370778339,0.2154064884373444,0.7377400202306482,-0.9604303106364706,0.3127294855313107,-0.0862819720968967,-1.0,FEROZ-SHAH-KOTLA-DELHI,2024-04-20,2024,L,R,L,Delhi-Capitals,Sunrisers-Hyderabad,Seam,1.0
1417,2,14,Delhi Capitals,Tristan Stubbs,T Natarajan,,11,4,1,1,1,1,0,0,0,0,0,0,0,0,0,0,0,,,0,10.4,1,1,0,454942,-44.97,114.78,1,0,,30,ANGLED ACROSS,27,FORWARD PUSH,0,0,4,10,141,4,Leg stump,Full Length,0,0,2,0,0,0,0,0,81.47922249184077,-5.410635760513812,8.340698769729574,0.3750531733492221,1.866628337187457,-0.251876165134607,-1.1753989486317,-5.23506122519009,-32.7439014674989,-0.927454371903333,-5.55323879345781,5.988028360893261,0.2082868195769789,0.5838454560391456,76.74813644817395,Attacked,Played,,0.520843505859375,0.48870849609375,4.447576,0.095933,-0.233885010482135,0.0,-10.6,-30.9099142146332,-0.967518683725723,-0.967518683725723,-8.181492,0.014726,0.282472,-8.840578,-0.006367,0.331241,-9.625553433071062,-10.06020622790682,-0.0456847528129645,0.4086995627363008,-0.9087253467183968,-0.1704035965852471,-0.0797880675611666,-1.0,FEROZ-SHAH-KOTLA-DELHI,2024-04-20,2024,R,L,L,Delhi-Capitals,Sunrisers-Hyderabad,Seam,1.0
1417,2,14,Delhi Capitals,Rishabh Pant,T Natarajan,,11,5,1,1,1,1,0,0,0,0,0,0,0,0,0,0,0,,,0,10.5,1,1,0,454943,-149.49,-17.83,1,0,,36,BOUNCER,58,BACKFOOT PULL SHOT,1,0,5,10,142,4,Outside Off stump,Short Length,0,0,2,0,0,0,0,0,76.1530518099114,-18.9084160492078,8.340834842285396,0.563109639750804,1.703782356666125,-0.239811076660085,1.61488507119282,-6.85247092288609,-31.175439965811,-0.189632382546213,-12.0377247194486,12.49244560928315,0.1961570257808963,0.5081567863404014,66.60781537297058,Attacked,Played,,0.641212463378906,0.5903663635253906,13.843679,0.519197,-0.222681714041507,-1.43695939512687,-11.333208017696,-27.6094630241678,-0.54440437730295,-0.54440437730295,-7.95572,0.132655,1.646759,-8.840964,0.089566,1.677093,-21.11299394477827,-10.06022481237968,0.0266356240591485,1.695458108924925,0.4001289292524197,-0.7811022834062596,0.0772195407861355,-1.0,FEROZ-SHAH-KOTLA-DELHI,2024-04-20,2024,L,R,L,Delhi-Capitals,Sunrisers-Hyderabad,Seam,1.0
1417,2,14,Delhi Capitals,Tristan Stubbs,T Natarajan,,11,6,1,1,1,1,0,0,0,0,0,0,0,0,0,0,0,,,0,10.6,1,1,0,454944,143.81,33.74,1,0,https://scores.bcci.tv/matchcentre/commentaryFiles/TATA-IPL-2024/Delhi-Capitals-VS-Sunrisers-Hyderabad-(20-Apr-2024)/File_2-11-454944.png,16,SLOW BOUNCER,58,BACKFOOT PULL SHOT,0,0,6,10,143,4,Outside Leg stump,Short Length,0,0,2,0,0,0,0,0,78.16666165933113,-19.5945720590599,8.340463329836911,0.4733513886562379,1.7256881480017,-0.245354365633294,0.206685874367816,-15.7372632995902,-31.8960675323282,-0.850399196542792,-13.8125737243516,14.75224045003197,0.3026681291221183,0.4888896548297618,53.06663531225244,Attacked,Played,,0.681175231933594,0.6164474487304688,14.10846,0.358957,-0.227829053802344,0.0,-11.9254921411467,-25.6449507754633,-1.39586508352886,-1.39586508352886,-7.705185,-0.316724,1.906589,-8.841031,-0.386149,1.940589,-23.4149963085396,-10.06013116934147,-0.4615478858399699,1.944098665317216,-0.0012397247361577,-1.588324621726831,-0.00284878715450593,-1.0,FEROZ-SHAH-KOTLA-DELHI,2024-04-20,2024,R,L,L,Delhi-Capitals,Sunrisers-Hyderabad,Seam,1.0
1417,2,14,Delhi Capitals,Tristan Stubbs,Bhuvneshwar Kumar,,12,1,1,1,1,1,0,0,0,0,0,0,0,0,0,0,0,,,0,11.1,1,1,0,454945,-65.69,-67.09,1,0,,39,ANGLED IN,40,FRONTFOOT FLICK,0,0,1,11,144,4,Leg stump,Full Length,1,0,2,0,0,0,0,0,83.16676102487384,-4.799099857798589,8.34119742757997,-0.6531703755208305,1.948973740553557,-0.254180285044425,1.21236010116603,-5.21247535476467,-33.0434370557752,2.15008412139137,-5.43377095842781,6.526004387441746,0.2586725079377016,0.6471368528855331,81.20327713905982,Attacked,Edged,,0.5108642578125,0.492919921875,2.785031,0.185665,-0.236024550398394,0.0,-10.6,-30.738944634431,1.90879805064275,1.90879805064275,-8.700274,0.27466,0.195439,-8.840761,0.283485,0.209299,-9.338329654700075,-10.05971668632321,0.3604651596788877,0.3205840349900567,1.233712337045581,-0.1695606363197896,0.161003483099978,-1.0,FEROZ-SHAH-KOTLA-DELHI,2024-04-20,2024,R,L,R,Delhi-Capitals,Sunrisers-Hyderabad,Seam,1.0
1417,2,14,Delhi Capitals,Rishabh Pant,Bhuvneshwar Kumar,,12,2,4,4,4,0,0,0,0,0,0,0,0,0,1,0,0,,,0,11.2,1,1,0,454946,-150.41,-59.27,4,0,,30,ANGLED ACROSS,40,FRONTFOOT FLICK,0,0,2,11,148,4,Outside Leg stump,Yorker,0,0,2,0,0,0,0,0,82.69044579009308,-3.805529550103773,8.341177312501085,-0.6866508723186756,2.021139249031045,-0.250035519614723,0.230628071335518,-5.75454927489193,-32.504617549914,1.37638575645538,-5.37731228495468,6.457851580450582,0.1833390037943273,0.6499999999999996,89.16609962056722,Attacked,Played,,0.509078979492188,0.4512062072753906,0.7997149999999991,-0.01739,-0.232175839642243,-0.302629190612921,-10.6,-30.8793866724183,1.30756646863261,1.30756646863261,-7.405891,-0.094988,0.327722,-8.841164,-0.03509,0.101093,-9.393493595261546,-10.06009319334368,0.0164774291058304,0.1195724599502654,0.4704642880969251,0.0,0.0543520565462347,-1.0,FEROZ-SHAH-KOTLA-DELHI,2024-04-20,2024,L,R,R,Delhi-Capitals,Sunrisers-Hyderabad,Seam,1.0
1417,2,14,Delhi Capitals,Rishabh Pant,Bhuvneshwar Kumar,,12,3,0,0,0,0,0,0,1,0,0,0,0,0,0,0,0,,,0,11.3,1,1,0,454947,56.33,66.43,0,0,,47,SLOWER BALL,27,FORWARD PUSH,0,0,3,11,148,4,Outside Off stump,Good Length,0,0,2,0,0,0,0,0,74.8113452394363,-7.713923675914478,8.341097180635423,-0.7342599982140233,1.964983615190085,-0.235782411327526,-1.11944531604105,-7.70988275088968,-30.6517134725784,1.69007270272411,-7.04557399107776,9.31155059371432,0.4223905807957813,0.602634683352952,58.15614442336467,Attacked,Played,,0.6090087890625,0.545013427734375,7.83107,-0.112409,-0.218940810518417,0.0,-10.6,-25.8954750255016,1.31528159988735,1.31528159988735,-7.629728,0.168369,0.717686,-8.840997,0.233183,0.802539,-12.94509463135613,-10.06002422541213,0.2991269916238415,0.8624532223270358,-0.4026516129700072,-0.2483107579425482,-0.0337444696491734,-1.0,FEROZ-SHAH-KOTLA-DELHI,2024-04-20,2024,L,R,R,Delhi-Capitals,Sunrisers-Hyderabad,Seam,1.0
1417,2,14,Delhi Capitals,Rishabh Pant,Bhuvneshwar Kumar,,12,4,0,0,0,0,0,0,1,0,0,0,0,0,0,0,0,,,0,11.4,1,1,0,454948,56.33,66.43,0,0,,30,ANGLED ACROSS,99,SCOOP,0,0,4,11,148,4,Outside Leg stump,Good Length,0,0,2,0,0,0,0,0,75.63895294744407,-9.310456931498798,8.340959799572218,-0.7014930655302865,1.913894198171245,-0.239361688946973,0.79520002121359,-6.90837437492948,-31.1170195631064,1.5882534833545,-7.45770232019833,8.31073200065392,0.2281536682282906,0.5578697803274626,70.86510022629032,Attacked,Missed,,0.589164733886719,0.5534934997558594,9.112704,-0.276629,-0.22226442545076,-1.50238420840008,-10.6,-28.4813407269802,1.20470566436647,1.20470566436647,-8.281719,-0.009989,0.781432,-8.840913,0.006514,0.807293,-13.47765601364629,-10.06028826809382,0.0404709473931792,0.8478853493036405,0.5877680162141499,-0.4998591078517662,0.0583441512935394,-1.0,FEROZ-SHAH-KOTLA-DELHI,2024-04-20,2024,L,R,R,Delhi-Capitals,Sunrisers-Hyderabad,Seam,1.0
1417,2,14,Delhi Capitals,Rishabh Pant,Bhuvneshwar Kumar,,12,5,4,4,4,0,0,0,0,0,0,0,0,0,1,0,0,,,0,11.5,1,1,0,454949,-161.92,-38.09,4,0,,30,ANGLED ACROSS,40,FRONTFOOT FLICK,0,0,5,11,152,4,Leg stump,Full Toss,0,1,3,0,0,0,0,0,83.2157817889105,-2.99847051822872,8.340904566640155,-0.6260507015961572,1.979023006407497,-0.255026128429324,0.959611754481935,-6.42643787129315,-33.1533966958121,1.58597982637123,-5.37573297047447,6.330669799408946,0.1870995585880915,0.649999999999999,88.7900441411907,Attacked,Played,,0.503391265869141,0.4304351806640625,-0.3135739999999991,0.076907,-0.236809976398658,-0.353791410539912,-10.6,-31.4957268610215,1.50668083505267,1.50668083505267,-7.119718,-0.072325,0.52859,-8.8407,0.005021,0.277984,-9.2101954889018,-10.06036888706614,0.0619847298861937,0.0881135992300356,1.107807131868904,0.0,0.11345973308909,-1.0,FEROZ-SHAH-KOTLA-DELHI,2024-04-20,2024,L,R,R,Delhi-Capitals,Sunrisers-Hyderabad,Seam,1.0
1417,2,14,Delhi Capitals,Rishabh Pant,Bhuvneshwar Kumar,,12,6,1,1,1,1,0,0,0,0,0,0,0,0,0,0,0,,,0,11.6,1,1,0,454950,47.58,19.01,1,0,,47,SLOWER BALL,54,LEG GLANCE,0,0,6,11,153,4,Outside Leg stump,Good Length,0,0,3,0,0,0,0,0,76.56843718880171,-9.907554612564454,8.340439817888083,-0.6821252531126962,1.898200587384505,-0.242834913269683,-1.37660346914991,-7.23516489218858,-31.5685387250588,0.548060606354715,-7.83873693444706,8.438778479996026,0.252961151923282,0.5397685270708883,65.66916386830506,Attacked,Played,,0.588958740234375,0.5021781921386719,9.600148,-0.484213,-0.225489562321849,0.0,-10.6,-28.5193983058483,0.19935561170291,0.19935561170291,-999.9,-999.9,-999.9,-8.840502,-0.4236,0.843505,-13.94499309222908,-10.060177607091,-0.4144214170870048,0.8786889297703319,-0.5678517851073088,-0.5941096118803406,-0.0435304231390128,-1.0,FEROZ-SHAH-KOTLA-DELHI,2024-04-20,2024,L,R,R,Delhi-Capitals,Sunrisers-Hyderabad,Seam,1.0
1417,2,14,Delhi Capitals,Rishabh Pant,Nitish Kumar Reddy,,13,1,1,1,1,1,0,0,0,0,0,0,0,0,0,0,0,,,0,12.1,1,1,0,454951,133.68,-9.08,1,0,,30,ANGLED ACROSS,36,CUT SHOT,0,0,1,12,154,4,Off stump,Short of Good Length,1,0,3,0,0,0,0,0,66.88932699439938,-11.04371227805728,8.340686631601624,-0.8262688501623847,1.937298071836419,-0.212805985942938,-1.19862868803461,-10.6708776007948,-27.6647781725819,1.82319917222334,-8.54527708037543,11.32799559546588,0.3105584470948731,0.5516992347162236,61.69904049794624,Attacked,Played,,0.599281311035156,0.6529083251953125,10.846899,-0.300159,-0.197605558375585,0.0,-10.6,-23.5335318366191,1.85946208361841,1.85946208361841,-7.991939,0.420382,1.076155,-8.840836,0.493074,1.091782,-17.16521364763684,-10.05985309034092,0.5984515462848716,1.085671813497025,-0.4133235182096741,0.747216407375279,-0.0264387079599474,-1.0,FEROZ-SHAH-KOTLA-DELHI,2024-04-20,2024,L,R,R,Delhi-Capitals,Sunrisers-Hyderabad,Spin,1.0
1417,2,14,Delhi Capitals,Tristan Stubbs,Nitish Kumar Reddy,,13,2,0 WK,W,0,0,0,0,1,0,0,0,0,0,0,0,1,Caught,WICKET,1,12.2,1,1,0,454952,73.82,48.01,0,0,https://scores.bcci.tv/matchcentre/commentaryFiles/TATA-IPL-2024/Delhi-Capitals-VS-Sunrisers-Hyderabad-(20-Apr-2024)/File_2-13-454952.png,16,SLOW BOUNCER,58,BACKFOOT PULL SHOT,0,0,2,12,154,5,Outside Off stump,Short Length,2,0,3,0,0,0,0,0,71.30000000000001,-16.68579302179741,8.340596767515521,-0.7892169306650023,1.859968135016194,-0.227001876537892,0.230721728653871,-10.2984156678184,-29.5102439499259,0.986892984814202,-11.0594505286053,12.38867956753498,0.1918908769953336,0.521852665634249,69.088812145604,,,,0.708869934082031,0.60040283203125,13.00033,-0.615978,-0.210787456785185,0.245860349394033,-10.6,-26.2746013005065,1.0864504480474,1.0864504480474,-7.647199,-0.136669,1.533092,-8.840562,-0.076987,1.585145,-20.54431463793926,-10.06022895359835,-0.0146914151066093,1.611206321381052,0.153377941630424,0.4524284152197777,0.0162926618464063,-1.0,FEROZ-SHAH-KOTLA-DELHI,2024-04-20,2024,R,L,R,Delhi-Capitals,Sunrisers-Hyderabad,Spin,1.0
1417,2,14,Delhi Capitals,Lalit Yadav,Nitish Kumar Reddy,,13,3,1,1,1,1,0,0,0,0,0,0,0,0,0,0,0,,,0,12.3,1,1,0,454953,-86.87,19.47,1,0,,39,ANGLED IN,27,FORWARD PUSH,0,0,3,12,155,5,Outside Off stump,Good Length,3,0,3,0,0,0,0,0,81.6544380295888,-9.516398305738615,8.340456901715733,-0.8269265086106854,1.924095956809494,-0.257681754804013,-0.0972996241597686,-5.55383732737596,-33.4986281245216,1.2877711819439,-7.56873652713769,8.008739017356529,0.1687869772976849,0.5852485607088813,80.9085863765637,Attacked,Played,,0.536567687988281,0.5032768249511719,8.786011,-0.466622,-0.239275915175154,0.0,-10.6,-31.4833424088118,0.967667067515544,0.967667067515544,-8.211717,-0.247558,0.772438,-8.840848,-0.227093,0.812998,-12.73172793655541,-10.06001255057636,-0.1871374879078164,0.8785215778049709,0.1086199238899348,-0.4410293901156755,0.00894691913350798,-1.0,FEROZ-SHAH-KOTLA-DELHI,2024-04-20,2024,R,L,R,Delhi-Capitals,Sunrisers-Hyderabad,Spin,1.0
1417,2,14,Delhi Capitals,Rishabh Pant,Nitish Kumar Reddy,,13,4,1,1,1,1,0,0,0,0,0,0,0,0,0,0,0,,,0,12.4,1,1,0,454954,-57.4,176.01,1,0,,36,BOUNCER,58,BACKFOOT PULL SHOT,1,0,4,12,156,5,Leg stump,Short Length,0,0,3,0,0,0,0,0,82.42525425526547,-11.39825083439097,8.340938974924502,-0.7586858377693413,1.918860928856865,-0.260721735428622,-0.905475804261558,-6.92812676668229,-33.8938256057209,2.48041149517139,-8.88140144687387,9.826051793623124,0.1771882499086078,0.6115085494340452,84.007457424246,Attacked,Played,,0.520660400390625,0.4878959655761719,10.234114,-0.154321,-0.242098754326578,0.0,-11.8468785730845,-31.3574289293228,2.39116613983319,2.39116613983319,-7.556877,0.453534,1.030397,-8.840762,0.558204,1.124956,-14.68342797870118,-10.05989509349995,0.6586325288094863,1.194344334092299,-0.0882284389172507,0.1751129308458263,-0.0255813721705382,-1.0,FEROZ-SHAH-KOTLA-DELHI,2024-04-20,2024,L,R,R,Delhi-Capitals,Sunrisers-Hyderabad,Spin,1.0
1417,2,14,Delhi Capitals,Lalit Yadav,Nitish Kumar Reddy,,13,5,0,0,0,0,0,0,1,0,0,0,0,0,0,0,0,,,0,12.5,1,1,0,454955,-75.36,49.86,0,0,,39,ANGLED IN,27,FORWARD PUSH,0,0,5,12,156,5,Outside Off stump,Good Length,0,0,3,0,0,0,0,0,71.7778396414989,-10.32708746602891,8.340821334897939,-0.8456761819381547,1.934031251236874,-0.2281733212699,-0.405973023410432,-9.06645710705088,-29.662531765087,0.916959208472553,-8.20122356130643,8.237937441536868,0.1880758892728589,0.4830035901342348,63.64294959284933,Attacked,Played,,0.623382568359375,0.5803985595703125,10.125696,-0.582831,-0.211875226893479,0.0,-10.6,-27.3606235436909,1.25167390613272,1.25167390613272,-8.14207,-0.194884,0.766158,-8.840829,-0.160649,0.780678,-15.45528467106169,-10.06016132603849,-0.1004301323004639,0.7869769406433482,-0.0933008404878691,0.8486762349503777,-0.00492782056458624,-1.0,FEROZ-SHAH-KOTLA-DELHI,2024-04-20,2024,R,L,R,Delhi-Capitals,Sunrisers-Hyderabad,Spin,1.0
1417,2,14,Delhi Capitals,Lalit Yadav,Nitish Kumar Reddy,,13,6,1,1,1,1,0,0,0,0,0,0,0,0,0,0,0,,,0,12.6,1,1,0,454956,140.59,13.94,1,0,,39,ANGLED IN,40,FRONTFOOT FLICK,0,0,6,12,157,5,Outside Off stump,Good Length,0,0,3,0,0,0,0,0,82.35240244613146,-10.84461200536572,8.340911901278613,-0.8357484794548111,1.912779560252482,-0.263650856164217,0.578551623552291,-4.35097723473319,-34.2746113013482,2.03041914794075,-8.08814701205337,8.420517251854328,0.2237079166723808,0.5749937050807692,73.8782640948773,Attacked,Played,,0.539405822753906,0.471405029296875,9.619414,-0.350133,-0.244818652152487,0.0,-10.6,-31.4161794498586,2.07958990988804,2.07958990988804,-7.272793,0.114609,0.815847,-8.840626,0.224941,0.921988,-13.27778921697646,-10.060093452389,0.3117597284704547,0.984531443864867,0.4380326157506281,0.3969365336960548,0.0326031986331319,-1.0,FEROZ-SHAH-KOTLA-DELHI,2024-04-20,2024,R,L,R,Delhi-Capitals,Sunrisers-Hyderabad,Spin,1.0
1417,2,14,Delhi Capitals,Lalit Yadav,Pat Cummins,,14,1,1,1,1,1,0,0,0,0,0,0,0,0,0,0,0,,,0,13.1,1,1,0,454957,48.5,99.12,1,0,,39,ANGLED IN,27,FORWARD PUSH,0,0,1,13,158,5,Off stump,Good Length,1,0,3,0,0,0,0,0,88.58760177562517,-10.36781528161378,8.34072309905222,-0.598301185166258,2.111537434629952,-0.277774923803034,0.737323863694432,-3.8453236697561,-36.1107400943945,1.68467758394478,-8.16148825807417,7.862190189410199,0.1851364008337615,0.5708134306279196,77.10837451081179,Attacked,Played,,0.593994140625,0.4628677368164063,8.261776,-0.169775,-0.257933857817103,0.0,-10.6,-33.7368648805267,1.63654696166725,1.63654696166725,-8.134141,0.145269,0.745927,-8.840448,0.181378,0.801114,-12.73560264966008,-10.06034362635084,0.2442315739329673,0.8848667668364599,0.4859252189190755,0.106104742558575,0.0670007716783061,-1.0,FEROZ-SHAH-KOTLA-DELHI,2024-04-20,2024,R,L,R,Delhi-Capitals,Sunrisers-Hyderabad,Seam,1.0
1417,2,14,Delhi Capitals,Rishabh Pant,Pat Cummins,,14,2,0,0,0,0,0,0,1,0,0,0,0,0,0,0,0,,,0,13.2,1,1,0,454958,48.5,99.12,0,0,,16,SLOW BOUNCER,58,BACKFOOT PULL SHOT,0,0,2,13,158,5,Outside Off stump,Short Length,0,0,3,0,0,0,0,0,77.76534340416694,-18.01132193758472,8.341087123239813,0.9535980287259104,1.997913195585886,-0.243527082288965,-0.820074764410434,-9.26063285429668,-31.6585206975655,-2.40168832316921,-12.2922514496656,12.7901440052839,0.2029949250932694,0.5162321120371458,67.13532429624493,Attacked,Missed,,0.497634887695312,0.6578636169433594,12.935459,0.559169,-0.226132290696896,1.2570466191892,-10.6,-27.952760403096,-0.863299590443254,-0.863299590443254,-999.9,-999.9,-999.9,-8.840637,0.30089,1.818164,-21.22000839214909,-10.06000096793418,0.2873563142550513,1.887022439229833,-0.4140757404091586,2.569306222129808,-0.0676408084808538,-1.0,FEROZ-SHAH-KOTLA-DELHI,2024-04-20,2024,L,R,R,Delhi-Capitals,Sunrisers-Hyderabad,Seam,1.0
1417,2,14,Delhi Capitals,Rishabh Pant,Pat Cummins,,14,3,0,0,0,0,0,0,1,0,0,0,0,0,0,0,0,,,0,13.3,1,1,0,454959,48.5,99.12,0,0,,39,ANGLED IN,105,LEFT ALONE,0,0,3,13,158,5,Outside Off stump,Full Length,0,0,3,0,0,0,0,0,91.2942490776358,-5.944652818004114,8.340551817358111,0.93799580580952,2.080828780879139,-0.27977839908682,-0.574571311073872,-5.19401004682457,-36.3711918812866,-1.0838945849264,-6.26036552543266,6.154052752019084,0.1666243454189746,0.597847786125339,83.01473337690338,,,,0.465591430664062,0.4892234802246094,3.344089,0.557514,-0.259794227723476,0.0,-10.6,-34.7117998271709,-0.78065195567119,-0.78065195567119,-999.9,-999.9,-999.9,-8.841136,0.509335,0.237911,-9.766297711716302,-10.06022237038659,0.4813447475571645,0.341835791339524,-0.4946421895813204,0.4186233267027218,-0.0618240627024381,-1.0,FEROZ-SHAH-KOTLA-DELHI,2024-04-20,2024,L,R,R,Delhi-Capitals,Sunrisers-Hyderabad,Seam,1.0
1417,2,14,Delhi Capitals,Rishabh Pant,Pat Cummins,,14,4,0,0,0,0,0,0,1,0,0,0,0,0,0,0,0,,,0,13.4,1,1,0,454960,48.5,99.12,0,0,,39,ANGLED IN,24,REVERSE SCOOP,0,0,4,13,158,5,Outside Off stump,Good Length,0,0,3,0,0,0,0,0,91.42872765652338,-8.518888245886437,8.340747648950707,0.8240159895167727,2.084095667583123,-0.284970873351872,0.719450953492387,-4.48772664203473,-37.0462135357433,-1.07851233979858,-7.41613103210752,6.980530556943527,0.205851112713601,0.5719762091176925,75.21132009629379,Attacked,Missed,,0.475959777832031,0.500518798828125,6.632436,0.462774,-0.264615810969595,0.0,-10.6,-34.6444198142593,-1.10698435292671,-1.10698435292671,-999.9,-999.9,-999.9,-8.840644,0.286134,0.578272,-11.32017586054474,-10.06006471575889,0.245290893814409,0.6651569818830747,0.1716593229319862,-0.1625755702175595,0.0263877040999559,-1.0,FEROZ-SHAH-KOTLA-DELHI,2024-04-20,2024,L,R,R,Delhi-Capitals,Sunrisers-Hyderabad,Seam,1.0
1417,2,14,Delhi Capitals,Rishabh Pant,Pat Cummins,,14,5,1,1,1,1,0,0,0,0,0,0,0,0,0,0,0,,,0,13.5,1,1,0,454961,-38.98,-18.29,1,0,,16,SLOW BOUNCER,58,BACKFOOT PULL SHOT,0,0,5,13,159,5,Outside Off stump,Short Length,0,0,3,0,0,0,0,0,71.86829581101684,-12.97361181766885,8.341020622476883,0.8449526268830869,1.995242665791401,-0.227978314704941,-0.674463817412427,-9.12276132867662,-29.6371809116424,-1.51096554350889,-9.37231656599535,12.27384861580614,0.2605275673777988,0.5981659826372207,73.67214065780321,Attacked,Edged,,0.656112670898438,0.5995445251464844,11.174346,0.505388,-0.211694149368874,0.0,-13.2505456366898,-25.7688617706896,-0.481253987338387,-0.481253987338387,-7.871303,0.331057,1.189475,-8.840826,0.311423,1.211342,-17.5487820856252,-10.06023268273637,0.2864849394637431,1.207319510940427,-0.4459621991864336,1.848612107093914,-0.0274763002696435,-1.0,FEROZ-SHAH-KOTLA-DELHI,2024-04-20,2024,L,R,R,Delhi-Capitals,Sunrisers-Hyderabad,Seam,1.0
1417,2,14,Delhi Capitals,Lalit Yadav,Pat Cummins,,14,6,0,0,0,0,0,0,1,0,0,0,0,0,0,0,0,,,0,13.6,1,1,0,454962,-38.98,-18.29,0,0,,38,STRAIGHT BALL,96,SLICED OVER POINT,0,0,6,13,159,5,Wide outside Off stump,Full Length,0,0,3,0,0,0,0,0,88.29006943383393,-5.501922244502938,8.340677862553587,-0.6735882605096378,2.117732799624735,-0.272720191393991,-0.717705398885405,-5.04267683029107,-35.4536248812189,-0.605248401498977,-5.97512745298236,5.999271762612361,0.1344758145830612,0.6009748555047637,86.69864686740844,Attacked,Missed,,0.478431701660156,0.4966392517089844,2.442427,-0.865869,-0.253240177722992,0.0,-10.6,-34.1693219356855,-0.457998257917693,-0.457998257917693,-999.9,-999.9,-999.9,-8.84077,-0.882339,0.157685,-9.56636764226007,-10.0596546889874,-0.8989019763595822,0.2668277647147515,-0.5454498414616588,0.2100985312279401,-0.0748877772569133,-1.0,FEROZ-SHAH-KOTLA-DELHI,2024-04-20,2024,R,L,R,Delhi-Capitals,Sunrisers-Hyderabad,Seam,1.0
1417,2,14,Delhi Capitals,Rishabh Pant,T Natarajan,,15,1,0,0,0,0,0,0,1,0,0,0,0,0,0,0,0,,,0,14.1,1,1,0,454963,31.0,116.62,0,0,,39,ANGLED IN,5,LOFTED OFF DRIVE,0,0,1,14,159,5,Outside Off stump,Full Length,1,0,3,0,0,0,0,0,83.77105196719802,-4.767241828904461,8.340826151165285,0.4505800841768518,1.891876809848424,-0.25742292874455,-0.644435623499193,-5.58859123300598,-33.4649801222313,-0.283771979976112,-5.51618518156146,4.992194035559502,0.1458731621497314,0.5106006843788659,72.00278644185676,Attacked,Played,,0.506160736083984,0.48028564453125,3.210254,0.388141,-0.239035576691368,0.0,-10.6,-32.2441139013265,-0.649671560191288,-0.649671560191288,-8.483625,0.35502,0.168568,-8.841118,0.347719,0.193478,-9.360156910245877,-10.06031488808887,0.3226705009445864,0.2687646636998097,-0.4749333764084302,-0.6684320213612209,-0.0780966567457972,-1.0,FEROZ-SHAH-KOTLA-DELHI,2024-04-20,2024,L,R,L,Delhi-Capitals,Sunrisers-Hyderabad,Seam,1.0
1417,2,14,Delhi Capitals,Rishabh Pant,T Natarajan,,15,2,2,2,2,0,1,0,0,0,0,0,0,0,0,0,0,,,0,14.2,1,1,0,454964,163.61,68.27,2,0,,39,ANGLED IN,15,LOFTED COVER DRIVE,0,0,2,14,161,5,Outside Off stump,Full Length,0,0,3,0,0,0,0,0,82.39617738007695,-4.799621714293225,8.340632361785651,0.5232296787522396,1.865903821831062,-0.254150651953319,-1.63731183123756,-6.47298989370084,-33.0395847539315,0.298489040751081,-5.75085756563195,6.372587542005716,0.2287288147307736,0.6006741771713962,77.22824510263207,Attacked,Played,,0.515281677246094,0.4952659606933594,4.032137,0.785646,-0.235997033956654,0.0,-10.6,-30.9301765501027,0.569948338304845,0.569948338304845,-8.563296,0.832824,0.294042,-8.841039,0.838049,0.317219,-9.873958401590272,-10.05997353602636,0.8611123346754058,0.4088883570254492,-1.002778247862143,0.5380537573814691,-0.118890762472809,-1.0,FEROZ-SHAH-KOTLA-DELHI,2024-04-20,2024,L,R,L,Delhi-Capitals,Sunrisers-Hyderabad,Seam,1.0
1417,2,14,Delhi Capitals,Rishabh Pant,T Natarajan,,15,3,1,1,1,1,0,0,0,0,0,0,0,0,0,0,0,,,0,14.3,1,1,0,454965,-64.31,-103.01,1,0,,16,SLOW BOUNCER,58,BACKFOOT PULL SHOT,0,0,3,14,162,5,Outside Off stump,Short Length,0,0,3,0,0,0,0,0,75.62970473877996,-19.60122795109886,8.340927684417132,0.5509817717630567,1.690454371178151,-0.237168999440699,0.409752621943549,-11.0664399228951,-30.8319699272909,-0.155214165245728,-12.8554974052687,14.45190439487745,0.3114739737336332,0.4977293841759552,53.51201025302996,Attacked,Played,,0.703422546386719,0.6547622680664062,14.11389,0.525914,-0.220228356623506,-0.93544155716093,-12.3058542202458,-24.8273474202043,-0.625405647808576,-0.625405647808576,-8.099363,0.076497,1.698827,-8.840881,0.038676,1.692708,-22.63386616374198,-10.05981218497979,-0.0264428882797375,1.651874176328603,0.0916312297314641,-1.154550802787987,0.035993987516875,-1.0,FEROZ-SHAH-KOTLA-DELHI,2024-04-20,2024,L,R,L,Delhi-Capitals,Sunrisers-Hyderabad,Seam,1.0
1417,2,14,Delhi Capitals,Lalit Yadav,T Natarajan,,15,4,4,4,4,0,0,0,0,0,0,0,0,0,1,0,0,,,0,14.4,1,1,0,454966,-28.85,-151.81,4,0,,30,ANGLED ACROSS,51,FRONTFOOT COVERDRIVE,0,0,4,14,166,5,Off stump,Yorker,0,0,3,0,0,0,0,0,83.5649446259986,-3.434461585732091,8.340785137792299,0.3846543624296449,1.911179465496972,-0.251546300755111,-0.873203546314694,-5.92520122878957,-32.7010190981644,-1.41062944951791,-5.32183848133661,6.353710814151445,0.1863757282145657,0.6500000000000007,88.86242717854353,Attacked,Edged,,0.500541687011719,0.4807891845703125,0.211354,-0.231397,-0.233578707844031,0.310815113571336,-10.6,-31.0659681432562,-1.34009797704201,-1.34009797704201,-8.539997,-0.17592,0.150761,-8.840541,-0.18849,0.104185,-9.243410343095158,-10.05987272155386,-0.2405087522569112,-0.0331566668867433,-1.000899925262105,1.2722218725854072e-14,-0.127737285037801,-1.0,FEROZ-SHAH-KOTLA-DELHI,2024-04-20,2024,R,L,L,Delhi-Capitals,Sunrisers-Hyderabad,Seam,1.0
1417,2,14,Delhi Capitals,Lalit Yadav,T Natarajan,,15,5,0,0,0,0,0,0,1,0,0,0,0,0,0,0,0,,,0,14.5,1,1,0,454967,-28.85,-151.81,0,0,,16,SLOW BOUNCER,58,BACKFOOT PULL SHOT,0,0,5,14,166,5,Leg stump,Short Length,0,0,3,0,0,0,0,0,76.90788051092716,-12.8130518652347,8.340919004086075,0.41870051299834,1.715602495479466,-0.245479213542583,-0.286112887050634,-10.0311828637442,-31.9122977605358,-1.69229660717588,-9.58262791274458,10.47855109632222,0.2393972569583075,0.5468923226399907,68.09412270016784,Attacked,Missed,,0.608779907226562,0.6410064697265625,11.990861,0.092392,-0.227944984003827,0.0322385783022505,-13.2068378780661,-28.3352958883666,-2.0378468754145,-2.0378468754145,-999.9,-999.9,-999.9,-8.841092,-0.715409,1.069337,-16.71396645471155,-10.06006029742856,-0.8112688452223843,1.054006292609862,-0.2381443581652133,-1.078044768526916,-0.0122667886041914,-1.0,FEROZ-SHAH-KOTLA-DELHI,2024-04-20,2024,R,L,L,Delhi-Capitals,Sunrisers-Hyderabad,Seam,1.0
1417,2,14,Delhi Capitals,Lalit Yadav,T Natarajan,,15,6,0 WK,W,0,0,0,0,1,0,0,0,0,0,0,0,1,Bowled,WICKET,1,14.6,1,1,0,454968,-28.85,-151.81,0,0,,30,ANGLED ACROSS,11,LOFTED ON DRIVE,0,0,6,14,166,6,Outside Leg stump,Full Length,1,0,3,0,0,0,0,0,83.68774064461836,-5.804669960401225,8.340873020761826,0.4409441866433679,1.858902976284586,-0.259913465895826,-0.722260967202168,-5.96507885503218,-33.7887505664574,-0.588563037400826,-6.0016603121843,6.431417282377885,0.210017387247658,0.5967512508452826,78.51094890202658,,,,0.497657775878906,0.5390853881835938,5.208923,0.272018,-0.241348218331839,0.0,-10.6,-31.7724924339975,-0.745882918150681,-0.745882918150681,-999.9,-999.9,-999.9,-8.841152,0.176899,0.410087,-10.07200309376312,-10.05983131488275,0.1472537808039887,0.4903363547793925,-0.5053327814000188,-0.3468852560253667,-0.0554739498801201,-1.0,FEROZ-SHAH-KOTLA-DELHI,2024-04-20,2024,R,L,L,Delhi-Capitals,Sunrisers-Hyderabad,Seam,1.0
1417,2,14,Delhi Capitals,Rishabh Pant,Nitish Kumar Reddy,,16,1,1,1,1,1,0,0,0,0,0,0,0,0,0,0,0,,,0,15.1,1,1,0,454969,-160.54,43.41,1,0,,36,BOUNCER,58,BACKFOOT PULL SHOT,1,0,1,15,167,6,Outside Off stump,Short Length,2,0,3,0,0,0,0,0,74.90094884227793,-17.01734741437664,8.340723327284174,0.7154726495664493,1.83614871772661,-0.236289647904199,-3.77646265188111,-8.07124810233621,-30.7176542275458,-2.12754125049687,-11.1709671825405,11.32390331077138,0.1766407721441853,0.4985661526443534,67.12084568223447,Attacked,Played,,1.43291473388672,0.53466796875,13.035414,0.406644,-0.219411815911042,0.0,-10.6,-27.8120645385169,-1.10987075891862,-1.10987075891862,-6.741901,0.003194,1.366599,-8.840874,-0.088345,1.472097,-19.98460745453491,-10.06010259130036,-0.1422885425139275,1.500500719316503,-1.31070256397862,1.676808440543702,-0.0702519935857176,-1.0,FEROZ-SHAH-KOTLA-DELHI,2024-04-20,2024,L,L,R,Delhi-Capitals,Sunrisers-Hyderabad,Spin,1.0
1417,2,14,Delhi Capitals,Axar Patel,Nitish Kumar Reddy,,16,2,1,1,1,1,0,0,0,0,0,0,0,0,0,0,0,,,0,15.2,1,1,0,454970,151.64,-15.06,1,0,,39,ANGLED IN,16,BACKFOOT SQUARE DRIVE,0,0,2,15,168,6,Outside Off stump,Short of Good Length,0,0,3,0,0,0,0,0,83.67305703544523,-12.13523787039205,8.340598496660043,0.719414270667624,1.931452810548811,-0.264610417181114,1.33235936479871,-3.62388967161361,-34.3993542335448,-1.07765886873427,-8.68939206321618,8.743739224731481,0.2062614127116989,0.5596500080260604,73.32135993273917,Attacked,Played,,0.5394287109375,0.5166893005371094,10.274844,0.437516,-0.245709673096749,0.0,-10.6,-31.6185163068487,-0.387536454392161,-0.387536454392161,-8.563589,0.326076,0.995731,-8.841088,0.322422,1.012374,-14.17654395426615,-10.06026779710931,0.3062649879347613,1.074659059955051,0.3725263315998441,1.092150478799695,0.0255377795074296,-1.0,FEROZ-SHAH-KOTLA-DELHI,2024-04-20,2024,L,L,R,Delhi-Capitals,Sunrisers-Hyderabad,Spin,1.0
1417,2,14,Delhi Capitals,Rishabh Pant,Nitish Kumar Reddy,,16,3,1 (WD),1,0,0,0,0,0,1,1,0,0,0,0,0,0,,,0,15.3,1,1,1,454971,151.64,-15.06,1,0,,36,BOUNCER,105,LEFT ALONE,1,0,3,15,169,6,Outside Off stump,Short Length,0,0,3,0,0,0,0,0,73.29292756969355,-16.51721165447304,8.340607479324387,0.7229216974281012,1.740623968367776,-0.233184575053829,1.63702575453375,-34.1457297815886,-30.3139947569978,-1.86383135220157,-14.2043244230823,13.53270848275798,0.1924143458423165,0.4473914407129442,57.86728152270999,Attacked,Missed,,0.542026519775391,0.7055854797363281,13.969007,0.438075,-0.216528533978556,0.0,-10.6,-26.4036234275711,-0.787023343827073,-0.787023343827073,-999.9,-999.9,-999.9,-8.84054,0.036674,1.914004,-25.10652755630408,-10.05991512333808,-0.0041449950890986,1.948948134843216,0.3127045464217234,1.811022804859689,0.00900659321039721,-1.0,FEROZ-SHAH-KOTLA-DELHI,2024-04-20,2024,L,L,R,Delhi-Capitals,Sunrisers-Hyderabad,Spin,1.0
1417,2,14,Delhi Capitals,Rishabh Pant,Nitish Kumar Reddy,,16,3,2,2,2,0,1,0,0,0,0,0,0,0,0,0,0,,,0,15.3,1,1,0,454972,-133.83,95.44,2,0,,39,ANGLED IN,40,FRONTFOOT FLICK,0,0,4,15,171,6,Off stump,Yorker,0,0,3,0,0,0,0,0,83.93308561041847,-4.796891071592025,8.34109607172146,0.7207635626870793,1.960986532049718,-0.256709228712883,0.780685638483924,-5.76418388497132,-33.3721997326749,-1.29198323635136,-5.66524684539996,4.648565644754018,0.2764498876755629,0.4466646897117564,49.35471468920717,Attacked,Played,,0.505531311035156,0.4698486328125,2.892283,0.078312,-0.238372855233392,-1.63961384944797,-10.6,-31.120727334558,-0.818751877982708,-0.818751877982708,-8.123403,0.052298,0.102258,-8.840866,0.031608,0.150706,-9.634650367485312,-10.06033140058354,-0.0058879814214877,0.2203217940791961,0.2888137897140298,0.7100211494977497,0.0355507930731586,-1.0,FEROZ-SHAH-KOTLA-DELHI,2024-04-20,2024,L,L,R,Delhi-Capitals,Sunrisers-Hyderabad,Spin,1.0
1417,2,14,Delhi Capitals,Rishabh Pant,Nitish Kumar Reddy,,16,4,6,6,6,0,0,0,0,0,0,0,0,0,0,1,0,,,0,15.4,1,1,0,454973,-149.49,120.76,6,0,,39,ANGLED IN,11,LOFTED ON DRIVE,0,0,5,15,177,6,Outside Off stump,Full Length,0,0,3,0,0,0,0,0,82.90891387551123,-6.984809850092993,8.340869719613274,0.7756010718257114,1.95975136356308,-0.258105715802963,1.09978852268381,-5.35466525060101,-33.5537430543852,-1.10141900759706,-6.39543702238796,6.457672495538448,0.1873808042332339,0.5608023716454308,75.38227532349123,Attacked,Played,,0.520660400390625,0.4666671752929688,5.987358,0.317764,-0.239669593245608,1.34157010508118,-10.6,-31.6870832673727,-0.951898523670514,-0.951898523670514,-7.615158,0.218507,0.372602,-8.84095,0.187631,0.459419,-10.79129733620023,-10.05991125106885,0.1587829657070982,0.5295730621034731,0.4412013707448144,0.1594073132838463,0.0437373643814626,77.0,FEROZ-SHAH-KOTLA-DELHI,2024-04-20,2024,L,L,R,Delhi-Capitals,Sunrisers-Hyderabad,Spin,1.0
1417,2,14,Delhi Capitals,Rishabh Pant,Nitish Kumar Reddy,,16,5,1,1,1,1,0,0,0,0,0,0,0,0,0,0,0,,,0,15.5,1,1,0,454974,-144.42,62.29,1,0,,36,BOUNCER,70,STEP DOWN PULL SHOT,1,0,6,15,178,6,Outside Off stump,Short Length,0,0,3,0,0,0,0,0,76.002535353578,-15.46384194222871,8.340500267811116,0.7283822717482005,1.84986638802659,-0.240487133454297,2.34948509993908,-10.030502897628,-31.2633273490586,-2.16381790714079,-10.8428141346214,13.0656297632223,0.343705637966953,0.5470953950029339,57.6937454537448,Attacked,Played,,1.72392654418945,0.5517539978027344,12.633824,0.299589,-0.223309481064704,0.0,-10.6,-25.5609315607089,-0.769213279474202,-0.769213279474202,-6.533506,0.014001,1.528149,-8.840628,-0.062268,1.674006,-19.1276782911978,-10.06004525183971,-0.1032720140053492,1.70934997921729,0.5725197191679259,2.235578951381075,0.0282430356432197,-1.0,FEROZ-SHAH-KOTLA-DELHI,2024-04-20,2024,L,L,R,Delhi-Capitals,Sunrisers-Hyderabad,Spin,1.0
1417,2,14,Delhi Capitals,Axar Patel,Nitish Kumar Reddy,,16,6,1,1,1,1,0,0,0,0,0,0,0,0,0,0,0,,,0,15.6,1,1,0,454975,-146.72,-12.3,1,0,,16,SLOW BOUNCER,58,BACKFOOT PULL SHOT,0,0,7,15,179,6,Outside Off stump,Short Length,0,0,3,0,0,0,0,0,75.489159,-17.22944860594293,8.340443829065133,0.7395581264009282,1.827519782786159,-0.237881946183517,-0.441667673691849,-10.7952437114375,-30.9246530038572,-2.24878268623098,-11.7583349617789,13.10089540009817,0.2966380560041175,0.5090045668662481,56.68687942952546,Attacked,Played,,1.72392654418945,0.626953125,13.18905,0.374023,-0.22089037859898,0.0,-12.7561466760932,-25.7173831427643,-1.1469571717601,-1.1469571717601,-8.159825,-0.155555,1.435765,-8.840653,-0.189288,1.433048,-20.81806927175223,-10.05975012835746,-0.2502449634524412,1.40015483939085,-0.2891563823398561,1.605506073430184,0.019388473956126,-1.0,FEROZ-SHAH-KOTLA-DELHI,2024-04-20,2024,L,L,R,Delhi-Capitals,Sunrisers-Hyderabad,Spin,1.0
1417,2,14,Delhi Capitals,Axar Patel,Bhuvneshwar Kumar,,17,1,1,1,1,1,0,0,0,0,0,0,0,0,0,0,0,,,0,16.1,1,1,0,454976,-55.56,135.5,1,0,,30,ANGLED ACROSS,27,FORWARD PUSH,0,0,1,16,180,6,Leg stump,Yorker,1,0,3,0,0,0,0,0,83.92255736542235,-3.445118462138716,8.340583379429841,-0.6510443616849368,1.963738751469214,-0.252158649370488,1.18800880334106,-5.58611792614821,-32.7806244181635,1.56786286246807,-5.19557007676716,6.189200213109131,0.1914107194941644,0.6499999999999992,88.35892805058344,Attacked,Played,,0.49530029296875,0.4598464965820313,-0.0617499999999999,0.009908,-0.234147317272596,-0.345247847986805,-10.6,-31.1415931972553,1.48946971934466,1.48946971934466,-7.913675,-0.092165,0.336767,-8.840927,-0.050155,0.199986,-9.00618801994408,-10.06002247456459,0.0069584231843239,0.0119691209397192,1.296565164458043,-1.2722218725854072e-14,0.150230569572803,-1.0,FEROZ-SHAH-KOTLA-DELHI,2024-04-20,2024,L,L,R,Delhi-Capitals,Sunrisers-Hyderabad,Seam,1.0
1417,2,14,Delhi Capitals,Rishabh Pant,Bhuvneshwar Kumar,,17,2,4,4,4,0,0,0,0,0,0,0,0,0,1,0,0,,,0,16.2,1,1,0,454977,172.36,-20.59,4,0,,30,ANGLED ACROSS,110,SLASH,0,0,2,16,184,6,Outside Off stump,Good Length,0,0,3,0,0,0,0,0,77.11547941658337,-7.802215248869021,8.340824451758209,-0.6187072719707798,1.959981097807129,-0.241569598630111,-1.46640552889025,-6.60161775649675,-31.4040478219144,2.39595850699494,-6.86108699655405,7.018152834570612,0.2053454805639837,0.5255795310958818,68.3023816079839,Attacked,Played,,0.567684173583984,0.5370254516601562,7.514503,0.260167,-0.224314627299389,0.0,-10.6,-29.2921686346586,1.77561526213287,1.77561526213287,-8.389907,0.622613,0.556969,-8.8406,0.651264,0.578863,-12.32420223786893,-10.05978013288131,0.7292941624088757,0.6244949920564562,-0.4809321896935833,-0.8940281131805158,-0.043635979339643,-1.0,FEROZ-SHAH-KOTLA-DELHI,2024-04-20,2024,L,L,R,Delhi-Capitals,Sunrisers-Hyderabad,Seam,1.0
1417,2,14,Delhi Capitals,Rishabh Pant,Bhuvneshwar Kumar,,17,3,1,1,1,1,0,0,0,0,0,0,0,0,0,0,0,,,0,16.3,1,1,0,454978,24.56,176.47,1,0,,30,ANGLED ACROSS,13,LOFTED STRAIGHT,0,0,3,16,185,6,Outside Off stump,Full Length,0,0,3,0,0,0,0,0,76.40748217562202,-6.089488314089179,8.340559732511359,-0.6786197438276083,1.948314708747762,-0.237696207320076,-1.04047915285081,-7.66505624544115,-30.9005069516099,2.85077464373336,-6.50861671618662,6.995443868302023,0.2287882963689897,0.5400371262307034,68.12673929770654,Attacked,Played,,0.569057464599609,0.5040664672851562,6.160558,0.475111,-0.220717906797213,0.0,-10.6,-28.6453510430874,2.31157564069311,2.31157564069311,-7.44539,0.765238,0.391323,-8.840621,0.881635,0.487883,-11.8944226963156,-10.06003372727142,0.9844347134239956,0.5508115915480357,-0.2107571310405647,-0.6574273611556366,-0.0209011868913915,-1.0,FEROZ-SHAH-KOTLA-DELHI,2024-04-20,2024,L,L,R,Delhi-Capitals,Sunrisers-Hyderabad,Seam,1.0
1417,2,14,Delhi Capitals,Axar Patel,Bhuvneshwar Kumar,,17,4,1 (LB),1,0,0,0,0,1,1,0,0,0,1,0,0,0,,,0,16.4,1,1,1,454979,24.56,176.47,1,0,,30,ANGLED ACROSS,54,LEG GLANCE,0,0,4,16,186,6,Outside Leg stump,Full Length,0,0,3,0,0,0,0,0,85.95132501562586,-4.998765765991484,8.340470807874489,-0.6750440195084041,1.942238445024967,-0.263594169192793,1.32157638977997,-5.70917062711414,-34.2672419950632,1.08085982623327,-5.74419950578736,6.328082302664593,0.1764498203466125,0.6298623530499959,86.83437092283813,Attacked,Missed,,0.492691040039062,0.4870376586914063,3.19173,-0.337789,-0.244766014250451,0.0,-10.6,-32.6253179769015,0.675772472655955,0.675772472655955,-9.046279,-0.292303,0.253652,-8.840448,-0.296634,0.23482,-9.515987270826177,-10.05966989792259,-0.270880902177399,0.3404012662782275,1.019071171914697,-0.6200233556129733,0.128137426226504,-1.0,FEROZ-SHAH-KOTLA-DELHI,2024-04-20,2024,L,L,R,Delhi-Capitals,Sunrisers-Hyderabad,Seam,1.0
1417,2,14,Delhi Capitals,Rishabh Pant,Bhuvneshwar Kumar,,17,5,1,1,1,1,0,0,0,0,0,0,0,0,0,0,0,,,0,16.5,1,1,0,454980,100.99,37.42,1,0,,30,ANGLED ACROSS,27,FORWARD PUSH,0,0,5,16,187,6,Off stump,Full Length,0,0,3,0,0,0,0,0,82.07300779154419,-5.046167225773374,8.340606356086262,-0.6216364596099677,1.959136679888387,-0.252559563037999,-0.21446726864685,-5.94076533390842,-32.8327431949399,1.65379602420386,-5.74813415882377,3.837155254444732,-0.2553867508298777,0.4072655960703809,96.6285144935449,Attacked,Played,,0.519378662109375,0.4704437255859375,3.693792,0.099473,-0.234519594249571,0.0,-10.6,-34.9034144425116,1.60353836825974,1.60353836825974,-7.96615,0.173376,0.151414,-8.841154,0.214133,0.195076,-9.93031613886577,-10.06000098371581,0.2713152269745058,0.2447880497831249,0.1502688898739008,-0.253127691367675,-0.00688108164122048,-1.0,FEROZ-SHAH-KOTLA-DELHI,2024-04-20,2024,L,L,R,Delhi-Capitals,Sunrisers-Hyderabad,Seam,1.0
1417,2,14,Delhi Capitals,Axar Patel,Bhuvneshwar Kumar,,17,6,1,1,1,1,0,0,0,0,0,0,0,0,0,0,0,,,0,16.6,1,1,0,454981,30.08,184.76,1,0,,30,ANGLED ACROSS,84,FRONTFOOT OFF DRIVE,0,0,6,16,188,6,Outside Off stump,Full Toss,0,0,3,0,0,0,0,0,84.4014277830702,-6.420060067785964,8.340440813516356,-0.4954525058755737,2.297642628961161,-0.262363490514579,2.53392058602675,-0.215836384354086,-34.1072537668953,2.18238203067055,-4.50566094546274,5.164706282328131,0.2298590101547692,0.6499999999999998,84.51409898452305,Attacked,Played,,0.497085571289062,0.4514694213867188,-0.4481099999999998,0.293372,-0.243623241192109,-0.492703459141763,-10.6,-32.4018910785505,2.07326292913703,2.07326292913703,-8.286384,0.157699,0.291765,-8.841013,0.190368,0.219772,-7.525354798445607,-10.06007353115478,0.2649711340819412,0.0602650480820146,2.377981753660566,1.2722218725854072e-14,0.280681385772451,-1.0,FEROZ-SHAH-KOTLA-DELHI,2024-04-20,2024,L,L,R,Delhi-Capitals,Sunrisers-Hyderabad,Seam,1.0
1417,2,14,Delhi Capitals,Axar Patel,Pat Cummins,,18,1,1,1,1,1,0,0,0,0,0,0,0,0,0,0,0,,,0,17.1,1,1,0,454982,-27.93,164.5,1,0,,8,OFF CUTTER,11,LOFTED ON DRIVE,0,0,1,17,189,6,Outside Off stump,Good Length,1,0,3,0,0,0,0,0,72.678919,-9.767753294065727,8.341119014003816,0.9066738882921848,2.043021436919124,-0.22980754786567,-0.471342379450403,-9.08824093697805,-29.8749812225371,-2.11590665799061,-8.16867013957749,10.26876315264642,0.342721459350571,0.5661871320163432,60.65592386739439,Attacked,Played,,1.72392654418945,0.5798492431640625,9.332115,0.306066,-0.213392723018122,0.0,-10.6,-25.5288156885276,-1.36258739345887,-1.36258739345887,-7.820509,-0.084185,0.927136,-8.840983,-0.142349,0.985312,-15.29250581934826,-10.06007832554101,-0.2125360126668217,1.029797330832576,-0.5103459991720508,0.9959963164271728,-0.0393919747601,-1.0,FEROZ-SHAH-KOTLA-DELHI,2024-04-20,2024,L,L,R,Delhi-Capitals,Sunrisers-Hyderabad,Seam,1.0
1417,2,14,Delhi Capitals,Rishabh Pant,Pat Cummins,,18,2,0,0,0,0,0,0,1,0,0,0,0,0,0,0,0,,,0,17.2,1,1,0,454983,-27.93,164.5,0,0,,16,SLOW BOUNCER,58,BACKFOOT PULL SHOT,0,0,2,17,189,6,Outside Off stump,Short Length,0,0,3,0,0,0,0,0,74.7321826011161,-16.22027911366847,8.340689678303693,0.8776411004152004,1.985978407637087,-0.235311020451127,0.837778267927914,-9.75490331579869,-30.5904326586465,-2.41485325663046,-11.1484664135472,11.91977487768284,0.2767917636226569,0.4933634785810393,56.32534542489022,Attacked,Edged,,0.637962341308594,0.5866813659667969,12.485938,0.406056,-0.218503090418904,0.269006033510208,-10.6,-26.0559660205652,-1.056444840279,-1.056444840279,-7.496603,0.007279,1.40141,-8.840658,-0.046045,1.457212,-20.02391085457303,-10.06012366066416,-0.0942431774559774,1.478529056549768,0.086407714382446,2.191853542530305,-0.0403638402485086,-1.0,FEROZ-SHAH-KOTLA-DELHI,2024-04-20,2024,L,L,R,Delhi-Capitals,Sunrisers-Hyderabad,Seam,1.0
1417,2,14,Delhi Capitals,Rishabh Pant,Pat Cummins,,18,3,1,1,1,1,0,0,0,0,0,0,0,0,0,0,0,,,0,17.3,1,1,0,454984,-140.28,-6.32,1,0,,39,ANGLED IN,40,FRONTFOOT FLICK,0,0,3,17,190,6,Off stump,Yorker,0,0,3,0,0,0,0,0,89.3979610055401,-4.848346278631699,8.340596531798852,0.8983406279504506,2.083529781309963,-0.270451649988184,0.514484822500555,-4.94153826011747,-35.158714498464,-1.86382992090321,-5.62893012007671,6.251397376402022,0.1895407414011552,0.6499999999999997,88.54592585988443,Attacked,Played,,0.471920013427734,0.4451522827148438,1.324631,-0.005745,-0.251133674989028,0.444862591319527,-10.6,-33.4007787735408,-1.77063842485805,-1.77063842485805,-8.341836,0.015118,0.091992,-8.840602,-0.011324,0.04087,-9.095895060710353,-10.06023181435729,-0.0759771285015514,0.1668248658914247,-0.0144311578956556,0.0,-0.00308739464339369,-1.0,FEROZ-SHAH-KOTLA-DELHI,2024-04-20,2024,L,L,R,Delhi-Capitals,Sunrisers-Hyderabad,Seam,1.0
1417,2,14,Delhi Capitals,Axar Patel,Pat Cummins,,18,4,1,1,1,1,0,0,0,0,0,0,0,0,0,0,0,,,0,17.4,1,1,0,454985,71.98,-22.43,1,0,,8,OFF CUTTER,11,LOFTED ON DRIVE,0,0,4,17,191,6,Off stump,Full Length,0,0,3,0,0,0,0,0,71.3710226818839,-5.280306087776363,8.341099693619206,0.935301607572197,2.07683713823921,-0.22214741470816,-0.937276970919928,-8.97213267029531,-28.8791639120608,-2.07036453550716,-6.72880626841344,8.506864267900417,0.2596689830657081,0.5813408445068194,71.23422836945211,Attacked,Edged,,0.608367919921875,0.5611038208007812,5.587575,0.143112,-0.206279742229005,0.0,-10.6,-26.1525627851272,-1.4047812970223,-1.4047812970223,-8.029005,-0.05066,0.471484,-8.840829,-0.095674,0.544535,-13.11583525474962,-10.06027820384866,-0.1638542489076635,0.6344551193617971,-1.080617504230625,1.025873277550243,-0.108800159114543,-1.0,FEROZ-SHAH-KOTLA-DELHI,2024-04-20,2024,L,L,R,Delhi-Capitals,Sunrisers-Hyderabad,Seam,1.0
1417,2,14,Delhi Capitals,Rishabh Pant,Pat Cummins,,18,5,4,4,4,0,0,0,0,0,0,0,0,0,1,0,0,,,0,17.5,1,1,0,454986,-32.54,-138.0,4,0,https://scores.bcci.tv/matchcentre/commentaryFiles/TATA-IPL-2024/Delhi-Capitals-VS-Sunrisers-Hyderabad-(20-Apr-2024)/File_2-18-454986.png,16,SLOW BOUNCER,58,BACKFOOT PULL SHOT,0,0,5,17,195,6,Outside Off stump,Short of Good Length,0,0,3,0,0,0,0,0,72.78186369870318,-12.08798044997271,8.340711754072771,0.8541288557188711,2.03275359263963,-0.230314574486238,-0.838050441789159,-7.83575297681845,-29.940894683211,-2.32314250996642,-8.79390313651299,10.93683616123049,0.3267581061406166,0.5609918033081115,61.47295988215507,Attacked,Played,,0.650779724121094,0.5965118408203125,10.551598,0.289936,-0.213863533451507,0.0,-10.6,-25.5298973106256,-0.890106162976452,-0.890106162976452,-7.927195,-0.014451,1.115405,-8.841018,-0.048871,1.158077,-16.36797584359636,-10.05991605280397,-0.0952300212637999,1.190499503809975,-0.6348080506306891,2.43992207420515,-0.0425475926057383,-1.0,FEROZ-SHAH-KOTLA-DELHI,2024-04-20,2024,L,L,R,Delhi-Capitals,Sunrisers-Hyderabad,Seam,1.0
1417,2,14,Delhi Capitals,Rishabh Pant,Pat Cummins,,18,6,4,4,4,0,0,0,0,0,0,0,0,0,1,0,0,,,0,17.6,1,1,0,454987,123.09,168.19,4,0,,16,SLOW BOUNCER,46,FRONTFOOT PULL SHOT,0,0,6,17,199,6,Outside Off stump,Short Length,0,0,3,0,0,0,0,0,76.10000000000008,-18.32988213173165,8.340712750644474,0.930844127542354,1.96722848335785,-0.237561295057066,0.788850113559334,-1.12117925206799,-30.8829683574186,-2.33155310356492,-10.8713866420934,12.0375828262118,0.1818178591545518,0.5467650877550936,73.83297724780886,Attacked,Played,,0.627662658691406,0.598114013671875,12.79926,0.504374,-0.220592631124419,0.965905932539212,-10.6,-27.8748467011026,-1.46847798865692,-1.46847798865692,-8.455824,-0.027763,1.616786,-8.840701,-0.043772,1.638122,-19.3930288635985,-10.06018929553558,-0.0933657442264614,1.689879249982526,0.0700632524155056,1.301817300717887,-0.0602644841582903,-1.0,FEROZ-SHAH-KOTLA-DELHI,2024-04-20,2024,L,L,R,Delhi-Capitals,Sunrisers-Hyderabad,Seam,1.0
1417,2,14,Delhi Capitals,Axar Patel,T Natarajan,,19,1,0 WK,W,0,0,0,0,1,0,0,0,0,0,0,0,1,Caught,WICKET,1,18.1,1,1,0,454988,89.48,51.24,0,0,https://scores.bcci.tv/matchcentre/commentaryFiles/TATA-IPL-2024/Delhi-Capitals-VS-Sunrisers-Hyderabad-(20-Apr-2024)/File_2-19-454988.png,39,ANGLED IN,15,LOFTED COVER DRIVE,0,0,1,18,199,7,Outside Off stump,Full Toss,1,0,3,0,0,0,0,0,83.31026281112644,-2.220287748777312,8.340765218502465,0.4897373069255435,1.907825085166494,-0.246913988031879,-0.400012105454824,-5.61350615648285,-32.0988184441442,-0.584434738423181,-4.80345665790983,5.846102320423695,0.2025317914592323,0.6500000000000001,87.24682085407679,,,,0.495826721191406,0.47113037109375,-2.309221000000001,0.211533,-0.22927727460103,0.12712297433619,-10.6,-30.493877521937,-0.555213001502022,-0.555213001502022,-8.209815,0.282825,0.605103,-8.840658,0.272569,0.526056,-8.510922733970133,-10.06018830812611,0.2521885184882479,0.3663134511607957,-0.5119794705597821,0.0,-0.0534745549520125,-1.0,FEROZ-SHAH-KOTLA-DELHI,2024-04-20,2024,L,L,L,Delhi-Capitals,Sunrisers-Hyderabad,Seam,1.0
1417,2,14,Delhi Capitals,Anrich Nortje,T Natarajan,,19,2,0,0,0,0,0,0,1,0,0,0,0,0,0,0,0,,,0,18.2,1,1,0,454989,14.43,55.84,0,0,,30,ANGLED ACROSS,49,FORWARD DEFENCE,0,0,2,18,199,7,Leg stump,Yorker,2,0,3,0,0,0,0,0,82.82393320087628,-4.008380331519025,8.340690654499767,0.3890234674016505,1.879251304693973,-0.252114795085218,-0.621321026959473,-5.59434675925765,-32.7749233610783,-0.867908745789669,-5.23609752430322,6.155637868111462,-0.0226387875565821,0.679271183038399,114.1545562114181,Defended,Played,,0.502830505371094,0.4822540283203125,1.921571999999999,0.047783,-0.234106595436274,0.0,-10.6,-32.9780536811551,-0.69951778942323,-0.69951778942323,-8.430468,0.041582,0.058491,-8.841138,0.03284,0.100938,-9.076827363456628,-10.06000637403875,0.0067426709733831,0.2178065042827241,-0.626743383969813,0.3017342335857174,-0.085161899911589,-1.0,FEROZ-SHAH-KOTLA-DELHI,2024-04-20,2024,R,L,L,Delhi-Capitals,Sunrisers-Hyderabad,Seam,1.0
1417,2,14,Delhi Capitals,Anrich Nortje,T Natarajan,,19,3,0 WK,W,0,0,0,0,1,0,0,0,0,0,0,0,1,Bowled,WICKET,1,18.3,1,1,0,454990,14.43,55.84,0,0,https://scores.bcci.tv/matchcentre/commentaryFiles/TATA-IPL-2024/Delhi-Capitals-VS-Sunrisers-Hyderabad-(20-Apr-2024)/File_2-19-454990.png,30,ANGLED ACROSS,11,LOFTED ON DRIVE,0,0,3,18,199,8,Middle stump,Yorker,3,0,3,0,0,0,0,0,84.76663390305751,-5.027004705994629,8.34082483008584,0.4936062344168559,1.872169878568441,-0.260096611229297,0.217955734179811,-4.95649679924674,-33.8125594598086,-0.998406218056858,-5.40884409016558,6.043693987163303,0.1546177595717153,0.635130803179458,89.80784451974718,,,,0.49383544921875,0.5256156921386719,3.333140999999999,0.053269,-0.241518281855775,0.0,-10.6,-32.4468753487961,-0.917017013256815,-0.917017013256815,-999.9,-999.9,-999.9,-8.841054,-0.006958,0.234943,-9.088351380380775,-10.06012813676431,-0.0421245608752477,0.3321927961322576,-0.0361440632927163,0.0724512102383083,0.00466123987990102,-1.0,FEROZ-SHAH-KOTLA-DELHI,2024-04-20,2024,R,L,L,Delhi-Capitals,Sunrisers-Hyderabad,Seam,1.0
1417,2,14,Delhi Capitals,Kuldeep Yadav,T Natarajan,,19,4,0 WK,W,0,0,0,0,1,0,0,0,0,0,0,0,1,Leg Before Wicket,WICKET,1,18.4,1,1,0,454991,14.43,55.84,0,0,,39,ANGLED IN,40,FRONTFOOT FLICK,0,0,4,18,199,9,Middle stump,Full Length,0,0,3,0,0,0,0,0,84.79131150496808,-4.267230928433321,8.34104328742497,0.4705127373505284,1.866645361365746,-0.258551997071836,0.0449499814483023,-5.42789751292811,-33.6117596193387,-1.09388509506958,-5.27482891995713,3.626606799008176,0.005340601835049,0.4033664726080542,69.97091070770324,,,,0.498550415039062,0.482666015625,2.269439999999999,-0.028979,-0.24008399728099,0.0,-10.6,-33.5698813631908,-1.16300579104905,-1.16300579104905,-8.802358,-0.064159,0.095231,-8.840493,-0.06549,0.097292,-8.91891319833978,-10.05981466765702,-0.1082407058468495,0.156108975687615,-0.1748359691221793,-0.1201630528344847,-0.0226518421656925,-1.0,FEROZ-SHAH-KOTLA-DELHI,2024-04-20,2024,L,L,L,Delhi-Capitals,Sunrisers-Hyderabad,Seam,1.0
1417,2,14,Delhi Capitals,Mukesh Kumar,T Natarajan,,19,5,0,0,0,0,0,0,1,0,0,0,0,0,0,0,0,,,0,18.5,1,1,0,454992,-34.84,104.65,0,0,,30,ANGLED ACROSS,49,FORWARD DEFENCE,0,0,5,18,199,9,Off stump,Yorker,1,0,3,0,0,0,0,0,84.67838352456934,-3.561814868419912,8.340372372474196,0.3757889298023564,1.898002225643763,-0.255464545668737,0.395898117166994,-5.271653776589,-33.2103909369358,-0.691197398368704,-5.05886266326074,5.950125190866112,0.1989762306457142,0.6499999999999998,87.60237693542857,Attacked,Played,,0.496536254882812,0.4559555053710938,0.2106060000000003,-0.03056,-0.23721707812097,0.155869608516153,-10.6,-31.549871390089,-0.656637528450269,-0.656637528450269,-7.953465,0.00925,0.275591,-8.840447,-0.009461,0.148024,-8.66115384233556,-10.05992880430341,-0.0349417816340276,0.0190650446374595,0.1607065883031353,0.0,0.0196052560144093,-1.0,FEROZ-SHAH-KOTLA-DELHI,2024-04-20,2024,R,L,L,Delhi-Capitals,Sunrisers-Hyderabad,Seam,1.0
1417,2,14,Delhi Capitals,Mukesh Kumar,T Natarajan,,19,6,0,0,0,0,0,0,1,0,0,0,0,0,0,0,0,,,0,18.6,1,1,0,454993,-49.57,59.06,0,0,,30,ANGLED ACROSS,50,BACKFOOT DEFENCE,0,0,6,18,199,9,Outside Off stump,Good Length,0,0,3,0,0,0,0,0,82.50879726030207,-10.76784260003237,8.340640524588789,0.3944429163766026,1.814775733199606,-0.26161826359131,-0.515898244793978,-4.38083212108808,-34.0103742668703,-1.56719654445175,-7.93347699315462,7.820600494580715,0.1756368029392116,0.5516501953690046,75.18384901142954,Attacked,Played,,0.533866882324219,0.509033203125,10.006357,0.034366,-0.242931244763359,0.46126868997285,-10.6,-31.8640505026281,-1.13834011195389,-1.13834011195389,-8.376653,-0.25603,0.837668,-8.840918,-0.271777,0.86001,-13.13038435033454,-10.06029438685971,-0.3128815020872199,0.9066852307473532,-0.3547442709311103,0.5923046391485465,-0.0343945045356527,-1.0,FEROZ-SHAH-KOTLA-DELHI,2024-04-20,2024,R,L,L,Delhi-Capitals,Sunrisers-Hyderabad,Seam,1.0
1417,2,14,Delhi Capitals,Rishabh Pant,Nitish Kumar Reddy,,20,1,0 WK,W,0,0,0,0,1,0,0,0,0,0,0,0,1,Caught,WICKET,1,19.1,1,1,0,454994,-53.26,-120.5,0,0,,36,BOUNCER,58,BACKFOOT PULL SHOT,1,0,1,19,199,10,Outside Off stump,Short Length,1,0,3,0,0,0,0,0,76.97124075715624,-17.71491767774608,8.34047061264964,0.7224278163396263,1.779611411184066,-0.242827298617861,-3.69607514883042,-18.1462784813052,-31.567548820322,-2.65365857577632,-13.1181681025701,13.02899660858853,0.2837320680644406,0.4620316753550911,50.93154449681961,,,,0.535182952880859,0.6075439453125,13.675152,0.372205,-0.225482491573728,0.0,-10.8872500949651,-26.1926307835426,-1.52764780928704,-1.52764780928704,-7.841729,-0.331294,1.683689,-8.840946,-0.396259,1.718383,-22.56575042529979,-10.06017239826694,-0.4763814327571448,1.734054467358235,-1.11451388637493,1.467236754282534,-0.0456078977258031,-1.0,FEROZ-SHAH-KOTLA-DELHI,2024-04-20,2024,L,R,R,Delhi-Capitals,Sunrisers-Hyderabad,Spin,1.0
