MatchID,InningsNo,BattingTeamID,TeamName,BatsManName,BowlerName,BowlerType,OverNo,BallNo,Runs,BallRuns,ActualRuns,IsOne,IsTwo,IsThree,IsDotball,Extras,IsWide,IsNoBall,IsBye,IsLegBye,IsFour,IsSix,IsWicket,WicketType,Wickets,IsBowlerWicket,BallName,Day,SESSION_NO,IsExtra,SNO,Xpitch,Ypitch,RunRuns,IsMaiden,OverImage,BowlTypeID,BowlTypeName,ShotTypeID,ShotType,IsBouncer,IsFreeHit,BallCount,BCCheck,TotalRuns,TotalWickets,BOWLING_LINE_ID,BOWLING_LENGTH_ID,FiveHaul,Flag,FlagSet,PenaltyRuns,IsFifty,IsHundred,IsTwoHundred,IsHattrick,release_speed,initial_angle,release_x,release_y,release_z,pre_bounce_ax,pre_bounce_ay,pre_bounce_az,pre_bounce_vx,pre_bounce_vy,pre_bounce_vz,bounce_angle,cof,cor,pbr,shot_attacked,shot_played,shot_info,crease_reaction_time,interception_reaction_time,bounce_x,bounce_y,post_bounce_ax,post_bounce_ay,post_bounce_az,post_bounce_vx,post_bounce_vy,post_bounce_vz,impact_x,impact_y,impact_z,crease_x,crease_y,crease_z,drop_angle,stump_x,stump_y,stump_z,swing,deviation,swing_dist,six_dist,ground,date,season,striker_hand,non_striker_hand,bowler_hand,team_bat,team_bowl,delivery_type,match_day
2425,1,18,Rajasthan Royals,Yashasvi Jaiswal,Mohammed Siraj,,1,1,1,1,1,1,0,0,0,0,0,0,0,0,0,0,0,,,0,0.1,1,1,0,815933,-103.5,12.5,1,0,,41,INSWINGER,54.0,LEG GLANCE,0,0,1,0,1,0,Outside Leg stump,Good Length,1,0,0,0,0,0,0,0,80.31068071650614,-8.280023304728571,8.340613979299192,-0.7217753607229909,1.937870128846896,,,,,,,8.376494792072846,0.04406703869742935,0.6301448355423794,100.115021461614,Attacked,Played,None,0.535640716552734,0.4989051818847656,8.123263,-0.261954,,,,,,,-8.128799,-0.194211,0.782746,-8.840674,-0.185805,0.846684,-12.94481948908191,-10.06024392827814,-0.1710692270790374,0.942700530792087,-2.621477073666357,-0.6121736210442464,-1.0,-1.0,NARENDRA-MODI-STADIUM-AHMEDABAD,-1.0,,L,L,R,Rajasthan-Royals,Gujarat-Titans,Seam,1
2425,1,18,Rajasthan Royals,Vaibhav Sooryavanshi,Mohammed Siraj,,1,2,4,4,4,0,0,0,0,0,0,0,0,0,1,0,0,,,0,0.2,1,1,0,815934,-195.5,-59.0,4,0,,41,INSWINGER,40.0,FRONTFOOT FLICK,0,0,2,0,5,0,Outside Leg stump,Full Length,0,0,0,0,0,0,0,0,83.40340966036158,-6.283995214058992,8.340663695241329,-0.7576885215269522,1.980448054650026,,,,,,,6.757580593780117,0.1116952255689527,0.5558967026766781,82.21498284460645,Attacked,Played,None,0.516838073730469,0.4882278442382813,5.816797,-0.20559,,,,,,,-8.360715,-0.1994,0.43781,-8.841061,-0.19864,0.476236,-11.61607148872877,-10.06011750799073,-0.1966744098400686,0.5627266563064932,-3.180794788130844,-0.7622548477931707,-1.0,-1.0,NARENDRA-MODI-STADIUM-AHMEDABAD,-1.0,,L,L,R,Rajasthan-Royals,Gujarat-Titans,Seam,1
2425,1,18,Rajasthan Royals,Vaibhav Sooryavanshi,Mohammed Siraj,,1,3,0,0,0,0,0,0,1,0,0,0,0,0,0,0,0,,,0,0.3,1,1,0,815935,-195.5,-59.0,0,0,,41,INSWINGER,54.0,LEG GLANCE,0,0,3,0,5,0,Leg stump,Good Length,0,0,0,0,0,0,0,0,83.24180345080943,-7.364567238096728,8.340551827126284,-0.700639182322207,1.954144705891048,,,,,,,7.979447636872418,0.07059547716942087,0.6406016859242609,99.03070517169706,Defended,Missed,None,0.519058227539062,0.506744384765625,7.01788,-0.1742,,,,,,,-8.767144,-0.167002,0.696074,-8.84113,-0.166903,0.702834,-12.0492305478287,-10.06020487864099,-0.1652440838373132,0.8057759132725202,-2.803458195837969,-1.116643758067998,-1.0,-1.0,NARENDRA-MODI-STADIUM-AHMEDABAD,-1.0,,L,L,R,Rajasthan-Royals,Gujarat-Titans,Seam,1
2425,1,18,Rajasthan Royals,Vaibhav Sooryavanshi,Mohammed Siraj,,1,4,4,4,4,0,0,0,0,0,0,0,0,0,1,0,0,,,0,0.4,1,1,0,815936,-98.5,-139.5,4,0,,41,INSWINGER,58.0,BACKFOOT PULL SHOT,0,0,4,0,9,0,Leg stump,Short of Good Length,0,0,0,0,0,0,0,0,84.1878820659782,-9.240029775900766,8.340938848387896,-0.7473583973965812,1.928752396066664,,,,,,,8.726423859107738,0.01220492201387698,0.6504574819065237,106.3481300845909,Attacked,Played,None,0.522617340087891,0.487152099609375,8.768526,-0.322912,,,,,,,-8.241718,-0.25586,0.922912,-8.840939,-0.249577,0.981206,-13.21937060521472,-10.05971513448027,-0.2365192109794736,1.088232800115295,-2.526641158452291,-0.6991503057300097,-1.0,-1.0,NARENDRA-MODI-STADIUM-AHMEDABAD,-1.0,,L,L,R,Rajasthan-Royals,Gujarat-Titans,Seam,1
2425,1,18,Rajasthan Royals,Vaibhav Sooryavanshi,Mohammed Siraj,,1,5,1,1,1,1,0,0,0,0,0,0,0,0,0,0,0,,,0,0.5,1,1,0,815937,-96.0,169.0,1,0,,41,INSWINGER,47.0,FRONTFOOT ON DRIVE,0,0,5,0,10,0,Off stump,Full Length,0,0,0,0,0,0,0,0,83.5343438905306,-4.531867636335442,8.340646268682224,-0.677789027166974,1.960464262752983,,,,,,,6.524834459372605,0.1875259271495728,0.5886455483058014,79.54423953091293,Attacked,Played,None,0.509262084960938,0.4833526611328125,3.425565000000001,0.113413,,,,,,,-999.9,-999.9,-999.9,-8.841008,0.134327,0.263854,-10.40875143240983,-10.06002678925082,0.1463249784232477,0.372453611416894,-3.764528865612671,-0.5031801770665665,-1.0,-1.0,NARENDRA-MODI-STADIUM-AHMEDABAD,-1.0,,L,L,R,Rajasthan-Royals,Gujarat-Titans,Seam,1
2425,1,18,Rajasthan Royals,Yashasvi Jaiswal,Mohammed Siraj,,1,6,0,0,0,0,0,0,1,0,0,0,0,0,0,0,0,,,0,0.6,1,1,0,815938,91.5,21.0,0,0,,30,ANGLED ACROSS,97.0,BACKFOOT PUSH,0,0,6,0,10,0,Leg stump,Short of Good Length,0,0,0,0,0,0,0,0,83.72224777916037,-8.167221688512429,8.340820117852008,-0.7172606256865175,1.94201178992191,,,,,,,8.392291672772089,0.07868677255607916,0.669086147346077,102.4942448463036,Attacked,Played,None,0.523166656494141,0.5042724609375,7.646929,0.039125,,,,,,,-8.665148,0.228381,0.803138,-8.840941,0.234098,0.819756,-12.10594440004679,-10.06021549688147,0.274415681848141,0.9258003550980678,-2.056697261340537,-1.330805216068917,-1.0,-1.0,NARENDRA-MODI-STADIUM-AHMEDABAD,-1.0,,L,L,R,Rajasthan-Royals,Gujarat-Titans,Seam,1
2425,1,18,Rajasthan Royals,Vaibhav Sooryavanshi,Kagiso Rabada,,2,1,1,1,1,1,0,0,0,0,0,0,0,0,0,0,0,,,0,1.1,1,1,0,815939,43.5,-116.0,1,0,,30,ANGLED ACROSS,44.0,GLIDE,0,0,1,1,11,0,Middle stump,Short of Good Length,1,0,0,0,0,0,0,0,87.55168438722451,-10.03486325575842,8.341110387435343,-0.6514696022919213,2.096852133183639,,,,,,,8.687977309292696,0.08945933721226228,0.6235676630071106,94.58921572984038,Attacked,Played,None,0.494625091552734,0.4977951049804688,8.320838,-0.002291,,,,,,,-8.920504,0.553961,0.941453,-8.840589,0.547625,0.933599,-13.30318978643146,-10.06002328841899,0.6446478263300872,1.046330531184053,-0.1465048578385292,0.7149746163269883,-1.0,-1.0,NARENDRA-MODI-STADIUM-AHMEDABAD,-1.0,,L,L,R,Rajasthan-Royals,Gujarat-Titans,Seam,1
2425,1,18,Rajasthan Royals,Yashasvi Jaiswal,Kagiso Rabada,,2,2,1,1,1,1,0,0,0,0,0,0,0,0,0,0,0,,,0,1.2,1,1,0,815940,-102.0,-91.0,1,0,,30,ANGLED ACROSS,54.0,LEG GLANCE,0,0,2,1,12,0,Outside Leg stump,Good Length,0,0,0,0,0,0,0,0,89.73482652893424,-8.893252325527978,8.341199751410777,-0.6589805547583063,2.087786697711626,,,,,,,8.181833798444615,0.1250320970718892,0.620175306120308,90.52308621085729,Attacked,Played,None,0.480525970458984,0.4701347351074219,7.398301,-0.249219,,,,,,,-8.569113,-0.040236,0.755437,-8.841,-0.02992,0.782659,-12.48604749074698,-10.06000197190835,0.01717612880465111,0.8962085237167916,-0.4812560955934143,0.0169357304414086,-1.0,-1.0,NARENDRA-MODI-STADIUM-AHMEDABAD,-1.0,,L,L,R,Rajasthan-Royals,Gujarat-Titans,Seam,1
2425,1,18,Rajasthan Royals,Vaibhav Sooryavanshi,Kagiso Rabada,,2,3,0,0,0,0,0,0,1,0,0,0,0,0,0,0,0,,,0,1.3,1,1,0,815941,50.0,23.0,0,0,,30,ANGLED ACROSS,50.0,BACKFOOT DEFENCE,0,0,3,1,12,0,Off stump,Good Length,0,0,0,0,0,0,0,0,88.74455590172019,-9.347662968488999,8.34070309408838,-0.6465021688147188,2.070410297697214,,,,,,,7.961256376434837,0.1520054785020623,0.5868152809569882,82.821744293342,Defended,Played,None,0.488800048828125,0.4911117553710938,7.867624,0.102323,,,,,,,-8.869926,0.498861,0.798672,-8.841029,0.497008,0.796161,-12.70982252147151,-10.06004438204824,0.5763332424652161,0.8944919056346106,-0.514585972551301,-0.6439410034754648,-1.0,-1.0,NARENDRA-MODI-STADIUM-AHMEDABAD,-1.0,,L,L,R,Rajasthan-Royals,Gujarat-Titans,Seam,1
2425,1,18,Rajasthan Royals,Vaibhav Sooryavanshi,Kagiso Rabada,,2,4,1 (WD),1,0,0,0,0,0,1,1,0,0,0,0,0,0,,,0,1.4,1,1,1,815942,50.0,23.0,1,0,,36,BOUNCER,54.0,LEG GLANCE,1,0,4,1,13,0,Outside Leg stump,Full Length,0,0,0,0,0,0,0,0,90.38682966692171,-5.147095631571776,8.341121923546439,-0.6356327094537608,2.117299279051328,,,,,,,9.250454048114113,0.08048395186868534,0.8559138472859478,130.3386819060236,None,None,None,0.468658447265625,0.4932403564453125,2.918906,-0.365047,,,,,,,-999.9,-999.9,-999.9,-8.840815,-0.376435,0.295529,-10.48316810931045,-10.05978453279138,-0.3910232613962832,0.4776304210142215,-2.993061174512276,0.362603926176763,-1.0,-1.0,NARENDRA-MODI-STADIUM-AHMEDABAD,-1.0,,L,L,R,Rajasthan-Royals,Gujarat-Titans,Seam,1
2425,1,18,Rajasthan Royals,Vaibhav Sooryavanshi,Kagiso Rabada,,2,4,0,0,0,0,0,0,1,0,0,0,0,0,0,0,0,,,0,1.4,1,1,0,815943,-42.0,82.5,0,0,,30,ANGLED ACROSS,47.0,FRONTFOOT ON DRIVE,0,0,5,1,13,0,Outside Off stump,Full Length,0,0,0,0,0,0,0,0,90.72798935896495,-5.651195931207055,8.340419481852173,-0.6348297066533102,2.104455566656995,,,,,,,6.419311525948821,0.07838272025791869,0.5948551204314907,91.38999603893174,Attacked,Played,None,0.468452453613281,0.4493751525878906,3.511789,0.037915,,,,,,,-8.610422,0.10474,0.242804,-8.841106,0.112397,0.265404,-10.47091937129425,-10.06023499893624,0.1535069116807685,0.3782723608157088,-0.7299919448344817,-0.3832028177094933,-1.0,-1.0,NARENDRA-MODI-STADIUM-AHMEDABAD,-1.0,,L,L,R,Rajasthan-Royals,Gujarat-Titans,Seam,1
2425,1,18,Rajasthan Royals,Vaibhav Sooryavanshi,Kagiso Rabada,,2,5,4,4,4,0,0,0,0,0,0,0,0,0,1,0,0,,,0,1.5,1,1,0,815944,121.0,216.5,4,0,,30,ANGLED ACROSS,5.0,LOFTED OFF DRIVE,0,0,6,1,17,0,Off stump,Good Length,0,0,0,0,0,0,0,0,89.39589460505884,-8.240321981455637,8.34092759805598,-0.6451068356946214,2.085090235637738,,,,,,,8.036006126192557,0.06324124852706987,0.6714885230306232,104.3991536018865,Attacked,Played,None,0.479118347167969,0.4503707885742188,6.563228,0.081051,,,,,,,-8.262307,0.326819,0.627322,-8.840818,0.358442,0.689878,-11.63508260257578,-10.05967336204023,0.4264644044183011,0.8127523611596704,0.6930022475446507,-1.063159888468188,-1.0,-1.0,NARENDRA-MODI-STADIUM-AHMEDABAD,-1.0,,L,L,R,Rajasthan-Royals,Gujarat-Titans,Seam,1
2425,1,18,Rajasthan Royals,Vaibhav Sooryavanshi,Kagiso Rabada,,2,6,0,0,0,0,0,0,1,0,0,0,0,0,0,0,0,,,0,1.6,1,1,0,815945,36.0,87.5,0,0,,30,ANGLED ACROSS,97.0,BACKFOOT PUSH,0,0,7,1,17,0,Outside Leg stump,Good Length,0,0,0,0,0,0,0,0,90.83021172748023,-9.277485057480057,8.340805752130308,-0.658645172334592,2.080758454494528,,,,,,,7.55726196927106,0.1137118494014891,0.5829718366636673,86.07459055940117,Defended,Played,None,0.474449157714844,0.4682693481445313,7.581024,-0.230854,,,,,,,-8.686015,0.055512,0.72139,-8.841087,0.062708,0.73496,-12.3312089892118,-10.0601181803233,0.1192947408901258,0.8338137839004656,0.4418997162848513,0.1280130044481942,-1.0,-1.0,NARENDRA-MODI-STADIUM-AHMEDABAD,-1.0,,L,L,R,Rajasthan-Royals,Gujarat-Titans,Seam,1
2425,1,18,Rajasthan Royals,Yashasvi Jaiswal,Mohammed Siraj,,3,1,6,6,6,0,0,0,0,0,0,0,0,0,0,1,0,,,0,2.1,1,1,0,815946,193.0,164.5,6,0,,30,ANGLED ACROSS,15.0,LOFTED COVER DRIVE,0,0,1,2,23,0,Outside Off stump,Good Length,1,0,0,0,0,0,0,0,83.66123618778643,-7.334140446660866,8.34087696105258,-0.6999232142353248,1.954196246033088,,,,,,,7.503852855046623,0.07898916151848162,0.6149977368605888,94.35074437724015,Attacked,Played,None,0.519687652587891,0.48614501953125,6.858586,0.234059,,,,,,,-8.254018,0.62221,0.590383,-8.840936,0.670181,0.641192,-11.79226160676939,-10.05972331467509,0.7719190660015665,0.7350706959965901,0.8782084833847351,-0.9190015139300938,-1.0,-1.0,NARENDRA-MODI-STADIUM-AHMEDABAD,-1.0,,L,L,R,Rajasthan-Royals,Gujarat-Titans,Seam,1
2425,1,18,Rajasthan Royals,Yashasvi Jaiswal,Mohammed Siraj,,3,2,4,4,4,0,0,0,0,0,0,0,0,0,1,0,0,,,0,2.2,1,1,0,815947,-76.5,-158.5,4,0,,30,ANGLED ACROSS,54.0,LEG GLANCE,0,0,2,2,27,0,Outside Leg stump,Good Length,0,0,0,0,0,0,0,0,84.91289047799354,-8.02045356437401,8.34095296721365,-0.7927185701600721,1.92369961848747,,,,,,,7.624417941710057,0.05652526863213087,0.6090719567175618,95.70826664442117,Attacked,Played,None,0.513301849365234,0.4770355224609375,7.624232,-0.484405,,,,,,,-8.150991,-0.340742,0.662836,-8.841077,-0.319743,0.721564,-12.15816240156527,-10.06010395385738,-0.2804181577578297,0.8132635313016472,-1.790585441498275,0.4943528139479896,-1.0,-1.0,NARENDRA-MODI-STADIUM-AHMEDABAD,-1.0,,L,L,R,Rajasthan-Royals,Gujarat-Titans,Seam,1
2425,1,18,Rajasthan Royals,Yashasvi Jaiswal,Mohammed Siraj,,3,3,1 (WD),1,0,0,0,0,0,1,1,0,0,0,0,0,0,,,0,2.3,1,1,1,815948,-76.5,-158.5,1,0,,38,STRAIGHT BALL,,,0,0,3,2,28,0,Outside Leg stump,Good Length,0,0,0,0,0,0,0,0,84.5350586827481,-7.249794924814013,8.341170241832096,-0.811583420186905,1.919835463422181,,,,,,,7.698437405763359,0.09733425856425418,0.602431141053765,90.63124530163935,None,None,None,0.517936706542969,0.546112060546875,7.242877,-0.417281,,,,,,,-999.9,-999.9,-999.9,-8.840696,-0.398965,0.691879,-12.23323791333996,-10.05992718753008,-0.3949409297319756,0.7865061094816165,-2.520448944117286,-0.5465222583878726,-1.0,-1.0,NARENDRA-MODI-STADIUM-AHMEDABAD,-1.0,,L,L,R,Rajasthan-Royals,Gujarat-Titans,Seam,1
2425,1,18,Rajasthan Royals,Yashasvi Jaiswal,Mohammed Siraj,,3,3,0,0,0,0,0,0,1,0,0,0,0,0,0,0,0,,,0,2.3,1,1,0,815949,-76.5,-158.5,0,0,,30,ANGLED ACROSS,97.0,BACKFOOT PUSH,0,0,4,2,28,0,Outside Leg stump,Short of Good Length,0,0,0,0,0,0,0,0,81.91756923634227,-8.734416095034156,8.34072711495557,-0.7572634351250691,1.918007104952096,,,,,,,8.798890033548334,0.1384684812361632,0.6334659402656072,91.17304291622477,Defended,Played,None,0.525295257568359,0.5244026184082031,8.492187,-0.26761,,,,,,,-8.699986,-0.025549,0.910161,-8.840951,-0.020344,0.922444,-13.03694641589136,-10.06028474423981,0.02546462239991698,1.018193053228919,-2.186672779858743,0.1003126709837907,-1.0,-1.0,NARENDRA-MODI-STADIUM-AHMEDABAD,-1.0,,L,L,R,Rajasthan-Royals,Gujarat-Titans,Seam,1
2425,1,18,Rajasthan Royals,Yashasvi Jaiswal,Mohammed Siraj,,3,4,4,4,4,0,0,0,0,0,0,0,0,0,1,0,0,,,0,2.4,1,1,0,815950,125.5,232.5,4,0,,30,ANGLED ACROSS,5.0,LOFTED OFF DRIVE,0,0,5,2,32,0,Off stump,Good Length,0,0,0,0,0,0,0,0,83.70705738735333,-7.790077422119764,8.341099087311996,-0.7098278605927264,1.923732039505841,,,,,,,7.785288699659767,0.01685307669110989,0.6185307012754399,101.094297522205,Attacked,Played,None,0.523887634277344,0.47662353515625,7.669986,-0.081215,,,,,,,-7.995002,0.211275,0.677895,-8.84092,0.258622,0.752727,-12.39551771004563,-10.05991103428835,0.3285053603134073,0.847638617840321,-0.4187927068270568,-0.3172364506494519,-1.0,-1.0,NARENDRA-MODI-STADIUM-AHMEDABAD,-1.0,,L,L,R,Rajasthan-Royals,Gujarat-Titans,Seam,1
2425,1,18,Rajasthan Royals,Yashasvi Jaiswal,Mohammed Siraj,,3,5,0,0,0,0,0,0,1,0,0,0,0,0,0,0,0,,,0,2.5,1,1,0,815951,125.5,232.5,0,0,,30,ANGLED ACROSS,58.0,BACKFOOT PULL SHOT,0,0,6,2,32,0,Outside Leg stump,Short of Good Length,0,0,0,0,0,0,0,0,83.21043592254793,-10.50579769574148,8.340746865715563,-0.8235033076692299,1.937993328859843,,,,,,,8.844791801364636,0.1307268920886027,0.570520450183329,82.50537831863909,Attacked,Edged,None,0.529129028320312,0.5048675537109375,9.703845,-0.529933,,,,,,,-8.070145,-0.366761,0.971781,-8.840798,-0.348745,1.033396,-14.4832240596816,-10.06017618785464,-0.3194953341901172,1.11492148423101,-1.239032361992863,-0.182680297989591,-1.0,-1.0,NARENDRA-MODI-STADIUM-AHMEDABAD,-1.0,,L,L,R,Rajasthan-Royals,Gujarat-Titans,Seam,1
2425,1,18,Rajasthan Royals,Yashasvi Jaiswal,Mohammed Siraj,,3,6,0,0,0,0,0,0,1,0,0,0,0,0,0,0,0,,,0,2.6,1,1,0,815952,-82.5,35.0,0,0,,30,ANGLED ACROSS,97.0,BACKFOOT PUSH,0,0,7,2,32,0,Outside Leg stump,Good Length,0,0,0,0,0,0,0,0,84.57216001645205,-7.950581030485083,8.34069790721319,-0.7807606788045957,1.898907891000559,,,,,,,8.164235776342707,0.2034629697973693,0.5867440479205321,77.66531020834289,Attacked,Played,None,0.510326385498047,0.5103836059570312,8.074621,-0.279858,,,,,,,-8.637546,0.049676,0.789076,-8.841009,0.060606,0.805378,-12.77073662093721,-10.06010841912949,0.1272980333668591,0.892219522639278,-0.09182148837943538,-0.1006132036328002,-1.0,-1.0,NARENDRA-MODI-STADIUM-AHMEDABAD,-1.0,,L,L,R,Rajasthan-Royals,Gujarat-Titans,Seam,1
2425,1,18,Rajasthan Royals,Vaibhav Sooryavanshi,Kagiso Rabada,,4,1,0,0,0,0,0,0,1,0,0,0,0,0,0,0,0,,,0,3.1,1,1,0,815953,-69.0,44.5,0,0,,30,ANGLED ACROSS,27.0,FORWARD PUSH,0,0,1,3,32,0,Outside Off stump,Full Length,1,0,0,0,0,0,0,0,90.20231921251887,-4.36020973334205,8.340785602367767,-0.6277075155258878,2.122651052028871,,,,,,,6.641711075960887,0.1783503603820618,0.6499999999999995,89.66496396179376,Attacked,Edged,None,0.467399597167969,0.4459190368652344,0.9430160000000001,0.43682,,,,,,,-8.520736,0.40268,0.120731,-8.841053,0.421044,0.067111,-9.658296788616424,-10.06028321058912,0.4906837220071266,0.1264267535142704,-0.407503915184472,1.272221872585407e-14,-1.0,-1.0,NARENDRA-MODI-STADIUM-AHMEDABAD,-1.0,,L,L,R,Rajasthan-Royals,Gujarat-Titans,Seam,1
2425,1,18,Rajasthan Royals,Vaibhav Sooryavanshi,Kagiso Rabada,,4,2,1 (WD),1,0,0,0,0,0,1,1,0,0,0,0,0,0,,,0,3.2,1,1,1,815954,-69.0,44.5,1,0,,36,BOUNCER,105.0,LEFT ALONE,1,0,2,3,33,0,Outside Leg stump,Short Length,0,0,0,0,0,0,0,0,85.49590574394537,-17.73649270511376,8.34048373217031,-0.6890137725058112,2.02644404697051,,,,,,,13.16640932060462,0.08199477852688868,0.5044725701398906,77.47140766829473,None,None,None,0.518829345703125,0.6099700927734375,13.054241,-0.494366,,,,,,,-999.9,-999.9,-999.9,-8.841045,0.343318,2.235836,-23.66101771716416,-10.06024367061366,0.4390800311867625,2.376267436865724,0.7375327754572981,1.242734802332903,-1.0,-1.0,NARENDRA-MODI-STADIUM-AHMEDABAD,-1.0,,L,L,R,Rajasthan-Royals,Gujarat-Titans,Seam,1
2425,1,18,Rajasthan Royals,Vaibhav Sooryavanshi,Kagiso Rabada,,4,2,4,4,4,0,0,0,0,0,0,0,0,0,1,0,0,,,0,3.2,1,1,0,815955,195.0,11.0,4,0,https://scores.bcci.tv/matchcentre/commentaryFiles/TATA-IPL-2026/Gujarat-Titans-VS-Rajasthan-Royals-(04-Apr-2026)/File_1-4-815955.png,30,ANGLED ACROSS,15.0,LOFTED COVER DRIVE,0,0,3,3,37,0,Middle stump,Short of Good Length,0,0,0,0,0,0,0,0,77.73472165638151,-8.935930813462816,8.34092679810788,-0.643446297181861,2.08128770409687,,,,,,,9.259037227259787,0.02007467274980528,0.6206968743258389,101.0970638738953,Attacked,Played,None,0.56341552734375,0.525146484375,8.521387,-0.018164,,,,,,,-8.183987,0.496526,0.92879,-8.840595,0.551647,0.992219,-14.58946677899745,-10.06017420951384,0.6563413246802884,1.095576860187355,0.1031455877217674,0.4524510737159519,-1.0,-1.0,NARENDRA-MODI-STADIUM-AHMEDABAD,-1.0,,L,L,R,Rajasthan-Royals,Gujarat-Titans,Seam,1
2425,1,18,Rajasthan Royals,Vaibhav Sooryavanshi,Kagiso Rabada,,4,3,1,1,1,1,0,0,0,0,0,0,0,0,0,0,0,,,0,3.3,1,1,0,815956,67.5,123.0,1,0,,30,ANGLED ACROSS,84.0,FRONTFOOT OFF DRIVE,0,0,4,3,38,0,Off stump,Full Length,0,0,0,0,0,0,0,0,91.72747660043672,-5.474234613845678,8.34045964471207,-0.6252933139489062,2.102575672452729,,,,,,,7.839370344882146,0.08012609938894218,0.7627265280062703,116.3963692620463,Attacked,Played,None,0.461402893066406,0.4402656555175781,2.890445,-0.017876,,,,,,,-8.509911,0.042511,0.206409,-8.841026,0.057692,0.249064,-9.983836625425846,-10.06033099174596,0.1145289727550306,0.4000693623691522,0.6499677859096875,-0.03952478566710404,-1.0,-1.0,NARENDRA-MODI-STADIUM-AHMEDABAD,-1.0,,L,L,R,Rajasthan-Royals,Gujarat-Titans,Seam,1
2425,1,18,Rajasthan Royals,Yashasvi Jaiswal,Kagiso Rabada,,4,4,0,0,0,0,0,0,1,0,0,0,0,0,0,0,0,,,0,3.4,1,1,0,815957,67.5,123.0,0,0,,30,ANGLED ACROSS,44.0,GLIDE,0,0,5,3,38,0,Off stump,Short of Good Length,0,0,0,0,0,0,0,0,92.0468333080547,-8.731024468850913,8.340611775453784,-0.6652211156552041,2.06159529316594,,,,,,,7.93082919989165,0.1441804633277173,0.6244386074235192,89.24774478075616,Attacked,Missed,None,0.469345092773438,0.5064697265625,7.172897,-0.136478,,,,,,,-999.9,-999.9,-999.9,-8.840472,0.306811,0.73904,-11.95986171333527,-10.06009775010084,0.405445848895017,0.8522535379396063,0.6236656418598887,0.9669959984226819,-1.0,-1.0,NARENDRA-MODI-STADIUM-AHMEDABAD,-1.0,,L,L,R,Rajasthan-Royals,Gujarat-Titans,Seam,1
2425,1,18,Rajasthan Royals,Yashasvi Jaiswal,Kagiso Rabada,,4,5,0,0,0,0,0,0,1,0,0,0,0,0,0,0,0,,,0,3.5,1,1,0,815958,54.5,11.0,0,0,,30,ANGLED ACROSS,27.0,FORWARD PUSH,0,0,6,3,38,0,Leg stump,Good Length,0,0,0,0,0,0,0,0,78.18099214686102,-7.993339775904537,8.340568000015853,-0.5803507252494751,2.075427418620071,,,,,,,8.992207633470727,0.126431178837373,0.5937884075177751,86.42514324392896,Defended,Played,None,0.551536560058594,0.5405960083007812,7.862243,-0.167312,,,,,,,-8.528557,0.165002,0.835168,-8.840963,0.182701,0.863383,-14.18654465191597,-10.06006534502886,0.2530892922832131,0.960677735766011,-0.4324277898233737,0.7810998633044042,-1.0,-1.0,NARENDRA-MODI-STADIUM-AHMEDABAD,-1.0,,L,L,R,Rajasthan-Royals,Gujarat-Titans,Seam,1
2425,1,18,Rajasthan Royals,Yashasvi Jaiswal,Kagiso Rabada,,4,6,6,6,6,0,0,0,0,0,0,0,0,0,0,1,0,,,0,3.6,1,1,0,815959,-224.0,117.0,6,0,,30,ANGLED ACROSS,58.0,BACKFOOT PULL SHOT,0,0,7,3,44,0,Outside Leg stump,Short Length,0,0,0,0,0,0,0,0,90.2846894021799,-12.96813409669622,8.340440090050969,-0.6726532730049591,2.064015307793081,,,,,,,9.819137670367288,0.1051747569941453,0.607106612722906,90.54851620902139,Attacked,Played,None,0.485504150390625,0.4770126342773438,10.236717,-0.288026,,,,,,,-8.24767,0.240486,1.152457,-8.840573,0.281857,1.201485,-15.21113314588954,-10.05992277022566,0.3689700248228777,1.285865584998177,0.3992906314335697,0.3608967957643073,-1.0,-1.0,NARENDRA-MODI-STADIUM-AHMEDABAD,-1.0,,L,L,R,Rajasthan-Royals,Gujarat-Titans,Seam,1
2425,1,18,Rajasthan Royals,Vaibhav Sooryavanshi,Ashok Sharma,,5,1,4,4,4,0,0,0,0,0,0,0,0,0,1,0,0,,,0,4.1,1,1,0,815960,65.0,-159.0,4,0,,30,ANGLED ACROSS,15.0,LOFTED COVER DRIVE,0,0,1,4,48,0,Outside Off stump,Good Length,1,0,0,0,0,0,0,0,91.54087968768361,-7.662609141835319,8.340367591758096,-0.6143625066923837,1.916258545781798,,,,,,,7.190385534136422,0.06145544120671825,0.6434544912200995,100.3726295623431,Attacked,Edged,None,0.473487854003906,0.4504165649414063,6.796381,0.087559,,,,,,,-8.483241,0.445047,0.608106,-8.841088,0.471095,0.640487,-10.88267551539049,-10.059911366097,0.5614521068190528,0.7428137119319608,0.3884687056174451,0.04419253145278276,-1.0,-1.0,NARENDRA-MODI-STADIUM-AHMEDABAD,-1.0,,L,L,R,Rajasthan-Royals,Gujarat-Titans,Seam,1
2425,1,18,Rajasthan Royals,Vaibhav Sooryavanshi,Ashok Sharma,,5,2,6,6,6,0,0,0,0,0,0,0,0,0,0,1,0,,,0,4.2,1,1,0,815961,78.0,-159.5,6,0,,36,BOUNCER,31.0,UPPER CUT,1,0,2,4,54,0,Outside Leg stump,Short Length,0,1,1,0,1,0,0,0,89.79090657338557,-12.86619206470152,8.340554888122707,-0.6957821556239706,1.949313733807659,,,,,,,9.244325289276691,0.06391225373211787,0.5842780681697222,91.25048485224654,Attacked,Played,None,0.507122039794922,0.4937782287597656,10.657877,-0.223536,,,,,,,-8.758199,0.432662,1.266635,-8.840633,0.439115,1.274469,-15.15885751727467,-10.06010688425092,0.5361881388984608,1.381943244590755,0.1504792625266253,0.04663337423467807,-1.0,-1.0,NARENDRA-MODI-STADIUM-AHMEDABAD,-1.0,,L,L,R,Rajasthan-Royals,Gujarat-Titans,Seam,1
2425,1,18,Rajasthan Royals,Vaibhav Sooryavanshi,Ashok Sharma,,5,3,1,1,1,1,0,0,0,0,0,0,0,0,0,0,0,,,0,4.3,1,1,0,815962,61.5,112.0,1,0,,30,ANGLED ACROSS,97.0,BACKFOOT PUSH,0,0,3,4,55,0,Outside Leg stump,Good Length,0,0,1,0,0,0,0,0,92.95484229290858,-8.783060440685276,8.341232467470089,-0.6881640708462835,1.913640239670972,,,,,,,7.036064937554761,0.1571129486147399,0.5689264728751184,79.62767606979378,Attacked,Played,None,0.466621398925781,0.4589996337890625,7.83834,-0.214364,,,,,,,-8.636527,0.087003,0.676243,-8.840634,0.096558,0.691892,-11.63605053391723,-10.0599706469117,0.1535275553750093,0.7771940233835446,0.0701430832809173,0.08503729950099104,-1.0,-1.0,NARENDRA-MODI-STADIUM-AHMEDABAD,-1.0,,L,L,R,Rajasthan-Royals,Gujarat-Titans,Seam,1
2425,1,18,Rajasthan Royals,Yashasvi Jaiswal,Ashok Sharma,,5,4,0,0,0,0,0,0,1,0,0,0,0,0,0,0,0,,,0,4.4,1,1,0,815963,61.5,112.0,0,0,,36,BOUNCER,31.0,UPPER CUT,1,0,4,4,55,0,Outside Leg stump,Short Length,0,0,1,0,0,0,0,0,86.13147296913587,-11.71401623836486,8.34052232182551,-0.674283698350921,1.905161536470327,,,,,,,9.813418125639714,0.141072064438948,0.5891016471162585,84.25804062354396,Attacked,Missed,None,0.502773284912109,0.5725936889648438,10.514092,-0.354162,,,,,,,-999.9,-999.9,-999.9,-8.840851,0.027926,1.288304,-15.40623655363523,-10.06027969664465,0.08494494872218633,1.391550782369083,0.258681481890718,-0.3444454811036755,-1.0,-1.0,NARENDRA-MODI-STADIUM-AHMEDABAD,-1.0,,L,L,R,Rajasthan-Royals,Gujarat-Titans,Seam,1
2425,1,18,Rajasthan Royals,Yashasvi Jaiswal,Ashok Sharma,,5,5,2,2,2,0,1,0,0,0,0,0,0,0,0,0,0,,,0,4.5,1,1,0,815964,-166.0,76.5,2,0,,30,ANGLED ACROSS,58.0,BACKFOOT PULL SHOT,0,0,5,4,57,0,Outside Leg stump,Short Length,0,0,1,0,0,0,0,0,89.56926875703999,-11.71965798873343,8.340917750850444,-0.6462924495769456,1.901095571919877,,,,,,,9.642709315809382,0.1372331162086073,0.6176087435958322,88.9179999185141,Attacked,Played,None,0.4910888671875,0.4949111938476563,10.290442,-0.264499,,,,,,,-8.61182,0.119748,1.257066,-8.84105,0.130148,1.28051,-14.54479166666502,-10.06025582564692,0.1858461705293899,1.3954067507693,0.9221593200142916,-0.7836245635878332,-1.0,-1.0,NARENDRA-MODI-STADIUM-AHMEDABAD,-1.0,,L,L,R,Rajasthan-Royals,Gujarat-Titans,Seam,1
2425,1,18,Rajasthan Royals,Yashasvi Jaiswal,Ashok Sharma,,5,6,0,0,0,0,0,0,1,0,0,0,0,0,0,0,0,,,0,4.6,1,1,0,815965,84.5,38.0,0,0,,30,ANGLED ACROSS,51.0,FRONTFOOT COVERDRIVE,0,0,6,4,57,0,Off stump,Full Length,0,0,1,0,0,0,0,0,92.39732793029391,-5.118925694057752,8.340934554648346,-0.6673405761776439,1.956670880543394,,,,,,,6.080218297997047,0.1216704993872109,0.6293674478016654,92.23806723152873,Attacked,Played,None,0.45867919921875,0.4551544189453125,2.955045,0.041385,,,,,,,-9.130238,0.140486,0.232492,-8.840661,0.126054,0.205239,-9.301757991556268,-10.06015528660528,0.1874479978836969,0.3159128511650291,0.5830270991633982,-0.1897762088280762,-1.0,-1.0,NARENDRA-MODI-STADIUM-AHMEDABAD,-1.0,,L,L,R,Rajasthan-Royals,Gujarat-Titans,Seam,1
2425,1,18,Rajasthan Royals,Vaibhav Sooryavanshi,Prasidh Krishna,,6,1,1,1,1,1,0,0,0,0,0,0,0,0,0,0,0,,,0,5.1,1,1,0,815966,116.0,50.5,1,0,,39,ANGLED IN,51.0,FRONTFOOT COVERDRIVE,0,0,1,5,58,0,Outside Off stump,Good Length,1,0,1,0,0,0,0,0,85.67296391387886,-7.933584558700533,8.340393247726176,0.8991627538565451,2.054848067289128,,,,,,,6.817310904160665,0.001606621509126394,0.5564185829810526,93.30212529624525,Attacked,Played,None,0.50189208984375,0.4768524169921875,6.823079,0.615917,,,,,,,-8.453457,0.492574,0.548266,-8.840895,0.482847,0.578428,-12.11951978455732,-10.06029551685469,0.451668728549719,0.6639706868407519,0.2656532625026087,-0.02036506438679711,-1.0,-1.0,NARENDRA-MODI-STADIUM-AHMEDABAD,-1.0,,L,L,R,Rajasthan-Royals,Gujarat-Titans,Seam,1
2425,1,18,Rajasthan Royals,Yashasvi Jaiswal,Prasidh Krishna,,6,2,0,0,0,0,0,0,1,0,0,0,0,0,0,0,0,,,0,5.2,1,1,0,815967,74.5,28.5,0,0,,39,ANGLED IN,52.0,BACKFOOT COVERDRIVE,0,0,2,5,58,0,Outside Off stump,Good Length,0,0,1,0,0,0,0,0,85.7818879424742,-9.025674024707135,8.3411354084351,0.935561141114847,2.048464699258099,,,,,,,7.370323904460163,0.006286608250770661,0.5662328559556034,94.30626756826345,Attacked,Played,None,0.502601623535156,0.4970512390136719,7.837661,0.674975,,,,,,,-8.953926,0.498031,0.727169,-8.840685,0.50123,0.718395,-12.83960506859538,-10.05971620213842,0.4663450225613655,0.8060576398198338,0.1585651474211298,-0.07168558762529292,-1.0,-1.0,NARENDRA-MODI-STADIUM-AHMEDABAD,-1.0,,L,L,R,Rajasthan-Royals,Gujarat-Titans,Seam,1
2425,1,18,Rajasthan Royals,Yashasvi Jaiswal,Prasidh Krishna,,6,3,6,6,6,0,0,0,0,0,0,0,0,0,0,1,0,,,0,5.3,1,1,0,815968,-57.5,254.0,6,0,,39,ANGLED IN,11.0,LOFTED ON DRIVE,0,0,3,5,64,0,Outside Off stump,Good Length,0,0,1,0,0,0,0,0,87.24897651453297,-9.418697680802312,8.341226091018932,0.8898542758726528,2.023132175809768,,,,,,,7.947448396729998,0.117368793306517,0.5760531724188368,84.67109653217383,Attacked,Played,None,0.493583679199219,0.4762344360351563,8.258309,0.507667,,,,,,,-8.238442,0.322776,0.764624,-8.840893,0.304023,0.816223,-13.06374845639092,-10.06009111702802,0.2652091569352911,0.9088241775206998,-0.06366108691949517,0.6577953140760786,-1.0,-1.0,NARENDRA-MODI-STADIUM-AHMEDABAD,-1.0,,L,L,R,Rajasthan-Royals,Gujarat-Titans,Seam,1
2425,1,18,Rajasthan Royals,Yashasvi Jaiswal,Prasidh Krishna,,6,4,4,4,4,0,0,0,0,0,0,0,0,0,1,0,0,,,0,5.4,1,1,0,815969,-127.5,-127.0,4,0,,39,ANGLED IN,54.0,LEG GLANCE,0,0,4,5,68,0,Outside Off stump,Short of Good Length,0,0,1,0,0,0,0,0,84.5620195476601,-10.36351077100562,8.341073797782567,0.9527919530664676,1.994279094854221,,,,,,,8.632563915213355,0.05007072210346344,0.5967488281135388,94.50525200668449,Attacked,Played,None,0.507579803466797,0.503997802734375,9.223137,0.373282,,,,,,,-8.583402,0.001016,0.973612,-8.84067,-0.012516,0.995997,-14.00967253851616,-10.06024180399747,-0.07784058338640132,1.091933499713937,0.6353428280746813,0.7548992201212904,-1.0,-1.0,NARENDRA-MODI-STADIUM-AHMEDABAD,-1.0,,L,L,R,Rajasthan-Royals,Gujarat-Titans,Seam,1
2425,1,18,Rajasthan Royals,Yashasvi Jaiswal,Prasidh Krishna,,6,5,1,1,1,1,0,0,0,0,0,0,0,0,0,0,0,,,0,5.5,1,1,0,815970,-72.5,150.5,1,0,,39,ANGLED IN,27.0,FORWARD PUSH,0,0,5,5,69,0,Leg stump,Full Toss,0,0,1,0,0,0,0,0,88.53239137232057,-2.195812304232657,8.340422476982926,0.9514944995444735,2.084496514604172,,,,,,,6.676056708073231,0.1773926951416964,0.6499999999999997,89.76073048583031,Attacked,Played,None,0.473831176757812,0.4398078918457031,-2.332418000000001,-0.186386,,,,,,,-8.246327,0.038014,0.654839,-8.841156,0.005693,0.570428,-9.70773895986722,-10.06024938461625,-0.06042114304300883,0.3893021399186471,0.09831711609992437,-1.272221872585407e-14,-1.0,-1.0,NARENDRA-MODI-STADIUM-AHMEDABAD,-1.0,,L,L,R,Rajasthan-Royals,Gujarat-Titans,Seam,1
2425,1,18,Rajasthan Royals,Vaibhav Sooryavanshi,Prasidh Krishna,,6,6,0,0,0,0,0,0,1,0,0,0,0,0,0,0,0,,,0,5.6,1,1,0,815971,-67.0,39.0,0,0,,39,ANGLED IN,97.0,BACKFOOT PUSH,0,0,6,5,69,0,Outside Off stump,Good Length,0,0,1,0,0,0,0,0,87.07150429550293,-9.802621278202308,8.340517769739442,0.9136624260223853,2.015136671208001,,,,,,,7.93390090075765,0.08073404575540723,0.5742687093122734,88.06690182130029,Defended,Played,None,0.490001678466797,0.4824600219726563,8.621487,0.295089,,,,,,,-8.400572,-0.083742,0.82545,-8.841115,-0.109807,0.861805,-13.25335725443341,-10.0602249348618,-0.1834209043911924,0.9516542678748856,0.539026175221519,0.4526716420017552,-1.0,-1.0,NARENDRA-MODI-STADIUM-AHMEDABAD,-1.0,,L,L,R,Rajasthan-Royals,Gujarat-Titans,Seam,1
2425,1,18,Rajasthan Royals,Yashasvi Jaiswal,Rashid Khan,,7,1,1,1,1,1,0,0,0,0,0,0,0,0,0,0,0,,,0,6.1,1,1,0,815972,152.5,28.0,1,0,,24,LEG SPIN,51.0,FRONTFOOT COVERDRIVE,0,0,1,6,70,0,Outside Off stump,Good Length,1,0,1,0,0,0,0,0,58.99555348352047,-1.097679629814399,8.340947429049642,-0.5942822978613848,1.911220209622423,,,,,,,10.65359834117741,0.176402522614907,0.6513703044150977,90.06529340077395,Attacked,Played,None,0.721996307373047,0.6866683959960938,4.630111,0.173371,,,,,,,-8.341543,0.265523,0.493772,-8.840913,0.281949,0.556095,-14.93209849298283,-10.06007676989383,0.3228715102786912,0.6839465143997312,-0.02783655835771276,-1.418302142022495,-1.0,-1.0,NARENDRA-MODI-STADIUM-AHMEDABAD,-1.0,,L,L,R,Rajasthan-Royals,Gujarat-Titans,Spin,1
2425,1,18,Rajasthan Royals,Vaibhav Sooryavanshi,Rashid Khan,,7,2,0 WK,W,0,0,0,0,1,0,0,0,0,0,0,0,1,Caught,WICKET,1,6.2,1,1,0,815973,152.5,28.0,0,0,https://scores.bcci.tv/matchcentre/commentaryFiles/TATA-IPL-2026/Gujarat-Titans-VS-Rajasthan-Royals-(04-Apr-2026)/File_1-7-815973.png,24,LEG SPIN,18.0,SLOG SHOT,0,0,2,6,70,1,Off stump,Good Length,2,0,1,0,0,0,0,0,59.93346212166776,-3.824286234504974,8.34079757266348,-0.5837326461503506,1.868929374911853,,,,,,,10.14095700495055,0.2112933839405109,0.6430782889552304,85.33240494923348,None,None,None,0.716354370117188,0.6643295288085938,6.6218,-0.019497,,,,,,,-999.9,-999.9,-999.9,-8.84094,0.007222,0.70405,-14.25010197160128,-10.06015722486535,0.01374734407010806,0.7631012576356894,0.3131428294115599,-2.637861790123944,-1.0,-1.0,NARENDRA-MODI-STADIUM-AHMEDABAD,-1.0,,L,L,R,Rajasthan-Royals,Gujarat-Titans,Spin,1
2425,1,18,Rajasthan Royals,Dhruv Jurel,Rashid Khan,,7,3,1,1,1,1,0,0,0,0,0,0,0,0,0,0,0,,,0,6.3,1,1,0,815974,96.5,156.0,1,0,,24,LEG SPIN,47.0,FRONTFOOT ON DRIVE,0,0,3,6,71,1,Outside Off stump,Full Length,3,0,1,0,0,0,0,0,55.32284681053899,0.6683880860922153,8.340852769399064,-0.4824977364002885,1.898129048266496,,,,,,,10.28054438663257,0.302209815950325,0.5593469713527833,63.68106410788501,Attacked,Played,None,0.779354095458984,0.7020492553710938,3.671527,-0.348697,,,,,,,-7.787483,-0.305397,0.256139,-8.840914,-0.271828,0.393931,-15.70481876566553,-10.06001101596595,-0.2318844085057605,0.5126380118626452,-0.3889242364966939,1.428977225365785,-1.0,-1.0,NARENDRA-MODI-STADIUM-AHMEDABAD,-1.0,,R,L,R,Rajasthan-Royals,Gujarat-Titans,Spin,1
2425,1,18,Rajasthan Royals,Yashasvi Jaiswal,Rashid Khan,,7,4,1,1,1,1,0,0,0,0,0,0,0,0,0,0,0,,,0,6.4,1,1,0,815975,-146.5,104.0,1,0,,24,LEG SPIN,47.0,FRONTFOOT ON DRIVE,0,0,4,6,72,1,Off stump,Good Length,0,0,1,0,0,0,0,0,59.29866116845329,-1.277804921335607,8.340531626659235,-0.6459581237207297,1.919285292142509,,,,,,,10.83275137395572,0.208951657297235,0.6606052517232546,88.19562202876469,Attacked,Played,None,0.710174560546875,0.6611137390136719,4.591365,0.034195,,,,,,,-7.853544,0.074736,0.430145,-8.840939,0.092181,0.561618,-14.75985973151933,-10.06016601391831,0.1142961139021184,0.6925289385719257,-0.2729463000383276,-1.725884310675567,-1.0,-1.0,NARENDRA-MODI-STADIUM-AHMEDABAD,-1.0,,L,R,R,Rajasthan-Royals,Gujarat-Titans,Spin,1
2425,1,18,Rajasthan Royals,Dhruv Jurel,Rashid Khan,,7,5,1,1,1,1,0,0,0,0,0,0,0,0,0,0,0,,,0,6.5,1,1,0,815976,129.5,19.5,1,0,,24,LEG SPIN,97.0,BACKFOOT PUSH,0,0,5,6,73,1,Leg stump,Good Length,0,0,1,0,0,0,0,0,59.89900128024349,-2.099381356990892,8.340635938052515,-0.6366320718034483,1.918733568514985,,,,,,,10.27310497987383,0.2400621129736367,0.6292160565439635,80.37619718423085,Attacked,Played,None,0.719650268554688,0.6966705322265625,5.18507,0.033358,,,,,,,-8.593149,0.074472,0.569333,-8.840794,0.07734,0.594212,-14.53071330962289,-10.0602207332044,0.09172238893619447,0.6943585984209175,-0.1154865513290579,-2.232478604424765,-1.0,-1.0,NARENDRA-MODI-STADIUM-AHMEDABAD,-1.0,,R,L,R,Rajasthan-Royals,Gujarat-Titans,Spin,1
2425,1,18,Rajasthan Royals,Yashasvi Jaiswal,Rashid Khan,,7,6,1,1,1,1,0,0,0,0,0,0,0,0,0,0,0,,,0,6.6,1,1,0,815977,-144.0,19.5,1,0,,28,GOOGLY,97.0,BACKFOOT PUSH,0,0,6,6,74,1,Outside Leg stump,Good Length,0,0,1,0,0,0,0,0,55.99546456408977,-0.9298513523597149,8.340959894120914,-0.4769152603017898,1.86981148174144,,,,,,,11.53565624383735,0.202611432844316,0.672916748579197,90.67636900244796,Attacked,Played,None,0.748958587646484,0.7364501953125,5.13151,-0.257937,,,,,,,-8.487063,-0.175319,0.604122,-8.84076,-0.166725,0.645212,-15.37651767081628,-10.05988022335744,-0.1365339521835378,0.7601207309024633,-0.0605832862614955,0.3641627288331732,-1.0,-1.0,NARENDRA-MODI-STADIUM-AHMEDABAD,-1.0,,L,R,R,Rajasthan-Royals,Gujarat-Titans,Spin,1
2425,1,18,Rajasthan Royals,Yashasvi Jaiswal,Prasidh Krishna,,8,1,0,0,0,0,0,0,1,0,0,0,0,0,0,0,0,,,0,7.1,1,1,0,815978,7.5,66.0,0,0,,39,ANGLED IN,84.0,FRONTFOOT OFF DRIVE,0,0,1,7,74,1,Off stump,Full Length,1,0,1,0,0,0,0,0,87.77722922016785,-4.907008860300093,8.340721754457654,0.8993505219664927,2.086108596408533,,,,,,,6.123146451475255,0.1856396079995092,0.558312814003844,75.18296130062569,Attacked,Played,None,0.47552490234375,0.4657516479492188,2.72806,0.159465,,,,,,,-8.667209,0.102585,0.163889,-8.840879,0.095066,0.180582,-10.31660450162093,-10.06007826283368,0.0414655910989376,0.2905374699486371,0.6529079529340917,-0.04987457597250706,-1.0,-1.0,NARENDRA-MODI-STADIUM-AHMEDABAD,-1.0,,L,R,R,Rajasthan-Royals,Gujarat-Titans,Seam,1
2425,1,18,Rajasthan Royals,Yashasvi Jaiswal,Prasidh Krishna,,8,2,0,0,0,0,0,0,1,0,0,0,0,0,0,0,0,,,0,7.2,1,1,0,815979,-20.5,47.5,0,0,,39,ANGLED IN,97.0,BACKFOOT PUSH,0,0,2,7,74,1,Outside Off stump,Short of Good Length,0,0,1,0,0,0,0,0,87.02704896173154,-10.05290903722965,8.341171602576544,0.9210844273581904,2.032333422543105,,,,,,,7.857631150813344,0.09833996181356827,0.5795011943102722,87.09118296518402,Defended,Played,None,0.498493194580078,0.4991683959960938,8.494257,0.41915,,,,,,,-8.85217,0.036717,0.834058,-8.840852,0.0373,0.833168,-12.9305124384548,-10.06024061759951,-0.02510306809727157,0.9209775954554225,0.4418893606434754,-0.3729247491024435,-1.0,-1.0,NARENDRA-MODI-STADIUM-AHMEDABAD,-1.0,,L,R,R,Rajasthan-Royals,Gujarat-Titans,Seam,1
2425,1,18,Rajasthan Royals,Yashasvi Jaiswal,Prasidh Krishna,,8,3,1,1,1,1,0,0,0,0,0,0,0,0,0,0,0,,,0,7.3,1,1,0,815980,-23.0,-34.5,1,0,,39,ANGLED IN,44.0,GLIDE,0,0,3,7,75,1,Outside Off stump,Yorker,0,0,1,0,0,0,0,0,87.94878418003506,-4.289425465275293,8.340576851952953,0.9468470626231532,2.07050050964778,,,,,,,6.097341659833482,0.137303340750162,0.5897151026547712,84.7269313231995,Attacked,Edged,None,0.478935241699219,0.4693222045898438,1.652796,0.251865,,,,,,,-8.951038,0.23646,0.087641,-8.841103,0.239588,0.076293,-9.887634432136405,-10.06021479948181,0.204486748612565,0.1969247631361709,0.4733691264992431,0.5088904199206262,-1.0,-1.0,NARENDRA-MODI-STADIUM-AHMEDABAD,-1.0,,L,R,R,Rajasthan-Royals,Gujarat-Titans,Seam,1
2425,1,18,Rajasthan Royals,Dhruv Jurel,Prasidh Krishna,,8,4,0,0,0,0,0,0,1,0,0,0,0,0,0,0,0,,,0,7.4,1,1,0,815981,51.5,24.5,0,0,,39,ANGLED IN,97.0,BACKFOOT PUSH,0,0,4,7,75,1,Outside Off stump,Good Length,0,0,1,0,0,0,0,0,85.64440951104237,-11.10725593327064,8.340920095607068,-0.7872237726280595,2.024799948870816,,,,,,,8.49903759303591,0.0681479057070513,0.5919832563381244,91.98269788001355,Defended,Played,None,0.491340637207031,0.4963302612304688,9.34929,-0.492283,,,,,,,-8.462876,-0.121062,0.969395,-8.840512,-0.101222,1.001314,-13.80240482956775,-10.0601913629505,-0.03586004931131942,1.09339735811535,0.8469290205854093,0.2140025987715268,-1.0,-1.0,NARENDRA-MODI-STADIUM-AHMEDABAD,-1.0,,R,L,R,Rajasthan-Royals,Gujarat-Titans,Seam,1
2425,1,18,Rajasthan Royals,Dhruv Jurel,Prasidh Krishna,,8,5,1,1,1,1,0,0,0,0,0,0,0,0,0,0,0,,,0,7.5,1,1,0,815982,-55.0,-121.5,1,0,,39,ANGLED IN,44.0,GLIDE,0,0,5,7,76,1,Outside Off stump,Short of Good Length,0,0,1,0,0,0,0,0,84.52231220868288,-11.3433873353164,8.340572034285756,-0.7144261192157801,2.024386250784103,,,,,,,8.447341936162882,0.06476220964298735,0.5620598372997097,87.83275463065772,Attacked,Played,None,0.502922058105469,0.5296783447265625,9.646005,-0.611279,,,,,,,-999.9,-999.9,-999.9,-8.840734,-0.501984,1.004209,-14.43072951590302,-10.05979600811779,-0.4940482616061232,1.087612708614451,-0.003913431013482706,0.3250302911499059,-1.0,-1.0,NARENDRA-MODI-STADIUM-AHMEDABAD,-1.0,,R,L,R,Rajasthan-Royals,Gujarat-Titans,Seam,1
2425,1,18,Rajasthan Royals,Yashasvi Jaiswal,Prasidh Krishna,,8,6,4,4,4,0,0,0,0,0,0,0,0,0,1,0,0,,,0,7.6,1,1,0,815983,163.0,-54.5,4,0,,39,ANGLED IN,16.0,BACKFOOT SQUARE DRIVE,0,0,6,7,80,1,Off stump,Full Length,0,0,1,0,0,0,0,0,86.75091000399625,-4.809994793564981,8.340571596463558,0.8591041630720322,2.072462719491389,,,,,,,6.235189764639156,0.0759640078977277,0.5905045479568223,90.97928140375058,Attacked,Played,None,0.48760986328125,0.4837303161621094,2.66037,0.069086,,,,,,,-9.121261,-0.007997,0.204211,-8.840877,0.004747,0.17691,-10.25889618246005,-10.06012634990059,-0.05122644767483095,0.2909766084844621,0.5341613298986202,0.06955083153834776,-1.0,-1.0,NARENDRA-MODI-STADIUM-AHMEDABAD,-1.0,,L,R,R,Rajasthan-Royals,Gujarat-Titans,Seam,1
2425,1,18,Rajasthan Royals,Dhruv Jurel,Rashid Khan,,9,1,1,1,1,1,0,0,0,0,0,0,0,0,0,0,0,,,0,8.1,1,1,0,815984,132.5,24.5,1,0,,28,GOOGLY,101.0,BACKFOOT ON DRIVE,0,0,1,8,81,1,Outside Off stump,Good Length,1,0,1,0,0,0,0,0,55.96492742678615,-1.6175919269799,8.340624975430888,-0.5008812504858884,1.838298301549165,,,,,,,10.02704308415007,0.150720898260765,0.5950024976812481,84.17828482611073,Attacked,Played,None,0.776275634765625,0.7526893615722656,6.051972,-0.199946,,,,,,,-8.775414,-0.028795,0.6142,-8.840601,-0.026322,0.618453,-15.49868035543521,-10.06006008553358,0.02066345132568603,0.6758509367565663,0.2519931001079678,0.4224496483534394,-1.0,-1.0,NARENDRA-MODI-STADIUM-AHMEDABAD,-1.0,,R,L,R,Rajasthan-Royals,Gujarat-Titans,Spin,1
2425,1,18,Rajasthan Royals,Yashasvi Jaiswal,Rashid Khan,,9,2,1,1,1,1,0,0,0,0,0,0,0,0,0,0,0,,,0,8.2,1,1,0,815985,-64.0,143.5,1,0,,24,LEG SPIN,101.0,BACKFOOT ON DRIVE,0,0,2,8,82,1,Off stump,Good Length,0,0,1,0,0,0,0,0,59.94962826413737,-2.746423610917393,8.341031493525009,-0.6071514784565742,1.919242584456962,,,,,,,9.60120062224572,0.1522531385875153,0.6028685892417184,85.20497452750622,Attacked,Played,None,0.711902618408203,0.694610595703125,5.804496,0.015162,,,,,,,-8.641001,0.098433,0.58592,-8.84057,0.102424,0.602126,-14.73187986376846,-10.06015628644822,0.1272315171943142,0.680680943212825,0.4265452648800632,-2.013336005666285,-1.0,-1.0,NARENDRA-MODI-STADIUM-AHMEDABAD,-1.0,,L,R,R,Rajasthan-Royals,Gujarat-Titans,Spin,1
2425,1,18,Rajasthan Royals,Dhruv Jurel,Rashid Khan,,9,3,5 (WD),5,0,0,0,0,0,5,1,0,0,0,1,0,0,,,0,8.3,1,1,1,815986,-64.0,143.5,5,0,,24,LEG SPIN,22.0,FRONTFOOT PADDLE SWEEP,0,0,3,8,87,1,Outside Leg stump,Full Length,0,0,1,0,0,0,0,0,59.85594272276663,-0.8138000181213524,8.340748116045113,-0.606684583348106,1.915996648183822,,,,,,,8.772348172209027,0.1470160967840853,0.5492081642102828,77.67961495313389,None,None,None,0.694255828857422,0.7541313171386719,4.189478,0.336836,,,,,,,-999.9,-999.9,-999.9,-8.840977,0.468407,0.402847,-14.81111181761069,-10.05993419570909,0.5249841745414696,0.5047862890172682,-0.05698116117523001,-1.309727865216032,-1.0,-1.0,NARENDRA-MODI-STADIUM-AHMEDABAD,-1.0,,R,L,R,Rajasthan-Royals,Gujarat-Titans,Spin,1
2425,1,18,Rajasthan Royals,Dhruv Jurel,Rashid Khan,,9,3,1,1,1,1,0,0,0,0,0,0,0,0,0,0,0,,,0,8.3,1,1,0,815987,149.0,47.0,1,0,,24,LEG SPIN,58.0,BACKFOOT PULL SHOT,0,0,4,8,88,1,Off stump,Good Length,0,0,1,0,0,0,0,0,56.55309190252493,-3.129918454472126,8.34060637389463,-0.5005764109340548,1.858921089996131,,,,,,,10.52801082884344,0.1984820266047814,0.6113858212217353,81.85967052278217,Attacked,Played,None,0.775039672851562,0.7406044006347656,6.994084,-0.164152,,,,,,,-8.415672,0.032675,0.692911,-8.840601,0.049416,0.714731,-15.48234899560032,-10.06018503197473,0.09847587162066493,0.7466620547442059,-0.2198966564396815,0.4070699389332912,-1.0,-1.0,NARENDRA-MODI-STADIUM-AHMEDABAD,-1.0,,R,L,R,Rajasthan-Royals,Gujarat-Titans,Spin,1
2425,1,18,Rajasthan Royals,Yashasvi Jaiswal,Rashid Khan,,9,4,1,1,1,1,0,0,0,0,0,0,0,0,0,0,0,,,0,8.4,1,1,0,815988,80.5,165.0,1,0,,24,LEG SPIN,84.0,FRONTFOOT OFF DRIVE,0,0,5,8,89,1,Middle stump,Good Length,0,0,1,0,0,0,0,0,55.05327270572301,0.131031463030842,8.34054772825737,-0.4362187697250328,1.871443942598012,,,,,,,11.73586516531726,0.2838676925805999,0.6428907869953822,78.04684879124734,Attacked,Played,None,0.790592193603516,0.7283706665039062,4.401834,0.068996,,,,,,,-8.083216,0.206089,0.452688,-8.840878,0.250589,0.553932,-15.67306563239844,-10.05996891320136,0.3239793414269257,0.6800138324658769,-0.6307818372457519,1.411013561263057,-1.0,-1.0,NARENDRA-MODI-STADIUM-AHMEDABAD,-1.0,,L,R,R,Rajasthan-Royals,Gujarat-Titans,Spin,1
2425,1,18,Rajasthan Royals,Dhruv Jurel,Rashid Khan,,9,5,1,1,1,1,0,0,0,0,0,0,0,0,0,0,0,,,0,8.5,1,1,0,815989,117.5,96.0,1,0,,24,LEG SPIN,97.0,BACKFOOT PUSH,0,0,6,8,90,1,Leg stump,Good Length,0,0,1,0,0,0,0,0,60.46377143864677,-2.902918541138363,8.340918986043032,-0.6470594776438662,1.884307816409441,,,,,,,8.460699693664123,0.1456814981948453,0.5284870944491973,74.70491434789507,Attacked,Played,None,0.715290069580078,0.6871833801269531,6.282635,-0.066955,,,,,,,-8.568928,-0.018863,0.528026,-8.840622,-0.015976,0.542161,-14.85142714915828,-10.06014660373325,-0.002779009095892335,0.5837508131873094,0.1435764614407711,-2.268562154546294,-1.0,-1.0,NARENDRA-MODI-STADIUM-AHMEDABAD,-1.0,,R,L,R,Rajasthan-Royals,Gujarat-Titans,Spin,1
2425,1,18,Rajasthan Royals,Yashasvi Jaiswal,Rashid Khan,,9,6,2,2,2,0,1,0,0,0,0,0,0,0,0,0,0,,,0,8.6,1,1,0,815990,-156.0,88.0,2,0,,24,LEG SPIN,58.0,BACKFOOT PULL SHOT,0,0,7,8,92,1,Outside Off stump,Short of Good Length,0,0,1,0,0,0,0,0,55.20283879854625,-1.852999236042677,8.340756430652561,1.198727653448078,1.891453951550133,,,,,,,10.82036962682534,0.2057920922452916,0.6191395661752345,82.29172570175601,Attacked,Played,None,0.795021057128906,0.7501373291015625,6.005346,0.241794,,,,,,,-8.374339,-0.094753,0.628121,-8.840777,-0.133192,0.663666,-15.64635593480232,-10.05993968907328,-0.2357895699421805,0.7249155265334382,-0.1692931038679459,0.2598861643237304,-1.0,-1.0,NARENDRA-MODI-STADIUM-AHMEDABAD,-1.0,,L,R,R,Rajasthan-Royals,Gujarat-Titans,Spin,1
2425,1,18,Rajasthan Royals,Dhruv Jurel,Ashok Sharma,,10,1,0,0,0,0,0,0,1,0,0,0,0,0,0,0,0,,,0,9.1,1,1,0,815991,-49.0,112.5,0,0,,39,ANGLED IN,84.0,FRONTFOOT OFF DRIVE,0,0,1,9,92,1,Outside Off stump,Full Length,1,0,1,0,0,0,0,0,91.9330757252022,-6.128197161797821,8.340407317398757,-0.6485521557298345,1.930573534835832,,,,,,,6.544379601038841,0.0665694474637476,0.6494303051084467,100.7576010198922,Attacked,Played,None,0.461585998535156,0.4358024597167969,4.664142,-0.328223,,,,,,,-8.368992,-0.260313,0.338289,-8.840887,-0.249133,0.38283,-9.832082351939883,-10.06019000529035,-0.219700791317836,0.4903527134578231,0.3734197999740428,-0.262409553287326,-1.0,-1.0,NARENDRA-MODI-STADIUM-AHMEDABAD,-1.0,,R,L,R,Rajasthan-Royals,Gujarat-Titans,Seam,1
2425,1,18,Rajasthan Royals,Dhruv Jurel,Ashok Sharma,,10,2,4,4,4,0,0,0,0,0,0,0,0,0,1,0,0,,,0,9.2,1,1,0,815992,-252.0,100.5,4,0,,38,STRAIGHT BALL,15.0,LOFTED COVER DRIVE,0,0,2,9,96,1,Outside Off stump,Good Length,0,0,1,0,0,0,0,0,90.56915548307663,-8.503620968624126,8.341214770594945,-0.6788329218852641,1.926354625502659,,,,,,,6.94247491985467,0.003254334981818118,0.5913345095354247,98.3747429321319,Attacked,Played,None,0.4771728515625,0.4579010009765625,7.631533,-0.751311,,,,,,,-8.612479,-0.781609,0.659664,-8.841094,-0.78281,0.677873,-11.62335096947543,-10.05972322502932,-0.7893178531031136,0.7673526786623203,0.5624371232603036,-0.1699848499030664,-1.0,-1.0,NARENDRA-MODI-STADIUM-AHMEDABAD,-1.0,,R,L,R,Rajasthan-Royals,Gujarat-Titans,Seam,1
2425,1,18,Rajasthan Royals,Dhruv Jurel,Ashok Sharma,,10,3,0,0,0,0,0,0,1,0,0,0,0,0,0,0,0,,,0,9.3,1,1,0,815993,37.0,53.0,0,0,,39,ANGLED IN,97.0,BACKFOOT PUSH,0,0,3,9,96,1,Outside Off stump,Short of Good Length,0,0,1,0,0,0,0,0,88.0247846086261,-9.823833354997292,8.340585144885402,-0.6138863549576388,1.888672661409426,,,,,,,8.186123567508073,0.09402584627671698,0.6288427545661418,94.92382855724958,Defended,Played,None,0.491970062255859,0.4806976318359375,8.930942,-0.295981,,,,,,,-8.468476,-0.112839,0.899207,-8.840472,-0.102702,0.93129,-12.46692509771125,-10.0597217920096,-0.06881454907405501,1.026305148030989,0.0480449754533456,-0.6289041318071005,-1.0,-1.0,NARENDRA-MODI-STADIUM-AHMEDABAD,-1.0,,R,L,R,Rajasthan-Royals,Gujarat-Titans,Seam,1
2425,1,18,Rajasthan Royals,Dhruv Jurel,Ashok Sharma,,10,4,0,0,0,0,0,0,1,0,0,0,0,0,0,0,0,,,0,9.4,1,1,0,815994,53.0,44.5,0,0,,39,ANGLED IN,27.0,FORWARD PUSH,0,0,4,9,96,1,Leg stump,Full Length,0,0,1,0,0,0,0,0,92.73325672715124,-5.640969519325104,8.340584446027904,-0.6233380421114979,1.938754743733826,,,,,,,5.852379237182493,0.05265634956272342,0.6069802069674098,95.78139608883913,Attacked,Played,None,0.457466125488281,0.43560791015625,3.805662,-0.102691,,,,,,,-8.488041,-0.022089,0.240678,-8.840664,-0.009016,0.271416,-9.455562389877825,-10.06035594379115,0.03697492667936161,0.3708905378864645,0.8579918922190518,-0.4733452068408258,-1.0,-1.0,NARENDRA-MODI-STADIUM-AHMEDABAD,-1.0,,R,L,R,Rajasthan-Royals,Gujarat-Titans,Seam,1
2425,1,18,Rajasthan Royals,Dhruv Jurel,Ashok Sharma,,10,5,1,1,1,1,0,0,0,0,0,0,0,0,0,0,0,,,0,9.5,1,1,0,815995,133.0,-20.5,1,0,,39,ANGLED IN,58.0,BACKFOOT PULL SHOT,0,0,5,9,97,1,Outside Off stump,Short of Good Length,0,0,1,0,0,0,0,0,66.61607450304746,-7.87171400691053,8.34062385947827,-0.6128958668357859,1.935236604897017,,,,,,,9.478434604477185,0.02363432572053853,0.5858502535554325,95.51410546126102,Attacked,Played,None,0.644748687744141,0.6103591918945312,9.287141,-0.48639,,,,,,,-8.1,-0.357171,0.917687,-8.841011,-0.342871,0.959522,-15.74605387779099,-10.06020288024808,-0.3187767089445318,1.005180559589454,-0.1087136634406218,0.1947561233874461,-1.0,-1.0,NARENDRA-MODI-STADIUM-AHMEDABAD,-1.0,,R,L,R,Rajasthan-Royals,Gujarat-Titans,Seam,1
2425,1,18,Rajasthan Royals,Yashasvi Jaiswal,Ashok Sharma,,10,6,0,0,0,0,0,0,1,0,0,0,0,0,0,0,0,,,0,9.6,1,1,0,815996,133.0,-20.5,0,0,,39,ANGLED IN,97.0,BACKFOOT PUSH,0,0,6,9,97,1,Outside Off stump,Short of Good Length,0,0,1,0,0,0,0,0,87.9954817889443,-11.02803524490025,8.34062698070835,0.745401677599955,1.876399855114786,,,,,,,8.82574537723462,0.07162163147909253,0.6114311485519439,94.55250913488234,Defended,Played,None,0.489212036132812,0.4892921447753906,10.002506,0.370904,,,,,,,-8.5401,-0.157533,1.104351,-8.840953,-0.178273,1.131425,-13.85781003573509,-10.05972986133387,-0.2639256770994659,1.231117477738448,-1.104537161976859,-0.1224481766341556,-1.0,-1.0,NARENDRA-MODI-STADIUM-AHMEDABAD,-1.0,,L,R,R,Rajasthan-Royals,Gujarat-Titans,Seam,1
2425,1,18,Rajasthan Royals,Dhruv Jurel,Rashid Khan,,11,1,4,4,4,0,0,0,0,0,0,0,0,0,1,0,0,,,0,10.1,1,1,0,815997,183.5,93.0,4,0,,24,LEG SPIN,101.0,BACKFOOT ON DRIVE,0,0,1,10,101,1,Outside Off stump,Good Length,1,1,2,0,0,1,0,0,56.13208621437277,-1.950437832860787,8.340627984995674,-0.4928064833799897,1.855927213646157,,,,,,,10.37366841642804,0.2579991627304163,0.5977239272575894,73.85867281559678,Attacked,Played,None,0.785350799560547,0.7466583251953125,6.003752,-0.316789,,,,,,,-8.496983,-0.152209,0.601875,-8.84075,-0.138714,0.624236,-15.20701824438736,-10.06007590436995,-0.08988623212107638,0.6736446827032438,0.4123161323197281,0.9860982241220914,-1.0,-1.0,NARENDRA-MODI-STADIUM-AHMEDABAD,-1.0,,R,L,R,Rajasthan-Royals,Gujarat-Titans,Spin,1
2425,1,18,Rajasthan Royals,Dhruv Jurel,Rashid Khan,,11,2,2,2,2,0,1,0,0,0,0,0,0,0,0,0,0,,,0,10.2,1,1,0,815998,168.0,22.5,2,0,,24,LEG SPIN,97.0,BACKFOOT PUSH,0,0,2,10,103,1,Off stump,Good Length,0,0,2,0,0,0,0,0,56.40857487078731,-1.27721016810021,8.340706524268185,-0.4975684828218093,1.876388705472892,,,,,,,10.36294259699957,0.177902167898372,0.6198774753146409,85.19140450735893,Attacked,Played,None,0.762863159179688,0.739471435546875,5.279741,-0.227741,,,,,,,-8.729559,-0.086265,0.577374,-8.840989,-0.082084,0.587584,-15.20593877091966,-10.05986314384586,-0.03560458492750479,0.6773229467446074,0.1147932640405635,0.7251017462381872,-1.0,-1.0,NARENDRA-MODI-STADIUM-AHMEDABAD,-1.0,,R,L,R,Rajasthan-Royals,Gujarat-Titans,Spin,1
2425,1,18,Rajasthan Royals,Dhruv Jurel,Rashid Khan,,11,3,0,0,0,0,0,0,1,0,0,0,0,0,0,0,0,,,0,10.3,1,1,0,815999,168.0,22.5,0,0,,24,LEG SPIN,22.0,FRONTFOOT PADDLE SWEEP,0,0,3,10,103,1,Outside Leg stump,Full Length,0,0,2,0,0,0,0,0,61.15825461456438,-0.6110361499107619,8.340709639289244,-0.6577023216760997,1.905740300051994,,,,,,,9.855107366864887,0.2166482121655432,0.6132803375906407,80.3272294220418,Attacked,Missed,None,0.696281433105469,0.6472663879394531,3.737947,0.103518,,,,,,,-8.094428,0.133691,0.310274,-8.841007,0.146769,0.409798,-14.46806117958923,-10.05977574936371,0.1686129109254315,0.546972972531483,-0.3114861878327351,-1.848728935784422,-1.0,-1.0,NARENDRA-MODI-STADIUM-AHMEDABAD,-1.0,,R,L,R,Rajasthan-Royals,Gujarat-Titans,Spin,1
2425,1,18,Rajasthan Royals,Dhruv Jurel,Rashid Khan,,11,4,0,0,0,0,0,0,1,0,0,0,0,0,0,0,0,,,0,10.4,1,1,0,816000,168.0,22.5,0,0,,24,LEG SPIN,56.0,REVERSE SWEEP,0,0,4,10,103,1,Outside Off stump,Good Length,0,0,2,0,0,0,0,0,58.69708991743577,-2.8088611864471,8.340999851665991,-0.8439000301198668,1.847523471036604,,,,,,,10.03710799878221,0.207940288389921,0.5980296199680017,78.91041415620816,Attacked,Missed,None,0.743247985839844,0.7964401245117188,6.637029,-0.772646,,,,,,,-999.9,-999.9,-999.9,-8.840635,-0.895732,0.681699,-15.07808119821536,-10.05989833921802,-0.9257235532137755,0.729017274652049,-0.09102706091290357,-1.521766775216801,-1.0,-1.0,NARENDRA-MODI-STADIUM-AHMEDABAD,-1.0,,R,L,R,Rajasthan-Royals,Gujarat-Titans,Spin,1
2425,1,18,Rajasthan Royals,Dhruv Jurel,Rashid Khan,,11,5,0,0,0,0,0,0,1,0,0,0,0,0,0,0,0,,,0,10.5,1,1,0,816001,60.5,56.0,0,0,,24,LEG SPIN,97.0,BACKFOOT PUSH,0,0,5,10,103,1,Outside Off stump,Good Length,0,0,2,0,0,0,0,0,60.36160008585205,-3.53939975646679,8.340688197895215,-0.5998571124871012,1.86132449970752,,,,,,,10.4810837131224,0.1740514509459964,0.635273716402928,87.88591236583956,Defended,Played,None,0.729469299316406,0.6990852355957031,6.994067,-0.217384,,,,,,,-8.600261,-0.19258,0.761405,-8.840884,-0.191426,0.778648,-15.05959084011763,-10.05993341117633,-0.1854740999279892,0.8434333085599708,-0.05488955351473903,-1.64964476651059,-1.0,-1.0,NARENDRA-MODI-STADIUM-AHMEDABAD,-1.0,,R,L,R,Rajasthan-Royals,Gujarat-Titans,Spin,1
2425,1,18,Rajasthan Royals,Dhruv Jurel,Rashid Khan,,11,6,4,4,4,0,0,0,0,0,0,0,0,0,1,0,0,,,0,10.6,1,1,0,816002,-39.0,-177.5,4,0,,24,LEG SPIN,36.0,CUT SHOT,0,0,6,10,107,1,Outside Off stump,Good Length,0,0,2,0,0,0,0,0,54.23714197782809,-0.1434468827814413,8.340690601694774,-0.5055669783940344,1.926955847701457,,,,,,,12.45458323141488,0.2762744801249626,0.6803296853897767,84.42200479597025,Attacked,Played,None,0.786575317382812,0.795867919921875,4.344205,-0.442405,,,,,,,-9.55512,-0.345411,0.691485,-8.840893,-0.364147,0.597623,-15.75134276713305,-10.06015015210657,-0.3319569921184956,0.7486426594240074,-0.9822075410289833,1.64134892111081,-1.0,-1.0,NARENDRA-MODI-STADIUM-AHMEDABAD,-1.0,,R,L,R,Rajasthan-Royals,Gujarat-Titans,Spin,1
2425,1,18,Rajasthan Royals,Yashasvi Jaiswal,Mohammed Siraj,,12,1,0,0,0,0,0,0,1,0,0,0,0,0,0,0,0,,,0,11.1,1,1,0,816003,-39.0,-177.5,0,0,,30,ANGLED ACROSS,36.0,CUT SHOT,0,0,1,11,107,1,Off stump,Good Length,1,0,2,0,0,0,0,0,83.29237029603351,-7.877345599145875,8.340391687449905,-0.6664220445821254,1.917373185884592,,,,,,,6.746070892230767,0.1559287129877735,0.5159739213205927,71.80321689931156,Attacked,Missed,None,0.515464782714844,0.5624771118164062,7.646619,-0.021158,,,,,,,-999.9,-999.9,-999.9,-8.840524,0.362627,0.593858,-12.26897702920824,-10.05983430378444,0.442192313454649,0.6519697294976492,-0.6366535694151003,0.07965316850144573,-1.0,-1.0,NARENDRA-MODI-STADIUM-AHMEDABAD,-1.0,,L,R,R,Rajasthan-Royals,Gujarat-Titans,Seam,1
2425,1,18,Rajasthan Royals,Yashasvi Jaiswal,Mohammed Siraj,,12,2,4,4,4,0,0,0,0,0,0,0,0,0,1,0,0,,,0,11.2,1,1,0,816004,172.0,140.5,4,0,,30,ANGLED ACROSS,52.0,BACKFOOT COVERDRIVE,0,0,2,11,111,1,Outside Off stump,Good Length,0,0,2,0,0,0,0,0,82.60276863511898,-8.39916821351483,8.341130193228985,-0.6722689971191007,1.92165819459211,,,,,,,7.897639707793096,0.038458560213665,0.6109023659516165,97.78949887137598,Attacked,Played,None,0.529426574707031,0.4698371887207031,8.122636,-0.087252,,,,,,,-7.502266,0.224724,0.678644,-8.840825,0.305688,0.793697,-12.62364990422662,-10.05979941504537,0.3816730852794912,0.8812983460503139,-0.1493354175390146,-0.1540692629758294,-1.0,-1.0,NARENDRA-MODI-STADIUM-AHMEDABAD,-1.0,,L,R,R,Rajasthan-Royals,Gujarat-Titans,Seam,1
2425,1,18,Rajasthan Royals,Yashasvi Jaiswal,Mohammed Siraj,,12,3,1 (LB),1,0,0,0,0,1,1,0,0,0,1,0,0,0,,,0,11.3,1,1,1,816005,79.5,17.5,1,0,,30,ANGLED ACROSS,99.0,SCOOP,0,0,3,11,112,1,Leg stump,Full Length,0,0,2,0,0,0,0,0,83.73436529879574,-4.69075398292908,8.341179892783952,-0.6197019549161124,1.932433172902576,,,,,,,6.637171139839581,0.07224681175446292,0.6066005328299852,93.76539874905149,Attacked,Missed,None,0.501136779785156,0.4657745361328125,3.949055,0.05573,,,,,,,-7.944709,0.132027,0.222371,-8.840488,0.170385,0.310043,-10.6267663510541,-10.05994295589518,0.2238171807181998,0.4176614451002413,-0.9672349941380756,0.173552716058149,-1.0,-1.0,NARENDRA-MODI-STADIUM-AHMEDABAD,-1.0,,L,R,R,Rajasthan-Royals,Gujarat-Titans,Seam,1
2425,1,18,Rajasthan Royals,Dhruv Jurel,Mohammed Siraj,,12,4,0,0,0,0,0,0,1,0,0,0,0,0,0,0,0,,,0,11.4,1,1,0,816006,58.5,54.5,0,0,,39,ANGLED IN,47.0,FRONTFOOT ON DRIVE,0,0,4,11,112,1,Leg stump,Full Length,0,0,2,0,0,0,0,0,85.07844536751422,-4.320802825259131,8.340987668369934,-0.6484761301372677,1.949984316077523,,,,,,,7.010582576245925,0.07809083709627,0.6748558350543062,103.419291548519,Attacked,Played,None,0.49676513671875,0.4680862426757813,2.877022999999999,-0.038631,,,,,,,-8.322519,0.008065,0.160422,-8.840652,0.029667,0.218671,-10.08974028104055,-10.05989309497676,0.08145075716981566,0.3470660963245595,-0.4974045912555002,0.3345562817012112,-1.0,-1.0,NARENDRA-MODI-STADIUM-AHMEDABAD,-1.0,,R,L,R,Rajasthan-Royals,Gujarat-Titans,Seam,1
2425,1,18,Rajasthan Royals,Dhruv Jurel,Mohammed Siraj,,12,5,4,4,4,0,0,0,0,0,0,0,0,0,1,0,0,,,0,11.5,1,1,0,816007,48.5,-180.5,4,0,https://scores.bcci.tv/matchcentre/commentaryFiles/TATA-IPL-2026/Gujarat-Titans-VS-Rajasthan-Royals-(04-Apr-2026)/File_1-12-816007.png,36,BOUNCER,58.0,BACKFOOT PULL SHOT,1,0,5,11,116,1,Outside Off stump,Short Length,0,0,2,0,0,0,0,0,76.28136304319275,-18.29702182141764,8.340641925391122,-0.8018699905194986,1.797426348657788,,,,,,,11.73041969064097,0.01462733674416746,0.5229654453142341,86.98208312271836,Attacked,Played,None,0.62109375,0.562408447265625,13.544251,-0.683415,,,,,,,-7.895164,-0.184911,1.943734,-8.840989,-0.124687,2.044168,-21.4787963797294,-10.05981786707829,-0.04145544624824074,2.155084551455862,-0.4237305503317699,0.5109154600112936,-1.0,-1.0,NARENDRA-MODI-STADIUM-AHMEDABAD,-1.0,,R,L,R,Rajasthan-Royals,Gujarat-Titans,Seam,1
2425,1,18,Rajasthan Royals,Dhruv Jurel,Mohammed Siraj,,12,6,6,6,6,0,0,0,0,0,0,0,0,0,0,1,0,,,0,11.6,1,1,0,816008,196.5,-23.0,6,0,,39,ANGLED IN,40.0,FRONTFOOT FLICK,0,0,6,11,122,1,Leg stump,Full Toss,0,0,2,0,0,0,0,0,83.31819524193494,-2.387375232995017,8.340842017944603,-0.6572940967300266,1.955486013095181,,,,,,,6.897867555630405,0.1714517682859238,0.6500000000000005,90.35482317140769,Attacked,Played,None,0.504524230957031,0.4587249755859375,-0.09501599999999932,0.083202,,,,,,,-7.767944,0.013273,0.412257,-8.841004,0.045779,0.239706,-10.02686021638708,-10.06011968534151,0.0805888914630082,0.03166481062572915,-1.342645353292731,0.0,-1.0,-1.0,NARENDRA-MODI-STADIUM-AHMEDABAD,-1.0,,R,L,R,Rajasthan-Royals,Gujarat-Titans,Seam,1
2425,1,18,Rajasthan Royals,Yashasvi Jaiswal,Kagiso Rabada,,13,1,0,0,0,0,0,0,1,0,0,0,0,0,0,0,0,,,0,12.1,1,1,0,816009,31.5,95.0,0,0,,30,ANGLED ACROSS,97.0,BACKFOOT PUSH,0,0,1,12,122,1,Middle stump,Short of Good Length,1,0,2,0,0,0,0,0,87.90844401276088,-11.24775693583306,8.340440598153045,-0.6691955819263959,2.117724285904892,,,,,,,8.477207399446671,0.01184360053513263,0.5779456767558498,95.50749145986421,Attacked,Edged,None,0.502670288085938,0.475433349609375,9.109735,-0.272951,,,,,,,-8.407576,0.097338,0.943861,-8.840822,0.120815,0.984854,-14.39585691041305,-10.05997004705472,0.1882078875940817,1.09045697498223,0.615738527471986,-0.1353816501555883,-1.0,-1.0,NARENDRA-MODI-STADIUM-AHMEDABAD,-1.0,,L,R,R,Rajasthan-Royals,Gujarat-Titans,Seam,1
2425,1,18,Rajasthan Royals,Yashasvi Jaiswal,Kagiso Rabada,,13,2,4,4,4,0,0,0,0,0,0,0,0,0,1,0,0,,,0,12.2,1,1,0,816010,-39.5,-164.0,4,0,,30,ANGLED ACROSS,99.0,SCOOP,0,0,2,12,126,1,Outside Off stump,Good Length,0,0,2,0,0,0,0,0,79.22659021708088,-11.65941704723372,8.340465651615993,-0.5985052880664458,2.101756879934101,,,,,,,8.896588328409013,0.01516520994987555,0.5377773594143327,89.15008291716235,Attacked,Played,None,0.562980651855469,0.5191841125488281,9.962421,-0.012463,,,,,,,-8.021557,0.593524,1.004778,-8.840925,0.659941,1.070011,-16.11947304895606,-10.06012511058112,0.7602048391641477,1.151053099298858,-0.2850406357190177,0.3311879086967024,-1.0,-1.0,NARENDRA-MODI-STADIUM-AHMEDABAD,-1.0,,L,R,R,Rajasthan-Royals,Gujarat-Titans,Seam,1
2425,1,18,Rajasthan Royals,Yashasvi Jaiswal,Kagiso Rabada,,13,3,0 WK,W,0,0,0,0,1,0,0,0,0,0,0,0,1,Bowled,WICKET,1,12.3,1,1,0,816011,-39.5,-164.0,0,0,,30,ANGLED ACROSS,15.0,LOFTED COVER DRIVE,0,0,3,12,126,2,Middle stump,Good Length,1,0,2,0,0,0,0,0,90.73584831699317,-7.636053903344732,8.340586848523273,-0.6374022733272936,2.089355507275885,,,,,,,6.767520130829328,0.06786213977470884,0.5841845340862407,90.84146613546523,None,None,None,0.476303100585938,0.5005874633789062,5.826674,-0.173568,,,,,,,-999.9,-999.9,-999.9,-8.84105,0.042435,0.491762,-11.24264818404755,-10.06011913586125,0.103151511704035,0.5915660302368136,0.6324356167519041,0.1202173242634129,-1.0,-1.0,NARENDRA-MODI-STADIUM-AHMEDABAD,-1.0,,L,R,R,Rajasthan-Royals,Gujarat-Titans,Seam,1
2425,1,18,Rajasthan Royals,Riyan Parag,Kagiso Rabada,,13,4,6,6,6,0,0,0,0,0,0,0,0,0,0,1,0,,,0,12.4,1,1,0,816012,179.5,-64.0,6,0,,39,ANGLED IN,40.0,FRONTFOOT FLICK,0,0,4,12,132,2,Off stump,Good Length,2,0,2,0,0,0,0,0,88.9437727705365,-7.944061642972359,8.340972927355093,-0.6227943794341927,2.088708855042055,,,,,,,6.968369690382986,0.1150793751811254,0.5632506863558028,82.97966543525789,Attacked,Played,None,0.486442565917969,0.4509658813476563,6.375797,-0.04209,,,,,,,-8.039277,0.146666,0.47634,-8.84092,0.183448,0.545797,-11.80428795495398,-10.05988787110985,0.2407137607461036,0.6400562424559971,0.7390460745977708,-0.7807779983913897,-1.0,-1.0,NARENDRA-MODI-STADIUM-AHMEDABAD,-1.0,,R,R,R,Rajasthan-Royals,Gujarat-Titans,Seam,1
2425,1,18,Rajasthan Royals,Riyan Parag,Kagiso Rabada,,13,5,2,2,2,0,1,0,0,0,0,0,0,0,0,0,0,,,0,12.5,1,1,0,816013,-51.5,-121.0,2,0,,39,ANGLED IN,44.0,GLIDE,0,0,5,12,134,2,Outside Off stump,Short of Good Length,0,0,2,0,0,0,0,0,90.55788572975143,-9.458320339864287,8.34091260004238,-0.7787304523904729,2.089830143558388,,,,,,,8.166111300982132,0.03866952905502986,0.6371729130838035,101.7089840570676,Attacked,Played,None,0.48248291015625,0.469482421875,7.657706,-0.513154,,,,,,,-8.835706,-0.337049,0.811515,-8.840772,-0.3369,0.812029,-12.52108775840999,-10.06013737659577,-0.3005517978552743,0.9294002212183915,0.6970848209486802,-0.3143002345060612,-1.0,-1.0,NARENDRA-MODI-STADIUM-AHMEDABAD,-1.0,,R,R,R,Rajasthan-Royals,Gujarat-Titans,Seam,1
2425,1,18,Rajasthan Royals,Riyan Parag,Kagiso Rabada,,13,6,0,0,0,0,0,0,1,0,0,0,0,0,0,0,0,,,0,12.6,1,1,0,816014,85.0,44.0,0,0,,39,ANGLED IN,97.0,BACKFOOT PUSH,0,0,6,12,134,2,Outside Off stump,Short of Good Length,0,0,2,0,0,0,0,0,88.62512549126068,-13.18512174013386,8.340552136716838,-0.6757847140888953,2.111734957213752,,,,,,,9.160669947805538,0.0832081819712513,0.5728991658323352,87.61405667772516,Defended,Played,None,0.497932434082031,0.4909629821777344,10.130769,-0.327435,,,,,,,-8.527807,0.130429,1.164785,-8.840865,0.147207,1.194556,-15.18582314054072,-10.05968393970639,0.2125126892097902,1.300300694620876,0.6409759438347163,0.2725076378451127,-1.0,-1.0,NARENDRA-MODI-STADIUM-AHMEDABAD,-1.0,,R,R,R,Rajasthan-Royals,Gujarat-Titans,Seam,1
2425,1,18,Rajasthan Royals,Dhruv Jurel,Prasidh Krishna,,14,1,1,1,1,1,0,0,0,0,0,0,0,0,0,0,0,,,0,13.1,1,1,0,816015,69.5,165.0,1,0,,39,ANGLED IN,11.0,LOFTED ON DRIVE,0,0,1,13,135,2,Leg stump,Full Length,1,0,2,0,0,0,0,0,84.10841816588973,-5.72004169758198,8.340505421723236,-0.6562153404288567,2.086145862490767,,,,,,,6.946629844418997,0.06551724298074807,0.6185854202847749,96.23608874464144,Attacked,Played,None,0.501136779785156,0.4695510864257813,4.079957,-0.151689,,,,,,,-8.116813,-0.051713,0.263484,-8.840462,-0.016817,0.337334,-10.91787906043577,-10.06032241525558,0.04326507308406741,0.4512145608364753,0.5563620947012812,0.3114576742544166,-1.0,-1.0,NARENDRA-MODI-STADIUM-AHMEDABAD,-1.0,,R,R,R,Rajasthan-Royals,Gujarat-Titans,Seam,1
2425,1,18,Rajasthan Royals,Riyan Parag,Prasidh Krishna,,14,2,0 WK,W,0,0,0,0,1,0,0,0,0,0,0,0,1,Caught,WICKET,1,13.2,1,1,0,816016,69.5,165.0,0,0,https://scores.bcci.tv/matchcentre/commentaryFiles/TATA-IPL-2026/Gujarat-Titans-VS-Rajasthan-Royals-(04-Apr-2026)/File_1-14-816016.png,39,ANGLED IN,27.0,FORWARD PUSH,0,0,2,13,135,3,Outside Off stump,Good Length,2,0,2,0,0,0,0,0,86.7846992854747,-7.178267300422309,8.34080447981135,-0.7434980640887047,2.06636558448727,,,,,,,7.565313996218435,0.07139366340812925,0.6355646506717344,98.19533125994724,None,None,None,0.490974426269531,0.4700546264648438,5.864098,-0.583317,,,,,,,-8.425544,-0.530108,0.518494,-8.840529,-0.524618,0.55995,-11.52993386510351,-10.05969112965594,-0.5081854983887916,0.6727944322905477,0.1673322164697388,-0.1299738444807521,-1.0,-1.0,NARENDRA-MODI-STADIUM-AHMEDABAD,-1.0,,R,R,R,Rajasthan-Royals,Gujarat-Titans,Seam,1
2425,1,18,Rajasthan Royals,Shimron Hetmyer,Prasidh Krishna,,14,3,0,0,0,0,0,0,1,0,0,0,0,0,0,0,0,,,0,13.3,1,1,0,816017,30.0,78.5,0,0,,39,ANGLED IN,27.0,FORWARD PUSH,0,0,3,13,135,3,Outside Off stump,Good Length,3,0,2,0,0,0,0,0,86.4837191790969,-7.517517911980325,8.340796411166782,0.933030536397843,2.050576422106882,,,,,,,7.11605480512969,0.03716806860070169,0.5894441942425301,94.69982227630936,Defended,Played,None,0.496513366699219,0.455108642578125,6.364819,0.364136,,,,,,,-7.883125,0.177896,0.478471,-8.84093,0.132879,0.56457,-11.81342646935697,-10.06006772766934,0.07414744326069078,0.6619980200778097,0.8222274876066528,-0.1619158041569346,-1.0,-1.0,NARENDRA-MODI-STADIUM-AHMEDABAD,-1.0,,L,R,R,Rajasthan-Royals,Gujarat-Titans,Seam,1
2425,1,18,Rajasthan Royals,Shimron Hetmyer,Prasidh Krishna,,14,4,1 (WD),1,0,0,0,0,0,1,1,0,0,0,0,0,0,,,0,13.4,1,1,1,816018,30.0,78.5,1,0,,36,BOUNCER,58.0,BACKFOOT PULL SHOT,1,0,4,13,136,3,Outside Off stump,Short Length,0,0,2,0,0,0,0,0,82.7645107796223,-15.87812794354624,8.340433840682543,0.869170297973629,1.963612983157937,,,,,,,10.74828358630354,0.06107763942603418,0.5246575595070441,82.5908699834532,Attacked,Missed,None,0.5196533203125,0.6075210571289062,12.24964,0.435241,,,,,,,-999.9,-999.9,-999.9,-8.840878,-0.416514,1.608056,-19.29997059838737,-10.06023436499787,-0.5257624271154688,1.698713459163875,-0.4130407221875272,0.3536160978921822,-1.0,-1.0,NARENDRA-MODI-STADIUM-AHMEDABAD,-1.0,,L,R,R,Rajasthan-Royals,Gujarat-Titans,Seam,1
2425,1,18,Rajasthan Royals,Shimron Hetmyer,Prasidh Krishna,,14,4,0,0,0,0,0,0,1,0,0,0,0,0,0,0,0,,,0,13.4,1,1,0,816019,64.0,52.5,0,0,,39,ANGLED IN,51.0,FRONTFOOT COVERDRIVE,0,0,5,13,136,3,Outside Off stump,Full Toss,0,0,2,0,0,0,0,0,88.19346011303814,-3.652871102403487,8.340944518654556,0.9056439313004353,2.079277796096022,,,,,,,6.639244164948192,0.1781772408380546,0.6500000000000006,89.68227591619463,Attacked,Played,None,0.475479125976562,0.4418106079101563,0.1285139999999991,0.312873,,,,,,,-8.049428,0.359466,0.310471,-8.840988,0.339408,0.183912,-9.654745259063588,-10.05996536302927,0.3098228180022978,0.01740632053116106,0.9295295757441419,0.0,-1.0,-1.0,NARENDRA-MODI-STADIUM-AHMEDABAD,-1.0,,L,R,R,Rajasthan-Royals,Gujarat-Titans,Seam,1
2425,1,18,Rajasthan Royals,Shimron Hetmyer,Prasidh Krishna,,14,5,6,6,6,0,0,0,0,0,0,0,0,0,0,1,0,,,0,13.5,1,1,0,816020,-157.0,-141.0,6,0,,36,BOUNCER,58.0,BACKFOOT PULL SHOT,1,0,6,13,142,3,Outside Off stump,Short Length,0,0,2,0,0,0,0,0,84.01005467880496,-14.07291910046879,8.340616515127365,0.9035490850562944,2.003185762367863,,,,,,,10.27446039373173,0.01003705332669961,0.595091239181509,98.2599805445564,Attacked,Played,None,0.538490295410156,0.478729248046875,11.228857,0.396023,,,,,,,-7.7295,0.055866,1.338836,-8.840543,0.015956,1.450324,-16.89274831385744,-10.06014037121787,-0.02688700664800701,1.554766585810367,-0.1705965601792727,1.866041831819517,-1.0,-1.0,NARENDRA-MODI-STADIUM-AHMEDABAD,-1.0,,L,R,R,Rajasthan-Royals,Gujarat-Titans,Seam,1
2425,1,18,Rajasthan Royals,Shimron Hetmyer,Prasidh Krishna,,14,6,6,6,6,0,0,0,0,0,0,0,0,0,0,1,0,,,0,13.6,1,1,0,816021,-225.0,-113.0,6,0,,39,ANGLED IN,40.0,FRONTFOOT FLICK,0,0,7,13,148,3,Outside Off stump,Short of Good Length,0,0,2,0,0,0,0,0,86.92215764863845,-10.0248900977889,8.34059072738495,0.9018228056018085,1.967279244983144,,,,,,,8.542588444611917,0.113934040790703,0.610073016619813,90.11754841390163,Attacked,Played,None,0.497360229492188,0.4666671752929688,8.929286,0.26932,,,,,,,-7.771878,-0.086474,0.863132,-8.840868,-0.149055,0.962766,-13.26852106317462,-10.06024939296177,-0.2225053161116071,1.061299714453092,0.09111959234691293,0.922793089960864,-1.0,-1.0,NARENDRA-MODI-STADIUM-AHMEDABAD,-1.0,,L,R,R,Rajasthan-Royals,Gujarat-Titans,Seam,1
2425,1,18,Rajasthan Royals,Dhruv Jurel,Rashid Khan,,15,1,1 (WD),1,0,0,0,0,0,1,1,0,0,0,0,0,0,,,0,14.1,1,1,1,816022,-225.0,-113.0,1,0,,24,LEG SPIN,54.0,LEG GLANCE,0,0,1,14,149,3,Outside Leg stump,Good Length,1,0,2,0,0,0,0,0,54.58546217769418,0.4673986484539802,8.340585157167997,-0.4822092372666694,1.876443942822425,,,,,,,10.77849966206763,0.2510695578391219,0.5908908230427631,73.52666767250227,None,None,None,0.794437408447266,0.8406944274902344,4.303841,0.021301,,,,,,,-999.9,-999.9,-999.9,-8.840936,0.212591,0.494304,-15.91830012596182,-10.06001509281749,0.2921693100413462,0.6039547357208241,0.2942552604120979,1.225084148812366,-1.0,-1.0,NARENDRA-MODI-STADIUM-AHMEDABAD,-1.0,,R,L,R,Rajasthan-Royals,Gujarat-Titans,Spin,1
2425,1,18,Rajasthan Royals,Dhruv Jurel,Rashid Khan,,15,1,6,6,6,0,0,0,0,0,0,0,0,0,0,1,0,,,0,14.1,1,1,0,816023,160.0,220.5,6,0,,24,LEG SPIN,94.0,STEP DOWN LOFTED ON DRIVE,0,0,2,14,155,3,Leg stump,Good Length,0,1,3,0,0,0,0,0,55.23091464389584,-0.6291127485498894,8.340922178237673,-0.5151398089163659,1.88462223633098,,,,,,,12.17408344793621,0.2807354090492835,0.6643525425187231,81.57934047288012,Attacked,Played,None,0.795375823974609,0.6620864868164062,5.077133,-0.198276,,,,,,,-6.802186,-0.128493,0.372783,-8.841,-0.046566,0.662911,-15.74056270971449,-10.06000075920723,0.004460213840750266,0.7760935557901775,-0.08290829769371504,0.8324911323502354,-1.0,-1.0,NARENDRA-MODI-STADIUM-AHMEDABAD,-1.0,,R,L,R,Rajasthan-Royals,Gujarat-Titans,Spin,1
2425,1,18,Rajasthan Royals,Dhruv Jurel,Rashid Khan,,15,2,1,1,1,1,0,0,0,0,0,0,0,0,0,0,0,,,0,14.2,1,1,0,816024,150.0,25.5,1,0,,24,LEG SPIN,97.0,BACKFOOT PUSH,0,0,3,14,156,3,Leg stump,Good Length,0,0,3,0,0,0,0,0,58.92794146524982,-3.176993187296964,8.340600555794829,-0.6100502353492983,1.889739892088562,,,,,,,10.36099959401033,0.2296507595946184,0.6164943468060905,79.50907606145174,Attacked,Played,None,0.753982543945312,0.714569091796875,6.514202,-0.051862,,,,,,,-8.506395,0.011471,0.674534,-8.840843,0.015322,0.697318,-14.97248376674156,-10.06013437191882,0.02882251869434074,0.7539378206076585,0.08643749057749554,-1.942927234697127,-1.0,-1.0,NARENDRA-MODI-STADIUM-AHMEDABAD,-1.0,,R,L,R,Rajasthan-Royals,Gujarat-Titans,Spin,1
2425,1,18,Rajasthan Royals,Shimron Hetmyer,Rashid Khan,,15,3,1,1,1,1,0,0,0,0,0,0,0,0,0,0,0,,,0,14.3,1,1,0,816025,-149.5,28.0,1,0,,24,LEG SPIN,97.0,BACKFOOT PUSH,0,0,4,14,157,3,Leg stump,Good Length,0,0,3,0,0,0,0,0,59.18706765051069,-2.43888890231489,8.34083627640846,-0.5982993706305394,1.903303177171212,,,,,,,9.726936131331879,0.2786779278865604,0.5713724209703186,67.83807035689175,Attacked,Played,None,0.74249267578125,0.7049560546875,5.760842,-0.138569,,,,,,,-8.434781,-0.146879,0.545004,-8.840913,-0.147741,0.574112,-14.86032639595535,-10.05980291785037,-0.150381734876227,0.6337804080298175,-0.09845780312458102,-2.139646654972904,-1.0,-1.0,NARENDRA-MODI-STADIUM-AHMEDABAD,-1.0,,L,R,R,Rajasthan-Royals,Gujarat-Titans,Spin,1
2425,1,18,Rajasthan Royals,Dhruv Jurel,Rashid Khan,,15,4,1,1,1,1,0,0,0,0,0,0,0,0,0,0,0,,,0,14.4,1,1,0,816026,-15.5,120.0,1,0,,24,LEG SPIN,97.0,BACKFOOT PUSH,0,0,5,14,158,3,Outside Off stump,Good Length,0,0,3,0,0,0,0,0,59.38837109795154,-2.788150235440713,8.340501039006792,-0.6475887422045573,1.880698031849609,,,,,,,10.13066804375238,0.19579467636551,0.6209329847688115,83.56048007877074,Attacked,Played,None,0.732524871826172,0.7167434692382812,6.128254,-0.328413,,,,,,,-8.856542,-0.351832,0.662284,-8.840618,-0.351752,0.66108,-14.7767522739839,-10.0598631653437,-0.3579833725781781,0.7343558556599681,0.1855171134034172,-1.843281425281835,-1.0,-1.0,NARENDRA-MODI-STADIUM-AHMEDABAD,-1.0,,R,L,R,Rajasthan-Royals,Gujarat-Titans,Spin,1
2425,1,18,Rajasthan Royals,Shimron Hetmyer,Rashid Khan,,15,5,1,1,1,1,0,0,0,0,0,0,0,0,0,0,0,,,0,14.5,1,1,0,816027,36.0,115.5,1,0,,24,LEG SPIN,27.0,FORWARD PUSH,0,0,6,14,159,3,Middle stump,Good Length,0,0,3,0,0,0,0,0,58.24643368912741,-1.144064658409031,8.340796598839908,-0.6039787186839588,1.935491772162911,,,,,,,10.84455934301949,0.2664700813096794,0.6113754192126303,75.0593047509266,Defended,Played,None,0.742389678955078,0.6628646850585938,4.89456,-0.011655,,,,,,,-7.563206,0.00884,0.415937,-8.841017,0.020248,0.573073,-15.45125059067216,-10.06019872320142,0.03147464587387293,0.6827372502548585,-0.2520368412198156,-1.900553783086615,-1.0,-1.0,NARENDRA-MODI-STADIUM-AHMEDABAD,-1.0,,L,R,R,Rajasthan-Royals,Gujarat-Titans,Spin,1
2425,1,18,Rajasthan Royals,Dhruv Jurel,Rashid Khan,,15,6,1,1,1,1,0,0,0,0,0,0,0,0,0,0,0,,,0,14.6,1,1,0,816028,-159.0,47.0,1,0,,24,LEG SPIN,52.0,BACKFOOT COVERDRIVE,0,0,7,14,160,3,Outside Off stump,Short of Good Length,0,0,3,0,0,0,0,0,58.36857508196019,-3.646241631093959,8.340628077223741,-0.7112374777521931,1.900543477631359,,,,,,,10.6199282452254,0.1988696276174441,0.6222998779363842,83.45801892871322,Attacked,Played,None,0.755813598632812,0.7643966674804688,7.005452,-0.821032,,,,,,,-9.299685,-1.119622,0.779769,-8.840664,-1.096111,0.756717,-15.34320927581094,-10.06007618165418,-1.159180712788899,0.8044735097329055,0.01026579145373824,-1.998878236104565,-1.0,-1.0,NARENDRA-MODI-STADIUM-AHMEDABAD,-1.0,,R,L,R,Rajasthan-Royals,Gujarat-Titans,Spin,1
2425,1,18,Rajasthan Royals,Dhruv Jurel,Ashok Sharma,,16,1,1,1,1,1,0,0,0,0,0,0,0,0,0,0,0,,,0,15.1,1,1,0,816029,-48.0,-125.0,1,0,,39,ANGLED IN,44.0,GLIDE,0,0,1,15,161,3,Outside Off stump,Short of Good Length,1,0,3,0,0,0,0,0,88.4610157365703,-10.17078162478682,8.341095215480916,-0.6716735238172165,1.891516281752977,,,,,,,7.757135865195961,0.05807586811378689,0.589555658785924,92.62576200650992,Attacked,Played,None,0.479976654052734,0.4969253540039063,9.164002,-0.427823,,,,,,,-9.068078,-0.226984,0.907829,-8.84086,-0.232791,0.890834,-12.74947577658494,-10.05986184574634,-0.2014791076841523,0.9756832208070477,0.3318946783212177,-0.3307831101035481,-1.0,-1.0,NARENDRA-MODI-STADIUM-AHMEDABAD,-1.0,,R,L,R,Rajasthan-Royals,Gujarat-Titans,Seam,1
2425,1,18,Rajasthan Royals,Shimron Hetmyer,Ashok Sharma,,16,2,4,4,4,0,0,0,0,0,0,0,0,0,1,0,0,,,0,15.2,1,1,0,816030,-232.0,93.5,4,0,,30,ANGLED ACROSS,40.0,FRONTFOOT FLICK,0,0,2,15,165,3,Off stump,Good Length,0,0,3,0,0,0,0,0,90.58097526958986,-8.863475367055088,8.340413292088463,-0.600351905050282,1.920386073316244,,,,,,,6.809057652829877,0.002300958341162632,0.5834080841369721,97.28111678642956,Attacked,Played,None,0.479690551757812,0.431854248046875,7.83292,-0.130788,,,,,,,-7.706434,0.138835,0.586958,-8.840828,0.198518,0.676447,-11.56016057259406,-10.0598481172596,0.2643040708408338,0.7602393017617297,0.6181122560720762,-0.194159549454328,-1.0,-1.0,NARENDRA-MODI-STADIUM-AHMEDABAD,-1.0,,L,R,R,Rajasthan-Royals,Gujarat-Titans,Seam,1
2425,1,18,Rajasthan Royals,Shimron Hetmyer,Ashok Sharma,,16,3,0 WK,W,0,0,0,0,1,0,0,0,0,0,0,0,1,Caught,WICKET,1,15.3,1,1,0,816031,-232.0,93.5,0,0,,30,ANGLED ACROSS,11.0,LOFTED ON DRIVE,0,0,3,15,165,4,Off stump,Full Length,1,0,3,0,0,0,0,0,89.92640985706862,-6.805614372275387,8.340771192379549,-0.605425062267705,1.908301756955201,,,,,,,6.084367779918145,0.05614575400381785,0.576573542847232,90.87145602670302,None,None,None,0.475799560546875,0.434051513671875,5.759948,0.002896,,,,,,,-7.88218,0.184507,0.360561,-8.840941,0.235538,0.435545,-10.31285411209536,-10.05996457580887,0.3020261408970254,0.5197845877123306,0.7991585852134618,-0.3755636657698014,-1.0,-1.0,NARENDRA-MODI-STADIUM-AHMEDABAD,-1.0,,L,R,R,Rajasthan-Royals,Gujarat-Titans,Seam,1
2425,1,18,Rajasthan Royals,Donovan Ferreira,Ashok Sharma,,16,4,0,0,0,0,0,0,1,0,0,0,0,0,0,0,0,,,0,15.4,1,1,0,816032,-42.0,58.5,0,0,,39,ANGLED IN,27.0,FORWARD PUSH,0,0,4,15,165,4,Outside Off stump,Full Length,2,0,3,0,0,0,0,0,93.70371759352975,-5.082756270977625,8.340686386090479,-0.6582758068248092,1.959589505200875,,,,,,,4.842911063386464,0.03128114133001574,0.531120448215109,86.53995309926478,Defended,Played,None,0.44403076171875,0.4327239990234375,2.553125,-0.218988,,,,,,,-8.793502,-0.177767,0.133638,-8.840895,-0.176228,0.13727,-8.997294710080304,-10.06017583343847,-0.1360996909295233,0.2255952868008723,0.8487088014572952,-0.223575192705063,-1.0,-1.0,NARENDRA-MODI-STADIUM-AHMEDABAD,-1.0,,R,R,R,Rajasthan-Royals,Gujarat-Titans,Seam,1
2425,1,18,Rajasthan Royals,Donovan Ferreira,Ashok Sharma,,16,5,1,1,1,1,0,0,0,0,0,0,0,0,0,0,0,,,0,15.5,1,1,0,816033,-11.5,167.5,1,0,,39,ANGLED IN,84.0,FRONTFOOT OFF DRIVE,0,0,5,15,166,4,Outside Off stump,Full Length,0,0,3,0,0,0,0,0,91.26190487461137,-5.278536403057247,8.340514056875001,-0.6951505541394934,1.937072718819421,,,,,,,5.688523314140716,0.1599858765886436,0.5809745135491634,81.14758937351014,Attacked,Played,None,0.464859008789062,0.4421539306640625,3.258702,-0.188472,,,,,,,-8.524641,-0.124435,0.183115,-8.84109,-0.112417,0.210458,-9.33130001108479,-10.05996573685622,-0.06533914423902408,0.308533497280737,0.03317895329299587,0.1574920389849206,-1.0,-1.0,NARENDRA-MODI-STADIUM-AHMEDABAD,-1.0,,R,R,R,Rajasthan-Royals,Gujarat-Titans,Seam,1
2425,1,18,Rajasthan Royals,Dhruv Jurel,Ashok Sharma,,16,6,0,0,0,0,0,0,1,0,0,0,0,0,0,0,0,,,0,15.6,1,1,0,816034,60.5,21.0,0,0,,39,ANGLED IN,40.0,FRONTFOOT FLICK,0,0,6,15,166,4,Outside Off stump,Full Length,0,0,3,0,0,0,0,0,95.69473460218549,-5.469434033238508,8.340654974011652,-0.6689666852666181,1.980751650184144,,,,,,,6.529687123372335,0.08018927102885405,0.7033824077992615,107.4884340670038,Defended,Played,None,0.440517425537109,0.4287643432617188,2.89661,-0.231619,,,,,,,-8.760754,-0.177892,0.205926,-8.840998,-0.175145,0.21437,-9.044427871111267,-10.06010673342155,-0.1328332093405789,0.3377789963878326,0.2579942276461428,0.144449472927032,-1.0,-1.0,NARENDRA-MODI-STADIUM-AHMEDABAD,-1.0,,R,R,R,Rajasthan-Royals,Gujarat-Titans,Seam,1
2425,1,18,Rajasthan Royals,Donovan Ferreira,Kagiso Rabada,,17,1,0 WK,W,0,0,0,0,1,0,0,0,0,0,0,0,1,Caught,WICKET,1,16.1,1,1,0,816035,60.5,21.0,0,0,,39,ANGLED IN,58.0,BACKFOOT PULL SHOT,0,0,1,16,166,5,Outside Off stump,Short of Good Length,1,0,3,0,0,0,0,0,90.15806697212484,-11.56766258410141,8.34082529456952,-0.6639823815209521,2.149437138133223,,,,,,,9.594200210308982,0.08652067244995258,0.6408670169719589,97.4779853007986,None,None,None,0.499076843261719,0.4554977416992188,9.117742,-0.436529,,,,,,,-7.918591,-0.263452,1.061509,-8.840624,-0.238411,1.171791,-14.26696693451797,-10.06009485923843,-0.2043979831962322,1.305595666835679,0.551881246776568,-0.3727524971022813,-1.0,-1.0,NARENDRA-MODI-STADIUM-AHMEDABAD,-1.0,,R,R,R,Rajasthan-Royals,Gujarat-Titans,Seam,1
2425,1,18,Rajasthan Royals,Ravindra Jadeja,Kagiso Rabada,,17,2,1,1,1,1,0,0,0,0,0,0,0,0,0,0,0,,,0,16.2,1,1,0,816036,-112.5,73.5,1,0,,39,ANGLED IN,27.0,FORWARD PUSH,0,0,2,16,167,5,Outside Off stump,Good Length,2,0,3,0,0,0,0,0,89.27120004697434,-8.823805950889144,8.340379310305678,0.8491727444505242,2.123966736757031,,,,,,,7.6540659941258,0.1100902354402213,0.5932300327812567,87.97548137316639,Attacked,Played,None,0.49127197265625,0.4601669311523438,7.101736,0.433054,,,,,,,-8.298704,0.211093,0.651492,-8.840898,0.187025,0.702184,-12.28986944513467,-10.06011360088815,0.1317549587110602,0.8062124554674662,0.2393450112257431,-0.2620389646319704,-1.0,-1.0,NARENDRA-MODI-STADIUM-AHMEDABAD,-1.0,,L,R,R,Rajasthan-Royals,Gujarat-Titans,Seam,1
2425,1,18,Rajasthan Royals,Dhruv Jurel,Kagiso Rabada,,17,3,6,6,6,0,0,0,0,0,0,0,0,0,0,1,0,,,0,16.3,1,1,0,816037,65.0,218.5,6,0,,39,ANGLED IN,11.0,LOFTED ON DRIVE,0,0,3,16,173,5,Off stump,Good Length,0,0,3,0,0,0,0,0,88.70929879711717,-6.749953640734378,8.340715084848771,-0.5998566219574228,2.11763906473768,,,,,,,7.437339083158381,0.1593635944891373,0.653651028731749,92.11129486084862,Attacked,Played,None,0.481819152832031,0.450531005859375,4.69996,-0.255545,,,,,,,-8.338964,-0.162274,0.388703,-8.840872,-0.145946,0.442767,-10.74396347374702,-10.0600686465297,-0.1054973680944498,0.5654505077714387,0.9010187507840831,-0.1747860398385673,-1.0,-1.0,NARENDRA-MODI-STADIUM-AHMEDABAD,-1.0,,R,L,R,Rajasthan-Royals,Gujarat-Titans,Seam,1
2425,1,18,Rajasthan Royals,Dhruv Jurel,Kagiso Rabada,,17,4,1 (WD),1,0,0,0,0,0,1,1,0,0,0,0,0,0,,,0,16.4,1,1,1,816038,65.0,218.5,1,0,,36,BOUNCER,31.0,UPPER CUT,1,0,4,16,174,5,Outside Off stump,Short Length,0,0,3,0,0,0,0,0,75.37243233886092,-19.76114903174987,8.340568341822248,-0.733796539583978,2.062620215964267,,,,,,,13.1303066707129,0.003080764969432094,0.540202470328299,90.72229405230165,None,None,None,0.636611938476562,0.6712989807128906,13.223836,-0.745006,,,,,,,-999.9,-999.9,-999.9,-8.840783,-0.400881,2.077142,-23.31075588084043,-10.05997075856133,-0.3407054595184019,2.169016864918939,-0.4629065715272256,1.190659030953273,-1.0,-1.0,NARENDRA-MODI-STADIUM-AHMEDABAD,-1.0,,R,L,R,Rajasthan-Royals,Gujarat-Titans,Seam,1
2425,1,18,Rajasthan Royals,Dhruv Jurel,Kagiso Rabada,,17,4,2,2,2,0,1,0,0,0,0,0,0,0,0,0,0,,,0,16.4,1,1,0,816039,150.0,-27.5,2,0,,39,ANGLED IN,40.0,FRONTFOOT FLICK,0,0,5,16,176,5,Leg stump,Full Length,0,0,3,0,0,0,0,0,88.09999999999994,-6.153939118034255,8.340466929616927,-0.6516390266033996,2.097941911109031,,,,,,,7.270016390054639,0.175452589857435,0.6564616039446154,90.92398160594881,Attacked,Played,None,0.478912353515625,0.4522476196289063,4.057871,-0.104246,,,,,,,-8.341952,-0.013359,0.311143,-8.840602,0.00662,0.365396,-10.42690430600081,-10.05965674962008,0.05642222188098425,0.4893886770022015,0.9524679976683004,-0.5155820515691366,-1.0,-1.0,NARENDRA-MODI-STADIUM-AHMEDABAD,-1.0,,R,L,R,Rajasthan-Royals,Gujarat-Titans,Seam,1
2425,1,18,Rajasthan Royals,Dhruv Jurel,Kagiso Rabada,,17,5,1,1,1,1,0,0,0,0,0,0,0,0,0,0,0,,,0,16.5,1,1,0,816040,162.0,28.0,1,0,,39,ANGLED IN,40.0,FRONTFOOT FLICK,0,0,6,16,177,5,Middle stump,Full Length,0,0,3,0,0,0,0,0,90.44836626606455,-6.001011594112797,8.340677860038099,-0.6402715219027241,2.107512490698153,,,,,,,6.156443492684524,0.1239518385814352,0.5775938414765067,84.24389236333249,Attacked,Played,None,0.470672607421875,0.4462165832519531,3.664724,-0.145843,,,,,,,-8.435506,-0.071937,0.238686,-8.841023,-0.056859,0.276038,-10.21640234506073,-10.06031891065236,-0.0107058801370688,0.3805692726052171,0.9760963637822266,-0.4034731156584466,-1.0,-1.0,NARENDRA-MODI-STADIUM-AHMEDABAD,-1.0,,R,L,R,Rajasthan-Royals,Gujarat-Titans,Seam,1
2425,1,18,Rajasthan Royals,Ravindra Jadeja,Kagiso Rabada,,17,6,0,0,0,0,0,0,1,0,0,0,0,0,0,0,0,,,0,16.6,1,1,0,816041,162.0,28.0,0,0,,39,ANGLED IN,5.0,LOFTED OFF DRIVE,0,0,7,16,177,5,Outside Off stump,Good Length,0,0,3,0,0,0,0,0,90.52999,-6.001011594112797,8.340677860038099,-0.7391803019655554,2.107512490698153,,,,,,,6.156443492684524,0.1239518385814352,0.5775938414765067,84.24389236333249,Attacked,Missed,None,0.470672607421875,0.4462165832519531,3.664724,-0.145843,,,,,,,-999.9,-999.9,-999.9,-8.841023,-0.056859,0.276038,-10.21640234506073,-10.06031891065236,-0.0107058801370688,0.3805692726052171,0.2475518117654559,-0.4034731156584466,-1.0,-1.0,NARENDRA-MODI-STADIUM-AHMEDABAD,-1.0,,L,R,R,Rajasthan-Royals,Gujarat-Titans,Seam,1
2425,1,18,Rajasthan Royals,Dhruv Jurel,Ashok Sharma,,18,1,6,6,6,0,0,0,0,0,0,0,0,0,0,1,0,,,0,17.1,1,1,0,816042,206.5,8.5,6,0,,39,ANGLED IN,18.0,SLOG SHOT,0,0,1,17,183,5,Outside Off stump,Good Length,1,0,3,0,0,0,0,0,93.37548530595471,-8.760672894825081,8.340755896397553,-0.7163876169458812,1.929229719751278,,,,,,,7.5840656613327,0.03113504138995202,0.6714132469174184,107.5984828986176,Attacked,Played,None,0.466552734375,0.4311790466308594,7.48003,-0.381998,,,,,,,-8.137114,-0.151481,0.68004,-8.841004,-0.1188,0.74902,-11.10215679575941,-10.06034758432083,-0.06007342692744657,0.8595398667034443,-0.0829225544781436,0.4401056172262082,-1.0,-1.0,NARENDRA-MODI-STADIUM-AHMEDABAD,-1.0,,R,L,R,Rajasthan-Royals,Gujarat-Titans,Seam,1
2425,1,18,Rajasthan Royals,Dhruv Jurel,Ashok Sharma,,18,2,1,1,1,1,0,0,0,0,0,0,0,0,0,0,0,,,0,17.2,1,1,0,816043,-170.5,12.5,1,0,,47,SLOWER BALL,36.0,CUT SHOT,0,0,2,17,184,5,Outside Off stump,Good Length,0,0,3,0,0,0,0,0,63.96877067578237,-4.594101569586817,8.34049076457486,-0.6921593997687148,1.950077706927508,,,,,,,9.03232208326098,0.1321602727405951,0.562422808606329,81.14739401688983,Attacked,Played,None,0.683853149414062,0.676300048828125,7.071943,-0.743899,,,,,,,-9.052253,-0.610416,0.693337,-8.840708,-0.615394,0.681494,-14.95012100886281,-10.06013743652826,-0.5863378891106098,0.7363236769659235,-0.7123719722583348,1.810778637154183,-1.0,-1.0,NARENDRA-MODI-STADIUM-AHMEDABAD,-1.0,,R,L,R,Rajasthan-Royals,Gujarat-Titans,Seam,1
2425,1,18,Rajasthan Royals,Ravindra Jadeja,Ashok Sharma,,18,3,1,1,1,1,0,0,0,0,0,0,0,0,0,0,0,,,0,17.3,1,1,0,816044,150.5,-18.5,1,0,,39,ANGLED IN,36.0,CUT SHOT,0,0,3,17,185,5,Wide outside Off stump,Short of Good Length,0,0,3,0,0,0,0,0,88.15742540911899,-12.31134747154954,8.34100765969242,0.7312434451893215,1.890300834581824,,,,,,,9.043275636881248,0.06381916097414814,0.5851592599439291,91.39197289417457,Attacked,Played,None,0.493789672851562,0.51251220703125,10.622952,0.808534,,,,,,,-9.094238,1.057173,1.238768,-8.840533,1.049886,1.216946,-14.8234846346039,-10.05989571625097,1.085350913832216,1.31519867220594,-0.1369721419883431,0.824430857523238,-1.0,-1.0,NARENDRA-MODI-STADIUM-AHMEDABAD,-1.0,,L,R,R,Rajasthan-Royals,Gujarat-Titans,Seam,1
2425,1,18,Rajasthan Royals,Dhruv Jurel,Ashok Sharma,,18,4,1 (WD),1,0,0,0,0,0,1,1,0,0,0,0,0,0,,,0,17.4,1,1,1,816045,150.5,-18.5,1,0,,38,STRAIGHT BALL,105.0,LEFT ALONE,0,0,4,17,186,5,Wide outside Off stump,Full Length,0,0,3,0,0,0,0,0,68.6393928785821,-0.8284497274373134,8.340917523150928,-0.6342762281884653,1.969250133281293,,,,,,,9.238640409547964,0.1241497721329668,0.6192785165396543,90.47680026765147,None,None,None,0.616298675537109,0.6493148803710938,2.940332,-1.069919,,,,,,,-999.9,-999.9,-999.9,-8.840885,-1.099112,0.28897,-14.01588394748185,-10.05974111047115,-1.120455665010825,0.4495425405645636,-0.9892540333982461,1.180631849887458,-1.0,-1.0,NARENDRA-MODI-STADIUM-AHMEDABAD,-1.0,,R,L,R,Rajasthan-Royals,Gujarat-Titans,Seam,1
2425,1,18,Rajasthan Royals,Dhruv Jurel,Ashok Sharma,,18,4,2,2,2,0,1,0,0,0,0,0,0,0,0,0,0,,,0,17.4,1,1,0,816046,134.0,80.5,2,0,,39,ANGLED IN,97.0,BACKFOOT PUSH,0,0,5,17,188,5,Outside Off stump,Good Length,0,0,3,0,0,0,0,0,92.39467974786938,-8.053693557703484,8.340772629479194,-0.6724809069213499,1.937438467167099,,,,,,,7.169799265428466,0.03264685660041942,0.6504077500906134,104.2964768535501,Attacked,Played,None,0.467765808105469,0.4491119384765625,6.824245,-0.30917,,,,,,,-8.625568,-0.089503,0.614657,-8.840899,-0.080925,0.63428,-10.83294705254221,-10.05970662063029,-0.03274629644312621,0.738433375844266,0.2075511516688283,0.4689826127935178,-1.0,-1.0,NARENDRA-MODI-STADIUM-AHMEDABAD,-1.0,,R,L,R,Rajasthan-Royals,Gujarat-Titans,Seam,1
2425,1,18,Rajasthan Royals,Dhruv Jurel,Ashok Sharma,,18,5,1,1,1,1,0,0,0,0,0,0,0,0,0,0,0,,,0,17.5,1,1,0,816047,-55.0,-117.5,1,0,,8,OFF CUTTER,44.0,GLIDE,0,0,6,17,189,5,Outside Off stump,Good Length,0,0,3,0,0,0,0,0,64.93666847325936,-3.907581239044303,8.3405794927899,-0.6807811955894849,1.907317942125537,,,,,,,9.011359417923098,0.1865780727822428,0.5604469673269593,75.40923782081961,Defended,Played,None,0.676437377929688,0.6875381469726562,6.711128,-0.625386,,,,,,,-9.443876,-0.466237,0.688553,-8.841032,-0.485112,0.65433,-14.64802678435256,-10.05988179842516,-0.446133244226771,0.7152234167166979,-0.5299983790697521,1.20556510294688,-1.0,-1.0,NARENDRA-MODI-STADIUM-AHMEDABAD,-1.0,,R,L,R,Rajasthan-Royals,Gujarat-Titans,Seam,1
2425,1,18,Rajasthan Royals,Ravindra Jadeja,Ashok Sharma,,18,6,1 (WD),1,0,0,0,0,0,1,1,0,0,0,0,0,0,,,0,17.6,1,1,1,816048,-55.0,-117.5,1,0,,39,ANGLED IN,105.0,LEFT ALONE,0,0,7,17,190,5,Outside Leg stump,Full Length,0,0,3,0,0,0,0,0,62.40248853057717,-0.5941718392416995,8.340877091453088,0.9530260362682281,1.97380497757536,,,,,,,10.954042066477,0.1727325484077735,0.6670205046037155,92.77982084977998,None,None,None,0.685695648193359,0.7244110107421875,3.716354,-0.294947,,,,,,,-999.9,-999.9,-999.9,-8.840688,-0.459779,0.457892,-15.02389571010826,-10.06009108721989,-0.5437237160250801,0.6273541961450406,-0.6888933291758763,1.541668768584256,-1.0,-1.0,NARENDRA-MODI-STADIUM-AHMEDABAD,-1.0,,L,R,R,Rajasthan-Royals,Gujarat-Titans,Seam,1
2425,1,18,Rajasthan Royals,Ravindra Jadeja,Ashok Sharma,,18,6,0,0,0,0,0,0,1,0,0,0,0,0,0,0,0,,,0,17.6,1,1,0,816049,-55.0,-117.5,0,0,,39,ANGLED IN,36.0,CUT SHOT,0,0,8,17,190,5,Wide outside Off stump,Short of Good Length,0,0,3,0,0,0,0,0,87.7289592621256,-9.434673486307613,8.340658944559433,0.8860648312097876,1.896841303694141,,,,,,,9.375623338255457,0.1243237652572205,0.6998749487444961,102.5488657859524,Attacked,Missed,None,0.487174987792969,0.5402069091796875,8.728012,0.667312,,,,,,,-999.9,-999.9,-999.9,-8.84092,0.628283,1.063839,-12.66791249668118,-10.06027798356797,0.6212615999218586,1.188581475047591,-0.07984216609413784,1.062691564311227,-1.0,-1.0,NARENDRA-MODI-STADIUM-AHMEDABAD,-1.0,,L,R,R,Rajasthan-Royals,Gujarat-Titans,Seam,1
2425,1,18,Rajasthan Royals,Dhruv Jurel,Prasidh Krishna,,19,1,2,2,2,0,1,0,0,0,0,0,0,0,0,0,0,,,0,18.1,1,1,0,816050,166.0,47.5,2,0,,39,ANGLED IN,40.0,FRONTFOOT FLICK,0,0,1,18,192,5,Off stump,Full Length,1,0,3,0,0,0,0,0,85.90437331938246,-4.570226608758781,8.340676289141886,-0.786566570817102,2.093112660181471,,,,,,,7.161076364428327,0.16472977078569,0.6499999999999999,91.02702292143098,Attacked,Played,None,0.493995666503906,0.4733734130859375,2.510134,-0.107977,,,,,,,-999.9,-999.9,-999.9,-8.841166,-0.03575,0.19875,-10.4051133157503,-10.06028229913008,0.03247742878012348,0.3301924100710394,1.100114732207071,0.1763914516864789,-1.0,-1.0,NARENDRA-MODI-STADIUM-AHMEDABAD,-1.0,,R,L,R,Rajasthan-Royals,Gujarat-Titans,Seam,1
2425,1,18,Rajasthan Royals,Dhruv Jurel,Prasidh Krishna,,19,2,1,1,1,1,0,0,0,0,0,0,0,0,0,0,0,,,0,18.2,1,1,0,816051,145.5,69.0,1,0,,39,ANGLED IN,18.0,SLOG SHOT,0,0,2,18,193,5,Off stump,Full Toss,0,0,3,0,0,0,0,0,87.06524891066455,-2.962412786547437,8.341213420450067,-0.7896159515784165,2.10599286682299,,,,,,,6.526738966702876,0.1813832168411335,0.6499999999999998,89.36167831588662,Attacked,Played,None,0.482734680175781,0.4531631469726563,-1.248441,-0.062514,,,,,,,-8.267145,-0.187159,0.50712,-8.840581,-0.164032,0.422226,-9.492733717311326,-10.0596158465564,-0.1142931138880277,0.2342952617439337,0.5195384394532976,0.0,-1.0,-1.0,NARENDRA-MODI-STADIUM-AHMEDABAD,-1.0,,R,L,R,Rajasthan-Royals,Gujarat-Titans,Seam,1
2425,1,18,Rajasthan Royals,Ravindra Jadeja,Prasidh Krishna,,19,3,1,1,1,1,0,0,0,0,0,0,0,0,0,0,0,,,0,18.3,1,1,0,816052,-160.0,5.5,1,0,,39,ANGLED IN,40.0,FRONTFOOT FLICK,0,0,3,18,194,5,Outside Leg stump,Full Toss,0,0,3,0,0,0,0,0,86.85877550191343,-3.386082245608971,8.34060224773263,0.978547726179341,2.101792301143513,,,,,,,6.747196096100106,0.1755904030209746,0.6500000000000008,89.94095969790267,Attacked,Played,None,0.485092163085938,0.453369140625,-0.2846069999999994,-0.37612,,,,,,,-8.228885,-0.241613,0.351281,-8.840967,-0.281097,0.253436,-9.810123094669947,-10.06013513190599,-0.3583610868369601,0.05055923348806328,1.083833644586766,0.0,-1.0,-1.0,NARENDRA-MODI-STADIUM-AHMEDABAD,-1.0,,L,R,R,Rajasthan-Royals,Gujarat-Titans,Seam,1
2425,1,18,Rajasthan Royals,Dhruv Jurel,Prasidh Krishna,,19,4,6,6,6,0,0,0,0,0,0,0,0,0,0,1,0,,,0,18.4,1,1,0,816053,146.5,177.5,6,0,,39,ANGLED IN,11.0,LOFTED ON DRIVE,0,0,4,18,200,5,Off stump,Full Length,0,1,4,0,0,0,1,0,87.41221663582456,-7.021915749750875,8.340400958723134,-0.7613424231118182,2.045386590332649,,,,,,,6.808115359867753,0.1557618750111812,0.5627212894983653,78.83200592363667,Attacked,Played,None,0.491958618164062,0.4558868408203125,5.82056,-0.154072,,,,,,,-7.982897,0.035429,0.416754,-8.841112,0.081154,0.490494,-11.41017167484078,-10.0602465313724,0.1477023908969046,0.582976230472159,0.7485886528326785,-0.370657928435124,-1.0,-1.0,NARENDRA-MODI-STADIUM-AHMEDABAD,-1.0,,R,L,R,Rajasthan-Royals,Gujarat-Titans,Seam,1
2425,1,18,Rajasthan Royals,Dhruv Jurel,Prasidh Krishna,,19,5,1,1,1,1,0,0,0,0,0,0,0,0,0,0,0,,,0,18.5,1,1,0,816054,-96.5,49.5,1,0,,39,ANGLED IN,97.0,BACKFOOT PUSH,0,0,5,18,201,5,Outside Off stump,Full Length,0,0,4,0,0,0,0,0,86.97510513926797,-4.537668426822683,8.340557108684955,-0.7572455978567436,2.071972714647045,,,,,,,8.06675647238526,0.4267496547669772,0.6927690834147476,71.24039703551443,Attacked,Played,None,0.484359741210938,0.4791297912597656,2.172517,-0.281695,,,,,,,-8.932877,-0.24368,0.169555,-8.840893,-0.247062,0.157332,-10.1090526060812,-10.05986256235808,-0.2016373691487603,0.3128010890924741,1.255695098886122,-0.2836013352856245,-1.0,-1.0,NARENDRA-MODI-STADIUM-AHMEDABAD,-1.0,,R,L,R,Rajasthan-Royals,Gujarat-Titans,Seam,1
2425,1,18,Rajasthan Royals,Ravindra Jadeja,Prasidh Krishna,,19,6,0,0,0,0,0,0,1,0,0,0,0,0,0,0,0,,,0,18.6,1,1,0,816055,-96.5,49.5,0,0,,39,ANGLED IN,18.0,SLOG SHOT,0,0,6,18,201,5,Leg stump,Good Length,0,0,4,0,0,0,0,0,87.16635254784156,-7.19997463747972,8.340373623859566,0.9334208686851702,2.0736320853168,,,,,,,7.954938427629732,0.175755425739727,0.6436709520189106,88.9751002288639,Attacked,Missed,None,0.494842529296875,0.4734420776367188,5.883661,-0.126304,,,,,,,-8.436737,-0.544193,0.554034,-8.840836,-0.584566,0.596258,-11.54097044805966,-10.06027322208812,-0.7071707242912724,0.7141228703523141,-0.4543796724879757,-0.4347330715488661,-1.0,-1.0,NARENDRA-MODI-STADIUM-AHMEDABAD,-1.0,,L,R,R,Rajasthan-Royals,Gujarat-Titans,Seam,1
2425,1,18,Rajasthan Royals,Dhruv Jurel,Mohammed Siraj,,20,1,4,4,4,0,0,0,0,0,0,0,0,0,1,0,0,,,0,19.1,1,1,0,816056,158.0,170.5,4,0,,39,ANGLED IN,47.0,FRONTFOOT ON DRIVE,0,0,1,19,205,5,Outside Off stump,Full Length,1,0,4,0,0,0,0,0,85.74592223717558,-4.450473057606263,8.341002156257211,-0.7024611550018356,1.930447996587377,,,,,,,6.20115582277851,0.09127560634551424,0.5933645167768963,89.87711688198301,Attacked,Played,None,0.494682312011719,0.4726982116699219,3.216597,-0.253121,,,,,,,-8.592568,-0.212445,0.20393,-8.841103,-0.206543,0.227312,-10.11353576708769,-10.06026485141602,-0.1771272322188792,0.3343543817477227,-0.6562091337007159,-0.03893449331777741,-1.0,-1.0,NARENDRA-MODI-STADIUM-AHMEDABAD,-1.0,,R,L,R,Rajasthan-Royals,Gujarat-Titans,Seam,1
2425,1,18,Rajasthan Royals,Dhruv Jurel,Mohammed Siraj,,20,2,0,0,0,0,0,0,1,0,0,0,0,0,0,0,0,,,0,19.2,1,1,0,816057,158.0,170.5,0,0,,36,BOUNCER,31.0,UPPER CUT,1,0,2,19,205,5,Outside Off stump,Short Length,0,0,4,0,0,0,0,0,70.53127438485379,-17.19243601619526,8.340519167647315,-0.8316296282509591,1.888711618345057,,,,,,,14.87428239681087,0.1935378184556361,0.5356111692155492,70.98789353676877,Attacked,Missed,None,0.609283447265625,0.8015899658203125,13.346613,-0.832343,,,,,,,-999.9,-999.9,-999.9,-8.840654,-0.66431,1.915664,-23.37213371801369,-10.06017110283613,-0.6439338527538465,1.889914422479132,0.2752334776647327,0.5452269507791592,-1.0,-1.0,NARENDRA-MODI-STADIUM-AHMEDABAD,-1.0,,R,L,R,Rajasthan-Royals,Gujarat-Titans,Seam,1
2425,1,18,Rajasthan Royals,Dhruv Jurel,Mohammed Siraj,,20,3,0 WK,W,0,0,0,0,1,0,0,0,0,0,0,0,1,Caught,WICKET,1,19.3,1,1,0,816058,158.0,170.5,0,0,,36,BOUNCER,31.0,UPPER CUT,1,0,3,19,205,6,Outside Off stump,Short Length,1,0,4,0,0,0,0,0,72.62444442378755,-17.51431170396713,8.340725706345754,-0.8622188690027599,1.806753875613022,,,,,,,12.727442243614,0.003956172598911032,0.5524577161705243,92.47304016568755,None,None,None,0.624092102050781,0.6295394897460938,13.434043,-0.850881,,,,,,,-9.580096,-0.485647,2.136678,-8.841024,-0.519064,2.074738,-22.18440950603551,-10.06016240674639,-0.4628576672300441,2.171552336134156,0.4018864063626256,0.4796316913811903,-1.0,-1.0,NARENDRA-MODI-STADIUM-AHMEDABAD,-1.0,,R,L,R,Rajasthan-Royals,Gujarat-Titans,Seam,1
2425,1,18,Rajasthan Royals,Jofra Archer,Mohammed Siraj,,20,4,0,0,0,0,0,0,1,0,0,0,0,0,0,0,0,,,0,19.4,1,1,0,816059,-10.5,57.5,0,0,,39,ANGLED IN,97.0,BACKFOOT PUSH,0,0,4,19,205,6,Leg stump,Full Length,2,0,4,0,0,0,0,0,84.49734069365368,-3.544272478717347,8.341230014342692,-0.6445575584290156,1.944037718925291,,,,,,,7.156696318167795,0.07921717398217851,0.6841601434177446,104.7023041144438,Defended,Played,None,0.497543334960938,0.484222412109375,2.078804,-0.086658,,,,,,,-8.781183,-0.060553,0.129231,-8.841057,-0.058581,0.136372,-10.15360668306923,-10.06020191074868,-0.01789771249087006,0.2755149468512658,-1.300527838126161,0.5872640190306807,-1.0,-1.0,NARENDRA-MODI-STADIUM-AHMEDABAD,-1.0,,R,L,R,Rajasthan-Royals,Gujarat-Titans,Seam,1
2425,1,18,Rajasthan Royals,Jofra Archer,Mohammed Siraj,,20,5,1,1,1,1,0,0,0,0,0,0,0,0,0,0,0,,,0,19.5,1,1,0,816060,76.5,-48.0,1,0,,39,ANGLED IN,97.0,BACKFOOT PUSH,0,0,5,19,206,6,Leg stump,Full Length,0,0,4,0,0,0,0,0,85.31124683886904,-3.653215778033203,8.340397283885931,-0.6787828224975858,1.921611529092162,,,,,,,5.826886422031626,0.008940634902472756,0.5893618888160166,97.51021983215522,Attacked,Edged,None,0.490791320800781,0.4772415161132813,2.046215999999999,-0.068415,,,,,,,-8.720048,-0.041411,0.108218,-8.840731,-0.036758,0.119841,-9.797063443449439,-10.06021979557368,0.01091371876917796,0.230836601977758,-0.903133693606675,0.5176185514947108,-1.0,-1.0,NARENDRA-MODI-STADIUM-AHMEDABAD,-1.0,,R,L,R,Rajasthan-Royals,Gujarat-Titans,Seam,1
2425,1,18,Rajasthan Royals,Ravindra Jadeja,Mohammed Siraj,,20,6,4,4,4,0,0,0,0,0,0,0,0,0,1,0,0,,,0,19.6,1,1,0,816061,-244.5,63.5,4,0,,30,ANGLED ACROSS,18.0,SLOG SHOT,0,0,6,19,210,6,Middle stump,Full Toss,0,0,4,0,0,0,0,0,85.01301863477916,-1.55934283342158,8.34068482170813,-0.5712507869515276,1.958298440223832,,,,,,,6.57770809722126,0.1798666087596947,0.6499999999999998,89.5133391240305,Attacked,Played,None,0.4925537109375,0.4597434997558594,-2.347972,0.252323,,,,,,,-8.129926,0.129267,0.678675,-8.841168,0.151639,0.581301,-9.566141149748557,-10.06001758486101,0.1882369799810155,0.4052395236440607,-1.510334722456369,0.0,-1.0,-1.0,NARENDRA-MODI-STADIUM-AHMEDABAD,-1.0,,L,R,R,Rajasthan-Royals,Gujarat-Titans,Seam,1
2425,2,35,Gujarat Titans,Sai Sudharsan,Jofra Archer,,1,1,5 (WD),5,0,0,0,0,0,5,1,0,0,0,1,0,0,,,0,0.1,1,1,1,816062,,,5,0,,25,OFF SPIN,40.0,FRONTFOOT FLICK,0,0,1,0,5,0,Outside Leg stump,Full Length,1,0,0,0,0,0,0,0,89.93949340340414,-7.196347998779848,8.34040847389372,-0.3481734700057826,2.19889414157512,,,,,,,7.727874492042468,0.07991795041480393,0.6686354652549676,102.3035247467648,None,None,None,0.475318908691406,0.4973373413085938,4.870145,-0.45977,,,,,,,-999.9,-999.9,-999.9,-8.840618,-0.560274,0.484579,-11.1765436713762,-10.05975864706083,-0.5956608036292745,0.6157669410526097,-1.395542337463995,-0.3126694913759788,-1.0,-1.0,NARENDRA-MODI-STADIUM-AHMEDABAD,-1.0,,L,R,R,Gujarat-Titans,Rajasthan-Royals,Seam,1
2425,2,35,Gujarat Titans,Sai Sudharsan,Jofra Archer,,1,1,0,0,0,0,0,0,1,0,0,0,0,0,0,0,0,,,0,0.1,1,1,0,816063,39.5,74.0,0,0,,41,INSWINGER,84.0,FRONTFOOT OFF DRIVE,0,0,2,0,5,0,Off stump,Full Length,0,0,0,0,0,0,0,0,91.61778401174384,-6.661449591703527,8.340453749850042,-0.3410852300451254,2.197087731147438,,,,,,,6.78840500899538,0.107336465203361,0.6150217867045662,91.51962148534882,Defended,Played,None,0.466117858886719,0.4349784851074219,4.000325,0.098792,,,,,,,-8.202967,0.171408,0.273207,-8.841129,0.19368,0.33888,-10.60622499771736,-10.05992712074289,0.2370977150480099,0.4559173936101298,0.04955140400203075,0.1230553792336651,-1.0,-1.0,NARENDRA-MODI-STADIUM-AHMEDABAD,-1.0,,L,R,R,Gujarat-Titans,Rajasthan-Royals,Seam,1
2425,2,35,Gujarat Titans,Sai Sudharsan,Jofra Archer,,1,2,6,6,6,0,0,0,0,0,0,0,0,0,0,1,0,,,0,0.2,1,1,0,816064,85.5,-157.5,6,0,https://scores.bcci.tv/matchcentre/commentaryFiles/TATA-IPL-2026/Gujarat-Titans-VS-Rajasthan-Royals-(04-Apr-2026)/File_2-1-816064.png,36,BOUNCER,31.0,UPPER CUT,1,0,3,0,11,0,Middle stump,Short Length,0,0,0,0,0,0,0,0,88.6567416944597,-13.22815568658631,8.341189874579918,-0.3656221318620967,2.138181019454899,,,,,,,9.876152160488964,0.03085833748151479,0.5963923356500429,96.37301659935497,Attacked,Played,None,0.501823425292969,0.4755020141601563,10.268526,-0.210749,,,,,,,-8.224334,0.054648,1.274039,-8.841054,0.076159,1.344925,-16.06262636290388,-10.06003048636019,0.1196629290427575,1.47409054346083,2.642766303567266,-0.8077447115726861,-1.0,-1.0,NARENDRA-MODI-STADIUM-AHMEDABAD,-1.0,,L,R,R,Gujarat-Titans,Rajasthan-Royals,Seam,1
2425,2,35,Gujarat Titans,Sai Sudharsan,Jofra Archer,,1,3,0,0,0,0,0,0,1,0,0,0,0,0,0,0,0,,,0,0.3,1,1,0,816065,38.5,81.0,0,0,,42,OUTSWINGER,97.0,BACKFOOT PUSH,0,0,4,0,11,0,Leg stump,Good Length,0,0,0,0,0,0,0,0,90.55235415523816,-9.611670876561451,8.340475555582294,-0.3701197131308275,2.17199438425111,,,,,,,7.417111679793984,0.03604245172764657,0.5726298064718388,92.29022579801118,Defended,Played,None,0.481475830078125,0.45062255859375,7.407592,-0.152413,,,,,,,-8.256289,0.011934,0.651052,-8.840703,0.030272,0.703953,-12.64765481782736,-10.06010409454796,0.06934700918326642,0.8048670154594015,-0.1590695547880325,0.5314475696805243,-1.0,-1.0,NARENDRA-MODI-STADIUM-AHMEDABAD,-1.0,,L,R,R,Gujarat-Titans,Rajasthan-Royals,Seam,1
2425,2,35,Gujarat Titans,Sai Sudharsan,Jofra Archer,,1,4,0,0,0,0,0,0,1,0,0,0,0,0,0,0,0,,,0,0.4,1,1,0,816066,52.5,117.0,0,0,,30,ANGLED ACROSS,84.0,FRONTFOOT OFF DRIVE,0,0,5,0,11,0,Outside Off stump,Full Length,0,0,0,0,0,0,0,0,91.50369783368696,-6.933642986179248,8.340437467102458,-0.3911511201449917,2.171023843154491,,,,,,,6.947315231982299,0.1343600495277572,0.6216029842200799,89.80444268023626,Attacked,Played,None,0.469024658203125,0.4302520751953125,4.3836,0.07524,,,,,,,-7.969346,0.159913,0.285927,-8.840896,0.193218,0.376217,-10.64516650691523,-10.06036538890416,0.2409220713396679,0.4927613530452458,-0.4451214075702842,0.3937872054033392,-1.0,-1.0,NARENDRA-MODI-STADIUM-AHMEDABAD,-1.0,,L,R,R,Gujarat-Titans,Rajasthan-Royals,Seam,1
2425,2,35,Gujarat Titans,Sai Sudharsan,Jofra Archer,,1,5,0,0,0,0,0,0,1,0,0,0,0,0,0,0,0,,,0,0.5,1,1,0,816067,52.5,117.0,0,0,,30,ANGLED ACROSS,44.0,GLIDE,0,0,6,0,11,0,Off stump,Short Length,0,0,0,0,0,0,0,0,87.92145508110254,-12.1641851242,8.34064125078126,-0.3635978604015659,2.141600955322111,,,,,,,10.15152429376188,0.08245030001602602,0.6774116967647267,103.3667245131064,Attacked,Missed,None,0.500415802001953,0.544189453125,9.371147,-0.038579,,,,,,,-999.9,-999.9,-999.9,-8.840897,0.467449,1.269466,-14.29381716890484,-10.06024499901915,0.5518973806765364,1.408706741861572,0.1269606624940153,1.116701885979678,-1.0,-1.0,NARENDRA-MODI-STADIUM-AHMEDABAD,-1.0,,L,R,R,Gujarat-Titans,Rajasthan-Royals,Seam,1
2425,2,35,Gujarat Titans,Sai Sudharsan,Jofra Archer,,1,6,4,4,4,0,0,0,0,0,0,0,0,0,1,0,0,,,0,0.6,1,1,0,816068,205.5,82.5,4,0,,30,ANGLED ACROSS,51.0,FRONTFOOT COVERDRIVE,0,0,7,0,15,0,Outside Off stump,Full Length,0,0,0,0,0,0,0,0,90.96939943474814,-5.487617735498087,8.34125840205149,-0.2734211790900078,2.174243629549576,,,,,,,6.678490091717572,0.1288153144224769,0.639576788708249,93.05498686398967,Attacked,Played,None,0.466392517089844,0.453643798828125,2.438806,0.424455,,,,,,,-8.844153,0.495393,0.174073,-8.841059,0.495211,0.173736,-9.992975533931656,-10.06018456510701,0.5677869381103048,0.3012482064370424,0.6323613105636527,0.4424774071310073,-1.0,-1.0,NARENDRA-MODI-STADIUM-AHMEDABAD,-1.0,,L,R,R,Gujarat-Titans,Rajasthan-Royals,Seam,1
2425,2,35,Gujarat Titans,Kumar Kushagra,Nandre Burger,,2,1,1,1,1,1,0,0,0,0,0,0,0,0,0,0,0,,,0,1.1,1,1,0,816069,-69.0,30.5,1,0,,30,ANGLED ACROSS,97.0,BACKFOOT PUSH,0,0,1,1,16,0,Off stump,Good Length,1,0,0,0,0,0,0,0,85.58423748660202,-9.777953651558338,8.340579993023553,0.560981388200608,1.970256628290595,,,,,,,8.215922800153534,0.07397489303170471,0.6223603037978288,95.95655626650385,Defended,Played,None,0.499729156494141,0.4982528686523438,8.57504,0.021007,,,,,,,-8.655908,-0.223836,0.868245,-8.84103,-0.227329,0.884036,-12.72586066706912,-10.06003599340225,-0.2459830168676738,0.9786735653780361,-0.1747294932002661,0.5640662093714613,-1.0,-1.0,NARENDRA-MODI-STADIUM-AHMEDABAD,-1.0,,R,L,L,Gujarat-Titans,Rajasthan-Royals,Seam,1
2425,2,35,Gujarat Titans,Sai Sudharsan,Nandre Burger,,2,2,1 (WD),1,0,0,0,0,0,1,1,0,0,0,0,0,0,,,0,1.2,1,1,1,816070,-69.0,30.5,1,0,,42,OUTSWINGER,105.0,LEFT ALONE,0,0,2,1,17,0,Wide outside Off stump,Short of Good Length,0,0,0,0,0,0,0,0,88.70952204569079,-10.33790747533696,8.34037161250781,1.291664938785175,1.99107769583178,,,,,,,8.778827091338005,0.1093558451033619,0.5997275731253391,89.02355145846467,None,None,None,0.496330261230469,0.5415687561035156,9.206293,0.93941,,,,,,,-999.9,-999.9,-999.9,-8.840566,1.343849,1.032557,-13.95219824457834,-10.06016720393516,1.412596390149783,1.137877936352005,19.20582768486982,-5.140464994281126,-1.0,-1.0,NARENDRA-MODI-STADIUM-AHMEDABAD,-1.0,,L,R,L,Gujarat-Titans,Rajasthan-Royals,Seam,1
2425,2,35,Gujarat Titans,Sai Sudharsan,Nandre Burger,,2,2,4,4,4,0,0,0,0,0,0,0,0,0,1,0,0,,,0,1.2,1,1,0,816071,102.5,-137.0,4,0,,39,ANGLED IN,50.0,BACKFOOT DEFENCE,0,0,3,1,21,0,Outside Off stump,Short of Good Length,0,0,0,0,0,0,0,0,88.03722801604003,-10.63131261904137,8.340583205794253,0.6201907822133024,1.953707442597825,,,,,,,9.115536407377878,0.1215301015366019,0.6416605619350716,94.09607413660055,Defended,Edged,None,0.491500854492188,0.4732131958007813,9.278936,0.266276,,,,,,,-8.047688,0.088241,1.004904,-8.840773,0.075273,1.08585,-13.40085862273467,-10.0603113835502,0.05845986325162358,1.197286337892301,-0.006170563183195065,0.4777913338191891,-1.0,-1.0,NARENDRA-MODI-STADIUM-AHMEDABAD,-1.0,,L,R,L,Gujarat-Titans,Rajasthan-Royals,Seam,1
2425,2,35,Gujarat Titans,Sai Sudharsan,Nandre Burger,,2,3,0,0,0,0,0,0,1,0,0,0,0,0,0,0,0,,,0,1.3,1,1,0,816072,65.0,44.5,0,0,,39,ANGLED IN,97.0,BACKFOOT PUSH,0,0,4,1,21,0,Outside Off stump,Short of Good Length,0,0,0,0,0,0,0,0,88.02390990209406,-9.053273430212636,8.340672492337522,0.6629891974900138,2.018628400836463,,,,,,,8.047510470383338,0.02891213866378158,0.6446719471854667,103.8095782114418,Attacked,Played,None,0.490997314453125,0.4308586120605469,7.739872,0.362888,,,,,,,-7.271789,0.270354,0.647224,-8.841079,0.238869,0.807831,-12.24963368722037,-10.06012406742004,0.2136070756669882,0.9176897607499062,-0.1855693340590924,0.6919414313442799,-1.0,-1.0,NARENDRA-MODI-STADIUM-AHMEDABAD,-1.0,,L,R,L,Gujarat-Titans,Rajasthan-Royals,Seam,1
2425,2,35,Gujarat Titans,Sai Sudharsan,Nandre Burger,,2,4,1,1,1,1,0,0,0,0,0,0,0,0,0,0,0,,,0,1.4,1,1,0,816073,111.5,-79.0,1,0,,39,ANGLED IN,59.0,FRONTFOOT SQUARE DRIVE,0,0,5,1,22,0,Outside Off stump,Good Length,0,0,0,0,0,0,0,0,88.41441458409535,-7.664926439567548,8.340573916493184,0.5950056930383195,1.951264496190107,,,,,,,6.781282990807468,0.1644232468723186,0.5716673374713028,79.30777593346357,Attacked,Edged,None,0.482711791992188,0.4682235717773438,6.682979,0.51245,,,,,,,-8.408625,0.507928,0.524425,-8.841082,0.507515,0.55759,-11.16685407527379,-10.05990946883296,0.5063262904835008,0.6409283385160914,-0.1420770564221336,0.4288076661787568,-1.0,-1.0,NARENDRA-MODI-STADIUM-AHMEDABAD,-1.0,,L,R,L,Gujarat-Titans,Rajasthan-Royals,Seam,1
2425,2,35,Gujarat Titans,Kumar Kushagra,Nandre Burger,,2,5,0,0,0,0,0,0,1,0,0,0,0,0,0,0,0,,,0,1.5,1,1,0,816074,7.5,65.5,0,0,,30,ANGLED ACROSS,49.0,FORWARD DEFENCE,0,0,6,1,22,0,Leg stump,Good Length,0,0,0,0,0,0,0,0,90.67194999015516,-8.03857105974104,8.340898801422743,0.5955305546544467,1.997757311650657,,,,,,,7.89175999375479,0.05375470054853393,0.6859211121220214,107.5126967634498,Defended,Played,None,0.477035522460938,0.4550628662109375,6.687712,0.130325,,,,,,,-8.514632,-0.014739,0.654261,-8.840877,-0.024507,0.688304,-11.23098775192873,-10.0600498331675,-0.06166597539730509,0.8079004134942571,-0.3924840506655842,0.9478617888719416,-1.0,-1.0,NARENDRA-MODI-STADIUM-AHMEDABAD,-1.0,,R,L,L,Gujarat-Titans,Rajasthan-Royals,Seam,1
2425,2,35,Gujarat Titans,Kumar Kushagra,Nandre Burger,,2,6,0,0,0,0,0,0,1,0,0,0,0,0,0,0,0,,,0,1.6,1,1,0,816075,7.5,65.5,0,0,,30,ANGLED ACROSS,49.0,FORWARD DEFENCE,0,0,7,1,22,0,Outside Leg stump,Good Length,0,0,0,0,0,0,0,0,88.52709880558795,-8.12832363733388,8.340698518737703,0.5863744215078756,1.99388688943097,,,,,,,6.869480005414829,0.007576609758342747,0.590223412607301,97.77585091526089,Defended,Played,None,0.482208251953125,0.4575576782226563,6.938221,0.122728,,,,,,,-8.442296,-0.049612,0.571729,-8.840781,-0.060993,0.604565,-11.51202123999839,-10.06001412878453,-0.09424261001946382,0.6965186777996397,-0.2477486512421683,0.4120797082130058,-1.0,-1.0,NARENDRA-MODI-STADIUM-AHMEDABAD,-1.0,,R,L,L,Gujarat-Titans,Rajasthan-Royals,Seam,1
2425,2,35,Gujarat Titans,Sai Sudharsan,Jofra Archer,,3,1,0,0,0,0,0,0,1,0,0,0,0,0,0,0,0,,,0,2.1,1,1,0,816076,-46.0,95.0,0,0,,30,ANGLED ACROSS,27.0,FORWARD PUSH,0,0,1,2,22,0,Leg stump,Good Length,1,0,0,0,0,0,0,0,92.43726778027415,-8.773756423249434,8.340996782136433,-0.3098810370799469,2.148839126823692,,,,,,,7.484668847791234,0.1020001213162379,0.6253728736444742,93.60591891504735,Defended,Played,None,0.471393585205078,0.4424057006835938,6.449426,-0.019917,,,,,,,-8.313867,0.109508,0.575688,-8.841051,0.123015,0.627914,-11.47535777191573,-10.05964709424304,0.1533150501502502,0.7400307883182888,0.312463877840762,0.1084021601535081,-1.0,-1.0,NARENDRA-MODI-STADIUM-AHMEDABAD,-1.0,,L,R,R,Gujarat-Titans,Rajasthan-Royals,Seam,1
2425,2,35,Gujarat Titans,Sai Sudharsan,Jofra Archer,,3,2,1,1,1,1,0,0,0,0,0,0,0,0,0,0,0,,,0,2.2,1,1,0,816077,-113.5,35.5,1,0,,30,ANGLED ACROSS,97.0,BACKFOOT PUSH,0,0,2,2,23,0,Off stump,Good Length,0,0,0,0,0,0,0,0,91.84718072730305,-9.492395787860472,8.340992892551615,-0.3497172158418561,2.157688495923386,,,,,,,7.632796730823427,0.03551278168202841,0.612799234366943,98.3686069868386,Attacked,Played,None,0.472560882568359,0.4570198059082031,7.20311,-0.107915,,,,,,,-8.7223,0.062022,0.707222,-8.84113,0.065697,0.718674,-12.186365615942,-10.05968917294113,0.1039742964381826,0.8294954160780372,0.1296722087789991,0.2551182582522927,-1.0,-1.0,NARENDRA-MODI-STADIUM-AHMEDABAD,-1.0,,L,R,R,Gujarat-Titans,Rajasthan-Royals,Seam,1
2425,2,35,Gujarat Titans,Kumar Kushagra,Jofra Archer,,3,3,4,4,4,0,0,0,0,0,0,0,0,0,1,0,0,,,0,2.3,1,1,0,816078,-192.0,150.5,4,0,,39,ANGLED IN,51.0,FRONTFOOT COVERDRIVE,0,0,3,2,27,0,Outside Off stump,Full Length,0,0,0,0,0,0,0,0,91.82289034588189,-6.419604398932233,8.340926372709276,-0.350836633261848,2.181348301120357,,,,,,,6.92915725530651,0.1259975066325241,0.6530397222359963,95.35620767214704,Attacked,Played,None,0.463748931884766,0.4474411010742188,3.473883,-0.494665,,,,,,,-8.703087,-0.515122,0.27249,-8.840908,-0.516487,0.287279,-10.15680870267496,-10.0598775343011,-0.5287347935849169,0.4120831791029919,0.3549926093707643,-0.1770257046313497,-1.0,-1.0,NARENDRA-MODI-STADIUM-AHMEDABAD,-1.0,,R,L,R,Gujarat-Titans,Rajasthan-Royals,Seam,1
2425,2,35,Gujarat Titans,Kumar Kushagra,Jofra Archer,,3,4,0,0,0,0,0,0,1,0,0,0,0,0,0,0,0,,,0,2.4,1,1,0,816079,-59.5,89.0,0,0,,39,ANGLED IN,84.0,FRONTFOOT OFF DRIVE,0,0,4,2,27,0,Outside Off stump,Good Length,0,0,0,0,0,0,0,0,92.1462561171258,-8.036062472032723,8.340591663678822,-0.3690654077803197,2.181932889897816,,,,,,,7.445216238269618,0.1230314878943281,0.6411431268610578,93.86832023972586,Attacked,Played,None,0.469390869140625,0.4373588562011719,5.475667,-0.289527,,,,,,,-8.190152,-0.235187,0.450782,-8.840765,-0.224914,0.519109,-11.07552842362576,-10.06010918384782,-0.2052427341466448,0.6382410932915724,-0.1994732167203734,0.5826903309348216,-1.0,-1.0,NARENDRA-MODI-STADIUM-AHMEDABAD,-1.0,,R,L,R,Gujarat-Titans,Rajasthan-Royals,Seam,1
2425,2,35,Gujarat Titans,Kumar Kushagra,Jofra Archer,,3,5,1,1,1,1,0,0,0,0,0,0,0,0,0,0,0,,,0,2.5,1,1,0,816080,-53.0,-97.5,1,0,,39,ANGLED IN,44.0,GLIDE,0,0,5,2,28,0,Outside Off stump,Short of Good Length,0,0,0,0,0,0,0,0,89.51984063158642,-11.60606117603122,8.340388841823025,-0.3288213199135698,2.139165496930526,,,,,,,9.169211014935954,0.09365904962567023,0.6235995463283049,94.17402698667873,Attacked,Played,None,0.488639831542969,0.4888687133789063,9.024378,-0.305474,,,,,,,-8.816081,-0.348075,1.076527,-8.841046,-0.348224,1.079166,-13.98441223546933,-10.05997782264335,-0.3556407531273842,1.200515813582128,0.2874953296970854,-0.5789637498213878,-1.0,-1.0,NARENDRA-MODI-STADIUM-AHMEDABAD,-1.0,,R,L,R,Gujarat-Titans,Rajasthan-Royals,Seam,1
2425,2,35,Gujarat Titans,Sai Sudharsan,Jofra Archer,,3,6,4,4,4,0,0,0,0,0,0,0,0,0,1,0,0,,,0,2.6,1,1,0,816081,192.0,-42.0,4,0,https://scores.bcci.tv/matchcentre/commentaryFiles/TATA-IPL-2026/Gujarat-Titans-VS-Rajasthan-Royals-(04-Apr-2026)/File_2-3-816081.png,30,ANGLED ACROSS,36.0,CUT SHOT,0,0,6,2,32,0,Off stump,Short of Good Length,0,0,0,0,0,0,0,0,88.32470938860156,-12.68664947240624,8.341031400805512,-0.2992768063190792,2.134529485884047,,,,,,,9.022719546904282,0.0325700194871603,0.5967820679734741,96.26030824730508,Attacked,Played,None,0.500278472900391,0.4989852905273438,9.72719,0.054079,,,,,,,-8.966535,0.451084,1.15525,-8.840573,0.444707,1.143034,-14.70618989839921,-10.05993792062243,0.5072844793250457,1.254517592016966,0.2281156111474098,-0.05450617302498881,-1.0,-1.0,NARENDRA-MODI-STADIUM-AHMEDABAD,-1.0,,L,R,R,Gujarat-Titans,Rajasthan-Royals,Seam,1
2425,2,35,Gujarat Titans,Kumar Kushagra,Sandeep Sharma,,4,1,2,2,2,0,1,0,0,0,0,0,0,0,0,0,0,,,0,3.1,1,1,0,816082,162.0,39.5,2,0,,39,ANGLED IN,58.0,BACKFOOT PULL SHOT,0,0,1,3,34,0,Outside Off stump,Short of Good Length,1,0,0,0,0,0,0,0,63.62991431121166,-8.134468685712879,8.34052710317577,-0.3738149047726465,1.793958659805422,,,,,,,9.418801534992545,0.04896451975200049,0.6429206357384162,101.5416433855624,Attacked,Played,None,0.740501403808594,0.6334075927734375,9.413605,-0.232396,,,,,,,-7.931997,-0.100685,0.848356,-8.840904,-0.08266,0.883599,-14.18571389365266,-10.0597974478071,-0.05784543100811856,0.9019762803057387,0.1071415657329124,5.904658958348234e-05,-1.0,-1.0,NARENDRA-MODI-STADIUM-AHMEDABAD,-1.0,,R,L,R,Gujarat-Titans,Rajasthan-Royals,Seam,1
2425,2,35,Gujarat Titans,Kumar Kushagra,Sandeep Sharma,,4,2,4,4,4,0,0,0,0,0,0,0,0,0,1,0,0,,,0,3.2,1,1,0,816083,90.5,-141.0,4,0,,39,ANGLED IN,54.0,LEG GLANCE,0,0,2,3,38,0,Leg stump,Good Length,0,0,0,0,0,0,0,0,73.62371311052812,-7.925329614916906,8.340525374401516,-0.301446739078543,1.822624338452846,,,,,,,8.147315239870338,0.02663018202697491,0.6121424471814656,99.15834887452236,Attacked,Played,None,0.584976196289062,0.5528984069824219,8.602696,-0.017706,,,,,,,-8.191241,0.188591,0.749623,-8.840545,0.210174,0.790148,-13.03962609695858,-10.06010918809681,0.2516281095053662,0.8490489712357497,0.6659099422519486,-0.3704876624556177,-1.0,-1.0,NARENDRA-MODI-STADIUM-AHMEDABAD,-1.0,,R,L,R,Gujarat-Titans,Rajasthan-Royals,Seam,1
2425,2,35,Gujarat Titans,Kumar Kushagra,Sandeep Sharma,,4,3,1,1,1,1,0,0,0,0,0,0,0,0,0,0,0,,,0,3.3,1,1,0,816084,86.0,172.5,1,0,,39,ANGLED IN,47.0,FRONTFOOT ON DRIVE,0,0,3,3,39,0,Off stump,Full Length,0,0,0,0,0,0,0,0,75.97127241680408,-4.678931202671416,8.340676831097106,-0.2813349396291915,1.86714880184315,,,,,,,7.57476182022161,0.07078932365125504,0.6384959915298569,98.69546636435305,Attacked,Played,None,0.553585052490234,0.5266685485839844,5.196819,-0.105488,,,,,,,-8.261301,-0.03597,0.416894,-8.840578,-0.023602,0.47192,-11.4951184458496,-10.05997998358752,0.002963059670530177,0.5744803071983314,0.8138118462129594,-0.05823159414430491,-1.0,-1.0,NARENDRA-MODI-STADIUM-AHMEDABAD,-1.0,,R,L,R,Gujarat-Titans,Rajasthan-Royals,Seam,1
2425,2,35,Gujarat Titans,Sai Sudharsan,Sandeep Sharma,,4,4,0,0,0,0,0,0,1,0,0,0,0,0,0,0,0,,,0,3.4,1,1,0,816085,79.5,35.0,0,0,,39,ANGLED IN,27.0,FORWARD PUSH,0,0,4,3,39,0,Outside Off stump,Good Length,0,0,0,0,0,0,0,0,74.16831645595582,-5.693185792189762,8.340607319078607,0.8826588577721254,1.817764186660568,,,,,,,7.909544926093716,0.0164894747134382,0.6651986586397649,108.1308513246209,Defended,Played,None,0.573394775390625,0.5233612060546875,6.548352,0.440062,,,,,,,-7.761686,0.295252,0.524342,-8.840827,0.256327,0.619554,-11.7319760838062,-10.06003425732998,0.2111931761269344,0.7089742557899321,0.4279324750905543,0.04704739690640553,-1.0,-1.0,NARENDRA-MODI-STADIUM-AHMEDABAD,-1.0,,L,R,R,Gujarat-Titans,Rajasthan-Royals,Seam,1
2425,2,35,Gujarat Titans,Sai Sudharsan,Sandeep Sharma,,4,5,0,0,0,0,0,0,1,0,0,0,0,0,0,0,0,,,0,3.5,1,1,0,816086,-69.0,62.5,0,0,,39,ANGLED IN,97.0,BACKFOOT PUSH,0,0,5,3,39,0,Outside Off stump,Short of Good Length,0,0,0,0,0,0,0,0,65.59557313503414,-7.305985475892903,8.340697805040918,0.8208539132697673,1.790357255096466,,,,,,,8.42116416865313,0.03736015315107095,0.5924860755727561,95.13689602080632,Attacked,Played,None,0.630088806152344,0.6298599243164062,8.871143,0.464256,,,,,,,-8.35508,0.154193,0.725557,-8.840701,0.131308,0.741833,-13.83049284197281,-10.06018840885702,0.0726400870028251,0.7613337368858398,-0.001428163749009115,-0.1499060560852022,-1.0,-1.0,NARENDRA-MODI-STADIUM-AHMEDABAD,-1.0,,L,R,R,Gujarat-Titans,Rajasthan-Royals,Seam,1
2425,2,35,Gujarat Titans,Sai Sudharsan,Sandeep Sharma,,4,6,1,1,1,1,0,0,0,0,0,0,0,0,0,0,0,,,0,3.6,1,1,0,816087,-81.0,181.0,1,0,,39,ANGLED IN,47.0,FRONTFOOT ON DRIVE,0,0,6,3,40,0,Off stump,Full Length,0,0,0,0,0,0,0,0,75.92067808226744,-3.286460005249542,8.341123522372634,0.8834836937335455,1.803576585582984,,,,,,,5.787364121213464,0.03515025466602747,0.547425584722601,88.59881224178741,Attacked,Played,None,0.561069488525391,0.5187149047851562,3.288496,0.129139,,,,,,,-8.173725,0.068648,0.16715,-8.841011,0.039239,0.222871,-10.38858847764869,-10.06010738674839,-0.01557300027024194,0.3117261979030726,0.4326320557302596,0.1913411423203038,-1.0,-1.0,NARENDRA-MODI-STADIUM-AHMEDABAD,-1.0,,L,R,R,Gujarat-Titans,Rajasthan-Royals,Seam,1
2425,2,35,Gujarat Titans,Sai Sudharsan,Tushar Deshpande,,5,1,4,4,4,0,0,0,0,0,0,0,0,0,1,0,0,,,0,4.1,1,1,0,816088,128.5,-125.5,4,0,,30,ANGLED ACROSS,59.0,FRONTFOOT SQUARE DRIVE,0,0,1,4,44,0,Outside Off stump,Full Toss,1,0,0,0,0,0,0,0,86.34782067531314,-3.391513344152556,8.341238053839817,-0.6071825869868307,1.936164646281398,,,,,,,6.1956568962147,0.1916349673487844,0.6499999999999998,88.33650326512154,Attacked,Played,None,0.486213684082031,0.480194091796875,-0.04566100000000084,0.595472,,,,,,,-9.066513,0.511203,0.145423,-8.841172,0.49322,0.179512,-9.015501594198717,-10.05992498659664,0.5917162338826781,-0.008719062296119446,1.825862987134903,1.272221872585407e-14,-1.0,-1.0,NARENDRA-MODI-STADIUM-AHMEDABAD,-1.0,,L,R,R,Gujarat-Titans,Rajasthan-Royals,Seam,1
2425,2,35,Gujarat Titans,Sai Sudharsan,Tushar Deshpande,,5,2,0,0,0,0,0,0,1,0,0,0,0,0,0,0,0,,,0,4.2,1,1,0,816089,128.5,-125.5,0,0,,30,ANGLED ACROSS,36.0,CUT SHOT,0,0,2,4,44,0,Off stump,Short of Good Length,0,0,0,0,0,0,0,0,85.36125305227894,-8.16306892958745,8.340531427106516,-0.666252157710977,1.898290530989872,,,,,,,7.21255922466524,0.1584050854616253,0.5945180797458847,83.33720341572017,Attacked,Missed,None,0.503231048583984,0.5476799011230469,7.491278,0.075591,,,,,,,-999.9,-999.9,-999.9,-8.840659,0.49798,0.656348,-11.43367265987786,-10.06009900395955,0.5875340348354733,0.7338964706234561,1.151469282013935,-0.8934307734401334,-1.0,-1.0,NARENDRA-MODI-STADIUM-AHMEDABAD,-1.0,,L,R,R,Gujarat-Titans,Rajasthan-Royals,Seam,1
2425,2,35,Gujarat Titans,Sai Sudharsan,Tushar Deshpande,,5,3,0,0,0,0,0,0,1,0,0,0,0,0,0,0,0,,,0,4.3,1,1,0,816090,128.5,-125.5,0,0,,30,ANGLED ACROSS,58.0,BACKFOOT PULL SHOT,0,0,3,4,44,0,Outside Leg stump,Short of Good Length,0,0,0,0,0,0,0,0,86.15459674646453,-9.986885399934698,8.340457549907864,-0.7280016231011739,1.882397839275858,,,,,,,7.98925219224211,0.05617218892694417,0.6172058800277929,96.9636631114745,Attacked,Edged,None,0.501434326171875,0.5018463134765625,9.032419,-0.443338,,,,,,,-8.857878,-0.197926,0.896953,-8.840541,-0.198519,0.895608,-12.56396983036219,-10.05999640006456,-0.1561580945807878,0.9821802509754187,0.8831292631451538,-0.5489625719812049,-1.0,-1.0,NARENDRA-MODI-STADIUM-AHMEDABAD,-1.0,,L,R,R,Gujarat-Titans,Rajasthan-Royals,Seam,1
2425,2,35,Gujarat Titans,Sai Sudharsan,Tushar Deshpande,,5,4,0,0,0,0,0,0,1,0,0,0,0,0,0,0,0,,,0,4.4,1,1,0,816091,128.5,-125.5,0,0,,30,ANGLED ACROSS,97.0,BACKFOOT PUSH,0,0,4,4,44,0,Outside Off stump,Yorker,0,0,0,0,0,0,0,0,87.50254715526127,-4.061299790669172,8.340840055942625,-0.6691506990058893,1.920708378772715,,,,,,,5.183345824989999,0.05350661931699856,0.5936330693277968,93.69429846746968,Attacked,Missed,None,0.479713439941406,0.5009994506835938,1.066319,0.196897,,,,,,,-999.9,-999.9,-999.9,-8.840595,0.187416,0.062054,-8.575847113427804,-10.06002048495843,0.2688967679204299,0.1315586145040961,1.307973927915516,0.2700766139647379,-1.0,-1.0,NARENDRA-MODI-STADIUM-AHMEDABAD,-1.0,,L,R,R,Gujarat-Titans,Rajasthan-Royals,Seam,1
2425,2,35,Gujarat Titans,Sai Sudharsan,Tushar Deshpande,,5,5,0,0,0,0,0,0,1,0,0,0,0,0,0,0,0,,,0,4.5,1,1,0,816092,128.5,-125.5,0,0,,30,ANGLED ACROSS,58.0,BACKFOOT PULL SHOT,0,0,5,4,44,0,Outside Leg stump,Short of Good Length,0,0,0,0,0,0,0,0,73.6232284472991,-8.20774410584538,8.340435280913677,-0.6784461337201441,1.855749161097937,,,,,,,8.32574336549671,0.03224123784840517,0.5989703033735863,96.62142172119742,Attacked,Missed,None,0.582527160644531,0.6264839172363281,8.797767,-0.26686,,,,,,,-999.9,-999.9,-999.9,-8.840982,0.061686,0.828036,-13.5604292322709,-10.05991734057103,0.1070091243044832,0.888346293041966,-0.4916310389325212,0.5210863827677077,-1.0,-1.0,NARENDRA-MODI-STADIUM-AHMEDABAD,-1.0,,L,R,R,Gujarat-Titans,Rajasthan-Royals,Seam,1
2425,2,35,Gujarat Titans,Sai Sudharsan,Tushar Deshpande,,5,6,1,1,1,1,0,0,0,0,0,0,0,0,0,0,0,,,0,4.6,1,1,0,816093,-136.0,-47.5,1,0,,30,ANGLED ACROSS,40.0,FRONTFOOT FLICK,0,0,6,4,45,0,Leg stump,Full Toss,0,0,0,0,0,0,0,0,87.63506754651081,-3.680900714981246,8.341071344489077,-0.6897229323841192,1.951240297674064,,,,,,,5.913207243245316,0.2004649381338152,0.6500000000000012,87.45350618661865,Attacked,Played,None,0.477378845214844,0.4438705444335938,-0.7128540000000001,-0.059682,,,,,,,-8.037006,-0.183191,0.337448,-8.840874,-0.148197,0.225853,-8.607843659857458,-10.06010483981712,-0.093072901769247,0.05004929132143724,1.558456714934327,-0.0176594208124895,-1.0,-1.0,NARENDRA-MODI-STADIUM-AHMEDABAD,-1.0,,L,R,R,Gujarat-Titans,Rajasthan-Royals,Seam,1
2425,2,35,Gujarat Titans,Sai Sudharsan,Sandeep Sharma,,6,1,2,2,2,0,1,0,0,0,0,0,0,0,0,0,0,,,0,5.1,1,1,0,816094,142.5,-23.0,2,0,,39,ANGLED IN,59.0,FRONTFOOT SQUARE DRIVE,0,0,1,5,47,0,Outside Off stump,Full Toss,1,0,0,0,0,0,0,0,76.32862779251418,-0.9191891557808091,8.340470115325385,0.8939675744248136,1.810818761119075,,,,,,,7.119813021613295,0.1659932916365793,0.6500000000000002,90.90067083634212,Attacked,Played,None,0.548240661621094,0.5005874633789062,-0.5193220000000007,0.585749,,,,,,,-7.789568,0.603481,0.504686,-8.840586,0.595525,0.337642,-10.34584572506203,-10.05991207579342,0.5882193054830241,0.1295754995055697,1.274918886266485,0.0,-1.0,-1.0,NARENDRA-MODI-STADIUM-AHMEDABAD,-1.0,,L,R,R,Gujarat-Titans,Rajasthan-Royals,Seam,1
2425,2,35,Gujarat Titans,Sai Sudharsan,Sandeep Sharma,,6,2,4,4,4,0,0,0,0,0,0,0,0,0,1,0,0,,,0,5.2,1,1,0,816095,-225.5,62.5,4,0,,39,ANGLED IN,40.0,FRONTFOOT FLICK,0,0,2,5,51,0,Middle stump,Full Toss,0,1,1,0,1,0,0,0,76.57096419257714,-2.30923922001619,8.340474019534053,0.9251508875908557,1.822827066891052,,,,,,,7.078520810255053,0.1672781695608608,0.6500000000000012,90.77218304391411,Attacked,Played,None,0.548789978027344,0.4854354858398438,1.576843999999999,-0.157659,,,,,,,-7.324359,-0.086892,0.230582,-8.840897,-0.179403,0.070581,-10.28652493286191,-10.06016073958917,-0.2535087206469945,0.2077302675771612,0.3765713387487309,1.272221872585407e-14,-1.0,-1.0,NARENDRA-MODI-STADIUM-AHMEDABAD,-1.0,,L,R,R,Gujarat-Titans,Rajasthan-Royals,Seam,1
2425,2,35,Gujarat Titans,Sai Sudharsan,Sandeep Sharma,,6,3,1,1,1,1,0,0,0,0,0,0,0,0,0,0,0,,,0,5.3,1,1,0,816096,-144.0,43.0,1,0,,39,ANGLED IN,97.0,BACKFOOT PUSH,0,0,3,5,52,0,Outside Off stump,Good Length,0,0,1,0,0,0,0,0,75.45930601538929,-7.610181564566274,8.34108991191928,0.858038046374756,1.804391263246035,,,,,,,7.90326853951803,0.082240591275617,0.6100349366634439,93.28118137195489,Attacked,Played,None,0.565704345703125,0.5348968505859375,8.243559,0.306537,,,,,,,-7.97151,0.011777,0.679077,-8.84075,-0.033268,0.735097,-12.45902199771899,-10.06022013552053,-0.09807670270221469,0.7948738133706872,0.6789761559877008,0.1897312247469943,-1.0,-1.0,NARENDRA-MODI-STADIUM-AHMEDABAD,-1.0,,L,R,R,Gujarat-Titans,Rajasthan-Royals,Seam,1
2425,2,35,Gujarat Titans,Kumar Kushagra,Sandeep Sharma,,6,4,4,4,4,0,0,0,0,0,0,0,0,0,1,0,0,,,0,5.4,1,1,0,816097,4.0,230.5,4,0,,39,ANGLED IN,69.0,STEP DOWN LOFTED STRAIGHT DRIVE,0,0,4,5,56,0,Outside Off stump,Short of Good Length,0,0,1,0,0,0,0,0,62.81476230733124,-8.23871549874665,8.340620802808864,-0.3846779193889052,1.824240971024364,,,,,,,9.758192621919587,0.04700156053575541,0.622401510138541,98.6600704672056,Attacked,Played,None,0.69708251953125,0.6013526916503906,9.65335,-0.388899,,,,,,,-6.967404,-0.340514,0.831713,-8.840932,-0.325315,0.918271,-15.14196459778187,-10.05998518219425,-0.3150435959011534,0.931576643675651,-0.07177270704250611,0.4582550555914957,-1.0,-1.0,NARENDRA-MODI-STADIUM-AHMEDABAD,-1.0,,R,L,R,Gujarat-Titans,Rajasthan-Royals,Seam,1
2425,2,35,Gujarat Titans,Kumar Kushagra,Sandeep Sharma,,6,5,0,0,0,0,0,0,1,0,0,0,0,0,0,0,0,,,0,5.5,1,1,0,816098,4.0,230.5,0,0,,36,BOUNCER,31.0,UPPER CUT,1,0,5,5,56,0,Outside Off stump,Short Length,0,0,1,0,0,0,0,0,71.11100515889795,-16.36701526471587,8.340824601838346,-0.3451538821683744,1.723038006587488,,,,,,,12.50168949744037,0.1060672634264218,0.5508781883127322,82.02500190426765,Attacked,Missed,None,0.607681274414062,0.7387275695800781,13.324312,-0.247771,,,,,,,-999.9,-999.9,-999.9,-8.841034,-0.016171,1.774399,-20.68762457621629,-10.06013520107549,0.003987230550058604,1.802678798460752,1.464282669256039,-0.6675406163169345,-1.0,-1.0,NARENDRA-MODI-STADIUM-AHMEDABAD,-1.0,,R,L,R,Gujarat-Titans,Rajasthan-Royals,Seam,1
2425,2,35,Gujarat Titans,Kumar Kushagra,Sandeep Sharma,,6,6,0,0,0,0,0,0,1,0,0,0,0,0,0,0,0,,,0,5.6,1,1,0,816099,4.0,230.5,0,0,,39,ANGLED IN,40.0,FRONTFOOT FLICK,0,0,6,5,56,0,Outside Leg stump,Yorker,0,0,1,0,0,0,0,0,75.98933030658557,-2.421631881075664,8.34061494315587,-0.2282737275833217,1.834933141894824,,,,,,,7.134763896179072,0.1657985071871701,0.650000000000001,90.92014928128314,Attacked,Missed,None,0.555278778076172,0.5069046020507812,1.327035,0.271094,,,,,,,-7.948594,0.237382,0.124281,-8.840952,0.275816,-0.002763,-10.36732140486431,-10.05969289680605,0.3291056084497435,0.1391731961565132,1.564971738182241,-1.272221872585407e-14,-1.0,-1.0,NARENDRA-MODI-STADIUM-AHMEDABAD,-1.0,,R,L,R,Gujarat-Titans,Rajasthan-Royals,Seam,1
2425,2,35,Gujarat Titans,Sai Sudharsan,Ravindra Jadeja,,7,1,4,4,4,0,0,0,0,0,0,0,0,0,1,0,0,,,0,6.1,1,1,0,816100,65.0,-167.5,4,0,,10,ORTHODOX,35.0,LATE CUT,0,0,1,6,60,0,Outside Off stump,Good Length,1,0,1,0,0,0,0,0,58.3055684582417,-3.739767529069843,8.340790168614213,0.8211891903586582,2.147905219636743,,,,,,,10.52836140153527,0.275732516644639,0.6145281562267054,74.60597176954192,Attacked,Played,None,0.750080108642578,0.7537193298339844,5.253065,0.709893,,,,,,,-9.262449,0.55271,0.633309,-8.84094,0.568319,0.59729,-14.91823737474455,-10.06002089549851,0.5227143564552311,0.6876611982298015,1.808599798376796,-2.379854612059823,-1.0,-1.0,NARENDRA-MODI-STADIUM-AHMEDABAD,-1.0,,L,R,L,Gujarat-Titans,Rajasthan-Royals,Spin,1
2425,2,35,Gujarat Titans,Sai Sudharsan,Ravindra Jadeja,,7,2,2,2,2,0,1,0,0,0,0,0,0,0,0,0,0,,,0,6.2,1,1,0,816101,-159.0,58.0,2,0,,10,ORTHODOX,97.0,BACKFOOT PUSH,0,0,2,6,62,0,Outside Off stump,Good Length,0,0,1,0,0,0,0,0,61.42171586343181,-5.081763839269507,8.34105491960198,0.75617622445031,2.082513527960252,,,,,,,9.458080706750307,0.2182086730519753,0.586248859091314,76.11646155849957,Attacked,Played,None,0.717636108398438,0.6855354309082031,6.285887,0.39974,,,,,,,-8.557278,0.124206,0.6028,-8.840609,0.106883,0.621779,-14.49044292112513,-10.06011098056826,0.03090773911025069,0.6805740125778335,0.6286307409026742,-1.764913479411423,-1.0,-1.0,NARENDRA-MODI-STADIUM-AHMEDABAD,-1.0,,L,R,L,Gujarat-Titans,Rajasthan-Royals,Spin,1
2425,2,35,Gujarat Titans,Sai Sudharsan,Ravindra Jadeja,,7,3,2,2,2,0,1,0,0,0,0,0,0,0,0,0,0,,,0,6.3,1,1,0,816102,-149.5,112.5,2,0,,10,ORTHODOX,58.0,BACKFOOT PULL SHOT,0,0,3,6,64,0,Outside Off stump,Short Length,0,0,1,0,0,0,0,0,56.88666861649918,-7.03063833331153,8.341016004575454,0.7623180755472523,2.072398365310523,,,,,,,12.01751836217295,0.1914236791223827,0.6451379005091009,87.62831716412687,Attacked,Played,None,0.793418884277344,0.7499313354492188,8.544019,0.801688,,,,,,,-8.281486,0.578957,0.905137,-8.840887,0.55882,0.918149,-16.63632469381212,-10.06009910025761,0.5138829170420656,0.9072589605859207,0.8103810925612369,-2.38972783442429,-1.0,-1.0,NARENDRA-MODI-STADIUM-AHMEDABAD,-1.0,,L,R,L,Gujarat-Titans,Rajasthan-Royals,Spin,1
2425,2,35,Gujarat Titans,Sai Sudharsan,Ravindra Jadeja,,7,4,1,1,1,1,0,0,0,0,0,0,0,0,0,0,0,,,0,6.4,1,1,0,816103,-168.0,56.0,1,0,,10,ORTHODOX,58.0,BACKFOOT PULL SHOT,0,0,4,6,65,0,Outside Off stump,Short Length,0,0,1,0,0,0,0,0,62.46067244227015,-6.410196585816712,8.340658173860824,0.7340934372510639,2.130872329796198,,,,,,,11.39921350008055,0.1997211987811365,0.686375337059004,92.98418068073696,Attacked,Played,None,0.713825225830078,0.6631736755371094,7.154128,0.434431,,,,,,,-8.170895,0.194476,0.852391,-8.84083,0.161711,0.916725,-14.95750593593813,-10.06013114211524,0.1006288075771522,1.006047430446683,0.3062609551164515,-1.089590407080329,-1.0,-1.0,NARENDRA-MODI-STADIUM-AHMEDABAD,-1.0,,L,R,L,Gujarat-Titans,Rajasthan-Royals,Spin,1
2425,2,35,Gujarat Titans,Kumar Kushagra,Ravindra Jadeja,,7,5,1,1,1,1,0,0,0,0,0,0,0,0,0,0,0,,,0,6.5,1,1,0,816104,-76.0,153.0,1,0,,10,ORTHODOX,6.0,BACKFOOT OFF DRIVE,0,0,5,6,66,0,Outside Off stump,Good Length,0,0,1,0,0,0,0,0,59.66466882351805,-5.55114836116401,8.340610712357904,-0.8603939391215014,2.129094409562115,,,,,,,11.26168740836053,0.2078924282456822,0.6464648714738539,86.18048789650987,Attacked,Played,None,0.742698669433594,0.6863250732421875,7.005463,-0.274395,,,,,,,-8.070703,-0.148545,0.781543,-8.840912,-0.127843,0.847097,-15.58990338230826,-10.0601401103899,-0.09423239358959537,0.9183774189398869,0.5504047696020011,-1.872749364835337,-1.0,-1.0,NARENDRA-MODI-STADIUM-AHMEDABAD,-1.0,,R,L,L,Gujarat-Titans,Rajasthan-Royals,Spin,1
2425,2,35,Gujarat Titans,Sai Sudharsan,Ravindra Jadeja,,7,6,1,1,1,1,0,0,0,0,0,0,0,0,0,0,0,,,0,6.6,1,1,0,816105,-165.0,32.5,1,0,,10,ORTHODOX,97.0,BACKFOOT PUSH,0,0,6,6,67,0,Outside Off stump,Good Length,0,0,1,0,0,0,0,0,65.68412765874184,-5.756603326677921,8.340751208500748,0.7822006365119035,2.107420283918068,,,,,,,8.687514580843574,0.1531820656511969,0.5813992935907609,81.89168747349446,Attacked,Played,None,0.663471221923828,0.6387863159179688,6.187989,0.431175,,,,,,,-8.663023,0.212936,0.579513,-8.841013,0.204357,0.592616,-13.87133886648497,-10.06011763775761,0.1446089224461538,0.6654445176800217,0.3735007776672252,-1.022810001508592,-1.0,-1.0,NARENDRA-MODI-STADIUM-AHMEDABAD,-1.0,,L,R,L,Gujarat-Titans,Rajasthan-Royals,Spin,1
2425,2,35,Gujarat Titans,Sai Sudharsan,Riyan Parag,,8,1,4,4,4,0,0,0,0,0,0,0,0,0,1,0,0,,,0,7.1,1,1,0,816106,161.0,177.5,4,0,,25,OFF SPIN,84.0,FRONTFOOT OFF DRIVE,0,0,1,7,71,0,Outside Off stump,Full Length,1,0,1,0,0,0,0,0,47.3166953990892,3.28420646432522,8.340746007696918,0.840900610500241,2.228509526734657,,,,,,,14.6923982348271,0.4073454163611404,0.5596821471510823,53.21778043654832,Attacked,Played,None,0.91424560546875,0.8234024047851562,2.69932,0.148516,,,,,,,-7.88798,0.172367,0.156849,-8.840883,0.21632,0.363359,-19.88295761795687,-10.05992809248692,0.2742234192611833,0.5621735875822336,-2.925132917698564,6.638570197289376,-1.0,-1.0,NARENDRA-MODI-STADIUM-AHMEDABAD,-1.0,,L,R,R,Gujarat-Titans,Rajasthan-Royals,Spin,1
2425,2,35,Gujarat Titans,Sai Sudharsan,Riyan Parag,,8,2,0,0,0,0,0,0,1,0,0,0,0,0,0,0,0,,,0,7.2,1,1,0,816107,-69.0,2.0,0,0,,25,OFF SPIN,49.0,FORWARD DEFENCE,0,0,2,7,71,0,Outside Off stump,Good Length,0,0,1,0,0,0,0,0,49.53666984382312,-0.02647875119035047,8.340705709185265,0.7687703516769474,2.181960716663305,,,,,,,14.13160864443074,0.1796054802604501,0.6892742686797172,95.43059227591257,Defended,Edged,None,0.871650695800781,0.7892532348632812,4.575638,0.256533,,,,,,,-7.815895,0.219908,0.52492,-8.840973,0.203169,0.695578,-18.22566869869139,-10.05981815522854,0.1827213841720002,0.8511282500988087,-1.909185374173737,2.245823108006902,-1.0,-1.0,NARENDRA-MODI-STADIUM-AHMEDABAD,-1.0,,L,R,R,Gujarat-Titans,Rajasthan-Royals,Spin,1
2425,2,35,Gujarat Titans,Sai Sudharsan,Riyan Parag,,8,3,0,0,0,0,0,0,1,0,0,0,0,0,0,0,0,,,0,7.3,1,1,0,816108,-69.0,2.0,0,0,,25,OFF SPIN,55.0,SWEEP SHOT,0,0,3,7,71,0,Outside Leg stump,Full Length,0,0,1,0,0,0,0,0,48.69743280073015,0.6938527723303325,8.340964122895116,0.7829816056878529,2.186699026309046,,,,,,,13.47836734770974,0.2411816479910223,0.6197093845546041,78.83824288408839,Attacked,Missed,None,0.891380310058594,0.7833251953125,4.283123,-0.085772,,,,,,,-7.455476,-0.10984,0.374848,-8.840806,-0.130441,0.596163,-18.62873576114111,-10.05983370724071,-0.1491595603108795,0.7297624999717509,-2.227635105298455,3.882503338096206,-1.0,-1.0,NARENDRA-MODI-STADIUM-AHMEDABAD,-1.0,,L,R,R,Gujarat-Titans,Rajasthan-Royals,Spin,1
2425,2,35,Gujarat Titans,Sai Sudharsan,Riyan Parag,,8,4,6,6,6,0,0,0,0,0,0,0,0,0,0,1,0,,,0,7.4,1,1,0,816109,-220.0,143.5,6,0,,25,OFF SPIN,11.0,LOFTED ON DRIVE,0,0,4,7,77,0,Leg stump,Full Toss,0,0,1,0,0,0,0,0,56.37771576424366,0.9242889806777561,8.340646632679842,0.7674433912897669,2.218235308084416,,,,,,,11.12248073503169,0.1056543452718784,0.6499999999999998,96.93456547281212,Attacked,Played,None,0.744621276855469,0.6681060791015625,0.66479,0.086092,,,,,,,-7.569835,0.191965,0.472669,-8.840908,0.119218,0.138143,-16.03137062647997,-10.0598317036655,0.04585387920234538,0.1077108875131197,-2.384451773725885,2.544443745170813e-14,-1.0,-1.0,NARENDRA-MODI-STADIUM-AHMEDABAD,-1.0,,L,R,R,Gujarat-Titans,Rajasthan-Royals,Spin,1
2425,2,35,Gujarat Titans,Sai Sudharsan,Riyan Parag,,8,5,1,1,1,1,0,0,0,0,0,0,0,0,0,0,0,,,0,7.5,1,1,0,816110,-92.0,61.0,1,0,,24,LEG SPIN,97.0,BACKFOOT PUSH,0,0,5,7,78,0,Outside Off stump,Good Length,0,0,1,0,0,0,0,0,48.55238887151221,0.2358560709031175,8.340675583605552,0.7679334576878305,2.168656822793371,,,,,,,12.30758531420003,0.1659639757839042,0.5810084326116098,80.55486731335105,Attacked,Played,None,0.912734985351562,0.863067626953125,5.007736,0.179036,,,,,,,-8.76256,0.152827,0.613506,-8.840986,0.152248,0.62115,-18.8993068792205,-10.05991930367384,0.14311094705397,0.7099917202155154,-1.348720147227829,2.834726386439811,-1.0,-1.0,NARENDRA-MODI-STADIUM-AHMEDABAD,-1.0,,L,R,R,Gujarat-Titans,Rajasthan-Royals,Spin,1
2425,2,35,Gujarat Titans,Kumar Kushagra,Riyan Parag,,8,6,0 WK,W,0,0,0,0,1,0,0,0,0,0,0,0,1,Caught,WICKET,1,7.6,1,1,0,816111,-92.0,61.0,0,0,https://scores.bcci.tv/matchcentre/commentaryFiles/TATA-IPL-2026/Gujarat-Titans-VS-Rajasthan-Royals-(04-Apr-2026)/File_2-8-816111.png,25,OFF SPIN,11.0,LOFTED ON DRIVE,0,0,6,7,78,1,Outside Off stump,Full Length,1,0,1,0,0,0,0,0,49.2160280113247,0.2699885586013662,8.34059555424863,0.7172088009113187,2.190741574387716,,,,,,,14.02538766764323,0.2441578318407683,0.6473808960840473,82.69135122853027,None,None,None,0.893955230712891,0.7701759338378906,4.51927,-0.110643,,,,,,,-7.343308,-0.156178,0.415799,-8.840908,-0.195535,0.663945,-18.51878431319386,-10.05985143960132,-0.2286691651016945,0.8029686520130115,-2.058543577982658,3.07358224825872,-1.0,-1.0,NARENDRA-MODI-STADIUM-AHMEDABAD,-1.0,,R,L,R,Gujarat-Titans,Rajasthan-Royals,Spin,1
2425,2,35,Gujarat Titans,Sai Sudharsan,Ravindra Jadeja,,9,1,1,1,1,1,0,0,0,0,0,0,0,0,0,0,0,,,0,8.1,1,1,0,816112,-77.5,93.5,1,0,,10,ORTHODOX,97.0,BACKFOOT PUSH,0,0,1,8,79,1,Outside Off stump,Good Length,2,0,1,0,0,0,0,0,59.26410633151774,-4.676217042626539,8.340746159541293,0.7545887605008977,2.134028985711947,,,,,,,9.866858201466583,0.2160382986930631,0.6002324795674907,78.4310420658173,Attacked,Played,None,0.737640380859375,0.7159080505371094,5.855472,0.441473,,,,,,,-8.742909,0.187416,0.599748,-8.84077,0.181632,0.607013,-14.7403745130306,-10.06003257933138,0.1083805821517351,0.676289307371514,0.6573214546060049,-1.956501150408138,-1.0,-1.0,NARENDRA-MODI-STADIUM-AHMEDABAD,-1.0,,L,R,L,Gujarat-Titans,Rajasthan-Royals,Spin,1
2425,2,35,Gujarat Titans,Jos Buttler,Ravindra Jadeja,,9,2,1,1,1,1,0,0,0,0,0,0,0,0,0,0,0,,,0,8.2,1,1,0,816113,-68.0,139.0,1,0,,10,ORTHODOX,84.0,FRONTFOOT OFF DRIVE,0,0,2,8,80,1,Outside Off stump,Full Length,0,0,1,0,0,0,0,0,55.35912007919615,-2.003043172888836,8.340676114328812,-0.8473555287067813,2.176005883814271,,,,,,,12.17967429089349,0.2719148417429776,0.656380869971362,81.26564632140655,Attacked,Played,None,0.780738830566406,0.71759033203125,4.498429,-0.153684,,,,,,,-8.017277,-0.131984,0.482947,-8.84085,-0.124415,0.600874,-16.00763920019099,-10.06009327414403,-0.1129220987335151,0.7388656744743536,0.9359388135939588,-2.853661165993466,-1.0,-1.0,NARENDRA-MODI-STADIUM-AHMEDABAD,-1.0,,R,L,L,Gujarat-Titans,Rajasthan-Royals,Spin,1
2425,2,35,Gujarat Titans,Sai Sudharsan,Ravindra Jadeja,,9,3,4,4,4,0,0,0,0,0,0,0,0,0,1,0,0,,,0,8.3,1,1,0,816114,203.5,17.0,4,0,,10,ORTHODOX,52.0,BACKFOOT COVERDRIVE,0,0,3,8,84,1,Outside Off stump,Good Length,0,0,1,0,0,0,0,0,64.41443398677907,-5.772367114141757,8.34079213259717,0.8872830062535898,2.113402368975947,,,,,,,10.23318098542475,0.1765811059633997,0.6332950598458714,87.33614838054075,Attacked,Played,None,0.683361053466797,0.6841506958007812,6.665123,0.79279,,,,,,,-9.220494,0.650992,0.790145,-8.840989,0.660835,0.758854,-14.75356340298797,-10.05984189385784,0.6288902601179112,0.8481596230407407,0.2674734642629426,-0.9829381233480087,-1.0,-1.0,NARENDRA-MODI-STADIUM-AHMEDABAD,-1.0,,L,R,L,Gujarat-Titans,Rajasthan-Royals,Spin,1
2425,2,35,Gujarat Titans,Sai Sudharsan,Ravindra Jadeja,,9,4,2,2,2,0,1,0,0,0,0,0,0,0,0,0,0,,,0,8.4,1,1,0,816115,-69.0,184.0,2,0,,10,ORTHODOX,58.0,BACKFOOT PULL SHOT,0,0,4,8,86,1,Outside Off stump,Short of Good Length,0,0,1,0,0,0,0,0,61.58370898663206,-6.2318204592227,8.341108044100793,0.7575391560416086,2.084906355245224,,,,,,,9.705685009162709,0.1664918332972749,0.6097596576874119,84.8147653233843,Attacked,Played,None,0.722579956054688,0.6805572509765625,7.047441,0.561509,,,,,,,-8.467422,0.33284,0.686049,-8.840938,0.316086,0.709227,-14.61309871286955,-10.06016249784363,0.2603075963043041,0.7611659524061332,0.2586821824503442,-1.402973792101891,-1.0,-1.0,NARENDRA-MODI-STADIUM-AHMEDABAD,-1.0,,L,R,L,Gujarat-Titans,Rajasthan-Royals,Spin,1
2425,2,35,Gujarat Titans,Sai Sudharsan,Ravindra Jadeja,,9,5,6,6,6,0,0,0,0,0,0,0,0,0,0,1,0,,,0,8.5,1,1,0,816116,-203.5,113.5,6,0,,10,ORTHODOX,95.0,SLOG SWEEP,0,0,5,8,92,1,Outside Off stump,Full Length,0,0,1,0,0,0,0,0,57.01311597478805,-2.585866353223161,8.340641554151773,0.6479027280065595,2.140189684070269,,,,,,,10.72145405748971,0.308228820051111,0.5969643837260276,68.72177555379304,Attacked,Played,None,0.760288238525391,0.6604957580566406,4.667392,0.396518,,,,,,,-7.267629,0.3331,0.338513,-8.840895,0.277628,0.533444,-15.33423302927279,-10.0601378833471,0.2331087068919257,0.6359498268159387,2.200214945541782,-2.002746279245318,-1.0,-1.0,NARENDRA-MODI-STADIUM-AHMEDABAD,-1.0,,L,R,L,Gujarat-Titans,Rajasthan-Royals,Spin,1
2425,2,35,Gujarat Titans,Sai Sudharsan,Ravindra Jadeja,,9,6,0,0,0,0,0,0,1,0,0,0,0,0,0,0,0,,,0,8.6,1,1,0,816117,99.0,-16.5,0,0,,10,ORTHODOX,16.0,BACKFOOT SQUARE DRIVE,0,0,6,8,92,1,Outside Off stump,Good Length,0,0,1,0,0,0,0,0,63.01971914005148,-4.692627276368566,8.340838237621305,0.718230441800518,2.134472823333065,,,,,,,9.548621396344272,0.2045136063013948,0.6087093495389276,80.85504180069967,Attacked,Played,None,0.691474914550781,0.68646240234375,5.496953,0.464476,,,,,,,-9.106941,0.260651,0.605403,-8.840887,0.27319,0.582343,-14.2045919456682,-10.06012107611435,0.2150513073413302,0.6750991560008865,0.8227449901809315,-1.744070850215374,-1.0,-1.0,NARENDRA-MODI-STADIUM-AHMEDABAD,-1.0,,L,R,L,Gujarat-Titans,Rajasthan-Royals,Spin,1
2425,2,35,Gujarat Titans,Jos Buttler,Nandre Burger,,10,1,1 (LB),1,0,0,0,0,1,1,0,0,0,1,0,0,0,,,0,9.1,1,1,1,816118,99.0,-16.5,1,0,,30,ANGLED ACROSS,54.0,LEG GLANCE,0,0,1,9,93,1,Outside Leg stump,Short of Good Length,1,0,1,0,0,0,0,0,85.77337150486328,-10.96572963397753,8.341065764265245,0.5570724156738763,1.960581696961269,,,,,,,8.309472812490844,0.07353873263384245,0.601023719425287,92.7996846504088,Attacked,Missed,None,0.506847381591797,0.4897842407226563,9.335268,0.342609,,,,,,,-8.298286,0.240305,0.912389,-8.840977,0.232263,0.956746,-13.2949045695672,-10.06022756694858,0.2137973063925599,1.044250020014959,0.002302023911991306,0.6415129555603626,-1.0,-1.0,NARENDRA-MODI-STADIUM-AHMEDABAD,-1.0,,R,L,L,Gujarat-Titans,Rajasthan-Royals,Seam,1
2425,2,35,Gujarat Titans,Sai Sudharsan,Nandre Burger,,10,2,1,1,1,1,0,0,0,0,0,0,0,0,0,0,0,,,0,9.2,1,1,0,816119,98.0,110.0,1,0,,39,ANGLED IN,6.0,BACKFOOT OFF DRIVE,0,0,2,9,94,1,Wide outside Off stump,Short of Good Length,0,0,1,0,0,0,0,0,71.35541765558634,-9.21760771648384,8.340477110161487,0.6361291326765208,1.955373531227653,,,,,,,8.70373664686475,0.04700182964467236,0.5629008481601436,89.73494425955431,Attacked,Played,None,0.609889984130859,0.5924835205078125,9.277087,0.825518,,,,,,,-8.535073,0.923501,0.852109,-8.84088,0.925465,0.867847,-14.92894258641788,-10.05980966129031,0.9315058785980227,0.9143451860710902,-0.7931441504284623,0.2284761318821989,-1.0,-1.0,NARENDRA-MODI-STADIUM-AHMEDABAD,-1.0,,L,R,L,Gujarat-Titans,Rajasthan-Royals,Seam,1
2425,2,35,Gujarat Titans,Jos Buttler,Nandre Burger,,10,3,4,4,4,0,0,0,0,0,0,0,0,0,1,0,0,,,0,9.3,1,1,0,816120,-155.0,163.5,4,0,,30,ANGLED ACROSS,84.0,FRONTFOOT OFF DRIVE,0,0,3,9,98,1,Middle stump,Good Length,0,0,1,0,0,0,0,0,87.65969030913378,-7.687277329673667,8.341159123389836,0.5322951930762342,1.995276282960317,,,,,,,7.138103828855888,0.05050880273040328,0.6514864444988001,102.6720864017797,Attacked,Played,None,0.488800048828125,0.461883544921875,6.087113,0.016227,,,,,,,-8.307231,-0.172182,0.491412,-8.840914,-0.196629,0.540384,-10.71610730235407,-10.05976432969062,-0.2535840913030454,0.6427782611381947,-0.6015136316093702,0.3345688556497804,-1.0,-1.0,NARENDRA-MODI-STADIUM-AHMEDABAD,-1.0,,R,L,L,Gujarat-Titans,Rajasthan-Royals,Seam,1
2425,2,35,Gujarat Titans,Jos Buttler,Nandre Burger,,10,4,0,0,0,0,0,0,1,0,0,0,0,0,0,0,0,,,0,9.4,1,1,0,816121,-61.5,-19.5,0,0,,39,ANGLED IN,27.0,FORWARD PUSH,0,0,4,9,98,1,Outside Off stump,Good Length,0,0,1,0,0,0,0,0,88.63169550565246,-8.726886212283313,8.340717143712205,-0.9793672616282819,1.956797565702741,,,,,,,7.846426305508786,0.01984984016552679,0.6754804296714154,109.3370804341596,Defended,Played,None,0.490058898925781,0.4598121643066406,7.442995,-0.419869,,,,,,,-8.290343,-0.19718,0.695348,-8.840879,-0.174061,0.748825,-11.4599644532931,-10.06002713982472,-0.1218037452641568,0.8578024567101323,-0.4671822529815536,-0.5612853301483395,-1.0,-1.0,NARENDRA-MODI-STADIUM-AHMEDABAD,-1.0,,R,L,L,Gujarat-Titans,Rajasthan-Royals,Seam,1
2425,2,35,Gujarat Titans,Jos Buttler,Nandre Burger,,10,5,1,1,1,1,0,0,0,0,0,0,0,0,0,0,0,,,0,9.5,1,1,0,816122,173.5,44.0,1,0,,30,ANGLED ACROSS,97.0,BACKFOOT PUSH,0,0,5,9,99,1,Middle stump,Short of Good Length,0,0,1,0,0,0,0,0,73.81697455499958,-18.49219520381186,8.340779726809672,-0.9594181621555243,1.853851936695726,,,,,,,11.92448599434079,0.02876099939674607,0.5280782538813324,86.33563814252527,Attacked,Played,None,0.647815704345703,0.561492919921875,13.341765,-0.732846,,,,,,,-7.413859,-0.433393,1.633545,-8.840843,-0.390412,1.717572,-21.4672236029137,-10.06024978174806,-0.3530552501013085,1.755145385566964,-0.03305640069948745,-1.040573811870894,-1.0,-1.0,NARENDRA-MODI-STADIUM-AHMEDABAD,-1.0,,R,L,L,Gujarat-Titans,Rajasthan-Royals,Seam,1
2425,2,35,Gujarat Titans,Sai Sudharsan,Nandre Burger,,10,6,4,4,4,0,0,0,0,0,0,0,0,0,1,0,0,,,0,9.6,1,1,0,816123,1.5,-164.0,4,0,,36,BOUNCER,31.0,UPPER CUT,1,0,6,9,103,1,Middle stump,Short Length,0,1,2,0,0,1,0,0,73.4057115403578,-17.7068036425811,8.340698263317108,0.6630824182473275,1.855869015219025,,,,,,,10.74973126006157,0.002406738196957248,0.4494854921779172,77.18215000699185,Attacked,Played,None,0.634597778320312,0.6397590637207031,13.48515,0.482584,,,,,,,-9.103883,0.074114,1.766304,-8.840644,0.086752,1.748299,-22.88136189221587,-10.06024676043076,0.02626665852418675,1.822483594352926,-0.5675305867315763,1.226091954662699,-1.0,-1.0,NARENDRA-MODI-STADIUM-AHMEDABAD,-1.0,,L,R,L,Gujarat-Titans,Rajasthan-Royals,Seam,1
2425,2,35,Gujarat Titans,Jos Buttler,Ravi Bishnoi,,11,1,1,1,1,1,0,0,0,0,0,0,0,0,0,0,0,,,0,10.1,1,1,0,816124,136.5,117.5,1,0,,21,SLIDER,58.0,BACKFOOT PULL SHOT,0,0,1,10,104,1,Outside Off stump,Short of Good Length,1,0,2,0,0,0,0,0,64.48987204893733,-4.758842587603097,8.340568038927298,-0.8995081261380182,1.872277570306157,,,,,,,9.701937730049563,0.1370474031165975,0.6378117223979317,91.96701804803001,Attacked,Played,None,0.685077667236328,0.643524169921875,7.14834,-0.315204,,,,,,,-8.412054,-0.059796,0.727425,-8.840934,-0.041116,0.760061,-14.19125609550722,-10.06017487980629,0.0107758080189323,0.8317117503124994,-0.1953686300331465,-0.08395348491790305,-1.0,-1.0,NARENDRA-MODI-STADIUM-AHMEDABAD,-1.0,,R,L,R,Gujarat-Titans,Rajasthan-Royals,Spin,1
2425,2,35,Gujarat Titans,Sai Sudharsan,Ravi Bishnoi,,11,2,2 (NB),2,1,1,0,0,0,1,0,1,0,0,0,0,0,,,0,10.2,1,1,1,816125,-175.5,85.5,2,0,,21,SLIDER,58.0,BACKFOOT PULL SHOT,0,0,2,10,106,1,Outside Leg stump,Short of Good Length,0,0,2,0,0,0,0,0,56.65463055364371,-3.099535929849344,8.34067657662025,-1.197749955403889,1.836516036106025,,,,,,,11.01940693908324,0.2532791197423002,0.6604510878707727,83.7397512063859,Attacked,Played,None,0.771743774414062,0.718231201171875,6.637222,-0.271966,,,,,,,-8.323467,0.236272,0.719739,-8.840825,0.293559,0.757827,-14.6960291952058,-10.05980041206518,0.4315920063630217,0.8163437708176635,1.270068372322684,0.4313858179410128,-1.0,-1.0,NARENDRA-MODI-STADIUM-AHMEDABAD,-1.0,,L,R,R,Gujarat-Titans,Rajasthan-Royals,Spin,1
2425,2,35,Gujarat Titans,Jos Buttler,Ravi Bishnoi,,11,2,1,1,1,1,0,0,0,0,0,0,0,0,0,0,0,,,0,10.2,1,1,0,816126,-8.0,-90.0,1,0,,24,LEG SPIN,21.0,STEP DOWN OFF DRIVE,0,0,3,10,107,1,Outside Leg stump,Good Length,0,0,2,0,0,0,0,0,66.97925897183917,-4.27829665863088,8.340535121266335,-0.9008208579853592,1.822130857449062,,,,,,,8.062356167289408,0.1071785026156851,0.5589611215954239,83.12631797774509,Attacked,Edged,None,0.647975921630859,0.5830307006835938,6.811391,-0.990546,,,,,,,-7.708838,-1.11345,0.515885,-8.840816,-1.14665,0.591966,-13.66069824475701,-10.06017795258662,-1.18341976920154,0.6476087695134336,0.219400827273995,-1.174922621243217,-1.0,-1.0,NARENDRA-MODI-STADIUM-AHMEDABAD,-1.0,,R,L,R,Gujarat-Titans,Rajasthan-Royals,Spin,1
2425,2,35,Gujarat Titans,Sai Sudharsan,Ravi Bishnoi,,11,3,0,0,0,0,0,0,1,0,0,0,0,0,0,0,0,,,0,10.3,1,1,0,816127,70.0,45.0,0,0,,28,GOOGLY,97.0,BACKFOOT PUSH,0,0,4,10,107,1,Outside Leg stump,Good Length,0,0,2,0,0,0,0,0,58.40149013245502,-3.086087612063952,8.340804877060162,-1.034504155230684,1.814935645156374,,,,,,,9.496102715812185,0.2903101784737749,0.5732600982238665,66.95799688620248,Defended,Played,None,0.760425567626953,0.7245712280273438,6.595521,-0.230935,,,,,,,-8.503927,0.206428,0.583596,-8.840746,0.237641,0.59731,-14.43985628358983,-10.06016663852365,0.3529597799364119,0.6179996089269677,1.06807730097265,0.2240069070210802,-1.0,-1.0,NARENDRA-MODI-STADIUM-AHMEDABAD,-1.0,,L,R,R,Gujarat-Titans,Rajasthan-Royals,Spin,1
2425,2,35,Gujarat Titans,Sai Sudharsan,Ravi Bishnoi,,11,4,0 WK,W,0,0,0,0,1,0,0,0,0,0,0,0,1,Caught,WICKET,1,10.4,1,1,0,816128,70.0,45.0,0,0,,21,SLIDER,58.0,BACKFOOT PULL SHOT,0,0,5,10,107,2,Outside Leg stump,Short Length,1,0,2,0,0,0,0,0,58.2400212428665,-5.058284724406404,8.34109516412402,-1.113368125853557,1.805401080151828,,,,,,,11.50701048236943,0.1962730819159812,0.6939715226805061,94.4684202104778,None,None,None,0.764167785644531,0.7090988159179688,8.180278,-0.506034,,,,,,,-7.976021,-0.039601,0.878841,-8.840852,0.032065,0.926625,-14.96099274310322,-10.06020362074666,0.1357533559203759,0.9557787816923434,0.5682951640861311,0.3965607563792594,-1.0,-1.0,NARENDRA-MODI-STADIUM-AHMEDABAD,-1.0,,L,R,R,Gujarat-Titans,Rajasthan-Royals,Spin,1
2425,2,35,Gujarat Titans,Glenn Phillips,Ravi Bishnoi,,11,5,1,1,1,1,0,0,0,0,0,0,0,0,0,0,0,,,0,10.5,1,1,0,816129,79.5,176.5,1,0,,10,ORTHODOX,97.0,BACKFOOT PUSH,0,0,6,10,108,2,Outside Off stump,Good Length,2,0,2,0,0,0,0,0,57.68665996546182,-3.579680928025708,8.340844197200113,-1.069096197052956,1.832642662391443,,,,,,,10.12095337664591,0.2066717555296652,0.6302333396505013,83.86782539460867,Attacked,Played,None,0.763412475585938,0.7322616577148438,6.86232,-0.361826,,,,,,,-8.56748,-0.128231,0.672794,-8.840833,-0.115522,0.686913,-14.53394089678767,-10.06020183914752,-0.05775834367363342,0.7234859452144289,2.365169828882757,-2.394966328771161,-1.0,-1.0,NARENDRA-MODI-STADIUM-AHMEDABAD,-1.0,,R,R,R,Gujarat-Titans,Rajasthan-Royals,Spin,1
2425,2,35,Gujarat Titans,Jos Buttler,Ravi Bishnoi,,11,6,4,4,4,0,0,0,0,0,0,0,0,0,1,0,0,,,0,10.6,1,1,0,816130,-212.5,-36.0,4,0,,24,LEG SPIN,36.0,CUT SHOT,0,0,7,10,112,2,Outside Off stump,Short Length,0,0,2,0,0,0,0,0,64.03468998521934,-6.986953016470968,8.340490154723813,-0.9073375348919852,1.789436834616874,,,,,,,8.934005479302998,0.02034537618787507,0.5748186421298715,94.18825870069323,Attacked,Played,None,0.698673248291016,0.6716537475585938,9.308744,-0.605619,,,,,,,-8.951406,-0.553478,0.815989,-8.840887,-0.553514,0.813201,-15.17536683376765,-10.06011678658963,-0.5543583349798754,0.8291385416151299,-0.099584502167193,-1.192938534608754,-1.0,-1.0,NARENDRA-MODI-STADIUM-AHMEDABAD,-1.0,,R,R,R,Gujarat-Titans,Rajasthan-Royals,Spin,1
2425,2,35,Gujarat Titans,Glenn Phillips,Tushar Deshpande,,12,1,1,1,1,1,0,0,0,0,0,0,0,0,0,0,0,,,0,11.1,1,1,0,816131,-138.5,51.0,1,0,,39,ANGLED IN,97.0,BACKFOOT PUSH,0,0,1,11,113,2,Outside Off stump,Good Length,1,0,2,0,0,0,0,0,86.29728297195015,-7.791706861464448,8.34076316886086,-0.854331751372383,1.863682168897485,,,,,,,7.215257170657861,0.004450989878786313,0.632632257504709,104.4497396378277,Attacked,Played,None,0.498504638671875,0.4828262329101563,7.330178,-0.473415,,,,,,,-8.70413,-0.215806,0.64538,-8.840604,-0.20952,0.656457,-11.29897134072825,-10.06024617400237,-0.1524580328393518,0.7475451411402068,0.319662107159291,0.1824239243990993,-1.0,-1.0,NARENDRA-MODI-STADIUM-AHMEDABAD,-1.0,,R,R,R,Gujarat-Titans,Rajasthan-Royals,Seam,1
2425,2,35,Gujarat Titans,Jos Buttler,Tushar Deshpande,,12,2,4,4,4,0,0,0,0,0,0,0,0,0,1,0,0,,,0,11.2,1,1,0,816132,59.0,-178.5,4,0,,39,ANGLED IN,99.0,SCOOP,0,0,2,11,117,2,Outside Off stump,Good Length,0,0,2,0,0,0,0,0,86.51705128136052,-9.566231673908169,8.340399945853498,-0.8759854649805566,1.842587605070749,,,,,,,8.605118906773725,0.08834504725470607,0.6587145867325684,99.97268328441466,Attacked,Played,None,0.498802185058594,0.4740829467773438,9.02092,-0.617037,,,,,,,-8.047496,-0.407903,0.907698,-8.84085,-0.382027,0.9822,-12.53060671954434,-10.06021861371623,-0.3412526926608989,1.083691256045752,0.06228611202434638,-0.03076778598315407,-1.0,-1.0,NARENDRA-MODI-STADIUM-AHMEDABAD,-1.0,,R,R,R,Gujarat-Titans,Rajasthan-Royals,Seam,1
2425,2,35,Gujarat Titans,Jos Buttler,Tushar Deshpande,,12,3,1,1,1,1,0,0,0,0,0,0,0,0,0,0,0,,,0,11.3,1,1,0,816133,-162.5,-19.5,1,0,,39,ANGLED IN,59.0,FRONTFOOT SQUARE DRIVE,0,0,3,11,118,2,Outside Off stump,Good Length,0,0,2,0,0,0,0,0,77.090114673779,-8.60785999114338,8.340524703932125,-0.8796263514201836,1.830906926749584,,,,,,,8.551080083373497,0.1384516090538996,0.6006033197132059,86.24533705159094,Attacked,Played,None,0.575031280517578,0.5534477233886719,9.047442,-0.796739,,,,,,,-8.464077,-0.642101,0.861882,-8.840906,-0.633531,0.885664,-13.34147859906083,-10.06016109058902,-0.6052322059860091,0.9474304264087579,-0.4987019704680938,0.8431813040914913,-1.0,-1.0,NARENDRA-MODI-STADIUM-AHMEDABAD,-1.0,,R,R,R,Gujarat-Titans,Rajasthan-Royals,Seam,1
2425,2,35,Gujarat Titans,Glenn Phillips,Tushar Deshpande,,12,4,1,1,1,1,0,0,0,0,0,0,0,0,0,0,0,,,0,11.4,1,1,0,816134,-159.5,-28.0,1,0,,38,STRAIGHT BALL,36.0,CUT SHOT,0,0,4,11,119,2,Outside Off stump,Short Length,0,0,2,0,0,0,0,0,72.79970763139839,-16.41168207524158,8.340676429536309,-0.8589376324356253,1.740503415511558,,,,,,,11.58591699296605,0.000942961778140099,0.5354872741340014,90.2287949422862,Attacked,Played,None,0.640205383300781,0.6154861450195312,13.275641,-0.832765,,,,,,,-8.574117,-0.587288,1.547957,-8.840811,-0.582529,1.55546,-20.93428125386094,-10.05994614076861,-0.5614349378402057,1.568610878268967,-0.03732382577498561,1.032842878432541,-1.0,-1.0,NARENDRA-MODI-STADIUM-AHMEDABAD,-1.0,,R,R,R,Gujarat-Titans,Rajasthan-Royals,Seam,1
2425,2,35,Gujarat Titans,Jos Buttler,Tushar Deshpande,,12,5,4,4,4,0,0,0,0,0,0,0,0,0,1,0,0,,,0,11.5,1,1,0,816135,-135.0,181.5,4,0,,39,ANGLED IN,5.0,LOFTED OFF DRIVE,0,0,5,11,123,2,Outside Off stump,Good Length,0,0,2,0,0,0,0,0,73.72204986627133,-6.141036110444405,8.340473531767142,-0.6900091569565293,1.856482676700398,,,,,,,7.951007643542432,0.0808163524990561,0.6166130208880696,94.41031788330484,Attacked,Played,None,0.589073181152344,0.544189453125,7.027435,-0.404305,,,,,,,-8.077607,-0.224575,0.587877,-8.840863,-0.195581,0.646571,-12.40300633353852,-10.05984942775693,-0.1481830553116322,0.7228057643673218,-0.6276511093789666,0.8212600067339161,-1.0,-1.0,NARENDRA-MODI-STADIUM-AHMEDABAD,-1.0,,R,R,R,Gujarat-Titans,Rajasthan-Royals,Seam,1
2425,2,35,Gujarat Titans,Jos Buttler,Tushar Deshpande,,12,6,4,4,4,0,0,0,0,0,0,0,0,0,1,0,0,,,0,11.6,1,1,0,816136,211.5,97.0,4,0,,38,STRAIGHT BALL,58.0,BACKFOOT PULL SHOT,0,0,6,11,127,2,Outside Off stump,Short Length,0,0,2,0,0,0,0,0,70.74149025946744,-13.44920858305768,8.34113492048234,-0.7061428228725883,1.772646811181752,,,,,,,10.99633371599056,0.03777696950235411,0.5584684593249769,89.99257194851113,Attacked,Played,None,0.638809204101562,0.5874710083007812,12.314085,-0.63912,,,,,,,-7.660804,-0.412181,1.322122,-8.840907,-0.390068,1.369397,-18.82168913940048,-10.05989152578644,-0.3687704299396004,1.385574073766993,-0.7586769868197176,1.221641216317769,-1.0,-1.0,NARENDRA-MODI-STADIUM-AHMEDABAD,-1.0,,R,R,R,Gujarat-Titans,Rajasthan-Royals,Seam,1
2425,2,35,Gujarat Titans,Glenn Phillips,Ravi Bishnoi,,13,1,0 WK,W,0,0,0,0,1,0,0,0,0,0,0,0,1,Caught,WICKET,1,12.1,1,1,0,816137,211.5,97.0,0,0,,21,SLIDER,11.0,LOFTED ON DRIVE,0,0,1,12,127,3,Outside Off stump,Good Length,1,0,2,0,0,0,0,0,57.36974764834116,-2.483486200067776,8.34066363363392,-1.00047702144456,1.860376563167515,,,,,,,10.81970593679683,0.2225381181833617,0.6300703169199023,82.2567357196492,None,None,None,0.767074584960938,0.7284393310546875,6.432552,-0.320982,,,,,,,-8.45109,-0.094693,0.689942,-8.840714,-0.075248,0.718647,-15.30909224410482,-10.06017026071716,-0.0131355171023092,0.7799353756408296,1.758588111995493,-1.624782977082725,-1.0,-1.0,NARENDRA-MODI-STADIUM-AHMEDABAD,-1.0,,R,R,R,Gujarat-Titans,Rajasthan-Royals,Spin,1
2425,2,35,Gujarat Titans,Washington Sundar,Ravi Bishnoi,,13,2,4,4,4,0,0,0,0,0,0,0,0,0,1,0,0,,,0,12.2,1,1,0,816138,-16.0,235.0,4,0,,24,LEG SPIN,13.0,LOFTED STRAIGHT,0,0,2,12,131,3,Outside Off stump,Full Length,2,0,2,0,0,0,0,0,58.11786253603658,-0.1149354980969695,8.340649273475591,-0.9898041384534841,1.854817039610819,,,,,,,9.97045515101825,0.2611971098956992,0.5958043275163816,73.25093813788733,Attacked,Played,None,0.744930267333984,0.6586532592773438,3.859042000000001,0.129361,,,,,,,-7.631654,0.26916,0.258221,-8.840903,0.390989,0.41646,-14.72296091275073,-10.05982501726601,0.5174041185510561,0.5392449991300243,1.636624414552319,0.2336759930713443,-1.0,-1.0,NARENDRA-MODI-STADIUM-AHMEDABAD,-1.0,,L,R,R,Gujarat-Titans,Rajasthan-Royals,Spin,1
2425,2,35,Gujarat Titans,Washington Sundar,Ravi Bishnoi,,13,3,0 WK,W,0,0,0,0,1,0,0,0,0,0,0,0,1,Caught,WICKET,1,12.3,1,1,0,816139,-16.0,235.0,0,0,,24,LEG SPIN,95.0,SLOG SWEEP,0,0,3,12,131,4,Outside Leg stump,Full Length,3,0,2,0,0,0,0,0,56.15831983606338,0.1192063157931034,8.34073316854127,-1.037850177140426,1.877710666856701,,,,,,,10.13556266959704,0.2013447640412171,0.6035459263666313,80.39741255087299,None,None,None,0.770393371582031,0.6754074096679688,3.797708999999999,-0.356454,,,,,,,-7.558443,-0.261176,0.23739,-8.840812,-0.164129,0.410689,-15.12158995332678,-10.06009831469131,-0.06913557750091698,0.5370962630958748,1.735808661056173,0.5618610192833042,-1.0,-1.0,NARENDRA-MODI-STADIUM-AHMEDABAD,-1.0,,L,R,R,Gujarat-Titans,Rajasthan-Royals,Spin,1
2425,2,35,Gujarat Titans,Rahul Tewatia,Ravi Bishnoi,,13,4,0,0,0,0,0,0,1,0,0,0,0,0,0,0,0,,,0,12.4,1,1,0,816140,91.0,-25.5,0,0,,21,SLIDER,49.0,FORWARD DEFENCE,0,0,4,12,131,4,Outside Off stump,Good Length,4,0,2,0,0,0,0,0,65.916656,-2.590679818401762,8.340495549959869,-0.8785373137177515,1.882862371109965,,,,,,,8.132736911730362,0.1476364458940211,0.5683773363795664,80.49295586753286,Defended,Played,None,0.701202392578125,0.62896728515625,4.855178,0.129069,,,,,,,-8.700208,0.341352,0.43686,-8.841025,0.350255,0.449167,-13.38131992665979,-10.0600354822285,0.4285496032047876,0.5406610160257315,0.1520268742212311,-0.984873392814873,-1.0,-1.0,NARENDRA-MODI-STADIUM-AHMEDABAD,-1.0,,L,R,R,Gujarat-Titans,Rajasthan-Royals,Spin,1
2425,2,35,Gujarat Titans,Rahul Tewatia,Ravi Bishnoi,,13,5,1,1,1,1,0,0,0,0,0,0,0,0,0,0,0,,,0,12.5,1,1,0,816141,148.5,-61.0,1,0,,21,SLIDER,36.0,CUT SHOT,0,0,5,12,132,4,Off stump,Short of Good Length,0,0,2,0,0,0,0,0,56.627439,-3.303471029532597,8.340797427312449,-0.9337871816069461,1.793932811892789,,,,,,,10.63213927958056,0.1985989541710883,0.6399056769442188,86.125956124524,Attacked,Played,None,0.701202392578125,0.7800521850585938,7.277698,0.040805,,,,,,,-9.08837,0.777295,0.76108,-8.840612,0.746194,0.752241,-14.98789489988135,-10.06011564653904,0.901197289494591,0.777038245973427,1.529540385767195,0.3936732998820922,-1.0,-1.0,NARENDRA-MODI-STADIUM-AHMEDABAD,-1.0,,L,R,R,Gujarat-Titans,Rajasthan-Royals,Spin,1
2425,2,35,Gujarat Titans,Jos Buttler,Ravi Bishnoi,,13,6,1,1,1,1,0,0,0,0,0,0,0,0,0,0,0,,,0,12.6,1,1,0,816142,113.5,109.0,1,0,,21,SLIDER,97.0,BACKFOOT PUSH,0,0,6,12,133,4,Outside Off stump,Good Length,0,0,2,0,0,0,0,0,63.00910365836773,-4.465797148571569,8.340918610414718,-0.921402691176438,1.806872089712991,,,,,,,9.758757242325581,0.1646000267717904,0.6390405993955255,89.39608723214978,Attacked,Played,None,0.701202392578125,0.6613655090332031,7.363382,-0.176812,,,,,,,-8.391343,0.08933,0.735197,-8.841012,0.111895,0.764519,-14.1172599884451,-10.05997757825024,0.1743482816397526,0.8205505621982412,1.429042491553,-2.090820104088024,-1.0,-1.0,NARENDRA-MODI-STADIUM-AHMEDABAD,-1.0,,R,L,R,Gujarat-Titans,Rajasthan-Royals,Spin,1
2425,2,35,Gujarat Titans,Jos Buttler,Nandre Burger,,14,1,0 WK,W,0,0,0,0,1,0,0,0,0,0,0,0,1,Caught,WICKET,1,13.1,1,1,0,816143,113.5,109.0,0,0,,36,BOUNCER,58.0,BACKFOOT PULL SHOT,1,0,1,13,133,5,Outside Off stump,Short Length,1,0,2,0,0,0,0,0,84.04712205371187,-16.73709731483353,8.340408285397995,-0.9827557773491971,1.85735359897495,,,,,,,11.70159339132853,0.03152768525161286,0.5858513960201472,94.7249408778608,None,None,None,0.5511474609375,0.5144805908203125,12.716861,-0.696042,,,,,,,-7.949608,-0.235411,1.773547,-8.840606,-0.191094,1.866699,-19.16664736092617,-10.05989162879215,-0.128718853809098,1.975269957753403,0.01196131054031338,-0.6856648777202081,-1.0,-1.0,NARENDRA-MODI-STADIUM-AHMEDABAD,-1.0,,R,L,L,Gujarat-Titans,Rajasthan-Royals,Seam,1
2425,2,35,Gujarat Titans,Shahrukh Khan,Nandre Burger,,14,2,1,1,1,1,0,0,0,0,0,0,0,0,0,0,0,,,0,13.2,1,1,0,816144,135.5,-3.5,1,0,https://scores.bcci.tv/matchcentre/commentaryFiles/TATA-IPL-2026/Gujarat-Titans-VS-Rajasthan-Royals-(04-Apr-2026)/File_2-14-816144.png,39,ANGLED IN,97.0,BACKFOOT PUSH,0,0,2,13,134,5,Outside Off stump,Good Length,2,0,2,0,0,0,0,0,84.55838531758955,-10.58852802784166,8.34046170562791,-0.9911120503096501,1.967804442691297,,,,,,,8.470913794133407,0.06977277802444484,0.6079802619015542,94.21976148278866,Defended,Played,None,0.506927490234375,0.4963188171386719,9.209529,-0.381744,,,,,,,-8.300725,0.045483,0.919154,-8.841022,0.081614,0.964456,-13.41886536361447,-10.05975207158019,0.1661418978455317,1.054244598316705,-0.4706734782429211,-0.7056048390555948,-1.0,-1.0,NARENDRA-MODI-STADIUM-AHMEDABAD,-1.0,,R,L,L,Gujarat-Titans,Rajasthan-Royals,Seam,1
2425,2,35,Gujarat Titans,Rahul Tewatia,Nandre Burger,,14,3,1,1,1,1,0,0,0,0,0,0,0,0,0,0,0,,,0,13.3,1,1,0,816145,112.5,30.0,1,0,,39,ANGLED IN,97.0,BACKFOOT PUSH,0,0,3,13,135,5,Outside Off stump,Good Length,0,0,2,0,0,0,0,0,90.35266876742357,-8.019788677847128,8.340488359111148,0.582851451956838,1.979624511477663,,,,,,,7.095962157091957,0.03393319883536339,0.6296161142730456,101.0490972574205,Defended,Played,None,0.478191375732422,0.4720687866210938,6.640164,0.392715,,,,,,,-9.064075,0.290757,0.615211,-8.840559,0.295038,0.595768,-11.06697835504178,-10.05989711694318,0.2714121558593606,0.696701141755917,-0.563308635487624,0.2448358731656983,-1.0,-1.0,NARENDRA-MODI-STADIUM-AHMEDABAD,-1.0,,L,R,L,Gujarat-Titans,Rajasthan-Royals,Seam,1
2425,2,35,Gujarat Titans,Shahrukh Khan,Nandre Burger,,14,4,6,6,6,0,0,0,0,0,0,0,0,0,0,1,0,,,0,13.4,1,1,0,816146,187.0,76.0,6,0,,39,ANGLED IN,58.0,BACKFOOT PULL SHOT,0,0,4,13,141,5,Outside Off stump,Short Length,0,0,2,0,0,0,0,0,86.36271381571643,-10.80860367733597,8.340647067155835,-0.9423951130351613,1.951542398761259,,,,,,,9.082674680729646,0.0953141458607439,0.6384087412347211,96.22989659913378,Attacked,Played,None,0.504364013671875,0.4761428833007813,9.404116,-0.670752,,,,,,,-7.946459,-0.384866,0.99635,-8.84048,-0.352118,1.085092,-13.54303869103956,-10.06005337907436,-0.3085508467950902,1.192084260239652,-0.4657622131768273,0.8562214104156121,-1.0,-1.0,NARENDRA-MODI-STADIUM-AHMEDABAD,-1.0,,R,L,L,Gujarat-Titans,Rajasthan-Royals,Seam,1
2425,2,35,Gujarat Titans,Shahrukh Khan,Nandre Burger,,14,5,0,0,0,0,0,0,1,0,0,0,0,0,0,0,0,,,0,13.5,1,1,0,816147,-70.0,37.5,0,0,,39,ANGLED IN,27.0,FORWARD PUSH,0,0,5,13,141,5,Outside Off stump,Good Length,0,0,2,0,0,0,0,0,76.16874988259417,-7.086963269609936,8.340544337478203,-0.9697291419735853,1.983558954769532,,,,,,,7.578584877551106,0.04280695528775959,0.580857414669369,92.8479166716294,Defended,Played,None,0.567638397216797,0.5136337280273438,7.02091,-0.415943,,,,,,,-7.75291,-0.225363,0.535316,-8.840945,-0.178511,0.620504,-12.71541781080995,-10.06017904607998,-0.124594289348324,0.69770632876447,-0.1852916034120373,-0.4852363188245769,-1.0,-1.0,NARENDRA-MODI-STADIUM-AHMEDABAD,-1.0,,R,L,L,Gujarat-Titans,Rajasthan-Royals,Seam,1
2425,2,35,Gujarat Titans,Shahrukh Khan,Nandre Burger,,14,6,4,4,4,0,0,0,0,0,0,0,0,0,1,0,0,,,0,13.6,1,1,0,816148,-5.0,-163.5,4,0,,36,BOUNCER,31.0,UPPER CUT,1,0,6,13,145,5,Outside Off stump,Short Length,0,0,2,0,0,0,0,0,73.24276948207826,-17.22416547715451,8.340843687577571,-0.9968215524247955,1.939663270314211,,,,,,,12.8625516758048,0.2169720362733692,0.5416715510191203,69.55352902553113,Attacked,Played,None,0.636955261230469,0.6766777038574219,12.841592,-0.632943,,,,,,,-8.461956,0.046285,1.950077,-8.840696,0.07307,1.981035,-20.29331624906195,-10.05993043025859,0.1614840520803424,2.059609617726578,-0.1149128586739955,-0.6927077449802919,-1.0,-1.0,NARENDRA-MODI-STADIUM-AHMEDABAD,-1.0,,R,L,L,Gujarat-Titans,Rajasthan-Royals,Seam,1
2425,2,35,Gujarat Titans,Rahul Tewatia,Ravi Bishnoi,,15,1,4,4,4,0,0,0,0,0,0,0,0,0,1,0,0,,,0,14.1,1,1,0,816149,45.0,-174.0,4,0,,21,SLIDER,27.0,FORWARD PUSH,0,0,1,14,149,5,Off stump,Good Length,1,0,2,0,0,0,0,0,56.92048546797867,-1.901828823123161,8.340698587314193,-0.9969646429589074,1.85448357385475,,,,,,,10.15974450140764,0.2172622022089501,0.607869089657273,79.45414322769594,Defended,Edged,None,0.763240814208984,0.7085838317871094,5.772704,-0.236364,,,,,,,-8.071422,0.043926,0.544345,-8.840719,0.104023,0.607088,-14.96869979055778,-10.06012897903269,0.2016426124778761,0.6722390404652492,1.294732676785978,-0.06382973099181537,-1.0,-1.0,NARENDRA-MODI-STADIUM-AHMEDABAD,-1.0,,L,R,R,Gujarat-Titans,Rajasthan-Royals,Spin,1
2425,2,35,Gujarat Titans,Rahul Tewatia,Ravi Bishnoi,,15,2,6,6,6,0,0,0,0,0,0,0,0,0,0,1,0,,,0,14.2,1,1,0,816150,183.5,-43.0,6,0,,21,SLIDER,56.0,REVERSE SWEEP,0,0,2,14,155,5,Leg stump,Good Length,0,1,3,0,0,0,0,0,64.35678808197412,-3.920973692038534,8.340642393134186,-0.9533421860024,1.866040330995465,,,,,,,9.231573443199173,0.1783885450782858,0.615570816466651,84.49676796216907,Attacked,Played,None,0.681015014648438,0.6036186218261719,6.368821,-0.193738,,,,,,,-7.539302,-0.017943,0.531115,-8.84104,0.045135,0.643679,-13.79922148402661,-10.05996603436077,0.1060270029309275,0.7172235179647238,-0.1536268582508239,-1.023864527716512,-1.0,-1.0,NARENDRA-MODI-STADIUM-AHMEDABAD,-1.0,,L,R,R,Gujarat-Titans,Rajasthan-Royals,Spin,1
2425,2,35,Gujarat Titans,Rahul Tewatia,Ravi Bishnoi,,15,3,0 WK,W,0,0,0,0,1,0,0,0,0,0,0,0,1,Caught,WICKET,1,14.3,1,1,0,816151,183.5,-43.0,0,0,https://scores.bcci.tv/matchcentre/commentaryFiles/TATA-IPL-2026/Gujarat-Titans-VS-Rajasthan-Royals-(04-Apr-2026)/File_2-15-816151.png,21,SLIDER,36.0,CUT SHOT,0,0,3,14,155,6,Outside Off stump,Good Length,1,0,3,0,0,0,0,0,55.62048233070094,-1.228412055690786,8.340572188258207,-0.9464227911730565,1.852093062828401,,,,,,,9.819148429849246,0.1743537302946832,0.5920929289312982,81.3785663102264,None,None,None,0.779674530029297,0.7872161865234375,5.304628,0.204801,,,,,,,-9.397206,0.72334,0.573572,-8.840743,0.658205,0.535747,-15.13008219211795,-10.05984523374143,0.8020476866357358,0.6070257421969376,1.58180816488839,0.2032374292087815,-1.0,-1.0,NARENDRA-MODI-STADIUM-AHMEDABAD,-1.0,,L,R,R,Gujarat-Titans,Rajasthan-Royals,Spin,1
2425,2,35,Gujarat Titans,Rashid Khan,Ravi Bishnoi,,15,4,4,4,4,0,0,0,0,0,0,0,0,0,1,0,0,,,0,14.4,1,1,0,816152,-151.0,112.0,4,0,,21,SLIDER,97.0,BACKFOOT PUSH,0,0,4,14,159,6,Outside Off stump,Good Length,2,0,3,0,0,0,0,0,59.10429949934674,-1.78270807821747,8.341041534344335,-1.105896143035002,1.81587892607896,,,,,,,11.47430702784942,0.3115525867071747,0.6741956870861746,79.97409439220873,Attacked,Edged,None,0.746772766113281,0.7974700927734375,5.608385,-0.353678,,,,,,,-999.9,-999.9,-999.9,-8.840941,-0.015842,0.695638,-14.58649671325016,-10.05995434704777,0.08477888699587949,0.7950718766594396,1.087265352494519,0.2430458287364368,-1.0,-1.0,NARENDRA-MODI-STADIUM-AHMEDABAD,-1.0,,R,R,R,Gujarat-Titans,Rajasthan-Royals,Spin,1
2425,2,35,Gujarat Titans,Rashid Khan,Ravi Bishnoi,,15,5,2 WK,2,2,0,1,0,0,0,0,0,0,0,0,0,1,Run Out,WICKET,0,14.5,1,1,0,816153,-149.0,120.5,2,0,,24,LEG SPIN,51.0,FRONTFOOT COVERDRIVE,0,0,5,14,161,7,Outside Off stump,Full Length,0,0,3,0,0,0,0,0,57.46187347703816,0.667287727352249,8.34065668342781,-1.072707934842453,1.860467192563925,,,,,,,10.92496006084852,0.2799768479193188,0.632397508781413,76.86194152528007,Attacked,Played,None,0.745903015136719,0.6950912475585938,3.129123,-0.664737,,,,,,,-8.258762,-0.588881,0.257802,-8.840808,-0.554882,0.34845,-14.99053530147325,-10.05984035578963,-0.4821197281994778,0.5104529728857439,2.128259538733908,0.5685346659398649,-1.0,-1.0,NARENDRA-MODI-STADIUM-AHMEDABAD,-1.0,,R,R,R,Gujarat-Titans,Rajasthan-Royals,Spin,1
2425,2,35,Gujarat Titans,Kagiso Rabada,Ravi Bishnoi,,15,6,0,0,0,0,0,0,1,0,0,0,0,0,0,0,0,,,0,14.6,1,1,0,816154,-149.0,120.5,0,0,,28,GOOGLY,50.0,BACKFOOT DEFENCE,0,0,6,14,161,7,Middle stump,Good Length,0,0,3,0,0,0,0,0,56.71489960728811,-0.5388530883942441,8.340727350830264,-0.9306139040372623,1.822182640454728,,,,,,,10.39369381670058,0.2597333424850112,0.6075075412343062,75.1527969366448,Defended,Played,None,0.75494384765625,0.8136520385742188,4.803354,-0.170648,,,,,,,-999.9,-999.9,-999.9,-8.840805,0.1375,0.528945,-15.00220757798228,-10.05983462863668,0.2485117867699025,0.6239621118481133,1.647260400073357,0.653395682740959,-1.0,-1.0,NARENDRA-MODI-STADIUM-AHMEDABAD,-1.0,,L,R,R,Gujarat-Titans,Rajasthan-Royals,Spin,1
2425,2,35,Gujarat Titans,Rashid Khan,Jofra Archer,,16,1,1,1,1,1,0,0,0,0,0,0,0,0,0,0,0,,,0,15.1,1,1,0,816155,-175.5,49.5,1,0,,39,ANGLED IN,51.0,FRONTFOOT COVERDRIVE,0,0,1,15,162,7,Outside Off stump,Full Length,1,0,3,0,0,0,0,0,88.95653075491313,-6.71528278783495,8.340709506076326,-0.2307138482911234,2.138952617536759,,,,,,,7.527920100953255,0.06169165519941842,0.6855665393135623,106.6658153770925,Attacked,Played,None,0.47955322265625,0.4610824584960938,4.4352,-0.22794,,,,,,,-8.643404,-0.246401,0.390409,-8.840471,-0.247649,0.412341,-10.7008359061654,-10.06024462399949,-0.2554887275325856,0.5414320456851404,0.1641195363526141,-0.4371201811080067,-1.0,-1.0,NARENDRA-MODI-STADIUM-AHMEDABAD,-1.0,,R,L,R,Gujarat-Titans,Rajasthan-Royals,Seam,1
2425,2,35,Gujarat Titans,Kagiso Rabada,Jofra Archer,,16,2,1,1,1,1,0,0,0,0,0,0,0,0,0,0,0,,,0,15.2,1,1,0,816156,46.0,93.0,1,0,,30,ANGLED ACROSS,27.0,FORWARD PUSH,0,0,2,15,163,7,Middle stump,Full Length,0,0,3,0,0,0,0,0,88.1363477852111,-4.642136843334039,8.340631499564392,-0.1803672917153645,2.60743498686098,,,,,,,7.043738468119609,0.1678055044455505,0.65,90.71944955544495,Defended,Played,None,0.478271484375,0.4524765014648438,-2.504054,0.013182,,,,,,,-8.515364,-0.012482,0.628141,-8.841046,-0.010179,0.576426,-10.23654721730936,-10.05968802156631,-0.001924922993490927,0.3778032693687395,-0.3970257336075041,0.0,-1.0,-1.0,NARENDRA-MODI-STADIUM-AHMEDABAD,-1.0,,L,R,R,Gujarat-Titans,Rajasthan-Royals,Seam,1
2425,2,35,Gujarat Titans,Rashid Khan,Jofra Archer,,16,3,1,1,1,1,0,0,0,0,0,0,0,0,0,0,0,,,0,15.3,1,1,0,816157,-62.5,-100.5,1,0,,39,ANGLED IN,44.0,GLIDE,0,0,3,15,164,7,Leg stump,Full Toss,0,0,3,0,0,0,0,0,90.11116232275656,-2.554790127414962,8.340709852704002,-0.2022291541551659,2.201430583133311,,,,,,,5.924015240832126,0.1999018847411617,0.6499999999999999,87.5098115258838,Attacked,Played,None,0.465110778808594,0.4382400512695313,-4.633504,0.212664,,,,,,,-8.320557,0.048239,0.889534,-8.840889,0.060069,0.828043,-8.623451423638494,-10.05971840660327,0.08885529568628531,0.6785100348561169,1.197531712410975,-1.272221872585407e-14,-1.0,-1.0,NARENDRA-MODI-STADIUM-AHMEDABAD,-1.0,,R,L,R,Gujarat-Titans,Rajasthan-Royals,Seam,1
2425,2,35,Gujarat Titans,Kagiso Rabada,Jofra Archer,,16,4,6,6,6,0,0,0,0,0,0,0,0,0,0,1,0,,,0,15.4,1,1,0,816158,81.5,223.0,6,0,,30,ANGLED ACROSS,5.0,LOFTED OFF DRIVE,0,0,4,15,170,7,Leg stump,Short of Good Length,0,0,3,0,0,0,0,0,79.30408421800834,-10.97936884200774,8.340514843302639,-0.3674742058923054,2.090912750322037,,,,,,,9.039035431784828,0.1011944678729433,0.5653687603566779,84.68586726620737,Attacked,Played,None,0.544349670410156,0.5272178649902344,9.481838,-0.186446,,,,,,,-8.096064,0.051607,0.971251,-8.840958,0.077569,1.029249,-15.07603918799204,-10.06012108181732,0.1211340840670619,1.107073551199701,0.9029454666297103,0.03850560895992981,-1.0,-1.0,NARENDRA-MODI-STADIUM-AHMEDABAD,-1.0,,L,R,R,Gujarat-Titans,Rajasthan-Royals,Seam,1
2425,2,35,Gujarat Titans,Kagiso Rabada,Jofra Archer,,16,5,1,1,1,1,0,0,0,0,0,0,0,0,0,0,0,,,0,15.5,1,1,0,816159,67.5,112.0,1,0,,30,ANGLED ACROSS,84.0,FRONTFOOT OFF DRIVE,0,0,5,15,171,7,Off stump,Full Toss,0,0,3,0,0,0,0,0,87.29214955985046,-2.984778882768156,8.341137502386701,-0.2305527376748744,2.179194457552943,,,,,,,6.040562931774415,0.1959415700842806,0.65,87.90584299157194,Attacked,Played,None,0.480663299560547,0.4500617980957031,-3.098169,0.153141,,,,,,,-8.215313,0.096196,0.730899,-8.840885,0.104573,0.650444,-8.79171388790469,-10.05984348251617,0.1199462229573614,0.4875870783543704,-0.9053720687264466,0.0,-1.0,-1.0,NARENDRA-MODI-STADIUM-AHMEDABAD,-1.0,,L,R,R,Gujarat-Titans,Rajasthan-Royals,Seam,1
2425,2,35,Gujarat Titans,Rashid Khan,Jofra Archer,,16,6,0,0,0,0,0,0,1,0,0,0,0,0,0,0,0,,,0,15.6,1,1,0,816160,76.0,52.5,0,0,,39,ANGLED IN,40.0,FRONTFOOT FLICK,0,0,6,15,171,7,Off stump,Good Length,0,0,3,0,0,0,0,0,90.03128135990868,-8.871586485234996,8.341165014807299,-0.2190683619279325,2.101162335831814,,,,,,,7.427780880923548,0.0310960652652956,0.6254625077911088,100.7097696421368,Attacked,Played,None,0.480537414550781,0.4480819702148438,6.865398,-0.143375,,,,,,,-8.182209,-0.089661,0.595483,-8.840763,-0.082122,0.657987,-11.65424160450351,-10.05971959110041,-0.06786469525656062,0.7641193712096802,-0.1597561584748267,0.2929240959047582,-1.0,-1.0,NARENDRA-MODI-STADIUM-AHMEDABAD,-1.0,,R,L,R,Gujarat-Titans,Rajasthan-Royals,Seam,1
2425,2,35,Gujarat Titans,Kagiso Rabada,Ravi Bishnoi,,17,1,1,1,1,1,0,0,0,0,0,0,0,0,0,0,0,,,0,16.1,1,1,0,816161,-139.5,73.0,1,0,,24,LEG SPIN,97.0,BACKFOOT PUSH,0,0,1,16,172,7,Off stump,Good Length,1,0,3,0,0,0,0,0,56.41556842254366,-1.997162697479785,8.340572563326877,-0.9776626217722207,1.83462232925836,,,,,,,12.53872170120242,0.3286825921871056,0.7092104058817035,83.51330166354496,Attacked,Played,None,0.779972076416016,0.7532157897949219,5.936507,-0.218922,,,,,,,-8.680342,0.156111,0.779596,-8.8409,0.170133,0.795832,-14.92798037370303,-10.06016206701357,0.2786008809104005,0.8918500283688933,1.077339563715933,0.4048894871118922,-1.0,-1.0,NARENDRA-MODI-STADIUM-AHMEDABAD,-1.0,,L,R,R,Gujarat-Titans,Rajasthan-Royals,Spin,1
2425,2,35,Gujarat Titans,Rashid Khan,Ravi Bishnoi,,17,2,4,4,4,0,0,0,0,0,0,0,0,0,1,0,0,,,0,16.2,1,1,0,816162,-199.5,-48.5,4,0,,24,LEG SPIN,36.0,CUT SHOT,0,0,2,16,176,7,Outside Off stump,Good Length,0,0,3,0,0,0,0,0,56.17753598838801,-2.126580903708628,8.340524482040504,-0.9282597487115594,1.865314053815668,,,,,,,11.89015620532036,0.3287505564281449,0.656168852799911,75.55027227717216,Attacked,Played,None,0.791347503662109,0.7960853576660156,6.114901,-0.340716,,,,,,,-9.24049,-0.279808,0.773072,-8.840833,-0.284697,0.744904,-15.30976367813767,-10.06017004088783,-0.2696139297002577,0.8136711441358924,2.063557825060683,-3.196398721248849,-1.0,-1.0,NARENDRA-MODI-STADIUM-AHMEDABAD,-1.0,,R,L,R,Gujarat-Titans,Rajasthan-Royals,Spin,1
2425,2,35,Gujarat Titans,Rashid Khan,Ravi Bishnoi,,17,3,1,1,1,1,0,0,0,0,0,0,0,0,0,0,0,,,0,16.3,1,1,0,816163,-80.0,-4.5,1,0,,28,GOOGLY,49.0,FORWARD DEFENCE,0,0,3,16,177,7,Outside Off stump,Good Length,0,0,3,0,0,0,0,0,58.02741601746357,-1.143946656398536,8.34053255909864,-1.054221571785523,1.838146478180213,,,,,,,10.94442322195227,0.321246576251813,0.6486869932220914,75.1783913581324,Defended,Played,None,0.74652099609375,0.6797332763671875,4.715759,-0.360696,,,,,,,-7.939336,-0.1684,0.446979,-8.840924,-0.098701,0.556946,-14.43390922898222,-10.05982886055797,-0.001909615521854424,0.6701538271097016,1.327465572422505,0.5143199259314225,-1.0,-1.0,NARENDRA-MODI-STADIUM-AHMEDABAD,-1.0,,R,L,R,Gujarat-Titans,Rajasthan-Royals,Spin,1
2425,2,35,Gujarat Titans,Kagiso Rabada,Ravi Bishnoi,,17,4,0,0,0,0,0,0,1,0,0,0,0,0,0,0,0,,,0,16.4,1,1,0,816164,-80.0,-4.5,0,0,,28,GOOGLY,50.0,BACKFOOT DEFENCE,0,0,4,16,177,7,Off stump,Good Length,0,0,3,0,0,0,0,0,57.09174588362381,-0.7791943601863989,8.340546252426584,-0.9518826275299868,1.830943446316918,,,,,,,11.09390001293859,0.3321878739168324,0.6298239734260367,71.25480862222226,Defended,Missed,None,0.766170501708984,0.8163414001464844,4.897363,-0.045351,,,,,,,-999.9,-999.9,-999.9,-8.840909,0.314888,0.577986,-14.9189410363073,-10.06007564387022,0.4418080944377076,0.6785686719360833,2.183793098039976,0.3689124038127392,-1.0,-1.0,NARENDRA-MODI-STADIUM-AHMEDABAD,-1.0,,L,R,R,Gujarat-Titans,Rajasthan-Royals,Spin,1
2425,2,35,Gujarat Titans,Kagiso Rabada,Ravi Bishnoi,,17,5,0,0,0,0,0,0,1,0,0,0,0,0,0,0,0,,,0,16.5,1,1,0,816165,90.0,10.5,0,0,,21,SLIDER,97.0,BACKFOOT PUSH,0,0,5,16,177,7,Off stump,Good Length,0,0,3,0,0,0,0,0,63.45887199689703,-2.102613073526961,8.34061030549482,-0.8614604547234169,1.861235274718967,,,,,,,10.60542087644025,0.2797547998808972,0.6714935203596157,82.74854806585263,Defended,Played,None,0.688625335693359,0.6754989624023438,4.946338,-0.005374,,,,,,,-8.937983,0.149195,0.605247,-8.840988,0.145097,0.593994,-13.87452492154005,-10.0599916901936,0.1973251126051766,0.7201188981545005,-0.08620997945691526,-1.379458843778204,-1.0,-1.0,NARENDRA-MODI-STADIUM-AHMEDABAD,-1.0,,L,R,R,Gujarat-Titans,Rajasthan-Royals,Spin,1
2425,2,35,Gujarat Titans,Kagiso Rabada,Ravi Bishnoi,,17,6,4,4,4,0,0,0,0,0,0,0,0,0,1,0,0,,,0,16.6,1,1,0,816166,7.0,235.0,4,0,,24,LEG SPIN,13.0,LOFTED STRAIGHT,0,0,6,16,181,7,Off stump,Full Length,0,0,3,0,0,0,0,0,56.18297798178066,0.2978897258203442,8.340672991386693,-0.9449066739321139,1.866352432099517,,,,,,,11.96892974335788,0.3795994590431706,0.6436465573044885,68.58703769135622,Attacked,Played,None,0.771400451660156,0.6815071105957031,3.820007,-0.070144,,,,,,,-7.603696,0.042336,0.283819,-8.840722,0.147725,0.480364,-15.28065867227144,-10.06017447111801,0.2549522668480846,0.6286837452591097,1.471152731725756,0.433361026719159,-1.0,-1.0,NARENDRA-MODI-STADIUM-AHMEDABAD,-1.0,,L,R,R,Gujarat-Titans,Rajasthan-Royals,Spin,1
2425,2,35,Gujarat Titans,Rashid Khan,Sandeep Sharma,,18,1,4,4,4,0,0,0,0,0,0,0,0,0,1,0,0,,,0,17.1,1,1,0,816167,-193.5,-112.0,4,0,,38,STRAIGHT BALL,44.0,GLIDE,0,0,1,17,185,7,Outside Off stump,Full Length,1,0,3,0,0,0,0,0,76.5807735628116,-2.727917725243497,8.340544873656018,-0.2667357428749637,1.815778043795719,,,,,,,7.93400258194749,0.03311919005846813,0.7202784978161026,114.7298556665686,Attacked,Played,None,0.550758361816406,0.5049018859863281,2.937276000000001,-0.225081,,,,,,,-7.927296,-0.219663,0.137408,-8.840877,-0.213402,0.254147,-10.83455435163279,-10.06023910473377,-0.2048547841251649,0.3970346156866658,0.7994657169989318,-0.193675972348201,-1.0,-1.0,NARENDRA-MODI-STADIUM-AHMEDABAD,-1.0,,R,L,R,Gujarat-Titans,Rajasthan-Royals,Seam,1
2425,2,35,Gujarat Titans,Rashid Khan,Sandeep Sharma,,18,2,1,1,1,1,0,0,0,0,0,0,0,0,0,0,0,,,0,17.2,1,1,0,816168,-98.5,7.0,1,0,,39,ANGLED IN,97.0,BACKFOOT PUSH,0,0,2,17,186,7,Outside Off stump,Good Length,0,0,3,0,0,0,0,0,66.66049387405191,-5.372153101154717,8.34108782751142,-0.3757540084587157,1.864161951156907,,,,,,,7.57539388336095,0.1038700224274069,0.5546796672163411,82.81494783971047,Attacked,Played,None,0.648353576660156,0.6239547729492188,6.896785,-0.246523,,,,,,,-8.590563,-0.231183,0.538249,-8.840788,-0.23043,0.55017,-12.99794989713096,-10.06006716648611,-0.226693339603718,0.5910867044809637,-0.4522892230504518,-0.2548402236375095,-1.0,-1.0,NARENDRA-MODI-STADIUM-AHMEDABAD,-1.0,,R,L,R,Gujarat-Titans,Rajasthan-Royals,Seam,1
2425,2,35,Gujarat Titans,Kagiso Rabada,Sandeep Sharma,,18,3,6,6,6,0,0,0,0,0,0,0,0,0,0,1,0,,,0,17.3,1,1,0,816169,4.0,239.0,6,0,,39,ANGLED IN,13.0,LOFTED STRAIGHT,0,0,3,17,192,7,Outside Off stump,Full Length,0,0,3,0,0,0,0,0,66.41422018358936,-3.777698698253842,8.34088688715336,1.017387710110539,1.84386349994105,,,,,,,8.312822510488129,0.1497366613068796,0.5963012101994998,84.471515399237,Attacked,Played,None,0.649795532226562,0.585113525390625,5.841235,0.646954,,,,,,,-7.686552,0.541768,0.4426,-8.840994,0.504894,0.540066,-13.03503429739576,-10.06003660986753,0.4648553026488657,0.6165034363151203,-0.4556074478972444,0.2536318625682015,-1.0,-1.0,NARENDRA-MODI-STADIUM-AHMEDABAD,-1.0,,L,R,R,Gujarat-Titans,Rajasthan-Royals,Seam,1
2425,2,35,Gujarat Titans,Kagiso Rabada,Sandeep Sharma,,18,4,1,1,1,1,0,0,0,0,0,0,0,0,0,0,0,,,0,17.4,1,1,0,816170,154.0,-46.0,1,0,,39,ANGLED IN,96.0,SLICED OVER POINT,0,0,4,17,193,7,Wide outside Off stump,Full Toss,0,0,3,0,0,0,0,0,75.29813990630876,-1.00438614399072,8.340625321284836,1.289129743291777,1.821610275356212,,,,,,,7.425186457320152,0.1591240590983124,0.65,91.58759409016878,Attacked,Played,None,0.557476043701172,0.5343704223632812,-0.3593820000000001,0.808012,,,,,,,-8.594963,0.845411,0.306028,-8.841091,0.840231,0.263746,-10.78417959163967,-10.06013126824243,0.8151917474845314,0.0446065789556544,0.6169320084858905,0.0,-1.0,-1.0,NARENDRA-MODI-STADIUM-AHMEDABAD,-1.0,,L,R,R,Gujarat-Titans,Rajasthan-Royals,Seam,1
2425,2,35,Gujarat Titans,Rashid Khan,Sandeep Sharma,,18,5,2,2,2,0,1,0,0,0,0,0,0,0,0,0,0,,,0,17.5,1,1,0,816171,147.0,-46.0,2,0,,39,ANGLED IN,54.0,LEG GLANCE,0,0,5,17,195,7,Outside Leg stump,Full Length,0,0,3,0,0,0,0,0,76.15614473827935,-2.270564407690911,8.340934195670837,-0.2259725972024286,1.844826101488011,,,,,,,7.40639408505458,0.1595648543930154,0.65,91.54351456069847,Attacked,Played,None,0.576953887939453,0.5176162719726562,1.913748999999999,0.153438,,,,,,,-8.242173,0.156154,0.035954,-8.840904,0.173109,0.110948,-10.75722397761059,-10.06004626700995,0.2076323265929861,0.2501695761569884,0.5764062957282658,0.0,-1.0,-1.0,NARENDRA-MODI-STADIUM-AHMEDABAD,-1.0,,R,L,R,Gujarat-Titans,Rajasthan-Royals,Seam,1
2425,2,35,Gujarat Titans,Rashid Khan,Sandeep Sharma,,18,6,1,1,1,1,0,0,0,0,0,0,0,0,0,0,0,,,0,17.6,1,1,0,816172,-92.5,34.5,1,0,,39,ANGLED IN,44.0,GLIDE,0,0,6,17,196,7,Off stump,Full Length,0,0,3,0,0,0,0,0,75.09243815235526,-2.745386778291854,8.34054737875993,-0.2534798515723988,1.834705925956967,,,,,,,6.464070857431305,0.07411775469972895,0.5823760576243469,89.94463317367914,Defended,Played,None,0.560165405273438,0.518096923828125,2.74358,-0.060607,,,,,,,-8.022104,-0.050054,0.108376,-8.840664,-0.037765,0.190255,-10.77105103814206,-10.05974870438528,-0.01936712064006802,0.2971606161234961,1.120907899748506,-0.4420330673662434,-1.0,-1.0,NARENDRA-MODI-STADIUM-AHMEDABAD,-1.0,,R,L,R,Gujarat-Titans,Rajasthan-Royals,Seam,1
2425,2,35,Gujarat Titans,Rashid Khan,Jofra Archer,,19,1,1,1,1,1,0,0,0,0,0,0,0,0,0,0,0,,,0,18.1,1,1,0,816173,-97.5,33.5,1,0,,39,ANGLED IN,18.0,SLOG SHOT,0,0,1,18,197,7,Outside Off stump,Good Length,1,0,3,0,0,0,0,0,89.61357861768086,-8.127147890187828,8.340796107947337,-0.3168459043269317,2.141850623850001,,,,,,,6.892593718496387,0.238411944421439,0.5720943257901548,71.97295442637933,Attacked,Edged,None,0.483512878417969,0.4388236999511719,5.763216,-0.45405,,,,,,,-7.803975,-0.474277,0.385141,-8.841048,-0.480333,0.47262,-11.07912386575868,-10.0597329853419,-0.4874946119120788,0.5623966879089377,-0.5647230246642322,0.589705757653129,-1.0,-1.0,NARENDRA-MODI-STADIUM-AHMEDABAD,-1.0,,R,L,R,Gujarat-Titans,Rajasthan-Royals,Seam,1
2425,2,35,Gujarat Titans,Kagiso Rabada,Jofra Archer,,19,2,0,0,0,0,0,0,1,0,0,0,0,0,0,0,0,,,0,18.2,1,1,0,816174,-97.5,33.5,0,0,,39,ANGLED IN,58.0,BACKFOOT PULL SHOT,0,0,2,18,197,7,Outside Off stump,Short of Good Length,0,0,3,0,0,0,0,0,87.96519185724999,-14.36095420163501,8.340357796397804,0.9381301651840286,2.105224098338223,,,,,,,9.763328049431932,0.1941562384356913,0.5636063045296618,75.12532183588013,Attacked,Missed,None,0.511344909667969,0.4625701904296875,10.631163,0.347049,,,,,,,-8.055947,-0.334584,1.222079,-8.840478,-0.398233,1.300521,-15.62099590665095,-10.06021843267371,-0.4977634881127641,1.411820197502903,-0.7342073256273456,0.316278360102791,-1.0,-1.0,NARENDRA-MODI-STADIUM-AHMEDABAD,-1.0,,L,R,R,Gujarat-Titans,Rajasthan-Royals,Seam,1
2425,2,35,Gujarat Titans,Kagiso Rabada,Jofra Archer,,19,3,1,1,1,1,0,0,0,0,0,0,0,0,0,0,0,,,0,18.3,1,1,0,816175,-142.0,49.0,1,0,,39,ANGLED IN,58.0,BACKFOOT PULL SHOT,0,0,3,18,198,7,Outside Off stump,Short of Good Length,0,0,3,0,0,0,0,0,91.26697839833305,-12.85312776136331,8.340555250423535,0.899465668600962,2.125554054458298,,,,,,,9.462296984156898,0.2198566874922337,0.5813304746031892,75.213902441255,Attacked,Played,None,0.491912841796875,0.463165283203125,9.771827,0.236254,,,,,,,-8.298461,-0.300074,1.078706,-8.840859,-0.337277,1.129516,-14.62428580313867,-10.06025316397313,-0.4213435571406541,1.233490627291027,0.2165921261855608,0.536024318326485,-1.0,-1.0,NARENDRA-MODI-STADIUM-AHMEDABAD,-1.0,,L,R,R,Gujarat-Titans,Rajasthan-Royals,Seam,1
2425,2,35,Gujarat Titans,Rashid Khan,Jofra Archer,,19,4,1,1,1,1,0,0,0,0,0,0,0,0,0,0,0,,,0,18.4,1,1,0,816176,77.5,30.0,1,0,,39,ANGLED IN,40.0,FRONTFOOT FLICK,0,0,4,18,199,7,Off stump,Full Length,0,0,3,0,0,0,0,0,90.0164678467221,-7.133513362996714,8.341085317034686,-0.1723741139729579,2.098262115981639,,,,,,,7.392205098764803,0.2121282692196976,0.6867728920064741,91.80310687900136,Attacked,Edged,None,0.476291656494141,0.4475669860839844,4.548832,-0.068538,,,,,,,-8.299968,-0.048566,0.350212,-8.841058,-0.044656,0.405857,-10.03465875158795,-10.05979835829119,-0.0358068324719157,0.5214427324623498,-0.01390421830124947,-0.01455120879855978,-1.0,-1.0,NARENDRA-MODI-STADIUM-AHMEDABAD,-1.0,,R,L,R,Gujarat-Titans,Rajasthan-Royals,Seam,1
2425,2,35,Gujarat Titans,Kagiso Rabada,Jofra Archer,,19,5,0,0,0,0,0,0,1,0,0,0,0,0,0,0,0,,,0,18.5,1,1,0,816177,18.5,71.0,0,0,,39,ANGLED IN,84.0,FRONTFOOT OFF DRIVE,0,0,5,18,199,7,Off stump,Full Length,0,0,3,0,0,0,0,0,92.6898976367927,-6.620433199002382,8.340512806443783,1.021565619679841,2.133172919989925,,,,,,,7.214245014797346,0.2572512583566255,0.6909970215733192,87.92442740033533,Attacked,Played,None,0.461505889892578,0.4381942749023438,3.508024,0.102349,,,,,,,-8.452361,-0.020183,0.250206,-8.840846,-0.045387,0.292426,-9.63044981007199,-10.06006536926331,-0.1248386388010438,0.4163372527364241,-0.1827025010695913,-0.04540708184605677,-1.0,-1.0,NARENDRA-MODI-STADIUM-AHMEDABAD,-1.0,,L,R,R,Gujarat-Titans,Rajasthan-Royals,Seam,1
2425,2,35,Gujarat Titans,Kagiso Rabada,Jofra Archer,,19,6,1 (BY),1,0,0,0,0,1,1,0,0,1,0,0,0,0,,,0,18.6,1,1,1,816178,18.5,71.0,1,0,,39,ANGLED IN,52.0,BACKFOOT COVERDRIVE,0,0,6,18,200,7,Outside Off stump,Full Toss,0,1,4,0,0,0,1,0,89.23664544622308,-2.187455913784169,8.340626784283383,1.040629750060583,2.182912807949934,,,,,,,5.731448059647741,0.2067121014339227,0.6499999999999998,86.82878985660771,Attacked,Missed,None,0.469619750976562,0.4917869567871094,-5.989176,0.049388,,,,,,,-999.9,-999.9,-999.9,-8.841197,0.321098,0.953948,-8.345265763414652,-10.06014355399421,0.2736808682169845,0.8176162424131543,0.4613057155721703,0.0,-1.0,-1.0,NARENDRA-MODI-STADIUM-AHMEDABAD,-1.0,,L,R,R,Gujarat-Titans,Rajasthan-Royals,Seam,1
2425,2,35,Gujarat Titans,Kagiso Rabada,Tushar Deshpande,,20,1,1 (WD),1,0,0,0,0,0,1,1,0,0,0,0,0,0,,,0,19.1,1,1,1,816179,18.5,71.0,1,0,,30,ANGLED ACROSS,52.0,BACKFOOT COVERDRIVE,0,0,1,19,201,7,Wide outside Off stump,Full Toss,1,0,4,0,0,0,0,0,85.7843629718911,-2.202956522056051,8.34055292327389,-0.6877372380480735,1.92946317325371,,,,,,,5.869729696072306,0.2028317131321565,0.6499999999999994,87.21682868678425,None,None,None,0.489921569824219,0.5138053894042969,-2.551121999999999,1.321829,,,,,,,-999.9,-999.9,-999.9,-8.840456,0.926202,0.557201,-8.545051166339755,-10.06021430534576,1.052376113828842,0.3984808225953831,1.205167304490811,0.0,-1.0,-1.0,NARENDRA-MODI-STADIUM-AHMEDABAD,-1.0,,L,R,R,Gujarat-Titans,Rajasthan-Royals,Seam,1
2425,2,35,Gujarat Titans,Kagiso Rabada,Tushar Deshpande,,20,1,1,1,1,1,0,0,0,0,0,0,0,0,0,0,0,,,0,19.1,1,1,0,816180,151.5,68.5,1,0,,30,ANGLED ACROSS,52.0,BACKFOOT COVERDRIVE,0,0,2,19,202,7,Outside Off stump,Full Toss,0,0,4,0,0,0,0,0,86.26806815640643,-3.389655194614405,8.340582993997224,-0.670037039314833,1.900307828121487,,,,,,,6.08197936863704,0.1951531986843814,0.6499999999999996,87.9846801315618,Attacked,Played,None,0.486831665039062,0.4617805480957031,0.2182200000000005,0.481347,,,,,,,-8.399713,0.37308,0.21872,-8.841013,0.405866,0.153391,-8.851488432587841,-10.05979445137405,0.4979630133863428,0.02371903309164068,1.390415638055259,0.0,-1.0,-1.0,NARENDRA-MODI-STADIUM-AHMEDABAD,-1.0,,L,R,R,Gujarat-Titans,Rajasthan-Royals,Seam,1
2425,2,35,Gujarat Titans,Rashid Khan,Tushar Deshpande,,20,2,1,1,1,1,0,0,0,0,0,0,0,0,0,0,0,,,0,19.2,1,1,0,816181,-95.0,-111.5,1,0,,39,ANGLED IN,44.0,GLIDE,0,0,3,19,203,7,Outside Off stump,Yorker,0,0,4,0,0,0,0,0,87.92068986275761,-3.754236979638865,8.3407799445825,-0.7724976105511557,1.893748877077928,,,,,,,6.195953510591703,0.1912284946515924,0.6500000000000001,88.37715053484078,Attacked,Played,None,0.478294372558594,0.3921432495117188,0.6728190000000005,-0.118868,,,,,,,-6.271143,-0.268774,0.420281,-8.841148,-0.146348,0.041392,-9.015929445592432,-10.06002687790685,-0.08468032096932755,0.02667607407712937,1.504648712770266,0.0,-1.0,-1.0,NARENDRA-MODI-STADIUM-AHMEDABAD,-1.0,,R,L,R,Gujarat-Titans,Rajasthan-Royals,Seam,1
2425,2,35,Gujarat Titans,Kagiso Rabada,Tushar Deshpande,,20,3,1,1,1,1,0,0,0,0,0,0,0,0,0,0,0,,,0,19.3,1,1,0,816182,-0.5,74.5,1,0,,30,ANGLED ACROSS,6.0,BACKFOOT OFF DRIVE,0,0,4,19,204,7,Outside Off stump,Full Length,0,0,4,0,0,0,0,0,86.74152149983315,-3.991421357287956,8.340462831589758,-0.6751313054411661,1.895207513658747,,,,,,,6.136580544756906,0.1934002444357915,0.6499999999999998,88.15997555642082,Attacked,Played,None,0.486465454101562,0.4579925537109375,1.344063,0.438557,,,,,,,-8.351973,0.410994,0.060307,-8.840569,0.448027,0.016845,-8.930276321931887,-10.06003380298514,0.540692152708263,0.1395992276726072,1.157702761456975,1.272221872585407e-14,-1.0,-1.0,NARENDRA-MODI-STADIUM-AHMEDABAD,-1.0,,L,R,R,Gujarat-Titans,Rajasthan-Royals,Seam,1
2425,2,35,Gujarat Titans,Rashid Khan,Tushar Deshpande,,20,4,0,0,0,0,0,0,1,0,0,0,0,0,0,0,0,,,0,19.4,1,1,0,816183,-0.5,74.5,0,0,,39,ANGLED IN,99.0,SCOOP,0,0,5,19,204,7,Outside Off stump,Yorker,0,0,4,0,0,0,0,0,86.38407609640113,-4.307004306478023,8.340705323709457,-0.6923256555397863,1.882355964321303,,,,,,,8.056157554580182,0.2577264133880043,0.8426727571895949,110.6282722396388,Attacked,Missed,None,0.487907409667969,0.5149612426757812,2.099140999999999,-0.465773,,,,,,,-999.9,-999.9,-999.9,-8.840849,-0.442273,0.157808,-8.841682011885103,-10.05992866153232,-0.4095321661919114,0.3123745824543206,1.149597587910299,0.1221349549677853,-1.0,-1.0,NARENDRA-MODI-STADIUM-AHMEDABAD,-1.0,,R,L,R,Gujarat-Titans,Rajasthan-Royals,Seam,1
2425,2,35,Gujarat Titans,Rashid Khan,Tushar Deshpande,,20,5,0 WK,W,0,0,0,0,1,0,0,0,0,0,0,0,1,Caught,WICKET,1,19.5,1,1,0,816184,-172.5,69.0,0,0,,39,ANGLED IN,15.0,LOFTED COVER DRIVE,0,0,6,19,204,8,Outside Off stump,Full Length,1,0,4,0,0,0,0,0,85.72065630913012,-6.245606826305577,8.340537486928355,-0.6721787068754685,1.867226119234169,,,,,,,7.512871250830424,0.2383299756310525,0.6850410142560693,88.92315457530515,None,None,None,0.498493194580078,0.466461181640625,5.434887,-0.47404,,,,,,,-8.175282,-0.379213,0.426587,-8.841114,-0.361223,0.48912,-10.13167910444505,-10.06009153239809,-0.3281152649162509,0.5919036725868687,1.06825081600824,0.08108625342337998,-1.0,-1.0,NARENDRA-MODI-STADIUM-AHMEDABAD,-1.0,,R,L,R,Gujarat-Titans,Rajasthan-Royals,Seam,1
2425,2,35,Gujarat Titans,Ashok Sharma,Tushar Deshpande,,20,6,0,0,0,0,0,0,1,0,0,0,0,0,0,0,0,,,0,19.6,1,1,0,816185,-172.5,69.0,0,0,,39,ANGLED IN,18.0,SLOG SHOT,0,0,7,19,204,8,Leg stump,Full Toss,2,0,4,0,0,0,0,0,86.34339728081171,-2.703257919631382,8.340746123607431,-0.6790778464600313,1.9014481466609,,,,,,,5.899469121562002,0.2009803287497236,0.6500000000000004,87.4019671250277,Attacked,Edged,None,0.48504638671875,0.4507369995117188,-1.018637,0.142189,,,,,,,-8.088171,-0.020948,0.466823,-8.841175,0.018722,0.365555,-8.588003544068581,-10.06037290605623,0.08494744413560061,0.1941096626264754,1.589997178551974,-1.272221872585407e-14,-1.0,-1.0,NARENDRA-MODI-STADIUM-AHMEDABAD,-1.0,,R,L,R,Gujarat-Titans,Rajasthan-Royals,Seam,1
