MatchID,InningsNo,BattingTeamID,TeamName,BatsManName,BowlerName,BowlerType,OverNo,BallNo,Runs,BallRuns,ActualRuns,IsOne,IsTwo,IsThree,IsDotball,Extras,IsWide,IsNoBall,IsBye,IsLegBye,IsFour,IsSix,IsWicket,WicketType,Wickets,IsBowlerWicket,BallName,Day,SESSION_NO,IsExtra,SNO,Xpitch,Ypitch,RunRuns,IsMaiden,OverImage,BowlTypeID,BowlTypeName,ShotTypeID,ShotType,IsBouncer,IsFreeHit,BallCount,BCCheck,TotalRuns,TotalWickets,BOWLING_LINE_ID,BOWLING_LENGTH_ID,FiveHaul,Flag,FlagSet,PenaltyRuns,IsFifty,IsHundred,IsTwoHundred,IsHattrick,release_speed,initial_angle,release_x,release_y,release_z,pre_bounce_ax,pre_bounce_ay,pre_bounce_az,pre_bounce_vx,pre_bounce_vy,pre_bounce_vz,bounce_angle,cof,cor,pbr,shot_attacked,shot_played,shot_info,crease_reaction_time,interception_reaction_time,bounce_x,bounce_y,post_bounce_ax,post_bounce_ay,post_bounce_az,post_bounce_vx,post_bounce_vy,post_bounce_vz,impact_x,impact_y,impact_z,crease_x,crease_y,crease_z,drop_angle,stump_x,stump_y,stump_z,swing,deviation,swing_dist,six_dist,ground,date,season,striker_hand,non_striker_hand,bowler_hand,team_bat,team_bowl,delivery_type,match_day
2465,1,16.0,Kolkata Knight Riders,Tim Seifert,Mohammed Siraj,,1,1.0,0,0,0.0,0.0,0.0,0.0,1.0,0.0,0.0,0.0,0.0,0.0,0.0,0.0,0.0,,,0.0,0.1,1.0,1.0,0.0,820672.0,-68.0,31.0,0.0,0.0,,42.0,OUTSWINGER,49.0,FORWARD DEFENCE,0.0,0.0,1,0.0,0.0,0.0,Outside Off stump,Good Length,1.0,0.0,0.0,0.0,0.0,0.0,0.0,0.0,82.9412185944074,-7.646023061500143,8.340394928017545,-0.767251700882966,1.950075041351284,,,,,,,8.23206157473194,0.161272762203401,0.617845138417017,86.54949454221247,Defended,Played,,0.523200988769531,0.4911003112792969,7.468058,-0.306845,,,,,,,-8.231994,-0.270203,0.688569,-8.841065,-0.266148,0.740387,-12.44593885782798,-10.05970468387577,-0.2579765732627619,0.8319318365941546,-2.717945126891892,-0.630869924054503,-1.0,-1.0,NARENDRA-MODI-STADIUM-AHMEDABAD,-1.0,,R,R,R,Kolkata-Knight-Riders,Gujarat-Titans,Seam,1.0
2465,1,16.0,Kolkata Knight Riders,Tim Seifert,Mohammed Siraj,,1,2.0,4,4,4.0,0.0,0.0,0.0,0.0,0.0,0.0,0.0,0.0,0.0,1.0,0.0,0.0,,,0.0,0.2,1.0,1.0,0.0,820673.0,-170.0,129.0,4.0,0.0,,38.0,STRAIGHT BALL,51.0,FRONTFOOT COVERDRIVE,0.0,0.0,2,0.0,4.0,0.0,Outside Off stump,Short of Good Length,0.0,0.0,0.0,0.0,0.0,0.0,0.0,0.0,82.56177769048529,-7.363454613461946,8.340772222925814,-0.7480646673202984,1.943565622311615,,,,,,,8.460245846112958,0.1502832660842245,0.6286915201917489,89.27540142033989,Attacked,Played,,0.520282745361328,0.4898414611816406,7.401823,-0.518435,,,,,,,-8.173281,-0.566243,0.6954,-8.840597,-0.572168,0.75567,-12.60570970730649,-10.0600681588792,-0.5830774643737229,0.8533360185252812,-2.2735786404445,-0.4982094170392651,-1.0,-1.0,NARENDRA-MODI-STADIUM-AHMEDABAD,-1.0,,R,R,R,Kolkata-Knight-Riders,Gujarat-Titans,Seam,1.0
2465,1,16.0,Kolkata Knight Riders,Tim Seifert,Mohammed Siraj,,1,3.0,1,1,1.0,1.0,0.0,0.0,0.0,0.0,0.0,0.0,0.0,0.0,0.0,0.0,0.0,,,0.0,0.3,1.0,1.0,0.0,820674.0,-72.0,97.0,1.0,0.0,,38.0,STRAIGHT BALL,84.0,FRONTFOOT OFF DRIVE,0.0,0.0,3,0.0,5.0,0.0,Outside Off stump,Good Length,0.0,0.0,0.0,0.0,0.0,0.0,0.0,0.0,83.81481512349193,-5.974206819163407,8.340458610963374,-0.7461383040308743,1.946354672555574,,,,,,,6.978048457009033,0.1345683805385648,0.5742825277495498,82.685541108576,Attacked,Played,,0.511722564697266,0.4751129150390625,5.798803,-0.271629,,,,,,,-8.109029,-0.278486,0.430695,-8.841112,-0.279814,0.490608,-11.52623571558212,-10.06015766778615,-0.28204097688093,0.5782017050082485,-3.103656473553393,-0.6304138056043909,-1.0,-1.0,NARENDRA-MODI-STADIUM-AHMEDABAD,-1.0,,R,R,R,Kolkata-Knight-Riders,Gujarat-Titans,Seam,1.0
2465,1,16.0,Kolkata Knight Riders,Ajinkya Rahane,Mohammed Siraj,,1,4.0,0 WK,W,0.0,0.0,0.0,0.0,1.0,0.0,0.0,0.0,0.0,0.0,0.0,0.0,1.0,Caught,WICKET,1.0,0.4,1.0,1.0,0.0,820675.0,46.5,112.5,0.0,0.0,,42.0,OUTSWINGER,11.0,LOFTED ON DRIVE,0.0,0.0,4,0.0,5.0,1.0,Outside Off stump,Full Length,1.0,0.0,0.0,0.0,0.0,0.0,0.0,0.0,83.64683507847838,-6.014853225649812,8.340565769454813,-0.7148812832358176,1.974345220911136,,,,,,,7.07736122551044,0.1587735725760349,0.5808878733606049,81.25582374648724,,,,0.5130615234375,0.4676971435546875,5.611309,-0.447492,,,,,,,-7.882772,-0.50375,0.401367,-8.841,-0.519715,0.483825,-11.4660058639399,-10.05986911428406,-0.5401946151005447,0.5750037970828309,-3.283141500587911,-0.4037524500993909,-1.0,-1.0,NARENDRA-MODI-STADIUM-AHMEDABAD,-1.0,,R,R,R,Kolkata-Knight-Riders,Gujarat-Titans,Seam,1.0
2465,1,16.0,Kolkata Knight Riders,Angkrish Raghuvanshi,Mohammed Siraj,,1,5.0,0,0,0.0,0.0,0.0,0.0,1.0,0.0,0.0,0.0,0.0,0.0,0.0,0.0,0.0,,,0.0,0.5,1.0,1.0,0.0,820676.0,46.5,112.5,0.0,0.0,,42.0,OUTSWINGER,105.0,LEFT ALONE,0.0,0.0,5,0.0,5.0,1.0,Outside Off stump,Good Length,2.0,0.0,0.0,0.0,0.0,0.0,0.0,0.0,84.33854939786308,-5.653967868760478,8.340613167865051,-0.8537939189312072,1.929580177341981,,,,,,,7.417348105240951,0.1591172853826976,0.6230934199185387,87.55228444951103,,,,0.507522583007812,0.528533935546875,5.435436,-0.763457,,,,,,,-999.9,-999.9,-999.9,-8.840498,-0.880301,0.498727,-11.21063694095311,-10.06006012856035,-0.91481659552064,0.6017166279073772,-2.704336628718424,-0.5445426484753425,-1.0,-1.0,NARENDRA-MODI-STADIUM-AHMEDABAD,-1.0,,R,R,R,Kolkata-Knight-Riders,Gujarat-Titans,Seam,1.0
2465,1,16.0,Kolkata Knight Riders,Angkrish Raghuvanshi,Mohammed Siraj,,1,6.0,4,4,4.0,0.0,0.0,0.0,0.0,0.0,0.0,0.0,0.0,0.0,1.0,0.0,0.0,,,0.0,0.6,1.0,1.0,0.0,820677.0,-165.5,-71.0,4.0,0.0,,38.0,STRAIGHT BALL,36.0,CUT SHOT,0.0,0.0,6,0.0,9.0,1.0,Outside Off stump,Short of Good Length,0.0,0.0,0.0,0.0,0.0,0.0,0.0,0.0,83.21266967175451,-7.316181181902603,8.340573610637232,-0.8063794710521481,1.927675468420084,,,,,,,7.837632949691182,0.1203297114883695,0.6230683181694804,91.42727657658511,Attacked,Played,,0.515029907226562,0.5000724792480469,7.114833,-0.556184,,,,,,,-8.970941,-0.499141,0.691142,-8.840732,-0.499824,0.680436,-11.95716076815509,-10.06020888703304,-0.4944341498892253,0.7740204126167827,-1.619462779033836,0.3529573790527859,-1.0,-1.0,NARENDRA-MODI-STADIUM-AHMEDABAD,-1.0,,R,R,R,Kolkata-Knight-Riders,Gujarat-Titans,Seam,1.0
2465,1,16.0,Kolkata Knight Riders,Tim Seifert,Kagiso Rabada,,2,1.0,0,0,0.0,0.0,0.0,0.0,1.0,0.0,0.0,0.0,0.0,0.0,0.0,0.0,0.0,,,0.0,1.1,1.0,1.0,0.0,820678.0,-165.5,-71.0,0.0,0.0,,36.0,BOUNCER,58.0,BACKFOOT PULL SHOT,1.0,0.0,1,1.0,9.0,1.0,Outside Off stump,Short Length,1.0,0.0,0.0,0.0,0.0,0.0,0.0,0.0,87.96017573181786,-12.94194296751793,8.340951791003349,-0.781253452660176,2.120099809949989,,,,,,,10.61797324341283,0.1402283891681363,0.6241063550926587,89.59311434708516,Defended,Played,,0.5093994140625,0.4805831909179688,10.185093,-0.35225,,,,,,,-8.345035,0.021383,1.312045,-8.840749,0.035349,1.366951,-15.69255035413426,-10.05988426827656,0.065656123363511,1.491623503262187,-1.175719687236298,0.943514873442038,-1.0,-1.0,NARENDRA-MODI-STADIUM-AHMEDABAD,-1.0,,R,R,R,Kolkata-Knight-Riders,Gujarat-Titans,Seam,1.0
2465,1,16.0,Kolkata Knight Riders,Tim Seifert,Kagiso Rabada,,2,2.0,0,0,0.0,0.0,0.0,0.0,1.0,0.0,0.0,0.0,0.0,0.0,0.0,0.0,0.0,,,0.0,1.2,1.0,1.0,0.0,820679.0,-165.5,-71.0,0.0,0.0,,36.0,BOUNCER,15.0,LOFTED COVER DRIVE,1.0,0.0,2,1.0,9.0,1.0,Outside Off stump,Short Length,0.0,0.0,0.0,0.0,0.0,0.0,0.0,0.0,88.20896113986136,-10.85735132600504,8.34070816792915,-0.7292810803089868,2.109281427945438,,,,,,,10.01091002830914,0.1746392370787375,0.6617458249984179,91.79795004188895,Defended,Played,,0.499351501464844,0.5230979919433594,8.920765,-0.688134,,,,,,,-999.9,-999.9,-999.9,-8.841004,-0.849982,1.145862,-13.90582253629772,-10.06004447598403,-0.8819815643669203,1.272560518684924,-2.141293419374859,-0.1021038753391952,-1.0,-1.0,NARENDRA-MODI-STADIUM-AHMEDABAD,-1.0,,R,R,R,Kolkata-Knight-Riders,Gujarat-Titans,Seam,1.0
2465,1,16.0,Kolkata Knight Riders,Tim Seifert,Kagiso Rabada,,2,3.0,6,6,6.0,0.0,0.0,0.0,0.0,0.0,0.0,0.0,0.0,0.0,0.0,1.0,0.0,,,0.0,1.3,1.0,1.0,0.0,820680.0,176.5,110.5,6.0,0.0,,38.0,STRAIGHT BALL,58.0,BACKFOOT PULL SHOT,0.0,0.0,3,1.0,15.0,1.0,Outside Off stump,Short Length,0.0,0.0,0.0,0.0,0.0,0.0,0.0,0.0,89.43844529037426,-10.76886889994387,8.340796810319944,-0.7219710552223146,2.092262086819701,,,,,,,9.355399962932784,0.1716069740464732,0.6371155753604131,88.40663889941465,Attacked,Played,,0.492645263671875,0.4499015808105469,8.83384,-0.397409,,,,,,,-7.961961,-0.20346,0.963421,-8.841069,-0.177372,1.055538,-13.55466990023335,-10.06009041740232,-0.1408865976906009,1.171444667831491,-0.5067077561149912,-0.0734409400649927,-1.0,-1.0,NARENDRA-MODI-STADIUM-AHMEDABAD,-1.0,,R,R,R,Kolkata-Knight-Riders,Gujarat-Titans,Seam,1.0
2465,1,16.0,Kolkata Knight Riders,Tim Seifert,Kagiso Rabada,,2,4.0,1,1,1.0,1.0,0.0,0.0,0.0,0.0,0.0,0.0,0.0,0.0,0.0,0.0,0.0,,,0.0,1.4,1.0,1.0,0.0,820681.0,81.5,114.0,1.0,0.0,,39.0,ANGLED IN,27.0,FORWARD PUSH,0.0,0.0,4,1.0,16.0,1.0,Outside Off stump,Good Length,0.0,0.0,0.0,0.0,0.0,0.0,0.0,0.0,90.39649163505572,-8.44486206132348,8.340753815280557,-0.6670901806053477,2.11780173185779,,,,,,,7.400565450372285,0.1472348003957653,0.5936238969033759,84.32010449592985,Attacked,Edged,,0.475936889648438,0.4493980407714844,6.727902,-0.23263,,,,,,,-8.303133,-0.038545,0.596727,-8.840834,-0.017102,0.643439,-11.7579592953126,-10.0598920776166,0.0318497504109173,0.7398810409200778,0.3685024183005968,-0.1284549735745673,-1.0,-1.0,NARENDRA-MODI-STADIUM-AHMEDABAD,-1.0,,R,R,R,Kolkata-Knight-Riders,Gujarat-Titans,Seam,1.0
2465,1,16.0,Kolkata Knight Riders,Angkrish Raghuvanshi,Kagiso Rabada,,2,5.0,4,4,4.0,0.0,0.0,0.0,0.0,0.0,0.0,0.0,0.0,0.0,1.0,0.0,0.0,,,0.0,1.5,1.0,1.0,0.0,820682.0,-81.0,-140.5,4.0,0.0,,38.0,STRAIGHT BALL,36.0,CUT SHOT,0.0,0.0,5,1.0,20.0,1.0,Outside Off stump,Short Length,0.0,0.0,0.0,0.0,0.0,0.0,0.0,0.0,87.34196087214696,-10.13080900191338,8.340780015976058,-0.7013466433387958,2.095526564206736,,,,,,,8.712272436134834,0.1342031997770291,0.6185809167781379,89.36681753901777,Attacked,Played,,0.493068695068359,0.4932632446289063,8.428567,-0.610314,,,,,,,-9.476167,-0.611202,0.996137,-8.840603,-0.608568,0.938389,-13.22879232312545,-10.06030268387919,-0.6140482446446193,1.045958101451063,-1.221357523310563,0.3417336827545842,-1.0,-1.0,NARENDRA-MODI-STADIUM-AHMEDABAD,-1.0,,R,R,R,Kolkata-Knight-Riders,Gujarat-Titans,Seam,1.0
2465,1,16.0,Kolkata Knight Riders,Angkrish Raghuvanshi,Kagiso Rabada,,2,6.0,1 (WD),1,0.0,0.0,0.0,0.0,0.0,1.0,1.0,0.0,0.0,0.0,0.0,0.0,0.0,,,0.0,1.6,1.0,1.0,1.0,820683.0,-81.0,-140.5,1.0,0.0,,39.0,ANGLED IN,40.0,FRONTFOOT FLICK,0.0,0.0,6,1.0,21.0,1.0,Leg stump,Good Length,0.0,0.0,0.0,0.0,0.0,0.0,0.0,0.0,90.66010274888362,-7.450566171454379,8.340962978062354,-0.6488396962029069,2.137254446649522,,,,,,,7.445095907437033,0.1591243435195675,0.6137842305666883,86.1552002330465,Attacked,Missed,,0.468452453613281,0.4948883056640625,5.674813,0.013905,,,,,,,-999.9,-999.9,-999.9,-8.841095,0.232591,0.543215,-11.41567434812847,-10.06025847004002,0.29374914430498,0.6521372536200709,0.0128366463813778,-0.2233199515197943,-1.0,-1.0,NARENDRA-MODI-STADIUM-AHMEDABAD,-1.0,,R,R,R,Kolkata-Knight-Riders,Gujarat-Titans,Seam,1.0
2465,1,16.0,Kolkata Knight Riders,Angkrish Raghuvanshi,Kagiso Rabada,,2,6.0,0 WK,W,0.0,0.0,0.0,0.0,1.0,0.0,0.0,0.0,0.0,0.0,0.0,0.0,1.0,Caught,WICKET,1.0,1.6,1.0,1.0,0.0,820684.0,-81.0,-140.5,0.0,0.0,,37.0,NIPPED AWAY,50.0,BACKFOOT DEFENCE,0.0,0.0,7,1.0,21.0,2.0,Outside Off stump,Short of Good Length,1.0,0.0,0.0,0.0,0.0,0.0,0.0,0.0,90.70208906049562,-9.063202802333448,8.34042406824505,-0.6664247863068435,2.121630145324515,,,,,,,8.11755163833918,0.1342242966513431,0.6018818201796805,86.85984336181778,,,,0.478889465332031,0.4699745178222656,7.496171,-0.431649,,,,,,,-8.951647,-0.402954,0.785519,-8.840605,-0.403494,0.775387,-12.70720397129477,-10.06015226200604,-0.3974800240298122,0.8806899325559023,-1.739642017607122,-0.0909377526409736,-1.0,-1.0,NARENDRA-MODI-STADIUM-AHMEDABAD,-1.0,,R,R,R,Kolkata-Knight-Riders,Gujarat-Titans,Seam,1.0
2465,1,16.0,Kolkata Knight Riders,Tim Seifert,Mohammed Siraj,,3,1.0,0,0,0.0,0.0,0.0,0.0,1.0,0.0,0.0,0.0,0.0,0.0,0.0,0.0,0.0,,,0.0,2.1,1.0,1.0,0.0,820685.0,-81.0,-140.5,0.0,0.0,,42.0,OUTSWINGER,51.0,FRONTFOOT COVERDRIVE,0.0,0.0,1,2.0,21.0,2.0,Outside Off stump,Good Length,2.0,0.0,0.0,0.0,0.0,0.0,0.0,0.0,85.3819304138134,-6.209376898976471,8.341127365422295,-0.7789390916051441,1.934026808575553,,,,,,,7.655977665905098,0.1775547468536601,0.6377177193189786,87.90218321248078,Attacked,Missed,,0.504249572753906,0.526153564453125,5.846572,-0.503698,,,,,,,-999.9,-999.9,-999.9,-8.840937,-0.586871,0.553121,-11.23222904546916,-10.06014697860651,-0.6092878536477467,0.6570146362622606,-3.19685327523529,-0.5935807417459453,-1.0,-1.0,NARENDRA-MODI-STADIUM-AHMEDABAD,-1.0,,R,R,R,Kolkata-Knight-Riders,Gujarat-Titans,Seam,1.0
2465,1,16.0,Kolkata Knight Riders,Tim Seifert,Mohammed Siraj,,3,2.0,0,0,0.0,0.0,0.0,0.0,1.0,0.0,0.0,0.0,0.0,0.0,0.0,0.0,0.0,,,0.0,2.2,1.0,1.0,0.0,820686.0,-57.5,19.0,0.0,0.0,,39.0,ANGLED IN,50.0,BACKFOOT DEFENCE,0.0,0.0,2,2.0,21.0,2.0,Outside Off stump,Short of Good Length,0.0,0.0,0.0,0.0,0.0,0.0,0.0,0.0,84.57332413422158,-8.259591448127994,8.340492335740453,-0.7563079709351759,1.903617532169029,,,,,,,7.897329710328987,0.1422123551940465,0.5919576469089747,84.57241151694154,Defended,Played,,0.509456634521484,0.4810867309570313,8.143139,-0.411632,,,,,,,-8.457065,-0.306962,0.749037,-8.840575,-0.304007,0.778598,-12.54461214361354,-10.06029046502604,-0.2971073081744959,0.8628066526653873,-1.507675772887455,0.2011968324669798,-1.0,-1.0,NARENDRA-MODI-STADIUM-AHMEDABAD,-1.0,,R,R,R,Kolkata-Knight-Riders,Gujarat-Titans,Seam,1.0
2465,1,16.0,Kolkata Knight Riders,Tim Seifert,Mohammed Siraj,,3,3.0,1,1,1.0,1.0,0.0,0.0,0.0,0.0,0.0,0.0,0.0,0.0,0.0,0.0,0.0,,,0.0,2.3,1.0,1.0,0.0,820687.0,-100.5,60.5,1.0,0.0,,42.0,OUTSWINGER,52.0,BACKFOOT COVERDRIVE,0.0,0.0,3,2.0,22.0,2.0,Outside Off stump,Short of Good Length,0.0,0.0,0.0,0.0,0.0,0.0,0.0,0.0,86.63362863635771,-8.39959253332662,8.340552329335246,-0.7693201756590835,1.922944186889623,,,,,,,8.197797786712874,0.1517245228979394,0.6211076742268032,87.99369884422656,Attacked,Played,,0.501514434814453,0.4588279724121094,8.010115,-0.368603,,,,,,,-7.883393,-0.338865,0.721644,-8.841053,-0.333853,0.805492,-12.37740546943149,-10.06030183212633,-0.3274152737441382,0.89925818284709,-2.535864384801123,-0.6041672264703294,-1.0,-1.0,NARENDRA-MODI-STADIUM-AHMEDABAD,-1.0,,R,R,R,Kolkata-Knight-Riders,Gujarat-Titans,Seam,1.0
2465,1,16.0,Kolkata Knight Riders,Cameron Green,Mohammed Siraj,,3,4.0,0,0,0.0,0.0,0.0,0.0,1.0,0.0,0.0,0.0,0.0,0.0,0.0,0.0,0.0,,,0.0,2.4,1.0,1.0,0.0,820688.0,-100.5,60.5,0.0,0.0,,42.0,OUTSWINGER,51.0,FRONTFOOT COVERDRIVE,0.0,0.0,4,2.0,22.0,2.0,Outside Off stump,Good Length,0.0,0.0,0.0,0.0,0.0,0.0,0.0,0.0,85.47934985829501,-6.22787539949582,8.340958109416647,-0.7561848374605524,1.925393672627866,,,,,,,8.37924328413749,0.1786675655764592,0.6986730552460496,96.93420172926152,Attacked,Missed,,0.499443054199219,0.5303993225097656,5.899742,-0.469587,,,,,,,-999.9,-999.9,-999.9,-8.841004,-0.563482,0.617355,-11.20598146049623,-10.06027851774693,-0.588509081327552,0.7357214000097657,-3.228964337472033,-0.7514659984160451,-1.0,-1.0,NARENDRA-MODI-STADIUM-AHMEDABAD,-1.0,,R,R,R,Kolkata-Knight-Riders,Gujarat-Titans,Seam,1.0
2465,1,16.0,Kolkata Knight Riders,Cameron Green,Mohammed Siraj,,3,5.0,2,2,2.0,0.0,1.0,0.0,0.0,0.0,0.0,0.0,0.0,0.0,0.0,0.0,0.0,,,0.0,2.5,1.0,1.0,0.0,820689.0,-112.5,-90.5,2.0,0.0,,42.0,OUTSWINGER,122.0,STEP DOWN LOFTED OFF DRIVE,0.0,0.0,5,2.0,24.0,2.0,Outside Off stump,Short of Good Length,0.0,0.0,0.0,0.0,0.0,0.0,0.0,0.0,86.01186812537954,-7.637330653539118,8.340613280425849,-0.750555974508343,1.903738863882081,,,,,,,7.409529270672196,0.1407797917308189,0.5795830484129397,82.85947808885908,Attacked,Edged,,0.503253936767578,0.4237632751464844,7.529063,-0.328963,,,,,,,-6.691792,-0.279455,0.494447,-8.840712,-0.253258,0.672025,-12.06471623815069,-10.06001045762586,-0.238195678359285,0.7526576542046208,-2.255818331977812,-0.3745538400079542,-1.0,-1.0,NARENDRA-MODI-STADIUM-AHMEDABAD,-1.0,,R,R,R,Kolkata-Knight-Riders,Gujarat-Titans,Seam,1.0
2465,1,16.0,Kolkata Knight Riders,Cameron Green,Mohammed Siraj,,3,6.0,0,0,0.0,0.0,0.0,0.0,1.0,0.0,0.0,0.0,0.0,0.0,0.0,0.0,0.0,,,0.0,2.6,1.0,1.0,0.0,820690.0,-71.0,-23.0,0.0,0.0,,42.0,OUTSWINGER,44.0,GLIDE,0.0,0.0,6,2.0,24.0,2.0,Outside Off stump,Short of Good Length,0.0,0.0,0.0,0.0,0.0,0.0,0.0,0.0,85.7893369846849,-8.782132102498652,8.340383691819351,-0.7367873161464478,1.910932988949734,,,,,,,8.827096308281904,0.1362774778278728,0.6627295598073515,95.78168618831543,Attacked,Played,,0.505233764648438,0.4766464233398438,8.355195,-0.336673,,,,,,,-8.370298,-0.31325,0.871857,-8.840957,-0.311549,0.915969,-12.54636033280546,-10.06008529201395,-0.3071150604881916,1.020136281718262,-2.388584450632822,-0.8439682371929585,-1.0,-1.0,NARENDRA-MODI-STADIUM-AHMEDABAD,-1.0,,R,R,R,Kolkata-Knight-Riders,Gujarat-Titans,Seam,1.0
2465,1,16.0,Kolkata Knight Riders,Tim Seifert,Kagiso Rabada,,4,1.0,4,4,4.0,0.0,0.0,0.0,0.0,0.0,0.0,0.0,0.0,0.0,1.0,0.0,0.0,,,0.0,3.1,1.0,1.0,0.0,820691.0,-196.5,88.5,4.0,0.0,,38.0,STRAIGHT BALL,52.0,BACKFOOT COVERDRIVE,0.0,0.0,1,3.0,28.0,2.0,Outside Off stump,Short of Good Length,1.0,0.0,0.0,0.0,0.0,0.0,0.0,0.0,89.99595690892919,-9.20099440936201,8.341205300644468,-0.6594269643596053,2.128971740035099,,,,,,,8.616663897245314,0.1816054137900333,0.6225522350528715,85.22229387892739,Attacked,Played,,0.486190795898438,0.4560012817382813,7.582909,-0.485718,,,,,,,-8.241775,-0.500273,0.773068,-8.841036,-0.501825,0.832914,-12.79574560241497,-10.05969732635987,-0.5050027784019789,0.9443331520182908,-1.744405323618099,-0.1536241512490335,-1.0,-1.0,NARENDRA-MODI-STADIUM-AHMEDABAD,-1.0,,R,R,R,Kolkata-Knight-Riders,Gujarat-Titans,Seam,1.0
2465,1,16.0,Kolkata Knight Riders,Tim Seifert,Kagiso Rabada,,4,2.0,1,1,1.0,1.0,0.0,0.0,0.0,0.0,0.0,0.0,0.0,0.0,0.0,0.0,0.0,,,0.0,3.2,1.0,1.0,0.0,820692.0,16.0,127.5,1.0,0.0,,39.0,ANGLED IN,53.0,FRONTFOOT STRAIGHT DRIVE,0.0,0.0,2,3.0,29.0,2.0,Outside Off stump,Short of Good Length,0.0,0.0,0.0,0.0,0.0,0.0,0.0,0.0,86.79283699615128,-8.809274217912037,8.340783205389776,-0.6694839091353801,2.133611107802166,,,,,,,8.481395437977747,0.1523829055921549,0.6449042690639258,91.4973498003734,Attacked,Played,,0.485618591308594,0.4504737854003906,7.106855,-0.285192,,,,,,,-8.315028,-0.111113,0.723622,-8.840882,-0.093647,0.778007,-12.32927802827388,-10.06030025827575,-0.0528621885620262,0.8947629109545263,-0.1605564011437342,-0.0424651221962482,-1.0,-1.0,NARENDRA-MODI-STADIUM-AHMEDABAD,-1.0,,R,R,R,Kolkata-Knight-Riders,Gujarat-Titans,Seam,1.0
2465,1,16.0,Kolkata Knight Riders,Cameron Green,Kagiso Rabada,,4,3.0,1 (LB),1,0.0,0.0,0.0,0.0,1.0,1.0,0.0,0.0,0.0,1.0,0.0,0.0,0.0,,,0.0,3.3,1.0,1.0,1.0,820693.0,16.0,127.5,1.0,0.0,,39.0,ANGLED IN,27.0,FORWARD PUSH,0.0,0.0,3,3.0,30.0,2.0,Outside Off stump,Short of Good Length,0.0,0.0,0.0,0.0,0.0,0.0,0.0,0.0,90.4092106369855,-10.03203239880781,8.340359735407162,-0.7167359693859173,2.096546789442646,,,,,,,7.76795027666465,0.1941986345631216,0.5568677858996848,74.11030442864056,Attacked,Missed,,0.49053955078125,0.4675140380859375,8.174446,-0.309295,,,,,,,-8.611019,0.125245,0.763161,-8.840952,0.143654,0.780962,-12.84434942149328,-10.06018070093338,0.2454408278646832,0.8669838783054458,0.2873422569510777,0.4578483331127855,-1.0,-1.0,NARENDRA-MODI-STADIUM-AHMEDABAD,-1.0,,R,R,R,Kolkata-Knight-Riders,Gujarat-Titans,Seam,1.0
2465,1,16.0,Kolkata Knight Riders,Tim Seifert,Kagiso Rabada,,4,4.0,1,1,1.0,1.0,0.0,0.0,0.0,0.0,0.0,0.0,0.0,0.0,0.0,0.0,0.0,,,0.0,3.4,1.0,1.0,0.0,820694.0,-89.0,-99.0,1.0,0.0,,39.0,ANGLED IN,5.0,LOFTED OFF DRIVE,0.0,0.0,4,3.0,31.0,2.0,Outside Off stump,Short of Good Length,0.0,0.0,0.0,0.0,0.0,0.0,0.0,0.0,90.4951043432138,-7.679219952101351,8.340591088798295,-0.743819995209737,2.133439308425061,,,,,,,8.110180374451685,0.1847859079279885,0.6400713729711073,87.53211515286723,Attacked,Edged,,0.481739044189453,0.4486541748046875,6.039466,-0.391458,,,,,,,-8.270783,-0.308965,0.56151,-8.840617,-0.297696,0.621064,-11.78397791116157,-10.06025581623249,-0.2734040689819871,0.7387557280520425,0.1296193899742576,-0.6056371627455356,-1.0,-1.0,NARENDRA-MODI-STADIUM-AHMEDABAD,-1.0,,R,R,R,Kolkata-Knight-Riders,Gujarat-Titans,Seam,1.0
2465,1,16.0,Kolkata Knight Riders,Cameron Green,Kagiso Rabada,,4,5.0,1,1,1.0,1.0,0.0,0.0,0.0,0.0,0.0,0.0,0.0,0.0,0.0,0.0,0.0,,,0.0,3.5,1.0,1.0,0.0,820695.0,-91.5,-108.5,1.0,0.0,,38.0,STRAIGHT BALL,44.0,GLIDE,0.0,0.0,5,3.0,32.0,2.0,Outside Off stump,Short of Good Length,0.0,0.0,0.0,0.0,0.0,0.0,0.0,0.0,89.88597239975611,-9.166668068772104,8.341026325311446,-0.7137057532624431,2.125728931468764,,,,,,,8.36642869702708,0.1732174516628022,0.6183717843829528,85.43402249116271,Attacked,Played,,0.486396789550781,0.4550857543945313,7.432811,-0.63756,,,,,,,-8.450141,-0.704943,0.751068,-8.840545,-0.709572,0.789154,-12.569204924776,-10.06006439734531,-0.7241257499178032,0.8993383458846855,-1.767169765244652,-0.1262868062399521,-1.0,-1.0,NARENDRA-MODI-STADIUM-AHMEDABAD,-1.0,,R,R,R,Kolkata-Knight-Riders,Gujarat-Titans,Seam,1.0
2465,1,16.0,Kolkata Knight Riders,Tim Seifert,Kagiso Rabada,,4,6.0,0 WK,W,0.0,0.0,0.0,0.0,1.0,0.0,0.0,0.0,0.0,0.0,0.0,0.0,1.0,Caught,WICKET,1.0,3.6,1.0,1.0,0.0,820696.0,-110.0,13.0,0.0,0.0,,38.0,STRAIGHT BALL,52.0,BACKFOOT COVERDRIVE,0.0,0.0,6,3.0,32.0,3.0,Outside Off stump,Short of Good Length,1.0,0.0,0.0,0.0,0.0,0.0,0.0,0.0,87.30634218206882,-10.30844258172034,8.340427808381293,-0.6328131841666373,2.087483455185507,,,,,,,8.967461987669493,0.1477345238767244,0.6033262802570728,85.72548965088848,,,,0.496044158935547,0.4689788818359375,8.743342,-0.62005,,,,,,,-8.673564,-0.693654,0.974737,-8.840626,-0.695375,0.990839,-13.83591429037375,-10.06003215218962,-0.708011321490641,1.100649810809419,-0.789497821390545,-0.2238668757946931,-1.0,-1.0,NARENDRA-MODI-STADIUM-AHMEDABAD,-1.0,,R,R,R,Kolkata-Knight-Riders,Gujarat-Titans,Seam,1.0
2465,1,16.0,Kolkata Knight Riders,Cameron Green,Mohammed Siraj,,5,1.0,1,1,1.0,1.0,0.0,0.0,0.0,0.0,0.0,0.0,0.0,0.0,0.0,0.0,0.0,,,0.0,4.1,1.0,1.0,0.0,820697.0,-125.0,-48.0,1.0,0.0,,42.0,OUTSWINGER,27.0,FORWARD PUSH,0.0,0.0,1,4.0,33.0,3.0,Outside Off stump,Good Length,2.0,0.0,0.0,0.0,0.0,0.0,0.0,0.0,85.7469700464515,-6.879209910147649,8.340730136061882,-0.7696563898170701,1.947379008609233,,,,,,,7.728549705309844,0.1542887178086377,0.6343761532908195,89.72755121275917,Attacked,Played,,0.501983642578125,0.4735336303710938,6.42087,-0.405628,,,,,,,-8.386355,-0.433427,0.572862,-8.840891,-0.436142,0.613881,-11.47391075232867,-10.0601683579336,-0.4434745621163556,0.7139071160866369,-3.125355219112908,-0.4360790440093379,-1.0,-1.0,NARENDRA-MODI-STADIUM-AHMEDABAD,-1.0,,R,R,R,Kolkata-Knight-Riders,Gujarat-Titans,Seam,1.0
2465,1,16.0,Kolkata Knight Riders,Rovman Powell,Mohammed Siraj,,5,2.0,0,0,0.0,0.0,0.0,0.0,1.0,0.0,0.0,0.0,0.0,0.0,0.0,0.0,0.0,,,0.0,4.2,1.0,1.0,0.0,820698.0,-125.0,-48.0,0.0,0.0,,37.0,NIPPED AWAY,50.0,BACKFOOT DEFENCE,0.0,0.0,2,4.0,33.0,3.0,Outside Off stump,Short of Good Length,0.0,0.0,0.0,0.0,0.0,0.0,0.0,0.0,86.36058935360168,-9.455751671213168,8.340955611386946,-0.7923572176384125,1.890581788196611,,,,,,,8.841493256799547,0.2047575264054079,0.6276246730634625,83.66794831897859,Attacked,Missed,,0.514171600341797,0.5408706665039062,8.960146,-0.365268,,,,,,,-999.9,-999.9,-999.9,-8.840521,-0.267841,0.959536,-12.89712870485473,-10.05995182124179,-0.2519292229760902,1.050962848822446,-2.391782117880213,-0.6509361282895143,-1.0,-1.0,NARENDRA-MODI-STADIUM-AHMEDABAD,-1.0,,R,R,R,Kolkata-Knight-Riders,Gujarat-Titans,Seam,1.0
2465,1,16.0,Kolkata Knight Riders,Rovman Powell,Mohammed Siraj,,5,3.0,1,1,1.0,1.0,0.0,0.0,0.0,0.0,0.0,0.0,0.0,0.0,0.0,0.0,0.0,,,0.0,4.3,1.0,1.0,0.0,820699.0,-99.5,-87.5,1.0,0.0,,39.0,ANGLED IN,49.0,FORWARD DEFENCE,0.0,0.0,3,4.0,34.0,3.0,Off stump,Good Length,0.0,0.0,0.0,0.0,0.0,0.0,0.0,0.0,84.89193892022213,-8.127654712097893,8.34091158045214,-0.7712280003480747,1.905387596031395,,,,,,,8.44654732534579,0.1983129452537773,0.6394076861041105,86.07985839023884,Defended,Edged,,0.5068359375,0.4738998413085938,7.898041,-0.239562,,,,,,,-8.202592,-0.099706,0.766113,-8.840901,-0.084532,0.822837,-12.18650756318413,-10.06034969822052,-0.0553232638641261,0.919587330919766,-2.668384483908229,-0.213595380925318,-1.0,-1.0,NARENDRA-MODI-STADIUM-AHMEDABAD,-1.0,,R,R,R,Kolkata-Knight-Riders,Gujarat-Titans,Seam,1.0
2465,1,16.0,Kolkata Knight Riders,Cameron Green,Mohammed Siraj,,5,4.0,0,0,0.0,0.0,0.0,0.0,1.0,0.0,0.0,0.0,0.0,0.0,0.0,0.0,0.0,,,0.0,4.4,1.0,1.0,0.0,820700.0,-99.5,-87.5,0.0,0.0,,36.0,BOUNCER,57.0,HOOK SHOT,1.0,0.0,4,4.0,34.0,3.0,Outside Off stump,Short Length,0.0,0.0,0.0,0.0,0.0,0.0,0.0,0.0,88.20625332737272,-16.19675468959063,8.340460145319106,-0.8028981069762314,1.809668099446221,,,,,,,11.76102849632998,0.1515614698217556,0.5562496687103933,78.28130332438344,Attacked,Missed,,0.528934478759766,0.5556564331054688,12.80799,-0.56964,,,,,,,-999.9,-999.9,-999.9,-8.840512,0.064616,1.858611,-18.98171949102999,-10.06009855595916,0.1563266221591265,1.973240513923129,-0.2509978352897193,-0.0854262136064338,-1.0,-1.0,NARENDRA-MODI-STADIUM-AHMEDABAD,-1.0,,R,R,R,Kolkata-Knight-Riders,Gujarat-Titans,Seam,1.0
2465,1,16.0,Kolkata Knight Riders,Cameron Green,Mohammed Siraj,,5,5.0,0,0,0.0,0.0,0.0,0.0,1.0,0.0,0.0,0.0,0.0,0.0,0.0,0.0,0.0,,,0.0,4.5,1.0,1.0,0.0,820701.0,-99.5,-87.5,0.0,0.0,,38.0,STRAIGHT BALL,51.0,FRONTFOOT COVERDRIVE,0.0,0.0,5,4.0,34.0,3.0,Outside Off stump,Short of Good Length,0.0,0.0,0.0,0.0,0.0,0.0,0.0,0.0,85.89474426943308,-7.505979227074039,8.340413271182836,-0.8368282207176753,1.914763483958537,,,,,,,6.891460461135858,0.1583667007085701,0.5487296767926135,76.47278144803502,Attacked,Missed,,0.497119903564453,0.52294921875,7.243729,-0.686063,,,,,,,-999.9,-999.9,-999.9,-8.840519,-0.577528,0.598204,-11.80125860453933,-10.06012538359985,-0.5592484635746755,0.6715850539530679,-0.652511925694298,0.7340274600650719,-1.0,-1.0,NARENDRA-MODI-STADIUM-AHMEDABAD,-1.0,,R,R,R,Kolkata-Knight-Riders,Gujarat-Titans,Seam,1.0
2465,1,16.0,Kolkata Knight Riders,Cameron Green,Mohammed Siraj,,5,6.0,2,2,2.0,0.0,1.0,0.0,0.0,0.0,0.0,0.0,0.0,0.0,0.0,0.0,0.0,,,0.0,4.6,1.0,1.0,0.0,820702.0,-133.5,-37.0,2.0,0.0,,38.0,STRAIGHT BALL,59.0,FRONTFOOT SQUARE DRIVE,0.0,0.0,6,4.0,36.0,3.0,Outside Off stump,Short of Good Length,0.0,0.0,0.0,0.0,0.0,0.0,0.0,0.0,84.98905601434103,-9.390570352300273,8.340545202741197,-0.7921654524991101,1.925477841309503,,,,,,,8.998367945625183,0.1529674449464788,0.6457973611229014,91.57285967378736,Attacked,Played,,0.519390106201172,0.493011474609375,8.763447,-0.612143,,,,,,,-8.542859,-0.482712,0.934184,-8.840458,-0.477237,0.960577,-13.00305251777334,-10.06029366342474,-0.4546559459951259,1.059125877576301,-1.30992200207388,0.6037044348038885,-1.0,-1.0,NARENDRA-MODI-STADIUM-AHMEDABAD,-1.0,,R,R,R,Kolkata-Knight-Riders,Gujarat-Titans,Seam,1.0
2465,1,16.0,Kolkata Knight Riders,Rovman Powell,Kagiso Rabada,,6,1.0,0,0,0.0,0.0,0.0,0.0,1.0,0.0,0.0,0.0,0.0,0.0,0.0,0.0,0.0,,,0.0,5.1,1.0,1.0,0.0,820703.0,-133.5,-37.0,0.0,0.0,,39.0,ANGLED IN,27.0,FORWARD PUSH,0.0,0.0,1,5.0,36.0,3.0,Outside Off stump,Good Length,1.0,0.0,0.0,0.0,0.0,0.0,0.0,0.0,90.36853175299755,-7.842917385684409,8.341231923110115,-0.6754479515670523,2.127978475062241,,,,,,,7.487977331472536,0.1528611069405727,0.6049162989558364,85.4513341493182,Attacked,Missed,,0.475605010986328,0.4524307250976563,6.132012,-0.097892,,,,,,,-8.416534,0.115434,0.542857,-8.841051,0.135995,0.582165,-11.66114160738368,-10.06037175756094,0.1954302588014572,0.6862101909734281,0.8377663829916542,-0.4560001305005704,-1.0,-1.0,NARENDRA-MODI-STADIUM-AHMEDABAD,-1.0,,R,R,R,Kolkata-Knight-Riders,Gujarat-Titans,Seam,1.0
2465,1,16.0,Kolkata Knight Riders,Rovman Powell,Kagiso Rabada,,6,2.0,0,0,0.0,0.0,0.0,0.0,1.0,0.0,0.0,0.0,0.0,0.0,0.0,0.0,0.0,,,0.0,5.2,1.0,1.0,0.0,820704.0,-133.5,-37.0,0.0,0.0,,38.0,STRAIGHT BALL,51.0,FRONTFOOT COVERDRIVE,0.0,0.0,2,5.0,36.0,3.0,Outside Off stump,Good Length,0.0,0.0,0.0,0.0,0.0,0.0,0.0,0.0,90.08768408240807,-8.118982852586033,8.340389200734329,-0.6658629560854442,2.119147749488129,,,,,,,7.522573895027559,0.1696252513011706,0.5846094971972793,80.72889944947482,Attacked,Missed,,0.480686187744141,0.5054855346679688,6.57735,-0.689466,,,,,,,-999.9,-999.9,-999.9,-8.840561,-0.796277,0.622365,-12.02189481025209,-10.06015157417896,-0.8212210081542359,0.7213533815624782,-1.929672188335738,0.00235435182901,-1.0,-1.0,NARENDRA-MODI-STADIUM-AHMEDABAD,-1.0,,R,R,R,Kolkata-Knight-Riders,Gujarat-Titans,Seam,1.0
2465,1,16.0,Kolkata Knight Riders,Rovman Powell,Kagiso Rabada,,6,3.0,1,1,1.0,1.0,0.0,0.0,0.0,0.0,0.0,0.0,0.0,0.0,0.0,0.0,0.0,,,0.0,5.3,1.0,1.0,0.0,820705.0,-92.0,-92.5,1.0,0.0,,38.0,STRAIGHT BALL,44.0,GLIDE,0.0,0.0,3,5.0,37.0,3.0,Outside Off stump,Short of Good Length,0.0,0.0,0.0,0.0,0.0,0.0,0.0,0.0,87.77532615118315,-11.2343172003112,8.340540220716132,-0.6499621388392619,2.12440266749489,,,,,,,9.574409156015854,0.1997632721152724,0.6206794173732717,83.12558539446353,Attacked,Played,,0.498275756835938,0.4724235534667969,9.021131,-0.507731,,,,,,,-8.541321,-0.395934,1.058527,-8.840543,-0.391332,1.089155,-14.02629581515605,-10.05972090411124,-0.3724665839822598,1.205025255881747,0.6098255385424902,-0.3553344276923567,-1.0,-1.0,NARENDRA-MODI-STADIUM-AHMEDABAD,-1.0,,R,R,R,Kolkata-Knight-Riders,Gujarat-Titans,Seam,1.0
2465,1,16.0,Kolkata Knight Riders,Cameron Green,Kagiso Rabada,,6,4.0,0,0,0.0,0.0,0.0,0.0,1.0,0.0,0.0,0.0,0.0,0.0,0.0,0.0,0.0,,,0.0,5.4,1.0,1.0,0.0,820706.0,-71.0,-23.0,0.0,0.0,,38.0,STRAIGHT BALL,44.0,GLIDE,0.0,0.0,4,5.0,37.0,3.0,Outside Off stump,Short of Good Length,0.0,0.0,0.0,0.0,0.0,0.0,0.0,0.0,88.0420614957831,-10.65230135633962,8.340935582595826,-0.6802740847339332,2.120143300793643,,,,,,,8.398021261786264,0.1718142281012346,0.5706507839870008,78.41619478792666,Defended,Played,,0.495185852050781,0.4769668579101563,8.638878,-0.564005,,,,,,,-8.711118,-0.477703,0.882315,-8.841043,-0.476119,0.89318,-13.59468217697056,-10.05976972279468,-0.4611803834902807,0.987192153711756,0.0053376480509119,-0.0256564775896961,-1.0,-1.0,NARENDRA-MODI-STADIUM-AHMEDABAD,-1.0,,R,R,R,Kolkata-Knight-Riders,Gujarat-Titans,Seam,1.0
2465,1,16.0,Kolkata Knight Riders,Cameron Green,Kagiso Rabada,,6,5.0,0,0,0.0,0.0,0.0,0.0,1.0,0.0,0.0,0.0,0.0,0.0,0.0,0.0,0.0,,,0.0,5.5,1.0,1.0,0.0,820707.0,-71.0,-23.0,0.0,0.0,,38.0,STRAIGHT BALL,52.0,BACKFOOT COVERDRIVE,0.0,0.0,5,5.0,37.0,3.0,Outside Off stump,Short of Good Length,0.0,0.0,0.0,0.0,0.0,0.0,0.0,0.0,90.59342287941745,-9.505941614498166,8.340615064327086,-0.6735819468425406,2.105133825380274,,,,,,,9.035383471919076,0.184155365631985,0.6462987276799395,88.52927258879242,Attacked,Missed,,0.482276916503906,0.5091819763183594,7.88626,-0.651667,,,,,,,-999.9,-999.9,-999.9,-8.8411,-0.757948,0.911858,-12.8958049843421,-10.06019337705989,-0.7779994522847812,1.030818891618793,-1.499073617876396,-0.2303487730182692,-1.0,-1.0,NARENDRA-MODI-STADIUM-AHMEDABAD,-1.0,,R,R,R,Kolkata-Knight-Riders,Gujarat-Titans,Seam,1.0
2465,1,16.0,Kolkata Knight Riders,Cameron Green,Kagiso Rabada,,6,6.0,0,0,0.0,0.0,0.0,0.0,1.0,0.0,0.0,0.0,0.0,0.0,0.0,0.0,0.0,,,0.0,5.6,1.0,1.0,0.0,820708.0,-24.5,61.5,0.0,0.0,,39.0,ANGLED IN,49.0,FORWARD DEFENCE,0.0,0.0,6,5.0,37.0,3.0,Outside Off stump,Good Length,0.0,0.0,0.0,0.0,0.0,0.0,0.0,0.0,89.11698790558772,-9.366869276334215,8.34041280326079,-0.675308246350785,2.093357345667586,,,,,,,7.980021114517021,0.1476095826075834,0.5923633904155544,84.09355030157482,Defended,Played,,0.486053466796875,0.4407577514648438,7.767843,-0.358197,,,,,,,-7.83134,-0.193369,0.68889,-8.841062,-0.16255,0.779924,-12.63729443055038,-10.06007106453373,-0.1250127543948189,0.8775735476392224,0.2635297613427113,-0.1757525541021895,-1.0,-1.0,NARENDRA-MODI-STADIUM-AHMEDABAD,-1.0,,R,R,R,Kolkata-Knight-Riders,Gujarat-Titans,Seam,1.0
2465,1,16.0,Kolkata Knight Riders,Rovman Powell,Prasidh Krishna,,7,1.0,1,1,1.0,1.0,0.0,0.0,0.0,0.0,0.0,0.0,0.0,0.0,0.0,0.0,0.0,,,0.0,6.1,1.0,1.0,0.0,820709.0,-148.0,44.5,1.0,0.0,,38.0,STRAIGHT BALL,15.0,LOFTED COVER DRIVE,0.0,0.0,1,6.0,38.0,3.0,Outside Off stump,Good Length,1.0,0.0,0.0,0.0,0.0,0.0,0.0,0.0,84.99999999999996,-7.17722802781683,8.340714504122442,-0.7561495717142653,2.088439900365773,,,,,,,8.256992179686511,0.1621146264137809,0.6319778603131905,88.58521640560048,Attacked,Edged,,0.505588531494141,0.4685325622558594,6.219316,-0.482329,,,,,,,-8.085,-0.532696,0.559806,-8.841107,-0.541844,0.636815,-12.21379808663171,-10.06015767478525,-0.5567088549788771,0.748913916149337,-2.40913374375906,-0.6967272838962135,-1.0,-1.0,NARENDRA-MODI-STADIUM-AHMEDABAD,-1.0,,R,R,R,Kolkata-Knight-Riders,Gujarat-Titans,Seam,1.0
2465,1,16.0,Kolkata Knight Riders,Cameron Green,Prasidh Krishna,,7,2.0,1 (WD),1,0.0,0.0,0.0,0.0,0.0,1.0,1.0,0.0,0.0,0.0,0.0,0.0,0.0,,,0.0,6.2,1.0,1.0,1.0,820710.0,-148.0,44.5,1.0,0.0,,39.0,ANGLED IN,54.0,LEG GLANCE,0.0,0.0,2,6.0,39.0,3.0,Off stump,Short of Good Length,0.0,0.0,0.0,0.0,0.0,0.0,0.0,0.0,87.33469607602835,-9.446071122770878,8.340495524418156,-0.732562740112822,2.070427043480072,,,,,,,8.617446548589234,0.1655040341822931,0.6264794942129265,87.42152071370967,,,,0.499832153320312,0.5236930847167969,7.956081,-0.023402,,,,,,,-999.9,-999.9,-999.9,-8.840555,0.388261,0.850375,-12.80822840393359,-10.06023266521359,0.4651631717575738,0.9549569484371712,0.597859290204264,-0.7859801179783089,-1.0,-1.0,NARENDRA-MODI-STADIUM-AHMEDABAD,-1.0,,R,R,R,Kolkata-Knight-Riders,Gujarat-Titans,Seam,1.0
2465,1,16.0,Kolkata Knight Riders,Cameron Green,Prasidh Krishna,,7,2.0,1,1,1.0,1.0,0.0,0.0,0.0,0.0,0.0,0.0,0.0,0.0,0.0,0.0,0.0,,,0.0,6.2,1.0,1.0,0.0,820711.0,-143.5,-15.0,1.0,0.0,,38.0,STRAIGHT BALL,16.0,BACKFOOT SQUARE DRIVE,0.0,0.0,3,6.0,40.0,3.0,Outside Off stump,Short of Good Length,0.0,0.0,0.0,0.0,0.0,0.0,0.0,0.0,84.73730721058419,-9.045321966551365,8.341132039276744,-0.706753439498063,2.035994395328645,,,,,,,9.200674859688869,0.1551055779629773,0.6561704273566571,92.91500630720084,Attacked,Played,,0.516460418701172,0.4824028015136719,8.081091,-0.578489,,,,,,,-8.573763,-0.635673,0.908364,-8.840937,-0.638052,0.935474,-13.06837368465259,-10.05966513762863,-0.6489728957457614,1.050211765001696,-1.765848644486799,-0.2791801439769521,-1.0,-1.0,NARENDRA-MODI-STADIUM-AHMEDABAD,-1.0,,R,R,R,Kolkata-Knight-Riders,Gujarat-Titans,Seam,1.0
2465,1,16.0,Kolkata Knight Riders,Rovman Powell,Prasidh Krishna,,7,3.0,0,0,0.0,0.0,0.0,0.0,1.0,0.0,0.0,0.0,0.0,0.0,0.0,0.0,0.0,,,0.0,6.3,1.0,1.0,0.0,820712.0,-143.5,-15.0,0.0,0.0,,39.0,ANGLED IN,27.0,FORWARD PUSH,0.0,0.0,4,6.0,40.0,3.0,Off stump,Good Length,0.0,0.0,0.0,0.0,0.0,0.0,0.0,0.0,89.89917573970058,-7.230888730507071,8.34055111546618,-0.7291986938092159,2.039304465580978,,,,,,,8.306486561852362,0.2054357355657014,0.6821815739112919,91.78366253012364,Attacked,Missed,,0.481201171875,0.4629707336425781,5.979278,-0.1402,,,,,,,-8.693066,0.100022,0.616939,-8.840906,0.107867,0.632621,-11.27390731965644,-10.06010178965484,0.1729151360638554,0.7543544297960795,0.9077551140408648,-0.2589089420107232,-1.0,-1.0,NARENDRA-MODI-STADIUM-AHMEDABAD,-1.0,,R,R,R,Kolkata-Knight-Riders,Gujarat-Titans,Seam,1.0
2465,1,16.0,Kolkata Knight Riders,Rovman Powell,Prasidh Krishna,,7,4.0,0,0,0.0,0.0,0.0,0.0,1.0,0.0,0.0,0.0,0.0,0.0,0.0,0.0,0.0,,,0.0,6.4,1.0,1.0,0.0,820713.0,-11.0,64.0,0.0,0.0,,39.0,ANGLED IN,27.0,FORWARD PUSH,0.0,0.0,5,6.0,40.0,3.0,Outside Off stump,Good Length,0.0,0.0,0.0,0.0,0.0,0.0,0.0,0.0,87.69113367905538,-7.817359504321479,8.34122309295902,-0.7389526700008859,2.040807983770909,,,,,,,8.494590015670191,0.1625396127704156,0.6618347023954615,93.02124408227766,Defended,Played,,0.493606567382812,0.4567794799804688,6.795592,-0.231371,,,,,,,-8.23791,-0.01087,0.666436,-8.840924,0.01645,0.729327,-12.01352189267928,-10.05981772679261,0.072072320649168,0.8462239415785666,0.944959193552796,-0.5047569451046823,-1.0,-1.0,NARENDRA-MODI-STADIUM-AHMEDABAD,-1.0,,R,R,R,Kolkata-Knight-Riders,Gujarat-Titans,Seam,1.0
2465,1,16.0,Kolkata Knight Riders,Rovman Powell,Prasidh Krishna,,7,5.0,6,6,6.0,0.0,0.0,0.0,0.0,0.0,0.0,0.0,0.0,0.0,0.0,1.0,0.0,,,0.0,6.5,1.0,1.0,0.0,820714.0,89.0,208.5,6.0,0.0,,39.0,ANGLED IN,11.0,LOFTED ON DRIVE,0.0,0.0,6,6.0,46.0,3.0,Outside Off stump,Good Length,0.0,0.0,0.0,0.0,0.0,0.0,0.0,0.0,86.65066807998065,-6.889173558357519,8.340434677169537,-0.7923310664829639,2.042708613961462,,,,,,,7.66008368581851,0.2021170834948034,0.6114685363503994,81.50857210307957,Attacked,Played,,0.494258880615234,0.4534263610839844,5.919731,-0.37258,,,,,,,-8.075263,-0.227032,0.491493,-8.840945,-0.198186,0.564845,-11.6027602959937,-10.05970692717797,-0.1519077274553472,0.6700387031175767,1.111952809996052,-0.4198847621272085,-1.0,-1.0,NARENDRA-MODI-STADIUM-AHMEDABAD,-1.0,,R,R,R,Kolkata-Knight-Riders,Gujarat-Titans,Seam,1.0
2465,1,16.0,Kolkata Knight Riders,Rovman Powell,Prasidh Krishna,,7,6.0,2,2,2.0,0.0,1.0,0.0,0.0,0.0,0.0,0.0,0.0,0.0,0.0,0.0,0.0,,,0.0,6.6,1.0,1.0,0.0,820715.0,152.5,71.0,2.0,0.0,,39.0,ANGLED IN,47.0,FRONTFOOT ON DRIVE,0.0,0.0,7,6.0,48.0,3.0,Outside Off stump,Full Length,0.0,0.0,0.0,0.0,0.0,0.0,0.0,0.0,87.4365303234404,-6.601823096663268,8.341175268822084,-0.7176242763729028,2.054515802639207,,,,,,,7.025681820838145,0.1759168725544152,0.5836775350965577,79.95994300904214,Attacked,Played,,0.491249084472656,0.4577407836914063,5.407091,-0.264128,,,,,,,-8.166166,-0.12291,0.409397,-8.841074,-0.09534,0.469156,-11.28022568726827,-10.06032330838059,-0.0451646624170318,0.5660904288414949,1.033276584402165,-0.2672429375009278,-1.0,-1.0,NARENDRA-MODI-STADIUM-AHMEDABAD,-1.0,,R,R,R,Kolkata-Knight-Riders,Gujarat-Titans,Seam,1.0
2465,1,16.0,Kolkata Knight Riders,Cameron Green,Ashok Sharma,,8,1.0,1,1,1.0,1.0,0.0,0.0,0.0,0.0,0.0,0.0,0.0,0.0,0.0,0.0,0.0,,,0.0,7.1,1.0,1.0,0.0,820716.0,-63.5,36.0,1.0,0.0,,39.0,ANGLED IN,97.0,BACKFOOT PUSH,0.0,0.0,1,7.0,49.0,3.0,Outside Off stump,Short of Good Length,1.0,0.0,0.0,0.0,0.0,0.0,0.0,0.0,88.79002656330445,-11.68910391907522,8.340964913906163,-0.7318363272950145,1.961774330918257,,,,,,,8.914314614906582,0.1647179351922365,0.5851952897325193,81.30749994065425,Defended,Played,,0.50244140625,0.4785003662109375,9.929938,-0.446103,,,,,,,-8.544623,-0.194234,1.050938,-8.840994,-0.18505,1.075242,-14.06786060194709,-10.05985214133783,-0.1470457154478705,1.16613754221104,0.5003662026265178,-0.5304842306656169,-1.0,-1.0,NARENDRA-MODI-STADIUM-AHMEDABAD,-1.0,,R,R,R,Kolkata-Knight-Riders,Gujarat-Titans,Seam,1.0
2465,1,16.0,Kolkata Knight Riders,Rovman Powell,Ashok Sharma,,8,2.0,0,0,0.0,0.0,0.0,0.0,1.0,0.0,0.0,0.0,0.0,0.0,0.0,0.0,0.0,,,0.0,7.2,1.0,1.0,0.0,820717.0,-65.0,47.0,0.0,0.0,,38.0,STRAIGHT BALL,51.0,FRONTFOOT COVERDRIVE,0.0,0.0,2,7.0,49.0,3.0,Outside Off stump,Good Length,0.0,0.0,0.0,0.0,0.0,0.0,0.0,0.0,91.49147698115368,-8.454490164630704,8.341070084197217,-0.7231391760628018,1.952895865331099,,,,,,,7.148398689577069,0.1854475236066743,0.5756384550633307,77.80101589883218,Defended,Played,,0.473979949951172,0.4507827758789063,7.479848,-0.452608,,,,,,,-8.45414,-0.335739,0.633142,-8.840751,-0.327856,0.662438,-11.57712027972682,-10.06036389451402,-0.3028300359229521,0.7461411503235837,-0.0530733549150815,-0.2764244712760975,-1.0,-1.0,NARENDRA-MODI-STADIUM-AHMEDABAD,-1.0,,R,R,R,Kolkata-Knight-Riders,Gujarat-Titans,Seam,1.0
2465,1,16.0,Kolkata Knight Riders,Rovman Powell,Ashok Sharma,,8,3.0,0,0,0.0,0.0,0.0,0.0,1.0,0.0,0.0,0.0,0.0,0.0,0.0,0.0,0.0,,,0.0,7.3,1.0,1.0,0.0,820718.0,-7.0,10.5,0.0,0.0,,39.0,ANGLED IN,58.0,BACKFOOT PULL SHOT,0.0,0.0,3,7.0,49.0,3.0,Outside Off stump,Short of Good Length,0.0,0.0,0.0,0.0,0.0,0.0,0.0,0.0,91.20320634891482,-9.7337008522059,8.341104760453035,-0.6536097187030178,1.960095136026646,,,,,,,8.006599414845397,0.1818043288669314,0.5913729224816596,80.52550548555583,Attacked,Edged,,0.4822998046875,0.44952392578125,8.583049,-0.478517,,,,,,,-8.168829,-0.35732,0.795573,-8.840914,-0.344789,0.851027,-12.54678075647114,-10.05978084875568,-0.3218883071381173,0.941081167380494,0.305762244485803,-0.1688265452398593,-1.0,-1.0,NARENDRA-MODI-STADIUM-AHMEDABAD,-1.0,,R,R,R,Kolkata-Knight-Riders,Gujarat-Titans,Seam,1.0
2465,1,16.0,Kolkata Knight Riders,Rovman Powell,Ashok Sharma,,8,4.0,6,6,6.0,0.0,0.0,0.0,0.0,0.0,0.0,0.0,0.0,0.0,0.0,1.0,0.0,,,0.0,7.4,1.0,1.0,0.0,820719.0,186.5,91.0,6.0,0.0,,38.0,STRAIGHT BALL,58.0,BACKFOOT PULL SHOT,0.0,0.0,4,7.0,55.0,3.0,Outside Off stump,Short Length,0.0,1.0,1.0,0.0,1.0,0.0,0.0,0.0,91.4110299375068,-11.72609531586319,8.340433399387596,-0.6878433678064034,1.916611233669591,,,,,,,9.183096094313704,0.1993310450027593,0.5579960254770301,73.76629932127858,Attacked,Played,,0.493698120117188,0.4558753967285156,10.38293,-0.553709,,,,,,,-8.016324,-0.337693,1.089798,-8.840958,-0.320384,1.161699,-14.88206794047479,-10.06021264314135,-0.2962522048181244,1.256018944347038,0.3179071854939835,0.5984701490608114,-1.0,-1.0,NARENDRA-MODI-STADIUM-AHMEDABAD,-1.0,,R,R,R,Kolkata-Knight-Riders,Gujarat-Titans,Seam,1.0
2465,1,16.0,Kolkata Knight Riders,Rovman Powell,Ashok Sharma,,8,5.0,4,4,4.0,0.0,0.0,0.0,0.0,0.0,0.0,0.0,0.0,0.0,1.0,0.0,0.0,,,0.0,7.5,1.0,1.0,0.0,820720.0,-159.5,-66.5,4.0,0.0,,38.0,STRAIGHT BALL,36.0,CUT SHOT,0.0,0.0,5,7.0,59.0,3.0,Outside Off stump,Short of Good Length,0.0,0.0,1.0,0.0,0.0,0.0,0.0,0.0,91.97237307864602,-9.452749292910074,8.340821421421598,-0.6848445163559188,1.9098845489894,,,,,,,7.952145325037495,0.1789368884875901,0.5678977751347724,77.29097742145684,Attacked,Played,,0.47955322265625,0.463531494140625,8.858018,-0.609261,,,,,,,-8.743536,-0.490767,0.856609,-8.841069,-0.489188,0.864201,-12.95712527090216,-10.05978793054664,-0.4693458283951626,0.9518199495049228,0.0540536424629538,0.3923988121531797,-1.0,-1.0,NARENDRA-MODI-STADIUM-AHMEDABAD,-1.0,,R,R,R,Kolkata-Knight-Riders,Gujarat-Titans,Seam,1.0
2465,1,16.0,Kolkata Knight Riders,Rovman Powell,Ashok Sharma,,8,6.0,0,0,0.0,0.0,0.0,0.0,1.0,0.0,0.0,0.0,0.0,0.0,0.0,0.0,0.0,,,0.0,7.6,1.0,1.0,0.0,820721.0,-80.5,-28.5,0.0,0.0,,38.0,STRAIGHT BALL,36.0,CUT SHOT,0.0,0.0,6,7.0,59.0,3.0,Outside Off stump,Short of Good Length,0.0,0.0,1.0,0.0,0.0,0.0,0.0,0.0,89.13944397786317,-12.61542915091191,8.340693694193448,-0.6668101822571328,1.915394390257409,,,,,,,9.42224783932495,0.1644105699697038,0.5635563441493651,78.09239462543438,Attacked,Played,,0.503665924072266,0.4874267578125,10.78375,-0.622924,,,,,,,-8.753611,-0.574514,1.225478,-8.840941,-0.574051,1.232785,-15.30940700882418,-10.05982851647126,-0.5675454569329096,1.32695453851885,0.008600901688482,-0.0525763679932727,-1.0,-1.0,NARENDRA-MODI-STADIUM-AHMEDABAD,-1.0,,R,R,R,Kolkata-Knight-Riders,Gujarat-Titans,Seam,1.0
2465,1,16.0,Kolkata Knight Riders,Cameron Green,Prasidh Krishna,,9,1.0,4,4,4.0,0.0,0.0,0.0,0.0,0.0,0.0,0.0,0.0,0.0,1.0,0.0,0.0,,,0.0,8.1,1.0,1.0,0.0,820722.0,184.0,93.0,4.0,0.0,,38.0,STRAIGHT BALL,58.0,BACKFOOT PULL SHOT,0.0,0.0,1,8.0,63.0,3.0,Outside Off stump,Short Length,1.0,0.0,1.0,0.0,0.0,0.0,0.0,0.0,87.90963460265507,-10.07275980511712,8.340703208595052,-0.7083227521313312,2.059039177219653,,,,,,,9.33197720025048,0.1671152039681306,0.6606353639322478,92.38378419302413,Attacked,Played,,0.496696472167969,0.4652366638183594,8.498078,-0.44384,,,,,,,-8.219456,-0.258555,0.943535,-8.840569,-0.240766,1.007955,-13.10108296003306,-10.06008638736448,-0.2055762542625708,1.123679036107741,0.672615430655794,-0.3244867144456783,-1.0,-1.0,NARENDRA-MODI-STADIUM-AHMEDABAD,-1.0,,R,R,R,Kolkata-Knight-Riders,Gujarat-Titans,Seam,1.0
2465,1,16.0,Kolkata Knight Riders,Cameron Green,Prasidh Krishna,,9,2.0,1,1,1.0,1.0,0.0,0.0,0.0,0.0,0.0,0.0,0.0,0.0,0.0,0.0,0.0,,,0.0,8.2,1.0,1.0,0.0,820723.0,-64.0,30.0,1.0,0.0,,39.0,ANGLED IN,27.0,FORWARD PUSH,0.0,0.0,2,8.0,64.0,3.0,Middle stump,Full Length,0.0,0.0,1.0,0.0,0.0,0.0,0.0,0.0,83.31154531600941,-6.012171909778255,8.340611240875887,-0.7204350430743901,2.091080104040107,,,,,,,6.683826098935073,0.1722641214857178,0.5890356954367003,81.12894216693327,Defended,Played,,0.512626647949219,0.4512176513671875,4.189179,-0.10924,,,,,,,-8.483874,0.011341,0.308081,-8.84106,0.028012,0.341512,-10.68905597713329,-10.06001207338286,0.0852490649774637,0.4471183019622584,1.13395952660307,-0.4404895923819585,-1.0,-1.0,NARENDRA-MODI-STADIUM-AHMEDABAD,-1.0,,R,R,R,Kolkata-Knight-Riders,Gujarat-Titans,Seam,1.0
2465,1,16.0,Kolkata Knight Riders,Rovman Powell,Prasidh Krishna,,9,3.0,0,0,0.0,0.0,0.0,0.0,1.0,0.0,0.0,0.0,0.0,0.0,0.0,0.0,0.0,,,0.0,8.3,1.0,1.0,0.0,820724.0,-62.0,28.0,0.0,0.0,,38.0,STRAIGHT BALL,49.0,FORWARD DEFENCE,0.0,0.0,3,8.0,64.0,3.0,Outside Off stump,Short of Good Length,0.0,0.0,1.0,0.0,0.0,0.0,0.0,0.0,89.82448575878777,-9.82068729667678,8.340895983807854,-0.6997740872739014,1.991770230489294,,,,,,,9.198398235506712,0.1513407247324642,0.6176538442873345,87.51400416985376,Defended,Played,,0.489383697509766,0.468475341796875,8.965761,-0.443274,,,,,,,-8.550698,-0.235795,1.007114,-8.840696,-0.227476,1.035687,-13.84162583983547,-10.06010001468197,-0.192280694249509,1.147321090652722,0.3395866423669784,-0.1840403875987636,-1.0,-1.0,NARENDRA-MODI-STADIUM-AHMEDABAD,-1.0,,R,R,R,Kolkata-Knight-Riders,Gujarat-Titans,Seam,1.0
2465,1,16.0,Kolkata Knight Riders,Rovman Powell,Prasidh Krishna,,9,4.0,1,1,1.0,1.0,0.0,0.0,0.0,0.0,0.0,0.0,0.0,0.0,0.0,0.0,0.0,,,0.0,8.4,1.0,1.0,0.0,820725.0,-100.5,-78.0,1.0,0.0,,38.0,STRAIGHT BALL,44.0,GLIDE,0.0,0.0,4,8.0,65.0,3.0,Outside Off stump,Short of Good Length,0.0,0.0,1.0,0.0,0.0,0.0,0.0,0.0,90.78210289200412,-7.729645833652174,8.340559118317525,-0.7078730996990673,2.041130424186568,,,,,,,7.2678614045811,0.1551008708669742,0.5883631784411679,82.74438967947776,Attacked,Edged,,0.473762512207031,0.448516845703125,6.506103,-0.468618,,,,,,,-8.358615,-0.366044,0.547454,-8.841094,-0.357158,0.589092,-11.62873921629983,-10.05993296113304,-0.335920553448927,0.6851803548180213,0.825199173308006,-0.2130618235801485,-1.0,-1.0,NARENDRA-MODI-STADIUM-AHMEDABAD,-1.0,,R,R,R,Kolkata-Knight-Riders,Gujarat-Titans,Seam,1.0
2465,1,16.0,Kolkata Knight Riders,Cameron Green,Prasidh Krishna,,9,5.0,2,2,2.0,0.0,1.0,0.0,0.0,0.0,0.0,0.0,0.0,0.0,0.0,0.0,0.0,,,0.0,8.5,1.0,1.0,0.0,820726.0,131.0,-57.0,2.0,0.0,,39.0,ANGLED IN,27.0,FORWARD PUSH,0.0,0.0,5,8.0,67.0,3.0,Off stump,Yorker,0.0,0.0,1.0,0.0,0.0,0.0,0.0,0.0,87.89535135578762,-4.213091342765638,8.340389397570593,-0.7334708174767046,2.061676855563941,,,,,,,8.053625630009416,0.201329863734468,0.6928129234408804,93.78895214268528,Attacked,Edged,,0.481052398681641,0.4498100280761719,2.731253000000001,-0.159486,,,,,,,-999.9,-999.9,-999.9,-8.840705,-0.086987,0.240131,-10.8108597815745,-10.05967206533354,-0.0279590797673788,0.3892638766593129,1.204237120395585,0.0,-1.0,-1.0,NARENDRA-MODI-STADIUM-AHMEDABAD,-1.0,,R,R,R,Kolkata-Knight-Riders,Gujarat-Titans,Seam,1.0
2465,1,16.0,Kolkata Knight Riders,Cameron Green,Prasidh Krishna,,9,6.0,2,2,2.0,0.0,1.0,0.0,0.0,0.0,0.0,0.0,0.0,0.0,0.0,0.0,0.0,,,0.0,8.6,1.0,1.0,0.0,820727.0,148.0,93.0,2.0,0.0,,39.0,ANGLED IN,47.0,FRONTFOOT ON DRIVE,0.0,0.0,6,8.0,69.0,3.0,Middle stump,Full Toss,0.0,0.0,1.0,0.0,0.0,0.0,0.0,0.0,90.29279391848978,-2.919308067567867,8.340974717236474,-0.7829403787368967,2.08859339625278,,,,,,,6.475661488786291,0.183029435927535,0.6499999999999989,89.19705640724634,Attacked,Played,,0.465179443359375,0.4348526000976563,-1.226075,0.112805,,,,,,,-8.216449,-0.071399,0.512242,-8.840876,-0.035412,0.420589,-9.419153670955552,-10.06029936995836,0.0370315325762383,0.2339534665525549,1.867625801207465,0.0,-1.0,-1.0,NARENDRA-MODI-STADIUM-AHMEDABAD,-1.0,,R,R,R,Kolkata-Knight-Riders,Gujarat-Titans,Seam,1.0
2465,1,16.0,Kolkata Knight Riders,Rovman Powell,Rashid Khan,,10,1.0,4,4,4.0,0.0,0.0,0.0,0.0,0.0,0.0,0.0,0.0,0.0,1.0,0.0,0.0,,,0.0,9.1,1.0,1.0,0.0,820728.0,101.5,-124.0,4.0,0.0,,24.0,LEG SPIN,22.0,FRONTFOOT PADDLE SWEEP,0.0,0.0,1,9.0,73.0,3.0,Middle stump,Full Length,1.0,0.0,1.0,0.0,0.0,0.0,0.0,0.0,58.24366315682886,-0.0994235802319538,8.340974059176265,-0.6866568954174846,1.952224081110485,,,,,,,10.53014578128843,0.1116330606747952,0.6500000000000008,96.3366939325206,Attacked,Played,,0.7203369140625,0.6133804321289062,3.566306,-0.058229,,,,,,,-6.752919,-0.047708,0.077958,-8.841017,0.037037,0.410249,-15.19901965414905,-10.06009436647933,0.0865018360881248,0.5616373612595875,-0.1880903493566332,0.0,-1.0,-1.0,NARENDRA-MODI-STADIUM-AHMEDABAD,-1.0,,R,R,R,Kolkata-Knight-Riders,Gujarat-Titans,Spin,1.0
2465,1,16.0,Kolkata Knight Riders,Rovman Powell,Rashid Khan,,10,2.0,1,1,1.0,1.0,0.0,0.0,0.0,0.0,0.0,0.0,0.0,0.0,0.0,0.0,0.0,,,0.0,9.2,1.0,1.0,0.0,820729.0,77.5,-97.5,1.0,0.0,,24.0,LEG SPIN,22.0,FRONTFOOT PADDLE SWEEP,0.0,0.0,2,9.0,74.0,3.0,Outside Off stump,Good Length,0.0,0.0,1.0,0.0,0.0,0.0,0.0,0.0,59.56886535524759,-3.187008329854159,8.34074127343144,-0.6048423914488601,1.895834025627885,,,,,,,10.49485606859104,0.240132118051208,0.6269996865542793,80.03674117802109,Attacked,Played,,0.731552124023438,0.639312744140625,6.482044,-0.204897,,,,,,,-7.265418,-0.201895,0.574191,-8.840842,-0.200594,0.710487,-14.84054379573378,-10.06014295203568,-0.199578220418257,0.7764791454381469,-0.7475965002377881,-1.484251643944553,-1.0,-1.0,NARENDRA-MODI-STADIUM-AHMEDABAD,-1.0,,R,R,R,Kolkata-Knight-Riders,Gujarat-Titans,Spin,1.0
2465,1,16.0,Kolkata Knight Riders,Cameron Green,Rashid Khan,,10,3.0,0,0,0.0,0.0,0.0,0.0,1.0,0.0,0.0,0.0,0.0,0.0,0.0,0.0,0.0,,,0.0,9.3,1.0,1.0,0.0,820730.0,73.5,43.0,0.0,0.0,,28.0,GOOGLY,27.0,FORWARD PUSH,0.0,0.0,3,9.0,74.0,3.0,Outside Off stump,Good Length,0.0,0.0,1.0,0.0,0.0,0.0,0.0,0.0,54.80438584868028,-1.199172285248458,8.340792210505413,-0.5330113788918025,1.85471359839518,,,,,,,9.649421755621036,0.3194249061411177,0.5464625901268774,60.02689790491984,Defended,Played,,0.805549621582031,0.7130355834960938,5.340192,-0.232254,,,,,,,-7.727645,-0.073083,0.42077,-8.840888,-0.013457,0.498322,-15.07777832010693,-10.06009559408797,0.0522962916229282,0.5415169764028926,-0.6709752180827571,2.036281068296536,-1.0,-1.0,NARENDRA-MODI-STADIUM-AHMEDABAD,-1.0,,R,R,R,Kolkata-Knight-Riders,Gujarat-Titans,Spin,1.0
2465,1,16.0,Kolkata Knight Riders,Cameron Green,Rashid Khan,,10,4.0,1 (WD),1,0.0,0.0,0.0,0.0,0.0,1.0,1.0,0.0,0.0,0.0,0.0,0.0,0.0,,,0.0,9.4,1.0,1.0,1.0,820731.0,73.5,43.0,1.0,0.0,,28.0,GOOGLY,54.0,LEG GLANCE,0.0,0.0,4,9.0,75.0,3.0,Middle stump,Good Length,0.0,0.0,1.0,0.0,0.0,0.0,0.0,0.0,55.3144976452177,-1.647634929960607,8.34077638693239,-0.5255360297438916,1.881340341928919,,,,,,,9.76491226098506,0.3053937417293053,0.5409484445071356,60.60289250313981,,,,0.78497314453125,0.8268585205078125,5.863017,-0.020009,,,,,,,-999.9,-999.9,-999.9,-8.840959,0.291442,0.548557,-15.45121890474778,-10.06021921645076,0.3746307466003468,0.5833255687872919,-0.0571685697097214,1.508074351956148,-1.0,-1.0,NARENDRA-MODI-STADIUM-AHMEDABAD,-1.0,,R,R,R,Kolkata-Knight-Riders,Gujarat-Titans,Spin,1.0
2465,1,16.0,Kolkata Knight Riders,Cameron Green,Rashid Khan,,10,4.0,0,0,0.0,0.0,0.0,0.0,1.0,0.0,0.0,0.0,0.0,0.0,0.0,0.0,0.0,,,0.0,9.4,1.0,1.0,0.0,820732.0,-17.0,50.5,0.0,0.0,,24.0,LEG SPIN,97.0,BACKFOOT PUSH,0.0,0.0,5,9.0,75.0,3.0,Outside Off stump,Good Length,0.0,0.0,1.0,0.0,0.0,0.0,0.0,0.0,59.36148171944705,-2.370338014617682,8.340651542325283,-0.6992010932892321,1.903268811008542,,,,,,,10.05636305887187,0.1945543154821838,0.6160603992504348,82.95362833934684,Defended,Played,,0.723129272460938,0.7068672180175781,5.766775,-0.160935,,,,,,,-8.832456,-0.11162,0.623855,-8.840864,-0.111528,0.624527,-14.79860355640518,-10.06021902412797,-0.0980667416177369,0.7052774904303115,-0.1193829375347083,-1.760689209323977,-1.0,-1.0,NARENDRA-MODI-STADIUM-AHMEDABAD,-1.0,,R,R,R,Kolkata-Knight-Riders,Gujarat-Titans,Spin,1.0
2465,1,16.0,Kolkata Knight Riders,Cameron Green,Rashid Khan,,10,5.0,4,4,4.0,0.0,0.0,0.0,0.0,0.0,0.0,0.0,0.0,0.0,1.0,0.0,0.0,,,0.0,9.5,1.0,1.0,0.0,820733.0,185.5,14.5,4.0,0.0,,24.0,LEG SPIN,55.0,SWEEP SHOT,0.0,0.0,6,9.0,79.0,3.0,Outside Off stump,Full Length,0.0,0.0,1.0,0.0,0.0,0.0,0.0,0.0,54.39100679582489,0.6746522702144757,8.340600519725687,-0.6456616621079136,1.880552816178704,,,,,,,10.33933911696909,0.3250387752515443,0.5554309293154802,60.81076187216761,Attacked,Played,,0.798614501953125,0.6689643859863281,3.908279,-0.559444,,,,,,,-6.970778,-0.53166,0.175935,-8.840928,-0.467717,0.420942,-15.72461128312867,-10.06014618766503,-0.4256471326498867,0.5239430080927521,-0.3057393461485537,1.758619084679904,-1.0,-1.0,NARENDRA-MODI-STADIUM-AHMEDABAD,-1.0,,R,R,R,Kolkata-Knight-Riders,Gujarat-Titans,Spin,1.0
2465,1,16.0,Kolkata Knight Riders,Cameron Green,Rashid Khan,,10,6.0,1,1,1.0,1.0,0.0,0.0,0.0,0.0,0.0,0.0,0.0,0.0,0.0,0.0,0.0,,,0.0,9.6,1.0,1.0,0.0,820734.0,133.5,-57.5,1.0,0.0,,28.0,GOOGLY,58.0,BACKFOOT PULL SHOT,0.0,0.0,7,9.0,80.0,3.0,Off stump,Good Length,0.0,0.0,1.0,0.0,0.0,0.0,0.0,0.0,55.02933822156945,-2.435147315730388,8.340694790610925,-0.5317913981815103,1.86740236073288,,,,,,,11.58364302522434,0.3289156355254881,0.6401514108645971,73.13114807714078,Attacked,Edged,,0.801921844482422,0.7711029052734375,6.465237,-0.189055,,,,,,,-8.608369,0.108223,0.716462,-8.840808,0.122223,0.729737,-15.2546894692116,-10.05988800197265,0.1959738909086107,0.7724403304240449,-0.4344020982417091,1.926237525358158,-1.0,-1.0,NARENDRA-MODI-STADIUM-AHMEDABAD,-1.0,,R,R,R,Kolkata-Knight-Riders,Gujarat-Titans,Spin,1.0
2465,1,16.0,Kolkata Knight Riders,Cameron Green,Ashok Sharma,,11,1.0,0,0,0.0,0.0,0.0,0.0,1.0,0.0,0.0,0.0,0.0,0.0,0.0,0.0,0.0,,,0.0,10.1,1.0,1.0,0.0,820735.0,-27.5,65.5,0.0,0.0,,39.0,ANGLED IN,49.0,FORWARD DEFENCE,0.0,0.0,1,10.0,80.0,3.0,Off stump,Yorker,1.0,0.0,1.0,0.0,0.0,0.0,0.0,0.0,89.94746792912677,-4.288654301741629,8.340891783130495,-0.6624359027586173,1.95186039030957,,,,,,,9.139303334107124,0.7306582916478299,0.789995383786462,55.43347840318631,Defended,Played,,0.466094970703125,0.4522933959960938,1.700704,-0.162663,,,,,,,-8.637603,-0.155389,0.067818,-8.84065,-0.150073,0.09952,-9.137487500568255,-10.05980259958234,-0.1180129918953409,0.2788973099247543,0.0849459082904559,-0.2611286976507421,-1.0,-1.0,NARENDRA-MODI-STADIUM-AHMEDABAD,-1.0,,R,R,R,Kolkata-Knight-Riders,Gujarat-Titans,Seam,1.0
2465,1,16.0,Kolkata Knight Riders,Cameron Green,Ashok Sharma,,11,2.0,1 (NB),1,0.0,0.0,0.0,0.0,1.0,1.0,0.0,1.0,0.0,0.0,0.0,0.0,0.0,,,0.0,10.2,1.0,1.0,1.0,820736.0,-27.5,65.5,1.0,0.0,,47.0,SLOWER BALL,105.0,LEFT ALONE,0.0,0.0,2,10.0,81.0,3.0,Wide outside Off stump,Full Length,0.0,0.0,1.0,0.0,0.0,0.0,0.0,0.0,68.5587053119332,-0.8403180574460349,8.340779973537206,-0.6839400846367271,2.007759086953532,,,,,,,11.30365850921794,0.3690324964296965,0.6698249072392038,73.57048644291093,,,,0.624710083007812,0.66192626953125,2.8909,-1.621735,,,,,,,-999.9,-999.9,-999.9,-8.840976,-1.69462,0.345813,-14.16880760737608,-10.05991154291474,-1.748218739302476,0.5365319605873594,-0.912619822078232,1.45439905365676,-1.0,-1.0,NARENDRA-MODI-STADIUM-AHMEDABAD,-1.0,,R,R,R,Kolkata-Knight-Riders,Gujarat-Titans,Seam,1.0
2465,1,16.0,Kolkata Knight Riders,Cameron Green,Ashok Sharma,,11,2.0,0,0,0.0,0.0,0.0,0.0,1.0,0.0,0.0,0.0,0.0,0.0,0.0,0.0,0.0,,,0.0,10.2,1.0,1.0,0.0,820737.0,-27.5,65.5,0.0,0.0,,38.0,STRAIGHT BALL,58.0,BACKFOOT PULL SHOT,0.0,0.0,3,10.0,81.0,3.0,Outside Off stump,Short Length,0.0,0.0,1.0,0.0,0.0,0.0,0.0,0.0,89.14232648147052,-14.19225940396177,8.340690229097866,-0.6678771071410992,1.83357254300182,,,,,,,10.65880558081297,0.2063722860800083,0.5965915821634019,78.85150871650946,Attacked,Missed,,0.514995574951172,0.5412139892578125,11.709015,-0.503244,,,,,,,-999.9,-999.9,-999.9,-8.840892,-0.341852,1.52979,-15.9531186358545,-10.06031173644593,-0.3224506370416477,1.637322180549586,0.5164856712733836,-0.8180506485602245,-1.0,-1.0,NARENDRA-MODI-STADIUM-AHMEDABAD,-1.0,,R,R,R,Kolkata-Knight-Riders,Gujarat-Titans,Seam,1.0
2465,1,16.0,Kolkata Knight Riders,Cameron Green,Ashok Sharma,,11,3.0,4,4,4.0,0.0,0.0,0.0,0.0,0.0,0.0,0.0,0.0,0.0,1.0,0.0,0.0,,,0.0,10.3,1.0,1.0,0.0,820738.0,72.0,-136.0,4.0,0.0,,38.0,STRAIGHT BALL,58.0,BACKFOOT PULL SHOT,0.0,0.0,4,10.0,85.0,3.0,Outside Off stump,Short of Good Length,0.0,0.0,1.0,0.0,0.0,0.0,0.0,0.0,90.45009124210284,-7.687522654365527,8.340451836542758,-0.6892756139604543,1.900236355784598,,,,,,,7.528161116243208,0.1571732315818843,0.6554744071909399,92.60383792045256,Attacked,Edged,,0.472846984863281,0.44329833984375,6.855803,-0.4577,,,,,,,-8.174846,-0.295734,0.584611,-8.841057,-0.273696,0.643392,-10.84144182042656,-10.06034495227457,-0.2331550273898646,0.740946655415073,0.0335498326763552,0.6758406003283446,-1.0,-1.0,NARENDRA-MODI-STADIUM-AHMEDABAD,-1.0,,R,R,R,Kolkata-Knight-Riders,Gujarat-Titans,Seam,1.0
2465,1,16.0,Kolkata Knight Riders,Cameron Green,Ashok Sharma,,11,4.0,0,0,0.0,0.0,0.0,0.0,1.0,0.0,0.0,0.0,0.0,0.0,0.0,0.0,0.0,,,0.0,10.4,1.0,1.0,0.0,820739.0,72.0,-136.0,0.0,0.0,,36.0,BOUNCER,58.0,BACKFOOT PULL SHOT,1.0,0.0,5,10.0,85.0,3.0,Outside Off stump,Short Length,0.0,0.0,1.0,0.0,0.0,0.0,0.0,0.0,89.28955789355615,-16.81887813117353,8.340799755358276,-0.7386938497380235,1.88887596685258,,,,,,,11.92997093230812,0.1753958372913148,0.5431657055681248,73.93527210608724,Attacked,Missed,,0.509811401367188,0.5413970947265625,12.731765,-0.655215,,,,,,,-999.9,-999.9,-999.9,-8.841147,-0.29207,1.869712,-19.38421067505466,-10.06031440534301,-0.2465155004381883,1.987953377211968,-0.1267495359941904,0.7462263714047234,-1.0,-1.0,NARENDRA-MODI-STADIUM-AHMEDABAD,-1.0,,R,R,R,Kolkata-Knight-Riders,Gujarat-Titans,Seam,1.0
2465,1,16.0,Kolkata Knight Riders,Cameron Green,Ashok Sharma,,11,5.0,1,1,1.0,1.0,0.0,0.0,0.0,0.0,0.0,0.0,0.0,0.0,0.0,0.0,0.0,,,0.0,10.5,1.0,1.0,0.0,820740.0,-131.0,-52.0,1.0,0.0,,47.0,SLOWER BALL,15.0,LOFTED COVER DRIVE,0.0,0.0,6,10.0,86.0,3.0,Outside Off stump,Good Length,0.0,0.0,1.0,0.0,0.0,0.0,0.0,0.0,65.21723126089601,-3.635428516554321,8.340796120113485,-0.7319526736086005,1.974899341732511,,,,,,,10.54246490001062,0.252500286870898,0.617401316993676,77.3601688619616,Attacked,Edged,,0.669811248779297,0.6345291137695312,6.377417,-0.986833,,,,,,,-8.42977,-1.087363,0.709908,-8.840937,-1.096199,0.748595,-15.02460732198588,-10.06022182286674,-1.122526801861363,0.8438847923610369,-0.1458353793385704,0.0928447928620988,-1.0,-1.0,NARENDRA-MODI-STADIUM-AHMEDABAD,-1.0,,R,R,R,Kolkata-Knight-Riders,Gujarat-Titans,Seam,1.0
2465,1,16.0,Kolkata Knight Riders,Rovman Powell,Ashok Sharma,,11,6.0,1 (WD),1,0.0,0.0,0.0,0.0,0.0,1.0,1.0,0.0,0.0,0.0,0.0,0.0,0.0,,,0.0,10.6,1.0,1.0,1.0,820741.0,-131.0,-52.0,1.0,0.0,,36.0,BOUNCER,105.0,LEFT ALONE,1.0,0.0,7,10.0,87.0,3.0,Outside Off stump,Short Length,0.0,0.0,1.0,0.0,0.0,0.0,0.0,0.0,91.07779261749744,-18.57663067327608,8.340630161691173,-0.7078670682603808,1.863339132800881,,,,,,,12.42728473623796,0.1742916009672184,0.5549918966006627,75.81962439337757,,,,0.5211181640625,0.5462379455566406,13.11841,-0.534774,,,,,,,-999.9,-999.9,-999.9,-8.841053,-0.204751,1.991878,-19.72297684759691,-10.06020995257053,-0.1832319756944858,2.112305292341556,0.3924356644349128,-0.0038667184846376,-1.0,-1.0,NARENDRA-MODI-STADIUM-AHMEDABAD,-1.0,,R,R,R,Kolkata-Knight-Riders,Gujarat-Titans,Seam,1.0
2465,1,16.0,Kolkata Knight Riders,Rovman Powell,Ashok Sharma,,11,6.0,0 WK,W,0.0,0.0,0.0,0.0,1.0,0.0,0.0,0.0,0.0,0.0,0.0,0.0,1.0,Caught,WICKET,1.0,10.6,1.0,1.0,0.0,820742.0,68.0,177.5,0.0,0.0,,47.0,SLOWER BALL,11.0,LOFTED ON DRIVE,0.0,0.0,8,10.0,87.0,4.0,Outside Off stump,Good Length,1.0,0.0,1.0,0.0,0.0,0.0,0.0,0.0,66.93280761189304,-4.053411702920958,8.34109748951105,-0.6574685170808665,1.968410296167675,,,,,,,10.07311986189559,0.2634614193126793,0.6160315296785465,76.05858752051404,,,,0.651512145996094,0.5862350463867188,6.250845,-0.48649,,,,,,,-7.691738,-0.476772,0.586049,-8.84082,-0.473855,0.700259,-14.40659859804352,-10.05977142425109,-0.470738531480584,0.7948107286992396,0.5297769521566744,-0.9405386116601246,-1.0,-1.0,NARENDRA-MODI-STADIUM-AHMEDABAD,-1.0,,R,R,R,Kolkata-Knight-Riders,Gujarat-Titans,Seam,1.0
2465,1,16.0,Kolkata Knight Riders,Cameron Green,Rashid Khan,,12,1.0,1 (LB),1,0.0,0.0,0.0,0.0,1.0,1.0,0.0,0.0,0.0,1.0,0.0,0.0,0.0,,,0.0,11.1,1.0,1.0,1.0,820743.0,68.0,177.5,1.0,0.0,,24.0,LEG SPIN,55.0,SWEEP SHOT,0.0,0.0,1,11.0,88.0,4.0,Outside Off stump,Full Length,2.0,0.0,1.0,0.0,0.0,0.0,0.0,0.0,58.32454753712601,-1.075449281864138,8.341055649515681,-0.6685063819171817,1.934058294845035,,,,,,,10.6137584904967,0.2103386827064916,0.6357196117554855,84.32407349267366,Attacked,Missed,,0.729949951171875,0.664215087890625,4.59101,-0.159799,,,,,,,-7.737019,-0.1598,0.408053,-8.840921,-0.1598,0.544283,-14.98920542119644,-10.06020354709579,-0.1598000493923344,0.6615226481621561,-0.7985990620848702,-1.688279846687229,-1.0,-1.0,NARENDRA-MODI-STADIUM-AHMEDABAD,-1.0,,R,L,R,Kolkata-Knight-Riders,Gujarat-Titans,Spin,1.0
2465,1,16.0,Kolkata Knight Riders,Anukul Roy,Rashid Khan,,12,2.0,0,0,0.0,0.0,0.0,0.0,1.0,0.0,0.0,0.0,0.0,0.0,0.0,0.0,0.0,,,0.0,11.2,1.0,1.0,0.0,820744.0,67.0,-6.0,0.0,0.0,,24.0,LEG SPIN,50.0,BACKFOOT DEFENCE,0.0,0.0,2,11.0,88.0,4.0,Middle stump,Good Length,0.0,0.0,1.0,0.0,0.0,0.0,0.0,0.0,60.5777354779685,-5.1117671533363,8.340864591318208,-0.5743467072082415,1.860700041107317,,,,,,,11.53141055013093,0.2552730693436262,0.6914837709539666,88.19525870873237,Defended,Played,,0.730682373046875,0.693603515625,7.867549,-0.067085,,,,,,,-8.439712,-0.006436,0.904478,-8.840983,-0.002465,0.930249,-14.67726019305603,-10.06022699859678,0.0096581552462707,0.9857110579084376,-0.7637124547778595,-1.812497055980895,-1.0,-1.0,NARENDRA-MODI-STADIUM-AHMEDABAD,-1.0,,L,R,R,Kolkata-Knight-Riders,Gujarat-Titans,Spin,1.0
2465,1,16.0,Kolkata Knight Riders,Anukul Roy,Rashid Khan,,12,3.0,4,4,4.0,0.0,0.0,0.0,0.0,0.0,0.0,0.0,0.0,0.0,1.0,0.0,0.0,,,0.0,11.3,1.0,1.0,0.0,820745.0,162.0,134.0,4.0,0.0,,24.0,LEG SPIN,15.0,LOFTED COVER DRIVE,0.0,0.0,3,11.0,92.0,4.0,Off stump,Full Length,0.0,0.0,1.0,0.0,0.0,0.0,0.0,0.0,56.37159141471459,-0.2304720121177953,8.340803058623244,-0.4353969279709003,1.879125498309529,,,,,,,10.42277159988425,0.2717896036963598,0.6038986448856308,73.40583636320864,Attacked,Played,,0.767852783203125,0.6863365173339844,4.233301,0.070973,,,,,,,-7.697158,0.190257,0.342854,-8.840819,0.263823,0.480656,-15.02998236987142,-10.06014926219738,0.3427930154564441,0.5889614711847475,-1.007264774462396,2.114280404249898,-1.0,-1.0,NARENDRA-MODI-STADIUM-AHMEDABAD,-1.0,,L,R,R,Kolkata-Knight-Riders,Gujarat-Titans,Spin,1.0
2465,1,16.0,Kolkata Knight Riders,Anukul Roy,Rashid Khan,,12,4.0,1,1,1.0,1.0,0.0,0.0,0.0,0.0,0.0,0.0,0.0,0.0,0.0,0.0,0.0,,,0.0,11.4,1.0,1.0,0.0,820746.0,-98.5,156.5,1.0,0.0,,24.0,LEG SPIN,47.0,FRONTFOOT ON DRIVE,0.0,0.0,4,11.0,93.0,4.0,Off stump,Full Toss,0.0,0.0,1.0,0.0,0.0,0.0,0.0,0.0,58.37928382883359,1.490367850460503,8.340700620790543,-0.6307737246548573,1.958439475452976,,,,,,,10.77698015317902,0.1089678378562182,0.6499999999999992,96.60321621437808,Attacked,Played,,0.724319458007812,0.6533432006835938,1.978959,-0.112295,,,,,,,-7.772454,-0.120737,0.118773,-8.841021,-0.091575,0.172705,-15.5462930712043,-10.05984524654174,-0.0583476910657784,0.3700802204339989,-0.4615633815009905,1.2722218725854072e-14,-1.0,-1.0,NARENDRA-MODI-STADIUM-AHMEDABAD,-1.0,,L,R,R,Kolkata-Knight-Riders,Gujarat-Titans,Spin,1.0
2465,1,16.0,Kolkata Knight Riders,Cameron Green,Rashid Khan,,12,5.0,6,6,6.0,0.0,0.0,0.0,0.0,0.0,0.0,0.0,0.0,0.0,0.0,1.0,0.0,,,0.0,11.5,1.0,1.0,0.0,820747.0,89.0,201.5,6.0,0.0,,24.0,LEG SPIN,94.0,STEP DOWN LOFTED ON DRIVE,0.0,0.0,5,11.0,99.0,4.0,Outside Off stump,Good Length,0.0,0.0,1.0,0.0,0.0,0.0,0.0,0.0,56.25758612165706,-2.412973759710095,8.340658624946204,-0.5550132166844206,1.844423280022033,,,,,,,11.03178861250631,0.2467966193431669,0.6484207590009057,82.58345191581915,Attacked,Played,,0.773746490478516,0.6391983032226562,6.345594,-0.41166,,,,,,,-6.571437,-0.336226,0.492829,-8.840685,-0.27543,0.710435,-14.99324860240049,-10.06010698565438,-0.2424293536462443,0.7720391171737545,-0.3634182247261406,1.009186291427178,-1.0,-1.0,NARENDRA-MODI-STADIUM-AHMEDABAD,-1.0,,R,L,R,Kolkata-Knight-Riders,Gujarat-Titans,Spin,1.0
2465,1,16.0,Kolkata Knight Riders,Cameron Green,Rashid Khan,,12,6.0,4,4,4.0,0.0,0.0,0.0,0.0,0.0,0.0,0.0,0.0,0.0,1.0,0.0,0.0,,,0.0,11.6,1.0,1.0,0.0,820748.0,166.5,-55.5,4.0,0.0,,28.0,GOOGLY,58.0,BACKFOOT PULL SHOT,0.0,0.0,6,11.0,103.0,4.0,Middle stump,Good Length,0.0,1.0,2.0,0.0,0.0,1.0,0.0,0.0,55.73751225964828,-2.765669606341189,8.340894805251335,-0.519981800670469,1.863336922501694,,,,,,,10.09830389712482,0.2516765523584622,0.5721821704514805,70.65967033187584,Attacked,Played,,0.780899047851562,0.7161712646484375,6.837341,-0.177722,,,,,,,-7.965012,0.053429,0.601787,-8.840933,0.096814,0.642542,-15.48170974288855,-10.05978745781072,0.1575539457678011,0.665027717085061,0.2185958476752572,0.9449273825479786,-1.0,-1.0,NARENDRA-MODI-STADIUM-AHMEDABAD,-1.0,,R,L,R,Kolkata-Knight-Riders,Gujarat-Titans,Spin,1.0
2465,1,16.0,Kolkata Knight Riders,Anukul Roy,Ashok Sharma,,13,1.0,2,2,2.0,0.0,1.0,0.0,0.0,0.0,0.0,0.0,0.0,0.0,0.0,0.0,0.0,,,0.0,12.1,1.0,1.0,0.0,820749.0,118.5,-85.5,2.0,0.0,,38.0,STRAIGHT BALL,44.0,GLIDE,0.0,0.0,1,12.0,105.0,4.0,Middle stump,Good Length,1.0,0.0,2.0,0.0,0.0,0.0,0.0,0.0,90.68390544418388,-7.828684603455387,8.341085871322843,-0.5451023276668105,1.909354104196597,,,,,,,7.360846023531996,0.2026330119314395,0.6260295652608776,83.6411335959877,Attacked,Played,,0.475570678710938,0.4782257080078125,6.983061,-0.014025,,,,,,,-9.281059,0.228615,0.672184,-8.840597,0.211116,0.637862,-10.94136198764912,-10.06036322934171,0.2596787318352127,0.7286076570748699,0.3352875900627141,-0.6337222709970841,-1.0,-1.0,NARENDRA-MODI-STADIUM-AHMEDABAD,-1.0,,L,R,R,Kolkata-Knight-Riders,Gujarat-Titans,Seam,1.0
2465,1,16.0,Kolkata Knight Riders,Anukul Roy,Ashok Sharma,,13,2.0,1,1,1.0,1.0,0.0,0.0,0.0,0.0,0.0,0.0,0.0,0.0,0.0,0.0,0.0,,,0.0,12.2,1.0,1.0,0.0,820750.0,-66.5,55.0,1.0,0.0,,38.0,STRAIGHT BALL,97.0,BACKFOOT PUSH,0.0,0.0,2,12.0,106.0,4.0,Outside Leg stump,Short of Good Length,0.0,0.0,2.0,0.0,0.0,0.0,0.0,0.0,91.84119516722568,-9.898266330075856,8.340463207648884,-0.62039789431027,1.906958698569864,,,,,,,8.823030762463388,0.2063245662491948,0.6511741546178108,87.04366656775214,Defended,Played,,0.480045318603516,0.4683494567871094,8.886537,-0.270802,,,,,,,-8.838754,0.030659,0.982432,-8.840666,0.030745,0.982605,-12.43799268256933,-10.06000942733763,0.0866637943123417,1.08641672540684,0.7808293953059834,-0.5630919919670542,-1.0,-1.0,NARENDRA-MODI-STADIUM-AHMEDABAD,-1.0,,L,R,R,Kolkata-Knight-Riders,Gujarat-Titans,Seam,1.0
2465,1,16.0,Kolkata Knight Riders,Cameron Green,Ashok Sharma,,13,3.0,6,6,6.0,0.0,0.0,0.0,0.0,0.0,0.0,0.0,0.0,0.0,0.0,1.0,0.0,,,0.0,12.3,1.0,1.0,0.0,820751.0,187.0,49.0,6.0,0.0,,39.0,ANGLED IN,11.0,LOFTED ON DRIVE,0.0,0.0,3,12.0,112.0,4.0,Outside Off stump,Good Length,0.0,0.0,2.0,0.0,0.0,0.0,0.0,0.0,91.07025851865248,-6.961695882515444,8.340422700609551,-0.6149291566672113,1.929111642871177,,,,,,,6.77700653049033,0.1625866542841943,0.6147976093978684,85.96097598126083,Attacked,Played,,0.463119506835938,0.4256629943847656,5.88193,-0.227363,,,,,,,-8.11041,-0.099835,0.437444,-8.840548,-0.075861,0.499748,-10.42568522208906,-10.05962834146955,-0.0356203923512267,0.5940987284942746,0.7427841508382309,-0.3221669208818058,-1.0,-1.0,NARENDRA-MODI-STADIUM-AHMEDABAD,-1.0,,R,L,R,Kolkata-Knight-Riders,Gujarat-Titans,Seam,1.0
2465,1,16.0,Kolkata Knight Riders,Cameron Green,Ashok Sharma,,13,4.0,1 (WD),1,0.0,0.0,0.0,0.0,0.0,1.0,1.0,0.0,0.0,0.0,0.0,0.0,0.0,,,0.0,12.4,1.0,1.0,1.0,820752.0,187.0,49.0,1.0,0.0,,36.0,BOUNCER,31.0,UPPER CUT,1.0,0.0,4,12.0,113.0,4.0,Outside Off stump,Short Length,0.0,0.0,2.0,0.0,0.0,0.0,0.0,0.0,89.6903982077898,-19.49901705563028,8.340551423069048,-0.7434353209724307,1.829977204490288,,,,,,,12.833903096084,0.1576797093715522,0.5256020867573122,73.07234207644163,,,,0.530914306640625,0.55755615234375,13.587481,-0.63713,,,,,,,-999.9,-999.9,-999.9,-8.840928,-0.395426,2.138847,-21.43550641727578,-10.06022262396373,-0.3628217265357515,2.262563129829446,0.4051111565068549,-0.6999910939408094,-1.0,-1.0,NARENDRA-MODI-STADIUM-AHMEDABAD,-1.0,,R,L,R,Kolkata-Knight-Riders,Gujarat-Titans,Seam,1.0
2465,1,16.0,Kolkata Knight Riders,Cameron Green,Ashok Sharma,,13,4.0,6,6,6.0,0.0,0.0,0.0,0.0,0.0,0.0,0.0,0.0,0.0,0.0,1.0,0.0,,,0.0,12.4,1.0,1.0,0.0,820753.0,173.0,132.5,6.0,0.0,,47.0,SLOWER BALL,94.0,STEP DOWN LOFTED ON DRIVE,0.0,0.0,5,12.0,119.0,4.0,Outside Off stump,Good Length,0.0,0.0,2.0,0.0,0.0,0.0,0.0,0.0,64.19935668339947,-5.455596122241356,8.340598008424664,-0.6227489324763913,1.94609210441594,,,,,,,10.33014126442238,0.2102758862568806,0.6105603872293449,80.55646945871369,Attacked,Played,,0.683258056640625,0.5597648620605469,7.741456,-0.356573,,,,,,,-6.384409,-0.234622,0.621729,-8.840791,-0.159584,0.831787,-15.16660322853092,-10.06014497794795,-0.1219433566832767,0.8926527619493949,-0.5957197178712633,0.578617037382323,-1.0,-1.0,NARENDRA-MODI-STADIUM-AHMEDABAD,-1.0,,R,L,R,Kolkata-Knight-Riders,Gujarat-Titans,Seam,1.0
2465,1,16.0,Kolkata Knight Riders,Cameron Green,Ashok Sharma,,13,5.0,2,2,2.0,0.0,1.0,0.0,0.0,0.0,0.0,0.0,0.0,0.0,0.0,0.0,0.0,,,0.0,12.5,1.0,1.0,0.0,820754.0,162.0,40.5,2.0,0.0,,47.0,SLOWER BALL,97.0,BACKFOOT PUSH,0.0,0.0,6,12.0,121.0,4.0,Outside Off stump,Short of Good Length,0.0,0.0,2.0,0.0,0.0,0.0,0.0,0.0,68.26717382340588,-6.27890088273348,8.340530816302262,-0.592587431332951,1.959518864568297,,,,,,,9.843602541791157,0.3228690560247698,0.5640350454547832,62.31835121574051,Attacked,Played,,0.652873992919922,0.6157150268554688,8.018301,-0.285408,,,,,,,-8.318931,-0.04814,0.782825,-8.840926,-0.028009,0.812695,-14.90631371799009,-10.06003248473064,0.0192531353150738,0.8622682032014642,-0.3941445098403592,0.635954490885695,-1.0,-1.0,NARENDRA-MODI-STADIUM-AHMEDABAD,-1.0,,R,L,R,Kolkata-Knight-Riders,Gujarat-Titans,Seam,1.0
2465,1,16.0,Kolkata Knight Riders,Cameron Green,Ashok Sharma,,13,6.0,1,1,1.0,1.0,0.0,0.0,0.0,0.0,0.0,0.0,0.0,0.0,0.0,0.0,0.0,,,0.0,12.6,1.0,1.0,0.0,820755.0,146.0,63.0,1.0,0.0,,38.0,STRAIGHT BALL,58.0,BACKFOOT PULL SHOT,0.0,0.0,7,12.0,122.0,4.0,Outside Off stump,Short Length,0.0,0.0,2.0,0.0,0.0,0.0,0.0,0.0,91.87171704227038,-10.67104195483635,8.34036945221927,-0.6513638990957559,1.930846659216968,,,,,,,7.979886509778816,0.1521652758314087,0.5715518826191838,80.5162548097367,Attacked,Edged,,0.474689483642578,0.4480476379394531,9.279952,-0.550617,,,,,,,-8.395915,-0.418428,0.862694,-8.840933,-0.40987,0.897266,-13.04437361416857,-10.06038084251664,-0.3859258018414782,0.9832973819096432,0.6254299118777632,-0.0588801162699041,-1.0,-1.0,NARENDRA-MODI-STADIUM-AHMEDABAD,-1.0,,R,L,R,Kolkata-Knight-Riders,Gujarat-Titans,Seam,1.0
2465,1,16.0,Kolkata Knight Riders,Cameron Green,Rashid Khan,,14,1.0,6,6,6.0,0.0,0.0,0.0,0.0,0.0,0.0,0.0,0.0,0.0,0.0,1.0,0.0,,,0.0,13.1,1.0,1.0,0.0,820756.0,186.5,83.0,6.0,0.0,,24.0,LEG SPIN,18.0,SLOG SHOT,0.0,0.0,1,13.0,128.0,4.0,Off stump,Good Length,1.0,0.0,2.0,0.0,0.0,0.0,0.0,0.0,58.84805297830597,-2.143543780249525,8.340635896427457,-0.6251096873527614,1.909352771552697,,,,,,,9.132045112199071,0.2741066840610071,0.5492375533993548,64.9749646038025,Attacked,Played,,0.729515075683594,0.6872406005859375,5.378192,-0.088481,,,,,,,-8.369602,-0.056771,0.477054,-8.840904,-0.05267,0.510662,-14.60124955546193,-10.0602374040172,-0.0420087453414771,0.5731040370854936,-0.3018462605465411,-1.712247131140949,-1.0,-1.0,NARENDRA-MODI-STADIUM-AHMEDABAD,-1.0,,R,L,R,Kolkata-Knight-Riders,Gujarat-Titans,Spin,1.0
2465,1,16.0,Kolkata Knight Riders,Cameron Green,Rashid Khan,,14,2.0,4,4,4.0,0.0,0.0,0.0,0.0,0.0,0.0,0.0,0.0,0.0,1.0,0.0,0.0,,,0.0,13.2,1.0,1.0,0.0,820757.0,-32.5,-147.0,4.0,0.0,,24.0,LEG SPIN,94.0,STEP DOWN LOFTED ON DRIVE,0.0,0.0,2,13.0,132.0,4.0,Outside Off stump,Full Length,0.0,0.0,2.0,0.0,0.0,0.0,0.0,0.0,58.85410598081897,-0.615390581533076,8.340625892649065,-0.665055464949246,1.916328151932722,,,,,,,12.94805081549102,0.4329614199102169,0.693503472493177,70.72937888295488,Attacked,Edged,,0.73681640625,0.6299057006835938,4.187951,-0.141874,,,,,,,-7.054225,-0.179359,0.289267,-8.840726,-0.236535,0.595552,-14.93670493386668,-10.06003182647057,-0.2759316327637591,0.7512876366152432,-0.039474784158694,-3.894981325126949,-1.0,-1.0,NARENDRA-MODI-STADIUM-AHMEDABAD,-1.0,,R,L,R,Kolkata-Knight-Riders,Gujarat-Titans,Spin,1.0
2465,1,16.0,Kolkata Knight Riders,Cameron Green,Rashid Khan,,14,3.0,4,4,4.0,0.0,0.0,0.0,0.0,0.0,0.0,0.0,0.0,0.0,1.0,0.0,0.0,,,0.0,13.3,1.0,1.0,0.0,820758.0,184.5,19.5,4.0,0.0,,24.0,LEG SPIN,95.0,SLOG SWEEP,0.0,0.0,3,13.0,136.0,4.0,Off stump,Full Length,0.0,0.0,2.0,0.0,0.0,0.0,0.0,0.0,55.80681892164283,-0.1005187238557758,8.341052638322708,-0.5101489261141753,1.873749636676609,,,,,,,11.63273926506275,0.2391673273230745,0.6716117735750372,86.82503330394813,Attacked,Played,,0.779994964599609,0.6824569702148438,4.31356,-0.145887,,,,,,,-7.559842,-0.05552,0.367665,-8.840848,0.008878,0.550961,-15.26238591456686,-10.06020772645456,0.070617253560291,0.6851958810742995,0.1305085422512241,1.289846294833893,-1.0,-1.0,NARENDRA-MODI-STADIUM-AHMEDABAD,-1.0,,R,L,R,Kolkata-Knight-Riders,Gujarat-Titans,Spin,1.0
2465,1,16.0,Kolkata Knight Riders,Cameron Green,Rashid Khan,,14,4.0,0,0,0.0,0.0,0.0,0.0,1.0,0.0,0.0,0.0,0.0,0.0,0.0,0.0,0.0,,,0.0,13.4,1.0,1.0,0.0,820759.0,9.0,62.5,0.0,0.0,,28.0,GOOGLY,95.0,SLOG SWEEP,0.0,0.0,4,13.0,136.0,4.0,Outside Off stump,Full Length,0.0,0.0,2.0,0.0,0.0,0.0,0.0,0.0,59.24996875882783,-0.7882305121179706,8.340592666601509,-0.684928609576577,1.935095420868815,,,,,,,9.292901253678352,0.1685474594148054,0.5699277139006539,78.63441114361754,Defended,Edged,,0.718643188476562,0.6504364013671875,4.255757,-0.32836,,,,,,,-7.750967,-0.324467,0.319782,-8.840815,-0.322269,0.440917,-14.94476682464263,-10.06004803543314,-0.3197945168626219,0.5458870082012544,-0.0237272343786577,-1.316279309391104,-1.0,-1.0,NARENDRA-MODI-STADIUM-AHMEDABAD,-1.0,,R,L,R,Kolkata-Knight-Riders,Gujarat-Titans,Spin,1.0
2465,1,16.0,Kolkata Knight Riders,Cameron Green,Rashid Khan,,14,5.0,2,2,2.0,0.0,1.0,0.0,0.0,0.0,0.0,0.0,0.0,0.0,0.0,0.0,0.0,,,0.0,13.5,1.0,1.0,0.0,820760.0,45.0,194.0,2.0,0.0,,24.0,LEG SPIN,47.0,FRONTFOOT ON DRIVE,0.0,0.0,5,13.0,138.0,4.0,Outside Off stump,Yorker,0.0,0.0,2.0,0.0,0.0,0.0,0.0,0.0,59.54877600908235,1.558833663792254,8.340773508354449,-0.611971197074268,1.925275414645659,,,,,,,8.326895561664038,0.1016390185993146,0.5132259972035467,76.81999772060055,Attacked,Played,,0.709487915039062,0.6825485229492188,1.927538999999999,-0.303104,,,,,,,-8.711275,-0.308646,0.125677,-8.840783,-0.309888,0.142961,-15.28081194385536,-10.05981756534079,-0.3216227598552343,0.2889635840996568,-0.6981842590518336,-1.250674886484829,-1.0,-1.0,NARENDRA-MODI-STADIUM-AHMEDABAD,-1.0,,R,L,R,Kolkata-Knight-Riders,Gujarat-Titans,Spin,1.0
2465,1,16.0,Kolkata Knight Riders,Cameron Green,Rashid Khan,,14,6.0,1,1,1.0,1.0,0.0,0.0,0.0,0.0,0.0,0.0,0.0,0.0,0.0,0.0,0.0,,,0.0,13.6,1.0,1.0,0.0,820761.0,169.0,41.0,1.0,0.0,,24.0,LEG SPIN,95.0,SLOG SWEEP,0.0,0.0,6,13.0,139.0,4.0,Leg stump,Full Length,0.0,0.0,2.0,0.0,0.0,0.0,0.0,0.0,58.8605985929597,0.4698972557647608,8.340558375019306,-0.5952684813452797,1.915508389204775,,,,,,,9.534529849661062,0.2921364270916596,0.5464464958117139,62.75333166259114,Attacked,Played,,0.730087280273438,0.6597747802734375,3.208206000000001,-0.066779,,,,,,,-7.870149,-0.077493,0.200241,-8.840956,-0.087766,0.328029,-15.10936626637819,-10.05977488080993,-0.1007442495663387,0.4554896501229195,-0.5961533394104007,-2.276763916596952,-1.0,-1.0,NARENDRA-MODI-STADIUM-AHMEDABAD,-1.0,,R,L,R,Kolkata-Knight-Riders,Gujarat-Titans,Spin,1.0
2465,1,16.0,Kolkata Knight Riders,Cameron Green,Prasidh Krishna,,15,1.0,1,1,1.0,1.0,0.0,0.0,0.0,0.0,0.0,0.0,0.0,0.0,0.0,0.0,0.0,,,0.0,14.1,1.0,1.0,0.0,820762.0,113.5,156.0,1.0,0.0,,39.0,ANGLED IN,47.0,FRONTFOOT ON DRIVE,0.0,0.0,1,14.0,140.0,4.0,Middle stump,Full Length,1.0,0.0,2.0,0.0,0.0,0.0,0.0,0.0,87.63290957539964,-5.516873739791444,8.340375615180143,-0.6823073512952667,2.067523919099193,,,,,,,6.440214204251204,0.1650817590869401,0.5593725684656058,77.39770936114687,Attacked,Played,,0.485698699951172,0.4638175964355469,3.962683,-0.15018,,,,,,,-8.545525,-0.043151,0.268803,-8.840905,-0.030143,0.295158,-10.86096883160992,-10.06005261606835,0.0237616938803458,0.3952849383726286,1.023690306780416,-0.1603397630209404,-1.0,-1.0,NARENDRA-MODI-STADIUM-AHMEDABAD,-1.0,,R,L,R,Kolkata-Knight-Riders,Gujarat-Titans,Seam,1.0
2465,1,16.0,Kolkata Knight Riders,Anukul Roy,Prasidh Krishna,,15,2.0,1,1,1.0,1.0,0.0,0.0,0.0,0.0,0.0,0.0,0.0,0.0,0.0,0.0,0.0,,,0.0,14.2,1.0,1.0,0.0,820763.0,91.0,-98.5,1.0,0.0,,38.0,STRAIGHT BALL,44.0,GLIDE,0.0,0.0,2,14.0,141.0,4.0,Outside Leg stump,Short of Good Length,0.0,0.0,2.0,0.0,0.0,0.0,0.0,0.0,87.66942866284555,-11.11334302078643,8.340978378200823,-0.7241209883596684,1.994443897342167,,,,,,,8.85045762142026,0.1693369189555126,0.5352109475145346,73.34795023162893,Attacked,Played,,0.507293701171875,0.5072021484375,9.901621,-0.297067,,,,,,,-9.251487,0.206048,1.022745,-8.840941,0.18278,0.996212,-15.12341210559649,-10.06030127717065,0.2520462895242441,1.06954202066517,-1.881598547343807,1.184786718532246,-1.0,-1.0,NARENDRA-MODI-STADIUM-AHMEDABAD,-1.0,,L,R,R,Kolkata-Knight-Riders,Gujarat-Titans,Seam,1.0
2465,1,16.0,Kolkata Knight Riders,Cameron Green,Prasidh Krishna,,15,3.0,4,4,4.0,0.0,0.0,0.0,0.0,0.0,0.0,0.0,0.0,0.0,1.0,0.0,0.0,,,0.0,14.3,1.0,1.0,0.0,820764.0,159.0,138.5,4.0,0.0,,39.0,ANGLED IN,47.0,FRONTFOOT ON DRIVE,0.0,0.0,3,14.0,145.0,4.0,Off stump,Full Toss,0.0,0.0,2.0,0.0,0.0,0.0,0.0,0.0,88.87872556330205,-3.161960373535304,8.340767138491888,-0.7070443951811374,2.086001772970016,,,,,,,6.661709070312354,0.1777249850467226,0.6499999999999996,89.72750149532769,Attacked,Played,,0.471839904785156,0.4455642700195313,-0.6243449999999999,0.02168,,,,,,,-8.383609,-0.085671,0.381938,-8.840709,-0.064813,0.310728,-9.68708578201118,-10.05965697667045,-0.0080567998974243,0.113566701196009,1.040683679823449,1.2722218725854072e-14,-1.0,-1.0,NARENDRA-MODI-STADIUM-AHMEDABAD,-1.0,,R,L,R,Kolkata-Knight-Riders,Gujarat-Titans,Seam,1.0
2465,1,16.0,Kolkata Knight Riders,Cameron Green,Prasidh Krishna,,15,4.0,1 (WD),1,0.0,0.0,0.0,0.0,0.0,1.0,1.0,0.0,0.0,0.0,0.0,0.0,0.0,,,0.0,14.4,1.0,1.0,1.0,820765.0,159.0,138.5,1.0,0.0,,39.0,ANGLED IN,40.0,FRONTFOOT FLICK,0.0,0.0,4,14.0,146.0,4.0,Outside Leg stump,Full Toss,0.0,0.0,2.0,0.0,0.0,0.0,0.0,0.0,90.64277238922556,-3.714847241740503,8.341072746714275,-0.656386037016405,2.074437105139361,,,,,,,6.04359801696821,-0.2782168744177871,0.6701676974514913,138.3468420595024,Attacked,Missed,,0.464424133300781,0.4843597412109375,0.5565669999999994,0.415543,,,,,,,-999.9,-999.9,-999.9,-8.841062,0.366537,0.14474,-9.663074543406768,-10.05964436349695,0.4642174438880756,0.0913499405629798,1.566267541760326,0.729112604963261,-1.0,-1.0,NARENDRA-MODI-STADIUM-AHMEDABAD,-1.0,,R,L,R,Kolkata-Knight-Riders,Gujarat-Titans,Seam,1.0
2465,1,16.0,Kolkata Knight Riders,Cameron Green,Prasidh Krishna,,15,4.0,1,1,1.0,1.0,0.0,0.0,0.0,0.0,0.0,0.0,0.0,0.0,0.0,0.0,0.0,,,0.0,14.4,1.0,1.0,0.0,820766.0,161.5,63.0,1.0,0.0,,39.0,ANGLED IN,47.0,FRONTFOOT ON DRIVE,0.0,0.0,5,14.0,147.0,4.0,Off stump,Full Toss,0.0,0.0,2.0,0.0,0.0,0.0,0.0,0.0,89.16138028396283,-3.581147328701946,8.34050671415022,-0.7224133212042336,2.06538066379791,,,,,,,6.818689359823376,0.1736254714715107,0.6499999999999997,90.13745285284888,Attacked,Played,,0.471771240234375,0.4436187744140625,0.474933,0.000125,,,,,,,-8.290055,-0.065285,0.22016,-8.84109,-0.037734,0.128032,-9.912983105287584,-10.06000073748425,0.0245385683780479,0.0558840279721494,1.198407082829957,0.0,-1.0,-1.0,NARENDRA-MODI-STADIUM-AHMEDABAD,-1.0,,R,L,R,Kolkata-Knight-Riders,Gujarat-Titans,Seam,1.0
2465,1,16.0,Kolkata Knight Riders,Anukul Roy,Prasidh Krishna,,15,5.0,0 WK,W,0.0,0.0,0.0,0.0,1.0,0.0,0.0,0.0,0.0,0.0,0.0,0.0,1.0,Caught,WICKET,1.0,14.5,1.0,1.0,0.0,820767.0,161.5,63.0,0.0,0.0,https://scores.bcci.tv/matchcentre/commentaryFiles/TATA-IPL-2026/Gujarat-Titans-VS-Kolkata-Knight-Riders-(17-Apr-2026)/File_1-15-820767.gif,30.0,ANGLED ACROSS,15.0,LOFTED COVER DRIVE,0.0,0.0,6,14.0,147.0,5.0,Off stump,Short of Good Length,1.0,0.0,2.0,0.0,0.0,0.0,0.0,0.0,88.349700330226,-8.199862861205418,8.340583955649237,-0.6838232470091876,2.022569597485919,,,,,,,8.14582763974061,0.1841647572130539,0.644587909394619,88.27171068788746,,,,0.490333557128906,0.4745292663574219,6.946005,-0.055972,,,,,,,-8.797144,0.295634,0.691639,-8.8407,0.298371,0.69566,-11.75527564772484,-10.06016836683655,0.3752672861334211,0.8010030305353271,0.7243080334098724,-0.0263676783269313,-1.0,-1.0,NARENDRA-MODI-STADIUM-AHMEDABAD,-1.0,,L,R,R,Kolkata-Knight-Riders,Gujarat-Titans,Seam,1.0
2465,1,16.0,Kolkata Knight Riders,Rinku Singh,Prasidh Krishna,,15,6.0,1,1,1.0,1.0,0.0,0.0,0.0,0.0,0.0,0.0,0.0,0.0,0.0,0.0,0.0,,,0.0,14.6,1.0,1.0,0.0,820768.0,156.0,52.0,1.0,0.0,,38.0,STRAIGHT BALL,15.0,LOFTED COVER DRIVE,0.0,0.0,7,14.0,148.0,5.0,,Good Length,2.0,0.0,2.0,0.0,0.0,0.0,0.0,0.0,88.4528612650582,-7.801070535071661,8.340435494141282,-0.6323653052433035,2.044563176695888,,,,,,,7.929924684406162,0.2009537587059205,0.6184471612542811,82.67169831755012,Attacked,Played,,0.489326477050781,0.4497528076171875,6.630006,0.124169,,,,,,,-7.970822,0.454474,0.561043,-8.841024,0.518715,0.643171,-11.85637002092685,-10.06017189968795,0.6092363573585624,0.7461387212654961,1.13486952311986,-0.1571976495977484,-1.0,-1.0,NARENDRA-MODI-STADIUM-AHMEDABAD,-1.0,,L,R,R,Kolkata-Knight-Riders,Gujarat-Titans,Seam,1.0
2465,1,16.0,Kolkata Knight Riders,Rinku Singh,Kagiso Rabada,,16,1.0,0 WK,W,0.0,0.0,0.0,0.0,1.0,0.0,0.0,0.0,0.0,0.0,0.0,0.0,1.0,Caught,WICKET,1.0,15.1,1.0,1.0,0.0,820769.0,156.0,52.0,0.0,0.0,,30.0,ANGLED ACROSS,5.0,LOFTED OFF DRIVE,0.0,0.0,1,15.0,148.0,6.0,Off stump,Good Length,3.0,0.0,2.0,0.0,0.0,0.0,0.0,0.0,84.4362422883509,-9.343384524339111,8.340432695409593,-0.6505151078733464,2.1321106053013,,,,,,,9.50096703866497,0.2297904306387638,0.6696291784160363,87.46533369852908,,,,0.515865325927734,0.4612541198730469,7.619991,0.051157,,,,,,,-7.979926,0.447956,0.812605,-8.840535,0.51071,0.907942,-12.85177766068007,-10.06016224463543,0.6001692146645251,1.030278406622384,0.8357911258944862,-0.1217892066599936,-1.0,-1.0,NARENDRA-MODI-STADIUM-AHMEDABAD,-1.0,,L,R,R,Kolkata-Knight-Riders,Gujarat-Titans,Seam,1.0
2465,1,16.0,Kolkata Knight Riders,Ramandeep Singh,Kagiso Rabada,,16,2.0,0,0,0.0,0.0,0.0,0.0,1.0,0.0,0.0,0.0,0.0,0.0,0.0,0.0,0.0,,,0.0,15.2,1.0,1.0,0.0,820770.0,-62.0,33.5,0.0,0.0,,39.0,ANGLED IN,97.0,BACKFOOT PUSH,0.0,0.0,2,15.0,148.0,6.0,Outside Off stump,Short of Good Length,4.0,0.0,2.0,0.0,0.0,0.0,0.0,0.0,86.46381031882133,-10.43096176149898,8.340433444858533,-0.6463394924974206,2.12446754877943,,,,,,,8.986549674393261,0.1987314256745658,0.6210950437769205,83.29111399908149,Attacked,Missed,,0.504158020019531,0.4807662963867188,8.37936,-0.290216,,,,,,,-8.588849,-0.070421,0.906335,-8.841103,-0.062234,0.929729,-13.24653274118107,-10.06001612235767,-0.0225126434592136,1.033855710855818,0.5491934330878454,-0.5309946418603403,-1.0,-1.0,NARENDRA-MODI-STADIUM-AHMEDABAD,-1.0,,R,R,R,Kolkata-Knight-Riders,Gujarat-Titans,Seam,1.0
2465,1,16.0,Kolkata Knight Riders,Ramandeep Singh,Kagiso Rabada,,16,3.0,6,6,6.0,0.0,0.0,0.0,0.0,0.0,0.0,0.0,0.0,0.0,0.0,1.0,0.0,,,0.0,15.3,1.0,1.0,0.0,820771.0,92.0,-124.0,6.0,0.0,,38.0,STRAIGHT BALL,58.0,BACKFOOT PULL SHOT,0.0,0.0,3,15.0,154.0,6.0,Outside Off stump,Short Length,0.0,1.0,3.0,0.0,0.0,0.0,0.0,0.0,88.3454141455868,-13.95656324768448,8.340789429654507,-0.6504504855677725,2.050893931529254,,,,,,,10.48633566647655,0.2195341168870839,0.5748129907279313,74.26853692048132,Attacked,Played,,0.519893646240234,0.4838104248046875,10.872206,-0.272864,,,,,,,-8.126747,0.197708,1.305312,-8.840638,0.236344,1.372818,-16.15995790991295,-10.06002719115878,0.3027127023193429,1.475559097102325,0.0007079373090064,0.0672981191699628,-1.0,-1.0,NARENDRA-MODI-STADIUM-AHMEDABAD,-1.0,,R,R,R,Kolkata-Knight-Riders,Gujarat-Titans,Seam,1.0
2465,1,16.0,Kolkata Knight Riders,Ramandeep Singh,Kagiso Rabada,,16,4.0,0,0,0.0,0.0,0.0,0.0,1.0,0.0,0.0,0.0,0.0,0.0,0.0,0.0,0.0,,,0.0,15.4,1.0,1.0,0.0,820772.0,81.5,44.0,0.0,0.0,,39.0,ANGLED IN,97.0,BACKFOOT PUSH,0.0,0.0,4,15.0,154.0,6.0,Outside Off stump,Short of Good Length,0.0,0.0,3.0,0.0,0.0,0.0,0.0,0.0,88.29034461450773,-11.60384233248437,8.341023630677427,-0.6816763528458956,2.102409306335258,,,,,,,8.392379684520353,0.2295963799005987,0.5350994423436427,67.30527836148654,Defended,Played,,0.506000518798828,0.4904136657714844,9.306272,-0.4179,,,,,,,-8.751966,-0.11799,0.913474,-8.840457,-0.114202,0.919728,-14.10794813499187,-10.06029548185655,-0.0608901668404317,0.9977092491861586,0.7612284434318511,-0.1943329745635234,-1.0,-1.0,NARENDRA-MODI-STADIUM-AHMEDABAD,-1.0,,R,R,R,Kolkata-Knight-Riders,Gujarat-Titans,Seam,1.0
2465,1,16.0,Kolkata Knight Riders,Ramandeep Singh,Kagiso Rabada,,16,5.0,2,2,2.0,0.0,1.0,0.0,0.0,0.0,0.0,0.0,0.0,0.0,0.0,0.0,0.0,,,0.0,15.5,1.0,1.0,0.0,820773.0,152.0,61.5,2.0,0.0,,39.0,ANGLED IN,27.0,FORWARD PUSH,0.0,0.0,5,15.0,156.0,6.0,Outside Off stump,Good Length,0.0,0.0,3.0,0.0,0.0,0.0,0.0,0.0,88.26264062593918,-8.208854444255897,8.340561450635327,-0.6991433468247522,2.139619638741004,,,,,,,6.942205839045297,0.2276592412292164,0.5410236001316372,68.38761589682393,Attacked,Played,,0.489910125732422,0.4680404663085938,6.379655,-0.244927,,,,,,,-8.460436,-0.040296,0.510763,-8.841062,-0.02377,0.539339,-11.78339411682183,-10.06012347355887,0.0293959280713969,0.6212387419770014,0.5876286952247308,-0.0496831671713946,-1.0,-1.0,NARENDRA-MODI-STADIUM-AHMEDABAD,-1.0,,R,R,R,Kolkata-Knight-Riders,Gujarat-Titans,Seam,1.0
2465,1,16.0,Kolkata Knight Riders,Ramandeep Singh,Kagiso Rabada,,16,6.0,1,1,1.0,1.0,0.0,0.0,0.0,0.0,0.0,0.0,0.0,0.0,0.0,0.0,0.0,,,0.0,15.6,1.0,1.0,0.0,820774.0,80.5,19.0,1.0,0.0,,39.0,ANGLED IN,97.0,BACKFOOT PUSH,0.0,0.0,6,15.0,157.0,6.0,Outside Off stump,Short of Good Length,0.0,0.0,3.0,0.0,0.0,0.0,0.0,0.0,89.03982321899703,-10.48539733260782,8.340814527368373,-0.7425556636386641,2.125482514678363,,,,,,,8.456216437616327,0.2149980290363338,0.5698732281567866,73.98118131988463,Defended,Edged,,0.497154235839844,0.4753189086914063,8.465677,-0.441916,,,,,,,-8.549722,-0.169541,0.839724,-8.841018,-0.157901,0.863959,-13.48405034690508,-10.06018124403046,-0.1089759633117291,0.9563003961805356,0.9039044479831084,-0.0010335404119777,-1.0,-1.0,NARENDRA-MODI-STADIUM-AHMEDABAD,-1.0,,R,R,R,Kolkata-Knight-Riders,Gujarat-Titans,Seam,1.0
2465,1,16.0,Kolkata Knight Riders,Ramandeep Singh,Ashok Sharma,,17,1.0,4,4,4.0,0.0,0.0,0.0,0.0,0.0,0.0,0.0,0.0,0.0,1.0,0.0,0.0,,,0.0,16.1,1.0,1.0,0.0,820775.0,-138.0,-96.5,4.0,0.0,,38.0,STRAIGHT BALL,36.0,CUT SHOT,0.0,0.0,1,16.0,161.0,6.0,Outside Off stump,Short of Good Length,1.0,0.0,3.0,0.0,0.0,0.0,0.0,0.0,90.03320132578337,-10.14900589242372,8.341005986397413,-0.6389888844157257,1.892828530921111,,,,,,,9.353190371782206,0.2045868342473833,0.6668689908888169,89.5716652085842,Attacked,Played,,0.493549346923828,0.4887771606445313,9.168035,-0.724055,,,,,,,-9.151943,-0.827659,1.099458,-8.840593,-0.823666,1.069573,-12.8327647438627,-10.06006871585614,-0.839344597053582,1.181565474432629,0.008754364253826,-0.17927214283161,-1.0,-1.0,NARENDRA-MODI-STADIUM-AHMEDABAD,-1.0,,R,R,R,Kolkata-Knight-Riders,Gujarat-Titans,Seam,1.0
2465,1,16.0,Kolkata Knight Riders,Ramandeep Singh,Ashok Sharma,,17,2.0,4,4,4.0,0.0,0.0,0.0,0.0,0.0,0.0,0.0,0.0,0.0,1.0,0.0,0.0,,,0.0,16.2,1.0,1.0,0.0,820776.0,66.5,-148.5,4.0,0.0,,38.0,STRAIGHT BALL,58.0,BACKFOOT PULL SHOT,0.0,0.0,2,16.0,165.0,6.0,Outside Off stump,Short Length,0.0,0.0,3.0,0.0,0.0,0.0,0.0,0.0,87.53667907542929,-13.89738173034078,8.340842124511067,-0.7377234555448071,1.890171371421057,,,,,,,10.03584747371347,0.150067943089622,0.5460233732550646,76.89671167929748,Attacked,Edged,,0.514778137207031,0.4947509765625,11.597756,-0.52753,,,,,,,-8.612116,-0.203095,1.401677,-8.841107,-0.195561,1.422357,-16.77670799762663,-10.06012937360813,-0.1552896138908931,1.524255432171888,0.2595951793583763,-0.1219791219184148,-1.0,-1.0,NARENDRA-MODI-STADIUM-AHMEDABAD,-1.0,,R,R,R,Kolkata-Knight-Riders,Gujarat-Titans,Seam,1.0
2465,1,16.0,Kolkata Knight Riders,Ramandeep Singh,Ashok Sharma,,17,3.0,0 WK,W,0.0,0.0,0.0,0.0,1.0,0.0,0.0,0.0,0.0,0.0,0.0,0.0,1.0,Caught,WICKET,1.0,16.3,1.0,1.0,0.0,820777.0,118.0,152.0,0.0,0.0,,47.0,SLOWER BALL,11.0,LOFTED ON DRIVE,0.0,0.0,3,16.0,165.0,7.0,Outside Off stump,Full Length,1.0,0.0,3.0,0.0,0.0,0.0,0.0,0.0,65.81087352443069,-1.787939820628994,8.340839906912993,-0.5989006611578502,1.954512414134423,,,,,,,11.28349409803572,0.3095140512425792,0.6718270583037915,79.8226536213108,,,,0.658218383789062,0.6113662719726562,4.495729,-0.544795,,,,,,,-8.169093,-0.489988,0.48099,-8.840857,-0.475718,0.576785,-14.43331909732654,-10.06000770396372,-0.4496759652977892,0.727531177819597,-0.923429326779498,1.458696510352842,-1.0,-1.0,NARENDRA-MODI-STADIUM-AHMEDABAD,-1.0,,R,R,R,Kolkata-Knight-Riders,Gujarat-Titans,Seam,1.0
2465,1,16.0,Kolkata Knight Riders,Sunil Narine,Ashok Sharma,,17,4.0,0,0,0.0,0.0,0.0,0.0,1.0,0.0,0.0,0.0,0.0,0.0,0.0,0.0,0.0,,,0.0,16.4,1.0,1.0,0.0,820778.0,118.0,152.0,0.0,0.0,,38.0,STRAIGHT BALL,58.0,BACKFOOT PULL SHOT,0.0,0.0,4,16.0,165.0,7.0,Outside Leg stump,Short of Good Length,2.0,0.0,3.0,0.0,0.0,0.0,0.0,0.0,91.24936235684088,-9.491749721627206,8.34037840047575,-0.64022039477242,1.89439900097866,,,,,,,9.753732964331649,0.2022880811459746,0.7485537000633575,102.0542468949062,Attacked,Missed,,0.482231140136719,0.506744384765625,8.469575,-0.232069,,,,,,,-999.9,-999.9,-999.9,-8.841022,0.020851,1.045367,-11.9982636505887,-10.05975203078338,0.0643736725186554,1.173538661854875,0.8285832953509848,-0.8233953805200118,-1.0,-1.0,NARENDRA-MODI-STADIUM-AHMEDABAD,-1.0,,L,R,R,Kolkata-Knight-Riders,Gujarat-Titans,Seam,1.0
2465,1,16.0,Kolkata Knight Riders,Sunil Narine,Ashok Sharma,,17,5.0,0,0,0.0,0.0,0.0,0.0,1.0,0.0,0.0,0.0,0.0,0.0,0.0,0.0,0.0,,,0.0,16.5,1.0,1.0,0.0,820779.0,118.0,152.0,0.0,0.0,,30.0,ANGLED ACROSS,51.0,FRONTFOOT COVERDRIVE,0.0,0.0,5,16.0,165.0,7.0,Off stump,Full Length,0.0,0.0,3.0,0.0,0.0,0.0,0.0,0.0,93.075049021085,-5.10362728800261,8.3407074034096,-0.6622184870856189,1.961759833057189,,,,,,,6.73644875212011,0.1515483071087316,0.7069319118483447,100.8849560663785,Attacked,Missed,,0.454765319824219,0.4779739379882813,2.674465,0.165907,,,,,,,-999.9,-999.9,-999.9,-8.840921,0.257666,0.193293,-9.099660656737248,-10.06019224921735,0.3350813477697367,0.3172287815020557,1.017880883723832,0.0451396501381618,-1.0,-1.0,NARENDRA-MODI-STADIUM-AHMEDABAD,-1.0,,L,R,R,Kolkata-Knight-Riders,Gujarat-Titans,Seam,1.0
2465,1,16.0,Kolkata Knight Riders,Sunil Narine,Ashok Sharma,,17,6.0,0,0,0.0,0.0,0.0,0.0,1.0,0.0,0.0,0.0,0.0,0.0,0.0,0.0,0.0,,,0.0,16.6,1.0,1.0,0.0,820780.0,118.0,152.0,0.0,0.0,,36.0,BOUNCER,58.0,BACKFOOT PULL SHOT,1.0,0.0,6,16.0,165.0,7.0,Outside Leg stump,Short Length,0.0,0.0,3.0,0.0,0.0,0.0,0.0,0.0,90.03802144227589,-16.40739757131557,8.340643307960846,-0.6527858691006441,1.903026305828848,,,,,,,10.35552475909224,0.1802349890124016,0.5192545749916492,69.86468734750721,Attacked,Missed,,0.514938354492188,0.5411338806152344,12.314981,-0.302158,,,,,,,-999.9,-999.9,-999.9,-8.840901,0.395691,1.508352,-17.78470762761785,-10.05993095688153,0.4613415146256789,1.598213300621773,-0.1136125706336235,0.7905447920295536,-1.0,-1.0,NARENDRA-MODI-STADIUM-AHMEDABAD,-1.0,,L,R,R,Kolkata-Knight-Riders,Gujarat-Titans,Seam,1.0
2465,1,16.0,Kolkata Knight Riders,Cameron Green,Mohammed Siraj,,18,1.0,1,1,1.0,1.0,0.0,0.0,0.0,0.0,0.0,0.0,0.0,0.0,0.0,0.0,0.0,,,0.0,17.1,1.0,1.0,0.0,820781.0,132.0,-46.0,1.0,0.0,,39.0,ANGLED IN,40.0,FRONTFOOT FLICK,0.0,0.0,1,17.0,166.0,7.0,Off stump,Full Length,1.0,0.0,3.0,0.0,0.0,0.0,0.0,0.0,84.62827805842994,-4.8649327970379,8.340468589659217,-0.7224123695411183,1.950990102768795,,,,,,,6.510730817476869,0.2659753352980662,0.5851697915077962,71.17793519636281,Attacked,Played,,0.504684448242188,0.4723434448242188,3.704388,-0.06654,,,,,,,-8.256752,0.055483,0.235647,-8.840984,0.093236,0.288984,-10.21237929243834,-10.0599787356998,0.1723996730199274,0.3885231730559772,1.206599492281716,0.4653489023090873,-1.0,-1.0,NARENDRA-MODI-STADIUM-AHMEDABAD,-1.0,,R,L,R,Kolkata-Knight-Riders,Gujarat-Titans,Seam,1.0
2465,1,16.0,Kolkata Knight Riders,Sunil Narine,Mohammed Siraj,,18,2.0,0,0,0.0,0.0,0.0,0.0,1.0,0.0,0.0,0.0,0.0,0.0,0.0,0.0,0.0,,,0.0,17.2,1.0,1.0,0.0,820782.0,132.0,-46.0,0.0,0.0,,36.0,BOUNCER,105.0,LEFT ALONE,1.0,0.0,2,17.0,166.0,7.0,Outside Leg stump,Short Length,0.0,0.0,3.0,0.0,0.0,0.0,0.0,0.0,87.52417450159275,-17.15749975795387,8.3404622453642,-0.8522139606253296,1.852322131953249,,,,,,,11.74671552620356,0.238827390914027,0.5343483725997733,66.2695167985633,Attacked,Missed,,0.546043395996094,0.5734634399414062,12.828823,-0.558686,,,,,,,-999.9,-999.9,-999.9,-8.841032,0.158778,1.774027,-18.79693852900276,-10.05985077312196,0.2329121509881023,1.869457279024683,-0.6777870204644985,0.9107315946820328,-1.0,-1.0,NARENDRA-MODI-STADIUM-AHMEDABAD,-1.0,,L,R,R,Kolkata-Knight-Riders,Gujarat-Titans,Seam,1.0
2465,1,16.0,Kolkata Knight Riders,Sunil Narine,Mohammed Siraj,,18,3.0,0 WK,W,0.0,0.0,0.0,0.0,1.0,0.0,0.0,0.0,0.0,0.0,0.0,0.0,1.0,Caught,WICKET,1.0,17.3,1.0,1.0,0.0,820783.0,115.0,-53.0,0.0,0.0,,30.0,ANGLED ACROSS,15.0,LOFTED COVER DRIVE,0.0,0.0,3,17.0,166.0,8.0,Outside Off stump,Full Length,1.0,0.0,3.0,0.0,0.0,0.0,0.0,0.0,84.80942760403089,-5.829721288246819,8.34041996840443,-0.6665655963345495,1.935269723518295,,,,,,,7.180506781287654,0.1895621306366937,0.6459958527904525,87.94316485489851,,,,0.502635955810547,0.4781112670898438,4.948092,0.104097,,,,,,,-8.40683,0.315861,0.39915,-8.84087,0.344036,0.438845,-10.42271042323592,-10.06011165766204,0.4235391189569419,0.5400721892055383,1.471031357360008,-0.402114255549809,-1.0,-1.0,NARENDRA-MODI-STADIUM-AHMEDABAD,-1.0,,L,R,R,Kolkata-Knight-Riders,Gujarat-Titans,Seam,1.0
2465,1,16.0,Kolkata Knight Riders,Kartik Tyagi,Mohammed Siraj,,18,4.0,0,0,0.0,0.0,0.0,0.0,1.0,0.0,0.0,0.0,0.0,0.0,0.0,0.0,0.0,,,0.0,17.4,1.0,1.0,0.0,820784.0,-35.5,105.0,0.0,0.0,,39.0,ANGLED IN,27.0,FORWARD PUSH,0.0,0.0,4,17.0,166.0,8.0,Outside Off stump,Good Length,2.0,0.0,3.0,0.0,0.0,0.0,0.0,0.0,86.34460615716172,-7.135155349161337,8.341159574832744,-0.7653963425816322,1.943778784656644,,,,,,,7.821350147323127,0.254968091287229,0.6346332272961952,79.69817496570639,Defended,Played,,0.504009246826172,0.476898193359375,6.468222,-0.41957,,,,,,,-8.421617,-0.227075,0.580394,-8.840475,-0.210136,0.617085,-11.22879384695466,-10.05986142319744,-0.1605975425057635,0.7135227851247217,0.8539174535306312,0.1476422129197067,-1.0,-1.0,NARENDRA-MODI-STADIUM-AHMEDABAD,-1.0,,R,R,R,Kolkata-Knight-Riders,Gujarat-Titans,Seam,1.0
2465,1,16.0,Kolkata Knight Riders,Kartik Tyagi,Mohammed Siraj,,18,5.0,0,0,0.0,0.0,0.0,0.0,1.0,0.0,0.0,0.0,0.0,0.0,0.0,0.0,0.0,,,0.0,17.5,1.0,1.0,0.0,820785.0,-35.5,105.0,0.0,0.0,,36.0,BOUNCER,58.0,BACKFOOT PULL SHOT,1.0,0.0,5,17.0,166.0,8.0,Outside Off stump,Short Length,0.0,0.0,3.0,0.0,0.0,0.0,0.0,0.0,86.27010722929616,-14.52880875022147,8.340552287242588,-0.7748047842055382,1.82249075411544,,,,,,,10.15937158398502,0.1961997705755948,0.5166972039208068,67.88460353056153,Attacked,Missed,,0.533660888671875,0.560577392578125,12.144472,-0.569303,,,,,,,-999.9,-999.9,-999.9,-8.840953,-0.17854,1.398666,-17.44818730162936,-10.06031494596129,-0.1404122371495898,1.47236798773236,-0.1101638788047666,0.4382829389122213,-1.0,-1.0,NARENDRA-MODI-STADIUM-AHMEDABAD,-1.0,,R,R,R,Kolkata-Knight-Riders,Gujarat-Titans,Seam,1.0
2465,1,16.0,Kolkata Knight Riders,Kartik Tyagi,Mohammed Siraj,,18,6.0,6,6,6.0,0.0,0.0,0.0,0.0,0.0,0.0,0.0,0.0,0.0,0.0,1.0,0.0,,,0.0,17.6,1.0,1.0,0.0,820786.0,180.0,88.0,6.0,0.0,,36.0,BOUNCER,58.0,BACKFOOT PULL SHOT,1.0,0.0,6,17.0,172.0,8.0,Outside Off stump,Short Length,0.0,0.0,3.0,0.0,0.0,0.0,0.0,0.0,86.60599691276593,-16.39711733569247,8.34088971973824,-0.7828195818878525,1.793212639248158,,,,,,,12.07982481140676,0.2252177177174789,0.553904882491703,70.56396060200755,Attacked,Played,,0.550163269042969,0.5043411254882812,12.8144,-0.580451,,,,,,,-7.897785,-0.139945,1.634656,-8.84054,-0.103616,1.70823,-18.79091797683568,-10.06015756219926,-0.0573176137685503,1.785425991495037,-0.3422625111080385,0.6052067998075347,-1.0,-1.0,NARENDRA-MODI-STADIUM-AHMEDABAD,-1.0,,R,R,R,Kolkata-Knight-Riders,Gujarat-Titans,Seam,1.0
2465,1,16.0,Kolkata Knight Riders,Cameron Green,Prasidh Krishna,,19,1.0,1,1,1.0,1.0,0.0,0.0,0.0,0.0,0.0,0.0,0.0,0.0,0.0,0.0,0.0,,,0.0,18.1,1.0,1.0,0.0,820787.0,89.0,-55.5,1.0,0.0,,39.0,ANGLED IN,40.0,FRONTFOOT FLICK,0.0,0.0,1,18.0,173.0,8.0,Leg stump,Yorker,1.0,0.0,3.0,0.0,0.0,0.0,0.0,0.0,87.799316,-4.432713919405685,8.340563483543047,-0.649228168391334,2.08769145807389,,,,,,,8.735514753842804,0.3469556877035264,0.7541185667306648,88.42221623924706,Defended,Edged,,0.487483978271484,0.4583358764648438,2.227753,0.149558,,,,,,,-8.453196,0.171616,0.132982,-8.840835,0.185442,0.189417,-10.29139422413546,-10.06027321754992,0.2292208557794904,0.3570295132205592,1.856402634282998,-1.776749642155897,-1.0,-1.0,NARENDRA-MODI-STADIUM-AHMEDABAD,-1.0,,R,R,R,Kolkata-Knight-Riders,Gujarat-Titans,Seam,1.0
2465,1,16.0,Kolkata Knight Riders,Kartik Tyagi,Prasidh Krishna,,19,2.0,0 WK,W,0.0,0.0,0.0,0.0,1.0,0.0,0.0,0.0,0.0,0.0,0.0,0.0,1.0,Run Out,WICKET,0.0,18.2,1.0,1.0,0.0,820788.0,-1.0,-13.0,0.0,0.0,,39.0,ANGLED IN,27.0,FORWARD PUSH,0.0,0.0,2,18.0,173.0,9.0,Outside Leg stump,Yorker,0.0,0.0,3.0,0.0,0.0,0.0,0.0,0.0,87.89949807817634,-4.128423739243033,8.340668691902472,-0.7086839110931034,2.098984486044722,,,,,,,7.924317518065533,0.2580988487951441,0.722490073115794,92.5636260878547,,,,0.476005554199219,0.5052452087402344,1.383483,0.23494,,,,,,,-999.9,-999.9,-999.9,-8.840497,0.245946,0.048972,-10.0702122641168,-10.05989359956549,0.328102201478071,0.2095322369075023,2.117881188655085,-0.4544949063341254,-1.0,-1.0,NARENDRA-MODI-STADIUM-AHMEDABAD,-1.0,,R,R,R,Kolkata-Knight-Riders,Gujarat-Titans,Seam,1.0
2465,1,16.0,Kolkata Knight Riders,Cameron Green,Prasidh Krishna,,19,3.0,0,0,0.0,0.0,0.0,0.0,1.0,0.0,0.0,0.0,0.0,0.0,0.0,0.0,0.0,,,0.0,18.3,1.0,1.0,0.0,820789.0,51.5,-54.0,0.0,0.0,,39.0,ANGLED IN,40.0,FRONTFOOT FLICK,0.0,0.0,3,18.0,173.0,9.0,Leg stump,Full Length,0.0,0.0,3.0,0.0,0.0,0.0,0.0,0.0,88.81710953396009,-5.643146423048698,8.34055253602288,-0.6603131500239844,2.058022978570675,,,,,,,6.676666894939604,0.1383989853538728,0.6154053702675233,88.47090700474122,Attacked,Missed,,0.481624603271484,0.449249267578125,3.74644,0.100555,,,,,,,-8.270431,0.237781,0.241067,-8.840519,0.278025,0.296669,-10.33534409825295,-10.06030122065178,0.3645403851685022,0.4058807844004384,0.962185543643678,0.5149057051284761,-1.0,-1.0,NARENDRA-MODI-STADIUM-AHMEDABAD,-1.0,,R,R,R,Kolkata-Knight-Riders,Gujarat-Titans,Seam,1.0
2465,1,16.0,Kolkata Knight Riders,Cameron Green,Prasidh Krishna,,19,4.0,0,0,0.0,0.0,0.0,0.0,1.0,0.0,0.0,0.0,0.0,0.0,0.0,0.0,0.0,,,0.0,18.4,1.0,1.0,0.0,820790.0,45.5,-58.0,0.0,0.0,,39.0,ANGLED IN,77.0,STEP DOWN DEFENCE,0.0,0.0,4,18.0,173.0,9.0,Middle stump,Full Length,0.0,0.0,3.0,0.0,0.0,0.0,0.0,0.0,88.86589846993,-5.205113717688027,8.341175342595395,-0.670379533946189,2.086321284250951,,,,,,,7.060552011067498,0.1706459548523653,0.6500000000000007,90.43540451476358,Attacked,Missed,,0.476303100585938,0.4176406860351563,3.005723,0.119967,,,,,,,-7.419334,0.13759,0.072834,-8.840761,0.206058,0.236084,-10.26070713073226,-10.06013419889202,0.2645969829506642,0.3622895749270008,1.428759762030402,-0.9246512334172442,-1.0,-1.0,NARENDRA-MODI-STADIUM-AHMEDABAD,-1.0,,R,R,R,Kolkata-Knight-Riders,Gujarat-Titans,Seam,1.0
2465,1,16.0,Kolkata Knight Riders,Cameron Green,Prasidh Krishna,,19,5.0,0,0,0.0,0.0,0.0,0.0,1.0,0.0,0.0,0.0,0.0,0.0,0.0,0.0,0.0,,,0.0,18.5,1.0,1.0,0.0,820791.0,-21.5,-35.0,0.0,0.0,,39.0,ANGLED IN,99.0,SCOOP,0.0,0.0,5,18.0,173.0,9.0,Outside Leg stump,Full Toss,0.0,0.0,3.0,0.0,0.0,0.0,0.0,0.0,89.65874519685794,-2.965966377586276,8.341092598197186,-0.6684286349795041,2.081793354366837,,,,,,,6.729624337018538,0.1762934114290737,0.6499999999999995,89.87065885709255,Attacked,Edged,,0.468864440917969,0.4299545288085938,-1.062331,0.53765,,,,,,,-7.904735,0.28738,0.494333,-8.840678,0.357854,0.351783,-9.784836810837158,-10.06018615942269,0.4525203208774073,0.1565776116324897,2.077905231053208,0.0,-1.0,-1.0,NARENDRA-MODI-STADIUM-AHMEDABAD,-1.0,,R,R,R,Kolkata-Knight-Riders,Gujarat-Titans,Seam,1.0
2465,1,16.0,Kolkata Knight Riders,Cameron Green,Prasidh Krishna,,19,6.0,1,1,1.0,1.0,0.0,0.0,0.0,0.0,0.0,0.0,0.0,0.0,0.0,0.0,0.0,,,0.0,18.6,1.0,1.0,0.0,820792.0,104.5,160.5,1.0,0.0,,39.0,ANGLED IN,47.0,FRONTFOOT ON DRIVE,0.0,0.0,6,18.0,174.0,9.0,Middle stump,Full Toss,0.0,0.0,3.0,0.0,0.0,0.0,0.0,0.0,90.08131604095412,-3.78670678446288,8.34120627402308,-0.7224901671951944,2.092309649526124,,,,,,,6.645306445870003,0.178141967819169,0.6499999999999991,89.68580321808297,Attacked,Played,,0.461517333984375,0.44366455078125,0.5001949999999997,-0.107104,,,,,,,-8.448223,-0.156148,0.218002,-8.840472,-0.139025,0.15369,-9.663472852411736,-10.05963656012032,-0.0846873152689193,0.0901604838581099,1.130951484503339,0.0,-1.0,-1.0,NARENDRA-MODI-STADIUM-AHMEDABAD,-1.0,,R,R,R,Kolkata-Knight-Riders,Gujarat-Titans,Seam,1.0
2465,1,16.0,Kolkata Knight Riders,Cameron Green,Rashid Khan,,20,1.0,0,0,0.0,0.0,0.0,0.0,1.0,0.0,0.0,0.0,0.0,0.0,0.0,0.0,0.0,,,0.0,19.1,1.0,1.0,0.0,820793.0,104.5,160.5,0.0,0.0,,24.0,LEG SPIN,56.0,REVERSE SWEEP,0.0,0.0,1,19.0,174.0,9.0,Outside Off stump,Good Length,1.0,0.0,3.0,0.0,0.0,0.0,0.0,0.0,58.763393,-3.58502452521379,8.340603256505407,-0.7489913571237672,1.879980371302856,,,,,,,10.81574939429385,0.3175659363302331,0.6195630894251755,71.17786978075303,Attacked,Missed,,0.550163269042969,0.7963943481445312,6.907969,-0.497069,,,,,,,-999.9,-999.9,-999.9,-8.840902,-0.603232,0.733581,-14.9044702681062,-10.05979953517102,-0.6264492210743858,0.7761031189069961,-0.1571136577137233,-2.224503434735982,-1.0,-1.0,NARENDRA-MODI-STADIUM-AHMEDABAD,-1.0,,R,R,R,Kolkata-Knight-Riders,Gujarat-Titans,Spin,1.0
2465,1,16.0,Kolkata Knight Riders,Cameron Green,Rashid Khan,,20,2.0,0,0,0.0,0.0,0.0,0.0,1.0,0.0,0.0,0.0,0.0,0.0,0.0,0.0,0.0,,,0.0,19.2,1.0,1.0,0.0,820794.0,104.5,160.5,0.0,0.0,,24.0,LEG SPIN,5.0,LOFTED OFF DRIVE,0.0,0.0,2,19.0,174.0,9.0,Outside Off stump,Full Length,0.0,0.0,3.0,0.0,0.0,0.0,0.0,0.0,58.40000000000003,-1.150583065118451,8.341051875444844,-0.7698336013906683,1.898700127629332,,,,,,,10.85291446229644,0.3540261777478542,0.605377441339024,65.4039984260682,Attacked,Missed,,0.754463195800781,0.7893447875976562,4.964483,-0.672873,,,,,,,-999.9,-999.9,-999.9,-8.840604,-0.791395,0.579781,-15.0179436446782,-10.0600240479187,-0.8305655882509151,0.6748808217063151,0.2368032101749356,-2.32989672606882,-1.0,-1.0,NARENDRA-MODI-STADIUM-AHMEDABAD,-1.0,,R,R,R,Kolkata-Knight-Riders,Gujarat-Titans,Spin,1.0
2465,1,16.0,Kolkata Knight Riders,Cameron Green,Rashid Khan,,20,3.0,1,1,1.0,1.0,0.0,0.0,0.0,0.0,0.0,0.0,0.0,0.0,0.0,0.0,0.0,,,0.0,19.3,1.0,1.0,0.0,820795.0,71.5,166.5,1.0,0.0,,24.0,LEG SPIN,74.0,STEP DOWN ON DRIVE,0.0,0.0,3,19.0,175.0,9.0,Leg stump,Full Length,0.0,0.0,3.0,0.0,0.0,0.0,0.0,0.0,54.30000000000002,-0.2883144183041583,8.340663203053737,-0.5674606886098633,1.941073011626741,,,,,,,11.99353217675166,0.33163802244577,0.6704740393603679,77.40730365947819,Attacked,Played,,0.746006011962891,0.6242523193359375,3.777936,0.086854,,,,,,,-7.119946,0.10002,0.202207,-8.840735,0.127266,0.494652,-15.09933386602925,-10.06010031919312,0.1467418061538104,0.65582887056345,0.2723975225755314,-1.805045316404571,-1.0,-1.0,NARENDRA-MODI-STADIUM-AHMEDABAD,-1.0,,R,R,R,Kolkata-Knight-Riders,Gujarat-Titans,Spin,1.0
2465,1,16.0,Kolkata Knight Riders,Vaibhav Arora,Rashid Khan,,20,4.0,1 (LB),1,0.0,0.0,0.0,0.0,1.0,1.0,0.0,0.0,0.0,1.0,0.0,0.0,0.0,,,0.0,19.4,1.0,1.0,1.0,820796.0,71.5,166.5,1.0,0.0,,28.0,GOOGLY,54.0,LEG GLANCE,0.0,0.0,4,19.0,176.0,9.0,Off stump,Good Length,0.0,0.0,3.0,0.0,0.0,0.0,0.0,0.0,55.76526251775086,-4.424518434993806,8.340839316047933,-0.544667512985178,1.824066067829678,,,,,,,11.71165705789326,0.366712250445458,0.6231636322933433,66.80331979945569,Attacked,Missed,,0.812919616699219,0.788818359375,8.114069,-0.195587,,,,,,,-8.797082,0.255794,0.794127,-8.84099,0.258749,0.794504,-15.50022821313438,-10.05984038954818,0.3410969319016877,0.781068896156021,-0.3337657065208045,1.922266867825666,-1.0,-1.0,NARENDRA-MODI-STADIUM-AHMEDABAD,-1.0,,R,R,R,Kolkata-Knight-Riders,Gujarat-Titans,Spin,1.0
2465,1,16.0,Kolkata Knight Riders,Cameron Green,Rashid Khan,,20,5.0,4 (BY),4,0.0,0.0,0.0,0.0,1.0,4.0,0.0,0.0,1.0,0.0,1.0,0.0,0.0,,,0.0,19.5,1.0,1.0,1.0,820797.0,71.5,166.5,4.0,0.0,,24.0,LEG SPIN,94.0,STEP DOWN LOFTED ON DRIVE,0.0,0.0,5,19.0,180.0,9.0,Outside Leg stump,Full Toss,0.0,0.0,3.0,0.0,0.0,0.0,0.0,0.0,58.93288503466998,1.876644690735808,8.340903206673811,-0.6060735174982866,1.961665329732786,,,,,,,10.37966268477113,0.260196104129063,0.5881556965137569,72.20374406415723,Attacked,Missed,,0.712760925292969,0.753021240234375,1.294041999999999,0.283814,,,,,,,-999.9,-999.9,-999.9,-8.840954,0.284228,0.052227,-15.45081397951864,-10.05983184656828,0.2909909405503988,0.2558028019646819,0.7963164503727934,-3.080467152018517,-1.0,-1.0,NARENDRA-MODI-STADIUM-AHMEDABAD,-1.0,,R,R,R,Kolkata-Knight-Riders,Gujarat-Titans,Spin,1.0
2465,1,16.0,Kolkata Knight Riders,Cameron Green,Rashid Khan,,20,6.0,0 WK,W,0.0,0.0,0.0,0.0,1.0,0.0,0.0,0.0,0.0,0.0,0.0,0.0,1.0,Caught,WICKET,1.0,19.6,1.0,1.0,0.0,820798.0,71.5,166.5,0.0,0.0,,24.0,LEG SPIN,51.0,FRONTFOOT COVERDRIVE,0.0,0.0,6,19.0,180.0,10.0,Outside Off stump,Good Length,1.0,0.0,3.0,0.0,0.0,0.0,0.0,0.0,59.304443,-2.422397178117756,8.340697117265861,-0.7499976306512486,1.911803160226567,,,,,,,10.66951727349661,0.2374246338468168,0.6240077556939901,79.85869996941685,,,,0.810951232910156,0.7716064453125,5.987437,-0.77136,,,,,,,-999.9,-999.9,-999.9,-8.841026,-0.929203,0.68104,-15.12645597861584,-10.05978505389925,-0.970239297304278,0.76253951324468,-0.6115818880349005,-1.452291670872986,-1.0,-1.0,NARENDRA-MODI-STADIUM-AHMEDABAD,-1.0,,R,R,R,Kolkata-Knight-Riders,Gujarat-Titans,Spin,1.0
2465,2,35.0,Gujarat Titans,Sai Sudharsan,Vaibhav Arora,,1,1.0,1 (LB),1,0.0,0.0,0.0,0.0,1.0,1.0,0.0,0.0,0.0,1.0,0.0,0.0,0.0,,,0.0,0.1,1.0,1.0,1.0,820805.0,,,1.0,0.0,,38.0,STRAIGHT BALL,54.0,LEG GLANCE,0.0,0.0,1,0.0,1.0,0.0,Leg stump,Good Length,1.0,0.0,0.0,0.0,0.0,0.0,0.0,0.0,79.90520690227306,-7.942890986354061,8.340789964333311,-0.4664262945896016,2.024443890642825,,,,,,,9.765038780679008,0.1836428138043454,0.6686565514869172,91.93420134260305,Attacked,Missed,,0.547428131103516,0.4916839599609375,7.724465,-0.171369,,,,,,,-7.627249,-0.208499,0.783114,-8.841002,-0.217169,0.911865,-13.4178449576363,-10.06018173866594,-0.225937281249217,1.023572379563506,-2.929200885025475,-0.4551089674818264,-1.0,-1.0,NARENDRA-MODI-STADIUM-AHMEDABAD,-1.0,,L,R,R,Gujarat-Titans,Kolkata-Knight-Riders,Seam,1.0
2465,2,35.0,Gujarat Titans,Shubman Gill,Vaibhav Arora,,1,2.0,0,0,0.0,0.0,0.0,0.0,1.0,0.0,0.0,0.0,0.0,0.0,0.0,0.0,0.0,,,0.0,0.2,1.0,1.0,0.0,820806.0,,,0.0,0.0,,42.0,OUTSWINGER,105.0,LEFT ALONE,0.0,0.0,2,0.0,1.0,0.0,Outside Off stump,Good Length,0.0,0.0,0.0,0.0,0.0,0.0,0.0,0.0,80.36946561772015,-7.142208387953953,8.340607418234914,-0.6104420439169558,2.029114983639006,,,,,,,8.175089866229245,0.1550353149857502,0.5913504374881713,83.19903412465068,Attacked,Missed,,0.535263061523438,0.5644683837890625,6.964767,-0.443447,,,,,,,-999.9,-999.9,-999.9,-8.84074,-0.540892,0.675087,-12.90849102129841,-10.0601459258586,-0.5619671049041656,0.76571593934594,-3.084665894558478,-0.1850273535736826,-1.0,-1.0,NARENDRA-MODI-STADIUM-AHMEDABAD,-1.0,,R,L,R,Gujarat-Titans,Kolkata-Knight-Riders,Seam,1.0
2465,2,35.0,Gujarat Titans,Shubman Gill,Vaibhav Arora,,1,3.0,2,2,2.0,0.0,1.0,0.0,0.0,0.0,0.0,0.0,0.0,0.0,0.0,0.0,0.0,,,0.0,0.3,1.0,1.0,0.0,820808.0,147.5,62.5,2.0,0.0,,41.0,INSWINGER,40.0,FRONTFOOT FLICK,0.0,0.0,3,0.0,3.0,0.0,Outside Off stump,Good Length,0.0,0.0,0.0,0.0,0.0,0.0,0.0,0.0,79.3763312309444,-5.66581349921738,8.340423240277847,-0.8382000908457877,2.02890111347292,,,,,,,9.377964046339176,0.2114138458011665,0.6888786670474419,92.19041547699965,Attacked,Played,,0.545448303222656,0.4869461059570313,5.665753,-0.262413,,,,,,,-7.598007,-0.015614,0.496332,-8.840788,0.081301,0.646649,-12.45396452877253,-10.05992502637257,0.1770241500360274,0.7760160832988265,3.156402998410958,0.129943223396495,-1.0,-1.0,NARENDRA-MODI-STADIUM-AHMEDABAD,-1.0,,R,L,R,Gujarat-Titans,Kolkata-Knight-Riders,Seam,1.0
2465,2,35.0,Gujarat Titans,Shubman Gill,Vaibhav Arora,,1,4.0,4,4,4.0,0.0,0.0,0.0,0.0,0.0,0.0,0.0,0.0,0.0,1.0,0.0,0.0,,,0.0,0.4,1.0,1.0,0.0,820809.0,-187.0,125.0,4.0,0.0,,41.0,INSWINGER,51.0,FRONTFOOT COVERDRIVE,0.0,0.0,4,0.0,7.0,0.0,Outside Off stump,Good Length,0.0,0.0,0.0,0.0,0.0,0.0,0.0,0.0,83.55466286154058,-7.210006760593025,8.340554351321774,-0.9213696703219456,2.005489368451157,,,,,,,7.4572656647709,0.1820873759477357,0.5661003775100831,76.7063190317389,Attacked,Played,,0.518280029296875,0.4527740478515625,6.752131,-0.603046,,,,,,,-7.246436,-0.387477,0.465071,-8.841094,-0.29888,0.597482,-12.24036631383575,-10.0596830795038,-0.2306522295843029,0.680460363428445,3.023290889379659,-0.0398559828154128,-1.0,-1.0,NARENDRA-MODI-STADIUM-AHMEDABAD,-1.0,,R,L,R,Gujarat-Titans,Kolkata-Knight-Riders,Seam,1.0
2465,2,35.0,Gujarat Titans,Shubman Gill,Vaibhav Arora,,1,5.0,1,1,1.0,1.0,0.0,0.0,0.0,0.0,0.0,0.0,0.0,0.0,0.0,0.0,0.0,,,0.0,0.5,1.0,1.0,0.0,820812.0,133.5,-59.0,1.0,0.0,,39.0,ANGLED IN,40.0,FRONTFOOT FLICK,0.0,0.0,5,0.0,8.0,0.0,Off stump,Good Length,0.0,0.0,0.0,0.0,0.0,0.0,0.0,0.0,81.34154482461987,-7.998715499917732,8.340861305435709,-0.8223911469328744,2.0193776058407,,,,,,,8.796146525552968,0.1675262388507204,0.6398579044182383,89.22606177766372,Attacked,Played,,0.534713745117188,0.4993743896484375,7.455983,-0.065852,,,,,,,-8.236415,0.372747,0.733333,-8.840793,0.420614,0.78892,-12.78620167434124,-10.05999449154502,0.5176630112898256,0.8886020009764588,1.63080022476609,-0.4137446431205177,-1.0,-1.0,NARENDRA-MODI-STADIUM-AHMEDABAD,-1.0,,R,L,R,Gujarat-Titans,Kolkata-Knight-Riders,Seam,1.0
2465,2,35.0,Gujarat Titans,Sai Sudharsan,Vaibhav Arora,,1,6.0,1,1,1.0,1.0,0.0,0.0,0.0,0.0,0.0,0.0,0.0,0.0,0.0,0.0,0.0,,,0.0,0.6,1.0,1.0,0.0,820815.0,-141.5,-47.0,1.0,0.0,,41.0,INSWINGER,40.0,FRONTFOOT FLICK,0.0,0.0,6,0.0,9.0,0.0,Outside Leg stump,Good Length,0.0,0.0,0.0,0.0,0.0,0.0,0.0,0.0,82.53384947700661,-7.608988213255787,8.340760668607707,-0.7761342197180608,2.024699966536068,,,,,,,7.982418356866371,0.183545861794978,0.6053054767996997,82.44123534045715,Attacked,Played,,0.524253845214844,0.4831466674804688,6.897043,-0.523544,,,,,,,-8.047775,-0.235474,0.592437,-8.840476,-0.188,0.660418,-12.23216627293185,-10.0603357383263,-0.1145362246466881,0.7516876646530475,3.142409913192132,0.436925779990988,-1.0,-1.0,NARENDRA-MODI-STADIUM-AHMEDABAD,-1.0,,L,R,R,Gujarat-Titans,Kolkata-Knight-Riders,Seam,1.0
2465,2,35.0,Gujarat Titans,Sai Sudharsan,Kartik Tyagi,,2,1.0,0,0,0.0,0.0,0.0,0.0,1.0,0.0,0.0,0.0,0.0,0.0,0.0,0.0,0.0,,,0.0,1.1,1.0,1.0,0.0,820818.0,-42.0,105.0,0.0,0.0,,38.0,STRAIGHT BALL,53.0,FRONTFOOT STRAIGHT DRIVE,0.0,0.0,1,1.0,9.0,0.0,Leg stump,Full Toss,1.0,0.0,0.0,0.0,0.0,0.0,0.0,0.0,89.88842208016102,-2.232051823533458,8.341162118019927,-0.3270061219353301,2.003683526340032,,,,,,,6.363541964331647,0.1859379227201349,0.65,88.90620772798653,Attacked,Played,,0.465808868408203,0.4327468872070313,-1.960538,0.062939,,,,,,,-8.182164,0.097372,0.607649,-8.8406,0.095491,0.516984,-9.257581470149114,-10.06005035593711,0.087670155907243,0.341031749297803,-3.80589548613294,0.0,-1.0,-1.0,NARENDRA-MODI-STADIUM-AHMEDABAD,-1.0,,L,R,R,Gujarat-Titans,Kolkata-Knight-Riders,Seam,1.0
2465,2,35.0,Gujarat Titans,Sai Sudharsan,Kartik Tyagi,,2,2.0,0,0,0.0,0.0,0.0,0.0,1.0,0.0,0.0,0.0,0.0,0.0,0.0,0.0,0.0,,,0.0,1.2,1.0,1.0,0.0,820819.0,53.5,110.0,0.0,0.0,,38.0,STRAIGHT BALL,49.0,FORWARD DEFENCE,0.0,0.0,2,1.0,9.0,0.0,Leg stump,Good Length,0.0,0.0,0.0,0.0,0.0,0.0,0.0,0.0,90.1267951035732,-7.805610297697775,8.340630287751686,-0.3384952276762232,1.872101000112598,,,,,,,7.491735348879129,0.149244683181036,0.6244017361604877,88.73579210596955,Defended,Played,,0.482894897460938,0.4548797607421875,7.410332,-0.044975,,,,,,,-8.442205,0.136544,0.654809,-8.84094,0.149248,0.687255,-11.32889966332447,-10.05969722547204,0.1882500092535132,0.7776977963846317,-0.3490669335660634,0.4200466023737399,-1.0,-1.0,NARENDRA-MODI-STADIUM-AHMEDABAD,-1.0,,L,R,R,Gujarat-Titans,Kolkata-Knight-Riders,Seam,1.0
2465,2,35.0,Gujarat Titans,Sai Sudharsan,Kartik Tyagi,,2,3.0,3,3,3.0,0.0,0.0,1.0,0.0,0.0,0.0,0.0,0.0,0.0,0.0,0.0,0.0,,,0.0,1.3,1.0,1.0,0.0,820822.0,-165.0,89.0,3.0,0.0,,38.0,STRAIGHT BALL,40.0,FRONTFOOT FLICK,0.0,0.0,3,1.0,12.0,0.0,Off stump,Yorker,0.0,0.0,0.0,0.0,0.0,0.0,0.0,0.0,93.43105661720088,-4.802012905849548,8.34061239351276,-0.3850596157283042,1.962880272348797,,,,,,,6.23427391845808,0.0400404232464265,0.6516627081224057,103.7453638937182,Attacked,Played,,0.450485229492188,0.4251594543457031,2.660575,0.009804,,,,,,,-8.309864,0.030027,0.127774,-8.841146,0.041872,0.1812,-9.415291415681818,-10.06031630637222,0.0691740440163174,0.2957932720057322,0.4021846489307628,-0.3784807605440409,-1.0,-1.0,NARENDRA-MODI-STADIUM-AHMEDABAD,-1.0,,L,R,R,Gujarat-Titans,Kolkata-Knight-Riders,Seam,1.0
2465,2,35.0,Gujarat Titans,Shubman Gill,Kartik Tyagi,,2,4.0,0,0,0.0,0.0,0.0,0.0,1.0,0.0,0.0,0.0,0.0,0.0,0.0,0.0,0.0,,,0.0,1.4,1.0,1.0,0.0,820825.0,-67.5,37.5,0.0,0.0,,38.0,STRAIGHT BALL,51.0,FRONTFOOT COVERDRIVE,0.0,0.0,4,1.0,12.0,0.0,Outside Off stump,Good Length,0.0,0.0,0.0,0.0,0.0,0.0,0.0,0.0,92.5268587128856,-6.74758497979326,8.340424616892761,-0.4709445197506082,1.926254121500637,,,,,,,6.81835714067077,0.1513762139475806,0.6225185707165322,88.24016421272178,Attacked,Played,,0.462753295898438,0.4405174255371094,5.756623,-0.359418,,,,,,,-8.482097,-0.325358,0.467564,-8.841101,-0.322397,0.498058,-10.39400227006278,-10.06005272298519,-0.3122980684674733,0.593616734332767,0.3667555376602755,-0.2350192015889341,-1.0,-1.0,NARENDRA-MODI-STADIUM-AHMEDABAD,-1.0,,R,L,R,Gujarat-Titans,Kolkata-Knight-Riders,Seam,1.0
2465,2,35.0,Gujarat Titans,Shubman Gill,Kartik Tyagi,,2,5.0,4,4,4.0,0.0,0.0,0.0,0.0,0.0,0.0,0.0,0.0,0.0,1.0,0.0,0.0,,,0.0,1.5,1.0,1.0,0.0,820827.0,-164.0,136.5,4.0,0.0,,38.0,STRAIGHT BALL,51.0,FRONTFOOT COVERDRIVE,0.0,0.0,5,1.0,16.0,0.0,Outside Off stump,Good Length,0.0,0.0,0.0,0.0,0.0,0.0,0.0,0.0,88.83938732676476,-8.42909816684981,8.340584247206966,-0.6359118654416589,1.930167615594212,,,,,,,7.739042797892397,0.1571528821687212,0.6156664062036435,86.63467271367442,Attacked,Played,,0.489864349365234,0.4526824951171875,7.721365,-0.673775,,,,,,,-8.093838,-0.6879,0.675749,-8.841169,-0.689767,0.737552,-11.80598174695143,-10.0600913402861,-0.6928274928593746,0.8273189398416159,0.372464185000487,-0.1290195527293681,-1.0,-1.0,NARENDRA-MODI-STADIUM-AHMEDABAD,-1.0,,R,L,R,Gujarat-Titans,Kolkata-Knight-Riders,Seam,1.0
2465,2,35.0,Gujarat Titans,Shubman Gill,Kartik Tyagi,,2,6.0,4,4,4.0,0.0,0.0,0.0,0.0,0.0,0.0,0.0,0.0,0.0,1.0,0.0,0.0,,,0.0,1.6,1.0,1.0,0.0,820828.0,-27.5,226.5,4.0,0.0,,42.0,OUTSWINGER,53.0,FRONTFOOT STRAIGHT DRIVE,0.0,0.0,6,1.0,20.0,0.0,Outside Off stump,Full Length,0.0,0.0,0.0,0.0,0.0,0.0,0.0,0.0,88.59648062185285,-6.241255942091191,8.340826236047633,-0.381926923314699,1.915429062924959,,,,,,,6.191655577473361,0.1263081702407571,0.5752121817528325,83.65101023884917,Attacked,Played,,0.481246948242188,0.4401626586914063,5.326611,-0.241069,,,,,,,-8.311301,-0.206344,0.37023,-8.840653,-0.201151,0.411179,-10.30360294685051,-10.06005403400632,-0.1891324355632563,0.4965269340243398,0.4894716034174273,-0.3223547970172719,-1.0,-1.0,NARENDRA-MODI-STADIUM-AHMEDABAD,-1.0,,R,L,R,Gujarat-Titans,Kolkata-Knight-Riders,Seam,1.0
2465,2,35.0,Gujarat Titans,Sai Sudharsan,Anukul Roy,,3,1.0,1,1,1.0,1.0,0.0,0.0,0.0,0.0,0.0,0.0,0.0,0.0,0.0,0.0,0.0,,,0.0,2.1,1.0,1.0,0.0,820832.0,-160.0,57.5,1.0,0.0,,10.0,ORTHODOX,40.0,FRONTFOOT FLICK,0.0,0.0,1,2.0,21.0,0.0,Leg stump,Full Length,1.0,0.0,0.0,0.0,0.0,0.0,0.0,0.0,57.99330806254265,-1.602845506459762,8.341069758614577,-0.7603809672033589,2.127498289660597,,,,,,,9.245790865003793,0.1927324457193945,0.5713168917787445,76.42428919487222,Attacked,Played,,0.740695953369141,0.6646499633789062,3.340439,-0.272209,,,,,,,-7.867002,-0.23095,0.206372,-8.841,-0.195724,0.329295,-14.7118341976279,-10.06015090010816,-0.1513655985222521,0.4525537810787994,2.66609209458398,-1.206762064599467,-1.0,-1.0,NARENDRA-MODI-STADIUM-AHMEDABAD,-1.0,,L,R,L,Gujarat-Titans,Kolkata-Knight-Riders,Spin,1.0
2465,2,35.0,Gujarat Titans,Shubman Gill,Anukul Roy,,3,2.0,6,6,6.0,0.0,0.0,0.0,0.0,0.0,0.0,0.0,0.0,0.0,0.0,1.0,0.0,,,0.0,2.2,1.0,1.0,0.0,820835.0,-196.0,94.0,6.0,0.0,,10.0,ORTHODOX,114.0,STEP DOWN LOFTED COVER DRIVE,0.0,0.0,2,2.0,27.0,0.0,Outside Off stump,Good Length,0.0,0.0,0.0,0.0,0.0,0.0,0.0,0.0,58.02081679406231,-3.706797343080797,8.340738590285007,-0.8822999114657215,2.090450099134613,,,,,,,10.30181674103541,0.29856230535068,0.5958315890169622,69.51850781747632,Attacked,Played,,0.745285034179688,0.6464881896972656,5.586269,-0.385778,,,,,,,-7.078101,-0.356398,0.417074,-8.840984,-0.336258,0.585428,-14.92887917258029,-10.06017102366646,-0.3222074359221972,0.6549323617157925,0.8498552064003622,-2.020569158536249,-1.0,-1.0,NARENDRA-MODI-STADIUM-AHMEDABAD,-1.0,,R,L,L,Gujarat-Titans,Kolkata-Knight-Riders,Spin,1.0
2465,2,35.0,Gujarat Titans,Shubman Gill,Anukul Roy,,3,3.0,1,1,1.0,1.0,0.0,0.0,0.0,0.0,0.0,0.0,0.0,0.0,0.0,0.0,0.0,,,0.0,2.3,1.0,1.0,0.0,820837.0,-93.5,146.0,1.0,0.0,,10.0,ORTHODOX,84.0,FRONTFOOT OFF DRIVE,0.0,0.0,3,2.0,28.0,0.0,Off stump,Yorker,0.0,0.0,0.0,0.0,0.0,0.0,0.0,0.0,54.69375386866287,-1.003573626235134,8.340539162232332,-0.808323281967723,2.111347267899407,,,,,,,11.52219336320963,0.2933249326919431,0.7007428114884406,85.77892845407179,Attacked,Played,,0.785888671875,0.658721923828125,2.284743000000001,-0.092885,,,,,,,-8.145015,-0.093044,0.101814,-8.840771,-0.093343,0.232067,-14.28243444870427,-10.05977212999135,-0.093872103895291,0.432622470865286,2.162922487226543,-3.70720186202604,-1.0,-1.0,NARENDRA-MODI-STADIUM-AHMEDABAD,-1.0,,R,L,L,Gujarat-Titans,Kolkata-Knight-Riders,Spin,1.0
2465,2,35.0,Gujarat Titans,Sai Sudharsan,Anukul Roy,,3,4.0,6,6,6.0,0.0,0.0,0.0,0.0,0.0,0.0,0.0,0.0,0.0,0.0,1.0,0.0,,,0.0,2.4,1.0,1.0,0.0,820838.0,-137.0,-106.5,6.0,0.0,,10.0,ORTHODOX,95.0,SLOG SWEEP,0.0,0.0,4,2.0,34.0,0.0,Outside Leg stump,Full Length,0.0,0.0,0.0,0.0,0.0,0.0,0.0,0.0,58.97253935339207,-3.82357376638729,8.340634718286775,-0.7477409440262128,2.086165561924315,,,,,,,9.53830917251216,0.1784496406909832,0.6008244743131721,82.27870707787751,Attacked,Played,,0.729812622070312,0.6564903259277344,5.433044,-0.622483,,,,,,,-7.620197,-0.576975,0.447405,-8.840831,-0.557507,0.562446,-14.52328847236305,-10.05998207330675,-0.5374908787984398,0.6412706583691821,2.004383775394063,-0.7600403865983771,-1.0,-1.0,NARENDRA-MODI-STADIUM-AHMEDABAD,-1.0,,L,R,L,Gujarat-Titans,Kolkata-Knight-Riders,Spin,1.0
2465,2,35.0,Gujarat Titans,Sai Sudharsan,Anukul Roy,,3,5.0,0,0,0.0,0.0,0.0,0.0,1.0,0.0,0.0,0.0,0.0,0.0,0.0,0.0,0.0,,,0.0,2.5,1.0,1.0,0.0,820840.0,84.0,-8.5,0.0,0.0,,10.0,ORTHODOX,36.0,CUT SHOT,0.0,0.0,5,2.0,34.0,0.0,Outside Off stump,Good Length,0.0,0.0,0.0,0.0,0.0,0.0,0.0,0.0,60.84675042498243,-4.23168968080489,8.340528050954298,-0.6697827016344777,2.066350367744209,,,,,,,9.448917626820768,0.232747428041573,0.6095280745853181,78.15446838364042,Defended,Edged,,0.720268249511719,0.7136764526367188,5.44929,0.401218,,,,,,,-9.103445,0.722132,0.582251,-8.840783,0.702422,0.562169,-13.93525099752795,-10.06010036744085,0.7950042410342724,0.6409417912153308,0.499892316872964,-1.104665569223623,-1.0,-1.0,NARENDRA-MODI-STADIUM-AHMEDABAD,-1.0,,L,R,L,Gujarat-Titans,Kolkata-Knight-Riders,Spin,1.0
2465,2,35.0,Gujarat Titans,Sai Sudharsan,Anukul Roy,,3,6.0,6,6,6.0,0.0,0.0,0.0,0.0,0.0,0.0,0.0,0.0,0.0,0.0,1.0,0.0,,,0.0,2.6,1.0,1.0,0.0,820842.0,-190.0,83.5,6.0,0.0,,10.0,ORTHODOX,11.0,LOFTED ON DRIVE,0.0,0.0,6,2.0,40.0,0.0,Off stump,Full Length,0.0,0.0,0.0,0.0,0.0,0.0,0.0,0.0,60.74826864635394,-2.540657009132408,8.340966447738161,-0.710543064454027,2.095674377946451,,,,,,,9.42565792309232,0.2150802729612721,0.6063991456605636,79.45184455295734,Attacked,Played,,0.708663940429688,0.62713623046875,3.957182,-0.159531,,,,,,,-7.553548,-0.094594,0.265728,-8.840878,-0.035164,0.428005,-14.05117217821868,-10.06021654880568,0.0227926560196813,0.5489417514824747,1.953258573219302,-0.6879839318527746,-1.0,-1.0,NARENDRA-MODI-STADIUM-AHMEDABAD,-1.0,,L,R,L,Gujarat-Titans,Kolkata-Knight-Riders,Spin,1.0
2465,2,35.0,Gujarat Titans,Shubman Gill,Sunil Narine,,4,1.0,1,1,1.0,1.0,0.0,0.0,0.0,0.0,0.0,0.0,0.0,0.0,0.0,0.0,0.0,,,0.0,3.1,1.0,1.0,0.0,820844.0,69.0,144.5,1.0,0.0,,25.0,OFF SPIN,47.0,FRONTFOOT ON DRIVE,0.0,0.0,1,3.0,41.0,0.0,Outside Off stump,Good Length,1.0,0.0,0.0,0.0,0.0,0.0,0.0,0.0,58.45446345333024,-3.441800227568069,8.340770671732319,-0.8551071532856618,2.11689235807359,,,,,,,9.300827129774222,0.0812061323024143,0.5771000922518483,88.44440060753583,Attacked,Played,,0.734001159667969,0.6618118286132812,5.539613,-0.400141,,,,,,,-7.718447,-0.245251,0.464483,-8.841012,-0.18826,0.56721,-15.30491273861446,-10.06016549908245,-0.1246901656905968,0.6463502855217911,-0.6325366096671684,0.9866695180349926,-1.0,-1.0,NARENDRA-MODI-STADIUM-AHMEDABAD,-1.0,,R,L,R,Gujarat-Titans,Kolkata-Knight-Riders,Spin,1.0
2465,2,35.0,Gujarat Titans,Sai Sudharsan,Sunil Narine,,4,2.0,0,0,0.0,0.0,0.0,0.0,1.0,0.0,0.0,0.0,0.0,0.0,0.0,0.0,0.0,,,0.0,3.2,1.0,1.0,0.0,820847.0,73.5,-3.5,0.0,0.0,,25.0,OFF SPIN,27.0,FORWARD PUSH,0.0,0.0,2,3.0,41.0,0.0,Off stump,Full Length,0.0,0.0,0.0,0.0,0.0,0.0,0.0,0.0,54.99758159555909,-2.206309849881783,8.340667879134067,-0.7555289153112523,2.132849686478342,,,,,,,11.07200047245735,0.1031770650107477,0.6301066768779513,94.19829503061791,Defended,Played,,0.779434204101562,0.6981925964355469,5.316217,-0.074016,,,,,,,-7.591717,0.128941,0.503303,-8.840994,0.222092,0.651829,-16.426945091442,-10.05980831043021,0.31559483660735,0.7576470573297969,-0.3387270195183669,1.151307289770218,-1.0,-1.0,NARENDRA-MODI-STADIUM-AHMEDABAD,-1.0,,L,R,R,Gujarat-Titans,Kolkata-Knight-Riders,Spin,1.0
2465,2,35.0,Gujarat Titans,Sai Sudharsan,Sunil Narine,,4,3.0,4,4,4.0,0.0,0.0,0.0,0.0,0.0,0.0,0.0,0.0,0.0,1.0,0.0,0.0,,,0.0,3.3,1.0,1.0,0.0,820848.0,-194.5,64.0,4.0,0.0,,25.0,OFF SPIN,58.0,BACKFOOT PULL SHOT,0.0,0.0,3,3.0,45.0,0.0,Outside Leg stump,Short of Good Length,0.0,0.0,0.0,0.0,0.0,0.0,0.0,0.0,58.45170063071181,-6.400594060414827,8.340570319471535,-0.664636540221449,2.059208993087462,,,,,,,11.03875066291513,0.1567437173346855,0.6030280565080809,84.77983674274358,Attacked,Played,,0.764328002929688,0.7139511108398438,8.421329,-0.044101,,,,,,,-8.138791,0.042089,0.880881,-8.840589,0.052225,0.911164,-16.67914106984776,-10.05986094790764,0.070275508254157,0.9292300806346876,-0.7792483885633322,-2.447382053042751,-1.0,-1.0,NARENDRA-MODI-STADIUM-AHMEDABAD,-1.0,,L,R,R,Gujarat-Titans,Kolkata-Knight-Riders,Spin,1.0
2465,2,35.0,Gujarat Titans,Sai Sudharsan,Sunil Narine,,4,4.0,0,0,0.0,0.0,0.0,0.0,1.0,0.0,0.0,0.0,0.0,0.0,0.0,0.0,0.0,,,0.0,3.4,1.0,1.0,0.0,820849.0,-194.5,64.0,0.0,0.0,,25.0,OFF SPIN,54.0,LEG GLANCE,0.0,0.0,4,3.0,45.0,0.0,Outside Leg stump,Good Length,0.0,0.0,0.0,0.0,0.0,0.0,0.0,0.0,58.77249245699592,-2.490213494936678,8.340678329381895,-0.652107409358893,2.1006044396096,,,,,,,9.90541630425537,0.1699988475648317,0.5687080221228501,78.30631856194435,Attacked,Missed,,0.738784790039062,0.7213897705078125,5.320579,-0.144864,,,,,,,-8.900749,-0.180962,0.586895,-8.840633,-0.180415,0.581614,-15.84821918487902,-10.05980523180073,-0.1916537845599474,0.6710456106980824,-1.741534465914896,-1.780411896318858,-1.0,-1.0,NARENDRA-MODI-STADIUM-AHMEDABAD,-1.0,,L,R,R,Gujarat-Titans,Kolkata-Knight-Riders,Spin,1.0
2465,2,35.0,Gujarat Titans,Sai Sudharsan,Sunil Narine,,4,5.0,0,0,0.0,0.0,0.0,0.0,1.0,0.0,0.0,0.0,0.0,0.0,0.0,0.0,0.0,,,0.0,3.5,1.0,1.0,0.0,820850.0,99.5,46.0,0.0,0.0,,25.0,OFF SPIN,52.0,BACKFOOT COVERDRIVE,0.0,0.0,5,3.0,45.0,0.0,Outside Leg stump,Good Length,0.0,0.0,0.0,0.0,0.0,0.0,0.0,0.0,54.7464128248381,-5.001107027492418,8.340871028446077,-0.8344666054726996,2.109429306130534,,,,,,,10.36459127406303,0.0292464747715584,0.5987875366096431,96.89348301429062,Attacked,Played,,0.772991180419922,0.7666854858398438,7.470425,-0.202962,,,,,,,-8.779526,0.282818,0.768488,-8.840981,0.287984,0.77121,-16.74207272291904,-10.06019501300843,0.3920195442146573,0.8031837993946239,-0.1946741808283016,0.996515324821233,-1.0,-1.0,NARENDRA-MODI-STADIUM-AHMEDABAD,-1.0,,L,R,R,Gujarat-Titans,Kolkata-Knight-Riders,Spin,1.0
2465,2,35.0,Gujarat Titans,Sai Sudharsan,Sunil Narine,,4,6.0,0,0,0.0,0.0,0.0,0.0,1.0,0.0,0.0,0.0,0.0,0.0,0.0,0.0,0.0,,,0.0,3.6,1.0,1.0,0.0,820852.0,-91.5,46.0,0.0,0.0,,25.0,OFF SPIN,97.0,BACKFOOT PUSH,0.0,0.0,6,3.0,45.0,0.0,Outside Leg stump,Good Length,0.0,0.0,0.0,0.0,0.0,0.0,0.0,0.0,57.67841531845727,-3.858030167921404,8.340773989862392,-0.6832662657868626,2.070151202448353,,,,,,,10.57327339356486,0.1515117868438911,0.599257341318091,84.73742251332455,Attacked,Played,,0.753284454345703,0.724090576171875,6.699056,-0.147678,,,,,,,-8.497591,-0.160038,0.724059,-8.841002,-0.160918,0.748172,-16.15839719157595,-10.06015674895991,-0.1641038850886002,0.8077048269958118,-1.976715386894809,-1.717392718462024,-1.0,-1.0,NARENDRA-MODI-STADIUM-AHMEDABAD,-1.0,,L,R,R,Gujarat-Titans,Kolkata-Knight-Riders,Spin,1.0
2465,2,35.0,Gujarat Titans,Shubman Gill,Vaibhav Arora,,5,1.0,0,0,0.0,0.0,0.0,0.0,1.0,0.0,0.0,0.0,0.0,0.0,0.0,0.0,0.0,,,0.0,4.1,1.0,1.0,0.0,820854.0,-91.5,46.0,0.0,0.0,,42.0,OUTSWINGER,114.0,STEP DOWN LOFTED COVER DRIVE,0.0,0.0,1,4.0,45.0,0.0,Leg stump,Short of Good Length,1.0,0.0,0.0,0.0,0.0,0.0,0.0,0.0,81.620305,-9.129287544480666,8.340603716917943,-0.7629023838978495,2.012429794057741,,,,,,,9.479699252124574,0.1936718762301194,0.6316144847158183,85.3749850843608,Attacked,Missed,,0.785888671875,0.5696754455566406,8.501383,-0.135525,,,,,,,-999.9,-999.9,-999.9,-8.840843,0.149279,0.961194,-13.74074118036852,-10.06010898785591,0.1986171338558262,1.060779935118411,1.400343767054018,-2.17389481430311,-1.0,-1.0,NARENDRA-MODI-STADIUM-AHMEDABAD,-1.0,,R,L,R,Gujarat-Titans,Kolkata-Knight-Riders,Seam,1.0
2465,2,35.0,Gujarat Titans,Shubman Gill,Vaibhav Arora,,5,2.0,6,6,6.0,0.0,0.0,0.0,0.0,0.0,0.0,0.0,0.0,0.0,0.0,1.0,0.0,,,0.0,4.2,1.0,1.0,0.0,820857.0,4.0,226.0,6.0,0.0,,47.0,SLOWER BALL,13.0,LOFTED STRAIGHT,0.0,0.0,2,4.0,51.0,0.0,Outside Off stump,Full Length,0.0,1.0,1.0,0.0,1.0,0.0,0.0,0.0,67.18905589927962,-4.14758271989918,8.340597279113439,-0.7432783353046455,2.042396086256855,,,,,,,8.043948618037062,0.0848682192528766,0.5710386847330013,87.16898078466254,Attacked,Played,,0.636978149414062,0.5945320129394531,5.226989,-0.291326,,,,,,,-8.209423,-0.172675,0.439359,-8.840861,-0.1495,0.495766,-13.47043140556728,-10.06010248471351,-0.1038048169481442,0.5860302260760323,-0.7938250171164315,0.3943830093808718,-1.0,-1.0,NARENDRA-MODI-STADIUM-AHMEDABAD,-1.0,,R,L,R,Gujarat-Titans,Kolkata-Knight-Riders,Seam,1.0
2465,2,35.0,Gujarat Titans,Shubman Gill,Vaibhav Arora,,5,3.0,1,1,1.0,1.0,0.0,0.0,0.0,0.0,0.0,0.0,0.0,0.0,0.0,0.0,0.0,,,0.0,4.3,1.0,1.0,0.0,820859.0,137.5,64.5,1.0,0.0,,39.0,ANGLED IN,47.0,FRONTFOOT ON DRIVE,0.0,0.0,3,4.0,52.0,0.0,Off stump,Full Length,0.0,0.0,1.0,0.0,0.0,0.0,0.0,0.0,82.19903930844653,-10.51739811628239,8.340415511733823,-0.7995639519297232,1.997886569279675,,,,,,,9.491278879994626,0.0373866074410055,0.6449950077827811,103.0105904233166,Attacked,Edged,,0.537609100341797,0.4849662780761719,9.390731,0.051658,,,,,,,-7.630017,0.702425,0.949087,-8.840852,0.819971,1.052074,-14.32964138099024,-10.06008478868296,0.9396807962316044,1.133848412478665,0.8919798701452704,-0.6820731369856244,-1.0,-1.0,NARENDRA-MODI-STADIUM-AHMEDABAD,-1.0,,R,L,R,Gujarat-Titans,Kolkata-Knight-Riders,Seam,1.0
2465,2,35.0,Gujarat Titans,Sai Sudharsan,Vaibhav Arora,,5,4.0,1,1,1.0,1.0,0.0,0.0,0.0,0.0,0.0,0.0,0.0,0.0,0.0,0.0,0.0,,,0.0,4.4,1.0,1.0,0.0,820861.0,28.5,114.5,1.0,0.0,,30.0,ANGLED ACROSS,58.0,BACKFOOT PULL SHOT,0.0,0.0,4,4.0,53.0,0.0,Outside Leg stump,Short of Good Length,0.0,0.0,1.0,0.0,0.0,0.0,0.0,0.0,83.56109667613744,-10.39070727790758,8.340592528072087,-0.7471215227994593,2.007556612835923,,,,,,,8.999696360926134,0.0939302546133448,0.6271258590374298,94.67585339428,Attacked,Edged,,0.5225830078125,0.50189208984375,9.086605,-0.146629,,,,,,,-8.626673,0.378445,0.97483,-8.840672,0.393577,0.993083,-13.66967691234628,-10.06015061018267,0.4802984565695437,1.087991430408582,0.4534948181033319,-0.1092968263092597,-1.0,-1.0,NARENDRA-MODI-STADIUM-AHMEDABAD,-1.0,,L,R,R,Gujarat-Titans,Kolkata-Knight-Riders,Seam,1.0
2465,2,35.0,Gujarat Titans,Shubman Gill,Vaibhav Arora,,5,5.0,0,0,0.0,0.0,0.0,0.0,1.0,0.0,0.0,0.0,0.0,0.0,0.0,0.0,0.0,,,0.0,4.5,1.0,1.0,0.0,820863.0,43.0,-57.5,0.0,0.0,,39.0,ANGLED IN,58.0,BACKFOOT PULL SHOT,0.0,0.0,5,4.0,53.0,0.0,Outside Off stump,Short of Good Length,0.0,0.0,1.0,0.0,0.0,0.0,0.0,0.0,81.07901193177152,-10.43168293699965,8.340537769835343,-0.809356381248351,1.996129921949663,,,,,,,9.873888530501768,0.10692895919573,0.6734757773060895,100.3284706763404,Attacked,Edged,,0.540618896484375,0.5056915283203125,9.230343,-0.172281,,,,,,,-8.214234,0.383964,1.047316,-8.841086,0.432668,1.107721,-13.88041113088051,-10.06009483881712,0.528078308141599,1.212595051727852,0.7732393258844571,-0.1839969749671183,-1.0,-1.0,NARENDRA-MODI-STADIUM-AHMEDABAD,-1.0,,R,L,R,Gujarat-Titans,Kolkata-Knight-Riders,Seam,1.0
2465,2,35.0,Gujarat Titans,Shubman Gill,Vaibhav Arora,,5,6.0,4,4,4.0,0.0,0.0,0.0,0.0,0.0,0.0,0.0,0.0,0.0,1.0,0.0,0.0,,,0.0,4.6,1.0,1.0,0.0,820864.0,151.0,-75.5,4.0,0.0,,38.0,STRAIGHT BALL,58.0,BACKFOOT PULL SHOT,0.0,0.0,6,4.0,57.0,0.0,Outside Off stump,Short Length,0.0,0.0,1.0,0.0,0.0,0.0,0.0,0.0,79.606112894129,-13.12052166985939,8.34071041226554,-0.7867085535701374,2.011474607661424,,,,,,,9.97113096983744,0.0768818339403408,0.5885624184433814,90.59617937247316,Attacked,Edged,,0.530914306640625,0.514617919921875,10.802824,-0.426185,,,,,,,-8.07684,0.054217,1.197554,-8.841067,0.097413,1.258597,-16.07823485738614,-10.06020318081811,0.1668675141336592,1.341750326727224,0.7034261924683753,-0.0624855482705047,-1.0,-1.0,NARENDRA-MODI-STADIUM-AHMEDABAD,-1.0,,R,L,R,Gujarat-Titans,Kolkata-Knight-Riders,Seam,1.0
2465,2,35.0,Gujarat Titans,Sai Sudharsan,Sunil Narine,,6,1.0,0 WK,W,0.0,0.0,0.0,0.0,1.0,0.0,0.0,0.0,0.0,0.0,0.0,0.0,1.0,Caught,WICKET,1.0,5.1,1.0,1.0,0.0,820867.0,-47.0,-64.0,0.0,0.0,,25.0,OFF SPIN,95.0,SLOG SWEEP,0.0,0.0,1,5.0,57.0,1.0,Outside Leg stump,Good Length,1.0,0.0,1.0,0.0,0.0,0.0,0.0,0.0,55.44703090495933,-3.757480372008127,8.340777101218968,-0.7221187438272648,2.126696686316597,,,,,,,11.68069480081495,0.13890249427066,0.6538514423386994,94.18746692373892,,,,0.771514892578125,0.7119140625,6.424605,-0.615369,,,,,,,-7.786146,-0.459846,0.701924,-8.840847,-0.41132,0.806627,-16.41735627314914,-10.06008405464279,-0.3500227060059047,0.888499143668438,-0.3198324182670037,1.452364361676898,-1.0,-1.0,NARENDRA-MODI-STADIUM-AHMEDABAD,-1.0,,L,R,R,Gujarat-Titans,Kolkata-Knight-Riders,Spin,1.0
2465,2,35.0,Gujarat Titans,Jos Buttler,Sunil Narine,,6,2.0,4,4,4.0,0.0,0.0,0.0,0.0,0.0,0.0,0.0,0.0,0.0,1.0,0.0,0.0,,,0.0,5.2,1.0,1.0,0.0,820872.0,-182.0,103.0,4.0,0.0,,25.0,OFF SPIN,15.0,LOFTED COVER DRIVE,0.0,0.0,2,5.0,61.0,1.0,Outside Off stump,Full Length,2.0,0.0,1.0,0.0,0.0,0.0,0.0,0.0,60.81009002514001,-1.826421468458386,8.34062352111749,-0.7518693886220593,2.103487109404536,,,,,,,10.12461793504448,0.2270009276824559,0.5892915991312295,75.69364710143886,Attacked,Played,,0.708045959472656,0.6484336853027344,4.215817,-0.481859,,,,,,,-7.972833,-0.483108,0.364088,-8.84082,-0.483636,0.475597,-15.28016013702868,-10.05988472733219,-0.4843947669440788,0.6038115310612456,-0.3477972813590886,-0.9394512421797456,-1.0,-1.0,NARENDRA-MODI-STADIUM-AHMEDABAD,-1.0,,R,R,R,Gujarat-Titans,Kolkata-Knight-Riders,Spin,1.0
2465,2,35.0,Gujarat Titans,Jos Buttler,Sunil Narine,,6,3.0,0,0,0.0,0.0,0.0,0.0,1.0,0.0,0.0,0.0,0.0,0.0,0.0,0.0,0.0,,,0.0,5.3,1.0,1.0,0.0,820873.0,-74.0,34.0,0.0,0.0,,25.0,OFF SPIN,52.0,BACKFOOT COVERDRIVE,0.0,0.0,3,5.0,61.0,1.0,Outside Off stump,Good Length,0.0,0.0,1.0,0.0,0.0,0.0,0.0,0.0,56.70699041429199,-3.056525287613918,8.340958409432297,-0.8130937742707214,2.086365441577433,,,,,,,9.716722297621727,0.1149488657620027,0.569929530586294,83.99454301174383,Defended,Missed,,0.749977111816406,0.736541748046875,5.811878,-0.544052,,,,,,,-8.734169,-0.247347,0.585522,-8.840867,-0.239918,0.593223,-15.88140542618221,-10.05993927784749,-0.153692666069028,0.6599816046625602,-0.3660986579245143,2.570360235686536,-1.0,-1.0,NARENDRA-MODI-STADIUM-AHMEDABAD,-1.0,,R,R,R,Gujarat-Titans,Kolkata-Knight-Riders,Spin,1.0
2465,2,35.0,Gujarat Titans,Jos Buttler,Sunil Narine,,6,4.0,6,6,6.0,0.0,0.0,0.0,0.0,0.0,0.0,0.0,0.0,0.0,0.0,1.0,0.0,,,0.0,5.4,1.0,1.0,0.0,820874.0,-77.0,211.0,6.0,0.0,,25.0,OFF SPIN,5.0,LOFTED OFF DRIVE,0.0,0.0,4,5.0,67.0,1.0,Outside Off stump,Full Length,0.0,0.0,1.0,0.0,0.0,0.0,0.0,0.0,57.26153744023611,-2.243920556876569,8.340598810920099,-0.7901961779615513,2.111989471438078,,,,,,,10.04993924719892,0.0762979534110868,0.6033909242662912,92.878843298835,Attacked,Played,,0.744071960449219,0.6712303161621094,4.978858,-0.36062,,,,,,,-7.68767,-0.236068,0.425105,-8.840915,-0.178673,0.557541,-15.81892040531642,-10.06006854897123,-0.116356410321255,0.6646933360554372,-0.6679568779309063,1.17999249084682,-1.0,-1.0,NARENDRA-MODI-STADIUM-AHMEDABAD,-1.0,,R,R,R,Gujarat-Titans,Kolkata-Knight-Riders,Spin,1.0
2465,2,35.0,Gujarat Titans,Jos Buttler,Sunil Narine,,6,5.0,0,0,0.0,0.0,0.0,0.0,1.0,0.0,0.0,0.0,0.0,0.0,0.0,0.0,0.0,,,0.0,5.5,1.0,1.0,0.0,820876.0,-66.0,41.5,0.0,0.0,,25.0,OFF SPIN,50.0,BACKFOOT DEFENCE,0.0,0.0,5,5.0,67.0,1.0,Outside Off stump,Good Length,0.0,0.0,1.0,0.0,0.0,0.0,0.0,0.0,60.56768833131416,-2.140670092204218,8.340875007838065,-0.6400819814814,2.101433357148568,,,,,,,10.1307265774809,0.2098437703956675,0.5874243587155938,77.12927676777232,Defended,Played,,0.700138092041016,0.6899642944335938,4.673513,-0.161657,,,,,,,-8.732195,-0.136145,0.519907,-8.840888,-0.135282,0.531986,-15.4484539727745,-10.06013204074889,-0.1254518717607472,0.648728994977942,0.0459626356693268,-1.597922622988481,-1.0,-1.0,NARENDRA-MODI-STADIUM-AHMEDABAD,-1.0,,R,R,R,Gujarat-Titans,Kolkata-Knight-Riders,Spin,1.0
2465,2,35.0,Gujarat Titans,Jos Buttler,Sunil Narine,,6,6.0,4,4,4.0,0.0,0.0,0.0,0.0,0.0,0.0,0.0,0.0,0.0,1.0,0.0,0.0,,,0.0,5.6,1.0,1.0,0.0,820878.0,43.0,-149.0,4.0,0.0,,25.0,OFF SPIN,97.0,BACKFOOT PUSH,0.0,0.0,6,5.0,71.0,1.0,Outside Off stump,Good Length,0.0,0.0,1.0,0.0,0.0,0.0,0.0,0.0,59.11354762537312,-3.911139518632407,8.340843218625583,-0.745026718997915,2.082020543273932,,,,,,,10.28941977702922,0.0996876384093197,0.63790545595953,95.71705455299752,Attacked,Edged,,0.721755981445312,0.6995429992675781,5.973522,-0.29678,,,,,,,-8.586624,-0.050201,0.658408,-8.84095,-0.03551,0.681961,-15.20145422896982,-10.06022308152289,0.0361546023052445,0.7739784781095713,-0.6472378181343085,1.260464512848311,-1.0,-1.0,NARENDRA-MODI-STADIUM-AHMEDABAD,-1.0,,R,R,R,Gujarat-Titans,Kolkata-Knight-Riders,Spin,1.0
2465,2,35.0,Gujarat Titans,Shubman Gill,Anukul Roy,,7,1.0,1,1,1.0,1.0,0.0,0.0,0.0,0.0,0.0,0.0,0.0,0.0,0.0,0.0,0.0,,,0.0,6.1,1.0,1.0,0.0,820883.0,85.0,166.0,1.0,0.0,,10.0,ORTHODOX,47.0,FRONTFOOT ON DRIVE,0.0,0.0,1,6.0,72.0,1.0,Leg stump,Full Length,1.0,0.0,1.0,0.0,0.0,0.0,0.0,0.0,56.20053004197675,-2.099988100319949,8.341029154824902,-0.8202964241278101,2.118237166652988,,,,,,,10.70395511146575,0.1791864081557863,0.6400508615197976,88.088988412391,Attacked,Played,,0.761375427246094,0.6767349243164062,4.359216,-0.070775,,,,,,,-7.490947,0.003427,0.338345,-8.840636,0.061384,0.519594,-15.21689593375406,-10.05984779762509,0.1153272865959328,0.6437142906578472,0.6375136658546224,-1.060576658340671,-1.0,-1.0,NARENDRA-MODI-STADIUM-AHMEDABAD,-1.0,,R,R,L,Gujarat-Titans,Kolkata-Knight-Riders,Spin,1.0
2465,2,35.0,Gujarat Titans,Jos Buttler,Anukul Roy,,7,2.0,1,1,1.0,1.0,0.0,0.0,0.0,0.0,0.0,0.0,0.0,0.0,0.0,0.0,0.0,,,0.0,6.2,1.0,1.0,0.0,820884.0,130.0,-60.5,1.0,0.0,,10.0,ORTHODOX,54.0,LEG GLANCE,0.0,0.0,2,6.0,73.0,1.0,Outside Leg stump,Good Length,0.0,0.0,1.0,0.0,0.0,0.0,0.0,0.0,54.53165682893673,-2.532188034848653,8.340538299278887,-0.8751639086826127,2.106301965040231,,,,,,,10.27306376942038,0.1818244618246969,0.5990953953386685,81.6818631183306,Attacked,Played,,0.777111053466797,0.7275009155273438,5.11571,0.172929,,,,,,,-8.334008,0.417315,0.52314,-8.840711,0.455507,0.57194,-15.56703650593312,-10.05987150748956,0.5493138784769955,0.6604688483810714,1.23668459953049,-1.184830156585722,-1.0,-1.0,NARENDRA-MODI-STADIUM-AHMEDABAD,-1.0,,R,R,L,Gujarat-Titans,Kolkata-Knight-Riders,Spin,1.0
2465,2,35.0,Gujarat Titans,Shubman Gill,Anukul Roy,,7,3.0,4,4,4.0,0.0,0.0,0.0,0.0,0.0,0.0,0.0,0.0,0.0,1.0,0.0,0.0,,,0.0,6.3,1.0,1.0,0.0,820885.0,-181.5,105.0,4.0,0.0,,10.0,ORTHODOX,15.0,LOFTED COVER DRIVE,0.0,0.0,3,6.0,77.0,1.0,Outside Off stump,Full Length,0.0,0.0,1.0,0.0,0.0,0.0,0.0,0.0,56.54898080558915,-1.977055475673131,8.340682920535514,-0.8586387246695156,2.101586213641001,,,,,,,11.09501269649469,0.2771621230332488,0.6509818701248947,79.93106821540933,Attacked,Played,,0.767349243164062,0.6837158203125,4.043341,-0.508937,,,,,,,-7.753874,-0.561671,0.343529,-8.840603,-0.595773,0.497803,-14.83428231695284,-10.06013293977736,-0.6351332170843746,0.6330242025722814,1.66969518523777,-3.976366214931887,-1.0,-1.0,NARENDRA-MODI-STADIUM-AHMEDABAD,-1.0,,R,R,L,Gujarat-Titans,Kolkata-Knight-Riders,Spin,1.0
2465,2,35.0,Gujarat Titans,Shubman Gill,Anukul Roy,,7,4.0,1,1,1.0,1.0,0.0,0.0,0.0,0.0,0.0,0.0,0.0,0.0,0.0,0.0,0.0,,,0.0,6.4,1.0,1.0,0.0,820887.0,136.0,107.5,1.0,0.0,,10.0,ORTHODOX,101.0,BACKFOOT ON DRIVE,0.0,0.0,4,6.0,78.0,1.0,Outside Off stump,Good Length,0.0,0.0,1.0,0.0,0.0,0.0,0.0,0.0,56.97873887656057,-4.047704096954116,8.34075085328406,-0.8678408718442798,2.074518631365044,,,,,,,9.16389107973938,0.1511755463300302,0.5653405924546681,79.6835342351972,Attacked,Played,,0.758800506591797,0.712371826171875,6.020772,-0.199307,,,,,,,-8.364467,-0.016156,0.539092,-8.840888,0.005146,0.568427,-14.98357731415682,-10.06020678465281,0.0607816320850299,0.6161125921841429,1.109070017266271,-1.357121682313984,-1.0,-1.0,NARENDRA-MODI-STADIUM-AHMEDABAD,-1.0,,R,R,L,Gujarat-Titans,Kolkata-Knight-Riders,Spin,1.0
2465,2,35.0,Gujarat Titans,Jos Buttler,Anukul Roy,,7,5.0,1,1,1.0,1.0,0.0,0.0,0.0,0.0,0.0,0.0,0.0,0.0,0.0,0.0,0.0,,,0.0,6.5,1.0,1.0,0.0,820889.0,147.0,58.5,1.0,0.0,,10.0,ORTHODOX,97.0,BACKFOOT PUSH,0.0,0.0,5,6.0,79.0,1.0,Leg stump,Good Length,0.0,0.0,1.0,0.0,0.0,0.0,0.0,0.0,57.38710566039401,-3.114196909076818,8.340588346056645,-0.9055170339337948,2.084227152680017,,,,,,,10.15593428254253,0.2263387107513218,0.5912452980272658,76.05292362895769,Attacked,Played,,0.759578704833984,0.71868896484375,5.541063,0.015932,,,,,,,-8.373337,0.235707,0.566263,-8.840706,0.26374,0.605491,-15.30951885870476,-10.06007373532961,0.3384136136310766,0.6790782263786951,1.266983643453323,-1.635908063715648,-1.0,-1.0,NARENDRA-MODI-STADIUM-AHMEDABAD,-1.0,,R,R,L,Gujarat-Titans,Kolkata-Knight-Riders,Spin,1.0
2465,2,35.0,Gujarat Titans,Shubman Gill,Anukul Roy,,7,6.0,4,4,4.0,0.0,0.0,0.0,0.0,0.0,0.0,0.0,0.0,0.0,1.0,0.0,0.0,,,0.0,6.6,1.0,1.0,0.0,820891.0,-132.0,-106.5,4.0,0.0,,10.0,ORTHODOX,35.0,LATE CUT,0.0,0.0,6,6.0,83.0,1.0,Outside Off stump,Good Length,0.0,0.0,1.0,0.0,0.0,0.0,0.0,0.0,57.08467114184338,-4.254917098348104,8.340679212796037,-0.9664817962711544,2.075544883942742,,,,,,,9.785824501084509,0.1122568349293937,0.6074546796745893,89.89251845824901,Attacked,Played,,0.751945495605469,0.7615814208984375,6.257827,-0.8296,,,,,,,-9.36715,-0.808188,0.681932,-8.84078,-0.810331,0.650917,-15.11727605401213,-10.06003870267817,-0.805325353032721,0.71166215401432,0.93790178049514,-0.9279573666542482,-1.0,-1.0,NARENDRA-MODI-STADIUM-AHMEDABAD,-1.0,,R,R,L,Gujarat-Titans,Kolkata-Knight-Riders,Spin,1.0
2465,2,35.0,Gujarat Titans,Jos Buttler,Varun Chakaravarthy,,8,1.0,6,6,6.0,0.0,0.0,0.0,0.0,0.0,0.0,0.0,0.0,0.0,0.0,1.0,0.0,,,0.0,7.1,1.0,1.0,0.0,820894.0,51.0,222.0,6.0,0.0,https://scores.bcci.tv/matchcentre/commentaryFiles/TATA-IPL-2026/Gujarat-Titans-VS-Kolkata-Knight-Riders-(17-Apr-2026)/File_2-8-820894.png,24.0,LEG SPIN,11.0,LOFTED ON DRIVE,0.0,0.0,1,7.0,89.0,1.0,Off stump,Full Length,1.0,0.0,1.0,0.0,0.0,0.0,0.0,0.0,59.62340872398285,-1.668673409023774,8.340972099797703,-0.8703192318848201,2.143105933724918,,,,,,,9.96543742917783,0.1381416952746627,0.5993029408535779,86.08127160057042,Attacked,Played,,0.724456787109375,0.6553916931152344,3.833332,-0.250779,,,,,,,-7.972444,-0.167309,0.297073,-8.840803,-0.124583,0.414512,-15.40166992296862,-10.06004984218878,-0.0631594069074084,0.552948327681114,1.347217466792554,-0.4556992544318943,-1.0,-1.0,NARENDRA-MODI-STADIUM-AHMEDABAD,-1.0,,R,R,R,Gujarat-Titans,Kolkata-Knight-Riders,Spin,1.0
2465,2,35.0,Gujarat Titans,Jos Buttler,Varun Chakaravarthy,,8,2.0,0,0,0.0,0.0,0.0,0.0,1.0,0.0,0.0,0.0,0.0,0.0,0.0,0.0,0.0,,,0.0,7.2,1.0,1.0,0.0,820896.0,51.0,222.0,0.0,0.0,,24.0,LEG SPIN,97.0,BACKFOOT PUSH,0.0,0.0,2,7.0,89.0,1.0,Middle stump,Good Length,0.0,0.0,1.0,0.0,0.0,0.0,0.0,0.0,58.24616253825732,-3.155379237935279,8.340683107958807,-0.7836099895095019,2.12559678321248,,,,,,,10.83041543126338,0.201805288288997,0.6112438036920941,81.50604172491443,Attacked,Missed,,0.725234985351562,0.7368736267089844,5.609257,-0.057792,,,,,,,-8.951896,0.255371,0.671188,-8.84088,0.24724,0.660891,-15.86258856999776,-10.0598651179784,0.3377459988769526,0.75586512229404,1.133675505840471,-0.0586263538309664,-1.0,-1.0,NARENDRA-MODI-STADIUM-AHMEDABAD,-1.0,,R,R,R,Gujarat-Titans,Kolkata-Knight-Riders,Spin,1.0
2465,2,35.0,Gujarat Titans,Jos Buttler,Varun Chakaravarthy,,8,3.0,1,1,1.0,1.0,0.0,0.0,0.0,0.0,0.0,0.0,0.0,0.0,0.0,0.0,0.0,,,0.0,7.3,1.0,1.0,0.0,820898.0,-137.0,38.0,1.0,0.0,,24.0,LEG SPIN,52.0,BACKFOOT COVERDRIVE,0.0,0.0,3,7.0,90.0,1.0,Outside Off stump,Good Length,0.0,0.0,1.0,0.0,0.0,0.0,0.0,0.0,66.00862536059816,-6.300979062082395,8.341042283938314,-0.8393282783475127,2.132393797727504,,,,,,,9.87214939368355,0.0863045095704281,0.6656552464063641,101.2178360039118,Attacked,Played,,0.657943725585938,0.6299057006835938,6.5372,-0.33801,,,,,,,-8.590671,-0.138209,0.722948,-8.840565,-0.127758,0.747316,-14.14138254011644,-10.05977761553496,-0.075880539920248,0.8498876239795061,-0.8220214111705171,0.1478662068467507,-1.0,-1.0,NARENDRA-MODI-STADIUM-AHMEDABAD,-1.0,,R,R,R,Gujarat-Titans,Kolkata-Knight-Riders,Spin,1.0
2465,2,35.0,Gujarat Titans,Shubman Gill,Varun Chakaravarthy,,8,4.0,1,1,1.0,1.0,0.0,0.0,0.0,0.0,0.0,0.0,0.0,0.0,0.0,0.0,0.0,,,0.0,7.4,1.0,1.0,0.0,820899.0,142.5,55.0,1.0,0.0,,24.0,LEG SPIN,27.0,FORWARD PUSH,0.0,0.0,4,7.0,91.0,1.0,Off stump,Good Length,0.0,0.0,1.0,0.0,0.0,0.0,0.0,0.0,62.75564286338539,-4.182496920334728,8.340878714459809,-0.9429811990349396,2.123129243870995,,,,,,,10.6665280735493,0.1412147619407302,0.6368102441378994,91.4000604266119,Attacked,Played,,0.694004058837891,0.6320114135742188,6.087292,-0.128436,,,,,,,-7.881154,0.029852,0.635489,-8.841045,0.07093,0.744405,-15.49641957720412,-10.05993738847073,0.1244655647411825,0.8551305746156853,0.0465132785074813,-1.585189096010781,-1.0,-1.0,NARENDRA-MODI-STADIUM-AHMEDABAD,-1.0,,R,R,R,Gujarat-Titans,Kolkata-Knight-Riders,Spin,1.0
2465,2,35.0,Gujarat Titans,Jos Buttler,Varun Chakaravarthy,,8,5.0,1,1,1.0,1.0,0.0,0.0,0.0,0.0,0.0,0.0,0.0,0.0,0.0,0.0,0.0,,,0.0,7.5,1.0,1.0,0.0,820901.0,150.5,54.0,1.0,0.0,,28.0,GOOGLY,97.0,BACKFOOT PUSH,0.0,0.0,5,7.0,92.0,1.0,Off stump,Good Length,0.0,0.0,1.0,0.0,0.0,0.0,0.0,0.0,59.74850838210991,-3.716985284117291,8.341037774384251,-0.8477241233926068,2.115136724677569,,,,,,,10.43771327377546,0.1934246598864958,0.6118346283639176,82.43272826593805,Attacked,Played,,0.728256225585938,0.6976318359375,5.777449,-0.195405,,,,,,,-8.538139,0.083444,0.635666,-8.840835,0.104356,0.663963,-15.39148491272136,-10.06009040542155,0.1901761413690587,0.7547959799887902,1.123799145783961,0.0284749361883773,-1.0,-1.0,NARENDRA-MODI-STADIUM-AHMEDABAD,-1.0,,R,R,R,Gujarat-Titans,Kolkata-Knight-Riders,Spin,1.0
2465,2,35.0,Gujarat Titans,Shubman Gill,Varun Chakaravarthy,,8,6.0,1,1,1.0,1.0,0.0,0.0,0.0,0.0,0.0,0.0,0.0,0.0,0.0,0.0,0.0,,,0.0,7.6,1.0,1.0,0.0,820902.0,64.0,172.5,1.0,0.0,,24.0,LEG SPIN,27.0,FORWARD PUSH,0.0,0.0,6,7.0,93.0,1.0,Outside Off stump,Good Length,0.0,0.0,1.0,0.0,0.0,0.0,0.0,0.0,66.63450163033569,-5.288412257990907,8.340682058467198,-0.8155408765710132,2.145531418885706,,,,,,,8.928822451910287,0.1421275277377202,0.6157951070620632,88.15651328553746,Attacked,Played,,0.649063110351562,0.5922775268554688,5.423381,-0.193174,,,,,,,-7.90153,-0.066571,0.46278,-8.840931,-0.028398,0.558028,-13.55350982721924,-10.05983420321808,0.0223929511254785,0.6583497056477141,-0.6520685404673018,-0.2589341109487319,-1.0,-1.0,NARENDRA-MODI-STADIUM-AHMEDABAD,-1.0,,R,R,R,Gujarat-Titans,Kolkata-Knight-Riders,Spin,1.0
2465,2,35.0,Gujarat Titans,Shubman Gill,Kartik Tyagi,,9,1.0,0,0,0.0,0.0,0.0,0.0,1.0,0.0,0.0,0.0,0.0,0.0,0.0,0.0,0.0,,,0.0,8.1,1.0,1.0,0.0,820903.0,-68.0,42.5,0.0,0.0,,38.0,STRAIGHT BALL,51.0,FRONTFOOT COVERDRIVE,0.0,0.0,1,8.0,93.0,1.0,Outside Off stump,Full Length,1.0,0.0,1.0,0.0,0.0,0.0,0.0,0.0,87.42721958001809,-6.556373544285261,8.340482854595479,-0.5079865630062393,1.946996903166422,,,,,,,6.647165404668739,0.1145888334027607,0.6063326607397439,89.49101577068551,Attacked,Played,,0.4918212890625,0.4660148620605469,5.546392,-0.432613,,,,,,,-8.428894,-0.381189,0.435415,-8.84087,-0.375516,0.470284,-10.5159918796123,-10.06022230746624,-0.358409844152806,0.5642798753875214,0.3466490153210894,0.2043506294541114,-1.0,-1.0,NARENDRA-MODI-STADIUM-AHMEDABAD,-1.0,,R,R,R,Gujarat-Titans,Kolkata-Knight-Riders,Seam,1.0
2465,2,35.0,Gujarat Titans,Shubman Gill,Kartik Tyagi,,9,2.0,0,0,0.0,0.0,0.0,0.0,1.0,0.0,0.0,0.0,0.0,0.0,0.0,0.0,0.0,,,0.0,8.2,1.0,1.0,0.0,820905.0,-75.5,-22.0,0.0,0.0,,39.0,ANGLED IN,49.0,FORWARD DEFENCE,0.0,0.0,2,8.0,93.0,1.0,Outside Off stump,Good Length,0.0,0.0,1.0,0.0,0.0,0.0,0.0,0.0,88.80101796398101,-9.20842332592448,8.340763733988041,-0.4385143135970861,1.957227588548733,,,,,,,7.637076891668028,0.0122347239996946,0.6249548488717248,102.5197549307893,Defended,Played,,0.486156463623047,0.4713706970214844,8.125935,-0.346126,,,,,,,-8.635584,-0.228232,0.791076,-8.840647,-0.224341,0.808836,-12.05919488911712,-10.05969368571059,-0.2008216061310185,0.9064602026720184,0.5731683069669715,0.1260087929613221,-1.0,-1.0,NARENDRA-MODI-STADIUM-AHMEDABAD,-1.0,,R,R,R,Gujarat-Titans,Kolkata-Knight-Riders,Seam,1.0
2465,2,35.0,Gujarat Titans,Shubman Gill,Kartik Tyagi,,9,3.0,1,1,1.0,1.0,0.0,0.0,0.0,0.0,0.0,0.0,0.0,0.0,0.0,0.0,0.0,,,0.0,8.3,1.0,1.0,0.0,820907.0,157.5,76.0,1.0,0.0,,38.0,STRAIGHT BALL,58.0,BACKFOOT PULL SHOT,0.0,0.0,3,8.0,94.0,1.0,Outside Off stump,Short of Good Length,0.0,0.0,1.0,0.0,0.0,0.0,0.0,0.0,86.85289,-13.05048986713044,8.340788351347399,-0.4927776004275444,1.925215434359778,,,,,,,9.219741996374784,0.1250629941167618,0.5995357545960407,87.42406377772993,Attacked,Played,,0.478912353515625,0.4677886962890625,10.604504,-0.502965,,,,,,,-7.831411,-0.447973,1.059246,-8.840614,-0.441099,1.137072,-14.40372437833005,-10.05996659658841,-0.4327178994134399,1.216404069858445,0.3490161907030422,0.2594335830033129,-1.0,-1.0,NARENDRA-MODI-STADIUM-AHMEDABAD,-1.0,,R,R,R,Gujarat-Titans,Kolkata-Knight-Riders,Seam,1.0
2465,2,35.0,Gujarat Titans,Jos Buttler,Kartik Tyagi,,9,4.0,0,0,0.0,0.0,0.0,0.0,1.0,0.0,0.0,0.0,0.0,0.0,0.0,0.0,0.0,,,0.0,8.4,1.0,1.0,0.0,820908.0,62.5,40.5,0.0,0.0,,39.0,ANGLED IN,97.0,BACKFOOT PUSH,0.0,0.0,4,8.0,94.0,1.0,Outside Off stump,Short of Good Length,0.0,0.0,1.0,0.0,0.0,0.0,0.0,0.0,86.17661953492998,-9.910248854306602,8.341047857025995,-0.5138718289769832,1.955700863714571,,,,,,,8.351440403766464,0.0006314725989286,0.616023213440179,102.340334756134,Defended,Played,,0.506698608398438,0.4859046936035156,8.984252,-0.296949,,,,,,,-8.547017,-0.01675,0.931685,-8.840886,-0.004744,0.958279,-13.39596379488891,-10.05994387916152,0.0459666837221443,1.059361951334844,-0.169436390610444,0.7516334263014594,-1.0,-1.0,NARENDRA-MODI-STADIUM-AHMEDABAD,-1.0,,R,R,R,Gujarat-Titans,Kolkata-Knight-Riders,Seam,1.0
2465,2,35.0,Gujarat Titans,Jos Buttler,Kartik Tyagi,,9,5.0,0,0,0.0,0.0,0.0,0.0,1.0,0.0,0.0,0.0,0.0,0.0,0.0,0.0,0.0,,,0.0,8.5,1.0,1.0,0.0,820909.0,62.5,40.5,0.0,0.0,,36.0,BOUNCER,58.0,BACKFOOT PULL SHOT,1.0,0.0,5,8.0,94.0,1.0,Outside Off stump,Short Length,0.0,0.0,1.0,0.0,0.0,0.0,0.0,0.0,86.19035235362917,-15.37928920158154,8.34068278497854,-0.6399834312156795,1.828002302473126,,,,,,,9.459294939656129,0.0966991071668911,0.5297027937886291,79.78550835160524,Attacked,Missed,,0.537689208984375,0.5150985717773438,12.226449,-0.426491,,,,,,,-8.653215,-0.068255,1.587918,-8.840864,-0.061681,1.60808,-16.73151062396357,-10.06009847478049,-0.0186577323464762,1.731549667186238,0.2090522923768365,-0.2923837710365695,-1.0,-1.0,NARENDRA-MODI-STADIUM-AHMEDABAD,-1.0,,R,R,R,Gujarat-Titans,Kolkata-Knight-Riders,Seam,1.0
2465,2,35.0,Gujarat Titans,Jos Buttler,Kartik Tyagi,,9,6.0,1,1,1.0,1.0,0.0,0.0,0.0,0.0,0.0,0.0,0.0,0.0,0.0,0.0,0.0,,,0.0,8.6,1.0,1.0,0.0,820910.0,-147.5,-23.0,1.0,0.0,,38.0,STRAIGHT BALL,15.0,LOFTED COVER DRIVE,0.0,0.0,6,8.0,95.0,1.0,Outside Off stump,Short of Good Length,0.0,0.0,1.0,0.0,0.0,0.0,0.0,0.0,89.17597675825313,-8.472877693885918,8.340602994650297,-0.8377914746741137,1.97097377962695,,,,,,,7.318845467013232,0.0532979684621136,0.6335576554505048,99.70385147136436,Attacked,Played,,0.480812072753906,0.463348388671875,7.244884,-0.779308,,,,,,,-8.572526,-0.771165,0.671721,-8.840931,-0.77076,0.695162,-11.26675890121935,-10.06024958570331,-0.7688851946838449,0.7935888501262064,0.4570684724347546,-0.4619435907264391,-1.0,-1.0,NARENDRA-MODI-STADIUM-AHMEDABAD,-1.0,,R,R,R,Gujarat-Titans,Kolkata-Knight-Riders,Seam,1.0
2465,2,35.0,Gujarat Titans,Jos Buttler,Varun Chakaravarthy,,10,1.0,0 WK,W,0.0,0.0,0.0,0.0,1.0,0.0,0.0,0.0,0.0,0.0,0.0,0.0,1.0,Caught,WICKET,1.0,9.1,1.0,1.0,0.0,820911.0,83.0,170.5,0.0,0.0,,24.0,LEG SPIN,11.0,LOFTED ON DRIVE,0.0,0.0,1,9.0,95.0,2.0,Leg stump,Full Length,1.0,0.0,1.0,0.0,0.0,0.0,0.0,0.0,60.06607040986243,-2.044064232684501,8.341017259901967,0.8434047254576934,2.143595456678297,,,,,,,10.15750059592517,0.2312428831565289,0.5977756454604911,76.54205850342078,,,,0.716812133789062,0.6476783752441406,3.978945,0.038772,,,,,,,-7.794553,-0.032303,0.304916,-8.840677,-0.077091,0.445315,-15.10860086173075,-10.06006270267004,-0.1307176301629001,0.5775959033663846,0.5362952523347546,0.5782593266744923,-1.0,-1.0,NARENDRA-MODI-STADIUM-AHMEDABAD,-1.0,,R,R,R,Gujarat-Titans,Kolkata-Knight-Riders,Spin,1.0
2465,2,35.0,Gujarat Titans,Washington Sundar,Varun Chakaravarthy,,10,2.0,0,0,0.0,0.0,0.0,0.0,1.0,0.0,0.0,0.0,0.0,0.0,0.0,0.0,0.0,,,0.0,9.2,1.0,1.0,0.0,820914.0,44.5,-53.5,0.0,0.0,,24.0,LEG SPIN,44.0,GLIDE,0.0,0.0,2,9.0,95.0,2.0,Outside Off stump,Good Length,2.0,0.0,1.0,0.0,0.0,0.0,0.0,0.0,59.40692387808222,-3.564312318915187,8.34057569865438,0.7614011569617227,2.122722599659068,,,,,,,12.21760626495487,0.265283331183395,0.6819893882589178,85.77007512049816,Attacked,Played,,0.724399566650391,0.7197761535644531,5.746748,0.547693,,,,,,,-8.722795,0.525852,0.781383,-8.840611,0.525236,0.795142,-15.54186257645588,-10.06017549091909,0.5187425131916077,0.9152765780410934,0.6967692531085983,0.3330336098682054,-1.0,-1.0,NARENDRA-MODI-STADIUM-AHMEDABAD,-1.0,,L,R,R,Gujarat-Titans,Kolkata-Knight-Riders,Spin,1.0
2465,2,35.0,Gujarat Titans,Washington Sundar,Varun Chakaravarthy,,10,3.0,1,1,1.0,1.0,0.0,0.0,0.0,0.0,0.0,0.0,0.0,0.0,0.0,0.0,0.0,,,0.0,9.3,1.0,1.0,0.0,820916.0,-161.5,61.5,1.0,0.0,,24.0,LEG SPIN,97.0,BACKFOOT PUSH,0.0,0.0,3,9.0,96.0,2.0,Outside Off stump,Good Length,0.0,0.0,1.0,0.0,0.0,0.0,0.0,0.0,59.33426366819479,-4.113167788234271,8.340926493377857,0.8417810099048956,2.123552140523764,,,,,,,8.994517563005862,0.1117339013191801,0.5419068852839606,80.11264266067609,Defended,Played,,0.694427490234375,0.70623779296875,6.125967,0.283905,,,,,,,-8.74156,0.060371,0.57564,-8.840781,0.055497,0.581775,-15.54088304649344,-10.06019678836496,-0.005341565814587,0.6377543945511173,0.2952787225613568,-0.07938685851697,-1.0,-1.0,NARENDRA-MODI-STADIUM-AHMEDABAD,-1.0,,L,R,R,Gujarat-Titans,Kolkata-Knight-Riders,Spin,1.0
2465,2,35.0,Gujarat Titans,Shubman Gill,Varun Chakaravarthy,,10,4.0,1,1,1.0,1.0,0.0,0.0,0.0,0.0,0.0,0.0,0.0,0.0,0.0,0.0,0.0,,,0.0,9.4,1.0,1.0,0.0,820917.0,-87.5,-20.5,1.0,0.0,,24.0,LEG SPIN,27.0,FORWARD PUSH,0.0,0.0,4,9.0,97.0,2.0,Outside Off stump,Good Length,0.0,0.0,1.0,0.0,0.0,0.0,0.0,0.0,61.75387011158698,-4.696727005471485,8.340558640624558,-1.007547740363476,2.108300570377216,,,,,,,10.610131410523,0.148461516634962,0.6182023096905148,87.88419479008103,Attacked,Played,,0.705276489257812,0.656707763671875,6.735623,-0.413462,,,,,,,-8.08823,-0.288032,0.728633,-8.840803,-0.266921,0.798796,-15.78599421125919,-10.05994307892938,-0.2318869479259939,0.8849861254906884,-0.2672205901047923,-1.34449985111461,-1.0,-1.0,NARENDRA-MODI-STADIUM-AHMEDABAD,-1.0,,R,L,R,Gujarat-Titans,Kolkata-Knight-Riders,Spin,1.0
2465,2,35.0,Gujarat Titans,Washington Sundar,Varun Chakaravarthy,,10,5.0,1,1,1.0,1.0,0.0,0.0,0.0,0.0,0.0,0.0,0.0,0.0,0.0,0.0,0.0,,,0.0,9.5,1.0,1.0,0.0,820919.0,-87.0,146.0,1.0,0.0,,24.0,LEG SPIN,101.0,BACKFOOT ON DRIVE,0.0,0.0,5,9.0,98.0,2.0,Outside Off stump,Good Length,0.0,0.0,1.0,0.0,0.0,0.0,0.0,0.0,59.57738997039694,-4.333783361643685,8.34051339806335,0.7801873197759615,2.116409810607994,,,,,,,9.513135337942543,0.1316402944763923,0.5599670391460303,80.83102642426532,Attacked,Played,,0.697219848632812,0.7017745971679688,6.454394,0.398263,,,,,,,-8.619519,0.295674,0.636602,-8.84092,0.290866,0.650985,-15.7468080251194,-10.06014185946558,0.2639281357103366,0.7084948686840844,0.8782325887432189,0.2628312684436189,-1.0,-1.0,NARENDRA-MODI-STADIUM-AHMEDABAD,-1.0,,L,R,R,Gujarat-Titans,Kolkata-Knight-Riders,Spin,1.0
2465,2,35.0,Gujarat Titans,Shubman Gill,Varun Chakaravarthy,,10,6.0,1,1,1.0,1.0,0.0,0.0,0.0,0.0,0.0,0.0,0.0,0.0,0.0,0.0,0.0,,,0.0,9.6,1.0,1.0,0.0,820920.0,56.0,-48.0,1.0,0.0,,24.0,LEG SPIN,54.0,LEG GLANCE,0.0,0.0,6,9.0,99.0,2.0,Outside Off stump,Good Length,0.0,0.0,1.0,0.0,0.0,0.0,0.0,0.0,59.50904543312695,-4.071948277824441,8.340653854257411,-0.883539199416873,2.129829817107666,,,,,,,10.86110430214639,0.1555204712878012,0.6357807812031016,89.81507005168513,Attacked,Played,,0.715301513671875,0.6572456359863281,6.131518,-0.211106,,,,,,,-7.663368,0.02662,0.618289,-8.840978,0.105905,0.743833,-15.65748288516179,-10.0601330293342,0.1903924547149911,0.8387278171836008,0.5990058908165538,0.0459883349572136,-1.0,-1.0,NARENDRA-MODI-STADIUM-AHMEDABAD,-1.0,,R,L,R,Gujarat-Titans,Kolkata-Knight-Riders,Spin,1.0
2465,2,35.0,Gujarat Titans,Shubman Gill,Sunil Narine,,11,1.0,1,1,1.0,1.0,0.0,0.0,0.0,0.0,0.0,0.0,0.0,0.0,0.0,0.0,0.0,,,0.0,10.1,1.0,1.0,0.0,820923.0,124.0,65.0,1.0,0.0,,25.0,OFF SPIN,47.0,FRONTFOOT ON DRIVE,0.0,0.0,1,10.0,100.0,2.0,Middle stump,Full Length,1.0,1.0,2.0,0.0,0.0,1.0,0.0,0.0,59.1283971936674,-2.499423583219238,8.340656248971833,-0.6260737066775182,2.119469266282214,,,,,,,10.13998587116609,0.232788257284361,0.6119650953683039,78.5159385768095,Attacked,Played,,0.7357177734375,0.6456985473632812,4.362514,-0.01058,,,,,,,-7.566806,0.062566,0.340522,-8.840712,0.11425,0.502404,-14.76355219416839,-10.06012300326461,0.1652149409946481,0.6214477273242388,0.7398454205239771,-0.7029644682408884,-1.0,-1.0,NARENDRA-MODI-STADIUM-AHMEDABAD,-1.0,,R,L,R,Gujarat-Titans,Kolkata-Knight-Riders,Spin,1.0
2465,2,35.0,Gujarat Titans,Washington Sundar,Sunil Narine,,11,2.0,0,0,0.0,0.0,0.0,0.0,1.0,0.0,0.0,0.0,0.0,0.0,0.0,0.0,0.0,,,0.0,10.2,1.0,1.0,0.0,820926.0,-15.5,64.5,0.0,0.0,,25.0,OFF SPIN,97.0,BACKFOOT PUSH,0.0,0.0,2,10.0,100.0,2.0,Leg stump,Good Length,0.0,0.0,2.0,0.0,0.0,0.0,0.0,0.0,54.6550603520163,-3.052815887870572,8.340630719783817,-0.7419447876406307,2.126428353288845,,,,,,,11.0228606936417,0.1795581225211776,0.6102055849258478,83.57502548675942,Defended,Played,,0.788566589355469,0.7724075317382812,5.914569,-0.106922,,,,,,,-8.758621,0.2864,0.685099,-8.840821,0.293803,0.691485,-16.26342176512377,-10.05996030115617,0.4053668212254699,0.7619034553326091,-0.2327103536628664,1.836283760203748,-1.0,-1.0,NARENDRA-MODI-STADIUM-AHMEDABAD,-1.0,,L,R,R,Gujarat-Titans,Kolkata-Knight-Riders,Spin,1.0
2465,2,35.0,Gujarat Titans,Washington Sundar,Sunil Narine,,11,3.0,1,1,1.0,1.0,0.0,0.0,0.0,0.0,0.0,0.0,0.0,0.0,0.0,0.0,0.0,,,0.0,10.3,1.0,1.0,0.0,820928.0,139.0,-52.0,1.0,0.0,,25.0,OFF SPIN,36.0,CUT SHOT,0.0,0.0,3,10.0,101.0,2.0,Outside Off stump,Good Length,0.0,0.0,2.0,0.0,0.0,0.0,0.0,0.0,60.76295268286403,-5.177647944714238,8.340508631191948,-0.6052462638280706,2.063364969340598,,,,,,,9.596327551038708,0.1993780703819323,0.5937505134688943,79.12476998214092,Attacked,Played,,0.727043151855469,0.7200393676757812,6.684547,0.12058,,,,,,,-9.073509,0.457692,0.692617,-8.840887,0.443018,0.680113,-14.65169865542295,-10.06016774656814,0.5208888359028081,0.7300633120096145,1.171178883795236,-0.9818146507182696,-1.0,-1.0,NARENDRA-MODI-STADIUM-AHMEDABAD,-1.0,,L,R,R,Gujarat-Titans,Kolkata-Knight-Riders,Spin,1.0
2465,2,35.0,Gujarat Titans,Shubman Gill,Sunil Narine,,11,4.0,2,2,2.0,0.0,1.0,0.0,0.0,0.0,0.0,0.0,0.0,0.0,0.0,0.0,0.0,,,0.0,10.4,1.0,1.0,0.0,820929.0,134.5,100.0,2.0,0.0,,25.0,OFF SPIN,47.0,FRONTFOOT ON DRIVE,0.0,0.0,4,10.0,103.0,2.0,Off stump,Full Length,0.0,0.0,2.0,0.0,0.0,0.0,0.0,0.0,59.62242916493087,-2.871954796225707,8.34096307217688,-0.7642024884927049,2.113228447554239,,,,,,,9.865027879237608,0.2767963920803751,0.5734726290491905,68.34125514934107,Attacked,Played,,0.726127624511719,0.6453094482421875,4.933948,-0.124559,,,,,,,-7.543192,-0.038138,0.401,-8.840861,0.010344,0.540902,-15.01321198511252,-10.05994838378395,0.0573256394584613,0.6335940201371952,1.337313284848413,-1.427137065114455,-1.0,-1.0,NARENDRA-MODI-STADIUM-AHMEDABAD,-1.0,,R,L,R,Gujarat-Titans,Kolkata-Knight-Riders,Spin,1.0
2465,2,35.0,Gujarat Titans,Shubman Gill,Sunil Narine,,11,5.0,0,0,0.0,0.0,0.0,0.0,1.0,0.0,0.0,0.0,0.0,0.0,0.0,0.0,0.0,,,0.0,10.5,1.0,1.0,0.0,820931.0,-92.5,-24.0,0.0,0.0,,25.0,OFF SPIN,36.0,CUT SHOT,0.0,0.0,5,10.0,103.0,2.0,Outside Off stump,Good Length,0.0,0.0,2.0,0.0,0.0,0.0,0.0,0.0,59.44957019781928,-4.895113224638229,8.34055581510643,-0.6983801442786087,2.080675925956279,,,,,,,9.517036300950766,0.1894541698956364,0.5515711796095857,73.79025995187422,Attacked,Played,,0.745525360107422,0.7268142700195312,6.972513,-0.332604,,,,,,,-8.869189,-0.202711,0.67223,-8.841019,-0.203388,0.671045,-15.59590649719641,-10.05979814836425,-0.1736455397854998,0.7022930364791112,0.2854967397877968,-0.7767112858557613,-1.0,-1.0,NARENDRA-MODI-STADIUM-AHMEDABAD,-1.0,,R,L,R,Gujarat-Titans,Kolkata-Knight-Riders,Spin,1.0
2465,2,35.0,Gujarat Titans,Shubman Gill,Sunil Narine,,11,6.0,1,1,1.0,1.0,0.0,0.0,0.0,0.0,0.0,0.0,0.0,0.0,0.0,0.0,0.0,,,0.0,10.6,1.0,1.0,0.0,820932.0,149.0,76.0,1.0,0.0,,25.0,OFF SPIN,97.0,BACKFOOT PUSH,0.0,0.0,6,10.0,104.0,2.0,Off stump,Good Length,0.0,0.0,2.0,0.0,0.0,0.0,0.0,0.0,58.02335508179196,-4.312907423296568,8.340775655564393,-0.6864204079037225,2.08131910939762,,,,,,,9.77773468440187,0.2250239627206179,0.5665444334672036,72.47926874801875,Attacked,Played,,0.751590728759766,0.7016029357910156,6.455413,-0.103287,,,,,,,-8.304811,0.058988,0.620114,-8.840818,0.078678,0.653176,-15.37497346620594,-10.06008223862943,0.1244696483813157,0.698780608148889,0.4846889651798463,-1.173188081563138,-1.0,-1.0,NARENDRA-MODI-STADIUM-AHMEDABAD,-1.0,,R,L,R,Gujarat-Titans,Kolkata-Knight-Riders,Spin,1.0
2465,2,35.0,Gujarat Titans,Shubman Gill,Varun Chakaravarthy,,12,1.0,2,2,2.0,0.0,1.0,0.0,0.0,0.0,0.0,0.0,0.0,0.0,0.0,0.0,0.0,,,0.0,11.1,1.0,1.0,0.0,820934.0,125.5,76.0,2.0,0.0,,24.0,LEG SPIN,74.0,STEP DOWN ON DRIVE,0.0,0.0,1,11.0,106.0,2.0,Off stump,Good Length,1.0,0.0,2.0,0.0,0.0,0.0,0.0,0.0,65.19999999999993,-8.007813242578997,8.34112814419126,-0.844774624676845,2.137431174223799,,,,,,,9.877868948590812,0.1463798210914147,0.6120934543060641,87.17603603676815,Attacked,Played,,0.68408203125,0.5870132446289062,7.951788,-0.274401,,,,,,,-7.096371,0.004447,0.717187,-8.840661,0.109869,0.852776,-14.92494689721565,-10.05977548494248,0.1863088451768281,0.9090064655652454,-0.7093568910270419,0.2720971963916872,-1.0,-1.0,NARENDRA-MODI-STADIUM-AHMEDABAD,-1.0,,R,L,R,Gujarat-Titans,Kolkata-Knight-Riders,Spin,1.0
2465,2,35.0,Gujarat Titans,Shubman Gill,Varun Chakaravarthy,,12,2.0,2,2,2.0,0.0,1.0,0.0,0.0,0.0,0.0,0.0,0.0,0.0,0.0,0.0,0.0,,,0.0,11.2,1.0,1.0,0.0,820937.0,-110.0,142.5,2.0,0.0,,24.0,LEG SPIN,84.0,FRONTFOOT OFF DRIVE,0.0,0.0,2,11.0,108.0,2.0,Leg stump,Full Length,0.0,0.0,2.0,0.0,0.0,0.0,0.0,0.0,59.44750418041973,-3.881363338150055,8.340652460458898,-0.9422631128094456,2.131733107207847,,,,,,,9.75114450027412,0.1907521686104678,0.5696836461121555,76.37733005577655,Attacked,Played,,0.722328186035156,0.6570510864257812,5.869961,-0.187953,,,,,,,-7.70503,0.061622,0.51686,-8.840779,0.14671,0.617064,-15.47032203257073,-10.0600299077777,0.2407047379368645,0.6891340181092254,1.120712669120046,-0.1240594384153661,-1.0,-1.0,NARENDRA-MODI-STADIUM-AHMEDABAD,-1.0,,R,L,R,Gujarat-Titans,Kolkata-Knight-Riders,Spin,1.0
2465,2,35.0,Gujarat Titans,Shubman Gill,Varun Chakaravarthy,,12,3.0,4,4,4.0,0.0,0.0,0.0,0.0,0.0,0.0,0.0,0.0,0.0,1.0,0.0,0.0,,,0.0,11.3,1.0,1.0,0.0,820939.0,-148.0,-92.0,4.0,0.0,,24.0,LEG SPIN,36.0,CUT SHOT,0.0,0.0,3,11.0,112.0,2.0,Outside Off stump,Good Length,0.0,0.0,2.0,0.0,0.0,0.0,0.0,0.0,67.20811170227898,-6.10792018932109,8.340621860154428,-0.8939092182790187,2.144281457124646,,,,,,,9.384882332094609,0.1038405275468114,0.6363541587438528,95.06907105689676,Attacked,Played,,0.646820068359375,0.6129913330078125,6.306949,-0.589918,,,,,,,-8.465388,-0.493051,0.65916,-8.841061,-0.484879,0.694813,-13.96776964671977,-10.05997878405321,-0.4578611131137978,0.7933709666723534,-1.117497593903435,0.2634331755158782,-1.0,-1.0,NARENDRA-MODI-STADIUM-AHMEDABAD,-1.0,,R,L,R,Gujarat-Titans,Kolkata-Knight-Riders,Spin,1.0
2465,2,35.0,Gujarat Titans,Shubman Gill,Varun Chakaravarthy,,12,4.0,0,0,0.0,0.0,0.0,0.0,1.0,0.0,0.0,0.0,0.0,0.0,0.0,0.0,0.0,,,0.0,11.4,1.0,1.0,0.0,820941.0,59.5,91.0,0.0,0.0,,24.0,LEG SPIN,27.0,FORWARD PUSH,0.0,0.0,4,11.0,112.0,2.0,Outside Off stump,Full Length,0.0,0.0,2.0,0.0,0.0,0.0,0.0,0.0,59.67144556862893,-3.205071561075202,8.340552263894427,-0.8738443640426836,2.120860527537677,,,,,,,10.37465665782772,0.1763037567733399,0.6187261400109095,85.17854532430245,Defended,Played,,0.727443695068359,0.6483650207519531,5.291306,-0.235932,,,,,,,-7.613134,-0.050402,0.477758,-8.840908,0.033481,0.61883,-15.25999676483245,-10.0600352032965,0.1192342589572722,0.7241843820491299,1.085809586566038,0.2633562341792255,-1.0,-1.0,NARENDRA-MODI-STADIUM-AHMEDABAD,-1.0,,R,L,R,Gujarat-Titans,Kolkata-Knight-Riders,Spin,1.0
2465,2,35.0,Gujarat Titans,Shubman Gill,Varun Chakaravarthy,,12,5.0,6,6,6.0,0.0,0.0,0.0,0.0,0.0,0.0,0.0,0.0,0.0,0.0,1.0,0.0,,,0.0,11.5,1.0,1.0,0.0,820942.0,-82.0,211.0,6.0,0.0,,24.0,LEG SPIN,5.0,LOFTED OFF DRIVE,0.0,0.0,5,11.0,118.0,2.0,Outside Off stump,Full Length,0.0,0.0,2.0,0.0,0.0,0.0,0.0,0.0,61.79300730645526,-1.215201476631643,8.341088025803316,-1.014710667141536,2.130263634075948,,,,,,,10.33742509222528,0.248139692166987,0.590594410315142,73.7751923305726,Attacked,Played,,0.695697784423828,0.6293792724609375,3.564991,-0.388846,,,,,,,-7.84876,-0.379051,0.25921,-8.841031,-0.371674,0.405513,-15.40327738869889,-10.05977105612904,-0.3623734780869414,0.5568184475111779,-0.2246026501411587,-1.886645186477283,-1.0,-1.0,NARENDRA-MODI-STADIUM-AHMEDABAD,-1.0,,R,L,R,Gujarat-Titans,Kolkata-Knight-Riders,Spin,1.0
2465,2,35.0,Gujarat Titans,Shubman Gill,Varun Chakaravarthy,,12,6.0,1,1,1.0,1.0,0.0,0.0,0.0,0.0,0.0,0.0,0.0,0.0,0.0,0.0,0.0,,,0.0,11.6,1.0,1.0,0.0,820944.0,-154.0,-44.5,1.0,0.0,,24.0,LEG SPIN,16.0,BACKFOOT SQUARE DRIVE,0.0,0.0,6,11.0,119.0,2.0,Outside Off stump,Good Length,0.0,0.0,2.0,0.0,0.0,0.0,0.0,0.0,58.77443085558222,-4.414275846408575,8.340683329695345,-0.8900505584811053,2.143896535593549,,,,,,,11.46275401921902,0.2681380324512252,0.6197044995853505,76.14187169268004,Attacked,Played,,0.756179809570312,0.7251205444335938,6.498065,-0.44791,,,,,,,-8.569777,-0.221454,0.773743,-8.840683,-0.208383,0.795951,-15.98847218676164,-10.0601679573618,-0.1483806690052791,0.8690729864115474,0.5682836449174599,0.0157561076663163,-1.0,-1.0,NARENDRA-MODI-STADIUM-AHMEDABAD,-1.0,,R,L,R,Gujarat-Titans,Kolkata-Knight-Riders,Spin,1.0
2465,2,35.0,Gujarat Titans,Shubman Gill,Sunil Narine,,13,1.0,1,1,1.0,1.0,0.0,0.0,0.0,0.0,0.0,0.0,0.0,0.0,0.0,0.0,0.0,,,0.0,12.1,1.0,1.0,0.0,820947.0,-79.0,169.0,1.0,0.0,,25.0,OFF SPIN,21.0,STEP DOWN OFF DRIVE,0.0,0.0,1,12.0,120.0,2.0,Outside Off stump,Good Length,1.0,0.0,2.0,0.0,0.0,0.0,0.0,0.0,60.15216204634142,-4.014815306848869,8.340614961110859,-0.7432517372167298,2.110583147401848,,,,,,,7.968870765350452,0.2070452450072004,0.4760420360966818,60.70178091378224,Attacked,Played,None,0.726161956787109,0.6236228942871094,5.916434,-0.276563,,,,,,,-7.105099,-0.211549,0.3728,-8.840783,-0.171328,0.478416,-15.11043308042832,-10.06009996340522,-0.1420467980667153,0.5079012425734024,0.6780527891717705,-1.277236012257053,-1.0,-1.0,NARENDRA-MODI-STADIUM-AHMEDABAD,-1.0,,,,,,,,
2465,2,35.0,Gujarat Titans,Washington Sundar,Sunil Narine,,13,2.0,1,1,1.0,1.0,0.0,0.0,0.0,0.0,0.0,0.0,0.0,0.0,0.0,0.0,0.0,,,0.0,12.2,1.0,1.0,0.0,820950.0,-84.5,158.5,1.0,0.0,,25.0,OFF SPIN,101.0,BACKFOOT ON DRIVE,0.0,0.0,2,12.0,121.0,2.0,Outside Leg stump,Good Length,0.0,0.0,2.0,0.0,0.0,0.0,0.0,0.0,56.42064384779781,-3.382193712429742,8.340557939791115,-0.6434798323953743,2.121785559762849,,,,,,,10.55902466289463,0.1356773159471308,0.6199482384937075,89.42450417934306,Attacked,Played,,0.764190673828125,0.7419204711914062,5.807215,-0.228182,,,,,,,-8.709213,0.006567,0.659937,-8.840791,0.013868,0.671196,-15.73775756739559,-10.06003644531032,0.0826189296880557,0.7533571509542119,-0.8216437133993737,1.412291771809354,-1.0,-1.0,NARENDRA-MODI-STADIUM-AHMEDABAD,-1.0,,L,R,R,Gujarat-Titans,Kolkata-Knight-Riders,Spin,1.0
2465,2,35.0,Gujarat Titans,Shubman Gill,Sunil Narine,,13,3.0,1,1,1.0,1.0,0.0,0.0,0.0,0.0,0.0,0.0,0.0,0.0,0.0,0.0,0.0,,,0.0,12.3,1.0,1.0,0.0,820952.0,70.5,160.5,1.0,0.0,,25.0,OFF SPIN,101.0,BACKFOOT ON DRIVE,0.0,0.0,3,12.0,122.0,2.0,Outside Off stump,Good Length,0.0,0.0,2.0,0.0,0.0,0.0,0.0,0.0,60.27017894454966,-4.82761967470327,8.340685066331542,-0.736709762966679,2.085611210717099,,,,,,,10.39892320419006,0.2138849482360819,0.6117985094978345,80.38128160106699,Attacked,Played,,0.731781005859375,0.6986503601074219,6.675066,-0.112567,,,,,,,-8.520591,0.049891,0.726288,-8.840846,0.060698,0.749648,-15.233184232804,-10.06010912943635,0.1026510077480529,0.8139909805272744,1.314687614301088,-2.022967090030807,-1.0,-1.0,NARENDRA-MODI-STADIUM-AHMEDABAD,-1.0,,R,L,R,Gujarat-Titans,Kolkata-Knight-Riders,Spin,1.0
2465,2,35.0,Gujarat Titans,Washington Sundar,Sunil Narine,,13,4.0,1,1,1.0,1.0,0.0,0.0,0.0,0.0,0.0,0.0,0.0,0.0,0.0,0.0,0.0,,,0.0,12.4,1.0,1.0,0.0,820953.0,89.0,169.5,1.0,0.0,,25.0,OFF SPIN,6.0,BACKFOOT OFF DRIVE,0.0,0.0,4,12.0,123.0,2.0,Outside Leg stump,Good Length,0.0,0.0,2.0,0.0,0.0,0.0,0.0,0.0,54.0408056313689,-3.233304103734927,8.340566494247376,-0.7140414952264887,2.125731178187839,,,,,,,10.47113716031781,0.1272270203256311,0.5767292150478205,83.78668022460995,Attacked,Played,,0.793842315673828,0.7683219909667969,6.338269,-0.161291,,,,,,,-8.667375,0.261014,0.670729,-8.840979,0.276729,0.681493,-16.72192801719397,-10.06001825131141,0.3889505513051547,0.7316268752085376,-0.5605565564565508,2.290286220072078,-1.0,-1.0,NARENDRA-MODI-STADIUM-AHMEDABAD,-1.0,,L,R,R,Gujarat-Titans,Kolkata-Knight-Riders,Spin,1.0
2465,2,35.0,Gujarat Titans,Shubman Gill,Sunil Narine,,13,5.0,0,0,0.0,0.0,0.0,0.0,1.0,0.0,0.0,0.0,0.0,0.0,0.0,0.0,0.0,,,0.0,12.5,1.0,1.0,0.0,820957.0,-19.5,67.5,0.0,0.0,,25.0,OFF SPIN,27.0,FORWARD PUSH,0.0,0.0,5,12.0,123.0,2.0,Off stump,Full Length,0.0,0.0,2.0,0.0,0.0,0.0,0.0,0.0,59.29610557017754,-3.152187406164151,8.340512854650047,-0.6401153783193244,2.081319564715215,,,,,,,10.05987361803539,0.2810397258950526,0.5843593265301922,69.54992639002357,Defended,Played,,0.730602264404297,0.6601409912109375,5.34204,-0.130174,,,,,,,-7.845394,-0.05417,0.494237,-8.840851,-0.028756,0.59277,-14.98372720941008,-10.06020192695876,0.0032518269844786,0.6785908176795946,0.6724236286706917,-1.24463621682327,-1.0,-1.0,NARENDRA-MODI-STADIUM-AHMEDABAD,-1.0,,R,L,R,Gujarat-Titans,Kolkata-Knight-Riders,Spin,1.0
2465,2,35.0,Gujarat Titans,Shubman Gill,Sunil Narine,,13,6.0,0,0,0.0,0.0,0.0,0.0,1.0,0.0,0.0,0.0,0.0,0.0,0.0,0.0,0.0,,,0.0,12.6,1.0,1.0,0.0,820958.0,-71.5,44.5,0.0,0.0,,25.0,OFF SPIN,51.0,FRONTFOOT COVERDRIVE,0.0,0.0,6,12.0,123.0,2.0,Outside Off stump,Good Length,0.0,0.0,2.0,0.0,0.0,0.0,0.0,0.0,57.47814976065388,-3.81467297503787,8.340635122230488,-0.6816204294298183,2.098863480103919,,,,,,,9.719157386394295,0.1474419121625204,0.5778538501075245,81.93388629987663,Attacked,Played,,0.746932983398438,0.6827545166015625,6.072531,-0.518426,,,,,,,-7.909377,-0.385449,0.55682,-8.840606,-0.352087,0.630295,-15.49071046175914,-10.06015581769778,-0.307254769609563,0.6930291521655363,-0.841394065758651,1.541236475671375,-1.0,-1.0,NARENDRA-MODI-STADIUM-AHMEDABAD,-1.0,,R,L,R,Gujarat-Titans,Kolkata-Knight-Riders,Spin,1.0
2465,2,35.0,Gujarat Titans,Washington Sundar,Kartik Tyagi,,14,1.0,2,2,2.0,0.0,1.0,0.0,0.0,0.0,0.0,0.0,0.0,0.0,0.0,0.0,0.0,,,0.0,13.1,1.0,1.0,0.0,820962.0,-148.5,91.0,2.0,0.0,,38.0,STRAIGHT BALL,47.0,FRONTFOOT ON DRIVE,0.0,0.0,1,13.0,125.0,2.0,Outside Leg stump,Good Length,1.0,0.0,2.0,0.0,0.0,0.0,0.0,0.0,87.3428935375315,-6.591993875038841,8.340557727918068,-0.441409420254943,1.955607055292158,,,,,,,6.459091364100289,0.003863484565322,0.5903479931062031,98.16585050939828,Attacked,Played,,0.485721588134766,0.4642181396484375,5.701212,-0.20599,,,,,,,-8.460139,-0.080479,0.43331,-8.841067,-0.068256,0.464568,-10.84233885092884,-10.06021448302406,-0.0284393624206829,0.556147403984264,0.7525378047565877,0.2248743617697335,-1.0,-1.0,NARENDRA-MODI-STADIUM-AHMEDABAD,-1.0,,L,R,R,Gujarat-Titans,Kolkata-Knight-Riders,Seam,1.0
2465,2,35.0,Gujarat Titans,Washington Sundar,Kartik Tyagi,,14,2.0,1 (LB),1,0.0,0.0,0.0,0.0,1.0,1.0,0.0,0.0,0.0,1.0,0.0,0.0,0.0,,,0.0,13.2,1.0,1.0,1.0,820964.0,-66.5,-113.0,1.0,0.0,,38.0,STRAIGHT BALL,54.0,LEG GLANCE,0.0,0.0,2,13.0,126.0,2.0,Outside Leg stump,Short of Good Length,0.0,0.0,2.0,0.0,0.0,0.0,0.0,0.0,88.98415249746516,-10.23096316160429,8.340715370618959,-0.4807148053545778,1.90270410907039,,,,,,,8.140063355521647,0.138360888050767,0.5794679143227881,83.08409834334151,Attacked,Missed,,0.493240356445312,0.4859848022460938,9.257583,-0.315996,,,,,,,-9.015683,-0.266571,0.910675,-8.840468,-0.267659,0.897758,-13.1825784757064,-10.0603421859022,-0.2600521328425516,0.9816431716167624,-0.3177423409916332,-0.5334172290346483,-1.0,-1.0,NARENDRA-MODI-STADIUM-AHMEDABAD,-1.0,,L,R,R,Gujarat-Titans,Kolkata-Knight-Riders,Seam,1.0
2465,2,35.0,Gujarat Titans,Shubman Gill,Kartik Tyagi,,14,3.0,6,6,6.0,0.0,0.0,0.0,0.0,0.0,0.0,0.0,0.0,0.0,0.0,1.0,0.0,,,0.0,13.3,1.0,1.0,0.0,820965.0,160.0,-66.5,6.0,0.0,,39.0,ANGLED IN,58.0,BACKFOOT PULL SHOT,0.0,0.0,3,13.0,132.0,2.0,Outside Off stump,Short of Good Length,0.0,0.0,2.0,0.0,0.0,0.0,0.0,0.0,87.367239,-10.71780565369048,8.34069169978505,-0.5841506955944862,1.92611081613811,,,,,,,8.772385842048676,0.132995084638475,0.5848573635977292,84.42909607581188,Attacked,Played,,0.540321350097656,0.4702377319335938,9.695864,-0.280744,,,,,,,-8.153149,0.022358,0.96651,-8.840628,0.050013,1.0233,-14.03115303726666,-10.05989501739635,0.0994391048849988,1.112575710610442,-0.3587640616019754,0.3521121582251744,-1.0,-1.0,NARENDRA-MODI-STADIUM-AHMEDABAD,-1.0,,R,L,R,Gujarat-Titans,Kolkata-Knight-Riders,Seam,1.0
2465,2,35.0,Gujarat Titans,Shubman Gill,Kartik Tyagi,,14,4.0,1,1,1.0,1.0,0.0,0.0,0.0,0.0,0.0,0.0,0.0,0.0,0.0,0.0,0.0,,,0.0,13.4,1.0,1.0,0.0,820967.0,158.5,49.0,1.0,0.0,,38.0,STRAIGHT BALL,58.0,BACKFOOT PULL SHOT,0.0,0.0,4,13.0,133.0,2.0,Outside Off stump,Short of Good Length,0.0,0.0,2.0,0.0,0.0,0.0,0.0,0.0,73.386828,-10.3460583000172,8.340701860744026,-0.6080763225490189,1.939229372654074,,,,,,,10.34095165496395,0.1796580083191264,0.6243943457638895,85.6933510326708,Attacked,Played,,0.540321350097656,0.5606689453125,9.912343,-0.460171,,,,,,,-7.967298,-0.170408,0.976342,-8.840948,-0.136879,1.017226,-15.06351905223742,-10.06008178285712,-0.0896817681126716,1.0507838728787,-0.3281951768619746,1.228578821864096,-1.0,-1.0,NARENDRA-MODI-STADIUM-AHMEDABAD,-1.0,,R,L,R,Gujarat-Titans,Kolkata-Knight-Riders,Seam,1.0
2465,2,35.0,Gujarat Titans,Washington Sundar,Kartik Tyagi,,14,5.0,4,4,4.0,0.0,0.0,0.0,0.0,0.0,0.0,0.0,0.0,0.0,1.0,0.0,0.0,,,0.0,13.5,1.0,1.0,0.0,820970.0,-32.5,-151.0,4.0,0.0,,38.0,STRAIGHT BALL,58.0,BACKFOOT PULL SHOT,0.0,0.0,5,13.0,137.0,2.0,Outside Leg stump,Short Length,0.0,0.0,2.0,0.0,0.0,0.0,0.0,0.0,87.680827,-14.88469899107068,8.340736947498481,-0.4813791877616888,1.874889861691223,,,,,,,9.692565717250169,0.0978821557676559,0.5068553456749529,76.24008627447733,Attacked,Edged,,0.540321350097656,0.49127197265625,12.108729,-0.365366,,,,,,,-8.56053,-0.265927,1.373841,-8.840475,-0.263188,1.395314,-17.79985575923583,-10.05994398374629,-0.2511838268208401,1.479643375939429,-0.0651008371765179,-0.5074329401501756,-1.0,-1.0,NARENDRA-MODI-STADIUM-AHMEDABAD,-1.0,,L,R,R,Gujarat-Titans,Kolkata-Knight-Riders,Seam,1.0
2465,2,35.0,Gujarat Titans,Washington Sundar,Kartik Tyagi,,14,6.0,1 (WD),1,0.0,0.0,0.0,0.0,0.0,1.0,1.0,0.0,0.0,0.0,0.0,0.0,0.0,,,0.0,13.6,1.0,1.0,1.0,820971.0,-32.5,-151.0,1.0,0.0,,38.0,STRAIGHT BALL,58.0,BACKFOOT PULL SHOT,0.0,0.0,6,13.0,138.0,2.0,Outside Leg stump,Short Length,0.0,0.0,2.0,0.0,0.0,0.0,0.0,0.0,84.44081950761947,-13.83157505439843,8.341194302170628,-0.6912910919993731,1.849310385759189,,,,,,,9.419282955401364,0.0181184739217682,0.5225378747016961,86.56883381307759,,,,0.538352966308594,0.5701675415039062,11.893675,-0.546483,,,,,,,-999.9,-999.9,-999.9,-8.84107,-0.572481,1.509992,-17.47514778144846,-10.06015619021707,-0.5758941328415508,1.628230552404803,0.3341046495984197,-1.569538561896506,-1.0,-1.0,NARENDRA-MODI-STADIUM-AHMEDABAD,-1.0,,L,R,R,Gujarat-Titans,Kolkata-Knight-Riders,Seam,1.0
2465,2,35.0,Gujarat Titans,Washington Sundar,Kartik Tyagi,,14,6.0,1,1,1.0,1.0,0.0,0.0,0.0,0.0,0.0,0.0,0.0,0.0,0.0,0.0,0.0,,,0.0,13.6,1.0,1.0,0.0,820974.0,-151.0,59.5,1.0,0.0,,47.0,SLOWER BALL,101.0,BACKFOOT ON DRIVE,0.0,0.0,7,13.0,139.0,2.0,Outside Leg stump,Short of Good Length,0.0,0.0,2.0,0.0,0.0,0.0,0.0,0.0,70.2968215640546,-7.459285986737058,8.340916808687961,-0.441585051270782,1.938724375071422,,,,,,,8.75323159590557,0.0350639218156691,0.6021655636232488,96.8184423619204,Attacked,Played,,0.621253967285156,0.579254150390625,8.310518,-0.214,,,,,,,-8.20591,0.026329,0.781755,-8.841056,0.044455,0.824968,-14.13782541178285,-10.06019047313961,0.075861474603758,0.8891572842230862,-0.3681932892735235,1.41130375674201,-1.0,-1.0,NARENDRA-MODI-STADIUM-AHMEDABAD,-1.0,,L,R,R,Gujarat-Titans,Kolkata-Knight-Riders,Seam,1.0
2465,2,35.0,Gujarat Titans,Washington Sundar,Varun Chakaravarthy,,15,1.0,1,1,1.0,1.0,0.0,0.0,0.0,0.0,0.0,0.0,0.0,0.0,0.0,0.0,0.0,,,0.0,14.1,1.0,1.0,0.0,820975.0,-172.5,24.5,1.0,0.0,,24.0,LEG SPIN,58.0,BACKFOOT PULL SHOT,0.0,0.0,1,14.0,140.0,2.0,Outside Leg stump,Short of Good Length,1.0,0.0,2.0,0.0,0.0,0.0,0.0,0.0,59.4444883400996,-6.247323741635811,8.340666988858036,-0.9810701347338228,2.105602203309676,,,,,,,10.67204286667324,0.2323309067459353,0.580436832049031,73.83243413276112,Attacked,Played,,0.759452819824219,0.703582763671875,7.917151,-0.373932,,,,,,,-8.056314,-0.007612,0.793676,-8.840706,0.04513,0.827614,-16.18654412045673,-10.06007938476267,0.1293210825349464,0.8433377104579494,0.839537603084469,-0.4433882137002709,-1.0,-1.0,NARENDRA-MODI-STADIUM-AHMEDABAD,-1.0,,L,R,R,Gujarat-Titans,Kolkata-Knight-Riders,Spin,1.0
2465,2,35.0,Gujarat Titans,Shubman Gill,Varun Chakaravarthy,,15,2.0,1,1,1.0,1.0,0.0,0.0,0.0,0.0,0.0,0.0,0.0,0.0,0.0,0.0,0.0,,,0.0,14.2,1.0,1.0,0.0,820978.0,135.0,-43.5,1.0,0.0,,24.0,LEG SPIN,54.0,LEG GLANCE,0.0,0.0,2,14.0,141.0,2.0,Outside Leg stump,Good Length,0.0,0.0,2.0,0.0,0.0,0.0,0.0,0.0,58.89366022092264,-4.28566524168149,8.341041958504242,0.8642222198088833,2.105626886425482,,,,,,,10.69573990300924,0.2253976102231751,0.6083283221338557,78.70948729776084,Attacked,Played,,0.748031616210938,0.6840591430664062,6.425364,0.441521,,,,,,,-7.903484,0.362623,0.657018,-8.840687,0.344194,0.735792,-15.59490390590266,-10.06018107841327,0.3195534120587422,0.802200161179487,1.298636015571027,0.3343071642739188,-1.0,-1.0,NARENDRA-MODI-STADIUM-AHMEDABAD,-1.0,,R,L,R,Gujarat-Titans,Kolkata-Knight-Riders,Spin,1.0
2465,2,35.0,Gujarat Titans,Washington Sundar,Varun Chakaravarthy,,15,3.0,0 WK,W,0.0,0.0,0.0,0.0,1.0,0.0,0.0,0.0,0.0,0.0,0.0,0.0,1.0,Caught,WICKET,1.0,14.3,1.0,1.0,0.0,820981.0,-137.0,-61.5,0.0,0.0,,24.0,LEG SPIN,58.0,BACKFOOT PULL SHOT,0.0,0.0,3,14.0,141.0,3.0,Outside Off stump,Short of Good Length,1.0,0.0,2.0,0.0,0.0,0.0,0.0,0.0,64.22830121121606,-9.590378627831235,8.340758638547257,0.8644390298754916,2.103941377049652,,,,,,,10.18226656095597,0.0528755148638961,0.6162852866553156,97.15524151190772,,,,0.692035675048828,0.6374015808105469,9.198315,0.313477,,,,,,,-8.031365,-0.112398,0.947794,-8.840953,-0.165029,0.994154,-15.88746723988239,-10.06008105693095,-0.2462844649910895,1.036985552535433,-1.055136563148711,0.8265441682169905,-1.0,-1.0,NARENDRA-MODI-STADIUM-AHMEDABAD,-1.0,,L,R,R,Gujarat-Titans,Kolkata-Knight-Riders,Spin,1.0
2465,2,35.0,Gujarat Titans,Glenn Phillips,Varun Chakaravarthy,,15,4.0,1,1,1.0,1.0,0.0,0.0,0.0,0.0,0.0,0.0,0.0,0.0,0.0,0.0,0.0,,,0.0,14.4,1.0,1.0,0.0,820984.0,153.0,33.0,1.0,0.0,,24.0,LEG SPIN,97.0,BACKFOOT PUSH,0.0,0.0,4,14.0,142.0,3.0,Outside Off stump,Good Length,2.0,0.0,2.0,0.0,0.0,0.0,0.0,0.0,58.41610102707303,-3.66846848898516,8.340596362443957,-0.9061805271919146,2.143096400993712,,,,,,,10.94196157773744,0.2887890340781988,0.5947365308343994,70.33157621734001,Attacked,Played,,0.756763458251953,0.7224884033203125,5.899385,-0.282258,,,,,,,-8.47357,0.008402,0.658433,-8.840601,0.034598,0.689286,-15.78425181943852,-10.05994771213243,0.1234416244950012,0.7629119715101946,0.6383267384511744,0.4725438215787239,-1.0,-1.0,NARENDRA-MODI-STADIUM-AHMEDABAD,-1.0,,R,R,R,Gujarat-Titans,Kolkata-Knight-Riders,Spin,1.0
2465,2,35.0,Gujarat Titans,Shubman Gill,Varun Chakaravarthy,,15,5.0,1,1,1.0,1.0,0.0,0.0,0.0,0.0,0.0,0.0,0.0,0.0,0.0,0.0,0.0,,,0.0,14.5,1.0,1.0,0.0,820985.0,123.0,-47.0,1.0,0.0,,24.0,LEG SPIN,54.0,LEG GLANCE,0.0,0.0,5,14.0,143.0,3.0,Outside Leg stump,Good Length,0.0,0.0,2.0,0.0,0.0,0.0,0.0,0.0,60.61038660082066,-4.265721485285575,8.340569663740606,0.9587990506771968,2.15673638075502,,,,,,,11.05205777993313,0.2578510977827501,0.6385927878999034,80.0038084067105,Attacked,Played,,0.72528076171875,0.6736793518066406,5.798524,0.614626,,,,,,,-8.212867,0.354688,0.657938,-8.840979,0.31103,0.724979,-15.13296918028358,-10.0601058687514,0.224282957517393,0.8265786829829075,0.915041645078079,-2.508830013860083,-1.0,-1.0,NARENDRA-MODI-STADIUM-AHMEDABAD,-1.0,,R,R,R,Gujarat-Titans,Kolkata-Knight-Riders,Spin,1.0
2465,2,35.0,Gujarat Titans,Glenn Phillips,Varun Chakaravarthy,,15,6.0,1,1,1.0,1.0,0.0,0.0,0.0,0.0,0.0,0.0,0.0,0.0,0.0,0.0,0.0,,,0.0,14.6,1.0,1.0,0.0,820987.0,129.5,-56.5,1.0,0.0,,24.0,LEG SPIN,97.0,BACKFOOT PUSH,0.0,0.0,6,14.0,144.0,3.0,Outside Off stump,Short of Good Length,0.0,0.0,2.0,0.0,0.0,0.0,0.0,0.0,66.06887972137523,-7.915161690066981,8.34048229971171,-0.8672521783878011,2.134906037414594,,,,,,,10.13441932130706,0.1149916078681074,0.6500668725194286,96.01087009110356,Attacked,Played,,0.670200347900391,0.6362113952636719,7.789952,-0.247902,,,,,,,-8.462114,0.130368,0.867115,-8.840927,0.155318,0.897063,-14.64332980072704,-10.05991371557448,0.2371996592846874,0.9736948409810736,-0.6489392575540442,0.2616240541624857,-1.0,-1.0,NARENDRA-MODI-STADIUM-AHMEDABAD,-1.0,,R,R,R,Gujarat-Titans,Kolkata-Knight-Riders,Spin,1.0
2465,2,35.0,Gujarat Titans,Glenn Phillips,Anukul Roy,,16,1.0,0,0,0.0,0.0,0.0,0.0,1.0,0.0,0.0,0.0,0.0,0.0,0.0,0.0,0.0,,,0.0,15.1,1.0,1.0,0.0,820988.0,72.0,39.5,0.0,0.0,,10.0,ORTHODOX,27.0,FORWARD PUSH,0.0,0.0,1,15.0,144.0,3.0,Off stump,Full Length,1.0,0.0,2.0,0.0,0.0,0.0,0.0,0.0,57.13157797159196,-2.127002063211263,8.341027754524383,-0.8294417991828293,2.102466798877747,,,,,,,8.536711601381036,0.1517531760077755,0.5349422718224077,75.06602317258361,Defended,Played,,0.739128112792969,0.680328369140625,3.998115,-0.135489,,,,,,,-7.866757,-0.084777,0.257405,-8.84086,-0.056558,0.356258,-14.77250188218639,-10.05996782128264,-0.0203536661251771,0.448105723976902,0.796249000378109,-1.596468482228302,-1.0,-1.0,NARENDRA-MODI-STADIUM-AHMEDABAD,-1.0,,R,R,L,Gujarat-Titans,Kolkata-Knight-Riders,Spin,1.0
2465,2,35.0,Gujarat Titans,Glenn Phillips,Anukul Roy,,16,2.0,1 (WD),1,0.0,0.0,0.0,0.0,0.0,1.0,1.0,0.0,0.0,0.0,0.0,0.0,0.0,,,0.0,15.2,1.0,1.0,1.0,820989.0,72.0,39.5,1.0,0.0,,10.0,ORTHODOX,55.0,SWEEP SHOT,0.0,0.0,2,15.0,145.0,3.0,Outside Leg stump,Full Length,0.0,0.0,2.0,0.0,0.0,0.0,0.0,0.0,57.69143141353599,-1.290262910441819,8.340930387988394,-0.7733960122134809,2.101435134537097,,,,,,,10.20077854011239,0.2169686236228114,0.619707414059938,81.25924974670957,Attacked,Missed,,0.74578857421875,0.7799835205078125,3.179875,0.293522,,,,,,,-999.9,-999.9,-999.9,-8.840857,0.41133,0.332759,-14.78856248519677,-10.06008147797504,0.4872939008290278,0.4829974688825791,1.523768307227602,-1.44492947726551,-1.0,-1.0,NARENDRA-MODI-STADIUM-AHMEDABAD,-1.0,,R,R,L,Gujarat-Titans,Kolkata-Knight-Riders,Spin,1.0
2465,2,35.0,Gujarat Titans,Glenn Phillips,Anukul Roy,,16,2.0,0,0,0.0,0.0,0.0,0.0,1.0,0.0,0.0,0.0,0.0,0.0,0.0,0.0,0.0,,,0.0,15.2,1.0,1.0,0.0,820990.0,22.5,74.0,0.0,0.0,,10.0,ORTHODOX,97.0,BACKFOOT PUSH,0.0,0.0,3,15.0,145.0,3.0,Off stump,Good Length,0.0,0.0,2.0,0.0,0.0,0.0,0.0,0.0,56.39704744628855,-3.795030056701191,8.341078882585187,-0.8501823566479316,2.071590373037458,,,,,,,10.05153902422127,0.197892045544885,0.5999258460532477,80.19967235349867,Defended,Played,,0.76922607421875,0.7385101318359375,5.891928,-0.212098,,,,,,,-8.537408,-0.106618,0.58259,-8.840653,-0.09889,0.603842,-15.14253605594127,-10.06012648871567,-0.0672236355692388,0.6625878502410694,1.058767266296117,-2.155622434257183,-1.0,-1.0,NARENDRA-MODI-STADIUM-AHMEDABAD,-1.0,,R,R,L,Gujarat-Titans,Kolkata-Knight-Riders,Spin,1.0
2465,2,35.0,Gujarat Titans,Glenn Phillips,Anukul Roy,,16,3.0,1,1,1.0,1.0,0.0,0.0,0.0,0.0,0.0,0.0,0.0,0.0,0.0,0.0,0.0,,,0.0,15.3,1.0,1.0,0.0,820991.0,155.5,45.0,1.0,0.0,,10.0,ORTHODOX,97.0,BACKFOOT PUSH,0.0,0.0,4,15.0,146.0,3.0,Middle stump,Good Length,0.0,0.0,2.0,0.0,0.0,0.0,0.0,0.0,52.81069237161872,-1.960626279063876,8.340747218751371,-0.9189464155940662,2.087195417223288,,,,,,,10.95282881115251,0.1955117419222495,0.5815851830836462,77.686603270322,Attacked,Played,,0.820049285888672,0.7909469604492188,5.669487,-0.074779,,,,,,,-8.573185,0.053725,0.602718,-8.840716,0.062382,0.622585,-16.83250875615037,-10.06006271650319,0.1025683274581943,0.6829355840089923,1.401886408413693,-2.846354942593612,-1.0,-1.0,NARENDRA-MODI-STADIUM-AHMEDABAD,-1.0,,R,R,L,Gujarat-Titans,Kolkata-Knight-Riders,Spin,1.0
2465,2,35.0,Gujarat Titans,Shubman Gill,Anukul Roy,,16,4.0,1,1,1.0,1.0,0.0,0.0,0.0,0.0,0.0,0.0,0.0,0.0,0.0,0.0,0.0,,,0.0,15.4,1.0,1.0,0.0,820992.0,164.5,57.0,1.0,0.0,,10.0,ORTHODOX,74.0,STEP DOWN ON DRIVE,0.0,0.0,5,15.0,147.0,3.0,Off stump,Good Length,0.0,0.0,2.0,0.0,0.0,0.0,0.0,0.0,56.87013872286526,-3.721910898276361,8.340886059167651,-0.7403018795578836,2.083386600156715,,,,,,,10.15918866874096,0.1759784028038006,0.6106648569750489,84.00188826587728,Attacked,Played,,0.749885559082031,0.6552658081054688,5.772145,-0.076377,,,,,,,-7.054583,0.037285,0.435213,-8.840896,0.114581,0.610515,-15.17755348760732,-10.06015130402724,0.1692670906336182,0.681700806447603,1.318309268550376,-1.41512390666714,-1.0,-1.0,NARENDRA-MODI-STADIUM-AHMEDABAD,-1.0,,R,R,L,Gujarat-Titans,Kolkata-Knight-Riders,Spin,1.0
2465,2,35.0,Gujarat Titans,Glenn Phillips,Anukul Roy,,16,5.0,1,1,1.0,1.0,0.0,0.0,0.0,0.0,0.0,0.0,0.0,0.0,0.0,0.0,0.0,,,0.0,15.5,1.0,1.0,0.0,820994.0,-125.0,38.5,1.0,0.0,,10.0,ORTHODOX,97.0,BACKFOOT PUSH,0.0,0.0,6,15.0,148.0,3.0,Off stump,Good Length,0.0,0.0,2.0,0.0,0.0,0.0,0.0,0.0,56.98522593006567,-2.843483592758014,8.341072035488473,-0.8482078097339513,2.078513658392555,,,,,,,9.450718074427478,0.2258502233454833,0.5628779602913196,71.84667170914962,Defended,Edged,,0.744575500488281,0.7204742431640625,5.002023,-0.14456,,,,,,,-8.417387,-0.062533,0.452178,-8.840832,-0.05173,0.487184,-15.01350511249391,-10.06019200378929,-0.0199979988502848,0.5603567057944463,0.8977312081378969,-2.128118089847727,-1.0,-1.0,NARENDRA-MODI-STADIUM-AHMEDABAD,-1.0,,R,R,L,Gujarat-Titans,Kolkata-Knight-Riders,Spin,1.0
2465,2,35.0,Gujarat Titans,Shubman Gill,Anukul Roy,,16,6.0,1,1,1.0,1.0,0.0,0.0,0.0,0.0,0.0,0.0,0.0,0.0,0.0,0.0,0.0,,,0.0,15.6,1.0,1.0,0.0,820997.0,86.5,24.0,1.0,0.0,,10.0,ORTHODOX,27.0,FORWARD PUSH,0.0,0.0,7,15.0,149.0,3.0,Off stump,Good Length,0.0,0.0,2.0,0.0,0.0,0.0,0.0,0.0,66.04823284239515,-8.075091511114898,8.340565855004971,-0.8635141152262279,2.143449804060478,,,,,,,10.68944106441347,0.2304927042866826,0.6670743839821732,87.01188716865772,Defended,Played,,0.670200347900391,0.6100502014160156,7.707252,-0.106814,,,,,,,-7.893596,-0.201946,0.822593,-8.84101,-0.218598,0.902488,-14.37238422638528,-10.06014764107037,-0.2401998451034467,0.9804971851701132,2.239101244978174,-6.169358275311043,-1.0,-1.0,NARENDRA-MODI-STADIUM-AHMEDABAD,-1.0,,R,R,L,Gujarat-Titans,Kolkata-Knight-Riders,Spin,1.0
2465,2,35.0,Gujarat Titans,Shubman Gill,Vaibhav Arora,,17,1.0,0,0,0.0,0.0,0.0,0.0,1.0,0.0,0.0,0.0,0.0,0.0,0.0,0.0,0.0,,,0.0,16.1,1.0,1.0,0.0,821002.0,86.5,24.0,0.0,0.0,,30.0,ANGLED ACROSS,15.0,LOFTED COVER DRIVE,0.0,0.0,1,16.0,149.0,3.0,Outside Off stump,Full Length,1.0,0.0,2.0,0.0,0.0,0.0,0.0,0.0,80.66751721519837,-6.0248749716929,8.340626058235962,1.006015902893088,2.019859364595521,,,,,,,7.500009003333586,0.0981500570382959,0.6493378044194159,97.5856649590828,Attacked,Missed,,0.530044555664062,0.5543174743652344,5.072097,-0.337272,,,,,,,-999.9,-999.9,-999.9,-8.840986,-0.705957,0.479416,-11.11578015755069,-10.05984370395473,-0.8292447375254134,0.5904066868692679,0.1120850289081398,0.4450090213891236,-1.0,-1.0,NARENDRA-MODI-STADIUM-AHMEDABAD,-1.0,,R,R,R,Gujarat-Titans,Kolkata-Knight-Riders,Seam,1.0
2465,2,35.0,Gujarat Titans,Shubman Gill,Vaibhav Arora,,17,2.0,4,4,4.0,0.0,0.0,0.0,0.0,0.0,0.0,0.0,0.0,0.0,1.0,0.0,0.0,,,0.0,16.2,1.0,1.0,0.0,821003.0,-186.0,102.5,4.0,0.0,,30.0,ANGLED ACROSS,15.0,LOFTED COVER DRIVE,0.0,0.0,2,16.0,153.0,3.0,Outside Off stump,Good Length,0.0,1.0,3.0,0.0,0.0,0.0,0.0,0.0,82.3574636116423,-6.811807064703798,8.341131429128541,0.9639195648507936,2.009477327155405,,,,,,,6.99885787618545,0.1047969281207925,0.6027541264733368,89.93342615892128,Attacked,Played,,0.518692016601562,0.511688232421875,5.779652,-0.323792,,,,,,,-8.820779,-0.771407,0.500906,-8.840755,-0.773477,0.50253,-11.15587446750505,-10.05976039845134,-0.9016153337400904,0.5933061737849183,-0.4654406712077311,0.7012111903163002,-1.0,-1.0,NARENDRA-MODI-STADIUM-AHMEDABAD,-1.0,,R,R,R,Gujarat-Titans,Kolkata-Knight-Riders,Seam,1.0
2465,2,35.0,Gujarat Titans,Shubman Gill,Vaibhav Arora,,17,3.0,1,1,1.0,1.0,0.0,0.0,0.0,0.0,0.0,0.0,0.0,0.0,0.0,0.0,0.0,,,0.0,16.3,1.0,1.0,0.0,821005.0,-133.5,65.0,1.0,0.0,,30.0,ANGLED ACROSS,15.0,LOFTED COVER DRIVE,0.0,0.0,3,16.0,154.0,3.0,Outside Off stump,Full Length,0.0,0.0,3.0,0.0,0.0,0.0,0.0,0.0,83.86434888495228,-5.148634988630899,8.34038262302635,1.00631807497492,2.028970043270607,,,,,,,6.916672691568386,0.1177820094277285,0.6455265085876757,95.05077534537853,Attacked,Edged,,0.508895874023438,0.4951171875,3.499753999999999,-0.510397,,,,,,,-8.819771,-0.758266,0.295308,-8.840812,-0.760631,0.29746,-10.27439814878426,-10.05989081462011,-0.8995367229820915,0.4151037371828131,-0.0969979304574351,-0.2560888900823865,-1.0,-1.0,NARENDRA-MODI-STADIUM-AHMEDABAD,-1.0,,R,R,R,Gujarat-Titans,Kolkata-Knight-Riders,Seam,1.0
2465,2,35.0,Gujarat Titans,Glenn Phillips,Vaibhav Arora,,17,4.0,2,2,2.0,0.0,1.0,0.0,0.0,0.0,0.0,0.0,0.0,0.0,0.0,0.0,0.0,,,0.0,16.4,1.0,1.0,0.0,821008.0,-145.0,-56.0,2.0,0.0,,30.0,ANGLED ACROSS,59.0,FRONTFOOT SQUARE DRIVE,0.0,0.0,4,16.0,156.0,3.0,Outside Off stump,Full Length,0.0,0.0,3.0,0.0,0.0,0.0,0.0,0.0,85.48401887452,-5.187330012565962,8.340700338336806,1.068874236720759,2.014373713666736,,,,,,,6.160249669595834,0.1630440147836996,0.5654291324537664,78.509968389695,Attacked,Played,,0.500839233398438,0.4809722900390625,3.684991999999999,-0.604773,,,,,,,-8.604381,-0.852755,0.26068,-8.840573,-0.879737,0.281453,-10.32095520379994,-10.06008912618589,-1.021330282501215,0.3802506496820964,0.3166654177161858,0.1166394349355708,-1.0,-1.0,NARENDRA-MODI-STADIUM-AHMEDABAD,-1.0,,R,R,R,Gujarat-Titans,Kolkata-Knight-Riders,Seam,1.0
2465,2,35.0,Gujarat Titans,Glenn Phillips,Vaibhav Arora,,17,5.0,1,1,1.0,1.0,0.0,0.0,0.0,0.0,0.0,0.0,0.0,0.0,0.0,0.0,0.0,,,0.0,16.5,1.0,1.0,0.0,821010.0,100.0,119.0,1.0,0.0,,38.0,STRAIGHT BALL,47.0,FRONTFOOT ON DRIVE,0.0,0.0,5,16.0,157.0,3.0,Middle stump,Full Length,0.0,0.0,3.0,0.0,0.0,0.0,0.0,0.0,84.02571995827871,-4.983414965888053,8.340491180479788,1.164428465759831,2.027912300913962,,,,,,,5.822303636100731,0.2460939199745417,0.5466966104809977,67.3950995746955,Attacked,Played,,0.505828857421875,0.4793930053710938,3.035731999999999,0.076361,,,,,,,-8.403355,-0.015826,0.186204,-8.841076,-0.045673,0.224409,-9.888642851688315,-10.06026176973141,-0.130364905196253,0.3206636556026082,-0.7195096647718441,0.6583832826074384,-1.0,-1.0,NARENDRA-MODI-STADIUM-AHMEDABAD,-1.0,,R,R,R,Gujarat-Titans,Kolkata-Knight-Riders,Seam,1.0
2465,2,35.0,Gujarat Titans,Shubman Gill,Vaibhav Arora,,17,6.0,1 (WD),1,0.0,0.0,0.0,0.0,0.0,1.0,1.0,0.0,0.0,0.0,0.0,0.0,0.0,,,0.0,16.6,1.0,1.0,1.0,821011.0,100.0,119.0,1.0,0.0,,30.0,ANGLED ACROSS,105.0,LEFT ALONE,0.0,0.0,6,16.0,158.0,3.0,Outside Off stump,Good Length,0.0,0.0,3.0,0.0,0.0,0.0,0.0,0.0,84.38023618291743,-5.105287307597802,8.340959767776994,1.028120032838595,2.032006205187156,,,,,,,7.200773785951561,0.1355202150023063,0.6711385364480033,97.11875896696984,,,,0.507499694824219,0.53448486328125,3.421919,-0.901615,,,,,,,-999.9,-999.9,-999.9,-8.840845,-1.16028,0.30156,-10.25904625709623,-10.06008491027583,-1.308846837727954,0.4266135576079779,-0.4006927323303144,1.000762434949885,-1.0,-1.0,NARENDRA-MODI-STADIUM-AHMEDABAD,-1.0,,R,R,R,Gujarat-Titans,Kolkata-Knight-Riders,Seam,1.0
2465,2,35.0,Gujarat Titans,Shubman Gill,Vaibhav Arora,,17,6.0,0 WK,W,0.0,0.0,0.0,0.0,1.0,0.0,0.0,0.0,0.0,0.0,0.0,0.0,1.0,Caught,WICKET,1.0,16.6,1.0,1.0,0.0,821015.0,-129.0,-59.0,0.0,0.0,,30.0,ANGLED ACROSS,15.0,LOFTED COVER DRIVE,0.0,0.0,7,16.0,158.0,4.0,Outside Off stump,Full Length,1.0,0.0,3.0,0.0,0.0,0.0,0.0,0.0,82.6310291393252,-4.230846455624404,8.340534770030722,1.08013708705264,2.038364254274115,,,,,,,8.160510067043251,0.1387895160763049,0.7618618290030311,110.4003227428242,,,,0.513839721679688,0.5076828002929688,2.250001,-0.556948,,,,,,,-9.159949,-0.683958,0.221714,-8.840705,-0.653592,0.179018,-10.20231981886052,-10.06021454774311,-0.7707284903573882,0.3373523889787698,0.9320232828112138,-0.011301262194016,-1.0,-1.0,NARENDRA-MODI-STADIUM-AHMEDABAD,-1.0,,R,R,R,Gujarat-Titans,Kolkata-Knight-Riders,Seam,1.0
2465,2,35.0,Gujarat Titans,Glenn Phillips,Kartik Tyagi,,18,1.0,1,1,1.0,1.0,0.0,0.0,0.0,0.0,0.0,0.0,0.0,0.0,0.0,0.0,0.0,,,0.0,17.1,1.0,1.0,0.0,821018.0,-71.0,152.5,1.0,0.0,,39.0,ANGLED IN,84.0,FRONTFOOT OFF DRIVE,0.0,0.0,1,17.0,159.0,4.0,Outside Off stump,Good Length,2.0,0.0,3.0,0.0,0.0,0.0,0.0,0.0,85.76106300188425,-8.210371832703375,8.340658026608438,-0.6047614024957331,1.953953581529782,,,,,,,6.868102118725551,0.0047916761723163,0.5910728556615288,98.18176073199768,Attacked,Played,,0.50372314453125,0.4659576416015625,7.286476,-0.294584,,,,,,,-8.078994,-0.184373,0.572348,-8.840804,-0.16748,0.630701,-11.50245513841319,-10.05976231448528,-0.1398304869427598,0.712326812004556,-0.1240537252296153,-0.4074978490360202,-1.0,-1.0,NARENDRA-MODI-STADIUM-AHMEDABAD,-1.0,,R,L,R,Gujarat-Titans,Kolkata-Knight-Riders,Seam,1.0
2465,2,35.0,Gujarat Titans,Rahul Tewatia,Kartik Tyagi,,18,2.0,1,1,1.0,1.0,0.0,0.0,0.0,0.0,0.0,0.0,0.0,0.0,0.0,0.0,0.0,,,0.0,17.2,1.0,1.0,0.0,821020.0,40.5,107.5,1.0,0.0,,38.0,STRAIGHT BALL,84.0,FRONTFOOT OFF DRIVE,0.0,0.0,2,17.0,160.0,4.0,Middle stump,Good Length,0.0,0.0,3.0,0.0,0.0,0.0,0.0,0.0,89.68456716463038,-7.166420201430529,8.341077119461133,-0.4331062092952999,1.951971204110622,,,,,,,7.779737321124045,0.0971093808523576,0.6796169730534566,102.2316078727827,Attacked,Played,,0.485183715820312,0.4674339294433594,6.306394,-0.004058,,,,,,,-8.743552,0.187066,0.632634,-8.840707,0.191001,0.64252,-11.01634425228272,-10.05993879845067,0.2411535399455539,0.7597128220350806,0.4722907638049002,-0.1984470373434441,-1.0,-1.0,NARENDRA-MODI-STADIUM-AHMEDABAD,-1.0,,L,R,R,Gujarat-Titans,Kolkata-Knight-Riders,Seam,1.0
2465,2,35.0,Gujarat Titans,Glenn Phillips,Kartik Tyagi,,18,3.0,4,4,4.0,0.0,0.0,0.0,0.0,0.0,0.0,0.0,0.0,0.0,1.0,0.0,0.0,,,0.0,17.3,1.0,1.0,0.0,821021.0,16.0,224.0,4.0,0.0,,39.0,ANGLED IN,13.0,LOFTED STRAIGHT,0.0,0.0,3,17.0,164.0,4.0,Off stump,Full Length,0.0,0.0,3.0,0.0,0.0,0.0,0.0,0.0,87.56055173893907,-5.970372224075402,8.340373252007794,-0.7311109488711302,1.971915531325839,,,,,,,6.123693923897711,0.0810371395605966,0.5718284812767791,87.67055823545721,Attacked,Played,,0.488227844238281,0.4524993896484375,4.78022,-0.168707,,,,,,,-8.103374,-0.075608,0.310721,-8.840548,-0.050361,0.371996,-10.38635848908791,-10.06007163824135,-0.0076773462311222,0.4629084015289316,-0.2746031248055734,-0.3850314930371031,-1.0,-1.0,NARENDRA-MODI-STADIUM-AHMEDABAD,-1.0,,R,L,R,Gujarat-Titans,Kolkata-Knight-Riders,Seam,1.0
2465,2,35.0,Gujarat Titans,Glenn Phillips,Kartik Tyagi,,18,4.0,4,4,4.0,0.0,0.0,0.0,0.0,0.0,0.0,0.0,0.0,0.0,1.0,0.0,0.0,,,0.0,17.4,1.0,1.0,0.0,821024.0,136.0,-90.0,4.0,0.0,,16.0,SLOW BOUNCER,58.0,BACKFOOT PULL SHOT,0.0,0.0,4,17.0,168.0,4.0,Outside Off stump,Short Length,0.0,0.0,3.0,0.0,0.0,0.0,0.0,0.0,68.30310618334954,-19.4522886549449,8.340900339720623,-0.9118419981020048,1.830351747924311,,,,,,,14.63878024571859,0.1028269216669224,0.545095952119565,81.48170065124252,Attacked,Played,,0.747734069824219,0.6792526245117188,13.863147,-0.812929,,,,,,,-7.823617,-0.151866,1.902815,-8.840925,-0.083822,1.912789,-23.97876772046706,-10.05995457884685,0.0004677050733078,1.877653611598987,-2.734420364920935,2.97048934798948,-1.0,-1.0,NARENDRA-MODI-STADIUM-AHMEDABAD,-1.0,,R,L,R,Gujarat-Titans,Kolkata-Knight-Riders,Seam,1.0
2465,2,35.0,Gujarat Titans,Glenn Phillips,Kartik Tyagi,,18,5.0,1,1,1.0,1.0,0.0,0.0,0.0,0.0,0.0,0.0,0.0,0.0,0.0,0.0,0.0,,,0.0,17.5,1.0,1.0,0.0,821026.0,131.5,-56.5,1.0,0.0,,39.0,ANGLED IN,97.0,BACKFOOT PUSH,0.0,0.0,5,17.0,169.0,4.0,Outside Off stump,Short of Good Length,0.0,0.0,3.0,0.0,0.0,0.0,0.0,0.0,85.31082780423245,-11.46984085054745,8.341046881919578,-0.7302614514598386,1.953070210478097,,,,,,,7.942934184863527,-0.0780972084045658,0.555457198598788,101.1283006302748,Attacked,Edged,,0.511688232421875,0.474884033203125,9.994473,-0.427167,,,,,,,-8.140554,-0.052293,0.931227,-8.841017,-0.016552,0.985678,-14.52314832088125,-10.06032445919717,0.0470799952489371,1.068575006058603,0.3168930244235603,0.2166388646318441,-1.0,-1.0,NARENDRA-MODI-STADIUM-AHMEDABAD,-1.0,,R,L,R,Gujarat-Titans,Kolkata-Knight-Riders,Seam,1.0
2465,2,35.0,Gujarat Titans,Rahul Tewatia,Kartik Tyagi,,18,6.0,1,1,1.0,1.0,0.0,0.0,0.0,0.0,0.0,0.0,0.0,0.0,0.0,0.0,0.0,,,0.0,17.6,1.0,1.0,0.0,821028.0,133.0,-47.0,1.0,0.0,,30.0,ANGLED ACROSS,16.0,BACKFOOT SQUARE DRIVE,0.0,0.0,6,17.0,170.0,4.0,Outside Leg stump,Short of Good Length,0.0,0.0,3.0,0.0,0.0,0.0,0.0,0.0,69.65228455742592,-7.984621759568514,8.340950616802118,-0.5150355454900839,1.926830577214858,,,,,,,8.824839652722446,0.0177956431188039,0.5869369277408989,96.26097484925444,Attacked,Played,,0.630237579345703,0.625030517578125,8.95109,0.00308,,,,,,,-9.119069,0.592173,0.90088,-8.840809,0.56987,0.88666,-14.69563178061263,-10.05981683142765,0.6686993354286962,0.9387796533900588,-0.7406418713958952,1.103929430156952,-1.0,-1.0,NARENDRA-MODI-STADIUM-AHMEDABAD,-1.0,,L,R,R,Gujarat-Titans,Kolkata-Knight-Riders,Seam,1.0
2465,2,35.0,Gujarat Titans,Rahul Tewatia,Vaibhav Arora,,19,1.0,2,2,2.0,0.0,1.0,0.0,0.0,0.0,0.0,0.0,0.0,0.0,0.0,0.0,0.0,,,0.0,18.1,1.0,1.0,0.0,821031.0,-130.0,-85.5,2.0,0.0,,39.0,ANGLED IN,40.0,FRONTFOOT FLICK,0.0,0.0,1,18.0,172.0,4.0,Leg stump,Full Length,1.0,0.0,3.0,0.0,0.0,0.0,0.0,0.0,84.89217163408333,-5.067532127907931,8.340943931087953,1.039269227963236,2.021178538434561,,,,,,,6.316875833688602,0.1817573278377359,0.5853956088341598,79.63360854135037,Attacked,Played,,0.504432678222656,0.4779167175292969,3.350106,-0.003734,,,,,,,-8.487925,-0.136222,0.223511,-8.840961,-0.163142,0.256686,-10.16539390876452,-10.06033084205875,-0.257762367932083,0.3621888663549255,0.0010442065104261,-0.2216368773909999,-1.0,-1.0,NARENDRA-MODI-STADIUM-AHMEDABAD,-1.0,,L,R,R,Gujarat-Titans,Kolkata-Knight-Riders,Seam,1.0
2465,2,35.0,Gujarat Titans,Rahul Tewatia,Vaibhav Arora,,19,2.0,1,1,1.0,1.0,0.0,0.0,0.0,0.0,0.0,0.0,0.0,0.0,0.0,0.0,0.0,,,0.0,18.2,1.0,1.0,0.0,821032.0,-145.0,-59.5,1.0,0.0,,39.0,ANGLED IN,40.0,FRONTFOOT FLICK,0.0,0.0,2,18.0,173.0,4.0,Off stump,Full Toss,0.0,0.0,3.0,0.0,0.0,0.0,0.0,0.0,85.44489960299053,-3.40952057236044,8.340592510241414,1.026807916810649,2.022632580202824,,,,,,,6.574191143326916,0.1802276297416691,0.6499999999999996,89.47723702583302,Attacked,Played,,0.491466522216797,0.4559097290039063,0.1905070000000002,-0.087441,,,,,,,-8.133128,0.016794,0.290293,-8.841132,-0.025773,0.177972,-9.561076449047391,-10.06001825334028,-0.0988483366745557,0.0303158702754623,0.1315554023110213,1.2722218725854072e-14,-1.0,-1.0,NARENDRA-MODI-STADIUM-AHMEDABAD,-1.0,,L,R,R,Gujarat-Titans,Kolkata-Knight-Riders,Seam,1.0
2465,2,35.0,Gujarat Titans,Glenn Phillips,Vaibhav Arora,,19,3.0,0,0,0.0,0.0,0.0,0.0,1.0,0.0,0.0,0.0,0.0,0.0,0.0,0.0,0.0,,,0.0,18.3,1.0,1.0,0.0,821033.0,65.5,39.5,0.0,0.0,,30.0,ANGLED ACROSS,51.0,FRONTFOOT COVERDRIVE,0.0,0.0,3,18.0,173.0,4.0,Outside Off stump,Yorker,0.0,0.0,3.0,0.0,0.0,0.0,0.0,0.0,86.25411784293283,-3.749003194879809,8.341053680056675,1.100128930887351,2.317726863029466,,,,,,,7.212648741972441,0.1644970905226663,0.6500000000000009,91.05029094773352,Defended,Played,,0.489749908447266,0.4644012451171875,-1.178027,-0.83575,,,,,,,-8.558783,-0.59053,0.412947,-8.840717,-0.616677,0.365974,-10.47917145716547,-10.06017455595941,-0.7288522011515705,0.1562982944036396,0.9095557073650048,1.2722218725854072e-14,-1.0,-1.0,NARENDRA-MODI-STADIUM-AHMEDABAD,-1.0,,R,L,R,Gujarat-Titans,Kolkata-Knight-Riders,Seam,1.0
2465,2,35.0,Gujarat Titans,Glenn Phillips,Vaibhav Arora,,19,4.0,1,1,1.0,1.0,0.0,0.0,0.0,0.0,0.0,0.0,0.0,0.0,0.0,0.0,0.0,,,0.0,18.4,1.0,1.0,0.0,821034.0,158.5,64.0,1.0,0.0,,38.0,STRAIGHT BALL,47.0,FRONTFOOT ON DRIVE,0.0,0.0,4,18.0,174.0,4.0,Leg stump,Full Toss,0.0,0.0,3.0,0.0,0.0,0.0,0.0,0.0,84.94548713414343,-3.915634126703865,8.340420721399358,1.148838853151918,2.013657150729515,,,,,,,6.777255205653668,0.174807055685374,0.6499999999999992,90.01929443146248,Attacked,Played,,0.495872497558594,0.4620094299316406,1.248872,0.088591,,,,,,,-8.132856,0.130964,0.10655,-8.841076,0.086719,-0.006031,-9.853374351724744,-10.06022873276306,0.0105288054176621,0.1312711503472467,-0.0815063963749257,0.0,-1.0,-1.0,NARENDRA-MODI-STADIUM-AHMEDABAD,-1.0,,R,L,R,Gujarat-Titans,Kolkata-Knight-Riders,Seam,1.0
2465,2,35.0,Gujarat Titans,Rahul Tewatia,Vaibhav Arora,,19,5.0,1,1,1.0,1.0,0.0,0.0,0.0,0.0,0.0,0.0,0.0,0.0,0.0,0.0,0.0,,,0.0,18.5,1.0,1.0,0.0,821035.0,-118.0,77.0,1.0,0.0,,47.0,SLOWER BALL,46.0,FRONTFOOT PULL SHOT,0.0,0.0,5,18.0,175.0,4.0,Outside Off stump,Short Length,0.0,0.0,3.0,0.0,0.0,0.0,0.0,0.0,75.744888,-13.95671333206211,8.340582618876645,0.8506734071442321,1.93476126107933,,,,,,,11.51697549409765,0.1894258775095073,0.605942417799313,81.94877491894621,Attacked,Edged,,0.489429473876953,0.5566177368164062,11.484054,0.564222,,,,,,,-7.848541,0.237115,1.321335,-8.840508,0.200608,1.383503,-16.96805402455675,-10.05989128777201,0.1553031741359488,1.43760438566121,0.4139128641654994,0.2129391856146828,-1.0,-1.0,NARENDRA-MODI-STADIUM-AHMEDABAD,-1.0,,L,R,R,Gujarat-Titans,Kolkata-Knight-Riders,Seam,1.0
2465,2,35.0,Gujarat Titans,Glenn Phillips,Vaibhav Arora,,19,6.0,1,1,1.0,1.0,0.0,0.0,0.0,0.0,0.0,0.0,0.0,0.0,0.0,0.0,0.0,,,0.0,18.6,1.0,1.0,0.0,821036.0,-156.5,78.5,1.0,0.0,,30.0,ANGLED ACROSS,51.0,FRONTFOOT COVERDRIVE,0.0,0.0,6,18.0,176.0,4.0,Outside Off stump,Good Length,0.0,0.0,3.0,0.0,0.0,0.0,0.0,0.0,83.99842681638437,-6.933762166253794,8.340433377973099,1.013564848018497,2.005396541478385,,,,,,,6.713756261800982,0.1112085955921106,0.5765677914352219,85.36430915607222,Attacked,Played,,0.510292053222656,0.4941787719726563,5.990541,-0.211024,,,,,,,-8.56861,-0.668546,0.492468,-8.840855,-0.69772,0.513395,-11.15852919029915,-10.06026657650588,-0.8306719467476699,0.5974023181377727,-0.4244995882399668,0.3201491142106366,-1.0,-1.0,NARENDRA-MODI-STADIUM-AHMEDABAD,-1.0,,R,L,R,Gujarat-Titans,Kolkata-Knight-Riders,Seam,1.0
2465,2,35.0,Gujarat Titans,Glenn Phillips,Ramandeep Singh,,20,1.0,1 (WD),1,0.0,0.0,0.0,0.0,0.0,1.0,1.0,0.0,0.0,0.0,0.0,0.0,0.0,,,0.0,19.1,1.0,1.0,1.0,821037.0,-156.5,78.5,1.0,0.0,,38.0,STRAIGHT BALL,105.0,LEFT ALONE,0.0,0.0,1,19.0,177.0,4.0,Wide outside Off stump,Short of Good Length,1.0,0.0,3.0,0.0,0.0,0.0,0.0,0.0,78.3461741648347,-6.554790617079232,8.340449941475256,-0.9224292282497546,1.922966731633429,,,,,,,8.22835685695826,0.0741843473236817,0.6465028028804355,99.55698569969717,,,,0.542369842529297,0.5836715698242188,6.874499,-1.053429,,,,,,,-999.9,-999.9,-999.9,-8.840858,-1.119843,0.701388,-12.28427397959938,-10.05997096473575,-1.135301198430444,0.8008976350892301,-0.6591157843320752,0.3613737575312443,-1.0,-1.0,NARENDRA-MODI-STADIUM-AHMEDABAD,-1.0,,R,L,R,Gujarat-Titans,Kolkata-Knight-Riders,Seam,1.0
2465,2,35.0,Gujarat Titans,Glenn Phillips,Ramandeep Singh,,20,1.0,0 WK,W,0.0,0.0,0.0,0.0,1.0,0.0,0.0,0.0,0.0,0.0,0.0,0.0,1.0,Caught,WICKET,1.0,19.1,1.0,1.0,0.0,821038.0,150.5,53.5,0.0,0.0,,16.0,SLOW BOUNCER,58.0,BACKFOOT PULL SHOT,0.0,0.0,2,19.0,177.0,5.0,Outside Off stump,Short Length,2.0,0.0,3.0,0.0,0.0,0.0,0.0,0.0,70.08657267772685,-16.17869159671114,8.340839641490398,-0.8763428495091848,1.803390839301288,,,,,,,12.54529498754394,0.0638789050564522,0.5655850835073747,88.44987202046099,,,,0.684722900390625,0.630157470703125,13.047365,-0.89682,,,,,,,-8.049112,-0.692355,1.609005,-8.840785,-0.667507,1.63325,-20.73317573750893,-10.06006586861507,-0.6256816863955782,1.6379857822515,0.4162427708028859,0.5381708132604227,-1.0,-1.0,NARENDRA-MODI-STADIUM-AHMEDABAD,-1.0,,R,L,R,Gujarat-Titans,Kolkata-Knight-Riders,Seam,1.0
2465,2,35.0,Gujarat Titans,Shahrukh Khan,Ramandeep Singh,,20,2.0,1,1,1.0,1.0,0.0,0.0,0.0,0.0,0.0,0.0,0.0,0.0,0.0,0.0,0.0,,,0.0,19.2,1.0,1.0,0.0,821039.0,-113.5,-83.0,1.0,0.0,https://scores.bcci.tv/matchcentre/commentaryFiles/TATA-IPL-2026/Gujarat-Titans-VS-Kolkata-Knight-Riders-(17-Apr-2026)/File_2-20-821039.png,38.0,STRAIGHT BALL,44.0,GLIDE,0.0,0.0,3,19.0,178.0,5.0,Outside Off stump,Short Length,3.0,0.0,3.0,0.0,0.0,0.0,0.0,0.0,70.79758909967724,-19.51657112107488,8.340473761683683,-0.8802337932148329,1.750759287881748,,,,,,,11.77366650335872,0.0650951374353883,0.4845357579189456,76.17084994430301,Attacked,Played,,0.695274353027344,0.6491775512695312,13.938265,-0.834452,,,,,,,-8.179529,-0.437854,1.635929,-8.840758,-0.412397,1.649558,-22.43331339918331,-10.06022382891371,-0.364169617079297,1.646022154299578,-0.2444175991350952,1.172428424703893,-1.0,-1.0,NARENDRA-MODI-STADIUM-AHMEDABAD,-1.0,,R,L,R,Gujarat-Titans,Kolkata-Knight-Riders,Seam,1.0
2465,2,35.0,Gujarat Titans,Rahul Tewatia,Ramandeep Singh,,20,3.0,1,1,1.0,1.0,0.0,0.0,0.0,0.0,0.0,0.0,0.0,0.0,0.0,0.0,0.0,,,0.0,19.3,1.0,1.0,0.0,821040.0,86.0,37.0,1.0,0.0,,38.0,STRAIGHT BALL,27.0,FORWARD PUSH,0.0,0.0,4,19.0,179.0,5.0,Off stump,Full Length,0.0,0.0,3.0,0.0,0.0,0.0,0.0,0.0,72.00808972130322,-5.036260604329926,8.340697063872707,-0.5564187864396666,1.913238802475708,,,,,,,9.10716973688472,0.1493259554923035,0.6793828412280112,96.97483063497133,Defended,Played,,0.598239898681641,0.5486640930175781,6.012075,-0.088182,,,,,,,-7.885162,0.095441,0.555163,-8.840975,0.143709,0.657751,-12.55346283226338,-10.06023971834711,0.2068859723389401,0.7688330016930605,-0.4865750205027234,0.7182455144698087,-1.0,-1.0,NARENDRA-MODI-STADIUM-AHMEDABAD,-1.0,,L,R,R,Gujarat-Titans,Kolkata-Knight-Riders,Seam,1.0
2465,2,35.0,Gujarat Titans,Shahrukh Khan,Ramandeep Singh,,20,4.0,2,2,2.0,0.0,1.0,0.0,0.0,0.0,0.0,0.0,0.0,0.0,0.0,0.0,0.0,,,0.0,19.4,1.0,1.0,0.0,821041.0,-114.0,147.5,2.0,0.0,,38.0,STRAIGHT BALL,84.0,FRONTFOOT OFF DRIVE,0.0,0.0,5,19.0,181.0,5.0,Outside Off stump,Short Length,0.0,0.0,3.0,0.0,0.0,0.0,0.0,0.0,69.74562185729647,-14.34827430820396,8.34075568320452,-0.8401623154288513,1.770857193174226,,,,,,,11.11473377518035,0.0657503284387305,0.5428046823811572,84.84566951330054,Attacked,Played,,0.710048675537109,0.6068572998046875,12.643702,-0.998862,,,,,,,-7.670349,-1.104738,1.396822,-8.841005,-1.106381,1.442165,-19.28943230625686,-10.06016780671245,-1.104989529236904,1.45648466580187,-5.036402744611426,3.211864455480933,-1.0,-1.0,NARENDRA-MODI-STADIUM-AHMEDABAD,-1.0,,R,L,R,Gujarat-Titans,Kolkata-Knight-Riders,Seam,1.0
