MatchID,InningsNo,BattingTeamID,TeamName,BatsManName,BowlerName,BowlerType,OverNo,BallNo,Runs,BallRuns,ActualRuns,IsOne,IsTwo,IsThree,IsDotball,Extras,IsWide,IsNoBall,IsBye,IsLegBye,IsFour,IsSix,IsWicket,WicketType,Wickets,IsBowlerWicket,BallName,Day,SESSION_NO,IsExtra,SNO,Xpitch,Ypitch,RunRuns,IsMaiden,OverImage,BowlTypeID,BowlTypeName,ShotTypeID,ShotType,IsBouncer,IsFreeHit,BallCount,BCCheck,TotalRuns,TotalWickets,BOWLING_LINE_ID,BOWLING_LENGTH_ID,FiveHaul,Flag,FlagSet,PenaltyRuns,IsFifty,IsHundred,IsTwoHundred,IsHattrick,release_speed,initial_angle,release_x,release_y,release_z,pre_bounce_ax,pre_bounce_ay,pre_bounce_az,pre_bounce_vx,pre_bounce_vy,pre_bounce_vz,bounce_angle,cof,cor,pbr,shot_attacked,shot_played,shot_info,crease_reaction_time,interception_reaction_time,bounce_x,bounce_y,post_bounce_ax,post_bounce_ay,post_bounce_az,post_bounce_vx,post_bounce_vy,post_bounce_vz,impact_x,impact_y,impact_z,crease_x,crease_y,crease_z,drop_angle,stump_x,stump_y,stump_z,swing,deviation,swing_dist,six_dist,ground,date,season,striker_hand,non_striker_hand,bowler_hand,team_bat,team_bowl,delivery_type,match_day
2536,1,18,Rajasthan Royals,Yashasvi Jaiswal,Pat Cummins,,1,1,0,0,0,0,0,0,1,0,0,0,0,0,0,0,0,,,0,0.1,1,1,0,836501,7.5,59.5,0,0,,,Knuckleball,53.0,FRONTFOOT STRAIGHT DRIVE,0,0,1,0,0,0,Outside Off stump,Full Length,1,0,0,0,0,0,0,0,85.42185455909957,-5.666110053440601,8.340402847046157,-0.6593772542028894,2.127134471535827,,,,,,,7.886393224399206,0.192503690608665,0.633189930769573,85.72812055456944,Defended,Played,None,0.500335693359375,0.4763145446777344,4.412686,0.067023,,,,,,,-8.449651,0.149106,0.387879,-8.841093,0.160714,0.430837,-11.57325812449305,-10.06003154788065,0.1970904438677506,0.5547332575231733,-1.103623762229941,-0.730169379581326,-1.0,-1.0,MAHARAJA-YADAVINDRA-SINGH-CRICKET-STADIUM-MULLANPUR,-1.0,,L,L,R,Rajasthan-Royals,Sunrisers-Hyderabad,Seam,1
2536,1,18,Rajasthan Royals,Yashasvi Jaiswal,Pat Cummins,,1,2,1,1,1,1,0,0,0,0,0,0,0,0,0,0,0,,,0,0.2,1,1,0,836502,-85.5,32.0,1,0,,,Knuckleball,40.0,FRONTFOOT FLICK,0,0,2,0,1,0,Outside Leg stump,Full Length,0,0,0,0,0,0,0,0,86.71230766074198,-6.09765250208184,8.34114059695991,-0.6309134618115904,2.124961283132916,,,,,,,8.146669462664976,0.1545519666560847,0.6650008384074354,94.29492909550684,Attacked,Edged,None,0.494396209716797,0.461883544921875,4.754132,-0.197451,,,,,,,-8.265673,-0.150722,0.420673,-8.841085,-0.141513,0.486351,-11.52888664628845,-10.05989547341345,-0.1218726764702963,0.6151924082192819,-1.488002574785998,-0.1419470796587914,-1.0,-1.0,MAHARAJA-YADAVINDRA-SINGH-CRICKET-STADIUM-MULLANPUR,-1.0,,L,L,R,Rajasthan-Royals,Sunrisers-Hyderabad,Seam,1
2536,1,18,Rajasthan Royals,Vaibhav Sooryavanshi,Pat Cummins,,1,3,0,0,0,0,0,0,1,0,0,0,0,0,0,0,0,,,0,0.3,1,1,0,836503,-5.0,65.5,0,0,,,Knuckleball,27.0,FORWARD PUSH,0,0,3,0,1,0,Leg stump,Yorker,0,0,0,0,0,0,0,0,86.42595356255006,-3.94856353906534,8.34063219650675,-0.5475819948108323,2.109547944616543,,,,,,,8.691182522470413,0.02373948680654716,0.7815753833541264,124.8623588224642,Defended,Played,None,0.489051818847656,0.4656600952148438,2.207468,-0.081354,,,,,,,-8.603747,-0.082888,0.149583,-8.840462,-0.083373,0.184105,-10.97809552850065,-10.06024680843899,-0.08588625670418955,0.3546686170598611,-2.405811535480044,-0.4898451631680457,-1.0,-1.0,MAHARAJA-YADAVINDRA-SINGH-CRICKET-STADIUM-MULLANPUR,-1.0,,L,L,R,Rajasthan-Royals,Sunrisers-Hyderabad,Seam,1
2536,1,18,Rajasthan Royals,Vaibhav Sooryavanshi,Pat Cummins,,1,4,1,1,1,1,0,0,0,0,0,0,0,0,0,0,0,,,0,0.4,1,1,0,836504,68.5,47.0,1,0,,,Knuckleball,27.0,FORWARD PUSH,0,0,4,0,2,0,Outside Off stump,Full Length,0,0,0,0,0,0,0,0,87.276119,-4.455212236436046,8.34093162491233,-0.5692282046967219,2.105888041196359,,,,,,,7.845632806380729,0.003866954982216809,0.7375827129440481,120.2507114433855,Attacked,Played,None,0.487335205078125,0.4649162292480469,2.310847,0.179844,,,,,,,-8.642471,0.235739,0.14825,-8.841075,0.248215,0.174035,-10.55604106467812,-10.060119143572,0.3251847367287157,0.3252281691980631,-1.024297138511134,1.448659982722609,-1.0,-1.0,MAHARAJA-YADAVINDRA-SINGH-CRICKET-STADIUM-MULLANPUR,-1.0,,L,L,R,Rajasthan-Royals,Sunrisers-Hyderabad,Seam,1
2536,1,18,Rajasthan Royals,Yashasvi Jaiswal,Pat Cummins,,1,5,1,1,1,1,0,0,0,0,0,0,0,0,0,0,0,,,0,0.5,1,1,0,836505,135.5,-26.5,1,0,,,Knuckleball,36.0,CUT SHOT,0,0,5,0,3,0,Outside Off stump,Short of Good Length,0,0,0,0,0,0,0,0,86.3618065395509,-9.08496366775636,8.3406338589385,-0.6618714463174405,2.083182005557832,,,,,,,8.606786217243952,0.1598217867505518,0.6252898680790369,87.81130153680036,Attacked,Played,None,0.503173828125,0.4944534301757813,7.708842,0.124544,,,,,,,-9.11066,0.592685,0.847706,-8.84083,0.573517,0.822841,-12.83570934604583,-10.06008709407388,0.6604583390745511,0.9295435071472525,-0.1106213443636882,-0.2874273654179845,-1.0,-1.0,MAHARAJA-YADAVINDRA-SINGH-CRICKET-STADIUM-MULLANPUR,-1.0,,L,L,R,Rajasthan-Royals,Sunrisers-Hyderabad,Seam,1
2536,1,18,Rajasthan Royals,Vaibhav Sooryavanshi,Pat Cummins,,1,6,6,6,6,0,0,0,0,0,0,0,0,0,0,1,0,,,0,0.6,1,1,0,836506,11.0,238.0,6,0,,,Knuckleball,13.0,LOFTED STRAIGHT,0,0,6,0,9,0,Outside Off stump,Full Length,0,0,0,0,0,0,0,0,87.56572555050289,-6.641300013710917,8.341017671703412,1.021344768132049,2.047828663988741,,,,,,,7.954171584117113,0.1633068725933909,0.6690990783114005,94.03417448737098,Attacked,Played,None,0.490837097167969,0.4567108154296875,5.3981,0.437919,,,,,,,-8.158431,0.224839,0.465311,-8.840613,0.182594,0.537529,-11.17793661346674,-10.0602689731853,0.1065022615940511,0.6558032578669344,-1.728516035501525,0.03076809484038175,-1.0,-1.0,MAHARAJA-YADAVINDRA-SINGH-CRICKET-STADIUM-MULLANPUR,-1.0,,L,L,R,Rajasthan-Royals,Sunrisers-Hyderabad,Seam,1
2536,1,18,Rajasthan Royals,Yashasvi Jaiswal,Eshan Malinga,,2,1,0,0,0,0,0,0,1,0,0,0,0,0,0,0,0,,,0,1.1,1,1,0,836507,97.5,45.5,0,0,,,Knuckleball,27.0,FORWARD PUSH,0,0,1,1,9,0,Outside Off stump,Good Length,1,0,0,0,0,0,0,0,86.83625454494434,-7.292265576990268,8.340624690307003,-0.3862844433386039,1.770555510533911,,,,,,,8.043904887442402,0.1713071284440874,0.6478008120879961,90.03940896879068,Defended,Played,None,0.500999450683594,0.4767379760742188,7.95582,-0.037972,,,,,,,-8.479942,0.195052,0.766345,-8.840532,0.208582,0.795954,-11.61341287562217,-10.05981703703965,0.2546236469293562,0.8865573031784031,0.3299601916863082,-0.03820653458615811,-1.0,-1.0,MAHARAJA-YADAVINDRA-SINGH-CRICKET-STADIUM-MULLANPUR,-1.0,,L,L,R,Rajasthan-Royals,Sunrisers-Hyderabad,Seam,1
2536,1,18,Rajasthan Royals,Yashasvi Jaiswal,Eshan Malinga,,2,2,4,4,4,0,0,0,0,0,0,0,0,0,1,0,0,,,0,1.2,1,1,0,836508,39.0,-162.5,4,0,,,Knuckleball,5.0,LOFTED OFF DRIVE,0,0,2,1,13,0,Outside Off stump,Full Length,0,0,0,0,0,0,0,0,87.77092021478516,-6.356597590881563,8.340484772912344,-0.3820199705618494,1.799035562923446,,,,,,,7.091729347541709,0.2217667370643298,0.639793570683369,83.79236189607238,Attacked,Edged,None,0.492931365966797,0.47772216796875,6.286649,0.151931,,,,,,,-8.770751,0.47586,0.552569,-8.841089,0.480511,0.55808,-10.28641256913626,-10.06021443565805,0.5615342468774784,0.6458823933681096,0.5307118100073255,0.8382250558173254,-1.0,-1.0,MAHARAJA-YADAVINDRA-SINGH-CRICKET-STADIUM-MULLANPUR,-1.0,,L,L,R,Rajasthan-Royals,Sunrisers-Hyderabad,Seam,1
2536,1,18,Rajasthan Royals,Yashasvi Jaiswal,Eshan Malinga,,2,3,0,0,0,0,0,0,1,0,0,0,0,0,0,0,0,,,0,1.3,1,1,0,836509,39.0,-162.5,0,0,,,Knuckleball,52.0,BACKFOOT COVERDRIVE,0,0,3,1,13,0,Outside Off stump,Short of Good Length,0,0,0,0,0,0,0,0,88.74765906660255,-8.020102734672314,8.340506398739059,-0.3226549190195459,1.770248030546881,,,,,,,8.802576941771962,0.2014428385606661,0.7151043950021347,97.1213753942536,Attacked,Missed,None,0.4940185546875,0.5195846557617188,8.206837,-0.008054,,,,,,,-999.9,-999.9,-999.9,-8.841013,0.270745,0.910094,-11.3917565260975,-10.05994008921139,0.3209919949599785,1.01698156699829,0.8920528221980184,-0.00665560353059798,-1.0,-1.0,MAHARAJA-YADAVINDRA-SINGH-CRICKET-STADIUM-MULLANPUR,-1.0,,L,L,R,Rajasthan-Royals,Sunrisers-Hyderabad,Seam,1
2536,1,18,Rajasthan Royals,Yashasvi Jaiswal,Eshan Malinga,,2,4,1,1,1,1,0,0,0,0,0,0,0,0,0,0,0,,,0,1.4,1,1,0,836510,115.0,-64.0,1,0,,,Knuckleball,35.0,LATE CUT,0,0,4,1,14,0,Outside Off stump,Short of Good Length,0,0,0,0,0,0,0,0,85.13189677324311,-9.861734093356462,8.340805705577363,-0.3478371523246776,1.75052876701357,,,,,,,10.04000840708765,0.2084322003472906,0.709554932808637,95.5900198865665,Attacked,Played,None,0.513107299804688,0.5118598937988281,9.837433,-0.075637,,,,,,,-9.381508,0.312811,1.286495,-8.841107,0.289077,1.234402,-12.90471871599667,-10.06021332934943,0.3427722038652522,1.347692774309576,0.460644352052868,0.283446632034262,-1.0,-1.0,MAHARAJA-YADAVINDRA-SINGH-CRICKET-STADIUM-MULLANPUR,-1.0,,L,L,R,Rajasthan-Royals,Sunrisers-Hyderabad,Seam,1
2536,1,18,Rajasthan Royals,Vaibhav Sooryavanshi,Eshan Malinga,,2,5,0,0,0,0,0,0,1,0,0,0,0,0,0,0,0,,,0,1.5,1,1,0,836511,115.0,-64.0,0,0,,,Knuckleball,40.0,FRONTFOOT FLICK,0,0,5,1,14,0,Outside Leg stump,Full Toss,0,0,0,0,0,0,0,0,87.72452184095661,-2.074639731334236,8.340535798534745,-0.2831197388474019,1.826377009906835,,,,,,,5.782400446054154,0.204764286212421,0.65,87.02357137875791,Attacked,Edged,None,0.477607727050781,0.4481735229492188,-1.906541000000001,-0.206998,,,,,,,-8.233017,-0.168731,0.541573,-8.840851,-0.17315,0.465196,-8.418892989980083,-10.05965391737106,-0.1841023129129324,0.3049825037015942,-1.88415437063833,0.0,-1.0,-1.0,MAHARAJA-YADAVINDRA-SINGH-CRICKET-STADIUM-MULLANPUR,-1.0,,L,L,R,Rajasthan-Royals,Sunrisers-Hyderabad,Seam,1
2536,1,18,Rajasthan Royals,Vaibhav Sooryavanshi,Eshan Malinga,,2,6,6,6,6,0,0,0,0,0,0,0,0,0,0,1,0,,,0,1.6,1,1,0,836512,-150.0,-119.5,6,0,,,Knuckleball,57.0,HOOK SHOT,0,0,6,1,20,0,Outside Leg stump,Short Length,0,0,0,0,0,0,0,0,86.50959739395302,-12.76668897312085,8.340729235103751,-0.3719568336173527,1.736608833986216,,,,,,,10.13521283234101,0.1779094783118822,0.5720796809357664,78.02100430917675,Attacked,Played,None,0.512489318847656,0.4789695739746094,11.722587,-0.243255,,,,,,,-8.056212,0.041817,1.35248,-8.840975,0.065843,1.420505,-16.02844702833672,-10.06033554434822,0.1034924454781658,1.513403010636423,-0.6521880718359393,0.8463479053959636,-1.0,-1.0,MAHARAJA-YADAVINDRA-SINGH-CRICKET-STADIUM-MULLANPUR,-1.0,,L,L,R,Rajasthan-Royals,Sunrisers-Hyderabad,Seam,1
2536,1,18,Rajasthan Royals,Yashasvi Jaiswal,Pat Cummins,,3,1,1,1,1,1,0,0,0,0,0,0,0,0,0,0,0,,,0,2.1,1,1,0,836513,77.0,64.0,1,0,,,Knuckleball,51.0,FRONTFOOT COVERDRIVE,0,0,1,2,21,0,Off stump,Good Length,1,0,0,0,0,0,0,0,85.55495011181048,-7.914837317494773,8.34042289033458,-0.6761230158193472,2.087305094741258,,,,,,,7.77859439899978,0.1826220939087397,0.6190250842317199,84.59155324388401,Attacked,Played,None,0.503997802734375,0.4860763549804688,6.423977,-0.013958,,,,,,,-8.770794,0.215679,0.611498,-8.840996,0.218883,0.617709,-11.71035024744063,-10.06000461789999,0.2748005207328317,0.7177001489665116,-0.07457895313080443,-0.6132146070149156,-1.0,-1.0,MAHARAJA-YADAVINDRA-SINGH-CRICKET-STADIUM-MULLANPUR,-1.0,,L,L,R,Rajasthan-Royals,Sunrisers-Hyderabad,Seam,1
2536,1,18,Rajasthan Royals,Vaibhav Sooryavanshi,Pat Cummins,,3,2,4,4,4,0,0,0,0,0,0,0,0,0,1,0,0,,,0,2.2,1,1,0,836514,97.0,208.5,4,0,,,Knuckleball,5.0,LOFTED OFF DRIVE,0,0,2,2,25,0,Outside Off stump,Full Length,0,0,0,0,0,0,0,0,88.24332732591853,-6.045104868772162,8.340844675188304,-0.619686167350009,2.089820298616289,,,,,,,7.136609861870833,0.1294979874044373,0.6719858392456198,97.84807714639925,Attacked,Played,None,0.482368469238281,0.4550628662109375,3.820144,0.076571,,,,,,,-8.353066,0.163372,0.283686,-8.840728,0.1836,0.334935,-10.15829426252393,-10.06033495960471,0.2345163494605367,0.453867588329778,0.2457693736196231,-0.5270915693589597,-1.0,-1.0,MAHARAJA-YADAVINDRA-SINGH-CRICKET-STADIUM-MULLANPUR,-1.0,,L,L,R,Rajasthan-Royals,Sunrisers-Hyderabad,Seam,1
2536,1,18,Rajasthan Royals,Vaibhav Sooryavanshi,Pat Cummins,,3,3,1 (WD),1,0,0,0,0,0,1,1,0,0,0,0,0,0,,,0,2.3,1,1,1,836515,42.0,-155.5,1,0,,,Knuckleball,31.0,UPPER CUT,0,0,3,2,26,0,Outside Off stump,Short Length,0,0,0,0,0,0,0,0,86.19404024591375,-13.69331874209599,8.341029324326158,-0.9080580965726261,2.009941835845205,,,,,,,10.9620798349135,0.1692499243339325,0.6142395666001105,85.21094255662334,Attacked,Missed,None,0.523441314697266,0.5466041564941406,10.959112,-0.194979,,,,,,,-999.9,-999.9,-999.9,-8.840798,0.821736,1.494071,-16.18825459263869,-10.06015143318183,0.9506014089475047,1.612784277419542,0.2731341269972309,0.2806656947422521,-1.0,-1.0,MAHARAJA-YADAVINDRA-SINGH-CRICKET-STADIUM-MULLANPUR,-1.0,,L,L,R,Rajasthan-Royals,Sunrisers-Hyderabad,Seam,1
2536,1,18,Rajasthan Royals,Vaibhav Sooryavanshi,Pat Cummins,,3,3,6,6,6,0,0,0,0,0,0,0,0,0,0,1,0,,,0,2.3,1,1,0,836516,-11.5,229.0,6,0,,,Knuckleball,13.0,LOFTED STRAIGHT,0,0,4,2,32,0,Middle stump,Full Length,0,0,0,0,0,0,0,0,88.13594400080473,-6.079794696518934,8.340579112843383,-0.6810306179276843,2.090032152500434,,,,,,,7.331896141479304,0.1237479562328745,0.6585960593656601,96.41461328156157,Attacked,Played,None,0.48394775390625,0.4472465515136719,4.266115,-0.090558,,,,,,,-8.054558,-0.034811,0.306521,-8.840761,-0.015201,0.389945,-10.64276817783507,-10.06024385446476,0.0154501991335389,0.5084915157722848,-0.4107346310085914,-0.7733538822367014,-1.0,-1.0,MAHARAJA-YADAVINDRA-SINGH-CRICKET-STADIUM-MULLANPUR,-1.0,,L,L,R,Rajasthan-Royals,Sunrisers-Hyderabad,Seam,1
2536,1,18,Rajasthan Royals,Vaibhav Sooryavanshi,Pat Cummins,,3,4,6,6,6,0,0,0,0,0,0,0,0,0,0,1,0,,,0,2.4,1,1,0,836517,42.0,-155.5,6,0,,,Knuckleball,31.0,UPPER CUT,0,0,5,2,38,0,Outside Off stump,Short Length,0,0,0,0,0,0,0,0,88.1688031535755,-15.3194376942248,8.341123586289093,-0.7141890746256282,2.003477193677792,,,,,,,11.2881540010794,0.2008033133862141,0.5742720837699132,76.06048122686556,Attacked,Played,None,0.529701232910156,0.50958251953125,11.683627,-0.230614,,,,,,,-8.631452,0.413161,1.597172,-8.840918,0.426896,1.618088,-17.40483123278418,-10.06002293079447,0.5073298208378524,1.730139000854287,0.02900907568114732,-0.6869466807946948,-1.0,-1.0,MAHARAJA-YADAVINDRA-SINGH-CRICKET-STADIUM-MULLANPUR,-1.0,,L,L,R,Rajasthan-Royals,Sunrisers-Hyderabad,Seam,1
2536,1,18,Rajasthan Royals,Vaibhav Sooryavanshi,Pat Cummins,,3,5,6,6,6,0,0,0,0,0,0,0,0,0,0,1,0,,,0,2.5,1,1,0,836518,-6.0,223.5,6,0,,,Knuckleball,13.0,LOFTED STRAIGHT,0,0,6,2,44,0,Outside Off stump,Good Length,0,0,0,0,0,0,0,0,71.80593187752335,-7.059244015040533,8.340576577996973,-0.701724579128409,2.036784030388269,,,,,,,9.172365232744228,0.1790644532963877,0.6024314340433913,82.45826977686993,Attacked,Played,None,0.60955810546875,0.5613212585449219,7.479955,0.149075,,,,,,,-7.992976,0.6088,0.70229,-8.841071,0.682635,0.769614,-13.96924148509254,-10.06017783934544,0.7896633697685089,0.8471268964615644,-0.5071773080116956,0.5646882818498563,-1.0,-1.0,MAHARAJA-YADAVINDRA-SINGH-CRICKET-STADIUM-MULLANPUR,-1.0,,L,L,R,Rajasthan-Royals,Sunrisers-Hyderabad,Seam,1
2536,1,18,Rajasthan Royals,Vaibhav Sooryavanshi,Pat Cummins,,3,6,1,1,1,1,0,0,0,0,0,0,0,0,0,0,0,,,0,2.6,1,1,0,836519,-88.5,115.5,1,0,,,Knuckleball,27.0,FORWARD PUSH,0,0,7,2,45,0,Outside Leg stump,Yorker,0,0,0,0,0,0,0,0,87.218807,-4.564054758094604,8.340565942320165,-0.6491450667567051,2.06094007605291,,,,,,,6.728236352455398,0.175822924849858,0.6500000000000005,89.91770751501427,Attacked,Played,None,0.609375,0.4563102722167969,1.978531,-0.202376,,,,,,,-8.343342,-0.194814,0.06309,-8.840589,-0.180454,0.119457,-9.782839373666402,-10.06024030342106,-0.1452338417193946,0.2480844366199778,0.1842938736506347,0.0,-1.0,-1.0,MAHARAJA-YADAVINDRA-SINGH-CRICKET-STADIUM-MULLANPUR,-1.0,,L,L,R,Rajasthan-Royals,Sunrisers-Hyderabad,Seam,1
2536,1,18,Rajasthan Royals,Vaibhav Sooryavanshi,Sakib Hussain,,4,1,0,0,0,0,0,0,1,0,0,0,0,0,0,0,0,,,0,3.1,1,1,0,836520,70.0,38.0,0,0,,,Knuckleball,27.0,FORWARD PUSH,0,0,1,3,45,0,Outside Off stump,Yorker,1,0,0,0,0,0,0,0,83.11458925746973,-3.332893239735893,8.341087504253888,-0.7356568446204668,1.865400629974987,,,,,,,6.46242872568846,0.1832474405558563,0.6500000000000014,89.17525594441457,Defended,Played,None,0.504135131835938,0.4882164001464844,1.469526999999999,0.108584,,,,,,,-8.670366,0.112352,0.033143,-8.840824,0.12039,0.052166,-9.400088423832573,-10.0603474995925,0.1778987131339688,0.1796020785409693,-0.2845109063458321,0.0,-1.0,-1.0,MAHARAJA-YADAVINDRA-SINGH-CRICKET-STADIUM-MULLANPUR,-1.0,,L,L,R,Rajasthan-Royals,Sunrisers-Hyderabad,Seam,1
2536,1,18,Rajasthan Royals,Vaibhav Sooryavanshi,Sakib Hussain,,4,2,6,6,6,0,0,0,0,0,0,0,0,0,0,1,0,,,0,3.2,1,1,0,836521,160.0,163.5,6,0,,,Knuckleball,5.0,LOFTED OFF DRIVE,0,0,2,3,51,0,Leg stump,Good Length,0,1,1,0,1,0,0,0,70.46028569644159,-6.522615648798781,8.340540371977387,-0.7202241820390864,1.807894016815884,,,,,,,8.773681180709511,0.2135320597073085,0.5891728424244592,77.02272039293803,Attacked,Played,None,0.623165130615234,0.5699615478515625,8.321312,-0.24084,,,,,,,-7.893026,0.144712,0.720471,-8.840868,0.20581,0.773558,-13.51949266518736,-10.06000823392747,0.2851007558053121,0.8203057163541799,0.07001445727120917,0.7403302658633666,-1.0,-1.0,MAHARAJA-YADAVINDRA-SINGH-CRICKET-STADIUM-MULLANPUR,-1.0,,L,L,R,Rajasthan-Royals,Sunrisers-Hyderabad,Seam,1
2536,1,18,Rajasthan Royals,Vaibhav Sooryavanshi,Sakib Hussain,,4,3,0,0,0,0,0,0,1,0,0,0,0,0,0,0,0,,,0,3.3,1,1,0,836522,160.0,163.5,0,0,,,Knuckleball,15.0,LOFTED COVER DRIVE,0,0,3,3,51,0,Outside Off stump,Good Length,0,0,1,0,0,0,0,0,83.44322798333711,-6.9144754843014,8.341091603462647,-0.7260276647921766,1.823350878104861,,,,,,,7.525640781361985,0.1728941851172424,0.6432025058588142,89.1909573670979,Attacked,Missed,None,0.504329681396484,0.546661376953125,6.99141,0.279441,,,,,,,-999.9,-999.9,-999.9,-8.840891,0.781104,0.640658,-10.98285995108477,-10.05986584031256,0.8838870165675302,0.7233353615358142,-0.1600270746269287,0.1303918146647048,-1.0,-1.0,MAHARAJA-YADAVINDRA-SINGH-CRICKET-STADIUM-MULLANPUR,-1.0,,L,L,R,Rajasthan-Royals,Sunrisers-Hyderabad,Seam,1
2536,1,18,Rajasthan Royals,Vaibhav Sooryavanshi,Sakib Hussain,,4,4,0,0,0,0,0,0,1,0,0,0,0,0,0,0,0,,,0,3.4,1,1,0,836523,160.0,163.5,0,0,,,Knuckleball,58.0,BACKFOOT PULL SHOT,0,0,4,3,51,0,Outside Leg stump,Short Length,0,0,1,0,0,0,0,0,71.3726184039888,-13.23680444090926,8.341133278246254,-0.8091537082780945,1.785625508289646,,,,,,,11.16985828372473,0.3158583444911524,0.5651128140044097,63.18108765154621,Attacked,Missed,None,0.672775268554688,0.71044921875,11.934952,-0.435487,,,,,,,-999.9,-999.9,-999.9,-8.840642,0.400506,1.237281,-16.58843893370647,-10.05985438824866,0.5060499798230416,1.237149749955703,0.5410653051383078,0.4765496674892595,-1.0,-1.0,MAHARAJA-YADAVINDRA-SINGH-CRICKET-STADIUM-MULLANPUR,-1.0,,L,L,R,Rajasthan-Royals,Sunrisers-Hyderabad,Seam,1
2536,1,18,Rajasthan Royals,Vaibhav Sooryavanshi,Sakib Hussain,,4,5,6,6,6,0,0,0,0,0,0,0,0,0,0,1,0,,,0,3.5,1,1,0,836524,133.5,170.0,6,0,,,Knuckleball,5.0,LOFTED OFF DRIVE,0,0,5,3,57,0,Middle stump,Good Length,0,0,1,0,0,0,0,0,70.68914463281824,-4.413543693716877,8.340819465047161,-0.8307307759071612,1.805192971898312,,,,,,,8.515098443301744,0.2000699153373516,0.6148059674905826,82.21390358985225,Attacked,Played,None,0.613082885742188,0.5592498779296875,6.510076,-0.017859,,,,,,,-7.861163,0.331335,0.555518,-8.841086,0.412378,0.6338,-12.71736710654,-10.06023667434382,0.5141020658141509,0.7102572355664574,0.3608943146519188,0.4570200541163056,-1.0,-1.0,MAHARAJA-YADAVINDRA-SINGH-CRICKET-STADIUM-MULLANPUR,-1.0,,L,L,R,Rajasthan-Royals,Sunrisers-Hyderabad,Seam,1
2536,1,18,Rajasthan Royals,Vaibhav Sooryavanshi,Sakib Hussain,,4,6,6,6,6,0,0,0,0,0,0,0,0,0,0,1,0,,,0,3.6,1,1,0,836525,-189.5,-99.0,6,0,,,Knuckleball,58.0,BACKFOOT PULL SHOT,0,0,6,3,63,0,Outside Leg stump,Short of Good Length,0,0,1,0,0,0,0,0,72.35315063399975,-9.023028893113201,8.340469492304255,-0.8288271134145259,1.751833501576536,,,,,,,9.354006029043607,0.1775530321967691,0.5699853493267274,77.74249917933221,Attacked,Played,None,0.615188598632812,0.5621109008789062,10.300226,-0.59944,,,,,,,-7.856912,-0.28172,0.936712,-8.841014,-0.241669,0.981914,-14.96909914529808,-10.05993251875493,-0.1916051870258911,1.017001221990104,-0.134198287831584,0.6236521402704509,-1.0,-1.0,MAHARAJA-YADAVINDRA-SINGH-CRICKET-STADIUM-MULLANPUR,-1.0,,L,L,R,Rajasthan-Royals,Sunrisers-Hyderabad,Seam,1
2536,1,18,Rajasthan Royals,Yashasvi Jaiswal,Eshan Malinga,,5,1,4,4,4,0,0,0,0,0,0,0,0,0,1,0,0,,,0,4.1,1,1,0,836526,189.0,-7.5,4,0,,,Knuckleball,16.0,BACKFOOT SQUARE DRIVE,0,0,1,4,67,0,Outside Off stump,Short of Good Length,1,0,1,0,0,0,0,0,87.65034549352116,-8.24440192168331,8.340486557564862,-0.3834973821535128,1.737329733294566,,,,,,,7.345509713348056,0.1900373214497259,0.6073654302797971,82.10108239699697,Attacked,Played,None,0.493263244628906,0.48065185546875,8.397625,-0.038936,,,,,,,-8.924083,0.248747,0.737556,-8.840808,0.245353,0.732068,-11.27418306861295,-10.06015759502928,0.2952696891872589,0.8057751217474531,0.7235963000620704,-0.141574545082539,-1.0,-1.0,MAHARAJA-YADAVINDRA-SINGH-CRICKET-STADIUM-MULLANPUR,-1.0,,L,L,R,Rajasthan-Royals,Sunrisers-Hyderabad,Seam,1
2536,1,18,Rajasthan Royals,Yashasvi Jaiswal,Eshan Malinga,,5,2,1,1,1,1,0,0,0,0,0,0,0,0,0,0,0,,,0,4.2,1,1,0,836527,164.0,-22.0,1,0,,,Knuckleball,16.0,BACKFOOT SQUARE DRIVE,0,0,2,4,68,0,Off stump,Short of Good Length,0,0,1,0,0,0,0,0,83.89995430521486,-8.0772125055051,8.340488023142747,-0.375191724858457,1.756892835824114,,,,,,,8.020413487212156,0.2542764940511164,0.6477267494563611,81.73136301334253,Attacked,Played,None,0.518783569335938,0.4922332763671875,8.200602,0.02018,,,,,,,-8.942877,0.338119,0.796215,-8.84052,0.333394,0.788539,-11.27560784713432,-10.06029230998566,0.3899642788280228,0.8729687911506807,0.4822844961559957,0.02949412941743906,-1.0,-1.0,MAHARAJA-YADAVINDRA-SINGH-CRICKET-STADIUM-MULLANPUR,-1.0,,L,L,R,Rajasthan-Royals,Sunrisers-Hyderabad,Seam,1
2536,1,18,Rajasthan Royals,Vaibhav Sooryavanshi,Eshan Malinga,,5,3,4,4,4,0,0,0,0,0,0,0,0,0,1,0,0,,,0,4.3,1,1,0,836528,183.0,-23.5,4,0,,,Knuckleball,96.0,SLICED OVER POINT,0,0,3,4,72,0,Outside Off stump,Full Length,0,0,1,0,0,0,0,0,90.05951898926328,-5.119026745620694,8.341097757307807,-0.3409254820394299,1.793271952663116,,,,,,,7.535856896818911,0.1614743055360802,0.7324054907692011,103.7133930617722,Attacked,Played,None,0.473831176757812,0.4530258178710938,4.745664,0.19631,,,,,,,-8.554748,0.354558,0.420369,-8.840486,0.368701,0.45022,-9.756247353275725,-10.06027005342355,0.429428369588899,0.5697044909703061,0.9545367948096475,0.009750981145589957,-1.0,-1.0,MAHARAJA-YADAVINDRA-SINGH-CRICKET-STADIUM-MULLANPUR,-1.0,,L,L,R,Rajasthan-Royals,Sunrisers-Hyderabad,Seam,1
2536,1,18,Rajasthan Royals,Vaibhav Sooryavanshi,Eshan Malinga,,5,4,1,1,1,1,0,0,0,0,0,0,0,0,0,0,0,,,0,4.4,1,1,0,836529,-69.0,179.0,1,0,,,Knuckleball,47.0,FRONTFOOT ON DRIVE,0,0,4,4,73,0,Middle stump,Full Toss,0,0,1,0,0,0,0,0,88.88744108940709,-2.483695334483651,8.34053430744634,-0.4325291357514753,1.78729614577268,,,,,,,6.183381588316625,0.1915904665342311,0.6500000000000011,88.34095334657705,Attacked,Played,None,0.472366333007812,0.4339714050292969,0.3246749999999992,0.111291,,,,,,,-7.927514,0.028724,0.303135,-8.840975,0.069563,0.167797,-8.997794609795221,-10.06014125049108,0.1267634831143701,0.06394539809503356,1.890720454144766,-1.272221872585407e-14,-1.0,-1.0,MAHARAJA-YADAVINDRA-SINGH-CRICKET-STADIUM-MULLANPUR,-1.0,,L,L,R,Rajasthan-Royals,Sunrisers-Hyderabad,Seam,1
2536,1,18,Rajasthan Royals,Yashasvi Jaiswal,Eshan Malinga,,5,5,1,1,1,1,0,0,0,0,0,0,0,0,0,0,0,,,0,4.5,1,1,0,836530,72.0,117.5,1,0,,,Knuckleball,84.0,FRONTFOOT OFF DRIVE,0,0,5,4,74,0,Outside Off stump,Good Length,0,0,1,0,0,0,0,0,88.46515058449886,-6.175464132742722,8.340686651195657,-0.3316769168357143,1.758268254116899,,,,,,,6.674201536194377,0.1864243222787073,0.5809958697536954,78.50694823518359,Attacked,Played,None,0.48760986328125,0.470489501953125,6.654987,-0.003902,,,,,,,-8.692418,0.166359,0.524076,-8.841139,0.17125,0.534449,-10.7655521672552,-10.06015592994916,0.2115572203659649,0.6115654148493362,0.5973315753004981,-0.1017761424503966,-1.0,-1.0,MAHARAJA-YADAVINDRA-SINGH-CRICKET-STADIUM-MULLANPUR,-1.0,,L,L,R,Rajasthan-Royals,Sunrisers-Hyderabad,Seam,1
2536,1,18,Rajasthan Royals,Vaibhav Sooryavanshi,Eshan Malinga,,5,6,0,0,0,0,0,0,1,0,0,0,0,0,0,0,0,,,0,4.6,1,1,0,836531,19.0,143.5,0,0,,,Knuckleball,27.0,FORWARD PUSH,0,0,6,4,74,0,Outside Leg stump,Full Length,0,0,1,0,0,0,0,0,89.08812452294998,-4.349586254799725,8.340781737921894,-0.4150164114222918,1.778889643841336,,,,,,,7.386152028128612,0.1252694754931148,0.766604789358701,112.4637708544937,Defended,Played,None,0.475330352783203,0.4435272216796875,3.510963,-0.165019,,,,,,,-8.183124,-0.113437,0.233341,-8.840849,-0.092497,0.308001,-9.25852361420886,-10.06008654181984,-0.05340285714086329,0.4366714551874279,1.824188781133339,-0.1251573606031117,-1.0,-1.0,MAHARAJA-YADAVINDRA-SINGH-CRICKET-STADIUM-MULLANPUR,-1.0,,L,L,R,Rajasthan-Royals,Sunrisers-Hyderabad,Seam,1
2536,1,18,Rajasthan Royals,Yashasvi Jaiswal,Praful Hinge,,6,1,0,0,0,0,0,0,1,0,0,0,0,0,0,0,0,,,0,5.1,1,1,0,836532,19.0,143.5,0,0,,,Knuckleball,36.0,CUT SHOT,0,0,1,5,74,0,Outside Off stump,Good Length,1,0,1,0,0,0,0,0,83.97587875443399,-7.321423764460928,8.340981084425493,-0.4990471373817735,1.956012867792404,,,,,,,7.695109261514643,0.2084936010314269,0.5878545181017941,77.32881761212643,Attacked,Missed,None,0.517055511474609,0.536407470703125,7.070811,0.140584,,,,,,,-999.9,-999.9,-999.9,-8.841124,0.611804,0.665133,-12.05318339684966,-10.05965954270576,0.7127142766342416,0.7523706459289884,1.642039501605071,0.4159078499800443,-1.0,-1.0,MAHARAJA-YADAVINDRA-SINGH-CRICKET-STADIUM-MULLANPUR,-1.0,,L,L,R,Rajasthan-Royals,Sunrisers-Hyderabad,Seam,1
2536,1,18,Rajasthan Royals,Yashasvi Jaiswal,Praful Hinge,,6,2,0,0,0,0,0,0,1,0,0,0,0,0,0,0,0,,,0,5.2,1,1,0,836533,46.5,149.0,0,0,,,Knuckleball,84.0,FRONTFOOT OFF DRIVE,0,0,2,5,74,0,Middle stump,Good Length,0,0,1,0,0,0,0,0,82.8443159454041,-7.476184147944521,8.340375043177964,-0.5118581921983711,1.971849187841751,,,,,,,7.957277060781228,0.2168353778755233,0.6436942372832963,84.87059780494212,Defended,Played,None,0.521976470947266,0.4953346252441406,6.689627,-0.055329,,,,,,,-8.641743,0.131891,0.640817,-8.840745,0.139113,0.657956,-11.39726127753896,-10.05994463882488,0.1836124823891357,0.753645659110141,-0.1164498740618627,-0.1777749985106684,-1.0,-1.0,MAHARAJA-YADAVINDRA-SINGH-CRICKET-STADIUM-MULLANPUR,-1.0,,L,L,R,Rajasthan-Royals,Sunrisers-Hyderabad,Seam,1
2536,1,18,Rajasthan Royals,Yashasvi Jaiswal,Praful Hinge,,6,3,4,4,4,0,0,0,0,0,0,0,0,0,1,0,0,,,0,5.3,1,1,0,836534,-38.5,-150.5,4,0,,,Knuckleball,99.0,SCOOP,0,0,3,5,78,0,Outside Off stump,Good Length,0,0,1,0,0,0,0,0,84.46611374012973,-8.825476313766666,8.340837692483447,-0.5125925941227413,1.95390467557872,,,,,,,8.00537655002132,0.1939084372099546,0.586863317609583,78.638653920442,Attacked,Played,None,0.517192840576172,0.4725151062011719,8.197432,0.121502,,,,,,,-7.950857,0.53985,0.71783,-8.840923,0.602721,0.78679,-12.58124449021293,-10.05990906254395,0.6895647942271476,0.867602573419562,0.2829721418995693,0.1373741165565173,-1.0,-1.0,MAHARAJA-YADAVINDRA-SINGH-CRICKET-STADIUM-MULLANPUR,-1.0,,L,L,R,Rajasthan-Royals,Sunrisers-Hyderabad,Seam,1
2536,1,18,Rajasthan Royals,Yashasvi Jaiswal,Praful Hinge,,6,4,1,1,1,1,0,0,0,0,0,0,0,0,0,0,0,,,0,5.4,1,1,0,836535,101.5,49.5,1,0,,,Knuckleball,89.0,STEP DOWN COVER DRIVE,0,0,4,5,79,0,Outside Leg stump,Full Length,0,0,1,0,0,0,0,0,85.00868682767472,-4.736327712282818,8.340510611997598,-0.6112912315947157,2.023802634176316,,,,,,,6.65520991820111,0.08791609514120201,0.6105858413658041,92.79626669075041,Attacked,Played,None,0.499053955078125,0.4608421325683594,3.23862,-0.28006,,,,,,,-8.153869,-0.25431,0.173599,-8.840854,-0.240934,0.24348,-10.54224150598412,-10.05972381606421,-0.2170334997628328,0.356772223792293,0.6868525641302698,-0.5108474952592167,-1.0,-1.0,MAHARAJA-YADAVINDRA-SINGH-CRICKET-STADIUM-MULLANPUR,-1.0,,L,L,R,Rajasthan-Royals,Sunrisers-Hyderabad,Seam,1
2536,1,18,Rajasthan Royals,Vaibhav Sooryavanshi,Praful Hinge,,6,5,1,1,1,1,0,0,0,0,0,0,0,0,0,0,0,,,0,5.5,1,1,0,836536,-157.0,99.0,1,0,,,Knuckleball,18.0,SLOG SHOT,0,0,5,5,80,0,Leg stump,Full Toss,0,0,1,0,0,0,0,0,86.56938737159035,-3.304017000779589,8.340683138288846,-0.5154300577591828,2.035748418344141,,,,,,,6.527654801571478,0.1812351556475028,0.6499999999999997,89.37648443524968,Attacked,Played,None,0.483879089355469,0.4497642517089844,-0.09422400000000053,-0.06493,,,,,,,-8.051487,-0.107975,0.355766,-8.840581,-0.09154,0.233252,-9.494052879139959,-10.06012216477163,-0.06680446158670146,0.03537546524220443,-0.4756523564213967,1.272221872585407e-14,-1.0,-1.0,MAHARAJA-YADAVINDRA-SINGH-CRICKET-STADIUM-MULLANPUR,-1.0,,L,L,R,Rajasthan-Royals,Sunrisers-Hyderabad,Seam,1
2536,1,18,Rajasthan Royals,Yashasvi Jaiswal,Praful Hinge,,6,6,0,0,0,0,0,0,1,0,0,0,0,0,0,0,0,,,0,5.6,1,1,0,836537,77.5,-32.5,0,0,,,Knuckleball,44.0,GLIDE,0,0,6,5,80,0,Leg stump,Yorker,0,0,1,0,0,0,0,0,87.38947656086056,-4.168397402354847,8.341036897341205,-0.5585408282440909,2.032135934742751,,,,,,,6.5857543470821,0.1796591258376702,0.65,89.53408741623298,Defended,Played,None,0.481624603271484,0.4779281616210938,1.386703000000001,-0.025058,,,,,,,-9.13455,-0.011965,0.076497,-8.840661,-0.020307,0.043403,-9.577728108424393,-10.05980443159205,0.01429887935537577,0.1755222438965102,-0.3159107311734835,0.0,-1.0,-1.0,MAHARAJA-YADAVINDRA-SINGH-CRICKET-STADIUM-MULLANPUR,-1.0,,L,L,R,Rajasthan-Royals,Sunrisers-Hyderabad,Seam,1
2536,1,18,Rajasthan Royals,Vaibhav Sooryavanshi,Sakib Hussain,,7,1,1,1,1,1,0,0,0,0,0,0,0,0,0,0,0,,,0,6.1,1,1,0,836538,64.5,126.5,1,0,,,Knuckleball,97.0,BACKFOOT PUSH,0,0,1,6,81,0,Middle stump,Good Length,1,0,1,0,0,0,0,0,83.8572094288295,-7.831667820636488,8.340425275955692,-0.6880503709709906,1.800150052501898,,,,,,,8.073072705513065,0.1937344370364547,0.6608188146713733,89.74937849706053,Attacked,Played,None,0.516998291015625,0.4896697998046875,7.835755,-0.179032,,,,,,,-8.311044,0.130826,0.70977,-8.840776,0.158503,0.751522,-11.35314516173639,-10.0602588218307,0.222669689213217,0.8360780082472536,0.05723478055658989,0.05928398465446203,-1.0,-1.0,MAHARAJA-YADAVINDRA-SINGH-CRICKET-STADIUM-MULLANPUR,-1.0,,L,L,R,Rajasthan-Royals,Sunrisers-Hyderabad,Seam,1
2536,1,18,Rajasthan Royals,Yashasvi Jaiswal,Sakib Hussain,,7,2,4,4,4,0,0,0,0,0,0,0,0,0,1,0,0,,,0,6.2,1,1,0,836539,8.0,-159.5,4,0,,,Knuckleball,31.0,UPPER CUT,0,0,2,6,85,0,Outside Leg stump,Short Length,0,0,1,0,0,0,0,0,81.70884341187012,-19.87810368380821,8.340664857491184,-0.7837291251229558,1.71472197077942,,,,,,,13.91378719448364,0.1821559766040286,0.5515098636474938,74.51088188672121,Attacked,Played,None,0.585456848144531,0.595733642578125,13.954448,-0.551698,,,,,,,-9.510184,0.102118,2.380046,-8.841016,0.064302,2.313845,-21.73596155149701,-10.06018645188977,0.1336523638001605,2.429891412281145,-0.8792201651804232,-0.1707971360802467,-1.0,-1.0,MAHARAJA-YADAVINDRA-SINGH-CRICKET-STADIUM-MULLANPUR,-1.0,,L,L,R,Rajasthan-Royals,Sunrisers-Hyderabad,Seam,1
2536,1,18,Rajasthan Royals,Yashasvi Jaiswal,Sakib Hussain,,7,3,0,0,0,0,0,0,1,0,0,0,0,0,0,0,0,,,0,6.3,1,1,0,836540,-18.5,61.0,0,0,,,Knuckleball,97.0,BACKFOOT PUSH,0,0,3,6,85,0,Outside Leg stump,Short of Good Length,0,0,1,0,0,0,0,0,82.76115798929318,-9.363115856651241,8.341202716097293,-0.7824528179825947,1.764106723231259,,,,,,,9.540790060925987,0.1559735954524491,0.6996973535028748,99.35724348018633,Defended,Played,None,0.531532287597656,0.5075225830078125,9.458243,-0.351307,,,,,,,-8.650538,0.008364,1.072586,-8.841104,0.017161,1.089474,-12.72948208935468,-10.06026271951552,0.07376244328800091,1.188161797296562,0.08344338895422541,-0.3225121070541139,-1.0,-1.0,MAHARAJA-YADAVINDRA-SINGH-CRICKET-STADIUM-MULLANPUR,-1.0,,L,L,R,Rajasthan-Royals,Sunrisers-Hyderabad,Seam,1
2536,1,18,Rajasthan Royals,Yashasvi Jaiswal,Sakib Hussain,,7,4,1,1,1,1,0,0,0,0,0,0,0,0,0,0,0,,,0,6.4,1,1,0,836541,100.0,-16.5,1,0,,,Knuckleball,44.0,GLIDE,0,0,4,6,86,0,Outside Off stump,Good Length,0,0,1,0,0,0,0,0,71.4437518834362,-5.476937404774923,8.340923603153385,-0.7083480732054113,1.82213332798164,,,,,,,8.589620268055437,0.2431849797410805,0.5797592693356355,72.64539242623727,Attacked,Played,None,0.615062713623047,0.610748291015625,7.483733,-0.148074,,,,,,,-9.126239,0.301002,0.714089,-8.840638,0.280918,0.698282,-13.31313960312342,-10.06010487045104,0.3670088937948816,0.7564926355863011,-0.3235875209600765,1.052609521843768,-1.0,-1.0,MAHARAJA-YADAVINDRA-SINGH-CRICKET-STADIUM-MULLANPUR,-1.0,,L,L,R,Rajasthan-Royals,Sunrisers-Hyderabad,Seam,1
2536,1,18,Rajasthan Royals,Vaibhav Sooryavanshi,Sakib Hussain,,7,5,4,4,4,0,0,0,0,0,0,0,0,0,1,0,0,,,0,6.5,1,1,0,836542,-178.5,-81.0,4,0,,,Knuckleball,58.0,BACKFOOT PULL SHOT,0,0,5,6,90,0,Outside Leg stump,Short Length,0,0,1,0,0,0,0,0,72.25716596898032,-10.63126043895052,8.340591830055288,-0.658422299228598,1.803282245686666,,,,,,,9.761245031746823,0.2320554219631922,0.5463925421058189,68.7533391195536,Attacked,Played,None,0.632171630859375,0.5704994201660156,10.865167,-0.501825,,,,,,,-7.690305,-0.330817,0.98863,-8.840922,-0.306708,1.031607,-15.79584084854986,-10.05975475181991,-0.2809084986488467,1.052748913852542,-0.2163876039100655,0.03482527267047238,-1.0,-1.0,MAHARAJA-YADAVINDRA-SINGH-CRICKET-STADIUM-MULLANPUR,-1.0,,L,L,R,Rajasthan-Royals,Sunrisers-Hyderabad,Seam,1
2536,1,18,Rajasthan Royals,Vaibhav Sooryavanshi,Sakib Hussain,,7,6,6,6,6,0,0,0,0,0,0,0,0,0,0,1,0,,,0,6.6,1,1,0,836543,-151.0,-114.5,6,0,,,Knuckleball,17.0,PICK UP PULL,0,0,6,6,96,0,Outside Leg stump,Short Length,0,0,1,0,0,0,0,0,70.07261663969217,-10.58694931645851,8.34067562593258,-0.6268863545407636,1.806039045155915,,,,,,,10.21260416071723,0.1881083310435834,0.5635156663996889,75.71651685559499,Attacked,Played,None,0.6456298828125,0.5824470520019531,10.972967,-0.45329,,,,,,,-7.677097,-0.073882,1.047202,-8.840817,-0.020223,1.094211,-16.27918132177313,-10.06025861211187,0.036619563109288,1.118308964102978,-0.6447275438134931,1.429331019279633,-1.0,-1.0,MAHARAJA-YADAVINDRA-SINGH-CRICKET-STADIUM-MULLANPUR,-1.0,,L,L,R,Rajasthan-Royals,Sunrisers-Hyderabad,Seam,1
2536,1,18,Rajasthan Royals,Yashasvi Jaiswal,Praful Hinge,,8,1,1,1,1,1,0,0,0,0,0,0,0,0,0,0,0,,,0,7.1,1,1,0,836544,148.0,82.5,1,0,,,Knuckleball,51.0,FRONTFOOT COVERDRIVE,0,0,1,7,97,0,Outside Off stump,Full Length,1,0,1,0,0,0,0,0,85.01888599822317,-5.845553398031726,8.340663230728413,-0.5515376630163601,2.036345376488661,,,,,,,6.195332940574791,0.138246548209879,0.559250186374986,80.06287313526002,Attacked,Played,None,0.502967834472656,0.4976005554199219,4.349499,0.196948,,,,,,,-9.159118,0.372997,0.355435,-8.840556,0.356542,0.330728,-10.55499330558369,-10.060118505532,0.4197565249899287,0.4198947106454582,-0.1420417253129855,-0.08707418336827953,-1.0,-1.0,MAHARAJA-YADAVINDRA-SINGH-CRICKET-STADIUM-MULLANPUR,-1.0,,L,L,R,Rajasthan-Royals,Sunrisers-Hyderabad,Seam,1
2536,1,18,Rajasthan Royals,Vaibhav Sooryavanshi,Praful Hinge,,8,2,6,6,6,0,0,0,0,0,0,0,0,0,0,1,0,,,0,7.2,1,1,0,836545,-210.5,67.5,6,0,,,Knuckleball,11.0,LOFTED ON DRIVE,0,0,2,7,103,0,Outside Leg stump,Full Length,0,1,2,0,0,1,0,0,86.3924481158316,-5.941103900550595,8.341176845753555,-0.576988434177204,2.006996354888798,,,,,,,7.319938212781192,0.1669981978970389,0.6576030268253844,91.94063423410377,Attacked,Played,None,0.494544982910156,0.4543304443359375,4.547208,-0.315482,,,,,,,-8.119692,-0.282708,0.334223,-8.841033,-0.273524,0.407811,-10.49924243493984,-10.05966094792561,-0.2578903349867288,0.5210885801306055,-0.488896399271781,-0.1104346408649285,-1.0,-1.0,MAHARAJA-YADAVINDRA-SINGH-CRICKET-STADIUM-MULLANPUR,-1.0,,L,L,R,Rajasthan-Royals,Sunrisers-Hyderabad,Seam,1
2536,1,18,Rajasthan Royals,Vaibhav Sooryavanshi,Praful Hinge,,8,3,1 (WD),1,0,0,0,0,0,1,1,0,0,0,0,0,0,,,0,7.3,1,1,1,836546,-210.5,67.5,1,0,,,Knuckleball,44.0,GLIDE,0,0,3,7,104,0,Wide outside Off stump,Full Length,0,0,2,0,0,0,0,0,84.02075512302619,-4.303510138682934,8.341079090548483,-0.520783008481516,2.037621844133434,,,,,,,7.144504848613921,0.2284630203299025,0.6078900050063524,78.33719871796261,Attacked,Missed,None,0.506046295166016,0.533477783203125,3.01082,0.7947,,,,,,,-999.9,-999.9,-999.9,-8.840627,0.983066,0.240028,-10.84867211961318,-10.0598574601715,1.112774519045232,0.3626039415074305,1.429367504307862,0.3270440363023636,-1.0,-1.0,MAHARAJA-YADAVINDRA-SINGH-CRICKET-STADIUM-MULLANPUR,-1.0,,L,L,R,Rajasthan-Royals,Sunrisers-Hyderabad,Seam,1
2536,1,18,Rajasthan Royals,Vaibhav Sooryavanshi,Praful Hinge,,8,3,4,4,4,0,0,0,0,0,0,0,0,0,1,0,0,,,0,7.3,1,1,0,836547,196.0,55.0,4,0,,,Knuckleball,15.0,LOFTED COVER DRIVE,0,0,4,7,108,0,Outside Off stump,Short of Good Length,0,0,2,0,0,0,0,0,85.48624345993434,-8.95465855239078,8.340760891860874,-0.4958512720095641,1.955478429160448,,,,,,,8.063965595335945,0.1849417360832882,0.6095845995729835,82.94351632761872,Attacked,Played,None,0.508735656738281,0.4889373779296875,8.087159,0.126162,,,,,,,-8.665183,0.514428,0.776617,-8.840867,0.5249,0.790342,-12.26725753314112,-10.06017323106417,0.5979903821164689,0.8768526566375986,-0.1123367521769668,-0.1563507505705222,-1.0,-1.0,MAHARAJA-YADAVINDRA-SINGH-CRICKET-STADIUM-MULLANPUR,-1.0,,L,L,R,Rajasthan-Royals,Sunrisers-Hyderabad,Seam,1
2536,1,18,Rajasthan Royals,Vaibhav Sooryavanshi,Praful Hinge,,8,4,5 (NB),5,4,0,0,0,0,1,0,1,0,0,1,0,0,,,0,7.4,1,1,1,836548,-55.5,-141.5,5,0,,,Knuckleball,58.0,BACKFOOT PULL SHOT,0,0,5,7,113,0,Outside Leg stump,Full Toss,0,0,2,0,0,0,0,0,85.89704003913567,-0.329877418928458,8.340492229871671,-0.5134507181373202,2.059118664392256,,,,,,,6.553839338275628,0.1804997790771483,0.6500000000000006,89.45002209228525,Attacked,Edged,None,0.478202819824219,0.4590911865234375,-6.932189999999999,-0.018826,,,,,,,-8.32082,-0.18263,1.200766,-8.8407,-0.172615,1.146466,-9.531766635135574,-10.05987219978689,-0.1492200035523795,1.011744337568497,-0.1070626421298621,1.272221872585407e-14,-1.0,-1.0,MAHARAJA-YADAVINDRA-SINGH-CRICKET-STADIUM-MULLANPUR,-1.0,,L,L,R,Rajasthan-Royals,Sunrisers-Hyderabad,Seam,1
2536,1,18,Rajasthan Royals,Vaibhav Sooryavanshi,Praful Hinge,,8,4,6,6,6,0,0,0,0,0,0,0,0,0,0,1,0,,,0,7.4,1,1,0,836549,-201.0,85.5,6,0,,,Knuckleball,11.0,LOFTED ON DRIVE,0,0,6,7,119,0,Off stump,Full Toss,0,0,2,0,0,0,0,0,86.41388466461375,-2.828433830709749,8.341054553681442,-0.514253395855733,2.034356598657492,,,,,,,6.396669723142844,0.1850203436015204,0.65,88.99796563984796,Attacked,Played,None,0.484359741210938,0.45428466796875,-1.040395,0.075374,,,,,,,-8.189886,-0.010115,0.482664,-8.840633,0.009102,0.387766,-9.305329106905026,-10.05985049511493,0.04494881520901899,0.2021531760076691,-0.1194784140248314,0.0,-1.0,-1.0,MAHARAJA-YADAVINDRA-SINGH-CRICKET-STADIUM-MULLANPUR,-1.0,,L,L,R,Rajasthan-Royals,Sunrisers-Hyderabad,Seam,1
2536,1,18,Rajasthan Royals,Vaibhav Sooryavanshi,Praful Hinge,,8,5,6,6,6,0,0,0,0,0,0,0,0,0,0,1,0,,,0,7.5,1,1,0,836550,64.0,229.0,6,0,,,Knuckleball,5.0,LOFTED OFF DRIVE,0,0,7,7,125,0,Outside Off stump,Full Length,0,0,2,0,0,0,0,0,85.7856190180577,-7.547095850322298,8.340533887715985,-0.5501720575721039,1.974743226272414,,,,,,,7.017934398331804,0.2157495452513108,0.5761900659348155,74.85355536509124,Attacked,Played,None,0.500873565673828,0.4793243408203125,6.566838,0.239469,,,,,,,-8.375024,0.596241,0.516094,-8.841042,0.63102,0.550251,-11.26178604213833,-10.05982565250051,0.7225948560199036,0.6288261856968531,-0.1439099946081833,0.361305627716458,-1.0,-1.0,MAHARAJA-YADAVINDRA-SINGH-CRICKET-STADIUM-MULLANPUR,-1.0,,L,L,R,Rajasthan-Royals,Sunrisers-Hyderabad,Seam,1
2536,1,18,Rajasthan Royals,Vaibhav Sooryavanshi,Praful Hinge,,8,6,0 WK,W,0,0,0,0,1,0,0,0,0,0,0,0,1,Caught,WICKET,1,7.6,1,1,0,836551,42.5,-126.5,0,0,,,Knuckleball,58.0,BACKFOOT PULL SHOT,0,0,8,7,125,1,Off stump,Short Length,1,0,2,0,0,0,0,0,76.9485730151533,-14.30424286016824,8.34069946459769,-0.553634238777786,1.873690949974094,,,,,,,11.24808472126627,0.1775218428908811,0.557237190560322,75.83339429496017,None,None,None,0.600082397460938,0.5718154907226562,12.008125,-0.244826,,,,,,,-8.483717,0.445739,1.442496,-8.8409,0.467116,1.465406,-17.97332325949742,-10.06025901055841,0.5388250213968896,1.529512508191149,-0.4755886692971776,1.581623567066523,-1.0,-1.0,MAHARAJA-YADAVINDRA-SINGH-CRICKET-STADIUM-MULLANPUR,-1.0,,L,L,R,Rajasthan-Royals,Sunrisers-Hyderabad,Seam,1
2536,1,18,Rajasthan Royals,Yashasvi Jaiswal,Shivang Kumar,,9,1,1,1,1,1,0,0,0,0,0,0,0,0,0,0,0,,,0,8.1,1,1,0,836552,-129.0,84.5,1,0,,,Knuckleball,27.0,FORWARD PUSH,0,0,1,8,126,1,Off stump,Full Length,2,0,2,0,0,0,0,0,56.00694246715648,0.2445256835783867,8.340607836832778,0.7249176124862918,1.889826144068991,,,,,,,11.34604446957654,0.2248729845282324,0.6717718071338923,88.2784726172606,Attacked,Played,None,0.770015716552734,0.6746063232421875,3.526892,0.07133,,,,,,,-7.581315,0.034091,0.226847,-8.840795,-0.011068,0.427758,-15.05151353800843,-10.05996295992432,-0.05522255656395744,0.583888413109194,-2.011239351765596,1.546721588064603,-1.0,-1.0,MAHARAJA-YADAVINDRA-SINGH-CRICKET-STADIUM-MULLANPUR,-1.0,,L,R,L,Rajasthan-Royals,Sunrisers-Hyderabad,Spin,1
2536,1,18,Rajasthan Royals,Dhruv Jurel,Shivang Kumar,,9,2,1,1,1,1,0,0,0,0,0,0,0,0,0,0,0,,,0,8.2,1,1,0,836553,123.0,-56.5,1,0,,,Knuckleball,54.0,LEG GLANCE,0,0,2,8,127,1,Outside Leg stump,Good Length,0,0,2,0,0,0,0,0,57.7365947101523,-1.181156468807796,8.340829948875975,0.6602010919691392,1.841847285961397,,,,,,,10.59652227246315,0.2530548129959982,0.6121254999859344,76.51334369829034,Attacked,Played,None,0.741600036621094,0.7160797119140625,5.510682,0.331626,,,,,,,-8.501877,0.354236,0.587284,-8.840972,0.356211,0.617135,-15.20788491716106,-10.06004842280239,0.3633542074781963,0.7001499128489252,-0.1878303541219306,1.879962088555497,-1.0,-1.0,MAHARAJA-YADAVINDRA-SINGH-CRICKET-STADIUM-MULLANPUR,-1.0,,R,L,L,Rajasthan-Royals,Sunrisers-Hyderabad,Spin,1
2536,1,18,Rajasthan Royals,Yashasvi Jaiswal,Shivang Kumar,,9,3,0,0,0,0,0,0,1,0,0,0,0,0,0,0,0,,,0,8.3,1,1,0,836554,123.0,-56.5,0,0,,,Knuckleball,36.0,CUT SHOT,0,0,3,8,127,1,Outside Off stump,Good Length,0,0,2,0,0,0,0,0,57.82849132833051,-1.549173274847171,8.340661955883768,0.7837726440355959,1.82235551387278,,,,,,,9.202924083756972,0.1933185493204191,0.6008136742097555,80.79019619942142,Attacked,Missed,None,0.740867614746094,0.7796058654785156,4.873448,0.457312,,,,,,,-999.9,-999.9,-999.9,-8.84093,0.429142,0.472468,-13.98497215954097,-10.05991362908193,0.4195624465309929,0.5526545051448477,-1.328866433166668,1.643070033105047,-1.0,-1.0,MAHARAJA-YADAVINDRA-SINGH-CRICKET-STADIUM-MULLANPUR,-1.0,,L,R,L,Rajasthan-Royals,Sunrisers-Hyderabad,Spin,1
2536,1,18,Rajasthan Royals,Yashasvi Jaiswal,Shivang Kumar,,9,4,1,1,1,1,0,0,0,0,0,0,0,0,0,0,0,,,0,8.4,1,1,0,836555,68.5,151.5,1,0,,,Knuckleball,84.0,FRONTFOOT OFF DRIVE,0,0,4,8,128,1,Outside Off stump,Full Length,0,0,2,0,0,0,0,0,57.62845341346481,-1.646564355989821,8.340551831279114,0.793895892417174,1.862834182412819,,,,,,,10.15150824445644,0.2762041444199795,0.6317485759617854,77.14187195226985,Attacked,Played,None,0.758834838867188,0.6798248291015625,4.792391,0.126106,,,,,,,-7.82984,0.068005,0.408984,-8.840905,0.044741,0.515061,-14.13141488116644,-10.05989134641065,0.01643285330724145,0.608347525575706,-1.522111687319512,2.319912804850651,-1.0,-1.0,MAHARAJA-YADAVINDRA-SINGH-CRICKET-STADIUM-MULLANPUR,-1.0,,L,R,L,Rajasthan-Royals,Sunrisers-Hyderabad,Spin,1
2536,1,18,Rajasthan Royals,Dhruv Jurel,Shivang Kumar,,9,5,1,1,1,1,0,0,0,0,0,0,0,0,0,0,0,,,0,8.5,1,1,0,836556,-19.5,170.0,1,0,,,Knuckleball,13.0,LOFTED STRAIGHT,0,0,5,8,129,1,Outside Off stump,Full Length,0,0,2,0,0,0,0,0,58.66762269876916,-0.4301350119657323,8.34071917128912,0.7269005727297255,1.87013856681472,,,,,,,7.34608216323174,0.2446689396799144,0.4794999612682409,57.4581002222447,Attacked,Edged,None,0.725395202636719,0.6581382751464844,3.168558,-0.40939,,,,,,,-7.818172,-0.446672,0.149235,-8.840934,-0.488134,0.248014,-13.8109024805008,-10.0598275027166,-0.5379894540270351,0.3340675820425109,-1.655945870209815,2.839402670980264,-1.0,-1.0,MAHARAJA-YADAVINDRA-SINGH-CRICKET-STADIUM-MULLANPUR,-1.0,,R,L,L,Rajasthan-Royals,Sunrisers-Hyderabad,Spin,1
2536,1,18,Rajasthan Royals,Yashasvi Jaiswal,Shivang Kumar,,9,6,0,0,0,0,0,0,1,0,0,0,0,0,0,0,0,,,0,8.6,1,1,0,836557,81.0,-28.0,0,0,,,Knuckleball,36.0,CUT SHOT,0,0,6,8,129,1,Outside Off stump,Good Length,0,0,2,0,0,0,0,0,56.78961713364508,-2.211323628872841,8.340577312618077,0.8541921373707927,1.76141748884752,,,,,,,9.578722116682549,0.2438747062426495,0.5719994886605386,71.41245267481585,Defended,Played,None,0.744575500488281,0.764739990234375,6.64285,0.52703,,,,,,,-9.145873,0.278033,0.605024,-8.840937,0.291583,0.595403,-14.83991250965594,-10.05990280749668,0.2372080603917138,0.6190554143496393,-0.2848944252105397,-0.6902423507463649,-1.0,-1.0,MAHARAJA-YADAVINDRA-SINGH-CRICKET-STADIUM-MULLANPUR,-1.0,,L,R,L,Rajasthan-Royals,Sunrisers-Hyderabad,Spin,1
2536,1,18,Rajasthan Royals,Dhruv Jurel,Nitish Kumar Reddy,,10,1,4,4,4,0,0,0,0,0,0,0,0,0,1,0,0,,,0,9.1,1,1,0,836558,-186.5,-80.5,4,0,,,Knuckleball,36.0,CUT SHOT,0,0,1,9,133,1,Outside Off stump,Short of Good Length,1,0,2,0,0,0,0,0,80.94611620211585,-8.38794803948169,8.341188873104638,-0.5582239643240297,1.949607606317761,,,,,,,7.79975281207296,0.1894957346771889,0.5812796293565669,78.24237093576613,Attacked,Played,None,0.539966583251953,0.5391311645507812,7.887553,-0.443666,,,,,,,-9.218047,-0.346473,0.733051,-8.840794,-0.351816,0.709545,-12.41440649311718,-10.06001614558269,-0.3344898439671912,0.7793944465204594,0.8618217263682221,-0.3027334040961125,-1.0,-1.0,MAHARAJA-YADAVINDRA-SINGH-CRICKET-STADIUM-MULLANPUR,-1.0,,R,L,R,Rajasthan-Royals,Sunrisers-Hyderabad,Seam,1
2536,1,18,Rajasthan Royals,Dhruv Jurel,Nitish Kumar Reddy,,10,2,1,1,1,1,0,0,0,0,0,0,0,0,0,0,0,,,0,9.2,1,1,0,836559,-52.0,-115.5,1,0,,,Knuckleball,44.0,GLIDE,0,0,2,9,134,1,Outside Off stump,Short of Good Length,0,0,2,0,0,0,0,0,83.78744975903747,-9.523479993148921,8.340610138324255,-0.6224244699284472,1.947952513660138,,,,,,,8.518278465113353,0.1700749353672472,0.6095162143040096,84.41993860887673,Attacked,Played,None,0.52203369140625,0.5020980834960938,8.721703,-0.404463,,,,,,,-8.689549,-0.190968,0.877487,-8.841082,-0.186435,0.889213,-12.967208630681,-10.06022461516582,-0.1497626263122514,0.9745550555352139,0.8935187152498357,-0.1357164931418593,-1.0,-1.0,MAHARAJA-YADAVINDRA-SINGH-CRICKET-STADIUM-MULLANPUR,-1.0,,R,L,R,Rajasthan-Royals,Sunrisers-Hyderabad,Seam,1
2536,1,18,Rajasthan Royals,Yashasvi Jaiswal,Nitish Kumar Reddy,,10,3,0,0,0,0,0,0,1,0,0,0,0,0,0,0,0,,,0,9.3,1,1,0,836560,21.0,-56.5,0,0,,,Knuckleball,35.0,LATE CUT,0,0,3,9,134,1,Outside Leg stump,Short of Good Length,0,0,2,0,0,0,0,0,85.23915741708899,-10.78881198439148,8.340948998028601,-0.5902630336114879,1.949754706896992,,,,,,,9.811464137882185,0.2588206837721868,0.6444994447862684,80.79284834072159,Defended,Played,None,0.531154632568359,0.52496337890625,9.480777,-0.292389,,,,,,,-9.043332,-0.014123,1.136134,-8.841122,-0.021002,1.118771,-13.54193226426204,-10.0601462184643,0.020650298078561,1.216201415936158,0.07375150612457643,-0.1311079856256323,-1.0,-1.0,MAHARAJA-YADAVINDRA-SINGH-CRICKET-STADIUM-MULLANPUR,-1.0,,L,R,R,Rajasthan-Royals,Sunrisers-Hyderabad,Seam,1
2536,1,18,Rajasthan Royals,Yashasvi Jaiswal,Nitish Kumar Reddy,,10,4,2,2,2,0,1,0,0,0,0,0,0,0,0,0,0,,,0,9.4,1,1,0,836561,151.0,51.0,2,0,,,Knuckleball,15.0,LOFTED COVER DRIVE,0,0,4,9,136,1,Outside Off stump,Full Length,0,0,2,0,0,0,0,0,83.02108498485593,-5.302333541032054,8.340525487624173,-0.5822790883356086,1.984371507758894,,,,,,,7.288101296785493,0.1754281801481809,0.6703355882982426,93.0075202299183,Attacked,Played,None,0.514915466308594,0.5035743713378906,3.897019999999999,0.275957,,,,,,,-8.959975,0.494185,0.352501,-8.840464,0.484765,0.34051,-10.23514293651689,-10.06032942174312,0.5813305242400557,0.4558594499154447,0.6623740401867263,0.6823332440070632,-1.0,-1.0,MAHARAJA-YADAVINDRA-SINGH-CRICKET-STADIUM-MULLANPUR,-1.0,,L,R,R,Rajasthan-Royals,Sunrisers-Hyderabad,Seam,1
2536,1,18,Rajasthan Royals,Yashasvi Jaiswal,Nitish Kumar Reddy,,10,5,0,0,0,0,0,0,1,0,0,0,0,0,0,0,0,,,0,9.5,1,1,0,836562,74.5,-27.5,0,0,,,Knuckleball,36.0,CUT SHOT,0,0,5,9,136,1,Off stump,Short of Good Length,0,0,2,0,0,0,0,0,82.86170743960702,-8.989965478241338,8.341153774110282,-0.5856998054929357,1.93171035472964,,,,,,,8.378943179455305,0.2170506730759339,0.6305070216707932,82.8709859430256,Defended,Played,None,0.527172088623047,0.5159683227539062,8.183253,-0.147063,,,,,,,-8.964645,0.185402,0.825345,-8.840999,0.179439,0.816028,-12.17642121469449,-10.06028247393625,0.2385084343920884,0.9003877891603781,0.1866321414227505,0.05759402212925541,-1.0,-1.0,MAHARAJA-YADAVINDRA-SINGH-CRICKET-STADIUM-MULLANPUR,-1.0,,L,R,R,Rajasthan-Royals,Sunrisers-Hyderabad,Seam,1
2536,1,18,Rajasthan Royals,Yashasvi Jaiswal,Nitish Kumar Reddy,,10,6,0,0,0,0,0,0,1,0,0,0,0,0,0,0,0,,,0,9.6,1,1,0,836563,124.5,40.5,0,0,,,Knuckleball,97.0,BACKFOOT PUSH,0,0,6,9,136,1,Off stump,Short of Good Length,0,0,2,0,0,0,0,0,82.47630415089213,-8.70950836489702,8.34075333051571,-0.6004365581494295,1.947871268904752,,,,,,,8.093699150453624,0.2262302235273972,0.6059595968151004,78.27091716952533,Defended,Played,None,0.529060363769531,0.51123046875,7.967598,-0.155116,,,,,,,-8.838368,0.169095,0.763587,-8.841113,0.169231,0.763786,-12.20225759492634,-10.06009053859856,0.2297198354067889,0.8439049188612004,0.284567173248499,0.08840730149239204,-1.0,-1.0,MAHARAJA-YADAVINDRA-SINGH-CRICKET-STADIUM-MULLANPUR,-1.0,,L,R,R,Rajasthan-Royals,Sunrisers-Hyderabad,Seam,1
2536,1,18,Rajasthan Royals,Dhruv Jurel,Shivang Kumar,,11,1,1,1,1,1,0,0,0,0,0,0,0,0,0,0,0,,,0,10.1,1,1,0,836564,127.5,-18.5,1,0,,,Knuckleball,55.0,SWEEP SHOT,0,0,1,10,137,1,Outside Leg stump,Full Length,1,0,2,0,0,0,0,0,57.78282823974374,-0.6660081631819857,8.340554485949244,0.7399950873163514,1.862844766434571,,,,,,,9.231403560010646,0.276594385000329,0.5718675095158672,68.12068792734719,Attacked,Played,None,0.733852386474609,0.6492691040039062,3.903147000000001,0.062857,,,,,,,-7.341741,0.028475,0.208799,-8.840849,-0.0155,0.3828,-14.217827103366,-10.05991210959446,-0.05166030710329597,0.4829290905587327,-1.865531065848705,1.998832659896259,-1.0,-1.0,MAHARAJA-YADAVINDRA-SINGH-CRICKET-STADIUM-MULLANPUR,-1.0,,R,L,L,Rajasthan-Royals,Sunrisers-Hyderabad,Spin,1
2536,1,18,Rajasthan Royals,Yashasvi Jaiswal,Shivang Kumar,,11,2,0 WK,W,0,0,0,0,1,0,0,0,0,0,0,0,1,Caught,WICKET,1,10.2,1,1,0,836565,104.0,151.5,0,0,,,Knuckleball,122.0,STEP DOWN LOFTED OFF DRIVE,0,0,2,10,137,2,Outside Off stump,Good Length,2,0,2,0,0,0,0,0,55.98434552309669,-0.001547841856452497,8.340632424467355,0.7924852591491692,1.837934287615867,,,,,,,11.98473730230556,0.3202448684143011,0.6597558750892146,76.9388944219521,None,None,None,0.7774658203125,0.6539154052734375,4.510662,0.483258,,,,,,,-6.895177,0.428221,0.286704,-8.840617,0.347546,0.575394,-15.35769139962787,-10.05998225331966,0.2962882284082207,0.7006032539327095,-0.2532651444192118,-0.9212663030114314,-1.0,-1.0,MAHARAJA-YADAVINDRA-SINGH-CRICKET-STADIUM-MULLANPUR,-1.0,,L,R,L,Rajasthan-Royals,Sunrisers-Hyderabad,Spin,1
2536,1,18,Rajasthan Royals,Riyan Parag,Shivang Kumar,,11,3,1,1,1,1,0,0,0,0,0,0,0,0,0,0,0,,,0,10.3,1,1,0,836566,152.0,90.5,1,0,,,Knuckleball,97.0,BACKFOOT PUSH,0,0,3,10,138,2,Outside Leg stump,Good Length,3,0,2,0,0,0,0,0,59.09185229039328,-2.701540653698534,8.340629975953014,0.6987793397637927,1.830134831310995,,,,,,,10.26578151899613,0.3652350573307631,0.6405490602529682,69.55885330486892,Attacked,Played,None,0.736175537109375,0.7054481506347656,5.559599,0.105237,,,,,,,-8.446245,0.022659,0.554718,-8.840711,0.01425,0.585493,-13.6124648829978,-10.06004933845169,-0.01192666781287888,0.6544771813712174,-1.353697094684327,2.173774735602609,-1.0,-1.0,MAHARAJA-YADAVINDRA-SINGH-CRICKET-STADIUM-MULLANPUR,-1.0,,R,R,L,Rajasthan-Royals,Sunrisers-Hyderabad,Spin,1
2536,1,18,Rajasthan Royals,Dhruv Jurel,Shivang Kumar,,11,4,6,6,6,0,0,0,0,0,0,0,0,0,0,1,0,,,0,10.4,1,1,0,836567,180.5,97.5,6,0,,,Knuckleball,95.0,SLOG SWEEP,0,0,4,10,144,2,Outside Leg stump,Full Length,0,0,2,0,0,0,0,0,58.67694820541531,-0.318785212376216,8.34062289254927,0.678934216066131,1.867499740928369,,,,,,,10.33523837841942,0.2406716815851787,0.5986086432090658,75.72412832284202,Attacked,Played,None,0.742973327636719,0.6454582214355469,4.54227,0.084612,,,,,,,-7.400252,0.062272,0.33351,-8.840805,0.044945,0.510594,-15.26579657293886,-10.05998145034547,0.03012102709371592,0.6216482293442559,-0.05699485346599979,1.808703619923186,-1.0,-1.0,MAHARAJA-YADAVINDRA-SINGH-CRICKET-STADIUM-MULLANPUR,-1.0,,R,R,L,Rajasthan-Royals,Sunrisers-Hyderabad,Spin,1
2536,1,18,Rajasthan Royals,Dhruv Jurel,Shivang Kumar,,11,5,1,1,1,1,0,0,0,0,0,0,0,0,0,0,0,,,0,10.5,1,1,0,836568,135.0,86.5,1,0,,,Knuckleball,40.0,FRONTFOOT FLICK,0,0,5,10,145,2,Outside Leg stump,Good Length,0,0,2,0,0,0,0,0,58.6356133134749,-4.085061164747337,8.34057562598619,0.7441062524311677,1.793387698553081,,,,,,,10.41229498704445,0.2888378782481273,0.6448782927594742,77.84795608910841,Attacked,Played,None,0.751659393310547,0.7030563354492188,7.243509,0.277077,,,,,,,-8.180551,0.216849,0.68748,-8.840919,0.209246,0.719733,-14.10481407433083,-10.06008401132974,0.1950958443238597,0.74973727804791,-0.9055098141646971,2.237637120447856,-1.0,-1.0,MAHARAJA-YADAVINDRA-SINGH-CRICKET-STADIUM-MULLANPUR,-1.0,,R,R,L,Rajasthan-Royals,Sunrisers-Hyderabad,Spin,1
2536,1,18,Rajasthan Royals,Riyan Parag,Shivang Kumar,,11,6,6,6,6,0,0,0,0,0,0,0,0,0,0,1,0,,,0,10.6,1,1,0,836569,173.0,134.0,6,0,,,Knuckleball,58.0,BACKFOOT PULL SHOT,0,0,6,10,151,2,Outside Leg stump,Good Length,0,1,3,0,0,0,0,0,56.77782383174431,-2.071816961884454,8.340724434830417,0.6528635015138414,1.791925789507265,,,,,,,9.762762482513278,0.3650997266234851,0.5509339908556604,56.13012596600056,Attacked,Played,None,0.777179718017578,0.71978759765625,6.303806,0.00538,,,,,,,-8.127839,-0.345161,0.528935,-8.840816,-0.403598,0.560107,-14.84854273434179,-10.05980875290868,-0.504362792476179,0.5789490963262818,-0.4306938859622646,-1.213291906942456,-1.0,-1.0,MAHARAJA-YADAVINDRA-SINGH-CRICKET-STADIUM-MULLANPUR,-1.0,,R,R,L,Rajasthan-Royals,Sunrisers-Hyderabad,Spin,1
2536,1,18,Rajasthan Royals,Dhruv Jurel,Pat Cummins,,12,1,0,0,0,0,0,0,1,0,0,0,0,0,0,0,0,,,0,11.1,1,1,0,836570,-85.5,-20.0,0,0,,,Knuckleball,36.0,CUT SHOT,0,0,1,11,151,2,Outside Off stump,Short of Good Length,1,0,3,0,0,0,0,0,83.57705879976263,-8.914228129107432,8.341145142052369,-0.7092203832627334,2.075510397829293,,,,,,,7.860831377614906,0.1903167272381274,0.5833402811302878,78.46936944573042,Defended,Played,None,0.520271301269531,0.5153045654296875,7.506114,-0.620711,,,,,,,-9.242424,-0.585945,0.738552,-8.840833,-0.588085,0.708821,-12.45862583444404,-10.05982645405903,-0.5815683640009538,0.7937055153177651,0.4516118385424596,-0.4099564663497375,-1.0,-1.0,MAHARAJA-YADAVINDRA-SINGH-CRICKET-STADIUM-MULLANPUR,-1.0,,R,R,R,Rajasthan-Royals,Sunrisers-Hyderabad,Seam,1
2536,1,18,Rajasthan Royals,Dhruv Jurel,Pat Cummins,,12,2,4,4,4,0,0,0,0,0,0,0,0,0,1,0,0,,,0,11.2,1,1,0,836571,33.0,-153.0,4,0,,,Knuckleball,99.0,SCOOP,0,0,2,11,155,2,Outside Off stump,Full Length,0,0,3,0,0,0,0,0,86.69568466650348,-7.140307755044545,8.340627375625797,-0.6685679650783733,2.092229092289867,,,,,,,7.042012022640798,0.2086077382514922,0.5842556845551816,76.77757885812804,Attacked,Played,None,0.488296508789062,0.4530372619628906,5.54016,-0.261055,,,,,,,-7.827122,-0.189261,0.394142,-8.840898,-0.166881,0.483063,-11.18249662858253,-10.05970683665598,-0.1397359466840193,0.576412164994841,0.177976054878825,-0.6789671486788023,-1.0,-1.0,MAHARAJA-YADAVINDRA-SINGH-CRICKET-STADIUM-MULLANPUR,-1.0,,R,R,R,Rajasthan-Royals,Sunrisers-Hyderabad,Seam,1
2536,1,18,Rajasthan Royals,Dhruv Jurel,Pat Cummins,,12,3,2,2,2,0,1,0,0,0,0,0,0,0,0,0,0,,,0,11.3,1,1,0,836572,-160.0,86.5,2,0,,,Knuckleball,51.0,FRONTFOOT COVERDRIVE,0,0,3,11,157,2,Outside Off stump,Full Length,0,0,3,0,0,0,0,0,86.98713371318222,-7.339163779062637,8.340408301674564,-0.7162611749667853,2.068890995304844,,,,,,,7.397341797411889,0.2131027553638512,0.6126753305004078,80.59102403867605,Attacked,Played,None,0.49365234375,0.46893310546875,5.832925,-0.467563,,,,,,,-8.461633,-0.385074,0.505668,-8.841019,-0.377549,0.539475,-11.17364010487635,-10.06012005460896,-0.3532137961164795,0.6385419393244641,0.003179691880010394,-0.03675817434401583,-1.0,-1.0,MAHARAJA-YADAVINDRA-SINGH-CRICKET-STADIUM-MULLANPUR,-1.0,,R,R,R,Rajasthan-Royals,Sunrisers-Hyderabad,Seam,1
2536,1,18,Rajasthan Royals,Dhruv Jurel,Pat Cummins,,12,4,6,6,6,0,0,0,0,0,0,0,0,0,0,1,0,,,0,11.4,1,1,0,836573,167.5,-61.0,6,0,,,Knuckleball,58.0,BACKFOOT PULL SHOT,0,0,4,11,163,2,Outside Off stump,Short of Good Length,0,0,3,0,0,0,0,0,87.65376861138547,-13.39161707751177,8.340394010318441,-0.7407101217937675,2.052043375078885,,,,,,,10.80415411631833,0.2150875772362382,0.5997322863630719,78.45108523083697,Attacked,Played,None,0.518325805664062,0.4789810180664063,10.682986,-0.496448,,,,,,,-8.024122,-0.311905,1.345856,-8.841085,-0.293773,1.432371,-16.00397085907593,-10.06001960371489,-0.2664821849924051,1.5482050571961,-0.9703746289482047,-0.1328219724444685,-1.0,-1.0,MAHARAJA-YADAVINDRA-SINGH-CRICKET-STADIUM-MULLANPUR,-1.0,,R,R,R,Rajasthan-Royals,Sunrisers-Hyderabad,Seam,1
2536,1,18,Rajasthan Royals,Dhruv Jurel,Pat Cummins,,12,5,4,4,4,0,0,0,0,0,0,0,0,0,1,0,0,,,0,11.5,1,1,0,836574,-57.0,226.0,4,0,,,Knuckleball,84.0,FRONTFOOT OFF DRIVE,0,0,5,11,167,2,Off stump,Full Length,0,0,3,0,0,0,0,0,87.73332491565465,-5.677271315616144,8.340650866021395,-0.6659923311629745,2.070900614237907,,,,,,,6.641293905714564,0.1054315508114293,0.6246636842987765,93.15639756367355,Attacked,Played,None,0.483695983886719,0.46142578125,3.648497,-0.229295,,,,,,,-8.517178,-0.199067,0.261679,-8.841148,-0.194374,0.293112,-10.24052103830333,-10.06001559460081,-0.1766144258440596,0.403024045651021,-0.7046370172992594,-0.506600526998634,-1.0,-1.0,MAHARAJA-YADAVINDRA-SINGH-CRICKET-STADIUM-MULLANPUR,-1.0,,R,R,R,Rajasthan-Royals,Sunrisers-Hyderabad,Seam,1
2536,1,18,Rajasthan Royals,Dhruv Jurel,Pat Cummins,,12,6,1,1,1,1,0,0,0,0,0,0,0,0,0,0,0,,,0,11.6,1,1,0,836575,50.5,182.5,1,0,,,Knuckleball,58.0,BACKFOOT PULL SHOT,0,0,6,11,168,2,Outside Off stump,Short of Good Length,0,0,3,0,0,0,0,0,85.66118394578663,-10.40863573030718,8.340385872571911,-0.7254557962174744,2.064194115705558,,,,,,,8.645501969530745,0.2156817239585204,0.5831877692384164,75.90999298991042,Attacked,Played,None,0.511116027832031,0.4778709411621094,8.761726,-0.534717,,,,,,,-8.406208,-0.406887,0.888115,-8.841104,-0.398825,0.924719,-13.46306081637274,-10.06009469467375,-0.3760713714533868,1.016967835358307,-0.5930064013642661,0.175492510387478,-1.0,-1.0,MAHARAJA-YADAVINDRA-SINGH-CRICKET-STADIUM-MULLANPUR,-1.0,,R,R,R,Rajasthan-Royals,Sunrisers-Hyderabad,Seam,1
2536,1,18,Rajasthan Royals,Dhruv Jurel,Eshan Malinga,,13,1,4,4,4,0,0,0,0,0,0,0,0,0,1,0,0,,,0,12.1,1,1,0,836576,-167.5,-83.5,4,0,,,Knuckleball,16.0,BACKFOOT SQUARE DRIVE,0,0,1,12,172,2,Outside Off stump,Short of Good Length,1,0,3,0,0,0,0,0,87.31275501902857,-9.147032399154687,8.340951875273483,-0.5797985283696654,1.75115836235091,,,,,,,8.247199876684672,0.1868828527177697,0.640099269895908,87.32660521260924,Attacked,Played,None,0.5035400390625,0.4918098449707031,9.124538,-0.637377,,,,,,,-8.881041,-0.631398,0.904236,-8.840819,-0.631429,0.901296,-11.95559734533615,-10.05971987259351,-0.6304780945958329,0.9831320438237708,-0.002843150135535874,0.3987525671810669,-1.0,-1.0,MAHARAJA-YADAVINDRA-SINGH-CRICKET-STADIUM-MULLANPUR,-1.0,,R,R,R,Rajasthan-Royals,Sunrisers-Hyderabad,Seam,1
2536,1,18,Rajasthan Royals,Dhruv Jurel,Eshan Malinga,,13,2,0,0,0,0,0,0,1,0,0,0,0,0,0,0,0,,,0,12.2,1,1,0,836577,-8.5,-37.0,0,0,,,Knuckleball,35.0,LATE CUT,0,0,2,12,172,2,Outside Off stump,Short of Good Length,0,0,3,0,0,0,0,0,84.35079047980864,-8.894783385873515,8.34123616330892,-0.4738278074618022,1.742566991409058,,,,,,,9.01651331430755,0.2019238789421386,0.662284040204076,89.15021813639754,Defended,Played,None,0.520408630371094,0.4901275634765625,9.286929,-0.409369,,,,,,,-8.573579,-0.200363,0.990873,-8.840555,-0.192975,1.013399,-12.5009838939849,-10.05999855350442,-0.1590204816414976,1.106828405959773,0.7507408765500609,0.695031398954686,-1.0,-1.0,MAHARAJA-YADAVINDRA-SINGH-CRICKET-STADIUM-MULLANPUR,-1.0,,R,R,R,Rajasthan-Royals,Sunrisers-Hyderabad,Seam,1
2536,1,18,Rajasthan Royals,Dhruv Jurel,Eshan Malinga,,13,3,1 (WD),1,0,0,0,0,0,1,1,0,0,0,0,0,0,,,0,12.3,1,1,1,836578,-8.5,-37.0,1,0,,,Knuckleball,105.0,LEFT ALONE,0,0,3,12,173,2,Outside Off stump,Short of Good Length,0,0,3,0,0,0,0,0,72.50000000000007,-23.95895694856839,8.340503461188085,-0.559102714247486,1.641216688793142,,,,,,,17.28390737378352,0.2014652691717728,0.5296968507352585,69.3080006931115,Attacked,Missed,None,0.511676788330078,0.7643051147460938,14.954529,-0.675894,,,,,,,-999.9,-999.9,-999.9,-8.840838,-0.630934,2.542682,-26.46235412975539,-10.06003758557876,-0.6062867822096936,2.572447129840744,-0.7121893428488002,1.709479190447043,-1.0,-1.0,MAHARAJA-YADAVINDRA-SINGH-CRICKET-STADIUM-MULLANPUR,-1.0,,R,R,R,Rajasthan-Royals,Sunrisers-Hyderabad,Seam,1
2536,1,18,Rajasthan Royals,Dhruv Jurel,Eshan Malinga,,13,3,2,2,2,0,1,0,0,0,0,0,0,0,0,0,0,,,0,12.3,1,1,0,836579,-91.5,145.0,2,0,,,Knuckleball,5.0,LOFTED OFF DRIVE,0,0,4,12,175,2,Outside Off stump,Full Length,0,0,3,0,0,0,0,0,85.65492298135942,-6.463138675661507,8.340754586920422,-0.5849602101199484,1.770333294201442,,,,,,,7.086223808414371,0.2409053317784813,0.620014165396304,78.91159163159747,Attacked,Edged,None,0.502555847167969,0.4658203125,6.636223,-0.550873,,,,,,,-8.132299,-0.55164,0.509903,-8.840453,-0.551758,0.563825,-10.53379774932632,-10.06014661647021,-0.5519625182634381,0.6446544428390546,-0.1427151114055354,-0.1006249041981022,-1.0,-1.0,MAHARAJA-YADAVINDRA-SINGH-CRICKET-STADIUM-MULLANPUR,-1.0,,R,R,R,Rajasthan-Royals,Sunrisers-Hyderabad,Seam,1
2536,1,18,Rajasthan Royals,Dhruv Jurel,Eshan Malinga,,13,4,1,1,1,1,0,0,0,0,0,0,0,0,0,0,0,,,0,12.4,1,1,0,836580,-142.0,-54.0,1,0,,,Knuckleball,31.0,UPPER CUT,0,0,5,12,176,2,Wide outside Off stump,Short Length,0,0,3,0,0,0,0,0,72.89127191641138,-16.5737546055685,8.341001889275226,-0.6124741733307002,1.701545870787759,,,,,,,12.06930079401582,0.2116921338297758,0.5429940434930479,70.27989314097962,Attacked,Played,None,0.651454925537109,0.6632537841796875,13.290173,-0.856832,,,,,,,-9.303863,-1.147643,1.570803,-8.841066,-1.140327,1.560491,-19.24999926391953,-10.06006735072224,-1.15896059882552,1.579178774219186,-0.3475730129783344,1.19040376770699,-1.0,-1.0,MAHARAJA-YADAVINDRA-SINGH-CRICKET-STADIUM-MULLANPUR,-1.0,,R,R,R,Rajasthan-Royals,Sunrisers-Hyderabad,Seam,1
2536,1,18,Rajasthan Royals,Riyan Parag,Eshan Malinga,,13,5,4,4,4,0,0,0,0,0,0,0,0,0,1,0,0,,,0,12.5,1,1,0,836581,147.5,-90.5,4,0,,,Knuckleball,40.0,FRONTFOOT FLICK,0,0,6,12,180,2,Leg stump,Full Toss,0,0,3,0,0,0,0,0,86.3851587557947,-1.635109398335211,8.340768010837635,-0.4014028821134294,1.792736187016989,,,,,,,6.600965339324726,0.17955104374471,0.6499999999999988,89.54489562552884,Attacked,Played,None,0.484806060791016,0.4455528259277344,-0.3538499999999996,0.322853,,,,,,,-7.950495,0.171614,0.414625,-8.840963,0.224082,0.279995,-9.59963148138399,-10.06025233128968,0.2999598385621933,0.08432528564183835,2.867445503749835,0.0,-1.0,-1.0,MAHARAJA-YADAVINDRA-SINGH-CRICKET-STADIUM-MULLANPUR,-1.0,,R,R,R,Rajasthan-Royals,Sunrisers-Hyderabad,Seam,1
2536,1,18,Rajasthan Royals,Riyan Parag,Eshan Malinga,,13,6,0,0,0,0,0,0,1,0,0,0,0,0,0,0,0,,,0,12.6,1,1,0,836582,-38.0,16.0,0,0,,,Knuckleball,49.0,FORWARD DEFENCE,0,0,7,12,180,2,Middle stump,Yorker,0,0,3,0,0,0,0,0,87.6182284273108,-2.42236051219272,8.340617404821558,-0.4313228829478159,1.783271787568052,,,,,,,6.661879454104803,0.1776881641828478,0.6500000000000002,89.73118358171526,Defended,Played,None,0.478385925292969,0.4629135131835938,1.156466,-0.046188,,,,,,,-8.739206,-0.053381,0.041199,-8.840735,-0.048946,0.02397,-9.687331054380968,-10.06036531075303,0.004723554020915408,0.1423615647964655,2.339529608351935,-1.272221872585407e-14,-1.0,-1.0,MAHARAJA-YADAVINDRA-SINGH-CRICKET-STADIUM-MULLANPUR,-1.0,,R,R,R,Rajasthan-Royals,Sunrisers-Hyderabad,Seam,1
2536,1,18,Rajasthan Royals,Dhruv Jurel,Praful Hinge,,14,1,4,4,4,0,0,0,0,0,0,0,0,0,1,0,0,,,0,13.1,1,1,0,836583,48.5,-146.5,4,0,,,Knuckleball,57.0,HOOK SHOT,0,0,1,13,184,2,Outside Off stump,Short Length,1,0,3,0,0,0,0,0,74.04600085999415,-15.35461290799684,8.340768721872273,-0.5682434260799081,1.734627976904344,,,,,,,12.20330927054577,0.1975709733317515,0.5622581555365896,74.58162599731331,Attacked,Edged,None,0.63885498046875,0.5977020263671875,12.857041,-0.355364,,,,,,,-8.207978,0.230052,1.58218,-8.840925,0.272155,1.616512,-18.97416750063883,-10.06002955588528,0.3561062517463375,1.663721040678259,0.1211509580804032,0.1267713793379862,-1.0,-1.0,MAHARAJA-YADAVINDRA-SINGH-CRICKET-STADIUM-MULLANPUR,-1.0,,R,R,R,Rajasthan-Royals,Sunrisers-Hyderabad,Seam,1
2536,1,18,Rajasthan Royals,Dhruv Jurel,Praful Hinge,,14,2,1,1,1,1,0,0,0,0,0,0,0,0,0,0,0,,,0,13.2,1,1,0,836584,-64.0,21.0,1,0,,,Knuckleball,97.0,BACKFOOT PUSH,0,0,2,13,185,2,Outside Off stump,Good Length,0,0,3,0,0,0,0,0,82.55756279596297,-9.275352186156809,8.340622801905376,-0.6514635171976665,1.93957619615527,,,,,,,8.072980656222462,0.2103613559322668,0.5846685751039469,76.66415067236537,Attacked,Played,None,0.527217864990234,0.501617431640625,8.541938,-0.371543,,,,,,,-8.585669,-0.215675,0.795937,-8.841066,-0.209875,0.813594,-12.6521822490088,-10.06012482531099,-0.1820251176258174,0.8878512428331856,-0.129330714487521,-0.3300116915794258,-1.0,-1.0,MAHARAJA-YADAVINDRA-SINGH-CRICKET-STADIUM-MULLANPUR,-1.0,,R,R,R,Rajasthan-Royals,Sunrisers-Hyderabad,Seam,1
2536,1,18,Rajasthan Royals,Riyan Parag,Praful Hinge,,14,3,1,1,1,1,0,0,0,0,0,0,0,0,0,0,0,,,0,13.3,1,1,0,836585,145.0,68.0,1,0,,,Knuckleball,18.0,SLOG SHOT,0,0,3,13,186,2,Off stump,Good Length,0,0,3,0,0,0,0,0,82.45526413622899,-8.379669079898408,8.34050388055071,-0.6075216264808002,1.952108573440544,,,,,,,7.466435177367247,0.1759060414449768,0.5713601243523938,78.11341450836139,Attacked,Played,None,0.527732849121094,0.4927597045898438,7.786637,-0.273309,,,,,,,-8.160163,-0.061606,0.636946,-8.840813,-0.036492,0.68247,-12.17055680405223,-10.06012377408359,0.008841600199355704,0.7510042429969539,-0.2054453638245893,0.3173660995906325,-1.0,-1.0,MAHARAJA-YADAVINDRA-SINGH-CRICKET-STADIUM-MULLANPUR,-1.0,,R,R,R,Rajasthan-Royals,Sunrisers-Hyderabad,Seam,1
2536,1,18,Rajasthan Royals,Dhruv Jurel,Praful Hinge,,14,4,6,6,6,0,0,0,0,0,0,0,0,0,0,1,0,,,0,13.4,1,1,0,836586,-181.0,-85.5,6,0,,,Knuckleball,31.0,UPPER CUT,0,0,4,13,192,2,Outside Off stump,Short Length,0,0,3,0,0,0,0,0,76.17733476747813,-16.59071646368788,8.340657783049515,-0.6276225137030715,1.791081216226957,,,,,,,12.07609023678382,0.1629647063174911,0.5408755059631366,74.83485526272139,Attacked,Played,None,0.618301391601562,0.622467041015625,13.045128,-0.75411,,,,,,,-9.341391,-0.608295,1.70961,-8.840723,-0.619827,1.682874,-19.79057449093772,-10.06022968320913,-0.5908141072954218,1.741158606138316,1.392519226880193,0.7119744110550275,-1.0,-1.0,MAHARAJA-YADAVINDRA-SINGH-CRICKET-STADIUM-MULLANPUR,-1.0,,R,R,R,Rajasthan-Royals,Sunrisers-Hyderabad,Seam,1
2536,1,18,Rajasthan Royals,Dhruv Jurel,Praful Hinge,,14,5,0 WK,W,0,0,0,0,1,0,0,0,0,0,0,0,1,Caught,WICKET,1,13.5,1,1,0,836587,152.5,-8.5,0,0,,,Knuckleball,58.0,BACKFOOT PULL SHOT,0,0,5,13,192,3,Outside Off stump,Short of Good Length,1,0,3,0,0,0,0,0,84.88571584283423,-10.38871683324135,8.340720129642449,-0.6264497888872563,1.91425609043615,,,,,,,9.50103677531588,0.2131677787116585,0.6225101040508141,82.05973773645626,None,None,None,0.525947570800781,0.4843368530273438,9.575355,-0.406851,,,,,,,-7.963608,-0.226169,1.011338,-8.840863,-0.204245,1.08892,-13.81993482822831,-10.05966837404538,-0.1735175635533809,1.182463308026306,0.0300458650154167,-0.09724822033054908,-1.0,-1.0,MAHARAJA-YADAVINDRA-SINGH-CRICKET-STADIUM-MULLANPUR,-1.0,,R,R,R,Rajasthan-Royals,Sunrisers-Hyderabad,Seam,1
2536,1,18,Rajasthan Royals,Donovan Ferreira,Praful Hinge,,14,6,0,0,0,0,0,0,1,0,0,0,0,0,0,0,0,,,0,13.6,1,1,0,836588,152.5,-8.5,0,0,,,Knuckleball,105.0,LEFT ALONE,0,0,6,13,192,3,Outside Off stump,Short Length,2,0,3,0,0,0,0,0,83.49021138340959,-15.0880470103841,8.340954613471617,-0.581765777112643,1.820330224594844,,,,,,,11.21785604087597,0.213889072599585,0.5527727778255813,71.5270094138787,Attacked,Missed,None,0.565166473388672,0.5946807861328125,12.342612,-0.297568,,,,,,,-999.9,-999.9,-999.9,-8.840961,0.166428,1.585061,-17.78289110856426,-10.05982677274132,0.21999845633422,1.666022105622618,0.1638963484471798,-0.4882244918545586,-1.0,-1.0,MAHARAJA-YADAVINDRA-SINGH-CRICKET-STADIUM-MULLANPUR,-1.0,,R,R,R,Rajasthan-Royals,Sunrisers-Hyderabad,Seam,1
2536,1,18,Rajasthan Royals,Riyan Parag,Sakib Hussain,,15,1,2,2,2,0,1,0,0,0,0,0,0,0,0,0,0,,,0,14.1,1,1,0,836589,-144.5,-42.5,2,0,,,Knuckleball,40.0,FRONTFOOT FLICK,0,0,1,14,194,3,Off stump,Good Length,3,0,3,0,0,0,0,0,83.56571591429818,-6.319746955492696,8.340470154066256,-0.7714643293878567,1.838980034202626,,,,,,,7.105263265201408,0.1959935960887248,0.6181141410143319,83.11776154327731,Attacked,Edged,None,0.519207000732422,0.4782142639160156,6.214877,-0.200832,,,,,,,-8.073566,-0.056831,0.468435,-8.840704,-0.030194,0.528635,-10.73927776174461,-10.0603410217978,0.01248797185195838,0.6113690560209472,0.1829685991074686,-0.8558841942651575,-1.0,-1.0,MAHARAJA-YADAVINDRA-SINGH-CRICKET-STADIUM-MULLANPUR,-1.0,,R,R,R,Rajasthan-Royals,Sunrisers-Hyderabad,Seam,1
2536,1,18,Rajasthan Royals,Riyan Parag,Sakib Hussain,,15,2,1,1,1,1,0,0,0,0,0,0,0,0,0,0,0,,,0,14.2,1,1,0,836590,54.5,145.5,1,0,,,Knuckleball,27.0,FORWARD PUSH,0,0,2,14,195,3,Off stump,Good Length,0,0,3,0,0,0,0,0,85.30391816916784,-7.57728396841514,8.340926734374971,-0.9010566554503208,1.829158689174687,,,,,,,7.981449615132962,0.2747300724697821,0.6279709399669277,76.72263374806094,Attacked,Played,None,0.516860961914062,0.485137939453125,7.621529,-0.434044,,,,,,,-8.274671,-0.167981,0.68189,-8.840695,-0.1415,0.725975,-11.4741501992047,-10.05975180848954,-0.08404405325120196,0.8088192818124639,-0.3711545803730394,0.2635150840937153,-1.0,-1.0,MAHARAJA-YADAVINDRA-SINGH-CRICKET-STADIUM-MULLANPUR,-1.0,,R,R,R,Rajasthan-Royals,Sunrisers-Hyderabad,Seam,1
2536,1,18,Rajasthan Royals,Donovan Ferreira,Sakib Hussain,,15,3,1,1,1,1,0,0,0,0,0,0,0,0,0,0,0,,,0,14.3,1,1,0,836591,56.0,189.5,1,0,,,Knuckleball,27.0,FORWARD PUSH,0,0,3,14,196,3,Middle stump,Good Length,0,0,3,0,0,0,0,0,81.29863731480069,-7.322209672526512,8.340708505806859,-0.8948981691105965,1.80457481216717,,,,,,,6.879479747930907,0.1921898670420144,0.5656545793157046,75.62920019315426,Attacked,Played,None,0.5350341796875,0.5007705688476562,7.553884,-0.315028,,,,,,,-8.228668,-0.040325,0.554764,-8.841098,-0.01019,0.58919,-11.34019639788307,-10.06006860961633,0.05023148342247152,0.6447381228384994,0.4180189318966764,-0.5876204006333215,-1.0,-1.0,MAHARAJA-YADAVINDRA-SINGH-CRICKET-STADIUM-MULLANPUR,-1.0,,R,R,R,Rajasthan-Royals,Sunrisers-Hyderabad,Seam,1
2536,1,18,Rajasthan Royals,Riyan Parag,Sakib Hussain,,15,4,4,4,4,0,0,0,0,0,0,0,0,0,1,0,0,,,0,14.4,1,1,0,836592,-47.5,-146.0,4,0,,,Knuckleball,18.0,SLOG SHOT,0,0,4,14,200,3,Off stump,Good Length,0,1,4,0,0,0,1,0,82.28407411018489,-6.85922252877667,8.340439283010763,-0.825873517418591,1.831629070054917,,,,,,,8.171023663149171,0.2238302942070383,0.6813820902790332,89.82428412115115,Attacked,Edged,None,0.5291748046875,0.4816131591796875,6.864081,-0.339148,,,,,,,-7.826185,-0.14634,0.583541,-8.840964,-0.103131,0.67437,-11.04909953178826,-10.05975570245458,-0.05076544278935158,0.7680004043459744,0.05215787888481306,-0.0999371767598726,-1.0,-1.0,MAHARAJA-YADAVINDRA-SINGH-CRICKET-STADIUM-MULLANPUR,-1.0,,R,R,R,Rajasthan-Royals,Sunrisers-Hyderabad,Seam,1
2536,1,18,Rajasthan Royals,Riyan Parag,Sakib Hussain,,15,5,6,6,6,0,0,0,0,0,0,0,0,0,0,1,0,,,0,14.5,1,1,0,836593,198.0,105.5,6,0,,,Knuckleball,58.0,BACKFOOT PULL SHOT,0,0,5,14,206,3,Outside Off stump,Short Length,0,0,4,0,0,0,0,0,72.6147392477205,-13.59044051817181,8.340932242057018,-0.9381880851983745,1.762821821339761,,,,,,,10.53762043304783,0.2546951710334833,0.522859811078759,62.95945455846553,Attacked,Played,None,0.651844024658203,0.5823097229003906,12.222621,-0.806507,,,,,,,-7.534228,-0.292005,1.161508,-8.840719,-0.205848,1.193132,-17.35233642991542,-10.05992333803001,-0.1214734749606077,1.194694163003283,0.2508559524004365,1.09322507707671,-1.0,-1.0,MAHARAJA-YADAVINDRA-SINGH-CRICKET-STADIUM-MULLANPUR,-1.0,,R,R,R,Rajasthan-Royals,Sunrisers-Hyderabad,Seam,1
2536,1,18,Rajasthan Royals,Riyan Parag,Sakib Hussain,,15,6,1,1,1,1,0,0,0,0,0,0,0,0,0,0,0,,,0,14.6,1,1,0,836594,55.0,-78.5,1,0,,,Knuckleball,58.0,BACKFOOT PULL SHOT,0,0,6,14,207,3,Outside Off stump,Short of Good Length,0,0,4,0,0,0,0,0,82.23792329214963,-11.08008940175777,8.340403193755094,-0.8658403190066672,1.779054582201334,,,,,,,8.586388201512195,0.1785139173083919,0.559497741408988,76.07326948050901,Attacked,Edged,None,0.540550231933594,0.4894180297851563,10.601341,-0.481896,,,,,,,-7.864104,-0.007199,0.967183,-8.840982,0.052746,1.026415,-14.09008829241226,-10.05968808533405,0.129027863998787,1.084951210989995,0.01317326283902691,0.1732397348337612,-1.0,-1.0,MAHARAJA-YADAVINDRA-SINGH-CRICKET-STADIUM-MULLANPUR,-1.0,,R,R,R,Rajasthan-Royals,Sunrisers-Hyderabad,Seam,1
2536,1,18,Rajasthan Royals,Riyan Parag,Praful Hinge,,16,1,0,0,0,0,0,0,1,0,0,0,0,0,0,0,0,,,0,15.1,1,1,0,836595,55.0,-78.5,0,0,,,Knuckleball,46.0,FRONTFOOT PULL SHOT,0,0,1,15,207,3,Leg stump,Good Length,1,0,4,0,0,0,0,0,82.41876634225083,-8.762923824228112,8.340961518383907,-0.6108202976935517,1.930103926616671,,,,,,,7.854449338501265,0.2212353111336584,0.5636341059165028,72.42158477410958,Attacked,Missed,None,0.532253265380859,0.5030136108398438,8.365019,-0.169499,,,,,,,-8.470921,0.180063,0.739385,-8.840854,0.198171,0.76353,-12.71147303680026,-10.06015666931326,0.2570810738747189,0.8319740499427948,0.07058997071245256,0.5334304593506104,-1.0,-1.0,MAHARAJA-YADAVINDRA-SINGH-CRICKET-STADIUM-MULLANPUR,-1.0,,R,R,R,Rajasthan-Royals,Sunrisers-Hyderabad,Seam,1
2536,1,18,Rajasthan Royals,Riyan Parag,Praful Hinge,,16,2,0 WK,W,0,0,0,0,1,0,0,0,0,0,0,0,1,Caught,WICKET,1,15.2,1,1,0,836596,55.5,182.0,0,0,,,Knuckleball,11.0,LOFTED ON DRIVE,0,0,2,15,207,4,Outside Off stump,Good Length,2,0,4,0,0,0,0,0,85.67898072065628,-8.277649135550938,8.341195223411233,-0.6598228054390404,1.935905249047929,,,,,,,7.95161067690311,0.1919945942739156,0.6347397237306305,86.01149913220301,None,None,None,0.505153656005859,0.4659347534179688,7.494661,-0.399307,,,,,,,-8.208738,-0.29399,0.679789,-8.840836,-0.2819,0.733931,-11.63359723806573,-10.06016396755549,-0.258403700110397,0.8272390106161904,0.2946080683028874,-0.4748767153466974,-1.0,-1.0,MAHARAJA-YADAVINDRA-SINGH-CRICKET-STADIUM-MULLANPUR,-1.0,,R,R,R,Rajasthan-Royals,Sunrisers-Hyderabad,Seam,1
2536,1,18,Rajasthan Royals,Dasun Shanaka,Praful Hinge,,16,3,4,4,4,0,0,0,0,0,0,0,0,0,1,0,0,,,0,15.3,1,1,0,836597,45.5,-154.0,4,0,,,Knuckleball,54.0,LEG GLANCE,0,0,3,15,211,4,Middle stump,Short of Good Length,3,0,4,0,0,0,0,0,82.86091707664626,-10.11143307079598,8.3406752140868,-0.5939819448869743,1.95552539778973,,,,,,,9.601811108921265,0.2199826618698138,0.6472919545298382,85.09552699249436,Attacked,Played,None,0.532814025878906,0.5068130493164062,9.158534,-0.179496,,,,,,,-8.629165,0.20524,0.995473,-8.841128,0.216139,1.011271,-13.42927749550593,-10.06012169037085,0.2791909426289415,1.090386878384723,0.4734887265082385,-0.0483094881328843,-1.0,-1.0,MAHARAJA-YADAVINDRA-SINGH-CRICKET-STADIUM-MULLANPUR,-1.0,,R,R,R,Rajasthan-Royals,Sunrisers-Hyderabad,Seam,1
2536,1,18,Rajasthan Royals,Dasun Shanaka,Praful Hinge,,16,4,1,1,1,1,0,0,0,0,0,0,0,0,0,0,0,,,0,15.4,1,1,0,836598,140.5,-39.5,1,0,,,Knuckleball,40.0,FRONTFOOT FLICK,0,0,4,15,212,4,Outside Off stump,Short of Good Length,0,0,4,0,0,0,0,0,84.62894043818831,-9.932995473723144,8.340543409893257,-0.648251909918877,1.957967152194723,,,,,,,8.099823224462664,0.2040530844136751,0.5718660598044802,75.37460052930453,Attacked,Played,None,0.516849517822266,0.4981613159179688,8.919018,-0.432708,,,,,,,-8.562889,-0.254918,0.835607,-8.841129,-0.248045,0.854349,-12.97779352579468,-10.06022417085689,-0.2177436745288988,0.9264332879501096,-0.2449830136807248,0.157652638961648,-1.0,-1.0,MAHARAJA-YADAVINDRA-SINGH-CRICKET-STADIUM-MULLANPUR,-1.0,,R,R,R,Rajasthan-Royals,Sunrisers-Hyderabad,Seam,1
2536,1,18,Rajasthan Royals,Donovan Ferreira,Praful Hinge,,16,5,2,2,2,0,1,0,0,0,0,0,0,0,0,0,0,,,0,15.5,1,1,0,836599,125.5,81.0,2,0,,,Knuckleball,58.0,BACKFOOT PULL SHOT,0,0,5,15,214,4,Outside Off stump,Short Length,0,0,4,0,0,0,0,0,84.62894043818831,-15.60137094213689,8.341064332569061,-0.6389243522443486,1.853689206990327,,,,,,,11.39664013903558,0.228882939717488,0.5494500153402802,69.52920832929321,Attacked,Edged,None,0.553459167480469,0.5204315185546875,12.376324,-0.515238,,,,,,,-8.295682,-0.263033,1.609336,-8.840824,-0.254364,1.65627,-17.98105884155543,-10.05983592123334,-0.2366676819799407,1.747903002962274,-0.1676073516317776,0.6590225189241345,-1.0,-1.0,MAHARAJA-YADAVINDRA-SINGH-CRICKET-STADIUM-MULLANPUR,-1.0,,R,R,R,Rajasthan-Royals,Sunrisers-Hyderabad,Seam,1
2536,1,18,Rajasthan Royals,Donovan Ferreira,Praful Hinge,,16,6,0,0,0,0,0,0,1,0,0,0,0,0,0,0,0,,,0,15.6,1,1,0,836600,-88.0,48.0,0,0,,,Knuckleball,51.0,FRONTFOOT COVERDRIVE,0,0,6,15,214,4,Outside Off stump,Full Toss,0,0,4,0,0,0,0,0,83.98428985803275,-3.401790705037575,8.341175793780444,-0.5890178360132622,2.013856807293708,,,,,,,6.964784836171412,0.1697344386907695,0.6499999999999988,90.52655613092288,Defended,Played,None,0.501445770263672,0.4726753234863281,1.210941,-0.447946,,,,,,,-8.378145,-0.453035,0.112451,-8.840857,-0.448035,0.030751,-10.12307052787912,-10.06008927145916,-0.4347593246529283,0.1700006272844509,0.2905493070509841,0.0,-1.0,-1.0,MAHARAJA-YADAVINDRA-SINGH-CRICKET-STADIUM-MULLANPUR,-1.0,,R,R,R,Rajasthan-Royals,Sunrisers-Hyderabad,Seam,1
2536,1,18,Rajasthan Royals,Dasun Shanaka,Eshan Malinga,,17,1,0 WK,W,0,0,0,0,1,0,0,0,0,0,0,0,1,Caught,WICKET,1,16.1,1,1,0,836601,45.5,187.0,0,0,,,Knuckleball,11.0,LOFTED ON DRIVE,0,0,1,16,214,5,Outside Off stump,Good Length,1,0,4,0,0,0,0,0,87.6329543075679,-9.674842965160632,8.341105275308578,-0.4308760175842568,1.731432749828437,,,,,,,8.21533278630663,0.2056292153504605,0.6095558009151789,80.87044860223078,None,None,None,0.504993438720703,0.4641265869140625,9.673275,-0.327749,,,,,,,-7.995619,-0.159525,0.881752,-8.841107,-0.140189,0.942413,-12.38670478885713,-10.06011884683933,-0.1120729158181138,1.017150346124384,0.5863647951046722,0.2496392725618773,-1.0,-1.0,MAHARAJA-YADAVINDRA-SINGH-CRICKET-STADIUM-MULLANPUR,-1.0,,R,R,R,Rajasthan-Royals,Sunrisers-Hyderabad,Seam,1
2536,1,18,Rajasthan Royals,Ravindra Jadeja,Eshan Malinga,,17,2,0,0,0,0,0,0,1,0,0,0,0,0,0,0,0,,,0,16.2,1,1,0,836602,-16.0,84.5,0,0,,,Knuckleball,27.0,FORWARD PUSH,0,0,2,16,214,5,Leg stump,Good Length,2,0,4,0,0,0,0,0,85.97233879657279,-7.919961592489112,8.341168870871218,-0.3611899864256233,1.759246023320646,,,,,,,7.531963731153687,0.1929066672494528,0.6172334785513278,83.29435505775389,Defended,Played,None,0.505405426025391,0.4605331420898438,8.191798,-0.097238,,,,,,,-8.128282,0.111564,0.693869,-8.840712,0.135987,0.746175,-11.35408396235415,-10.05986701843026,0.1781072065012246,0.8242092831953497,0.7380038046304275,0.001297226257880385,-1.0,-1.0,MAHARAJA-YADAVINDRA-SINGH-CRICKET-STADIUM-MULLANPUR,-1.0,,L,R,R,Rajasthan-Royals,Sunrisers-Hyderabad,Seam,1
2536,1,18,Rajasthan Royals,Ravindra Jadeja,Eshan Malinga,,17,3,0,0,0,0,0,0,1,0,0,0,0,0,0,0,0,,,0,16.3,1,1,0,836603,-87.0,43.5,0,0,,,Knuckleball,58.0,BACKFOOT PULL SHOT,0,0,3,16,214,5,Outside Leg stump,Short Length,0,0,4,0,0,0,0,0,87.42779800322697,-14.51984617528324,8.340655245574077,-0.4615920490817291,1.700340055054707,,,,,,,9.929214699928602,0.1611367592210625,0.5683747151686244,79.14253135318741,Attacked,Edged,None,0.514595031738281,0.4878616333007813,12.299864,-0.301206,,,,,,,-8.344503,0.015957,1.41307,-8.840497,0.031502,1.451567,-15.94697946836201,-10.06022100219147,0.07000717309882304,1.53534075112956,0.1008981731918634,0.08822232524628201,-1.0,-1.0,MAHARAJA-YADAVINDRA-SINGH-CRICKET-STADIUM-MULLANPUR,-1.0,,L,R,R,Rajasthan-Royals,Sunrisers-Hyderabad,Seam,1
2536,1,18,Rajasthan Royals,Ravindra Jadeja,Eshan Malinga,,17,4,1,1,1,1,0,0,0,0,0,0,0,0,0,0,0,,,0,16.4,1,1,0,836604,-129.5,54.5,1,0,,,Knuckleball,58.0,BACKFOOT PULL SHOT,0,0,4,16,215,5,Outside Leg stump,Short Length,0,0,4,0,0,0,0,0,86.8870969712087,-11.98785956148019,8.341160647811911,-0.3998830295797164,1.752130200724748,,,,,,,9.891117469647932,0.2029700396013363,0.6361278738324803,85.1221771147384,Attacked,Played,None,0.506504058837891,0.479644775390625,10.990551,-0.217436,,,,,,,-8.122897,0.140906,1.25514,-8.841012,0.170485,1.318033,-14.09900698427238,-10.05967534511792,0.2210931541375461,1.412361121360775,0.2854390109936564,0.629120781889668,-1.0,-1.0,MAHARAJA-YADAVINDRA-SINGH-CRICKET-STADIUM-MULLANPUR,-1.0,,L,R,R,Rajasthan-Royals,Sunrisers-Hyderabad,Seam,1
2536,1,18,Rajasthan Royals,Donovan Ferreira,Eshan Malinga,,17,5,4,4,4,0,0,0,0,0,0,0,0,0,1,0,0,,,0,16.5,1,1,0,836605,-47.0,-153.0,4,0,,,Knuckleball,110.0,SLASH,0,0,5,16,219,5,Outside Off stump,Short of Good Length,0,0,4,0,0,0,0,0,88.55541349839856,-9.743633053507256,8.340590375175395,-0.5151672795713734,1.74840880516087,,,,,,,9.301376671920618,0.2506828255259295,0.6793942455651891,86.84085428218543,Attacked,Edged,None,0.507167816162109,0.4943618774414063,9.62013,-0.599642,,,,,,,-8.836633,-0.550116,1.142201,-8.840888,-0.55009,1.142611,-12.34484405239839,-10.06032247544081,-0.5426070162744504,1.253384440402213,0.7249698543600872,0.5033188029556567,-1.0,-1.0,MAHARAJA-YADAVINDRA-SINGH-CRICKET-STADIUM-MULLANPUR,-1.0,,R,L,R,Rajasthan-Royals,Sunrisers-Hyderabad,Seam,1
2536,1,18,Rajasthan Royals,Donovan Ferreira,Eshan Malinga,,17,6,1,1,1,1,0,0,0,0,0,0,0,0,0,0,0,,,0,16.6,1,1,0,836606,-88.5,159.5,1,0,,,Knuckleball,84.0,FRONTFOOT OFF DRIVE,0,0,6,16,220,5,Outside Off stump,Full Length,0,0,4,0,0,0,0,0,88.09721746630791,-3.754119869463255,8.34081363297863,-0.4310468884501228,1.787079130783678,,,,,,,6.595053501765832,0.1793532511722662,0.6500000000000004,89.56467488277343,Attacked,Played,None,0.479415893554688,0.45904541015625,3.044042,-0.395685,,,,,,,-8.543569,-0.371793,0.194631,-8.840855,-0.367144,0.224611,-9.591118788889148,-10.06025616402601,-0.3480737556648039,0.3391822690590837,1.44778682698861,0.0,-1.0,-1.0,MAHARAJA-YADAVINDRA-SINGH-CRICKET-STADIUM-MULLANPUR,-1.0,,R,L,R,Rajasthan-Royals,Sunrisers-Hyderabad,Seam,1
2536,1,18,Rajasthan Royals,Donovan Ferreira,Pat Cummins,,18,1,2,2,2,0,1,0,0,0,0,0,0,0,0,0,0,,,0,17.1,1,1,0,836607,121.0,-77.5,2,0,,,Knuckleball,40.0,FRONTFOOT FLICK,0,0,1,17,222,5,Outside Leg stump,Full Length,1,0,4,0,0,0,0,0,85.58719772986736,-6.043118979622576,8.340807352959008,-0.7229456058330053,2.120987932888836,,,,,,,6.706935890452134,0.1700259843229289,0.599160280459638,82.8714436366528,Attacked,Played,None,0.498538970947266,0.4624099731445313,3.948361,0.078515,,,,,,,-8.097073,0.204459,0.253571,-8.84062,0.252117,0.324468,-10.55284623790882,-10.0601593115819,0.3308775984395368,0.4289935633608269,0.340677058918073,0.2520863672503172,-1.0,-1.0,MAHARAJA-YADAVINDRA-SINGH-CRICKET-STADIUM-MULLANPUR,-1.0,,R,L,R,Rajasthan-Royals,Sunrisers-Hyderabad,Seam,1
2536,1,18,Rajasthan Royals,Donovan Ferreira,Pat Cummins,,18,2,1,1,1,1,0,0,0,0,0,0,0,0,0,0,0,,,0,17.2,1,1,0,836608,-59.0,179.5,1,0,,,Knuckleball,84.0,FRONTFOOT OFF DRIVE,0,0,2,17,223,5,Outside Off stump,Good Length,0,0,4,0,0,0,0,0,70.7648804990569,-7.134684648363558,8.341019386446455,-0.7297824457658187,2.055002169472216,,,,,,,9.519393573030426,0.2926297843841801,0.5908498173578279,69.36449416525619,Attacked,Played,None,0.629402160644531,0.6012496948242188,7.542302,-0.733487,,,,,,,-8.53834,-0.624547,0.767273,-8.841002,-0.618925,0.788032,-14.0718965866875,-10.0598271978515,-0.5961339970866182,0.8553436287348989,-0.6752757532585764,1.381885551358684,-1.0,-1.0,MAHARAJA-YADAVINDRA-SINGH-CRICKET-STADIUM-MULLANPUR,-1.0,,R,L,R,Rajasthan-Royals,Sunrisers-Hyderabad,Seam,1
2536,1,18,Rajasthan Royals,Ravindra Jadeja,Pat Cummins,,18,3,2,2,2,0,1,0,0,0,0,0,0,0,0,0,0,,,0,17.3,1,1,0,836609,77.0,-70.0,2,0,,,Knuckleball,36.0,CUT SHOT,0,0,3,17,225,5,Outside Off stump,Good Length,0,0,4,0,0,0,0,0,68.40532756357696,-6.77468090580457,8.34058887904542,0.9634956526805941,2.068349226106791,,,,,,,9.372773297988818,0.2403500579284291,0.5899152261031398,74.45227812262807,Attacked,Played,None,0.643707275390625,0.6473922729492188,7.340917,0.696733,,,,,,,-9.320505,0.640354,0.780254,-8.840811,0.644554,0.751514,-14.19319218661086,-10.06005108686708,0.6338452484233159,0.8164384533710902,-1.060689854259263,1.456376162680812,-1.0,-1.0,MAHARAJA-YADAVINDRA-SINGH-CRICKET-STADIUM-MULLANPUR,-1.0,,L,R,R,Rajasthan-Royals,Sunrisers-Hyderabad,Seam,1
2536,1,18,Rajasthan Royals,Ravindra Jadeja,Pat Cummins,,18,4,2,2,2,0,1,0,0,0,0,0,0,0,0,0,0,,,0,17.4,1,1,0,836610,-89.5,183.5,2,0,,,Knuckleball,47.0,FRONTFOOT ON DRIVE,0,0,4,17,227,5,Outside Off stump,Yorker,0,0,4,0,0,0,0,0,87.04346847391858,-4.653470056009568,8.340448574306976,1.010380292803092,2.106044002764243,,,,,,,6.750462217873995,0.1752435514684922,0.6499999999999999,89.97564485315077,Attacked,Played,None,0.47589111328125,0.4463768005371094,1.523078,0.404766,,,,,,,-7.976962,0.421598,0.099671,-8.840997,0.395696,0.039376,-9.814822918094343,-10.05969528343112,0.3593443501816394,0.1733792412834597,0.648213920955497,0.0,-1.0,-1.0,MAHARAJA-YADAVINDRA-SINGH-CRICKET-STADIUM-MULLANPUR,-1.0,,L,R,R,Rajasthan-Royals,Sunrisers-Hyderabad,Seam,1
2536,1,18,Rajasthan Royals,Ravindra Jadeja,Pat Cummins,,18,5,2,2,2,0,1,0,0,0,0,0,0,0,0,0,0,,,0,17.5,1,1,0,836611,-138.5,114.0,2,0,,,Knuckleball,58.0,BACKFOOT PULL SHOT,0,0,5,17,229,5,Outside Off stump,Short of Good Length,0,0,4,0,0,0,0,0,70.21587786910527,-8.881565996608618,8.34086485294597,0.8831905011123927,2.017262556728595,,,,,,,9.606494201189925,0.2873789583680373,0.5579307180450058,64.95171186994715,Attacked,Played,None,0.645389556884766,0.6008148193359375,8.983098,0.609199,,,,,,,-8.157416,0.580229,0.840154,-8.840857,0.577339,0.87226,-14.96270453233479,-10.06013037370953,0.5721423501903364,0.9082599906909499,-0.7150734042105485,1.808096114267793,-1.0,-1.0,MAHARAJA-YADAVINDRA-SINGH-CRICKET-STADIUM-MULLANPUR,-1.0,,L,R,R,Rajasthan-Royals,Sunrisers-Hyderabad,Seam,1
2536,1,18,Rajasthan Royals,Ravindra Jadeja,Pat Cummins,,18,6,4,4,4,0,0,0,0,0,0,0,0,0,1,0,0,,,0,17.6,1,1,0,836612,-42.0,-162.0,4,0,,,Knuckleball,54.0,LEG GLANCE,0,0,6,17,233,5,Outside Leg stump,Yorker,0,0,4,0,0,0,0,0,85.35456682428726,-4.438779747557685,8.340670172452768,0.960922883828389,2.105923176938447,,,,,,,7.024308710999873,0.1687465394351508,0.6500000000000004,90.62534605648497,Attacked,Played,None,0.495254516601562,0.4611625671386719,1.982991,-0.174814,,,,,,,-8.205087,-0.184442,0.053643,-8.840483,-0.232205,0.129271,-10.20862558206075,-10.06016656882217,-0.3238896409788161,0.2636338150133991,-0.6537255244012125,0.0,-1.0,-1.0,MAHARAJA-YADAVINDRA-SINGH-CRICKET-STADIUM-MULLANPUR,-1.0,,L,R,R,Rajasthan-Royals,Sunrisers-Hyderabad,Seam,1
2536,1,18,Rajasthan Royals,Donovan Ferreira,Nitish Kumar Reddy,,19,1,1 WK,1,1,1,0,0,0,0,0,0,0,0,0,0,1,Run Out,WICKET,0,18.1,1,1,0,836613,-130.0,-65.0,1,0,,,Knuckleball,59.0,FRONTFOOT SQUARE DRIVE,0,0,1,18,234,6,Outside Off stump,Yorker,1,0,4,0,0,0,0,0,80.9365366045056,-3.234438796380673,8.340786176969022,-0.6492133688795276,1.971518195436447,,,,,,,6.95271015717893,0.1700421807138155,0.6500000000000008,90.49578192861858,Attacked,Played,None,0.519584655761719,0.5026931762695312,1.221491,-0.611947,,,,,,,-8.744105,-0.613392,0.034254,-8.841139,-0.611907,0.017786,-10.10571238660017,-10.06012156959899,-0.5931507156265328,0.1584391167649681,1.426393283129801,0.0,-1.0,-1.0,MAHARAJA-YADAVINDRA-SINGH-CRICKET-STADIUM-MULLANPUR,-1.0,,R,L,R,Rajasthan-Royals,Sunrisers-Hyderabad,Seam,1
2536,1,18,Rajasthan Royals,Jofra Archer,Nitish Kumar Reddy,,19,2,0,0,0,0,0,0,1,0,0,0,0,0,0,0,0,,,0,18.2,1,1,0,836614,-74.0,56.5,0,0,,,Knuckleball,51.0,FRONTFOOT COVERDRIVE,0,0,2,18,234,6,Outside Off stump,Full Length,0,0,4,0,0,0,0,0,80.99044537564824,-3.844751262369019,8.34117397180827,-0.6593609326231875,1.945709025188428,,,,,,,6.407373876494471,0.08643262451815248,0.5985080142968702,91.13293969271528,Defended,Played,None,0.521026611328125,0.515899658203125,2.745061,-0.583266,,,,,,,-9.105846,-0.540521,0.222484,-8.840849,-0.546882,0.197165,-10.36317753558147,-10.06025543604351,-0.5175089394065779,0.3076339655204947,1.468754632549795,0.3040522274834851,-1.0,-1.0,MAHARAJA-YADAVINDRA-SINGH-CRICKET-STADIUM-MULLANPUR,-1.0,,R,L,R,Rajasthan-Royals,Sunrisers-Hyderabad,Seam,1
2536,1,18,Rajasthan Royals,Jofra Archer,Nitish Kumar Reddy,,19,3,0,0,0,0,0,0,1,0,0,0,0,0,0,0,0,,,0,18.3,1,1,0,836615,-74.0,56.5,0,0,,,Knuckleball,105.0,LEFT ALONE,0,0,3,18,234,6,Wide outside Off stump,Yorker,0,0,4,0,0,0,0,0,81.56814507856316,-3.69677659289502,8.340746164226523,-0.6763099318198004,1.9691582737102,,,,,,,5.700621458190342,0.03795122699580385,0.5670713978622774,91.26558697976122,Defended,Played,None,0.516334533691406,0.5386734008789062,1.745449000000001,-0.838869,,,,,,,-999.9,-999.9,-999.9,-8.841001,-0.837707,0.084158,-9.882383394666492,-10.06032633047179,-0.8349979715549569,0.1923920458822285,0.7427579603352075,0.291008435162472,-1.0,-1.0,MAHARAJA-YADAVINDRA-SINGH-CRICKET-STADIUM-MULLANPUR,-1.0,,R,L,R,Rajasthan-Royals,Sunrisers-Hyderabad,Seam,1
2536,1,18,Rajasthan Royals,Jofra Archer,Nitish Kumar Reddy,,19,4,4,4,4,0,0,0,0,0,0,0,0,0,1,0,0,,,0,18.4,1,1,0,836616,-160.0,140.5,4,0,,,Knuckleball,51.0,FRONTFOOT COVERDRIVE,0,0,4,18,238,6,Outside Off stump,Full Toss,0,0,4,0,0,0,0,0,81.56504493148337,-1.31002503996065,8.340540324206309,-0.6509652279392677,1.988844051342931,,,,,,,6.737207037175828,0.1755219429357078,0.650000000000001,89.94780570642938,Attacked,Played,None,0.513942718505859,0.497589111328125,-2.74884,-0.659911,,,,,,,-8.75097,-0.690786,0.66711,-8.840474,-0.690293,0.654678,-9.795748789795491,-10.06016908710414,-0.6827483869398369,0.4787708158856,1.091834076395234,0.0,-1.0,-1.0,MAHARAJA-YADAVINDRA-SINGH-CRICKET-STADIUM-MULLANPUR,-1.0,,R,L,R,Rajasthan-Royals,Sunrisers-Hyderabad,Seam,1
2536,1,18,Rajasthan Royals,Jofra Archer,Nitish Kumar Reddy,,19,5,0,0,0,0,0,0,1,0,0,0,0,0,0,0,0,,,0,18.5,1,1,0,836617,-160.0,140.5,0,0,,,Knuckleball,44.0,GLIDE,0,0,5,18,238,6,Wide outside Off stump,Yorker,0,0,4,0,0,0,0,0,82.664949,-3.531615178982261,8.340591913405536,-0.581006057320035,1.945411796969419,,,,,,,6.816681122780295,0.1734544147804653,0.6499999999999996,90.15455852195342,Attacked,Missed,None,0.51397705078125,0.5360183715820312,1.772648999999999,-0.845207,,,,,,,-999.9,-999.9,-999.9,-8.840483,-0.849924,0.098507,-9.910094240457523,-10.06021033035971,-0.8603246351936417,0.2297832282603682,0.793448911985075,0.0,-1.0,-1.0,MAHARAJA-YADAVINDRA-SINGH-CRICKET-STADIUM-MULLANPUR,-1.0,,R,L,R,Rajasthan-Royals,Sunrisers-Hyderabad,Seam,1
2536,1,18,Rajasthan Royals,Jofra Archer,Nitish Kumar Reddy,,19,6,0 WK,W,0,0,0,0,1,0,0,0,0,0,0,0,1,Caught,WICKET,1,18.6,1,1,0,836618,54.0,184.0,0,0,,,Knuckleball,11.0,LOFTED ON DRIVE,0,0,6,18,238,7,Outside Off stump,Full Toss,1,0,4,0,0,0,0,0,81.69787355435592,-2.659560929944197,8.340632884251807,-0.5606391741357385,1.976245387249261,,,,,,,6.834973737797946,0.173095863615198,0.6500000000000001,90.19041363848022,None,None,None,0.51397705078125,0.4805717468261719,0.1217310000000005,-0.153986,,,,,,,-8.198876,-0.215123,0.317127,-8.841045,-0.19317,0.212245,-9.936407324976042,-10.06022463189472,-0.1495117359523787,0.03964090765462967,1.555281197580611,-1.272221872585407e-14,-1.0,-1.0,MAHARAJA-YADAVINDRA-SINGH-CRICKET-STADIUM-MULLANPUR,-1.0,,R,L,R,Rajasthan-Royals,Sunrisers-Hyderabad,Seam,1
2536,1,18,Rajasthan Royals,Ravindra Jadeja,Sakib Hussain,,20,1,1,1,1,1,0,0,0,0,0,0,0,0,0,0,0,,,0,19.1,1,1,0,836619,-145.0,62.5,1,0,,,Knuckleball,58.0,BACKFOOT PULL SHOT,0,0,1,19,239,7,Outside Leg stump,Short of Good Length,2,0,4,0,0,0,0,0,69.61481598017156,-8.760563754928917,8.340744995409388,-0.7167186915164625,1.793559910913394,,,,,,,10.44359236937539,0.2883118894630381,0.6062017321772288,72.09907088028052,Attacked,Played,None,0.65899658203125,0.5906181335449219,9.972944,-0.209951,,,,,,,-7.604553,0.526128,0.966443,-8.840991,0.653616,1.024858,-14.89477659365049,-10.06015096692391,0.7812179967983217,1.054015741420157,-0.05438707848331239,1.941064064014887,-1.0,-1.0,MAHARAJA-YADAVINDRA-SINGH-CRICKET-STADIUM-MULLANPUR,-1.0,,L,L,R,Rajasthan-Royals,Sunrisers-Hyderabad,Seam,1
2536,1,18,Rajasthan Royals,Nandre Burger,Sakib Hussain,,20,2,1 WK,1,1,1,0,0,0,0,0,0,0,0,0,0,1,Run Out,WICKET,0,19.2,1,1,0,836620,116.0,-42.5,1,0,,,Knuckleball,36.0,CUT SHOT,0,0,2,19,240,8,Outside Off stump,Good Length,0,0,4,0,0,0,0,0,68.00570492689778,-6.576227336661485,8.341043433032048,-0.7030575104356507,1.820658028225024,,,,,,,8.642434418433762,0.2744151386737345,0.546469850786698,64.52896375063123,Attacked,Played,None,0.657108306884766,0.6260719299316406,8.518978,-0.120893,,,,,,,-8.502392,0.437593,0.701211,-8.840893,0.465582,0.711191,-13.95606246139754,-10.06008078080317,0.5670631357569125,0.7290996597185573,-0.1198303225777905,1.150638547795236,-1.0,-1.0,MAHARAJA-YADAVINDRA-SINGH-CRICKET-STADIUM-MULLANPUR,-1.0,,L,L,R,Rajasthan-Royals,Sunrisers-Hyderabad,Seam,1
2536,1,18,Rajasthan Royals,Sushant Mishra,Sakib Hussain,,20,3,0,0,0,0,0,0,1,0,0,0,0,0,0,0,0,,,0,19.3,1,1,0,836621,116.0,-42.5,0,0,https://scores.bcci.tv/matchcentre/commentaryFiles/TATA-IPL-2026/Sunrisers-Hyderabad-VS-Rajasthan-Royals-(27-May-2026)/File_1-20-836621.png,,Knuckleball,18.0,SLOG SHOT,0,0,3,19,240,8,Outside Leg stump,Good Length,0,0,4,0,0,0,0,0,70.93582955032392,-7.355861406383836,8.34051333750898,-0.7466130826309155,1.824223457137762,,,,,,,8.699997039768762,0.2783652116114684,0.5567993872695128,65.68338692928009,Attacked,Missed,None,0.63189697265625,0.6658744812011719,8.815318,-0.36048,,,,,,,-999.9,-999.9,-999.9,-8.840703,0.085984,0.770936,-13.78701165763719,-10.05989030360973,0.1603229793611486,0.7986043627220071,-0.4247863327827714,1.174775544771784,-1.0,-1.0,MAHARAJA-YADAVINDRA-SINGH-CRICKET-STADIUM-MULLANPUR,-1.0,,R,L,R,Rajasthan-Royals,Sunrisers-Hyderabad,Seam,1
2536,1,18,Rajasthan Royals,Sushant Mishra,Sakib Hussain,,20,4,0,0,0,0,0,0,1,0,0,0,0,0,0,0,0,,,0,19.4,1,1,0,836622,116.0,-42.5,0,0,,,Knuckleball,11.0,LOFTED ON DRIVE,0,0,4,19,240,8,Off stump,Full Length,0,0,4,0,0,0,0,0,67.26914947512228,-3.627355869279875,8.340647069047474,-0.7354335937522726,1.850916954342027,,,,,,,9.079367338944854,0.2739274397254113,0.6304118045454845,77.16902670928154,Attacked,Missed,None,0.645584106445312,0.681427001953125,5.595868,-0.122331,,,,,,,-999.9,-999.9,-999.9,-8.840748,0.195872,0.57337,-12.81152985257657,-10.05976088941745,0.286548297552719,0.6619128106601031,-0.4885578133154657,1.602291088004768,-1.0,-1.0,MAHARAJA-YADAVINDRA-SINGH-CRICKET-STADIUM-MULLANPUR,-1.0,,R,L,R,Rajasthan-Royals,Sunrisers-Hyderabad,Seam,1
2536,1,18,Rajasthan Royals,Sushant Mishra,Sakib Hussain,,20,5,1,1,1,1,0,0,0,0,0,0,0,0,0,0,0,,,0,19.5,1,1,0,836623,102.5,-19.0,1,0,,,Knuckleball,27.0,FORWARD PUSH,0,0,5,19,241,8,Outside Leg stump,Good Length,0,0,4,0,0,0,0,0,70.56577310397309,-7.37798162962385,8.340895079047101,-0.6711208664322953,1.813021879739747,,,,,,,9.654797196935007,0.2554678446311334,0.6227577054165222,77.866871349365,Attacked,Played,None,0.634506225585938,0.58154296875,8.82048,-0.193276,,,,,,,-7.945013,0.258484,0.840525,-8.840774,0.320754,0.893381,-13.77641816172888,-10.05984374033975,0.4062610107451425,0.9431163702407954,-0.2743036694832788,1.038663742352689,-1.0,-1.0,MAHARAJA-YADAVINDRA-SINGH-CRICKET-STADIUM-MULLANPUR,-1.0,,R,L,R,Rajasthan-Royals,Sunrisers-Hyderabad,Seam,1
2536,1,18,Rajasthan Royals,Ravindra Jadeja,Sakib Hussain,,20,6,2 (BY),2,0,0,0,0,1,2,0,0,1,0,0,0,0,,,0,19.6,1,1,1,836624,102.5,-19.0,2,0,,,Knuckleball,89.0,STEP DOWN COVER DRIVE,0,0,6,19,243,8,Wide outside Off stump,Full Length,0,0,4,0,0,0,0,0,69.80939636076977,-3.571502028867367,8.341087910746179,-0.7447675098462799,1.833356166556179,,,,,,,8.549293353048288,0.2705689337361102,0.587808204342541,71.11433727777013,Attacked,Missed,None,0.623931884765625,0.657440185546875,5.774696,0.174776,,,,,,,-999.9,-999.9,-999.9,-8.841014,0.634326,0.556423,-12.95553132758826,-10.060028648688,0.7602190971855582,0.6379900240327251,0.1646660832487361,1.407496181395568,-1.0,-1.0,MAHARAJA-YADAVINDRA-SINGH-CRICKET-STADIUM-MULLANPUR,-1.0,,L,R,R,Rajasthan-Royals,Sunrisers-Hyderabad,Seam,1
2536,2,20,Sunrisers Hyderabad,Abhishek Sharma,Jofra Archer,,1,1,0,0,0,0,0,0,1,0,0,0,0,0,0,0,0,,,0,0.1,1,1,0,836625,89.5,124.0,0,0,,,Knuckleball,15.0,LOFTED COVER DRIVE,0,0,1,0,0,0,Outside Off stump,Short of Good Length,1,0,0,0,0,0,0,0,89.58761314236465,-9.500415160956566,8.341241888959427,-0.328884526308154,2.135107863473993,,,,,,,8.571804534386516,0.2247366188297661,0.5805593789406434,74.6102449581199,Attacked,Edged,None,0.493995666503906,0.473419189453125,7.900389,0.092569,,,,,,,-8.580417,0.600646,0.809696,-8.841046,0.621832,0.833578,-13.36164397925392,-10.05976457986671,0.7215053149279748,0.9363316716763992,2.448890290982677,0.8423494408991505,-1.0,-1.0,MAHARAJA-YADAVINDRA-SINGH-CRICKET-STADIUM-MULLANPUR,-1.0,,L,L,R,Sunrisers-Hyderabad,Rajasthan-Royals,Seam,1
2536,2,20,Sunrisers Hyderabad,Abhishek Sharma,Jofra Archer,,1,2,0 WK,W,0,0,0,0,1,0,0,0,0,0,0,0,1,Caught,WICKET,1,0.2,1,1,0,836626,89.5,124.0,0,0,,,Knuckleball,57.0,HOOK SHOT,0,0,2,0,0,1,Outside Leg stump,Short Length,2,0,0,0,0,0,0,0,91.75855341826289,-14.41595170829098,8.340649600048337,-0.4084383268389137,2.151898310882931,,,,,,,11.64534914956071,0.2251537969904067,0.6248443762732316,81.21127674194409,None,None,None,0.506561279296875,0.4911918640136719,10.680082,-0.450552,,,,,,,-8.750175,-0.191973,1.585415,-8.840787,-0.189372,1.596525,-16.3954116278729,-10.05991548901519,-0.1541685761205621,1.737902678795095,0.284463853288651,1.686780884222534,-1.0,-1.0,MAHARAJA-YADAVINDRA-SINGH-CRICKET-STADIUM-MULLANPUR,-1.0,,L,L,R,Sunrisers-Hyderabad,Rajasthan-Royals,Seam,1
2536,2,20,Sunrisers Hyderabad,Ishan Kishan,Jofra Archer,,1,3,2,2,2,0,1,0,0,0,0,0,0,0,0,0,0,,,0,0.3,1,1,0,836627,-156.0,74.0,2,0,,,Knuckleball,58.0,BACKFOOT PULL SHOT,0,0,3,0,2,1,Outside Leg stump,Short of Good Length,3,0,0,0,0,0,0,0,93.67863932383018,-10.06706447108749,8.34073110996578,-0.3800681740222571,2.157886382633861,,,,,,,8.436401146392312,0.1844456020039052,0.5807940990653666,78.67455465941448,Attacked,Played,None,0.470375061035156,0.4381370544433594,8.103919,-0.21495,,,,,,,-8.158752,0.039113,0.804494,-8.841124,0.067835,0.870591,-13.36634375347435,-10.05964513288378,0.1195222989161733,0.9786312775235484,1.706617725792736,0.485433622017125,-1.0,-1.0,MAHARAJA-YADAVINDRA-SINGH-CRICKET-STADIUM-MULLANPUR,-1.0,,L,L,R,Sunrisers-Hyderabad,Rajasthan-Royals,Seam,1
2536,2,20,Sunrisers Hyderabad,Ishan Kishan,Jofra Archer,,1,4,6,6,6,0,0,0,0,0,0,0,0,0,0,1,0,,,0,0.4,1,1,0,836628,-186.5,-80.0,6,0,,,Knuckleball,40.0,FRONTFOOT FLICK,0,0,4,0,8,1,Outside Leg stump,Good Length,0,0,0,0,0,0,0,0,94.35155229283211,-8.711169630845873,8.341231858586369,-0.3107681345419164,2.150930007918197,,,,,,,7.873496218247805,0.1540944579495359,0.6210403224171768,87.74660256762292,Attacked,Played,None,0.458839416503906,0.4281234741210938,6.659556,-0.224365,,,,,,,-8.17111,-0.159894,0.602914,-8.841078,-0.150648,0.669959,-11.9107246630485,-10.05991986153831,-0.1337012594134773,0.782658204028406,-0.08950982507662825,0.38557891375865,-1.0,-1.0,MAHARAJA-YADAVINDRA-SINGH-CRICKET-STADIUM-MULLANPUR,-1.0,,L,L,R,Sunrisers-Hyderabad,Rajasthan-Royals,Seam,1
2536,2,20,Sunrisers Hyderabad,Ishan Kishan,Jofra Archer,,1,5,4,4,4,0,0,0,0,0,0,0,0,0,1,0,0,,,0,0.5,1,1,0,836629,21.0,-148.0,4,0,,30.0,ANGLED ACROSS,5.0,LOFTED OFF DRIVE,0,0,5,0,12,1,Off stump,Full Length,0,0,0,0,0,0,0,0,93.12123306055828,-8.284519682966454,8.341071492443838,-0.3103717550050845,2.147460041203406,,,,,,,7.9061817946558,0.1810729195512181,0.6290502093195238,86.25023944280677,Attacked,Edged,None,0.464698791503906,0.443023681640625,6.291448,0.047428,,,,,,,-8.478463,0.258032,0.595256,-8.841074,0.27457,0.631634,-11.70342197335882,-10.05989012937568,0.3305059356923387,0.7457620993210997,-0.3216704907019429,0.9908776756792976,-1.0,-1.0,MAHARAJA-YADAVINDRA-SINGH-CRICKET-STADIUM-MULLANPUR,-1.0,,L,L,R,Sunrisers-Hyderabad,Rajasthan-Royals,Seam,1
2536,2,20,Sunrisers Hyderabad,Ishan Kishan,Jofra Archer,,1,6,4,4,4,0,0,0,0,0,0,0,0,0,1,0,0,,,0,0.6,1,1,0,836630,173.5,-54.5,4,0,,,Knuckleball,96.0,SLICED OVER POINT,0,0,6,0,16,1,Outside Off stump,Full Length,0,0,0,0,0,0,0,0,92.4575280439054,-5.362984613605755,8.341023128327926,-0.3547132137853998,2.225014187117761,,,,,,,6.419387936967979,0.03546759075477136,0.6017383973139642,96.71400052161749,Attacked,Played,None,0.456985473632812,0.4457244873046875,2.42354,0.333627,,,,,,,-8.868963,0.375309,0.169276,-8.841006,0.374359,0.166381,-10.48617402989885,-10.0600778689385,0.4159477935423418,0.2871456978856143,0.1500522640226741,-0.6151773975162327,-1.0,-1.0,MAHARAJA-YADAVINDRA-SINGH-CRICKET-STADIUM-MULLANPUR,-1.0,,L,L,R,Sunrisers-Hyderabad,Rajasthan-Royals,Seam,1
2536,2,20,Sunrisers Hyderabad,Travis Head,Nandre Burger,,2,1,2,2,2,0,1,0,0,0,0,0,0,0,0,0,0,,,0,1.1,1,1,0,836631,-139.5,63.0,2,0,,,Knuckleball,97.0,BACKFOOT PUSH,0,0,1,1,18,1,Outside Off stump,Short of Good Length,1,0,0,0,0,0,0,0,84.19928130203988,-10.0735716964881,8.340626358318978,0.5859386745154145,1.945074726747508,,,,,,,8.913329840457575,0.1486879273857025,0.6259533620551699,89.02421156970524,Attacked,Played,None,0.502544403076172,0.4799308776855469,9.119475,0.22289,,,,,,,-8.566944,-0.235786,0.982242,-8.840989,-0.252787,1.006508,-13.28420390900748,-10.06004040842452,-0.3288728158378719,1.10556494368494,-0.6156421068942918,-0.7839915810553894,-1.0,-1.0,MAHARAJA-YADAVINDRA-SINGH-CRICKET-STADIUM-MULLANPUR,-1.0,,L,L,L,Sunrisers-Hyderabad,Rajasthan-Royals,Seam,1
2536,2,20,Sunrisers Hyderabad,Travis Head,Nandre Burger,,2,2,5 (WD),5,0,0,0,0,0,5,1,0,0,0,1,0,0,,,0,1.2,1,1,1,836632,-139.5,63.0,5,0,,,Knuckleball,54.0,LEG GLANCE,0,0,2,1,23,1,Outside Leg stump,Good Length,0,0,0,0,0,0,0,0,88.21176500973877,-7.592774842694928,8.34105888297492,0.5224027093825222,1.976843981631937,,,,,,,8.732507553668759,0.2056471822856317,0.6823283354823185,91.78453209378462,Attacked,Missed,None,0.499603271484375,0.5204086303710938,6.917439,-0.236411,,,,,,,-999.9,-999.9,-999.9,-8.841045,-0.82007,0.762769,-11.78761640234253,-10.05993336789918,-0.9483897340044525,0.8801521332504072,-2.389689757699169,-0.697596604233209,-1.0,-1.0,MAHARAJA-YADAVINDRA-SINGH-CRICKET-STADIUM-MULLANPUR,-1.0,,L,L,L,Sunrisers-Hyderabad,Rajasthan-Royals,Seam,1
2536,2,20,Sunrisers Hyderabad,Travis Head,Nandre Burger,,2,2,1,1,1,1,0,0,0,0,0,0,0,0,0,0,0,,,0,1.2,1,1,0,836633,-146.0,66.5,1,0,,,Knuckleball,58.0,BACKFOOT PULL SHOT,0,0,3,1,24,1,Off stump,Short of Good Length,0,0,0,0,0,0,0,0,87.24492410868665,-9.510968963845288,8.340503776256142,0.6556579315262048,1.993488097341699,,,,,,,8.683294553828572,0.1631413720780835,0.6361841061726501,89.11347871808915,Attacked,Played,None,0.4954833984375,0.472412109375,8.31088,0.303431,,,,,,,-8.424607,-0.087045,0.849736,-8.840522,-0.11206,0.888006,-12.70482031189974,-10.05966646941834,-0.1858702811410928,0.9905205996278417,-0.6479901314676842,-0.9276304407207204,-1.0,-1.0,MAHARAJA-YADAVINDRA-SINGH-CRICKET-STADIUM-MULLANPUR,-1.0,,L,L,L,Sunrisers-Hyderabad,Rajasthan-Royals,Seam,1
2536,2,20,Sunrisers Hyderabad,Ishan Kishan,Nandre Burger,,2,3,0,0,0,0,0,0,1,0,0,0,0,0,0,0,0,,,0,1.3,1,1,0,836634,101.5,19.0,0,0,,,Knuckleball,27.0,FORWARD PUSH,0,0,4,1,24,1,Outside Off stump,Good Length,0,0,0,0,0,0,0,0,90.51685031997079,-7.112316188394533,8.340982794862757,0.5519018779299053,2.025641244804416,,,,,,,6.886698430654381,0.1473620775229986,0.6006693981420244,85.3642019690038,Defended,Played,None,0.474288940429688,0.4509201049804688,5.675565,0.357142,,,,,,,-8.480919,0.306215,0.455972,-8.840837,0.301664,0.486843,-10.86817912199412,-10.06016282857958,0.2861507290215883,0.5830469254561912,-0.5676444080623638,0.4719490751513221,-1.0,-1.0,MAHARAJA-YADAVINDRA-SINGH-CRICKET-STADIUM-MULLANPUR,-1.0,,L,L,L,Sunrisers-Hyderabad,Rajasthan-Royals,Seam,1
2536,2,20,Sunrisers Hyderabad,Ishan Kishan,Nandre Burger,,2,4,1,1,1,1,0,0,0,0,0,0,0,0,0,0,0,,,0,1.4,1,1,0,836635,-46.5,108.5,1,0,,,Knuckleball,27.0,FORWARD PUSH,0,0,5,1,25,1,,Good Length,0,0,0,0,0,0,0,0,89.23488569169545,-8.175807936502048,8.340357883566995,0.5958838799064478,2.002488027868507,,,,,,,7.730112837647985,0.1441527379154612,0.6404077309710166,91.64588585410635,Attacked,Played,None,0.480216979980469,0.4581298828125,6.918563,0.255967,,,,,,,-8.470455,0.037182,0.640253,-8.840912,0.021636,0.673595,-11.41099370996871,-10.0601241682026,-0.02984869176401356,0.7746488077788387,-0.9535346948662679,-0.1121803931913271,-1.0,-1.0,MAHARAJA-YADAVINDRA-SINGH-CRICKET-STADIUM-MULLANPUR,-1.0,,L,L,L,Sunrisers-Hyderabad,Rajasthan-Royals,Seam,1
2536,2,20,Sunrisers Hyderabad,Travis Head,Nandre Burger,,2,5,6,6,6,0,0,0,0,0,0,0,0,0,0,1,0,,,0,1.5,1,1,0,836636,-177.5,-90.5,6,0,,,Knuckleball,58.0,BACKFOOT PULL SHOT,0,0,6,1,31,1,Outside Off stump,Short Length,0,0,0,0,0,0,0,0,86.12254406973737,-14.04901483371625,8.340480861545956,0.6594291684964014,1.929201295144398,,,,,,,9.774042672700173,0.1775140369283158,0.5321142832322207,72.06573879200153,Attacked,Played,None,0.523052215576172,0.4840850830078125,11.481073,0.374323,,,,,,,-7.991833,-0.271324,1.256626,-8.840496,-0.33202,1.323326,-16.56694350371767,-10.05989265113927,-0.4199974166297402,1.405403874693039,-2.150298121288602,-0.3178045020364339,-1.0,-1.0,MAHARAJA-YADAVINDRA-SINGH-CRICKET-STADIUM-MULLANPUR,-1.0,,L,L,L,Sunrisers-Hyderabad,Rajasthan-Royals,Seam,1
2536,2,20,Sunrisers Hyderabad,Travis Head,Nandre Burger,,2,6,4,4,4,0,0,0,0,0,0,0,0,0,1,0,0,,,0,1.6,1,1,0,836637,173.5,111.0,4,0,,,Knuckleball,52.0,BACKFOOT COVERDRIVE,0,0,7,1,35,1,Outside Off stump,Good Length,0,0,0,0,0,0,0,0,90.53529243826253,-8.730618958546575,8.340895253140268,0.6276912082442939,1.969984376536786,,,,,,,7.143526301684426,0.1428841021379662,0.5520527661733275,78.51950471220252,Attacked,Played,None,0.479690551757812,0.4779052734375,7.81629,0.549277,,,,,,,-9.196593,0.467777,0.702386,-8.840878,0.472054,0.677695,-12.19558394062908,-10.05989807500581,0.4573459666808076,0.7575653605591228,0.7708343656871839,-0.6301748730893202,-1.0,-1.0,MAHARAJA-YADAVINDRA-SINGH-CRICKET-STADIUM-MULLANPUR,-1.0,,L,L,L,Sunrisers-Hyderabad,Rajasthan-Royals,Seam,1
2536,2,20,Sunrisers Hyderabad,Ishan Kishan,Jofra Archer,,3,1,4,4,4,0,0,0,0,0,0,0,0,0,1,0,0,,,0,2.1,1,1,0,836638,193.0,-52.5,4,0,,,Knuckleball,31.0,UPPER CUT,0,0,1,2,39,1,Off stump,Short of Good Length,1,0,0,0,0,0,0,0,93.4458284083534,-11.16181027064526,8.340801382599622,-0.3291495033812782,2.091405061296766,,,,,,,9.031277409650352,0.2100322429547539,0.5989936343067331,78.84582085053458,Attacked,Played,None,0.478351593017578,0.4710617065429688,9.032357,-0.031985,,,,,,,-8.98977,0.237957,1.048138,-8.840547,0.232736,1.034015,-13.69195067787082,-10.05979195759792,0.2755864709148184,1.143479146198871,-0.2472820230106049,0.1929169404162731,-1.0,-1.0,MAHARAJA-YADAVINDRA-SINGH-CRICKET-STADIUM-MULLANPUR,-1.0,,L,L,R,Sunrisers-Hyderabad,Rajasthan-Royals,Seam,1
2536,2,20,Sunrisers Hyderabad,Ishan Kishan,Jofra Archer,,3,2,6,6,6,0,0,0,0,0,0,0,0,0,0,1,0,,,0,2.2,1,1,0,836639,-167.0,-100.5,6,0,,,Knuckleball,40.0,FRONTFOOT FLICK,0,0,2,2,45,1,Outside Leg stump,Good Length,0,0,0,0,0,0,0,0,90.95182100828359,-9.883790740470783,8.341042643901968,-0.3604703456552311,2.136340305624208,,,,,,,8.062029571206478,0.1623045872592389,0.5860361516613036,81.67496402327166,Attacked,Played,None,0.481327056884766,0.4458503723144531,7.881618,-0.259684,,,,,,,-8.072058,-0.170947,0.728702,-8.841139,-0.159062,0.797827,-12.81817702916611,-10.06010530896132,-0.1400740381391484,0.8964736192144132,-0.0995995243041408,0.3462512108003212,-1.0,-1.0,MAHARAJA-YADAVINDRA-SINGH-CRICKET-STADIUM-MULLANPUR,-1.0,,L,L,R,Sunrisers-Hyderabad,Rajasthan-Royals,Seam,1
2536,2,20,Sunrisers Hyderabad,Ishan Kishan,Jofra Archer,,3,3,0,0,0,0,0,0,1,0,0,0,0,0,0,0,0,,,0,2.3,1,1,0,836640,84.5,51.0,0,0,,,Knuckleball,27.0,FORWARD PUSH,0,0,3,2,45,1,Outside Off stump,Good Length,0,0,0,0,0,0,0,0,94.38694999961857,-9.699209659350227,8.340623269846393,-0.3326338482807616,2.147300920938248,,,,,,,8.376351385270212,0.1846366841269523,0.63688797803869,87.06952829310828,Defended,Played,None,0.46417236328125,0.4464111328125,7.421004,0.073006,,,,,,,-8.640669,0.284754,0.780245,-8.840849,0.291991,0.800332,-12.19544113612548,-10.05996928208579,0.3363162730126767,0.9154230950210562,0.01852313461699934,-0.1503146301198381,-1.0,-1.0,MAHARAJA-YADAVINDRA-SINGH-CRICKET-STADIUM-MULLANPUR,-1.0,,L,L,R,Sunrisers-Hyderabad,Rajasthan-Royals,Seam,1
2536,2,20,Sunrisers Hyderabad,Ishan Kishan,Jofra Archer,,3,4,6,6,6,0,0,0,0,0,0,0,0,0,0,1,0,,,0,2.4,1,1,0,836641,-187.0,-6.0,6,0,,,Knuckleball,58.0,BACKFOOT PULL SHOT,0,0,4,2,51,1,Outside Leg stump,Short Length,0,1,1,0,1,0,0,0,92.03228313591708,-11.97752269035374,8.34065707570397,-0.2665621759517687,2.098983706965758,,,,,,,10.64925476168185,0.2508436016565337,0.6428466465140166,81.34263681144913,Attacked,Played,None,0.496009826660156,0.4634056091308594,9.615643,0.005096,,,,,,,-8.19739,0.18152,1.231389,-8.840773,0.196681,1.306978,-14.63744206153393,-10.06010241140527,0.2256444345745061,1.439072289748745,0.8825227577878724,-0.963410868849197,-1.0,-1.0,MAHARAJA-YADAVINDRA-SINGH-CRICKET-STADIUM-MULLANPUR,-1.0,,L,L,R,Sunrisers-Hyderabad,Rajasthan-Royals,Seam,1
2536,2,20,Sunrisers Hyderabad,Ishan Kishan,Jofra Archer,,3,5,0 WK,W,0,0,0,0,1,0,0,0,0,0,0,0,1,Caught,WICKET,1,2.5,1,1,0,836642,131.0,85.5,0,0,,,Knuckleball,15.0,LOFTED COVER DRIVE,0,0,5,2,51,2,Outside Off stump,Short of Good Length,1,0,1,0,0,0,0,0,93.19828060022802,-10.63150922728139,8.340659090995828,-0.2877624063251474,2.099573294078759,,,,,,,9.181175509443714,0.2060075437363092,0.6208738285921467,82.53031991519109,None,None,None,0.477836608886719,0.4568138122558594,8.688533,0.151487,,,,,,,-8.544884,0.444969,0.990466,-8.840907,0.457449,1.020753,-13.47202797751184,-10.06005782287401,0.5091696496295623,1.137199865498891,-0.1214143569285363,-0.2484995941385591,-1.0,-1.0,MAHARAJA-YADAVINDRA-SINGH-CRICKET-STADIUM-MULLANPUR,-1.0,,L,L,R,Sunrisers-Hyderabad,Rajasthan-Royals,Seam,1
2536,2,20,Sunrisers Hyderabad,Smaran Ravichandran,Jofra Archer,,3,6,1,1,1,1,0,0,0,0,0,0,0,0,0,0,0,,,0,2.6,1,1,0,836643,72.0,-128.0,1,0,,,Knuckleball,35.0,LATE CUT,0,0,6,2,52,2,Off stump,Short of Good Length,2,0,1,0,0,0,0,0,92.06468854501276,-13.28843579569396,8.340588626518745,-0.3506840396839992,2.092251127651581,,,,,,,10.09763243028994,0.2188529635008999,0.5814640292001477,75.33430802993217,Attacked,Played,None,0.496879577636719,0.4856643676757813,10.354316,-0.056821,,,,,,,-8.87167,0.294241,1.314654,-8.84051,0.293002,1.311576,-15.47974594290386,-10.06003902700294,0.3417515558065247,1.424912425643812,0.1540762227377633,-0.05726159959482819,-1.0,-1.0,MAHARAJA-YADAVINDRA-SINGH-CRICKET-STADIUM-MULLANPUR,-1.0,,L,L,R,Sunrisers-Hyderabad,Rajasthan-Royals,Seam,1
2536,2,20,Sunrisers Hyderabad,Smaran Ravichandran,Nandre Burger,,4,1,0,0,0,0,0,0,1,0,0,0,0,0,0,0,0,,,0,3.1,1,1,0,836644,85.0,-16.5,0,0,,,Knuckleball,50.0,BACKFOOT DEFENCE,0,0,1,3,52,2,Outside Off stump,Good Length,3,0,1,0,0,0,0,0,90.581707,-9.204536007598792,8.340990676746891,0.5802433660507327,1.98484863022703,,,,,,,7.823691593686992,0.171371716901448,0.6109166975190905,84.50033293771878,Defended,Played,None,0.501251220703125,0.4572601318359375,7.889914,0.32147,,,,,,,-8.414553,0.139597,0.729516,-8.841009,0.126849,0.765142,-11.95470475497135,-10.06005014328801,0.09016477182304597,0.8578354308118227,0.441328958112931,-0.4481535263002601,-1.0,-1.0,MAHARAJA-YADAVINDRA-SINGH-CRICKET-STADIUM-MULLANPUR,-1.0,,L,L,L,Sunrisers-Hyderabad,Rajasthan-Royals,Seam,1
2536,2,20,Sunrisers Hyderabad,Smaran Ravichandran,Nandre Burger,,4,2,0,0,0,0,0,0,1,0,0,0,0,0,0,0,0,,,0,3.2,1,1,0,836645,85.0,-16.5,0,0,,,Knuckleball,69.0,STEP DOWN LOFTED STRAIGHT DRIVE,0,0,2,3,52,2,Outside Off stump,Good Length,0,0,1,0,0,0,0,0,87.652668,-8.673154383414406,8.340641665603073,0.5512870543252276,1.995515266258238,,,,,,,9.240365986855991,0.1879913184912968,0.7328981102102664,101.1355846824103,Attacked,Missed,None,0.501251220703125,0.5244255065917969,7.373243,0.289014,,,,,,,-999.9,-999.9,-999.9,-8.840671,0.269359,0.859489,-11.698119116646,-10.05967344709016,0.2653510003349094,0.983247823162491,0.2527069824026297,1.05155350881858,-1.0,-1.0,MAHARAJA-YADAVINDRA-SINGH-CRICKET-STADIUM-MULLANPUR,-1.0,,L,L,L,Sunrisers-Hyderabad,Rajasthan-Royals,Seam,1
2536,2,20,Sunrisers Hyderabad,Smaran Ravichandran,Nandre Burger,,4,3,0 WK,W,0,0,0,0,1,0,0,0,0,0,0,0,1,Caught,WICKET,1,3.3,1,1,0,836646,-73.5,172.5,0,0,,,Knuckleball,58.0,BACKFOOT PULL SHOT,0,0,3,3,52,3,Outside Off stump,Short of Good Length,1,0,1,0,0,0,0,0,86.826830268628,-10.13113328961737,8.340828068165852,0.6044767265944766,2.001262666220446,,,,,,,9.346770227895178,0.1819505624223808,0.6580341392357035,90.51006464311746,None,None,None,0.501251220703125,0.4657173156738281,8.740059,0.452592,,,,,,,-8.338526,0.402051,0.973346,-8.840699,0.398325,1.024615,-13.09376935566775,-10.06007552093117,0.3892140847840852,1.139121435049732,0.3771252308390161,0.303647891581116,-1.0,-1.0,MAHARAJA-YADAVINDRA-SINGH-CRICKET-STADIUM-MULLANPUR,-1.0,,L,L,L,Sunrisers-Hyderabad,Rajasthan-Royals,Seam,1
2536,2,20,Sunrisers Hyderabad,Heinrich Klaasen,Nandre Burger,,4,4,0,0,0,0,0,0,1,0,0,0,0,0,0,0,0,,,0,3.4,1,1,0,836647,-49.5,-8.5,0,0,,,Knuckleball,50.0,BACKFOOT DEFENCE,0,0,4,3,52,3,Outside Leg stump,Short of Good Length,2,0,1,0,0,0,0,0,84.24666536955847,-14.25508677465868,8.34051880084288,0.7011740191520892,1.910885592150888,,,,,,,11.17911287671988,0.1578570580242425,0.5708502602897285,79.84183324103502,Defended,Played,None,0.529083251953125,0.5070419311523438,11.78408,0.476795,,,,,,,-8.783723,-0.080476,1.614261,-8.840466,-0.083618,1.619993,-17.67364860580857,-10.06012099852578,-0.1515148626597162,1.734965659877739,-0.03242443140887099,-0.951959592243024,-1.0,-1.0,MAHARAJA-YADAVINDRA-SINGH-CRICKET-STADIUM-MULLANPUR,-1.0,,R,L,L,Sunrisers-Hyderabad,Rajasthan-Royals,Seam,1
2536,2,20,Sunrisers Hyderabad,Heinrich Klaasen,Nandre Burger,,4,5,1 (WD),1,0,0,0,0,0,1,1,0,0,0,0,0,0,,,0,3.5,1,1,1,836648,-49.5,-8.5,1,0,,,Knuckleball,58.0,BACKFOOT PULL SHOT,0,0,5,3,53,3,Outside Leg stump,Short Length,0,0,1,0,0,0,0,0,85.20000000000002,-17.917975610975,8.340398121631537,0.6275599852445948,1.897569986275518,,,,,,,12.58473359454827,0.1604778326155938,0.570637751238178,79.54787942416732,Attacked,Missed,None,0.521896362304688,0.5729255676269531,12.888526,0.424805,,,,,,,-999.9,-999.9,-999.9,-8.840956,-0.095384,1.997558,-19.60066055295041,-10.06008856347795,-0.1527270963789489,2.121627758009351,-0.3372947561548639,-0.1552747001913068,-1.0,-1.0,MAHARAJA-YADAVINDRA-SINGH-CRICKET-STADIUM-MULLANPUR,-1.0,,R,L,L,Sunrisers-Hyderabad,Rajasthan-Royals,Seam,1
2536,2,20,Sunrisers Hyderabad,Heinrich Klaasen,Nandre Burger,,4,5,0,0,0,0,0,0,1,0,0,0,0,0,0,0,0,,,0,3.5,1,1,0,836649,9.5,78.0,0,0,,,Knuckleball,27.0,FORWARD PUSH,0,0,6,3,53,3,Leg stump,Good Length,0,0,1,0,0,0,0,0,90.25829733855144,-9.049778753669957,8.34088763456301,0.5867127692027707,1.989518095045961,,,,,,,7.904994502072813,0.1773934876360134,0.6254896310592719,86.08409589528945,Defended,Played,None,0.484153747558594,0.4691390991210938,7.65553,0.080552,,,,,,,-8.754581,-0.155871,0.737685,-8.841142,-0.159176,0.745027,-11.78955165548518,-10.06014338759061,-0.2059622477987921,0.8410896674208166,0.1498332676193041,0.5372116020977608,-1.0,-1.0,MAHARAJA-YADAVINDRA-SINGH-CRICKET-STADIUM-MULLANPUR,-1.0,,R,L,L,Sunrisers-Hyderabad,Rajasthan-Royals,Seam,1
2536,2,20,Sunrisers Hyderabad,Heinrich Klaasen,Nandre Burger,,4,6,0,0,0,0,0,0,1,0,0,0,0,0,0,0,0,,,0,3.6,1,1,0,836650,9.5,78.0,0,0,,,Knuckleball,27.0,FORWARD PUSH,0,0,7,3,53,3,Outside Leg stump,Good Length,0,0,1,0,0,0,0,0,86.78975631838074,-8.089071601904916,8.340992739593592,0.6328113938556958,1.997399778563555,,,,,,,7.783162478168132,0.1839541277849759,0.6329965612143176,86.55407140365006,Attacked,Missed,None,0.496479034423828,0.46746826171875,6.875546,0.287826,,,,,,,-8.637009,0.154582,0.64313,-8.841077,0.149484,0.66123,-11.46432077856574,-10.06004509955329,0.1188584801989838,0.7612474505509378,0.1895479007308926,0.2440243770519645,-1.0,-1.0,MAHARAJA-YADAVINDRA-SINGH-CRICKET-STADIUM-MULLANPUR,-1.0,,R,L,L,Sunrisers-Hyderabad,Rajasthan-Royals,Seam,1
2536,2,20,Sunrisers Hyderabad,Travis Head,Jofra Archer,,5,1,0,0,0,0,0,0,1,0,0,0,0,0,0,0,0,,,0,4.1,1,1,0,836651,99.5,50.5,0,0,,,Knuckleball,52.0,BACKFOOT COVERDRIVE,0,0,1,4,53,3,Off stump,Short of Good Length,1,0,1,0,0,0,0,0,91.87023422991804,-11.31403211883774,8.340603043314559,-0.2366922255565829,2.088844735267747,,,,,,,9.50645340331816,0.2088300828536351,0.6134066216786204,81.12798496642954,Defended,Played,None,0.487884521484375,0.4801254272460938,9.239902,0.00301,,,,,,,-8.981997,0.088754,1.128654,-8.840876,0.087223,1.114671,-14.0408113847289,-10.06001730486049,0.100512823919935,1.229261119811582,0.1480341430272927,-0.9923014230003163,-1.0,-1.0,MAHARAJA-YADAVINDRA-SINGH-CRICKET-STADIUM-MULLANPUR,-1.0,,L,R,R,Sunrisers-Hyderabad,Rajasthan-Royals,Seam,1
2536,2,20,Sunrisers Hyderabad,Travis Head,Jofra Archer,,5,2,4,4,4,0,0,0,0,0,0,0,0,0,1,0,0,,,0,4.2,1,1,0,836652,185.5,95.5,4,0,,,Knuckleball,52.0,BACKFOOT COVERDRIVE,0,0,2,4,57,3,Outside Leg stump,Short of Good Length,0,0,1,0,0,0,0,0,92.49999999999993,-11.22695341582958,8.341022519014704,-0.3666184504479516,2.128365988142915,,,,,,,8.994128233708818,0.205266840712186,0.6001046285481693,79.4890102110068,Attacked,Played,None,0.479232788085938,0.4647102355957031,8.891935,-0.289178,,,,,,,-8.75558,-0.168907,1.010395,-8.84112,-0.167509,1.018599,-13.64228614633192,-10.06033218925249,-0.1474694869153389,1.128298291228149,-0.03607725121010962,0.4333888769861342,-1.0,-1.0,MAHARAJA-YADAVINDRA-SINGH-CRICKET-STADIUM-MULLANPUR,-1.0,,L,R,R,Sunrisers-Hyderabad,Rajasthan-Royals,Seam,1
2536,2,20,Sunrisers Hyderabad,Travis Head,Jofra Archer,,5,3,0,0,0,0,0,0,1,0,0,0,0,0,0,0,0,,,0,4.3,1,1,0,836653,94.0,-8.5,0,0,,,Knuckleball,16.0,BACKFOOT SQUARE DRIVE,0,0,3,4,57,3,Outside Leg stump,Short of Good Length,0,0,1,0,0,0,0,0,93.63741275971255,-9.875731520797574,8.340703313753735,-0.2700911700533159,2.096733206193534,,,,,,,8.446411002983773,0.2148188038846375,0.6164623472118778,80.98747169331791,Defended,Played,None,0.471633911132812,0.4644813537597656,7.963109,-0.148397,,,,,,,-9.002036,-0.061911,0.875465,-8.840906,-0.063984,0.860393,-12.5325718510615,-10.05973630713729,-0.04823363880529909,0.9687004417373504,0.09741593664410218,-0.0200151217785606,-1.0,-1.0,MAHARAJA-YADAVINDRA-SINGH-CRICKET-STADIUM-MULLANPUR,-1.0,,L,R,R,Sunrisers-Hyderabad,Rajasthan-Royals,Seam,1
2536,2,20,Sunrisers Hyderabad,Travis Head,Jofra Archer,,5,4,0 WK,W,0,0,0,0,1,0,0,0,0,0,0,0,1,Bowled,WICKET,1,4.4,1,1,0,836654,94.0,-8.5,0,0,,,Knuckleball,52.0,BACKFOOT COVERDRIVE,0,0,4,4,57,4,Middle stump,Good Length,1,0,1,0,0,0,0,0,92.9669316890837,-7.843675343355252,8.34068959686411,-0.2949346818354933,2.140630964845521,,,,,,,8.200101773779593,0.168250933511919,0.6747973016584001,94.39450189756812,None,None,None,0.464653015136719,0.4881706237792969,5.882403,-0.071855,,,,,,,-999.9,-999.9,-999.9,-8.84101,0.046175,0.623453,-11.38755993468594,-10.0600342656875,0.07774070280588755,0.7486619768778453,0.1720421615991557,0.3139148693803855,-1.0,-1.0,MAHARAJA-YADAVINDRA-SINGH-CRICKET-STADIUM-MULLANPUR,-1.0,,L,R,R,Sunrisers-Hyderabad,Rajasthan-Royals,Seam,1
2536,2,20,Sunrisers Hyderabad,Nitish Kumar Reddy,Jofra Archer,,5,5,1,1,1,1,0,0,0,0,0,0,0,0,0,0,0,,,0,4.5,1,1,0,836655,-74.0,-100.5,1,0,,,Knuckleball,44.0,GLIDE,0,0,5,4,58,4,Outside Off stump,Short of Good Length,2,0,1,0,0,0,0,0,95.5,-10.42566704671474,8.34037059792253,-0.2674202911895317,2.101705805907981,,,,,,,8.73210392003215,0.201935037961273,0.6190931824804276,82.67047357593684,Attacked,Played,None,0.462478637695312,0.4535865783691406,8.366925,-0.237223,,,,,,,-8.938825,-0.169659,0.95469,-8.841153,-0.170596,0.945018,-12.92433204077593,-10.06032865509572,-0.158844255749858,1.060032068787561,0.3316880365940382,0.174795144480633,-1.0,-1.0,MAHARAJA-YADAVINDRA-SINGH-CRICKET-STADIUM-MULLANPUR,-1.0,,R,R,R,Sunrisers-Hyderabad,Rajasthan-Royals,Seam,1
2536,2,20,Sunrisers Hyderabad,Heinrich Klaasen,Jofra Archer,,5,6,4,4,4,0,0,0,0,0,0,0,0,0,1,0,0,,,0,4.6,1,1,0,836656,-196.5,110.0,4,0,,,Knuckleball,52.0,BACKFOOT COVERDRIVE,0,0,6,4,62,4,Outside Off stump,Short of Good Length,0,0,1,0,0,0,0,0,92.0667667367454,-13.6210033982385,8.340624119808073,-0.3666370065328451,2.106584642508775,,,,,,,10.02192649566356,0.1922726782757529,0.5655269020503589,75.60176747997855,Attacked,Played,None,0.495323181152344,0.4829864501953125,10.538116,-0.349893,,,,,,,-8.841641,-0.439224,1.328231,-8.84091,-0.439217,1.32816,-15.94001351808723,-10.0602532138738,-0.4514206495852509,1.439948003417531,-0.234151570147875,-0.5303911081112892,-1.0,-1.0,MAHARAJA-YADAVINDRA-SINGH-CRICKET-STADIUM-MULLANPUR,-1.0,,R,R,R,Sunrisers-Hyderabad,Rajasthan-Royals,Seam,1
2536,2,20,Sunrisers Hyderabad,Nitish Kumar Reddy,Brijesh Sharma,,6,1,1,1,1,1,0,0,0,0,0,0,0,0,0,0,0,,,0,5.1,1,1,0,836657,134.5,-20.5,1,0,,,Knuckleball,58.0,BACKFOOT PULL SHOT,0,0,1,5,63,4,Outside Off stump,Short Length,1,0,1,0,0,0,0,0,80.00216688737405,-15.09120325305604,8.341025733403768,-0.8690162495083307,1.83086740353214,,,,,,,10.42993775469697,0.1836419583425148,0.5477788810559235,73.80263632413704,Attacked,Played,None,0.577033996582031,0.52587890625,12.152303,-0.575033,,,,,,,-8.075375,-0.102274,1.353389,-8.840793,-0.07048,1.403874,-17.04438760497777,-10.05981857263281,-0.02107162935879078,1.46861670168889,-1.250766943259457,0.8472601156118302,-1.0,-1.0,MAHARAJA-YADAVINDRA-SINGH-CRICKET-STADIUM-MULLANPUR,-1.0,,R,R,R,Sunrisers-Hyderabad,Rajasthan-Royals,Seam,1
2536,2,20,Sunrisers Hyderabad,Heinrich Klaasen,Brijesh Sharma,,6,2,1,1,1,1,0,0,0,0,0,0,0,0,0,0,0,,,0,5.2,1,1,0,836658,13.5,148.5,1,0,,,Knuckleball,53.0,FRONTFOOT STRAIGHT DRIVE,0,0,2,5,64,4,Off stump,Good Length,0,0,1,0,0,0,0,0,84.4302363229698,-6.73943396458778,8.340526795652849,-0.7661976220657603,1.896853702269197,,,,,,,7.119745510344324,0.2059798732259907,0.6132304016095266,81.38657291882993,Attacked,Played,None,0.506870269775391,0.4830780029296875,6.184154,-0.231871,,,,,,,-8.437284,-0.008212,0.498672,-8.840522,0.011946,0.530238,-10.79843600703022,-10.0601249981936,0.07330936173277974,0.6153396128789475,-0.2290577471497837,0.3749796014982782,-1.0,-1.0,MAHARAJA-YADAVINDRA-SINGH-CRICKET-STADIUM-MULLANPUR,-1.0,,R,R,R,Sunrisers-Hyderabad,Rajasthan-Royals,Seam,1
2536,2,20,Sunrisers Hyderabad,Nitish Kumar Reddy,Brijesh Sharma,,6,3,0,0,0,0,0,0,1,0,0,0,0,0,0,0,0,,,0,5.3,1,1,0,836659,-72.0,41.0,0,0,,,Knuckleball,52.0,BACKFOOT COVERDRIVE,0,0,3,5,64,4,Outside Off stump,Short of Good Length,0,0,1,0,0,0,0,0,85.88929792981997,-8.779674625640594,8.341139858565718,-0.8571333083231482,1.821286327234707,,,,,,,7.855308762477486,0.1531749287337665,0.5655667042310898,79.51751276128682,Defended,Played,None,0.509914398193359,0.5008392333984375,8.995043,-0.60145,,,,,,,-8.971802,-0.267988,0.832342,-8.840916,-0.273679,0.823831,-12.97236286119137,-10.06027301306142,-0.2204299881772858,0.8962722840047033,-0.08920865706942684,0.8317956693858717,-1.0,-1.0,MAHARAJA-YADAVINDRA-SINGH-CRICKET-STADIUM-MULLANPUR,-1.0,,R,R,R,Sunrisers-Hyderabad,Rajasthan-Royals,Seam,1
2536,2,20,Sunrisers Hyderabad,Nitish Kumar Reddy,Brijesh Sharma,,6,4,1,1,1,1,0,0,0,0,0,0,0,0,0,0,0,,,0,5.4,1,1,0,836660,169.0,-13.5,1,0,,,Knuckleball,58.0,BACKFOOT PULL SHOT,0,0,4,5,65,4,Outside Off stump,Short of Good Length,0,0,1,0,0,0,0,0,84.29537424840996,-10.07196784366562,8.340923439124644,-0.8172568964159647,1.825219434939028,,,,,,,9.096739553706128,0.1515783885293576,0.6290341125288711,89.19727802639491,Attacked,Edged,None,0.524093627929688,0.5010566711425781,9.710949,-0.399608,,,,,,,-8.544828,0.02829,1.020576,-8.840859,0.044272,1.044145,-13.46758069529273,-10.06017839087291,0.1105076561315034,1.131261354503314,0.02498523712924436,0.1313448367895106,-1.0,-1.0,MAHARAJA-YADAVINDRA-SINGH-CRICKET-STADIUM-MULLANPUR,-1.0,,R,R,R,Sunrisers-Hyderabad,Rajasthan-Royals,Seam,1
2536,2,20,Sunrisers Hyderabad,Heinrich Klaasen,Brijesh Sharma,,6,5,4,4,4,0,0,0,0,0,0,0,0,0,1,0,0,,,0,5.5,1,1,0,836661,146.5,-109.0,4,0,,,Knuckleball,58.0,BACKFOOT PULL SHOT,0,0,5,5,69,4,Outside Leg stump,Short Length,0,0,1,0,0,0,0,0,73.10385797386239,-10.3778283922014,8.340636200497407,-0.8396773714217635,1.841357208036934,,,,,,,8.831298487921721,0.1959651315549691,0.5347807941045696,70.62060596018853,Attacked,Played,None,0.615154266357422,0.5692520141601562,10.29563,-0.068988,,,,,,,-8.05132,0.598142,0.8507,-8.840825,0.664073,0.877674,-14.98933245566155,-10.06002807689449,0.7667450565072964,0.9000769169792868,0.4746980968628539,-1.220833248762796,-1.0,-1.0,MAHARAJA-YADAVINDRA-SINGH-CRICKET-STADIUM-MULLANPUR,-1.0,,R,R,R,Sunrisers-Hyderabad,Rajasthan-Royals,Seam,1
2536,2,20,Sunrisers Hyderabad,Heinrich Klaasen,Brijesh Sharma,,6,6,2,2,2,0,1,0,0,0,0,0,0,0,0,0,0,,,0,5.6,1,1,0,836662,131.5,100.0,2,0,,,Knuckleball,58.0,BACKFOOT PULL SHOT,0,0,6,5,71,4,Outside Off stump,Short of Good Length,0,0,1,0,0,0,0,0,85.47869010440905,-10.22124741032088,8.340624100694306,-0.7295740950772452,1.853778699475066,,,,,,,8.997182987370064,0.2032676734115316,0.6392872857002724,85.5663255138877,Attacked,Played,None,0.520111083984375,0.4924392700195313,9.416794,-0.505415,,,,,,,-8.371143,-0.253319,0.965492,-8.840562,-0.237493,1.003371,-12.88437576960308,-10.06030511472741,-0.1960839262020679,1.090587842251861,-0.2633885771962217,0.5193557395626883,-1.0,-1.0,MAHARAJA-YADAVINDRA-SINGH-CRICKET-STADIUM-MULLANPUR,-1.0,,R,R,R,Sunrisers-Hyderabad,Rajasthan-Royals,Seam,1
2536,2,20,Sunrisers Hyderabad,Nitish Kumar Reddy,Yash Raj Punja,,7,1,1,1,1,1,0,0,0,0,0,0,0,0,0,0,0,,,0,6.1,1,1,0,836663,138.0,66.5,1,0,,,Knuckleball,58.0,BACKFOOT PULL SHOT,0,0,1,6,72,4,Outside Leg stump,Good Length,1,0,1,0,0,0,0,0,55.99813121380103,-3.645142628053916,8.341063752459142,-0.8527261850524434,2.310418293560591,,,,,,,12.86093608889751,0.3257215261427528,0.6091500825384323,68.80035976648956,Attacked,Played,None,0.782752990722656,0.754119873046875,5.996257,0.032964,,,,,,,-8.441662,0.127792,0.76416,-8.840821,0.13662,0.802593,-17.44909135890586,-10.060136775097,0.1637821009339724,0.8893765383359907,1.432712615815496,-3.611859900510868,-1.0,-1.0,MAHARAJA-YADAVINDRA-SINGH-CRICKET-STADIUM-MULLANPUR,-1.0,,R,R,R,Sunrisers-Hyderabad,Rajasthan-Royals,Spin,1
2536,2,20,Sunrisers Hyderabad,Heinrich Klaasen,Yash Raj Punja,,7,2,1,1,1,1,0,0,0,0,0,0,0,0,0,0,0,,,0,6.2,1,1,0,836664,-92.5,125.0,1,0,,,Knuckleball,6.0,BACKFOOT OFF DRIVE,0,0,2,6,73,4,Outside Off stump,Good Length,0,0,1,0,0,0,0,0,56.41250845612655,-3.210089306021976,8.34095205386128,-0.8951503545701627,2.313846124664797,,,,,,,12.79694889464281,0.3694367230438164,0.6088437106030901,64.38288428608188,Attacked,Played,None,0.782890319824219,0.7707138061523438,5.369431,-0.387661,,,,,,,-8.867458,-0.491631,0.726683,-8.840631,-0.490951,0.723934,-16.98284581134695,-10.06019401809306,-0.5220429626380039,0.825609200301823,-1.167462512349944,-3.016406083231074,-1.0,-1.0,MAHARAJA-YADAVINDRA-SINGH-CRICKET-STADIUM-MULLANPUR,-1.0,,R,R,R,Sunrisers-Hyderabad,Rajasthan-Royals,Spin,1
2536,2,20,Sunrisers Hyderabad,Nitish Kumar Reddy,Yash Raj Punja,,7,3,1 (WD),1,0,0,0,0,0,1,1,0,0,0,0,0,0,,,0,6.3,1,1,1,836665,-92.5,125.0,1,0,,,Knuckleball,22.0,FRONTFOOT PADDLE SWEEP,0,0,3,6,74,4,Outside Leg stump,Full Length,0,0,1,0,0,0,0,0,56.69969253351385,-1.960817573043008,8.34060637204822,-0.9124202325498756,2.355699593374663,,,,,,,11.85669732189408,0.3446906768934129,0.5812613416739845,62.72013356175638,Attacked,Missed,None,0.756328582763672,0.8140296936035156,4.029781,0.206848,,,,,,,-999.9,-999.9,-999.9,-8.840614,0.3174,0.512883,-16.84079141336273,-10.06007468284913,0.3662164807809968,0.649430510490713,0.8613599839648722,-2.676790267758383,-1.0,-1.0,MAHARAJA-YADAVINDRA-SINGH-CRICKET-STADIUM-MULLANPUR,-1.0,,R,R,R,Sunrisers-Hyderabad,Rajasthan-Royals,Spin,1
2536,2,20,Sunrisers Hyderabad,Nitish Kumar Reddy,Yash Raj Punja,,7,3,1,1,1,1,0,0,0,0,0,0,0,0,0,0,0,,,0,6.3,1,1,0,836666,135.5,75.5,1,0,,,Knuckleball,18.0,SLOG SHOT,0,0,4,6,75,4,Outside Off stump,Full Length,0,0,1,0,0,0,0,0,55.38996134207161,-1.998138208462493,8.34072249729767,-0.9117383195200848,2.319598838543107,,,,,,,12.29964452533695,0.2444933776569385,0.6218587406539341,78.82947333239628,Attacked,Played,None,0.78863525390625,0.6867713928222656,4.51336,-0.488767,,,,,,,-7.425163,-0.530801,0.39664,-8.840895,-0.562913,0.607889,-17.11644139320878,-10.06015111922015,-0.5908740995918675,0.7449824764158884,0.6853016465081908,-3.375032588320639,-1.0,-1.0,MAHARAJA-YADAVINDRA-SINGH-CRICKET-STADIUM-MULLANPUR,-1.0,,R,R,R,Sunrisers-Hyderabad,Rajasthan-Royals,Spin,1
2536,2,20,Sunrisers Hyderabad,Heinrich Klaasen,Yash Raj Punja,,7,4,6,6,6,0,0,0,0,0,0,0,0,0,0,1,0,,,0,6.4,1,1,0,836667,-154.5,175.0,6,0,,,Knuckleball,5.0,LOFTED OFF DRIVE,0,0,5,6,81,4,Outside Leg stump,Good Length,0,0,1,0,0,0,0,0,55.88678363105213,-3.041954100466457,8.3409869907323,-0.8281429807881516,2.306309434562365,,,,,,,12.99382680951394,0.3119399270167479,0.6235048727217218,72.3317382065835,Attacked,Played,None,0.782386779785156,0.7747077941894531,5.543306,0.118133,,,,,,,-9.036157,0.227298,0.794675,-8.840702,0.222488,0.773842,-17.34798033909254,-10.06001413093566,0.2526315051359618,0.8850477648524568,-0.2891652279938235,-2.697576417113391,-1.0,-1.0,MAHARAJA-YADAVINDRA-SINGH-CRICKET-STADIUM-MULLANPUR,-1.0,,R,R,R,Sunrisers-Hyderabad,Rajasthan-Royals,Spin,1
2536,2,20,Sunrisers Hyderabad,Heinrich Klaasen,Yash Raj Punja,,7,5,0 WK,W,0,0,0,0,1,0,0,0,0,0,0,0,1,Leg Before Wicket,WICKET,1,6.5,1,1,0,836668,-154.5,175.0,0,0,,,Knuckleball,56.0,REVERSE SWEEP,0,0,6,6,81,5,Middle stump,Good Length,1,0,1,0,0,0,0,0,57.16228927351541,-1.787184122395009,8.340511417683786,-0.7662651473611113,2.325655852971997,,,,,,,10.14921284661763,0.2101333441093667,0.5290960788638065,68.35107741863432,None,None,None,0.762039184570312,0.7262763977050781,4.205902,-0.086438,,,,,,,-8.740644,-0.073086,0.453866,-8.840886,-0.072617,0.464737,-16.97779759618991,-10.05997661682496,-0.0668794714926945,0.5767029583160388,-1.829603881839877,-1.514714794368375,-1.0,-1.0,MAHARAJA-YADAVINDRA-SINGH-CRICKET-STADIUM-MULLANPUR,-1.0,,R,R,R,Sunrisers-Hyderabad,Rajasthan-Royals,Spin,1
2536,2,20,Sunrisers Hyderabad,Salil Arora,Yash Raj Punja,,7,6,2,2,2,0,1,0,0,0,0,0,0,0,0,0,0,,,0,6.6,1,1,0,836669,-132.0,-20.0,2,0,https://scores.bcci.tv/matchcentre/commentaryFiles/TATA-IPL-2026/Sunrisers-Hyderabad-VS-Rajasthan-Royals-(27-May-2026)/File_2-7-836669.png,,Knuckleball,36.0,CUT SHOT,0,0,7,6,83,5,Outside Off stump,Good Length,2,0,1,0,0,0,0,0,55.32789481441816,-1.569121981376898,8.340664435110448,-1.002987997369722,2.326220371317568,,,,,,,12.97566411913006,0.3096837193244377,0.6202806617611112,72.0737273317229,Attacked,Played,None,0.788394927978516,0.7605514526367188,4.322309,-0.581446,,,,,,,-8.767988,-0.650765,0.596731,-8.840921,-0.652456,0.607048,-17.39205312141596,-10.060011976696,-0.6808772853692271,0.7554494812324093,0.4518206308383069,-3.24458943534129,-1.0,-1.0,MAHARAJA-YADAVINDRA-SINGH-CRICKET-STADIUM-MULLANPUR,-1.0,,R,R,R,Sunrisers-Hyderabad,Rajasthan-Royals,Spin,1
2536,2,20,Sunrisers Hyderabad,Nitish Kumar Reddy,Sushant Mishra,,8,1,4,4,4,0,0,0,0,0,0,0,0,0,1,0,0,,,0,7.1,1,1,0,836670,-81.5,-27.5,4,0,,,Knuckleball,15.0,LOFTED COVER DRIVE,0,0,1,7,87,5,Outside Off stump,Short of Good Length,3,0,1,0,0,0,0,0,86.32789481441806,-9.135138929297733,8.3409563332184,0.4367382274443579,1.770369823252083,,,,,,,9.391385826588293,0.1561724513974449,0.6682910111874911,94.62640653837917,Attacked,Played,None,0.507362365722656,0.4991340637207031,9.426235,-0.23378,,,,,,,-8.988349,-0.8848,1.071759,-8.840847,-0.872928,1.059142,-13.09090240695888,-10.06024326126285,-0.9715051590560602,1.156418882690414,-0.1001441773939944,0.009693969824587301,-1.0,-1.0,MAHARAJA-YADAVINDRA-SINGH-CRICKET-STADIUM-MULLANPUR,-1.0,,R,R,R,Sunrisers-Hyderabad,Rajasthan-Royals,Seam,1
2536,2,20,Sunrisers Hyderabad,Nitish Kumar Reddy,Sushant Mishra,,8,2,4,4,4,0,0,0,0,0,0,0,0,0,1,0,0,,,0,7.2,1,1,0,836671,154.0,-8.0,4,0,,,Knuckleball,58.0,BACKFOOT PULL SHOT,0,0,2,7,91,5,Outside Off stump,Short of Good Length,0,0,1,0,0,0,0,0,86.32789481441806,-11.17766084315761,8.340736598607332,0.4842651277024583,1.752175507107272,,,,,,,9.000799875310712,0.1977780859239862,0.5919771502198461,79.0187639405783,Attacked,Played,None,0.519046783447266,0.4959182739257813,10.608391,-0.127002,,,,,,,-8.530612,-0.859562,1.124784,-8.840579,-0.885539,1.149424,-13.87696683722789,-10.05996609095894,-0.988386970264131,1.237321256856797,-1.054733340746926,0.5766841670039745,-1.0,-1.0,MAHARAJA-YADAVINDRA-SINGH-CRICKET-STADIUM-MULLANPUR,-1.0,,R,R,R,Sunrisers-Hyderabad,Rajasthan-Royals,Seam,1
2536,2,20,Sunrisers Hyderabad,Nitish Kumar Reddy,Sushant Mishra,,8,3,1,1,1,1,0,0,0,0,0,0,0,0,0,0,0,,,0,7.3,1,1,0,836672,-81.5,-27.5,1,0,,,Knuckleball,44.0,GLIDE,0,0,3,7,92,5,Outside Leg stump,Short of Good Length,0,0,1,0,0,0,0,0,75.99436682712656,-9.844743962778848,8.340939277722498,0.4658724939017114,1.792912532435484,,,,,,,8.73584257952829,0.1849183746664143,0.5507119688353879,74.11495785866676,Attacked,Played,None,0.585800170898438,0.5636672973632812,10.230458,0.388461,,,,,,,-8.63739,0.115998,0.923303,-8.840846,0.110982,0.931789,-14.47768331864222,-10.06024758295028,0.0822427771727813,0.9703644319944619,0.09057547244219559,-1.601449078997988,-1.0,-1.0,MAHARAJA-YADAVINDRA-SINGH-CRICKET-STADIUM-MULLANPUR,-1.0,,R,R,R,Sunrisers-Hyderabad,Rajasthan-Royals,Seam,1
2536,2,20,Sunrisers Hyderabad,Salil Arora,Sushant Mishra,,8,4,1,1,1,1,0,0,0,0,0,0,0,0,0,0,0,,,0,7.4,1,1,0,836673,-156.5,19.0,1,0,,,Knuckleball,,,0,0,4,7,93,5,Outside Off stump,Good Length,0,0,1,0,0,0,0,0,88.07445011304083,-9.198539863599947,8.340836881444446,0.3771394749598406,1.792511733512441,,,,,,,8.551397492399511,0.2235448523169701,0.6402537979063693,83.68358445425838,Attacked,Played,None,0.502361297607422,0.48907470703125,9.027823,0.105423,,,,,,,-8.80076,-0.175763,0.928534,-8.841009,-0.177266,0.93171,-12.20161172349552,-10.06006387000184,-0.2230364958102405,1.020053285047687,-0.5361016868741457,-0.07270436982374158,-1.0,-1.0,MAHARAJA-YADAVINDRA-SINGH-CRICKET-STADIUM-MULLANPUR,-1.0,,R,R,R,Sunrisers-Hyderabad,Rajasthan-Royals,Seam,1
2536,2,20,Sunrisers Hyderabad,Nitish Kumar Reddy,Sushant Mishra,,8,5,2,2,2,0,1,0,0,0,0,0,0,0,0,0,0,,,0,7.5,1,1,0,836674,154.0,-8.0,2,0,,,Knuckleball,58.0,BACKFOOT PULL SHOT,0,0,5,7,95,5,Outside Leg stump,Short Length,0,0,1,0,0,0,0,0,74.59525375000912,-13.69026640527567,8.340821356686519,0.5037245723588387,1.694313235564119,,,,,,,11.47129677049394,0.1886070291470367,0.5882106910927526,79.37090074920923,Attacked,Played,None,0.622306823730469,0.5697097778320312,12.427196,0.331874,,,,,,,-7.882448,-0.186062,1.436914,-8.840809,-0.236799,1.491188,-17.35307080083277,-10.06025876448363,-0.3019687157496732,1.539228826585211,-0.02245650141497883,-1.115404891056949,-1.0,-1.0,MAHARAJA-YADAVINDRA-SINGH-CRICKET-STADIUM-MULLANPUR,-1.0,,R,R,R,Sunrisers-Hyderabad,Rajasthan-Royals,Seam,1
2536,2,20,Sunrisers Hyderabad,Nitish Kumar Reddy,Sushant Mishra,,8,6,1,1,1,1,0,0,0,0,0,0,0,0,0,0,0,,,0,7.6,1,1,0,836675,-86.5,162.5,1,0,,,Knuckleball,84.0,FRONTFOOT OFF DRIVE,0,0,6,7,96,5,Outside Off stump,Full Length,0,0,1,0,0,0,0,0,88.20000000000009,-5.199666750305129,8.340414282536333,0.373695713312721,1.860083634425147,,,,,,,6.44341421566409,0.1530407737505739,0.6128497518047615,86.62338539565684,Attacked,Played,None,0.479278564453125,0.4670562744140625,4.487728,-0.275857,,,,,,,-8.849448,-0.472938,0.354648,-8.840676,-0.472404,0.353903,-9.992418968273954,-10.05999952076239,-0.5469914071408171,0.4508140402183574,-0.4370753694855311,-0.4989044280121024,-1.0,-1.0,MAHARAJA-YADAVINDRA-SINGH-CRICKET-STADIUM-MULLANPUR,-1.0,,R,R,R,Sunrisers-Hyderabad,Rajasthan-Royals,Seam,1
2536,2,20,Sunrisers Hyderabad,Nitish Kumar Reddy,Yash Raj Punja,,9,1,1,1,1,1,0,0,0,0,0,0,0,0,0,0,0,,,0,8.1,1,1,0,836676,46.5,190.5,1,0,,,Knuckleball,47.0,FRONTFOOT ON DRIVE,0,0,1,8,97,5,Outside Leg stump,Full Length,1,0,1,0,0,0,0,0,55.09999999999999,0.4203419045650897,8.340534834251663,-0.8670270800108542,2.359302234992927,,,,,,,13.7446830147884,0.2974696681761658,0.6375239941421232,75.88163230370192,Attacked,Played,None,0.772476196289062,0.7160911560058594,2.805531,0.638817,,,,,,,-8.167764,0.69266,0.24037,-8.840794,0.732606,0.380791,-17.98722738115245,-10.0601339275981,0.8055675585161153,0.601006523977587,1.262072088463918,-2.814617186761932,-1.0,-1.0,MAHARAJA-YADAVINDRA-SINGH-CRICKET-STADIUM-MULLANPUR,-1.0,,R,R,R,Sunrisers-Hyderabad,Rajasthan-Royals,Spin,1
2536,2,20,Sunrisers Hyderabad,Salil Arora,Yash Raj Punja,,9,2,1,1,1,1,0,0,0,0,0,0,0,0,0,0,0,,,0,8.2,1,1,0,836677,61.5,96.5,1,0,,,Knuckleball,37.0,STEP DOWN FLICK,0,0,2,8,98,5,Middle stump,Good Length,0,0,1,0,0,0,0,0,57.87466627639662,-3.445687166834463,8.341083943570048,-0.8921969684864666,2.314962255170382,,,,,,,11.73011233595382,0.2899918129071791,0.5782603392720624,67.73986960009147,Attacked,Played,None,0.762016296386719,0.6441879272460938,5.669503,-0.10026,,,,,,,-6.930136,-0.040865,0.484113,-8.84059,0.004664,0.7114,-17.17370913205539,-10.06005153280882,0.03411971171493249,0.8049333767332276,0.718323358818914,-2.6069839561581,-1.0,-1.0,MAHARAJA-YADAVINDRA-SINGH-CRICKET-STADIUM-MULLANPUR,-1.0,,R,R,R,Sunrisers-Hyderabad,Rajasthan-Royals,Spin,1
2536,2,20,Sunrisers Hyderabad,Nitish Kumar Reddy,Yash Raj Punja,,9,3,4,4,4,0,0,0,0,0,0,0,0,0,1,0,0,,,0,8.3,1,1,0,836678,-178.5,128.0,4,0,,,Knuckleball,15.0,LOFTED COVER DRIVE,0,0,3,8,102,5,Leg stump,Good Length,0,1,2,0,0,1,0,0,57.14827767093638,-3.764200806272356,8.34056183362403,-0.8850749230785842,2.26433985475693,,,,,,,11.59004647633748,0.3033559466685446,0.5796848549472621,66.61713357523485,Attacked,Played,None,0.772132873535156,0.7576560974121094,5.965769,-0.088813,,,,,,,-8.895099,-0.016191,0.719832,-8.840877,-0.017028,0.715617,-16.86387050713004,-10.05989701025251,0.001885108319028994,0.7900372149282665,0.2054778186838825,-2.91962957860809,-1.0,-1.0,MAHARAJA-YADAVINDRA-SINGH-CRICKET-STADIUM-MULLANPUR,-1.0,,R,R,R,Sunrisers-Hyderabad,Rajasthan-Royals,Spin,1
2536,2,20,Sunrisers Hyderabad,Nitish Kumar Reddy,Yash Raj Punja,,9,4,0,0,0,0,0,0,1,0,0,0,0,0,0,0,0,,,0,8.4,1,1,0,836679,-85.0,44.5,0,0,,,Knuckleball,97.0,BACKFOOT PUSH,0,0,4,8,102,5,Outside Off stump,Good Length,0,0,2,0,0,0,0,0,56.91241506238729,-3.180148216996659,8.340520326033214,-0.8778004056834378,2.294746510816432,,,,,,,11.57823099773886,0.2528390187087612,0.5953121600382545,74.01292213486205,Defended,Played,None,0.762886047363281,0.7523574829101562,5.367497,-0.314896,,,,,,,-8.956974,-0.248704,0.682834,-8.840858,-0.250538,0.671464,-16.83186540637222,-10.05997992528752,-0.2311966641727035,0.7726380161159734,0.6064697148881119,-1.91510373847099,-1.0,-1.0,MAHARAJA-YADAVINDRA-SINGH-CRICKET-STADIUM-MULLANPUR,-1.0,,R,R,R,Sunrisers-Hyderabad,Rajasthan-Royals,Spin,1
2536,2,20,Sunrisers Hyderabad,Nitish Kumar Reddy,Yash Raj Punja,,9,5,6,6,6,0,0,0,0,0,0,0,0,0,0,1,0,,,0,8.5,1,1,0,836680,178.5,119.0,6,0,,,Knuckleball,58.0,BACKFOOT PULL SHOT,0,0,5,8,108,5,Outside Off stump,Good Length,0,0,2,0,0,0,0,0,56.33435369365309,-4.649593101177708,8.340694469253858,-0.8934482415323065,2.281298724732878,,,,,,,11.04802745929701,0.2630690404654322,0.5545381571154397,66.87381952077274,Attacked,Played,None,0.764190673828125,0.7319869995117188,6.604735,-0.250332,,,,,,,-8.207559,-0.159541,0.678861,-8.840923,-0.147165,0.718379,-17.13614393865058,-10.0601929935596,-0.123150606890801,0.7624832329240363,0.8722281581028464,-2.500440473480696,-1.0,-1.0,MAHARAJA-YADAVINDRA-SINGH-CRICKET-STADIUM-MULLANPUR,-1.0,,R,R,R,Sunrisers-Hyderabad,Rajasthan-Royals,Spin,1
2536,2,20,Sunrisers Hyderabad,Nitish Kumar Reddy,Yash Raj Punja,,9,6,6,6,6,0,0,0,0,0,0,0,0,0,0,1,0,,,0,8.6,1,1,0,836681,-146.5,-95.0,6,0,,,Knuckleball,56.0,REVERSE SWEEP,0,0,6,8,114,5,Outside Off stump,Good Length,0,0,2,0,0,0,0,0,57.10970251976594,-4.692831192105764,8.340771988052719,-0.9095875954060986,2.296623103285858,,,,,,,12.55456516659997,0.2791200520446175,0.6143969326952964,74.24753469983271,Attacked,Played,None,0.77545166015625,0.6800765991210938,6.637582,-0.201054,,,,,,,-7.349095,-0.058858,0.715633,-8.840691,-0.003585,0.867656,-17.33532544463222,-10.06010877570285,0.04213698014863931,0.9458053373454391,0.9632655294919313,-1.907022900159481,-1.0,-1.0,MAHARAJA-YADAVINDRA-SINGH-CRICKET-STADIUM-MULLANPUR,-1.0,,R,R,R,Sunrisers-Hyderabad,Rajasthan-Royals,Spin,1
2536,2,20,Sunrisers Hyderabad,Salil Arora,Brijesh Sharma,,10,1,6,6,6,0,0,0,0,0,0,0,0,0,0,1,0,,,0,9.1,1,1,0,836682,190.0,121.0,6,0,,,Knuckleball,11.0,LOFTED ON DRIVE,0,0,1,9,120,5,Leg stump,Full Length,1,0,2,0,0,0,0,0,88.66188,-5.260720692391663,8.34057397331172,0.391810822147897,1.857876354133006,,,,,,,6.424539227092579,0.192245270404898,0.6164082805535253,83.23671504253899,Attacked,Played,None,0.479278564453125,0.4675483703613281,4.456527,-0.280351,,,,,,,-999.9,-999.9,-999.9,-8.840701,-0.467227,0.35575,-9.804794945606789,-10.06021953952112,-0.5387704146142359,0.4518604917198053,-0.2618197283594632,-0.3709533980110173,-1.0,-1.0,MAHARAJA-YADAVINDRA-SINGH-CRICKET-STADIUM-MULLANPUR,-1.0,,R,R,R,Sunrisers-Hyderabad,Rajasthan-Royals,Seam,1
2536,2,20,Sunrisers Hyderabad,Salil Arora,Brijesh Sharma,,10,2,4,4,4,0,0,0,0,0,0,0,0,0,1,0,0,,,0,9.2,1,1,0,836683,185.5,91.0,4,0,,,Knuckleball,58.0,BACKFOOT PULL SHOT,0,0,2,9,124,5,Outside Off stump,Short of Good Length,0,0,2,0,0,0,0,0,69.15526387364562,-7.921044601080272,8.340897039191681,-0.8931744010707212,1.849662225582596,,,,,,,9.674975269631334,0.2673355297991145,0.5634248462955863,67.7801739644265,Attacked,Played,None,0.654052734375,0.6119384765625,9.47415,-0.53502,,,,,,,-8.222941,-0.087519,0.882321,-8.841005,-0.050029,0.905771,-15.02486462271742,-10.0598006813927,0.02448743463672454,0.9311023498892531,-0.3354364115523146,1.126070635942686,-1.0,-1.0,MAHARAJA-YADAVINDRA-SINGH-CRICKET-STADIUM-MULLANPUR,-1.0,,R,R,R,Sunrisers-Hyderabad,Rajasthan-Royals,Seam,1
2536,2,20,Sunrisers Hyderabad,Salil Arora,Brijesh Sharma,,10,3,1 (WD),1,0,0,0,0,0,1,1,0,0,0,0,0,0,,,0,9.3,1,1,1,836684,185.5,91.0,1,0,,,Knuckleball,105.0,LEFT ALONE,0,0,3,9,125,5,Wide outside Off stump,Good Length,0,0,2,0,0,0,0,0,68.5783885321841,-2.347149184098636,8.340481908085366,-0.8941020547905999,1.907080069456422,,,,,,,9.081038324650303,0.2682101928978669,0.623130653179812,76.64857868718511,None,None,None,0.623199462890625,0.6557807922363281,4.125767,-0.91888,,,,,,,-999.9,-999.9,-999.9,-8.840726,-0.945676,0.432905,-12.99361513847934,-10.05981757943522,-0.9571040211656288,0.5573152754446254,-1.325532007348391,0.2745123663954718,-1.0,-1.0,MAHARAJA-YADAVINDRA-SINGH-CRICKET-STADIUM-MULLANPUR,-1.0,,R,R,R,Sunrisers-Hyderabad,Rajasthan-Royals,Seam,1
2536,2,20,Sunrisers Hyderabad,Salil Arora,Brijesh Sharma,,10,3,1,1,1,1,0,0,0,0,0,0,0,0,0,0,0,,,0,9.3,1,1,0,836685,146.0,-20.5,1,0,,,Knuckleball,58.0,BACKFOOT PULL SHOT,0,0,4,9,126,5,Outside Off stump,Short Length,0,0,2,0,0,0,0,0,83.05434633866959,-13.63796462111918,8.340600610627213,-0.8645228641423426,1.819384362562602,,,,,,,10.49393670060126,0.1738566492050482,0.557921369988291,76.30254057773882,Attacked,Played,None,0.550815582275391,0.5205230712890625,11.829886,-0.528187,,,,,,,-8.320108,-0.152743,1.381875,-8.841066,-0.132499,1.421481,-16.95242674286893,-10.06017692793631,-0.08477495622756442,1.501276858601432,-0.03705874112635768,-0.864403878524573,-1.0,-1.0,MAHARAJA-YADAVINDRA-SINGH-CRICKET-STADIUM-MULLANPUR,-1.0,,R,R,R,Sunrisers-Hyderabad,Rajasthan-Royals,Seam,1
2536,2,20,Sunrisers Hyderabad,Nitish Kumar Reddy,Brijesh Sharma,,10,4,1,1,1,1,0,0,0,0,0,0,0,0,0,0,0,,,0,9.4,1,1,0,836686,106.5,119.5,1,0,,,Knuckleball,18.0,SLOG SHOT,0,0,5,9,127,5,Outside Off stump,Good Length,0,0,2,0,0,0,0,0,68.56247415899124,-5.438103514413744,8.341130425140339,-0.932138757470212,1.885716944534197,,,,,,,9.107690833577688,0.2149895769739873,0.5737914927730985,74.56976621856606,Attacked,Edged,None,0.639152526855469,0.6076126098632812,7.638923,-0.729141,,,,,,,-8.465319,-0.615392,0.719073,-8.841039,-0.608136,0.742006,-14.31842116618856,-10.06016984333844,-0.5844366138800161,0.7995172235595818,-0.7523553593806106,0.3636235258847713,-1.0,-1.0,MAHARAJA-YADAVINDRA-SINGH-CRICKET-STADIUM-MULLANPUR,-1.0,,R,R,R,Sunrisers-Hyderabad,Rajasthan-Royals,Seam,1
2536,2,20,Sunrisers Hyderabad,Salil Arora,Brijesh Sharma,,10,5,4,4,4,0,0,0,0,0,0,0,0,0,1,0,0,,,0,9.5,1,1,0,836687,-1.5,238.0,4,0,,,Knuckleball,13.0,LOFTED STRAIGHT,0,0,6,9,131,5,Outside Off stump,Full Length,0,0,2,0,0,0,0,0,67.93996168235147,-0.966043845831139,8.340658662067355,-0.8717113904739128,1.937825651702256,,,,,,,9.208518078396978,0.187544560016888,0.6224958652090767,84.6199237796727,Attacked,Played,None,0.623725891113281,0.59564208984375,2.906178000000001,-0.360446,,,,,,,-8.545088,-0.313847,0.244191,-8.841025,-0.30387,0.28495,-13.56392057613866,-10.06011636173274,-0.2625242666592543,0.4377884005032718,-0.872563927455503,0.4810886709508315,-1.0,-1.0,MAHARAJA-YADAVINDRA-SINGH-CRICKET-STADIUM-MULLANPUR,-1.0,,R,R,R,Sunrisers-Hyderabad,Rajasthan-Royals,Seam,1
2536,2,20,Sunrisers Hyderabad,Salil Arora,Brijesh Sharma,,10,6,1,1,1,1,0,0,0,0,0,0,0,0,0,0,0,,,0,9.6,1,1,0,836688,-108.0,63.0,1,0,,,Knuckleball,27.0,FORWARD PUSH,0,0,7,9,132,5,Outside Off stump,Full Length,0,0,2,0,0,0,0,0,85.1595397864319,-5.370721176620173,8.3411326891964,-0.8479351547925092,1.89434979771401,,,,,,,7.100465349325703,0.1393645432742268,0.6881421511567638,99.2848683460919,Attacked,Played,None,0.495677947998047,0.4969482421875,4.241936,-0.336102,,,,,,,-9.161803,-0.222928,0.392292,-8.840886,-0.233914,0.361811,-9.848766557397834,-10.06033999707795,-0.1920221406941757,0.4723073991963491,-0.6769257461235227,0.2019133748558183,-1.0,-1.0,MAHARAJA-YADAVINDRA-SINGH-CRICKET-STADIUM-MULLANPUR,-1.0,,R,R,R,Sunrisers-Hyderabad,Rajasthan-Royals,Seam,1
2536,2,20,Sunrisers Hyderabad,Salil Arora,Ravindra Jadeja,,11,1,1,1,1,1,0,0,0,0,0,0,0,0,0,0,0,,,0,10.1,1,1,0,836689,-144.5,56.0,1,0,,,Knuckleball,52.0,BACKFOOT COVERDRIVE,0,0,1,10,133,5,Outside Off stump,Good Length,1,0,2,0,0,0,0,0,61.46104838043281,-6.229770541978121,8.340696055529197,-0.8667564609166352,2.122831234894296,,,,,,,9.732838341577684,0.2844778781692483,0.5579585084705696,65.24598845366062,Attacked,Played,None,0.722579956054688,0.6918869018554688,7.224469,-0.463116,,,,,,,-8.574783,-0.491118,0.670396,-8.840761,-0.492448,0.681978,-15.15202673937709,-10.0600638512972,-0.4985869658879293,0.713577279625933,0.7344657438226986,-2.722492301638185,-1.0,-1.0,MAHARAJA-YADAVINDRA-SINGH-CRICKET-STADIUM-MULLANPUR,-1.0,,R,R,L,Sunrisers-Hyderabad,Rajasthan-Royals,Spin,1
2536,2,20,Sunrisers Hyderabad,Nitish Kumar Reddy,Ravindra Jadeja,,11,2,2,2,2,0,1,0,0,0,0,0,0,0,0,0,0,,,0,10.2,1,1,0,836690,108.0,105.0,2,0,,,Knuckleball,40.0,FRONTFOOT FLICK,0,0,2,10,135,5,Off stump,Good Length,0,0,2,0,0,0,0,0,61.50609523784172,-4.18830470991625,8.340671977133447,-0.9179535786637013,2.12057072023271,,,,,,,9.712367494943408,0.234816171538251,0.6078850507124588,77.7011404530437,Attacked,Played,None,0.703777313232422,0.6562728881835938,5.361965,-0.219589,,,,,,,-8.194037,-0.116449,0.511774,-8.840915,-0.097044,0.571985,-14.30275624830289,-10.06002748908872,-0.06019385870958557,0.6607918914440551,1.282968108261862,-2.06881402030394,-1.0,-1.0,MAHARAJA-YADAVINDRA-SINGH-CRICKET-STADIUM-MULLANPUR,-1.0,,R,R,L,Sunrisers-Hyderabad,Rajasthan-Royals,Spin,1
2536,2,20,Sunrisers Hyderabad,Nitish Kumar Reddy,Ravindra Jadeja,,11,3,1,1,1,1,0,0,0,0,0,0,0,0,0,0,0,,,0,10.3,1,1,0,836691,-105.5,141.0,1,0,,,Knuckleball,6.0,BACKFOOT OFF DRIVE,0,0,3,10,136,5,Leg stump,Good Length,0,0,2,0,0,0,0,0,52.45335329296322,-2.598130970528676,8.340587117745848,-0.8769953322600352,2.080996524469752,,,,,,,12.13322040645382,0.3779045838228521,0.5897000337115905,60.66454667445337,Attacked,Played,None,0.855537414550781,0.8342399597167969,6.168482,-0.120259,,,,,,,-8.867096,-0.098013,0.690036,-8.84085,-0.098133,0.688888,-16.69215930206956,-10.06005591396264,-0.09252981801142644,0.7151015940273698,1.230049715041476,-3.929354748449426,-1.0,-1.0,MAHARAJA-YADAVINDRA-SINGH-CRICKET-STADIUM-MULLANPUR,-1.0,,R,R,L,Sunrisers-Hyderabad,Rajasthan-Royals,Spin,1
2536,2,20,Sunrisers Hyderabad,Salil Arora,Ravindra Jadeja,,11,4,1,1,1,1,0,0,0,0,0,0,0,0,0,0,0,,,0,10.4,1,1,0,836692,121.5,113.5,1,0,,,Knuckleball,97.0,BACKFOOT PUSH,0,0,4,10,137,5,Off stump,Good Length,0,0,2,0,0,0,0,0,58.64442905485116,-5.398558221793645,8.340767372063702,-0.7729504855143571,2.057571408724972,,,,,,,10.05520315340904,0.2817187475153242,0.5700719067669774,67.33891126351418,Attacked,Played,None,0.762725830078125,0.7109413146972656,7.248928,-0.16566,,,,,,,-8.30246,-0.039838,0.66523,-8.84102,-0.027184,0.686496,-15.3247623820535,-10.06015180654011,0.001676235564629813,0.7067307364292077,1.678959593989051,-2.70549809977075,-1.0,-1.0,MAHARAJA-YADAVINDRA-SINGH-CRICKET-STADIUM-MULLANPUR,-1.0,,R,R,L,Sunrisers-Hyderabad,Rajasthan-Royals,Spin,1
2536,2,20,Sunrisers Hyderabad,Nitish Kumar Reddy,Ravindra Jadeja,,11,5,0 WK,W,0,0,0,0,1,0,0,0,0,0,0,0,1,Caught,WICKET,1,10.5,1,1,0,836693,134.5,98.0,0,0,,,Knuckleball,11.0,LOFTED ON DRIVE,0,0,5,10,137,6,Outside Off stump,Good Length,1,0,2,0,0,0,0,0,62.0737418348692,-3.779180598990027,8.340674197037643,-1.130718421415475,1.927258765805818,,,,,,,9.959421009456978,0.3426026306849483,0.6156679246546289,68.08992562969951,None,None,None,0.710826873779297,0.6381340026855469,6.021158,-0.383367,,,,,,,-7.696138,-0.244696,0.538983,-8.840989,-0.2004,0.633953,-13.86776555863043,-10.06006430080755,-0.1527496403596862,0.7012619361919296,1.659916473115348,-2.180832765882744,-1.0,-1.0,MAHARAJA-YADAVINDRA-SINGH-CRICKET-STADIUM-MULLANPUR,-1.0,,R,R,L,Sunrisers-Hyderabad,Rajasthan-Royals,Spin,1
2536,2,20,Sunrisers Hyderabad,Pat Cummins,Ravindra Jadeja,,11,6,1,1,1,1,0,0,0,0,0,0,0,0,0,0,0,,,0,10.6,1,1,0,836694,-29.5,-76.5,1,0,,,Knuckleball,35.0,LATE CUT,0,0,6,10,138,6,Off stump,Good Length,2,0,2,0,0,0,0,0,52.09045117076369,-2.79630422640949,8.340594032193582,-0.8029404717866357,1.990655385612053,,,,,,,12.07064710561896,0.3548867603223617,0.603045710474651,64.96818053896149,Attacked,Played,None,0.849884033203125,0.827728271484375,6.722108,-0.120826,,,,,,,-8.813097,-0.113875,0.726058,-8.840654,-0.113839,0.726952,-16.48236006863495,-10.06007205410215,-0.1122437645891041,0.7391515615832637,1.667572503082489,-4.138557839116547,-1.0,-1.0,MAHARAJA-YADAVINDRA-SINGH-CRICKET-STADIUM-MULLANPUR,-1.0,,R,R,L,Sunrisers-Hyderabad,Rajasthan-Royals,Spin,1
2536,2,20,Sunrisers Hyderabad,Pat Cummins,Sushant Mishra,,12,1,1 (WD),1,0,0,0,0,0,1,1,0,0,0,0,0,0,,,0,11.1,1,1,1,836695,-29.5,-76.5,1,0,,,Knuckleball,36.0,CUT SHOT,0,0,1,11,139,6,Wide outside Off stump,Good Length,3,0,2,0,0,0,0,0,86.95357710220242,-8.983529210458316,8.340423920200973,0.4050608113933026,1.789701676033606,,,,,,,7.743389865557011,0.1338206915628224,0.5811060495822319,83.78383828105254,Attacked,Missed,None,0.501411437988281,0.5247001647949219,9.116393,-0.302325,,,,,,,-999.9,-999.9,-999.9,-8.840943,-0.992422,0.870146,-12.56780579606192,-10.06021089992623,-1.102822027385212,0.9548129804327692,-0.5984288851874481,-0.1805425764705689,-1.0,-1.0,MAHARAJA-YADAVINDRA-SINGH-CRICKET-STADIUM-MULLANPUR,-1.0,,R,R,R,Sunrisers-Hyderabad,Rajasthan-Royals,Seam,1
2536,2,20,Sunrisers Hyderabad,Pat Cummins,Sushant Mishra,,12,1,0 WK,W,0,0,0,0,1,0,0,0,0,0,0,0,1,Caught,WICKET,1,11.1,1,1,0,836696,87.0,184.5,0,0,,,Knuckleball,58.0,BACKFOOT PULL SHOT,0,0,2,11,139,7,Outside Off stump,Short of Good Length,4,0,2,0,0,0,0,0,85.47328974437285,-12.37897463339377,8.340857687087897,-1.128536258477574,1.797746170629659,,,,,,,9.13905056847873,0.1553515873815839,0.602471247705498,84.8355284176663,None,None,None,0.517181396484375,0.4763946533203125,10.88764,-0.806919,,,,,,,-7.962959,-0.456147,1.107617,-8.84058,-0.419755,1.174026,-14.05782208857455,-10.0602419655221,-0.3687405657154008,1.252928741700193,-0.3564051980108128,-0.05952340082224694,-1.0,-1.0,MAHARAJA-YADAVINDRA-SINGH-CRICKET-STADIUM-MULLANPUR,-1.0,,R,R,R,Sunrisers-Hyderabad,Rajasthan-Royals,Seam,1
2536,2,20,Sunrisers Hyderabad,Shivang Kumar,Sushant Mishra,,12,2,1 (WD),1,0,0,0,0,0,1,1,0,0,0,0,0,0,,,0,11.2,1,1,1,836697,87.0,184.5,1,0,,,Knuckleball,105.0,LEFT ALONE,0,0,3,11,140,7,Outside Off stump,Short Length,5,0,2,0,0,0,0,0,84.57480525382307,-22.38930259472145,8.340538764577218,-0.9553483368134524,1.624619010521535,,,,,,,14.7533181955649,0.1489026171345198,0.4930980608903157,69.07444742009538,None,None,None,0.592632293701172,0.6228446960449219,14.792186,-0.703161,,,,,,,-999.9,-999.9,-999.9,-8.840922,-0.105164,2.553762,-25.54921905014406,-10.06018436157809,-0.06168968734866545,2.665146788628281,0.1487497722919393,-1.167334693021526,-1.0,-1.0,MAHARAJA-YADAVINDRA-SINGH-CRICKET-STADIUM-MULLANPUR,-1.0,,R,R,R,Sunrisers-Hyderabad,Rajasthan-Royals,Seam,1
2536,2,20,Sunrisers Hyderabad,Shivang Kumar,Sushant Mishra,,12,2,0,0,0,0,0,0,1,0,0,0,0,0,0,0,0,,,0,11.2,1,1,0,836698,87.0,184.5,0,0,,38.0,STRAIGHT BALL,27.0,FORWARD PUSH,0,0,4,11,140,7,Outside Off stump,Yorker,0,0,2,0,0,0,0,0,88.98447224201836,-3.954608096510398,8.340840931839232,-1.14676113833427,1.866382839533995,,,,,,,6.041391909573175,0.04048748926204979,0.6381420543951919,101.6725592330738,Attacked,Missed,None,0.472206115722656,0.4965362548828125,2.305575,-0.745785,,,,,,,-999.9,-999.9,-999.9,-8.840681,-0.743869,0.142461,-9.31686656849525,-10.06003634697436,-0.7417003149020285,0.2547744544101881,-1.225460612054283,-0.6762092756116587,-1.0,-1.0,MAHARAJA-YADAVINDRA-SINGH-CRICKET-STADIUM-MULLANPUR,-1.0,,R,R,R,Sunrisers-Hyderabad,Rajasthan-Royals,Seam,1
2536,2,20,Sunrisers Hyderabad,Shivang Kumar,Sushant Mishra,,12,3,0,0,0,0,0,0,1,0,0,0,0,0,0,0,0,,,0,11.3,1,1,0,836699,87.0,184.5,0,0,,,Knuckleball,105.0,LEFT ALONE,0,0,5,11,140,7,Outside Off stump,Short Length,0,0,2,0,0,0,0,0,84.23826214888375,-16.40267150283461,8.340426952797891,-1.161497643024349,1.681479890037853,,,,,,,10.43027068553832,0.183393974652094,0.5013297312429432,66.86006222123208,None,None,None,0.547920227050781,0.575225830078125,13.18205,-0.91933,,,,,,,-999.9,-999.9,-999.9,-8.841015,-0.567658,1.553926,-18.45769679274812,-10.06028323223594,-0.5297859585464384,1.620695333162,0.4415555957915134,-1.278331501125588,-1.0,-1.0,MAHARAJA-YADAVINDRA-SINGH-CRICKET-STADIUM-MULLANPUR,-1.0,,R,R,R,Sunrisers-Hyderabad,Rajasthan-Royals,Seam,1
2536,2,20,Sunrisers Hyderabad,Shivang Kumar,Sushant Mishra,,12,4,1,1,1,1,0,0,0,0,0,0,0,0,0,0,0,,,0,11.4,1,1,0,836700,-132.5,-23.0,1,0,,,Knuckleball,27.0,FORWARD PUSH,0,0,6,11,141,7,Outside Off stump,Good Length,0,0,2,0,0,0,0,0,86.2382621488838,-7.838944917747113,8.341146557939727,-1.100925577240282,1.805439693986306,,,,,,,7.510841689900897,0.2054994571968351,0.5987498565801096,79.26253276733293,Attacked,Played,None,0.503562927246094,0.4847946166992188,7.966005,-0.577362,,,,,,,-8.654181,-0.323489,0.697566,-8.840965,-0.316066,0.710589,-11.60907498051858,-10.06035640891983,-0.267326170769725,0.7868421760475799,-0.3423701400919,-0.5329538806512822,-1.0,-1.0,MAHARAJA-YADAVINDRA-SINGH-CRICKET-STADIUM-MULLANPUR,-1.0,,R,R,R,Sunrisers-Hyderabad,Rajasthan-Royals,Seam,1
2536,2,20,Sunrisers Hyderabad,Salil Arora,Sushant Mishra,,12,5,3,3,3,0,0,1,0,0,0,0,0,0,0,0,0,,,0,11.5,1,1,0,836701,-143.5,-70.0,3,0,,,Knuckleball,44.0,GLIDE,0,0,7,11,144,7,Outside Off stump,Full Toss,0,0,2,0,0,0,0,0,87.12803572820123,-0.02418779540016843,8.34116235448176,-1.192973030237562,1.918837586244868,,,,,,,6.415527624513708,0.1845218324682546,0.6499999999999997,89.0478167531745,Attacked,Played,None,0.476463317871094,0.47021484375,-6.567523000000001,-0.280242,,,,,,,-8.921873,-0.566045,1.065614,-8.841101,-0.569022,1.074027,-9.332506283992398,-10.0602853433634,-0.5240396519106966,0.9420371572224762,0.08917781786379393,0.0,-1.0,-1.0,MAHARAJA-YADAVINDRA-SINGH-CRICKET-STADIUM-MULLANPUR,-1.0,,R,R,R,Sunrisers-Hyderabad,Rajasthan-Royals,Seam,1
2536,2,20,Sunrisers Hyderabad,Shivang Kumar,Sushant Mishra,,12,6,1,1,1,1,0,0,0,0,0,0,0,0,0,0,0,,,0,11.6,1,1,0,836702,-96.5,-95.0,1,0,,,Knuckleball,44.0,GLIDE,0,0,8,11,145,7,Outside Leg stump,Short of Good Length,0,0,2,0,0,0,0,0,85.53638804166293,-9.176510678100456,8.340722978962216,0.4073248478727245,1.762649194739681,,,,,,,8.795458388961778,0.2076426382151285,0.6840199817726917,91.83873344439091,Attacked,Played,None,0.509983062744141,0.4814643859863281,9.041733,0.064219,,,,,,,-8.71358,-0.206237,0.969272,-8.84081,-0.21085,0.980212,-11.84505179614331,-10.06003604908335,-0.2553059401589224,1.076966700640779,-1.045177276000519,0.6866427047151061,-1.0,-1.0,MAHARAJA-YADAVINDRA-SINGH-CRICKET-STADIUM-MULLANPUR,-1.0,,R,R,R,Sunrisers-Hyderabad,Rajasthan-Royals,Seam,1
2536,2,20,Sunrisers Hyderabad,Shivang Kumar,Ravindra Jadeja,,13,1,1,1,1,1,0,0,0,0,0,0,0,0,0,0,0,,,0,12.1,1,1,0,836703,-75.5,150.0,1,0,,,Knuckleball,27.0,FORWARD PUSH,0,0,1,12,146,7,Middle stump,Good Length,1,0,2,0,0,0,0,0,50.23816991768873,0.01126337851806501,8.340790335709606,-0.7965821994746296,2.146610700288923,,,,,,,13.84984233052646,0.3524554486961638,0.6319149707126188,69.54170073727646,Attacked,Played,None,0.873813629150391,0.7666053771972656,4.446127,-0.074339,,,,,,,-7.561748,-0.081392,0.442471,-8.840947,-0.086091,0.635129,-17.71251975348557,-10.0598415094897,-0.09061901471599301,0.7593102475137975,1.761341314124695,-4.090750476360136,-1.0,-1.0,MAHARAJA-YADAVINDRA-SINGH-CRICKET-STADIUM-MULLANPUR,-1.0,,R,R,L,Sunrisers-Hyderabad,Rajasthan-Royals,Spin,1
2536,2,20,Sunrisers Hyderabad,Salil Arora,Ravindra Jadeja,,13,2,0,0,0,0,0,0,1,0,0,0,0,0,0,0,0,,,0,12.2,1,1,0,836704,-112.0,49.0,0,0,,,Knuckleball,89.0,STEP DOWN COVER DRIVE,0,0,2,12,146,7,Wide outside Off stump,Good Length,0,0,2,0,0,0,0,0,65.35323929485513,-4.815972984290686,8.341098480258403,-0.9206625875903729,2.094105183205317,,,,,,,8.362203596587088,0.2862280163219952,0.5314029827506176,61.08764578039312,Defended,Played,None,0.666721343994141,0.5921287536621094,5.657518,-0.959034,,,,,,,-7.52017,-1.052542,0.402307,-8.840851,-1.092878,0.503314,-13.85302372224244,-10.06020859634647,-1.130513757495038,0.5658216781608574,0.4647191158390188,-1.767240793273715,-1.0,-1.0,MAHARAJA-YADAVINDRA-SINGH-CRICKET-STADIUM-MULLANPUR,-1.0,,R,R,L,Sunrisers-Hyderabad,Rajasthan-Royals,Spin,1
2536,2,20,Sunrisers Hyderabad,Salil Arora,Ravindra Jadeja,,13,3,0,0,0,0,0,0,1,0,0,0,0,0,0,0,0,,,0,12.3,1,1,0,836705,-73.0,45.0,0,0,,,Knuckleball,52.0,BACKFOOT COVERDRIVE,0,0,3,12,146,7,Outside Off stump,Good Length,0,0,2,0,0,0,0,0,62.35888785999738,-4.478668366320196,8.340793636435045,-1.091220190988829,1.932793661559345,,,,,,,8.334394888497462,0.2585222825234885,0.5284980252120356,63.42247552945649,Defended,Played,None,0.7001953125,0.6740798950195312,6.605072,-0.639014,,,,,,,-8.648949,-0.516312,0.533226,-8.840963,-0.511676,0.540849,-14.04190740332311,-10.05996956550534,-0.4820687743837367,0.5705169597611417,1.476548231055492,-1.63873098594104,-1.0,-1.0,MAHARAJA-YADAVINDRA-SINGH-CRICKET-STADIUM-MULLANPUR,-1.0,,R,R,L,Sunrisers-Hyderabad,Rajasthan-Royals,Spin,1
2536,2,20,Sunrisers Hyderabad,Salil Arora,Ravindra Jadeja,,13,4,0,0,0,0,0,0,1,0,0,0,0,0,0,0,0,,,0,12.4,1,1,0,836706,-92.5,-14.5,0,0,,,Knuckleball,36.0,CUT SHOT,0,0,4,12,146,7,Outside Off stump,Good Length,0,0,2,0,0,0,0,0,57.27961484445945,-3.867293285681813,8.34087434507007,-0.871580250162809,2.051477584500761,,,,,,,10.10635422281563,0.312474577163127,0.5596550856220822,62.70080512699964,Defended,Played,None,0.761054992675781,0.7760696411132812,6.368495,-0.526056,,,,,,,-9.306464,-0.559943,0.636669,-8.840866,-0.557071,0.619138,-15.42480056388601,-10.06001550750369,-0.5646151086428794,0.652084175251605,1.260957939160291,-2.639669971236877,-1.0,-1.0,MAHARAJA-YADAVINDRA-SINGH-CRICKET-STADIUM-MULLANPUR,-1.0,,R,R,L,Sunrisers-Hyderabad,Rajasthan-Royals,Spin,1
2536,2,20,Sunrisers Hyderabad,Salil Arora,Ravindra Jadeja,,13,5,1,1,1,1,0,0,0,0,0,0,0,0,0,0,0,,,0,12.5,1,1,0,836707,-161.5,68.0,1,0,,,Knuckleball,51.0,FRONTFOOT COVERDRIVE,0,0,5,12,147,7,Outside Off stump,Full Length,0,0,2,0,0,0,0,0,53.74104663007316,-1.572654302758291,8.340557556179924,-0.9617858606816907,2.080075955171887,,,,,,,11.18159874237605,0.3014895429387088,0.5875811365239071,67.9882161847152,Attacked,Played,None,0.81976318359375,0.7606773376464844,4.974455,-0.625594,,,,,,,-8.346335,-0.65263,0.524127,-8.840766,-0.656795,0.570548,-16.16992899084791,-10.05990559357789,-0.667140622512622,0.6522840724167135,1.402949673176308,-2.63754454645873,-1.0,-1.0,MAHARAJA-YADAVINDRA-SINGH-CRICKET-STADIUM-MULLANPUR,-1.0,,R,R,L,Sunrisers-Hyderabad,Rajasthan-Royals,Spin,1
2536,2,20,Sunrisers Hyderabad,Shivang Kumar,Ravindra Jadeja,,13,6,1,1,1,1,0,0,0,0,0,0,0,0,0,0,0,,,0,12.6,1,1,0,836708,-98.5,132.5,1,0,,,Knuckleball,84.0,FRONTFOOT OFF DRIVE,0,0,6,12,148,7,Leg stump,Good Length,0,0,2,0,0,0,0,0,43.55051392490668,2.013517837444692,8.340962095712683,-0.7788311680187566,2.171837781694649,,,,,,,15.65702320599625,0.3755464238183184,0.5856430474869371,60.29181474120873,Attacked,Played,None,1.02629470825195,0.9530067443847656,4.974718,-0.043553,,,,,,,-8.201313,-0.085366,0.641743,-8.840887,-0.0941,0.698021,-20.46998999992472,-10.06005183518486,-0.1108969258708382,0.7377795920478248,1.498196862049995,-4.675225558488241,-1.0,-1.0,MAHARAJA-YADAVINDRA-SINGH-CRICKET-STADIUM-MULLANPUR,-1.0,,R,R,L,Sunrisers-Hyderabad,Rajasthan-Royals,Spin,1
2536,2,20,Sunrisers Hyderabad,Shivang Kumar,Yash Raj Punja,,14,1,1,1,1,1,0,0,0,0,0,0,0,0,0,0,0,,,0,13.1,1,1,0,836709,161.5,71.5,1,0,,,Knuckleball,58.0,BACKFOOT PULL SHOT,0,0,1,13,149,7,Outside Off stump,Good Length,1,0,2,0,0,0,0,0,57.78782947638125,-5.300374753022149,8.340735291731157,-0.927624852664372,2.256878430636172,,,,,,,13.2982856814437,0.4704169256903107,0.5994118936870444,52.87009148402559,Attacked,Played,None,0.778152465820312,0.7567977905273438,6.934907,-0.400777,,,,,,,-8.301503,-0.044588,0.836086,-8.840806,-0.006451,0.868747,-16.90431575250562,-10.06013434762208,0.08052128901333833,0.9046154848513851,0.1195559877398202,1.149819973859027,-1.0,-1.0,MAHARAJA-YADAVINDRA-SINGH-CRICKET-STADIUM-MULLANPUR,-1.0,,R,R,R,Sunrisers-Hyderabad,Rajasthan-Royals,Spin,1
2536,2,20,Sunrisers Hyderabad,Salil Arora,Yash Raj Punja,,14,2,1 (WD),1,0,0,0,0,0,1,1,0,0,0,0,0,0,,,0,13.2,1,1,1,836710,161.5,71.5,1,0,,,Knuckleball,105.0,LEFT ALONE,0,0,2,13,150,7,Outside Leg stump,Full Length,0,1,3,0,0,0,0,0,56.40730759773617,0.8001852587743099,8.340907816735236,-0.8433522366041245,2.377429144360411,,,,,,,13.15344676064478,0.2656670439926691,0.6369916147521567,78.9820378135566,Attacked,Missed,None,0.750572204589844,0.7940139770507812,1.853966,0.602632,,,,,,,-999.9,-999.9,-999.9,-8.841008,0.637413,0.170481,-17.61453151137413,-10.05991786209691,0.7046971819802681,0.414518574801875,1.160796008300343,-2.475779872931132,-1.0,-1.0,MAHARAJA-YADAVINDRA-SINGH-CRICKET-STADIUM-MULLANPUR,-1.0,,R,R,R,Sunrisers-Hyderabad,Rajasthan-Royals,Spin,1
2536,2,20,Sunrisers Hyderabad,Salil Arora,Yash Raj Punja,,14,2,1,1,1,1,0,0,0,0,0,0,0,0,0,0,0,,,0,13.2,1,1,0,836711,-130.0,121.0,1,0,,,Knuckleball,5.0,LOFTED OFF DRIVE,0,0,3,13,151,7,Outside Off stump,Good Length,0,0,3,0,0,0,0,0,51.3340134308165,-2.339431507754871,8.340542845561185,-0.8956135000252651,2.304860287674682,,,,,,,13.93403003328171,0.4175314066914431,0.6093565917976812,59.65034810050788,Attacked,Edged,None,0.862987518310547,0.7218475341796875,5.302661,-0.276503,,,,,,,-7.582191,-0.332065,0.595842,-8.840668,-0.357291,0.761333,-17.75265849880991,-10.06009340719528,-0.3820210156050312,0.8672302764089986,0.9973068979306221,-4.338819118440775,-1.0,-1.0,MAHARAJA-YADAVINDRA-SINGH-CRICKET-STADIUM-MULLANPUR,-1.0,,R,R,R,Sunrisers-Hyderabad,Rajasthan-Royals,Spin,1
2536,2,20,Sunrisers Hyderabad,Shivang Kumar,Yash Raj Punja,,14,3,0,0,0,0,0,0,1,0,0,0,0,0,0,0,0,,,0,13.3,1,1,0,836712,-9.0,79.5,0,0,,,Knuckleball,97.0,BACKFOOT PUSH,0,0,4,13,151,7,Off stump,Good Length,0,0,3,0,0,0,0,0,55.16429701801981,-2.088032699001843,8.340858182252415,-0.923706278830281,2.320516716903617,,,,,,,12.35915288008694,0.2651705382620797,0.5902443497127954,72.01959863071134,Defended,Played,None,0.795707702636719,0.7787704467773438,5.110857,-0.139463,,,,,,,-9.004646,-0.038792,0.694722,-8.840788,-0.042926,0.676927,-17.83147674550277,-10.06013146067311,-0.01201982458944292,0.7903373504553978,1.12866772877569,-2.567811561606584,-1.0,-1.0,MAHARAJA-YADAVINDRA-SINGH-CRICKET-STADIUM-MULLANPUR,-1.0,,R,R,R,Sunrisers-Hyderabad,Rajasthan-Royals,Spin,1
2536,2,20,Sunrisers Hyderabad,Shivang Kumar,Yash Raj Punja,,14,4,1,1,1,1,0,0,0,0,0,0,0,0,0,0,0,,,0,13.4,1,1,0,836713,117.5,103.5,1,0,,,Knuckleball,58.0,BACKFOOT PULL SHOT,0,0,5,13,152,7,Outside Leg stump,Good Length,0,0,3,0,0,0,0,0,54.49022766191374,-3.260879017960536,8.34076408254366,-0.9504392589270434,2.301499415674472,,,,,,,11.81953844120576,0.3168252757742782,0.5435768197080171,59.85399537877475,Attacked,Played,None,0.806419372558594,0.7877426147460938,6.126519,-0.065984,,,,,,,-8.678361,0.133357,0.689371,-8.840806,0.140328,0.699542,-17.99414670112235,-10.05997006736903,0.1929712240975985,0.7483047382711471,0.9529236437858994,-2.259265247005547,-1.0,-1.0,MAHARAJA-YADAVINDRA-SINGH-CRICKET-STADIUM-MULLANPUR,-1.0,,R,R,R,Sunrisers-Hyderabad,Rajasthan-Royals,Spin,1
2536,2,20,Sunrisers Hyderabad,Salil Arora,Yash Raj Punja,,14,5,0,0,0,0,0,0,1,0,0,0,0,0,0,0,0,,,0,13.5,1,1,0,836714,-89.0,-18.0,0,0,,,Knuckleball,27.0,FORWARD PUSH,0,0,6,13,152,7,Outside Off stump,Good Length,0,0,3,0,0,0,0,0,55.45769386497139,-2.039221981688919,8.340793464582159,-0.9206818619980478,2.295793813942139,,,,,,,12.96696180144503,0.2314050677055048,0.6450781835533755,83.62122076245585,Defended,Played,None,0.789081573486328,0.7287826538085938,4.936587,-0.223556,,,,,,,-8.199819,-0.190996,0.613535,-8.840761,-0.184108,0.703764,-17.47264223254975,-10.06007068747375,-0.1709014104161887,0.8438325822158653,0.7529863298353751,-2.757626394224698,-1.0,-1.0,MAHARAJA-YADAVINDRA-SINGH-CRICKET-STADIUM-MULLANPUR,-1.0,,R,R,R,Sunrisers-Hyderabad,Rajasthan-Royals,Spin,1
2536,2,20,Sunrisers Hyderabad,Salil Arora,Yash Raj Punja,,14,6,1,1,1,1,0,0,0,0,0,0,0,0,0,0,0,,,0,13.6,1,1,0,836715,-81.0,157.0,1,0,,,Knuckleball,6.0,BACKFOOT OFF DRIVE,0,0,7,13,153,7,Outside Off stump,Good Length,0,0,3,0,0,0,0,0,55.61815144107774,-3.396069116758329,8.340996713790759,-1.006975332542373,2.288772067504376,,,,,,,13.43893307673646,0.3554339774596655,0.6059905927757749,65.35519117039969,Attacked,Played,None,0.807449340820312,0.7539825439453125,6.203474,-0.575335,,,,,,,-8.214834,-0.5525,0.789603,-8.840893,-0.549146,0.849396,-17.85342975319788,-10.06008922805675,-0.5425584209983482,0.9285220561738241,0.2589323588235348,-1.866179195386122,-1.0,-1.0,MAHARAJA-YADAVINDRA-SINGH-CRICKET-STADIUM-MULLANPUR,-1.0,,R,R,R,Sunrisers-Hyderabad,Rajasthan-Royals,Spin,1
2536,2,20,Sunrisers Hyderabad,Salil Arora,Ravindra Jadeja,,15,1,1 (WD),1,0,0,0,0,0,1,1,0,0,0,0,0,0,,,0,14.1,1,1,1,836716,-81.0,157.0,1,0,,,Knuckleball,105.0,LEFT ALONE,0,0,1,14,154,7,Wide outside Off stump,Good Length,1,0,3,0,0,0,0,0,65.24212522184514,-6.608405829782586,8.340944403937648,-0.9638337153225545,2.07454641946039,,,,,,,8.930683346436776,0.2489572955018181,0.5643125890774978,69.75115881144288,None,None,None,0.674148559570312,0.7105064392089844,7.112264,-0.974973,,,,,,,-999.9,-999.9,-999.9,-8.841044,-1.127777,0.648068,-14.09839249752735,-10.05976404748069,-1.160308244171591,0.6926355901254848,0.07808835826562141,-1.434492306135132,-1.0,-1.0,MAHARAJA-YADAVINDRA-SINGH-CRICKET-STADIUM-MULLANPUR,-1.0,,R,R,L,Sunrisers-Hyderabad,Rajasthan-Royals,Spin,1
2536,2,20,Sunrisers Hyderabad,Salil Arora,Ravindra Jadeja,,15,1,1,1,1,1,0,0,0,0,0,0,0,0,0,0,0,,,0,14.1,1,1,0,836717,15.0,-75.0,1,0,,,Knuckleball,84.0,FRONTFOOT OFF DRIVE,0,0,2,14,155,7,Wide outside Off stump,Full Length,0,0,3,0,0,0,0,0,51.53942073741941,-0.931156557867191,8.340680598829493,-0.9515154340893165,2.114030194148208,,,,,,,10.77371769775961,0.3129233251541976,0.5290268337068275,58.06169254060436,Attacked,Edged,None,0.849723815917969,0.7783699035644531,4.931969,-0.703226,,,,,,,-8.03938,-0.767625,0.448402,-8.840985,-0.785639,0.512999,-17.06325661524227,-10.06017561310123,-0.8132773360539901,0.5680801317683952,1.111180229264451,-2.889771169346926,-1.0,-1.0,MAHARAJA-YADAVINDRA-SINGH-CRICKET-STADIUM-MULLANPUR,-1.0,,R,R,L,Sunrisers-Hyderabad,Rajasthan-Royals,Spin,1
2536,2,20,Sunrisers Hyderabad,Shivang Kumar,Ravindra Jadeja,,15,2,1,1,1,1,0,0,0,0,0,0,0,0,0,0,0,,,0,14.2,1,1,0,836718,39.0,157.0,1,0,,,Knuckleball,58.0,BACKFOOT PULL SHOT,0,0,3,14,156,7,Outside Off stump,Good Length,0,0,3,0,0,0,0,0,50.10226568570944,-1.182723308270587,8.340711065565092,-0.8614606475514428,2.131887532189592,,,,,,,13.07644894229433,0.3436452266734309,0.6007371838804189,65.74605491471974,Attacked,Played,None,0.890968322753906,0.8455581665039062,5.55548,-0.167542,,,,,,,-8.626875,-0.184827,0.685685,-8.840838,-0.185742,0.701897,-17.71627762222111,-10.06013871126061,-0.1909870442073182,0.7596635567391041,0.9215434356726379,-3.808116551280885,-1.0,-1.0,MAHARAJA-YADAVINDRA-SINGH-CRICKET-STADIUM-MULLANPUR,-1.0,,R,R,L,Sunrisers-Hyderabad,Rajasthan-Royals,Spin,1
2536,2,20,Sunrisers Hyderabad,Salil Arora,Ravindra Jadeja,,15,3,1 (WD),1,0,0,0,0,0,1,1,0,0,0,0,0,0,,,0,14.3,1,1,1,836719,39.0,157.0,1,0,,,Knuckleball,105.0,LEFT ALONE,0,0,4,14,157,7,Outside Leg stump,Full Length,0,0,3,0,0,0,0,0,62.65731255276684,-1.752278771865871,8.340544988348078,-0.3199629000333635,2.141082678598236,,,,,,,10.70171158549604,0.3780921353240903,0.6103396030256331,63.74172692143594,Attacked,Missed,None,0.688030242919922,0.7293319702148438,3.362208,0.814975,,,,,,,-999.9,-999.9,-999.9,-8.840645,0.909098,0.39145,-14.65040864185886,-10.05989071833722,0.9634313651737054,0.5449128349104183,1.825357251754025,-2.780884528397574,-1.0,-1.0,MAHARAJA-YADAVINDRA-SINGH-CRICKET-STADIUM-MULLANPUR,-1.0,,R,R,L,Sunrisers-Hyderabad,Rajasthan-Royals,Spin,1
2536,2,20,Sunrisers Hyderabad,Salil Arora,Ravindra Jadeja,,15,3,6,6,6,0,0,0,0,0,0,0,0,0,0,1,0,,,0,14.3,1,1,0,836720,60.0,222.5,6,0,,,Knuckleball,11.0,LOFTED ON DRIVE,0,0,5,14,163,7,Outside Leg stump,Full Length,0,0,3,0,0,0,0,0,58.00313997128362,-1.819276425064278,8.340919730300211,-0.5141658051042222,2.096052425732709,,,,,,,11.63968114246995,0.3009812313112313,0.658018408306183,78.60463811480432,Attacked,Played,None,0.746452331542969,0.6728439331054688,4.264043,0.156143,,,,,,,-7.7701,0.17401,0.398561,-8.840919,0.183825,0.552011,-15.17532798651982,-10.06000633416127,0.1951080253615703,0.6901808296664025,1.38631536633788,-2.926480985690239,-1.0,-1.0,MAHARAJA-YADAVINDRA-SINGH-CRICKET-STADIUM-MULLANPUR,-1.0,,R,R,L,Sunrisers-Hyderabad,Rajasthan-Royals,Spin,1
2536,2,20,Sunrisers Hyderabad,Salil Arora,Ravindra Jadeja,,15,4,0 WK,W,0,0,0,0,1,0,0,0,0,0,0,0,1,Caught,WICKET,1,14.4,1,1,0,836721,-132.5,143.0,0,0,,,Knuckleball,5.0,LOFTED OFF DRIVE,0,0,6,14,163,8,Outside Off stump,Full Length,1,0,3,0,0,0,0,0,55.12408207140491,-0.6822792905139322,8.340645311202024,-0.8245597784750157,2.149161390385409,,,,,,,10.74509722634718,0.3154364778670847,0.5628754059383972,62.88766310405111,None,None,None,0.784584045410156,0.7189750671386719,3.646353,-0.717771,,,,,,,-8.069837,-0.787859,0.313259,-8.840691,-0.820815,0.414528,-16.11429862300268,-10.05991948289574,-0.8733853588223761,0.5385972865812885,0.8716860178787599,-3.279996081954863,-1.0,-1.0,MAHARAJA-YADAVINDRA-SINGH-CRICKET-STADIUM-MULLANPUR,-1.0,,R,R,L,Sunrisers-Hyderabad,Rajasthan-Royals,Spin,1
2536,2,20,Sunrisers Hyderabad,Eshan Malinga,Ravindra Jadeja,,15,5,1,1,1,1,0,0,0,0,0,0,0,0,0,0,0,,,0,14.5,1,1,0,836722,-116.5,-41.5,1,0,,,Knuckleball,58.0,BACKFOOT PULL SHOT,0,0,7,14,164,8,Leg stump,Good Length,2,0,3,0,0,0,0,0,38.17035174660985,4.511983494888095,8.34097912114531,-0.7417354221024278,2.279839907307843,,,,,,,17.00884898348069,0.3336350299674718,0.5314164934785685,56.3489710250381,Attacked,Played,None,1.18551635742188,1.101036071777344,5.26605,-0.090357,,,,,,,-8.202254,-0.228221,0.651598,-8.840729,-0.254545,0.667139,-23.9944352464006,-10.06005551953175,-0.3052675766044561,0.6053039170758923,0.1499494326083449,-5.19513783732644,-1.0,-1.0,MAHARAJA-YADAVINDRA-SINGH-CRICKET-STADIUM-MULLANPUR,-1.0,,L,R,L,Sunrisers-Hyderabad,Rajasthan-Royals,Spin,1
2536,2,20,Sunrisers Hyderabad,Shivang Kumar,Ravindra Jadeja,,15,6,1,1,1,1,0,0,0,0,0,0,0,0,0,0,0,,,0,14.6,1,1,0,836723,49.0,203.0,1,0,,,Knuckleball,11.0,LOFTED ON DRIVE,0,0,8,14,165,8,Outside Off stump,Full Length,0,0,3,0,0,0,0,0,44.80416556205721,4.69151156186039,8.34062256603146,-0.7808699995757358,2.245699339501525,,,,,,,14.74719431788387,0.07644572573409268,0.6499999999999989,99.85542742659058,Attacked,Played,None,0.970321655273438,0.8829345703125,2.348102,-0.348894,,,,,,,-8.231953,-0.383485,0.164032,-8.840764,-0.424243,0.306422,-21.04245472398546,-10.06006189848375,-0.5067383549570548,0.5510910812457799,0.8800184316006393,-5.799253264771158,-1.0,-1.0,MAHARAJA-YADAVINDRA-SINGH-CRICKET-STADIUM-MULLANPUR,-1.0,,R,L,L,Sunrisers-Hyderabad,Rajasthan-Royals,Spin,1
2536,2,20,Sunrisers Hyderabad,Shivang Kumar,Yash Raj Punja,,16,1,1,1,1,1,0,0,0,0,0,0,0,0,0,0,0,,,0,15.1,1,1,0,836724,69.5,151.5,1,0,,,Knuckleball,58.0,BACKFOOT PULL SHOT,0,0,1,15,166,8,Outside Off stump,Good Length,1,0,3,0,0,0,0,0,54.05212534347478,-2.032617441795607,8.340813514013067,-1.02053925827019,2.328692007312148,,,,,,,13.31826149045161,0.3263975247384168,0.5929429485050268,66.30168980191235,Attacked,Played,None,0.816009521484375,0.7748794555664062,5.390427,-0.213813,,,,,,,-8.438016,-0.186819,0.700977,-8.840976,-0.183895,0.745676,-18.34465570446131,-10.06019758636614,-0.175005507843934,0.8481276968361702,1.635424834480911,-3.995691344960203,-1.0,-1.0,MAHARAJA-YADAVINDRA-SINGH-CRICKET-STADIUM-MULLANPUR,-1.0,,R,L,R,Sunrisers-Hyderabad,Rajasthan-Royals,Spin,1
2536,2,20,Sunrisers Hyderabad,Eshan Malinga,Yash Raj Punja,,16,2,0,0,0,0,0,0,1,0,0,0,0,0,0,0,0,,,0,15.2,1,1,0,836725,69.5,151.5,0,0,,,Knuckleball,97.0,BACKFOOT PUSH,0,0,2,15,166,8,Outside Off stump,Good Length,0,0,3,0,0,0,0,0,55.37194723642516,-1.620774900129991,8.340652012138541,-0.8734565631087264,2.297188904311357,,,,,,,12.85449447415502,0.2512125667560515,0.6447857021517295,81.59659864715427,Attacked,Missed,None,0.790557861328125,0.8258743286132812,4.376251,0.134535,,,,,,,-999.9,-999.9,-999.9,-8.840754,0.420185,0.618487,-17.14506013832905,-10.06007752205144,0.5319239042351191,0.7694805443580996,0.1357247899451384,0.9446556807673128,-1.0,-1.0,MAHARAJA-YADAVINDRA-SINGH-CRICKET-STADIUM-MULLANPUR,-1.0,,L,R,R,Sunrisers-Hyderabad,Rajasthan-Royals,Spin,1
2536,2,20,Sunrisers Hyderabad,Eshan Malinga,Yash Raj Punja,,16,3,0,0,0,0,0,0,1,0,0,0,0,0,0,0,0,,,0,15.3,1,1,0,836726,69.5,151.5,0,0,,,Knuckleball,97.0,BACKFOOT PUSH,0,0,3,15,166,8,Outside Off stump,Good Length,0,0,3,0,0,0,0,0,57.06426247531167,-2.458565495015879,8.341073483472098,-0.981640429877454,2.303965937965972,,,,,,,10.94323875676931,0.3608766441069265,0.5345834195193319,54.09984851720714,Defended,Missed,None,0.768241882324219,0.8156890869140625,4.71932,0.063843,,,,,,,-999.9,-999.9,-999.9,-8.84094,0.415145,0.540169,-16.75427127721021,-10.06000221058992,0.53926994255769,0.6313212059507997,0.3371954479953789,1.128111328486764,-1.0,-1.0,MAHARAJA-YADAVINDRA-SINGH-CRICKET-STADIUM-MULLANPUR,-1.0,,L,R,R,Sunrisers-Hyderabad,Rajasthan-Royals,Spin,1
2536,2,20,Sunrisers Hyderabad,Eshan Malinga,Yash Raj Punja,,16,4,1,1,1,1,0,0,0,0,0,0,0,0,0,0,0,,,0,15.4,1,1,0,836727,130.0,-49.0,1,0,,,Knuckleball,36.0,CUT SHOT,0,0,4,15,167,8,Outside Off stump,Good Length,0,0,3,0,0,0,0,0,55.81811971481616,-1.828623137292775,8.340553233566183,-0.8584871925688022,2.339372569809658,,,,,,,12.00944442549505,0.2597419318853704,0.595022236929869,73.2791423509433,Attacked,Played,None,0.784286499023438,0.7936019897460938,4.427528,0.384152,,,,,,,-9.576407,0.580421,0.662136,-8.840794,0.543472,0.576989,-17.34399311771434,-10.059805814823,0.6047889737490585,0.709804345519345,0.07070562379534615,-2.298044778491709,-1.0,-1.0,MAHARAJA-YADAVINDRA-SINGH-CRICKET-STADIUM-MULLANPUR,-1.0,,L,R,R,Sunrisers-Hyderabad,Rajasthan-Royals,Spin,1
2536,2,20,Sunrisers Hyderabad,Shivang Kumar,Yash Raj Punja,,16,5,1,1,1,1,0,0,0,0,0,0,0,0,0,0,0,,,0,15.5,1,1,0,836728,22.5,147.5,1,0,,,Knuckleball,58.0,BACKFOOT PULL SHOT,0,0,5,15,168,8,Outside Leg stump,Good Length,0,0,3,0,0,0,0,0,52.31898936305914,-3.256772326036014,8.340993212474288,-0.9313417834640055,2.326292140953426,,,,,,,12.134334904199,0.2660387911531839,0.557261124540582,66.98528956576891,Attacked,Played,None,0.844047546386719,0.8116836547851562,6.311424,-0.066228,,,,,,,-8.684487,0.055113,0.726704,-8.840965,0.059018,0.735901,-18.44343164400476,-10.05983855190308,0.08955931997583085,0.7800283203128434,0.3432591364530964,-2.881525143636698,-1.0,-1.0,MAHARAJA-YADAVINDRA-SINGH-CRICKET-STADIUM-MULLANPUR,-1.0,,R,L,R,Sunrisers-Hyderabad,Rajasthan-Royals,Spin,1
2536,2,20,Sunrisers Hyderabad,Eshan Malinga,Yash Raj Punja,,16,6,1,1,1,1,0,0,0,0,0,0,0,0,0,0,0,,,0,15.6,1,1,0,836729,-14.0,175.5,1,0,,,Knuckleball,58.0,BACKFOOT PULL SHOT,0,0,6,15,169,8,Outside Off stump,Good Length,0,0,3,0,0,0,0,0,55.2153722998559,-2.664630464210687,8.340824672979018,-0.8823749153711502,2.309451083410652,,,,,,,14.52855131823646,0.3883416261887224,0.6486083559699451,68.45709077661954,Attacked,Edged,None,0.81207275390625,0.7778205871582031,5.521552,0.116559,,,,,,,-8.613466,0.168489,0.822473,-8.840685,0.171424,0.850293,-17.71838885963329,-10.06001118414052,0.1872498979753117,0.969360735719129,1.612293456314501,-4.554324535320413,-1.0,-1.0,MAHARAJA-YADAVINDRA-SINGH-CRICKET-STADIUM-MULLANPUR,-1.0,,L,R,R,Sunrisers-Hyderabad,Rajasthan-Royals,Spin,1
2536,2,20,Sunrisers Hyderabad,Eshan Malinga,Jofra Archer,,17,1,1,1,1,1,0,0,0,0,0,0,0,0,0,0,0,,,0,16.1,1,1,0,836730,157.5,96.0,1,0,,,Knuckleball,27.0,FORWARD PUSH,0,0,1,16,170,8,Outside Leg stump,Full Length,1,0,3,0,0,0,0,0,89.22750464521127,-6.998281618753016,8.34040153254017,0.9429291270134043,2.149344092529668,,,,,,,6.899351977853547,0.1694593229124408,0.5864182144606539,81.01679987785401,Attacked,Edged,None,0.481166839599609,0.450714111328125,4.989778,-0.030103,,,,,,,-8.235401,-0.269625,0.377301,-8.840602,-0.315886,0.431996,-11.05770581706214,-10.06021996230081,-0.409572825217211,0.5320247505859852,0.4991235540447567,-0.4067038403506789,-1.0,-1.0,MAHARAJA-YADAVINDRA-SINGH-CRICKET-STADIUM-MULLANPUR,-1.0,,L,R,R,Sunrisers-Hyderabad,Rajasthan-Royals,Seam,1
2536,2,20,Sunrisers Hyderabad,Shivang Kumar,Jofra Archer,,17,2,4,4,4,0,0,0,0,0,0,0,0,0,1,0,0,,,0,16.2,1,1,0,836731,-54.5,-159.5,4,0,,,Knuckleball,31.0,UPPER CUT,0,0,2,16,174,8,Off stump,Short of Good Length,0,0,3,0,0,0,0,0,89.00000000000006,-10.93161948619582,8.340352331573015,-0.2871864826544401,2.084128482016284,,,,,,,9.691928864129807,0.2441819463630143,0.615978159855617,77.97852934204111,Attacked,Played,None,0.502555847167969,0.4895553588867188,9.130994,-0.062648,,,,,,,-8.82868,-0.016223,1.100435,-8.840954,-0.01615,1.101617,-14.03648872292938,-10.05969242389831,-0.00879802879579182,1.211330905737154,0.2536243738795633,-1.188988367892198,-1.0,-1.0,MAHARAJA-YADAVINDRA-SINGH-CRICKET-STADIUM-MULLANPUR,-1.0,,R,L,R,Sunrisers-Hyderabad,Rajasthan-Royals,Seam,1
2536,2,20,Sunrisers Hyderabad,Shivang Kumar,Jofra Archer,,17,3,4,4,4,0,0,0,0,0,0,0,0,0,1,0,0,,,0,16.3,1,1,0,836732,-101.0,198.5,4,0,,,Knuckleball,5.0,LOFTED OFF DRIVE,0,0,3,16,178,8,Outside Off stump,Good Length,0,0,3,0,0,0,0,0,90.91117637077808,-8.309805973377161,8.341106169905956,-0.2544412525097834,2.123463123600282,,,,,,,7.11147502735869,0.2185313112615931,0.547763666526147,70.31141885276276,Attacked,Played,None,0.478294372558594,0.45465087890625,6.643746,-0.328183,,,,,,,-8.462685,-0.332667,0.556955,-8.840429,-0.333008,0.586785,-11.94050409559016,-10.05962645051911,-0.3341126104599725,0.6740976757273546,0.5035746682580581,0.04622098367556469,-1.0,-1.0,MAHARAJA-YADAVINDRA-SINGH-CRICKET-STADIUM-MULLANPUR,-1.0,,R,L,R,Sunrisers-Hyderabad,Rajasthan-Royals,Seam,1
2536,2,20,Sunrisers Hyderabad,Shivang Kumar,Jofra Archer,,17,4,2,2,2,0,1,0,0,0,0,0,0,0,0,0,0,,,0,16.4,1,1,0,836733,131.0,95.5,2,0,,,Knuckleball,11.0,LOFTED ON DRIVE,0,0,4,16,180,8,Leg stump,Good Length,0,0,3,0,0,0,0,0,90.6599970583314,-11.12697437176049,8.340686675520985,-0.3365085370392847,2.09762271137221,,,,,,,8.773196898682746,0.2765877509104223,0.5618994280677625,66.62613911912216,Attacked,Edged,None,0.497566223144531,0.4600296020507813,9.073824,-0.045877,,,,,,,-8.043116,0.199185,0.903695,-8.840864,0.227519,0.971029,-13.79491120958252,-10.06007955437663,0.2710788007571054,1.061514488598966,0.1849330028314322,0.06963981176986027,-1.0,-1.0,MAHARAJA-YADAVINDRA-SINGH-CRICKET-STADIUM-MULLANPUR,-1.0,,R,L,R,Sunrisers-Hyderabad,Rajasthan-Royals,Seam,1
2536,2,20,Sunrisers Hyderabad,Shivang Kumar,Jofra Archer,,17,5,4,4,4,0,0,0,0,0,0,0,0,0,1,0,0,,,0,16.5,1,1,0,836734,176.5,110.0,4,0,,,Knuckleball,58.0,BACKFOOT PULL SHOT,0,0,5,16,184,8,Off stump,Short Length,0,0,3,0,0,0,0,0,91.09021501201691,-12.80781442227557,8.340451635832373,-0.2645822531917689,2.059622186206041,,,,,,,9.20076479356409,0.2562140136278654,0.5162599406803846,61.81758973927116,Attacked,Played,None,0.501560211181641,0.4660720825195313,10.387739,-0.100832,,,,,,,-8.107795,0.107825,1.079253,-8.840596,0.126438,1.138044,-15.6247399086588,-10.05995126078125,0.1575882210041174,1.223812854850215,0.3524991442343538,0.03125698498032061,-1.0,-1.0,MAHARAJA-YADAVINDRA-SINGH-CRICKET-STADIUM-MULLANPUR,-1.0,,R,L,R,Sunrisers-Hyderabad,Rajasthan-Royals,Seam,1
2536,2,20,Sunrisers Hyderabad,Shivang Kumar,Jofra Archer,,17,6,1 (WD),1,0,0,0,0,0,1,1,0,0,0,0,0,0,,,0,16.6,1,1,1,836735,176.5,110.0,1,0,,,Knuckleball,54.0,LEG GLANCE,0,0,6,16,185,8,Outside Leg stump,Full Length,0,0,3,0,0,0,0,0,91.210469,-6.127627326777914,8.340338577053622,-0.1652528866241777,2.122204554322067,,,,,,,6.80554249746494,0.216131329364274,0.6154834258708428,80.70938094419904,Attacked,Missed,None,0.502532958984375,0.492828369140625,3.765606,0.538416,,,,,,,-999.9,-999.9,-999.9,-8.840898,0.681243,0.311189,-10.29558337325329,-10.06004356143262,0.750625186968146,0.4239005132466984,1.133049985497977,-0.1676216329569683,-1.0,-1.0,MAHARAJA-YADAVINDRA-SINGH-CRICKET-STADIUM-MULLANPUR,-1.0,,R,L,R,Sunrisers-Hyderabad,Rajasthan-Royals,Seam,1
2536,2,20,Sunrisers Hyderabad,Shivang Kumar,Jofra Archer,,17,6,0,0,0,0,0,0,1,0,0,0,0,0,0,0,0,,,0,16.6,1,1,0,836736,176.5,110.0,0,0,,,Knuckleball,15.0,LOFTED COVER DRIVE,0,0,7,16,185,8,Outside Off stump,Short Length,0,0,3,0,0,0,0,0,90.0000000000001,-12.78053309475607,8.340842966030372,-0.2978827534175424,2.07793275494297,,,,,,,10.2291778730485,0.2185026480443267,0.6146758545303964,80.3511133751268,Attacked,Missed,None,0.499671936035156,0.5255470275878906,10.127896,-0.403992,,,,,,,-999.9,-999.9,-999.9,-8.841098,-0.592444,1.301677,-14.89602639740557,-10.06030371489861,-0.6189895841199533,1.416126294413554,-0.3531851731505502,-0.2651350042807042,-1.0,-1.0,MAHARAJA-YADAVINDRA-SINGH-CRICKET-STADIUM-MULLANPUR,-1.0,,R,L,R,Sunrisers-Hyderabad,Rajasthan-Royals,Seam,1
2536,2,20,Sunrisers Hyderabad,Eshan Malinga,Nandre Burger,,18,1,1,1,1,1,0,0,0,0,0,0,0,0,0,0,0,,,0,17.1,1,1,0,836737,26.0,-127.5,1,0,,,Knuckleball,51.0,FRONTFOOT COVERDRIVE,0,0,1,17,186,8,Outside Off stump,Good Length,1,0,3,0,0,0,0,0,85.80051086999566,-9.139662739099132,8.340590717518975,0.5830601502041534,1.991053848348756,,,,,,,7.848446775914582,0.2204585894177113,0.5707154943522865,73.56146521107185,Attacked,Edged,None,0.512260437011719,0.4842453002929688,8.139328,0.506404,,,,,,,-8.374403,0.47958,0.720682,-8.840926,0.477603,0.754089,-12.56516705998545,-10.05965310053568,0.4724150590076067,0.830510804509103,0.3339804864422404,0.02052245198585409,-1.0,-1.0,MAHARAJA-YADAVINDRA-SINGH-CRICKET-STADIUM-MULLANPUR,-1.0,,L,R,L,Sunrisers-Hyderabad,Rajasthan-Royals,Seam,1
2536,2,20,Sunrisers Hyderabad,Shivang Kumar,Nandre Burger,,18,2,1,1,1,1,0,0,0,0,0,0,0,0,0,0,0,,,0,17.2,1,1,0,836738,-150.5,41.0,1,0,,,Knuckleball,36.0,CUT SHOT,0,0,2,17,187,8,Outside Leg stump,Short Length,0,0,3,0,0,0,0,0,74.02743911651973,-14.5892431020741,8.340529495724368,0.482199643776,1.909030419710646,,,,,,,11.59385409807588,0.2436078703564422,0.5517610783110427,68.40337471101219,Attacked,Played,None,0.625991821289062,0.6163558959960938,11.98591,0.05962,,,,,,,-8.983064,-0.600905,1.43342,-8.840587,-0.591268,1.426622,-18.0763438302919,-10.05989743439408,-0.6746631839557634,1.47422437865526,-0.4900903159481624,0.9416501474664205,-1.0,-1.0,MAHARAJA-YADAVINDRA-SINGH-CRICKET-STADIUM-MULLANPUR,-1.0,,R,L,L,Sunrisers-Hyderabad,Rajasthan-Royals,Seam,1
2536,2,20,Sunrisers Hyderabad,Eshan Malinga,Nandre Burger,,18,3,0 WK,W,0,0,0,0,1,0,0,0,0,0,0,0,1,Caught,WICKET,1,17.3,1,1,0,836739,68.0,160.5,0,0,,,Knuckleball,5.0,LOFTED OFF DRIVE,0,0,3,17,187,9,Outside Off stump,Good Length,1,0,3,0,0,0,0,0,84.11575784891042,-10.0392852646091,8.340491235381258,0.542359568903257,1.981567890691863,,,,,,,9.074825415689565,0.2227289264792754,0.6213309738323978,80.92675342693212,None,None,None,0.528064727783203,0.4892578125,8.905456,0.397351,,,,,,,-8.081,0.300194,0.895942,-8.841039,0.289301,0.959613,-13.23743483611362,-10.06004759227964,0.2717314859380595,1.048269068564475,-0.01086787924560619,0.09189084673448032,-1.0,-1.0,MAHARAJA-YADAVINDRA-SINGH-CRICKET-STADIUM-MULLANPUR,-1.0,,L,R,L,Sunrisers-Hyderabad,Rajasthan-Royals,Seam,1
2536,2,20,Sunrisers Hyderabad,Sakib Hussain,Nandre Burger,,18,4,0,0,0,0,0,0,1,0,0,0,0,0,0,0,0,,,0,17.4,1,1,0,836740,68.0,160.5,0,0,,,Knuckleball,35.0,LATE CUT,0,0,4,17,187,9,Outside Off stump,Short of Good Length,2,0,3,0,0,0,0,0,85.990769,-12.23480257592444,8.340951441431898,-1.11678244972423,1.973063931336082,,,,,,,8.999860806394894,0.2170664601951741,0.5393143726655268,69.19050988031161,Attacked,Missed,None,0.527675628662109,0.552337646484375,10.377388,-0.571557,,,,,,,-999.9,-999.9,-999.9,-8.840934,0.037073,1.071468,-14.9838080335543,-10.05969766391234,0.1204855930024892,1.143141768019664,0.6436391934194909,-0.5115982087118296,-1.0,-1.0,MAHARAJA-YADAVINDRA-SINGH-CRICKET-STADIUM-MULLANPUR,-1.0,,R,R,L,Sunrisers-Hyderabad,Rajasthan-Royals,Seam,1
2536,2,20,Sunrisers Hyderabad,Sakib Hussain,Nandre Burger,,18,5,4,4,4,0,0,0,0,0,0,0,0,0,1,0,0,,,0,17.5,1,1,0,836741,-71.5,216.0,4,0,,,Knuckleball,5.0,LOFTED OFF DRIVE,0,0,5,17,191,9,Leg stump,Full Length,0,0,3,0,0,0,0,0,87.55636304963741,-6.162840128009162,8.34092257861478,-0.9386005600113011,2.016873162923013,,,,,,,6.999282384304863,0.1476544685541575,0.6356148067117446,90.57677415134594,Attacked,Played,None,0.487152099609375,0.4485626220703125,4.676515,-0.144993,,,,,,,-7.96687,-0.015578,0.320757,-8.840656,0.028596,0.404392,-10.46479036731977,-10.06008914565117,0.09058862942668411,0.5092930172353475,0.6623510679374879,-0.8058539157596567,-1.0,-1.0,MAHARAJA-YADAVINDRA-SINGH-CRICKET-STADIUM-MULLANPUR,-1.0,,R,R,L,Sunrisers-Hyderabad,Rajasthan-Royals,Seam,1
2536,2,20,Sunrisers Hyderabad,Sakib Hussain,Nandre Burger,,18,6,0,0,0,0,0,0,1,0,0,0,0,0,0,0,0,,,0,17.6,1,1,0,836742,-174.0,52.5,0,0,,,Knuckleball,18.0,SLOG SHOT,0,0,6,17,191,9,Outside Off stump,Good Length,0,0,3,0,0,0,0,0,89.2117957738534,-8.74233566280888,8.340773120288667,-0.9984410500870993,1.963647531042488,,,,,,,7.715794999220448,0.2104496857973712,0.5900650474179726,77.46478853295878,Defended,Played,None,0.490917205810547,0.4561271667480469,7.842358,-0.397371,,,,,,,-8.114522,-0.089948,0.682444,-8.84106,-0.051376,0.73992,-12.04124259355963,-10.06014376157102,0.01369797251456001,0.8250078957442627,-0.03659549007881288,-0.3007794816305003,-1.0,-1.0,MAHARAJA-YADAVINDRA-SINGH-CRICKET-STADIUM-MULLANPUR,-1.0,,R,R,L,Sunrisers-Hyderabad,Rajasthan-Royals,Seam,1
2536,2,20,Sunrisers Hyderabad,Shivang Kumar,Brijesh Sharma,,19,1,0,0,0,0,0,0,1,0,0,0,0,0,0,0,0,,,0,18.1,1,1,0,836743,56.0,179.5,0,0,,,Knuckleball,58.0,BACKFOOT PULL SHOT,0,0,1,18,191,9,Outside Off stump,Short Length,1,0,3,0,0,0,0,0,78.46616755068642,-13.35691843951969,8.340848731906874,-0.8650327738525463,1.852367160891368,,,,,,,10.39683786265236,0.2765984057739994,0.5519667345103353,65.13516959915034,Attacked,Edged,None,0.595870971679688,0.5591011047363281,11.539949,-0.579683,,,,,,,-8.240636,-0.450613,1.219466,-8.840635,-0.446834,1.249673,-16.22836986418191,-10.06018470832391,-0.4407610339205057,1.294806141809122,-0.3530250046781205,-1.085336889258384,-1.0,-1.0,MAHARAJA-YADAVINDRA-SINGH-CRICKET-STADIUM-MULLANPUR,-1.0,,R,R,R,Sunrisers-Hyderabad,Rajasthan-Royals,Seam,1
2536,2,20,Sunrisers Hyderabad,Shivang Kumar,Brijesh Sharma,,19,2,1,1,1,1,0,0,0,0,0,0,0,0,0,0,0,,,0,18.2,1,1,0,836744,132.0,-34.5,1,0,,,Knuckleball,99.0,SCOOP,0,0,2,18,192,9,Outside Off stump,Good Length,0,0,3,0,0,0,0,0,68.13207376598251,-5.705515817654285,8.340527203371842,-0.8626863667501816,1.912380503349754,,,,,,,9.371448566764313,0.3517784210109237,0.5567884843261695,58.34043054783305,Attacked,Edged,None,0.658790588378906,0.6104393005371094,7.729201,-0.460671,,,,,,,-8.097636,-0.166514,0.704065,-8.840886,-0.127862,0.742999,-14.29695026073209,-10.05998841704648,-0.06408520004411145,0.783443742964283,-1.026340046070524,1.248107297534956,-1.0,-1.0,MAHARAJA-YADAVINDRA-SINGH-CRICKET-STADIUM-MULLANPUR,-1.0,,R,R,R,Sunrisers-Hyderabad,Rajasthan-Royals,Seam,1
2536,2,20,Sunrisers Hyderabad,Sakib Hussain,Brijesh Sharma,,19,3,0,0,0,0,0,0,1,0,0,0,0,0,0,0,0,,,0,18.3,1,1,0,836745,132.0,-34.5,0,0,,,Knuckleball,58.0,BACKFOOT PULL SHOT,0,0,3,18,192,9,Outside Off stump,Short of Good Length,0,0,3,0,0,0,0,0,68.62096927010447,-8.563649641688436,8.34101364924891,-0.7936432354534954,1.848103020252484,,,,,,,11.32114941332359,0.3990391682484604,0.6016855073534544,60.34890927817212,Attacked,Missed,None,0.686439514160156,0.6353530883789062,9.862824,-0.299636,,,,,,,-8.067508,0.238202,1.036657,-8.841048,0.292511,1.066394,-15.33865974381885,-10.06000705451127,0.3786416630216755,1.087282149111236,-0.340894360351089,0.681225318944858,-1.0,-1.0,MAHARAJA-YADAVINDRA-SINGH-CRICKET-STADIUM-MULLANPUR,-1.0,,R,R,R,Sunrisers-Hyderabad,Rajasthan-Royals,Seam,1
2536,2,20,Sunrisers Hyderabad,Sakib Hussain,Brijesh Sharma,,19,4,1,1,1,1,0,0,0,0,0,0,0,0,0,0,0,,,0,18.4,1,1,0,836746,57.0,-71.0,1,0,,,Knuckleball,11.0,LOFTED ON DRIVE,0,0,4,18,193,9,Leg stump,Good Length,0,0,3,0,0,0,0,0,84.57596384556754,-6.33386310932437,8.340914946236726,-0.8262540132082474,1.907805146044767,,,,,,,6.638862527356672,0.2232673632571512,0.6015521287296394,77.9060829837308,Attacked,Edged,None,0.514595031738281,0.4628334045410156,5.544059,-0.140083,,,,,,,-7.800289,0.033317,0.379327,-8.841094,0.088914,0.460528,-10.25780367621735,-10.06015462935875,0.1544375215481248,0.5411660750163519,-0.2358684367930741,0.06639394705623144,-1.0,-1.0,MAHARAJA-YADAVINDRA-SINGH-CRICKET-STADIUM-MULLANPUR,-1.0,,R,R,R,Sunrisers-Hyderabad,Rajasthan-Royals,Seam,1
2536,2,20,Sunrisers Hyderabad,Shivang Kumar,Brijesh Sharma,,19,5,2 (NB),2,1,1,0,0,0,1,0,1,0,0,0,0,0,,,0,18.5,1,1,1,836747,88.5,-44.5,2,0,,,Knuckleball,40.0,FRONTFOOT FLICK,0,0,5,18,195,9,Outside Leg stump,Full Toss,0,0,3,0,0,0,0,0,84.4237661863587,-0.527740281475966,8.341179184307919,-0.8404141850684199,1.958001740299732,,,,,,,6.100258721462934,0.1942872735036768,0.6499999999999994,88.07127264963222,Attacked,Edged,None,0.487655639648438,0.46490478515625,-6.743296999999998,0.663398,,,,,,,-8.215673,0.17834,1.1169,-8.841034,0.21483,1.054858,-8.877866984248897,-10.0597550272748,0.2854494616808944,0.9267904479452815,-0.5605624986926011,0.0,-1.0,-1.0,MAHARAJA-YADAVINDRA-SINGH-CRICKET-STADIUM-MULLANPUR,-1.0,,R,R,R,Sunrisers-Hyderabad,Rajasthan-Royals,Seam,1
2536,2,20,Sunrisers Hyderabad,Sakib Hussain,Brijesh Sharma,,19,5,0,0,0,0,0,0,1,0,0,0,0,0,0,0,0,,,0,18.5,1,1,0,836748,88.5,-44.5,0,0,,,Knuckleball,58.0,BACKFOOT PULL SHOT,0,0,6,18,195,9,Outside Off stump,Short of Good Length,0,0,3,0,0,0,0,0,82.01143078676593,-12.78526344382473,8.340761850341675,-0.82512429920524,1.872075267423199,,,,,,,9.411615695145077,0.2655101579271775,0.5499158746272088,65.93636540136357,Attacked,Missed,None,0.551193237304688,0.5809707641601562,10.991347,-0.502663,,,,,,,-999.9,-999.9,-999.9,-8.840812,-0.158058,1.134151,-15.01720106244714,-10.06016226451582,-0.1136601964739495,1.19159856096306,-0.02379203346658831,-0.5153780320950532,-1.0,-1.0,MAHARAJA-YADAVINDRA-SINGH-CRICKET-STADIUM-MULLANPUR,-1.0,,R,R,R,Sunrisers-Hyderabad,Rajasthan-Royals,Seam,1
2536,2,20,Sunrisers Hyderabad,Sakib Hussain,Brijesh Sharma,,19,6,0,0,0,0,0,0,1,0,0,0,0,0,0,0,0,,,0,18.6,1,1,0,836749,88.5,-44.5,0,0,,,Knuckleball,18.0,SLOG SHOT,0,0,7,18,195,9,Outside Off stump,Good Length,0,0,3,0,0,0,0,0,66.75585536338814,-5.83506933108438,8.340719245265419,-0.8348130539619308,1.889243208447194,,,,,,,9.934972411091115,0.3007189967292879,0.6078458899560956,71.10498382048554,Attacked,Missed,None,0.667224884033203,0.7031936645507812,7.933489,-0.673445,,,,,,,-999.9,-999.9,-999.9,-8.840903,-0.50547,0.832273,-14.19042535859517,-10.06009141774972,-0.4779182185023266,0.8814632306321634,-0.2901212728441787,0.8124536649576057,-1.0,-1.0,MAHARAJA-YADAVINDRA-SINGH-CRICKET-STADIUM-MULLANPUR,-1.0,,R,R,R,Sunrisers-Hyderabad,Rajasthan-Royals,Seam,1
2536,2,20,Sunrisers Hyderabad,Shivang Kumar,Sushant Mishra,,20,1,1 (WD),1,0,0,0,0,0,1,1,0,0,0,0,0,0,,,0,19.1,1,1,1,836750,88.5,-44.5,1,0,,,Knuckleball,105.0,LEFT ALONE,0,0,1,19,196,9,Wide outside Off stump,Short of Good Length,1,0,3,0,0,0,0,0,65.468044,-8.71732898112337,8.340965559230966,-1.12697852316415,1.794412839992867,,,,,,,9.782347701496626,0.2356339288825965,0.5696828990309047,71.88904196637607,None,None,None,0.490917205810547,0.721343994140625,10.166829,-1.210497,,,,,,,-999.9,-999.9,-999.9,-8.840961,-1.510035,0.893374,-15.22144506133658,-10.06000314283972,-1.559601215810328,0.8912545347138698,0.2057335147244155,-1.100022890193433,-1.0,-1.0,MAHARAJA-YADAVINDRA-SINGH-CRICKET-STADIUM-MULLANPUR,-1.0,,R,R,R,Sunrisers-Hyderabad,Rajasthan-Royals,Seam,1
2536,2,20,Sunrisers Hyderabad,Shivang Kumar,Sushant Mishra,,20,1,0,0,0,0,0,0,1,0,0,0,0,0,0,0,0,,,0,19.1,1,1,0,836751,88.5,-44.5,0,0,,,Knuckleball,15.0,LOFTED COVER DRIVE,0,0,2,19,196,9,Outside Off stump,Short of Good Length,0,0,3,0,0,0,0,0,84.11026810078847,-8.464866820872723,8.340918136010806,-1.078562856943427,1.854829687895667,,,,,,,8.316311609619296,0.2352163830086949,0.6227349804230364,79.88860876258599,Attacked,Missed,None,0.519252777099609,0.5457229614257812,8.340493,-0.78369,,,,,,,-999.9,-999.9,-999.9,-8.840738,-0.612046,0.821525,-12.16043968012082,-10.05986348209844,-0.5819680243179007,0.9030962202099533,0.3105484406690804,-0.4853393365140079,-1.0,-1.0,MAHARAJA-YADAVINDRA-SINGH-CRICKET-STADIUM-MULLANPUR,-1.0,,R,R,R,Sunrisers-Hyderabad,Rajasthan-Royals,Seam,1
2536,2,20,Sunrisers Hyderabad,Shivang Kumar,Sushant Mishra,,20,2,0 WK,W,0,0,0,0,1,0,0,0,0,0,0,0,1,Caught,WICKET,1,19.2,1,1,0,836752,-57.0,-69.5,0,0,,,Knuckleball,15.0,LOFTED COVER DRIVE,0,0,3,19,196,10,Wide outside Off stump,Good Length,1,0,3,0,0,0,0,0,85.1891649331774,-7.369758861445314,8.340445985141848,-1.188183739642447,1.825357377009426,,,,,,,7.135164814935925,0.1952122330276729,0.5712658308622349,76.16865132656795,None,None,None,0.508575439453125,0.4902420043945313,7.621821,-0.970378,,,,,,,-8.867186,-0.889288,0.649307,-8.840815,-0.889626,0.647609,-11.60468798037305,-10.06010042856632,-0.8739248369382098,0.7187799352279929,0.05475809125833877,-0.4753058988413106,-1.0,-1.0,MAHARAJA-YADAVINDRA-SINGH-CRICKET-STADIUM-MULLANPUR,-1.0,,R,R,R,Sunrisers-Hyderabad,Rajasthan-Royals,Seam,1
