MatchID,InningsNo,BattingTeamID,TeamName,BatsManName,BowlerName,BowlerType,OverNo,BallNo,Runs,BallRuns,ActualRuns,IsOne,IsTwo,IsThree,IsDotball,Extras,IsWide,IsNoBall,IsBye,IsLegBye,IsFour,IsSix,IsWicket,WicketType,Wickets,IsBowlerWicket,BallName,Day,SESSION_NO,IsExtra,SNO,Xpitch,Ypitch,RunRuns,IsMaiden,OverImage,BowlTypeID,BowlTypeName,ShotTypeID,ShotType,IsBouncer,IsFreeHit,BallCount,BCCheck,TotalRuns,TotalWickets,BOWLING_LINE_ID,BOWLING_LENGTH_ID,FiveHaul,Flag,FlagSet,PenaltyRuns,IsFifty,IsHundred,IsTwoHundred,IsHattrick,release_speed,initial_angle,release_x,release_y,release_z,pre_bounce_ax,pre_bounce_ay,pre_bounce_az,pre_bounce_vx,pre_bounce_vy,pre_bounce_vz,bounce_angle,cof,cor,pbr,shot_attacked,shot_played,shot_info,crease_reaction_time,interception_reaction_time,bounce_x,bounce_y,post_bounce_ax,post_bounce_ay,post_bounce_az,post_bounce_vx,post_bounce_vy,post_bounce_vz,impact_x,impact_y,impact_z,crease_x,crease_y,crease_z,drop_angle,stump_x,stump_y,stump_z,swing,deviation,swing_dist,six_dist,ground,date,season,striker_hand,non_striker_hand,bowler_hand,team_bat,team_bowl,delivery_type,match_day
2538,1,35,Gujarat Titans,Sai Sudharsan,Jacob Duffy,,1,1,0,0,0,0,0,0,1,0,0,0,0,0,0,0,0,,,0,0.1,1,1,0,838994,-65.5,104.5,0,0,,41,INSWINGER,47,FRONTFOOT ON DRIVE,0,0,1,0,0,0,Leg stump,Full Length,1,0,0,0,0,0,0,0,84.82136627716316,-5.245070751621308,8.34041561632936,-0.5363886144070585,2.034424772767934,,,,,,,6.622473837919895,0.1997137047277721,0.5792366836423266,76.91413207357178,Defended,Played,None,0.503173828125,0.45556640625,3.895934,0.021364,,,,,,,-7.78015,0.034403,0.211765,-8.840751,0.043048,0.312715,-10.67595115348968,-10.0603305359473,0.05307746962431214,0.4147107062894509,-3.666008157709352,0.1913425457022211,-1.0,-1.0,NARENDRA-MODI-STADIUM-AHMEDABAD,-1.0,,L,R,R,Gujarat-Titans,Royal-Challengers-Bangalore,Seam,1.0
2538,1,35,Gujarat Titans,Sai Sudharsan,Jacob Duffy,,1,2,0,0,0,0,0,0,1,0,0,0,0,0,0,0,0,,,0,0.2,1,1,0,838995,53.0,103.5,0,0,,41,INSWINGER,84,FRONTFOOT OFF DRIVE,0,0,2,0,0,0,Off stump,Full Length,0,0,0,0,0,0,0,0,84.54095897115029,-6.642470951382778,8.340404789607575,-0.5583956662478349,2.013910311913253,,,,,,,6.649857232275818,0.1546495822383771,0.5671713371417438,79.61074234742387,Defended,Played,None,0.510646820068359,0.468017578125,5.56562,0.130011,,,,,,,-7.9758,0.214617,0.38113,-8.840906,0.235993,0.449392,-11.07878767193178,-10.06017812463906,0.2663649614703256,0.5326273963160839,-3.160198584182887,-0.03728979078959566,-1.0,-1.0,NARENDRA-MODI-STADIUM-AHMEDABAD,-1.0,,L,R,R,Gujarat-Titans,Royal-Challengers-Bangalore,Seam,1.0
2538,1,35,Gujarat Titans,Sai Sudharsan,Jacob Duffy,,1,3,4,4,4,0,0,0,0,0,0,0,0,0,1,0,0,,,0,0.3,1,1,0,838996,-81.5,-137.5,4,0,,41,INSWINGER,40,FRONTFOOT FLICK,0,0,3,0,4,0,Outside Leg stump,Good Length,0,0,0,0,0,0,0,0,85.39415268029512,-7.529419206578599,8.340480738125123,-0.5688903187235819,2.001448462042473,,,,,,,7.901150656467301,0.2342859669489466,0.6217341448454758,79.83152503192673,Attacked,Played,None,0.50921630859375,0.4679603576660156,6.614544,-0.316603,,,,,,,-7.998531,-0.38214,0.560604,-8.840561,-0.394523,0.636519,-11.62637670831388,-10.06015578179356,-0.4126077053737435,0.7332433532175973,-2.950780108332242,-0.4953806922187921,-1.0,-1.0,NARENDRA-MODI-STADIUM-AHMEDABAD,-1.0,,L,R,R,Gujarat-Titans,Royal-Challengers-Bangalore,Seam,1.0
2538,1,35,Gujarat Titans,Sai Sudharsan,Jacob Duffy,,1,4,4,4,4,0,0,0,0,0,0,0,0,0,1,0,0,,,0,0.4,1,1,0,838997,160.0,139.5,4,0,,38,STRAIGHT BALL,51,FRONTFOOT COVERDRIVE,0,0,4,0,8,0,Outside Off stump,Good Length,0,0,0,0,0,0,0,0,84.93637949431273,-7.184115432943947,8.340591869806659,-0.5064156308355766,2.033966132630261,,,,,,,7.905111418911269,0.2031529522862698,0.6307606269175812,84.2987988090102,Attacked,Played,None,0.507316589355469,0.4622268676757813,6.213765,0.142116,,,,,,,-7.732437,0.289581,0.503365,-8.840823,0.33247,0.609093,-11.59417654509816,-10.06032426440951,0.380098174655886,0.7105559417302965,-1.977845256038855,0.1305585161789339,-1.0,-1.0,NARENDRA-MODI-STADIUM-AHMEDABAD,-1.0,,L,R,R,Gujarat-Titans,Royal-Challengers-Bangalore,Seam,1.0
2538,1,35,Gujarat Titans,Sai Sudharsan,Jacob Duffy,,1,5,1 (WD),1,0,0,0,0,0,1,1,0,0,0,0,0,0,,,0,0.5,1,1,1,838998,160.0,139.5,1,0,,36,BOUNCER,58,BACKFOOT PULL SHOT,1,0,5,0,9,0,Outside Leg stump,Short Length,0,0,0,0,0,0,0,0,83.49433559937964,-13.41694789089401,8.340570636573794,-0.6144197698453296,1.972879119059262,,,,,,,11.65079805849375,0.1874243956419662,0.665617770718041,91.10022604350954,Attacked,Missed,None,0.538993835449219,0.4961357116699219,10.892177,-0.44644,,,,,,,-8.0342,-0.449854,1.476995,-8.840923,-0.450177,1.569361,-15.77379838191008,-10.06014089070347,-0.4506695993502084,1.695031008667313,-1.373584917562287,-0.5963198562904577,-1.0,-1.0,NARENDRA-MODI-STADIUM-AHMEDABAD,-1.0,,L,R,R,Gujarat-Titans,Royal-Challengers-Bangalore,Seam,1.0
2538,1,35,Gujarat Titans,Sai Sudharsan,Jacob Duffy,,1,5,1 (WD),1,0,0,0,0,0,1,1,0,0,0,0,0,0,,,0,0.5,1,1,1,838999,160.0,139.5,1,0,,47,SLOWER BALL,40,FRONTFOOT FLICK,0,0,6,0,10,0,Outside Leg stump,Good Length,0,0,0,0,0,0,0,0,82.5875117708694,-6.265146192499168,8.34086098819359,-0.6669810637694351,2.025957429172199,,,,,,,7.63601014062701,0.182856035301177,0.6099769824776907,83.21094384153591,Attacked,Missed,None,0.520843505859375,0.547943115234375,5.651811,-0.419436,,,,,,,-999.9,-999.9,-999.9,-8.840939,-0.367112,0.532523,-11.66578204796633,-10.05969042904947,-0.3524052685355533,0.6323160605191922,0.175734857194922,-0.5386898858796144,-1.0,-1.0,NARENDRA-MODI-STADIUM-AHMEDABAD,-1.0,,L,R,R,Gujarat-Titans,Royal-Challengers-Bangalore,Seam,1.0
2538,1,35,Gujarat Titans,Sai Sudharsan,Jacob Duffy,,1,5,1,1,1,1,0,0,0,0,0,0,0,0,0,0,0,,,0,0.5,1,1,0,839000,120.0,-42.0,1,0,,38,STRAIGHT BALL,27,FORWARD PUSH,0,0,7,0,11,0,Outside Off stump,Good Length,0,0,0,0,0,0,0,0,85.98681111895115,-7.228546723721575,8.340667098427346,-0.5216803583876117,2.018029730543988,,,,,,,7.274118137177284,0.1530128802102889,0.5892685423655495,83.08899333380353,Attacked,Played,None,0.505428314208984,0.462249755859375,6.378259,0.141893,,,,,,,-7.971372,0.288281,0.502742,-8.840637,0.318539,0.575739,-11.62744490764703,-10.06007319840532,0.3613352933879647,0.6655351297166675,-2.535731192193739,0.09110555856893668,-1.0,-1.0,NARENDRA-MODI-STADIUM-AHMEDABAD,-1.0,,L,R,R,Gujarat-Titans,Royal-Challengers-Bangalore,Seam,1.0
2538,1,35,Gujarat Titans,Shubman Gill,Jacob Duffy,,1,6,1 (WD),1,0,0,0,0,0,1,1,0,0,0,0,0,0,,,0,0.6,1,1,1,839001,120.0,-42.0,1,0,,39,ANGLED IN,54,LEG GLANCE,0,0,8,0,12,0,Leg stump,Short of Good Length,0,0,0,0,0,0,0,0,84.98006056330512,-9.046525881932302,8.340492783717124,-0.610272976689643,1.999263290365911,,,,,,,7.779453372857652,0.1566879044674339,0.5824134086317889,81.69322084802495,Attacked,Missed,None,0.513725280761719,0.5401840209960938,8.019503,0.033941,,,,,,,-999.9,-999.9,-999.9,-8.840813,0.48259,0.746879,-12.50289241585692,-10.06010732736978,0.5655958306645149,0.8262168037442896,0.5788310420766642,-0.1727024455887383,-1.0,-1.0,NARENDRA-MODI-STADIUM-AHMEDABAD,-1.0,,R,L,R,Gujarat-Titans,Royal-Challengers-Bangalore,Seam,1.0
2538,1,35,Gujarat Titans,Shubman Gill,Jacob Duffy,,1,6,1,1,1,1,0,0,0,0,0,0,0,0,0,0,0,,,0,0.6,1,1,0,839002,131.0,-52.0,1,0,,39,ANGLED IN,40,FRONTFOOT FLICK,0,0,9,0,13,0,Off stump,Good Length,0,0,0,0,0,0,0,0,83.76845477026532,-7.309404533892191,8.34047658166038,-0.6537347582089812,2.030164799402692,,,,,,,7.431128459910952,0.1651984343820258,0.6274095174372668,87.59158417738743,Attacked,Played,None,0.506011962890625,0.4604301452636719,6.055344,-0.113075,,,,,,,-7.882861,0.075912,0.477631,-8.841045,0.123482,0.56364,-11.1425564652414,-10.06011963700336,0.1845219119209537,0.6598530280807471,1.212469474033617,-0.3904772373144584,-1.0,-1.0,NARENDRA-MODI-STADIUM-AHMEDABAD,-1.0,,R,L,R,Gujarat-Titans,Royal-Challengers-Bangalore,Seam,1.0
2538,1,35,Gujarat Titans,Shubman Gill,Bhuvneshwar Kumar,,2,1,0,0,0,0,0,0,1,0,0,0,0,0,0,0,0,,,0,1.1,1,1,0,839003,72.5,39.5,0,0,,42,OUTSWINGER,51,FRONTFOOT COVERDRIVE,0,0,1,1,13,0,Outside Off stump,Good Length,1,0,0,0,0,0,0,0,82.73153522545554,-7.100954499552471,8.340743883324091,-0.551817391221762,1.918643953694627,,,,,,,7.655955427413562,0.1749634681602099,0.6341800714442656,87.63066390061886,Defended,Played,None,0.518348693847656,0.470123291015625,6.657702,-0.440688,,,,,,,-7.809828,-0.340065,0.531045,-8.841065,-0.316021,0.619662,-11.29921132787549,-10.06002258729125,-0.2873450365890479,0.7098910346131169,-0.5549925820787872,1.033505279797852,-1.0,-1.0,NARENDRA-MODI-STADIUM-AHMEDABAD,-1.0,,R,L,R,Gujarat-Titans,Royal-Challengers-Bangalore,Seam,1.0
2538,1,35,Gujarat Titans,Shubman Gill,Bhuvneshwar Kumar,,2,2,0,0,0,0,0,0,1,0,0,0,0,0,0,0,0,,,0,1.2,1,1,0,839004,72.5,39.5,0,0,,42,OUTSWINGER,77,STEP DOWN DEFENCE,0,0,2,1,13,0,Outside Off stump,Short of Good Length,0,0,0,0,0,0,0,0,85.12600281336057,-8.880302374822737,8.340859112115819,-0.5899554929500982,1.909922286257039,,,,,,,7.885485835474277,0.1655211064773127,0.5745385874251043,79.62867746603438,Defended,Missed,None,0.514045715332031,0.540985107421875,8.493163,-0.305726,,,,,,,-999.9,-999.9,-999.9,-8.840948,-0.325626,0.785335,-12.77973529981018,-10.06032817625934,-0.329075203048226,0.8612662117993362,-2.439882045230214,-0.5294211566837856,-1.0,-1.0,NARENDRA-MODI-STADIUM-AHMEDABAD,-1.0,,R,L,R,Gujarat-Titans,Royal-Challengers-Bangalore,Seam,1.0
2538,1,35,Gujarat Titans,Shubman Gill,Bhuvneshwar Kumar,,2,3,4,4,4,0,0,0,0,0,0,0,0,0,1,0,0,,,0,1.3,1,1,0,839005,-176.5,115.0,4,0,,38,STRAIGHT BALL,51,FRONTFOOT COVERDRIVE,0,0,3,1,17,0,Outside Off stump,Good Length,0,0,0,0,0,0,0,0,85.07189370429573,-8.13440683608387,8.341226434006465,-0.5958583345979312,1.925061000303029,,,,,,,8.358890617083215,0.1709421144852697,0.6200801479608042,85.91781074559367,Attacked,Played,None,0.51287841796875,0.4507598876953125,7.935313,-0.539678,,,,,,,-7.311434,-0.467255,0.667342,-8.841019,-0.445328,0.805957,-12.53638779313007,-10.05990491655826,-0.4276617209971726,0.899122212763742,0.615205776567147,0.1571777562257523,-1.0,-1.0,NARENDRA-MODI-STADIUM-AHMEDABAD,-1.0,,R,L,R,Gujarat-Titans,Royal-Challengers-Bangalore,Seam,1.0
2538,1,35,Gujarat Titans,Shubman Gill,Bhuvneshwar Kumar,,2,4,0,0,0,0,0,0,1,0,0,0,0,0,0,0,0,,,0,1.4,1,1,0,839006,-51.0,-62.0,0,0,,38,STRAIGHT BALL,35,LATE CUT,0,0,4,1,17,0,Outside Off stump,Short of Good Length,0,0,0,0,0,0,0,0,84.66960511542321,-8.334307231149552,8.34037453729509,-0.6157589838223579,1.934670198888495,,,,,,,7.121372860580596,0.1402388283077214,0.5636852908566006,80.52891079771796,Defended,Played,None,0.508964538574219,0.4935035705566406,7.661931,-0.519575,,,,,,,-8.707784,-0.487934,0.630674,-8.84063,-0.487251,0.639251,-11.93501159084207,-10.06031219128962,-0.4809469869207488,0.7094956740407365,-0.1192538855083107,-0.1704459114629729,-1.0,-1.0,NARENDRA-MODI-STADIUM-AHMEDABAD,-1.0,,R,L,R,Gujarat-Titans,Royal-Challengers-Bangalore,Seam,1.0
2538,1,35,Gujarat Titans,Shubman Gill,Bhuvneshwar Kumar,,2,5,1,1,1,1,0,0,0,0,0,0,0,0,0,0,0,,,0,1.5,1,1,0,839007,-164.5,-23.0,1,0,,38,STRAIGHT BALL,36,CUT SHOT,0,0,5,1,18,0,Outside Off stump,Short of Good Length,0,0,0,0,0,0,0,0,85.8829656906145,-10.67069463994043,8.340592551494275,-0.6065676699816293,1.87308117115025,,,,,,,9.244583915372202,0.1603142367955035,0.6296588388278685,88.41740214462995,Attacked,Played,None,0.51544189453125,0.4522705078125,9.763461,-0.451653,,,,,,,-7.282085,-0.279923,0.941004,-8.840846,-0.230083,1.083037,-13.61125242391912,-10.0598307480916,-0.1879540951214423,1.176666635174507,-0.1793544682632136,0.1492994390272217,-1.0,-1.0,NARENDRA-MODI-STADIUM-AHMEDABAD,-1.0,,R,L,R,Gujarat-Titans,Royal-Challengers-Bangalore,Seam,1.0
2538,1,35,Gujarat Titans,Sai Sudharsan,Bhuvneshwar Kumar,,2,6,0,0,0,0,0,0,1,0,0,0,0,0,0,0,0,,,0,1.6,1,1,0,839008,-164.5,-23.0,0,0,,42,OUTSWINGER,105,LEFT ALONE,0,0,6,1,18,0,Off stump,Good Length,0,0,0,0,0,0,0,0,86.32295574747522,-9.07461485302193,8.340981069871773,-0.4955480511253203,1.905610398580313,,,,,,,8.344511136228087,0.1591414147268722,0.63730533263396,89.6816584224068,Attacked,Missed,None,0.508003234863281,0.5325851440429688,8.3548,0.015895,,,,,,,-999.9,-999.9,-999.9,-8.840932,0.461427,0.842264,-12.2463239842869,-10.06020895327238,0.5400938305205992,0.933629073299038,0.1844292432354034,0.4668672339589813,-1.0,-1.0,NARENDRA-MODI-STADIUM-AHMEDABAD,-1.0,,L,R,R,Gujarat-Titans,Royal-Challengers-Bangalore,Seam,1.0
2538,1,35,Gujarat Titans,Shubman Gill,Josh Hazlewood,,3,1,4,4,4,0,0,0,0,0,0,0,0,0,1,0,0,,,0,2.1,1,1,0,839009,174.5,103.0,4,0,,38,STRAIGHT BALL,70,STEP DOWN PULL SHOT,0,0,1,2,22,0,Outside Off stump,Short Length,1,0,0,0,0,0,0,0,85.50520614855387,-13.46646507225213,8.34054438131427,-0.6187968504109606,2.152878389294816,,,,,,,10.46645936794766,0.1381981012453813,0.6006986102468381,86.28498141248758,Attacked,Played,None,0.5203857421875,0.4482879638671875,10.326046,-0.196583,,,,,,,-7.09132,0.253948,1.115887,-8.840901,0.365027,1.288015,-16.06203956052234,-10.06025921688094,0.4433885047734883,1.386635066376383,0.4180475092463781,0.1974604975225229,-1.0,-1.0,NARENDRA-MODI-STADIUM-AHMEDABAD,-1.0,,R,L,R,Gujarat-Titans,Royal-Challengers-Bangalore,Seam,1.0
2538,1,35,Gujarat Titans,Shubman Gill,Josh Hazlewood,,3,2,0 WK,W,0,0,0,0,1,0,0,0,0,0,0,0,1,Caught,WICKET,1,2.2,1,1,0,839010,1.5,118.0,0,0,,38,STRAIGHT BALL,46,FRONTFOOT PULL SHOT,0,0,2,2,22,1,Outside Off stump,Short of Good Length,2,0,0,0,0,0,0,0,88.13559307956504,-10.47629098461355,8.340722108518094,-0.6263017323929924,2.191509889021784,,,,,,,9.522824718317702,0.1586965888660886,0.6495818815486777,91.5676233456928,None,None,None,0.499099731445312,0.461151123046875,8.235316,-0.46845,,,,,,,-8.032473,-0.384757,0.909717,-8.840803,-0.373554,0.99852,-13.59968730314798,-10.06029875725323,-0.3565138730079772,1.120604937830658,0.4401322575340729,-0.3635602589768134,-1.0,-1.0,NARENDRA-MODI-STADIUM-AHMEDABAD,-1.0,,R,L,R,Gujarat-Titans,Royal-Challengers-Bangalore,Seam,1.0
2538,1,35,Gujarat Titans,Nishant Sindhu,Josh Hazlewood,,3,3,1,1,1,1,0,0,0,0,0,0,0,0,0,0,0,,,0,2.3,1,1,0,839011,79.5,35.0,1,0,,38,STRAIGHT BALL,51,FRONTFOOT COVERDRIVE,0,0,3,2,23,1,Off stump,Good Length,3,0,0,0,0,0,0,0,91.44982397865323,-7.343869540787699,8.341246504200825,-0.580811957774433,2.187075263046866,,,,,,,7.045645457672109,0.1546757103550917,0.5936315056473961,83.57715481160024,Attacked,Played,None,0.469390869140625,0.4516525268554688,5.13175,-0.012938,,,,,,,-8.651903,0.191931,0.444081,-8.840773,0.202479,0.461581,-11.19731844362946,-10.05980269215679,0.2709311928154393,0.5671797159730902,0.2148594090802198,0.5437581559815429,-1.0,-1.0,NARENDRA-MODI-STADIUM-AHMEDABAD,-1.0,,L,L,R,Gujarat-Titans,Royal-Challengers-Bangalore,Seam,1.0
2538,1,35,Gujarat Titans,Sai Sudharsan,Josh Hazlewood,,3,4,0,0,0,0,0,0,1,0,0,0,0,0,0,0,0,,,0,2.4,1,1,0,839012,23.5,117.0,0,0,,38,STRAIGHT BALL,58,BACKFOOT PULL SHOT,0,0,4,2,23,1,Outside Leg stump,Short Length,0,0,0,0,0,0,0,0,90.31812817132689,-12.75178536010463,8.340395292562938,-0.63113382916001,2.093393424178204,,,,,,,10.53454664036022,0.1253921042370671,0.583512607932073,84.98768076610425,Attacked,Edged,None,0.493446350097656,0.4536094665527344,10.493673,-0.232845,,,,,,,-7.948588,0.249642,1.244857,-8.841116,0.302937,1.332415,-16.68413074703112,-10.05982773871304,0.3763406238291863,1.437526791506573,0.2956839844598705,0.1534470146013359,-1.0,-1.0,NARENDRA-MODI-STADIUM-AHMEDABAD,-1.0,,L,L,R,Gujarat-Titans,Royal-Challengers-Bangalore,Seam,1.0
2538,1,35,Gujarat Titans,Sai Sudharsan,Josh Hazlewood,,3,5,1,1,1,1,0,0,0,0,0,0,0,0,0,0,0,,,0,2.5,1,1,0,839013,-139.0,-52.0,1,0,,38,STRAIGHT BALL,27,FORWARD PUSH,0,0,5,2,24,1,Outside Leg stump,Good Length,0,0,0,0,0,0,0,0,89.34657763450934,-9.140461080578442,8.340555247276793,-0.6475729685824674,2.159840349670969,,,,,,,7.929505912154849,0.205321943166214,0.5878845906138147,77.6504942754508,Attacked,Played,None,0.490299224853516,0.4595489501953125,7.171535,-0.245299,,,,,,,-8.254547,-0.023469,0.657153,-8.840707,0.001339,0.709377,-12.40369019898462,-10.06013170049289,0.05332700397888129,0.8074328531183492,0.2586596553075416,0.1328441674417676,-1.0,-1.0,NARENDRA-MODI-STADIUM-AHMEDABAD,-1.0,,L,L,R,Gujarat-Titans,Royal-Challengers-Bangalore,Seam,1.0
2538,1,35,Gujarat Titans,Nishant Sindhu,Josh Hazlewood,,3,6,0,0,0,0,0,0,1,0,0,0,0,0,0,0,0,,,0,2.6,1,1,0,839014,78.0,-20.0,0,0,,38,STRAIGHT BALL,27,FORWARD PUSH,0,0,6,2,24,1,Off stump,Short of Good Length,0,0,0,0,0,0,0,0,85.9807870584154,-10.23637079623577,8.340597514351607,-0.5961757975902012,2.194026472514498,,,,,,,9.233082419066044,0.1776678531853453,0.6215191231915802,85.4610831602025,Defended,Played,None,0.512649536132812,0.500335693359375,8.134536,-0.075057,,,,,,,-8.831563,0.375571,0.932075,-8.840729,0.376164,0.93296,-13.66031678771119,-10.0600433727728,0.4548045292356773,1.042854170563451,-0.04825219049525811,0.8859353294281173,-1.0,-1.0,NARENDRA-MODI-STADIUM-AHMEDABAD,-1.0,,L,L,R,Gujarat-Titans,Royal-Challengers-Bangalore,Seam,1.0
2538,1,35,Gujarat Titans,Sai Sudharsan,Bhuvneshwar Kumar,,4,1,2,2,2,0,1,0,0,0,0,0,0,0,0,0,0,,,0,3.1,1,1,0,839015,-165.0,43.0,2,0,,38,STRAIGHT BALL,97,BACKFOOT PUSH,0,0,1,3,26,1,Outside Leg stump,Short of Good Length,1,0,0,0,0,0,0,0,85.2577008571344,-10.58902373658081,8.340599542598568,-0.4826582147570724,1.898565078028553,,,,,,,8.886249557730185,0.1448641006898341,0.6339478666874724,90.60576993413744,Attacked,Played,None,0.510726928710938,0.4808235168457031,9.428101,-0.179122,,,,,,,-8.120593,0.135444,0.938446,-8.840907,0.166691,0.998137,-13.11274479369252,-10.05973809236202,0.2199793173834684,1.086827383310864,-0.5121038292011565,0.6644243133015533,-1.0,-1.0,NARENDRA-MODI-STADIUM-AHMEDABAD,-1.0,,L,L,R,Gujarat-Titans,Royal-Challengers-Bangalore,Seam,1.0
2538,1,35,Gujarat Titans,Sai Sudharsan,Bhuvneshwar Kumar,,4,2,0,0,0,0,0,0,1,0,0,0,0,0,0,0,0,,,0,3.2,1,1,0,839016,3.0,68.0,0,0,,38,STRAIGHT BALL,97,BACKFOOT PUSH,0,0,2,3,26,1,Leg stump,Short of Good Length,0,0,0,0,0,0,0,0,86.06515846943282,-8.843268576929262,8.340902220093682,-0.5278025040350871,1.926783252758158,,,,,,,8.77083572466623,0.193974088248896,0.6617565731233471,89.86607714361246,Defended,Played,None,0.510086059570312,0.47186279296875,8.114234,-0.132005,,,,,,,-8.045849,0.069366,0.793006,-8.840986,0.09634,0.867038,-12.24075505877396,-10.06002307544936,0.1380344029906757,0.9678621305013722,0.569846600229269,-0.6519933569375486,-1.0,-1.0,NARENDRA-MODI-STADIUM-AHMEDABAD,-1.0,,L,L,R,Gujarat-Titans,Royal-Challengers-Bangalore,Seam,1.0
2538,1,35,Gujarat Titans,Sai Sudharsan,Bhuvneshwar Kumar,,4,3,0,0,0,0,0,0,1,0,0,0,0,0,0,0,0,,,0,3.3,1,1,0,839017,3.0,68.0,0,0,,36,BOUNCER,105,LEFT ALONE,1,0,3,3,26,1,Outside Leg stump,Short Length,0,0,0,0,0,0,0,0,82.53383257869878,-16.85613586674866,8.340461790423578,-0.5215949122301571,1.801860576375784,,,,,,,11.65949959903517,0.1387236125595306,0.5302382593118634,75.66337764082647,None,None,None,0.55535888671875,0.5790939331054688,13.01718,-0.260629,,,,,,,-999.9,-999.9,-999.9,-8.841131,0.380397,1.822032,-19.76772087325484,-10.05997787260095,0.4444945958018645,1.927240883256452,0.03021834326743902,0.395745000103274,-1.0,-1.0,NARENDRA-MODI-STADIUM-AHMEDABAD,-1.0,,L,L,R,Gujarat-Titans,Royal-Challengers-Bangalore,Seam,1.0
2538,1,35,Gujarat Titans,Sai Sudharsan,Bhuvneshwar Kumar,,4,4,0 WK,W,0,0,0,0,1,0,0,0,0,0,0,0,1,Caught,WICKET,1,3.4,1,1,0,839018,-52.0,-71.0,0,0,,36,BOUNCER,58,BACKFOOT PULL SHOT,1,0,4,3,26,2,Outside Leg stump,Short Length,1,0,0,0,0,0,0,0,86.12589511582202,-18.98067364256508,8.341178668619932,-0.5413727944716981,1.838207951840128,,,,,,,12.77604142365087,0.1795380122787274,0.53726316433311,72.63567342209376,None,None,None,0.562728881835938,0.5152931213378906,13.406358,-0.289336,,,,,,,-7.879806,0.448957,2.069418,-8.841112,0.507028,2.190213,-20.68951810965349,-10.06010253108463,0.5793287921675475,2.329803094404824,-0.07038103250269787,1.15851780374387,-1.0,-1.0,NARENDRA-MODI-STADIUM-AHMEDABAD,-1.0,,L,L,R,Gujarat-Titans,Royal-Challengers-Bangalore,Seam,1.0
2538,1,35,Gujarat Titans,Jos Buttler,Bhuvneshwar Kumar,,4,5,0,0,0,0,0,0,1,0,0,0,0,0,0,0,0,,,0,3.5,1,1,0,839019,69.5,40.0,0,0,,39,ANGLED IN,27,FORWARD PUSH,0,0,5,3,26,2,Outside Off stump,Good Length,2,0,0,0,0,0,0,0,86.59287075040642,-8.140875475851718,8.340418289415204,-0.861670039500903,1.917986201423906,,,,,,,7.605281275846341,0.1979147430514882,0.6132600452973356,82.19753248945152,Defended,Played,None,0.502704620361328,0.454559326171875,7.427438,-0.286594,,,,,,,-7.874245,-0.026147,0.607002,-8.840846,0.023065,0.68588,-11.51011073302504,-10.05986252069948,0.08567517803024538,0.772235611082088,0.09153921996650935,-0.2586941520806245,-1.0,-1.0,NARENDRA-MODI-STADIUM-AHMEDABAD,-1.0,,R,L,R,Gujarat-Titans,Royal-Challengers-Bangalore,Seam,1.0
2538,1,35,Gujarat Titans,Jos Buttler,Bhuvneshwar Kumar,,4,6,4,4,4,0,0,0,0,0,0,0,0,0,1,0,0,,,0,3.6,1,1,0,839020,75.0,-131.5,4,0,,39,ANGLED IN,54,LEG GLANCE,0,0,6,3,30,2,Outside Off stump,Good Length,0,0,0,0,0,0,0,0,85.78464036745261,-8.534453508049122,8.340563845348488,-0.5992984093589175,1.87327145202345,,,,,,,7.66758995855812,0.1418296106687528,0.5972408455852071,85.40316577090579,Attacked,Played,None,0.506332397460938,0.46270751953125,8.137196,-0.265598,,,,,,,-8.018338,0.025891,0.673857,-8.841128,0.070126,0.73674,-12.10150644716469,-10.06006895332386,0.1379247211035802,0.8177196420463788,0.2418722154487512,0.4660223618054654,-1.0,-1.0,NARENDRA-MODI-STADIUM-AHMEDABAD,-1.0,,R,L,R,Gujarat-Titans,Royal-Challengers-Bangalore,Seam,1.0
2538,1,35,Gujarat Titans,Nishant Sindhu,Josh Hazlewood,,5,1,0,0,0,0,0,0,1,0,0,0,0,0,0,0,0,,,0,4.1,1,1,0,839021,49.5,93.5,0,0,,38,STRAIGHT BALL,49,FORWARD DEFENCE,0,0,1,4,30,2,Leg stump,Good Length,1,0,0,0,0,0,0,0,89.75158423506491,-8.679587794368183,8.34048410391468,-0.5902729795585288,2.195396577163715,,,,,,,7.428853631968641,0.1532468471567997,0.5810628949105113,81.83474952089674,Defended,Played,None,0.482345581054688,0.4644699096679688,6.502121,-0.188982,,,,,,,-8.659691,0.021603,0.592984,-8.840744,0.02923,0.608635,-12.0129516785911,-10.05971688689795,0.0808643833134923,0.7062543547702782,0.1573278597478832,0.3054421070667436,-1.0,-1.0,NARENDRA-MODI-STADIUM-AHMEDABAD,-1.0,,L,R,R,Gujarat-Titans,Royal-Challengers-Bangalore,Seam,1.0
2538,1,35,Gujarat Titans,Nishant Sindhu,Josh Hazlewood,,5,2,4,4,4,0,0,0,0,0,0,0,0,0,1,0,0,,,0,4.2,1,1,0,839022,187.0,23.5,4,0,,38,STRAIGHT BALL,15,LOFTED COVER DRIVE,0,0,2,4,34,2,Outside Off stump,Good Length,0,0,0,0,0,0,0,0,89.765282,-8.679587794368183,8.34048410391468,-0.5890458931597964,2.195396577163715,,,,,,,7.428853631968641,0.1532468471567997,0.5810628949105113,81.83474952089674,Attacked,Played,None,0.482345581054688,0.4644699096679688,6.502121,-0.188982,,,,,,,-999.9,-999.9,-999.9,-8.840744,0.02923,0.608635,-12.0129516785911,-10.05971688689795,0.0808643833134923,0.7062543547702782,0.1686312745145043,0.3054421070667436,-1.0,-1.0,NARENDRA-MODI-STADIUM-AHMEDABAD,-1.0,,L,R,R,Gujarat-Titans,Royal-Challengers-Bangalore,Seam,1.0
2538,1,35,Gujarat Titans,Nishant Sindhu,Josh Hazlewood,,5,3,4,4,4,0,0,0,0,0,0,0,0,0,1,0,0,,,0,4.3,1,1,0,839023,79.5,-132.5,4,0,,30,ANGLED ACROSS,44,GLIDE,0,0,3,4,38,2,Off stump,Good Length,0,0,0,0,0,0,0,0,91.54119073321928,-8.816408966957615,8.340404116608049,-0.590292880661864,2.156699560060907,,,,,,,8.359488018107104,0.1600530839420091,0.6416026889056253,90.2350949416429,Attacked,Played,None,0.474472045898438,0.4656257629394531,6.827205,-0.033224,,,,,,,-8.954129,0.305989,0.734383,-8.840579,0.299109,0.722885,-12.191405076754,-10.05970564014071,0.3733060214618616,0.8404540451812967,1.10230237184452,-0.009309610878860555,-1.0,-1.0,NARENDRA-MODI-STADIUM-AHMEDABAD,-1.0,,L,R,R,Gujarat-Titans,Royal-Challengers-Bangalore,Seam,1.0
2538,1,35,Gujarat Titans,Nishant Sindhu,Josh Hazlewood,,5,4,1,1,1,1,0,0,0,0,0,0,0,0,0,0,0,,,0,4.4,1,1,0,839024,98.5,-102.0,1,0,,38,STRAIGHT BALL,44,GLIDE,0,0,4,4,39,2,Leg stump,Short of Good Length,0,0,0,0,0,0,0,0,87.05966209499131,-11.0265247253974,8.3406712326566,-0.5983117475458807,2.178387770678301,,,,,,,10.18315988472905,0.1708564273878033,0.6771792120834056,94.49123907373053,Attacked,Played,None,0.500839233398438,0.48870849609375,8.566363,-0.09424,,,,,,,-8.862571,0.298705,1.10812,-8.840476,0.297605,1.105584,-13.84677402997864,-10.06021917686987,0.3575379371184824,1.238470149443279,0.1438645702173996,0.2357781638776048,-1.0,-1.0,NARENDRA-MODI-STADIUM-AHMEDABAD,-1.0,,L,R,R,Gujarat-Titans,Royal-Challengers-Bangalore,Seam,1.0
2538,1,35,Gujarat Titans,Jos Buttler,Josh Hazlewood,,5,5,0,0,0,0,0,0,1,0,0,0,0,0,0,0,0,,,0,4.5,1,1,0,839025,75.0,24.0,0,0,,38,STRAIGHT BALL,97,BACKFOOT PUSH,0,0,5,4,39,2,Outside Off stump,Short of Good Length,0,0,0,0,0,0,0,0,89.6913413847402,-13.11798392306032,8.34090876678112,-0.6177378497434851,2.124189511157098,,,,,,,10.04897381694828,0.1617565592270371,0.5670872140978369,78.88742619197183,Defended,Played,None,0.503585815429688,0.4712905883789063,10.321169,-0.408283,,,,,,,-8.233846,-0.088473,1.223525,-8.840474,-0.064785,1.28464,-16.14594371493934,-10.06006133719827,-0.01679875047427748,1.396580009740669,0.4353915638238068,0.3758865727487851,-1.0,-1.0,NARENDRA-MODI-STADIUM-AHMEDABAD,-1.0,,R,L,R,Gujarat-Titans,Royal-Challengers-Bangalore,Seam,1.0
2538,1,35,Gujarat Titans,Jos Buttler,Josh Hazlewood,,5,6,0,0,0,0,0,0,1,0,0,0,0,0,0,0,0,,,0,4.6,1,1,0,839026,75.0,24.0,0,0,,36,BOUNCER,105,LEFT ALONE,1,0,6,4,39,2,Outside Off stump,Short Length,0,0,0,0,0,0,0,0,87.98321886253602,-15.58544314369555,8.340579483565744,-0.6303317335110732,2.085000015832379,,,,,,,11.42349992008681,0.1577981162148355,0.537674651639204,74.87138612439706,None,None,None,0.513999938964844,0.5388221740722656,11.744112,-0.383233,,,,,,,-999.9,-999.9,-999.9,-8.840471,0.070833,1.677873,-19.00825350616878,-10.0602722808868,0.1327859127379,1.804242496211887,0.5213648939741058,-0.2815672624191911,-1.0,-1.0,NARENDRA-MODI-STADIUM-AHMEDABAD,-1.0,,R,L,R,Gujarat-Titans,Royal-Challengers-Bangalore,Seam,1.0
2538,1,35,Gujarat Titans,Nishant Sindhu,Rasikh Dar,,6,1,0,0,0,0,0,0,1,0,0,0,0,0,0,0,0,,,0,5.1,1,1,0,839027,78.0,26.0,0,0,,47,SLOWER BALL,49,FORWARD DEFENCE,0,0,1,5,39,2,Outside Off stump,Good Length,1,0,0,0,0,0,0,0,91.226754,-9.068409403494599,8.340344599657001,-0.620549713667578,1.844806370149983,,,,,,,8.426923501132864,0.5443541951990514,0.7212938724382009,63.75866134582499,Defended,Played,None,0.506332397460938,0.4588851928710938,7.488764,-0.242755,,,,,,,-999.9,-999.9,-999.9,-8.840649,0.075585,0.764026,-9.769201792452826,-10.06020200899904,0.1392351950417061,0.8561260036362388,0.1487762479589656,0.7822871866299358,-1.0,-1.0,NARENDRA-MODI-STADIUM-AHMEDABAD,-1.0,,L,R,R,Gujarat-Titans,Royal-Challengers-Bangalore,Seam,1.0
2538,1,35,Gujarat Titans,Nishant Sindhu,Rasikh Dar,,6,2,0,0,0,0,0,0,1,0,0,0,0,0,0,0,0,,,0,5.2,1,1,0,839028,52.0,41.0,0,0,,39,ANGLED IN,50,BACKFOOT DEFENCE,0,0,2,5,39,2,Outside Off stump,Short of Good Length,0,0,0,0,0,0,0,0,82.30645247623295,-10.30401424359387,8.340498281846944,0.6412691250136532,1.849629109127017,,,,,,,9.180298790517472,0.1825841442705577,0.6034326903782031,82.25648912967469,Defended,Played,None,0.535858154296875,0.5021438598632812,9.864661,0.228097,,,,,,,-8.187167,0.045717,1.037217,-8.841067,0.030269,1.09403,-13.95107511632351,-10.0599511028779,0.001249432442688797,1.188426508700873,1.787668694491556,0.5806874995274056,-1.0,-1.0,NARENDRA-MODI-STADIUM-AHMEDABAD,-1.0,,L,R,R,Gujarat-Titans,Royal-Challengers-Bangalore,Seam,1.0
2538,1,35,Gujarat Titans,Nishant Sindhu,Rasikh Dar,,6,3,1,1,1,1,0,0,0,0,0,0,0,0,0,0,0,,,0,5.3,1,1,0,839029,160.0,35.0,1,0,,38,STRAIGHT BALL,52,BACKFOOT COVERDRIVE,0,0,3,5,40,2,Outside Off stump,Short of Good Length,0,0,0,0,0,0,0,0,84.2505079069098,-8.6445885867742,8.340870704280725,0.7641183103313636,1.845886407454554,,,,,,,8.477482604615581,0.1360774117877348,0.6267558099484605,90.40563031349559,Attacked,Played,None,0.519355773925781,0.5072021484375,8.687533,0.570547,,,,,,,-9.058506,0.426494,0.900404,-8.840981,0.429565,0.88338,-12.72818828002694,-10.05966704649387,0.4131710087244261,0.9724646690991798,0.851119297035952,-0.6302052648424173,-1.0,-1.0,NARENDRA-MODI-STADIUM-AHMEDABAD,-1.0,,L,R,R,Gujarat-Titans,Royal-Challengers-Bangalore,Seam,1.0
2538,1,35,Gujarat Titans,Jos Buttler,Rasikh Dar,,6,4,1,1,1,1,0,0,0,0,0,0,0,0,0,0,0,,,0,5.4,1,1,0,839030,40.5,105.0,1,0,,38,STRAIGHT BALL,47,FRONTFOOT ON DRIVE,0,0,4,5,41,2,Outside Off stump,Full Toss,0,0,0,0,0,0,0,0,83.84795992247889,-2.2794613234254,8.340392680543982,-0.6949985039954895,1.942002739564148,,,,,,,6.520112823464086,0.1814426658201781,0.6499999999999995,89.35573341798212,Attacked,Played,None,0.500518798828125,0.4587249755859375,-0.8004859999999994,-0.362434,,,,,,,-7.903307,-0.417212,0.496654,-8.840531,-0.400004,0.358395,-9.483189310369312,-10.06033754019201,-0.3773962645175538,0.1682794664514364,0.1578429645160849,0.0,-1.0,-1.0,NARENDRA-MODI-STADIUM-AHMEDABAD,-1.0,,R,L,R,Gujarat-Titans,Royal-Challengers-Bangalore,Seam,1.0
2538,1,35,Gujarat Titans,Nishant Sindhu,Rasikh Dar,,6,5,4,4,4,0,0,0,0,0,0,0,0,0,1,0,0,,,0,5.5,1,1,0,839031,-140.5,-99.0,4,0,,47,SLOWER BALL,58,BACKFOOT PULL SHOT,0,0,5,5,45,2,Outside Off stump,Short of Good Length,0,0,0,0,0,0,0,0,66.94086825459974,-7.166488089672085,8.34079656450064,0.7590425586458033,1.883814960639208,,,,,,,10.31426939015253,0.1787047647343739,0.6341248971398662,87.24825809754256,Attacked,Played,None,0.658527374267578,0.6059646606445312,8.774907,0.195511,,,,,,,-7.973444,-0.235206,0.891709,-8.840662,-0.292767,0.948919,-14.83477514384587,-10.0599002955496,-0.3743928497255489,1.006458819470972,-0.6091208661654803,0.07569110287485534,-1.0,-1.0,NARENDRA-MODI-STADIUM-AHMEDABAD,-1.0,,L,R,R,Gujarat-Titans,Royal-Challengers-Bangalore,Seam,1.0
2538,1,35,Gujarat Titans,Nishant Sindhu,Rasikh Dar,,6,6,0,0,0,0,0,0,1,0,0,0,0,0,0,0,0,,,0,5.6,1,1,0,839032,75.5,38.0,0,0,,39,ANGLED IN,97,BACKFOOT PUSH,0,0,6,5,45,2,Outside Off stump,Short of Good Length,0,0,0,0,0,0,0,0,83.6951521060241,-9.372698242282798,8.340616432034231,0.7911483609799156,1.850243989336604,,,,,,,8.624705388862163,0.1862087669063887,0.6112173253029667,83.06172210480612,Defended,Played,None,0.521919250488281,0.5053253173828125,9.077669,0.386816,,,,,,,-8.776903,0.08782,0.89642,-8.840517,0.085302,0.900995,-13.00866396042348,-10.06023052524001,0.03677457824909186,0.9798519750876675,0.006814034094160757,0.3483582442454293,-1.0,-1.0,NARENDRA-MODI-STADIUM-AHMEDABAD,-1.0,,L,R,R,Gujarat-Titans,Royal-Challengers-Bangalore,Seam,1.0
2538,1,35,Gujarat Titans,Jos Buttler,Krunal Pandya,,7,1,1,1,1,1,0,0,0,0,0,0,0,0,0,0,0,,,0,6.1,1,1,0,839033,128.5,-47.0,1,0,,10,ORTHODOX,97,BACKFOOT PUSH,0,0,1,6,46,2,Leg stump,Good Length,1,0,0,0,0,0,0,0,62.19849781796293,-4.624501792504184,8.340686070748593,-0.6003882891490181,1.982143876191984,,,,,,,10.42109090046273,0.2303319816150248,0.6143292197259633,79.11618479739202,Attacked,Played,None,0.705528259277344,0.6666183471679688,6.979867,-0.006761,,,,,,,-8.389433,0.170332,0.72515,-8.840622,0.185738,0.758107,-15.09661994623851,-10.06020443867829,0.2276735564165418,0.8250799231962844,0.9819277396436381,-1.615128235642308,-1.0,-1.0,NARENDRA-MODI-STADIUM-AHMEDABAD,-1.0,,R,L,L,Gujarat-Titans,Royal-Challengers-Bangalore,Spin,1.0
2538,1,35,Gujarat Titans,Nishant Sindhu,Krunal Pandya,,7,2,1,1,1,1,0,0,0,0,0,0,0,0,0,0,0,,,0,6.2,1,1,0,839034,169.5,56.5,1,0,,10,ORTHODOX,51,FRONTFOOT COVERDRIVE,0,0,2,6,47,2,Outside Off stump,Full Length,0,0,0,0,0,0,0,0,63.52163822431586,-3.621187644463023,8.34075869626411,-0.6456394764967456,2.000362247788214,,,,,,,8.351151686477799,0.1738879885175525,0.5785049519102456,79.3869439347816,Attacked,Played,None,0.673667907714844,0.632171630859375,4.943275,0.239225,,,,,,,-8.264929,0.447272,0.407045,-8.840977,0.485893,0.455967,-13.35885493538856,-10.06011055491719,0.5682104691444505,0.538743057074843,1.332320299992876,-0.7219582341835799,-1.0,-1.0,NARENDRA-MODI-STADIUM-AHMEDABAD,-1.0,,L,R,L,Gujarat-Titans,Royal-Challengers-Bangalore,Spin,1.0
2538,1,35,Gujarat Titans,Jos Buttler,Krunal Pandya,,7,3,1,1,1,1,0,0,0,0,0,0,0,0,0,0,0,,,0,6.3,1,1,0,839035,47.0,-59.0,1,0,,10,ORTHODOX,54,LEG GLANCE,0,0,3,6,48,2,Outside Leg stump,Full Length,0,0,0,0,0,0,0,0,61.68325036188205,-3.706675970224326,8.340486478540019,-0.6766591165548927,1.988525235389489,,,,,,,9.284909228971348,0.2204091911016865,0.6387518191141212,83.77185375694953,Attacked,Played,None,0.709556579589844,0.6399192810058594,4.995049,0.165871,,,,,,,-8.163095,0.344745,0.451419,-8.841048,0.384476,0.517419,-13.2059112228294,-10.06008512129476,0.4564658080025775,0.6126168906445908,1.697870048871481,-1.218800621587481,-1.0,-1.0,NARENDRA-MODI-STADIUM-AHMEDABAD,-1.0,,R,L,L,Gujarat-Titans,Royal-Challengers-Bangalore,Spin,1.0
2538,1,35,Gujarat Titans,Nishant Sindhu,Krunal Pandya,,7,4,1,1,1,1,0,0,0,0,0,0,0,0,0,0,0,,,0,6.4,1,1,0,839036,-88.0,158.5,1,0,,10,ORTHODOX,47,FRONTFOOT ON DRIVE,0,0,4,6,49,2,Off stump,Full Length,0,0,0,0,0,0,0,0,61.98665135501862,-3.910030073867358,8.340507916957424,-0.6906068071657838,1.986833039916992,,,,,,,10.08112983761414,0.2260176260647806,0.6741577754394963,88.52190370944638,Attacked,Played,None,0.708114624023438,0.6178550720214844,5.393833,-0.020641,,,,,,,-7.862668,0.119755,0.508141,-8.840935,0.163445,0.614906,-13.49629154128,-10.06002377787248,0.2183778673890817,0.7214995913745756,0.8892283340879604,-0.9287814521551672,-1.0,-1.0,NARENDRA-MODI-STADIUM-AHMEDABAD,-1.0,,L,R,L,Gujarat-Titans,Royal-Challengers-Bangalore,Spin,1.0
2538,1,35,Gujarat Titans,Jos Buttler,Krunal Pandya,,7,5,1,1,1,1,0,0,0,0,0,0,0,0,0,0,0,,,0,6.5,1,1,0,839037,145.0,57.0,1,0,,10,ORTHODOX,27,FORWARD PUSH,0,0,5,6,50,2,Leg stump,Full Length,0,1,1,0,1,0,0,0,57.92511832820016,-1.690952726789897,8.340987079742412,-0.597111983878967,1.999962791958788,,,,,,,11.52434887427446,0.2723211696319076,0.649558151381327,80.20160574400829,Attacked,Played,None,0.756752014160156,0.68682861328125,4.976962,0.072355,,,,,,,-8.032065,0.148386,0.530091,-8.840943,0.169567,0.6295,-15.4042348872817,-10.06004749790546,0.2017632254981677,0.7477554074069759,1.126158988606933,-1.984109983122408,-1.0,-1.0,NARENDRA-MODI-STADIUM-AHMEDABAD,-1.0,,R,L,L,Gujarat-Titans,Royal-Challengers-Bangalore,Spin,1.0
2538,1,35,Gujarat Titans,Nishant Sindhu,Krunal Pandya,,7,6,0,0,0,0,0,0,1,0,0,0,0,0,0,0,0,,,0,6.6,1,1,0,839038,73.0,45.0,0,0,,10,ORTHODOX,51,FRONTFOOT COVERDRIVE,0,0,6,6,50,2,Outside Off stump,Good Length,0,0,1,0,0,0,0,0,60.94461086465479,-4.344979566867377,8.341106958739765,-0.7622858061955728,1.971312389042511,,,,,,,9.136926557310844,0.2734883873057405,0.5582062180179748,66.38209397212216,Defended,Played,None,0.705047607421875,0.6540870666503906,6.481827,0.030684,,,,,,,-8.198937,0.246829,0.562345,-8.840644,0.277501,0.600872,-14.42298092660709,-10.05998461765453,0.3362373026730965,0.6491573302852363,1.40233621277565,-1.906667836419748,-1.0,-1.0,NARENDRA-MODI-STADIUM-AHMEDABAD,-1.0,,L,R,L,Gujarat-Titans,Royal-Challengers-Bangalore,Spin,1.0
2538,1,35,Gujarat Titans,Jos Buttler,Rasikh Dar,,8,1,1,1,1,1,0,0,0,0,0,0,0,0,0,0,0,,,0,7.1,1,1,0,839039,-163.0,-21.5,1,0,,38,STRAIGHT BALL,36,CUT SHOT,0,0,1,7,51,2,Outside Off stump,Short of Good Length,1,0,1,0,0,0,0,0,83.60681312300217,-9.688477268610377,8.340842518666939,-0.7404138491605708,1.879191612759818,,,,,,,8.353223694417187,0.1665282085952198,0.5893641704430286,81.7518047069323,Attacked,Played,None,0.524734497070312,0.5086441040039062,9.166027,-0.78598,,,,,,,-8.726813,-0.847967,0.929005,-8.840892,-0.848942,0.938417,-13.15609532207466,-10.06025853060054,-0.8594940691106587,1.031647944246386,-0.8807521497884033,0.3182370854274024,-1.0,-1.0,NARENDRA-MODI-STADIUM-AHMEDABAD,-1.0,,R,L,R,Gujarat-Titans,Royal-Challengers-Bangalore,Seam,1.0
2538,1,35,Gujarat Titans,Nishant Sindhu,Rasikh Dar,,8,2,1,1,1,1,0,0,0,0,0,0,0,0,0,0,0,,,0,7.2,1,1,0,839040,-75.0,152.5,1,0,,39,ANGLED IN,11,LOFTED ON DRIVE,0,0,2,7,52,2,Outside Off stump,Short of Good Length,0,0,1,0,0,0,0,0,82.04270007348528,-8.474819912645767,8.340487684501454,0.7497186783681853,1.888181232359185,,,,,,,8.281610524415061,0.2074099288610307,0.6382398929619114,84.99499105818364,Attacked,Played,None,0.53082275390625,0.4942245483398438,7.970867,0.309278,,,,,,,-8.326841,0.042739,0.734732,-8.840973,0.020174,0.775659,-11.95475173141225,-10.06032082240758,-0.0337211793055518,0.8609722597379488,-0.6471927952463009,0.3653030832249431,-1.0,-1.0,NARENDRA-MODI-STADIUM-AHMEDABAD,-1.0,,L,R,R,Gujarat-Titans,Royal-Challengers-Bangalore,Seam,1.0
2538,1,35,Gujarat Titans,Jos Buttler,Rasikh Dar,,8,3,1,1,1,1,0,0,0,0,0,0,0,0,0,0,0,,,0,7.3,1,1,0,839041,74.5,160.5,1,0,,36,BOUNCER,58,BACKFOOT PULL SHOT,1,0,3,7,53,2,Outside Off stump,Short Length,0,0,1,0,0,0,0,0,81.97310726522112,-13.96302067285606,8.340518985163936,-0.686515658562162,1.677722140547277,,,,,,,12.81579927626772,0.1829880436302433,0.507239381453216,67.78710285495808,Attacked,Edged,None,0.574745178222656,0.5207405090332031,13.226656,-0.629817,,,,,,,-7.666813,-0.507689,1.864036,-8.84088,-0.493761,1.983617,-21.757940035418,-10.05981744349162,-0.4791457461667015,2.088857889464801,0.1942984476223815,-0.1094464806639251,-1.0,-1.0,NARENDRA-MODI-STADIUM-AHMEDABAD,-1.0,,R,L,R,Gujarat-Titans,Royal-Challengers-Bangalore,Seam,1.0
2538,1,35,Gujarat Titans,Nishant Sindhu,Rasikh Dar,,8,4,2,2,2,0,1,0,0,0,0,0,0,0,0,0,0,,,0,7.4,1,1,0,839042,-174.0,28.0,2,0,,39,ANGLED IN,58,BACKFOOT PULL SHOT,0,0,4,7,55,2,Outside Off stump,Short of Good Length,0,0,1,0,0,0,0,0,81.7138923207849,-10.18001024241393,8.340721498142848,0.8626859025931006,1.884138743220034,,,,,,,8.64562113692168,0.2327225200130609,0.5873056015642442,74.82358823333053,Attacked,Played,None,0.538742065429688,0.4950714111328125,9.40858,0.543447,,,,,,,-8.318571,0.214346,0.893335,-8.840568,0.191182,0.929641,-13.28968747212012,-10.05970225528112,0.1366844221077568,1.002101926914321,0.8677103550895713,-0.7993556986706865,-1.0,-1.0,NARENDRA-MODI-STADIUM-AHMEDABAD,-1.0,,L,R,R,Gujarat-Titans,Royal-Challengers-Bangalore,Seam,1.0
2538,1,35,Gujarat Titans,Nishant Sindhu,Rasikh Dar,,8,5,0,0,0,0,0,0,1,0,0,0,0,0,0,0,0,,,0,7.5,1,1,0,839043,76.0,40.0,0,0,,38,STRAIGHT BALL,52,BACKFOOT COVERDRIVE,0,0,5,7,55,2,Outside Off stump,Short of Good Length,0,0,1,0,0,0,0,0,85.15708371444308,-8.161703269134213,8.34043255690436,0.7838483732182551,1.89372682143228,,,,,,,8.392285669162513,0.1921456191933931,0.6485698457767142,88.07091494716781,Defended,Played,None,0.512283325195312,0.5036888122558594,7.816161,0.538865,,,,,,,-8.94181,0.418445,0.802133,-8.840508,0.420314,0.793696,-11.9805279157741,-10.06012532840047,0.3977069871914347,0.8880659061587945,0.1284474128820773,0.2551689635136471,-1.0,-1.0,NARENDRA-MODI-STADIUM-AHMEDABAD,-1.0,,L,R,R,Gujarat-Titans,Royal-Challengers-Bangalore,Seam,1.0
2538,1,35,Gujarat Titans,Nishant Sindhu,Rasikh Dar,,8,6,0 WK,W,0,0,0,0,1,0,0,0,0,0,0,0,1,Caught,WICKET,1,7.6,1,1,0,839044,-104.5,158.5,0,0,,36,BOUNCER,70,STEP DOWN PULL SHOT,1,0,6,7,55,3,Outside Off stump,Short Length,1,0,1,0,0,0,0,0,82.11928145380432,-11.69688859631886,8.340922440795541,0.7421510042574562,1.879488058912137,,,,,,,9.934940082783275,0.2365449101100483,0.6121000662992732,78.16051893388614,None,None,None,0.544166564941406,0.4682464599609375,10.406157,0.438218,,,,,,,-7.236617,0.049656,1.072435,-8.840832,-0.035729,1.215431,-14.45994117719817,-10.06021228708636,-0.1014175915755618,1.304150096889327,0.3617122327148871,-0.8542944448180194,-1.0,-1.0,NARENDRA-MODI-STADIUM-AHMEDABAD,-1.0,,L,R,R,Gujarat-Titans,Royal-Challengers-Bangalore,Seam,1.0
2538,1,35,Gujarat Titans,Jos Buttler,Krunal Pandya,,9,1,0,0,0,0,0,0,1,0,0,0,0,0,0,0,0,,,0,8.1,1,1,0,839045,-68.0,47.5,0,0,,10,ORTHODOX,52,BACKFOOT COVERDRIVE,0,0,1,8,55,3,Outside Off stump,Good Length,2,0,1,0,0,0,0,0,65.08774508876942,-5.296295711831745,8.340654820917376,-0.6818819361803162,1.973965112403491,,,,,,,9.765295442572478,0.1913366568620196,0.6339527113604464,85.959241017865,Defended,Played,None,0.667648315429688,0.6339340209960938,6.808187,-0.25394,,,,,,,-8.44918,-0.135399,0.687969,-8.841061,-0.12626,0.718652,-14.05961553378147,-10.05981426287878,-0.09765250410155812,0.7956507817092966,0.848300287483889,-1.274884987222758,-1.0,-1.0,NARENDRA-MODI-STADIUM-AHMEDABAD,-1.0,,R,L,L,Gujarat-Titans,Royal-Challengers-Bangalore,Spin,1.0
2538,1,35,Gujarat Titans,Jos Buttler,Krunal Pandya,,9,2,1,1,1,1,0,0,0,0,0,0,0,0,0,0,0,,,0,8.2,1,1,0,839046,162.0,58.0,1,0,,10,ORTHODOX,27,FORWARD PUSH,0,0,2,8,56,3,Leg stump,Full Length,0,0,1,0,0,0,0,0,63.59653195554169,-4.328205072239496,8.340644292300205,-0.6423235767220283,1.947807582654282,,,,,,,9.204408227153419,0.261543203913871,0.5995272261307094,73.77476352821931,Attacked,Played,None,0.684860229492188,0.6333160400390625,6.069938,0.030263,,,,,,,-8.073185,0.176968,0.531154,-8.84103,0.205104,0.589424,-13.67271265709784,-10.0601453745719,0.250144813328587,0.6569356722918506,1.583405749094738,-1.922732763652689,-1.0,-1.0,NARENDRA-MODI-STADIUM-AHMEDABAD,-1.0,,R,L,L,Gujarat-Titans,Royal-Challengers-Bangalore,Spin,1.0
2538,1,35,Gujarat Titans,Washington Sundar,Krunal Pandya,,9,3,1,1,1,1,0,0,0,0,0,0,0,0,0,0,0,,,0,8.3,1,1,0,839047,-163.0,40.0,1,0,,10,ORTHODOX,97,BACKFOOT PUSH,0,0,3,8,57,3,Middle stump,Good Length,0,0,1,0,0,0,0,0,64.54452356884903,-5.682642249727939,8.34062005227775,-0.6271074758174753,1.973552947570033,,,,,,,9.34674013480711,0.2979169267576719,0.5862229908672058,68.14175595431367,Attacked,Played,None,0.684127807617188,0.648284912109375,7.007697,-0.14144,,,,,,,-8.400003,-0.035442,0.635874,-8.841019,-0.026488,0.66062,-13.93959758522969,-10.06009636704569,-0.001561701463852122,0.707623981854852,1.312077441329356,-2.011986159086974,-1.0,-1.0,NARENDRA-MODI-STADIUM-AHMEDABAD,-1.0,,L,R,L,Gujarat-Titans,Royal-Challengers-Bangalore,Spin,1.0
2538,1,35,Gujarat Titans,Jos Buttler,Krunal Pandya,,9,4,1,1,1,1,0,0,0,0,0,0,0,0,0,0,0,,,0,8.4,1,1,0,839048,146.0,64.5,1,0,,10,ORTHODOX,27,FORWARD PUSH,0,0,4,8,58,3,Middle stump,Good Length,0,0,1,0,0,0,0,0,63.40950168879915,-4.937846865913536,8.340647657542323,-0.6496287591895287,1.925109845262285,,,,,,,9.433505356397491,0.2609254565527817,0.6233770559225443,77.41401273310348,Attacked,Played,None,0.681472778320312,0.627593994140625,6.525362,-0.096385,,,,,,,-8.033345,0.052068,0.588107,-8.841054,0.079303,0.647685,-13.48510352193877,-10.05983738697662,0.1207463638195012,0.7125320533188342,1.416464346935881,-1.548326055737912,-1.0,-1.0,NARENDRA-MODI-STADIUM-AHMEDABAD,-1.0,,R,L,L,Gujarat-Titans,Royal-Challengers-Bangalore,Spin,1.0
2538,1,35,Gujarat Titans,Washington Sundar,Krunal Pandya,,9,5,0,0,0,0,0,0,1,0,0,0,0,0,0,0,0,,,0,8.5,1,1,0,839049,-78.0,38.0,0,0,,10,ORTHODOX,27,FORWARD PUSH,0,0,5,8,58,3,Outside Off stump,Full Length,0,0,1,0,0,0,0,0,63.74312243012258,-3.588078523590295,8.34068083849072,-0.6948487468110224,1.933180890234586,,,,,,,9.274799393586528,0.2514523824619694,0.6146174286221077,77.04737604711922,Defended,Played,None,0.683933258056641,0.6451034545898438,5.409355,0.015846,,,,,,,-8.465466,0.182245,0.505603,-8.840838,0.198897,0.538278,-13.50879243835603,-10.06018257947288,0.2533433469132323,0.624741661852505,1.829436992962718,-1.626517847285321,-1.0,-1.0,NARENDRA-MODI-STADIUM-AHMEDABAD,-1.0,,L,R,L,Gujarat-Titans,Royal-Challengers-Bangalore,Spin,1.0
2538,1,35,Gujarat Titans,Washington Sundar,Krunal Pandya,,9,6,1,1,1,1,0,0,0,0,0,0,0,0,0,0,0,,,0,8.6,1,1,0,839050,-146.0,-45.0,1,0,,10,ORTHODOX,27,FORWARD PUSH,0,0,6,8,59,3,Outside Leg stump,Good Length,0,0,1,0,0,0,0,0,63.507411,-5.164243434349731,8.340651448217407,-0.6838970905764516,1.918209276541981,,,,,,,10.82208967734929,0.3260419948715495,0.643851133726718,73.97347057185276,Attacked,Played,None,0.705070495605469,0.6561470031738281,7.227596,-0.254237,,,,,,,-8.204082,-0.225276,0.751424,-8.840725,-0.221755,0.797508,-14.38647414868095,-10.06020638361313,-0.2149553006298329,0.8600220612597791,1.657127803357302,-2.761229118193757,-1.0,-1.0,NARENDRA-MODI-STADIUM-AHMEDABAD,-1.0,,L,R,L,Gujarat-Titans,Royal-Challengers-Bangalore,Spin,1.0
2538,1,35,Gujarat Titans,Washington Sundar,Jacob Duffy,,10,1,0,0,0,0,0,0,1,0,0,0,0,0,0,0,0,,,0,9.1,1,1,0,839051,52.0,100.0,0,0,,38,STRAIGHT BALL,97,BACKFOOT PUSH,0,0,1,9,59,3,Leg stump,Short of Good Length,1,0,1,0,0,0,0,0,85.06210186400013,-11.75867946392032,8.341114203553222,-0.4826985338072441,2.052202283118616,,,,,,,9.683489767387538,0.2072474058767644,0.6330653756877512,84.23506576548625,Defended,Played,None,0.529678344726562,0.5105552673339844,9.454321,-0.124185,,,,,,,-8.701756,0.211971,1.015264,-8.840937,0.217946,1.02511,-13.87684377914894,-10.0602905383574,0.2705888915830986,1.100050922833942,0.2609224479050834,-0.1267927408518732,-1.0,-1.0,NARENDRA-MODI-STADIUM-AHMEDABAD,-1.0,,L,R,R,Gujarat-Titans,Royal-Challengers-Bangalore,Seam,1.0
2538,1,35,Gujarat Titans,Washington Sundar,Jacob Duffy,,10,2,1,1,1,1,0,0,0,0,0,0,0,0,0,0,0,,,0,9.2,1,1,0,839052,-141.0,-37.5,1,0,,38,STRAIGHT BALL,40,FRONTFOOT FLICK,0,0,2,9,60,3,Outside Leg stump,Good Length,0,0,1,0,0,0,0,0,83.62253691064132,-8.846121052185332,8.340718504314513,-0.5728611570693818,2.033141262049442,,,,,,,8.449803867503169,0.1824131072185391,0.6157664253891898,84.12365308652457,Attacked,Played,None,0.522891998291016,0.4954833984375,7.800351,-0.296294,,,,,,,-8.393309,-0.112981,0.755224,-8.841095,-0.099247,0.793156,-12.69487203039924,-10.06028150538182,-0.06160054277340163,0.8852859303840482,0.6940746306912436,-0.1829467944149634,-1.0,-1.0,NARENDRA-MODI-STADIUM-AHMEDABAD,-1.0,,L,R,R,Gujarat-Titans,Royal-Challengers-Bangalore,Seam,1.0
2538,1,35,Gujarat Titans,Jos Buttler,Jacob Duffy,,10,3,1,1,1,1,0,0,0,0,0,0,0,0,0,0,0,,,0,9.3,1,1,0,839053,-158.0,-15.5,1,0,,38,STRAIGHT BALL,27,FORWARD PUSH,0,0,3,9,61,3,Outside Off stump,Short of Good Length,0,0,1,0,0,0,0,0,86.34780115929716,-10.89771495209164,8.341031183827482,-0.6804324276260171,1.992694264908225,,,,,,,8.30653111453033,0.1691100363821203,0.5630926883206365,77.55289960988344,Attacked,Played,None,0.512855529785156,0.4844398498535156,9.334182,-0.548641,,,,,,,-8.353888,-0.414126,0.876423,-8.840679,-0.405261,0.911493,-13.63870325971703,-10.06001723483454,-0.3829025113719237,0.9884609993675932,-0.1449340509679358,0.2230234953074047,-1.0,-1.0,NARENDRA-MODI-STADIUM-AHMEDABAD,-1.0,,R,L,R,Gujarat-Titans,Royal-Challengers-Bangalore,Seam,1.0
2538,1,35,Gujarat Titans,Washington Sundar,Jacob Duffy,,10,4,1,1,1,1,0,0,0,0,0,0,0,0,0,0,0,,,0,9.4,1,1,0,839054,-143.0,-55.0,1,0,,38,STRAIGHT BALL,58,BACKFOOT PULL SHOT,0,0,4,9,62,3,Outside Leg stump,Short Length,0,0,1,0,0,0,0,0,83.13889885060728,-13.67405900830705,8.340861400906412,-0.5999737056701511,1.982497734163355,,,,,,,9.941676326094116,0.1887624044644841,0.5743238540622924,77.27233766289545,Attacked,Played,None,0.53814697265625,0.5054168701171875,10.928113,-0.287766,,,,,,,-8.313167,0.150847,1.250412,-8.840885,0.177075,1.294772,-15.63399412524152,-10.05980417719855,0.2381032986784801,1.385522699747198,0.5437929036467497,-0.03500252640600317,-1.0,-1.0,NARENDRA-MODI-STADIUM-AHMEDABAD,-1.0,,L,R,R,Gujarat-Titans,Royal-Challengers-Bangalore,Seam,1.0
2538,1,35,Gujarat Titans,Jos Buttler,Jacob Duffy,,10,5,1,1,1,1,0,0,0,0,0,0,0,0,0,0,0,,,0,9.5,1,1,0,839055,61.0,163.5,1,0,,47,SLOWER BALL,27,FORWARD PUSH,0,0,5,9,63,3,Outside Off stump,Good Length,0,0,1,0,0,0,0,0,84.42342807116226,-7.230100244654828,8.340433632200142,-0.5857915795079899,1.988287059381659,,,,,,,7.325863380055154,0.1803485420172103,0.5702062180348887,77.49607850351228,Attacked,Edged,None,0.507637023925781,0.4656143188476563,6.698607,-0.33594,,,,,,,-7.883031,-0.192679,0.511508,-8.840951,-0.161675,0.58858,-11.96638692423511,-10.06024545840224,-0.1218693789666715,0.6729469083645284,1.133558444733949,-0.03009675154775234,-1.0,-1.0,NARENDRA-MODI-STADIUM-AHMEDABAD,-1.0,,R,L,R,Gujarat-Titans,Royal-Challengers-Bangalore,Seam,1.0
2538,1,35,Gujarat Titans,Washington Sundar,Jacob Duffy,,10,6,0,0,0,0,0,0,1,0,0,0,0,0,0,0,0,,,0,9.6,1,1,0,839056,-78.5,-109.0,0,0,,36,BOUNCER,57,HOOK SHOT,1,0,6,9,63,3,Outside Leg stump,Short Length,0,0,1,0,0,0,0,0,82.26274443211896,-17.08641737146942,8.340525667097353,-0.6357224196142115,1.925420638463242,,,,,,,11.00974107172913,0.1718830140555337,0.5137294901800613,69.87112212145583,Attacked,Edged,None,0.562545776367188,0.520111083984375,12.60872,-0.373413,,,,,,,-8.373701,0.211369,1.739274,-8.840687,0.237578,1.791082,-19.02488998601298,-10.05998324391868,0.3065090090313802,1.917348195252894,0.8410044022145754,-0.09061311694596873,-1.0,-1.0,NARENDRA-MODI-STADIUM-AHMEDABAD,-1.0,,L,R,R,Gujarat-Titans,Royal-Challengers-Bangalore,Seam,1.0
2538,1,35,Gujarat Titans,Jos Buttler,Krunal Pandya,,11,1,0,0,0,0,0,0,1,0,0,0,0,0,0,0,0,,,0,10.1,1,1,0,839057,-16.0,61.0,0,0,,10,ORTHODOX,97,BACKFOOT PUSH,0,0,1,10,63,3,Off stump,Good Length,1,0,1,0,0,0,0,0,63.549311,-5.516313501594572,8.340974533547648,-0.6723670318896071,1.940590103756854,,,,,,,10.78274898331408,0.3375036769497068,0.6592347971971431,75.13485188460078,Defended,Played,None,0.705070495605469,0.6547279357910156,7.128137,-0.394866,,,,,,,-999.9,-999.9,-999.9,-8.840914,0.39947,0.799785,-13.86968714835218,-10.05981917946023,0.5676564539451414,0.8623100612119902,0.1092163116830804,6.029773829901433,-1.0,-1.0,NARENDRA-MODI-STADIUM-AHMEDABAD,-1.0,,R,L,L,Gujarat-Titans,Royal-Challengers-Bangalore,Spin,1.0
2538,1,35,Gujarat Titans,Jos Buttler,Krunal Pandya,,11,2,0,0,0,0,0,0,1,0,0,0,0,0,0,0,0,,,0,10.2,1,1,0,839058,-59.5,69.0,0,0,,10,ORTHODOX,27,FORWARD PUSH,0,0,2,10,63,3,Leg stump,Good Length,0,0,1,0,0,0,0,0,58.6663415729767,-2.487808897387869,8.34065451215453,-0.6893008555176243,1.980510640296063,,,,,,,11.13936138344605,0.3530978906785551,0.6293151586483945,69.08748472940366,Defended,Played,None,0.750720977783203,0.6843795776367188,5.30788,0.008594,,,,,,,-7.939701,0.085247,0.525322,-8.840683,0.107296,0.61912,-14.88221036789519,-10.05980776630746,0.1374076135617243,0.7109775466878026,1.842858466283372,-2.654671197365743,-1.0,-1.0,NARENDRA-MODI-STADIUM-AHMEDABAD,-1.0,,R,L,L,Gujarat-Titans,Royal-Challengers-Bangalore,Spin,1.0
2538,1,35,Gujarat Titans,Jos Buttler,Krunal Pandya,,11,3,1,1,1,1,0,0,0,0,0,0,0,0,0,0,0,,,0,10.3,1,1,0,839059,-93.5,148.5,1,0,,10,ORTHODOX,6,BACKFOOT OFF DRIVE,0,0,3,10,64,3,Outside Off stump,Good Length,0,0,1,0,0,0,0,0,65.11501110347864,-4.536803456641714,8.340802744147375,-0.7410878915643822,1.935895602887076,,,,,,,9.337119596361777,0.29842454847624,0.6047168522254578,70.86507298619468,Attacked,Played,None,0.673141479492188,0.6368865966796875,6.166796,-0.18804,,,,,,,-8.406686,-0.053014,0.572927,-8.840958,-0.039754,0.605303,-13.54381120693509,-10.05978123819855,-0.002279994987789385,0.6756186078506985,1.415354542237528,-1.643473382106565,-1.0,-1.0,NARENDRA-MODI-STADIUM-AHMEDABAD,-1.0,,R,L,L,Gujarat-Titans,Royal-Challengers-Bangalore,Spin,1.0
2538,1,35,Gujarat Titans,Washington Sundar,Krunal Pandya,,11,4,0,0,0,0,0,0,1,0,0,0,0,0,0,0,0,,,0,10.4,1,1,0,839060,75.0,43.5,0,0,,10,ORTHODOX,52,BACKFOOT COVERDRIVE,0,0,4,10,64,3,Outside Off stump,Good Length,0,0,1,0,0,0,0,0,63.77650619158808,-5.14358339339376,8.340737228258522,-0.6203927677708218,1.923577951608281,,,,,,,9.3984707688622,0.2586903038094405,0.6208642984827454,77.26061439146775,Defended,Played,None,0.675933837890625,0.6407432556152344,6.6422,0.13293,,,,,,,-8.610563,0.431399,0.640588,-8.840955,0.444937,0.656597,-13.50410309820377,-10.06005780318669,0.5170034526243777,0.724055461169294,1.379799895995059,-1.161071294034268,-1.0,-1.0,NARENDRA-MODI-STADIUM-AHMEDABAD,-1.0,,L,R,L,Gujarat-Titans,Royal-Challengers-Bangalore,Spin,1.0
2538,1,35,Gujarat Titans,Washington Sundar,Krunal Pandya,,11,5,1,1,1,1,0,0,0,0,0,0,0,0,0,0,0,,,0,10.5,1,1,0,839061,-168.0,51.5,1,0,,10,ORTHODOX,27,FORWARD PUSH,0,0,5,10,65,3,Leg stump,Full Length,0,0,1,0,0,0,0,0,63.38770805496529,-3.845360332407248,8.340705419076528,-0.7514311236469285,1.932840047784598,,,,,,,9.308231643719191,0.2913924599569616,0.6018018177497642,71.13102666676846,Attacked,Played,None,0.682113647460938,0.6406631469726562,5.702756,-0.200962,,,,,,,-8.297966,-0.088212,0.51631,-8.840908,-0.07239,0.560389,-13.6046183265852,-10.06001815177247,-0.03659896635191767,0.6368594160792624,1.999830797722773,-1.913412227789801,-1.0,-1.0,NARENDRA-MODI-STADIUM-AHMEDABAD,-1.0,,L,R,L,Gujarat-Titans,Royal-Challengers-Bangalore,Spin,1.0
2538,1,35,Gujarat Titans,Jos Buttler,Krunal Pandya,,11,6,2,2,2,0,1,0,0,0,0,0,0,0,0,0,0,,,0,10.6,1,1,0,839062,133.5,103.5,2,0,,10,ORTHODOX,11,LOFTED ON DRIVE,0,0,6,10,67,3,Outside Off stump,Good Length,0,0,1,0,0,0,0,0,64.87831133616234,-4.140104372463301,8.340476023718953,-0.7094997007981362,1.914160123548204,,,,,,,8.953899794828146,0.1869839426560301,0.6300773225355085,85.81320411472326,Attacked,Played,None,0.676895141601562,0.609466552734375,5.69974,-0.225755,,,,,,,-8.174416,-0.119502,0.505056,-8.840998,-0.100603,0.56368,-13.0903873315176,-10.05983547200513,-0.06578768822921319,0.6503609950317497,0.9872961310855125,-1.123888541943693,-1.0,-1.0,NARENDRA-MODI-STADIUM-AHMEDABAD,-1.0,,R,L,L,Gujarat-Titans,Royal-Challengers-Bangalore,Spin,1.0
2538,1,35,Gujarat Titans,Washington Sundar,Jacob Duffy,,12,1,1,1,1,1,0,0,0,0,0,0,0,0,0,0,0,,,0,11.1,1,1,0,839063,47.5,117.0,1,0,,38,STRAIGHT BALL,97,BACKFOOT PUSH,0,0,1,11,68,3,Outside Leg stump,Short of Good Length,1,0,1,0,0,0,0,0,85.64352001783259,-11.06314170182502,8.341185378048003,-0.5664046238778602,2.007570778980962,,,,,,,9.208776331370395,0.2132839320092264,0.580958738765505,75.81541761390312,Attacked,Edged,None,0.524345397949219,0.503448486328125,9.553142,-0.238109,,,,,,,-8.589026,0.149073,1.025078,-8.840813,0.161551,1.045711,-14.30355251046521,-10.05986887201956,0.2223360010236718,1.135797285619873,-0.254024172909035,0.6622907293793473,-1.0,-1.0,NARENDRA-MODI-STADIUM-AHMEDABAD,-1.0,,L,R,R,Gujarat-Titans,Royal-Challengers-Bangalore,Seam,1.0
2538,1,35,Gujarat Titans,Jos Buttler,Jacob Duffy,,12,2,1,1,1,1,0,0,0,0,0,0,0,0,0,0,0,,,0,11.2,1,1,0,839064,141.0,-47.0,1,0,,38,STRAIGHT BALL,58,BACKFOOT PULL SHOT,0,0,2,11,69,3,Outside Off stump,Short Length,0,0,1,0,0,0,0,0,85.623828,-11.06314170182502,8.341185378048003,-0.5359732220521048,2.007570778980962,,,,,,,9.208776331370395,0.2132839320092264,0.580958738765505,75.81541761390312,Attacked,Played,None,0.524345397949219,0.503448486328125,9.553142,-0.238109,,,,,,,-999.9,-999.9,-999.9,-8.840813,0.161551,1.045711,-14.30355251046521,-10.05986887201956,0.2223360010236718,1.135797285619873,0.1269068533765307,0.6622907293793473,-1.0,-1.0,NARENDRA-MODI-STADIUM-AHMEDABAD,-1.0,,R,L,R,Gujarat-Titans,Royal-Challengers-Bangalore,Seam,1.0
2538,1,35,Gujarat Titans,Washington Sundar,Jacob Duffy,,12,3,1,1,1,1,0,0,0,0,0,0,0,0,0,0,0,,,0,11.3,1,1,0,839065,-168.0,30.0,1,0,,38,STRAIGHT BALL,58,BACKFOOT PULL SHOT,0,0,3,11,70,3,Outside Leg stump,Short of Good Length,0,0,1,0,0,0,0,0,70.58814844499159,-8.39760036647309,8.340577133539995,-0.5245512565598145,1.899727618069794,,,,,,,9.458152471505192,0.2148703043623018,0.5867072702741406,76.51906010489091,Attacked,Played,None,0.628063201904297,0.5883865356445312,9.091406,-0.287345,,,,,,,-8.281314,0.096685,0.85913,-8.840996,0.130053,0.889114,-14.50531614966301,-10.05996335661105,0.2048216005464299,0.9364831702559763,0.04975139059851797,1.165610657143612,-1.0,-1.0,NARENDRA-MODI-STADIUM-AHMEDABAD,-1.0,,L,R,R,Gujarat-Titans,Royal-Challengers-Bangalore,Seam,1.0
2538,1,35,Gujarat Titans,Jos Buttler,Jacob Duffy,,12,4,1,1,1,1,0,0,0,0,0,0,0,0,0,0,0,,,0,11.4,1,1,0,839066,160.0,51.0,1,0,,47,SLOWER BALL,58,BACKFOOT PULL SHOT,0,0,4,11,71,3,Outside Off stump,Short Length,0,0,1,0,0,0,0,0,70.38856779311463,-12.52126091565621,8.340684257321296,-0.5247306660411097,1.84840382673388,,,,,,,10.23667591348591,0.1602609345222943,0.5002402746759149,69.00994774915782,Attacked,Played,None,0.64691162109375,0.6001968383789062,11.761116,-0.406797,,,,,,,-8.078252,0.088249,0.954798,-8.840613,0.135894,0.951868,-18.36375139937852,-10.06024415810572,0.2150960741358928,0.9220181556998766,-0.4992367624890309,1.554893020787789,-1.0,-1.0,NARENDRA-MODI-STADIUM-AHMEDABAD,-1.0,,R,L,R,Gujarat-Titans,Royal-Challengers-Bangalore,Seam,1.0
2538,1,35,Gujarat Titans,Washington Sundar,Jacob Duffy,,12,5,1,1,1,1,0,0,0,0,0,0,0,0,0,0,0,,,0,11.5,1,1,0,839067,-116.5,-90.0,1,0,,38,STRAIGHT BALL,54,LEG GLANCE,0,0,5,11,72,3,Outside Leg stump,Short of Good Length,0,0,1,0,0,0,0,0,84.52032758257867,-9.30193257157031,8.340648252703907,-0.6079526198737331,1.981104801499264,,,,,,,8.371502516213225,0.1836038254301411,0.6021429301445458,81.96105697866776,Attacked,Played,None,0.515899658203125,0.486419677734375,8.372946,-0.341443,,,,,,,-8.368358,-0.073935,0.802757,-8.840802,-0.052118,0.840865,-12.84517131649873,-10.0601860429723,0.006078664191759599,0.9283124382608418,1.071142944139644,-0.09559617304708184,-1.0,-1.0,NARENDRA-MODI-STADIUM-AHMEDABAD,-1.0,,L,R,R,Gujarat-Titans,Royal-Challengers-Bangalore,Seam,1.0
2538,1,35,Gujarat Titans,Jos Buttler,Jacob Duffy,,12,6,1 (LB),1,0,0,0,0,1,1,0,0,0,1,0,0,0,,,0,11.6,1,1,1,839068,-116.5,-90.0,1,0,,39,ANGLED IN,97,BACKFOOT PUSH,0,0,6,11,73,3,Off stump,Short of Good Length,0,0,1,0,0,0,0,0,86.19243121258195,-9.940224391726613,8.34040759397892,-0.6039745792072316,1.969369316427589,,,,,,,8.662070684837978,0.1671357642323906,0.6033294753174605,83.78584487438002,Attacked,Missed,None,0.51177978515625,0.498870849609375,8.887855,-0.08395,,,,,,,-8.845152,0.449583,0.91345,-8.840875,0.449277,0.913116,-13.30431397324798,-10.06032976534302,0.5371106934400537,1.000410253235098,0.9338378692784333,0.249412282284228,-1.0,-1.0,NARENDRA-MODI-STADIUM-AHMEDABAD,-1.0,,R,L,R,Gujarat-Titans,Royal-Challengers-Bangalore,Seam,1.0
2538,1,35,Gujarat Titans,Jos Buttler,Krunal Pandya,,13,1,0 WK,W,0,0,0,0,1,0,0,0,0,0,0,0,1,Stumped,WICKET,1,12.1,1,1,0,839069,-116.5,-90.0,0,0,,10,ORTHODOX,89,STEP DOWN COVER DRIVE,0,0,1,12,73,4,Outside Off stump,Full Length,1,0,1,0,0,0,0,0,70.84785702911897,-2.551269575432225,8.3411475327621,-0.7867761283319684,1.955682867458894,,,,,,,8.513584766048561,0.2398055058220165,0.6553877550197836,84.32761267076589,None,None,None,0.596672058105469,0.6297454833984375,2.629643,-0.790561,,,,,,,-999.9,-999.9,-999.9,-8.84082,-0.801589,0.221566,-11.82763124935149,-10.0597690837003,-0.8112194145292921,0.3670478120866573,0.6517843644823134,-0.7763136345226854,-1.0,-1.0,NARENDRA-MODI-STADIUM-AHMEDABAD,-1.0,,R,L,L,Gujarat-Titans,Royal-Challengers-Bangalore,Spin,1.0
2538,1,35,Gujarat Titans,Mohd Arshad Khan,Krunal Pandya,,13,2,1,1,1,1,0,0,0,0,0,0,0,0,0,0,0,,,0,12.2,1,1,0,839070,-93.0,136.5,1,0,,10,ORTHODOX,97,BACKFOOT PUSH,0,0,2,12,74,4,Leg stump,Good Length,2,0,1,0,0,0,0,0,65.41502325707461,-5.554508033757472,8.340540995602051,-0.7405117216231806,1.934350509659295,,,,,,,9.408230899772336,0.3184181189561355,0.610606257909059,69.74912679074531,Attacked,Edged,None,0.67657470703125,0.6383743286132812,6.823109,-0.208107,,,,,,,-8.364519,-0.087741,0.628355,-8.840889,-0.076294,0.658324,-13.41604063717753,-10.06021353319914,-0.04678166345888413,0.7135772238913376,1.094047282842748,-1.884969565932661,-1.0,-1.0,NARENDRA-MODI-STADIUM-AHMEDABAD,-1.0,,L,L,L,Gujarat-Titans,Royal-Challengers-Bangalore,Spin,1.0
2538,1,35,Gujarat Titans,Washington Sundar,Krunal Pandya,,13,3,1,1,1,1,0,0,0,0,0,0,0,0,0,0,0,,,0,12.3,1,1,0,839071,-145.5,-45.0,1,0,,10,ORTHODOX,27,FORWARD PUSH,0,0,3,12,75,4,Outside Leg stump,Good Length,0,0,1,0,0,0,0,0,52.84211613817246,-1.961699349158338,8.340821988330621,-0.7692495069645628,1.971554160524676,,,,,,,11.63146118540073,0.2326505936870152,0.6264147811222347,80.69715779963369,Attacked,Played,None,0.8250732421875,0.7725677490234375,6.052597,-0.21755,,,,,,,-8.25303,-0.082625,0.645009,-8.840832,-0.063571,0.689356,-16.31010681251853,-10.06008564968461,-0.02374821128380988,0.7474459539361694,1.350302300794436,-1.472762281816638,-1.0,-1.0,NARENDRA-MODI-STADIUM-AHMEDABAD,-1.0,,L,L,L,Gujarat-Titans,Royal-Challengers-Bangalore,Spin,1.0
2538,1,35,Gujarat Titans,Mohd Arshad Khan,Krunal Pandya,,13,4,6,6,6,0,0,0,0,0,0,0,0,0,0,1,0,,,0,12.4,1,1,0,839072,-188.5,89.5,6,0,,10,ORTHODOX,18,SLOG SHOT,0,0,4,12,81,4,Outside Off stump,Full Length,0,0,1,0,0,0,0,0,63.29842499106353,-3.769286966457764,8.340581843547302,-0.6948973991203287,1.946822206008319,,,,,,,9.11157643003659,0.3036193944644863,0.5895729403629977,68.07400160800103,Attacked,Played,None,0.679779052734375,0.6044769287109375,5.560881,0.092172,,,,,,,-7.608326,0.249074,0.435141,-8.841051,0.312401,0.543889,-13.55026517861346,-10.06019686373962,0.3756759452122529,0.6206549741562533,2.283817501769545,-1.846878677450217,-1.0,-1.0,NARENDRA-MODI-STADIUM-AHMEDABAD,-1.0,,L,L,L,Gujarat-Titans,Royal-Challengers-Bangalore,Spin,1.0
2538,1,35,Gujarat Titans,Mohd Arshad Khan,Krunal Pandya,,13,5,1,1,1,1,0,0,0,0,0,0,0,0,0,0,0,,,0,12.5,1,1,0,839073,-89.5,159.0,1,0,,10,ORTHODOX,101,BACKFOOT ON DRIVE,0,0,5,12,82,4,Leg stump,Short of Good Length,0,0,1,0,0,0,0,0,72.07888482444706,-5.426802446794573,8.340852137352591,-0.9406224862784053,1.72135201147121,,,,,,,7.452081364162136,0.2244711902250245,0.5937207757826275,76.61099734489169,Attacked,Played,None,0.603069305419922,0.5837059020996094,6.86401,-0.160097,,,,,,,-8.73845,0.12318,0.53223,-8.840905,0.128535,0.537512,-11.55379497425565,-10.06025362559517,0.1926020301498961,0.5880427657211654,-0.1023793129044543,-0.9516588796224804,-1.0,-1.0,NARENDRA-MODI-STADIUM-AHMEDABAD,-1.0,,L,L,L,Gujarat-Titans,Royal-Challengers-Bangalore,Spin,1.0
2538,1,35,Gujarat Titans,Washington Sundar,Krunal Pandya,,13,6,1,1,1,1,0,0,0,0,0,0,0,0,0,0,0,,,0,12.6,1,1,0,839074,-142.5,73.0,1,0,,10,ORTHODOX,47,FRONTFOOT ON DRIVE,0,0,6,12,83,4,Leg stump,Good Length,0,0,1,0,0,0,0,0,63.23777389895663,-5.216836445349806,8.340887378749084,-0.7895604183832143,1.937362809142186,,,,,,,9.175989460096202,0.251924516916441,0.5924423991762398,73.67390818479187,Attacked,Played,None,0.685398101806641,0.6423797607421875,6.839884,-0.112302,,,,,,,-8.415745,0.058284,0.617559,-8.840699,0.072558,0.643461,-13.83206163682761,-10.06022443518723,0.1138025744717037,0.6976274245446756,0.9638501777953002,-2.011203898289339,-1.0,-1.0,NARENDRA-MODI-STADIUM-AHMEDABAD,-1.0,,L,L,L,Gujarat-Titans,Royal-Challengers-Bangalore,Spin,1.0
2538,1,35,Gujarat Titans,Washington Sundar,Jacob Duffy,,14,1,4,4,4,0,0,0,0,0,0,0,0,0,1,0,0,,,0,13.1,1,1,0,839075,-181.0,102.5,4,0,,38,STRAIGHT BALL,58,BACKFOOT PULL SHOT,0,0,1,13,87,4,Outside Leg stump,Short Length,1,0,1,0,0,0,0,0,84.46057422859715,-14.91345326255836,8.340901039377307,-0.5929096859969247,1.987345154399099,,,,,,,10.07760047888317,0.1677732075175351,0.4987052761505241,68.0284706708251,Attacked,Played,None,0.546054840087891,0.5072479248046875,11.796508,-0.268172,,,,,,,-8.095348,0.378935,1.323657,-8.840728,0.430162,1.380793,-18.10184165557633,-10.05984618200035,0.5146494362504861,1.460590904022675,0.1871799659971905,0.7096693685245309,-1.0,-1.0,NARENDRA-MODI-STADIUM-AHMEDABAD,-1.0,,L,L,R,Gujarat-Titans,Royal-Challengers-Bangalore,Seam,1.0
2538,1,35,Gujarat Titans,Washington Sundar,Jacob Duffy,,14,2,4,4,4,0,0,0,0,0,0,0,0,0,1,0,0,,,0,13.2,1,1,0,839076,80.5,-137.5,4,0,,30,ANGLED ACROSS,51,FRONTFOOT COVERDRIVE,0,0,2,13,91,4,Off stump,Short of Good Length,0,0,1,0,0,0,0,0,86.02630957423774,-9.854585546499335,8.341091799555276,-0.5379755315432267,1.989965288171355,,,,,,,8.920026665403812,0.1779945336103325,0.6346406450168355,87.39664339149206,Attacked,Edged,None,0.510818481445312,0.498046875,8.685786,0.027087,,,,,,,-8.866442,0.586899,0.957014,-8.841141,0.584952,0.95481,-12.98424881338753,-10.05998779981875,0.6792167939021854,1.053479892560465,0.3541122017050349,0.6390809716036421,-1.0,-1.0,NARENDRA-MODI-STADIUM-AHMEDABAD,-1.0,,L,L,R,Gujarat-Titans,Royal-Challengers-Bangalore,Seam,1.0
2538,1,35,Gujarat Titans,Washington Sundar,Jacob Duffy,,14,3,1,1,1,1,0,0,0,0,0,0,0,0,0,0,0,,,0,13.3,1,1,0,839077,-45.0,-61.5,1,0,,47,SLOWER BALL,97,BACKFOOT PUSH,0,0,3,13,92,4,Outside Leg stump,Short of Good Length,0,0,1,0,0,0,0,0,73.21373864570077,-8.932504203321892,8.34049298309328,-0.4866033293917357,1.956258439061152,,,,,,,9.778372464943157,0.2058616146681168,0.5968009483142473,78.93398078032543,Attacked,Played,None,0.60882568359375,0.579620361328125,9.199551,-0.332385,,,,,,,-8.4792,0.039813,0.959834,-8.84061,0.056521,0.982898,-14.76055423406819,-10.06000299722948,0.1121987543801892,1.045777688077063,0.3111710231274717,1.808536433697372,-1.0,-1.0,NARENDRA-MODI-STADIUM-AHMEDABAD,-1.0,,L,L,R,Gujarat-Titans,Royal-Challengers-Bangalore,Seam,1.0
2538,1,35,Gujarat Titans,Mohd Arshad Khan,Jacob Duffy,,14,4,6,6,6,0,0,0,0,0,0,0,0,0,0,1,0,,,0,13.4,1,1,0,839078,-51.0,218.5,6,0,,38,STRAIGHT BALL,11,LOFTED ON DRIVE,0,0,4,13,98,4,Outside Off stump,Full Length,0,0,1,0,0,0,0,0,85.90174795018584,-7.591394461585654,8.340376713424359,-0.5769547602858777,1.995625706746438,,,,,,,8.088304252808774,0.200617462491499,0.631012254411325,84.59009191254886,Attacked,Played,None,0.506927490234375,0.4835472106933594,6.844299,0.079896,,,,,,,-8.517342,0.4178,0.653374,-8.841113,0.438897,0.682493,-11.84826175002101,-10.06015187153554,0.5188254043295383,0.7824330356513173,0.6626070333701656,-0.02412919702700625,-1.0,-1.0,NARENDRA-MODI-STADIUM-AHMEDABAD,-1.0,,L,L,R,Gujarat-Titans,Royal-Challengers-Bangalore,Seam,1.0
2538,1,35,Gujarat Titans,Mohd Arshad Khan,Jacob Duffy,,14,5,1,1,1,1,0,0,0,0,0,0,0,0,0,0,0,,,0,13.5,1,1,0,839079,-144.5,61.5,1,0,,38,STRAIGHT BALL,58,BACKFOOT PULL SHOT,0,0,5,13,99,4,Outside Leg stump,Short Length,0,0,1,0,0,0,0,0,76.6816412843797,-15.99229529636374,8.340746499953887,-0.5590024651877896,1.889798962500606,,,,,,,12.18311545799423,0.1687627435595543,0.5507123067952617,75.73057166333383,Attacked,Played,None,0.612373352050781,0.5728111267089844,12.597515,-0.382463,,,,,,,-8.199345,0.259175,1.526802,-8.840886,0.297091,1.558747,-19.55234821103265,-10.0597775794603,0.3689643477173694,1.599616364728343,0.09695399806046238,1.655981843568987,-1.0,-1.0,NARENDRA-MODI-STADIUM-AHMEDABAD,-1.0,,L,L,R,Gujarat-Titans,Royal-Challengers-Bangalore,Seam,1.0
2538,1,35,Gujarat Titans,Washington Sundar,Jacob Duffy,,14,6,0,0,0,0,0,0,1,0,0,0,0,0,0,0,0,,,0,13.6,1,1,0,839080,95.5,47.5,0,0,,47,SLOWER BALL,52,BACKFOOT COVERDRIVE,0,0,6,13,99,4,Off stump,Short of Good Length,0,0,1,0,0,0,0,0,72.0370031658719,-7.861880365996401,8.340792942218243,-0.4507363687795098,1.939884575129841,,,,,,,9.519342656944803,0.2218703584682898,0.611697941210089,79.56765533468436,Defended,Played,None,0.616172790527344,0.5919570922851562,8.478807,-0.079297,,,,,,,-8.625072,0.495966,0.869338,-8.840832,0.514115,0.883065,-13.99097001612709,-10.06001517213387,0.6172827721494469,0.9465713315774609,0.4049217556354318,2.186164993193427,-1.0,-1.0,NARENDRA-MODI-STADIUM-AHMEDABAD,-1.0,,L,L,R,Gujarat-Titans,Royal-Challengers-Bangalore,Seam,1.0
2538,1,35,Gujarat Titans,Mohd Arshad Khan,Josh Hazlewood,,15,1,0 WK,W,0,0,0,0,1,0,0,0,0,0,0,0,1,Caught,WICKET,1,14.1,1,1,0,839081,-41.5,-63.5,0,0,,38,STRAIGHT BALL,58,BACKFOOT PULL SHOT,0,0,1,14,99,5,Outside Leg stump,Short Length,1,0,1,0,0,0,0,0,85.54633280581656,-14.34429397506888,8.340749951321463,-0.5682010728658399,2.137565582303001,,,,,,,10.17675622997843,0.1582537204036983,0.5570343504835554,77.72978053216349,None,None,None,0.530982971191406,0.5081291198730469,10.759358,-0.378901,,,,,,,-8.554426,-0.2288,1.255263,-8.840866,-0.223972,1.278541,-16.62487021697948,-10.06018863063082,-0.2032891374721465,1.366733707188656,-0.3976287144745591,-0.3184680028711032,-1.0,-1.0,NARENDRA-MODI-STADIUM-AHMEDABAD,-1.0,,L,L,R,Gujarat-Titans,Royal-Challengers-Bangalore,Seam,1.0
2538,1,35,Gujarat Titans,Rahul Tewatia,Josh Hazlewood,,15,2,1,1,1,1,0,0,0,0,0,0,0,0,0,0,0,,,0,14.2,1,1,0,839082,-74.0,35.5,1,0,,38,STRAIGHT BALL,27,FORWARD PUSH,0,0,2,14,100,5,Outside Leg stump,Good Length,2,1,2,0,0,1,0,0,87.5186921950982,-9.584423712396553,8.341023311778184,-0.5593398950844206,2.194912250820035,,,,,,,8.008049027919741,0.2000104237579472,0.5772008625498355,76.5790870066806,Attacked,Played,None,0.501377105712891,0.4822540283203125,7.318036,-0.232396,,,,,,,-8.641828,0.00348,0.688818,-8.840669,0.011624,0.705681,-12.75264232733924,-10.05983304239674,0.06184345239836381,0.8003259387090622,0.8002102841115822,0.1320116921456354,-1.0,-1.0,NARENDRA-MODI-STADIUM-AHMEDABAD,-1.0,,L,L,R,Gujarat-Titans,Royal-Challengers-Bangalore,Seam,1.0
2538,1,35,Gujarat Titans,Washington Sundar,Josh Hazlewood,,15,3,2,2,2,0,1,0,0,0,0,0,0,0,0,0,0,,,0,14.3,1,1,0,839083,9.5,178.5,2,0,,38,STRAIGHT BALL,97,BACKFOOT PUSH,0,0,3,14,102,5,Leg stump,Short of Good Length,0,0,2,0,0,0,0,0,86.5844488552407,-10.37027406040558,8.340984277217558,-0.5731925342642273,2.167406514335423,,,,,,,8.224790116062785,0.1831689712270575,0.5844970474136192,79.35765998933714,Attacked,Played,None,0.501537322998047,0.4855499267578125,7.97301,-0.12045,,,,,,,-8.866936,0.204241,0.797551,-8.840671,0.202949,0.795352,-12.99506805561055,-10.06011047879361,0.2632167208093764,0.8902601980415452,0.6087592069091139,-0.1306881125280398,-1.0,-1.0,NARENDRA-MODI-STADIUM-AHMEDABAD,-1.0,,L,L,R,Gujarat-Titans,Royal-Challengers-Bangalore,Seam,1.0
2538,1,35,Gujarat Titans,Washington Sundar,Josh Hazlewood,,15,4,1,1,1,1,0,0,0,0,0,0,0,0,0,0,0,,,0,14.4,1,1,0,839084,106.0,-92.5,1,0,,38,STRAIGHT BALL,44,GLIDE,0,0,4,14,103,5,Leg stump,Short of Good Length,0,0,2,0,0,0,0,0,86.15327937238453,-12.53539756141787,8.34073871699588,-0.4648811429322019,2.158147390430784,,,,,,,10.4973700880562,0.1670122834565596,0.6280618100111915,87.50804315602278,Attacked,Played,None,0.518497467041016,0.5127296447753906,9.70609,-0.062775,,,,,,,-9.08372,0.393637,1.263573,-8.84106,0.380511,1.239319,-15.27507108816746,-10.06027994187654,0.446730758014349,1.354553812260495,0.1665336108924083,0.1580852470709715,-1.0,-1.0,NARENDRA-MODI-STADIUM-AHMEDABAD,-1.0,,L,L,R,Gujarat-Titans,Royal-Challengers-Bangalore,Seam,1.0
2538,1,35,Gujarat Titans,Rahul Tewatia,Josh Hazlewood,,15,5,1,1,1,1,0,0,0,0,0,0,0,0,0,0,0,,,0,14.5,1,1,0,839085,-140.0,-59.5,1,0,,38,STRAIGHT BALL,58,BACKFOOT PULL SHOT,0,0,5,14,104,5,Outside Leg stump,Short Length,0,0,2,0,0,0,0,0,90.80000000000005,-13.2179032314275,8.340732835030092,-0.5532420142802209,2.129876420005695,,,,,,,9.406261560606984,0.1671369503228076,0.569398457352471,78.69607357058989,Attacked,Played,None,0.494407653808594,0.4796562194824219,10.054665,-0.273641,,,,,,,-8.767474,-0.010758,1.22556,-8.840917,-0.008475,1.233337,-15.13295899539978,-10.06002586090986,0.02962039204709099,1.356385469288515,0.8779566247123257,-0.7106549132918341,-1.0,-1.0,NARENDRA-MODI-STADIUM-AHMEDABAD,-1.0,,L,L,R,Gujarat-Titans,Royal-Challengers-Bangalore,Seam,1.0
2538,1,35,Gujarat Titans,Washington Sundar,Josh Hazlewood,,15,6,1,1,1,1,0,0,0,0,0,0,0,0,0,0,0,,,0,14.6,1,1,0,839086,-158.5,30.0,1,0,,38,STRAIGHT BALL,97,BACKFOOT PUSH,0,0,6,14,105,5,Outside Leg stump,Short of Good Length,0,0,2,0,0,0,0,0,86.74401948180244,-12.79081350948806,8.340545301518823,-0.4949081614019183,2.142385916465769,,,,,,,8.588135716913179,0.1559192828205406,0.5407241410442649,75.51669287458569,Attacked,Played,None,0.501136779785156,0.48248291015625,9.713147,-0.257915,,,,,,,-8.68054,0.070489,0.987645,-8.840859,0.077023,0.999997,-14.66458069065805,-10.06013910704498,0.1269967652447023,1.085663120756759,0.4005942756394993,0.4154205611256003,-1.0,-1.0,NARENDRA-MODI-STADIUM-AHMEDABAD,-1.0,,L,L,R,Gujarat-Titans,Royal-Challengers-Bangalore,Seam,1.0
2538,1,35,Gujarat Titans,Washington Sundar,Bhuvneshwar Kumar,,16,1,0,0,0,0,0,0,1,0,0,0,0,0,0,0,0,,,0,15.1,1,1,0,839087,-158.5,30.0,0,0,,30,ANGLED ACROSS,105,LEFT ALONE,0,0,1,15,105,5,Outside Leg stump,Short Length,1,0,2,0,0,0,0,0,81.867398334675,-15.89331663320005,8.34044557424523,-0.6088322178734658,1.846553441635374,,,,,,,12.1065288083078,0.1730363802618361,0.5586537231692424,76.49442044920276,None,None,None,0.566459655761719,0.5951271057128906,12.621146,-0.266963,,,,,,,-999.9,-999.9,-999.9,-8.840986,0.552425,1.726347,-19.17001773920556,-10.06023715698894,0.6317937212362974,1.810585881438045,0.2720425276235592,0.8938308971621116,-1.0,-1.0,NARENDRA-MODI-STADIUM-AHMEDABAD,-1.0,,L,L,R,Gujarat-Titans,Royal-Challengers-Bangalore,Seam,1.0
2538,1,35,Gujarat Titans,Washington Sundar,Bhuvneshwar Kumar,,16,2,2,2,2,0,1,0,0,0,0,0,0,0,0,0,0,,,0,15.2,1,1,0,839088,-137.0,90.0,2,0,,36,BOUNCER,58,BACKFOOT PULL SHOT,1,0,2,15,107,5,Outside Leg stump,Short Length,0,0,2,0,0,0,0,0,81.99191103651626,-16.341384389816,8.340600939890816,-0.5654406783224966,1.818144954267139,,,,,,,12.52318947956259,0.1946543737760714,0.5582376008210079,74.27020274554405,Attacked,Played,None,0.565910339355469,0.5199966430664062,12.846208,-0.270836,,,,,,,-8.094397,0.389257,1.806699,-8.840851,0.432586,1.877911,-19.54041975366086,-10.05977782084248,0.5027148106526723,1.978375370534253,-0.03851301180082431,0.5777334653265692,-1.0,-1.0,NARENDRA-MODI-STADIUM-AHMEDABAD,-1.0,,L,L,R,Gujarat-Titans,Royal-Challengers-Bangalore,Seam,1.0
2538,1,35,Gujarat Titans,Washington Sundar,Bhuvneshwar Kumar,,16,3,2,2,2,0,1,0,0,0,0,0,0,0,0,0,0,,,0,15.3,1,1,0,839089,141.5,65.0,2,0,,30,ANGLED ACROSS,51,FRONTFOOT COVERDRIVE,0,0,3,15,109,5,Middle stump,Short of Good Length,0,0,2,0,0,0,0,0,86.27803657218892,-10.35575528122563,8.340771797942026,-0.5143992997152909,1.928795699140994,,,,,,,8.792817994513156,0.2039683565785222,0.6314201456770117,84.31618619369954,Attacked,Played,None,0.513999938964844,0.4990997314453125,9.107308,-0.044093,,,,,,,-8.732706,0.392803,0.955468,-8.841014,0.39908,0.964069,-12.76349203168788,-10.06016301608533,0.4701286917799551,1.052231282525148,0.3536899873592798,0.03793459914435049,-1.0,-1.0,NARENDRA-MODI-STADIUM-AHMEDABAD,-1.0,,L,L,R,Gujarat-Titans,Royal-Challengers-Bangalore,Seam,1.0
2538,1,35,Gujarat Titans,Washington Sundar,Bhuvneshwar Kumar,,16,4,1,1,1,1,0,0,0,0,0,0,0,0,0,0,0,,,0,15.4,1,1,0,839090,64.0,167.0,1,0,,38,STRAIGHT BALL,84,FRONTFOOT OFF DRIVE,0,0,4,15,110,5,Outside Off stump,Good Length,0,0,2,0,0,0,0,0,77.34292745666474,-7.279423515220523,8.340725625485256,-0.5920735849253963,1.900896838764232,,,,,,,7.613774271030027,0.2142642293363987,0.578436064227815,75.33898670053239,Attacked,Played,None,0.564846038818359,0.5371856689453125,7.359424,0.073325,,,,,,,-8.468785,0.454584,0.604065,-8.841029,0.479794,0.626827,-12.1015322317688,-10.05988698456549,0.5628717132222357,0.688527151118276,0.7554996727658071,-0.1426173794777507,-1.0,-1.0,NARENDRA-MODI-STADIUM-AHMEDABAD,-1.0,,L,L,R,Gujarat-Titans,Royal-Challengers-Bangalore,Seam,1.0
2538,1,35,Gujarat Titans,Rahul Tewatia,Bhuvneshwar Kumar,,16,5,4,4,4,0,0,0,0,0,0,0,0,0,1,0,0,,,0,15.5,1,1,0,839091,8.5,-148.0,4,0,,36,BOUNCER,31,UPPER CUT,1,0,5,15,114,5,Outside Leg stump,Short Length,0,0,2,0,0,0,0,0,82.1645088603772,-17.62817044285211,8.340739712523877,-0.6078149976959615,1.810538833382634,,,,,,,12.16518511512218,0.1534085200714657,0.5133985622162424,71.66893232528979,Attacked,Played,None,0.563117980957031,0.5776519775390625,13.290797,-0.431963,,,,,,,-9.679025,0.107915,1.891014,-8.840889,0.068185,1.831455,-20.93620413648831,-10.06000614230323,0.126210515758737,1.914919527299882,-0.02878589512752697,0.1253294757199229,-1.0,-1.0,NARENDRA-MODI-STADIUM-AHMEDABAD,-1.0,,L,L,R,Gujarat-Titans,Royal-Challengers-Bangalore,Seam,1.0
2538,1,35,Gujarat Titans,Rahul Tewatia,Bhuvneshwar Kumar,,16,6,1,1,1,1,0,0,0,0,0,0,0,0,0,0,0,,,0,15.6,1,1,0,839092,-85.5,170.0,1,0,,38,STRAIGHT BALL,47,FRONTFOOT ON DRIVE,0,0,6,15,115,5,Off stump,Yorker,0,0,2,0,0,0,0,0,85.73541345943626,-4.384048727318839,8.341135872388644,-0.5643222918058944,1.931920039547221,,,,,,,6.907057687949098,0.1023306738242392,0.7034531252642113,105.2849014072078,Attacked,Played,None,0.493377685546875,0.4720001220703125,2.512992000000001,0.04539,,,,,,,-8.633654,0.097841,0.160556,-8.840806,0.107888,0.18346,-9.490681841539846,-10.06030057053577,0.167349151291199,0.3103887746685876,0.8225788441645112,0.1223124456179235,-1.0,-1.0,NARENDRA-MODI-STADIUM-AHMEDABAD,-1.0,,L,L,R,Gujarat-Titans,Royal-Challengers-Bangalore,Seam,1.0
2538,1,35,Gujarat Titans,Rahul Tewatia,Rasikh Dar,,17,1,0 WK,W,0,0,0,0,1,0,0,0,0,0,0,0,1,Caught,WICKET,1,16.1,1,1,0,839093,-87.0,161.5,0,0,,47,SLOWER BALL,11,LOFTED ON DRIVE,0,0,1,16,115,6,Outside Off stump,Good Length,1,0,2,0,0,0,0,0,81.59750853283205,-6.857040475518486,8.340515118335855,0.8677415712785636,1.886170134495278,,,,,,,7.354476156651593,0.1796559873746014,0.5812549005921936,79.22263635136892,None,None,None,0.530765533447266,0.4834213256835938,6.954944,0.601428,,,,,,,-7.828323,0.494001,0.518643,-8.840739,0.470454,0.593808,-11.79689876692552,-10.06031935876447,0.4418372723116801,0.6689630388003909,0.8052656431114718,-0.3669801071033035,-1.0,-1.0,NARENDRA-MODI-STADIUM-AHMEDABAD,-1.0,,L,L,R,Gujarat-Titans,Royal-Challengers-Bangalore,Seam,1.0
2538,1,35,Gujarat Titans,Jason Holder,Rasikh Dar,,17,2,1,1,1,1,0,0,0,0,0,0,0,0,0,0,0,,,0,16.2,1,1,0,839094,-78.5,153.0,1,0,,47,SLOWER BALL,84,FRONTFOOT OFF DRIVE,0,0,2,16,116,6,Outside Off stump,Full Length,2,0,2,0,0,0,0,0,64.40569065484169,-3.016324567850732,8.340602797044596,-0.6019654513342608,1.877276837223923,,,,,,,9.428772532307304,0.304782651975165,0.5958668503568846,68.90176235601619,Attacked,Played,None,0.675224304199219,0.6083908081054688,5.574866,-0.497284,,,,,,,-7.791805,-0.488448,0.468343,-8.841014,-0.485593,0.565246,-13.7893252599024,-10.06000958153452,-0.482244575278468,0.6495167254563181,-0.6087423487494965,0.002455316048639946,-1.0,-1.0,NARENDRA-MODI-STADIUM-AHMEDABAD,-1.0,,R,L,R,Gujarat-Titans,Royal-Challengers-Bangalore,Seam,1.0
2538,1,35,Gujarat Titans,Washington Sundar,Rasikh Dar,,17,3,1,1,1,1,0,0,0,0,0,0,0,0,0,0,0,,,0,16.3,1,1,0,839095,-158.5,73.0,1,0,,39,ANGLED IN,47,FRONTFOOT ON DRIVE,0,0,3,16,117,6,Off stump,Full Length,0,0,2,0,0,0,0,0,83.07352206443161,-5.283738820218365,8.34063661423809,0.8302916387582164,1.912541620519456,,,,,,,6.047395763117119,0.2111312421909332,0.5264044345185228,67.8475409586851,Attacked,Played,None,0.515110015869141,0.4851150512695313,4.727796,0.19824,,,,,,,-8.324209,0.038186,0.29106,-8.840876,0.01017,0.328443,-10.7023528853626,-10.06008234543133,-0.05639015213602735,0.405165623436352,-0.5401147361482215,-0.09913989967048685,-1.0,-1.0,NARENDRA-MODI-STADIUM-AHMEDABAD,-1.0,,L,R,R,Gujarat-Titans,Royal-Challengers-Bangalore,Seam,1.0
2538,1,35,Gujarat Titans,Jason Holder,Rasikh Dar,,17,4,1,1,1,1,0,0,0,0,0,0,0,0,0,0,0,,,0,16.4,1,1,0,839096,-160.5,71.0,1,0,,38,STRAIGHT BALL,52,BACKFOOT COVERDRIVE,0,0,4,16,118,6,Outside Off stump,Short of Good Length,0,0,2,0,0,0,0,0,82.42288529673037,-10.17974231941219,8.340865565854081,-0.6746865439007883,1.881457587835618,,,,,,,7.730249056845771,0.1532909794066187,0.5663337583431632,79.62096581081262,Attacked,Played,None,0.533203125,0.5136337280273438,9.23601,-0.600634,,,,,,,-8.660185,-0.588492,0.81894,-8.840761,-0.588707,0.830373,-12.76993517920566,-10.06032533807672,-0.5907891644695966,0.8989213469530835,-0.6329030012352382,0.097465696974217,-1.0,-1.0,NARENDRA-MODI-STADIUM-AHMEDABAD,-1.0,,R,L,R,Gujarat-Titans,Royal-Challengers-Bangalore,Seam,1.0
2538,1,35,Gujarat Titans,Washington Sundar,Rasikh Dar,,17,5,2,2,2,0,1,0,0,0,0,0,0,0,0,0,0,,,0,16.5,1,1,0,839097,-141.5,42.5,2,0,,47,SLOWER BALL,27,FORWARD PUSH,0,0,5,16,120,6,Outside Off stump,Good Length,0,0,2,0,0,0,0,0,65.45506855761357,-6.449900371410083,8.340723156169005,0.908656292495192,1.874282413893269,,,,,,,10.85901536863375,0.3361119795619664,0.6220932383558782,69.7027877971851,Attacked,Played,None,0.695045471191406,0.6540069580078125,8.509745,0.362406,,,,,,,-8.307173,0.027908,0.889764,-8.840808,0.000646,0.91716,-14.80011860986165,-10.05996731532984,-0.062126217122983,0.9560242204062159,-0.6761014135182956,0.7563673973071833,-1.0,-1.0,NARENDRA-MODI-STADIUM-AHMEDABAD,-1.0,,L,R,R,Gujarat-Titans,Royal-Challengers-Bangalore,Seam,1.0
2538,1,35,Gujarat Titans,Washington Sundar,Rasikh Dar,,17,6,1,1,1,1,0,0,0,0,0,0,0,0,0,0,0,,,0,16.6,1,1,0,839098,-65.0,146.0,1,0,,39,ANGLED IN,27,FORWARD PUSH,0,0,6,16,121,6,Outside Off stump,Short of Good Length,0,0,2,0,0,0,0,0,83.06140368087159,-8.07664012015836,8.341038553242182,0.8579861146035348,1.894611583445911,,,,,,,6.997715617247716,0.2297937678526733,0.5603519224151501,71.07341157700517,Attacked,Edged,None,0.520294189453125,0.5122146606445312,7.489506,0.570976,,,,,,,-8.803943,0.319445,0.590199,-8.840923,0.317915,0.592297,-11.4785442000013,-10.05982581718277,0.2672337015470134,0.6526582577145195,-0.7557130118966146,-0.3559298970847478,-1.0,-1.0,NARENDRA-MODI-STADIUM-AHMEDABAD,-1.0,,L,R,R,Gujarat-Titans,Royal-Challengers-Bangalore,Seam,1.0
2538,1,35,Gujarat Titans,Washington Sundar,Josh Hazlewood,,18,1,4,4,4,0,0,0,0,0,0,0,0,0,1,0,0,,,0,17.1,1,1,0,839099,-30.0,-155.5,4,0,,36,BOUNCER,57,HOOK SHOT,1,0,1,17,125,6,Outside Leg stump,Short Length,1,0,2,0,0,0,0,0,75.48420144861608,-18.15647347043134,8.340739243780163,-0.5943264913706405,2.079955873733785,,,,,,,14.75601400054826,0.2228512425390646,0.5738727882062119,73.79579397702533,Attacked,Played,None,0.653285980224609,0.6250991821289062,12.728926,-0.565901,,,,,,,-8.534694,-0.3809,2.004513,-8.840801,-0.375583,2.02791,-21.568467416923,-10.05993791004073,-0.354258568432927,2.103071974670866,-0.08043155106301929,0.6553321809739301,-1.0,-1.0,NARENDRA-MODI-STADIUM-AHMEDABAD,-1.0,,L,R,R,Gujarat-Titans,Royal-Challengers-Bangalore,Seam,1.0
2538,1,35,Gujarat Titans,Washington Sundar,Josh Hazlewood,,18,2,1,1,1,1,0,0,0,0,0,0,0,0,0,0,0,,,0,17.2,1,1,0,839100,-154.5,64.0,1,0,,38,STRAIGHT BALL,97,BACKFOOT PUSH,0,0,2,17,126,6,Outside Leg stump,Short of Good Length,0,0,2,0,0,0,0,0,89.5295483725177,-10.84168753098738,8.34042240217654,-0.4630823082174325,2.150499715463261,,,,,,,8.616879311267821,0.2065868100125503,0.5820120600755284,76.64312801007424,Attacked,Played,None,0.496719360351562,0.4744606018066406,8.528514,-0.219329,,,,,,,-8.539586,0.002865,0.877979,-8.840879,0.012702,0.904344,-13.4900872072259,-10.05985737945336,0.05274920603844313,1.001857272361123,-0.4384127562273739,0.5796555260879412,-1.0,-1.0,NARENDRA-MODI-STADIUM-AHMEDABAD,-1.0,,L,R,R,Gujarat-Titans,Royal-Challengers-Bangalore,Seam,1.0
2538,1,35,Gujarat Titans,Jason Holder,Josh Hazlewood,,18,3,1,1,1,1,0,0,0,0,0,0,0,0,0,0,0,,,0,17.3,1,1,0,839101,134.5,-65.5,1,0,,38,STRAIGHT BALL,58,BACKFOOT PULL SHOT,0,0,3,17,127,6,Outside Off stump,Short of Good Length,0,0,2,0,0,0,0,0,87.02508720826665,-12.59787588373005,8.340382174722887,-0.5870142364804996,2.15846609321604,,,,,,,9.321922882550668,0.1993649492419952,0.5645866896174648,74.75150851842022,Attacked,Played,None,0.518840789794922,0.4874382019042969,9.697733,-0.252654,,,,,,,-8.278086,0.052088,1.039665,-8.840544,0.074498,1.087555,-14.92837844065775,-10.06010254617259,0.1234508992110137,1.179654895663843,0.1689721735225481,-0.1506508386343368,-1.0,-1.0,NARENDRA-MODI-STADIUM-AHMEDABAD,-1.0,,R,L,R,Gujarat-Titans,Royal-Challengers-Bangalore,Seam,1.0
2538,1,35,Gujarat Titans,Washington Sundar,Josh Hazlewood,,18,4,4,4,4,0,0,0,0,0,0,0,0,0,1,0,0,,,0,17.4,1,1,0,839102,-195.5,43.0,4,0,,38,STRAIGHT BALL,40,FRONTFOOT FLICK,0,0,4,17,131,6,Outside Leg stump,Full Length,0,0,2,0,0,0,0,0,87.75980981597515,-5.611245170729022,8.340561513361635,-0.4759045337496509,2.172378820044603,,,,,,,6.900388171349487,0.1343973210725822,0.6062821135646542,87.50258492743991,Attacked,Played,None,0.483741760253906,0.4529571533203125,3.423532,-0.224356,,,,,,,-8.400663,-0.162139,0.239799,-8.840914,-0.146484,0.285649,-10.83393071419887,-10.06024802424145,-0.1028508575468934,0.4037335425663881,2.064650902562441,-0.0430237530462344,-1.0,-1.0,NARENDRA-MODI-STADIUM-AHMEDABAD,-1.0,,L,R,R,Gujarat-Titans,Royal-Challengers-Bangalore,Seam,1.0
2538,1,35,Gujarat Titans,Washington Sundar,Josh Hazlewood,,18,5,1 (WD),1,0,0,0,0,0,1,1,0,0,0,0,0,0,,,0,17.5,1,1,1,839103,-195.5,43.0,1,0,,38,STRAIGHT BALL,58,BACKFOOT PULL SHOT,0,0,5,17,132,6,Outside Leg stump,Short of Good Length,0,0,2,0,0,0,0,0,89.50394568975499,-11.41222242683392,8.340972394653186,-0.535583530188094,2.152149270132829,,,,,,,8.437157518206126,0.142997091445708,0.5529434032055354,78.6418013362595,Attacked,Missed,None,0.493766784667969,0.5182113647460938,9.022902,-0.514288,,,,,,,-999.9,-999.9,-999.9,-8.840955,-0.465197,0.931447,-14.20703040687452,-10.06023976784058,-0.4572491996222757,1.023905515524008,-0.03480782146094391,0.2376282083550409,-1.0,-1.0,NARENDRA-MODI-STADIUM-AHMEDABAD,-1.0,,L,R,R,Gujarat-Titans,Royal-Challengers-Bangalore,Seam,1.0
2538,1,35,Gujarat Titans,Washington Sundar,Josh Hazlewood,,18,5,1,1,1,1,0,0,0,0,0,0,0,0,0,0,0,,,0,17.5,1,1,0,839104,-147.0,-60.0,1,0,,38,STRAIGHT BALL,40,FRONTFOOT FLICK,0,0,6,17,133,6,Outside Leg stump,Full Length,0,0,2,0,0,0,0,0,87.79844863843815,-5.26178023286466,8.340903955888166,-0.4042079760848964,2.184279653008016,,,,,,,7.27424940138872,0.1326933963281019,0.667063028877898,96.79011469887452,Attacked,Played,None,0.481006622314453,0.457855224609375,2.529607,-0.392189,,,,,,,-8.525081,-0.373911,0.158717,-8.841109,-0.368075,0.195933,-10.40291521123737,-10.06007116816907,-0.3454354850226736,0.3312584247892157,1.940647482548705,-0.02064562940890156,-1.0,-1.0,NARENDRA-MODI-STADIUM-AHMEDABAD,-1.0,,L,R,R,Gujarat-Titans,Royal-Challengers-Bangalore,Seam,1.0
2538,1,35,Gujarat Titans,Jason Holder,Josh Hazlewood,,18,6,4,4,4,0,0,0,0,0,0,0,0,0,1,0,0,,,0,17.6,1,1,0,839105,-34.5,230.0,4,0,,39,ANGLED IN,13,LOFTED STRAIGHT,0,0,7,17,137,6,Outside Off stump,Full Length,0,0,2,0,0,0,0,0,87.22571361837745,-6.070142076999382,8.340766930047664,-0.452787053606504,2.164561144095332,,,,,,,7.12608509039284,0.1720832577370988,0.6088992430238059,84.12656067986102,Attacked,Played,None,0.486396789550781,0.4643096923828125,4.065183,-0.28096,,,,,,,-8.507164,-0.205161,0.327037,-8.840812,-0.194984,0.360732,-10.99326870957106,-10.05982083736748,-0.1575794846377418,0.4749826692091269,1.504285949752254,0.234286082663048,-1.0,-1.0,NARENDRA-MODI-STADIUM-AHMEDABAD,-1.0,,R,L,R,Gujarat-Titans,Royal-Challengers-Bangalore,Seam,1.0
2538,1,35,Gujarat Titans,Washington Sundar,Bhuvneshwar Kumar,,19,1,4,4,4,0,0,0,0,0,0,0,0,0,1,0,0,,,0,18.1,1,1,0,839106,-184.5,100.0,4,0,,38,STRAIGHT BALL,58,BACKFOOT PULL SHOT,0,0,1,18,141,6,Outside Leg stump,Short of Good Length,1,0,2,0,0,0,0,0,85.99595891136238,-11.37111574708673,8.341141685353087,-0.6175094999410483,1.894872421302916,,,,,,,8.312427031932044,0.1886996513782322,0.5875471571435835,79.26210843371432,Attacked,Played,None,0.515968322753906,0.4849777221679688,9.703809,-0.203847,,,,,,,-8.194994,0.287007,0.877677,-8.840906,0.328845,0.92118,-13.0220674864486,-10.06032363044633,0.4084409953295576,0.9910366811506022,-0.2226032771615498,0.8672068217348678,-1.0,-1.0,NARENDRA-MODI-STADIUM-AHMEDABAD,-1.0,,L,R,R,Gujarat-Titans,Royal-Challengers-Bangalore,Seam,1.0
2538,1,35,Gujarat Titans,Washington Sundar,Bhuvneshwar Kumar,,19,2,1,1,1,1,0,0,0,0,0,0,0,0,0,0,0,,,0,18.2,1,1,0,839107,69.5,178.5,1,0,,38,STRAIGHT BALL,84,FRONTFOOT OFF DRIVE,0,0,2,18,142,6,Outside Off stump,Full Length,0,0,2,0,0,0,0,0,85.12735765408921,-4.402240289381966,8.341167473103987,-0.5400948029104504,1.928053212808784,,,,,,,6.540480038536506,0.1822716581811059,0.6500000000000007,89.27283418188952,Attacked,Played,None,0.494453430175781,0.4790496826171875,2.413139,0.15766,,,,,,,-8.679916,0.193225,0.126261,-8.841128,0.198768,0.143026,-9.512525695827625,-10.05999076527554,0.2406133445006073,0.2615433405788899,0.02444570168027612,-0.5351952315050054,-1.0,-1.0,NARENDRA-MODI-STADIUM-AHMEDABAD,-1.0,,L,R,R,Gujarat-Titans,Royal-Challengers-Bangalore,Seam,1.0
2538,1,35,Gujarat Titans,Jason Holder,Bhuvneshwar Kumar,,19,3,0 WK,W,0,0,0,0,1,0,0,0,0,0,0,0,1,Caught,WICKET,1,18.3,1,1,0,839108,-18.0,-85.5,0,0,,36,BOUNCER,58,BACKFOOT PULL SHOT,1,0,3,18,142,7,Outside Off stump,Short Length,1,0,2,0,0,0,0,0,80.74432146573271,-17.85371112367943,8.340608772000397,-0.656266598241287,1.767871470051182,,,,,,,12.44491599161428,0.1992306090350027,0.5160271583720647,67.48101285230943,None,None,None,0.574825286865234,0.5389022827148438,13.413446,-0.6425,,,,,,,-8.353451,-0.47299,1.836029,-8.841075,-0.465551,1.874346,-20.74221669435929,-10.05970787744497,-0.4468181435399324,1.955473975105072,-0.03324252556051494,0.6485397221059437,-1.0,-1.0,NARENDRA-MODI-STADIUM-AHMEDABAD,-1.0,,R,L,R,Gujarat-Titans,Royal-Challengers-Bangalore,Seam,1.0
2538,1,35,Gujarat Titans,Rashid Khan,Bhuvneshwar Kumar,,19,4,1,1,1,1,0,0,0,0,0,0,0,0,0,0,0,,,0,18.4,1,1,0,839109,-168.0,46.0,1,0,,38,STRAIGHT BALL,51,FRONTFOOT COVERDRIVE,0,0,4,18,143,7,Outside Off stump,Full Length,2,0,2,0,0,0,0,0,75.14614223435787,-4.839721707157396,8.341014105306094,-0.7040921539820801,1.955296849944373,,,,,,,8.644295318394553,0.2694398574380316,0.6496088046865112,80.49733495917353,Attacked,Played,None,0.575042724609375,0.5462722778320312,5.11434,-0.338611,,,,,,,-8.465637,-0.306536,0.477116,-8.841076,-0.303061,0.515541,-11.97310189449809,-10.06003057642745,-0.2917050684022509,0.626513209688814,0.2743359204103009,-1.203439942886249,-1.0,-1.0,NARENDRA-MODI-STADIUM-AHMEDABAD,-1.0,,R,L,R,Gujarat-Titans,Royal-Challengers-Bangalore,Seam,1.0
2538,1,35,Gujarat Titans,Washington Sundar,Bhuvneshwar Kumar,,19,5,0,0,0,0,0,0,1,0,0,0,0,0,0,0,0,,,0,18.5,1,1,0,839110,16.5,59.5,0,0,,38,STRAIGHT BALL,27,FORWARD PUSH,0,0,5,18,143,7,Off stump,Yorker,0,0,2,0,0,0,0,0,85.3201073181124,-4.108886917434678,8.3406145028633,-0.5331122795514112,1.916170556162344,,,,,,,6.315484140971094,0.1892697672409021,0.6500000000000011,88.57302327590996,Defended,Played,None,0.493663787841797,0.4845657348632813,1.896934999999999,0.178287,,,,,,,-8.929318,0.207683,0.112656,-8.841048,0.204299,0.103496,-9.188302756171915,-10.05992041113346,0.250967693552078,0.2232613763613584,0.6758775528512307,-0.6245530694553504,-1.0,-1.0,NARENDRA-MODI-STADIUM-AHMEDABAD,-1.0,,L,R,R,Gujarat-Titans,Royal-Challengers-Bangalore,Seam,1.0
2538,1,35,Gujarat Titans,Washington Sundar,Bhuvneshwar Kumar,,19,6,2,2,2,0,1,0,0,0,0,0,0,0,0,0,0,,,0,18.6,1,1,0,839111,128.5,-52.0,2,0,,38,STRAIGHT BALL,16,BACKFOOT SQUARE DRIVE,0,0,6,18,145,7,Off stump,Short of Good Length,0,0,2,0,0,0,0,0,85.8420243439535,-9.390112707244787,8.340512708259784,-0.6013349515111339,1.899278206037357,,,,,,,8.689502617562688,0.246719704942121,0.6537006759151497,83.38313089306035,Attacked,Played,None,0.516494750976562,0.4965934753417969,8.44952,-0.115709,,,,,,,-8.587492,0.226381,0.853628,-8.840598,0.23916,0.874412,-12.05139223701263,-10.05980718267501,0.301090612543053,0.964660879386221,0.2442483077525112,-0.1894368708700918,-1.0,-1.0,NARENDRA-MODI-STADIUM-AHMEDABAD,-1.0,,L,R,R,Gujarat-Titans,Royal-Challengers-Bangalore,Seam,1.0
2538,1,35,Gujarat Titans,Rashid Khan,Rasikh Dar,,20,1,6,6,6,0,0,0,0,0,0,0,0,0,0,1,0,,,0,19.1,1,1,0,839112,68.0,212.5,6,0,,47,SLOWER BALL,11,LOFTED ON DRIVE,0,0,1,19,151,7,Outside Off stump,Short of Good Length,1,1,3,0,0,0,0,0,65.6997123819653,-5.934769571193672,8.340758061722475,-0.5943229881355476,1.865282248632091,,,,,,,10.57741977568261,0.3050350469039882,0.6194081601695495,72.4077193350336,Attacked,Played,None,0.684951782226562,0.638214111328125,8.278833,-0.54201,,,,,,,-8.177344,-0.56549,0.856068,-8.840685,-0.568,0.894596,-14.70284195549169,-10.05988645864167,-0.572649541876286,0.9411641583470921,-0.6766251837488698,-0.149742772964264,-1.0,-1.0,NARENDRA-MODI-STADIUM-AHMEDABAD,-1.0,,R,L,R,Gujarat-Titans,Royal-Challengers-Bangalore,Seam,1.0
2538,1,35,Gujarat Titans,Rashid Khan,Rasikh Dar,,20,2,0 WK,W,0,0,0,0,1,0,0,0,0,0,0,0,1,Caught,WICKET,1,19.2,1,1,0,839113,133.0,-57.0,0,0,,39,ANGLED IN,58,BACKFOOT PULL SHOT,0,0,2,19,151,8,Outside Off stump,Short Length,2,0,3,0,0,0,0,0,82.72869045982529,-12.60779457853397,8.340581796788122,-0.5904228723362086,1.790338771582404,,,,,,,9.141518418238931,0.1981019632007827,0.5155165121640702,67.51728050453227,None,None,None,0.551719665527344,0.5099029541015625,11.473624,-0.353634,,,,,,,-8.020607,-0.016734,1.086233,-8.840616,0.019263,1.130111,-15.93368735430088,-10.0600112804227,0.07496031332337966,1.179820198273979,0.3611492138100116,-0.4962057439863322,-1.0,-1.0,NARENDRA-MODI-STADIUM-AHMEDABAD,-1.0,,R,L,R,Gujarat-Titans,Royal-Challengers-Bangalore,Seam,1.0
2538,1,35,Gujarat Titans,Kagiso Rabada,Rasikh Dar,,20,3,0,0,0,0,0,0,1,0,0,0,0,0,0,0,0,,,0,19.3,1,1,0,839114,21.0,65.0,0,0,,39,ANGLED IN,27,FORWARD PUSH,0,0,3,19,151,8,Outside Off stump,Full Length,3,0,3,0,0,0,0,0,84.07291836986805,-4.805687018217501,8.34038975738688,0.9880082497720316,1.901226286005928,,,,,,,6.188452693105119,0.13902897130248,0.5910081792903925,84.74832976331088,Defended,Played,None,0.50537109375,0.4792556762695313,3.824153,0.175625,,,,,,,-8.422853,0.074769,0.251557,-8.840506,0.055319,0.287226,-10.00155000149434,-10.06007112216053,-0.00183026137410644,0.3814089712637865,0.6238042028714861,0.2395324361161996,-1.0,-1.0,NARENDRA-MODI-STADIUM-AHMEDABAD,-1.0,,L,L,R,Gujarat-Titans,Royal-Challengers-Bangalore,Seam,1.0
2538,1,35,Gujarat Titans,Kagiso Rabada,Rasikh Dar,,20,4,1,1,1,1,0,0,0,0,0,0,0,0,0,0,0,,,0,19.4,1,1,0,839115,148.5,32.5,1,0,,38,STRAIGHT BALL,51,FRONTFOOT COVERDRIVE,0,0,4,19,152,8,Outside Off stump,Full Length,0,0,3,0,0,0,0,0,83.45507467710353,-3.482335160055771,8.340419452329328,0.9357585651102145,1.918555260262748,,,,,,,6.453143895659023,0.1833938877360839,0.650000000000001,89.16061122639177,Attacked,Played,None,0.503105163574219,0.49237060546875,1.135954,0.317878,,,,,,,-8.920571,0.317983,0.020521,-8.840685,0.320408,0.033702,-9.386710545501261,-10.06030265178928,0.2834227558312963,0.141959644048143,0.5837862661677222,0.0,-1.0,-1.0,NARENDRA-MODI-STADIUM-AHMEDABAD,-1.0,,L,L,R,Gujarat-Titans,Royal-Challengers-Bangalore,Seam,1.0
2538,1,35,Gujarat Titans,Washington Sundar,Rasikh Dar,,20,5,1,1,1,1,0,0,0,0,0,0,0,0,0,0,0,,,0,19.5,1,1,0,839116,145.5,65.0,1,0,,39,ANGLED IN,51,FRONTFOOT COVERDRIVE,0,0,5,19,153,8,Outside Off stump,Full Length,0,0,3,0,0,0,0,0,82.67934922097419,-3.830016158260347,8.341045671124526,1.005882007537721,1.923004965386396,,,,,,,6.883052351684667,0.2303404406860135,0.6537577821044088,85.02962324705999,Attacked,Played,None,0.508094787597656,0.4990997314453125,2.287995,0.299258,,,,,,,-8.858626,0.267615,0.165778,-8.840547,0.268144,0.1638,-9.791625791604806,-10.06006245856345,0.2323192506822408,0.2893324578806579,0.4424876431604451,0.6129414597375901,-1.0,-1.0,NARENDRA-MODI-STADIUM-AHMEDABAD,-1.0,,L,L,R,Gujarat-Titans,Royal-Challengers-Bangalore,Seam,1.0
2538,1,35,Gujarat Titans,Kagiso Rabada,Rasikh Dar,,20,6,2,2,2,0,1,0,0,0,0,0,0,0,0,0,0,,,0,19.6,1,1,0,839117,110.5,146.5,2,0,,39,ANGLED IN,5,LOFTED OFF DRIVE,0,0,6,19,155,8,Off stump,Full Toss,0,0,3,0,0,0,0,0,82.98542585223277,-2.838396493456614,8.340507074194512,0.9929674849372914,1.903543828961398,,,,,,,6.54048713291005,0.1810669768888204,0.6500000000000007,89.39330231111808,Attacked,Played,None,0.501754760742188,0.4718971252441406,0.537452,-0.018612,,,,,,,-8.11973,0.052419,0.256589,-8.840589,0.015712,0.141686,-9.512535913911394,-10.0601229482385,-0.04551228951776994,0.08939341506301023,0.6987906806332251,0.0,-1.0,-1.0,NARENDRA-MODI-STADIUM-AHMEDABAD,-1.0,,L,L,R,Gujarat-Titans,Royal-Challengers-Bangalore,Seam,1.0
2538,2,19,Royal Challengers Bengaluru,Venkatesh Iyer,Mohammed Siraj,,1,1,1,1,1,1,0,0,0,0,0,0,0,0,0,0,0,,,0,0.1,1,1,0,839118,-11.5,116.5,1,0,https://scores.bcci.tv/matchcentre/commentaryFiles/TATA-IPL-2026/Royal-Challengers-Bengaluru-VS-Gujarat-Titans-(31-May-2026)/File_2-1-839118.png,41,INSWINGER,27,FORWARD PUSH,0,0,1,0,1,0,Leg stump,Good Length,1,0,0,0,0,0,0,0,89.64490314192669,-6.488300662550136,8.340958902642175,-0.6670221389306779,1.924585152242383,,,,,,,7.998429984527043,0.1685457864847666,0.6895511828737143,96.57809878258048,Attacked,Played,None,0.480937957763672,0.4600982666015625,5.843811,-0.055107,,,,,,,-8.563121,-0.02756,0.555263,-8.84095,-0.025768,0.583802,-10.90351455984623,-10.06014382676212,-0.0178564366523884,0.7008394125896606,-3.1358750088289,-0.7885591829857874,-1.0,-1.0,NARENDRA-MODI-STADIUM-AHMEDABAD,-1.0,,L,R,R,Royal-Challengers-Bangalore,Gujarat-Titans,Seam,1.0
2538,2,19,Royal Challengers Bengaluru,Virat Kohli,Mohammed Siraj,,1,2,1 (LB),1,0,0,0,0,1,1,0,0,0,1,0,0,0,,,0,0.2,1,1,1,839119,-11.5,116.5,1,0,,39,ANGLED IN,27,FORWARD PUSH,0,0,2,0,2,0,Off stump,Good Length,0,0,0,0,0,0,0,0,87.99308644153851,-7.259888526016863,8.340873600756701,-0.7930072211298574,1.888401883014357,,,,,,,8.462347344063526,0.1815910600033309,0.6925250554076994,95.71965231082181,Attacked,Missed,None,0.488765716552734,0.4635200500488281,6.937936,-0.145448,,,,,,,-8.30679,0.153107,0.676582,-8.840952,0.184561,0.730415,-11.38773167010057,-10.0600758546994,0.2568525969797724,0.8431079872282021,-1.50121971366425,0.7817491761109229,-1.0,-1.0,NARENDRA-MODI-STADIUM-AHMEDABAD,-1.0,,R,L,R,Royal-Challengers-Bangalore,Gujarat-Titans,Seam,1.0
2538,2,19,Royal Challengers Bengaluru,Venkatesh Iyer,Mohammed Siraj,,1,3,0,0,0,0,0,0,1,0,0,0,0,0,0,0,0,,,0,0.3,1,1,0,839120,-11.5,116.5,0,0,,41,INSWINGER,99,SCOOP,0,0,3,0,2,0,Outside Leg stump,Full Length,0,0,0,0,0,0,0,0,90.39999999999996,-4.845268061449207,8.340676983790889,-0.6670989574323827,1.895439109213616,,,,,,,6.761137019744685,0.1638982848533194,0.6749334961207991,94.85019593278793,Attacked,Missed,None,0.467559814453125,0.4913063049316406,3.331693,-0.146327,,,,,,,-999.9,-999.9,-999.9,-8.840967,-0.157035,0.258826,-9.512769034663043,-10.06026386587141,-0.1632939627556458,0.3759720883375561,-3.775069930727381,-0.2724284097979482,-1.0,-1.0,NARENDRA-MODI-STADIUM-AHMEDABAD,-1.0,,L,R,R,Royal-Challengers-Bangalore,Gujarat-Titans,Seam,1.0
2538,2,19,Royal Challengers Bengaluru,Venkatesh Iyer,Mohammed Siraj,,1,4,0,0,0,0,0,0,1,0,0,0,0,0,0,0,0,,,0,0.4,1,1,0,839121,-11.5,116.5,0,0,,41,INSWINGER,11,LOFTED ON DRIVE,0,0,4,0,2,0,Leg stump,Good Length,0,0,0,0,0,0,0,0,90.1999999999999,-7.565099989810989,8.340799255892403,-0.6926215235716497,1.887152698286031,,,,,,,8.090803560586993,0.1695973315107267,0.6927032223770866,96.94575020549033,Attacked,Missed,None,0.480949401855469,0.4616203308105469,6.892606,-0.231179,,,,,,,-8.61565,-0.234489,0.675436,-8.841048,-0.234629,0.697057,-10.96916387726538,-10.05970066394404,-0.2353897966489897,0.806055525862807,-2.877874564762749,-0.8275130796510634,-1.0,-1.0,NARENDRA-MODI-STADIUM-AHMEDABAD,-1.0,,L,R,R,Royal-Challengers-Bangalore,Gujarat-Titans,Seam,1.0
2538,2,19,Royal Challengers Bengaluru,Venkatesh Iyer,Mohammed Siraj,,1,5,2,2,2,0,1,0,0,0,0,0,0,0,0,0,0,,,0,0.5,1,1,0,839122,-69.5,-105.5,2,0,,38,STRAIGHT BALL,11,LOFTED ON DRIVE,0,0,5,0,4,0,Outside Leg stump,Good Length,0,0,0,0,0,0,0,0,89.19999999999989,-6.741245043481601,8.340828599026082,-0.7722838728739299,1.906821323695126,,,,,,,6.76805935168793,0.1450359467417114,0.6199153752746166,88.48371161702136,Attacked,Edged,None,0.478225708007812,0.4557266235351563,5.816264,-0.297283,,,,,,,-8.501678,-0.15853,0.45886,-8.840583,-0.147291,0.486582,-10.38345538692225,-10.05971538380858,-0.1066177971463848,0.577881606328875,-0.08805531826208256,-0.2773563524294133,-1.0,-1.0,NARENDRA-MODI-STADIUM-AHMEDABAD,-1.0,,L,R,R,Royal-Challengers-Bangalore,Gujarat-Titans,Seam,1.0
2538,2,19,Royal Challengers Bengaluru,Venkatesh Iyer,Mohammed Siraj,,1,6,1,1,1,1,0,0,0,0,0,0,0,0,0,0,0,,,0,0.6,1,1,0,839123,-143.5,-46.5,1,0,,38,STRAIGHT BALL,27,FORWARD PUSH,0,0,6,0,5,0,Middle stump,Good Length,0,0,0,0,0,0,0,0,89.21621925945227,-7.30361595015667,8.340716890349622,-0.7298214199582544,1.906034628335348,,,,,,,7.852102131527513,0.1740509519433732,0.6553976907848815,90.90455842339492,Attacked,Played,None,0.4859619140625,0.4553146362304688,6.75371,-0.216643,,,,,,,-8.247158,-0.153442,0.599856,-8.841081,-0.14568,0.655121,-11.22268266218873,-10.05993781289112,-0.1296357607764981,0.7583412361827631,-2.669634684409405,-0.4088796679889818,-1.0,-1.0,NARENDRA-MODI-STADIUM-AHMEDABAD,-1.0,,L,R,R,Royal-Challengers-Bangalore,Gujarat-Titans,Seam,1.0
2538,2,19,Royal Challengers Bengaluru,Venkatesh Iyer,Kagiso Rabada,,2,1,4,4,4,0,0,0,0,0,0,0,0,0,1,0,0,,,0,1.1,1,1,0,839124,192.0,60.0,4,0,,38,STRAIGHT BALL,15,LOFTED COVER DRIVE,0,0,1,1,9,0,Leg stump,Good Length,1,0,0,0,0,0,0,0,87.59999999999994,-7.9652753544536,8.34057736505719,-0.6405408387793605,2.129755340872395,,,,,,,8.263021045755783,0.1356236337440627,0.6384481640293621,92.20486122999804,Attacked,Played,None,0.491477966308594,0.4556121826171875,6.500692,-0.001901,,,,,,,-8.086851,0.191348,0.59824,-8.841094,0.2242,0.675877,-12.22124733541357,-10.05981923262481,0.2776948143970961,0.7901985219386911,-0.5503261316593072,-0.3803766409574783,-1.0,-1.0,NARENDRA-MODI-STADIUM-AHMEDABAD,-1.0,,L,R,R,Royal-Challengers-Bangalore,Gujarat-Titans,Seam,1.0
2538,2,19,Royal Challengers Bengaluru,Venkatesh Iyer,Kagiso Rabada,,2,2,0,0,0,0,0,0,1,0,0,0,0,0,0,0,0,,,0,1.2,1,1,0,839125,192.0,60.0,0,0,,38,STRAIGHT BALL,36,CUT SHOT,0,0,2,1,9,0,Outside Leg stump,Short Length,0,0,0,0,0,0,0,0,92.41265029425742,-12.64157787761096,8.341240552159892,-0.6115527702463605,2.063017253150006,,,,,,,10.31774339377182,0.1300286961297453,0.6334777056640255,92.0187862366293,Attacked,Missed,None,0.482975006103516,0.5075225830078125,10.125902,-0.203596,,,,,,,-999.9,-999.9,-999.9,-8.840931,0.317971,1.34432,-15.146594872831,-10.05963932903211,0.392258979404159,1.475190209848906,-0.6926451068696186,0.772777037689119,-1.0,-1.0,NARENDRA-MODI-STADIUM-AHMEDABAD,-1.0,,L,R,R,Royal-Challengers-Bangalore,Gujarat-Titans,Seam,1.0
2538,2,19,Royal Challengers Bengaluru,Venkatesh Iyer,Kagiso Rabada,,2,3,6,6,6,0,0,0,0,0,0,0,0,0,0,1,0,,,0,1.3,1,1,0,839126,-194.0,86.0,6,0,,38,STRAIGHT BALL,11,LOFTED ON DRIVE,0,0,3,1,15,0,Outside Leg stump,Good Length,0,0,0,0,0,0,0,0,91.782915,-7.768472556536791,8.340511851920205,-0.6479612727230916,2.093244413348907,,,,,,,7.129321251650127,0.08286293660954686,0.5814081337363632,88.92492639949981,Attacked,Played,None,0.482975006103516,0.4444427490234375,6.368967,-0.331356,,,,,,,-8.485785,-0.274441,0.545854,-8.841074,-0.270141,0.576837,-11.8177039977015,-10.05987371870223,-0.2553021597571367,0.6752990580823102,-1.410375551835162,-0.1017412912236041,-1.0,-1.0,NARENDRA-MODI-STADIUM-AHMEDABAD,-1.0,,L,R,R,Royal-Challengers-Bangalore,Gujarat-Titans,Seam,1.0
2538,2,19,Royal Challengers Bengaluru,Venkatesh Iyer,Kagiso Rabada,,2,4,4,4,4,0,0,0,0,0,0,0,0,0,1,0,0,,,0,1.4,1,1,0,839127,83.5,206.5,4,0,,38,STRAIGHT BALL,5,LOFTED OFF DRIVE,0,0,4,1,19,0,Leg stump,Short of Good Length,0,0,0,0,0,0,0,0,92.42999893630538,-8.940454513056395,8.340515849301905,-0.6807617860985913,2.092428150064678,,,,,,,8.9267737379194,0.1302972089145344,0.6885913089446657,100.2589754502464,Attacked,Played,None,0.469127655029297,0.4417076110839844,7.228854,-0.158813,,,,,,,-8.298521,-0.007523,0.622728,-8.84119,0.007844,0.654865,-12.25918441120971,-10.05978875787875,0.04259361573905654,0.7072381033171037,-0.9594034949833522,-0.6214511314956052,-1.0,-1.0,NARENDRA-MODI-STADIUM-AHMEDABAD,-1.0,,L,R,R,Royal-Challengers-Bangalore,Gujarat-Titans,Seam,1.0
2538,2,19,Royal Challengers Bengaluru,Venkatesh Iyer,Kagiso Rabada,,2,5,0,0,0,0,0,0,1,0,0,0,0,0,0,0,0,,,0,1.5,1,1,0,839128,83.5,206.5,0,0,,30,ANGLED ACROSS,11,LOFTED ON DRIVE,0,0,5,1,19,0,Middle stump,Short of Good Length,0,0,0,0,0,0,0,0,93.04805125597046,-8.173254490825029,8.34121287792037,-0.6540286291331177,2.071440108356678,,,,,,,7.921533112772645,0.1418481439749322,0.6392825860834662,91.70757351502672,Attacked,Missed,None,0.464870452880859,0.4883880615234375,6.662977,-0.176574,,,,,,,-999.9,-999.9,-999.9,-8.841142,0.139803,0.674544,-11.69546876113258,-10.06035686525099,0.2176042454977518,0.7870848001405649,-0.7383648380989852,1.129560486772759,-1.0,-1.0,NARENDRA-MODI-STADIUM-AHMEDABAD,-1.0,,L,R,R,Royal-Challengers-Bangalore,Gujarat-Titans,Seam,1.0
2538,2,19,Royal Challengers Bengaluru,Venkatesh Iyer,Kagiso Rabada,,2,6,4,4,4,0,0,0,0,0,0,0,0,0,1,0,0,,,0,1.6,1,1,0,839129,61.5,-146.0,4,0,,30,ANGLED ACROSS,70,STEP DOWN PULL SHOT,0,0,6,1,23,0,Leg stump,Short of Good Length,0,0,0,0,0,0,0,0,89.73448327703608,-11.16599876334572,8.34118267054074,-0.6849037795429057,2.055996862110174,,,,,,,9.172095211825905,0.1132557748000667,0.6158138208087768,91.04649564130985,Attacked,Edged,None,0.489269256591797,0.4159698486328125,9.270149,-0.214043,,,,,,,-6.806987,0.065743,0.850344,-8.840544,0.152678,1.063011,-14.04861536248847,-10.06031780939173,0.2028216879694093,1.172810669968246,-0.06694666911221807,-0.1047205657526962,-1.0,-1.0,NARENDRA-MODI-STADIUM-AHMEDABAD,-1.0,,L,R,R,Royal-Challengers-Bangalore,Gujarat-Titans,Seam,1.0
2538,2,19,Royal Challengers Bengaluru,Virat Kohli,Mohammed Siraj,,3,1,4,4,4,0,0,0,0,0,0,0,0,0,1,0,0,,,0,2.1,1,1,0,839130,156.0,-76.0,4,0,,39,ANGLED IN,40,FRONTFOOT FLICK,0,0,1,2,27,0,Outside Off stump,Good Length,1,0,0,0,0,0,0,0,89.77414422621949,-7.049819809618809,8.340840872247991,-0.6930535490429979,1.894959045927038,,,,,,,7.674155933060469,0.1830020090809865,0.6592817405428728,90.59206017333227,Attacked,Played,None,0.473533630371094,0.432403564453125,6.452163,-0.186114,,,,,,,-7.954186,-0.032427,0.534553,-8.841118,-0.000422,0.61997,-10.89581465176297,-10.06023635445372,0.043937501254077,0.7263218871771288,-0.1286869992565821,-0.3690614282966276,-1.0,-1.0,NARENDRA-MODI-STADIUM-AHMEDABAD,-1.0,,R,L,R,Royal-Challengers-Bangalore,Gujarat-Titans,Seam,1.0
2538,2,19,Royal Challengers Bengaluru,Virat Kohli,Mohammed Siraj,,3,2,0,0,0,0,0,0,1,0,0,0,0,0,0,0,0,,,0,2.2,1,1,0,839131,156.0,-76.0,0,0,,39,ANGLED IN,70,STEP DOWN PULL SHOT,0,0,2,2,27,0,Outside Off stump,Short of Good Length,0,0,0,0,0,0,0,0,87.98496500887143,-9.716850597643216,8.340511796136987,-0.7853682373452928,1.888858232627398,,,,,,,9.480542813113606,0.1769840046430947,0.6638047696501844,91.87231498321819,Attacked,Missed,None,0.500999450683594,0.5276412963867188,9.144465,-0.225157,,,,,,,-999.9,-999.9,-999.9,-8.840572,0.080924,1.072397,-13.19244700511126,-10.06010996909497,0.1297761614906909,1.182156621786178,-0.709003406296914,-0.9513926712209011,-1.0,-1.0,NARENDRA-MODI-STADIUM-AHMEDABAD,-1.0,,R,L,R,Royal-Challengers-Bangalore,Gujarat-Titans,Seam,1.0
2538,2,19,Royal Challengers Bengaluru,Virat Kohli,Mohammed Siraj,,3,3,4,4,4,0,0,0,0,0,0,0,0,0,1,0,0,,,0,2.3,1,1,0,839132,189.5,67.5,4,0,,38,STRAIGHT BALL,58,BACKFOOT PULL SHOT,0,0,3,2,31,0,Outside Off stump,Short of Good Length,0,0,0,0,0,0,0,0,91.0445975324271,-11.33784231580237,8.340668920707184,-0.840606579402869,1.866846162048193,,,,,,,8.444021911985555,0.1054125779024154,0.6099076553396678,90.94489051070865,Attacked,Played,None,0.482128143310547,0.440093994140625,9.892803,-0.497502,,,,,,,-7.845341,-0.190896,0.939713,-8.840735,-0.149795,1.023472,-13.15904483357898,-10.06027399574288,-0.09899206063308347,1.114225501305136,0.3036969294615706,-0.2443597486349354,-1.0,-1.0,NARENDRA-MODI-STADIUM-AHMEDABAD,-1.0,,R,L,R,Royal-Challengers-Bangalore,Gujarat-Titans,Seam,1.0
2538,2,19,Royal Challengers Bengaluru,Virat Kohli,Mohammed Siraj,,3,4,1,1,1,1,0,0,0,0,0,0,0,0,0,0,0,,,0,2.4,1,1,0,839133,51.5,118.5,1,0,,39,ANGLED IN,27,FORWARD PUSH,0,0,4,2,32,0,Outside Off stump,Good Length,0,0,0,0,0,0,0,0,89.53571401840043,-9.8633391903118,8.340542107723955,-0.7151231287876059,1.875554894687907,,,,,,,9.631096462538622,0.1818209196696803,0.6882571103801874,95.05647459006009,Attacked,Played,None,0.491008758544922,0.4254913330078125,9.12637,-0.369231,,,,,,,-7.054971,-0.172098,0.902652,-8.840939,-0.112747,1.10137,-12.91373406141604,-10.05976691723255,-0.07174343851101306,1.220069771399091,0.2266773577175302,-0.4514775060825055,-1.0,-1.0,NARENDRA-MODI-STADIUM-AHMEDABAD,-1.0,,R,L,R,Royal-Challengers-Bangalore,Gujarat-Titans,Seam,1.0
2538,2,19,Royal Challengers Bengaluru,Venkatesh Iyer,Mohammed Siraj,,3,5,4,4,4,0,0,0,0,0,0,0,0,0,1,0,0,,,0,2.5,1,1,0,839134,-198.0,84.0,4,0,,38,STRAIGHT BALL,58,BACKFOOT PULL SHOT,0,0,5,2,36,0,Outside Leg stump,Short Length,0,0,0,0,0,0,0,0,87.83926736457595,-14.94706641307732,8.340612554785068,-0.7779455071737603,1.749517944442808,,,,,,,11.11352378487378,0.10002869592524,0.5533872664554795,83.00522037579793,Attacked,Played,None,0.504776000976562,0.4780769348144531,12.615946,-0.457927,,,,,,,-8.573847,0.104603,1.662368,-8.840727,0.118342,1.687698,-18.60328136254287,-10.06003968390101,0.1812651080199408,1.793953794832182,0.3657908914704363,-0.5108862233447693,-1.0,-1.0,NARENDRA-MODI-STADIUM-AHMEDABAD,-1.0,,L,R,R,Royal-Challengers-Bangalore,Gujarat-Titans,Seam,1.0
2538,2,19,Royal Challengers Bengaluru,Venkatesh Iyer,Mohammed Siraj,,3,6,0,0,0,0,0,0,1,0,0,0,0,0,0,0,0,,,0,2.6,1,1,0,839135,-198.0,84.0,0,0,,38,STRAIGHT BALL,58,BACKFOOT PULL SHOT,0,0,6,2,36,0,Outside Leg stump,Short Length,0,0,0,0,0,0,0,0,90.52344313648,-14.69426651985987,8.340628421867166,-0.7794457551003806,1.813745883750298,,,,,,,10.67526293507261,0.1871106334869482,0.5867918141665522,79.30770877628802,Attacked,Missed,None,0.509250640869141,0.5379409790039062,11.964515,-0.469971,,,,,,,-999.9,-999.9,-999.9,-8.840492,0.202359,1.579926,-16.34530931552128,-10.05971034535562,0.3005980244372942,1.689686899081929,-0.2238431223341013,0.100560736683492,-1.0,-1.0,NARENDRA-MODI-STADIUM-AHMEDABAD,-1.0,,L,R,R,Royal-Challengers-Bangalore,Gujarat-Titans,Seam,1.0
2538,2,19,Royal Challengers Bengaluru,Virat Kohli,Kagiso Rabada,,4,1,4,4,4,0,0,0,0,0,0,0,0,0,1,0,0,,,0,3.1,1,1,0,839136,156.0,-71.0,4,0,,39,ANGLED IN,40,FRONTFOOT FLICK,0,0,1,3,40,0,Off stump,Full Length,1,0,0,0,0,0,0,0,92.34362725085644,-7.534892451406445,8.340350330393594,-0.6909137411743953,2.109076466370113,,,,,,,6.498673081931222,0.1102680072330304,0.5446329519377219,80.66814206735525,Attacked,Played,None,0.463714599609375,0.4195976257324219,5.855075,-0.105764,,,,,,,-7.712248,0.077401,0.384262,-8.840934,0.137385,0.477538,-11.41976584903478,-10.060193915803,0.2027664600814596,0.5666170122737259,0.8044699510615443,-0.1386374694164459,-1.0,-1.0,NARENDRA-MODI-STADIUM-AHMEDABAD,-1.0,,R,L,R,Royal-Challengers-Bangalore,Gujarat-Titans,Seam,1.0
2538,2,19,Royal Challengers Bengaluru,Virat Kohli,Kagiso Rabada,,4,2,4,4,4,0,0,0,0,0,0,0,0,0,1,0,0,,,0,3.2,1,1,0,839137,164.0,-47.5,4,0,,38,STRAIGHT BALL,58,BACKFOOT PULL SHOT,0,0,2,3,44,0,Outside Off stump,Short of Good Length,0,0,0,0,0,0,0,0,93.7451507278369,-10.36591178749681,8.340790353745113,-0.6968675442057248,2.090790435495878,,,,,,,8.205358140127686,0.1230634194522191,0.5852768711736802,85.48518873083012,Attacked,Played,None,0.465957641601562,0.4193115234375,8.449654,-0.451879,,,,,,,-7.63797,-0.241298,0.758004,-8.840897,-0.198083,0.872133,-13.22779187333894,-10.05989056975434,-0.1538690832657558,0.9757281145466117,0.7256195584400131,0.1696355687422047,-1.0,-1.0,NARENDRA-MODI-STADIUM-AHMEDABAD,-1.0,,R,L,R,Royal-Challengers-Bangalore,Gujarat-Titans,Seam,1.0
2538,2,19,Royal Challengers Bengaluru,Virat Kohli,Kagiso Rabada,,4,3,6,6,6,0,0,0,0,0,0,0,0,0,0,1,0,,,0,3.3,1,1,0,839138,183.0,88.0,6,0,,39,ANGLED IN,40,FRONTFOOT FLICK,0,0,3,3,50,0,Off stump,Full Length,0,1,1,0,1,0,0,0,95.8517004323821,-8.637315171686959,8.340419281389721,-0.666453997319295,2.115420107568982,,,,,,,7.552153365755358,0.1686078030634118,0.5986981620802391,82.94394400569468,Attacked,Played,None,0.451995849609375,0.411346435546875,6.763021,-0.27301,,,,,,,-7.81048,-0.10394,0.55445,-8.840925,-0.064503,0.653326,-11.80463993789181,-10.06026053306222,-0.01742016899668614,0.7595674575948198,0.558644557744529,-0.1180103495909468,-1.0,-1.0,NARENDRA-MODI-STADIUM-AHMEDABAD,-1.0,,R,L,R,Royal-Challengers-Bangalore,Gujarat-Titans,Seam,1.0
2538,2,19,Royal Challengers Bengaluru,Virat Kohli,Kagiso Rabada,,4,4,4,4,4,0,0,0,0,0,0,0,0,0,1,0,0,,,0,3.4,1,1,0,839139,187.5,15.5,4,0,,38,STRAIGHT BALL,58,BACKFOOT PULL SHOT,0,0,4,3,54,0,Outside Off stump,Short Length,0,0,1,0,0,0,0,0,91.74264884770622,-15.03317208702654,8.340775689154697,-0.68199357749856,2.039475554951641,,,,,,,11.11474422800972,0.1615764966106924,0.587938495321395,82.03312463714,Attacked,Played,None,0.499832153320312,0.4508857727050781,11.383794,-0.536307,,,,,,,-7.65783,-0.347816,1.439169,-8.840686,-0.321946,1.569837,-17.10767888215574,-10.06027676324495,-0.2950020241633009,1.689498256241302,0.2460865278488815,-0.1555099475429812,-1.0,-1.0,NARENDRA-MODI-STADIUM-AHMEDABAD,-1.0,,R,L,R,Royal-Challengers-Bangalore,Gujarat-Titans,Seam,1.0
2538,2,19,Royal Challengers Bengaluru,Virat Kohli,Kagiso Rabada,,4,5,1,1,1,1,0,0,0,0,0,0,0,0,0,0,0,,,0,3.5,1,1,0,839140,138.0,-44.0,1,0,,38,STRAIGHT BALL,58,BACKFOOT PULL SHOT,0,0,5,3,55,0,Outside Off stump,Short Length,0,0,1,0,0,0,0,0,87.98000650692629,-15.38614210433832,8.340406406818467,-0.6714677912043198,2.027384614923808,,,,,,,10.3186941436764,0.1740920098148468,0.5211297276472372,70.7602581656009,Attacked,Played,None,0.515464782714844,0.4371871948242188,11.668344,-0.284165,,,,,,,-7.158301,0.286365,1.342253,-8.840962,0.400654,1.523878,-17.73047077542906,-10.05991439547248,0.4844718764616293,1.639767616123663,-0.06054152647664675,0.3340599317999158,-1.0,-1.0,NARENDRA-MODI-STADIUM-AHMEDABAD,-1.0,,R,L,R,Royal-Challengers-Bangalore,Gujarat-Titans,Seam,1.0
2538,2,19,Royal Challengers Bengaluru,Venkatesh Iyer,Kagiso Rabada,,4,6,0,0,0,0,0,0,1,0,0,0,0,0,0,0,0,,,0,3.6,1,1,0,839141,138.0,-44.0,0,0,,38,STRAIGHT BALL,58,BACKFOOT PULL SHOT,0,0,6,3,55,0,Outside Leg stump,Short Length,0,0,1,0,0,0,0,0,92.876199058633,-13.9327526275183,8.340977499183879,-0.7182933496798466,2.028131791810146,,,,,,,9.13022219882213,0.1665262270487134,0.4974559797844891,67.96577426280201,Attacked,Edged,None,0.489646911621094,0.4718399047851563,11.063487,-0.590718,,,,,,,-8.666578,-0.493679,1.365453,-8.841037,-0.491857,1.385343,-16.64834304177995,-10.06033209321258,-0.4790503606520235,1.519690114288345,0.2622902200124043,-0.5773609032306185,-1.0,-1.0,NARENDRA-MODI-STADIUM-AHMEDABAD,-1.0,,L,R,R,Royal-Challengers-Bangalore,Gujarat-Titans,Seam,1.0
2538,2,19,Royal Challengers Bengaluru,Virat Kohli,Mohammed Siraj,,5,1,1,1,1,1,0,0,0,0,0,0,0,0,0,0,0,,,0,4.1,1,1,0,839142,160.5,52.0,1,0,,38,STRAIGHT BALL,58,BACKFOOT PULL SHOT,0,0,1,4,56,0,Outside Off stump,Short of Good Length,1,0,1,0,0,0,0,0,90.99999999999989,-11.362032336359,8.340538497827765,-0.7619864788870225,1.876643632403879,,,,,,,8.27635444014638,0.1283975649410146,0.5701208941996745,82.67837763584973,Attacked,Played,None,0.485160827636719,0.428375244140625,10.00857,-0.189719,,,,,,,-7.356771,0.305874,0.882611,-8.8406,0.410045,1.005499,-13.6461307575985,-10.05998931427373,0.4965851424260418,1.092136943213126,0.3569710376879354,-0.3099587121837158,-1.0,-1.0,NARENDRA-MODI-STADIUM-AHMEDABAD,-1.0,,R,L,R,Royal-Challengers-Bangalore,Gujarat-Titans,Seam,1.0
2538,2,19,Royal Challengers Bengaluru,Venkatesh Iyer,Mohammed Siraj,,5,2,6,6,6,0,0,0,0,0,0,0,0,0,0,1,0,,,0,4.2,1,1,0,839143,-161.0,-68.5,6,0,,38,STRAIGHT BALL,58,BACKFOOT PULL SHOT,0,0,2,4,62,0,Outside Leg stump,Short Length,0,0,1,0,0,0,0,0,87.89586297505481,-15.06075924558438,8.340797006584786,-0.8102168294019606,1.769039072690887,,,,,,,11.12561069483015,0.1228917204914487,0.5522831747002109,80.55330415588678,Attacked,Played,None,0.5101318359375,0.4706153869628906,12.596313,-0.543806,,,,,,,-8.221937,-0.143451,1.721511,-8.841151,-0.122541,1.791218,-18.44560592400494,-10.06022139483617,-0.08213637529077708,1.918557536108361,0.07589791095030694,-0.3674905188333906,-1.0,-1.0,NARENDRA-MODI-STADIUM-AHMEDABAD,-1.0,,L,R,R,Royal-Challengers-Bangalore,Gujarat-Titans,Seam,1.0
2538,2,19,Royal Challengers Bengaluru,Venkatesh Iyer,Mohammed Siraj,,5,3,0 WK,W,0,0,0,0,1,0,0,0,0,0,0,0,1,Caught,WICKET,1,4.3,1,1,0,839144,-57.5,106.5,0,0,,38,STRAIGHT BALL,58,BACKFOOT PULL SHOT,0,0,3,4,62,1,Outside Leg stump,Short Length,1,0,1,0,0,0,0,0,91.68287916289594,-10.89916951096489,8.340410136150226,-0.783220063688554,1.889930198433242,,,,,,,8.172596714028597,0.1168910335496522,0.5773908493803116,84.91952405208151,None,None,None,0.478797912597656,0.4615402221679688,9.702796,-0.428531,,,,,,,-8.672772,-0.034763,0.956282,-8.840934,-0.026534,0.969348,-13.37723668839812,-10.05999387730804,0.03345615523240203,1.056662435436416,0.3617943931820032,0.1049729274883034,-1.0,-1.0,NARENDRA-MODI-STADIUM-AHMEDABAD,-1.0,,L,R,R,Royal-Challengers-Bangalore,Gujarat-Titans,Seam,1.0
2538,2,19,Royal Challengers Bengaluru,Devdutt Padikkal,Mohammed Siraj,,5,4,0,0,0,0,0,0,1,0,0,0,0,0,0,0,0,,,0,4.4,1,1,0,839145,-29.0,69.0,0,0,,38,STRAIGHT BALL,27,FORWARD PUSH,0,0,4,4,62,1,Leg stump,Good Length,2,0,1,0,0,0,0,0,89.09999999999998,-8.0533992990234,8.340761709864509,-0.7298644294844523,1.885494322171005,,,,,,,7.433408548961516,0.2211406939694612,0.5994605468476809,77.80501263020604,Defended,Played,None,0.486282348632812,0.4733390808105469,7.501228,-0.290209,,,,,,,-8.822362,-0.05019,0.674905,-8.84056,-0.049475,0.676278,-11.42625069391602,-10.05995743258287,-0.001330353355440961,0.7611275275498492,-0.1324857861912445,-0.09849768568844797,-1.0,-1.0,NARENDRA-MODI-STADIUM-AHMEDABAD,-1.0,,L,R,R,Royal-Challengers-Bangalore,Gujarat-Titans,Seam,1.0
2538,2,19,Royal Challengers Bengaluru,Devdutt Padikkal,Mohammed Siraj,,5,5,0,0,0,0,0,0,1,0,0,0,0,0,0,0,0,,,0,4.5,1,1,0,839146,82.5,28.0,0,0,,38,STRAIGHT BALL,50,BACKFOOT DEFENCE,0,0,5,4,62,1,Outside Leg stump,Short of Good Length,0,0,1,0,0,0,0,0,89.19999999999989,-9.46510440704744,8.340772601325085,-0.7695950171729401,1.854978991599344,,,,,,,8.709599497580873,0.1819992732845714,0.6554616144673946,90.11931484165204,Defended,Played,None,0.491466522216797,0.4853897094726563,8.807744,-0.320334,,,,,,,-9.04851,0.060181,0.906412,-8.841155,0.049752,0.891093,-12.31859461923901,-10.06025391799764,0.1113208462812136,0.9741159184131912,0.2330776071011567,-0.09061562216830946,-1.0,-1.0,NARENDRA-MODI-STADIUM-AHMEDABAD,-1.0,,L,R,R,Royal-Challengers-Bangalore,Gujarat-Titans,Seam,1.0
2538,2,19,Royal Challengers Bengaluru,Devdutt Padikkal,Mohammed Siraj,,5,6,1,1,1,1,0,0,0,0,0,0,0,0,0,0,0,,,0,4.6,1,1,0,839147,104.5,-83.5,1,0,,30,ANGLED ACROSS,44,GLIDE,0,0,6,4,63,1,Off stump,Short of Good Length,0,0,1,0,0,0,0,0,89.69179190622864,-8.005786219606119,8.340469839175839,-0.7661261544819999,1.851763044251084,,,,,,,7.714678103580566,0.2041797713139851,0.6264144742865084,83.54419401157776,Attacked,Played,None,0.486717224121094,0.4807548522949219,7.649899,-0.207367,,,,,,,-9.093454,0.145849,0.740553,-8.840883,0.132158,0.720627,-11.4108111566141,-10.05979015932672,0.1984898912588554,0.8112377602686645,0.4296476532094154,-0.249646677022319,-1.0,-1.0,NARENDRA-MODI-STADIUM-AHMEDABAD,-1.0,,L,R,R,Royal-Challengers-Bangalore,Gujarat-Titans,Seam,1.0
2538,2,19,Royal Challengers Bengaluru,Devdutt Padikkal,Kagiso Rabada,,6,1,0 WK,W,0,0,0,0,1,0,0,0,0,0,0,0,1,Caught,WICKET,1,5.1,1,1,0,839148,94.0,-105.0,0,0,,38,STRAIGHT BALL,15,LOFTED COVER DRIVE,0,0,1,5,63,2,Outside Off stump,Full Length,1,0,1,0,0,0,0,0,90.24174926883043,-6.427412520180846,8.340543794599846,-0.585838091152043,2.122619710641009,,,,,,,7.546760838010001,0.1816255312340442,0.6724535072224972,92.70547295997017,None,None,None,0.474025726318359,0.4493408203125,4.234499,0.110771,,,,,,,-8.42611,0.256922,0.34966,-8.840984,0.280508,0.394833,-10.52889289831734,-10.06028589936421,0.3502695606431461,0.5188419653819293,0.2122293051301541,0.2605397031777185,-1.0,-1.0,NARENDRA-MODI-STADIUM-AHMEDABAD,-1.0,,L,R,R,Royal-Challengers-Bangalore,Gujarat-Titans,Seam,1.0
2538,2,19,Royal Challengers Bengaluru,Rajat Patidar,Kagiso Rabada,,6,2,0,0,0,0,0,0,1,0,0,0,0,0,0,0,0,,,0,5.2,1,1,0,839149,94.0,-105.0,0,0,,38,STRAIGHT BALL,51,FRONTFOOT COVERDRIVE,0,0,2,5,63,2,Outside Off stump,Good Length,2,0,1,0,0,0,0,0,90.266693,-6.427412520180846,8.340543794599846,-0.5760975879763756,2.122619710641009,,,,,,,7.546760838010001,0.1816255312340442,0.6724535072224972,92.70547295997017,Attacked,Missed,None,0.474025726318359,0.4493408203125,4.234499,0.110771,,,,,,,-999.9,-999.9,-999.9,-8.840984,0.280508,0.394833,-10.52889289831734,-10.06028589936421,0.3502695606431461,0.5188419653819293,0.2869209952778199,0.2605397031777185,-1.0,-1.0,NARENDRA-MODI-STADIUM-AHMEDABAD,-1.0,,R,R,R,Royal-Challengers-Bangalore,Gujarat-Titans,Seam,1.0
2538,2,19,Royal Challengers Bengaluru,Rajat Patidar,Kagiso Rabada,,6,3,0,0,0,0,0,0,1,0,0,0,0,0,0,0,0,,,0,5.3,1,1,0,839150,-56.0,36.5,0,0,,39,ANGLED IN,49,FORWARD DEFENCE,0,0,3,5,63,2,Outside Off stump,Good Length,0,0,1,0,0,0,0,0,93.34606246347774,-8.553687410610406,8.340407877723795,-0.7015216564309154,2.101319447880006,,,,,,,7.403159552141206,0.1717272739659869,0.5898451764615924,81.30404907264017,Defended,Played,None,0.464687347412109,0.44329833984375,6.737236,-0.358662,,,,,,,-8.518864,-0.170756,0.597533,-8.840537,-0.158872,0.62587,-11.73957380725665,-10.06013157243117,-0.113537457606974,0.7253935108305855,0.8961103840881299,-0.1198804111460051,-1.0,-1.0,NARENDRA-MODI-STADIUM-AHMEDABAD,-1.0,,R,R,R,Royal-Challengers-Bangalore,Gujarat-Titans,Seam,1.0
2538,2,19,Royal Challengers Bengaluru,Rajat Patidar,Kagiso Rabada,,6,4,0,0,0,0,0,0,1,0,0,0,0,0,0,0,0,,,0,5.4,1,1,0,839151,-56.0,36.5,0,0,,36,BOUNCER,105,LEFT ALONE,1,0,4,5,63,2,Outside Off stump,Short Length,0,0,1,0,0,0,0,0,88.0729247844553,-16.46873362263019,8.340382196598384,-0.6363261376525192,2.026182473815423,,,,,,,11.64812338137577,0.1210411252294123,0.5370492145687745,78.45326966237495,Attacked,Missed,None,0.520866394042969,0.5432968139648438,12.280131,-0.449578,,,,,,,-999.9,-999.9,-999.9,-8.840474,-0.101624,1.764524,-19.71385383726702,-10.05976533044295,-0.0613141154349312,1.881939450025318,0.4351527789943576,-0.2454394614804472,-1.0,-1.0,NARENDRA-MODI-STADIUM-AHMEDABAD,-1.0,,R,R,R,Royal-Challengers-Bangalore,Gujarat-Titans,Seam,1.0
2538,2,19,Royal Challengers Bengaluru,Rajat Patidar,Kagiso Rabada,,6,5,1,1,1,1,0,0,0,0,0,0,0,0,0,0,0,,,0,5.5,1,1,0,839152,128.0,-38.5,1,0,,39,ANGLED IN,97,BACKFOOT PUSH,0,0,5,5,64,2,Outside Off stump,Short of Good Length,0,0,1,0,0,0,0,0,92.13426648123261,-11.73601537870682,8.34099210896106,-0.6555744992706153,2.081118513726213,,,,,,,8.507462358273607,0.1639129372752613,0.546846928469051,75.63574554283153,Attacked,Played,None,0.483238220214844,0.45794677734375,9.544636,-0.253929,,,,,,,-8.409629,0.136357,1.013535,-8.840947,0.158397,1.054536,-14.34793309060924,-10.05999565030272,0.2211104188083168,1.162855128836105,0.01422265698766471,0.1412108546152767,-1.0,-1.0,NARENDRA-MODI-STADIUM-AHMEDABAD,-1.0,,R,R,R,Royal-Challengers-Bangalore,Gujarat-Titans,Seam,1.0
2538,2,19,Royal Challengers Bengaluru,Virat Kohli,Kagiso Rabada,,6,6,6,6,6,0,0,0,0,0,0,0,0,0,0,1,0,,,0,5.6,1,1,0,839153,82.0,-134.5,6,0,,36,BOUNCER,58,BACKFOOT PULL SHOT,1,0,6,5,70,2,Outside Off stump,Short Length,0,0,1,0,0,0,0,0,91.25403213285712,-15.77953765972273,8.340781184027762,-0.6339754419022794,2.037395431143788,,,,,,,10.48977986023275,0.08842272517264572,0.5249957414428746,79.90708869916662,Attacked,Played,None,0.494384765625,0.4534492492675781,11.92,-0.45533,,,,,,,-7.906864,-0.127525,1.607573,-8.84082,-0.094835,1.730971,-18.605277158493,-10.05965455643702,-0.05179830897096632,1.884175172836091,0.1445251635734129,0.198521612199747,-1.0,-1.0,NARENDRA-MODI-STADIUM-AHMEDABAD,-1.0,,R,R,R,Royal-Challengers-Bangalore,Gujarat-Titans,Seam,1.0
2538,2,19,Royal Challengers Bengaluru,Rajat Patidar,Mohammed Siraj,,7,1,6,6,6,0,0,0,0,0,0,0,0,0,0,1,0,,,0,6.1,1,1,0,839154,156.5,-64.0,6,0,,38,STRAIGHT BALL,58,BACKFOOT PULL SHOT,0,0,1,6,76,2,Outside Off stump,Short Length,1,0,1,0,0,0,0,0,88.53978363787873,-11.55244663791603,8.340938490897365,-0.7311219792442848,1.820375741515785,,,,,,,9.181715049298644,0.200837051085731,0.575428385194678,76.23055267062861,Attacked,Played,None,0.493640899658203,0.463165283203125,10.613402,-0.43967,,,,,,,-8.251194,-0.182507,1.133294,-8.840699,-0.166364,1.183097,-14.4668445990669,-10.0598353743864,-0.1334537616773811,1.275490636052323,-0.4779186106201866,-0.1345024766743554,-1.0,-1.0,NARENDRA-MODI-STADIUM-AHMEDABAD,-1.0,,R,R,R,Royal-Challengers-Bangalore,Gujarat-Titans,Seam,1.0
2538,2,19,Royal Challengers Bengaluru,Rajat Patidar,Mohammed Siraj,,7,2,0,0,0,0,0,0,1,0,0,0,0,0,0,0,0,,,0,6.2,1,1,0,839155,76.5,39.0,0,0,,39,ANGLED IN,97,BACKFOOT PUSH,0,0,2,6,76,2,Outside Off stump,Short of Good Length,0,0,1,0,0,0,0,0,89.09999999999998,-7.586454521702133,8.341015064981406,-0.7948154645360478,1.871281955850759,,,,,,,7.185933955843764,0.2279781496661434,0.6130063775088986,79.15314165972046,Defended,Played,None,0.485733032226562,0.4669189453125,6.933764,-0.239604,,,,,,,-8.658658,0.038764,0.59015,-8.841055,0.048151,0.604133,-10.82803940742659,-10.0603045952241,0.1112512172001489,0.6894827347245649,0.5237807873846826,-0.2242695019990278,-1.0,-1.0,NARENDRA-MODI-STADIUM-AHMEDABAD,-1.0,,R,R,R,Royal-Challengers-Bangalore,Gujarat-Titans,Seam,1.0
2538,2,19,Royal Challengers Bengaluru,Rajat Patidar,Mohammed Siraj,,7,3,1,1,1,1,0,0,0,0,0,0,0,0,0,0,0,,,0,6.3,1,1,0,839156,73.0,156.5,1,0,,39,ANGLED IN,101,BACKFOOT ON DRIVE,0,0,3,6,77,2,Outside Off stump,Short of Good Length,0,0,1,0,0,0,0,0,87.41672874456208,-10.12905995926819,8.341182066396165,-0.7715396448475597,1.88587180423749,,,,,,,8.754976205818295,0.1795333464924268,0.6511801629156956,89.72368978811167,Attacked,Played,None,0.496467590332031,0.4781341552734375,9.042965,-0.382766,,,,,,,-8.673057,-0.058716,0.916766,-8.840809,-0.051393,0.929602,-12.46568392113402,-10.05966696339535,0.002121775871263276,1.013477807342327,0.5151245411454499,-0.2922735076597702,-1.0,-1.0,NARENDRA-MODI-STADIUM-AHMEDABAD,-1.0,,R,R,R,Royal-Challengers-Bangalore,Gujarat-Titans,Seam,1.0
2538,2,19,Royal Challengers Bengaluru,Virat Kohli,Mohammed Siraj,,7,4,1,1,1,1,0,0,0,0,0,0,0,0,0,0,0,,,0,6.4,1,1,0,839157,82.5,160.0,1,0,,39,ANGLED IN,47,FRONTFOOT ON DRIVE,0,0,4,6,78,2,Outside Off stump,Good Length,0,0,1,0,0,0,0,0,88.43562862314236,-7.773108812181666,8.340524124410749,-0.7671387596435832,1.914989362376101,,,,,,,7.461542603607773,0.1928477220597181,0.6264901930046555,84.68875674472652,Attacked,Played,None,0.49127197265625,0.441192626953125,6.984895,-0.247011,,,,,,,-7.625555,-0.027421,0.535781,-8.841163,0.032574,0.639626,-11.10371461714676,-10.05976644186255,0.09330197922513253,0.7295935361634159,0.8465420766231224,-0.3334129081433179,-1.0,-1.0,NARENDRA-MODI-STADIUM-AHMEDABAD,-1.0,,R,R,R,Royal-Challengers-Bangalore,Gujarat-Titans,Seam,1.0
2538,2,19,Royal Challengers Bengaluru,Rajat Patidar,Mohammed Siraj,,7,5,2,2,2,0,1,0,0,0,0,0,0,0,0,0,0,,,0,6.5,1,1,0,839158,109.0,156.0,2,0,,39,ANGLED IN,47,FRONTFOOT ON DRIVE,0,0,5,6,80,2,Outside Off stump,Good Length,0,0,1,0,0,0,0,0,89.08721426538453,-7.407381357681232,8.341102440549875,-0.824598538525064,1.882430542862149,,,,,,,7.695677039373725,0.2273113413035012,0.6588985088087158,86.10364219095726,Attacked,Played,None,0.481578826904297,0.4647674560546875,6.747049,-0.286042,,,,,,,-8.607162,-0.001999,0.625132,-8.840835,0.010815,0.645668,-10.78086999676854,-10.06008406510918,0.07806394672226113,0.7444750889523069,1.063721204728221,-0.1904792277822673,-1.0,-1.0,NARENDRA-MODI-STADIUM-AHMEDABAD,-1.0,,R,R,R,Royal-Challengers-Bangalore,Gujarat-Titans,Seam,1.0
2538,2,19,Royal Challengers Bengaluru,Rajat Patidar,Mohammed Siraj,,7,6,1 (WD),1,0,0,0,0,0,1,1,0,0,0,0,0,0,,,0,6.6,1,1,1,839159,109.0,156.0,1,0,,36,BOUNCER,105,LEFT ALONE,1,0,6,6,81,2,Outside Off stump,Short Length,0,0,1,0,0,0,0,0,85.29896090425842,-16.75993625442849,8.340435106551919,-0.7942463475980733,1.784082811431628,,,,,,,12.19547708556847,0.1544351384990143,0.5730647935508512,80.51620518272625,Attacked,Missed,None,0.537803649902344,0.5456085205078125,12.981661,-0.590062,,,,,,,-999.9,-999.9,-999.9,-8.840922,-0.264383,2.002476,-19.06520035922669,-10.06012474210211,-0.234637870671508,2.13309499086285,0.1368861887882506,-0.4906232723393994,-1.0,-1.0,NARENDRA-MODI-STADIUM-AHMEDABAD,-1.0,,R,R,R,Royal-Challengers-Bangalore,Gujarat-Titans,Seam,1.0
2538,2,19,Royal Challengers Bengaluru,Rajat Patidar,Mohammed Siraj,,7,6,0,0,0,0,0,0,1,0,0,0,0,0,0,0,0,,,0,6.6,1,1,0,839160,75.5,39.0,0,0,,39,ANGLED IN,97,BACKFOOT PUSH,0,0,7,6,81,2,Outside Off stump,Short of Good Length,0,0,1,0,0,0,0,0,85.58864980350188,-9.069391229775551,8.340389520058807,-0.7564819063787233,1.875737600191382,,,,,,,7.838067568247071,0.1708264739296437,0.629995143316132,87.41662410445545,Defended,Played,None,0.502796173095703,0.4857101440429688,8.261792,-0.389405,,,,,,,-8.68729,-0.07453,0.768211,-8.840589,-0.067328,0.779558,-11.63738863233172,-10.06022987078894,-0.00970893687392732,0.861435908479576,0.4329691864570757,0.250981407209236,-1.0,-1.0,NARENDRA-MODI-STADIUM-AHMEDABAD,-1.0,,R,R,R,Royal-Challengers-Bangalore,Gujarat-Titans,Seam,1.0
2538,2,19,Royal Challengers Bengaluru,Virat Kohli,Jason Holder,,8,1,1,1,1,1,0,0,0,0,0,0,0,0,0,0,0,,,0,7.1,1,1,0,839161,129.5,-50.0,1,0,,39,ANGLED IN,27,FORWARD PUSH,0,0,1,7,82,2,Outside Off stump,Good Length,1,0,1,0,0,0,0,0,82.5448068361055,-9.612075702293152,8.341144165587018,-0.983078381197,2.310530237713793,,,,,,,7.945659394570495,0.1343722619336753,0.5370887503772287,77.12608636321677,Attacked,Played,None,0.520465850830078,0.4865570068359375,7.345167,-0.409652,,,,,,,-8.00641,-0.102325,0.627611,-8.840936,-0.052696,0.69598,-13.85825592768045,-10.05981412470608,0.0203795401798621,0.782142614336159,0.9268898481990835,-0.192087753506936,-1.0,-1.0,NARENDRA-MODI-STADIUM-AHMEDABAD,-1.0,,R,R,R,Royal-Challengers-Bangalore,Gujarat-Titans,Seam,1.0
2538,2,19,Royal Challengers Bengaluru,Rajat Patidar,Jason Holder,,8,2,1,1,1,1,0,0,0,0,0,0,0,0,0,0,0,,,0,7.2,1,1,0,839162,125.5,39.0,1,0,,39,ANGLED IN,97,BACKFOOT PUSH,0,0,2,7,83,2,Outside Off stump,Short of Good Length,0,0,1,0,0,0,0,0,82.80000000000008,-11.10028216248415,8.340637224907418,-0.970552502737521,2.276749368506823,,,,,,,9.173562054073836,0.2003793110325736,0.554097428501883,73.0766831720251,Attacked,Played,None,0.539279937744141,0.5189666748046875,8.646905,-0.485099,,,,,,,-8.644931,-0.064081,0.946371,-8.841025,-0.052318,0.963864,-14.96050069141173,-10.0598546643265,0.02122618097814316,1.063181934965138,0.579149123908622,0.08922741520367018,-1.0,-1.0,NARENDRA-MODI-STADIUM-AHMEDABAD,-1.0,,R,R,R,Royal-Challengers-Bangalore,Gujarat-Titans,Seam,1.0
2538,2,19,Royal Challengers Bengaluru,Virat Kohli,Jason Holder,,8,3,0,0,0,0,0,0,1,0,0,0,0,0,0,0,0,,,0,7.3,1,1,0,839163,-70.5,45.0,0,0,,38,STRAIGHT BALL,51,FRONTFOOT COVERDRIVE,0,0,3,7,83,2,Outside Off stump,Short of Good Length,0,0,1,0,0,0,0,0,83.03995486101631,-9.982458580192064,8.34104592008297,-0.9797986341997859,2.29878793146879,,,,,,,9.264139798127731,0.2250715531459426,0.6019123752738859,77.77970097648863,Defended,Played,None,0.534095764160156,0.4992141723632813,7.597908,-0.619616,,,,,,,-8.213721,-0.449463,0.794175,-8.840684,-0.430431,0.85562,-13.86728126315411,-10.05981562346725,-0.3931413070006246,0.9619085040918463,-0.6756918174735171,0.09886874947092648,-1.0,-1.0,NARENDRA-MODI-STADIUM-AHMEDABAD,-1.0,,R,R,R,Royal-Challengers-Bangalore,Gujarat-Titans,Seam,1.0
2538,2,19,Royal Challengers Bengaluru,Virat Kohli,Jason Holder,,8,4,1,1,1,1,0,0,0,0,0,0,0,0,0,0,0,,,0,7.4,1,1,0,839164,61.5,94.0,1,0,,39,ANGLED IN,27,FORWARD PUSH,0,0,4,7,84,2,Outside Off stump,Short of Good Length,0,0,1,0,0,0,0,0,82.22880945474377,-10.0435591804036,8.340446698079234,-0.9652879536849261,2.276658452741184,,,,,,,9.387839402775707,0.1798292850316635,0.6157361948882872,84.37750073007675,Attacked,Played,None,0.536247253417969,0.4950485229492188,7.784756,-0.418845,,,,,,,-8.032575,-0.075466,0.810621,-8.840822,-0.02599,0.891903,-13.99014571665482,-10.0596910275732,0.04923846632767087,1.000297455443827,1.035370053953613,-0.1457821660277702,-1.0,-1.0,NARENDRA-MODI-STADIUM-AHMEDABAD,-1.0,,R,R,R,Royal-Challengers-Bangalore,Gujarat-Titans,Seam,1.0
2538,2,19,Royal Challengers Bengaluru,Rajat Patidar,Jason Holder,,8,5,0,0,0,0,0,0,1,0,0,0,0,0,0,0,0,,,0,7.5,1,1,0,839165,-80.0,-25.5,0,0,,38,STRAIGHT BALL,36,CUT SHOT,0,0,5,7,84,2,Outside Off stump,Short of Good Length,0,0,1,0,0,0,0,0,82.13408448979246,-10.44336045143525,8.3404135067386,-0.953187907103989,2.304976776635039,,,,,,,9.225461497401882,0.1760533593104107,0.5842769189534651,80.0362019119787,Defended,Played,None,0.537643432617188,0.537689208984375,8.026631,-0.727486,,,,,,,-9.282106,-0.43674,0.903514,-8.840484,-0.457202,0.868013,-14.46318712463504,-10.05981624716572,-0.3997854360193689,0.9599564866813373,0.4472047107890684,0.4584915162008412,-1.0,-1.0,NARENDRA-MODI-STADIUM-AHMEDABAD,-1.0,,R,R,R,Royal-Challengers-Bangalore,Gujarat-Titans,Seam,1.0
2538,2,19,Royal Challengers Bengaluru,Rajat Patidar,Jason Holder,,8,6,4,4,4,0,0,0,0,0,0,0,0,0,1,0,0,,,0,7.6,1,1,0,839166,159.5,132.0,4,0,,38,STRAIGHT BALL,58,BACKFOOT PULL SHOT,0,0,6,7,88,2,Outside Off stump,Short Length,0,0,1,0,0,0,0,0,81.78701504311974,-11.6345211923016,8.340698091508777,-1.012153943140853,2.279417049707964,,,,,,,10.30348457164927,0.202840194107992,0.6035540921712595,80.24909441488974,Attacked,Played,None,0.549179077148438,0.5267486572265625,8.965283,-0.691084,,,,,,,-8.580699,-0.321283,1.077194,-8.841037,-0.306947,1.101984,-15.3395511209137,-10.05992494323854,-0.2384150819833076,1.206654782724733,0.7336676200254763,0.2044032232211676,-1.0,-1.0,NARENDRA-MODI-STADIUM-AHMEDABAD,-1.0,,R,R,R,Royal-Challengers-Bangalore,Gujarat-Titans,Seam,1.0
2538,2,19,Royal Challengers Bengaluru,Virat Kohli,Rashid Khan,,9,1,1,1,1,1,0,0,0,0,0,0,0,0,0,0,0,,,0,8.1,1,1,0,839167,-70.5,152.5,1,0,,24,LEG SPIN,84,FRONTFOOT OFF DRIVE,0,0,1,8,89,2,Outside Off stump,Full Length,1,0,1,0,0,0,0,0,57.18870720523736,-0.8791308733499275,8.340921988358748,-0.7188425960635243,1.9015186622855,,,,,,,10.44197236948576,0.1834094491830352,0.6304688068129867,86.22937610364448,Attacked,Played,None,0.748500823974609,0.6684608459472656,4.616827,-0.345308,,,,,,,-7.583598,-0.357053,0.372171,-8.84065,-0.364044,0.524521,-15.04958277894736,-10.06012997605574,-0.3708928294828969,0.6362356567915677,-0.4770847983490008,-1.612160026258652,-1.0,-1.0,NARENDRA-MODI-STADIUM-AHMEDABAD,-1.0,,R,R,R,Royal-Challengers-Bangalore,Gujarat-Titans,Spin,1.0
2538,2,19,Royal Challengers Bengaluru,Rajat Patidar,Rashid Khan,,9,2,0 WK,W,0,0,0,0,1,0,0,0,0,0,0,0,1,Caught,WICKET,1,8.2,1,1,0,839168,81.5,183.0,0,0,,24,LEG SPIN,11,LOFTED ON DRIVE,0,0,2,8,89,3,Off stump,Full Length,2,0,1,0,0,0,0,0,58.28963629993374,-0.182389390171953,8.34087860308738,-0.7337970903058818,1.916596177824914,,,,,,,11.24921038953461,0.3012695277771023,0.6502485297669429,77.4103266873312,None,None,None,0.739723205566406,0.667510986328125,3.589269,-0.128201,,,,,,,-7.827893,-0.128755,0.275925,-8.840624,-0.129173,0.430761,-14.87830754909854,-10.0600672322644,-0.1296809052778118,0.5823089969121616,-0.5450705856620446,-2.075054279170982,-1.0,-1.0,NARENDRA-MODI-STADIUM-AHMEDABAD,-1.0,,R,R,R,Royal-Challengers-Bangalore,Gujarat-Titans,Spin,1.0
2538,2,19,Royal Challengers Bengaluru,Krunal Pandya,Rashid Khan,,9,3,1,1,1,1,0,0,0,0,0,0,0,0,0,0,0,,,0,8.3,1,1,0,839169,72.0,172.0,1,0,,24,LEG SPIN,84,FRONTFOOT OFF DRIVE,0,0,3,8,90,3,Middle stump,Full Length,3,0,1,0,0,0,0,0,53.4361294819098,1.901169176251782,8.340853250455908,-0.5831396804319463,1.876789827786667,,,,,,,11.69993531018277,0.2819359868375135,0.6254161361793369,75.61882174314918,Attacked,Played,None,0.791015625,0.7262649536132812,2.873551,-0.112701,,,,,,,-7.888538,-0.078463,0.180491,-8.840837,-0.031704,0.344313,-16.02876727880165,-10.05992120627988,0.02869961702786805,0.513508845246289,-0.616211038285325,1.375759216758824,-1.0,-1.0,NARENDRA-MODI-STADIUM-AHMEDABAD,-1.0,,L,R,R,Royal-Challengers-Bangalore,Gujarat-Titans,Spin,1.0
2538,2,19,Royal Challengers Bengaluru,Virat Kohli,Rashid Khan,,9,4,1,1,1,1,0,0,0,0,0,0,0,0,0,0,0,,,0,8.4,1,1,0,839170,141.0,-54.0,1,0,,24,LEG SPIN,58,BACKFOOT PULL SHOT,0,0,4,8,91,3,Off stump,Good Length,0,0,1,0,0,0,0,0,56.19999999999993,-5.321386691898808,8.340631460967078,-0.1430686071897106,1.85187681011929,,,,,,,13.38962859415673,0.3725178509982587,0.7388320051665803,83.57301567516117,Attacked,Played,None,0.813652038574219,0.7392997741699219,8.075701,-0.208879,,,,,,,-7.846686,0.161394,0.944136,-8.840605,0.226126,0.997449,-14.90337043297891,-10.05986323818803,0.306346397927126,1.019562656910089,0.3782021480533973,3.690578150043832,-1.0,-1.0,NARENDRA-MODI-STADIUM-AHMEDABAD,-1.0,,R,L,R,Royal-Challengers-Bangalore,Gujarat-Titans,Spin,1.0
2538,2,19,Royal Challengers Bengaluru,Krunal Pandya,Rashid Khan,,9,5,0 WK,W,0,0,0,0,1,0,0,0,0,0,0,0,1,Leg Before Wicket,WICKET,1,8.5,1,1,0,839171,141.0,-54.0,0,0,,24,LEG SPIN,55,SWEEP SHOT,0,0,5,8,91,4,Middle stump,Full Length,1,0,1,0,0,0,0,0,58.088798,0.1385838785438924,8.340555610384179,-0.6187983943525383,1.906422228222288,,,,,,,11.98927854780648,0.3456264268750646,0.6728423003504216,76.36370236505677,None,None,None,0.813652038574219,0.6860733032226562,3.416335,0.070734,,,,,,,-8.136764,0.072483,0.319216,-8.841016,0.073315,0.434747,-14.95898465521008,-10.05993757847484,0.07476791368767707,0.6028475737066891,-0.09472124269032274,-2.515510590343953,-1.0,-1.0,NARENDRA-MODI-STADIUM-AHMEDABAD,-1.0,,L,R,R,Royal-Challengers-Bangalore,Gujarat-Titans,Spin,1.0
2538,2,19,Royal Challengers Bengaluru,Tim David,Rashid Khan,,9,6,0,0,0,0,0,0,1,0,0,0,0,0,0,0,0,,,0,8.6,1,1,0,839172,-64.0,32.5,0,0,,24,LEG SPIN,49,FORWARD DEFENCE,0,0,6,8,91,4,Off stump,Full Length,2,0,1,0,0,0,0,0,58.54616173278238,-1.047016501912744,8.340656145847184,-0.7060978886549898,1.88452382110567,,,,,,,10.21209727154958,0.2493553445692983,0.6083806684654423,76.32156581288653,Defended,Played,None,0.745536804199219,0.6638946533203125,4.692754,-0.123841,,,,,,,-7.779131,-0.119699,0.395792,-8.840996,-0.11785,0.515491,-14.83635245362047,-10.06005681720414,-0.1157072038363404,0.6194115989059985,-0.2353119276069107,-2.20920724934752,-1.0,-1.0,NARENDRA-MODI-STADIUM-AHMEDABAD,-1.0,,R,R,R,Royal-Challengers-Bangalore,Gujarat-Titans,Spin,1.0
2538,2,19,Royal Challengers Bengaluru,Virat Kohli,Jason Holder,,10,1,4,4,4,0,0,0,0,0,0,0,0,0,1,0,0,,,0,9.1,1,1,0,839173,94.0,-131.0,4,0,,39,ANGLED IN,40,FRONTFOOT FLICK,0,0,1,9,95,4,Leg stump,Good Length,3,0,1,0,0,0,0,0,82.72426180450759,-9.241488611654832,8.340410063915396,-0.9495746872048307,2.302440458338288,,,,,,,9.465954592560736,0.2032080565671995,0.6450350064703037,86.4344453138256,Attacked,Played,None,0.529151916503906,0.480377197265625,6.97483,-0.025427,,,,,,,-7.79156,0.336672,0.701502,-8.840868,0.419271,0.819365,-13.39769185995869,-10.06024489854831,0.5161458904033934,0.9407749337528706,0.6223489401921249,-0.6265674922041184,-1.0,-1.0,NARENDRA-MODI-STADIUM-AHMEDABAD,-1.0,,R,R,R,Royal-Challengers-Bangalore,Gujarat-Titans,Seam,1.0
2538,2,19,Royal Challengers Bengaluru,Virat Kohli,Jason Holder,,10,2,0,0,0,0,0,0,1,0,0,0,0,0,0,0,0,,,0,9.2,1,1,0,839174,-52.5,-9.5,0,0,,38,STRAIGHT BALL,49,FORWARD DEFENCE,0,0,2,9,95,4,Outside Off stump,Short of Good Length,0,0,1,0,0,0,0,0,83.02270823821803,-10.5930084181919,8.340384082827565,-1.026305059819169,2.276972991173906,,,,,,,8.794320825459684,0.1789548639699877,0.5592055914921216,75.98535232681947,Defended,Played,None,0.529861450195312,0.5004730224609375,8.190917,-0.616683,,,,,,,-8.3601,-0.306521,0.817411,-8.840583,-0.282918,0.858477,-14.4050684492516,-10.060005966827,-0.2225984274530746,0.9509891847664801,0.7324996178061159,-0.009571163060163685,-1.0,-1.0,NARENDRA-MODI-STADIUM-AHMEDABAD,-1.0,,R,R,R,Royal-Challengers-Bangalore,Gujarat-Titans,Seam,1.0
2538,2,19,Royal Challengers Bengaluru,Virat Kohli,Jason Holder,,10,3,1,1,1,1,0,0,0,0,0,0,0,0,0,0,0,,,0,9.3,1,1,0,839175,155.0,39.0,1,0,,38,STRAIGHT BALL,58,BACKFOOT PULL SHOT,0,0,3,9,96,4,Outside Off stump,Short Length,0,0,1,0,0,0,0,0,83.35479911277133,-15.03008136624497,8.340721278187935,-0.9767194358270245,2.246005582154042,,,,,,,11.04769904542288,0.1770717685783361,0.5399741345165354,73.28894331964672,Attacked,Played,None,0.553367614746094,0.4961013793945313,10.960733,-0.638547,,,,,,,-7.601945,-0.188986,1.347411,-8.841048,-0.1148,1.47786,-18.22335709698127,-10.06010974944296,-0.03948123071443006,1.589360562475685,0.6924218601674342,-0.2560694765240352,-1.0,-1.0,NARENDRA-MODI-STADIUM-AHMEDABAD,-1.0,,R,R,R,Royal-Challengers-Bangalore,Gujarat-Titans,Seam,1.0
2538,2,19,Royal Challengers Bengaluru,Tim David,Jason Holder,,10,4,0,0,0,0,0,0,1,0,0,0,0,0,0,0,0,,,0,9.4,1,1,0,839176,-50.0,97.5,0,0,,38,STRAIGHT BALL,58,BACKFOOT PULL SHOT,0,0,4,9,96,4,Outside Off stump,Short Length,0,0,1,0,0,0,0,0,83.51530435388567,-12.68699333730074,8.340453603510461,-1.004825230055861,2.272581835610504,,,,,,,10.17644472294084,0.1776394293269114,0.5876231278029164,80.3795262377463,Defended,Played,None,0.531761169433594,0.5110931396484375,9.506232,-0.610725,,,,,,,-8.677704,-0.202567,1.180315,-8.840519,-0.194109,1.196715,-15.71254482289808,-10.06007351042161,-0.1303906503207385,1.310500182488383,0.8890471033522325,-0.2104934414022029,-1.0,-1.0,NARENDRA-MODI-STADIUM-AHMEDABAD,-1.0,,R,R,R,Royal-Challengers-Bangalore,Gujarat-Titans,Seam,1.0
2538,2,19,Royal Challengers Bengaluru,Tim David,Jason Holder,,10,5,4,4,4,0,0,0,0,0,0,0,0,0,1,0,0,,,0,9.5,1,1,0,839177,164.0,138.0,4,0,,38,STRAIGHT BALL,58,BACKFOOT PULL SHOT,0,0,5,9,100,4,Outside Off stump,Short Length,0,1,2,0,0,1,0,0,84.25849346281359,-15.11591599139759,8.3407222953916,-0.9778276335892901,2.272925916679366,,,,,,,11.58427879520707,0.1980613986039866,0.5426443005283415,71.59050521885256,Attacked,Played,None,0.553070068359375,0.5102462768554688,10.986701,-0.777211,,,,,,,-8.005266,-0.54935,1.443373,-8.840503,-0.527157,1.5306,-18.70952883148125,-10.05994283639623,-0.4944653801329282,1.642548403269575,-0.3762635252492841,0.05249404140279269,-1.0,-1.0,NARENDRA-MODI-STADIUM-AHMEDABAD,-1.0,,R,R,R,Royal-Challengers-Bangalore,Gujarat-Titans,Seam,1.0
2538,2,19,Royal Challengers Bengaluru,Tim David,Jason Holder,,10,6,0,0,0,0,0,0,1,0,0,0,0,0,0,0,0,,,0,9.6,1,1,0,839178,164.0,138.0,0,0,,36,BOUNCER,105,LEFT ALONE,1,0,6,9,100,4,Outside Off stump,Short Length,0,0,2,0,0,0,0,0,82.9999999999999,-17.66082203943692,8.340435798896511,-0.9973419368929878,2.219069581174634,,,,,,,12.69773721717586,0.1323963951788563,0.5434526192825025,78.27825337448976,Attacked,Missed,None,0.559982299804688,0.5887184143066406,12.121694,-0.725478,,,,,,,-999.9,-999.9,-999.9,-8.840652,-0.280783,1.90635,-20.92474869781437,-10.06018956349958,-0.2285087696767688,2.037876607959912,0.3047759220547239,-0.3990349383891715,-1.0,-1.0,NARENDRA-MODI-STADIUM-AHMEDABAD,-1.0,,R,R,R,Royal-Challengers-Bangalore,Gujarat-Titans,Seam,1.0
2538,2,19,Royal Challengers Bengaluru,Virat Kohli,Rashid Khan,,11,1,2,2,2,0,1,0,0,0,0,0,0,0,0,0,0,,,0,10.1,1,1,0,839179,-141.0,81.0,2,0,,24,LEG SPIN,52,BACKFOOT COVERDRIVE,0,0,1,10,102,4,Outside Off stump,Good Length,1,0,2,0,0,0,0,0,59.26064325733752,-2.483394194966115,8.340608128121318,-0.7838752448127776,1.878754844684801,,,,,,,10.89778116125533,0.2725704072734771,0.6546093599368632,80.93436326318177,Attacked,Played,None,0.719890594482422,0.7043266296386719,5.806549,-0.483131,,,,,,,-8.56506,-0.494158,0.651662,-8.840983,-0.494877,0.676474,-14.56069619990289,-10.06012436759689,-0.4980746919424417,0.7636300064045543,0.08879193807333086,-1.55738971311696,-1.0,-1.0,NARENDRA-MODI-STADIUM-AHMEDABAD,-1.0,,R,R,R,Royal-Challengers-Bangalore,Gujarat-Titans,Spin,1.0
2538,2,19,Royal Challengers Bengaluru,Virat Kohli,Rashid Khan,,11,2,1,1,1,1,0,0,0,0,0,0,0,0,0,0,0,,,0,10.2,1,1,0,839180,129.5,-50.0,1,0,,24,LEG SPIN,97,BACKFOOT PUSH,0,0,2,10,103,4,Outside Off stump,Good Length,0,0,2,0,0,0,0,0,56.74288030177978,-2.670337046530407,8.340829457306633,-0.5608673690736343,1.880484743402481,,,,,,,11.13620012820145,0.3190161845389815,0.6226021845570683,71.4887092296621,Attacked,Played,None,0.779491424560547,0.7391395568847656,6.407781,-0.240128,,,,,,,-8.421252,0.020479,0.672547,-8.840799,0.043919,0.699182,-15.18707721434585,-10.06011904402832,0.1125290572907289,0.747702649426686,-0.2211154997266863,1.650001610359998,-1.0,-1.0,NARENDRA-MODI-STADIUM-AHMEDABAD,-1.0,,R,R,R,Royal-Challengers-Bangalore,Gujarat-Titans,Spin,1.0
2538,2,19,Royal Challengers Bengaluru,Tim David,Rashid Khan,,11,3,0,0,0,0,0,0,1,0,0,0,0,0,0,0,0,,,0,10.3,1,1,0,839181,-54.5,34.0,0,0,,24,LEG SPIN,84,FRONTFOOT OFF DRIVE,0,0,3,10,103,4,Outside Off stump,Full Length,0,0,2,0,0,0,0,0,56.84363781747266,0.03413544925502018,8.340722383847599,-0.5682095659165264,1.86492997292082,,,,,,,9.043241272791755,0.1936152806840407,0.5417591361823846,71.90234235895362,Attacked,Edged,None,0.762187957763672,0.6999320983886719,4.000188,-0.238802,,,,,,,-8.22081,-0.137916,0.316387,-8.840958,-0.108646,0.37924,-15.10424472263818,-10.06001471067512,-0.05068533039154882,0.4754520955652409,0.02122211264754658,1.330065761983343,-1.0,-1.0,NARENDRA-MODI-STADIUM-AHMEDABAD,-1.0,,R,R,R,Royal-Challengers-Bangalore,Gujarat-Titans,Spin,1.0
2538,2,19,Royal Challengers Bengaluru,Tim David,Rashid Khan,,11,4,2,2,2,0,1,0,0,0,0,0,0,0,0,0,0,,,0,10.4,1,1,0,839182,-155.5,96.5,2,0,,24,LEG SPIN,52,BACKFOOT COVERDRIVE,0,0,4,10,105,4,Outside Off stump,Good Length,0,0,2,0,0,0,0,0,58.18712170292716,-2.428951381305196,8.340950829822066,-0.7156732673236572,1.867628892652299,,,,,,,10.18537247625209,0.2121829548868928,0.6231402411714059,82.2527406870216,Attacked,Played,None,0.735328674316406,0.7326507568359375,5.917264,-0.277259,,,,,,,-9.197604,-0.245842,0.657812,-8.840757,-0.248102,0.632119,-14.70390295264795,-10.05991733237164,-0.2403529039115319,0.7074834262922349,-0.207398907296127,-1.552486048262743,-1.0,-1.0,NARENDRA-MODI-STADIUM-AHMEDABAD,-1.0,,R,R,R,Royal-Challengers-Bangalore,Gujarat-Titans,Spin,1.0
2538,2,19,Royal Challengers Bengaluru,Tim David,Rashid Khan,,11,5,0,0,0,0,0,0,1,0,0,0,0,0,0,0,0,,,0,10.5,1,1,0,839183,-70.0,27.0,0,0,,28,GOOGLY,36,CUT SHOT,0,0,5,10,105,4,Outside Off stump,Good Length,0,0,2,0,0,0,0,0,55.72357867644065,-1.809597745411074,8.340519412215716,-0.5829051194359013,1.85009970947486,,,,,,,8.916657274429747,0.199200736603751,0.5381547505337975,70.80313891969452,Defended,Played,None,0.76629638671875,0.7789993286132812,5.746657,-0.310694,,,,,,,-9.455524,-0.071388,0.51698,-8.840873,-0.100513,0.492742,-14.97394180550633,-10.06002308289212,-0.04260283388916081,0.5312611041029669,0.3903016185712271,1.175200381951875,-1.0,-1.0,NARENDRA-MODI-STADIUM-AHMEDABAD,-1.0,,R,R,R,Royal-Challengers-Bangalore,Gujarat-Titans,Spin,1.0
2538,2,19,Royal Challengers Bengaluru,Tim David,Rashid Khan,,11,6,4,4,4,0,0,0,0,0,0,0,0,0,1,0,0,,,0,10.6,1,1,0,839184,-103.0,-131.0,4,0,,24,LEG SPIN,36,CUT SHOT,0,0,6,10,109,4,Outside Off stump,Good Length,0,0,2,0,0,0,0,0,55.77843592338495,-0.9762509192195902,8.340811741253564,-0.5775207002222522,1.884134180241147,,,,,,,11.13170542223386,0.1606114913255323,0.6763546912436836,95.39205455399932,Attacked,Played,None,0.785888671875,0.7799835205078125,4.849974,-0.364203,,,,,,,-9.607948,-0.263934,0.665451,-8.840956,-0.281672,0.586865,-15.09621008682854,-10.06001025447292,-0.2534291808844547,0.7049350268039067,-0.3178413131138362,0.5494818378426932,-1.0,-1.0,NARENDRA-MODI-STADIUM-AHMEDABAD,-1.0,,R,R,R,Royal-Challengers-Bangalore,Gujarat-Titans,Spin,1.0
2538,2,19,Royal Challengers Bengaluru,Virat Kohli,Mohd Arshad Khan,,12,1,0,0,0,0,0,0,1,0,0,0,0,0,0,0,0,,,0,11.1,1,1,0,839185,-65.0,-26.0,0,0,,38,STRAIGHT BALL,50,BACKFOOT DEFENCE,0,0,1,11,109,4,Outside Leg stump,Short of Good Length,1,0,2,0,0,0,0,0,81.89999999999998,-9.063671637877393,8.340710798819021,0.5850023835468945,1.972195945510997,,,,,,,9.798601679388389,0.280543588684609,0.6501908875952593,79.47427427082799,Defended,Played,None,0.519126892089844,0.4836273193359375,8.501196,0.099824,,,,,,,-8.178768,-0.215872,0.954706,-8.840476,-0.248396,1.022627,-13.30627411373956,-10.05972908871199,-0.3088076485709038,1.134978373143443,0.8984204204634144,-0.3185074791031269,-1.0,-1.0,NARENDRA-MODI-STADIUM-AHMEDABAD,-1.0,,R,R,L,Royal-Challengers-Bangalore,Gujarat-Titans,Seam,1.0
2538,2,19,Royal Challengers Bengaluru,Virat Kohli,Mohd Arshad Khan,,12,2,4,4,4,0,0,0,0,0,0,0,0,0,1,0,0,,,0,11.2,1,1,0,839186,167.0,129.0,4,0,,38,STRAIGHT BALL,58,BACKFOOT PULL SHOT,0,0,2,11,113,4,Outside Leg stump,Short Length,0,0,2,0,0,0,0,0,88.03450991923467,-12.24461032293766,8.340658762691167,0.5874547470906537,1.910714011374282,,,,,,,9.520555302056344,0.1634873611875994,0.577123761957426,80.21982817485397,Attacked,Played,None,0.510841369628906,0.465545654296875,10.651607,0.233307,,,,,,,-7.821949,-0.33784,1.161705,-8.841093,-0.409689,1.258131,-15.1172690797998,-10.06017689712583,-0.4964346869113944,1.360816300477593,-0.5206743049789797,-0.8731549063771709,-1.0,-1.0,NARENDRA-MODI-STADIUM-AHMEDABAD,-1.0,,R,R,L,Royal-Challengers-Bangalore,Gujarat-Titans,Seam,1.0
2538,2,19,Royal Challengers Bengaluru,Virat Kohli,Mohd Arshad Khan,,12,3,1,1,1,1,0,0,0,0,0,0,0,0,0,0,0,,,0,11.3,1,1,0,839187,-94.5,-99.5,1,0,,30,ANGLED ACROSS,36,CUT SHOT,0,0,3,11,114,4,Leg stump,Short of Good Length,0,0,2,0,0,0,0,0,87.3765192015321,-9.684636291514767,8.341179692375292,0.5076463854734793,1.957373614745862,,,,,,,9.135949686574612,0.1870298505847735,0.6579084208646382,89.98327807121838,Attacked,Played,None,0.506103515625,0.4897956848144531,8.655195,-0.279716,,,,,,,-8.732569,-0.970725,0.967044,-8.840601,-0.981218,0.977115,-12.80995461644647,-10.06000359835993,-1.100298839519844,1.082600313096854,-1.684400686521889,0.2535206673770963,-1.0,-1.0,NARENDRA-MODI-STADIUM-AHMEDABAD,-1.0,,R,R,L,Royal-Challengers-Bangalore,Gujarat-Titans,Seam,1.0
2538,2,19,Royal Challengers Bengaluru,Tim David,Mohd Arshad Khan,,12,4,1,1,1,1,0,0,0,0,0,0,0,0,0,0,0,,,0,11.4,1,1,0,839188,-176.5,45.5,1,0,,30,ANGLED ACROSS,15,LOFTED COVER DRIVE,0,0,4,11,115,4,Leg stump,Short of Good Length,0,0,2,0,0,0,0,0,88.85996653752076,-11.37273725428465,8.340722930601547,0.5516512561118554,1.967234907960518,,,,,,,9.122408844053771,0.2065857211994382,0.5923913223629287,78.2001262344955,Attacked,Played,None,0.50482177734375,0.4992599487304688,9.75032,-0.025786,,,,,,,-9.063607,-0.647,1.084362,-8.841037,-0.630651,1.066687,-13.9871393509877,-10.06025820391544,-0.7205839364602562,1.157100657256427,-1.24026514907524,0.5374588569101607,-1.0,-1.0,NARENDRA-MODI-STADIUM-AHMEDABAD,-1.0,,R,R,L,Royal-Challengers-Bangalore,Gujarat-Titans,Seam,1.0
2538,2,19,Royal Challengers Bengaluru,Virat Kohli,Mohd Arshad Khan,,12,5,0,0,0,0,0,0,1,0,0,0,0,0,0,0,0,,,0,11.5,1,1,0,839189,-74.0,-29.5,0,0,,38,STRAIGHT BALL,44,GLIDE,0,0,5,11,115,4,Leg stump,Short of Good Length,0,0,2,0,0,0,0,0,89.77891537224711,-8.910143619848382,8.340407207481896,0.5983884985862524,1.919941281854378,,,,,,,8.26806303753275,0.1800666149576158,0.6231886908539874,85.47164213233654,Defended,Played,None,0.488571166992188,0.4656486511230469,8.211471,0.038926,,,,,,,-8.503363,-0.409509,0.803352,-8.840635,-0.43287,0.832709,-12.31591643014728,-10.05965717198591,-0.5178382282001281,0.9299184096520148,-1.145797469259631,-0.02102871296381642,-1.0,-1.0,NARENDRA-MODI-STADIUM-AHMEDABAD,-1.0,,R,R,L,Royal-Challengers-Bangalore,Gujarat-Titans,Seam,1.0
2538,2,19,Royal Challengers Bengaluru,Virat Kohli,Mohd Arshad Khan,,12,6,1,1,1,1,0,0,0,0,0,0,0,0,0,0,0,,,0,11.6,1,1,0,839190,-69.0,-11.0,1,0,,38,STRAIGHT BALL,50,BACKFOOT DEFENCE,0,0,6,11,116,4,Outside Leg stump,Short of Good Length,0,0,2,0,0,0,0,0,89.91268406162088,-10.87324726398828,8.34059428065003,0.6607540158041874,1.918595946414721,,,,,,,8.370683769722513,0.165510597147074,0.5688140632545395,78.77104977347354,Attacked,Played,None,0.493331909179688,0.470855712890625,9.667544,0.224194,,,,,,,-8.518261,-0.227616,0.951032,-8.840644,-0.246151,0.975647,-13.63048830892662,-10.06007591408468,-0.3167025053412239,1.059774098722414,-0.9410258232620812,0.2633054505898039,-1.0,-1.0,NARENDRA-MODI-STADIUM-AHMEDABAD,-1.0,,R,R,L,Royal-Challengers-Bangalore,Gujarat-Titans,Seam,1.0
2538,2,19,Royal Challengers Bengaluru,Virat Kohli,Rashid Khan,,13,1,1,1,1,1,0,0,0,0,0,0,0,0,0,0,0,,,0,12.1,1,1,0,839191,-73.5,167.5,1,0,,24,LEG SPIN,84,FRONTFOOT OFF DRIVE,0,0,1,12,117,4,Outside Off stump,Good Length,1,0,2,0,0,0,0,0,58.96897111822061,-2.841287221276593,8.341014908115461,-0.6806440490693193,1.886628930937696,,,,,,,11.12016735683708,0.3434691750906421,0.628335243763564,69.9033690554704,Attacked,Edged,None,0.757736206054688,0.6985702514648438,6.263161,-0.137912,,,,,,,-8.157015,-0.154204,0.650205,-8.840999,-0.156816,0.70406,-14.92037352078061,-10.06010282272278,-0.1615103553703115,0.7687311842547022,-0.445380772416466,-2.536015321775356,-1.0,-1.0,NARENDRA-MODI-STADIUM-AHMEDABAD,-1.0,,R,R,R,Royal-Challengers-Bangalore,Gujarat-Titans,Spin,1.0
2538,2,19,Royal Challengers Bengaluru,Tim David,Rashid Khan,,13,2,0,0,0,0,0,0,1,0,0,0,0,0,0,0,0,,,0,12.2,1,1,0,839192,-43.0,72.0,0,0,,24,LEG SPIN,49,FORWARD DEFENCE,0,0,2,12,117,4,Middle stump,Full Length,0,0,2,0,0,0,0,0,58.48714373450996,-0.1624822808191903,8.341029125522741,-0.7772849520073203,1.88846127547272,,,,,,,11.24493618408813,0.2109244621111866,0.6609812571924252,88.05474236774512,Defended,Played,None,0.743705749511719,0.67730712890625,4.182215,-0.019372,,,,,,,-8.086617,0.024307,0.414619,-8.840864,0.0394,0.520829,-15.23751481182141,-10.05979692441356,0.06398654588478157,0.664277980256242,-0.4751810458827442,-1.675514497760644,-1.0,-1.0,NARENDRA-MODI-STADIUM-AHMEDABAD,-1.0,,R,R,R,Royal-Challengers-Bangalore,Gujarat-Titans,Spin,1.0
2538,2,19,Royal Challengers Bengaluru,Tim David,Rashid Khan,,13,3,6,6,6,0,0,0,0,0,0,0,0,0,0,1,0,,,0,12.3,1,1,0,839193,84.0,203.0,6,0,,24,LEG SPIN,58,BACKFOOT PULL SHOT,0,0,3,12,123,4,Outside Off stump,Short of Good Length,0,0,2,0,0,0,0,0,59.65292880396535,-5.562927693957156,8.340970511758318,-0.7119037052179881,1.855105771343242,,,,,,,9.339265865227146,0.2026849743192428,0.5691099221915303,75.09799089680527,Attacked,Played,None,0.727020263671875,0.6933059692382812,8.14405,-0.317406,,,,,,,-8.398465,-0.324806,0.66589,-8.841001,-0.328529,0.676208,-14.83102132620553,-10.06001617214573,-0.3410544840786957,0.6812354736977548,-0.657869862073487,-1.556465120223844,-1.0,-1.0,NARENDRA-MODI-STADIUM-AHMEDABAD,-1.0,,R,R,R,Royal-Challengers-Bangalore,Gujarat-Titans,Spin,1.0
2538,2,19,Royal Challengers Bengaluru,Tim David,Rashid Khan,,13,4,1,1,1,1,0,0,0,0,0,0,0,0,0,0,0,,,0,12.4,1,1,0,839194,82.0,181.5,1,0,,24,LEG SPIN,101,BACKFOOT ON DRIVE,0,0,4,12,124,4,Leg stump,Good Length,0,0,2,0,0,0,0,0,56.88323097235988,-2.830973337567796,8.34091751147215,-0.5922879356809898,1.823260378783685,,,,,,,10.17696785661319,0.2285905020762438,0.6076315473121218,78.28568188919388,Attacked,Played,None,0.767543792724609,0.7477340698242188,6.715615,-0.176015,,,,,,,-8.859491,0.115604,0.662981,-8.840615,0.114584,0.662101,-14.91322634687036,-10.06006478825403,0.1808511434330365,0.6999053879343339,-0.2317252607671447,1.042165295526668,-1.0,-1.0,NARENDRA-MODI-STADIUM-AHMEDABAD,-1.0,,R,R,R,Royal-Challengers-Bangalore,Gujarat-Titans,Spin,1.0
2538,2,19,Royal Challengers Bengaluru,Virat Kohli,Rashid Khan,,13,5,1,1,1,1,0,0,0,0,0,0,0,0,0,0,0,,,0,12.5,1,1,0,839195,129.0,-54.0,1,0,,28,GOOGLY,54,LEG GLANCE,0,0,5,12,125,4,Outside Off stump,Good Length,0,0,2,0,0,0,0,0,57.00872484213647,-1.783510684050001,8.340616747100398,-0.5845693470598889,1.848769274998057,,,,,,,9.868167390947127,0.2112615184748766,0.5896058675806546,77.31472828961054,Attacked,Played,None,0.756912231445312,0.7301216125488281,5.792534,-0.263317,,,,,,,-8.65868,-0.107046,0.568505,-8.84073,-0.100448,0.580852,-15.02172056934717,-10.05982726849627,-0.05600695448987045,0.6419497687243054,-0.379384550385618,0.7427620530683793,-1.0,-1.0,NARENDRA-MODI-STADIUM-AHMEDABAD,-1.0,,R,R,R,Royal-Challengers-Bangalore,Gujarat-Titans,Spin,1.0
2538,2,19,Royal Challengers Bengaluru,Tim David,Rashid Khan,,13,6,1,1,1,1,0,0,0,0,0,0,0,0,0,0,0,,,0,12.6,1,1,0,839196,158.0,52.5,1,0,,24,LEG SPIN,58,BACKFOOT PULL SHOT,0,0,6,12,126,4,Off stump,Good Length,0,0,2,0,0,0,0,0,56.27965004456296,-2.771917824949711,8.340797800304792,-0.5444997689301054,1.839347578219349,,,,,,,10.56648308293133,0.3028351650032894,0.6012282262933273,69.90071744367015,Attacked,Played,None,0.781929016113281,0.7422752380371094,6.658683,-0.212756,,,,,,,-8.38405,-0.000351,0.634185,-8.840817,0.016519,0.655912,-15.08309909261509,-10.06002057980646,0.05927656976741466,0.6844282800012514,-0.4235450615658204,1.328818435681466,-1.0,-1.0,NARENDRA-MODI-STADIUM-AHMEDABAD,-1.0,,R,R,R,Royal-Challengers-Bangalore,Gujarat-Titans,Spin,1.0
2538,2,19,Royal Challengers Bengaluru,Tim David,Mohd Arshad Khan,,14,1,1,1,1,1,0,0,0,0,0,0,0,0,0,0,0,,,0,13.1,1,1,0,839197,-138.0,-33.5,1,0,,38,STRAIGHT BALL,16,BACKFOOT SQUARE DRIVE,0,0,1,13,127,4,Outside Leg stump,Short of Good Length,1,0,2,0,0,0,0,0,88.20000000000009,-8.539409975501728,8.340551279449429,0.5519092507718115,1.986176365667342,,,,,,,7.86613919487347,0.2211649953424019,0.6006981842676975,77.98822810591443,Attacked,Played,None,0.493984222412109,0.477996826171875,7.540079,0.143366,,,,,,,-8.736731,-0.171905,0.716941,-8.840734,-0.177314,0.725411,-12.00844731796557,-10.06028097360011,-0.2410769417126609,0.8167746043587936,-1.418042083494104,0.05728371601133329,-1.0,-1.0,NARENDRA-MODI-STADIUM-AHMEDABAD,-1.0,,R,R,L,Royal-Challengers-Bangalore,Gujarat-Titans,Seam,1.0
2538,2,19,Royal Challengers Bengaluru,Virat Kohli,Mohd Arshad Khan,,14,2,0,0,0,0,0,0,1,0,0,0,0,0,0,0,0,,,0,13.2,1,1,0,839198,89.5,36.5,0,0,,38,STRAIGHT BALL,97,BACKFOOT PUSH,0,0,2,13,127,4,Outside Leg stump,Short of Good Length,0,0,2,0,0,0,0,0,86.83487650674023,-9.01524270380001,8.340603978077706,0.6778060390559588,1.922474998369783,,,,,,,7.944762818304702,0.2023075481920465,0.5749518266948961,76.01201918502977,Defended,Played,None,0.507900238037109,0.465911865234375,8.4591,0.303127,,,,,,,-7.944369,-0.013646,0.727564,-8.841058,-0.059731,0.795524,-12.69687953246036,-10.05976989398906,-0.1229087289572887,0.8745686975431466,-0.9987011102843357,-0.113591203457647,-1.0,-1.0,NARENDRA-MODI-STADIUM-AHMEDABAD,-1.0,,R,R,L,Royal-Challengers-Bangalore,Gujarat-Titans,Seam,1.0
2538,2,19,Royal Challengers Bengaluru,Virat Kohli,Mohd Arshad Khan,,14,3,1,1,1,1,0,0,0,0,0,0,0,0,0,0,0,,,0,13.3,1,1,0,839199,-5.5,197.5,1,0,,38,STRAIGHT BALL,53,FRONTFOOT STRAIGHT DRIVE,0,0,3,13,128,4,Leg stump,Good Length,0,0,2,0,0,0,0,0,84.74449685390665,-7.521169443665912,8.340392786607943,0.5435973021531983,1.952561765724698,,,,,,,8.255794733241526,0.2081136084237873,0.6302621489878838,83.72796150580385,Attacked,Played,None,0.513908386230469,0.4683494567871094,7.148447,0.023663,,,,,,,-7.867416,-0.199269,0.628553,-8.840733,-0.24409,0.71807,-12.05506368188393,-10.05994050290508,-0.3007335803552484,0.8160700494559633,0.1205951092657439,0.05511197083222127,-1.0,-1.0,NARENDRA-MODI-STADIUM-AHMEDABAD,-1.0,,R,R,L,Royal-Challengers-Bangalore,Gujarat-Titans,Seam,1.0
2538,2,19,Royal Challengers Bengaluru,Tim David,Mohd Arshad Khan,,14,4,4,4,4,0,0,0,0,0,0,0,0,0,1,0,0,,,0,13.4,1,1,0,839200,-188.0,103.0,4,0,,38,STRAIGHT BALL,52,BACKFOOT COVERDRIVE,0,0,4,13,132,4,Outside Leg stump,Short Length,0,0,2,0,0,0,0,0,83.21806465600974,-16.51498483460966,8.34116463538355,0.6604560482056073,1.884795028101334,,,,,,,12.19273176084046,0.1979241436287332,0.5662619048942674,75.1468713712668,Attacked,Played,None,0.553871154785156,0.522491455078125,12.556547,0.29738,,,,,,,-8.730506,-0.611213,1.802947,-8.840799,-0.620576,1.813336,-18.83445387095321,-10.06030190719409,-0.7247155647613963,1.917963455291444,-0.6637328776262166,-0.5236672612965506,-1.0,-1.0,NARENDRA-MODI-STADIUM-AHMEDABAD,-1.0,,R,R,L,Royal-Challengers-Bangalore,Gujarat-Titans,Seam,1.0
2538,2,19,Royal Challengers Bengaluru,Tim David,Mohd Arshad Khan,,14,5,0,0,0,0,0,0,1,0,0,0,0,0,0,0,0,,,0,13.5,1,1,0,839201,-83.5,-26.5,0,0,,38,STRAIGHT BALL,16,BACKFOOT SQUARE DRIVE,0,0,5,13,132,4,Outside Leg stump,Short of Good Length,0,0,2,0,0,0,0,0,86.09999999999991,-8.700045300169053,8.340650586801406,0.6276255959899969,1.98420369687276,,,,,,,8.140724117100872,0.1654432806362076,0.6207625954080765,86.57006124759071,Defended,Played,None,0.503059387207031,0.4895095825195313,7.767677,0.143467,,,,,,,-8.819658,-0.24588,0.773183,-8.841052,-0.247189,0.774964,-12.24415394698034,-10.06024261316358,-0.3221686131775851,0.8688682783093091,-1.094593922747799,-0.1542476234824958,-1.0,-1.0,NARENDRA-MODI-STADIUM-AHMEDABAD,-1.0,,R,R,L,Royal-Challengers-Bangalore,Gujarat-Titans,Seam,1.0
2538,2,19,Royal Challengers Bengaluru,Tim David,Mohd Arshad Khan,,14,6,0 WK,W,0,0,0,0,1,0,0,0,0,0,0,0,1,Caught,WICKET,1,13.6,1,1,0,839202,-83.5,-26.5,0,0,,38,STRAIGHT BALL,49,FORWARD DEFENCE,0,0,6,13,132,5,Outside Leg stump,Short of Good Length,1,0,2,0,0,0,0,0,89.40751441446183,-7.809009216120238,8.340797796272529,0.6302895048563181,1.941670269326363,,,,,,,7.824775043418949,0.1972774282272586,0.623164797527445,83.7469768063909,None,None,None,0.487506866455078,0.4626274108886719,7.163141,0.283147,,,,,,,-8.45511,0.040445,0.661494,-8.84096,0.023199,0.695245,-11.6405282015708,-10.05990214207715,-0.03163537624386215,0.7926539864498175,-1.494090371265262,0.09924702441035621,-1.0,-1.0,NARENDRA-MODI-STADIUM-AHMEDABAD,-1.0,,R,R,L,Royal-Challengers-Bangalore,Gujarat-Titans,Seam,1.0
2538,2,19,Royal Challengers Bengaluru,Virat Kohli,Prasidh Krishna,,15,1,1,1,1,1,0,0,0,0,0,0,0,0,0,0,0,,,0,14.1,1,1,0,839203,53.5,175.0,1,0,https://scores.bcci.tv/matchcentre/commentaryFiles/TATA-IPL-2026/Royal-Challengers-Bengaluru-VS-Gujarat-Titans-(31-May-2026)/File_2-15-839203.png,39,ANGLED IN,47,FRONTFOOT ON DRIVE,0,0,1,14,133,5,Middle stump,Full Length,2,0,2,0,0,0,0,0,86.00775358146265,-6.672997955994806,8.340503286401233,-0.7797129952947016,2.093248452910002,,,,,,,7.212995856599886,0.2055698824062821,0.5920063510969208,78.2439644239099,Attacked,Played,None,0.501125335693359,0.4613227844238281,5.182949,-0.279864,,,,,,,-8.013692,-0.157027,0.374902,-8.840687,-0.124137,0.451573,-11.30306092343282,-10.05993926850094,-0.07525515178988487,0.5520409718982564,0.9142292128297459,-0.4274056134551505,-1.0,-1.0,NARENDRA-MODI-STADIUM-AHMEDABAD,-1.0,,R,R,R,Royal-Challengers-Bangalore,Gujarat-Titans,Seam,1.0
2538,2,19,Royal Challengers Bengaluru,Jitesh Sharma,Prasidh Krishna,,15,2,0,0,0,0,0,0,1,0,0,0,0,0,0,0,0,,,0,14.2,1,1,0,839204,-71.0,-23.0,0,0,,39,ANGLED IN,97,BACKFOOT PUSH,0,0,2,14,133,5,Outside Off stump,Short of Good Length,0,0,2,0,0,0,0,0,85.1934543705458,-11.49827755052568,8.341051053317067,-0.7770399764423042,2.091475197510167,,,,,,,9.363640746076992,0.1630205221349283,0.6187594841918063,86.51187041527811,Defended,Played,None,0.517330169677734,0.4948997497558594,9.158012,-0.512178,,,,,,,-8.786849,-0.196681,0.940555,-8.840883,-0.194753,0.944247,-13.97555723607463,-10.06011409497282,-0.1521609392595951,1.017022104721731,0.1821777308321137,0.7859183631380174,-1.0,-1.0,NARENDRA-MODI-STADIUM-AHMEDABAD,-1.0,,R,R,R,Royal-Challengers-Bangalore,Gujarat-Titans,Seam,1.0
2538,2,19,Royal Challengers Bengaluru,Jitesh Sharma,Prasidh Krishna,,15,3,4,4,4,0,0,0,0,0,0,0,0,0,1,0,0,,,0,14.3,1,1,0,839205,-171.5,122.0,4,0,,38,STRAIGHT BALL,51,FRONTFOOT COVERDRIVE,0,0,3,14,137,5,Outside Off stump,Good Length,0,0,2,0,0,0,0,0,87.98846487771942,-7.311653304097605,8.341118413927397,-0.738684993920018,2.086545664518741,,,,,,,7.057899439917383,0.1963681887846134,0.5804837112373508,77.43573780714128,Attacked,Played,None,0.489738464355469,0.4754905700683594,5.687902,-0.514734,,,,,,,-8.782561,-0.397978,0.478633,-8.840475,-0.396418,0.483477,-11.31285507330025,-10.06008357025329,-0.3634002480296886,0.5779561780329807,0.9755740769148696,-0.02810887970680556,-1.0,-1.0,NARENDRA-MODI-STADIUM-AHMEDABAD,-1.0,,R,R,R,Royal-Challengers-Bangalore,Gujarat-Titans,Seam,1.0
2538,2,19,Royal Challengers Bengaluru,Jitesh Sharma,Prasidh Krishna,,15,4,0,0,0,0,0,0,1,0,0,0,0,0,0,0,0,,,0,14.4,1,1,0,839206,-55.5,-30.0,0,0,,38,STRAIGHT BALL,50,BACKFOOT DEFENCE,0,0,4,14,137,5,Outside Off stump,Short of Good Length,0,0,2,0,0,0,0,0,88.41875421482302,-9.830177844371594,8.340769978089881,-0.7497991363916489,2.038077531220638,,,,,,,8.592391021372961,0.2067137943310684,0.6066512562672446,80.32630900697986,Defended,Played,None,0.499923706054688,0.4935379028320313,8.341802,-0.428095,,,,,,,-9.039208,-0.184462,0.887443,-8.841034,-0.191247,0.870571,-12.95926615102262,-10.06032459531831,-0.1493235477468777,0.968105818495224,0.9315650100017221,-0.4623645293955467,-1.0,-1.0,NARENDRA-MODI-STADIUM-AHMEDABAD,-1.0,,R,R,R,Royal-Challengers-Bangalore,Gujarat-Titans,Seam,1.0
2538,2,19,Royal Challengers Bengaluru,Jitesh Sharma,Prasidh Krishna,,15,5,2,2,2,0,1,0,0,0,0,0,0,0,0,0,0,,,0,14.5,1,1,0,839207,142.5,69.5,2,0,,39,ANGLED IN,40,FRONTFOOT FLICK,0,0,5,14,139,5,Outside Off stump,Good Length,0,0,2,0,0,0,0,0,87.931587,-8.419371375816654,8.340826466469238,-0.7309624875362432,2.057121202278156,,,,,,,7.733430164572004,0.1878658986777901,0.5776466076166065,77.86040127471196,Attacked,Played,None,0.499923706054688,0.4750442504882813,7.215181,-0.309536,,,,,,,-8.570864,-0.002647,0.648726,-8.84056,0.012152,0.671011,-12.38869777008233,-10.05966915629681,0.07944848221830919,0.7628130664017998,0.08193784196128039,0.8012585290707307,-1.0,-1.0,NARENDRA-MODI-STADIUM-AHMEDABAD,-1.0,,R,R,R,Royal-Challengers-Bangalore,Gujarat-Titans,Seam,1.0
2538,2,19,Royal Challengers Bengaluru,Jitesh Sharma,Prasidh Krishna,,15,6,0,0,0,0,0,0,1,0,0,0,0,0,0,0,0,,,0,14.6,1,1,0,839208,142.5,69.5,0,0,,36,BOUNCER,31,UPPER CUT,1,0,6,14,139,5,Outside Off stump,Short Length,0,0,2,0,0,0,0,0,88.60572336590822,-15.04775200733257,8.341203341052758,-0.7496459085480502,1.995095975180455,,,,,,,11.04198233145022,0.1591910310116606,0.5680788700563553,79.29272740728723,Attacked,Missed,None,0.518657684326172,0.5455169677734375,11.659398,-0.611461,,,,,,,-999.9,-999.9,-999.9,-8.840984,-0.402076,1.600956,-17.56085683581353,-10.0600957270869,-0.3705877553608277,1.71836499317407,0.7906217302378729,-0.7010978756430196,-1.0,-1.0,NARENDRA-MODI-STADIUM-AHMEDABAD,-1.0,,R,R,R,Royal-Challengers-Bangalore,Gujarat-Titans,Seam,1.0
2538,2,19,Royal Challengers Bengaluru,Virat Kohli,Mohd Arshad Khan,,16,1,0,0,0,0,0,0,1,0,0,0,0,0,0,0,0,,,0,15.1,1,1,0,839209,-64.0,-21.5,0,0,,38,STRAIGHT BALL,44,GLIDE,0,0,1,15,139,5,Outside Leg stump,Short of Good Length,1,0,2,0,0,0,0,0,88.49722921100587,-9.13506794464113,8.340995629520187,0.5770707626451297,1.957198822484867,,,,,,,7.860734109766646,0.2041692945198064,0.586659942236737,77.58206188352992,Defended,Played,None,0.498825073242188,0.4727783203125,8.181272,0.096382,,,,,,,-8.463758,-0.275371,0.747165,-8.841022,-0.297265,0.776168,-12.33752944410058,-10.05972960555701,-0.3684534729102815,0.8602097297920256,-1.161627828100057,0.1453076231804256,-1.0,-1.0,NARENDRA-MODI-STADIUM-AHMEDABAD,-1.0,,R,R,L,Royal-Challengers-Bangalore,Gujarat-Titans,Seam,1.0
2538,2,19,Royal Challengers Bengaluru,Virat Kohli,Mohd Arshad Khan,,16,2,4,4,4,0,0,0,0,0,0,0,0,0,1,0,0,,,0,15.2,1,1,0,839210,90.5,-127.0,4,0,,38,STRAIGHT BALL,58,BACKFOOT PULL SHOT,0,0,2,15,143,5,Outside Leg stump,Short Length,0,0,2,0,0,0,0,0,88.01786946517066,-13.80783766605724,8.340552025986351,0.672053895713978,1.879794889770398,,,,,,,10.384612133396,0.1876476042685372,0.6237802843983118,84.80228223289306,Attacked,Played,None,0.516323089599609,0.4676971435546875,11.207874,0.43651,,,,,,,-7.754426,0.171308,1.315723,-8.841018,0.137594,1.421746,-15.09473553594022,-10.06012116955419,0.09940000000460908,1.526135644503856,-0.3997195752247426,0.433810818868751,-1.0,-1.0,NARENDRA-MODI-STADIUM-AHMEDABAD,-1.0,,R,R,L,Royal-Challengers-Bangalore,Gujarat-Titans,Seam,1.0
2538,2,19,Royal Challengers Bengaluru,Virat Kohli,Mohd Arshad Khan,,16,3,1,1,1,1,0,0,0,0,0,0,0,0,0,0,0,,,0,15.3,1,1,0,839211,-145.5,50.0,1,0,,38,STRAIGHT BALL,51,FRONTFOOT COVERDRIVE,0,0,3,15,144,5,Leg stump,Good Length,0,0,2,0,0,0,0,0,90.80523952783179,-8.834379306116018,8.340494767229988,0.6354740101709051,1.964501952803464,,,,,,,8.55790655967501,0.2144747160050619,0.6635559152993082,88.08591569439005,Attacked,Played,None,0.483524322509766,0.4470062255859375,7.746347,0.070804,,,,,,,-8.049523,-0.295713,0.757087,-8.840558,-0.347588,0.835103,-11.85142295643509,-10.06012116275601,-0.4282213372537466,0.944054157618663,-1.119387609792374,0.03886689842412221,-1.0,-1.0,NARENDRA-MODI-STADIUM-AHMEDABAD,-1.0,,R,R,L,Royal-Challengers-Bangalore,Gujarat-Titans,Seam,1.0
2538,2,19,Royal Challengers Bengaluru,Jitesh Sharma,Mohd Arshad Khan,,16,4,0,0,0,0,0,0,1,0,0,0,0,0,0,0,0,,,0,15.4,1,1,0,839212,-60.0,40.0,0,0,,38,STRAIGHT BALL,50,BACKFOOT DEFENCE,0,0,4,15,144,5,Leg stump,Short of Good Length,0,0,2,0,0,0,0,0,87.4172747807624,-7.952601314132607,8.340865850261327,0.6201912070645803,1.966692941218023,,,,,,,8.524523242177203,0.2020310868740998,0.6728816565581854,90.72913979631782,Defended,Played,None,0.500862121582031,0.4886856079101563,7.137828,0.076589,,,,,,,-8.908887,-0.264274,0.764789,-8.840929,-0.260313,0.758314,-11.70535650260045,-10.05994043860598,-0.3316907086772663,0.8674933140029324,-0.8588869116673582,0.02535982342350158,-1.0,-1.0,NARENDRA-MODI-STADIUM-AHMEDABAD,-1.0,,R,R,L,Royal-Challengers-Bangalore,Gujarat-Titans,Seam,1.0
2538,2,19,Royal Challengers Bengaluru,Jitesh Sharma,Mohd Arshad Khan,,16,5,1,1,1,1,0,0,0,0,0,0,0,0,0,0,0,,,0,15.5,1,1,0,839213,-16.0,129.5,1,0,,38,STRAIGHT BALL,19,BACKFOOT STRAIGHT DRIVE,0,0,5,15,145,5,Leg stump,Short of Good Length,0,0,2,0,0,0,0,0,89.35279686740769,-8.86813231213708,8.340943888750605,0.6360271537896542,1.964956090378186,,,,,,,8.375898282487446,0.1908306814318333,0.6507524938128172,88.52980592873924,Attacked,Played,None,0.493560791015625,0.476165771484375,7.822245,0.134768,,,,,,,-8.789109,-0.185327,0.815598,-8.840943,-0.187926,0.82027,-11.93295103385054,-10.06014278503801,-0.2493804432558758,0.9227919337846269,-1.15918487598741,0.5868104567197222,-1.0,-1.0,NARENDRA-MODI-STADIUM-AHMEDABAD,-1.0,,R,R,L,Royal-Challengers-Bangalore,Gujarat-Titans,Seam,1.0
2538,2,19,Royal Challengers Bengaluru,Virat Kohli,Mohd Arshad Khan,,16,6,0,0,0,0,0,0,1,0,0,0,0,0,0,0,0,,,0,15.6,1,1,0,839214,-50.0,98.0,0,0,,38,STRAIGHT BALL,5,LOFTED OFF DRIVE,0,0,6,15,145,5,Off stump,Full Length,0,0,2,0,0,0,0,0,85.57255778876011,-5.946785366966918,8.34122442218423,0.5601757628604309,1.989416057648415,,,,,,,7.891429063487934,0.2398441487997109,0.6588727606679525,84.8464992202218,Attacked,Edged,None,0.500450134277344,0.45831298828125,5.058546,-0.165804,,,,,,,-8.037243,-0.381693,0.404667,-8.840976,-0.43972,0.489849,-10.98854409779882,-10.05988447218782,-0.528434966204282,0.606674785989924,-1.82408424720308,0.04780290726281071,-1.0,-1.0,NARENDRA-MODI-STADIUM-AHMEDABAD,-1.0,,R,R,L,Royal-Challengers-Bangalore,Gujarat-Titans,Seam,1.0
2538,2,19,Royal Challengers Bengaluru,Jitesh Sharma,Rashid Khan,,17,1,0,0,0,0,0,0,1,0,0,0,0,0,0,0,0,,,0,16.1,1,1,0,839215,-67.0,44.0,0,0,,28,GOOGLY,97,BACKFOOT PUSH,0,0,1,16,145,5,Middle stump,Good Length,1,0,2,0,0,0,0,0,55.96491259510287,-4.294139313577086,8.34068609875952,-0.5666829472606978,1.856964272654495,,,,,,,11.26379777402932,0.4004072848958878,0.597005358963074,59.51007535487234,Attacked,Missed,None,0.818389892578125,0.7768936157226562,7.720404,-0.127508,,,,,,,-8.452232,0.351783,0.700103,-8.840639,0.383139,0.703328,-15.35177821224618,-10.05994326928425,0.482307051754509,0.6807468445362811,0.1593974129506264,1.927537692785241,-1.0,-1.0,NARENDRA-MODI-STADIUM-AHMEDABAD,-1.0,,R,R,R,Royal-Challengers-Bangalore,Gujarat-Titans,Spin,1.0
2538,2,19,Royal Challengers Bengaluru,Jitesh Sharma,Rashid Khan,,17,2,1,1,1,1,0,0,0,0,0,0,0,0,0,0,0,,,0,16.2,1,1,0,839216,70.5,171.5,1,0,,24,LEG SPIN,101,BACKFOOT ON DRIVE,0,0,2,16,146,5,Outside Off stump,Short of Good Length,0,0,2,0,0,0,0,0,57.8560767947537,-4.344754069311673,8.340818352127009,-0.724026756491513,1.846378939155064,,,,,,,10.86541372945963,0.2178524450353239,0.6384418523655644,83.98103335130227,Attacked,Played,None,0.754531860351562,0.7278900146484375,7.708732,-0.301957,,,,,,,-8.691692,-0.291799,0.800222,-8.840629,-0.292619,0.807069,-15.19854287971632,-10.06000655085068,-0.3012703707424861,0.8423719944410765,-0.4833577071100373,-1.539172527816181,-1.0,-1.0,NARENDRA-MODI-STADIUM-AHMEDABAD,-1.0,,R,R,R,Royal-Challengers-Bangalore,Gujarat-Titans,Spin,1.0
2538,2,19,Royal Challengers Bengaluru,Virat Kohli,Rashid Khan,,17,3,1,1,1,1,0,0,0,0,0,0,0,0,0,0,0,,,0,16.3,1,1,0,839217,82.0,160.0,1,0,,24,LEG SPIN,47,FRONTFOOT ON DRIVE,0,0,3,16,147,5,Outside Off stump,Good Length,0,0,2,0,0,0,0,0,59.01653817296378,-4.3274564712571,8.340705438655917,-0.6588768462195074,1.871390629225087,,,,,,,11.91063446341187,0.354333855859997,0.6591182465262139,73.43435139293237,Attacked,Played,None,0.764053344726562,0.68792724609375,7.483525,-0.144904,,,,,,,-7.70323,-0.148847,0.785886,-8.840956,-0.149747,0.861253,-15.08971173001806,-10.05978135720947,-0.1507205257950314,0.9020443323460355,-0.106864616088745,-2.681513612004992,-1.0,-1.0,NARENDRA-MODI-STADIUM-AHMEDABAD,-1.0,,R,R,R,Royal-Challengers-Bangalore,Gujarat-Titans,Spin,1.0
2538,2,19,Royal Challengers Bengaluru,Jitesh Sharma,Rashid Khan,,17,4,0,0,0,0,0,0,1,0,0,0,0,0,0,0,0,,,0,16.4,1,1,0,839218,17.5,65.0,0,0,,24,LEG SPIN,97,BACKFOOT PUSH,0,0,4,16,147,5,Outside Off stump,Good Length,0,0,2,0,0,0,0,0,55.76174106872448,-2.461698441037695,8.34082604688842,-0.5568123805561482,1.862411159324118,,,,,,,11.5054368044549,0.2803837066699056,0.6528424942108533,79.88800346463744,Defended,Played,None,0.784767150878906,0.770416259765625,6.388372,-0.224594,,,,,,,-8.923716,0.015352,0.738874,-8.840916,0.011486,0.733482,-15.23279992753915,-10.06009469636989,0.06868425915908208,0.7930064993608684,0.2031469430055882,0.8700695006593716,-1.0,-1.0,NARENDRA-MODI-STADIUM-AHMEDABAD,-1.0,,R,R,R,Royal-Challengers-Bangalore,Gujarat-Titans,Spin,1.0
2538,2,19,Royal Challengers Bengaluru,Jitesh Sharma,Rashid Khan,,17,5,1,1,1,1,0,0,0,0,0,0,0,0,0,0,0,,,0,16.5,1,1,0,839219,-107.5,153.5,1,0,,24,LEG SPIN,84,FRONTFOOT OFF DRIVE,0,0,5,16,148,5,Outside Off stump,Full Length,0,0,2,0,0,0,0,0,57.69379939920062,-0.8656364402550306,8.34079988250722,-0.7657900511479316,1.924765736979143,,,,,,,11.92109212749942,0.3556486227166991,0.6547219901242786,72.64343624697187,Attacked,Played,None,0.753684997558594,0.6989593505859375,4.512528,-0.577375,,,,,,,-8.112994,-0.622034,0.481058,-8.84091,-0.634886,0.577397,-15.16277377257829,-10.06019023822676,-0.6565983114702909,0.7051366451686125,-0.7011656622042957,-1.394546563192167,-1.0,-1.0,NARENDRA-MODI-STADIUM-AHMEDABAD,-1.0,,R,R,R,Royal-Challengers-Bangalore,Gujarat-Titans,Spin,1.0
2538,2,19,Royal Challengers Bengaluru,Virat Kohli,Rashid Khan,,17,6,0,0,0,0,0,0,1,0,0,0,0,0,0,0,0,,,0,16.6,1,1,0,839220,-65.0,44.0,0,0,,24,LEG SPIN,52,BACKFOOT COVERDRIVE,0,0,6,16,148,5,Outside Off stump,Good Length,0,0,2,0,0,0,0,0,57.25066655854405,-2.913733615381663,8.340990364517896,-0.6862648589051852,1.87837483140641,,,,,,,10.00925385890475,0.2892168136851609,0.5721858069728841,66.90618967741653,Defended,Played,None,0.767280578613281,0.7315292358398438,6.551957,-0.265916,,,,,,,-8.477922,-0.283442,0.600944,-8.840879,-0.28475,0.617696,-15.14356191766477,-10.06018509694989,-0.2891765554057446,0.6476199586284865,-0.5666753445607926,-1.932642653295546,-1.0,-1.0,NARENDRA-MODI-STADIUM-AHMEDABAD,-1.0,,R,R,R,Royal-Challengers-Bangalore,Gujarat-Titans,Spin,1.0
2538,2,19,Royal Challengers Bengaluru,Jitesh Sharma,Mohd Arshad Khan,,18,1,1,1,1,1,0,0,0,0,0,0,0,0,0,0,0,,,0,17.1,1,1,0,839221,-104.0,-79.0,1,0,,38,STRAIGHT BALL,44,GLIDE,0,0,1,17,149,5,Outside Leg stump,Short of Good Length,1,0,2,0,0,0,0,0,85.846921,-4.091114142817188,8.341130505032346,0.6062326101154925,1.149393782982664,,,,,,,8.77845058530493,0.1927958604389802,0.9824363159989555,138.0858613559453,Attacked,Played,None,0.500450134277344,0.4517898559570313,8.163299,0.073152,,,,,,,-7.580399,-0.220688,0.775575,-8.840533,-0.287623,0.898763,-8.43649910080017,-10.06010401242482,-0.3530486016644988,1.003129856005538,-0.2843745502853008,0.2313501270058516,-1.0,-1.0,NARENDRA-MODI-STADIUM-AHMEDABAD,-1.0,,R,R,L,Royal-Challengers-Bangalore,Gujarat-Titans,Seam,1.0
2538,2,19,Royal Challengers Bengaluru,Virat Kohli,Mohd Arshad Khan,,18,2,1,1,1,1,0,0,0,0,0,0,0,0,0,0,0,,,0,17.2,1,1,0,839222,-111.0,-77.0,1,0,,30,ANGLED ACROSS,44,GLIDE,0,0,2,17,150,5,Outside Leg stump,Short of Good Length,0,1,3,0,0,0,0,0,,,,,,,,,,,,,,,,,,,,,,,,,,,,,,,,,,,,,,,,,,,,,,,,,,,,
2538,2,19,Royal Challengers Bengaluru,Jitesh Sharma,Mohd Arshad Khan,,18,3,0,0,0,0,0,0,1,0,0,0,0,0,0,0,0,,,0,17.3,1,1,0,839223,70.0,52.0,0,0,,38,STRAIGHT BALL,27,FORWARD PUSH,0,0,3,17,150,5,Off stump,Yorker,0,0,3,0,0,0,0,0,,,,,,,,,,,,,,,,,,,,,,,,,,,,,,,,,,,,,,,,,,,,,,,,,,,,
2538,2,19,Royal Challengers Bengaluru,Jitesh Sharma,Mohd Arshad Khan,,18,4,1,1,1,1,0,0,0,0,0,0,0,0,0,0,0,,,0,17.4,1,1,0,839224,-58.5,-119.5,1,0,,30,ANGLED ACROSS,44,GLIDE,0,0,4,17,151,5,Outside Leg stump,Short of Good Length,0,0,3,0,0,0,0,0,,,,,,,,,,,,,,,,,,,,,,,,,,,,,,,,,,,,,,,,,,,,,,,,,,,,
2538,2,19,Royal Challengers Bengaluru,Virat Kohli,Mohd Arshad Khan,,18,5,4,4,4,0,0,0,0,0,0,0,0,0,1,0,0,,,0,17.5,1,1,0,839225,140.5,168.0,4,0,,38,STRAIGHT BALL,58,BACKFOOT PULL SHOT,0,0,5,17,155,5,Outside Leg stump,Short of Good Length,0,0,3,0,0,0,0,0,,,,,,,,,,,,,,,,,,,,,,,,,,,,,,,,,,,,,,,,,,,,,,,,,,,,
2538,2,19,Royal Challengers Bengaluru,Virat Kohli,Mohd Arshad Khan,,18,6,6,6,6,0,0,0,0,0,0,0,0,0,0,1,0,,,0,17.6,1,1,0,839226,96.5,204.0,6,0,,38,STRAIGHT BALL,11,LOFTED ON DRIVE,0,0,6,17,161,5,Middle stump,Full Length,0,0,3,0,0,0,0,0,,,,,,,,,,,,,,,,,,,,,,,,,,,,,,,,,,,,,,,,,,,,,,,,,,,,
