MatchID,InningsNo,BattingTeamID,TeamName,BatsManName,BowlerName,BowlerType,OverNo,BallNo,Runs,BallRuns,ActualRuns,IsOne,IsTwo,IsThree,IsDotball,Extras,IsWide,IsNoBall,IsBye,IsLegBye,IsFour,IsSix,IsWicket,WicketType,Wickets,IsBowlerWicket,BallName,Day,SESSION_NO,IsExtra,SNO,Xpitch,Ypitch,RunRuns,IsMaiden,OverImage,BowlTypeID,BowlTypeName,ShotTypeID,ShotType,IsBouncer,IsFreeHit,BallCount,BCCheck,TotalRuns,TotalWickets,FiveHaul,Flag,FlagSet,PenaltyRuns,IsFifty,IsHundred,IsTwoHundred,IsHattrick,release_speed,initial_angle,release_x,release_y,release_z,pre_bounce_ax,pre_bounce_ay,pre_bounce_az,pre_bounce_vx,pre_bounce_vy,pre_bounce_vz,bounce_angle,cof,cor,pbr,shot_attacked,shot_played,shot_info,crease_reaction_time,interception_reaction_time,bounce_x,bounce_y,post_bounce_ax,post_bounce_ay,post_bounce_az,post_bounce_vx,post_bounce_vy,post_bounce_vz,impact_x,impact_y,impact_z,crease_x,crease_y,crease_z,drop_angle,stump_x,stump_y,stump_z,swing,deviation,swing_dist,six_dist,ground,date,season,striker_hand,non_striker_hand,bowler_hand,team_bat,team_bowl,delivery_type,match_day
462,1,13,Chennai Super Kings,Robin Uthappa,Avesh Khan,,1,1,4,4,4,0,0,0,0,0,0,0,0,0,1,0,0,,,0,0.1,2,1,0,192312,182.95,21.31,4,0,,39,ANGLED IN,40,FRONTFOOT FLICK,0,0,1,0,4,0,1,0,0,0,0,0,0,0,85.20657245311139,-6.176558079164431,8.340470766602778,-0.4789087776163168,2.07436825487918,-0.266707609018668,-0.286113619817791,-8.31061608378036,-34.6719891724268,1.37569498199585,-7.16577291472844,8.060287553827788,0.2034274019825041,0.6373551043333083,85.26052545174585,Attacked,Played,,0.501823425292969,0.4669990539550781,5.12284,0.041732,-0.247657065517334,0.0,-10.6,-32.2506402127571,1.99804554642694,1.99804554642694,-8.197108,0.246269,0.42597,-8.841023,0.28729,0.495224,-11.67709993922471,-10.06022776219327,0.3655367915664264,0.6149357912977043,0.0541664497615043,1.27299605688623,0.0141611884183871,-1.0,BRABOURNE-STADIUM-MUMBAI,2022-03-31,2022,R,R,R,Chennai-Super-Kings,Lucknow-Super-Giants,Seam,1.0
462,1,13,Chennai Super Kings,Robin Uthappa,Avesh Khan,,1,2,4,4,4,0,0,0,0,0,0,0,0,0,1,0,0,,,0,0.2,2,1,0,192313,-166.52,-34.86,4,0,,38,STRAIGHT BALL,36,CUT SHOT,0,0,2,0,8,0,0,0,0,0,0,0,0,0,85.48030127866463,-9.821514455299557,8.340996493938391,-0.5473294962008699,2.030490022365923,-0.269109640682098,-0.051599563442156,-5.99347883689249,-34.9842532886727,-0.320591041864312,-8.15394390756444,8.556353636061285,0.1352576674693698,0.6126848018077121,88.37695352421984,Attacked,Played,Cut,0.498641967773438,0.5006790161132812,8.492313,-0.632915,-0.24988752349052,0.0,-10.6,-33.2042265953134,-0.438266360854178,-0.438266360854178,-8.917889,-0.732718,0.890892,-8.841046,-0.731644,0.884537,-13.11996736529245,-10.05993876515832,-0.7487474002714489,0.9782376511914248,-0.0586143660578679,-0.2311733906908569,-0.0049170843407485,-1.0,BRABOURNE-STADIUM-MUMBAI,2022-03-31,2022,R,R,R,Chennai-Super-Kings,Lucknow-Super-Giants,Seam,1.0
462,1,13,Chennai Super Kings,Robin Uthappa,Avesh Khan,,1,3,0,0,0,0,0,0,1,0,0,0,0,0,0,0,0,,,0,0.3,2,1,0,192314,-33.92,39.73,0,0,,39,ANGLED IN,49,FORWARD DEFENCE,0,0,3,0,8,0,0,0,0,0,0,0,0,0,86.66100289088192,-10.5029368208945,8.340886270712637,-0.5676157854902003,2.121721509624005,-0.270462035821804,-7.97328427105342,-0.630916850087636,-35.1600646568345,-0.219685883970937,-7.23470783602593,7.050258886204579,0.0909997764749841,0.5827574563227739,88.31364080091767,Defended,Played,Defend,0.505908966064453,0.4784889221191406,7.77151,-0.294813,-0.251143318977389,0.0,-10.6,-34.0899756265997,1.40050851383806,1.40050851383806,-8.545188,-0.031658,0.651105,-8.841078,-0.0189,0.670928,-11.6271789543891,-10.06019474544405,0.0339744594040731,0.7437059392565023,-3.514115897303754,2.710531665070354,-0.313070518046391,-1.0,BRABOURNE-STADIUM-MUMBAI,2022-03-31,2022,R,R,R,Chennai-Super-Kings,Lucknow-Super-Giants,Seam,1.0
462,1,13,Chennai Super Kings,Robin Uthappa,Avesh Khan,,1,4,0,0,0,0,0,0,1,0,0,0,0,0,0,0,0,,,0,0.4,2,1,0,192315,-33.92,39.73,0,0,,36,BOUNCER,12,NO SHOT,1,0,4,0,8,0,0,0,0,0,0,0,0,0,84.541967,-15.37822522214924,8.340859583383224,-0.5210968103335475,1.953312522906462,-0.267447189731084,-2.40118757506127,-10.9215975813884,-34.7681346650409,0.0508806307461472,-11.9355363328891,10.15409817839798,0.1540605713524475,0.4806072986214284,66.68503765796953,,,,0.505908966064453,0.5740699768066406,12.162334,-0.475302,-0.248343819036006,0.0,-10.6,-32.0282502540863,1.05550314289244,1.05550314289244,-999.9,-999.9,-999.9,-8.841022,-0.098434,1.401706,-18.94680914707795,-10.05968590989566,-0.0543204687110845,1.47401189037374,-0.6578681162527928,1.80367290173148,-0.00300262409726728,-1.0,BRABOURNE-STADIUM-MUMBAI,2022-03-31,2022,R,R,R,Chennai-Super-Kings,Lucknow-Super-Giants,Seam,1.0
462,1,13,Chennai Super Kings,Robin Uthappa,Avesh Khan,,1,5,2,2,2,0,1,0,0,0,0,0,0,0,0,0,0,,,0,0.5,2,1,0,192316,133.68,-34.4,2,0,,43,NIPBACKER,49,FORWARD DEFENCE,0,0,5,0,10,0,0,0,0,0,0,0,0,0,85.91011257854952,-7.493479772637351,8.341087848174318,-0.500950706768498,1.980461135348994,-0.282657438330941,0.185577103468887,-7.24568800428885,-36.7454669830224,0.317330554498018,-7.49104497933449,7.864736361236898,0.2807746937344559,0.6146313527267236,74.11723353556296,Attacked,Played,Nudge,0.497291564941406,0.458038330078125,6.638858,-0.412422,-0.262467621307303,0.0,-10.6,-33.3315790476051,1.1318190184877,1.1318190184877,-8.375034,-0.240837,0.601322,-8.841151,-0.224335,0.643895,-11.52260003347183,-10.05978067785016,-0.1808921965198159,0.7451993376839287,0.1223617938127638,1.450019823650611,0.0120634937055342,-1.0,BRABOURNE-STADIUM-MUMBAI,2022-03-31,2022,R,R,R,Chennai-Super-Kings,Lucknow-Super-Giants,Seam,1.0
462,1,13,Chennai Super Kings,Robin Uthappa,Avesh Khan,,1,6,4 (BY),4,0,0,0,0,1,4,0,0,1,0,1,0,0,,,0,0.6,2,1,1,192317,133.68,-34.4,4,0,,36,BOUNCER,105,LEFT ALONE,1,0,6,0,14,0,0,0,0,0,0,0,0,0,82.23049797181486,-13.31845838329157,8.340707580144752,-0.573559405885611,2.009989865005122,-0.26048768554891,0.552744262417261,-9.66020686408198,-33.8633991213583,0.685757898678472,-10.4954575780943,11.58334975627163,0.12690587388694,0.6193273963486995,90.20852206361091,,,,0.547451019287109,0.5753860473632812,11.092535,-0.441758,-0.241881422295416,0.0,-10.6,-31.7129219360515,0.191937560111592,0.191937560111592,-999.9,-999.9,-999.9,-8.84088,-0.379631,1.567943,-17.22004609684778,-10.05996664876785,-0.371611256038523,1.686923864556923,0.2475875478073969,-0.813352068190454,0.0153799087650752,-1.0,BRABOURNE-STADIUM-MUMBAI,2022-03-31,2022,R,R,R,Chennai-Super-Kings,Lucknow-Super-Giants,Seam,1.0
462,1,13,Chennai Super Kings,Ruturaj  Gaikwad,Dushmantha Chameera,,2,1,0,0,0,0,0,0,1,0,0,0,0,0,0,0,0,,,0,1.1,2,1,0,192318,77.97,12.56,0,0,,39,ANGLED IN,97,BACKFOOT PUSH,0,0,1,1,14,0,1,0,0,0,0,0,0,0,88.12289358126955,-8.668065847592553,8.341102782438728,-0.4097072042138667,2.004927166951696,-0.276554704477957,0.786485189889863,-6.36465952525874,-35.9521115821344,1.12330607238963,-7.76877509288422,7.912684089123722,0.1664132365052954,0.6061988946555085,84.28851054779673,Attacked,Played,Nudge,0.497509002685547,0.4669189453125,7.621377,-0.118766,-0.256800797015245,0.0,-10.6,-33.883880944655,0.791263678495912,0.791263678495912,-8.36226,0.022765,0.703966,-8.840597,0.034483,0.744467,-12.19338218506618,-10.06030490780523,0.0645645637967626,0.8377979828536426,0.4701252486440099,-0.4518560630877987,0.0438185442913043,-1.0,BRABOURNE-STADIUM-MUMBAI,2022-03-31,2022,R,R,R,Chennai-Super-Kings,Lucknow-Super-Giants,Seam,1.0
462,1,13,Chennai Super Kings,Ruturaj  Gaikwad,Dushmantha Chameera,,2,2,1,1,1,1,0,0,0,0,0,0,0,0,0,0,0,,,0,1.2,2,1,0,192319,-93.31,-9.54,1,0,,38,STRAIGHT BALL,97,BACKFOOT PUSH,0,0,2,1,15,0,0,0,0,0,0,0,0,0,86.44581020742352,-8.167761672232697,8.340430484093151,-0.5134272130982224,1.978724473927188,-0.274219435063791,1.32907901246161,-9.09553537564635,-35.6485265582928,0.769673801109001,-8.11931105053396,7.66853836784772,0.1220443306294417,0.5655522428058729,82.62840335793676,Attacked,Played,Nudge,0.496650695800781,0.4852066040039063,7.852611,-0.348246,-0.254632332559234,0.0,-10.6,-34.103410321328,0.37788763273436,0.37788763273436,-8.880452,-0.272399,0.745062,-8.841138,-0.272857,0.742065,-12.83081472417698,-10.06014560317732,-0.2585772112462679,0.8281052269554574,0.6547764890841472,-0.6020112959706897,0.0579834866741912,-1.0,BRABOURNE-STADIUM-MUMBAI,2022-03-31,2022,R,R,R,Chennai-Super-Kings,Lucknow-Super-Giants,Seam,1.0
462,1,13,Chennai Super Kings,Robin Uthappa,Dushmantha Chameera,,2,3,1 (WD),1,0,0,0,0,0,1,1,0,0,0,0,0,0,,,0,1.3,2,1,1,192320,-93.31,-9.54,1,0,,36,BOUNCER,105,LEFT ALONE,1,0,3,1,16,0,0,0,0,0,0,0,0,0,85.24044475456645,-15.00210019075954,8.340752672809302,-0.4282326619072237,1.937763156564818,-0.275155014085526,-4.18471362754886,-11.4847078391955,-35.7701518311184,0.296803802162753,-12.0209739087905,11.41348053638363,0.0963529810532006,0.5700821302726781,85.87702143558165,Attacked,Played,,0.531005859375,0.5457801818847656,12.113439,-0.315636,-0.255501084507988,0.0,-8.73779748935142,-33.9455851319012,0.701128200606142,0.701128200606142,-999.9,-999.9,-999.9,-8.841012,-0.080854,1.848439,-18.57551904649176,-10.06022774494201,-0.0532838124823883,1.996099763478433,-1.075197445844223,0.7078435687954397,-0.0575240152116617,-1.0,BRABOURNE-STADIUM-MUMBAI,2022-03-31,2022,R,R,R,Chennai-Super-Kings,Lucknow-Super-Giants,Seam,1.0
462,1,13,Chennai Super Kings,Robin Uthappa,Dushmantha Chameera,,2,3,0,0,0,0,0,0,1,0,0,0,0,0,0,0,0,,,0,1.3,2,1,0,192321,-42.21,23.15,0,0,,39,ANGLED IN,49,FORWARD DEFENCE,0,0,4,1,16,0,0,0,0,0,0,0,0,0,87.14571337556943,-8.8711822857883,8.340908487894367,-0.455099537130966,2.011563134662219,-0.27406515388182,1.98531831969591,-7.11613667499414,-35.6284700046366,0.659284545109561,-8.0137428336472,8.34566687671887,0.1712008356020285,0.6117444929172559,84.64159037738554,Defended,Played,Defend,0.501274108886719,0.4750900268554688,7.958504,-0.34813,-0.25448907146169,0.0,-10.6,-33.4179908265081,0.596899941447118,0.596899941447118,-8.400913,-0.232824,0.784388,-8.840689,-0.224558,0.822902,-12.67630741486776,-10.06025675736571,-0.2014831964098553,0.9196645478506662,0.9118521547901736,-0.0368173147697712,0.0759492609129959,-1.0,BRABOURNE-STADIUM-MUMBAI,2022-03-31,2022,R,R,R,Chennai-Super-Kings,Lucknow-Super-Giants,Seam,1.0
462,1,13,Chennai Super Kings,Robin Uthappa,Dushmantha Chameera,,2,4,6,6,6,0,0,0,0,0,0,0,0,0,0,1,0,,,0,1.4,2,1,0,192322,161.31,-64.79,6,0,,39,ANGLED IN,40,FRONTFOOT FLICK,0,0,5,1,22,0,0,0,0,0,0,0,0,0,89.51830519005878,-7.406331090040779,8.340430576423728,-0.4326453373980214,2.003014742320775,-0.27952649305114,1.48490801972732,-7.28639777926736,-36.3384440966482,1.49567534444553,-7.44334911474084,8.046343642198822,0.1825080837091571,0.6476617942195149,88.89846076201152,Attacked,Played,,0.4837646484375,0.4450950622558594,6.481437,-0.036388,-0.259560314976058,0.0,-10.6,-34.1014192432502,1.41853722879508,1.41853722879508,-7.979705,0.149826,0.567418,-8.840905,0.187017,0.653685,-11.57599879965111,-10.05963862892371,0.2400859312197928,0.7641628208081315,0.8701066634483435,0.0250534635784569,0.0844975069937941,83.0,BRABOURNE-STADIUM-MUMBAI,2022-03-31,2022,R,R,R,Chennai-Super-Kings,Lucknow-Super-Giants,Seam,1.0
462,1,13,Chennai Super Kings,Robin Uthappa,Dushmantha Chameera,,2,5,0,0,0,0,0,0,1,0,0,0,0,0,0,0,0,,,0,1.5,2,1,0,192323,-44.97,45.25,0,0,,39,ANGLED IN,49,FORWARD DEFENCE,0,0,6,1,22,0,0,0,0,0,0,0,0,0,82.66775487360778,-7.953629671222806,8.341171596776462,-0.4691909412233861,2.005052268151377,-0.275433603763751,1.47428155561039,-7.46176648774389,-35.8063684892876,0.854632830529031,-7.68154852335311,8.30957527886866,0.1789699061363034,0.6380988947650368,87.81784360112519,Defended,Played,Defend,0.527469635009766,0.4600067138671875,7.162269,-0.278713,-0.255759774923483,0.0,-10.6,-33.559897577396,0.559646963924053,0.559646963924053,-8.125428,-0.189751,0.675909,-8.840998,-0.177288,0.744915,-12.10815114891214,-10.05969933454013,-0.1558964762751214,0.851098143666967,0.7622641175042498,-0.4119068761067426,0.0717423976194632,-1.0,BRABOURNE-STADIUM-MUMBAI,2022-03-31,2022,R,R,R,Chennai-Super-Kings,Lucknow-Super-Giants,Seam,1.0
462,1,13,Chennai Super Kings,Robin Uthappa,Dushmantha Chameera,,2,6,4,4,4,0,0,0,0,0,0,0,0,0,1,0,0,,,0,1.6,2,1,0,192324,182.03,48.47,4,0,,39,ANGLED IN,40,FRONTFOOT FLICK,0,0,7,1,26,0,0,0,0,0,0,0,0,0,86.4850184866415,-8.130802173447927,8.340846885468235,-0.4150104776745221,2.013618846597893,-0.277017652067946,0.177625886603608,-7.60615383381911,-36.012294768833,0.811242740384918,-7.83636179386877,8.473488230983905,0.1374132636588402,0.650770101219792,93.87418881708476,Attacked,Played,Pull-Hook,0.499351501464844,0.44915771484375,7.291053,-0.182646,-0.257230676920236,0.0,-10.6,-34.2310314159289,0.936833624237442,0.936833624237442,-7.90898,-0.039185,0.683781,-8.841072,-0.012554,0.778323,-12.27632234777055,-10.05997681573473,0.0225691636154727,0.8899117194409917,0.1786105252353902,0.2772036254172796,0.0167317301595151,-1.0,BRABOURNE-STADIUM-MUMBAI,2022-03-31,2022,R,R,R,Chennai-Super-Kings,Lucknow-Super-Giants,Seam,1.0
462,1,13,Chennai Super Kings,Ruturaj  Gaikwad,Andrew Tye,,3,1,1 (LB),1,0,0,0,0,1,1,0,0,0,1,0,0,0,,,0,2.1,2,1,1,192325,182.03,48.47,1,0,,39,ANGLED IN,40,FRONTFOOT FLICK,0,0,1,2,27,0,1,0,0,0,0,0,0,0,82.45635344356225,-8.06332508177486,8.340902560238682,-0.6844862731312786,2.14354853398615,-0.257001903806033,-0.798827175720248,-6.49581884584838,-33.4102474947843,1.5895709625792,-7.36418396409926,8.520012547809358,0.160259555881991,0.640019830206078,89.9770189427126,Attacked,Missed,Glance,0.520477294921875,0.5015830993652344,6.575798,-0.10018,-0.238644624962745,0.0,-10.6,-31.4617405249827,1.78823766298296,1.78823766298296,-8.50886,0.190999,0.64855,-8.8409,0.210645,0.680729,-12.43020168494535,-10.06019451388607,0.2832333833357183,0.7885268144283446,-0.1976047180396492,0.529177968540166,-0.0465708222465365,-1.0,BRABOURNE-STADIUM-MUMBAI,2022-03-31,2022,R,R,R,Chennai-Super-Kings,Lucknow-Super-Giants,Seam,1.0
462,1,13,Chennai Super Kings,Robin Uthappa,Andrew Tye,,3,2,1,1,1,1,0,0,0,0,0,0,0,0,0,0,0,,,0,2.2,2,1,0,192326,101.45,-11.38,1,0,,39,ANGLED IN,46,FRONTFOOT PULL SHOT,0,0,2,2,28,0,0,0,0,0,0,0,0,0,83.5603903961058,-12.27057462068276,8.340797476786875,-0.7717690026951034,2.114126112660387,-0.26333062548987,0.462290080838737,-5.31830549908177,-34.2329813136831,1.00983013534314,-9.22589122532045,8.603003777711391,0.1187583294426245,0.5337298432911534,78.18364354941056,Attacked,Edged,Pull-Hook,0.523200988769531,0.4907112121582031,9.830218,-0.54052,-0.244521295097736,0.0,-10.6,-32.547774489453,1.13157770006774,1.13157770006774,-8.069664,-0.259597,0.9294,-8.840924,-0.231016,0.983923,-15.08303074912732,-10.0601775272054,-0.1854716389825383,1.056836117406958,0.2803221089007607,0.3015175440225175,0.0297599764778503,-1.0,BRABOURNE-STADIUM-MUMBAI,2022-03-31,2022,R,R,R,Chennai-Super-Kings,Lucknow-Super-Giants,Seam,1.0
462,1,13,Chennai Super Kings,Ruturaj  Gaikwad,Andrew Tye,,3,3,0 WK,W,0,0,0,0,1,0,0,0,0,0,0,0,1,Run Out,WICKET,0,2.3,2,1,0,192327,101.45,-11.38,0,0,,43,NIPBACKER,47,FRONTFOOT ON DRIVE,0,0,3,2,28,1,0,0,0,0,0,0,0,0,83.95076552226256,-7.884970244594722,8.340823331513842,-0.7050737309428393,2.141435262996719,-0.261484590012176,0.0680146962431111,-6.31773210633456,-33.9929967015829,1.317854044553,-7.2918339979773,8.279153817955732,0.1665744217119181,0.6381838251306591,89.07013159840706,Attacked,Played,Nudge,0.490310668945313,0.4947280883789063,6.322319,-0.261229,-0.242807119297021,0.0,-10.6,-31.980243845664,1.76187958316669,1.76187958316669,-8.601129,0.011784,0.622377,-8.840935,0.025515,0.645521,-12.10703696181598,-10.05966247710376,0.0957027434849367,0.7537681805079088,0.2241723235841532,0.9332404634203209,0.0277143833532449,-1.0,BRABOURNE-STADIUM-MUMBAI,2022-03-31,2022,R,R,R,Chennai-Super-Kings,Lucknow-Super-Giants,Seam,1.0
462,1,13,Chennai Super Kings,Moeen Ali,Andrew Tye,,3,4,0,0,0,0,0,0,1,0,0,0,0,0,0,0,0,,,0,2.4,2,1,0,192328,68.76,39.73,0,0,,30,ANGLED ACROSS,51,FRONTFOOT COVERDRIVE,0,0,4,2,28,1,0,0,0,0,0,0,0,0,84.62634648663459,-7.143389862076439,8.340629986964679,-0.6907128018962267,2.132886023835754,-0.266016250304412,0.299060982661393,-6.48160219449688,-34.5821125395735,2.32532297283558,-7.06587936654642,7.718713573786469,0.1780031332976304,0.624478505858235,85.8714625489722,Attacked,Played,Off-Drive,0.506973266601563,0.4820022583007813,5.517537,0.116404,-0.247015089568382,0.0,-10.6,-32.5553935563629,2.00402954208483,2.00402954208483,-8.606184,0.370494,0.506165,-8.84067,0.385402,0.528698,-11.5478302208221,-10.06021554346516,0.4633781813730822,0.6370015139904288,0.5055067962126071,-0.3242719801341175,0.0549355019412739,-1.0,BRABOURNE-STADIUM-MUMBAI,2022-03-31,2022,L,R,R,Chennai-Super-Kings,Lucknow-Super-Giants,Seam,1.0
462,1,13,Chennai Super Kings,Moeen Ali,Andrew Tye,,3,5,0,0,0,0,0,0,1,0,0,0,0,0,0,0,0,,,0,2.5,2,1,0,192329,-43.13,95.44,0,0,,30,ANGLED ACROSS,47,FRONTFOOT ON DRIVE,0,0,5,2,28,1,0,0,0,0,0,0,0,0,83.52831264186803,-7.068211125168521,8.340738922609361,-0.6708356498540704,2.139823335237085,-0.259310871956382,-0.0928632447207439,-6.88626268128369,-33.7104133543296,1.48531348708306,-7.08144221851874,8.187693771826394,0.175251981536108,0.6435277745093474,89.00396802279131,Attacked,Played,,0.51214599609375,0.4814872741699219,5.618464,-0.12756,-0.24078866681664,0.0,-10.6,-31.6723024733629,1.40479281327847,1.40479281327847,-8.182027,0.04075,0.498944,-8.840962,0.07091,0.567072,-11.86345056493694,-10.05986172390822,0.1271136612384757,0.6809959805179001,0.1737120008440182,0.0167557902319188,0.0188895703763322,-1.0,BRABOURNE-STADIUM-MUMBAI,2022-03-31,2022,L,R,R,Chennai-Super-Kings,Lucknow-Super-Giants,Seam,1.0
462,1,13,Chennai Super Kings,Moeen Ali,Andrew Tye,,3,6,0,0,0,0,0,0,1,0,0,0,0,0,0,0,0,,,0,2.6,2,1,0,192330,-38.06,19.93,0,0,,30,ANGLED ACROSS,49,FORWARD DEFENCE,0,0,6,2,28,1,0,0,0,0,0,0,0,0,82.75524055840906,-8.826431509013831,8.34073354866415,-0.7256251894800748,2.132092051920126,-0.258871674804287,0.666085936383972,-6.08500944024948,-33.6533177245573,1.92992321268439,-7.58940499777089,8.522144960424917,0.153556418443829,0.6276535951747519,88.79239743182991,Defended,Played,Defend,0.523361206054688,0.5042724609375,7.341535,-0.150077,-0.240380840889695,0.0,-10.6,-31.7893855281271,1.1923698773094,1.1923698773094,-8.58869,0.075142,0.75178,-8.840833,0.085049,0.774357,-12.70859072355485,-10.05966858051426,0.1332179316358263,0.8737013931825333,0.585624085391252,-1.134089468390445,0.0546417755335018,-1.0,BRABOURNE-STADIUM-MUMBAI,2022-03-31,2022,L,R,R,Chennai-Super-Kings,Lucknow-Super-Giants,Seam,1.0
462,1,13,Chennai Super Kings,Robin Uthappa,Avesh Khan,,4,1,4,4,4,0,0,0,0,0,0,0,0,0,1,0,0,,,0,3.1,2,1,0,192331,-153.17,142.86,4,0,,38,STRAIGHT BALL,51,FRONTFOOT COVERDRIVE,0,0,1,3,32,1,1,0,0,0,0,0,0,0,85.3634786261382,-7.121484146868474,8.340470759384605,-0.5338073502802472,2.030852051624284,-0.266511482230711,-0.384180268866082,-6.477947760689,-34.6464926899925,-0.189911908254739,-6.95077198724474,6.838025021252141,0.1007370090337325,0.5786660740459012,86.72621020351194,Attacked,Played,Off-Drive,0.502876281738281,0.4772987365722656,6.026003,-0.576241,-0.247474947785661,0.0,-10.6,-33.5416308568253,0.0049706996569815,0.0049706996569815,-8.523861,-0.575564,0.485769,-8.84117,-0.575516,0.510527,-11.34407377092815,-10.06020113394232,-0.5753274847780232,0.5966423211655825,-0.2252105416800899,0.3225499150961864,-0.0232326384932529,-1.0,BRABOURNE-STADIUM-MUMBAI,2022-03-31,2022,R,L,R,Chennai-Super-Kings,Lucknow-Super-Giants,Seam,1.0
462,1,13,Chennai Super Kings,Robin Uthappa,Avesh Khan,,4,2,0,0,0,0,0,0,1,0,0,0,0,0,0,0,0,,,0,3.2,2,1,0,192332,-86.41,-3.09,0,0,,43,NIPBACKER,50,BACKFOOT DEFENCE,0,0,2,3,32,1,0,0,0,0,0,0,0,0,84.8563146437217,-9.874471284276703,8.340715641579376,-0.5975200127470235,2.020291076083852,-0.269562671565551,0.46376359586032,-6.76244965932942,-35.0431473035216,0.343922512333535,-8.35886314250841,8.871701123425803,0.1442525308247566,0.6177899575370772,88.24324054808592,Attacked,Played,Nudge,0.512031555175781,0.5018577575683594,8.707416,-0.522271,-0.250308195025154,0.0,-10.6,-33.0836505005604,0.832556739350032,0.832556739350032,-8.905317,-0.326558,0.951989,-8.841044,-0.328273,0.946462,-13.4161019122019,-10.06010887610898,-0.2955927564201532,1.044046854927707,0.2272581675407329,0.8792580477026727,0.0185525366778303,-1.0,BRABOURNE-STADIUM-MUMBAI,2022-03-31,2022,R,L,R,Chennai-Super-Kings,Lucknow-Super-Giants,Seam,1.0
462,1,13,Chennai Super Kings,Robin Uthappa,Avesh Khan,,4,3,1,1,1,1,0,0,0,0,0,0,0,0,0,0,0,,,0,3.3,2,1,0,192333,43.44,98.66,1,0,,39,ANGLED IN,27,FORWARD PUSH,0,0,3,3,33,1,0,0,0,0,0,0,0,0,84.30843322563146,-8.673823160169945,8.34078732771297,-0.5021819122768776,2.04712800327213,-0.26808118350011,1.15975861244148,-6.88429451635431,-34.8505538550143,0.829374759541111,-7.8067663940541,8.356226306454758,0.1462794162770557,0.6209666004487883,88.51704843961268,Attacked,Played,Nudge,0.507694244384766,0.4843711853027344,7.604902,-0.306725,-0.248932527535816,0.0,-10.6,-33.0032940221404,0.631084213459223,0.631084213459223,-8.478556,-0.188847,0.749361,-8.840733,-0.181581,0.781675,-12.62621624485769,-10.05998500268848,-0.1569680672009774,0.8807022088981259,0.6282297205063418,-0.2678016393827378,0.0534670930491063,-1.0,BRABOURNE-STADIUM-MUMBAI,2022-03-31,2022,R,L,R,Chennai-Super-Kings,Lucknow-Super-Giants,Seam,1.0
462,1,13,Chennai Super Kings,Moeen Ali,Avesh Khan,,4,4,6,6,6,0,0,0,0,0,0,0,0,0,0,1,0,,,0,3.4,2,1,0,192334,-81.8,-139.38,6,0,,36,BOUNCER,58,BACKFOOT PULL SHOT,1,0,4,3,39,1,0,0,0,0,0,0,0,0,82.9496021302865,-16.1367792790762,8.340572337345566,-0.5115378397793622,1.946186623983494,-0.261761336513175,2.44945651839641,-7.85915192599022,-34.0289737467127,1.0721817019719,-11.6715474959541,12.39926943497919,0.1161555621724658,0.6003207555421188,88.43255711407124,Attacked,Played,,0.551136016845703,0.5159912109375,12.343882,-0.362081,-0.243064098190805,0.0,-10.6,-31.8701104072969,0.627206380027682,0.627206380027682,-8.175745,-0.14756,1.811137,-8.840467,-0.133305,1.885247,-18.93137995707288,-10.0598710366469,-0.1069476597890903,2.007850629922987,0.7654122052398307,-0.6772329024913396,0.0395344210948613,69.0,BRABOURNE-STADIUM-MUMBAI,2022-03-31,2022,L,R,R,Chennai-Super-Kings,Lucknow-Super-Giants,Seam,1.0
462,1,13,Chennai Super Kings,Moeen Ali,Avesh Khan,,4,5,0,0,0,0,0,0,1,0,0,0,0,0,0,0,0,,,0,3.5,2,1,0,192335,-64.77,95.44,0,0,,30,ANGLED ACROSS,47,FRONTFOOT ON DRIVE,0,0,5,3,39,1,0,0,0,0,0,0,0,0,84.1382118342409,-10.0190737599649,8.340569858593959,-0.4826800070208789,2.017238477355734,-0.267209330110942,0.459596247572711,-5.9192854068986,-34.7372129144225,1.28482766762779,-8.19003235349864,8.32319520629604,0.0854645331126383,0.6005328319125836,91.5334714756237,Defended,Played,Defend,0.521804809570313,0.4736709594726563,8.695975,-0.153184,-0.248122949388732,0.0,-12.4480129649045,-33.6190073832962,1.20682503509117,1.20682503509117,-8.059143,0.093292,0.7703,-8.840882,0.122903,0.824853,-13.26641485072304,-10.06006181845408,0.1694462762755722,0.895452570548597,0.3368797278546208,-0.0623674718502528,0.0276591790613035,-1.0,BRABOURNE-STADIUM-MUMBAI,2022-03-31,2022,L,R,R,Chennai-Super-Kings,Lucknow-Super-Giants,Seam,1.0
462,1,13,Chennai Super Kings,Moeen Ali,Avesh Khan,,4,6,0,0,0,0,0,0,1,0,0,0,0,0,0,0,0,,,0,3.6,2,1,0,192336,48.5,90.83,0,0,,30,ANGLED ACROSS,27,FORWARD PUSH,0,0,6,3,39,1,0,0,0,0,0,0,0,0,84.44805569972262,-8.159748151060986,8.340394210989903,-0.4225625152333745,2.003612715853391,-0.266103169397085,1.05211537612008,-6.99064798981504,-34.5934120216211,1.11671545325811,-7.52346005529441,8.300811583298048,0.1293441809283352,0.6398487839676956,93.04289950232082,Defended,Played,Defend,0.505393981933594,0.472137451171875,7.356988,-0.12979,-0.247095800154436,0.0,-10.6,-32.9946539405816,1.17780019727337,1.17780019727337,-8.061092,0.065419,0.678848,-8.840501,0.094493,0.751081,-12.26976032005635,-10.06015567458831,0.1403479583113627,0.851878783345778,0.6364731632930725,0.1954699319133204,0.0590053827169664,-1.0,BRABOURNE-STADIUM-MUMBAI,2022-03-31,2022,L,R,R,Chennai-Super-Kings,Lucknow-Super-Giants,Seam,1.0
462,1,13,Chennai Super Kings,Robin Uthappa,Andrew Tye,,5,1,4,4,4,0,0,0,0,0,0,0,0,0,1,0,0,,,0,4.1,2,1,0,192337,158.08,129.51,4,0,,39,ANGLED IN,58,BACKFOOT PULL SHOT,0,0,1,4,43,1,1,0,0,0,0,0,0,0,85.62709650183285,-11.39321282728735,8.340393838723351,-0.7798513212451288,2.103433002764982,-0.269750280507416,0.184989684558426,-5.70964848516729,-35.067536465964,0.900087431532867,-8.98697974678239,9.331592500327378,0.1525119382887611,0.6009903585600972,84.89735995513847,Attacked,Played,Pull-Hook,0.512889862060547,0.4841079711914063,9.330906,-0.560605,-0.250482403328315,0.0,-10.6,-32.8688270347073,1.0227062150442,1.0227062150442,-8.202486,-0.321188,1.009012,-8.840769,-0.300074,1.067028,-14.3741946219483,-10.05996591273768,-0.2594377725516651,1.165972968754039,0.166446093491261,0.3118678046549757,0.011869608674801,-1.0,BRABOURNE-STADIUM-MUMBAI,2022-03-31,2022,R,L,R,Chennai-Super-Kings,Lucknow-Super-Giants,Seam,1.0
462,1,13,Chennai Super Kings,Robin Uthappa,Andrew Tye,,5,2,4,4,4,0,0,0,0,0,0,0,0,0,1,0,0,,,0,4.2,2,1,0,192338,-60.62,-143.99,4,0,,39,ANGLED IN,44,GLIDE,0,0,2,4,47,1,0,0,0,0,0,0,0,0,84.88734471565826,-9.427299525382905,8.340473712181307,-0.7971743718647302,2.124961123048371,-0.266087836905513,0.454693603571022,-5.78726530632298,-34.5914187977167,1.07704610919355,-7.92483063016798,7.706022379923913,0.1701738395502506,0.5549667799838097,76.22763304254642,Attacked,Played,,0.506858825683594,0.5060005187988281,7.759306,-0.498588,-0.247081562840833,0.0,-10.6,-32.5027104099279,0.740994751270936,0.740994751270936,-8.962047,-0.342743,0.725263,-8.840866,-0.345651,0.716669,-12.90367969009606,-10.05966156298483,-0.3162682209469582,0.7959799165515596,0.3405469864121852,-0.4773986166536509,0.0361166536680053,-1.0,BRABOURNE-STADIUM-MUMBAI,2022-03-31,2022,R,L,R,Chennai-Super-Kings,Lucknow-Super-Giants,Seam,1.0
462,1,13,Chennai Super Kings,Robin Uthappa,Andrew Tye,,5,3,0,0,0,0,0,0,1,0,0,0,0,0,0,0,0,,,0,4.3,2,1,0,192339,-60.62,-143.99,0,0,,36,BOUNCER,105,LEFT ALONE,1,0,3,4,47,1,0,0,0,0,0,0,0,0,83.20084631621873,-16.41826422167537,8.340562590498408,-0.8267338488877585,2.028746370394893,-0.269217641398823,-0.440109870382551,-12.5884097681356,-34.998293381847,0.93307917499136,-12.9514261903656,12.29412204603102,0.1915721063990122,0.5250381195849564,69.59850729784225,,,,0.554466247558594,0.5850791931152344,12.275317,-0.660725,-0.249987809870336,0.0,-10.6,-31.2029606754321,1.22272813919115,1.22272813919115,-999.9,-999.9,-999.9,-8.840956,-0.207068,1.79127,-20.30743659218631,-10.06005518183177,-0.1543701970229641,1.904996638450564,-0.0489033822811395,0.716876529493687,-0.00252383513992907,-1.0,BRABOURNE-STADIUM-MUMBAI,2022-03-31,2022,R,L,R,Chennai-Super-Kings,Lucknow-Super-Giants,Seam,1.0
462,1,13,Chennai Super Kings,Robin Uthappa,Andrew Tye,,5,4,4,4,4,0,0,0,0,0,0,0,0,0,1,0,0,,,0,4.4,2,1,0,192340,108.82,-111.29,4,0,,39,ANGLED IN,40,FRONTFOOT FLICK,0,0,4,4,51,1,0,1,1,0,1,0,0,0,85.15564228650246,-9.082472793566708,8.340601905944041,-0.7819333422624988,2.130305706467207,-0.26635056195395,-0.913985934077199,-5.880185733623,-34.6255730540135,1.81721150114632,-7.77983399729673,7.133178250738379,0.1458805491256068,0.5287823977039011,74.7293047430245,Attacked,Played,Pull-Hook,0.507316589355469,0.4724235534667969,7.485902,-0.190022,-0.247325521814382,0.0,-10.6,-32.8726659415731,2.07626380965905,2.07626380965905,-8.038361,0.1624,0.590411,-8.840976,0.215435,0.646076,-12.66318352938823,-10.06028472574985,0.2966496002537785,0.7179137440917809,-0.1888584653834283,0.609818470884943,-0.0281350885276817,-1.0,BRABOURNE-STADIUM-MUMBAI,2022-03-31,2022,R,L,R,Chennai-Super-Kings,Lucknow-Super-Giants,Seam,1.0
462,1,13,Chennai Super Kings,Robin Uthappa,Andrew Tye,,5,5,2,2,2,0,1,0,0,0,0,0,0,0,0,0,0,,,0,4.5,2,1,0,192341,123.09,13.02,2,0,,43,NIPBACKER,49,FORWARD DEFENCE,0,0,5,4,53,1,0,0,1,0,0,0,0,0,84.64542903140983,-9.66707312525063,8.341041972021152,-0.8000743305920888,2.141438331660547,-0.26546274078631,-0.70698090964643,-6.00106182220016,-34.5101563022203,1.00034949709276,-8.09758416880672,9.41857961450006,0.2329136659979174,0.6427599586624738,83.12262719957933,Defended,Played,Defend,0.505107879638672,0.5031280517578125,7.957402,-0.478938,-0.246501116444431,0.0,-10.6,-31.3765176848232,1.76896700839147,1.76896700839147,-8.584929,-0.103838,0.903946,-8.840931,-0.088615,0.929002,-13.20519318407001,-10.06032357939095,-0.0156543452453979,1.038189279867396,-0.1925742715523761,1.566471270916843,-0.0167168644948936,-1.0,BRABOURNE-STADIUM-MUMBAI,2022-03-31,2022,R,L,R,Chennai-Super-Kings,Lucknow-Super-Giants,Seam,1.0
462,1,13,Chennai Super Kings,Robin Uthappa,Andrew Tye,,5,6,4,4,4,0,0,0,0,0,0,0,0,0,1,0,0,,,0,4.6,2,1,0,192342,155.32,-58.35,4,0,,39,ANGLED IN,58,BACKFOOT PULL SHOT,0,0,6,4,57,1,0,0,1,0,0,0,0,0,82.77423771646058,-12.12046399615077,8.340605566175277,-0.8563642428136842,2.062749666254193,-0.264433258221509,-0.291107703252247,-6.32066769468967,-34.3763235687962,1.56909544148892,-9.34323563623934,9.74486164747203,0.1737587191734666,0.5842505737613665,80.26171414685831,Attacked,Played,Pull-Hook,0.540939331054688,0.5012168884277344,10.056846,-0.479184,-0.245545168348544,0.0,-10.6,-31.7853698323632,1.86665748544742,1.86665748544742,-8.186962,0.017291,1.116629,-8.840472,0.05837,1.17215,-15.20526977281579,-10.05980690883752,0.1356157588490333,1.26264859484569,0.0503704258980085,0.7475133666327971,0.00367872784297485,-1.0,BRABOURNE-STADIUM-MUMBAI,2022-03-31,2022,R,L,R,Chennai-Super-Kings,Lucknow-Super-Giants,Seam,1.0
462,1,13,Chennai Super Kings,Moeen Ali,Krunal Pandya,,6,1,1,1,1,1,0,0,0,0,0,0,0,0,0,0,0,,,0,5.1,2,1,0,192343,-95.62,117.08,1,0,,23,ARM BALL,47,FRONTFOOT ON DRIVE,0,0,1,5,58,1,1,0,1,0,0,0,0,0,62.23642284955203,-4.257447791316313,8.34069173592372,-0.779619663920499,2.029645418368771,-0.194275289378891,1.11920469897821,-8.77134395937995,-25.2557876192558,1.63628078501208,-6.27190243945881,8.690916657318164,0.2059875565897984,0.5667831060628883,74.4187102504534,Attacked,Played,,0.692802429199219,0.6406173706054688,5.701442,-0.123405,-0.180398482994684,0.0,-10.6,-23.2554333558434,1.16424120994233,1.16424120994233,-8.045692,0.063876,0.464779,-8.840965,0.104993,0.523493,-13.94643621667187,-10.06003068276343,0.1685334679756428,0.5882250401680257,1.436080915539096,-0.8409013409658931,0.152550302897802,-1.0,BRABOURNE-STADIUM-MUMBAI,2022-03-31,2022,L,R,L,Chennai-Super-Kings,Lucknow-Super-Giants,Spin,1.0
462,1,13,Chennai Super Kings,Robin Uthappa,Krunal Pandya,,6,2,1,1,1,1,0,0,0,0,0,0,0,0,0,0,0,,,0,5.2,2,1,0,192344,116.64,104.65,1,0,,23,ARM BALL,47,FRONTFOOT ON DRIVE,0,0,2,5,59,1,0,0,1,0,0,0,0,0,58.95427287651369,-3.506709697251581,8.340553852149323,-0.7792384880254203,2.020196525716279,-0.185345745016851,1.246810925706,-10.5276988230229,-24.0949468521907,1.74170390831552,-6.67993993083065,9.748641890773792,0.208565343296096,0.5644133996110201,73.80547561204342,Attacked,Played,Nudge,0.733818054199219,0.6799736022949219,6.273962,-0.085511,-0.172106763229933,0.0,-10.6,-21.9446651653082,1.21487060810562,1.21487060810562,-8.074823,0.156004,0.564772,-8.841029,0.200035,0.618082,-15.4951857576264,-10.06011642490138,0.270662591132471,0.674513611245185,1.65260898730238,-0.9657397882589392,0.154972364147611,-1.0,BRABOURNE-STADIUM-MUMBAI,2022-03-31,2022,R,L,L,Chennai-Super-Kings,Lucknow-Super-Giants,Spin,1.0
462,1,13,Chennai Super Kings,Moeen Ali,Krunal Pandya,,6,3,0,0,0,0,0,0,1,0,0,0,0,0,0,0,0,,,0,5.3,2,1,0,192345,-82.72,-9.08,0,0,,10,ORTHODOX,40,FRONTFOOT FLICK,0,0,3,5,59,1,0,0,1,0,0,0,0,0,52.39922520319929,-2.704782967043432,8.341033760880453,-0.8045592023476511,2.019113622530606,-0.165412274069737,-0.210607122971205,-11.2479167444766,-21.5035956290658,0.960644265171584,-6.77421292285099,13.02897085989208,0.2790628124906701,0.6300065386602607,76.5946995499721,Attacked,Played,Nudge,0.844390869140625,0.7728195190429688,7.096477,-0.293547,-0.153597111636184,0.0,-10.6,-18.4433143018707,0.107559114885418,0.107559114885418,-7.818847,-0.264643,0.797521,-8.840924,-0.258403,0.862019,-17.48583393397842,-10.05986368605188,-0.2508887024500002,0.8923473063204529,-0.0553594436845242,-2.223773222780639,-0.00494547835628223,-1.0,BRABOURNE-STADIUM-MUMBAI,2022-03-31,2022,L,R,L,Chennai-Super-Kings,Lucknow-Super-Giants,Spin,1.0
462,1,13,Chennai Super Kings,Moeen Ali,Krunal Pandya,,6,4,4,4,4,0,0,0,0,0,0,0,0,0,1,0,0,,,0,5.4,2,1,0,192346,172.36,96.36,4,0,,23,ARM BALL,51,FRONTFOOT COVERDRIVE,0,0,4,5,63,1,0,0,1,0,0,0,0,0,62.36375541829209,-4.721088002125795,8.340635264322763,-0.8193066766042503,1.963556511787348,-0.195786540765207,0.737097761371217,-9.64896693282506,-25.4522502994769,2.00000775540319,-6.52052158808034,9.287365109461792,0.1831441540326153,0.5916830876178374,80.43804773941407,Attacked,Played,Off-Drive,0.693580627441406,0.65057373046875,6.749391,-0.01333,-0.181801787853406,0.0,-10.6,-23.5925260386299,1.32898673088978,1.32898673088978,-8.220923,0.268641,0.612174,-8.841029,0.305036,0.652265,-14.36936171742962,-10.0602433089976,0.3771271527838473,0.7082079663178893,1.03290632311571,-1.268890423183828,0.101434041968048,-1.0,BRABOURNE-STADIUM-MUMBAI,2022-03-31,2022,L,R,L,Chennai-Super-Kings,Lucknow-Super-Giants,Spin,1.0
462,1,13,Chennai Super Kings,Moeen Ali,Krunal Pandya,,6,5,6,6,6,0,0,0,0,0,0,0,0,0,0,1,0,,,0,5.5,2,1,0,192347,-159.62,-41.31,6,0,,10,ORTHODOX,55,SWEEP SHOT,0,0,5,5,69,1,0,0,1,0,0,0,0,0,57.60839297314235,-3.48639339718818,8.340919288181087,-0.7274987877454878,2.014074341644542,-0.180944041446002,0.890654440709769,-10.5680978779806,-23.5227253879803,1.79933955909281,-6.66243423263659,11.3225015177708,0.1808386952011614,0.64869333427284,89.22013062080987,Attacked,Played,,0.738899230957031,0.651580810546875,6.542249,0.036942,-0.168019467057002,0.0,-10.6,-21.5847599149295,0.936251533301797,0.936251533301797,-7.116972,0.195289,0.609034,-8.840865,0.272755,0.782011,-15.81392227934307,-10.05990379300359,0.3281922634882206,0.8612498987313723,1.319903833230932,-1.890565035046308,0.131585109100979,69.0,BRABOURNE-STADIUM-MUMBAI,2022-03-31,2022,L,R,L,Chennai-Super-Kings,Lucknow-Super-Giants,Spin,1.0
462,1,13,Chennai Super Kings,Moeen Ali,Krunal Pandya,,6,6,4,4,4,0,0,0,0,0,0,0,0,0,1,0,0,,,0,5.6,2,1,0,192348,-172.05,93.14,4,0,,23,ARM BALL,58,BACKFOOT PULL SHOT,0,0,6,5,73,1,0,0,1,0,0,0,0,0,59.80705701372067,-4.719210055385116,8.34077296200324,-0.8235105364325349,2.007621130656164,-0.189094762811084,0.662858696773547,-9.89892240718156,-24.5823191654409,1.67708261268418,-6.62351895274595,9.449742885960683,0.1638355333889987,0.575580193472676,79.95347568200152,Attacked,Played,,0.719169616699219,0.6611480712890625,6.959658,-0.141365,-0.175587994038864,0.0,-10.6,-22.9052080408339,1.05934510168057,1.05934510168057,-7.934942,0.08648,0.612699,-8.840856,0.130147,0.666866,-15.07979332628921,-10.05976377303768,0.1894058445474305,0.711566040102894,0.9461847489072408,-1.254858518862189,0.0897779933447779,-1.0,BRABOURNE-STADIUM-MUMBAI,2022-03-31,2022,L,R,L,Chennai-Super-Kings,Lucknow-Super-Giants,Spin,1.0
462,1,13,Chennai Super Kings,Robin Uthappa,Dushmantha Chameera,,7,1,1,1,1,1,0,0,0,0,0,0,0,0,0,0,0,,,0,6.1,2,1,0,192349,-73.51,-97.02,1,0,,43,NIPBACKER,44,GLIDE,0,0,1,6,74,1,1,0,1,0,0,0,0,0,86.64558387192326,-8.846501010987302,8.341057668797585,-0.4024798534581864,2.061433756702046,-0.272851290124756,1.07551099728258,-6.46931892702795,-35.4706677162183,0.478493452638469,-7.86200418217812,6.85909419216674,0.1555689635489924,0.5143390388320498,71.59395946990824,Attacked,Played,Nudge,0.499580383300781,0.4901962280273438,7.645955,-0.308723,-0.253361912258702,0.0,-10.6,-33.6168470546659,0.573073856930017,0.573073856930017,-8.933991,-0.194752,0.640169,-8.841041,-0.196418,0.634498,-12.49745414957215,-10.0600197539463,-0.1744740113685013,0.7020262772989445,0.5264441001163382,0.2037755480943941,0.0474647500350207,-1.0,BRABOURNE-STADIUM-MUMBAI,2022-03-31,2022,R,L,R,Chennai-Super-Kings,Lucknow-Super-Giants,Seam,1.0
462,1,13,Chennai Super Kings,Moeen Ali,Dushmantha Chameera,,7,2,1,1,1,1,0,0,0,0,0,0,0,0,0,0,0,,,0,6.2,2,1,0,192350,74.28,77.02,1,0,,30,ANGLED ACROSS,51,FRONTFOOT COVERDRIVE,0,0,2,6,75,1,0,0,1,0,0,0,0,0,86.07311976960516,-8.136514912013874,8.340783563870204,-0.3367609039555414,2.014527914470513,-0.277298690700282,0.6757011908313,-7.08755056686951,-36.0488297910367,1.15377283929946,-7.6997648698641,7.66383420492311,0.1769486557601092,0.5921417557544912,81.12639778716276,Attacked,Played,Nudge,0.496490478515625,0.4659919738769531,7.248401,-0.024071,-0.257491641364547,0.0,-10.6,-33.8827579573648,1.01823948676038,1.01823948676038,-8.42082,0.148195,0.660998,-8.84109,0.161409,0.696002,-12.05678505698366,-10.06017026150317,0.1999915135867508,0.7879888903505453,0.4381150809269944,-0.1118474025437036,0.0410664041384017,-1.0,BRABOURNE-STADIUM-MUMBAI,2022-03-31,2022,L,R,R,Chennai-Super-Kings,Lucknow-Super-Giants,Seam,1.0
462,1,13,Chennai Super Kings,Robin Uthappa,Dushmantha Chameera,,7,3,1,1,1,1,0,0,0,0,0,0,0,0,0,0,0,,,0,6.3,2,1,0,192351,-114.95,49.4,1,0,,38,STRAIGHT BALL,51,FRONTFOOT COVERDRIVE,0,0,3,6,76,1,0,0,1,0,0,0,0,0,86.99580449817411,-6.393553710157426,8.340495684786422,-0.4215201570780364,1.804725861432837,-0.292069102480413,1.48020557944855,-10.2965221000707,-37.9689833224537,0.0817887718454127,-7.6097174315274,7.476525307602378,0.3784581580906694,0.5764993872585522,58.62909227971589,Attacked,Played,Nudge,0.494888305664063,0.4581184387207031,6.934261,-0.459838,-0.271207023731812,0.0,-10.6,-33.4283824092469,0.170417696195832,0.170417696195832,-8.638435,-0.431086,0.622906,-8.840719,-0.430006,0.639168,-11.33303126612529,-10.06014382171325,-0.4234530742436817,0.7286711642801856,0.6040299809515052,0.1686706922024202,0.0578350739113801,-1.0,BRABOURNE-STADIUM-MUMBAI,2022-03-31,2022,R,L,R,Chennai-Super-Kings,Lucknow-Super-Giants,Seam,1.0
462,1,13,Chennai Super Kings,Moeen Ali,Dushmantha Chameera,,7,4,4,4,4,0,0,0,0,0,0,0,0,0,1,0,0,,,0,6.4,2,1,0,192352,174.66,101.88,4,0,,30,ANGLED ACROSS,51,FRONTFOOT COVERDRIVE,0,0,4,6,80,1,0,0,1,0,0,0,0,0,85.03991102211444,-8.677261700459889,8.340606993973875,-0.2891504633610479,1.998412423801394,-0.274529101963872,0.723710501932887,-6.48079498842263,-35.6887832553034,1.59700529609801,-7.75064839966215,7.948883209952641,0.1865648705041379,0.6013261905598696,81.54244153356666,Attacked,Played,Off-Drive,0.510166168212891,0.4806632995605469,7.755513,0.138956,-0.254919880395024,0.0,-10.6,-33.3784201365988,1.42866977736817,1.42866977736817,-8.621488,0.416077,0.747326,-8.840883,0.425953,0.765076,-12.25284239041784,-10.05971738228746,0.4811333749281367,0.85493814142467,0.5011197774463773,-0.1112787334924809,0.0449836497009412,-1.0,BRABOURNE-STADIUM-MUMBAI,2022-03-31,2022,L,R,R,Chennai-Super-Kings,Lucknow-Super-Giants,Seam,1.0
462,1,13,Chennai Super Kings,Moeen Ali,Dushmantha Chameera,,7,5,1,1,1,1,0,0,0,0,0,0,0,0,0,0,0,,,0,6.5,2,1,0,192353,-69.83,153.45,1,0,,8,OFF CUTTER,47,FRONTFOOT ON DRIVE,0,0,5,6,81,1,0,0,1,0,0,0,0,0,79.6195559695237,-7.627570551139132,8.340791238231326,-0.2902870695627303,1.95460442377406,-0.250474550136741,-1.43246105352565,-7.94976094802948,-32.5616915177764,0.452018204254479,-7.25466139189368,7.716597693646405,0.1539062480849936,0.5752563307787987,80.89782480832045,Attacked,Played,Nudge,0.530216217041016,0.5212669372558594,7.605257,-0.07367,-0.23258351084126,0.0,-10.6,-30.7991200829604,0.650824869584855,0.650824869584855,-8.555034,0.058301,0.675565,-8.840843,0.064639,0.694772,-12.5602102864695,-10.05971212944899,0.0918319570096001,0.7657690124581715,-0.6799681609063077,0.4152297717085436,-0.0613773033720993,-1.0,BRABOURNE-STADIUM-MUMBAI,2022-03-31,2022,L,R,R,Chennai-Super-Kings,Lucknow-Super-Giants,Seam,1.0
462,1,13,Chennai Super Kings,Robin Uthappa,Dushmantha Chameera,,7,6,1,1,1,1,0,0,0,0,0,0,0,0,0,0,0,,,0,6.6,2,1,0,192354,119.41,97.74,1,0,,46,LEGCUTTER,47,FRONTFOOT ON DRIVE,0,0,6,6,82,1,0,0,1,0,0,0,0,0,71.23701183957098,-3.13565869599417,8.340587618867428,-0.5367859745121207,2.079888715297188,-0.219528025667982,0.409707257338517,-9.82029548012767,-28.5386433368377,1.15921549104142,-6.55745206737705,8.823013380603033,0.2069182742197309,0.6235405866948587,82.83926058225572,Attacked,Played,,0.598228454589844,0.5664825439453125,3.622675,-0.017529,-0.203847452405984,0.0,-10.6,-26.3422944504871,0.945712118015859,0.945712118015859,-8.424878,0.05438,0.325149,-8.840646,0.069565,0.376492,-12.9404920183397,-10.06018404324004,0.1143928800809528,0.5121272289691059,0.5990380241463452,-0.2699401956836017,0.0736550760602009,-1.0,BRABOURNE-STADIUM-MUMBAI,2022-03-31,2022,R,L,R,Chennai-Super-Kings,Lucknow-Super-Giants,Seam,1.0
462,1,13,Chennai Super Kings,Robin Uthappa,Ravi Bishnoi,,8,1,2,2,2,0,1,0,0,0,0,0,0,0,0,0,0,,,0,7.1,2,1,0,192355,89.94,-86.89,2,0,,28,GOOGLY,54,LEG GLANCE,0,0,1,7,84,1,1,0,1,0,0,0,0,0,60.68151914208572,-3.387853720450483,8.340915283973072,-0.8165661223454584,1.811476895736821,-0.19096216989688,-0.102002505059666,-10.7301328836665,-24.8250820865944,1.62842137164473,-6.38337195698026,9.373931458981,0.2020349941204319,0.5896588872237185,78.24533367151459,Attacked,Played,Glance,0.716651916503906,0.6802597045898438,6.849923,-0.080527,-0.177322014904246,0.0,-10.6,-22.8009302627299,1.11766518104462,1.11766518104462,-8.446987,0.181552,0.623252,-8.840844,0.20171,0.644586,-14.42029560805342,-10.05985239992251,0.2645120658329413,0.6889455513067468,0.209462331706452,-0.9466850754028864,0.027244836987305,-1.0,BRABOURNE-STADIUM-MUMBAI,2022-03-31,2022,R,L,R,Chennai-Super-Kings,Lucknow-Super-Giants,Spin,1.0
462,1,13,Chennai Super Kings,Robin Uthappa,Ravi Bishnoi,,8,2,0,0,0,0,0,0,1,0,0,0,0,0,0,0,0,,,0,7.2,2,1,0,192356,-73.51,-22.43,0,0,,24,LEG SPIN,97,BACKFOOT PUSH,0,0,2,7,84,1,0,0,1,0,0,0,0,0,61.12543957273105,-2.21288113896011,8.340730910420756,-0.790775024067246,1.840621246919069,-0.191124348872174,-0.392933728323135,-10.6180417905412,-24.8461653533826,0.564011519580871,-6.27462162528951,9.512515780784824,0.2037766874991911,0.6087580289031322,80.93603558555073,Attacked,Played,Nudge,0.703239440917969,0.6898040771484375,5.59383,-0.466018,-0.177472609667019,0.0,-10.6,-22.7951940441192,0.131496883118417,0.131496883118417,-8.905478,-0.439956,0.587895,-8.840986,-0.440342,0.582814,-14.17306920582492,-10.06010797671419,-0.4330248969995837,0.663773938608246,-0.2886835110435971,-0.9698849937735874,-0.0321062393705597,-1.0,BRABOURNE-STADIUM-MUMBAI,2022-03-31,2022,R,L,R,Chennai-Super-Kings,Lucknow-Super-Giants,Spin,1.0
462,1,13,Chennai Super Kings,Robin Uthappa,Ravi Bishnoi,,8,3,0 WK,W,0,0,0,0,1,0,0,0,0,0,0,0,1,Leg Before Wicket,WICKET,1,7.3,2,1,0,192357,-73.51,-22.43,0,0,,28,GOOGLY,50,BACKFOOT DEFENCE,0,0,3,7,84,2,1,0,1,0,0,0,0,0,62.65093881572987,-2.675265119078459,8.340758226749912,-0.7673021665801909,1.857171780994464,-0.195899263038834,-0.25658848676268,-10.6716807623075,-25.4669041950484,1.19870326455367,-6.36436079611864,8.212553255174084,0.1593085992964178,0.5422989859954778,75.41398796967988,Attacked,Missed,,0.679744720458984,0.6620521545410156,5.750665,-0.170265,-0.18190645853606,0.0,-10.6,-23.9138471648181,0.915543321468413,0.915543321468413,-8.729862,0.001886,0.500857,-8.840891,0.006287,0.507743,-14.03123500382402,-10.06000937784095,0.054860598322448,0.567488974796311,-0.0101966693908895,-0.5023674004811866,-0.00611217940078856,-1.0,BRABOURNE-STADIUM-MUMBAI,2022-03-31,2022,R,L,R,Chennai-Super-Kings,Lucknow-Super-Giants,Spin,1.0
462,1,13,Chennai Super Kings,Shivam Dube,Ravi Bishnoi,,8,4,1,1,1,1,0,0,0,0,0,0,0,0,0,0,0,,,0,7.4,2,1,0,192358,138.74,73.34,1,0,,28,GOOGLY,52,BACKFOOT COVERDRIVE,0,0,4,7,85,2,2,0,1,0,0,0,0,0,59.80597541508224,-4.077869206968676,8.340659858026392,-0.8357605963956666,1.775130317073068,-0.188665404695694,0.819352279841454,-9.97866727756807,-24.5265026104402,2.31184584908639,-6.17946359981701,10.79503486285894,0.2531844675922358,0.6766338111720209,86.17662491657957,Attacked,Played,Off-Drive,0.729034423828125,0.7038803100585938,7.43445,0.081126,-0.175189304360287,0.0,-10.6,-21.9291204924574,1.90893389144272,1.90893389144272,-8.505245,0.605366,0.790447,-8.840569,0.636037,0.809488,-14.14137448160558,-10.06015602230192,0.7483258634789691,0.8558483738663774,1.169554021659087,-0.4096716731849288,0.10690942445472,-1.0,BRABOURNE-STADIUM-MUMBAI,2022-03-31,2022,L,L,R,Chennai-Super-Kings,Lucknow-Super-Giants,Spin,1.0
462,1,13,Chennai Super Kings,Moeen Ali,Ravi Bishnoi,,8,5,2,2,2,0,1,0,0,0,0,0,0,0,0,0,0,,,0,7.5,2,1,0,192359,-98.38,103.27,2,0,,24,LEG SPIN,47,FRONTFOOT ON DRIVE,0,0,5,7,87,2,0,0,1,0,0,0,0,0,59.79403550246733,0.4607084800867707,8.341084757470068,-0.7204797864443749,1.812753307679124,-0.183983751988438,0.399282104210394,-10.5656785732227,-23.9178877584969,1.19531948330016,-6.12930394291496,8.744507160930135,0.2973586436845547,0.5301397703582119,59.78510118527632,Attacked,Played,,0.714042663574219,0.6503448486328125,3.216445999999999,-0.074735,-0.170842055417835,0.0,-10.6,-21.1250810235375,1.19587427468591,1.19587427468591,-7.893243,-0.015059,0.186038,-8.84095,0.039259,0.29867,-14.37355467210822,-10.06021393679666,0.1097679138458671,0.4122552039989975,0.8122234862807124,0.3789796642239077,0.102800345288328,-1.0,BRABOURNE-STADIUM-MUMBAI,2022-03-31,2022,L,L,R,Chennai-Super-Kings,Lucknow-Super-Giants,Spin,1.0
462,1,13,Chennai Super Kings,Moeen Ali,Ravi Bishnoi,,8,6,0,0,0,0,0,0,1,0,0,0,0,0,0,0,0,,,0,7.6,2,1,0,192360,-38.52,-38.55,0,0,,24,LEG SPIN,54,LEG GLANCE,0,0,6,7,87,2,0,0,1,0,0,0,0,0,60.14394973502667,-1.23222886221939,8.340667175357794,-0.816084329817126,1.84931009821318,-0.192089356736622,-0.368992328350911,-10.4465278656919,-24.9716163757609,0.758447744247827,-6.18327137699365,10.39564561344212,0.2404036755675396,0.6675732233942445,86.09561595238272,Attacked,Played,Nudge,0.705276489257813,0.6297225952148438,4.332575,-0.357588,-0.178368688398292,0.0,-10.6,-22.5001700130307,0.431930605519637,0.431930605519637,-7.842663,-0.316638,0.380043,-8.840948,-0.297068,0.510651,-13.90739626445992,-10.06017129195618,-0.2729512707505495,0.6416772718788796,-0.2384713534479365,-0.6399162549051322,-0.0273870801910897,-1.0,BRABOURNE-STADIUM-MUMBAI,2022-03-31,2022,L,L,R,Chennai-Super-Kings,Lucknow-Super-Giants,Spin,1.0
462,1,13,Chennai Super Kings,Shivam Dube,Dushmantha Chameera,,9,1,0,0,0,0,0,0,1,0,0,0,0,0,0,0,0,,,0,8.1,2,1,0,192361,-24.25,30.98,0,0,,38,STRAIGHT BALL,50,BACKFOOT DEFENCE,0,0,1,8,87,2,1,0,1,0,0,0,0,0,86.06349241237422,-11.63764480567258,8.340519259363646,-0.3816491550256289,1.999897560340626,-0.283879696201618,-1.08992749955687,-6.32238329107873,-36.9043605062103,0.101037967075657,-9.50633537912844,10.01836086877187,0.1559677070351409,0.6405751796575548,90.48950624511914,Defended,Played,Defend,0.512443542480469,0.4794158935546875,9.908979,-0.332054,-0.26360257504436,0.0,-10.6,-34.4707993525523,0.293476623683211,0.293476623683211,-8.70123,-0.256771,1.251395,-8.840517,-0.255501,1.265875,-14.44500649657601,-10.05999922744221,-0.2443236521864232,1.384805313833838,-0.3444149249985122,0.3309257095441918,-0.0246771632690567,-1.0,BRABOURNE-STADIUM-MUMBAI,2022-03-31,2022,L,L,R,Chennai-Super-Kings,Lucknow-Super-Giants,Seam,1.0
462,1,13,Chennai Super Kings,Shivam Dube,Dushmantha Chameera,,9,2,4,4,4,0,0,0,0,0,0,0,0,0,1,0,0,,,0,8.2,2,1,0,192362,-59.24,-139.84,4,0,,38,STRAIGHT BALL,54,LEG GLANCE,0,0,2,8,91,2,0,0,1,0,0,0,0,0,89.789714,-11.44872405961582,8.340594394219046,-0.3633566186571131,1.993085085375364,-0.284083054787112,0.0,-7.43865839382374,-36.9307971223246,0.146800386502434,-9.62153307654884,10.0188270650177,0.1566399502296207,0.6329042344128015,89.27164013895816,Attacked,Edged,Pull-Hook,0.512443542480469,0.4793586730957031,9.921579,-0.330706,-0.263791408016605,0.0,-10.6,-34.469085957435,0.265964206042601,0.265964206042601,-999.9,-999.9,-999.9,-8.840441,-0.261221,1.266278,-14.60258747088283,-10.05966700745558,-0.2510912212487977,1.385042283522439,0.0139449247862533,0.2143364394005448,-0.0246771632690567,-1.0,BRABOURNE-STADIUM-MUMBAI,2022-03-31,2022,L,L,R,Chennai-Super-Kings,Lucknow-Super-Giants,Seam,1.0
462,1,13,Chennai Super Kings,Shivam Dube,Dushmantha Chameera,,9,3,4,4,4,0,0,0,0,0,0,0,0,0,1,0,0,,,0,8.3,2,1,0,192363,180.18,110.63,4,0,,30,ANGLED ACROSS,15,LOFTED COVER DRIVE,0,0,3,8,95,2,0,0,1,0,0,0,0,0,87.18479114302735,-7.122886337901845,8.340981369146231,-0.2726671121330628,2.027559872476803,-0.275349499429325,0.877857927434232,-6.91369957459109,-35.7954349258122,1.91502001776436,-7.17676482494891,8.176844118090907,0.1779059913975628,0.6740547545955091,93.3176140495701,Attacked,Played,Off-Drive,0.492164611816406,0.4717254638671875,6.050934,0.310837,-0.255681678041516,0.0,-10.6,-33.6665251672165,1.69582822002455,1.69582822002455,-8.708101,0.55186,0.61813,-8.84104,0.558808,0.631688,-11.33713752639586,-10.059921611045,0.6228520155319923,0.7482854829931799,0.6873299181023755,-0.1787191939927293,0.0712302376431274,-1.0,BRABOURNE-STADIUM-MUMBAI,2022-03-31,2022,L,L,R,Chennai-Super-Kings,Lucknow-Super-Giants,Seam,1.0
462,1,13,Chennai Super Kings,Shivam Dube,Dushmantha Chameera,,9,4,0,0,0,0,0,0,1,0,0,0,0,0,0,0,0,,,0,8.4,2,1,0,192364,54.49,96.36,0,0,,38,STRAIGHT BALL,84,FRONTFOOT OFF DRIVE,0,0,4,8,95,2,0,0,1,0,0,0,0,0,90.08698310281876,-6.475228559436593,8.340558085922304,1.052452173938794,2.056907006940771,-0.279503956336573,1.38136035334507,-7.85374736982209,-36.3355143237544,-1.17746516923559,-7.22903466422707,7.618024547680073,0.1860542608697419,0.6318269010429567,86.16860906946931,Attacked,Played,Off-Drive,0.477424621582031,0.4632568359375,5.336881,0.568,-0.259539388026817,0.0,-10.6,-34.1498566845324,-0.823824635636181,-0.823824635636181,-8.780003,0.468592,0.515173,-8.84059,0.467084,0.521176,-11.25220165855385,-10.05982087067984,0.4365748017947833,0.6349696442178023,0.507856261985564,0.4741160286855872,0.0548046838287333,-1.0,BRABOURNE-STADIUM-MUMBAI,2022-03-31,2022,L,L,R,Chennai-Super-Kings,Lucknow-Super-Giants,Seam,1.0
462,1,13,Chennai Super Kings,Shivam Dube,Dushmantha Chameera,,9,5,4,4,4,0,0,0,0,0,0,0,0,0,1,0,0,,,0,8.5,2,1,0,192365,168.67,110.17,4,0,,39,ANGLED IN,52,BACKFOOT COVERDRIVE,0,0,5,8,99,2,0,0,1,0,0,0,0,0,79.04094473232928,-8.073763892449776,8.3405490175297,0.9963910796839331,2.008792213097212,-0.248984465889727,-1.48440165954221,-7.77834346309322,-32.3679805656645,-1.94075976051915,-7.43110406891726,7.834474642991091,0.1883104961552455,0.5597514443912107,75.13166704315707,Attacked,Played,Off-Drive,0.55224609375,0.536590576171875,7.7367,0.456282,-0.231199861183318,0.0,-10.6,-30.2303214173309,-0.89156622853966,-0.89156622853966,-8.806231,0.260182,0.704232,-8.841079,0.2591,0.706442,-12.93001331709181,-10.05984776325259,0.2210833417507606,0.7742080207132441,-1.02667434166008,1.74200057998131,-0.0985430118644059,-1.0,BRABOURNE-STADIUM-MUMBAI,2022-03-31,2022,L,L,R,Chennai-Super-Kings,Lucknow-Super-Giants,Seam,1.0
462,1,13,Chennai Super Kings,Shivam Dube,Dushmantha Chameera,,9,6,0,0,0,0,0,0,1,0,0,0,0,0,0,0,0,,,0,8.6,2,1,0,192366,48.04,-36.24,0,0,,39,ANGLED IN,36,CUT SHOT,0,0,6,8,99,2,0,0,1,0,0,0,0,0,87.57311785959017,-9.802444994222514,8.34038583453146,1.064349773985582,1.995652131359857,-0.282945186508118,0.49575721661569,-8.27514693876368,-36.7828742460553,-1.78002499455281,-8.88475925897482,8.4388717358295,0.1874726715516393,0.5708765099449922,76.8842093365849,Attacked,Edged,Cut,0.498252868652344,0.4858818054199219,8.890845,0.604778,-0.262734816043252,0.0,-10.6,-34.1876838585005,-1.21844165176017,-1.21844165176017,-9.004246,0.316777,0.939154,-8.840883,0.322968,0.925976,-13.57946342203544,-10.06007578257882,0.2765622089713099,1.018090204582309,-0.0094293472880279,0.7293945578705135,-0.00094661774277921,-1.0,BRABOURNE-STADIUM-MUMBAI,2022-03-31,2022,L,L,R,Chennai-Super-Kings,Lucknow-Super-Giants,Seam,1.0
462,1,13,Chennai Super Kings,Moeen Ali,Ravi Bishnoi,,10,1,4,4,4,0,0,0,0,0,0,0,0,0,1,0,0,,,0,9.1,2,1,0,192367,60.47,-143.06,4,0,,28,GOOGLY,97,BACKFOOT PUSH,0,0,1,9,103,2,1,1,2,0,0,1,0,0,57.92127131284949,-1.804355595419944,8.341007746563928,-0.7738911341408653,1.814676634527151,-0.181120444549795,0.427850738278591,-10.3702257727488,-23.5456577914734,1.76734107828128,-6.1226117757099,8.826564162794455,0.3036526231159451,0.5251539034655947,58.40782320824469,Attacked,Edged,Off-Drive,0.7445068359375,0.7412338256835938,5.770848,0.074796,-0.168183269939096,0.0,-10.6,-20.7061582613148,1.70708013223875,1.70708013223875,-8.946816,0.46624,0.497815,-8.840977,0.457176,0.493499,-14.57590458321016,-10.06011203051248,0.5620837930455428,0.5251630129367878,0.8626677909728895,0.4204023115379886,0.0916403218534222,-1.0,BRABOURNE-STADIUM-MUMBAI,2022-03-31,2022,L,L,R,Chennai-Super-Kings,Lucknow-Super-Giants,Spin,1.0
462,1,13,Chennai Super Kings,Moeen Ali,Ravi Bishnoi,,10,2,0,0,0,0,0,0,1,0,0,0,0,0,0,0,0,,,0,9.2,2,1,0,192368,60.47,-143.06,0,0,,24,LEG SPIN,97,BACKFOOT PUSH,0,0,2,9,103,2,0,0,2,0,0,0,0,0,60.0166213647757,-1.534201943806474,8.340907357144104,-0.713344073758111,1.822863018380033,-0.187197780473918,0.138362471612777,-11.0035050342459,-24.3357114616094,1.7562843917825,-6.31300304149075,10.62313161712998,0.3086174588313704,0.6296690824953018,73.58861649115825,Attacked,Missed,Nudge,0.713882446289063,0.7699012756347656,5.416069,0.161965,-0.173826510440067,0.0,-10.6,-21.1934492170152,1.13677901483222,1.13677901483222,-999.9,-999.9,-999.9,-8.840647,0.391035,0.621053,-14.54271557008149,-10.06004562286266,0.4591260464201213,0.7121980666304932,0.5237412059716805,-1.057521911295025,0.0574081216997502,-1.0,BRABOURNE-STADIUM-MUMBAI,2022-03-31,2022,L,L,R,Chennai-Super-Kings,Lucknow-Super-Giants,Spin,1.0
462,1,13,Chennai Super Kings,Moeen Ali,Ravi Bishnoi,,10,3,1,1,1,1,0,0,0,0,0,0,0,0,0,0,0,,,0,9.3,2,1,0,192369,46.66,-51.44,1,0,,28,GOOGLY,49,FORWARD DEFENCE,0,0,3,9,104,2,0,0,2,0,0,0,0,0,57.12738704606848,-1.057212504576325,8.340964265102361,-0.8154272632525528,1.803370458643566,-0.177908055561476,0.920405787494624,-9.98432547940737,-23.1280472229918,1.73130679187831,-5.9580703937089,11.55985103409244,0.2476099517913036,0.7074278037346704,91.3531753810702,Attacked,Edged,Nudge,0.72161865234375,0.6750411987304688,5.047488,-0.002905,-0.165200337307084,0.0,-10.6,-20.6067130125636,1.66448795049045,1.66448795049045,-7.570761,0.205884,0.482059,-8.841017,0.311184,0.643378,-14.4460013840205,-10.0600563021033,0.4132842026333154,0.7592858701823402,1.530100246466917,0.3369552947915549,0.170788865636418,-1.0,BRABOURNE-STADIUM-MUMBAI,2022-03-31,2022,L,L,R,Chennai-Super-Kings,Lucknow-Super-Giants,Spin,1.0
462,1,13,Chennai Super Kings,Shivam Dube,Ravi Bishnoi,,10,4,1,1,1,1,0,0,0,0,0,0,0,0,0,0,0,,,0,9.4,2,1,0,192370,156.24,21.31,1,0,,21,SLIDER,52,BACKFOOT COVERDRIVE,0,0,4,9,105,2,0,0,2,0,0,0,0,0,59.68930231797547,-3.323937585221316,8.341021847935941,-0.8241875982264206,1.771876444034781,-0.187613321108262,0.627849951030189,-10.120762030808,-24.3897317440741,2.50082524507009,-6.1112104394698,10.57071469073717,0.2459546620251566,0.6679925222306025,85.60341213207472,Attacked,Played,Cut,0.726974487304688,0.7260017395019531,6.90936,0.240928,-0.174212369600529,0.0,-10.6,-21.8751031184133,2.43744881559055,2.43744881559055,-9.014197,0.910026,0.765472,-8.840572,0.889747,0.75535,-14.06670133150436,-10.05990323672474,1.032789088082632,0.8110791691682397,1.079607827866023,0.5035767787739527,0.105074590474474,-1.0,BRABOURNE-STADIUM-MUMBAI,2022-03-31,2022,L,L,R,Chennai-Super-Kings,Lucknow-Super-Giants,Spin,1.0
462,1,13,Chennai Super Kings,Moeen Ali,Ravi Bishnoi,,10,5,0,0,0,0,0,0,1,0,0,0,0,0,0,0,0,,,0,9.5,2,1,0,192371,156.24,21.31,0,0,,28,GOOGLY,49,FORWARD DEFENCE,0,0,5,9,105,2,0,0,2,0,0,0,0,0,59.95263670027398,-1.389341897580642,8.340693815016778,-0.7620367532830988,1.792113309331876,-0.187084606269741,0.533776779650242,-10.9082911080984,-24.3209988150663,1.62334646564424,-6.21947683123658,9.320776229943124,0.2218450071100833,0.5841432596672604,75.43698823908073,Defended,Missed,Defend,0.719696044921875,0.7583656311035156,5.368188,-0.00265,-0.173721420107616,0.0,-10.6,-22.1354754155888,1.54570871014427,1.54570871014427,-999.9,-999.9,-999.9,-8.84091,0.291901,0.538228,-14.34452490649015,-10.06019785643097,0.380347592563693,0.6131787748574533,0.9288830090370974,0.1758100987956349,0.101471655967032,-1.0,BRABOURNE-STADIUM-MUMBAI,2022-03-31,2022,L,L,R,Chennai-Super-Kings,Lucknow-Super-Giants,Spin,1.0
462,1,13,Chennai Super Kings,Moeen Ali,Ravi Bishnoi,,10,6,1,1,1,1,0,0,0,0,0,0,0,0,0,0,0,,,0,9.6,2,1,0,192372,-76.28,143.32,1,0,,24,LEG SPIN,47,FRONTFOOT ON DRIVE,0,0,6,9,106,2,0,0,2,0,0,0,0,0,60.9921840892397,0.0310512235215398,8.340552850788825,-0.7313537419714837,1.8834061786261,-0.188061781610087,0.902992472426888,-10.4425090264488,-24.4480316093113,1.5881456815346,-6.20408904712663,11.80422828514543,0.2495728900047622,0.7334784661614883,95.06448092374704,Attacked,Played,,0.700836181640625,0.6370010375976562,2.994187,0.054317,-0.174628797209366,0.0,-10.6,-21.7743019324888,1.33991857896655,1.33991857896655,-7.965386,0.109874,0.220004,-8.841001,0.164341,0.378358,-14.23916773341664,-10.06016439692209,0.2408280242810031,0.5711638924473393,1.516974840261032,-0.1953628422829453,0.188524321078661,-1.0,BRABOURNE-STADIUM-MUMBAI,2022-03-31,2022,L,L,R,Chennai-Super-Kings,Lucknow-Super-Giants,Spin,1.0
462,1,13,Chennai Super Kings,Moeen Ali,Avesh Khan,,11,1,0 WK,W,0,0,0,0,1,0,0,0,0,0,0,0,1,Bowled,WICKET,1,10.1,2,1,0,192373,-76.28,143.32,0,0,,30,ANGLED ACROSS,46,FRONTFOOT PULL SHOT,0,0,1,10,106,3,1,0,2,0,0,0,0,0,82.8188643233309,-8.843196656957039,8.340486535318796,-0.4475508533837125,2.060711013147417,-0.260121874335774,1.68877154498244,-6.7321838876965,-33.8158436636506,1.22313957474005,-7.72067096844067,7.327689566719001,0.140076383273875,0.5356017040735607,76.33261728364661,Attacked,Missed,Slog,0.522789001464844,0.5512161254882812,7.791793,-0.155477,-0.241541740454647,0.0,-10.6,-32.1570090873692,1.1405439958561,1.1405439958561,-999.9,-999.9,-999.9,-8.840827,0.083592,0.672401,-12.86104865643103,-10.06005449056289,0.1293014257169658,0.7405698803037675,0.9534115045781528,-0.0402062299736426,0.085511918466577,-1.0,BRABOURNE-STADIUM-MUMBAI,2022-03-31,2022,L,L,R,Chennai-Super-Kings,Lucknow-Super-Giants,Seam,1.0
462,1,13,Chennai Super Kings,Ambati Rayudu,Avesh Khan,,11,2,0,0,0,0,0,0,1,0,0,0,0,0,0,0,0,,,0,10.2,2,1,0,192374,-76.28,143.32,0,0,,43,NIPBACKER,105,LEFT ALONE,0,0,2,10,106,3,2,0,2,0,0,0,0,0,84.65582159023914,-6.954900195784645,8.340764835728905,-0.5618917355021982,2.054505658454949,-0.263257224655409,1.59262895973763,-6.29148271915187,-34.2234392052032,0.56876915118203,-6.80883252932303,7.44691949138955,0.1713094596535494,0.6204829121658495,85.94149085952249,,,,0.502372741699219,0.5343475341796875,5.707627,-0.460339,-0.244453137180023,0.0,-10.6,-32.3216294370529,1.02901885764213,1.02901885764213,-999.9,-999.9,-999.9,-8.840851,-0.314958,0.530021,-11.25220181606071,-10.05994003331613,-0.2745894362805573,0.6288522500876018,0.9442472245444488,0.8713738558784543,0.0997453682394541,-1.0,BRABOURNE-STADIUM-MUMBAI,2022-03-31,2022,R,L,R,Chennai-Super-Kings,Lucknow-Super-Giants,Seam,1.0
462,1,13,Chennai Super Kings,Ambati Rayudu,Avesh Khan,,11,3,0,0,0,0,0,0,1,0,0,0,0,0,0,0,0,,,0,10.3,2,1,0,192375,56.79,39.27,0,0,,39,ANGLED IN,49,FORWARD DEFENCE,0,0,3,10,106,3,0,0,2,0,0,0,0,0,83.58902810636913,-3.764968704304968,8.340403753326662,-0.5512695366254521,2.079388027341762,-0.255310483074394,2.15945078920843,-7.07804994437408,-33.1903627996713,1.35341682577273,-5.91514994768468,7.353449196490549,0.198310164931428,0.681038528099196,92.3247627217366,Defended,Played,Defend,0.501926422119141,0.492645263671875,1.213960999999999,-0.148435,-0.237074019997652,0.0,-10.6,-31.2158564120364,1.37283878331567,1.37283878331567,-9.042966,-0.139768,0.064929,-8.840973,-0.148642,0.04061,-10.10509623881706,-10.05989672309433,-0.0948033079066552,0.1889949595331162,1.872788129369432,0.1831027818204819,0.264068957738909,-1.0,BRABOURNE-STADIUM-MUMBAI,2022-03-31,2022,R,L,R,Chennai-Super-Kings,Lucknow-Super-Giants,Seam,1.0
462,1,13,Chennai Super Kings,Ambati Rayudu,Avesh Khan,,11,4,4,4,4,0,0,0,0,0,0,0,0,0,1,0,0,,,0,10.4,2,1,0,192376,-28.85,-147.67,4,0,,36,BOUNCER,31,UPPER CUT,1,0,4,10,110,3,0,0,2,0,0,0,0,0,82.43456396044309,-13.23089935901533,8.340443271651555,-0.5349064535893671,1.993455887409815,-0.26094705758289,-3.23779793754665,-6.2613090209394,-33.9231174857757,-0.241352003033137,-9.77232284349396,10.9852598917456,0.1475431027411818,0.6272066425805591,89.32668611296569,Attacked,Played,Cut,0.547313690185547,0.5475883483886719,10.940997,-0.5125,-0.242307982041255,0.0,-10.6,-31.5757064509688,0.364162067282604,0.364162067282604,-9.243202,-0.390953,1.502447,-8.840926,-0.395974,1.465705,-16.07024495445668,-10.06028278654629,-0.380700479701056,1.571197406511779,-1.127896045571356,1.068395974635525,-0.0713039515207668,-1.0,BRABOURNE-STADIUM-MUMBAI,2022-03-31,2022,R,L,R,Chennai-Super-Kings,Lucknow-Super-Giants,Seam,1.0
462,1,13,Chennai Super Kings,Ambati Rayudu,Avesh Khan,,11,5,1,1,1,1,0,0,0,0,0,0,0,0,0,0,0,,,0,10.5,2,1,0,192377,-64.77,-95.64,1,0,,39,ANGLED IN,44,GLIDE,0,0,5,10,111,3,0,0,2,0,0,0,0,0,83.66123414995661,-8.41144463194484,8.340575057926642,-0.4916734790235675,2.046370819781588,-0.26290312498074,0.0798752653033794,-5.5436234920912,-34.1774062474962,0.60689385575595,-7.24060143273497,8.014500775505985,0.2026057481049778,0.6185040762369293,82.51503662504162,Attacked,Edged,Nudge,0.51727294921875,0.510589599609375,7.154274,-0.304119,-0.244124330339258,0.0,-10.6,-31.806644628569,0.340670411849904,0.340670411849904,-8.962566,-0.23769,0.709083,-8.84103,-0.239054,0.699339,-11.96145059880298,-10.06000538689629,-0.2253077252685378,0.7897264627008203,0.1198694474081837,-0.4036511092878124,0.0113807415907088,-1.0,BRABOURNE-STADIUM-MUMBAI,2022-03-31,2022,R,L,R,Chennai-Super-Kings,Lucknow-Super-Giants,Seam,1.0
462,1,13,Chennai Super Kings,Shivam Dube,Avesh Khan,,11,6,1,1,1,1,0,0,0,0,0,0,0,0,0,0,0,,,0,10.6,2,1,0,192378,54.49,-107.61,1,0,,30,ANGLED ACROSS,44,GLIDE,0,0,6,10,112,3,0,0,2,0,0,0,0,0,80.96003920234986,-14.27630101558206,8.340714220113895,-0.4790409754771914,2.013310709778407,-0.25628813886749,0.67894643649037,-9.8931407632392,-33.3174580527737,0.985821895065414,-10.8945366688592,10.17388982267548,0.1263115100928937,0.5143356774678922,74.51920061089446,Attacked,Played,,0.558757781982422,0.55499267578125,11.585987,-0.296001,-0.237981843234098,0.0,-10.6,-31.2242956363797,1.22085667671502,1.22085667671502,-9.121514,0.138177,1.360445,-8.841118,0.12626,1.34204,-18.10732199231805,-10.05983729641983,0.1782619228018591,1.414938620259723,0.30539383595524,0.5442841033687117,0.0177325445900524,-1.0,BRABOURNE-STADIUM-MUMBAI,2022-03-31,2022,L,R,R,Chennai-Super-Kings,Lucknow-Super-Giants,Seam,1.0
462,1,13,Chennai Super Kings,Shivam Dube,Ravi Bishnoi,,12,1,1,1,1,1,0,0,0,0,0,0,0,0,0,0,0,,,0,11.1,2,1,0,192379,87.64,66.89,1,0,,28,GOOGLY,27,FORWARD PUSH,0,0,1,11,113,3,1,0,2,0,0,0,0,0,58.3363894931186,-0.3607933873122321,8.340959458026934,-0.8164315504230231,1.86718641471047,-0.183916647305954,0.795328434584207,-10.2831911992965,-23.909164149774,1.59960339227045,-6.11980094532278,8.820870639826351,0.2795078643660558,0.5393400942866488,62.95022770639173,Attacked,Played,Off-Drive,0.740776062011719,0.64105224609375,3.797839,-0.023756,-0.170779743926957,0.0,-10.6,-21.269678313323,1.59665832847642,1.59665832847642,-7.578376,0.075575,0.232348,-8.840611,0.171833,0.372317,-14.35721104263329,-10.06018545327195,0.2657892641386653,0.4717824805856285,1.374721597906953,0.4654143539557806,0.167039705209243,-1.0,BRABOURNE-STADIUM-MUMBAI,2022-03-31,2022,L,R,R,Chennai-Super-Kings,Lucknow-Super-Giants,Spin,1.0
462,1,13,Chennai Super Kings,Ambati Rayudu,Ravi Bishnoi,,12,2,0,0,0,0,0,0,1,0,0,0,0,0,0,0,0,,,0,11.2,2,1,0,192380,-73.97,49.86,0,0,,24,LEG SPIN,52,BACKFOOT COVERDRIVE,0,0,2,11,113,3,0,0,2,0,0,0,0,0,61.62519346940733,-3.684874091210176,8.340546739945296,-0.7874187223903805,1.826715734187622,-0.194291010950499,0.108610997877915,-10.7047805292746,-25.2578314235649,0.803776197083007,-6.41733027610637,8.916576583761264,0.2658338974148925,0.5527385136370555,66.32738730406908,Attacked,Played,Off-Drive,0.71282958984375,0.6819992065429688,6.959014,-0.448693,-0.180413081596892,0.0,-10.6,-22.608546371298,0.772279916306421,0.772279916306421,-8.581001,-0.257286,0.603048,-8.841005,-0.247989,0.613356,-14.2556646096357,-10.05978475140192,-0.2041342181446866,0.6412573877374402,0.2455881395936547,0.1336921943763275,0.0236942694082926,-1.0,BRABOURNE-STADIUM-MUMBAI,2022-03-31,2022,R,L,R,Chennai-Super-Kings,Lucknow-Super-Giants,Spin,1.0
462,1,13,Chennai Super Kings,Ambati Rayudu,Ravi Bishnoi,,12,3,0,0,0,0,0,0,1,0,0,0,0,0,0,0,0,,,0,11.3,2,1,0,192381,-73.97,49.86,0,0,,24,LEG SPIN,36,CUT SHOT,0,0,3,11,113,3,0,0,2,0,0,0,0,0,60.1857717208194,-1.032433224773918,8.340974094999588,-0.7756506723091827,1.842157954632082,-0.194251308366656,0.0699015271402638,-10.6666731496436,-25.2526700876653,0.670565860503545,-6.21570548070649,9.755824139226393,0.2121225564791436,0.6389735995696036,84.63378428752618,Attacked,Missed,Off-Drive,0.696510314941406,0.7180824279785156,4.153116,-0.42666,-0.180376214911895,0.0,-10.6,-23.0996990025603,0.203936469614678,0.203936469614678,-999.9,-999.9,-999.9,-8.840834,-0.400456,0.465915,-13.8279313449024,-10.06022258737627,-0.389384335607132,0.5919747413173464,0.2266656927194422,-1.015264755011521,0.0270332159495304,-1.0,BRABOURNE-STADIUM-MUMBAI,2022-03-31,2022,R,L,R,Chennai-Super-Kings,Lucknow-Super-Giants,Spin,1.0
462,1,13,Chennai Super Kings,Ambati Rayudu,Ravi Bishnoi,,12,4,4,4,4,0,0,0,0,0,0,0,0,0,1,0,0,,,0,11.4,2,1,0,192382,-175.73,66.89,4,0,,24,LEG SPIN,51,FRONTFOOT COVERDRIVE,0,0,4,11,117,3,0,0,2,0,0,0,0,0,63.24179995316219,-1.074564483034876,8.340914536401591,-0.7944244639845434,1.854037317069348,-0.195962347742959,0.0356002281122523,-10.6945104974721,-25.4751052065846,0.572594400560755,-6.2470493897095,10.09033696306333,0.1676630927431302,0.6758218764798155,94.60697219765932,Attacked,Played,Off-Drive,0.675395965576172,0.6265182495117188,4.045185,-0.493446,-0.18196503718989,0.0,-10.6,-23.7247447371087,0.270275123895353,0.270275123895353,-8.17924,-0.468582,0.38618,-8.840758,-0.460899,0.474192,-13.77828491673383,-10.05994911270363,-0.4466333457903771,0.6148865151936906,0.1665375640452182,-0.6349068551475909,0.0200444699019681,-1.0,BRABOURNE-STADIUM-MUMBAI,2022-03-31,2022,R,L,R,Chennai-Super-Kings,Lucknow-Super-Giants,Spin,1.0
462,1,13,Chennai Super Kings,Ambati Rayudu,Ravi Bishnoi,,12,5,1,1,1,1,0,0,0,0,0,0,0,0,0,0,0,,,0,11.5,2,1,0,192383,109.28,-51.44,1,0,,24,LEG SPIN,55,SWEEP SHOT,0,0,5,11,118,3,0,0,2,0,0,0,0,0,58.47304622724258,-0.2471924090729411,8.340714010933095,-0.8347562782414708,1.836866449416298,-0.184365384364187,0.970329106890849,-10.2394994229394,-23.9674999673444,1.89837427392096,-6.05803740300952,9.583414866769305,0.3142879132635988,0.5846516391904067,66.26895455220114,Attacked,Played,Sweep,0.738842010498047,0.6502532958984375,3.718573,0.103619,-0.171196428338174,0.0,-10.6,-20.9775510261386,1.41823704829471,1.41823704829471,-7.798154,0.202695,0.267004,-8.840942,0.274352,0.395014,-14.18500796905994,-10.05995592176252,0.3589124798703408,0.5112662195082484,1.663146793169669,-0.6609941967640447,0.203353358358891,-1.0,BRABOURNE-STADIUM-MUMBAI,2022-03-31,2022,R,L,R,Chennai-Super-Kings,Lucknow-Super-Giants,Spin,1.0
462,1,13,Chennai Super Kings,Shivam Dube,Ravi Bishnoi,,12,6,0,0,0,0,0,0,1,0,0,0,0,0,0,0,0,,,0,11.6,2,1,0,192384,109.28,-51.44,0,0,,28,GOOGLY,49,FORWARD DEFENCE,0,0,6,11,118,3,0,0,2,0,0,0,0,0,58.73195715926863,-1.885357782001651,8.340599678561759,-0.7157302806607129,1.796245480979216,-0.184072529137949,0.659484604784678,-10.6816057566558,-23.9294287879334,1.35122481180998,-6.18042411904952,9.955987318860178,0.2185356566015647,0.6175614525206371,80.7806522179391,Defended,Missed,Defend,0.742057800292969,0.7768135070800781,5.926115,-0.124818,-0.170924491342381,0.0,-10.6,-21.7437597116719,1.30357061885198,1.30357061885198,-999.9,-999.9,-999.9,-8.840676,0.162714,0.627143,-14.48171460633476,-10.06003845691798,0.2390053163353623,0.6955317327991112,0.998176179306008,0.1989675422325898,0.1183034096243,-1.0,BRABOURNE-STADIUM-MUMBAI,2022-03-31,2022,L,R,R,Chennai-Super-Kings,Lucknow-Super-Giants,Spin,1.0
462,1,13,Chennai Super Kings,Ambati Rayudu,Deepak Hooda,,13,1,1,1,1,1,0,0,0,0,0,0,0,0,0,0,0,,,0,12.1,2,1,0,192385,114.34,126.75,1,0,,25,OFF SPIN,47,FRONTFOOT ON DRIVE,0,0,1,12,119,3,1,0,2,0,0,0,0,0,58.10695304602157,-3.689894599894662,8.340648590956746,-0.8494757855018751,2.101025220112398,-0.180824694625774,-0.442309698193549,-8.27410484542701,-23.5072103013506,1.20477051204719,-6.07226992767377,9.50673771355866,0.1970060704050434,0.5954055652407748,79.6102277456119,Attacked,Played,,0.743190765380859,0.6762542724609375,5.269346,-0.145713,-0.167908645009647,0.0,-10.6,-21.5895601860094,1.31417543357678,1.31417543357678,-7.86422,0.04365,0.452112,-8.840984,0.104801,0.537799,-14.4837600418745,-10.0601412254587,0.1818032855341916,0.6130505606527382,-0.2509568410021857,0.5494412505075421,-0.0268981387913436,-1.0,BRABOURNE-STADIUM-MUMBAI,2022-03-31,2022,R,L,R,Chennai-Super-Kings,Lucknow-Super-Giants,Spin,1.0
462,1,13,Chennai Super Kings,Shivam Dube,Deepak Hooda,,13,2,4,4,4,0,0,0,0,0,0,0,0,0,1,0,0,,,0,12.2,2,1,0,192386,182.49,80.24,4,0,,25,OFF SPIN,52,BACKFOOT COVERDRIVE,0,0,2,12,123,3,0,0,2,0,0,0,0,0,59.14526563208456,-6.739288845600831,8.34069113663881,0.8320572668269328,2.069343260483334,-0.186857620159861,0.0449246018436508,-8.55076246662213,-24.2914906207819,-0.359831840430914,-6.65796711710685,10.19477226538492,0.1867685853133915,0.6023745713915226,81.67932717738923,Attacked,Played,Cut,0.742046356201172,0.7294235229492188,7.897086,0.678549,-0.173510647291299,0.0,-10.6,-22.3015975803277,0.0172442867324174,0.0172442867324174,-8.969948,0.683957,0.776572,-8.840809,0.683852,0.772179,-15.32757455222568,-10.05996155473922,0.6848508829998802,0.7979100279497803,-0.0226760497667762,0.8929678699607457,-0.0020739980318053,-1.0,BRABOURNE-STADIUM-MUMBAI,2022-03-31,2022,L,R,R,Chennai-Super-Kings,Lucknow-Super-Giants,Spin,1.0
462,1,13,Chennai Super Kings,Shivam Dube,Deepak Hooda,,13,3,6,6,6,0,0,0,0,0,0,0,0,0,0,1,0,,,0,12.3,2,1,0,192387,29.62,209.17,6,0,,25,OFF SPIN,13,LOFTED STRAIGHT,0,0,3,12,129,3,0,0,2,0,0,0,0,0,57.79792221563818,-2.749263384783209,8.340725596746303,0.895493505421044,2.10433789451075,-0.179507506029044,-0.527441021981163,-8.74666980825036,-23.3359757837757,-0.847266858462227,-6.13308389731834,10.40747924753597,0.2333703880233569,0.6294562408883984,81.08139733092408,Attacked,Played,,0.741851806640625,0.6618690490722656,4.665148,0.503983,-0.166685541312683,0.0,-10.6,-21.0188001145626,-0.120113612202744,-0.120113612202744,-7.527531,0.491691,0.381419,-8.840988,0.484016,0.537158,-14.72527783851916,-10.06017501445049,0.4768169466745643,0.6438831548414173,-0.8534225532903842,1.751925389348565,-0.0975209738005031,86.0,BRABOURNE-STADIUM-MUMBAI,2022-03-31,2022,L,R,R,Chennai-Super-Kings,Lucknow-Super-Giants,Spin,1.0
462,1,13,Chennai Super Kings,Shivam Dube,Deepak Hooda,,13,4,0,0,0,0,0,0,1,0,0,0,0,0,0,0,0,,,0,12.4,2,1,0,192388,71.98,-20.13,0,0,,25,OFF SPIN,27,FORWARD PUSH,0,0,4,12,129,3,0,0,2,0,0,0,0,0,60.32621526088463,-4.506660737144125,8.340580737004611,0.8194264098345659,2.091384795504442,-0.18841481772804,-0.446986346132186,-8.21280876082431,-24.4939263046453,-0.704948044337504,-6.17013124034907,10.432280626964,0.2067397709446857,0.6676635974641681,89.47556252515666,Attacked,Played,Off-Drive,0.71612548828125,0.66375732421875,5.737984,0.526054,-0.174956616461752,0.0,-10.6,-22.3747769255775,-0.299228373808948,-0.299228373808948,-8.079317,0.475053,0.595079,-8.840723,0.46453,0.669863,-14.13890051517608,-10.05983706541627,0.4475447596983666,0.7629126621859108,-0.6160406656661469,0.8823498831066904,0.873076668113165,-1.0,BRABOURNE-STADIUM-MUMBAI,2022-03-31,2022,L,R,R,Chennai-Super-Kings,Lucknow-Super-Giants,Spin,1.0
462,1,13,Chennai Super Kings,Shivam Dube,Deepak Hooda,,13,5,0,0,0,0,0,0,1,0,0,0,0,0,0,0,0,,,0,12.5,2,1,0,192389,67.84,38.81,0,0,,25,OFF SPIN,51,FRONTFOOT COVERDRIVE,0,0,5,12,129,3,0,0,2,0,0,0,0,0,59.30425657734504,-5.37690020929987,8.340752701455706,0.8625178237786234,2.055852070875891,-0.186038225325045,-0.250018912595191,-7.68996125621224,-24.1849692922558,-0.503883965883623,-6.09245507586059,8.364797956990666,0.1981187131743609,0.5389510916725576,71.03079243344756,Attacked,Edged,Off-Drive,0.731460571289063,0.6948623657226562,6.541937,0.653598,-0.17274978065897,0.0,-10.6,-22.330986460591,-0.27329001100004,-0.27329001100004,-8.45936,0.59194,0.514657,-8.84073,0.587079,0.528844,-14.13923803335721,-10.05987072028329,0.5714415441104455,0.5517456608098947,-0.3543841561746822,0.4924020380750961,-0.0351262697203702,-1.0,BRABOURNE-STADIUM-MUMBAI,2022-03-31,2022,L,R,R,Chennai-Super-Kings,Lucknow-Super-Giants,Spin,1.0
462,1,13,Chennai Super Kings,Shivam Dube,Deepak Hooda,,13,6,1,1,1,1,0,0,0,0,0,0,0,0,0,0,0,,,0,12.6,2,1,0,192390,82.57,135.04,1,0,,15,FASTER ONE,97,BACKFOOT PUSH,0,0,6,12,130,3,0,0,2,0,0,0,0,0,68.41779178043312,-10.73853137447014,8.340598395727344,0.8581509419665492,2.035145032308662,-0.216922854985741,-0.394345434333466,-8.24104116047065,-28.1999711481463,-1.14183986929293,-8.08682995303405,9.46855151091169,0.1996978253401761,0.5306162757115109,69.62265882270903,Attacked,Played,Off-Drive,0.658355712890625,0.6146278381347656,9.954824,0.543426,-0.201428365343902,0.0,-10.6,-25.7287713490341,-1.07578692920449,-1.07578692920449,-8.186161,0.194377,0.869842,-8.840802,0.165076,0.889109,-16.00116088050826,-10.06010847199496,0.1100688911248131,0.904040934789962,-0.3593302847091124,-0.0756047785443725,-0.0257684884617678,-1.0,BRABOURNE-STADIUM-MUMBAI,2022-03-31,2022,L,R,R,Chennai-Super-Kings,Lucknow-Super-Giants,Spin,1.0
462,1,13,Chennai Super Kings,Shivam Dube,Krunal Pandya,,14,1,1,1,1,1,0,0,0,0,0,0,0,0,0,0,0,,,0,13.1,2,1,0,192391,-74.44,124.45,1,0,,10,ORTHODOX,47,FRONTFOOT ON DRIVE,0,0,1,13,131,3,1,0,2,0,0,0,0,0,65.82575060309175,-0.7669083853401937,8.34058067045397,0.6928518060988945,2.077865783476069,-0.197926997478825,0.888788461579463,-7.85063909589725,-25.7305096722473,-0.762381527047088,-5.67261508238069,8.577987852366165,0.137512343945311,0.6500000000000002,93.74876560546896,Attacked,Played,,0.638008117675781,0.5836715698242188,-0.1061580000000006,-0.020761,-0.183789354801766,0.133774559654516,-10.6,-24.4439841886349,-0.724262450694734,-0.724262450694734,-7.861673,0.050424,0.510967,-8.840988,0.019471,0.318667,-12.43269752330404,-10.06024905962537,-0.0176167157693442,0.0615754412689212,0.9520580065222274,0.0,0.107228484306293,-1.0,BRABOURNE-STADIUM-MUMBAI,2022-03-31,2022,L,R,L,Chennai-Super-Kings,Lucknow-Super-Giants,Spin,1.0
462,1,13,Chennai Super Kings,Ambati Rayudu,Krunal Pandya,,14,2,1,1,1,1,0,0,0,0,0,0,0,0,0,0,0,,,0,13.2,2,1,0,192392,135.98,31.9,1,0,,23,ARM BALL,37,STEP DOWN FLICK,0,0,2,13,132,3,0,0,2,0,0,0,0,0,60.79183026813636,-5.064528452228545,8.340823881556318,-0.7847422106198676,2.014456394575873,-0.1928133297559,1.10344282702107,-9.43190461057525,-25.0657328682671,1.82718847939192,-6.56370333121135,9.938285816514036,0.276994797576942,0.5927266335300229,71.20951527180922,Attacked,Edged,Nudge,0.721160888671875,0.6191940307617188,6.90278,-0.088194,-0.17904094905905,0.0,-10.6,-22.2038441302891,1.20443331326858,1.20443331326858,-7.082505,0.128173,0.568375,-8.840891,0.227402,0.696043,-14.67397279740458,-10.06018709573642,0.2970778830508634,0.7426914010939867,1.352865910331049,-1.064321527896784,0.13948733001198,-1.0,BRABOURNE-STADIUM-MUMBAI,2022-03-31,2022,R,L,L,Chennai-Super-Kings,Lucknow-Super-Giants,Spin,1.0
462,1,13,Chennai Super Kings,Shivam Dube,Krunal Pandya,,14,3,1 (WD),1,0,0,0,0,0,1,1,0,0,0,0,0,0,,,0,13.3,2,1,1,192393,135.98,31.9,1,0,,23,ARM BALL,105,LEFT ALONE,0,0,3,13,133,3,0,0,2,0,0,0,0,0,67.032777,-0.4144414081978428,8.340615285548992,0.7354707983225448,2.136097131740833,-0.201004311170878,1.24377898393395,-8.42909861353546,-26.1305604522141,1.46622385481345,-5.94920578533117,8.854135650915486,0.1333086732955867,0.6499999999999999,94.16913267044131,Attacked,Played,,0.721160888671875,0.6554946899414062,-0.6423240000000003,1.444994,-0.186646860372958,-0.255263047669641,-10.6,-24.8240324296034,1.39291266207278,1.39291266207278,-999.9,-999.9,-999.9,-8.840835,1.344395,0.439144,-12.82603562132341,-10.06028107698265,1.409430279876029,0.1827102199828384,2.02532294454358,0.0,0.292820946867243,-1.0,BRABOURNE-STADIUM-MUMBAI,2022-03-31,2022,L,R,L,Chennai-Super-Kings,Lucknow-Super-Giants,Spin,1.0
462,1,13,Chennai Super Kings,Shivam Dube,Krunal Pandya,,14,3,1,1,1,1,0,0,0,0,0,0,0,0,0,0,0,,,0,13.3,2,1,0,192394,-92.39,137.34,1,0,,10,ORTHODOX,47,FRONTFOOT ON DRIVE,0,0,4,13,134,3,0,0,2,0,0,0,0,0,59.88504596938335,-2.459861065502076,8.340968855114937,0.6910599421441602,2.071904626579637,-0.192346585215428,1.57951041520249,-9.28132117237329,-25.0050560780057,-0.440833308974234,-6.25873306499675,9.813903917919596,0.2395636760795746,0.6235698252481499,79.57910617926503,Attacked,Played,,0.722248077392578,0.614227294921875,4.0114,0.215202,-0.178607543414326,0.0,-10.6,-22.5619092155466,-0.757376043410152,-0.757376043410152,-7.583313,0.163368,0.28062,-8.841027,0.120412,0.443777,-14.05234994029552,-10.06006755274174,0.0783573808797782,0.5704790602978735,1.675950340860152,-0.9126215526743404,0.19909196756455,-1.0,BRABOURNE-STADIUM-MUMBAI,2022-03-31,2022,L,R,L,Chennai-Super-Kings,Lucknow-Super-Giants,Spin,1.0
462,1,13,Chennai Super Kings,Ambati Rayudu,Krunal Pandya,,14,4,0,0,0,0,0,0,1,0,0,0,0,0,0,0,0,,,0,13.4,2,1,0,192395,-34.84,29.6,0,0,,23,ARM BALL,47,FRONTFOOT ON DRIVE,0,0,5,13,134,3,0,0,2,0,0,0,0,0,61.36260687172083,-3.137711610044407,8.340565685660295,-0.7858620205505769,2.005788309336914,-0.191179152049167,1.18350231446128,-9.48932454175961,-24.8532897663918,1.58933081579976,-6.29133689886492,10.01097913919916,0.2259135549121303,0.6328469850592728,82.3356922676779,Defended,Played,Defend,0.694290161132813,0.6399192810058594,5.22739,-0.134291,-0.17752349833137,0.0,-10.6,-22.5546712836564,1.13662860812279,1.13662860812279,-7.842397,0.019211,0.479898,-8.840825,0.070955,0.584998,-14.20538995942262,-10.06011944945804,0.1347189834616001,0.6842954955909091,1.583787642060436,-0.7740527935176635,0.17414151587629,-1.0,BRABOURNE-STADIUM-MUMBAI,2022-03-31,2022,R,L,L,Chennai-Super-Kings,Lucknow-Super-Giants,Spin,1.0
462,1,13,Chennai Super Kings,Ambati Rayudu,Krunal Pandya,,14,5,1,1,1,1,0,0,0,0,0,0,0,0,0,0,0,,,0,13.5,2,1,0,192396,-27.01,-36.71,1,0,,10,ORTHODOX,77,STEP DOWN DEFENCE,0,0,6,13,135,3,0,0,2,0,0,0,0,0,51.48840480880426,-1.129851603975925,8.340702574864892,-0.7372799662560853,2.006277414554612,-0.161276327026348,0.64257809872079,-10.4840774979723,-20.9659225134252,1.40024180604427,-6.44180445728136,12.03292504060222,0.2608366275099584,0.605419689170141,74.7292906245253,Attacked,Edged,Nudge,0.850811004638672,0.7577362060546875,5.856232,-0.042298,-0.149756589381609,0.0,-10.6,-18.2963295057025,0.829182804787508,0.829182804787508,-7.569628,0.112382,0.58013,-8.840878,0.171946,0.690891,-17.07963733989657,-10.06005749141348,0.2296786691091038,0.7460455064639824,1.247575741823175,-1.226065907427606,0.13111445252784,-1.0,BRABOURNE-STADIUM-MUMBAI,2022-03-31,2022,R,L,L,Chennai-Super-Kings,Lucknow-Super-Giants,Spin,1.0
462,1,13,Chennai Super Kings,Shivam Dube,Krunal Pandya,,14,6,1,1,1,1,0,0,0,0,0,0,0,0,0,0,0,,,0,13.6,2,1,0,192397,-79.5,112.94,1,0,,10,ORTHODOX,47,FRONTFOOT ON DRIVE,0,0,7,13,136,3,0,0,2,0,0,0,0,0,66.18853942469744,-2.992922432691923,8.340647966037544,0.6634722265456171,2.004343502635609,-0.204754588752742,1.02755220029693,-8.01987719451811,-26.6180965378565,-0.839524601181797,-5.82747839310153,8.806484374010724,0.1774364872853648,0.6619076742406579,91.5425024075622,Attacked,Played,,0.646705627441406,0.5758552551269531,3.407573,0.06993,-0.190129260984689,0.0,-10.6,-24.8976982217733,-0.870399221021369,-0.870399221021369,-7.712998,0.032703,0.192627,-8.84083,-0.007221,0.337606,-12.34888505541689,-10.05992480201969,-0.0507700549481611,0.4703199883042492,0.8689526145529494,-0.1957009620023065,0.107025214230215,-1.0,BRABOURNE-STADIUM-MUMBAI,2022-03-31,2022,L,R,L,Chennai-Super-Kings,Lucknow-Super-Giants,Spin,1.0
462,1,13,Chennai Super Kings,Shivam Dube,Andrew Tye,,15,1,1 (WD),1,0,0,0,0,0,1,1,0,0,0,0,0,0,,,0,14.1,2,1,1,192398,-79.5,112.94,1,0,,30,ANGLED ACROSS,105,LEFT ALONE,0,0,1,14,137,3,1,0,2,0,0,0,0,0,73.0126,-9.262282913289496,8.340657478399798,-0.661582499591152,2.103366083796501,-0.229733105783997,0.620630132594084,-9.02475551434705,-29.8653037519196,3.17604514242806,-8.03937988875292,9.884954289611947,0.2410804721890485,0.5814771333482113,73.11352278332686,Attacked,Played,,0.709396362304688,0.6498756408691406,8.76792,0.296598,-0.213323598227997,0.0,-10.6,-26.8265035988945,2.76467885858645,2.76467885858645,-999.9,-999.9,-999.9,-8.840572,1.098855,0.949008,-15.06620057928902,-10.06011172854506,1.233258237406904,1.014206819118455,0.7577220343014917,-0.1863404094589554,0.0623891317924927,-1.0,BRABOURNE-STADIUM-MUMBAI,2022-03-31,2022,L,R,R,Chennai-Super-Kings,Lucknow-Super-Giants,Seam,1.0
462,1,13,Chennai Super Kings,Shivam Dube,Andrew Tye,,15,1,1,1,1,1,0,0,0,0,0,0,0,0,0,0,0,,,0,14.1,2,1,0,192399,91.78,46.63,1,0,,46,LEGCUTTER,97,BACKFOOT PUSH,0,0,2,14,138,3,0,0,2,0,0,0,0,0,73.3661707056316,-8.842607094286281,8.340708746565994,-0.7127732597051198,2.137662295574333,-0.232490886181226,-0.645357838085671,-8.83304535021718,-30.2238152035594,1.58757283106271,-7.91080979608695,10.24722481371033,0.2529470932344553,0.6168436323112825,77.23183552324684,Attacked,Played,Nudge,0.606662750244141,0.5880775451660156,8.297851,-0.16827,-0.215884394311139,0.0,-10.6,-26.9927415692412,1.4216131768974,1.4216131768974,-8.744082,0.21011,0.972069,-8.840873,0.215511,0.979813,-14.66760898706038,-10.06023336247577,0.283938617566463,1.064674482087205,-0.1479856124919466,0.0079583424170324,-0.0123324735804141,-1.0,BRABOURNE-STADIUM-MUMBAI,2022-03-31,2022,L,R,R,Chennai-Super-Kings,Lucknow-Super-Giants,Seam,1.0
462,1,13,Chennai Super Kings,Ambati Rayudu,Andrew Tye,,15,2,1,1,1,1,0,0,0,0,0,0,0,0,0,0,0,,,0,14.2,2,1,0,192400,139.21,81.17,1,0,,46,LEGCUTTER,58,BACKFOOT PULL SHOT,0,0,3,14,139,3,0,0,2,0,0,0,0,0,76.43866985164979,-11.76288450923878,8.340637971447165,-0.7722493471731325,2.051663333567357,-0.244576060285483,-0.619709593652154,-9.18646811412768,-31.7948878371127,0.900221308017637,-9.29733807178895,10.12819928979481,0.2245607479542713,0.5489852401206976,69.89171122267751,Attacked,Played,Pull-Hook,0.594760894775391,0.5629692077636719,10.32016,-0.531456,-0.227106341693662,0.0,-10.2565689670488,-28.5728019527007,0.217719576982533,0.217719576982533,-8.463402,-0.462567,1.140126,-8.841058,-0.45947,1.16553,-16.29977126356655,-10.06012172544144,-0.4494039988834903,1.233762663701684,-0.164150477779363,-1.18522990333925,-0.0111533367428781,-1.0,BRABOURNE-STADIUM-MUMBAI,2022-03-31,2022,R,L,R,Chennai-Super-Kings,Lucknow-Super-Giants,Seam,1.0
462,1,13,Chennai Super Kings,Shivam Dube,Andrew Tye,,15,3,0,0,0,0,0,0,1,0,0,0,0,0,0,0,0,,,0,14.3,2,1,0,192401,17.19,71.96,0,0,,30,ANGLED ACROSS,58,BACKFOOT PULL SHOT,0,0,4,14,139,3,0,0,2,0,0,0,0,0,80.1448106345749,-10.53743748298679,8.340786660219592,-0.7792053346118932,2.075621989332874,-0.264051822655214,-3.54442590402863,-6.5712633824951,-34.3267369451779,1.93490026552319,-8.57990018892164,9.029835058084128,0.1941089884935528,0.5870425943826211,78.64549030803788,Attacked,Edged,Pull-Hook,0.539314270019531,0.5177764892578125,9.020459,-0.145286,-0.245190978179842,0.0,-10.6,-31.6940711851209,1.67134418546793,1.67134418546793,-8.841882,0.279101,0.977718,-8.840859,0.279043,0.977637,-14.03344079211969,-10.06028367687495,0.3478242464320332,1.065189220055333,-1.232986154234383,-0.2075659848900689,-0.097521932081282,-1.0,BRABOURNE-STADIUM-MUMBAI,2022-03-31,2022,L,R,R,Chennai-Super-Kings,Lucknow-Super-Giants,Seam,1.0
462,1,13,Chennai Super Kings,Shivam Dube,Andrew Tye,,15,4,1,1,1,1,0,0,0,0,0,0,0,0,0,0,0,,,0,14.4,2,1,0,192402,-143.5,65.05,1,0,,30,ANGLED ACROSS,58,BACKFOOT PULL SHOT,0,0,5,14,140,3,0,0,2,0,0,0,0,0,75.65237999983746,-8.430068781003852,8.340651087383314,-0.7320375221219844,2.115806456698284,-0.239280588352057,-0.792824552401693,-8.80453474383549,-31.1064764857674,1.61816072995502,-7.8291327297517,8.984947996681292,0.2469342719975595,0.5672466997931783,70.39357776922081,Attacked,Played,Pull-Hook,0.585639953613281,0.5560684204101562,7.938828,-0.167124,-0.222189117755482,0.0,-10.6,-28.087438689092,1.32359271664573,1.32359271664573,-8.488187,0.140735,0.790144,-8.840837,0.15826,0.815373,-14.12724357267565,-10.06019571928675,0.2192586779049699,0.8886929425571024,-0.2145761852613222,-0.2798347570125223,-0.0185916923546777,-1.0,BRABOURNE-STADIUM-MUMBAI,2022-03-31,2022,L,R,R,Chennai-Super-Kings,Lucknow-Super-Giants,Seam,1.0
462,1,13,Chennai Super Kings,Ambati Rayudu,Andrew Tye,,15,5,6,6,6,0,0,0,0,0,0,0,0,0,0,1,0,,,0,14.5,2,1,0,192403,140.59,159.44,6,0,,39,ANGLED IN,94,STEP DOWN LOFTED ON DRIVE,0,0,6,14,146,3,0,0,2,0,0,0,0,0,76.09245174982483,-8.430068781003852,8.340651087383314,-0.6905585033549022,2.115806456698284,-0.239280588352057,0.0,-8.80453474383549,-31.1064764857674,1.61816072995502,-7.8291327297517,8.984947996681292,0.2469342719975595,0.5672466997931783,70.39357776922081,Attacked,Played,,0.584014892578125,0.5560684204101562,7.938828,-0.167124,-0.222189117755482,0.0,-10.6,-28.087438689092,1.32359271664573,1.32359271664573,-999.9,-999.9,-999.9,-8.840837,0.15826,0.815373,-14.12724357267565,-10.06019571928675,0.2192586779049699,0.8886929425571024,0.2214389681979482,-0.2798347570125223,-0.0185916923546777,-1.0,BRABOURNE-STADIUM-MUMBAI,2022-03-31,2022,R,L,R,Chennai-Super-Kings,Lucknow-Super-Giants,Seam,1.0
462,1,13,Chennai Super Kings,Ambati Rayudu,Andrew Tye,,15,6,1 (LB),1,0,0,0,0,1,1,0,0,0,1,0,0,0,,,0,14.6,2,1,1,192404,140.59,159.44,1,0,,39,ANGLED IN,37,STEP DOWN FLICK,0,0,7,14,147,3,0,0,2,0,0,0,0,0,83.62378205852455,-9.441802212033108,8.340953243201447,-0.8538607072121357,2.121852833031255,-0.261792887816571,0.176025074771239,-4.55763687463529,-34.0330754161543,2.4289719451292,-7.51814172606891,8.13592517730427,0.2425844870729667,0.5914367970099296,74.45707084419276,Attacked,Missed,Nudge,0.527938842773438,0.4689102172851563,7.607329,-0.121993,-0.243093395829673,0.0,-10.6,-31.1029613470539,2.66829043703733,2.66829043703733,-7.460364,0.316245,0.630148,-8.841127,0.440222,0.744416,-12.45697265637671,-10.05983800266942,0.5508235977278864,0.8270419570401006,0.3950357791186006,0.8210088287958506,0.0362520412398766,-1.0,BRABOURNE-STADIUM-MUMBAI,2022-03-31,2022,R,L,R,Chennai-Super-Kings,Lucknow-Super-Giants,Seam,1.0
462,1,13,Chennai Super Kings,Ambati Rayudu,Krunal Pandya,,16,1,1,1,1,1,0,0,0,0,0,0,0,0,0,0,0,,,0,15.1,2,1,0,192405,94.08,141.02,1,0,,10,ORTHODOX,47,FRONTFOOT ON DRIVE,0,0,1,15,148,3,1,0,2,0,0,0,0,0,66.4508457398455,-2.677251590871965,8.34062365490454,-0.8110168086478653,2.070457148642245,-0.203300899236846,-0.945005131371321,-7.76087018822422,-26.42911690079,0.854411981519301,-5.76778373927136,3.793213407231728,0.4013478032411485,0.270012509263633,10.3670960654301,Attacked,Played,,0.640548706054688,0.5886497497558594,2.589248,-0.178024,-0.188779406434214,0.0,-10.6,-23.489461352003,0.797286375055258,0.797286375055258,-8.034882,-0.158833,0.085391,-8.840659,-0.131268,0.124077,-12.31097700552527,-10.0601725721915,-0.0892057017518334,0.158693229473828,-0.8290493369253153,0.092366308737752,-0.107262905495577,-1.0,BRABOURNE-STADIUM-MUMBAI,2022-03-31,2022,R,L,L,Chennai-Super-Kings,Lucknow-Super-Giants,Spin,1.0
462,1,13,Chennai Super Kings,Shivam Dube,Krunal Pandya,,16,2,4,4,4,0,0,0,0,0,0,0,0,0,1,0,0,,,0,15.2,2,1,0,192406,182.49,70.12,4,0,,23,ARM BALL,52,BACKFOOT COVERDRIVE,0,0,2,15,152,3,0,1,3,0,0,0,0,0,63.53820470304155,-6.594860290265531,8.34059148128286,0.8373041788272022,2.033204365406735,-0.200520248884992,0.642051222599925,-9.11388367873566,-26.0676323550489,-0.0178168269127668,-6.85832256008664,10.80291666211328,0.2444042620609115,0.6483641532800982,82.81419678592358,Attacked,Played,Cut,0.680328369140625,0.6760711669921875,7.696191,0.780285,-0.186197373964635,0.0,-10.6,-23.3039227932775,-0.183478212280942,-0.183478212280942,-8.754104,0.728643,0.86815,-8.840624,0.727924,0.873795,-14.74031350160702,-10.05982866490265,0.7177490885096154,0.9363386861372948,0.5115113129260861,-0.4119353752993506,0.0458338116454799,-1.0,BRABOURNE-STADIUM-MUMBAI,2022-03-31,2022,L,R,L,Chennai-Super-Kings,Lucknow-Super-Giants,Spin,1.0
462,1,13,Chennai Super Kings,Shivam Dube,Krunal Pandya,,16,3,1,1,1,1,0,0,0,0,0,0,0,0,0,0,0,,,0,15.3,2,1,0,192407,-49.57,-46.83,1,0,,10,ORTHODOX,18,SLOG SHOT,0,0,3,15,153,3,0,0,3,0,0,0,0,0,67.64106908456915,0.5249784918525735,8.340472958238426,0.6585338452792003,2.114110423721681,-0.198434550489382,0.282949831697435,-7.28723764297409,-25.7964915636197,-1.44009332059596,-5.49933692104705,8.298701819047436,0.1423678912069047,0.6500000000000014,93.26321087930972,Attacked,Edged,Pull-Hook,0.620235443115234,0.5659217834472656,-3.741854,-0.571784,-0.184260654025855,0.252180800363797,-10.6,-24.5066669854387,-1.36808865456617,-1.36808865456617,-7.820468,-0.238056,1.103728,-8.840911,-0.294953,0.952432,-12.03425873920738,-10.0600782688274,-0.3629553515766171,0.7562186585729574,-0.0397598907727895,-2.544443745170813e-14,-0.00565613156220823,-1.0,BRABOURNE-STADIUM-MUMBAI,2022-03-31,2022,L,R,L,Chennai-Super-Kings,Lucknow-Super-Giants,Spin,1.0
462,1,13,Chennai Super Kings,Ambati Rayudu,Krunal Pandya,,16,4,6,6,6,0,0,0,0,0,0,0,0,0,0,1,0,,,0,15.4,2,1,0,192408,63.69,196.73,6,0,,10,ORTHODOX,94,STEP DOWN LOFTED ON DRIVE,0,0,4,15,159,3,0,0,3,0,0,0,0,0,52.21198680371861,-0.3663122612039545,8.340601037363655,-0.6788608255695511,1.968982979084915,-0.16283125486741,0.561166655495174,-10.3711187027719,-21.1680631327633,0.310911639104836,-6.36953769892765,12.55187558058034,0.2450968932062495,0.649899993079606,82.97530964131596,Attacked,Played,,0.821743011474609,0.7006988525390625,5.063926,-0.593318,-0.151200450948309,0.0,-10.6,-18.592679426849,-0.267142358255389,-0.267142358255389,-6.858312,-0.62028,0.377898,-8.840635,-0.649439,0.649826,-16.74670848901257,-10.06016795972686,-0.667620344347986,0.755452580601137,0.9044808605780388,-1.664664274906364,0.100154922708126,93.0,BRABOURNE-STADIUM-MUMBAI,2022-03-31,2022,R,L,L,Chennai-Super-Kings,Lucknow-Super-Giants,Spin,1.0
462,1,13,Chennai Super Kings,Ambati Rayudu,Krunal Pandya,,16,5,1 (LB),1,0,0,0,0,1,1,0,0,0,1,0,0,0,,,0,15.5,2,1,1,192409,27.78,-39.47,1,0,,23,ARM BALL,37,STEP DOWN FLICK,0,0,5,15,160,3,0,0,3,0,0,0,0,0,60.42982962528462,-4.791017885359538,8.34065136819395,-0.7245503725574157,2.013384983100123,-0.198990481363981,1.05959832651546,-8.61601793211899,-25.8687625773175,1.91756106311137,-6.3034273712064,8.074702077582057,0.2559119555826401,0.527362724078085,63.51321305344874,Attacked,Missed,,0.736015319824219,0.5871391296386719,6.051484,0.039757,-0.184776875552268,0.0,-10.6,-23.4311545861836,1.44896365306395,1.44896365306395,-7.04331,0.229708,0.379406,-8.841043,0.34444,0.49936,-13.69436104332147,-10.05981962288949,0.4231879641559836,0.5432307981361462,1.340598774589081,-0.7007640894774892,0.138914490751281,-1.0,BRABOURNE-STADIUM-MUMBAI,2022-03-31,2022,R,L,L,Chennai-Super-Kings,Lucknow-Super-Giants,Spin,1.0
462,1,13,Chennai Super Kings,Shivam Dube,Krunal Pandya,,16,6,2,2,2,0,1,0,0,0,0,0,0,0,0,0,0,,,0,15.6,2,1,0,192410,-126.0,106.49,2,0,,10,ORTHODOX,47,FRONTFOOT ON DRIVE,0,0,6,15,162,3,0,0,3,0,0,0,0,0,66.42907850886898,-1.493872978513137,8.340664843570288,0.6944978458288182,2.019549681809092,-0.201740240862812,0.294392339584866,-8.11697488912131,-26.2262313121655,-1.35883891535594,-5.71428488880339,8.479136602320198,0.1392650728302999,0.6499999999999994,93.57349271696992,Attacked,Played,,0.633396148681641,0.5748481750488281,1.414596,-0.187197,-0.187330223658325,0.24196476011911,-10.6,-24.9149197465573,-1.29089696958815,-1.29089696958815,-7.754026,-0.141001,0.23388,-8.84092,-0.197327,0.073824,-12.29174461862452,-10.06010953248513,-0.2604943634803006,0.2397428154426653,0.0031870450486557,-1.2722218725854072e-14,-0.00183776523738677,-1.0,BRABOURNE-STADIUM-MUMBAI,2022-03-31,2022,L,R,L,Chennai-Super-Kings,Lucknow-Super-Giants,Spin,1.0
462,1,13,Chennai Super Kings,Ambati Rayudu,Ravi Bishnoi,,17,1,4 (LB),4,0,0,0,0,1,4,0,0,0,1,1,0,0,,,0,16.1,2,1,1,192411,-126.0,106.49,4,0,,24,LEG SPIN,95,SLOG SWEEP,0,0,1,16,166,3,1,0,3,0,0,0,0,0,62.27837403209041,-0.2929705628213738,8.340520790662463,-0.7403682991626153,1.89321945013461,-0.19130280120539,-0.565873248622156,-10.2392175001797,-24.8693641567007,0.67316474887082,-6.14637059673069,8.62322674679356,0.1459362294394725,0.5788352130374699,82.23165901167323,Attacked,Missed,Sweep,0.67822265625,0.670806884765625,2.968135999999999,-0.248349,-0.177638315405005,0.0,-10.6,-23.4601048738791,0.320382668047297,0.320382668047297,-9.057667,-0.221301,0.312025,-8.840875,-0.224304,0.286602,-13.88225181138053,-10.06014349832573,-0.2073502474339007,0.4179288232936948,-0.5182556652151499,-0.7680948478798858,-0.0625390283091629,-1.0,BRABOURNE-STADIUM-MUMBAI,2022-03-31,2022,R,L,R,Chennai-Super-Kings,Lucknow-Super-Giants,Spin,1.0
462,1,13,Chennai Super Kings,Ambati Rayudu,Ravi Bishnoi,,17,2,0 WK,W,0,0,0,0,1,0,0,0,0,0,0,0,1,Bowled,WICKET,1,16.2,2,1,0,192412,-126.0,106.49,0,0,,21,SLIDER,94,STEP DOWN LOFTED ON DRIVE,0,0,2,16,166,4,2,0,3,0,0,0,0,0,63.94148110381436,-4.90343462148461,8.340681452595781,-0.7817891631248456,1.841691367846278,-0.204594359874912,-0.840512156067546,-9.68885297791495,-26.5972667837386,1.26838907283972,-6.39135710250692,7.453045006195993,0.2133947040010339,0.5025719738152375,64.04632567218223,Attacked,Missed,Pull-Hook,0.676929473876953,0.7056198120117188,7.202648,-0.200981,-0.189980477026704,0.0,-10.6,-24.5539279202635,1.09120162395141,1.09120162395141,-999.9,-999.9,-999.9,-8.840607,0.071273,0.522096,-13.5120537880893,-10.06004824727436,0.1283793611777852,0.5372762112963145,-0.4553457642970467,-0.1856841194513629,-0.042416315834247,-1.0,BRABOURNE-STADIUM-MUMBAI,2022-03-31,2022,R,L,R,Chennai-Super-Kings,Lucknow-Super-Giants,Spin,1.0
462,1,13,Chennai Super Kings,Ravindra Jadeja,Ravi Bishnoi,,17,3,1,1,1,1,0,0,0,0,0,0,0,0,0,0,0,,,0,16.3,2,1,0,192413,162.69,24.53,1,0,,28,GOOGLY,52,BACKFOOT COVERDRIVE,0,0,3,16,167,4,3,0,3,0,0,0,0,0,61.25675357052188,-4.977895788658889,8.340632298629018,-0.7041439542008291,1.778722340041991,-0.193760714118521,0.540405562876072,-9.55888397187999,-25.1888928354078,1.95082847394156,-6.2068835151691,8.599129558137774,0.2892061796452433,0.5463862102772532,63.03731357706366,Attacked,Played,Off-Drive,0.725601196289063,0.7054252624511719,7.89017,0.035132,-0.179920663110055,0.0,-10.6,-22.4265979849537,1.66680891235338,1.66680891235338,-8.80803,0.542125,0.598891,-8.840828,0.5447,0.599137,-13.84267784771383,-10.06023780286646,0.6409534585366992,0.5901699409214268,0.7843515355561068,-0.1780299193290708,0.069813602765488,-1.0,BRABOURNE-STADIUM-MUMBAI,2022-03-31,2022,L,L,R,Chennai-Super-Kings,Lucknow-Super-Giants,Spin,1.0
462,1,13,Chennai Super Kings,Shivam Dube,Ravi Bishnoi,,17,4,1,1,1,1,0,0,0,0,0,0,0,0,0,0,0,,,0,16.4,2,1,0,192414,49.88,173.25,1,0,,24,LEG SPIN,5,LOFTED OFF DRIVE,0,0,4,16,168,4,0,0,3,0,0,0,0,0,60.34029033082597,-0.5204047808497537,8.341058547831437,-0.7435559659382712,1.844557782518266,-0.188491857439784,0.302176837127785,-10.3735082761361,-24.5039414671719,1.71699034140244,-6.11341611179168,10.97488184105557,0.2734556059801496,0.6874726300663164,85.7753339119325,Attacked,Played,Off-Drive,0.706340789794922,0.6386375427246094,3.779669,0.179025,-0.175028153336942,0.0,-10.6,-21.67228474808,1.75209840982268,1.75209840982268,-7.856124,0.307238,0.325271,-8.840651,0.388184,0.472291,-14.00857916888803,-10.06010664558782,0.4893625202234656,0.6242439366318858,0.7619568007689377,0.6138696409377014,0.0932387574913013,-1.0,BRABOURNE-STADIUM-MUMBAI,2022-03-31,2022,L,L,R,Chennai-Super-Kings,Lucknow-Super-Giants,Spin,1.0
462,1,13,Chennai Super Kings,Ravindra Jadeja,Ravi Bishnoi,,17,5,0,0,0,0,0,0,1,0,0,0,0,0,0,0,0,,,0,16.5,2,1,0,192415,49.88,173.25,0,0,,28,GOOGLY,84,FRONTFOOT OFF DRIVE,0,0,5,16,168,4,0,0,3,0,0,0,0,0,59.51238905011595,-1.815018751649845,8.34050842481371,-0.7124765755050916,1.845155526463377,-0.185628158670007,0.670494847130555,-10.2819012039175,-24.1316606271009,1.76758280719273,-6.13617632484852,9.780943869490178,0.2876671328012499,0.5985516682763053,71.01603696132082,Attacked,Missed,Off-Drive,0.718082427978516,0.7720985412597656,5.360329,0.108856,-0.172369004479292,0.0,-10.6,-21.3055972040055,1.71591716884683,1.71591716884683,-999.9,-999.9,-999.9,-8.84078,0.448089,0.567527,-14.26676108910867,-10.05991980706409,0.5502018751015902,0.6426175950178548,1.123102857883322,0.4152789000433427,0.120851764749531,-1.0,BRABOURNE-STADIUM-MUMBAI,2022-03-31,2022,L,L,R,Chennai-Super-Kings,Lucknow-Super-Giants,Spin,1.0
462,1,13,Chennai Super Kings,Ravindra Jadeja,Ravi Bishnoi,,17,6,4,4,4,0,0,0,0,0,0,0,0,0,1,0,0,,,0,16.6,2,1,0,192416,49.88,211.93,4,0,,28,GOOGLY,13,LOFTED STRAIGHT,0,0,6,16,172,4,0,0,3,0,0,0,0,0,58.45602526103183,-0.428457503950972,8.340594823685645,-0.7525642313851915,1.82408866367478,-0.185857187972669,0.687201179209026,-9.85472934365452,-24.161434436447,1.82913047273363,-5.91871152093101,11.617917948255,0.3600591926118639,0.7129237011474079,80.9326359109248,Attacked,Played,Off-Drive,0.739013671875,0.6400909423828125,3.59908,0.192993,-0.17258167454605,0.0,-10.6,-20.5236511440926,1.52437037663945,1.52437037663945,-7.6843,0.284329,0.282564,-8.840872,0.371554,0.470316,-13.76442170115864,-10.06012588383631,0.4644487111386254,0.6321082930162574,1.286799973603135,-0.0815151382448379,0.158762676540897,-1.0,BRABOURNE-STADIUM-MUMBAI,2022-03-31,2022,L,L,R,Chennai-Super-Kings,Lucknow-Super-Giants,Spin,1.0
462,1,13,Chennai Super Kings,Shivam Dube,Dushmantha Chameera,,18,1,1,1,1,1,0,0,0,0,0,0,0,0,0,0,0,,,0,17.1,2,1,0,192417,-85.49,-45.91,1,0,,38,STRAIGHT BALL,58,BACKFOOT PULL SHOT,0,0,1,17,173,4,1,0,3,0,0,0,0,0,80.33106291052589,-10.59873047270602,8.340699765584255,-0.3332679892747483,1.90378721840638,-0.255162708874531,-0.842689230475585,-9.01526239987379,-33.171152153689,0.107275477445861,-8.79858058987792,9.88756396155523,0.1627723564881706,0.6113573878869506,85.42637253422552,Attacked,Played,Pull-Hook,0.547588348388672,0.5334434509277344,10.072524,-0.28221,-0.236936801097778,0.0,-9.17748006369927,-30.8602694950554,0.45304886165951,0.45304886165951,-8.639029,-0.150785,1.20384,-8.840973,-0.147606,1.222673,-14.85550132128444,-10.060275347961,-0.1283036533236999,1.327352179748757,-0.3217195920009373,0.6557850958632765,-0.0226198170337122,-1.0,BRABOURNE-STADIUM-MUMBAI,2022-03-31,2022,L,L,R,Chennai-Super-Kings,Lucknow-Super-Giants,Seam,1.0
462,1,13,Chennai Super Kings,Ravindra Jadeja,Dushmantha Chameera,,18,2,4,4,4,0,0,0,0,0,0,0,0,0,1,0,0,,,0,17.2,2,1,0,192418,-168.82,88.53,4,0,,30,ANGLED ACROSS,58,BACKFOOT PULL SHOT,0,0,2,17,177,4,0,0,3,0,0,0,0,0,84.68828709506344,-10.9558714340626,8.341177634068675,1.040603479003918,1.961806687516493,-0.271356963110362,1.18581253448816,-6.70203727296979,-35.2764052043471,-1.82363384962482,-8.88749697469359,9.674442641547106,0.1669299079709265,0.6306012373239004,87.89719480149242,Attacked,Played,Pull-Hook,0.519779205322266,0.484130859375,9.693723,0.571056,-0.251974322888194,0.0,-10.6,-32.8757711709992,-1.3715453381567,-1.3715453381567,-8.183775,0.234738,1.085286,-8.840934,0.205496,1.14695,-14.14074903849052,-10.06010574374671,0.1508269852409747,1.249308843003532,0.2446242185322745,0.5703645200286461,0.0178573824117118,-1.0,BRABOURNE-STADIUM-MUMBAI,2022-03-31,2022,L,L,R,Chennai-Super-Kings,Lucknow-Super-Giants,Seam,1.0
462,1,13,Chennai Super Kings,Ravindra Jadeja,Dushmantha Chameera,,18,3,2,2,2,0,1,0,0,0,0,0,0,0,0,0,0,,,0,17.3,2,1,0,192419,146.11,81.63,2,0,,46,LEGCUTTER,52,BACKFOOT COVERDRIVE,0,0,3,17,179,4,0,0,3,0,0,0,0,0,70.18971849336705,-7.910393201733536,8.340470052624099,1.041775391068346,2.05317891459261,-0.223982323974804,1.82060676397793,-9.11907109722277,-29.1177021167245,-0.784526226242283,-7.47877432436313,9.77540927051559,0.2804468952311187,0.5934964500858261,70.97977798976204,Attacked,Played,Off-Drive,0.637092590332031,0.6016387939453125,8.075289,0.668087,-0.207983586548032,0.0,-10.6,-25.762822772141,-1.09472692400318,-1.09472692400318,-8.515296,0.383003,0.828589,-8.841052,0.36837,0.850075,-14.40483485136427,-10.06011323091908,0.3132464555967484,0.9140071364222644,1.017551849998795,-0.8898150551484283,0.0880552265303625,-1.0,BRABOURNE-STADIUM-MUMBAI,2022-03-31,2022,L,L,R,Chennai-Super-Kings,Lucknow-Super-Giants,Seam,1.0
462,1,13,Chennai Super Kings,Ravindra Jadeja,Dushmantha Chameera,,18,4,1,1,1,1,0,0,0,0,0,0,0,0,0,0,0,,,0,17.4,2,1,0,192420,-45.89,160.82,1,0,,39,ANGLED IN,47,FRONTFOOT ON DRIVE,0,0,4,17,180,4,0,0,3,0,0,0,0,0,85.14012805560124,-2.846754534740011,8.340615985463657,1.031952805723764,2.028702826824962,-0.25545546678489,-0.074983446357604,-7.27350248309347,-33.2092106820357,-1.77478818995414,-5.70532341374252,6.704180779042312,0.1766378050341035,0.6500000000000004,89.8362194965897,Attacked,Played,,0.490390777587891,0.4600982666015625,-0.2493759999999998,0.11089,-0.237208647728826,0.398592762283607,-10.6,-31.5487501479339,-1.68604878045644,-1.68604878045644,-8.143221,0.225544,0.390046,-8.84111,0.188846,0.279991,-9.748219196918855,-10.06031837007833,0.1241854833283754,0.0787300605008855,-0.4424547791008082,-2.544443745170813e-14,-0.0530644354853561,-1.0,BRABOURNE-STADIUM-MUMBAI,2022-03-31,2022,L,L,R,Chennai-Super-Kings,Lucknow-Super-Giants,Seam,1.0
462,1,13,Chennai Super Kings,Shivam Dube,Dushmantha Chameera,,18,5,6,6,6,0,0,0,0,0,0,0,0,0,0,1,0,,,0,17.5,2,1,0,192421,-156.39,-63.87,6,0,,38,STRAIGHT BALL,58,BACKFOOT PULL SHOT,0,0,5,17,186,4,0,0,3,0,0,0,0,0,76.14975863298295,-10.5705653100678,8.340530674553257,-0.3258648230050021,1.983223208941922,-0.241275215169693,-1.05598555654374,-7.7515758820557,-31.3657779720601,0.0646117880716346,-8.32240649096304,8.957808051160296,0.1284132783360408,0.5624363680006829,81.52412736649835,Attacked,Played,,0.579345703125,0.5360870361328125,9.714146,-0.270599,-0.224041271229001,0.0,-10.6,-29.6950705290481,0.242055403215343,0.242055403215343,-8.070162,-0.205726,0.904512,-8.84096,-0.199034,0.951332,-14.86010523338361,-10.0600670247227,-0.18836308575517,1.009222212936892,-0.477312183621346,0.3490025473124337,-0.0349654054563616,94.0,BRABOURNE-STADIUM-MUMBAI,2022-03-31,2022,L,L,R,Chennai-Super-Kings,Lucknow-Super-Giants,Seam,1.0
462,1,13,Chennai Super Kings,Shivam Dube,Dushmantha Chameera,,18,6,2,2,2,0,1,0,0,0,0,0,0,0,0,0,0,,,0,17.6,2,1,0,192422,-104.82,-71.7,2,0,,39,ANGLED IN,47,FRONTFOOT ON DRIVE,0,0,6,17,188,4,0,0,3,0,0,0,0,0,88.14485621564772,-4.697157920118205,8.341196692823779,1.200402180201439,2.011811269831165,-0.270193585219435,0.315028344758068,-6.73713592201432,-35.1251660785266,-2.35325614447218,-6.09246417163076,6.698240601861416,0.0934202626683881,0.6591442246074126,99.52960742427308,Attacked,Edged,,0.480709075927734,0.4728469848632813,2.623875,0.174454,-0.250894043418047,0.0,-10.6,-34.1940447357894,-2.11820430836177,-2.11820430836177,-9.098241,0.070859,0.218114,-8.840554,0.087003,0.19115,-9.840059886758526,-10.06038225864076,0.01030477235214,0.3137637782957341,-0.2202428463642723,0.2881290790802568,-0.0298138969578517,-1.0,BRABOURNE-STADIUM-MUMBAI,2022-03-31,2022,L,L,R,Chennai-Super-Kings,Lucknow-Super-Giants,Seam,1.0
462,1,13,Chennai Super Kings,Ravindra Jadeja,Avesh Khan,,19,1,1,1,1,1,0,0,0,0,0,0,0,0,0,0,0,,,0,18.1,2,1,0,192423,110.66,-55.12,1,0,,30,ANGLED ACROSS,44,GLIDE,0,0,1,18,189,4,1,0,3,0,0,0,0,0,82.88042205179457,-4.961920964519924,8.341060840917258,-0.3950721940620152,2.067363733899882,-0.258163819864446,1.57994117889933,-6.40216529079356,-33.561296582378,2.08177323219748,-6.0204163967272,5.524406455970833,0.2757875733099538,0.499087732111243,57.28440248569108,Attacked,Played,Off-Drive,0.507522583007813,0.4791526794433594,3.077965,0.356275,-0.239723547016985,0.0,-10.6,-31.0664536312567,2.09154286896969,2.09154286896969,-8.450755,0.455721,0.196108,-8.841025,0.482337,0.227073,-10.16987739511602,-10.06026289220355,0.5660170470753783,0.3132430963594125,1.412591260436832,0.3021632244146431,0.179512684434345,-1.0,BRABOURNE-STADIUM-MUMBAI,2022-03-31,2022,L,L,R,Chennai-Super-Kings,Lucknow-Super-Giants,Seam,1.0
462,1,13,Chennai Super Kings,Shivam Dube,Avesh Khan,,19,2,0 WK,W,0,0,0,0,1,0,0,0,0,0,0,0,1,Caught,WICKET,1,18.2,2,1,0,192424,-120.02,97.74,0,0,,30,ANGLED ACROSS,11,LOFTED ON DRIVE,0,0,2,18,189,5,2,0,3,0,0,0,0,0,83.27329683009887,-6.023644892982291,8.340599652565558,-0.523762688486052,2.047400124314793,-0.259541451379572,0.898494805535705,-5.98566133157585,-33.7403886793444,1.88119625826763,-6.28145470761258,6.602366051154192,0.215384517325683,0.5826427091633354,75.85795464193203,Attacked,Played,,0.514823913574219,0.4816818237304688,4.513086,0.143202,-0.241002776281031,0.0,-10.6,-31.6196692387644,1.42113379776381,1.42113379776381,-8.38115,0.271982,0.33677,-8.84058,0.293124,0.375755,-10.54603297643127,-10.06026490660166,0.3496240076731152,0.4684236433953441,0.8454161780173809,-0.6178188646893712,0.0980191826612491,-1.0,BRABOURNE-STADIUM-MUMBAI,2022-03-31,2022,L,L,R,Chennai-Super-Kings,Lucknow-Super-Giants,Seam,1.0
462,1,13,Chennai Super Kings,MS Dhoni,Avesh Khan,,19,3,6,6,6,0,0,0,0,0,0,0,0,0,0,1,0,,,0,18.3,2,1,0,192425,-176.65,109.25,6,0,,38,STRAIGHT BALL,15,LOFTED COVER DRIVE,0,0,3,18,195,5,3,0,3,0,0,0,0,0,83.34032060144213,-14.9293231125895,8.340717573639669,-0.6409131284552613,2.015580728607682,-0.264098528304365,-0.714243995402102,-9.31847113993457,-34.3328086795675,-0.0177011916115578,-11.3729209096708,10.72329317083678,0.1185348282951227,0.5371777547085816,78.72318037677498,Attacked,Played,,0.54327392578125,0.5275840759277344,11.780186,-0.631609,-0.245234347711196,0.0,-10.6,-32.2605570322781,-0.0204999290255014,-0.0204999290255014,-8.788726,-0.638569,1.504557,-8.841028,-0.638605,1.508965,-18.32771990940703,-10.05995323445028,-0.6394512975945988,1.602820611662841,-0.2147549334004278,-0.0068681650538742,-0.0120845923492646,88.0,BRABOURNE-STADIUM-MUMBAI,2022-03-31,2022,R,L,R,Chennai-Super-Kings,Lucknow-Super-Giants,Seam,1.0
462,1,13,Chennai Super Kings,MS Dhoni,Avesh Khan,,19,4,4,4,4,0,0,0,0,0,0,0,0,0,1,0,0,,,0,18.4,2,1,0,192426,-145.34,-65.25,4,0,,38,STRAIGHT BALL,96,SLICED OVER POINT,0,0,4,18,199,5,0,0,3,0,0,0,0,0,83.97528554870587,-5.232968125860098,8.340539958790188,-0.5883433722055509,2.088297165107956,-0.25984085785462,2.05333345836322,-6.31898786134391,-33.7793115211007,0.636995389274193,-6.15017688822108,7.919499453670437,0.180874081865914,0.7208747957229388,100.0438111718494,Attacked,Played,Off-Drive,0.506057739257813,0.4861564636230469,3.171338,-0.503378,-0.24128079657929,0.0,-10.6,-31.870890585189,0.0846037770582308,0.0846037770582308,-8.781593,-0.498317,0.286802,-8.840898,-0.498157,0.293958,-10.31877555836658,-10.05979423105995,-0.4948572882955735,0.4332964630514547,1.442304491295791,-0.9282347663030058,0.181096460988813,-1.0,BRABOURNE-STADIUM-MUMBAI,2022-03-31,2022,R,L,R,Chennai-Super-Kings,Lucknow-Super-Giants,Seam,1.0
462,1,13,Chennai Super Kings,MS Dhoni,Avesh Khan,,19,5,0,0,0,0,0,0,1,0,0,0,0,0,0,0,0,,,0,18.5,2,1,0,192427,-145.34,-65.25,0,0,,38,STRAIGHT BALL,5,LOFTED OFF DRIVE,0,0,5,18,199,5,0,0,3,0,0,0,0,0,71.43113271749881,-7.418899163216655,8.340744141074588,-0.5534116127223853,2.041453797335958,-0.234551143282734,-0.757043307574693,-9.7441369280237,-30.4916486267555,-0.739287978737115,-7.57161927677295,8.795065628861432,0.2971305489357326,0.551869703176798,63.06740058294644,Attacked,Missed,Off-Drive,0.613563537597656,0.6318626403808594,7.736044,-0.759152,-0.21779749019111,0.0,-10.6,-27.0071575035487,-0.338288878589062,-0.338288878589062,-999.9,-999.9,-999.9,-8.840576,-0.843002,0.756876,-13.94549455315006,-10.05998928641836,-0.8592073214583837,0.8190223277761022,-0.5470420389772009,0.6712542933889112,-0.0292136608135744,-1.0,BRABOURNE-STADIUM-MUMBAI,2022-03-31,2022,R,L,R,Chennai-Super-Kings,Lucknow-Super-Giants,Seam,1.0
462,1,13,Chennai Super Kings,MS Dhoni,Avesh Khan,,19,6,0,0,0,0,0,0,1,0,0,0,0,0,0,0,0,,,0,18.6,2,1,0,192428,-145.34,-65.25,0,0,,38,STRAIGHT BALL,46,FRONTFOOT PULL SHOT,0,0,6,18,199,5,0,0,3,0,0,0,0,0,76.36604532957911,-8.101957222372407,8.3411212181242,-0.4527725110725616,2.029221352709849,-0.240242589052637,0.328115895558632,-7.35636535936605,-31.2315365768428,-0.0232908252370499,-7.22821177653262,8.201238861552909,0.1904125266058028,0.5793725560869475,77.86463075246185,Attacked,Missed,Slog,0.572982788085938,0.6025314331054688,7.723643,-0.478136,-0.223082404120306,0.0,-10.6,-29.0570592790604,0.205842565611528,0.205842565611528,-999.9,-999.9,-999.9,-8.840751,-0.430868,0.733544,-13.03107426344686,-10.06018075839346,-0.4217303778182438,0.8009510621955446,0.179522618009264,0.448609310246233,0.0145679006183205,-1.0,BRABOURNE-STADIUM-MUMBAI,2022-03-31,2022,R,L,R,Chennai-Super-Kings,Lucknow-Super-Giants,Seam,1.0
462,1,13,Chennai Super Kings,Ravindra Jadeja,Andrew Tye,,20,1,4,4,4,0,0,0,0,0,0,0,0,0,1,0,0,,,0,19.1,2,1,0,192429,-152.71,119.84,4,0,,30,ANGLED ACROSS,11,LOFTED ON DRIVE,0,0,1,19,203,5,1,1,4,0,0,0,1,0,80.1499589374287,-3.627415581034195,8.340507053475392,-0.7372962708962053,2.174388828561832,-0.246148876183782,-1.24759396366974,-6.25668658656764,-31.9993539038917,1.22373460099071,-5.66633075277698,6.908145365346839,0.1712547757389397,0.6500000000000006,90.37452242610613,Attacked,Played,,0.523956298828125,0.4633026123046875,0.0764239999999993,0.097297,-0.228566813599226,-0.267153743745853,-10.6,-30.3993862086971,1.16254787094118,1.16254787094118,-7.645714,0.005415,0.430559,-8.840668,0.052992,0.234202,-10.0416390897511,-10.06032503517991,0.1002320525387002,0.0459273538048029,-0.7765815875919633,1.2722218725854072e-14,-0.0857339896054397,-1.0,BRABOURNE-STADIUM-MUMBAI,2022-03-31,2022,L,R,R,Chennai-Super-Kings,Lucknow-Super-Giants,Seam,1.0
462,1,13,Chennai Super Kings,Ravindra Jadeja,Andrew Tye,,20,2,0 WK,W,0,0,0,0,1,0,0,0,0,0,0,0,1,Caught,WICKET,1,19.2,2,1,0,192430,-122.32,85.31,0,0,,30,ANGLED ACROSS,11,LOFTED ON DRIVE,0,0,2,19,203,6,2,0,4,0,0,0,0,0,82.01582513810801,-3.761668373661544,8.340499944465837,-0.7609693451490813,2.189365809867787,-0.247850805866981,-0.184497618505572,-5.980630739758,-32.2206047627075,1.12943857470251,-5.62247539079865,6.808560073251877,0.1737636125156665,0.6499999999999996,90.1236387484333,Attacked,Edged,Pull-Hook,0.511253356933594,0.4481849670410156,-0.0551019999999997,-0.129566,-0.230147176876482,-0.246863613237021,-10.6,-30.6095745245722,1.07296664596739,1.07296664596739,-7.267459,-0.229013,0.504459,-8.840683,-0.174164,0.252436,-9.89841177454302,-10.06001718633348,-0.1314967798248221,0.0453680791501399,0.0956899723327462,0.0,0.0109409138050025,-1.0,BRABOURNE-STADIUM-MUMBAI,2022-03-31,2022,L,R,R,Chennai-Super-Kings,Lucknow-Super-Giants,Seam,1.0
462,1,13,Chennai Super Kings,Dwaine Pretorius,Andrew Tye,,20,3,0 WK,W,0,0,0,0,1,0,0,0,0,0,0,0,1,Leg Before Wicket,WICKET,1,19.3,2,1,0,192431,-122.32,85.31,0,0,,39,ANGLED IN,47,FRONTFOOT ON DRIVE,0,0,3,19,203,7,0,0,4,0,0,0,0,0,83.63952857931365,-5.362608244901635,8.340784245426345,-0.8513810754835203,2.151999792572843,-0.256040456425452,-0.929211007840268,-5.60294016673705,-33.2852593353088,1.65574201981649,-5.99441353732882,5.938458141013776,0.0442334260538501,0.5703649301980702,91.13139692432551,Attacked,Missed,,0.507316589355469,0.499786376953125,2.714522000000001,-0.02271,-0.237751852395063,0.0,-10.6,-32.8692211303395,1.63836328262065,1.63836328262065,-9.136744,0.067159,0.211075,-8.840882,0.052234,0.184787,-10.20908711548194,-10.06033117936473,0.1139579111483842,0.2878041261181906,-0.327262012364481,0.0057671302387443,-0.0443294367505216,-1.0,BRABOURNE-STADIUM-MUMBAI,2022-03-31,2022,R,R,R,Chennai-Super-Kings,Lucknow-Super-Giants,Seam,1.0
462,1,13,Chennai Super Kings,Dwayne Bravo,Andrew Tye,,20,4,1,1,1,1,0,0,0,0,0,0,0,0,0,0,0,,,0,19.4,2,1,0,192432,113.88,96.36,1,0,,39,ANGLED IN,47,FRONTFOOT ON DRIVE,0,0,4,19,204,7,1,0,4,0,0,0,0,0,84.42344076680253,-4.458446144750154,8.340730713714724,-0.8400511430171822,2.161471298285439,-0.256587426898362,-0.946336590668014,-5.73449704684311,-33.3563654967871,1.5663145953437,-5.75276280858172,6.729866226217513,0.1759003038518177,0.6500000000000002,89.90996961481827,Attacked,Played,,0.497463226318359,0.4716110229492188,1.021757000000001,0.039034,-0.238259753548479,-0.355832280855396,-10.6,-31.6885472219478,1.48799886557652,1.48799886557652,-8.456703,0.011644,0.133174,-8.84111,0.029768,0.067844,-9.7851849103052,-10.05985537686711,0.0870046665489691,0.1494368531231606,-0.3829237134918562,1.2722218725854072e-14,-0.0698098030482945,-1.0,BRABOURNE-STADIUM-MUMBAI,2022-03-31,2022,R,R,R,Chennai-Super-Kings,Lucknow-Super-Giants,Seam,1.0
462,1,13,Chennai Super Kings,MS Dhoni,Andrew Tye,,20,5,2,2,2,0,1,0,0,0,0,0,0,0,0,0,0,,,0,19.5,2,1,0,192433,-144.42,88.99,2,0,,38,STRAIGHT BALL,15,LOFTED COVER DRIVE,0,0,5,19,206,7,0,0,4,0,0,0,0,0,82.22439470991529,-2.808907028047591,8.340456605178804,-0.7595901437247178,2.176178808463772,-0.244835083793701,-0.0402228114291458,-6.41001805252774,-31.8285608931811,-0.0739836790736338,-5.53936322551425,6.790707369084823,0.1741182897017673,0.6499999999999996,90.08817102982322,Attacked,Played,Off-Drive,0.510498046875,0.4905509948730469,-1.551079,-0.795895,-0.227346863522722,0.015978655861261,-10.6,-30.237132848522,-0.0702844951199521,-0.0702844951199521,-8.629841,-0.789216,0.521292,-8.840567,-0.789672,0.489122,-9.87272838870222,-10.06033553784813,-0.7923588913274072,0.2965637427139627,-0.0543263588122598,0.0,-0.00626841797543085,-1.0,BRABOURNE-STADIUM-MUMBAI,2022-03-31,2022,R,R,R,Chennai-Super-Kings,Lucknow-Super-Giants,Seam,1.0
462,1,13,Chennai Super Kings,MS Dhoni,Andrew Tye,,20,6,4,4,4,0,0,0,0,0,0,0,0,0,1,0,0,,,0,19.6,2,1,0,192434,-124.16,-105.77,4,0,,38,STRAIGHT BALL,96,SLICED OVER POINT,0,0,6,19,210,7,0,0,4,0,0,0,0,0,83.81664977727698,-4.967254093682647,8.340860223650697,-0.8075263552404245,2.171616636064658,-0.255376854258054,0.887048370417003,-6.19141678936061,-33.198991053547,-0.137576313653625,-6.08310417587161,7.704027542641473,0.1425647922707301,0.7053986842939209,101.5533234170151,Attacked,Played,Off-Drive,0.500370025634766,0.507293701171875,2.249517,-0.963882,-0.237135650382478,0.0,-10.6,-31.7202285300203,0.0635313857426172,0.0635313857426172,-9.347107,-0.960787,0.229563,-8.840895,-0.96181,0.167367,-10.38321824545407,-10.05998627406341,-0.9593382317590348,0.312855580067561,0.5981442335811383,0.3521874730627012,0.0791679959899374,-1.0,BRABOURNE-STADIUM-MUMBAI,2022-03-31,2022,R,R,R,Chennai-Super-Kings,Lucknow-Super-Giants,Seam,1.0
462,2,77,Lucknow Super Giants,K L Rahul,Mukesh Choudhary,,1,1,0,0,0,0,0,0,1,0,0,0,0,0,0,0,0,,,0,0.1,2,1,0,192435,,,0,0,,36,BOUNCER,105,LEFT ALONE,1,0,1,0,0,0,1,0,0,0,0,0,0,0,81.36444943149992,-17.08649812491844,8.340698289899919,0.4019258054939474,1.820136046429142,-0.258491231689702,-7.94459278493014,-9.65903648061837,-33.6038601196612,-3.62413365915887,-12.2146622218305,11.01639976268511,0.1568738731296628,0.4926971229941911,68.21718113616238,,,,0.575958251953125,0.60205078125,13.181858,-0.057815,-0.240027572283295,0.0,-7.75515294146165,-30.9133461383895,-1.24671850366038,-1.24671850366038,-999.9,-999.9,-999.9,-8.840579,-0.56415,1.876786,-19.97569217496336,-10.06006732290484,-0.6186525670265584,1.994776072853165,-2.203970322004196,3.846028927977713,-0.0577674734490453,-1.0,BRABOURNE-STADIUM-MUMBAI,2022-03-31,2022,R,L,L,Lucknow-Super-Giants,Chennai-Super-Kings,Seam,1.0
462,2,77,Lucknow Super Giants,K L Rahul,Mukesh Choudhary,,1,2,0,0,0,0,0,0,1,0,0,0,0,0,0,0,0,,,0,0.2,2,1,0,192436,-39.44,22.23,0,0,,41,INSWINGER,50,BACKFOOT DEFENCE,0,0,2,0,0,0,0,0,0,0,0,0,0,0,78.99685484453512,-9.844908105844928,8.340696057468229,0.341061334393238,1.873152629111925,-0.266363458266778,2.95067488258836,-5.66583519069363,-34.6272495746811,-1.25263989959334,-7.89108730218301,8.50908622866639,0.2147051966088088,0.6053179432605282,79.32717182819836,Defended,Played,Defend,0.523647308349609,0.4888916015625,9.189393,-0.078335,-0.247337496962008,0.0,-10.6,-31.9264537527166,-0.481033150634544,-0.481033150634544,-8.065421,-0.189877,0.85481,-8.840927,-0.202291,0.911117,-12.83770819740721,-10.06028902643913,-0.2219710473920078,0.9859178101100294,1.032502159417494,1.208564701601442,0.0800902299521179,-1.0,BRABOURNE-STADIUM-MUMBAI,2022-03-31,2022,R,L,L,Lucknow-Super-Giants,Chennai-Super-Kings,Seam,1.0
462,2,77,Lucknow Super Giants,K L Rahul,Mukesh Choudhary,,1,3,1,1,1,1,0,0,0,0,0,0,0,0,0,0,0,,,0,0.3,2,1,0,192437,74.28,49.86,1,0,,30,ANGLED ACROSS,97,BACKFOOT PUSH,0,0,3,0,1,0,0,0,0,0,0,0,0,0,79.46492283838441,-9.886982997955458,8.34086516737586,0.4290894324841506,1.891826169771151,-0.268639340488085,1.73119662153039,-6.29554165705827,-34.9231142634511,-1.03695110219698,-8.12253689460616,7.840868438925036,0.1847064073852695,0.5525832053548498,74.41684006470052,Attacked,Played,Nudge,0.5302734375,0.4779281616210938,9.189374,0.108619,-0.249450816167508,0.0,-10.6,-32.5930367328818,-1.02623668883505,-1.02623668883505,-7.943154,-0.120323,0.763844,-8.840948,-0.150318,0.821386,-13.09326648972938,-10.06000622724754,-0.1913998113733167,0.8855027397261318,0.5626642875464747,-0.1026912362155579,0.0446163366398673,-1.0,BRABOURNE-STADIUM-MUMBAI,2022-03-31,2022,R,L,L,Lucknow-Super-Giants,Chennai-Super-Kings,Seam,1.0
462,2,77,Lucknow Super Giants,Quinton De Kock,Mukesh Choudhary,,1,4,0,0,0,0,0,0,1,0,0,0,0,0,0,0,0,,,0,0.4,2,1,0,192438,62.31,30.98,0,0,,39,ANGLED IN,49,FORWARD DEFENCE,0,0,4,0,1,0,0,0,0,0,0,0,0,0,83.68310162407252,-8.711808107376402,8.340711418111475,0.3684379635127423,1.897318366852638,-0.270319948536143,-0.321514667867305,-4.83828988955283,-35.1415933096985,-0.700059831937601,-7.20334919614732,8.836875963102996,0.1373578606183387,0.7217930003355825,104.5331639885035,Defended,Played,Defend,0.511734008789063,0.460418701171875,7.939999,0.181186,-0.251011380783561,0.0,-10.6,-33.4432245413894,-0.340759941251594,-0.340759941251594,-7.817583,0.121854,0.777883,-8.840732,0.11092,0.880043,-11.58406626206748,-10.06027252527859,0.0977698239446264,0.9884423025719792,-0.2238365682486812,0.5574666786080157,-0.0197275064699586,-1.0,BRABOURNE-STADIUM-MUMBAI,2022-03-31,2022,L,R,L,Lucknow-Super-Giants,Chennai-Super-Kings,Seam,1.0
462,2,77,Lucknow Super Giants,Quinton De Kock,Mukesh Choudhary,,1,5,0,0,0,0,0,0,1,0,0,0,0,0,0,0,0,,,0,0.5,2,1,0,192439,78.43,40.19,0,0,,39,ANGLED IN,97,BACKFOOT PUSH,0,0,5,0,1,0,0,0,0,0,0,0,0,0,83.42299043941063,-8.027503472071848,8.341031518101168,0.4503248537680155,1.927386193046363,-0.263920340577232,-1.12009529944555,-7.35702772510482,-34.3096442750402,-1.53872951723017,-7.43756014809064,8.200531788483723,0.1720448136008451,0.6249928502713591,86.54444618061935,Attacked,Edged,Nudge,0.520042419433594,0.4660720825195313,7.719158,0.040065,-0.245068887678859,0.0,-10.6,-32.2556926666386,-0.766604090491638,-0.766604090491638,-7.614641,-0.087855,0.659425,-8.841066,-0.118368,0.765646,-12.23119004730836,-10.05975593210442,-0.1489857233013684,0.85535305993892,-0.7112138426916761,1.206435692393219,-0.0639424848490959,-1.0,BRABOURNE-STADIUM-MUMBAI,2022-03-31,2022,L,R,L,Lucknow-Super-Giants,Chennai-Super-Kings,Seam,1.0
462,2,77,Lucknow Super Giants,Quinton De Kock,Mukesh Choudhary,,1,6,1,1,1,1,0,0,0,0,0,0,0,0,0,0,0,,,0,0.6,2,1,0,192440,-7.67,111.09,1,0,,39,ANGLED IN,53,FRONTFOOT STRAIGHT DRIVE,0,0,6,0,2,0,0,0,0,0,0,0,0,0,84.97801748595423,-5.803276408372549,8.340625839905051,0.3457916611444257,1.950205482358672,-0.263395053520221,-0.002923380113583,-7.00244942133815,-34.2413569576287,-1.01476547505297,-6.45376169531918,7.97285890981373,0.1821075619064978,0.7000416433779341,96.79549031604034,Attacked,Played,,0.504673004150391,0.4583702087402344,4.968378,-0.032828,-0.244581121125919,0.0,-10.6,-32.2574083863694,-0.248735747413146,-0.248735747413146,-7.80706,-0.053985,0.374821,-8.840929,-0.062158,0.487916,-10.67380891525002,-10.06028079519532,-0.0718814941731615,0.6075724830444382,-0.1605424469368346,1.255704844816424,-0.0161611276452173,-1.0,BRABOURNE-STADIUM-MUMBAI,2022-03-31,2022,L,R,L,Lucknow-Super-Giants,Chennai-Super-Kings,Seam,1.0
462,2,77,Lucknow Super Giants,Quinton De Kock,Tushar Deshpande,,2,1,0,0,0,0,0,0,1,0,0,0,0,0,0,0,0,,,0,1.1,2,1,0,192441,57.71,89.91,0,0,,30,ANGLED ACROSS,84,FRONTFOOT OFF DRIVE,0,0,1,1,2,0,1,0,0,0,0,0,0,0,80.34055424994791,-6.083361994231923,8.34073437852263,-0.6746562746111598,1.968170830445834,-0.252898230613779,0.50900048451238,-6.04483231131568,-32.8767699797913,2.26064542211732,-6.15935598238753,7.429623192064226,0.2371509844597682,0.6454232712523545,83.09839224187638,Attacked,Played,Off-Drive,0.530799865722656,0.4873580932617188,5.261642,0.149119,-0.234834071284223,0.0,-10.6,-30.4854072547788,1.99989744549583,1.99989744549583,-8.009018,0.362392,0.424959,-8.840566,0.418511,0.500618,-10.61117263074783,-10.06025452027943,0.5014996450103097,0.5972053944084552,0.665710491864503,-0.1802057984366744,0.0735401919464969,-1.0,BRABOURNE-STADIUM-MUMBAI,2022-03-31,2022,L,R,L,Lucknow-Super-Giants,Chennai-Super-Kings,Seam,1.0
462,2,77,Lucknow Super Giants,Quinton De Kock,Tushar Deshpande,,2,2,0,0,0,0,0,0,1,0,0,0,0,0,0,0,0,,,0,1.2,2,1,0,192442,59.09,111.09,0,0,,30,ANGLED ACROSS,84,FRONTFOOT OFF DRIVE,0,0,2,1,2,0,0,0,0,0,0,0,0,0,83.37639742960548,-6.593248060174503,8.340814618644366,-0.689549792129397,1.947580923164149,-0.266470568149373,-0.293158529378005,-6.52769651091612,-34.6411738594185,2.2504676649057,-6.63315575856594,7.815325641066291,0.2451509088478478,0.6605389277520618,84.56574827802449,Attacked,Played,Off-Drive,0.514503479003906,0.4659919738769531,5.924614,0.101733,-0.247436956138704,0.0,-10.6,-31.921915442164,2.42583019756942,2.42583019756942,-7.974363,0.397896,0.508345,-8.840808,0.465994,0.590837,-10.8398898125023,-10.05972797671899,0.5626041182991512,0.693534734553029,0.1730969388946429,0.6287009900134807,0.0185962454676729,-1.0,BRABOURNE-STADIUM-MUMBAI,2022-03-31,2022,L,R,L,Lucknow-Super-Giants,Chennai-Super-Kings,Seam,1.0
462,2,77,Lucknow Super Giants,Quinton De Kock,Tushar Deshpande,,2,3,4,4,4,0,0,0,0,0,0,0,0,0,1,0,0,,,0,1.3,2,1,0,192443,-182.64,68.73,4,0,,30,ANGLED ACROSS,58,BACKFOOT PULL SHOT,0,0,3,1,6,0,0,0,0,0,0,0,0,0,84.21555637754265,-9.361624894326924,8.341007888992714,-0.7295529166804217,1.947187744701698,-0.267591478083647,0.128011010748155,-5.73349298150744,-34.7868921508742,1.94540413282269,-7.73954422919966,8.762985098433518,0.1830266062121049,0.6460925704597109,88.61122494774615,Attacked,Played,Pull-Hook,0.521621704101563,0.465911865234375,8.525057,-0.202021,-0.248477801077673,0.0,-10.6,-32.4396242524419,2.13013816057595,2.13013816057595,-7.625778,0.207562,0.809588,-8.84084,0.291665,0.918284,-12.54312702934784,-10.06000237200828,0.3768883595927035,1.011573537359926,0.2790519009412738,0.5560710979871412,0.0196472804690715,-1.0,BRABOURNE-STADIUM-MUMBAI,2022-03-31,2022,L,R,L,Lucknow-Super-Giants,Chennai-Super-Kings,Seam,1.0
462,2,77,Lucknow Super Giants,Quinton De Kock,Tushar Deshpande,,2,4,1,1,1,1,0,0,0,0,0,0,0,0,0,0,0,,,0,1.4,2,1,0,192444,91.78,-15.99,1,0,,30,ANGLED ACROSS,97,BACKFOOT PUSH,0,0,4,1,7,0,0,0,0,0,0,0,0,0,85.6426020685925,-8.308046384431648,8.341030407791497,-0.7535476027767897,1.93093846699468,-0.268747215735093,0.0578871489812202,-5.69078393396133,-34.9371380455621,1.8946417249796,-7.21385541027432,6.244346996307527,0.1379363293573507,0.5072197171526382,72.28932463716068,Attacked,Played,Cut,0.505645751953125,0.4825286865234375,7.60991,-0.193916,-0.249550986039729,0.0,-10.6,-33.4406664606868,1.79319679838069,1.79319679838069,-8.52177,0.139274,0.537847,-8.841059,0.15723,0.554233,-11.66653561475658,-10.06010271233631,0.2262029506563279,0.6072910395520394,0.2634505367364876,-0.0346653173575108,0.024162837500637,-1.0,BRABOURNE-STADIUM-MUMBAI,2022-03-31,2022,L,R,L,Lucknow-Super-Giants,Chennai-Super-Kings,Seam,1.0
462,2,77,Lucknow Super Giants,K L Rahul,Tushar Deshpande,,2,5,4 (LB),4,0,0,0,0,1,4,0,0,0,1,1,0,0,,,0,1.5,2,1,1,192445,51.26,-140.3,4,0,,39,ANGLED IN,58,BACKFOOT PULL SHOT,0,0,5,1,11,0,0,0,0,0,0,0,0,0,83.96445800715841,-9.420447662989822,8.340898543195419,-0.7182870308275813,1.921037178152942,-0.272070015502823,-0.108669157817892,-5.78903303486352,-35.3691020153669,2.20386589859143,-7.84088825119744,8.81738691089698,0.1769093729571071,0.654440556464687,90.47514617399234,Defended,Played,Defend,0.52130126953125,0.4910430908203125,8.683009,-0.13051,-0.252636442966907,0.0,-10.6,-33.0803947095662,2.03255531311991,2.03255531311991,-8.645965,0.328993,0.935835,-8.841039,0.341693,0.952718,-12.49960952732692,-10.06018700108147,0.4215237717052372,1.049362441923527,0.2041667659060553,-0.0495194790443355,0.0169914413112476,-1.0,BRABOURNE-STADIUM-MUMBAI,2022-03-31,2022,R,L,L,Lucknow-Super-Giants,Chennai-Super-Kings,Seam,1.0
462,2,77,Lucknow Super Giants,K L Rahul,Tushar Deshpande,,2,6,0,0,0,0,0,0,1,0,0,0,0,0,0,0,0,,,0,1.6,2,1,0,192446,51.26,-140.3,0,0,,37,NIPPED AWAY,97,BACKFOOT PUSH,0,0,6,1,11,0,0,0,0,0,0,0,0,0,87.26043088840642,-10.61697112143096,8.34053486955856,-0.7424553715049076,1.894424880831263,-0.276440006174235,0.710771903271381,-6.8362249669963,-35.9372008026505,1.17525132397124,-8.77748764535588,9.303622258676237,0.174406901389544,0.6245751769954928,86.24558641036953,Attacked,Missed,Nudge,0.509593963623047,0.5358238220214844,9.751679,-0.487917,-0.256694291447503,0.0,-10.6,-33.4645395058103,0.571823289014983,0.571823289014983,-999.9,-999.9,-999.9,-8.84046,-0.337135,1.111919,-13.72549388327245,-10.05979060451656,-0.3147281818093015,1.209074538177298,0.3641290850413039,-0.8941287330867814,0.0266862814931935,-1.0,BRABOURNE-STADIUM-MUMBAI,2022-03-31,2022,R,L,L,Lucknow-Super-Giants,Chennai-Super-Kings,Seam,1.0
462,2,77,Lucknow Super Giants,Quinton De Kock,Mukesh Choudhary,,3,1,1,1,1,1,0,0,0,0,0,0,0,0,0,0,0,,,0,2.1,2,1,0,192447,-129.23,36.5,1,0,,39,ANGLED IN,27,FORWARD PUSH,0,0,1,2,12,0,1,0,0,0,0,0,0,0,78.55420133865962,-8.14950484700866,8.340861248214903,0.3742303147623373,1.906257068402844,-0.266562530968854,-1.91935633685857,-6.88093211652681,-34.653129025951,-1.71429854923004,-7.39443356632045,7.813407611646476,0.1250086715891646,0.6158364255096014,89.87459666752375,Attacked,Played,Nudge,0.56048583984375,0.4625015258789063,7.782831,-0.047441,-0.247522350185365,0.0,-10.6,-33.1855137505668,-1.04231124448361,-1.04231124448361,-7.736851,-0.222511,0.642129,-8.841051,-0.258821,0.73231,-12.04536799369176,-10.06032246540128,-0.2992819759779756,0.8176458927069519,-1.076398800267902,1.033136964794134,-0.0961264555327989,-1.0,BRABOURNE-STADIUM-MUMBAI,2022-03-31,2022,L,R,L,Lucknow-Super-Giants,Chennai-Super-Kings,Seam,1.0
462,2,77,Lucknow Super Giants,K L Rahul,Mukesh Choudhary,,3,2,0,0,0,0,0,0,1,0,0,0,0,0,0,0,0,,,0,2.2,2,1,0,192448,-48.65,82.55,0,0,,30,ANGLED ACROSS,97,BACKFOOT PUSH,0,0,2,2,12,0,0,0,0,0,0,0,0,0,84.6140684818033,-9.388992173307182,8.341135870126635,0.3434034172373873,1.917497442302387,-0.267066122728898,-2.04186271807455,-6.29704704976751,-34.7185959547567,-1.46556995403778,-7.86431194267829,8.60110073087278,0.1546562536680413,0.6299758977167011,89.03075929070106,Defended,Played,Defend,0.517936706542969,0.4938812255859375,8.708624,0.022806,-0.247989971105405,0.0,-10.6,-32.7547045268593,-0.898746968323285,-0.898746968323285,-8.50773,-0.179075,0.873694,-8.840552,-0.188743,0.900763,-12.76302288824373,-10.0600985144209,-0.2243922592321772,0.98997165887489,-1.011013076468771,0.8454534091984692,-0.0842970466328941,-1.0,BRABOURNE-STADIUM-MUMBAI,2022-03-31,2022,R,L,L,Lucknow-Super-Giants,Chennai-Super-Kings,Seam,1.0
462,2,77,Lucknow Super Giants,K L Rahul,Mukesh Choudhary,,3,3,6,6,6,0,0,0,0,0,0,0,0,0,0,1,0,,,0,2.3,2,1,0,192449,-170.21,113.86,6,0,,30,ANGLED ACROSS,15,LOFTED COVER DRIVE,0,0,3,2,18,0,0,0,0,0,0,0,0,0,86.02278760724619,-5.742645349217216,8.340441095040436,0.3481221820226863,1.958878330759936,-0.266154929981993,-1.32142536227907,-6.93974980112132,-34.6001408976591,-2.2237526009176,-6.44021608658095,7.961644901362456,0.1984531316350041,0.70491594827098,95.8920790771466,Attacked,Played,,0.498607635498047,0.465911865234375,4.789231,-0.39136,-0.247143863554708,0.0,-10.6,-32.4600865959362,-1.45112996336531,-1.45112996336531,-8.216633,-0.524554,0.407151,-8.840447,-0.553151,0.475384,-10.54395417931895,-10.06002875847794,-0.6094652546718051,0.597715340857542,-1.086790718438904,1.117637945853339,-0.121487864072489,86.0,BRABOURNE-STADIUM-MUMBAI,2022-03-31,2022,R,L,L,Lucknow-Super-Giants,Chennai-Super-Kings,Seam,1.0
462,2,77,Lucknow Super Giants,K L Rahul,Mukesh Choudhary,,3,4,4,4,4,0,0,0,0,0,0,0,0,0,1,0,0,,,0,2.4,2,1,0,192450,-157.77,-74.0,4,0,,30,ANGLED ACROSS,96,SLICED OVER POINT,0,0,4,2,22,0,0,0,0,0,0,0,0,0,84.42138203164804,-5.000900967128088,8.340812900607194,0.4219866714671163,1.974718841869344,-0.259591133466706,-0.961416737034951,-6.88847451060767,-33.7468473506718,-2.18710836106564,-6.12154634275821,7.645219200003315,0.1763186107865377,0.699561323681234,97.30233747353134,Attacked,Played,Off-Drive,0.504203796386719,0.4749755859375,3.740158,-0.396847,-0.241048909647656,0.0,-10.6,-31.9029884818891,-2.26423375376948,-2.26423375376948,-8.325315,-0.54027,0.28848,-8.840992,-0.577505,0.346429,-10.28143484329871,-10.05973681375485,-0.6660988876572318,0.4727821555708625,-0.97702435376638,-0.3515041703001507,-0.11941862623197,-1.0,BRABOURNE-STADIUM-MUMBAI,2022-03-31,2022,R,L,L,Lucknow-Super-Giants,Chennai-Super-Kings,Seam,1.0
462,2,77,Lucknow Super Giants,K L Rahul,Mukesh Choudhary,,3,5,0,0,0,0,0,0,1,0,0,0,0,0,0,0,0,,,0,2.5,2,1,0,192451,-54.18,101.88,0,0,,30,ANGLED ACROSS,84,FRONTFOOT OFF DRIVE,0,0,5,2,22,0,0,0,0,0,0,0,0,0,80.25360549298033,-6.731245654644166,8.340553991540212,0.4063263016118503,1.954462591931799,-0.265852408789374,-0.821001764408002,-6.16414904113457,-34.5608131426186,-1.59077374998219,-6.61328912805632,7.416338840473258,0.1574868357050537,0.6461980802808999,91.18102847162962,Attacked,Played,Off-Drive,0.539703369140625,0.4651336669921875,5.831928,-0.096432,-0.246862951018704,0.0,-10.6,-32.8307829195353,-1.85024792874557,-1.85024792874557,-8.0459,-0.314742,0.460562,-8.840459,-0.360987,0.532803,-10.83272684819354,-10.05979140749755,-0.4325145125673065,0.6314959413524999,-0.6622495109810713,-0.5902478298819541,-0.0721412135015013,-1.0,BRABOURNE-STADIUM-MUMBAI,2022-03-31,2022,R,L,L,Lucknow-Super-Giants,Chennai-Super-Kings,Seam,1.0
462,2,77,Lucknow Super Giants,K L Rahul,Mukesh Choudhary,,3,6,2,2,2,0,1,0,0,0,0,0,0,0,0,0,0,,,0,2.6,2,1,0,192452,138.28,-53.74,2,0,,38,STRAIGHT BALL,58,BACKFOOT PULL SHOT,0,0,6,2,24,0,0,0,0,0,0,0,0,0,84.65590266092885,-9.91101087735396,8.340774657681724,0.4025545893712472,1.911745107944538,-0.267772468741004,-1.22212544263423,-5.32770011376472,-34.8104209363305,-1.06226773585591,-7.91693029392639,8.767225126553019,0.1518417122538401,0.6395134999398536,90.74285376559402,Attacked,Played,Pull-Hook,0.518039703369141,0.4834213256835938,8.970045,0.166527,-0.248645863830932,0.0,-10.6,-32.8290881605103,-1.32293066603944,-1.32293066603944,-8.176799,-0.127005,0.885814,-8.840588,-0.155347,0.941461,-12.81282839842367,-10.06029470457796,-0.2078212702155808,1.031649280071,-0.6083834335771235,-0.559744996590471,-0.048403090110459,-1.0,BRABOURNE-STADIUM-MUMBAI,2022-03-31,2022,R,L,L,Lucknow-Super-Giants,Chennai-Super-Kings,Seam,1.0
462,2,77,Lucknow Super Giants,Quinton De Kock,Tushar Deshpande,,4,1,4,4,4,0,0,0,0,0,0,0,0,0,1,0,0,,,0,3.1,2,1,0,192453,25.02,212.39,4,0,,30,ANGLED ACROSS,53,FRONTFOOT STRAIGHT DRIVE,0,0,1,3,28,0,1,0,0,0,0,0,0,0,83.41822848516281,-6.617193383127177,8.34080029938147,-0.712997381347941,1.971823721353508,-0.263334114268684,-0.219894965023849,-5.5476695596818,-34.2334348549289,2.22541953210802,-6.34912814430868,6.919242446594652,0.1635973819077477,0.6222494182966083,86.97767455371648,Attacked,Played,Off-Drive,0.515625,0.4653854370117188,5.554016,0.097484,-0.244524534678064,0.0,-10.6,-32.5554899122393,2.06097177317106,2.06097177317106,-7.960738,0.31908,0.418442,-8.841036,0.376488,0.492631,-10.50701594501509,-10.05999608757841,0.4566330090710202,0.5824465237185543,0.2142558962725904,-0.0970472290006588,0.0235645321809517,-1.0,BRABOURNE-STADIUM-MUMBAI,2022-03-31,2022,L,R,L,Lucknow-Super-Giants,Chennai-Super-Kings,Seam,1.0
462,2,77,Lucknow Super Giants,Quinton De Kock,Tushar Deshpande,,4,2,0,0,0,0,0,0,1,0,0,0,0,0,0,0,0,,,0,3.2,2,1,0,192454,25.02,212.39,0,0,,43,NIPBACKER,84,FRONTFOOT OFF DRIVE,0,0,2,3,28,0,0,0,0,0,0,0,0,0,84.34177925583688,-8.356480764978095,8.340963206273553,-0.6867583407347941,1.935018028362636,-0.268089479484327,0.243044567790014,-5.75316204303336,-34.8516323329626,2.0739211614776,-7.24344701682239,7.156139956131451,0.1793836030755115,0.569320923282182,77.45977818477614,Attacked,Missed,Cut,0.515636444091797,0.536407470703125,7.673304,-0.083991,-0.248940230949733,0.0,-10.6,-32.8457902788508,1.36589395889435,1.36589395889435,-999.9,-999.9,-999.9,-8.840485,0.191176,0.659957,-11.74101293836635,-10.06004390175469,0.2447605897889005,0.7298064563306504,0.3679087365117744,-1.024216304310285,0.0334726891934816,-1.0,BRABOURNE-STADIUM-MUMBAI,2022-03-31,2022,L,R,L,Lucknow-Super-Giants,Chennai-Super-Kings,Seam,1.0
462,2,77,Lucknow Super Giants,Quinton De Kock,Tushar Deshpande,,4,3,4,4,4,0,0,0,0,0,0,0,0,0,1,0,0,,,0,3.3,2,1,0,192455,154.4,141.94,4,0,,30,ANGLED ACROSS,51,FRONTFOOT COVERDRIVE,0,0,3,3,32,0,0,0,0,0,0,0,0,0,86.61023414871251,-6.770587255758303,8.340413554023947,-0.7116870464410852,1.943506586317909,-0.269121285638144,0.494443620394284,-5.45213551339862,-34.9857671329587,2.25605804445001,-6.43976190736509,7.594557635763929,0.1754601526266528,0.6854224051890712,95.2673455156954,Attacked,Played,Off-Drive,0.497520446777344,0.4595260620117188,5.746078,0.037562,-0.249898336663991,0.0,-10.6,-33.1050563383397,1.80151171559326,1.80151171559326,-8.046412,0.243593,0.481011,-8.840699,0.288207,0.55705,-10.42957973491742,-10.06028658560145,0.3572526760379746,0.6619126708220078,0.5803910421889017,-0.5747604238958498,0.061840501194624,-1.0,BRABOURNE-STADIUM-MUMBAI,2022-03-31,2022,L,R,L,Lucknow-Super-Giants,Chennai-Super-Kings,Seam,1.0
462,2,77,Lucknow Super Giants,Quinton De Kock,Tushar Deshpande,,4,4,4,4,4,0,0,0,0,0,0,0,0,0,1,0,0,,,0,3.4,2,1,0,192456,-58.78,-137.54,4,0,,8,OFF CUTTER,58,BACKFOOT PULL SHOT,0,0,4,3,36,0,0,0,0,0,0,0,0,0,74.52539357907857,-11.17585015575118,8.340548484628037,-0.7501108402865672,1.891812432286054,-0.237170740914336,-0.580210966720993,-9.14546634998609,-30.8321963188637,0.389247282743784,-8.6994607160272,9.98595153617107,0.1212056292170128,0.590087641776579,86.39258334478558,Attacked,Played,Pull-Hook,0.594314575195313,0.5172271728515625,10.613863,-0.637185,-0.220229973706169,0.0,-10.6,-29.1550093513779,0.419508989076416,0.419508989076416,-7.142114,-0.523099,1.037213,-8.840931,-0.496968,1.156849,-15.75668226960064,-10.06017724958758,-0.4779897768968839,1.217953174233702,-0.2085924551707501,0.1010635839959816,-0.0118577906350143,-1.0,BRABOURNE-STADIUM-MUMBAI,2022-03-31,2022,L,R,L,Lucknow-Super-Giants,Chennai-Super-Kings,Seam,1.0
462,2,77,Lucknow Super Giants,Quinton De Kock,Tushar Deshpande,,4,5,0,0,0,0,0,0,1,0,0,0,0,0,0,0,0,,,0,3.5,2,1,0,192457,29.62,8.88,0,0,,38,STRAIGHT BALL,11,LOFTED ON DRIVE,0,0,5,3,36,0,0,0,0,0,0,0,0,0,85.9856188800752,-6.431753211239071,8.341219073894806,-0.6658980497154909,1.925512777588352,-0.267022390215734,0.229099819883404,-5.3200669583869,-34.7129107280455,1.11881502703044,-6.21507528107247,6.634127041771267,0.1670169510051895,0.6182262077172621,86.03223605707038,Attacked,Missed,Slog,0.497714996337891,0.4628562927246094,5.332311,-0.279275,-0.247949362343182,0.0,-10.6,-33.035869270956,1.00590768039929,1.00590768039929,-8.123204,-0.174545,0.380835,-8.840759,-0.152063,0.439398,-10.15080820636038,-10.06018758415773,-0.1135673870468934,0.5273771139638677,0.2916941257955756,-0.1019757733565441,0.0325747734507184,-1.0,BRABOURNE-STADIUM-MUMBAI,2022-03-31,2022,L,R,L,Lucknow-Super-Giants,Chennai-Super-Kings,Seam,1.0
462,2,77,Lucknow Super Giants,Quinton De Kock,Tushar Deshpande,,4,6,0,0,0,0,0,0,1,0,0,0,0,0,0,0,0,,,0,3.6,2,1,0,192458,79.81,53.08,0,0,,30,ANGLED ACROSS,51,FRONTFOOT COVERDRIVE,0,0,6,3,36,0,0,0,0,0,0,0,0,0,87.1062580974461,-3.771045562160216,8.340489848193055,-0.7074936986078395,1.938493633775016,-0.263702399234477,1.05823778701268,-6.33743546359736,-34.2813119004819,2.32990729389046,-5.5410155321035,6.310780704321727,0.1879121463076763,0.650000000000001,88.70878536923253,Attacked,Played,Off-Drive,0.483478546142578,0.44476318359375,1.22115,0.271912,-0.244866513574871,-0.534632748352816,-10.6,-32.5672463054579,2.21341192919593,2.21341192919593,-7.947613,0.211902,0.1739,-8.840726,0.27204,0.032672,-9.181521656486344,-10.06015769048553,0.3549214039599132,0.1606325558780287,1.185855353074575,-1.2722218725854072e-14,0.150601331132271,-1.0,BRABOURNE-STADIUM-MUMBAI,2022-03-31,2022,L,R,L,Lucknow-Super-Giants,Chennai-Super-Kings,Seam,1.0
462,2,77,Lucknow Super Giants,K L Rahul,Mukesh Choudhary,,5,1,4,4,4,0,0,0,0,0,0,0,0,0,1,0,0,,,0,4.1,2,1,0,192459,155.78,144.71,4,0,,30,ANGLED ACROSS,46,FRONTFOOT PULL SHOT,0,0,1,4,40,0,1,0,0,0,0,0,0,0,80.10016803650751,-10.29088727999087,8.340533246928217,0.4156170325082893,1.915632420409354,-0.264583870255663,-0.153522283077681,-5.7691208691209,-34.3959031332362,-1.98018454395635,-8.15307580563082,8.76152243614315,0.1640212953632513,0.6098383567884613,85.07362398194407,Attacked,Played,Pull-Hook,0.535194396972656,0.463714599609375,9.322465,-0.084574,-0.245685022380258,0.0,-10.6,-32.2608300334371,-1.59133990051155,-1.59133990051155,-7.297403,-0.416517,0.829885,-8.840904,-0.497157,0.956186,-13.33506350654807,-10.06009175926282,-0.5615710246846767,1.037517568459637,-0.2754519176063969,0.4709440990622825,-0.0213224739825587,-1.0,BRABOURNE-STADIUM-MUMBAI,2022-03-31,2022,R,L,L,Lucknow-Super-Giants,Chennai-Super-Kings,Seam,1.0
462,2,77,Lucknow Super Giants,K L Rahul,Mukesh Choudhary,,5,2,0,0,0,0,0,0,1,0,0,0,0,0,0,0,0,,,0,4.2,2,1,0,192460,-44.51,-47.76,0,0,,8,OFF CUTTER,44,GLIDE,0,0,2,4,40,0,0,0,0,0,0,0,0,0,81.66561387474474,-10.91353069487475,8.341192342274134,0.5040634957911134,1.924700369823669,-0.258605499178176,-1.04175764718065,-6.34397015396408,-33.6187148931629,-1.67137690730071,-8.46207069006666,7.93776401507538,0.1380634668333193,0.524470311755136,74.86420007993848,Attacked,Edged,Nudge,0.5394287109375,0.5261077880859375,9.890899,0.125558,-0.240133677808307,0.0,-8.3608841024158,-31.8295847156874,-1.77777666055933,-1.77777666055933,-8.815367,-0.373832,0.957329,-8.840562,-0.375338,0.959095,-14.12826488298797,-10.0600694960194,-0.4485801093615352,1.037791288178817,-0.5824444600836809,-0.3506630119931382,-0.0420534679385414,-1.0,BRABOURNE-STADIUM-MUMBAI,2022-03-31,2022,R,L,L,Lucknow-Super-Giants,Chennai-Super-Kings,Seam,1.0
462,2,77,Lucknow Super Giants,K L Rahul,Mukesh Choudhary,,5,3,1,1,1,1,0,0,0,0,0,0,0,0,0,0,0,,,0,4.3,2,1,0,192461,51.72,88.99,1,0,,38,STRAIGHT BALL,47,FRONTFOOT ON DRIVE,0,0,3,4,41,0,0,0,0,0,0,0,0,0,85.85063610464074,-4.717573309730041,8.340423015839963,0.4726551147752118,1.947696011839733,-0.263214105055346,-0.682152636273105,-6.52331058731936,-34.217833657195,-1.33245280333367,-5.90516631733737,5.447334419521478,0.1251242584659511,0.5346255907283574,77.6814127626585,Attacked,Played,,0.496467590332031,0.4619178771972656,3.144600000000001,-0.028446,-0.244413097551393,0.0,-10.6,-33.1061873132359,-0.493372808897753,-0.493372808897753,-8.244741,-0.048355,0.156698,-8.841029,-0.057349,0.204693,-9.791415116754242,-10.05971419332587,-0.0758573280717604,0.2923725232178425,-0.6645407557906697,1.376187571966428,-0.084139525547152,-1.0,BRABOURNE-STADIUM-MUMBAI,2022-03-31,2022,R,L,L,Lucknow-Super-Giants,Chennai-Super-Kings,Seam,1.0
462,2,77,Lucknow Super Giants,Quinton De Kock,Mukesh Choudhary,,5,4,4,4,4,0,0,0,0,0,0,0,0,0,1,0,0,,,0,4.4,2,1,0,192462,-155.93,-64.79,4,0,,39,ANGLED IN,40,FRONTFOOT FLICK,0,0,4,4,45,0,0,0,0,0,0,0,0,0,85.29027423056868,-3.283034836898421,8.34063436571644,0.4988487419940513,1.969817176899411,-0.257763281043147,-1.20669482774923,-7.16584300087864,-33.5092265356091,-2.03219948938413,-5.70555079741993,6.644958290320529,0.1782994794796816,0.6499999999999992,89.67005205203172,Attacked,Played,Glance,0.492862701416016,0.444488525390625,0.833494,-0.35455,-0.239351618111493,0.455974537001202,-10.6,-31.8337652088286,-1.93058951491493,-1.93058951491493,-7.633952,-0.259901,0.2921,-8.841057,-0.331288,0.095641,-9.662971634944409,-10.05973967395177,-0.4050840123167104,0.1243032775252558,-1.304218322204055,-1.2722218725854072e-14,-0.154454125874131,-1.0,BRABOURNE-STADIUM-MUMBAI,2022-03-31,2022,L,R,L,Lucknow-Super-Giants,Chennai-Super-Kings,Seam,1.0
462,2,77,Lucknow Super Giants,Quinton De Kock,Mukesh Choudhary,,5,5,1 (WD),1,0,0,0,0,0,1,1,0,0,0,0,0,0,,,0,4.5,2,1,1,192463,-155.93,-64.79,1,0,,36,BOUNCER,105,LEFT ALONE,1,0,5,4,46,0,0,0,0,0,0,0,0,0,81.64356826553946,-18.65705325604507,8.340658179331246,0.4652202031833893,1.817471584924696,-0.261651260537426,-1.35132915884693,-13.8797545514033,-34.0146638698654,-0.762935875900859,-13.8057076328947,11.65801744036581,0.1249241529963161,0.4704995543721061,68.08251785618432,Attacked,Played,,0.573291778564453,0.5953216552734375,13.655905,0.373376,-0.242961884784753,0.0,-8.94441812791728,-31.4821167618104,-0.56005211667498,-0.56005211667498,-999.9,-999.9,-999.9,-8.840878,0.140782,1.982569,-22.09101228620641,-10.05979079294746,0.11666977773943,2.094004397081705,-0.3459985388281038,0.2657493439476958,-0.0411169896900028,-1.0,BRABOURNE-STADIUM-MUMBAI,2022-03-31,2022,L,R,L,Lucknow-Super-Giants,Chennai-Super-Kings,Seam,1.0
462,2,77,Lucknow Super Giants,Quinton De Kock,Mukesh Choudhary,,5,5,4,4,4,0,0,0,0,0,0,0,0,0,1,0,0,,,0,4.5,2,1,0,192464,-171.59,-13.68,4,0,,36,BOUNCER,58,BACKFOOT PULL SHOT,1,0,6,4,50,0,0,1,1,0,1,0,0,0,82.89999999999999,-14.62641686606965,8.340910066672496,0.4578398984605543,1.826494540146593,-0.264787866126837,-2.87271695158822,-8.79615989879067,-34.4224225964889,-1.68894812678682,-10.9680343210297,10.51295773932561,0.1640632701572382,0.5361793126753999,74.02056988558617,Attacked,Played,Pull-Hook,0.566459655761719,0.4883193969726563,12.173502,0.204236,-0.245874447117778,0.0,-10.6,-31.6901369516624,-0.772531690897189,-0.772531690897189,-7.392574,-0.036491,1.343538,-8.840922,-0.074843,1.458449,-17.67346631022432,-10.06006625015922,-0.1074921438572737,1.535687188517346,-0.9332695059223056,1.412523647666403,-0.0495989232518994,-1.0,BRABOURNE-STADIUM-MUMBAI,2022-03-31,2022,L,R,L,Lucknow-Super-Giants,Chennai-Super-Kings,Seam,1.0
462,2,77,Lucknow Super Giants,Quinton De Kock,Mukesh Choudhary,,5,6,1,1,1,1,0,0,0,0,0,0,0,0,0,0,0,,,0,4.6,2,1,0,192465,-71.21,66.43,1,0,,39,ANGLED IN,47,FRONTFOOT ON DRIVE,0,0,7,4,51,0,0,0,1,0,0,0,0,0,84.64439808252506,-5.495896853305664,8.341103978247027,0.5115650448003894,1.94443810580552,-0.261625248429803,-1.20255057651444,-6.71589319016241,-34.0112822958744,-1.60832263986117,-6.22954351352198,6.975672890812874,0.2253481187754125,0.6236853931225584,81.01799709084253,Attacked,Played,,0.504730224609375,0.4592056274414063,4.503405,-0.022197,-0.242937730684817,0.0,-10.6,-31.7544844057334,-0.990630696290071,-0.990630696290071,-7.79138,-0.092517,0.281189,-8.84113,-0.125973,0.380944,-10.37930958408392,-10.05997301438288,-0.1651641129232294,0.4824280173814532,-0.9707004598735258,0.9205294055367508,-0.117208822468182,-1.0,BRABOURNE-STADIUM-MUMBAI,2022-03-31,2022,L,R,L,Lucknow-Super-Giants,Chennai-Super-Kings,Seam,1.0
462,2,77,Lucknow Super Giants,Quinton De Kock,Dwayne Bravo,,6,1,2,2,2,0,1,0,0,0,0,0,0,0,0,0,0,,,0,5.1,2,1,0,192466,158.08,51.7,2,0,,38,STRAIGHT BALL,51,FRONTFOOT COVERDRIVE,0,0,1,5,53,0,1,0,1,0,0,0,0,0,81.00205457312805,-6.595499870614448,8.340732229479471,0.8924473876328353,1.995406035505276,-0.252452764776457,1.27141905543241,-6.96176969919445,-32.8188594209394,-0.512266276018121,-6.67625766078475,8.163195532218399,0.1357258139645005,0.6726193034462995,97.32031412049488,Attacked,Played,Off-Drive,0.521278381347656,0.4958610534667969,5.968098,0.623906,-0.234420424435281,0.0,-10.6,-31.3048960857817,-0.382192087418471,-0.382192087418471,-8.223736,0.572665,0.542417,-8.840919,0.564871,0.602809,-11.49863411993474,-10.06030889032576,0.5493609935887654,0.7098676904030788,0.6545867480299543,0.1947792035004424,0.0606027152347354,-1.0,BRABOURNE-STADIUM-MUMBAI,2022-03-31,2022,L,R,R,Lucknow-Super-Giants,Chennai-Super-Kings,Seam,1.0
462,2,77,Lucknow Super Giants,Quinton De Kock,Dwayne Bravo,,6,2,0,0,0,0,0,0,1,0,0,0,0,0,0,0,0,,,0,5.2,2,1,0,192467,85.33,77.94,0,0,,39,ANGLED IN,15,LOFTED COVER DRIVE,0,0,2,5,53,0,0,0,1,0,0,0,0,0,81.49424126224032,-5.629250561031444,8.34112148935618,0.7959175092217343,1.963054040317971,-0.25417902189907,0.863211147876774,-7.62102341389207,-33.0432728468791,-0.541665538480695,-6.49254207504702,7.612643962224094,0.2119584048075574,0.6339406744283598,83.89526068349824,Attacked,Played,Off-Drive,0.525993347167969,0.48468017578125,5.178502,0.52681,-0.236023377477708,0.0,-10.6,-30.7952935805722,-0.488422906088856,-0.488422906088856,-8.032827,0.476215,0.411684,-8.840511,0.463046,0.4892,-11.1162112901258,-10.06004138777736,0.4430023245222645,0.592393362725158,0.4308600297662202,0.0304906998718994,0.0472854480053746,-1.0,BRABOURNE-STADIUM-MUMBAI,2022-03-31,2022,L,R,R,Lucknow-Super-Giants,Chennai-Super-Kings,Seam,1.0
462,2,77,Lucknow Super Giants,Quinton De Kock,Dwayne Bravo,,6,3,0,0,0,0,0,0,1,0,0,0,0,0,0,0,0,,,0,5.3,2,1,0,192468,88.56,61.37,0,0,,38,STRAIGHT BALL,51,FRONTFOOT COVERDRIVE,0,0,3,5,53,0,0,0,1,0,0,0,0,0,71.93629865849456,-2.877704178597609,8.340851207462553,0.9250957421213186,1.987170868666484,-0.221094060234566,-0.285540122159334,-8.97335281019535,-28.7422278304936,-0.656236231580819,-6.11605491138235,8.050803585841534,0.1575347302184227,0.6284830814126727,88.51898919005865,Attacked,Played,Off-Drive,0.589027404785156,0.5444412231445312,3.151299,0.631807,-0.205301627360668,0.0,-10.6,-27.1754599294682,-0.533158938298285,-0.533158938298285,-8.065623,0.609009,0.202755,-8.840807,0.593621,0.296199,-12.01278910826255,-10.06029359152996,0.5692275199833179,0.4262375283729231,-0.3927726495250027,0.183988135333156,-0.0496664240544683,-1.0,BRABOURNE-STADIUM-MUMBAI,2022-03-31,2022,L,R,R,Lucknow-Super-Giants,Chennai-Super-Kings,Seam,1.0
462,2,77,Lucknow Super Giants,Quinton De Kock,Dwayne Bravo,,6,4,0,0,0,0,0,0,1,0,0,0,0,0,0,0,0,,,0,5.4,2,1,0,192469,88.56,61.37,0,0,,38,STRAIGHT BALL,105,LEFT ALONE,0,0,4,5,53,0,0,0,1,0,0,0,0,0,84.49813403762724,-4.756025630515579,8.340399888593794,0.8777740829083082,1.985273685300622,-0.258393057545635,2.50505363560048,-6.1333539361794,-33.5910974809325,0.374062305084562,-5.83550341468768,7.952164629367786,0.1609623541073897,0.7643842477925707,108.5614017581466,,,,0.501022338867188,0.5267257690429688,2.717244,0.799289,-0.23993641057809,0.0,-10.6,-31.9319991544309,0.499165955812261,0.499165955812261,-999.9,-999.9,-999.9,-8.84069,0.822838,0.20749,-9.855166696735058,-10.06023844730212,0.8422087985255058,0.3532031582561641,1.749223222743643,0.257578036251415,0.180614209823348,-1.0,BRABOURNE-STADIUM-MUMBAI,2022-03-31,2022,L,R,R,Lucknow-Super-Giants,Chennai-Super-Kings,Seam,1.0
462,2,77,Lucknow Super Giants,Quinton De Kock,Dwayne Bravo,,6,5,1,1,1,1,0,0,0,0,0,0,0,0,0,0,0,,,0,5.5,2,1,0,192470,122.17,-33.94,1,0,,8,OFF CUTTER,96,SLICED OVER POINT,0,0,5,5,54,0,0,0,1,0,0,0,0,0,73.13224018404617,-4.169330289446222,8.341096293895422,0.903959955476937,2.063311442418937,-0.226017417183467,-0.0090812151050101,-8.80122052274984,-29.3822642338507,-0.443631582507155,-6.42653077712113,8.119294576670505,0.3302937822327303,0.5778891044734167,63.65398744773947,Attacked,Played,Cut,0.62347412109375,0.5413742065429688,4.152739,0.700784,-0.209873315956077,0.0,-10.6,-26.0318282767654,0.483480162701743,0.483480162701743,-8.003738,0.740054,0.304602,-8.840818,0.755923,0.392528,-12.33752494631603,-10.05976477086937,0.7792275391395179,0.5009583854978126,-0.0927750534948834,1.929033766515892,-0.0111150264343443,-1.0,BRABOURNE-STADIUM-MUMBAI,2022-03-31,2022,L,R,R,Lucknow-Super-Giants,Chennai-Super-Kings,Seam,1.0
462,2,77,Lucknow Super Giants,K L Rahul,Dwayne Bravo,,6,6,1,1,1,1,0,0,0,0,0,0,0,0,0,0,0,,,0,5.6,2,1,0,192471,53.1,104.19,1,0,,30,ANGLED ACROSS,47,FRONTFOOT ON DRIVE,0,0,6,5,55,0,0,0,1,0,0,0,0,0,80.1692386923492,-6.331611568020818,8.340740929101806,0.7106154079002415,1.943100398199254,-0.255070760445351,0.120038932976034,-5.9776078337976,-33.1591988578957,-1.95621644014565,-6.25922209474497,6.929072659727735,0.1734619034252775,0.6105329906438404,84.23375825404831,Attacked,Played,,0.531085968017578,0.4875755310058594,5.513317,-0.02255,-0.23685142041354,0.0,-10.6,-31.4450674160903,-1.20735112121013,-1.20735112121013,-8.17529,-0.163812,0.408596,-8.841065,-0.190161,0.462404,-10.68953321150155,-10.0602809914559,-0.2387691878194208,0.548421597788459,-0.234175098598904,1.177409435312812,-0.0192937003106898,-1.0,BRABOURNE-STADIUM-MUMBAI,2022-03-31,2022,R,L,R,Lucknow-Super-Giants,Chennai-Super-Kings,Seam,1.0
462,2,77,Lucknow Super Giants,K L Rahul,Ravindra Jadeja,,7,1,1,1,1,1,0,0,0,0,0,0,0,0,0,0,0,,,0,6.1,2,1,0,192472,69.68,146.55,1,0,,10,ORTHODOX,101,BACKFOOT ON DRIVE,0,0,1,6,56,0,1,0,1,0,0,0,0,0,57.6081101843885,-4.430645195114908,8.340553044042704,-0.7490255327387227,2.108655672098095,-0.180753290308496,0.323768634801511,-9.39422780096742,-23.4979277401045,1.20465520875024,-6.55071225053957,10.17486302477636,0.1961887236459121,0.5885782078003107,78.6678588054554,Attacked,Played,,0.724777221679688,0.7245025634765625,6.47123,-0.202097,-0.167842341000746,0.0,-10.6,-21.4826329461064,0.442233101025953,0.442233101025953,-8.617098,-0.096498,0.653479,-8.840803,-0.0917,0.667225,-15.5773163062013,-10.06019184456493,-0.0653930309321112,0.720417021704791,0.5968386598815908,-1.755479588950222,0.0598517470525202,-1.0,BRABOURNE-STADIUM-MUMBAI,2022-03-31,2022,R,L,L,Lucknow-Super-Giants,Chennai-Super-Kings,Spin,1.0
462,2,77,Lucknow Super Giants,Quinton De Kock,Ravindra Jadeja,,7,2,2,2,2,0,1,0,0,0,0,0,0,0,0,0,0,,,0,6.2,2,1,0,192473,-125.08,-7.24,2,0,,10,ORTHODOX,40,FRONTFOOT FLICK,0,0,2,6,58,0,0,0,1,0,0,0,0,0,57.83684485505839,-3.429149220137273,8.3405193515242,-0.731511486967266,2.125366857637941,-0.181147310423068,0.0149721938117141,-9.89110824121656,-23.5491503549989,0.952455960151946,-6.61813169900737,8.199071091102512,0.1794188331974276,0.4748994385433505,63.29303246175982,Attacked,Played,Nudge,0.74285888671875,0.6744461059570312,5.752181,-0.245292,-0.16820821682142,0.0,-10.6,-21.8130464770867,0.419627324125924,0.419627324125924,-7.791507,-0.177358,0.402378,-8.840925,-0.156526,0.460154,-15.6972130853279,-10.06018642761538,-0.1321016811705313,0.4946220201611092,0.2221611026108085,-1.214002587914183,0.0237552159183325,-1.0,BRABOURNE-STADIUM-MUMBAI,2022-03-31,2022,L,R,L,Lucknow-Super-Giants,Chennai-Super-Kings,Spin,1.0
462,2,77,Lucknow Super Giants,Quinton De Kock,Ravindra Jadeja,,7,3,1,1,1,1,0,0,0,0,0,0,0,0,0,0,0,,,0,6.3,2,1,0,192474,-92.39,16.71,1,0,,23,ARM BALL,97,BACKFOOT PUSH,0,0,3,6,59,0,0,0,1,0,0,0,0,0,59.0687752378344,-4.094162952545385,8.340537840095578,-0.6979853258496259,2.100422704888316,-0.18463156379945,0.145807373986854,-9.11702026317812,-24.0021032939285,1.18652081416531,-6.42546183157779,10.70338857431739,0.1482741358956632,0.6599187670977149,94.16040147509092,Attacked,Played,Nudge,0.725509643554688,0.6824111938476562,5.876024,-0.124979,-0.171443594956632,0.0,-10.6,-22.4337903408343,0.851875054565274,0.851875054565274,-8.252413,0.031964,0.632041,-8.840587,0.055069,0.690183,-14.98689794893111,-10.06001968844764,0.1033162911592859,0.7864509291673776,0.4061987084753081,-0.6554183125507004,0.0413478707299422,-1.0,BRABOURNE-STADIUM-MUMBAI,2022-03-31,2022,L,R,L,Lucknow-Super-Giants,Chennai-Super-Kings,Spin,1.0
462,2,77,Lucknow Super Giants,K L Rahul,Ravindra Jadeja,,7,4,6,6,6,0,0,0,0,0,0,0,0,0,0,1,0,,,0,6.4,2,1,0,192475,-86.87,192.13,6,0,,10,ORTHODOX,122,STEP DOWN LOFTED OFF DRIVE,0,0,4,6,65,0,0,0,1,0,0,0,0,0,58.57527556772854,-2.676713926668123,8.340533528779108,-0.7595843600800388,2.125680864834628,-0.182066236103728,0.648968793804323,-9.5327136902128,-23.6686106934846,0.789374702526328,-6.44800683015771,10.92844677507439,0.174678606326465,0.6533618019646744,90.53640966205468,Attacked,Played,,0.734813690185547,0.6250991821289062,4.757167,-0.424387,-0.169061504953461,0.0,-10.6,-21.8188369680422,0.175305291448489,0.175305291448489,-6.970955,-0.410897,0.316153,-8.840618,-0.395566,0.57272,-15.23919033346768,-10.06008646079305,-0.3854421788000381,0.6976899071265992,0.960219380659052,-1.449832585528485,0.104586142716353,95.0,BRABOURNE-STADIUM-MUMBAI,2022-03-31,2022,R,L,L,Lucknow-Super-Giants,Chennai-Super-Kings,Spin,1.0
462,2,77,Lucknow Super Giants,K L Rahul,Ravindra Jadeja,,7,5,1,1,1,1,0,0,0,0,0,0,0,0,0,0,0,,,0,6.5,2,1,0,192476,86.72,137.8,1,0,,23,ARM BALL,58,BACKFOOT PULL SHOT,0,0,5,6,66,0,0,0,1,0,0,0,0,0,63.47882537785745,-6.386394365436868,8.340565913764301,-0.8427718533385407,2.111509815820043,-0.199456153655978,0.430200177106069,-8.13498817381196,-25.9292999752771,1.24779886646973,-6.61713015896154,9.720115210685943,0.2197323836508365,0.6106607930102975,79.62588058646098,Attacked,Played,Pull-Hook,0.687812805175781,0.6557464599609375,6.897439,-0.351211,-0.185209285537693,0.0,-10.6,-23.5899125108815,1.13932152014815,1.13932152014815,-8.48908,-0.088422,0.683692,-8.840887,-0.070664,0.707279,-14.3162544318304,-10.06016155556932,-0.0087179297495008,0.7693984755318786,0.5942905705978032,0.0099381997232706,0.0574936240312554,-1.0,BRABOURNE-STADIUM-MUMBAI,2022-03-31,2022,R,L,L,Lucknow-Super-Giants,Chennai-Super-Kings,Spin,1.0
462,2,77,Lucknow Super Giants,Quinton De Kock,Ravindra Jadeja,,7,6,0,0,0,0,0,0,1,0,0,0,0,0,0,0,0,,,0,6.6,2,1,0,192477,26.86,7.04,0,0,,23,ARM BALL,58,BACKFOOT PULL SHOT,0,0,6,6,66,0,0,0,1,0,0,0,0,0,59.8526,-5.673728651070412,8.340667030699084,-0.7501352013756738,2.070610489913492,-0.188727879232324,0.476318686846595,-9.69599506737095,-24.5346243002021,1.0403764958816,-6.81892260973109,8.704774954923295,0.1428454455673814,0.5179662236139084,73.41038898534813,Attacked,Missed,Pull-Hook,0.687812805175781,0.701385498046875,7.395053,-0.346312,-0.175247316430015,0.0,-10.6,-23.0686796901745,0.659140927905724,0.659140927905724,-8.765825,-0.167823,0.601083,-8.840828,-0.165575,0.603277,-15.53223899282918,-10.06022436524299,-0.1288392030415438,0.6216723645917426,0.6303549273932438,-0.7914737104247483,0.0549972875785488,-1.0,BRABOURNE-STADIUM-MUMBAI,2022-03-31,2022,L,R,L,Lucknow-Super-Giants,Chennai-Super-Kings,Spin,1.0
462,2,77,Lucknow Super Giants,K L Rahul,Moeen Ali,,8,1,0,0,0,0,0,0,1,0,0,0,0,0,0,0,0,,,0,7.1,2,1,0,192478,65.08,52.16,0,0,,25,OFF SPIN,47,FRONTFOOT ON DRIVE,0,0,1,7,66,0,1,0,1,0,0,0,0,0,56.43964503262249,-1.349506168328871,8.340938387250915,-0.4296191471863062,2.118562816946987,-0.174563827767456,-0.968161341646071,-9.52726967758425,-22.6932976097693,0.235973224576986,-6.33335383437163,11.92132281096727,0.2362593994416355,0.6720116166999395,87.17580256082738,Attacked,Played,,0.7664794921875,0.6847801208496094,3.985208999999999,-0.111782,-0.162094982926923,0.0,-10.6,-20.1593965849282,1.15871827753844,1.15871827753844,-7.723979,-0.016356,0.346553,-8.840935,0.049005,0.520524,-15.59360862382727,-10.060103906306,0.1210356136336168,0.6731833149668813,-1.265471885008945,2.693856321763757,-0.150977163015479,-1.0,BRABOURNE-STADIUM-MUMBAI,2022-03-31,2022,R,L,R,Lucknow-Super-Giants,Chennai-Super-Kings,Spin,1.0
462,2,77,Lucknow Super Giants,K L Rahul,Moeen Ali,,8,2,1,1,1,1,0,0,0,0,0,0,0,0,0,0,0,,,0,7.2,2,1,0,192479,71.52,144.71,1,0,,25,OFF SPIN,47,FRONTFOOT ON DRIVE,0,0,2,7,67,0,0,0,1,0,0,0,0,0,54.50536698657795,-1.860705042300868,8.340722858258058,-0.5467770500636224,2.125358580271214,-0.169274855120972,-1.30531233982121,-9.2368192280712,-22.0057311657264,0.29477033472517,-6.26727685450013,10.8241808350971,0.2075351386962224,0.6070376453477639,80.30213293254236,Attacked,Played,,0.774467468261719,0.7002525329589844,4.675303,-0.142534,-0.157183794040903,0.0,-10.6,-19.8981178738292,0.877639109618988,0.877639109618988,-7.502061,-0.048354,0.380195,-8.840938,0.012029,0.5386,-15.89706051973495,-10.05997318450499,0.067581021985598,0.6400152898090186,-1.747870548275133,1.758047091421615,-0.187021033056084,-1.0,BRABOURNE-STADIUM-MUMBAI,2022-03-31,2022,R,L,R,Lucknow-Super-Giants,Chennai-Super-Kings,Spin,1.0
462,2,77,Lucknow Super Giants,Quinton De Kock,Moeen Ali,,8,3,4,4,4,0,0,0,0,0,0,0,0,0,1,0,0,,,0,7.3,2,1,0,192480,173.28,96.82,4,0,,25,OFF SPIN,15,LOFTED COVER DRIVE,0,0,3,7,71,0,0,0,1,0,0,0,0,0,55.80334711184152,-2.784763269393899,8.340669160113404,0.93035730939538,2.103878387697871,-0.175453803604465,-0.931197323138841,-9.52591510697472,-22.8089944685805,-1.29979762747843,-6.40091901609861,11.40420186820682,0.2447347123442443,0.6385528244681282,81.30945243579481,Attacked,Played,Off-Drive,0.779491424560547,0.7095108032226562,5.385651,0.361198,-0.162921389061289,0.0,-10.6,-20.263203119605,-0.804378447474677,-0.804378447474677,-7.986875,0.227919,0.563259,-8.840674,0.192976,0.65452,-15.67578505531954,-10.05996884616208,0.1426408371377183,0.7508159822580741,-1.45052303609332,0.9882916094167444,-0.157551767415115,-1.0,BRABOURNE-STADIUM-MUMBAI,2022-03-31,2022,L,R,R,Lucknow-Super-Giants,Chennai-Super-Kings,Spin,1.0
462,2,77,Lucknow Super Giants,Quinton De Kock,Moeen Ali,,8,4,1,1,1,1,0,0,0,0,0,0,0,0,0,0,0,,,0,7.4,2,1,0,192481,143.81,37.42,1,0,,25,OFF SPIN,51,FRONTFOOT COVERDRIVE,0,0,4,7,72,0,0,0,1,0,0,0,0,0,53.57886690125822,-2.421887424297233,8.340932167321487,0.9064628207005564,2.115211377172227,-0.167446252411495,-0.799567496926654,-9.64808579275914,-21.7680128134944,-1.39716008571098,-6.42166214854358,11.37303521554676,0.2761731873672983,0.5945899933655545,71.57118026810335,Attacked,Played,Off-Drive,0.816810607910156,0.7561798095703125,5.602649,0.248696,-0.155485805810674,0.0,-10.6,-18.9825428136845,-0.29362555783464,-0.29362555783464,-8.110969,0.191318,0.574867,-8.84081,0.179645,0.635941,-16.43629741276245,-10.06008285179755,0.1599802868857115,0.7009381593581725,-1.400140622999174,2.786248718605724,-0.146908287330787,-1.0,BRABOURNE-STADIUM-MUMBAI,2022-03-31,2022,L,R,R,Lucknow-Super-Giants,Chennai-Super-Kings,Spin,1.0
462,2,77,Lucknow Super Giants,K L Rahul,Moeen Ali,,8,5,6,6,6,0,0,0,0,0,0,0,0,0,0,1,0,,,0,7.5,2,1,0,192482,134.6,154.83,6,0,,25,OFF SPIN,94,STEP DOWN LOFTED ON DRIVE,0,0,5,7,78,0,0,0,1,0,0,0,0,0,54.28911295272216,-1.65544843336063,8.340558747697898,-0.5259926354211228,2.105119306353278,-0.16914271704584,-0.876617061643444,-10.1352938305875,-21.9885532159593,0.589039705723918,-6.5267633233407,11.00420652606764,0.1597064764817145,0.6049167262590909,84.76686129069219,Attacked,Played,,0.787342071533203,0.6604957580566406,5.125275,-0.042532,-0.157061094399709,0.0,-10.6,-20.3035036784691,0.902010334914157,0.902010334914157,-6.661789,0.034712,0.327054,-8.841015,0.133686,0.596855,-16.53223144733024,-10.05996547726336,0.1898003606438854,0.6931315130409023,-1.047837133698274,1.00926975480865,-0.115209136166768,88.0,BRABOURNE-STADIUM-MUMBAI,2022-03-31,2022,R,L,R,Lucknow-Super-Giants,Chennai-Super-Kings,Spin,1.0
462,2,77,Lucknow Super Giants,K L Rahul,Moeen Ali,,8,6,2,2,2,0,1,0,0,0,0,0,0,0,0,0,0,,,0,7.6,2,1,0,192483,-117.26,48.94,2,0,,25,OFF SPIN,122,STEP DOWN LOFTED OFF DRIVE,0,0,6,7,80,0,0,0,1,0,0,0,0,0,56.94585613784135,-3.096654500106619,8.340754640382848,-0.5939624316831547,2.091093025149664,-0.177826051433556,-0.688166117647272,-9.38765459969664,-23.1173866863623,0.0711246932288375,-6.37804030566025,10.62936447807314,0.1946718779884642,0.6209907575044449,83.68142582682032,Attacked,Edged,Off-Drive,0.752769470214844,0.6434440612792969,5.477832,-0.458328,-0.165124190616874,0.0,-10.6,-21.1040106795502,0.186339623099028,0.186339623099028,-6.893051,-0.437737,0.39809,-8.840898,-0.420084,0.614775,-15.42407338238371,-10.06008588917209,-0.4088931246581335,0.7028742754254054,-0.810760804552124,0.3296047644962564,-0.0824536162515032,-1.0,BRABOURNE-STADIUM-MUMBAI,2022-03-31,2022,R,L,R,Lucknow-Super-Giants,Chennai-Super-Kings,Spin,1.0
462,2,77,Lucknow Super Giants,Quinton De Kock,Ravindra Jadeja,,9,1,4,4,4,0,0,0,0,0,0,0,0,0,1,0,0,,,0,8.1,2,1,0,192484,-130.61,-89.65,4,0,,10,ORTHODOX,55,SWEEP SHOT,0,0,1,8,84,0,1,0,1,0,0,0,0,0,59.65058227092832,-6.71174994933415,8.340550321813893,-0.7903999023917705,2.079062475955201,-0.188416662527967,0.306543622524907,-9.28556102551573,-24.4941661286357,1.46958178051172,-6.89658143078042,11.08013579261118,0.2662157941088431,0.6124479614872037,75.24561481219625,Attacked,Played,Pull-Hook,0.74908447265625,0.6479644775390625,8.025503,-0.216972,-0.174958329490255,0.0,-10.6,-21.568452932087,0.634762929297239,0.634762929297239,-7.112972,-0.064346,0.748789,-8.840642,-0.010924,0.852224,-15.7251049053603,-10.06016477029289,0.0272640030951724,0.880146151941431,0.5230760423744087,-1.747734297389524,0.0459332677309791,-1.0,BRABOURNE-STADIUM-MUMBAI,2022-03-31,2022,L,R,L,Lucknow-Super-Giants,Chennai-Super-Kings,Spin,1.0
462,2,77,Lucknow Super Giants,Quinton De Kock,Ravindra Jadeja,,9,2,0,0,0,0,0,0,1,0,0,0,0,0,0,0,0,,,0,8.2,2,1,0,192485,-130.61,-89.65,0,0,,10,ORTHODOX,56,REVERSE SWEEP,0,0,2,8,84,0,0,0,1,0,0,0,0,0,58.97393853321766,-5.188978212101972,8.340635464574106,-0.7222200223768906,2.110556584346692,-0.185325125833575,-0.0538339363162311,-9.32458383729171,-24.0922663583648,1.04822851258526,-6.66578791421619,11.66696053500553,0.2309783595769344,0.6671097451827369,86.9686258197171,Attacked,Missed,,0.736953735351563,0.664031982421875,6.848516,-0.235011,-0.172087616845463,0.0,-10.6,-21.5353733584086,0.745960923453837,0.745960923453837,-7.542162,-0.082344,0.72041,-8.840859,-0.035494,0.84254,-15.46556873845391,-10.06014891713761,0.0089574466320088,0.9197601064753292,0.1491663315715199,-0.5074386341149506,0.0147088646130408,-1.0,BRABOURNE-STADIUM-MUMBAI,2022-03-31,2022,L,R,L,Lucknow-Super-Giants,Chennai-Super-Kings,Spin,1.0
462,2,77,Lucknow Super Giants,Quinton De Kock,Ravindra Jadeja,,9,3,0,0,0,0,0,0,1,0,0,0,0,0,0,0,0,,,0,8.3,2,1,0,192486,-47.27,61.37,0,0,,23,ARM BALL,47,FRONTFOOT ON DRIVE,0,0,3,8,84,0,0,0,1,0,0,0,0,0,59.95393504603656,-2.856120735658822,8.340798812823035,-0.7161490595693242,2.088603685091371,-0.186196330722293,0.474645959522168,-9.47657131470605,-24.205522993898,1.55012535569435,-6.39521143557666,9.956038715926011,0.189346280237821,0.6115926692581524,82.80427236494074,Defended,Played,Defend,0.711479187011719,0.6491661071777344,4.808241,0.044059,-0.172896592813557,0.0,-10.6,-22.2818410730587,0.985280096264876,0.985280096264876,-7.790553,0.157442,0.404504,-8.841043,0.205026,0.522123,-14.79963800899179,-10.05991687905901,0.2607384429992702,0.628419244953836,0.8877570889148525,-1.13231561406856,0.100380806667045,-1.0,BRABOURNE-STADIUM-MUMBAI,2022-03-31,2022,L,R,L,Lucknow-Super-Giants,Chennai-Super-Kings,Spin,1.0
462,2,77,Lucknow Super Giants,Quinton De Kock,Ravindra Jadeja,,9,4,4,4,4,0,0,0,0,0,0,0,0,0,1,0,0,,,0,8.4,2,1,0,192487,-184.94,27.29,4,0,,10,ORTHODOX,58,BACKFOOT PULL SHOT,0,0,4,8,88,0,0,0,1,0,0,0,0,0,59.74721282380172,-6.179477437875537,8.34064673578262,-0.755843861618861,2.091277943064885,-0.188198043524886,0.119722510753785,-8.87726840605571,-24.4657456582351,1.19080031497364,-6.69195882379942,10.69188092613421,0.2563613906256332,0.612782338110769,76.28121165405202,Attacked,Played,Pull-Hook,0.737068176269531,0.6616287231445312,7.43597,-0.254567,-0.174755326130251,0.0,-10.6,-21.7192860046338,0.611168065213434,0.611168065213434,-7.54887,-0.113164,0.698733,-8.840876,-0.075102,0.780827,-15.29757755633022,-10.06002341653231,-0.038801419721292,0.8208177978570358,0.3274785948729894,-1.174664932424016,0.0310315498240334,-1.0,BRABOURNE-STADIUM-MUMBAI,2022-03-31,2022,L,R,L,Lucknow-Super-Giants,Chennai-Super-Kings,Spin,1.0
462,2,77,Lucknow Super Giants,Quinton De Kock,Ravindra Jadeja,,9,5,1,1,1,1,0,0,0,0,0,0,0,0,0,0,0,,,0,8.5,2,1,0,192488,-63.85,48.47,1,0,,10,ORTHODOX,27,FORWARD PUSH,0,0,5,8,89,0,0,0,1,0,0,0,0,0,55.58487536083131,-2.445071529026774,8.340787925705108,-0.6890703581853408,2.08178031262858,-0.173746025531676,0.556414119435344,-10.1206460318255,-22.5869833191179,1.04494857032412,-6.53752964766466,10.34559990616564,0.2296193091670302,0.5656502276189119,71.88560322613377,Attacked,Played,Nudge,0.749404907226563,0.6806488037109375,5.581932,-0.204982,-0.161335595136557,0.0,-10.6,-20.2568770328464,0.402570940641173,0.402570940641173,-7.27004,-0.14887,0.438224,-8.840903,-0.116736,0.581699,-16.14244846927616,-10.06007320401003,-0.0915076313968445,0.6470129722224072,0.9319339797574344,-1.510297448244832,0.0997992135498011,-1.0,BRABOURNE-STADIUM-MUMBAI,2022-03-31,2022,L,R,L,Lucknow-Super-Giants,Chennai-Super-Kings,Spin,1.0
462,2,77,Lucknow Super Giants,K L Rahul,Ravindra Jadeja,,9,6,1,1,1,1,0,0,0,0,0,0,0,0,0,0,0,,,0,8.6,2,1,0,192489,-129.23,13.02,1,0,,10,ORTHODOX,36,CUT SHOT,0,0,6,8,90,0,0,0,1,0,0,0,0,0,61.74447255967936,-4.251736018950549,8.34059951654747,-0.7180465305625118,2.099226912954637,-0.192839805221353,0.528782242874859,-8.96068767032288,-25.0691746787759,0.78499342168837,-6.43705916356264,9.8530257494481,0.2909383424745829,0.5960155120174631,70.30849255516117,Attacked,Played,Cut,0.705516815185547,0.680145263671875,5.523801,-0.396998,-0.179065533419828,0.0,-10.6,-22.0895654773838,0.357879048527497,0.357879048527497,-8.670512,-0.328869,0.559552,-8.840928,-0.32601,0.573741,-14.40083432155342,-10.06012131297201,-0.3054378123870245,0.6559045475977184,0.6998064936422506,-0.8653388131737489,0.0751704370339385,-1.0,BRABOURNE-STADIUM-MUMBAI,2022-03-31,2022,R,L,L,Lucknow-Super-Giants,Chennai-Super-Kings,Spin,1.0
462,2,77,Lucknow Super Giants,K L Rahul,Dwayne Bravo,,10,1,1,1,1,1,0,0,0,0,0,0,0,0,0,0,0,,,0,9.1,2,1,0,192490,109.28,104.65,1,0,,39,ANGLED IN,47,FRONTFOOT ON DRIVE,0,0,1,9,91,0,1,0,1,0,0,0,0,0,77.70229634433207,-7.177781269571405,8.340523436285135,-0.7858780009823705,1.934952954808432,-0.243619414157754,0.724343121569603,-7.412974223427,-31.670523840508,2.12908779659592,-6.86003341477982,7.643119703292937,0.1248133946682143,0.5930794737947839,86.48058160239616,Attacked,Played,,0.540126800537109,0.521942138671875,7.146594,-0.102355,-0.2262180274322,0.0,-10.6,-30.3182595822897,1.90381853585396,1.90381853585396,-8.29441,0.242513,0.590641,-8.840754,0.278331,0.629185,-12.22181624916957,-10.06024786211011,0.3588359868519302,0.7021226722808271,0.7152179238862518,-0.252849224891643,0.0608821737662905,-1.0,BRABOURNE-STADIUM-MUMBAI,2022-03-31,2022,R,L,R,Lucknow-Super-Giants,Chennai-Super-Kings,Seam,1.0
462,2,77,Lucknow Super Giants,Quinton De Kock,Dwayne Bravo,,10,2,1,1,1,1,0,0,0,0,0,0,0,0,0,0,0,,,0,9.2,2,1,0,192491,120.79,-31.64,1,0,,30,ANGLED ACROSS,59,FRONTFOOT SQUARE DRIVE,0,0,2,9,92,0,0,0,1,0,0,0,0,0,81.05316169380283,-4.852756051944263,8.340945949784903,0.8024839542041147,1.970755524846211,-0.249077616296244,1.60200551170585,-6.26318597074578,-32.3800901185118,0.214296096932493,-5.7993194034968,4.707924079928351,-0.1849273078766963,0.4824033938209787,100.8532398608164,Attacked,Played,Cut,0.518142700195313,0.50244140625,3.466782,0.743363,-0.23128635798937,0.0,-10.6,-33.9704744265016,0.0947250671230502,0.0947250671230502,-8.813225,0.749601,0.196983,-8.84079,0.749679,0.198709,-10.15409560859188,-10.06023660293884,0.7531465470008087,0.2681514797172477,1.149105748857484,-0.2194200123795796,0.146054269661486,-1.0,BRABOURNE-STADIUM-MUMBAI,2022-03-31,2022,L,R,R,Lucknow-Super-Giants,Chennai-Super-Kings,Seam,1.0
462,2,77,Lucknow Super Giants,K L Rahul,Dwayne Bravo,,10,3,1,1,1,1,0,0,0,0,0,0,0,0,0,0,0,,,0,9.3,2,1,0,192492,-5.83,62.29,1,0,,39,ANGLED IN,53,FRONTFOOT STRAIGHT DRIVE,0,0,3,9,93,0,0,0,1,0,0,0,0,0,81.76091670077483,-4.855832311752735,8.340676930003017,-0.7681404309704153,1.933784352816667,-0.252129020279425,1.4799509179373,-7.49320722916153,-32.7767726363252,2.66390353998918,-6.17283755837182,6.560530685710733,0.1922705037902979,0.5760516177661843,77.18069228589786,Attacked,Played,Off-Drive,0.521015167236328,0.488616943359375,4.186504,0.202868,-0.23411980454518,0.0,-10.6,-30.9190459350758,2.42891439006094,2.42891439006094,-8.234801,0.390044,0.270459,-8.840835,0.438633,0.32313,-10.66556845272425,-10.06018235314045,0.5370885431607784,0.4168522515832694,1.411972801768219,-0.1546790995079848,0.167642704340786,-1.0,BRABOURNE-STADIUM-MUMBAI,2022-03-31,2022,R,L,R,Lucknow-Super-Giants,Chennai-Super-Kings,Seam,1.0
462,2,77,Lucknow Super Giants,Quinton De Kock,Dwayne Bravo,,10,4,1 (WD),1,0,0,0,0,0,1,1,0,0,0,0,0,0,,,0,9.4,2,1,1,192493,-5.83,62.29,1,0,,8,OFF CUTTER,105,LEFT ALONE,0,0,4,9,94,0,0,0,1,0,0,0,0,0,69.67702,-1.353185678808611,8.340954490058124,0.9373497354424684,1.999168416737417,-0.211802014305092,-0.770442894310983,-9.16617486104349,-27.5342618596619,-0.128863215419443,-6.0574168393322,7.861135767495772,0.2029637932953091,0.5831929721986255,77.18256650026292,Attacked,Played,,0.521015167236328,0.6351470947265625,1.390010999999999,0.992389,-0.196673298997585,0.0,-10.6,-25.5858533880989,0.341213017691031,0.341213017691031,-999.9,-999.9,-999.9,-8.840953,0.99467,0.050557,-12.40717882029683,-10.05986229235001,1.011024072521448,0.204297205875166,-0.8541227745544372,1.032199657034017,-0.290523650894654,-1.0,BRABOURNE-STADIUM-MUMBAI,2022-03-31,2022,L,R,R,Lucknow-Super-Giants,Chennai-Super-Kings,Seam,1.0
462,2,77,Lucknow Super Giants,Quinton De Kock,Dwayne Bravo,,10,4,1 (WD),1,0,0,0,0,0,1,1,0,0,0,0,0,0,,,0,9.4,2,1,1,192494,-5.83,62.29,1,0,,30,ANGLED ACROSS,105,LEFT ALONE,0,0,5,9,95,0,0,0,1,0,0,0,0,0,81.69520818881756,-4.150794068465768,8.340685982591957,0.7092839963500313,1.998465236013099,-0.246343837668261,-15.8657316755231,-5.45299042640336,-32.0246988968739,-3.10998614807197,-5.29075869991915,7.602428241712023,0.1719721117079433,0.7657215997978983,107.6610287988904,Attacked,Played,,0.520408630371094,0.4728584289550781,1.742806999999999,1.087416,-0.228747849263385,0.0,-10.6,-30.3528804451395,-3.62677286598444,-3.62677286598444,-999.9,-999.9,-999.9,-8.841003,1.024704,0.130586,-9.381025116128995,-10.06014913480194,0.8777756619385461,0.2785863764061674,-12.88891064411384,-1.267071700383973,-0.00462506973754366,-1.0,BRABOURNE-STADIUM-MUMBAI,2022-03-31,2022,L,R,R,Lucknow-Super-Giants,Chennai-Super-Kings,Seam,1.0
462,2,77,Lucknow Super Giants,Quinton De Kock,Dwayne Bravo,,10,4,1,1,1,1,0,0,0,0,0,0,0,0,0,0,0,,,0,9.4,2,1,0,192495,129.54,-53.74,1,0,,38,STRAIGHT BALL,96,SLICED OVER POINT,0,0,6,9,96,0,0,0,1,0,0,0,0,0,66.70745567553017,-0.8817468930513762,8.340622655010549,0.8289879338018094,2.007852718248438,-0.203901401702168,-0.569768423734111,-10.2654846036277,-26.5071822212819,-0.0557130723331912,-6.37973907203545,9.351286841956377,0.1259063593737458,0.6499999999999996,94.90936406262536,Attacked,Played,Cut,0.5174560546875,0.627410888671875,2.176655999999999,0.891626,-0.189337015866299,0.0100185582461907,-10.6,-25.1818231102178,-0.0529274187165316,-0.0529274187165316,-9.152382,0.888959,0.232079,-8.840892,0.889613,0.186222,-13.53254728248329,-10.05977453483119,0.8870517551458884,0.356806966070171,-0.6448677706707178,0.0,-0.0858298303507568,-1.0,BRABOURNE-STADIUM-MUMBAI,2022-03-31,2022,L,R,R,Lucknow-Super-Giants,Chennai-Super-Kings,Seam,1.0
462,2,77,Lucknow Super Giants,K L Rahul,Dwayne Bravo,,10,5,1,1,1,1,0,0,0,0,0,0,0,0,0,0,0,,,0,9.5,2,1,0,192496,55.41,152.53,1,0,,39,ANGLED IN,47,FRONTFOOT ON DRIVE,0,0,7,9,97,0,0,0,1,0,0,0,0,0,80.84291051357974,-6.526970209503467,8.341196549706826,-0.5223872936648581,1.915239436902413,-0.252609741333797,0.544276891188859,-7.04518322300961,-32.8392663733937,1.03171820819627,-6.58830131744374,6.602744140310593,0.166296190540387,0.5472564606242174,75.45885003959391,Attacked,Played,,0.523704528808594,0.4941329956054688,6.304347,-0.192756,-0.234566188381383,0.0,-10.6,-31.1482773791572,0.864810160097777,0.864810160097777,-8.103211,-0.070029,0.436639,-8.84101,-0.04879,0.485047,-11.34423258603656,-10.05968433227641,-0.0134380743299608,0.5514427920193121,0.4588960359205683,-0.2091130541341131,0.0465127802606313,-1.0,BRABOURNE-STADIUM-MUMBAI,2022-03-31,2022,R,L,R,Lucknow-Super-Giants,Chennai-Super-Kings,Seam,1.0
462,2,77,Lucknow Super Giants,Quinton De Kock,Dwayne Bravo,,10,6,1,1,1,1,0,0,0,0,0,0,0,0,0,0,0,,,0,9.6,2,1,0,192497,107.44,-28.42,1,0,,39,ANGLED IN,96,SLICED OVER POINT,0,0,8,9,98,0,0,0,1,0,0,0,0,0,79.88363356399977,-3.695245036198618,8.340788790917628,0.8122608957782674,1.963640774786598,-0.244741495198885,1.71699138703016,-6.87190126049986,-31.816394375855,-0.52832582092349,-5.63635809487689,10.10660011687302,0.7301393209558589,0.7750057525982211,53.23693079414728,Attacked,Played,Off-Drive,0.528087615966797,0.491363525390625,2.066323000000001,0.355968,-0.227259959827536,0.0,-10.6,-24.5066391570904,-0.679299598564554,-0.679299598564554,-8.183425,0.350704,0.074961,-8.841,0.332388,0.18667,-10.04587354486825,-10.05998348924555,0.298136192067425,0.3748992650570045,1.22126369415641,-0.6364400393174883,0.163318589041676,-1.0,BRABOURNE-STADIUM-MUMBAI,2022-03-31,2022,L,R,R,Lucknow-Super-Giants,Chennai-Super-Kings,Seam,1.0
462,2,77,Lucknow Super Giants,Quinton De Kock,Dwaine Pretorius,,11,1,1,1,1,1,0,0,0,0,0,0,0,0,0,0,0,,,0,10.1,2,1,0,192498,76.59,-16.91,1,0,,39,ANGLED IN,27,FORWARD PUSH,0,0,1,10,99,0,1,0,1,0,0,0,0,0,67.68046301852542,-8.38212874805996,8.340635527158518,1.046469976769572,2.047754178839659,-0.213822356341532,-0.262016287660353,-9.15946811317821,-27.7969063243991,-1.79969227979788,-7.50455969033011,8.316509408060112,0.0803711931133653,0.5240410956080928,80.56904502987737,Attacked,Played,Nudge,0.639163970947266,0.582366943359375,8.64012,0.452149,-0.198549330888565,0.0,-10.6,-26.9033912407553,-1.32254846515928,-1.32254846515928,-7.822382,0.129729,0.675617,-8.840624,0.076982,0.72097,-15.10841277195195,-10.06027916085334,0.0132467645788584,0.7532768716641666,-0.4275626837087266,0.8900594444885851,-0.0359031494859993,-1.0,BRABOURNE-STADIUM-MUMBAI,2022-03-31,2022,L,R,R,Lucknow-Super-Giants,Chennai-Super-Kings,Seam,1.0
462,2,77,Lucknow Super Giants,K L Rahul,Dwaine Pretorius,,11,2,0 WK,W,0,0,0,0,1,0,0,0,0,0,0,0,1,Caught,WICKET,1,10.2,2,1,0,192499,50.8,-68.01,0,0,,36,BOUNCER,46,FRONTFOOT PULL SHOT,1,0,2,10,99,1,2,0,1,0,0,0,0,0,78.17489978408251,-12.97453750649622,8.340522200218839,-0.6678056161843768,1.9998039767148,-0.247703694063087,5.95313016545151,-8.85059201751117,-32.2014802282013,-0.111180458934239,-9.80802349184371,10.28926453113433,0.1160851851023939,0.5630123301684536,82.84333101502867,Attacked,Edged,Pull-Hook,0.572181701660156,0.5360641479492188,11.037225,-0.83979,-0.230010573058581,0.0,-10.6,-30.4182099360838,-0.485182510571089,-0.485182510571089,-8.227206,-0.991964,1.247785,-8.841042,-1.002513,1.293059,-16.93984449356098,-10.0601809538716,-1.023623843917554,1.368608347643076,2.217645605741037,-0.7159913932088265,0.138481881425788,-1.0,BRABOURNE-STADIUM-MUMBAI,2022-03-31,2022,R,L,R,Lucknow-Super-Giants,Chennai-Super-Kings,Seam,1.0
462,2,77,Lucknow Super Giants,Manish Pandey,Dwaine Pretorius,,11,3,2,2,2,0,1,0,0,0,0,0,0,0,0,0,0,,,0,10.3,2,1,0,192500,-114.95,-66.63,2,0,,8,OFF CUTTER,36,CUT SHOT,0,0,3,10,101,1,3,1,2,0,0,1,0,0,67.86969675147421,-7.544676237877479,8.341008150969024,-0.6902951693074376,2.064372914154398,-0.214314555884421,-0.585114130003882,-9.5551852060268,-27.8608922649747,-0.58424296429361,-7.39215173010856,10.31087511977816,0.1700974511137378,0.6352194041537579,88.27316551168991,Attacked,Played,Cut,0.637447357177734,0.6419677734375,8.071553,-0.861493,-0.199006373321248,0.0,-10.6,-25.8105793082345,0.131662856908208,0.131662856908208,-9.144859,-0.823941,0.943352,-8.840843,-0.825581,0.921707,-14.85954901369348,-10.06015541800009,-0.8189812245191544,0.99883658437112,-0.4859839028612395,1.493586637376825,-0.0421974208752686,-1.0,BRABOURNE-STADIUM-MUMBAI,2022-03-31,2022,R,L,R,Lucknow-Super-Giants,Chennai-Super-Kings,Seam,1.0
462,2,77,Lucknow Super Giants,Manish Pandey,Dwaine Pretorius,,11,4,0,0,0,0,0,0,1,0,0,0,0,0,0,0,0,,,0,10.4,2,1,0,192501,-67.07,42.03,0,0,,38,STRAIGHT BALL,52,BACKFOOT COVERDRIVE,0,0,4,10,101,1,0,0,2,0,0,0,0,0,79.74085658065412,-9.010008558729528,8.34063557176735,-0.7130059717056257,2.06053172463056,-0.250913960710981,0.844024685005134,-7.32859927791773,-32.6188148924275,0.0701667936619687,-7.81173898681428,9.006165911888582,0.2065476229139628,0.6091350730669924,80.71549866865259,Attacked,Edged,Off-Drive,0.551090240478516,0.5255126953125,8.089532,-0.730713,-0.232991534945911,0.0,-10.6,-30.0224706510611,0.072074952078528,0.072074952078528,-8.446464,-0.714762,0.816802,-8.840991,-0.713763,0.849218,-13.46786646850718,-10.06011468032854,-0.7106557824002839,0.9370371415449252,0.4269020948384976,0.014300155707634,0.0369128998380715,-1.0,BRABOURNE-STADIUM-MUMBAI,2022-03-31,2022,R,L,R,Lucknow-Super-Giants,Chennai-Super-Kings,Seam,1.0
462,2,77,Lucknow Super Giants,Manish Pandey,Dwaine Pretorius,,11,5,2,2,2,0,1,0,0,0,0,0,0,0,0,0,0,,,0,10.5,2,1,0,192502,25.02,170.95,2,0,,39,ANGLED IN,46,FRONTFOOT PULL SHOT,0,0,5,10,103,1,0,0,2,0,0,0,0,0,78.67712937117307,-11.16201714025858,8.341129430286003,-0.6926203428037082,2.05799251890524,-0.248329462268107,0.451392031944193,-5.65860441705295,-32.2828300948539,0.171296853824764,-8.32570267060743,9.57793882288122,0.1414502207161655,0.6157102255992465,88.21151176827043,Attacked,Played,Pull-Hook,0.565086364746094,0.5128097534179688,9.450701,-0.662917,-0.23059164353467,0.0,-10.6,-30.3791659522644,0.285458829555097,0.285458829555097,-7.836868,-0.593069,0.966079,-8.840909,-0.583046,1.048464,-14.46139097206027,-10.06005874846903,-0.5707663902164422,1.131591459352808,0.2205462287128441,0.2343498959591053,0.0166503921581745,-1.0,BRABOURNE-STADIUM-MUMBAI,2022-03-31,2022,R,L,R,Lucknow-Super-Giants,Chennai-Super-Kings,Seam,1.0
462,2,77,Lucknow Super Giants,Manish Pandey,Dwaine Pretorius,,11,6,1 (WD),1,0,0,0,0,0,1,1,0,0,0,0,0,0,,,0,10.6,2,1,1,192503,25.02,170.95,1,0,,38,STRAIGHT BALL,105,LEFT ALONE,0,0,6,10,104,1,0,0,2,0,0,0,0,0,75.10041115401621,-7.45592596704476,8.340494235041287,-0.6630130149438851,2.052326435649418,-0.235386038356166,1.08042193430032,-7.48522531287854,-30.6001849863016,-0.709723679628018,-7.01454354030272,8.76964367632608,0.0992925961519932,0.6478831484787779,97.25321265661736,Attacked,Played,,0.566162109375,0.6013984680175781,7.056471,-0.983511,-0.218572749902154,0.0,-10.6,-29.4595902216701,-0.252992580120699,-0.252992580120699,-999.9,-999.9,-999.9,-8.840831,-1.034758,0.735075,-12.91096860777225,-10.06002573630256,-1.045754648867529,0.8292652202637285,0.5542193148747738,0.8366166012728344,0.0523941696961608,-1.0,BRABOURNE-STADIUM-MUMBAI,2022-03-31,2022,R,L,R,Lucknow-Super-Giants,Chennai-Super-Kings,Seam,1.0
462,2,77,Lucknow Super Giants,Manish Pandey,Dwaine Pretorius,,11,6,1 (WD),1,0,0,0,0,0,1,1,0,0,0,0,0,0,,,0,10.6,2,1,1,192504,25.02,170.95,1,0,,8,OFF CUTTER,105,LEFT ALONE,0,0,7,10,105,1,0,0,2,0,0,0,0,0,69.30698494903315,-5.842447363286667,8.34092370882238,-0.6943539576631644,2.077284292600309,-0.217371768604178,-0.957757162277008,-10.0098128607515,-28.2583299185431,-0.977868869993536,-7.14237220559434,10.04286616269152,0.1614417636830726,0.6536297766973757,91.90029013629908,Attacked,Played,,0.613677978515625,0.6568679809570312,6.637018,-1.008004,-0.201845213703879,0.0,-10.6,-26.3608509754384,-0.634313108328983,-0.634313108328983,-999.9,-999.9,-999.9,-8.840785,-1.141152,0.77218,-14.18459336988528,-10.06027108327667,-1.171916416198882,0.8782191075967275,-0.8735642926300502,0.6034831897541386,-0.0141792940072467,-1.0,BRABOURNE-STADIUM-MUMBAI,2022-03-31,2022,R,L,R,Lucknow-Super-Giants,Chennai-Super-Kings,Seam,1.0
462,2,77,Lucknow Super Giants,Manish Pandey,Dwaine Pretorius,,11,6,1,1,1,1,0,0,0,0,0,0,0,0,0,0,0,,,0,10.6,2,1,0,192505,116.18,13.02,1,0,,8,OFF CUTTER,84,FRONTFOOT OFF DRIVE,0,0,8,10,106,1,0,0,2,0,0,0,0,0,66.39341199721525,-1.171644365687539,8.34061683814953,-0.7629012652589865,2.117889013911113,-0.20276662044592,-0.455700213903875,-10.1293316888868,-26.3596606579695,0.149623967072326,-6.5175778229231,9.602097243041152,0.1225594055825394,0.6499999999999992,95.24405944174596,Defended,Edged,Defend,0.630958557128906,0.57440185546875,2.072036000000001,-0.598007,-0.188283290414068,-0.0267769280209617,-10.6,-25.0416776250711,0.142142768718709,0.142142768718709,-7.747154,-0.599392,0.098308,-8.841074,-0.593165,0.177842,-13.88816361570529,-10.06008786527113,-0.586245647063412,0.3556908618951887,-0.4771575700032297,-1.2722218725854072e-14,0.012192023595359,-1.0,BRABOURNE-STADIUM-MUMBAI,2022-03-31,2022,R,L,R,Lucknow-Super-Giants,Chennai-Super-Kings,Seam,1.0
462,2,77,Lucknow Super Giants,Manish Pandey,Tushar Deshpande,,12,1,0,0,0,0,0,0,1,0,0,0,0,0,0,0,0,,,0,11.1,2,1,0,192506,-48.19,99.58,0,0,,39,ANGLED IN,84,FRONTFOOT OFF DRIVE,0,0,1,11,106,1,1,0,2,0,0,0,0,0,82.85660354173424,-9.880945202317829,8.34051193052613,-0.6643027054535254,1.921470894047502,-0.261674563033872,0.414785649940134,-5.144053087837,-34.0176931944034,0.952378673505689,-7.72828748366044,8.445571504296131,0.0965329101696049,0.6302322866195245,94.8815519759682,Attacked,Played,Nudge,0.525169372558594,0.4972343444824219,8.98949,-0.424722,-0.242983522817167,0.0,-10.6,-32.8031886675326,0.873379629332409,0.873379629332409,-8.412599,-0.223723,0.880977,-8.841057,-0.211639,0.9136,-12.79945098095024,-10.06001780151715,-0.1770366599750453,0.9957904309748576,0.2821022915315592,-0.0785356922075279,0.00529844104467667,-1.0,BRABOURNE-STADIUM-MUMBAI,2022-03-31,2022,R,L,L,Lucknow-Super-Giants,Chennai-Super-Kings,Seam,1.0
462,2,77,Lucknow Super Giants,Manish Pandey,Tushar Deshpande,,12,2,0 WK,W,0,0,0,0,1,0,0,0,0,0,0,0,1,Caught,WICKET,1,11.2,2,1,0,192507,-54.18,112.47,0,0,,38,STRAIGHT BALL,5,LOFTED OFF DRIVE,0,0,2,11,106,2,2,0,2,0,0,0,0,0,85.01233897940874,-6.314401126814191,8.340398642307619,-0.7105971141417,1.926510806347753,-0.264293279680896,-0.198795240257319,-6.20292710895441,-34.3581263585165,0.652438622423953,-6.40669002796556,6.646795920084675,0.1766448184172655,0.5922096612436898,81.16696734482692,Attacked,Played,Off-Drive,0.504489898681641,0.4817848205566406,5.464161,-0.463608,-0.245415188275118,0.0,-10.6,-32.5585538739738,0.500666976665303,0.500666976665303,-8.535948,-0.402101,0.412615,-8.841084,-0.39726,0.436217,-10.56252179707116,-10.06013102902951,-0.3778017435762676,0.521073525034302,-0.009749887378414,-0.2068865216733468,-0.000863583931008466,-1.0,BRABOURNE-STADIUM-MUMBAI,2022-03-31,2022,R,L,L,Lucknow-Super-Giants,Chennai-Super-Kings,Seam,1.0
462,2,77,Lucknow Super Giants,Evin Lewis,Tushar Deshpande,,12,3,1,1,1,1,0,0,0,0,0,0,0,0,0,0,0,,,0,11.3,2,1,0,192508,77.05,143.32,1,0,,30,ANGLED ACROSS,84,FRONTFOOT OFF DRIVE,0,0,3,11,107,2,3,0,2,0,0,0,0,0,84.782964821245,-5.168584857027582,8.340945673760597,-0.6570727078143065,1.935851532153483,-0.261868767270188,-1.01017767559778,-7.49650687547707,-34.0429397451244,1.9632138247996,-6.34889330797248,6.943896466807198,0.1982063164161724,0.613403751941722,82.18993114964105,Attacked,Played,Off-Drive,0.501319885253906,0.4783172607421875,4.35595,0.189569,-0.243163855322317,0.0,-10.6,-31.9764492105191,2.43738088924632,2.43738088924632,-8.442733,0.400527,0.321221,-8.840569,0.431545,0.358247,-10.56410841042758,-10.06033502857172,0.5272481206208771,0.4616699761175814,-0.2779498789038811,1.058378516985636,-0.0316794675708114,-1.0,BRABOURNE-STADIUM-MUMBAI,2022-03-31,2022,L,L,L,Lucknow-Super-Giants,Chennai-Super-Kings,Seam,1.0
462,2,77,Lucknow Super Giants,Quinton De Kock,Tushar Deshpande,,12,4,1,1,1,1,0,0,0,0,0,0,0,0,0,0,0,,,0,11.4,2,1,0,192509,157.16,37.88,1,0,,38,STRAIGHT BALL,15,LOFTED COVER DRIVE,0,0,4,11,108,2,0,0,2,0,0,0,0,0,82.4999999999999,-3.05116989450393,8.340803868424185,0.93433464691165,1.961104833933125,-0.250854736245487,-0.508966703326289,-5.81513116852378,-32.6111157119133,-0.0935285686079505,-5.12515783191362,6.137456305720804,0.1928174164136838,0.6499999999999994,88.21825835863153,Attacked,Played,Cut,0.504032135009766,0.4676055908203125,-0.4253879999999999,0.95788,-0.232936540799381,0.0206925535139825,-10.6,-30.9805599263177,-0.088852140177553,-0.088852140177553,-8.131666,0.963268,0.394809,-8.841046,0.961927,0.292588,-8.931539873773508,-10.06022144685046,0.9590542727406348,0.1093015733519864,-0.4419062968081847,0.0,-0.0508576232312603,-1.0,BRABOURNE-STADIUM-MUMBAI,2022-03-31,2022,L,L,L,Lucknow-Super-Giants,Chennai-Super-Kings,Seam,1.0
462,2,77,Lucknow Super Giants,Evin Lewis,Tushar Deshpande,,12,5,4,4,4,0,0,0,0,0,0,0,0,0,1,0,0,,,0,11.5,2,1,0,192510,171.44,-22.89,4,0,,38,STRAIGHT BALL,59,FRONTFOOT SQUARE DRIVE,0,0,5,11,112,2,0,0,2,0,0,0,0,0,87.12623717480646,-5.403932232145442,8.340714434863717,0.8763839722973898,1.940814694965385,-0.267697681668504,6.02445024555091,-5.61637494605021,-34.8006986169055,0.487318805758943,-5.90663761495757,6.684678450421845,0.2837486244343138,0.6361462363456881,77.04707300842183,Attacked,Played,Off-Drive,0.491294860839844,0.4717025756835938,3.731486,0.590529,-0.248576418692182,0.0,-10.6,-32.0599327010823,-0.357767682732291,-0.357767682732291,-8.626171,0.564658,0.273709,-8.840764,0.562217,0.293863,-9.632873343272598,-10.06015558850828,0.548272041336914,0.3995759177406795,3.638698270501045,-1.441624509563341,0.440748641716314,-1.0,BRABOURNE-STADIUM-MUMBAI,2022-03-31,2022,L,L,L,Lucknow-Super-Giants,Chennai-Super-Kings,Seam,1.0
462,2,77,Lucknow Super Giants,Evin Lewis,Tushar Deshpande,,12,6,2,2,2,0,1,0,0,0,0,0,0,0,0,0,0,,,0,11.6,2,1,0,192511,110.2,-25.65,2,0,,38,STRAIGHT BALL,27,FORWARD PUSH,0,0,6,11,114,2,0,0,2,0,0,0,0,0,83.79980718392838,-3.901053468498746,8.340623700858028,0.9336577049814924,1.93586523415976,-0.258556101782907,0.0901317715903626,-5.62498435990561,-33.6122932317779,-0.486613511520585,-5.36014521552649,6.226961345462678,0.1900435591894508,0.6500000000000002,88.49564408105496,Attacked,Edged,Cut,0.488262176513672,0.479736328125,0.8282260000000008,0.684208,-0.240087808798413,0.110984102672058,-10.6,-31.931678570189,-0.462282835944555,-0.462282835944555,-8.874345,0.689381,0.040352,-8.841169,0.68986,0.045566,-9.060653750919132,-10.06019543844408,0.6722148199787116,0.0708306300240474,-0.0323986939138177,0.0,-0.00478493459640242,-1.0,BRABOURNE-STADIUM-MUMBAI,2022-03-31,2022,L,L,L,Lucknow-Super-Giants,Chennai-Super-Kings,Seam,1.0
462,2,77,Lucknow Super Giants,Quinton De Kock,Dwaine Pretorius,,13,1,2,2,2,0,1,0,0,0,0,0,0,0,0,0,0,,,0,12.1,2,1,0,192512,-94.69,-90.12,2,0,,8,OFF CUTTER,54,LEG GLANCE,0,0,1,12,116,2,1,0,2,0,0,0,0,0,77.29134801827949,-6.011080824553842,8.34094221691047,1.09584412400702,2.077992790903546,-0.238949738420606,1.23513948193527,-7.007280039602,-31.0634659946787,-2.42005165136236,-6.45889036380644,7.840422555562356,0.1378736214709265,0.6316477083030421,90.95979409836366,Attacked,Edged,Glance,0.552898406982422,0.4998779296875,5.114829,0.007893,-0.221881899961991,0.0,-10.6,-29.6273834404815,-2.14032468832069,-2.14032468832069,-7.661887,-0.19039,0.361215,-8.841023,-0.277736,0.478806,-11.74589847104535,-10.06008193441201,-0.3688787563760191,0.5826864355209933,0.4250023182789456,0.3227748714183405,0.046311690513309,-1.0,BRABOURNE-STADIUM-MUMBAI,2022-03-31,2022,L,L,R,Lucknow-Super-Giants,Chennai-Super-Kings,Seam,1.0
462,2,77,Lucknow Super Giants,Quinton De Kock,Dwaine Pretorius,,13,2,0,0,0,0,0,0,1,0,0,0,0,0,0,0,0,,,0,12.2,2,1,0,192513,13.51,13.94,0,0,,39,ANGLED IN,58,BACKFOOT PULL SHOT,0,0,2,12,116,2,0,0,2,0,0,0,0,0,77.66020796787292,-8.259483005069416,8.340551237885911,1.063427824717189,2.064959466687513,-0.242860291750162,0.960511380902243,-6.79048968337188,-31.571837927521,-2.75802004463224,-7.22043562805357,8.160909409777044,0.1203997289965616,0.5994986303286955,87.88482164964817,Attacked,Missed,Pull-Hook,0.554523468017578,0.5213470458984375,7.492563,0.095551,-0.225513128053722,0.0,-10.6,-30.1845530555304,-2.66042547859651,-2.66042547859651,-8.169271,-0.408817,0.673319,-8.841045,-0.470775,0.724453,-12.88192683183375,-10.0599713873123,-0.5840342088550292,0.8030660684654558,0.1449358684187778,-0.0444443250836286,0.0128147017661623,-1.0,BRABOURNE-STADIUM-MUMBAI,2022-03-31,2022,L,L,R,Lucknow-Super-Giants,Chennai-Super-Kings,Seam,1.0
462,2,77,Lucknow Super Giants,Quinton De Kock,Dwaine Pretorius,,13,3,1,1,1,1,0,0,0,0,0,0,0,0,0,0,0,,,0,12.3,2,1,0,192514,150.72,-11.38,1,0,,8,OFF CUTTER,59,FRONTFOOT SQUARE DRIVE,0,0,3,12,117,2,0,0,2,0,0,0,0,0,66.76859112674474,-1.963884114916782,8.340767257368885,1.026917052866407,2.125863805985747,-0.204575509307508,-0.707700777330973,-9.65534244291431,-26.5948162099761,-0.755466102835991,-6.43726700935035,9.662854414942617,0.1445094673084365,0.6626399504845837,94.9450458418439,Attacked,Played,Off-Drive,0.624160766601563,0.6143989562988281,2.597898,0.714545,-0.189962972928401,0.0,-10.6,-25.0525153088603,-0.56474729688012,-0.56474729688012,-8.798672,0.684262,0.247649,-8.840951,0.683299,0.253938,-13.60672403244195,-10.06026001494517,0.6553913129702257,0.4228012437101212,-0.9383288095406724,0.3357623610528295,-0.125091701238821,-1.0,BRABOURNE-STADIUM-MUMBAI,2022-03-31,2022,L,L,R,Lucknow-Super-Giants,Chennai-Super-Kings,Seam,1.0
462,2,77,Lucknow Super Giants,Evin Lewis,Dwaine Pretorius,,13,4,2,2,2,0,1,0,0,0,0,0,0,0,0,0,0,,,0,12.4,2,1,0,192515,-115.87,31.9,2,0,,39,ANGLED IN,27,FORWARD PUSH,0,0,4,12,119,2,0,0,2,0,0,0,0,0,77.26164872518692,-6.412078060953998,8.340720897338045,1.110655454067016,2.068389122857925,-0.239990585472766,-0.324308607870614,-7.00333189633193,-31.1987761114596,-2.14534323930232,-6.58479373893226,8.154333304856657,0.1661311573912017,0.6403048133459726,89.4326062627757,Attacked,Played,Nudge,0.55975341796875,0.5224456787109375,5.631247,0.29779,-0.22284840079614,0.0,-10.6,-29.4250338111403,-1.76724815117438,-1.76724815117438,-8.257058,0.064466,0.495587,-8.841017,0.028264,0.551065,-11.91789993612233,-10.06030048018034,-0.0478615930812968,0.6532120815981356,-0.5618223290283921,0.4966592892974803,-0.0604789883218471,-1.0,BRABOURNE-STADIUM-MUMBAI,2022-03-31,2022,L,L,R,Lucknow-Super-Giants,Chennai-Super-Kings,Seam,1.0
462,2,77,Lucknow Super Giants,Evin Lewis,Dwaine Pretorius,,13,5,1,1,1,1,0,0,0,0,0,0,0,0,0,0,0,,,0,12.5,2,1,0,192516,-98.84,51.24,1,0,,8,OFF CUTTER,27,FORWARD PUSH,0,0,5,12,120,2,0,0,2,0,0,0,0,0,67.00722598158572,-4.708747577045256,8.340904295102746,1.017445038777416,2.080992181558266,-0.214789802619973,-0.761336204048351,-9.71687126984859,-27.9226743405965,-1.56859556473283,-6.80208114242852,9.175500790343897,0.2015334028387905,0.6108160040060139,81.46906031702304,Attacked,Played,Nudge,0.648937225341797,0.5860061645507812,5.519413,0.401112,-0.199447673861404,0.0,-10.6,-25.7223178594915,-1.36512515515154,-1.36512515515154,-8.24512,0.201627,0.522946,-8.840686,0.169007,0.582187,-13.69083228215685,-10.05997210476474,0.1017364669663335,0.6852469602284132,-0.9132710255955844,0.177361767150399,-0.091035741423096,-1.0,BRABOURNE-STADIUM-MUMBAI,2022-03-31,2022,L,L,R,Lucknow-Super-Giants,Chennai-Super-Kings,Seam,1.0
462,2,77,Lucknow Super Giants,Quinton De Kock,Dwaine Pretorius,,13,6,2,2,2,0,1,0,0,0,0,0,0,0,0,0,0,,,0,12.6,2,1,0,192517,-85.49,-60.19,2,0,,39,ANGLED IN,54,LEG GLANCE,0,0,6,12,122,2,0,0,2,0,0,0,0,0,65.05862937255084,-6.505990959293879,8.340471484887885,1.067259216931923,2.04432443235214,-0.204930938293433,-0.853396788021802,-9.13846036111279,-26.6410219781463,-2.08108588158869,-6.89461876300682,9.825674858990372,0.1318922318665798,0.6328305491689207,91.73535918868012,Attacked,Edged,Nudge,0.671127319335938,0.576507568359375,7.467345,0.31348,-0.190293014129617,0.0,-10.6,-25.1924901112349,-1.50445996832067,-1.50445996832067,-7.11057,0.038965,0.656689,-8.840842,-0.068745,0.803423,-14.50963933113137,-10.06006627759958,-0.1455339672579796,0.874857009229653,-1.009446139971587,1.04907328861718,-0.0885349408372871,-1.0,BRABOURNE-STADIUM-MUMBAI,2022-03-31,2022,L,L,R,Lucknow-Super-Giants,Chennai-Super-Kings,Seam,1.0
462,2,77,Lucknow Super Giants,Evin Lewis,Tushar Deshpande,,14,1,1 (WD),1,0,0,0,0,0,1,1,0,0,0,0,0,0,,,0,13.1,2,1,1,192518,-85.49,-60.19,1,0,,38,STRAIGHT BALL,105,LEFT ALONE,0,0,1,13,123,2,1,0,2,0,0,0,0,0,85.206304,-3.611128165264461,8.341070582470866,0.9486408037920566,1.933831407993263,-0.258841711052622,1.7373156486852,-6.97657321613621,-33.6494224368408,0.450716698079107,-5.68477525011395,6.593635284474278,0.1793863240501294,0.6500000000000005,89.56136759498713,Attacked,Played,,0.488262176513672,0.5195846557617188,1.546279999999999,0.968231,-0.240353017406006,-0.102584461860269,-10.6,-31.9669513149988,0.428180863175151,0.428180863175151,-999.9,-999.9,-999.9,-8.84072,0.972611,0.067479,-9.589076607442092,-10.0601619153206,0.9889447052577496,0.1974435097512894,1.321359992703673,0.0,0.182470779710238,-1.0,BRABOURNE-STADIUM-MUMBAI,2022-03-31,2022,L,L,L,Lucknow-Super-Giants,Chennai-Super-Kings,Seam,1.0
462,2,77,Lucknow Super Giants,Evin Lewis,Tushar Deshpande,,14,1,4,4,4,0,0,0,0,0,0,0,0,0,1,0,0,,,0,13.1,2,1,0,192519,63.69,-147.67,4,0,,38,STRAIGHT BALL,59,FRONTFOOT SQUARE DRIVE,0,0,2,13,127,2,0,0,2,0,0,0,0,0,81.39401007056006,-4.906738230582763,8.340421177088306,0.8670822010190332,1.932656713960653,-0.258730374695574,1.79529373249129,-5.9857126672114,-33.6349487104246,0.0388101423132348,-5.75314787648345,7.596769465294044,0.1894694238742205,0.7356922612382107,101.4068967983096,Attacked,Edged,Off-Drive,0.524391174316406,0.4874839782714844,3.366658,0.722914,-0.24024963364589,0.0,-10.6,-31.7351086675642,0.707194972561259,0.707194972561259,-8.725286,0.768546,0.28576,-8.841095,0.771169,0.298845,-9.706323696788974,-10.06007793105484,0.7989120526917259,0.428358288759932,1.166132934584333,1.210474094532935,0.144434054855573,-1.0,BRABOURNE-STADIUM-MUMBAI,2022-03-31,2022,L,L,L,Lucknow-Super-Giants,Chennai-Super-Kings,Seam,1.0
462,2,77,Lucknow Super Giants,Evin Lewis,Tushar Deshpande,,14,2,1,1,1,1,0,0,0,0,0,0,0,0,0,0,0,,,0,13.2,2,1,0,192520,129.54,-51.44,1,0,,38,STRAIGHT BALL,96,SLICED OVER POINT,0,0,3,13,128,2,0,0,2,0,0,0,0,0,86.01234759308777,-4.281292195125143,8.340962342077447,0.8673724385729207,1.929635934665234,-0.262308045059778,0.957564553396151,-6.11771361061277,-34.1000458577712,-0.198858945796379,-5.6091808450479,6.421450470043014,0.1842251697979916,0.6499999999999991,89.0774830202007,Attacked,Played,Cut,0.49053955078125,0.4833984375,2.205266,0.682435,-0.243571756126937,0.0460456003995605,-10.6,-32.3950435648826,-0.18891599850656,-0.18891599850656,-9.009069,0.675703,0.155463,-8.84064,0.676686,0.138196,-9.341041569271642,-10.06035608101039,0.6695732994375726,0.2571026285059095,0.6032945053754004,0.0,0.0800263630556649,-1.0,BRABOURNE-STADIUM-MUMBAI,2022-03-31,2022,L,L,L,Lucknow-Super-Giants,Chennai-Super-Kings,Seam,1.0
462,2,77,Lucknow Super Giants,Quinton De Kock,Tushar Deshpande,,14,3,1,1,1,1,0,0,0,0,0,0,0,0,0,0,0,,,0,13.3,2,1,0,192521,94.08,48.01,1,0,,38,STRAIGHT BALL,27,FORWARD PUSH,0,0,4,13,129,2,0,0,2,0,0,0,0,0,84.53916274013221,-4.033817010521582,8.340420096023038,0.9072962271181992,1.94728471466563,-0.256599319561373,0.367032604917569,-5.44917900504256,-33.3579115429784,-0.179812694348376,-5.28726997791778,6.189435646620196,0.1911876061290546,0.6499999999999987,88.38123938709435,Attacked,Edged,Off-Drive,0.497726440429688,0.4735336303710938,1.29354,0.778069,-0.23827079673556,0.0407113899939276,-10.6,-31.6900159658295,-0.170822059630957,-0.170822059630957,-8.491018,0.779565,0.075814,-8.840873,0.777668,0.040431,-9.006527630248012,-10.0600020042549,0.7710964046322792,0.1644397350455581,0.2324756513672646,0.0,0.0246137801343238,-1.0,BRABOURNE-STADIUM-MUMBAI,2022-03-31,2022,L,L,L,Lucknow-Super-Giants,Chennai-Super-Kings,Seam,1.0
462,2,77,Lucknow Super Giants,Evin Lewis,Tushar Deshpande,,14,4,1,1,1,1,0,0,0,0,0,0,0,0,0,0,0,,,0,13.4,2,1,0,192522,153.94,-13.68,1,0,,38,STRAIGHT BALL,96,SLICED OVER POINT,0,0,5,13,130,2,0,0,2,0,0,0,0,0,83.870251,-2.419784216261828,8.341132301028914,0.86246842679307,1.957595301102519,-0.247928054672547,0.395337444875471,-5.22294197558144,-32.2306471074311,0.671074074986473,-4.74825849581636,5.755900557740347,0.2057381579725325,0.6499999999999991,86.92618420274663,Attacked,Played,Cut,0.497726440429688,0.4851837158203125,-2.676473,1.196574,-0.230218907910222,-0.146534334771766,-10.6,-30.6191147520595,0.637520371237149,0.637520371237149,-8.781598,1.118345,0.574876,-8.840876,1.119459,0.567518,-8.380601948553615,-10.06009971735795,1.142750556844185,0.4117220377906753,0.532797338372093,0.0,0.0145685003225583,-1.0,BRABOURNE-STADIUM-MUMBAI,2022-03-31,2022,L,L,L,Lucknow-Super-Giants,Chennai-Super-Kings,Seam,1.0
462,2,77,Lucknow Super Giants,Quinton De Kock,Tushar Deshpande,,14,5,1,1,1,1,0,0,0,0,0,0,0,0,0,0,0,,,0,13.5,2,1,0,192523,-143.96,89.45,1,0,,39,ANGLED IN,11,LOFTED ON DRIVE,0,0,6,13,131,2,0,0,2,0,0,0,0,0,83.76769590288558,-5.886180643728433,8.341081739666954,0.8712988544684497,1.909142336936208,-0.259172941342202,0.655276399279863,-5.29306067569109,-33.6924823744863,-0.488665654836069,-5.88491868980557,6.081028866279298,0.1592448837924732,0.5830654092774026,81.53532301236307,Attacked,Played,,0.511184692382813,0.4661865234375,4.706684,0.633532,-0.240660588389188,0.0,-10.6,-32.2083383543675,-0.515720074509563,-0.515720074509563,-7.897382,0.592404,0.270135,-8.840616,0.576953,0.342855,-9.907655790165542,-10.05975487385802,0.5568155107537425,0.4233479157104587,0.3102921598368392,-0.0863993829577955,0.0370819465436507,-1.0,BRABOURNE-STADIUM-MUMBAI,2022-03-31,2022,L,L,L,Lucknow-Super-Giants,Chennai-Super-Kings,Seam,1.0
462,2,77,Lucknow Super Giants,Evin Lewis,Tushar Deshpande,,14,6,6,6,6,0,0,0,0,0,0,0,0,0,0,1,0,,,0,13.6,2,1,0,192524,80.27,193.51,6,0,,38,STRAIGHT BALL,5,LOFTED OFF DRIVE,0,0,7,13,137,2,0,0,2,0,0,0,0,0,82.11431517873314,-5.692289305130977,8.340402587801336,0.8376866723227372,1.912956516430811,-0.256526468906241,0.560718700691798,-5.55343516652062,-33.3484409578113,-0.323728288132253,-5.8645022640221,7.230052717352754,0.2095710346046741,0.6767363254545423,90.55334535771394,Attacked,Played,,0.516105651855469,0.4858589172363281,4.580815,0.666714,-0.238203149698652,0.0,-10.6,-31.2836958051617,-0.589701611187495,-0.589701611187495,-8.327175,0.612438,0.354432,-8.841012,0.602518,0.403285,-9.973791111040589,-10.06032438194472,0.5788168619645737,0.5078539898679126,0.2894488595938506,-0.5237263904555346,0.0329889150812886,870.0,BRABOURNE-STADIUM-MUMBAI,2022-03-31,2022,L,L,L,Lucknow-Super-Giants,Chennai-Super-Kings,Seam,1.0
462,2,77,Lucknow Super Giants,Quinton De Kock,Dwaine Pretorius,,15,1,1,1,1,1,0,0,0,0,0,0,0,0,0,0,0,,,0,14.1,2,1,0,192525,-68.45,149.77,1,0,,39,ANGLED IN,47,FRONTFOOT ON DRIVE,0,0,1,14,138,2,1,0,2,0,0,0,0,0,76.59204711910084,-4.64449235446961,8.340773118187226,1.066288198822548,2.092423877476619,-0.236004718177102,1.07912156676992,-7.12031406543661,-30.6806133630232,-1.57241332304472,-6.08232311788738,6.908456259574494,0.1487872191320318,0.5829213643640625,82.5594827414062,Attacked,Played,,0.55718994140625,0.5023727416992188,3.366981,0.221172,-0.219147238307309,0.0,-10.6,-29.2623541602596,-1.23446971141602,-1.23446971141602,-7.820271,0.173416,0.166813,-8.841034,0.129818,0.270935,-11.21329401380651,-10.05974585543683,0.0773211374109631,0.3787690433559396,0.5315323705139688,0.5182381151381765,0.0652538913073886,-1.0,BRABOURNE-STADIUM-MUMBAI,2022-03-31,2022,L,L,R,Lucknow-Super-Giants,Chennai-Super-Kings,Seam,1.0
462,2,77,Lucknow Super Giants,Evin Lewis,Dwaine Pretorius,,15,2,0,0,0,0,0,0,1,0,0,0,0,0,0,0,0,,,0,14.2,2,1,0,192526,-68.45,149.77,0,0,,8,OFF CUTTER,58,BACKFOOT PULL SHOT,0,0,2,14,138,2,0,0,2,0,0,0,0,0,68.95353892435278,-6.49392218371492,8.341145086678925,1.050178750401207,2.059996795596652,-0.216325356865386,-0.992377208255575,-9.09162069177339,-28.1222963925002,-2.17699797728707,-6.99382481673178,8.346036655273345,0.1513686452558045,0.5561937245126957,78.2921941513239,Attacked,Missed,Pull-Hook,0.62933349609375,0.6027145385742188,7.065634,0.282954,-0.200873545660716,0.0,-10.6,-26.515277864886,-1.52289452920974,-1.52289452920974,-8.605536,-0.046372,0.629415,-8.840947,-0.060506,0.643787,-13.96575385924192,-10.06027947875728,-0.1341397385991255,0.7038890498779304,-1.069453136846892,1.13939296080391,-0.0989843768029924,-1.0,BRABOURNE-STADIUM-MUMBAI,2022-03-31,2022,L,L,R,Lucknow-Super-Giants,Chennai-Super-Kings,Seam,1.0
462,2,77,Lucknow Super Giants,Evin Lewis,Dwaine Pretorius,,15,3,1,1,1,1,0,0,0,0,0,0,0,0,0,0,0,,,0,14.3,2,1,0,192527,87.64,144.71,1,0,,39,ANGLED IN,84,FRONTFOOT OFF DRIVE,0,0,3,14,139,2,0,0,2,0,0,0,0,0,76.66522023927541,-4.554018260566337,8.340641144579465,1.057363203747338,2.099416332464871,-0.234993959649748,0.33459388650957,-7.08344039503189,-30.5492147544672,-1.44597759535428,-6.05544123453932,6.797632902392635,0.1634877573483809,0.5709965363441293,79.3007047167813,Attacked,Played,Off-Drive,0.540138244628906,0.51800537109375,3.180626999999999,0.338967,-0.218208676817623,0.0,-10.6,-29.0067990817855,-1.11301755774097,-1.11301755774097,-8.231808,0.286807,0.183014,-8.840894,0.263141,0.243575,-11.21179154328527,-10.05969326327698,0.2154517185210797,0.3510521695834773,-0.0195157543553234,0.5125290973235548,-0.00545423733332517,-1.0,BRABOURNE-STADIUM-MUMBAI,2022-03-31,2022,L,L,R,Lucknow-Super-Giants,Chennai-Super-Kings,Seam,1.0
462,2,77,Lucknow Super Giants,Quinton De Kock,Dwaine Pretorius,,15,4,0 WK,W,0,0,0,0,1,0,0,0,0,0,0,0,1,Caught,WICKET,1,14.4,2,1,0,192528,87.64,144.71,0,0,,8,OFF CUTTER,11,LOFTED ON DRIVE,0,0,4,14,139,3,1,0,2,0,0,0,0,0,78.19921748987888,-7.713307467691928,8.340755425415793,1.009912535157405,2.100257157046896,-0.243793558840205,0.767308740349147,-5.83081414731522,-31.6931626492266,-1.26468498163953,-6.79101656373878,8.091490335217438,0.1784072242457805,0.622857866915081,85.58795761268411,Attacked,Edged,Pull-Hook,0.554466247558594,0.491455078125,6.447891,0.503672,-0.226379733208762,0.0,-10.6,-29.7520680356311,-0.0836181286008925,-0.0836181286008925,-7.442455,0.492747,0.491754,-8.840945,0.488676,0.617691,-12.09410815544171,-10.05973535348053,0.4850913636769704,0.7077876313256087,0.2653551600484484,2.124091001641078,0.026167845242246,-1.0,BRABOURNE-STADIUM-MUMBAI,2022-03-31,2022,L,L,R,Lucknow-Super-Giants,Chennai-Super-Kings,Seam,1.0
462,2,77,Lucknow Super Giants,Deepak Hooda,Dwaine Pretorius,,15,5,1,1,1,1,0,0,0,0,0,0,0,0,0,0,0,,,0,14.5,2,1,0,192529,-90.09,45.71,1,0,,38,STRAIGHT BALL,51,FRONTFOOT COVERDRIVE,0,0,5,14,140,3,2,0,2,0,0,0,0,0,79.258336,-5.965503443152822,8.34081948516194,-0.7710648976569797,2.112411340215266,-0.24485738807578,0.565825286263651,-6.39034760064379,-31.8314604498515,-0.190363139001418,-6.33412511089434,7.567220755924913,0.1656658510067818,0.6316330560713277,88.17837331002097,Attacked,Played,Off-Drive,0.554466247558594,0.5293121337890625,4.495704,-0.898797,-0.227367574641796,0.0,-10.6,-30.1163418514721,0.461550503421753,0.461550503421753,-8.962139,-0.846044,0.422024,-8.840853,-0.84795,0.41041,-11.25424887790047,-10.06025003046045,-0.8286973513290947,0.5193663495295987,0.348700447292415,1.2206669864757,0.0400377318462271,-1.0,BRABOURNE-STADIUM-MUMBAI,2022-03-31,2022,R,L,R,Lucknow-Super-Giants,Chennai-Super-Kings,Seam,1.0
462,2,77,Lucknow Super Giants,Evin Lewis,Dwaine Pretorius,,15,6,4,4,4,0,0,0,0,0,0,0,0,0,1,0,0,,,0,14.6,2,1,0,192530,-143.96,-65.71,4,0,,39,ANGLED IN,58,BACKFOOT PULL SHOT,0,0,6,14,144,3,0,0,2,0,0,0,0,0,77.54067975582387,-8.698651598364782,8.340819121574327,1.066530315130344,2.071551770534589,-0.243202500507266,-0.945862463897391,-6.50272990322693,-31.6163250659446,-2.26284104922499,-7.34168783317577,8.414975489457401,0.1997305319212976,0.5903613689792675,78.58115215476036,Attacked,Played,Pull-Hook,0.565029144287109,0.5207977294921875,7.7383,0.382763,-0.225830893328176,0.0,-10.6,-29.2984846447155,-1.97770881001725,-1.97770881001725,-7.957699,-0.00619,0.680896,-8.841034,-0.068747,0.74675,-13.0730730013225,-10.06002513394319,-0.1558168901173511,0.8207543870174576,-0.8209098006378074,0.2320618552648738,-0.0823550903876515,-1.0,BRABOURNE-STADIUM-MUMBAI,2022-03-31,2022,L,R,R,Lucknow-Super-Giants,Chennai-Super-Kings,Seam,1.0
462,2,77,Lucknow Super Giants,Deepak Hooda,Dwayne Bravo,,16,1,1,1,1,1,0,0,0,0,0,0,0,0,0,0,0,,,0,15.1,2,1,0,192531,-51.87,-18.29,1,0,,8,OFF CUTTER,27,FORWARD PUSH,0,0,1,15,145,3,1,0,2,0,0,0,0,0,65.39773071580055,-0.2431730807247406,8.34047652707621,0.983745912662648,2.049730056044778,-0.198036361187603,-1.11486876837205,-9.67082540161744,-25.7447269543884,-2.43635529045723,-6.24849308784155,9.428748793801065,0.1254108548935786,0.6500000000000005,94.9589145106422,Attacked,Edged,,0.642906188964844,0.6359710693359375,1.029540000000001,-0.335645,-0.18389090681706,0.411948525504661,-10.6,-24.457490606669,-2.31453752593437,-2.31453752593437,-9.095536,-0.341803,0.042664,-8.840748,-0.317735,0.077641,-13.64243758692846,-10.05997919834828,-0.433084858308308,0.1940590293593356,-2.013132828819433,0.0,-0.289203134418171,-1.0,BRABOURNE-STADIUM-MUMBAI,2022-03-31,2022,R,L,R,Lucknow-Super-Giants,Chennai-Super-Kings,Seam,1.0
462,2,77,Lucknow Super Giants,Evin Lewis,Dwayne Bravo,,16,2,1,1,1,1,0,0,0,0,0,0,0,0,0,0,0,,,0,15.2,2,1,0,192532,118.95,-82.29,1,0,,38,STRAIGHT BALL,96,SLICED OVER POINT,0,0,2,15,146,3,0,0,2,0,0,0,0,0,83.78107994536192,-4.941065149242823,8.340580529195943,0.9054797444942924,1.961033421360809,-0.257060076828822,1.65767909293092,-5.97878085020998,-33.4178099877468,0.0514841479589544,-5.78616757486911,7.075282581954353,0.1937792853867386,0.6765045207234942,92.09774956985028,Attacked,Played,Cut,0.506881713867188,0.5014457702636719,3.26922,0.775472,-0.23869864276962,0.0,-10.6,-31.5373458411466,0.216170299070262,0.216170299070262,-9.07686,0.791279,0.289009,-8.841145,0.789636,0.264848,-9.823155695672854,-10.05981639417959,0.7981612210669466,0.3835831062548375,1.099530778014281,0.3044523844093983,0.13764270345396,-1.0,BRABOURNE-STADIUM-MUMBAI,2022-03-31,2022,L,R,R,Lucknow-Super-Giants,Chennai-Super-Kings,Seam,1.0
462,2,77,Lucknow Super Giants,Deepak Hooda,Dwayne Bravo,,16,3,4,4,4,0,0,0,0,0,0,0,0,0,1,0,0,,,0,15.3,2,1,0,192533,17.65,211.47,4,0,,30,ANGLED ACROSS,53,FRONTFOOT STRAIGHT DRIVE,0,0,3,15,150,3,0,1,3,0,0,0,0,0,79.91377139419788,-5.659212068586158,8.340812696681201,0.9283122964876154,1.96694919663767,-0.252071841846923,1.67888020264988,-5.85997845677501,-32.7693394401,-2.13759382487961,-5.96216476019681,6.806661688953734,0.2099692233711053,0.6153135054596898,81.30010348184295,Attacked,Played,,0.531200408935547,0.5072479248046875,4.467845,-0.07202,-0.234066710286429,0.0,-10.6,-30.7354127289924,-2.23848665169107,-2.23848665169107,-8.730315,-0.30335,0.359314,-8.840821,-0.311599,0.368725,-10.31179074334774,-10.06030464758315,-0.4031046365190843,0.4634582738106678,0.7054692200156565,-0.4333432489902688,0.0809243005954918,-1.0,BRABOURNE-STADIUM-MUMBAI,2022-03-31,2022,R,L,R,Lucknow-Super-Giants,Chennai-Super-Kings,Seam,1.0
462,2,77,Lucknow Super Giants,Deepak Hooda,Dwayne Bravo,,16,4,1 (LB),1,0,0,0,0,1,1,0,0,0,1,0,0,0,,,0,15.4,2,1,1,192534,17.65,211.47,1,0,,38,STRAIGHT BALL,40,FRONTFOOT FLICK,0,0,4,15,151,3,0,0,3,0,0,0,0,0,82.80800034182728,-6.382637338874915,8.340579682445714,0.8678004750611347,1.919262069396834,-0.25709768968721,1.49524969314099,-5.51390821117151,-33.4226996593373,-1.25314457145438,-6.14226822416505,7.326760624739052,0.1364897549447889,0.6704249731697124,96.91477048097798,Attacked,Missed,,0.513771057128906,0.5080833435058594,5.481104,0.30445,-0.238733568995266,0.0,-10.6,-32.0267801932075,-1.10311236915571,-1.10311236915571,-8.974864,0.150501,0.501573,-8.841146,0.155261,0.49009,-10.41335786635916,-10.05970484488188,0.1117075077889413,0.5878115929219934,0.6637926303092551,0.1745479525226347,0.0792341071296255,-1.0,BRABOURNE-STADIUM-MUMBAI,2022-03-31,2022,R,L,R,Lucknow-Super-Giants,Chennai-Super-Kings,Seam,1.0
462,2,77,Lucknow Super Giants,Evin Lewis,Dwayne Bravo,,16,5,4,4,4,0,0,0,0,0,0,0,0,0,1,0,0,,,0,15.5,2,1,0,192535,175.12,97.74,4,0,,38,STRAIGHT BALL,51,FRONTFOOT COVERDRIVE,0,0,5,15,155,3,0,0,3,0,0,0,0,0,82.55658082606374,-3.090517075428598,8.340481664243015,0.8956378458802761,1.979757471906831,-0.249266560278574,1.71262513418545,-6.95694175124289,-32.4046528362146,0.186668838802294,-5.57329159404754,6.711568025430477,0.1761930903528655,0.6499999999999998,89.88069096471341,Attacked,Played,Off-Drive,0.509067535400391,0.480926513671875,0.587548,0.764543,-0.231461805972961,-0.0409881792935454,-10.6,-30.7844201944039,0.17733539686218,0.17733539686218,-8.358263,0.759156,0.2185,-8.84098,0.761238,0.138794,-9.758851138079146,-10.0603057400012,0.76792936193126,0.0991534739856713,1.411641479612453,0.0,0.178742457838248,-1.0,BRABOURNE-STADIUM-MUMBAI,2022-03-31,2022,L,R,R,Lucknow-Super-Giants,Chennai-Super-Kings,Seam,1.0
462,2,77,Lucknow Super Giants,Evin Lewis,Dwayne Bravo,,16,6,1,1,1,1,0,0,0,0,0,0,0,0,0,0,0,,,0,15.6,2,1,0,192536,93.62,59.53,1,0,,39,ANGLED IN,51,FRONTFOOT COVERDRIVE,0,0,6,15,156,3,0,0,3,0,0,0,0,0,81.81063803301585,-3.663544837970306,8.340868619584796,0.8711745539912668,1.985701015028049,-0.251933088964643,1.35629352251948,-6.35596816692377,-32.7513015654036,-0.546490975166574,-5.51493821943307,6.572246127032987,0.1799842170921444,0.649999999999999,89.50157829078542,Attacked,Played,Off-Drive,0.513107299804688,0.4798851013183594,1.170961999999999,0.435687,-0.233937868324311,0.121796402460746,-10.6,-31.1137364871334,-0.519166426408245,-0.519166426408245,-8.425156,0.443549,0.114146,-8.840887,0.436492,0.044908,-9.558275432810849,-10.06014315795986,0.4161463487010202,0.1647566740557682,0.9225382863562,0.0,0.122225155664641,-1.0,BRABOURNE-STADIUM-MUMBAI,2022-03-31,2022,L,R,R,Lucknow-Super-Giants,Chennai-Super-Kings,Seam,1.0
462,2,77,Lucknow Super Giants,Evin Lewis,Dwaine Pretorius,,17,1,0,0,0,0,0,0,1,0,0,0,0,0,0,0,0,,,0,16.1,2,1,0,192537,-40.36,24.07,0,0,,39,ANGLED IN,11,LOFTED ON DRIVE,0,0,1,16,156,3,1,0,3,0,0,0,0,0,77.64627803219474,-7.024274809560722,8.34084965472131,1.073013715898855,2.089687309056523,-0.241799839053254,-0.675433326656849,-7.12423565464697,-31.433979076923,-2.35206210329132,-6.88178508658638,7.811964773460211,0.1325375477328797,0.5979872447172585,86.44433193430082,Attacked,Missed,,0.544990539550781,0.5234756469726562,6.191081,0.246352,-0.224528421978022,0.0,-10.6,-29.9952506271982,-2.03698686385538,-2.03698686385538,-8.357747,-0.063725,0.52939,-8.840511,-0.097713,0.569656,-12.34883185833434,-10.06016219277517,-0.1841518354409501,0.6587636436575969,-0.7822805533388135,0.3941996720133953,-0.0810900652223783,-1.0,BRABOURNE-STADIUM-MUMBAI,2022-03-31,2022,L,R,R,Lucknow-Super-Giants,Chennai-Super-Kings,Seam,1.0
462,2,77,Lucknow Super Giants,Evin Lewis,Dwaine Pretorius,,17,2,1 (WD),1,0,0,0,0,0,1,1,0,0,0,0,0,0,,,0,16.2,2,1,1,192538,-40.36,24.07,1,0,,8,OFF CUTTER,105,LEFT ALONE,0,0,2,16,157,3,0,0,3,0,0,0,0,0,66.380648,-1.312304674155712,8.340764786862522,1.101173015347011,2.115119686413555,-0.202335976972393,-1.67909435145121,-9.50278986260768,-26.3036770064111,-0.477424880257005,-6.32217066099961,9.338823741568577,0.1260978940301124,0.649999999999999,94.89021059698862,Attacked,Played,,0.544990539550781,0.6664581298828125,1.804848,1.113697,-0.187883407188651,0.0846341586756231,-10.6,-24.9884931560906,-0.453553636244155,-0.453553636244155,-999.9,-999.9,-999.9,-8.84086,1.103066,0.129964,-13.51486176293613,-10.06004020495634,1.080936871215153,0.3071746356790228,-2.04342906070225,1.2722218725854072e-14,-0.278079874926519,-1.0,BRABOURNE-STADIUM-MUMBAI,2022-03-31,2022,L,R,R,Lucknow-Super-Giants,Chennai-Super-Kings,Seam,1.0
462,2,77,Lucknow Super Giants,Evin Lewis,Dwaine Pretorius,,17,2,1 (LB),1,0,0,0,0,1,1,0,0,0,1,0,0,0,,,0,16.2,2,1,1,192539,-109.89,-60.65,1,0,,8,OFF CUTTER,58,BACKFOOT PULL SHOT,0,0,3,16,158,3,0,0,3,0,0,0,0,0,67.21714881147683,-12.16134729812243,8.340957048302695,1.046707944836281,2.034125738440082,-0.213135609001121,-0.195440532680424,-9.79818766770901,-27.7076291701457,-2.13358704336386,-8.88835428608309,10.3651217796133,0.1487418291376242,0.5293654915159101,74.5306408136241,Attacked,Missed,Pull-Hook,0.653743743896484,0.600677490234375,10.915921,0.493057,-0.197911636929612,1.01580042757339,-12.087888555416,-25.7247405466904,-1.48776499349481,-1.48776499349481,-7.555196,0.048189,0.937431,-8.840823,-0.011821,0.953252,-17.78576626485681,-10.0600098891011,-0.0665751465013842,0.9356845211576384,-0.3387130167852641,1.093333689215113,-0.0452936286333093,-1.0,BRABOURNE-STADIUM-MUMBAI,2022-03-31,2022,L,R,R,Lucknow-Super-Giants,Chennai-Super-Kings,Seam,1.0
462,2,77,Lucknow Super Giants,Deepak Hooda,Dwaine Pretorius,,17,3,0,0,0,0,0,0,1,0,0,0,0,0,0,0,0,,,0,16.3,2,1,0,192540,-55.56,12.1,0,0,,8,OFF CUTTER,5,LOFTED OFF DRIVE,0,0,4,16,158,3,0,0,3,0,0,0,0,0,69.91344910264876,-2.433095245005449,8.340678903302734,-0.6313744990363639,2.104302699723674,-0.214986259623756,-0.777148758208175,-10.4008889203141,-27.9482137510883,-0.62693982001861,-6.69041344634431,9.400543330198117,0.1810754152442415,0.6425197615271673,88.27042270465094,Attacked,Missed,Off-Drive,0.606800079345703,0.6387748718261719,3.158782,-0.851345,-0.199630098222059,0.0,-10.6,-25.9649517039854,-0.149530180689571,-0.149530180689571,-999.9,-999.9,-999.9,-8.84104,-0.8626,0.330654,-13.46246958047919,-10.06020881559182,-0.8697619547154251,0.4861649806525765,-0.8700509856887528,0.9550962743324614,-0.10951801919802,-1.0,BRABOURNE-STADIUM-MUMBAI,2022-03-31,2022,R,L,R,Lucknow-Super-Giants,Chennai-Super-Kings,Seam,1.0
462,2,77,Lucknow Super Giants,Deepak Hooda,Dwaine Pretorius,,17,4,1,1,1,1,0,0,0,0,0,0,0,0,0,0,0,,,0,16.4,2,1,0,192541,-109.89,-60.65,1,0,,8,OFF CUTTER,96,SLICED OVER POINT,0,0,5,16,159,3,0,0,3,0,0,0,0,0,69.46134101014898,-2.637448351100515,8.340733428258893,-0.6772899482084749,2.118283508124769,-0.213296233547854,-0.973507088025524,-9.64094803725498,-27.728510361221,-0.866795671375122,-6.49330696523391,9.102822881771614,0.1294669020103892,0.6499999999999998,94.55330979896104,Attacked,Edged,Off-Drive,0.589164733886719,0.5686798095703125,2.987057,-0.998309,-0.198060788294436,0.161984727502098,-10.6,-26.3420848431599,-0.823455887806365,-0.823455887806365,-8.210315,-1.033864,0.21054,-8.84094,-1.053578,0.298467,-13.17971456618098,-10.06015594466936,-1.091688747429928,0.4518490440298953,-1.133999222456037,0.0,-0.144331484312931,-1.0,BRABOURNE-STADIUM-MUMBAI,2022-03-31,2022,R,L,R,Lucknow-Super-Giants,Chennai-Super-Kings,Seam,1.0
462,2,77,Lucknow Super Giants,Evin Lewis,Dwaine Pretorius,,17,5,6,6,6,0,0,0,0,0,0,0,0,0,0,1,0,,,0,16.5,2,1,0,192542,34.23,211.01,6,0,,39,ANGLED IN,13,LOFTED STRAIGHT,0,0,6,16,165,3,0,0,3,0,0,0,0,0,74.62735371793408,-5.530098686168795,8.34072815688451,1.144377850867387,2.055366260991295,-0.231445133837581,0.134157838983124,-7.83203484263599,-30.0878673988855,-1.93736556263081,-6.48469544610732,8.619999681747114,0.1541755123552551,0.6647018643658772,94.28772841935609,Attacked,Played,,0.561103820800781,0.5330886840820312,5.188141,0.322394,-0.214913338563468,0.0,-10.6,-28.4339883211352,-1.71794264256498,-1.71794264256498,-8.097962,0.125062,0.453456,-8.84091,0.078919,0.532703,-12.16264256350968,-10.06007827859226,0.002617215114557,0.6469690904308807,-0.2424403970809524,0.2266744757940238,-0.0282998848620797,93.0,BRABOURNE-STADIUM-MUMBAI,2022-03-31,2022,L,R,R,Lucknow-Super-Giants,Chennai-Super-Kings,Seam,1.0
462,2,77,Lucknow Super Giants,Evin Lewis,Dwaine Pretorius,,17,6,0,0,0,0,0,0,1,0,0,0,0,0,0,0,0,,,0,16.6,2,1,0,192543,34.23,211.01,0,0,,8,OFF CUTTER,96,SLICED OVER POINT,0,0,7,16,165,3,0,0,3,0,0,0,0,0,69.01613806702412,-2.700539341149389,8.340963568514177,1.070804117280449,2.102191728614883,-0.213610738783673,-0.955615425573846,-10.0525200325697,-27.7693960418775,-0.891269329048632,-6.62569056751711,9.815797956387184,0.2030947887058749,0.6669311994332353,89.7302010443978,Attacked,Missed,Cut,0.610267639160156,0.6454696655273438,3.32383,0.739048,-0.198352828870553,0.0,-10.6,-25.5405967232321,-0.0138859609464293,-0.0138859609464293,-999.9,-999.9,-999.9,-8.840944,0.737894,0.355521,-13.4196933485162,-10.05983867869317,0.7372172508087982,0.515414494322213,-1.098112329595624,1.807148115532501,-0.136898894438949,-1.0,BRABOURNE-STADIUM-MUMBAI,2022-03-31,2022,L,R,R,Lucknow-Super-Giants,Chennai-Super-Kings,Seam,1.0
462,2,77,Lucknow Super Giants,Deepak Hooda,Dwayne Bravo,,18,1,6,6,6,0,0,0,0,0,0,0,0,0,0,1,0,,,0,17.1,2,1,0,192544,-14.58,216.53,6,0,,30,ANGLED ACROSS,13,LOFTED STRAIGHT,0,0,1,17,171,3,1,0,3,0,0,0,0,0,78.27749318230697,-7.549691046628854,8.340721485596788,0.8957540650609653,1.957681113921616,-0.260386632385734,2.20805895729723,-5.79710089140543,-33.8502622101454,-1.82975374023666,-6.80347839621807,7.574260253533486,0.2350116702910242,0.6111117042099307,78.1655886023872,Attacked,Played,,0.558403015136719,0.4977836608886719,6.728091,0.171147,-0.241787587215324,0.0,-10.6,-31.2675449875002,-1.87441269767375,-1.87441269767375,-8.466538,-0.142939,0.574985,-8.84052,-0.16632,0.603867,-11.36432365337806,-10.06024543439013,-0.2430719714467219,0.6870818373615726,0.8739605717920121,-0.3365612740768891,0.0850289244981201,94.0,BRABOURNE-STADIUM-MUMBAI,2022-03-31,2022,R,L,R,Lucknow-Super-Giants,Chennai-Super-Kings,Seam,1.0
462,2,77,Lucknow Super Giants,Deepak Hooda,Dwayne Bravo,,18,2,0 WK,W,0,0,0,0,1,0,0,0,0,0,0,0,1,Caught,WICKET,1,17.2,2,1,0,192545,129.08,87.15,0,0,,8,OFF CUTTER,11,LOFTED ON DRIVE,0,0,2,17,171,4,2,0,3,0,0,0,0,0,65.33633983994669,0.9270927509438556,8.340584975591845,-0.7070712397342988,2.007277322351195,-0.198349642828446,-1.04491032323108,-10.2106524367336,-25.785453567698,0.459746116754041,-6.3648723642205,9.586238075918605,0.1227835414535108,0.6499999999999992,95.2216458546488,Attacked,Played,,0.637516021728516,0.5942573547363281,-0.0771080000000008,-0.164476,-0.184181811197843,-0.0807495327866763,-10.6,-24.4961808893131,0.436758810916339,0.436758810916339,-8.16851,-0.202312,0.487581,-8.840503,-0.188787,0.340295,-13.86569394957266,-10.06002350532804,-0.1658546576166703,0.0535846197365809,-1.233894127441942,0.0,-0.145394164404784,-1.0,BRABOURNE-STADIUM-MUMBAI,2022-03-31,2022,R,L,R,Lucknow-Super-Giants,Chennai-Super-Kings,Seam,1.0
462,2,77,Lucknow Super Giants,Ayush Badoni,Dwayne Bravo,,18,3,1 (WD),1,0,0,0,0,0,1,1,0,0,0,0,0,0,,,0,17.3,2,1,1,192546,129.08,87.15,1,0,,36,BOUNCER,58,BACKFOOT PULL SHOT,1,0,3,17,172,4,3,0,3,0,0,0,0,0,83.50624290166729,-16.35362352147012,8.34050388964642,-0.7921368548064646,1.79309412996827,-0.264252005541465,-1.0064072041581,-13.2480417205386,-34.3527607203904,1.37709919461413,-12.5562329341423,11.41011793575927,0.1204993676864606,0.5147851172836077,75.16783082389509,Attacked,Played,,0.553115844726563,0.5813026428222656,12.963104,-0.566504,-0.245376862288503,0.0,-10.6,-32.027495629196,1.97697135545148,1.97697135545148,-999.9,-999.9,-999.9,-8.840876,0.193132,1.70653,-20.07779780071547,-10.06002878021417,0.2762546712119001,1.797682847081282,-0.1573472173578545,1.236646093146991,-0.00728483325822626,-1.0,BRABOURNE-STADIUM-MUMBAI,2022-03-31,2022,R,L,R,Lucknow-Super-Giants,Chennai-Super-Kings,Seam,1.0
462,2,77,Lucknow Super Giants,Ayush Badoni,Dwayne Bravo,,18,3,2,2,2,0,1,0,0,0,0,0,0,0,0,0,0,,,0,17.3,2,1,0,192547,139.67,22.23,2,0,,8,OFF CUTTER,40,FRONTFOOT FLICK,0,0,4,17,174,4,0,0,3,0,0,0,0,0,66.34658190461253,-6.278676336163487,8.34100611686943,-0.6825857919017012,1.885149313688588,-0.210384707523505,-0.702828655636777,-11.0228922995194,-27.3500119780556,0.451045983164544,-7.15884255790268,9.193710138496453,0.1549148863088253,0.5786707931261373,81.30913033803807,Attacked,Played,Nudge,0.661285400390625,0.62493896484375,8.311925,-0.477986,-0.195357228414683,0.0,-10.6,-25.5950687114268,0.635916234702657,0.635916234702657,-8.471532,-0.306501,0.76916,-8.840565,-0.296822,0.787478,-14.66804956821673,-10.06021794560288,-0.2646265756777753,0.8307397612003805,-0.4171965823707946,0.478421427789756,-0.0322808524471791,-1.0,BRABOURNE-STADIUM-MUMBAI,2022-03-31,2022,R,L,R,Lucknow-Super-Giants,Chennai-Super-Kings,Seam,1.0
462,2,77,Lucknow Super Giants,Ayush Badoni,Dwayne Bravo,,18,4,0,0,0,0,0,0,1,0,0,0,0,0,0,0,0,,,0,17.4,2,1,0,192548,-75.82,-37.63,0,0,,38,STRAIGHT BALL,97,BACKFOOT PUSH,0,0,5,17,174,4,0,0,3,0,0,0,0,0,82.33565892309268,-7.334003950440445,8.340756411257665,-0.5761102178403842,1.904464027894917,-0.25833505478191,2.57633583035945,-7.04804425127761,-33.5835571216484,0.367318526987258,-6.97173965269607,7.259357248819834,0.1852515120420569,0.5764118619988604,77.93662809562338,Attacked,Played,,0.525489807128906,0.5232124328613281,7.102593,-0.591672,-0.239882550868917,0.0,-10.6,-31.5475695891544,0.357046793245748,0.357046793245748,-9.136495,-0.520043,0.615035,-8.84059,-0.523552,0.595923,-11.72767568079112,-10.05965918289797,-0.509038727342404,0.6683118460266209,1.354604518059489,0.0217855076090932,0.127905429332089,-1.0,BRABOURNE-STADIUM-MUMBAI,2022-03-31,2022,R,L,R,Lucknow-Super-Giants,Chennai-Super-Kings,Seam,1.0
462,2,77,Lucknow Super Giants,Ayush Badoni,Dwayne Bravo,,18,5,2,2,2,0,1,0,0,0,0,0,0,0,0,0,0,,,0,17.5,2,1,0,192549,-114.03,-34.4,2,0,,8,OFF CUTTER,27,FORWARD PUSH,0,0,6,17,176,4,0,0,3,0,0,0,0,0,65.95047337203832,-0.0119404680884373,8.34071783750105,-0.4043905524216566,1.981854840212911,-0.200742406460244,-0.843267412368047,-10.5273134305422,-26.0965128398317,-0.51529015721255,-6.4023069890125,9.528760019154667,0.1235425867117661,0.6500000000000008,95.14574132882352,Attacked,Played,Off-Drive,0.641029357910156,0.6055984497070312,1.537583,-0.561823,-0.186403663141655,0.090885160311779,-10.6,-24.7916871978401,-0.489525649351922,-0.489525649351922,-8.47075,-0.560805,0.047691,-8.840661,-0.568107,0.087647,-13.78423876596629,-10.06001831636483,-0.5921838071748601,0.2740163066906262,-1.125477268252207,0.0,-0.154706913339559,-1.0,BRABOURNE-STADIUM-MUMBAI,2022-03-31,2022,R,L,R,Lucknow-Super-Giants,Chennai-Super-Kings,Seam,1.0
462,2,77,Lucknow Super Giants,Ayush Badoni,Dwayne Bravo,,18,6,1,1,1,1,0,0,0,0,0,0,0,0,0,0,0,,,0,17.6,2,1,0,192550,-144.88,14.86,1,0,,8,OFF CUTTER,15,LOFTED COVER DRIVE,0,0,7,17,177,4,0,0,3,0,0,0,0,0,65.88632501829726,-7.251590038519399,8.340734275547902,-0.4719759750997294,1.87348934774277,-0.209325171632425,-0.0317100423641487,-9.95602674838785,-27.2122723122153,-0.35469513648613,-7.10898711709896,9.077729821488818,0.2398196501850842,0.552005968865849,68.81893031136893,Attacked,Played,Cut,0.676437377929688,0.6212310791015625,8.795266,-0.590929,-0.19437337365868,0.0,-10.6,-24.5607458211462,0.621499581355343,0.621499581355343,-7.973769,-0.416486,0.713746,-8.840663,-0.393236,0.741831,-14.64084884826967,-10.0598312011219,-0.3602479739266554,0.7562219678506279,-0.0725457620522068,2.196309575729761,-0.00591095773293208,-1.0,BRABOURNE-STADIUM-MUMBAI,2022-03-31,2022,R,L,R,Lucknow-Super-Giants,Chennai-Super-Kings,Seam,1.0
462,2,77,Lucknow Super Giants,Ayush Badoni,Shivam Dube,,19,1,6,6,6,0,0,0,0,0,0,0,0,0,0,1,0,,,0,18.1,2,1,0,192551,170.51,-38.09,6,0,,38,STRAIGHT BALL,18,SLOG SHOT,0,0,1,18,183,4,1,0,3,0,0,0,0,0,77.0816688244283,-4.974556897712718,8.340815920621754,-0.5723836343978644,1.989138865789402,-0.238467085650928,0.194154824314924,-7.53178832804086,-31.0007211346207,-0.472144780810963,-6.20331575652606,8.049370844209276,0.1902546005885572,0.6620462621725351,90.28147926702457,Attacked,Played,,0.565727233886719,0.5033111572265625,4.467482,-0.791667,-0.155003605673104,0.0,-10.6,-29.0403926085166,-0.370329912924644,-0.370329912924644,-7.796732,-0.819942,0.309746,-8.840815,-0.833453,0.422999,-11.31556856143486,-10.06012334514478,-0.8493292179398031,0.5380443720509172,0.053891559796752,0.1419446340944074,0.0239697643379874,68.0,BRABOURNE-STADIUM-MUMBAI,2022-03-31,2022,R,L,R,Lucknow-Super-Giants,Chennai-Super-Kings,Seam,1.0
462,2,77,Lucknow Super Giants,Ayush Badoni,Shivam Dube,,19,2,1 (WD),1,0,0,0,0,0,1,1,0,0,0,0,0,0,,,0,18.2,2,1,1,192552,170.51,-38.09,1,0,,38,STRAIGHT BALL,105,LEFT ALONE,0,0,2,18,184,4,0,0,3,0,0,0,0,0,70.29999999999998,-4.922510816485564,8.34044270792715,-0.5522328126646665,1.971578907186223,-0.246791893506431,0.0789613905228985,-8.17458731601355,-32.0829461558361,-1.20861183996436,-6.39996488730492,8.327164843193845,0.2203018769402253,0.6794595692884868,89.88874769925049,Attacked,Played,,0.528877258300781,0.5663681030273438,4.593768,-1.053147,-0.229163901113115,0.0,-10.6,-29.709387536961,-1.29945628006423,-1.29945628006423,-999.9,-999.9,-999.9,-8.840522,-1.202689,0.46799,-11.28138269134532,-10.0598424124087,-1.257712465809268,0.5909648842845707,-0.154885818469236,-0.3470625235309182,-0.0181596802433562,-1.0,BRABOURNE-STADIUM-MUMBAI,2022-03-31,2022,R,L,R,Lucknow-Super-Giants,Chennai-Super-Kings,Seam,1.0
462,2,77,Lucknow Super Giants,Ayush Badoni,Shivam Dube,,19,2,1 (WD),1,0,0,0,0,0,1,1,0,0,0,0,0,0,,,0,18.2,2,1,1,192553,170.51,-38.09,1,0,,38,STRAIGHT BALL,5,LOFTED OFF DRIVE,0,0,3,18,185,4,0,0,3,0,0,0,0,0,77.90973741763278,-6.851323845236046,8.34093023562188,-0.5934640898217096,1.955906212871205,-0.243809633349551,-1.12964607418963,-7.00061607486059,-31.6952523354416,-1.00749103421885,-6.65018718788153,8.185501608084596,0.120908268667949,0.6568224784146849,96.43254489540784,Attacked,Played,,0.551742553710938,0.57916259765625,6.594143,-0.880882,-0.226394659538869,0.0,-10.6,-30.3661961456286,-0.884381787443351,-0.884381787443351,-999.9,-999.9,-999.9,-8.841013,-1.040651,0.645886,-11.84970952600481,-10.06013654897142,-1.077814693483414,0.7396102209906259,-0.818610242137477,0.1524326701066528,0.0554776054549047,-1.0,BRABOURNE-STADIUM-MUMBAI,2022-03-31,2022,R,L,R,Lucknow-Super-Giants,Chennai-Super-Kings,Seam,1.0
462,2,77,Lucknow Super Giants,Ayush Badoni,Shivam Dube,,19,2,1,1,1,1,0,0,0,0,0,0,0,0,0,0,0,,,0,18.2,2,1,0,192554,-141.66,20.85,1,0,,38,STRAIGHT BALL,51,FRONTFOOT COVERDRIVE,0,0,4,18,186,4,0,0,3,0,0,0,0,0,74.95896430671762,-4.635143800441598,8.340447730651405,-0.5529527769926325,1.968646754064938,-0.243305631538429,-0.232741737062776,-6.92270576496983,-31.6297320999958,-0.189736676938834,-5.91094054949701,6.558545631333557,0.1803084838054814,0.5824166743705602,79.3316527750359,Attacked,Played,Off-Drive,0.574630737304688,0.5104408264160156,3.661232,-0.614031,-0.225926657857113,0.0,-10.6,-29.9435170185142,0.123813327316707,0.123813327316707,-8.449562,-0.605485,0.246273,-8.840666,-0.60384,0.281357,-10.58529286511041,-10.06028281576984,-0.5986779534846414,0.3792957633039036,-0.2021463871456686,0.5806057252372945,-0.0235892255584143,-1.0,BRABOURNE-STADIUM-MUMBAI,2022-03-31,2022,R,L,R,Lucknow-Super-Giants,Chennai-Super-Kings,Seam,1.0
462,2,77,Lucknow Super Giants,Evin Lewis,Shivam Dube,,19,3,2,2,2,0,1,0,0,0,0,0,0,0,0,0,0,,,0,18.3,2,1,0,192555,144.73,-33.94,2,0,,38,STRAIGHT BALL,5,LOFTED OFF DRIVE,0,0,5,18,188,4,0,0,3,0,0,0,0,0,77.54517839643113,-5.905343744937508,8.340415102266686,1.026110551761307,1.993661606470853,-0.247621019905565,0.24520223038418,-6.44815119848312,-32.1907325877234,-1.128172142927,-6.23070972269748,8.102386113569505,0.3044314095841408,0.6636774827384357,79.10848145235128,Attacked,Edged,Off-Drive,0.554180145263672,0.5064239501953125,4.984849,0.559366,-0.229933804198024,0.0,-10.6,-29.0466296162793,-0.688689294296154,-0.688689294296154,-8.224594,0.483747,0.419751,-8.84083,0.468725,0.48204,-10.95448357061144,-10.06023551109187,0.438775394655093,0.5911759431270155,-0.0308927770475849,0.6489783233065664,-0.0179096625060654,-1.0,BRABOURNE-STADIUM-MUMBAI,2022-03-31,2022,L,R,R,Lucknow-Super-Giants,Chennai-Super-Kings,Seam,1.0
462,2,77,Lucknow Super Giants,Evin Lewis,Shivam Dube,,19,4,4,4,4,0,0,0,0,0,0,0,0,0,1,0,0,,,0,18.4,2,1,0,192556,148.41,142.86,4,0,,38,STRAIGHT BALL,51,FRONTFOOT COVERDRIVE,0,0,6,18,192,4,0,0,3,0,0,0,0,0,72.83595499818566,-4.44189147404614,8.340603706052377,0.891532035860507,2.014314589076097,-0.225096075255987,0.274345454914078,-7.78341216179551,-29.2624897832783,-0.720595208287952,-6.09694564131833,7.22756873662951,0.2015388372987889,0.5687156691750093,75.15346664637251,Attacked,Played,Off-Drive,0.582344055175781,0.5590667724609375,4.236006,0.531495,-0.209017784166274,0.0,-10.6,-27.3417150516794,-0.335061716699133,-0.335061716699133,-8.519427,0.498118,0.327391,-8.841105,0.494088,0.355629,-11.76940285149288,-10.06012992548186,0.4787237092642266,0.449222286602274,0.0838730179410711,0.7085344257732715,0.0070310421166932,-1.0,BRABOURNE-STADIUM-MUMBAI,2022-03-31,2022,L,R,R,Lucknow-Super-Giants,Chennai-Super-Kings,Seam,1.0
462,2,77,Lucknow Super Giants,Evin Lewis,Shivam Dube,,19,5,4,4,4,0,0,0,0,0,0,0,0,0,1,0,0,,,0,18.5,2,1,0,192557,7.06,213.31,4,0,,8,OFF CUTTER,13,LOFTED STRAIGHT,0,0,7,18,196,4,0,0,3,0,0,0,0,0,73.61702946297105,-4.671059108689821,8.340552407380713,0.8349425674109567,2.000785043849711,-0.228212778116465,-1.43161663124829,-8.19938663851115,-29.6676611551404,-1.19062498850864,-6.27996942260624,7.834785185949007,0.2524152023942444,0.5948944709437729,73.9926504021415,Attacked,Played,Off-Drive,0.573966979980469,0.5425643920898438,4.698105,0.450148,-0.21191186539386,0.0,-10.6,-27.1502747848322,-0.843682482970258,-0.843682482970258,-8.140161,0.362865,0.363456,-8.840979,0.340542,0.429578,-11.95178928459241,-10.06009027366341,0.3014096186698463,0.5275855562968038,-1.316409627548746,0.5182979830425354,-0.149907285129776,-1.0,BRABOURNE-STADIUM-MUMBAI,2022-03-31,2022,L,R,R,Lucknow-Super-Giants,Chennai-Super-Kings,Seam,1.0
462,2,77,Lucknow Super Giants,Evin Lewis,Shivam Dube,,19,6,6,6,6,0,0,0,0,0,0,0,0,0,0,1,0,,,0,18.6,2,1,0,192558,95.92,193.05,6,0,,39,ANGLED IN,5,LOFTED OFF DRIVE,0,0,8,18,202,4,0,1,4,0,0,0,1,0,78.80214213909036,-4.686716626916046,8.340646598093493,0.987503457615412,1.969424432502788,-0.242408399119299,-1.12707248413622,-6.80912413013397,-31.5130918855088,-2.08004595661245,-5.88214052205929,7.304685885556652,0.3053267483185856,0.6238035419118461,73.03785645491836,Attacked,Played,,0.540115356445313,0.5040664672851562,3.713075,0.178885,-0.22509351346792,0.0,-10.6,-28.6247933234305,-1.52438689138833,-1.52438689138833,-8.123115,0.083629,0.244452,-8.840719,0.044761,0.317675,-10.57299054423587,-10.06026417289295,-0.0218100565266978,0.4270785251963123,-1.19320227745115,0.7280200492016932,-0.145909968129031,92.0,BRABOURNE-STADIUM-MUMBAI,2022-03-31,2022,L,R,R,Lucknow-Super-Giants,Chennai-Super-Kings,Seam,1.0
462,2,77,Lucknow Super Giants,Ayush Badoni,Mukesh Choudhary,,20,1,1 (WD),1,0,0,0,0,0,1,1,0,0,0,0,0,0,,,0,19.1,2,1,1,192559,95.92,193.05,1,0,,36,BOUNCER,105,LEFT ALONE,1,0,1,19,203,4,1,0,4,0,0,0,0,0,64.422103,-8.264542388679232,8.3411215939363,-0.566877863768593,1.952562848600628,-0.190459530399059,0.0,-7.69182472624277,-26.6643342558683,0.0019999332047673,-6.82745537228467,9.107608371845297,0.213028208405715,0.5722759034628194,74.53856467885142,Attacked,Played,,0.676437377929688,0.6300888061523438,8.766379,-0.566179,-0.16967780256575,0.0,-10.6,-24.3726661234529,0.488066823069586,0.488066823069586,-999.9,-999.9,-999.9,-8.840826,-0.41093,0.742957,-14.36213114496113,-10.05995012216653,-0.3850465468548042,0.7564463339061297,0.000276703765616,1.142907075172994,-0.145909968129031,-1.0,BRABOURNE-STADIUM-MUMBAI,2022-03-31,2022,R,L,L,Lucknow-Super-Giants,Chennai-Super-Kings,Seam,1.0
462,2,77,Lucknow Super Giants,Ayush Badoni,Mukesh Choudhary,,20,1,1 (WD),1,0,0,0,0,0,1,1,0,0,0,0,0,0,,,0,19.1,2,1,1,192560,95.92,193.05,1,0,,39,ANGLED IN,70,STEP DOWN PULL SHOT,0,0,2,19,204,4,0,0,4,0,0,0,0,0,81.1802814197128,-15.09852722872657,8.340486541048755,-1.113400022975218,1.898237827158623,-0.254997587012881,0.738923626068399,-1.19762232002114,-33.1496863116746,3.80421305868736,-9.64067055749632,10.51039489261531,0.20327367983885,0.577844159445947,76.34925593300706,Attacked,Played,,0.563564300537109,0.6058273315429688,11.699021,-0.377871,-0.236783473654818,0.0,-10.6,-30.0269714417467,3.86865244225022,3.86865244225022,-999.9,-999.9,-999.9,-8.841104,1.031453,1.347186,-16.215612882957,-10.0599829782838,1.203542882128916,1.41273391895151,0.5550404550447122,0.7949537181265323,0.0321440699217671,-1.0,BRABOURNE-STADIUM-MUMBAI,2022-03-31,2022,R,L,L,Lucknow-Super-Giants,Chennai-Super-Kings,Seam,1.0
462,2,77,Lucknow Super Giants,Ayush Badoni,Mukesh Choudhary,,20,1,6,6,6,0,0,0,0,0,0,0,0,0,0,1,0,,,0,19.1,2,1,0,192561,98.69,-114.52,6,0,,38,STRAIGHT BALL,58,BACKFOOT PULL SHOT,0,0,3,19,210,4,0,0,4,0,0,0,0,0,82.66780967897695,-10.76683622417939,8.340466917327525,0.4694423052270421,1.93656214258418,-0.265709103505809,-0.0369582828231925,-3.32027212816531,-34.5421834557552,-0.696867501818065,-7.88116070948543,8.07817210014935,0.1909224889302398,0.5793542486639063,77.81088840656196,Attacked,Played,,0.533592224121094,0.4932632446289063,9.248084,0.29222,-0.246729881826823,0.0,-10.6,-32.1701286989204,-0.412431438459314,-0.412431438459314,-8.224034,0.194386,0.8123,-8.840551,0.185985,0.851892,-12.85262229893356,-10.06022338933577,0.1692386979161368,0.9176865217942052,-0.0906571051735875,0.4212404986496827,-0.00706051198797969,77.0,BRABOURNE-STADIUM-MUMBAI,2022-03-31,2022,R,L,L,Lucknow-Super-Giants,Chennai-Super-Kings,Seam,1.0
462,2,77,Lucknow Super Giants,Ayush Badoni,Mukesh Choudhary,,20,2,0,0,0,0,0,0,1,0,0,0,0,0,0,0,0,,,0,19.2,2,1,0,192562,52.64,102.35,0,0,,30,ANGLED ACROSS,11,LOFTED ON DRIVE,0,0,4,19,210,4,0,0,4,0,0,0,0,0,85.20243715928798,-8.930609025805415,8.340479713800633,0.3977502757685422,1.961875091458233,-0.26747530849927,-3.16950620212194,-4.79037750559888,-34.7717901049051,-2.18015991485223,-7.31456944736598,7.303222966715223,0.1958366992697066,0.5696678557328534,75.86650843295736,Attacked,Played,,0.513771057128906,0.4780197143554688,7.794313,-0.105259,-0.24836992932075,0.0,-10.6,-32.5130375083545,-2.26132757851403,-2.26132757851403,-8.138368,-0.523158,0.61209,-8.84077,-0.57445,0.659445,-11.87949458883906,-10.06031770559154,-0.6641974496338469,0.7291841386097018,-1.682831474481989,-0.3908977285414923,-0.15017428034175,-1.0,BRABOURNE-STADIUM-MUMBAI,2022-03-31,2022,R,L,L,Lucknow-Super-Giants,Chennai-Super-Kings,Seam,1.0
462,2,77,Lucknow Super Giants,Ayush Badoni,Mukesh Choudhary,,20,3,1,1,1,1,0,0,0,0,0,0,0,0,0,0,0,,,0,19.3,2,1,0,192563,133.22,111.09,1,0,,30,ANGLED ACROSS,11,LOFTED ON DRIVE,0,0,5,19,211,4,0,0,4,0,0,0,0,0,78.27048790404764,-7.581575716720503,8.340651651566024,0.453442651737084,1.940552210161582,-0.260674471413068,-0.103930648092328,-4.36879291138511,-33.8876812836989,-1.55229980832125,-6.41434765663541,7.542339222638946,0.1862011802167955,0.6587986127564462,90.19967389178738,Attacked,Played,,0.557430267333984,0.4764175415039063,6.349855,-0.068454,-0.242054866312135,0.0,-10.6,-31.9155959227712,-1.29886059980637,-1.29886059980637,-7.990413,-0.245537,0.489407,-8.840646,-0.281419,0.562179,-10.71828878788114,-10.05984817385005,-0.3332956973524973,0.6530850649249803,-0.276821045820682,0.2922606369505388,-0.0281971797348301,-1.0,BRABOURNE-STADIUM-MUMBAI,2022-03-31,2022,R,L,L,Lucknow-Super-Giants,Chennai-Super-Kings,Seam,1.0
