MatchID,InningsNo,BattingTeamID,TeamName,BatsManName,BowlerName,BowlerType,OverNo,BallNo,Runs,BallRuns,ActualRuns,IsOne,IsTwo,IsThree,IsDotball,Extras,IsWide,IsNoBall,IsBye,IsLegBye,IsFour,IsSix,IsWicket,WicketType,Wickets,IsBowlerWicket,BallName,Day,SESSION_NO,IsExtra,SNO,Xpitch,Ypitch,RunRuns,IsMaiden,OverImage,BowlTypeID,BowlTypeName,ShotTypeID,ShotType,IsBouncer,IsFreeHit,BallCount,BCCheck,TotalRuns,TotalWickets,FiveHaul,Flag,FlagSet,PenaltyRuns,IsFifty,IsHundred,IsTwoHundred,IsHattrick,release_speed,initial_angle,release_x,release_y,release_z,pre_bounce_ax,pre_bounce_ay,pre_bounce_az,pre_bounce_vx,pre_bounce_vy,pre_bounce_vz,bounce_angle,cof,cor,pbr,shot_attacked,shot_played,shot_info,crease_reaction_time,interception_reaction_time,bounce_x,bounce_y,post_bounce_ax,post_bounce_ay,post_bounce_az,post_bounce_vx,post_bounce_vy,post_bounce_vz,impact_x,impact_y,impact_z,crease_x,crease_y,crease_z,drop_angle,stump_x,stump_y,stump_z,swing,deviation,swing_dist,six_dist,ground,date,season,striker_hand,non_striker_hand,bowler_hand,team_bat,team_bowl,delivery_type,match_day
495,1,20,Sunrisers Hyderabad,Abhishek Sharma,Mohammad Shami,,1,1,0,0,0,0,0,0,1,0,0,0,0,0,0,0,0,,,0,0.1,2,1,0,200284,,,0,0,,,Knuckleball,50,BACKFOOT DEFENCE,0,0,1,0,0,0,1,0,0,0,0,0,0,0,86.70387708867605,-7.405939991425783,8.340443053797223,0.9597689814565687,1.96496925889175,-0.270979115749429,-0.227408362253502,-6.93614897537719,-35.2272850474257,-2.05103147617727,-7.18785379627555,8.062945778742955,0.1274914310684555,0.6651548054252976,97.0240777069491,Defended,Missed,Defend,0.496925354003906,0.5218620300292969,6.742352,0.321153,-0.25162346462447,0.0,-10.6,-33.7497598978504,-0.871576634146261,-0.871576634146261,-999.9,-999.9,-999.9,-8.840559,0.175506,0.686208,-11.53245329674227,-10.06016635435466,0.142500696718776,0.7925804602910536,-0.3809650423500954,1.852843204890678,-0.0375774885402672,-1.0,WANKHEDE-STADIUM-MUMBAI,2022-04-27,2022,L,R,R,Sunrisers-Hyderabad,Gujarat-Titans,Seam,1.0
495,1,20,Sunrisers Hyderabad,Abhishek Sharma,Mohammad Shami,,1,2,5 (WD),5,0,0,0,0,0,5,1,0,0,0,1,0,0,,,0,0.2,2,1,1,200285,,,5,0,,,Knuckleball,54,LEG GLANCE,0,0,2,0,5,0,0,0,0,0,0,0,0,0,85.72856952510682,-8.424854462814405,8.340796822776518,0.986482952285442,1.944934769212817,-0.27582667247862,-4.77292154216203,-7.59631215049132,-35.8574674222205,-3.1131374679954,-7.86434583091484,7.315490208873941,0.1391503102199057,0.5571651877619963,79.65974714230887,Attacked,Played,,0.510234832763672,0.4635086059570313,7.962432,0.301885,-0.256124767301575,0.0,-10.6,-34.1316117880308,-3.27431625536669,-3.27431625536669,-8.215768,-0.298947,0.666218,-8.84106,-0.361974,0.711157,-12.37038198866267,-10.05966488262013,-0.4857053989677583,0.7879560322469119,-2.335912322935235,-0.5177692345936559,-0.205676068567069,-1.0,WANKHEDE-STADIUM-MUMBAI,2022-04-27,2022,L,R,R,Sunrisers-Hyderabad,Gujarat-Titans,Seam,1.0
495,1,20,Sunrisers Hyderabad,Abhishek Sharma,Mohammad Shami,,1,2,0,0,0,0,0,0,1,0,0,0,0,0,0,0,0,,,0,0.2,2,1,0,200286,-85.49,44.33,0,0,,,Knuckleball,101,BACKFOOT ON DRIVE,0,0,3,0,5,0,0,0,0,0,0,0,0,0,87.92803814777608,-7.359408444618903,8.341120144859033,0.9053054691011332,1.954541154408532,-0.274733224407392,-2.53807364516314,-6.66370962776191,-35.7153191729609,-2.81419164641493,-7.11930621915943,7.060641027301908,0.0921815743100802,0.6038573673835292,91.36044767652136,Attacked,Played,Glance,0.487415313720703,0.4592742919921875,6.69625,0.147169,-0.255109422664007,0.0,-10.6,-34.7091775780629,-2.11338302203902,-2.11338302203902,-8.320402,-0.160268,0.561808,-8.840665,-0.193209,0.603494,-11.27328085988539,-10.06019190649366,-0.2709418706067495,0.6916545315392453,-1.538418030879855,1.020975993431892,-0.153224693249496,-1.0,WANKHEDE-STADIUM-MUMBAI,2022-04-27,2022,L,R,R,Sunrisers-Hyderabad,Gujarat-Titans,Seam,1.0
495,1,20,Sunrisers Hyderabad,Abhishek Sharma,Mohammad Shami,,1,3,0,0,0,0,0,0,1,0,0,0,0,0,0,0,0,,,0,0.3,2,1,0,200287,68.3,-33.94,0,0,,,Knuckleball,50,BACKFOOT DEFENCE,0,0,4,0,5,0,0,0,0,0,0,0,0,0,87.44094991540759,-8.164124202059313,8.341046218593782,0.9602454303607328,1.895274457700599,-0.278369758242212,3.76789133185065,-9.66505988267843,-36.1880685714875,-0.403999826443027,-8.19006742986256,7.2440068541246,0.1236915834608016,0.5373519113676068,78.23362835906087,Defended,Played,Defend,0.495826721191406,0.4832839965820313,8.310684,0.715898,-0.258486204082054,0.0,-10.6,-34.6232092504252,-0.820117604274248,-0.820117604274248,-8.981877,0.539782,0.745079,-8.84086,0.543311,0.735839,-12.75232476760623,-10.05979280192805,0.5126767410760498,0.8095105643758279,1.439656256571311,-0.7172899590601575,0.12189453588648,-1.0,WANKHEDE-STADIUM-MUMBAI,2022-04-27,2022,L,R,R,Sunrisers-Hyderabad,Gujarat-Titans,Seam,1.0
495,1,20,Sunrisers Hyderabad,Abhishek Sharma,Mohammad Shami,,1,4,0,0,0,0,0,0,1,0,0,0,0,0,0,0,0,,,0,0.4,2,1,0,200288,68.3,-33.94,0,0,,,Knuckleball,50,BACKFOOT DEFENCE,0,0,5,0,5,0,0,0,0,0,0,0,0,0,85.36231798877586,-9.060509181116467,8.34083773922779,0.8486474401612906,1.912558761221104,-0.271206941927827,-0.213130501990848,-7.71183602812101,-35.2569024506175,-2.02446468249165,-8.0836365347448,7.935609604577142,0.1410486088840845,0.5777621644012356,82.55946377177689,Defended,Missed,Defend,0.511848449707031,0.5339698791503906,8.718969,0.319915,-0.251835017504411,0.0,-10.6,-33.5049289026909,-0.862773388031299,-0.862773388031299,-999.9,-999.9,-999.9,-8.840574,0.12114,0.836694,-12.91347604327704,-10.0597371569947,0.0877082036230846,0.9150809144584776,-0.3124820268232604,1.811259666952564,1.20230771161995,-1.0,WANKHEDE-STADIUM-MUMBAI,2022-04-27,2022,L,R,R,Sunrisers-Hyderabad,Gujarat-Titans,Seam,1.0
495,1,20,Sunrisers Hyderabad,Abhishek Sharma,Mohammad Shami,,1,5,5 (WD),5,0,0,0,0,0,5,1,0,0,0,1,0,0,,,0,0.5,2,1,1,200289,68.3,-33.94,5,0,,,Knuckleball,54,LEG GLANCE,0,0,6,0,10,0,0,0,0,0,0,0,0,0,87.69073717625487,-8.463173439583333,8.341100016169584,0.9105176601366692,1.901638463649838,-0.275818001595284,-0.100465235160265,-6.40227683895294,-35.8563402073869,-2.19565468582693,-7.54029184147187,6.412545395130349,0.0795802369640716,0.5204343170417391,80.10712385985371,Attacked,Played,,0.49456787109375,0.46673583984375,8.040581,0.303989,-0.256116715767049,0.0,-10.6,-34.9162508202067,-2.5761001434892,-2.5761001434892,-8.45234,-0.182191,0.604617,-8.840864,-0.212321,0.626392,-11.87578712882641,-10.05965297975329,-0.307426866144401,0.6856118784803036,-0.2992818454429145,-0.7154848023181355,-0.0263870104555849,-1.0,WANKHEDE-STADIUM-MUMBAI,2022-04-27,2022,L,R,R,Sunrisers-Hyderabad,Gujarat-Titans,Seam,1.0
495,1,20,Sunrisers Hyderabad,Abhishek Sharma,Mohammad Shami,,1,5,1,1,1,1,0,0,0,0,0,0,0,0,0,0,0,,,0,0.5,2,1,0,200290,73.82,-88.27,1,0,,,Knuckleball,44,GLIDE,0,0,7,0,11,0,0,0,0,0,0,0,0,0,86.52859221620885,-7.413003553325362,8.34102621104816,0.8179678488469033,1.93052348196187,-0.271358299805285,-2.62486652555938,-7.40549739230323,-35.276578974687,-1.47670015263324,-7.27072644013166,6.971342619607418,0.0702595428240885,0.5800726456497968,89.98494256506066,Attacked,Played,,0.495574951171875,0.4815216064453125,7.068997,0.487649,-0.251975564104907,0.0,-10.6,-34.4917969719247,-0.766476366817795,-0.766476366817795,-8.847224,0.354646,0.614675,-8.841178,0.354787,0.614239,-11.64594488832924,-10.05973519268394,0.3263666255180558,0.6952051865931268,-1.398801401676958,1.124021779469289,-0.132771435526185,-1.0,WANKHEDE-STADIUM-MUMBAI,2022-04-27,2022,L,R,R,Sunrisers-Hyderabad,Gujarat-Titans,Seam,1.0
495,1,20,Sunrisers Hyderabad,Kane Williamson,Mohammad Shami,,1,6,0,0,0,0,0,0,1,0,0,0,0,0,0,0,0,,,0,0.6,2,1,0,200291,73.82,-88.27,0,0,,,Knuckleball,49,FORWARD DEFENCE,0,0,8,0,11,0,0,0,0,0,0,0,0,0,88.42835685470791,-7.016149603642657,8.34108854674254,-0.5329496451352551,1.914612629148161,-0.277389142806348,0.312145257062336,-8.15918480170964,-36.0605885648252,0.660456115856215,-7.33010176992161,7.265140707222026,0.1856902208212938,0.589382780815008,79.83839504012181,Defended,Played,Defend,0.489280700683594,0.4587936401367188,6.875452,-0.345331,-0.257575632605894,0.0,-10.6,-33.8882928818916,1.00805229171424,1.00805229171424,-8.254221,-0.191545,0.588194,-8.840883,-0.173352,0.635252,-11.49007041972382,-10.0600991061177,-0.135270723433038,0.7225775284581143,0.2249113628464185,0.6545715383368238,0.0217641931459178,-1.0,WANKHEDE-STADIUM-MUMBAI,2022-04-27,2022,R,L,R,Sunrisers-Hyderabad,Gujarat-Titans,Seam,1.0
495,1,20,Sunrisers Hyderabad,Abhishek Sharma,Yash Dayal,,2,1,1,1,1,1,0,0,0,0,0,0,0,0,0,0,0,,,0,1.1,2,1,0,200292,73.36,-15.99,1,0,,,Knuckleball,97,BACKFOOT PUSH,0,0,1,1,12,0,1,0,0,0,0,0,0,0,83.66385354961919,-6.930043520547753,8.340728075983979,0.6432867166847235,1.990045746816365,-0.261247643683714,3.34220107692985,-7.4762130404515,-33.9621936788829,-0.557817728639239,-7.03853321224808,7.629129505702848,0.1423481904705326,0.6155634582984022,88.09969969770707,Attacked,Played,Nudge,0.514595031738281,0.4965248107910156,6.388533,0.263335,-0.242587097706306,0.0,-10.6,-32.3463523018619,0.336737040357304,0.336737040357304,-8.692674,0.316617,0.589617,-8.841138,0.318224,0.602169,-11.70857502634511,-10.06004687611435,0.331488438560207,0.6965508268302059,1.664795079503962,1.537427412380438,0.166624566015369,-1.0,WANKHEDE-STADIUM-MUMBAI,2022-04-27,2022,L,R,L,Sunrisers-Hyderabad,Gujarat-Titans,Seam,1.0
495,1,20,Sunrisers Hyderabad,Kane Williamson,Yash Dayal,,2,2,0,0,0,0,0,0,1,0,0,0,0,0,0,0,0,,,0,1.2,2,1,0,200293,73.36,-15.99,0,0,,,Knuckleball,11,LOFTED ON DRIVE,0,0,2,1,12,0,0,0,0,0,0,0,0,0,82.98734584701027,-6.183067390149187,8.341041896723759,0.5161904276098909,2.008078061543349,-0.264294770224563,3.35013850463751,-8.00359327277451,-34.3583201291931,-2.06538105329135,-6.96627260862534,7.671559857315039,0.1569600648232582,0.6307227719831652,88.91240931514896,Attacked,Missed,Nudge,0.50299072265625,0.5299415588378906,5.461128,-0.441266,-0.24541657235138,0.0,-10.6,-32.6190819880767,-1.08933985500886,-1.08933985500886,-999.9,-999.9,-999.9,-8.84105,-0.585247,0.510966,-11.46155264457516,-10.0603191685073,-0.6275084435368011,0.6190945532764689,1.504244943815094,1.52735376479867,0.161872979758465,-1.0,WANKHEDE-STADIUM-MUMBAI,2022-04-27,2022,R,L,L,Sunrisers-Hyderabad,Gujarat-Titans,Seam,1.0
495,1,20,Sunrisers Hyderabad,Kane Williamson,Yash Dayal,,2,3,1,1,1,1,0,0,0,0,0,0,0,0,0,0,0,,,0,1.3,2,1,0,200294,77.51,-4.94,1,0,,,Knuckleball,49,FORWARD DEFENCE,0,0,3,1,13,0,0,0,0,0,0,0,0,0,86.90018022814465,-4.735557108671986,8.34085652993858,0.5414497493079189,2.03997728213383,-0.266261369380364,5.37686126975844,-7.56873634051247,-34.6139780194473,-0.585314700321628,-6.36770418270748,6.219121269019655,0.210712479308291,0.5566707009504539,72.42935721173899,Attacked,Played,Nudge,0.489543914794922,0.4617462158203125,3.100993,-0.172604,-0.247242700138909,0.0,-10.6,-32.5285385325443,-0.334284642511055,-0.334284642511055,-8.378216,-0.187268,0.185179,-8.840643,-0.192081,0.228418,-10.42377871605597,-10.05970792354339,-0.2048503341738075,0.3325012868358602,3.218189481546539,0.3799782460605762,0.404876232592801,-1.0,WANKHEDE-STADIUM-MUMBAI,2022-04-27,2022,R,L,L,Sunrisers-Hyderabad,Gujarat-Titans,Seam,1.0
495,1,20,Sunrisers Hyderabad,Abhishek Sharma,Yash Dayal,,2,4,4,4,4,0,0,0,0,0,0,0,0,0,1,0,0,,,0,1.4,2,1,0,200295,183.87,-10.46,4,0,,,Knuckleball,36,CUT SHOT,0,0,4,1,17,0,0,0,0,0,0,0,0,0,84.57966281952002,-9.426859759539571,8.340994528265163,0.606839508776781,2.03183723829912,-0.266133353189021,3.31651936228617,-6.09331944059098,-34.5973359145727,0.0611209505619273,-7.90641324083748,8.393106902463328,0.2032578425886558,0.5976657238978768,79.32407432581593,Attacked,Played,Cut,0.521633148193359,0.5081634521484375,8.287458,0.492634,-0.247123827961234,0.0,-10.6,-32.0269547622068,0.432608126034024,0.432608126034024,-8.832077,0.590687,0.846319,-8.841087,0.590816,0.847009,-12.87256324369403,-10.06030653100507,0.6083218405873759,0.9321997106405802,1.441613355561899,0.6726621287553299,0.122340699971692,-1.0,WANKHEDE-STADIUM-MUMBAI,2022-04-27,2022,L,R,L,Sunrisers-Hyderabad,Gujarat-Titans,Seam,1.0
495,1,20,Sunrisers Hyderabad,Abhishek Sharma,Yash Dayal,,2,5,1 (WD),1,0,0,0,0,0,1,1,0,0,0,0,0,0,,,0,1.5,2,1,1,200296,183.87,-10.46,1,0,,,Knuckleball,40,FRONTFOOT FLICK,0,0,5,1,18,0,0,0,0,0,0,0,0,0,86.03026647918023,-7.735899220955458,8.340431937896675,0.8280104059638974,2.025503739947357,-0.268473593336066,-0.0782815805304161,-6.45982148278626,-34.9015671336886,-2.43651320276881,-7.23457148790012,7.739707508713177,0.163767574774937,0.620202270673477,86.65358312352785,Attacked,Played,,0.50372314453125,0.5294036865234375,6.733516,0.052041,-0.249296908097776,0.0,-10.6,-33.0134828548207,-1.87904511377323,-1.87904511377323,-999.9,-999.9,-999.9,-8.840532,-0.268526,0.65177,-11.71071059848464,-10.05990757207477,-0.341295525473134,0.7475520029891127,-0.3655359450851168,0.7357784141722277,-0.0362305471925577,-1.0,WANKHEDE-STADIUM-MUMBAI,2022-04-27,2022,L,R,L,Sunrisers-Hyderabad,Gujarat-Titans,Seam,1.0
495,1,20,Sunrisers Hyderabad,Abhishek Sharma,Yash Dayal,,2,5,4,4,4,0,0,0,0,0,0,0,0,0,1,0,0,,,0,1.5,2,1,0,200297,188.47,95.44,4,0,,,Knuckleball,15,LOFTED COVER DRIVE,0,0,6,1,22,0,0,0,0,0,0,0,0,0,86.19831170077758,-6.837640971408884,8.341021457669235,0.787480873857787,2.024365945048162,-0.268752632245694,4.18126331493767,-7.96925251898667,-34.9378421919402,-0.567533510102053,-7.26513102527902,6.445684770247312,0.1530182999054022,0.5171404908985254,72.2692436442386,Attacked,Played,Off-Drive,0.498870849609375,0.4624557495117188,6.106476,0.360297,-0.249556015656716,0.0,-10.6,-33.2558464664697,0.0139075698374601,0.0139075698374601,-8.085599,0.362052,0.42182,-8.84086,0.362379,0.475757,-11.74693376312247,-10.06029178420083,0.3629112131729137,0.5509991307771205,2.023419055234716,0.9545970929332644,0.207126132715406,-1.0,WANKHEDE-STADIUM-MUMBAI,2022-04-27,2022,L,R,L,Sunrisers-Hyderabad,Gujarat-Titans,Seam,1.0
495,1,20,Sunrisers Hyderabad,Abhishek Sharma,Yash Dayal,,2,6,0,0,0,0,0,0,1,0,0,0,0,0,0,0,0,,,0,1.6,2,1,0,200298,188.47,95.44,0,0,,,Knuckleball,105,LEFT ALONE,0,0,7,1,22,0,0,0,0,0,0,0,0,0,82.10000000000001,-6.872299544682869,8.340429926531481,0.841066341555514,2.035687042822797,-0.266159760780824,5.20583733629627,-8.84300814192315,-34.6007689015071,0.236821873280014,-7.48693776579517,7.26709511013367,0.1950493713104129,0.5506585884223405,73.0938511323098,,,,5.89250564575195,0.5331573486328125,6.406651,0.633438,-0.173003844507536,0.0,-10.6,-32.3303799152375,0.660088218649542,0.660088218649542,-999.9,-999.9,-999.9,-8.841103,0.740854,0.569913,-12.20947043508979,-10.0600459598354,0.7665380973142756,0.6551873203898725,2.648734812905885,0.7774936673272793,0.267869280717764,-1.0,WANKHEDE-STADIUM-MUMBAI,2022-04-27,2022,L,R,L,Sunrisers-Hyderabad,Gujarat-Titans,Seam,1.0
495,1,20,Sunrisers Hyderabad,Kane Williamson,Mohammad Shami,,3,1,0,0,0,0,0,0,1,0,0,0,0,0,0,0,0,,,0,2.1,2,1,0,200299,5.68,60.45,0,0,,,Knuckleball,50,BACKFOOT DEFENCE,0,0,1,2,22,0,1,0,0,0,0,0,0,0,87.31967745935542,-7.267268800628065,8.341147771052103,-0.4929262844575717,1.93040881139973,-0.273237665828022,-0.683298224446858,-6.51525272844868,-35.5208965576428,1.14324903266212,-6.98764747850247,6.850305910047132,0.1512414654537438,0.582169779767533,82.20132041975559,Defended,Played,Defend,0.492210388183594,0.461700439453125,6.723845,-0.099163,-0.177604482788214,0.0,-10.6,-33.862343667498,0.574561615862903,0.574561615862903,-8.245941,-0.014764,0.536681,-8.840752,-0.004389,0.580297,-11.12908077607505,-10.059811865054,0.0169812577098226,0.659235467919842,-0.1661940236057592,-0.8713660336606918,-0.0159728138664668,-1.0,WANKHEDE-STADIUM-MUMBAI,2022-04-27,2022,R,L,R,Sunrisers-Hyderabad,Gujarat-Titans,Seam,1.0
495,1,20,Sunrisers Hyderabad,Kane Williamson,Mohammad Shami,,3,2,4,4,4,0,0,0,0,0,0,0,0,0,1,0,0,,,0,2.2,2,1,0,200300,169.59,-33.48,4,0,,,Knuckleball,40,FRONTFOOT FLICK,0,0,2,2,26,0,0,0,0,0,0,0,0,0,87.407257,-7.26886712037474,8.340547799697493,-0.4592859592793235,1.930188803613448,-0.273450485594624,0.0532641436356472,-6.49310544799642,-35.5485631273011,1.15749463084456,-6.98488590366305,7.656908180507309,0.1543046080398409,0.6499999999999996,92.06953919601584,Attacked,Played,Glance,0.492210388183594,0.46142578125,6.719007,-0.097691,-0.253918308052151,-0.278861499804287,-10.6,-33.7711349709361,1.09961989930234,1.09961989930234,-8.205807,0.060679,0.605847,-8.840935,0.081343,0.662224,-11.11634978296986,-10.05993624097298,0.1209921748690093,0.7597089167401843,0.1784331467826696,1.2722218725854072e-14,0.0176371037804353,-1.0,WANKHEDE-STADIUM-MUMBAI,2022-04-27,2022,R,L,R,Sunrisers-Hyderabad,Gujarat-Titans,Seam,1.0
495,1,20,Sunrisers Hyderabad,Kane Williamson,Mohammad Shami,,3,3,0,0,0,0,0,0,1,0,0,0,0,0,0,0,0,,,0,2.3,2,1,0,200301,-78.58,-11.38,0,0,,,Knuckleball,97,BACKFOOT PUSH,0,0,3,2,26,0,0,0,0,0,0,0,0,0,88.47224044167436,-8.315064262375634,8.341175758290984,-0.5460700084566027,1.885174720933041,-0.278519371075842,0.0582699553401568,-6.03943490109028,-36.2075182398594,0.41223888738021,-7.40338611288509,6.850791226245792,0.1072523980302423,0.5673261722788484,84.37368603880303,Defended,Played,Defend,0.487060546875,0.4716339111328125,7.901828,-0.433378,-0.181037591199297,0.0,-10.6,-34.9597666764643,0.625362620752845,0.625362620752845,-8.781201,-0.312825,0.668194,-8.841078,-0.311716,0.672003,-11.5560340679579,-10.06028635155494,-0.2890509141601388,0.7425272201826504,0.0725318189206902,0.3724913540950633,0.00131243805768863,-1.0,WANKHEDE-STADIUM-MUMBAI,2022-04-27,2022,R,L,R,Sunrisers-Hyderabad,Gujarat-Titans,Seam,1.0
495,1,20,Sunrisers Hyderabad,Kane Williamson,Mohammad Shami,,3,4,0,0,0,0,0,0,1,0,0,0,0,0,0,0,0,,,0,2.4,2,1,0,200302,-78.58,-11.38,0,0,,,Knuckleball,50,BACKFOOT DEFENCE,0,0,4,2,26,0,0,0,0,0,0,0,0,0,86.34611721551644,-9.301492905784004,8.340790371415473,-0.5052750138532972,1.908120852300195,-0.276345818059972,-1.59941444392324,-6.5105112202388,-35.9249563477964,0.0594854998448149,-8.00852079021529,8.278941641706087,0.1835195348550601,0.6095303682819726,83.07760175678987,Defended,Played,Defend,0.506767272949219,0.482757568359375,8.746599,-0.436118,-0.179624781738982,0.0,-10.6,-33.547344382845,0.901188902111197,0.901188902111197,-8.663875,-0.23467,0.877222,-8.840816,-0.22972,0.89086,-12.56709718842184,-10.05988984322004,-0.1954795418277781,0.9764374244960948,-0.6089349237612732,1.443905916395888,-0.0516550369166453,-1.0,WANKHEDE-STADIUM-MUMBAI,2022-04-27,2022,R,L,R,Sunrisers-Hyderabad,Gujarat-Titans,Seam,1.0
495,1,20,Sunrisers Hyderabad,Kane Williamson,Mohammad Shami,,3,5,0 WK,W,0,0,0,0,1,0,0,0,0,0,0,0,1,Bowled,WICKET,1,2.5,2,1,0,200303,-78.58,-11.38,0,0,https://scores.bcci.tv/matchcentre/commentaryFiles/IPL-2022/Gujarat-Titans-VS-Sunrisers-Hyderabad-(27-Apr-2022)/File_1-3-200303.jpg,,Knuckleball,27,FORWARD PUSH,0,0,5,2,26,1,1,0,0,0,0,0,0,0,86.711307,-6.000784083168853,8.340446179501313,-0.487216167024325,1.943099198768837,-0.269265894963815,-0.0895508220405229,-6.87806568757251,-35.004566345296,0.656583684377136,-6.51196973497787,6.633386379081646,0.1949262809496969,0.5887602685146661,78.82141218223023,Defended,Missed,Defend,0.501068115234375,0.4823799133300781,5.256304,-0.246624,-0.17502283172648,0.0,-10.6,-32.9679336289211,1.31186659435397,1.31186659435397,-8.869461,-0.083067,0.449391,-8.841035,-0.084223,0.447173,-10.5383804814271,-10.05978300455,-0.0344992362046481,0.5351415448526158,0.0510498869051018,1.204146984580633,0.00575856147511269,-1.0,WANKHEDE-STADIUM-MUMBAI,2022-04-27,2022,R,L,R,Sunrisers-Hyderabad,Gujarat-Titans,Seam,1.0
495,1,20,Sunrisers Hyderabad,Rahul Tripathi,Mohammad Shami,,3,6,0,0,0,0,0,0,1,0,0,0,0,0,0,0,0,,,0,2.6,2,1,0,200304,-59.7,-8.16,0,0,,,Knuckleball,27,FORWARD PUSH,0,0,6,2,26,1,2,0,0,0,0,0,0,0,87.49789828146726,-8.649843831352982,8.340402400801459,-0.5008278610669047,1.936701755035174,-0.279909515829718,-0.522182161503338,-6.46324176893565,-36.3882370578633,0.519953800242356,-7.74744024593535,7.709380514537888,0.1355902149036716,0.6061883415532754,87.36922974262416,Defended,Played,Defend,0.493938446044922,0.4617691040039063,8.03933,-0.338786,-0.181941185289317,0.0,-10.6,-34.6926039897041,0.915736206553947,0.915736206553947,-8.426227,-0.166802,0.751853,-8.84091,-0.155462,0.784543,-12.01940492744987,-10.06035553119267,-0.1219690761265809,0.8716107818061625,-0.1481543312166453,0.693364900233944,-0.0127980162541531,-1.0,WANKHEDE-STADIUM-MUMBAI,2022-04-27,2022,R,L,R,Sunrisers-Hyderabad,Gujarat-Titans,Seam,1.0
495,1,20,Sunrisers Hyderabad,Abhishek Sharma,Yash Dayal,,4,1,1,1,1,1,0,0,0,0,0,0,0,0,0,0,0,,,0,3.1,2,1,0,200305,-74.44,-62.49,1,0,,,Knuckleball,46,FRONTFOOT PULL SHOT,0,0,1,3,27,1,3,0,0,0,0,0,0,0,82.60000000000004,-13.61200740705922,8.340391889923428,0.6962416678705967,1.965772049095716,-0.279130977699583,0.771507295421989,-5.33559423620045,-36.2870271009457,-1.99371957599673,-10.3290915295661,9.928934646337352,0.1854788902406787,0.5648644619400333,76.18178026693712,Attacked,Edged,Pull-Hook,0.509696960449219,0.4915924072265625,11.078413,0.290006,-0.181435135504729,0.0,-10.6,-33.3309967929374,-0.92192751663103,-0.92192751663103,-8.564905,0.01777,1.301696,-8.840906,0.009709,1.324937,-15.88898750111547,-10.0603027878117,-0.0260577635218665,1.418285041450958,0.0583501241112011,1.560458564967535,-0.00123663968022658,-1.0,WANKHEDE-STADIUM-MUMBAI,2022-04-27,2022,L,R,L,Sunrisers-Hyderabad,Gujarat-Titans,Seam,1.0
495,1,20,Sunrisers Hyderabad,Rahul Tripathi,Yash Dayal,,4,2,0,0,0,0,0,0,1,0,0,0,0,0,0,0,0,,,0,3.2,2,1,0,200306,-74.9,102.35,0,0,,,Knuckleball,21,STEP DOWN OFF DRIVE,0,0,2,3,27,1,0,0,0,0,0,0,0,0,85.31724870929827,-10.32713007810206,8.340677021420909,0.5808865239061994,1.990631230681334,-0.269571350149538,5.41669645859597,-8.01810571041222,-35.04427551944,-0.413277103684275,-8.82935916031272,9.458662773228957,0.2141782240722296,0.6039933578959438,79.18118127716862,Attacked,Played,Nudge,0.521209716796875,0.4441108703613281,9.360924,0.309392,-0.1752213775972,0.0,-10.6,-32.0098529897159,-0.481241246120971,-0.481241246120971,-6.827269,0.215679,0.875599,-8.841131,0.184171,1.066888,-14.14127892574593,-10.06009326783958,0.1649230865757754,1.161390860078306,2.019037542270531,-0.1856712714092959,0.153834273353568,-1.0,WANKHEDE-STADIUM-MUMBAI,2022-04-27,2022,R,L,L,Sunrisers-Hyderabad,Gujarat-Titans,Seam,1.0
495,1,20,Sunrisers Hyderabad,Rahul Tripathi,Yash Dayal,,4,3,1,1,1,1,0,0,0,0,0,0,0,0,0,0,0,,,0,3.3,2,1,0,200307,-73.05,-15.99,1,0,,,Knuckleball,96,SLICED OVER POINT,0,0,3,3,28,1,0,0,0,0,0,0,0,0,87.9095941693975,-5.626343052330901,8.340365194319215,0.5065361153050587,2.031140255694498,-0.270209608707333,-0.479821128305576,-6.10128584196666,-35.1272491319533,-2.11797529451471,-6.2496209007506,7.526571317145494,0.2489850162678656,0.6874594850188854,88.22042112604625,Attacked,Played,Cut,0.486579895019531,0.4683494567871094,3.81632,-0.289732,-0.175636245659767,0.0,-10.6,-32.5175646701883,-1.76168664113685,-1.76168664113685,-8.661788,-0.4216,0.336196,-8.840563,-0.431418,0.355554,-10.08815020940851,-10.0597653541688,-0.4986343759054355,0.4792373298454019,-0.6234814582263989,0.3493845246949079,-0.0760776037488901,-1.0,WANKHEDE-STADIUM-MUMBAI,2022-04-27,2022,R,L,L,Sunrisers-Hyderabad,Gujarat-Titans,Seam,1.0
495,1,20,Sunrisers Hyderabad,Abhishek Sharma,Yash Dayal,,4,4,1,1,1,1,0,0,0,0,0,0,0,0,0,0,0,,,0,3.4,2,1,0,200308,-91.47,48.94,1,0,,,Knuckleball,46,FRONTFOOT PULL SHOT,0,0,4,3,29,1,0,0,0,0,0,0,0,0,85.44710744059762,-12.38505495023129,8.340839126135364,0.5690774851039193,1.989743717558211,-0.270808954299754,2.00016435386579,-9.64641084988139,-35.205164058968,-0.491873769929732,-10.2466859139138,10.3545971468728,0.1066127220969094,0.5962615283376449,88.7779570409558,Attacked,Edged,Pull-Hook,0.486579895019531,0.4905853271484375,10.674636,0.418763,-0.17602582029484,0.0,-10.6,-33.4383777357299,-1.3295793792142,-1.3295793792142,-8.438259,0.049941,1.311468,-8.840875,0.033113,1.350733,-16.22797143295242,-10.06033274816878,-0.0180886748305859,1.459754027437691,0.6099052396846248,-1.47653600983102,-0.000227561811904642,-1.0,WANKHEDE-STADIUM-MUMBAI,2022-04-27,2022,L,R,L,Sunrisers-Hyderabad,Gujarat-Titans,Seam,1.0
495,1,20,Sunrisers Hyderabad,Rahul Tripathi,Yash Dayal,,4,5,1,1,1,1,0,0,0,0,0,0,0,0,0,0,0,,,0,3.5,2,1,0,200309,-71.67,-100.71,1,0,,,Knuckleball,40,FRONTFOOT FLICK,0,0,5,3,30,1,0,0,0,0,0,0,0,0,85.65516364524424,-6.705071303310742,8.340675490584246,0.6815685792080781,1.995494120198866,-0.270290861077044,1.15880676354856,-6.51823454860006,-35.1378119400157,-1.05693714398251,-6.78245895210375,8.427716810085991,0.2048693843317419,0.7148063287013712,96.73401087203148,Attacked,Edged,Nudge,0.497852325439453,0.4619064331054688,5.699754,0.248144,-0.175689059700078,0.0,-10.6,-32.7220299559888,-1.78994903889472,-1.78994903889472,-8.150655,0.038664,0.538824,-8.840498,7.1e-05,0.614143,-10.92512772814572,-10.05996887732022,-0.0685105476109305,0.7358309240765438,0.4397578857135631,-1.408129086277095,0.0461881679156472,-1.0,WANKHEDE-STADIUM-MUMBAI,2022-04-27,2022,R,L,L,Sunrisers-Hyderabad,Gujarat-Titans,Seam,1.0
495,1,20,Sunrisers Hyderabad,Abhishek Sharma,Yash Dayal,,4,6,0,0,0,0,0,0,1,0,0,0,0,0,0,0,0,,,0,3.6,2,1,0,200310,-96.08,43.41,0,0,,,Knuckleball,46,FRONTFOOT PULL SHOT,0,0,6,3,30,1,0,0,0,0,0,0,0,0,89.95834761195533,-15.02545803557156,8.34047406697205,0.6752973386876486,1.954568768325426,-0.284287636483135,0.500325867661161,-7.23218363767249,-36.9573927428076,-0.785563073489219,-11.6802029866815,9.269925982523626,0.1401165995388778,0.4823918690873897,68.34712040922068,Attacked,Played,Pull-Hook,0.506629943847656,0.479095458984375,11.814129,0.531169,-0.26398137673434,0.0,-10.6,-34.5210518224448,-1.1340018603478,-1.1340018603478,-999.9,-999.9,-999.9,-8.840706,0.168224,1.293717,-17.53888571932153,-10.0601500659511,0.1244111044363557,1.372419440800038,0.0695840151321789,-0.6637747498457615,0.0236414270206667,-1.0,WANKHEDE-STADIUM-MUMBAI,2022-04-27,2022,L,R,L,Sunrisers-Hyderabad,Gujarat-Titans,Seam,1.0
495,1,20,Sunrisers Hyderabad,Rahul Tripathi,Mohammad Shami,,5,1,0,0,0,0,0,0,1,0,0,0,0,0,0,0,0,,,0,4.1,2,1,0,200311,-96.08,43.41,0,0,,,Knuckleball,49,FORWARD DEFENCE,0,0,1,4,30,1,1,0,0,0,0,0,0,0,87.20792146822635,-9.200858737906474,8.340444530555217,-0.4852245573854727,1.941535664278164,-0.27473161190063,-1.01372217277159,-5.23238214280782,-35.7151095470819,0.36659048953218,-7.65212994101838,6.366937962214414,-0.0248405094137071,0.524938275710048,91.22479229787794,Defended,Played,Defend,0.487152099609375,0.5100860595703125,8.341909,-0.348482,-0.255107925336299,0.0,-10.6,-35.9989460721669,0.754665759028158,0.754665759028158,-999.9,-999.9,-999.9,-8.840972,-0.195261,0.655353,-12.09305787719358,-10.06017652591984,-0.1682199270814116,0.7153653795404354,-0.3671671118920944,0.6128668746017217,-0.0309484769453502,-1.0,WANKHEDE-STADIUM-MUMBAI,2022-04-27,2022,R,L,R,Sunrisers-Hyderabad,Gujarat-Titans,Seam,1.0
495,1,20,Sunrisers Hyderabad,Rahul Tripathi,Mohammad Shami,,5,2,0,0,0,0,0,0,1,0,0,0,0,0,0,0,0,,,0,4.2,2,1,0,200312,-21.95,18.55,0,0,,,Knuckleball,50,BACKFOOT DEFENCE,0,0,2,4,30,1,0,0,0,0,0,0,0,0,88.40771357868717,-8.283834000879384,8.340507650190368,-0.4910207266916511,1.927489010937926,-0.277710796565189,-0.929385867651334,-5.60825644238822,-36.1024035534746,0.689976721376743,-7.30150947985204,7.253554116743207,0.1502605468962826,0.5985484859592021,84.75621820425205,Defended,Played,Defend,0.489143371582031,0.4685096740722656,7.617865,-0.254791,-0.180512017767373,0.0,-10.6,-34.3364097180238,1.13558047352258,1.13558047352258,-8.575958,-0.048589,0.682164,-8.840821,-0.039531,0.701334,-11.43352845133615,-10.06025051286253,0.0023408931266154,0.7811838369661475,-0.3067797013705048,0.7993229013293937,-0.027588910388252,-1.0,WANKHEDE-STADIUM-MUMBAI,2022-04-27,2022,R,L,R,Sunrisers-Hyderabad,Gujarat-Titans,Seam,1.0
495,1,20,Sunrisers Hyderabad,Rahul Tripathi,Mohammad Shami,,5,3,6,6,6,0,0,0,0,0,0,0,0,0,0,1,0,,,0,4.3,2,1,0,200313,-177.57,122.14,6,0,,,Knuckleball,114,STEP DOWN LOFTED COVER DRIVE,0,0,3,4,36,1,0,0,0,0,0,0,0,0,88.63324130636308,-7.833209764385113,8.340664317538437,-0.4803842559936151,1.91996419241016,-0.278735975336323,-0.2415291963789,-6.0610494886569,-36.235676793722,0.536067571397033,-7.19775279936479,7.704126460769855,0.1654126122386612,0.6442512438551509,90.09642535440652,Attacked,Played,,0.486293792724609,0.424072265625,7.272652,-0.31194,-0.18117838396861,0.0,-10.6,-34.2785905939429,0.483322384786392,0.483322384786392,-7.171748,-0.249393,0.573524,-8.841032,-0.225189,0.723761,-11.23483244643188,-10.05970722513656,-0.2073782693076771,0.8173334279905643,-0.0368154025298743,-0.0397597768731634,-0.00320684722290293,-1.0,WANKHEDE-STADIUM-MUMBAI,2022-04-27,2022,R,L,R,Sunrisers-Hyderabad,Gujarat-Titans,Seam,1.0
495,1,20,Sunrisers Hyderabad,Rahul Tripathi,Mohammad Shami,,5,4,4,4,4,0,0,0,0,0,0,0,0,0,1,0,0,,,0,4.4,2,1,0,200314,-183.1,-30.26,4,0,,,Knuckleball,122,STEP DOWN LOFTED OFF DRIVE,0,0,4,4,40,1,0,0,0,0,0,0,0,0,88.8387083727732,-7.525119489114743,8.34053561378067,-0.685173552445808,1.89232439582692,-0.282207352006729,0.860624489436719,-6.16352394168936,-36.6869557608748,1.18727588854601,-7.1050977425933,6.806752349307374,0.2131399212811991,0.576287863966118,75.12918746679779,Attacked,Played,Nudge,0.484039306640625,0.4225044250488281,7.011206,-0.369958,-0.183434778804374,0.0,-10.6,-34.3038069796449,1.02320306338204,1.02320306338204,-7.285025,-0.242148,0.47959,-8.841104,-0.194455,0.597214,-10.96068098462361,-10.05964712802182,-0.1568198421654723,0.6737738845403098,0.5167268375427104,-0.1450850551440081,0.00785043140853403,-1.0,WANKHEDE-STADIUM-MUMBAI,2022-04-27,2022,R,L,R,Sunrisers-Hyderabad,Gujarat-Titans,Seam,1.0
495,1,20,Sunrisers Hyderabad,Rahul Tripathi,Mohammad Shami,,5,5,4,4,4,0,0,0,0,0,0,0,0,0,1,0,0,,,0,4.5,2,1,0,200315,-163.76,140.56,4,0,,,Knuckleball,51,FRONTFOOT COVERDRIVE,0,0,5,4,44,1,0,0,0,0,0,0,0,0,90.61806130441704,-4.651128653203647,8.340620392124194,-0.4481319690813906,1.917589403754944,-0.277234151435169,0.780473878526151,-6.35198027792173,-36.040439686572,0.712755359461759,-5.88584372173141,6.111474693848032,-0.0828897316931849,0.6702776180733481,118.8306158803207,Attacked,Played,Off-Drive,0.466415405273438,0.4451751708984375,2.771217,-0.221693,-0.257431712046943,0.0,-10.6,-36.8458526418833,1.103564773826,1.103564773826,-8.596823,-0.182336,0.173838,-8.841033,-0.174948,0.197481,-9.275219172050072,-10.06034108294442,-0.1378682389311852,0.3089679330009324,0.5750565893709326,0.5825798598598247,0.0742138816807223,-1.0,WANKHEDE-STADIUM-MUMBAI,2022-04-27,2022,R,L,R,Sunrisers-Hyderabad,Gujarat-Titans,Seam,1.0
495,1,20,Sunrisers Hyderabad,Rahul Tripathi,Mohammad Shami,,5,6,0 WK,W,0,0,0,0,1,0,0,0,0,0,0,0,1,Leg Before Wicket,WICKET,1,4.6,2,1,0,200316,-163.76,140.56,0,0,,,Knuckleball,49,FORWARD DEFENCE,0,0,6,4,44,2,1,0,0,0,0,0,0,0,87.35199276248377,-7.477039802732557,8.340408662732212,-0.4389578061861256,1.931930941907206,-0.281744681375556,-0.912732737464145,-5.9936396840988,-36.6268085788222,0.743405857593658,-7.08023437942304,6.984947999469883,0.156457389641387,0.6028064642799544,84.77523067785447,Defended,Played,Defend,0.488960266113281,0.4576950073242188,6.661746,-0.167884,-0.183134042894111,0.0,-10.6,-34.8358157029176,1.26662689566403,1.26662689566403,-8.581488,0.023193,0.564823,-8.841132,0.032905,0.584976,-10.94075494299374,-10.06005168796193,0.0786815025260243,0.671572781880462,-0.3053486979948429,0.9195921568024996,-0.0180222709985698,-1.0,WANKHEDE-STADIUM-MUMBAI,2022-04-27,2022,R,L,R,Sunrisers-Hyderabad,Gujarat-Titans,Seam,1.0
495,1,20,Sunrisers Hyderabad,Abhishek Sharma,Alzarri Joseph,,6,1,4,4,4,0,0,0,0,0,0,0,0,0,1,0,0,,,0,5.1,2,1,0,200317,161.31,127.21,4,0,,,Knuckleball,15,LOFTED COVER DRIVE,0,0,1,5,48,2,2,0,0,0,0,0,0,0,88.08814524025352,-6.793739637025137,8.340385977766388,-0.7410543501077772,2.110915131726003,-0.272827061205164,1.90608102833781,-6.65936079978893,-35.4675179566713,2.75076827477371,-7.01184799881544,7.210421710571985,0.156584293626167,0.6083654508743908,85.59638826854192,Attacked,Played,Off-Drive,0.486351013183594,0.4615402221679688,5.215233,0.113464,-0.177337589783357,0.0,-10.6,-33.7176916668275,2.4712462930219,2.4712462930219,-8.433588,0.379011,0.442765,-8.840501,0.409441,0.480464,-11.1830399477374,-10.05967517425275,0.5010159135736776,0.5842137661598261,1.39307021210068,-0.2429906863854311,0.153790281666779,-1.0,WANKHEDE-STADIUM-MUMBAI,2022-04-27,2022,L,R,R,Sunrisers-Hyderabad,Gujarat-Titans,Seam,1.0
495,1,20,Sunrisers Hyderabad,Abhishek Sharma,Alzarri Joseph,,6,2,4,4,4,0,0,0,0,0,0,0,0,0,1,0,0,,,0,5.2,2,1,0,200318,181.56,102.35,4,0,,,Knuckleball,51,FRONTFOOT COVERDRIVE,0,0,2,5,52,2,0,1,1,0,1,0,0,0,90.95746810922536,-6.901613253046988,8.340458541484878,-0.6870017614365136,2.040835890550432,-0.282066531833622,1.962251438915,-6.67950261239066,-36.6686491383709,3.24388609346507,-7.10270570408442,6.517601094565926,0.1706218607687373,0.5597109558336656,76.8944572981761,Attacked,Played,Off-Drive,0.472503662109375,0.4511260986328125,5.583508,0.285345,-0.183343245691855,0.0,-10.6,-34.7971414225613,2.9466014287871,2.9466014287871,-8.530541,0.632359,0.438901,-8.840885,0.659235,0.463334,-10.96241799984096,-10.06007705146374,0.7652541180507717,0.5511171371567816,1.377156660701914,-0.2152753100160872,0.14829774481778,-1.0,WANKHEDE-STADIUM-MUMBAI,2022-04-27,2022,L,R,R,Sunrisers-Hyderabad,Gujarat-Titans,Seam,1.0
495,1,20,Sunrisers Hyderabad,Abhishek Sharma,Alzarri Joseph,,6,3,0,0,0,0,0,0,1,0,0,0,0,0,0,0,0,,,0,5.3,2,1,0,200319,181.56,102.35,0,0,,,Knuckleball,84,FRONTFOOT OFF DRIVE,0,0,3,5,52,2,0,0,1,0,0,0,0,0,92.58328818621712,-5.871203111208184,8.34115399685139,-0.7607241289687325,2.1164481988939,-0.28429451273852,2.11461583913695,-6.92932843476711,-36.9582866560076,3.08547612165601,-6.820965244515,8.033040294010895,0.2020494952790655,0.7161858701250896,97.2229309908569,Defended,Missed,Defend,0.461540222167969,0.4853096008300781,3.804297,0.24607,-0.184791433280038,0.0,-10.6,-34.6142975499949,2.72836791278799,2.72836791278799,-999.9,-999.9,-999.9,-8.84107,0.451273,0.386138,-10.45675618131752,-10.0601910842407,0.5490345151103426,0.5258068778542614,1.578338225851935,-0.2654429988860602,0.192135747475627,-1.0,WANKHEDE-STADIUM-MUMBAI,2022-04-27,2022,L,R,R,Sunrisers-Hyderabad,Gujarat-Titans,Seam,1.0
495,1,20,Sunrisers Hyderabad,Abhishek Sharma,Alzarri Joseph,,6,4,1,1,1,1,0,0,0,0,0,0,0,0,0,0,0,,,0,5.4,2,1,0,200320,102.83,2.89,1,0,,,Knuckleball,97,BACKFOOT PUSH,0,0,4,5,53,2,0,0,1,0,0,0,0,0,92.95565757481592,-10.77950989953971,8.340499799382911,-0.7490520352935706,2.05181515519396,-0.292778533269498,2.77114104268998,-6.60151197790435,-38.0612093250347,2.34260451476902,-9.32483174155261,8.241544760730497,0.1755573782147002,0.5518490570069251,75.22162072956876,Defended,Played,Defend,0.474815368652344,0.4625701904296875,9.091203,-0.272985,-0.190306046625174,0.0,-10.6,-35.5275705804657,2.15368861263931,2.15368861263931,-8.839494,0.214488,0.926445,-8.841052,0.214587,0.926571,-13.76606701490588,-10.05970894777377,0.2919781287580792,1.018409706401169,1.152147863519355,-0.0529809210424404,0.0927186468386535,-1.0,WANKHEDE-STADIUM-MUMBAI,2022-04-27,2022,L,R,R,Sunrisers-Hyderabad,Gujarat-Titans,Seam,1.0
495,1,20,Sunrisers Hyderabad,Aiden Markram,Alzarri Joseph,,6,5,0,0,0,0,0,0,1,0,0,0,0,0,0,0,0,,,0,5.5,2,1,0,200321,-37.6,40.19,0,0,,,Knuckleball,50,BACKFOOT DEFENCE,0,0,5,5,53,2,0,0,1,0,0,0,0,0,92.08430600734658,-9.40717056675499,8.340505201701824,-0.7535028248966176,2.051490022375615,-0.289392737352848,1.86924828968782,-6.35931796779668,-37.6210558558703,1.74983692013373,-8.42277495078679,8.499847048473775,0.2225926891142389,0.6141773536568623,79.86733413710546,Defended,Played,Defend,0.47772216796875,0.4438247680664063,8.000606,-0.354255,-0.188105279279351,0.0,-10.6,-34.6145027504596,1.20270441887293,1.20270441887293,-8.115,-0.140309,0.788947,-8.840632,-0.114185,0.857853,-12.61954056818838,-10.06037576829825,-0.0700307004592657,0.9629483192566516,0.897036467961454,-0.6730514796464108,0.0785437889386446,-1.0,WANKHEDE-STADIUM-MUMBAI,2022-04-27,2022,R,L,R,Sunrisers-Hyderabad,Gujarat-Titans,Seam,1.0
495,1,20,Sunrisers Hyderabad,Aiden Markram,Alzarri Joseph,,6,6,0,0,0,0,0,0,1,0,0,0,0,0,0,0,0,,,0,5.6,2,1,0,200322,-39.44,40.65,0,0,,,Knuckleball,27,FORWARD PUSH,0,0,6,5,53,2,0,0,1,0,0,0,0,0,92.46767807456013,-6.389471089581198,8.340683104847326,-0.653925730192225,2.05196560007584,-0.286300564924788,2.27499574990548,-7.29777942353639,-37.2190734402224,1.04150423695333,-7.11461878228141,6.396421166038865,0.1556280108535049,0.5593488061746769,78.33951984085104,Attacked,Played,Nudge,0.461940765380859,0.4317054748535156,4.922045,-0.430107,-0.186095367201112,0.0,-10.6,-35.4985354147944,0.778866575073528,0.778866575073528,-8.206056,-0.362243,0.340198,-8.840527,-0.348071,0.39405,-10.82183452032813,-10.06030402706308,-0.3206887918224889,0.4881542685463256,1.243597187841545,-0.3459799020765341,0.139214900222938,-1.0,WANKHEDE-STADIUM-MUMBAI,2022-04-27,2022,R,L,R,Sunrisers-Hyderabad,Gujarat-Titans,Seam,1.0
495,1,20,Sunrisers Hyderabad,Abhishek Sharma,Rashid Khan,,7,1,0,0,0,0,0,0,1,0,0,0,0,0,0,0,0,,,0,6.1,2,1,0,200323,55.41,67.35,0,0,,,Knuckleball,27,FORWARD PUSH,0,0,1,6,53,2,1,0,1,0,0,0,0,0,58.78611847975875,0.7025449355742154,8.340743115826516,-0.6484980722875164,1.920034389714916,-0.179949462374583,0.221895140323402,-9.92450542896001,-23.3934301086958,1.14420475994271,-6.09681851620367,11.21738737475094,0.2196441249597173,0.6877516610414414,91.19833666024448,Defended,Played,Defend,0.716148376464844,0.6649932861328125,2.354368,0.04515,-0.167095929347827,0.0,-10.6,-21.1430109433111,0.87903285508318,0.87903285508318,-8.089891,0.06115,0.127135,-8.841,0.092567,0.263331,-14.60753742974084,-10.05989207845103,0.1439517314480209,0.4569088595730482,0.619619361098726,-0.4194496856032385,0.0826231704532648,-1.0,WANKHEDE-STADIUM-MUMBAI,2022-04-27,2022,L,R,R,Sunrisers-Hyderabad,Gujarat-Titans,Spin,1.0
495,1,20,Sunrisers Hyderabad,Abhishek Sharma,Rashid Khan,,7,2,2,2,2,0,1,0,0,0,0,0,0,0,0,0,0,,,0,6.2,2,1,0,200324,-124.62,107.41,2,0,,,Knuckleball,46,FRONTFOOT PULL SHOT,0,0,2,6,55,2,0,0,1,0,0,0,0,0,55.39004235995754,-4.377878180027207,8.340603476954847,-0.561574091571616,1.848252661720516,-0.175858414042479,0.478922763524278,-10.1643180383981,-22.8615938255223,0.730483372539427,-6.32059899823174,9.385771332468524,0.1000587289449713,0.571402108890804,85.70444343912348,Attacked,Played,Pull-Hook,0.759040832519531,0.7343673706054688,8.042612,-0.288641,-0.457231876510446,0.0,-10.6,-21.8496019332083,1.14261188790681,1.14261188790681,-8.112814,0.052358,0.664498,-8.840906,0.096386,0.673897,-15.45465098681091,-10.05981130919832,0.1718742197999759,0.6533875365292142,0.619283168479342,1.163405299739386,0.0539664067594567,-1.0,WANKHEDE-STADIUM-MUMBAI,2022-04-27,2022,L,R,R,Sunrisers-Hyderabad,Gujarat-Titans,Spin,1.0
495,1,20,Sunrisers Hyderabad,Abhishek Sharma,Rashid Khan,,7,3,1,1,1,1,0,0,0,0,0,0,0,0,0,0,0,,,0,6.3,2,1,0,200325,-108.97,78.4,1,0,,,Knuckleball,95,SLOG SWEEP,0,0,3,6,56,2,0,0,1,0,0,0,0,0,59.93059822087013,-1.35780322060862,8.340827102221702,-0.6618382259229334,1.881921207542997,-0.186415628943097,-0.373619377627976,-10.5624845776512,-24.2340317626026,1.07290155271455,-6.26338762078543,9.988697949600798,0.1212519781331716,0.6466744099435574,94.87596367821644,Attacked,Edged,Sweep,0.713516235351563,0.6301918029785156,4.822677,-0.03701,-0.484680635252051,0.0,-10.6,-22.997330099526,0.674056471491014,0.674056471491014,-7.422352,0.028555,0.38776,-8.841002,0.072841,0.563253,-14.49122600435778,-10.06013463436302,0.1120588224810506,0.6804619197777101,-0.1859509595189727,-0.8561025191116028,-0.0207380941056673,-1.0,WANKHEDE-STADIUM-MUMBAI,2022-04-27,2022,L,R,R,Sunrisers-Hyderabad,Gujarat-Titans,Spin,1.0
495,1,20,Sunrisers Hyderabad,Aiden Markram,Rashid Khan,,7,4,1,1,1,1,0,0,0,0,0,0,0,0,0,0,0,,,0,6.4,2,1,0,200326,141.05,48.47,1,0,,,Knuckleball,101,BACKFOOT ON DRIVE,0,0,4,6,57,2,0,0,1,0,0,0,0,0,59.63061348079786,-4.846963701845053,8.340641048435465,-0.6539895479780393,1.843788077787671,-0.188749335463863,-0.408268751242587,-10.1098452927269,-24.5374136103021,1.2857064433495,-6.41410230048731,7.779486947684912,0.2015497337318155,0.482474429586576,62.21619106480486,Attacked,Played,Glance,0.734390258789063,0.7013626098632812,7.888107,-0.089647,-0.490748272206043,0.0,-10.6,-22.6517362857199,0.359575169406069,0.359575169406069,-8.282598,0.014405,0.510951,-8.840943,0.024693,0.507393,-14.64937443560494,-10.06011274006533,0.0476710821675587,0.4681108122851459,-0.1383649890727886,-2.089989050624868,-0.00611944942876497,-1.0,WANKHEDE-STADIUM-MUMBAI,2022-04-27,2022,R,L,R,Sunrisers-Hyderabad,Gujarat-Titans,Spin,1.0
495,1,20,Sunrisers Hyderabad,Abhishek Sharma,Rashid Khan,,7,5,1,1,1,1,0,0,0,0,0,0,0,0,0,0,0,,,0,6.5,2,1,0,200327,-89.17,84.39,1,0,,,Knuckleball,101,BACKFOOT ON DRIVE,0,0,5,6,58,2,0,0,1,0,0,0,0,0,60.32580279328946,-3.976988791510601,8.340827107833928,-0.6436398317798603,1.864152110029075,-0.19044386487475,-0.33732372670518,-10.0679125463747,-24.7577024337175,1.18778598657967,-6.32548473665398,8.213963853943197,0.0364545082845305,0.5572267643087037,89.9385638178525,Attacked,Played,Nudge,0.711250305175781,0.6685752868652344,6.976221,-0.085294,-0.49515404867435,0.0,-10.6,-24.4177714762705,0.674809191371916,0.674809191371916,-8.310755,0.067402,0.577392,-8.840908,0.08389,0.601743,-14.33221228542434,-10.06006819430474,0.1225800544653679,0.634039544878399,-0.0951023488269739,-1.16371794561736,-0.00876859765070037,-1.0,WANKHEDE-STADIUM-MUMBAI,2022-04-27,2022,L,R,R,Sunrisers-Hyderabad,Gujarat-Titans,Spin,1.0
495,1,20,Sunrisers Hyderabad,Aiden Markram,Rashid Khan,,7,6,1,1,1,1,0,0,0,0,0,0,0,0,0,0,0,,,0,6.6,2,1,0,200328,95.46,100.04,1,0,,,Knuckleball,97,BACKFOOT PUSH,0,0,6,6,59,2,0,0,1,0,0,0,0,0,57.08555933466271,-2.010432076534314,8.340931211880932,-0.5851726658034272,1.884216377032092,-0.178875184303538,-0.224689665404551,-10.4366188620175,-23.25377395946,0.611041451975963,-6.25842411026037,9.62085137083873,0.0706916468523159,0.6101059844373197,94.44673298036636,Attacked,Played,Nudge,0.705413818359375,0.7363128662109375,5.883923,-0.241477,-0.4650754791892,0.0,-10.6,-22.5253007827842,1.04354645671641,1.04354645671641,-8.935258,-0.009396,0.633155,-8.841013,-0.014233,0.62627,-15.06341688021475,-10.06022528936958,0.0491577753080406,0.6984406521372952,-0.1271997566721062,1.147268043810923,-0.0130167106502525,-1.0,WANKHEDE-STADIUM-MUMBAI,2022-04-27,2022,R,L,R,Sunrisers-Hyderabad,Gujarat-Titans,Spin,1.0
495,1,20,Sunrisers Hyderabad,Aiden Markram,Lockie Ferguson,,8,1,0,0,0,0,0,0,1,0,0,0,0,0,0,0,0,,,0,7.1,2,1,0,200329,-94.69,42.49,0,0,,,Knuckleball,97,BACKFOOT PUSH,0,0,1,7,59,2,1,0,1,0,0,0,0,0,88.24256339111308,-11.04003332831825,8.340409163340695,-0.893747126282052,1.98804427885841,-0.278677037719136,-0.295259863939448,-5.94928167782419,-36.2280149034876,1.31924012361331,-8.95434575715212,8.076823861595376,-0.0628035495663328,0.5884615858724265,104.5495928374973,Attacked,Played,Nudge,0.4940185546875,0.4654312133789063,9.555797,-0.573919,-0.724560298069752,0.0,-10.6,-37.1316163988268,1.00895287725939,1.00895287725939,-8.346915,-0.342626,0.968466,-8.840755,-0.326692,1.011985,-13.88333538216619,-10.05990204287592,-0.286556217183459,1.109887375568536,0.0296028870934909,-0.5290221419558072,0.00232584083647147,-1.0,WANKHEDE-STADIUM-MUMBAI,2022-04-27,2022,R,L,R,Sunrisers-Hyderabad,Gujarat-Titans,Seam,1.0
495,1,20,Sunrisers Hyderabad,Aiden Markram,Lockie Ferguson,,8,2,4,4,4,0,0,0,0,0,0,0,0,0,1,0,0,,,0,7.2,2,1,0,200330,-150.87,147.01,4,0,,,Knuckleball,6,BACKFOOT OFF DRIVE,0,0,2,7,63,2,0,0,1,0,0,0,0,0,89.6168032381839,-9.093750904284825,8.3406575252471,-0.9655610116631008,1.953984172566732,-0.282539808226175,-1.15691851879545,-8.54821425682312,-36.7301750694028,1.42024129250166,-8.54162712161928,7.698690260175058,0.0408408195827373,0.5725663094143865,91.80086445388424,Attacked,Played,Off-Drive,0.489028930664063,0.4564132690429688,8.522505,-0.558553,-0.734603501388056,0.0,-10.6,-36.1782405942933,1.49309376084976,1.49309376084976,-8.179255,-0.264111,0.785421,-8.841013,-0.232294,0.842686,-13.09148749342102,-10.06030936095352,-0.1723358034355995,0.937521008720289,-0.2778346073054598,0.1489378909017355,0.0439794886548739,-1.0,WANKHEDE-STADIUM-MUMBAI,2022-04-27,2022,R,L,R,Sunrisers-Hyderabad,Gujarat-Titans,Seam,1.0
495,1,20,Sunrisers Hyderabad,Aiden Markram,Lockie Ferguson,,8,3,1,1,1,1,0,0,0,0,0,0,0,0,0,0,0,,,0,7.3,2,1,0,200331,-140.74,0.13,1,0,,,Knuckleball,59,FRONTFOOT SQUARE DRIVE,0,0,3,7,64,2,0,0,1,0,0,0,0,0,92.75713394021346,-8.70488974407747,8.340733393804307,-0.832795470341906,1.981573574142305,-0.290539733528189,1.17530792577575,-4.7475304665087,-37.7701653586645,1.33795827590504,-7.60455306228624,6.074420640499466,-0.0456805460584392,0.5362033853877114,94.99856241400065,Attacked,Played,Nudge,0.463497161865234,0.4307670593261719,7.369394,-0.503904,-0.75540330717329,0.0,-10.6,-38.3168311652284,0.904362957000832,0.904362957000832,-8.139332,-0.367856,0.529785,-8.840707,-0.349165,0.578839,-11.3836026541578,-10.06025046179434,-0.3159531048469041,0.6548311219508218,0.6189004969586577,-0.676721501412888,0.0573475244551002,-1.0,WANKHEDE-STADIUM-MUMBAI,2022-04-27,2022,R,L,R,Sunrisers-Hyderabad,Gujarat-Titans,Seam,1.0
495,1,20,Sunrisers Hyderabad,Abhishek Sharma,Lockie Ferguson,,8,4,1,1,1,1,0,0,0,0,0,0,0,0,0,0,0,,,0,7.4,2,1,0,200332,-73.97,-2.17,1,0,,,Knuckleball,97,BACKFOOT PUSH,0,0,4,7,65,2,0,0,1,0,0,0,0,0,88.76885378040762,-11.56363970093778,8.340551116309516,0.7100645833222966,1.928248315744565,-0.281734712244674,-0.636800765428812,-10.1632855667701,-36.6255125918076,-1.34870095641221,-10.0856523816241,9.131685037403717,-0.0291382536140553,0.5912701556047064,101.6043487021115,Attacked,Played,Nudge,0.463497161865234,0.4762344360351563,10.474943,0.440811,-0.732510251836153,0.0,-10.6,-37.0990245397492,-1.18597698980863,-1.18597698980863,-8.556955,0.125129,1.245722,-8.841055,0.114054,1.2746,-15.3960819016229,-10.06004751810742,0.065654920031274,1.389951206827178,-0.3181007097734532,0.2779109347649454,-0.0879046882120096,-1.0,WANKHEDE-STADIUM-MUMBAI,2022-04-27,2022,L,R,R,Sunrisers-Hyderabad,Gujarat-Titans,Seam,1.0
495,1,20,Sunrisers Hyderabad,Aiden Markram,Lockie Ferguson,,8,5,1,1,1,1,0,0,0,0,0,0,0,0,0,0,0,,,0,7.5,2,1,0,200333,78.43,125.37,1,0,,,Knuckleball,97,BACKFOOT PUSH,0,0,5,7,66,2,0,0,1,0,0,0,0,0,89.52061211615967,-11.36638167918493,8.340531339752268,-0.8769275550201263,1.967672450223106,-0.288383440310266,0.387752270575863,-3.98262350076368,-37.4898472403346,1.86103201630816,-8.9539641795118,8.068902783475842,-0.0067851268134455,0.5950359154326845,99.93389999624723,Attacked,Played,Nudge,0.488937377929688,0.451171875,9.582383,-0.463435,-0.749796944806692,-1.5344559910488,-10.6,-37.5822027610645,1.9530300578786,1.9530300578786,-8.214074,-0.06511,0.95938,-8.840794,-0.033428,1.016052,-13.43271303720902,-10.06031108279016,0.0278055877419174,1.116364779881087,0.3062945659358814,0.132922609068531,0.0384660444802681,-1.0,WANKHEDE-STADIUM-MUMBAI,2022-04-27,2022,R,L,R,Sunrisers-Hyderabad,Gujarat-Titans,Seam,1.0
495,1,20,Sunrisers Hyderabad,Abhishek Sharma,Lockie Ferguson,,8,6,0,0,0,0,0,0,1,0,0,0,0,0,0,0,0,,,0,7.6,2,1,0,200334,-18.26,17.17,0,0,,,Knuckleball,50,BACKFOOT DEFENCE,0,0,6,7,66,2,0,0,1,0,0,0,0,0,90.0000000000001,-13.19128005504208,8.340608938196155,0.7467606318548733,1.945936325950847,-0.290098888645781,-1.21791993549167,-0.106119707883471,-37.7128555239516,-1.94675988779012,-9.39311341631062,8.803775958024927,-0.1139952938271347,0.6515370661562754,119.1300893061548,Defended,Played,Defend,0.4833984375,0.4523162841796875,10.572044,0.379089,-0.754257110479031,0.0,-10.6,-39.5153213492996,-1.13038516663655,-1.13038516663655,-8.515581,0.095653,1.256007,-8.840739,0.084372,1.290029,-13.98604249317495,-10.06017684864719,0.0412947740472822,1.410236290182299,-0.5186331443844194,1.316448585766466,-0.124878527061699,-1.0,WANKHEDE-STADIUM-MUMBAI,2022-04-27,2022,L,R,R,Sunrisers-Hyderabad,Gujarat-Titans,Seam,1.0
495,1,20,Sunrisers Hyderabad,Aiden Markram,Rashid Khan,,9,1,1,1,1,1,0,0,0,0,0,0,0,0,0,0,0,,,0,8.1,2,1,0,200335,-76.28,132.27,1,0,,,Knuckleball,84,FRONTFOOT OFF DRIVE,0,0,1,8,67,2,1,0,1,0,0,0,0,0,59.17718926693672,0.5247878737743282,8.340709886893325,-0.6507028556318217,1.898904381369682,-0.181486518324399,-0.0146135628176816,-10.2641063689891,-23.5932473821719,1.00342247642033,-6.18628545983754,10.99896124296223,0.1251455641958102,0.7004679083959758,102.5556298398154,Attacked,Played,Nudge,0.711765289306641,0.6580238342285156,2.751753,-0.019394,-0.471864947643438,0.0,-10.6,-22.2950253017766,0.370091167487708,0.370091167487708,-8.01028,-0.007653,0.169628,-8.841046,0.006472,0.314458,-14.69253105968412,-10.06007843500246,0.0276698606718204,0.5028373955682153,0.2415828273590792,-1.484319381679476,0.0223586386877719,-1.0,WANKHEDE-STADIUM-MUMBAI,2022-04-27,2022,R,L,R,Sunrisers-Hyderabad,Gujarat-Titans,Spin,1.0
495,1,20,Sunrisers Hyderabad,Abhishek Sharma,Rashid Khan,,9,2,1,1,1,1,0,0,0,0,0,0,0,0,0,0,0,,,0,8.2,2,1,0,200336,80.73,-22.89,1,0,,,Knuckleball,97,BACKFOOT PUSH,0,0,2,8,68,2,0,0,1,0,0,0,0,0,55.77669169679086,-2.032359748180419,8.34052843004115,-0.4979725430661444,1.847598928900002,-0.175133759945929,-0.187632811366926,-10.2539116960011,-22.7673887929708,0.587735735038393,-6.14662259183179,8.046059851804845,0.0664113423298915,0.5091036172185885,79.72440834979912,Attacked,Played,Nudge,0.717132568359375,0.751007080078125,6.174159,-0.171611,-0.455347775859416,0.0,-10.6,-22.1367590348848,0.991430921925777,0.991430921925777,-8.874337,0.06412,0.487837,-8.840678,0.06244,0.486791,-15.10823254570907,-10.06009783206817,0.1241173249636812,0.5052775311613127,-0.094299230706032,1.085620405420692,-0.00939132899420142,-1.0,WANKHEDE-STADIUM-MUMBAI,2022-04-27,2022,L,R,R,Sunrisers-Hyderabad,Gujarat-Titans,Spin,1.0
495,1,20,Sunrisers Hyderabad,Aiden Markram,Rashid Khan,,9,3,1,1,1,1,0,0,0,0,0,0,0,0,0,0,0,,,0,8.3,2,1,0,200337,-89.17,83.93,1,0,,,Knuckleball,97,BACKFOOT PUSH,0,0,3,8,69,2,0,0,1,0,0,0,0,0,55.17226380945541,-0.4396929740246756,8.340640850180979,-0.568279923181742,1.861644586905466,-0.171925565799618,-0.0263915425145114,-10.5022544424796,-22.3503235539503,0.481653996516067,-6.19103056993413,9.421388776788978,0.1386649409355165,0.5627109745266878,80.54015208545152,Attacked,Played,Nudge,0.778804779052734,0.768218994140625,4.979403,-0.288716,-0.447006471079006,0.0,-10.6,-20.9950500658381,0.891247514471603,0.891247514471603,-9.034775,-0.113371,0.51881,-8.840923,-0.122336,0.504207,-15.48270998231462,-10.06007224108299,-0.065269596434757,0.5788384928420165,0.0804650117131303,1.196222723504767,-0.0091685134864995,-1.0,WANKHEDE-STADIUM-MUMBAI,2022-04-27,2022,R,L,R,Sunrisers-Hyderabad,Gujarat-Titans,Spin,1.0
495,1,20,Sunrisers Hyderabad,Abhishek Sharma,Rashid Khan,,9,4,6,6,6,0,0,0,0,0,0,0,0,0,0,1,0,,,0,8.4,2,1,0,200338,-132.45,162.66,6,0,,,Knuckleball,11,LOFTED ON DRIVE,0,0,4,8,75,2,0,0,1,0,0,0,0,0,59.15208954300038,-0.3775265027147411,8.340506838108475,-0.5694741609256003,1.894895844442626,-0.182890643561727,-0.32395273506136,-10.6314989376424,-23.7757836630246,1.13512562557812,-6.27986353454859,10.78911527334634,0.2346912263974549,0.6483111645267247,83.77755203926321,Attacked,Played,,0.71868896484375,0.6386947631835938,4.002757,0.135874,-0.475515673260491,0.0,-10.6,-21.3645815944254,0.618649405016691,0.618649405016691,-7.411809,0.175701,0.281746,-8.840961,0.219087,0.493342,-14.79556348699523,-10.06009290936802,0.2572756820587221,0.6364529647739059,-0.1305862487268606,-1.074755378168748,-0.00860664926091192,-1.0,WANKHEDE-STADIUM-MUMBAI,2022-04-27,2022,L,R,R,Sunrisers-Hyderabad,Gujarat-Titans,Spin,1.0
495,1,20,Sunrisers Hyderabad,Abhishek Sharma,Rashid Khan,,9,5,1,1,1,1,0,0,0,0,0,0,0,0,0,0,0,,,0,8.5,2,1,0,200339,75.21,115.7,1,0,,,Knuckleball,84,FRONTFOOT OFF DRIVE,0,0,5,8,76,2,0,0,1,0,0,0,0,0,58.55611774646138,0.8788280977655027,8.341053504085252,-0.668733087143032,1.968625867252693,-0.179514893876381,0.107268374889142,-10.7106576828046,-23.3369362039296,1.26624374179508,-6.43250395809637,10.43475733269855,0.2275310506991987,0.6017871633909107,77.51496943871672,Attacked,Played,Nudge,0.726882934570313,0.666412353515625,2.624674000000001,0.117358,-0.466738724078591,0.0,-10.6,-21.0195874804405,0.55438039674583,0.55438039674583,-8.027577,0.133082,0.150092,-8.840926,0.155021,0.283084,-15.41013343034389,-10.06008960199561,0.1886840674185992,0.4548699122893282,0.4850818248965597,-1.594982953785827,0.0575678570968232,-1.0,WANKHEDE-STADIUM-MUMBAI,2022-04-27,2022,L,R,R,Sunrisers-Hyderabad,Gujarat-Titans,Spin,1.0
495,1,20,Sunrisers Hyderabad,Aiden Markram,Rashid Khan,,9,6,0,0,0,0,0,0,1,0,0,0,0,0,0,0,0,,,0,8.6,2,1,0,200340,75.21,115.7,0,0,,,Knuckleball,49,FORWARD DEFENCE,0,0,6,8,76,2,0,0,1,0,0,0,0,0,59.06082034505823,-0.537062700259176,8.340712579310832,-0.7435079528104174,1.89451053230078,-0.183026209426071,-0.483006508950791,-10.7071753765437,-23.7934072253893,0.486466307057977,-6.30602633644793,9.067746604047247,0.1630479055999602,0.5616662155780573,77.94514177671256,Defended,Missed,Defend,0.699588775634766,0.7648544311523438,4.215334,-0.390915,-0.475868144507785,0.0,-10.6,-22.1926974107121,0.0081045445347797,0.0081045445347797,-999.9,-999.9,-999.9,-8.840877,-0.389784,0.431428,-14.84396727637193,-10.0598276705129,-0.3893016029975468,0.5354444843072603,-0.4778512657251345,-1.150349511751984,-0.058230759573113,-1.0,WANKHEDE-STADIUM-MUMBAI,2022-04-27,2022,R,L,R,Sunrisers-Hyderabad,Gujarat-Titans,Spin,1.0
495,1,20,Sunrisers Hyderabad,Abhishek Sharma,Lockie Ferguson,,10,1,1,1,1,1,0,0,0,0,0,0,0,0,0,0,0,,,0,9.1,2,1,0,200341,153.48,18.09,1,0,,,Knuckleball,15,LOFTED COVER DRIVE,0,0,1,9,77,2,1,0,1,0,0,0,0,0,89.68871126218609,-11.20701889613289,8.340792373326074,0.7500435037788032,1.954898780517596,-0.283874697607416,-0.14617783777807,-6.51373808182762,-36.9037106889641,-0.207321266508934,-9.25239396447665,7.776782318921184,-0.0501129648291663,0.5553497332285421,98.31375646719796,Attacked,Played,Cut,0.488479614257813,0.4694480895996094,9.859379,0.707242,-0.738074213779282,0.0,-10.6,-37.6239927995401,-0.331606096399173,-0.331606096399173,-8.641998,0.625905,0.985964,-8.840569,0.623802,1.001844,-14.0749107293878,-10.06028795312141,0.6106680738822429,1.091405361832646,-0.0675812936907339,-0.1830955578079577,-0.00488732952175831,-1.0,WANKHEDE-STADIUM-MUMBAI,2022-04-27,2022,L,R,R,Sunrisers-Hyderabad,Gujarat-Titans,Seam,1.0
495,1,20,Sunrisers Hyderabad,Aiden Markram,Lockie Ferguson,,10,2,2,2,2,0,1,0,0,0,0,0,0,0,0,0,0,,,0,9.2,2,1,0,200342,-127.38,-57.42,2,0,,,Knuckleball,59,FRONTFOOT SQUARE DRIVE,0,0,2,9,79,2,0,0,1,0,0,0,0,0,80.07604381802362,-7.125739874247922,8.340704840417011,-0.9143032718255024,1.994751419642656,-0.250296297808867,-0.282020678051889,-6.82408909200346,-32.5385187151527,1.15327562728952,-6.81107657988618,7.122439812548698,0.0355186954958247,0.5900896497578895,94.96157791410094,Attacked,Played,Nudge,0.538021087646484,0.50006103515625,6.576848,-0.496145,-0.650770374303053,0.0,-10.6,-32.1649184898737,0.775877553997342,0.775877553997342,-8.145991,-0.378004,0.527729,-8.840954,-0.359349,0.582493,-11.8226505521044,-10.06008801147036,-0.3259007164320525,0.6653402196357812,0.0109758574548016,-0.64809470026703,0.00134728518531857,-1.0,WANKHEDE-STADIUM-MUMBAI,2022-04-27,2022,R,L,R,Sunrisers-Hyderabad,Gujarat-Titans,Seam,1.0
495,1,20,Sunrisers Hyderabad,Aiden Markram,Lockie Ferguson,,10,3,1,1,1,1,0,0,0,0,0,0,0,0,0,0,0,,,0,9.3,2,1,0,200343,-142.12,32.82,1,0,,,Knuckleball,51,FRONTFOOT COVERDRIVE,0,0,3,9,80,2,0,0,1,0,0,0,0,0,89.22669744053027,-12.67934833550736,8.340871162045126,-0.9530659348257978,1.949965178719145,-0.295485540257909,0.229436634591422,-5.71251571366111,-38.4131202335281,1.20196747150147,-10.2867050648913,7.778857898792378,-0.030812265185664,0.5165878635865072,90.56940605654248,Attacked,Played,Cut,0.493377685546875,0.4444313049316406,10.603498,-0.720577,-0.768262404670562,0.0,-10.6802037642596,-38.8997987068555,0.998570156314255,0.998570156314255,-8.217756,-0.473632,1.020677,-8.840759,-0.454148,1.070796,-14.99156698029304,-10.05979865235669,-0.4151562589939782,1.158881334662404,0.1649462070182121,-0.3217535322903704,0.0109623718031736,-1.0,WANKHEDE-STADIUM-MUMBAI,2022-04-27,2022,R,L,R,Sunrisers-Hyderabad,Gujarat-Titans,Seam,1.0
495,1,20,Sunrisers Hyderabad,Abhishek Sharma,Lockie Ferguson,,10,4,1 (WD),1,0,0,0,0,0,1,1,0,0,0,0,0,0,,,0,9.4,2,1,1,200344,-142.12,32.82,1,0,,,Knuckleball,105,LEFT ALONE,0,0,4,9,81,2,0,0,1,0,0,0,0,0,85.04654021735978,-15.4417501323195,8.340898323034416,0.7379134125548024,1.916655296168419,-0.26982763042296,-2.75447158400449,-23.3103276593206,-35.0775919549848,-2.0565879626211,-13.8132230203186,10.61232589200976,-0.1301768077932466,0.5128534028485666,99.94569120660968,Attacked,Played,,0.47607421875,0.5421524047851562,12.71253,0.446191,-0.701551839099697,0.0,-10.6,-37.8088796240942,-1.93149060095321,-1.93149060095321,-999.9,-999.9,-999.9,-8.840652,-0.214172,1.820364,-21.49404978194656,-10.05984403344884,-0.294498096817102,1.955095068769583,-0.8227953479430568,0.4309430439377851,-0.0516083710528427,-1.0,WANKHEDE-STADIUM-MUMBAI,2022-04-27,2022,L,R,R,Sunrisers-Hyderabad,Gujarat-Titans,Seam,1.0
495,1,20,Sunrisers Hyderabad,Abhishek Sharma,Lockie Ferguson,,10,4,0,0,0,0,0,0,1,0,0,0,0,0,0,0,0,,,0,9.4,2,1,0,200345,-142.12,32.82,0,0,,,Knuckleball,54,LEG GLANCE,0,0,5,9,81,2,0,0,1,0,0,0,0,0,90.62669917224132,-11.07514058956644,8.34075342259547,0.7969963201889739,1.938258805808557,-0.295068469459819,1.38367932447906,-2.74907480803456,-38.3589010297765,-1.66732627465117,-8.65693048832018,7.679859571285814,-0.0311413086222523,0.6037636840241712,103.6786834658509,Defended,Played,Defend,0.478157043457031,0.4470291137695313,9.360494,0.381194,-0.76717802059553,0.0,-10.6,-38.760414065238,-2.28105115668352,-2.28105115668352,-8.519383,-0.118782,0.928204,-8.840974,-0.141258,0.956298,-12.71759503168725,-10.06031710262209,-0.2280560094436911,1.055126813517262,0.2777681752985692,-0.8790942387911362,0.0208995352698993,-1.0,WANKHEDE-STADIUM-MUMBAI,2022-04-27,2022,L,R,R,Sunrisers-Hyderabad,Gujarat-Titans,Seam,1.0
495,1,20,Sunrisers Hyderabad,Abhishek Sharma,Lockie Ferguson,,10,5,1,1,1,1,0,0,0,0,0,0,0,0,0,0,0,,,0,9.5,2,1,0,200346,87.18,-8.62,1,0,,,Knuckleball,97,BACKFOOT PUSH,0,0,6,9,82,2,0,0,1,0,0,0,0,0,92.05613299170786,-9.600145709996903,8.340402292842292,0.6849140872350467,1.922271772199562,-0.290726354107447,0.284061172076584,-7.27846163221015,-37.7944260339681,-1.13260816637672,-8.62676374232317,6.916769521203094,-0.049381487194852,0.5408161882285514,96.06057695376788,Defended,Played,Defend,0.4713134765625,0.4499359130859375,8.89465,0.401614,-0.755888520679362,0.0,-10.6,-38.4591776401087,-0.813691645119065,-0.813691645119065,-8.541214,0.233022,0.781771,-8.840861,0.225581,0.803906,-12.85776624335933,-10.06001391220046,0.1947682006118405,0.8861413083545954,-0.0195683645249545,0.5044610670893483,-0.00441186263446836,-1.0,WANKHEDE-STADIUM-MUMBAI,2022-04-27,2022,L,R,R,Sunrisers-Hyderabad,Gujarat-Titans,Seam,1.0
495,1,20,Sunrisers Hyderabad,Aiden Markram,Lockie Ferguson,,10,6,1 (WD),1,0,0,0,0,0,1,1,0,0,0,0,0,0,,,0,9.6,2,1,1,200347,87.18,-8.62,1,0,,,Knuckleball,54,LEG GLANCE,0,0,7,9,83,2,0,0,1,0,0,0,0,0,89.80972374128153,-12.67526246627795,8.341119930137829,-0.902044548277882,1.924923588443578,-0.284464335415702,-1.27632306285891,-9.35149731588925,-36.9803636040412,2.47013711419567,-10.6038266736401,7.320521854508068,-0.1565553538425686,0.4774333768306036,97.2705419088474,Attacked,Played,,0.471267700195313,0.50738525390625,11.023179,-0.398674,-0.739607272080825,0.0,-10.6,-39.4079403653628,2.91271048504475,2.91271048504475,-999.9,-999.9,-999.9,-8.840569,0.402103,1.034533,-15.99982540597232,-10.05965765784034,0.5141032684271968,1.109307317704628,-0.1568622040953106,0.40569867673555,0.0523195605071887,-1.0,WANKHEDE-STADIUM-MUMBAI,2022-04-27,2022,R,L,R,Sunrisers-Hyderabad,Gujarat-Titans,Seam,1.0
495,1,20,Sunrisers Hyderabad,Aiden Markram,Lockie Ferguson,,10,6,1,1,1,1,0,0,0,0,0,0,0,0,0,0,0,,,0,9.6,2,1,0,200348,67.84,112.47,1,0,,,Knuckleball,97,BACKFOOT PUSH,0,0,8,9,84,2,0,0,1,0,0,0,0,0,79.29698571832101,-6.259867158619711,8.340805259691361,-0.9527648029261016,1.986100224537289,-0.246410209503049,0.0907412745043072,-6.48170644642671,-32.0333272353964,1.7578823132355,-6.3364990862359,6.859764726436187,0.0894847757667219,0.591415451865165,89.76384020310255,Attacked,Played,Nudge,0.542346954345703,0.506103515625,5.570282,-0.287905,-0.640666544707928,0.0,-10.6,-31.1511009525729,1.32246166053558,1.32246166053558,-8.206494,-0.123759,0.422037,-8.840709,-0.094399,0.473415,-11.18920710797117,-10.0603032335787,-0.0367367509358713,0.5591095859198902,0.3379604273957203,-0.7101257075974698,0.0366272521997107,-1.0,WANKHEDE-STADIUM-MUMBAI,2022-04-27,2022,R,L,R,Sunrisers-Hyderabad,Gujarat-Titans,Seam,1.0
495,1,20,Sunrisers Hyderabad,Aiden Markram,Alzarri Joseph,,11,1,2,2,2,0,1,0,0,0,0,0,0,0,0,0,0,,,0,10.1,2,1,0,200349,133.68,-31.18,2,0,,,Knuckleball,40,FRONTFOOT FLICK,0,0,1,10,86,2,1,0,1,0,0,0,0,0,89.92164503243903,-8.682083526208894,8.340757594312219,-0.7705057276347592,2.051832325842822,-0.28145014894569,1.51856091387525,-6.13953270809739,-36.5885193629397,2.50943100186297,-7.83141043986031,7.461915011008267,-0.0344376651716158,0.6193206528711299,106.3418644478311,Attacked,Played,Glance,0.479095458984375,0.4348068237304688,7.402343,-0.109615,-0.731770387258793,0.0,-10.6,-37.0307698284976,2.44192823403393,2.44192823403393,-7.793694,0.247518,0.643608,-8.841129,0.325291,0.74333,-12.08130170698024,-10.06024459681662,0.4181545556903611,0.8483178069147482,0.935752821500262,-0.1506924939534919,0.0827164300805584,-1.0,WANKHEDE-STADIUM-MUMBAI,2022-04-27,2022,R,L,R,Sunrisers-Hyderabad,Gujarat-Titans,Seam,1.0
495,1,20,Sunrisers Hyderabad,Aiden Markram,Alzarri Joseph,,11,2,1,1,1,1,0,0,0,0,0,0,0,0,0,0,0,,,0,10.2,2,1,0,200350,-138.9,36.5,1,0,,,Knuckleball,52,BACKFOOT COVERDRIVE,0,0,2,10,87,2,0,0,1,0,0,0,0,0,93.10000000000008,-10.35932703407418,8.340727624799975,-0.8978266734586893,2.056001305131109,-0.29316566351049,2.19913981337621,-5.60580032827429,-38.1115362563636,1.40815830136195,-8.8656280613574,8.504204461939922,0.0362729376815909,0.6339497797419765,101.4651731931374,Attacked,Played,Nudge,0.473602294921875,0.4383773803710938,8.685303,-0.618096,-0.762230725127273,0.0,-10.6,-37.5878582720372,1.34996756609866,1.34996756609866,-8.105617,-0.358183,0.931479,-8.840969,-0.327331,1.010516,-13.09543021280777,-10.05994967648772,-0.2749739921831729,1.131976450149635,0.9027015593305616,-0.0591285444650939,0.0840409926033451,-1.0,WANKHEDE-STADIUM-MUMBAI,2022-04-27,2022,R,L,R,Sunrisers-Hyderabad,Gujarat-Titans,Seam,1.0
495,1,20,Sunrisers Hyderabad,Abhishek Sharma,Alzarri Joseph,,11,3,1,1,1,1,0,0,0,0,0,0,0,0,0,0,0,,,0,10.3,2,1,0,200351,54.95,-106.69,1,0,,,Knuckleball,44,GLIDE,0,0,3,10,88,2,0,0,1,0,0,0,0,0,79.94930404165376,-7.777313614704787,8.340402002901289,-0.7539684801764864,2.003138034208629,-0.251186439792932,-0.58367284191493,-8.26119103596502,-32.6542371730811,1.59451593643184,-7.454891976351,7.710079530465612,0.0336583842231882,0.5853503507238857,94.43671418626406,Attacked,Played,Nudge,0.543067932128906,0.5289344787597656,7.601297,-0.217951,-0.653084743461622,0.0,-10.6,-32.2320899304393,2.02037983459705,2.02037983459705,-8.818728,0.208841,0.73698,-8.840894,0.210437,0.738654,-12.86010377683986,-10.06007737491523,0.2994772544611476,0.8216222660110228,-0.0856049067967416,0.7911864768551786,-0.0077130653365437,-1.0,WANKHEDE-STADIUM-MUMBAI,2022-04-27,2022,L,R,R,Sunrisers-Hyderabad,Gujarat-Titans,Seam,1.0
495,1,20,Sunrisers Hyderabad,Aiden Markram,Alzarri Joseph,,11,4,2,2,2,0,1,0,0,0,0,0,0,0,0,0,0,,,0,10.4,2,1,0,200352,2.92,188.91,2,0,,,Knuckleball,46,FRONTFOOT PULL SHOT,0,0,4,10,90,2,0,0,1,0,0,0,0,0,88.70000000000009,-14.29312262861469,8.340642445835691,-0.8378248843827272,2.026132951513507,-0.286188507160955,0.728958573676172,-9.18510219072094,-37.2045059309241,1.12556176961072,-11.6842428251605,8.566956292933861,-0.1007827517842575,0.5023403458540784,95.4293270565375,Attacked,Played,Nudge,0.543708801269531,0.4424972534179688,11.361387,-0.642804,-0.744090118618482,0.0,-10.6,-38.9620016616492,1.49411221748691,1.49411221748691,-7.852457,-0.256968,1.191402,-8.841022,-0.210494,1.283699,-17.43513137439138,-10.06017385736871,-0.1516566871453763,1.385837915634466,0.2850450836094426,0.463236615687494,0.0735245828718773,-1.0,WANKHEDE-STADIUM-MUMBAI,2022-04-27,2022,R,L,R,Sunrisers-Hyderabad,Gujarat-Titans,Seam,1.0
495,1,20,Sunrisers Hyderabad,Aiden Markram,Alzarri Joseph,,11,5,0,0,0,0,0,0,1,0,0,0,0,0,0,0,0,,,0,10.5,2,1,0,200353,-60.62,99.12,0,0,,,Knuckleball,84,FRONTFOOT OFF DRIVE,0,0,5,10,90,2,0,0,1,0,0,0,0,0,92.6214580770887,-7.218429849352033,8.340367969164692,-0.8292255763984278,2.064743098035939,-0.288694710287413,2.03003066793034,-6.52116806255655,-37.5303123373636,1.78030318352849,-7.31928766305536,6.612916995227606,0.1077966381382809,0.5747944824730288,85.43950855712623,Attacked,Played,Off-Drive,0.464881896972656,0.4231796264648438,5.720923,-0.360794,-0.750606246747273,0.0,-10.6,-36.2891270199591,1.72304271147695,1.72304271147695,-7.862445,-0.187092,0.414339,-8.841131,-0.136415,0.502062,-11.035498469887,-10.06031366804451,-0.0716784675365729,0.6007832313886551,1.150170046992703,0.0025471367706525,0.123736836613036,-1.0,WANKHEDE-STADIUM-MUMBAI,2022-04-27,2022,R,L,R,Sunrisers-Hyderabad,Gujarat-Titans,Seam,1.0
495,1,20,Sunrisers Hyderabad,Aiden Markram,Alzarri Joseph,,11,6,6,6,6,0,0,0,0,0,0,0,0,0,0,1,0,,,0,10.6,2,1,0,200354,180.18,106.49,6,0,,,Knuckleball,46,FRONTFOOT PULL SHOT,0,0,6,10,96,2,0,0,1,0,0,0,0,0,87.83459325052648,-15.41342726043581,8.340773681725196,-0.9499158530363748,1.949979466396908,-0.277925045515849,-0.155428419547619,-14.057302817326,-36.1302559170603,1.33413323645397,-12.7541318783563,9.99542376830986,-0.0517053391719689,0.5131412350799011,92.14171917918208,Attacked,Played,,0.464584350585938,0.4546279907226563,12.286622,-0.72717,-0.722605118341206,0.0,-10.6,-37.1340167799491,1.17906090575034,1.17906090575034,-7.466521,-0.386113,1.482741,-8.840864,-0.331425,1.632681,-19.4432454686696,-10.06011944955082,-0.2813240287500195,1.750028212967282,0.0560320176753649,-0.2961069663265975,0.147003245063364,-1.0,WANKHEDE-STADIUM-MUMBAI,2022-04-27,2022,R,L,R,Sunrisers-Hyderabad,Gujarat-Titans,Seam,1.0
495,1,20,Sunrisers Hyderabad,Abhishek Sharma,Rashid Khan,,12,1,6,6,6,0,0,0,0,0,0,0,0,0,0,1,0,,,0,11.1,2,1,0,200355,-157.77,135.04,6,0,,,Knuckleball,95,SLOG SWEEP,0,0,1,11,102,2,1,1,2,0,0,1,0,0,58.01461904567584,-0.8413216279311526,8.340838896492816,-0.6447560868090022,1.910593817123953,-0.179762662785162,-0.0146877462100412,-10.1388472779663,-23.3691461620711,1.3246783815816,-6.17338985209609,13.02180908963823,0.3943766360419299,0.7199462178241989,78.55426906943686,Attacked,Played,,0.75897216796875,0.6444854736328125,4.33844,0.114531,-0.467382923241422,0.0,-10.6,-19.2179051093363,-0.223921345880665,-0.223921345880665,-7.102836,0.09816,0.334891,-8.840964,0.076732,0.637515,-14.79769696707552,-10.05997298021263,0.0611105138702067,0.7969542730539892,0.2975906557626182,-3.911898530669109,0.0355136823594433,86.0,WANKHEDE-STADIUM-MUMBAI,2022-04-27,2022,L,R,R,Sunrisers-Hyderabad,Gujarat-Titans,Spin,1.0
495,1,20,Sunrisers Hyderabad,Abhishek Sharma,Rashid Khan,,12,2,1,1,1,1,0,0,0,0,0,0,0,0,0,0,0,,,0,11.2,2,1,0,200356,-129.69,99.58,1,0,,,Knuckleball,58,BACKFOOT PULL SHOT,0,0,2,11,103,2,0,0,2,0,0,0,0,0,56.13749580002059,-6.355018129197463,8.340723223817665,-0.5630589562639369,1.830850258111965,-0.179088230497582,-0.101746374335191,-9.9495932856077,-23.2814699646857,0.585954748086903,-6.58455194065462,8.64303663031327,0.1425692112776711,0.5044836412510652,71.41562505989266,Attacked,Played,Pull-Hook,0.764762878417969,0.7077484130859375,9.178553,-0.331365,-0.465629399293713,0.0,-10.6,-21.8533382021169,1.00645231498774,1.00645231498774,-7.473461,-0.004216,0.559321,-8.840996,0.070328,0.521081,-15.79216145701888,-10.0601100998031,0.1390206002202526,0.4343604164733508,0.0060386259734911,1.195153200191665,0.000559678305950967,-1.0,WANKHEDE-STADIUM-MUMBAI,2022-04-27,2022,L,R,R,Sunrisers-Hyderabad,Gujarat-Titans,Spin,1.0
495,1,20,Sunrisers Hyderabad,Aiden Markram,Rashid Khan,,12,3,1,1,1,1,0,0,0,0,0,0,0,0,0,0,0,,,0,11.3,2,1,0,200357,-106.21,128.59,1,0,,,Knuckleball,84,FRONTFOOT OFF DRIVE,0,0,3,11,104,2,0,0,2,0,0,0,0,0,58.69299184183009,-0.0495485935737253,8.340637972379856,-0.6657819755530191,1.921450543292848,-0.181212179264208,-0.22945407954926,-10.7422235307914,-23.557583304347,0.877856703253376,-6.36502705930077,13.01427328881621,0.2998039405259568,0.7356925888167297,90.37349426991378,Attacked,Played,Nudge,0.731552124023438,0.6603813171386719,3.720613999999999,-0.107491,-0.47115166608694,0.0,-10.6,-20.2599882267669,-0.269523009864941,-0.269523009864941,-7.733822,-0.126349,0.337451,-8.840966,-0.141777,0.545682,-15.11972937380222,-10.05995933650918,-0.159259963971502,0.7396599018948902,-0.0793075202375343,-2.896272498420414,-0.0090949842030017,-1.0,WANKHEDE-STADIUM-MUMBAI,2022-04-27,2022,R,L,R,Sunrisers-Hyderabad,Gujarat-Titans,Spin,1.0
495,1,20,Sunrisers Hyderabad,Abhishek Sharma,Rashid Khan,,12,4,1,1,1,1,0,0,0,0,0,0,0,0,0,0,0,,,0,11.4,2,1,0,200358,80.73,129.97,1,0,,,Knuckleball,6,BACKFOOT OFF DRIVE,0,0,4,11,105,2,0,0,2,0,0,0,0,0,54.81587363827745,-3.164335923020118,8.34106468414656,-0.5467800767377691,1.847935064074891,-0.173083286684668,-0.531353915141276,-9.93621465636352,-22.5008272690069,0.34385242513522,-6.14378434984905,8.449634193923274,0.1929797030105972,0.5007404033634296,65.81309020345472,Attacked,Played,Nudge,0.805915832519531,0.747711181640625,7.084755,-0.319181,-0.450016545380137,0.0,-10.6,-20.7094621794369,0.779792215637512,0.779792215637512,-8.157459,-0.112162,0.483719,-8.840663,-0.082927,0.486106,-15.27217039243995,-10.06004615808995,-0.0294901665072567,0.4519629959364508,-0.5298977267291429,1.280878693186151,-0.049998607340689,-1.0,WANKHEDE-STADIUM-MUMBAI,2022-04-27,2022,L,R,R,Sunrisers-Hyderabad,Gujarat-Titans,Spin,1.0
495,1,20,Sunrisers Hyderabad,Aiden Markram,Rashid Khan,,12,5,1,1,1,1,0,0,0,0,0,0,0,0,0,0,0,,,0,11.5,2,1,0,200359,-90.55,8.88,1,0,,,Knuckleball,97,BACKFOOT PUSH,0,0,5,11,106,2,0,0,2,0,0,0,0,0,54.74544294827954,0.0496293549560929,8.340548417926694,-0.5469300444705121,1.881459719230827,-0.17007672561407,0.340186829593811,-10.4381915303815,-22.1099743298291,0.417630947246716,-6.20763969692565,9.192888189293765,0.184199131666507,0.5304341436958286,71.1452083877236,Attacked,Played,Nudge,0.78570556640625,0.7794570922851562,4.513986,-0.358284,-0.442199486596583,0.0,-10.6,-20.3460169724757,0.854569975268054,0.854569975268054,-9.117448,-0.202135,0.460329,-8.840788,-0.214693,0.439261,-15.68272157594999,-10.05996561015417,-0.1587327645530998,0.5155221057665476,0.5796204012404237,1.322994004384103,0.066819737917147,-1.0,WANKHEDE-STADIUM-MUMBAI,2022-04-27,2022,R,L,R,Sunrisers-Hyderabad,Gujarat-Titans,Spin,1.0
495,1,20,Sunrisers Hyderabad,Abhishek Sharma,Rashid Khan,,12,6,6,6,6,0,0,0,0,0,0,0,0,0,0,1,0,,,0,11.6,2,1,0,200360,-169.74,124.91,6,0,https://scores.bcci.tv/matchcentre/commentaryFiles/IPL-2022/Gujarat-Titans-VS-Sunrisers-Hyderabad-(27-Apr-2022)/File_1-12-200360.jpg,,Knuckleball,95,SLOG SWEEP,0,0,6,11,112,2,0,0,2,0,0,0,0,0,58.49693745092444,-0.6903308682318969,8.340644917197299,-0.6149433072086739,1.89031414253548,-0.181136806347322,-0.0084666746928636,-10.2588093510644,-23.5477848251518,1.32339079418051,-6.17320380039955,9.088055711208828,0.2358235069803316,0.5524508604449602,69.28527836871086,Attacked,Played,,0.733016967773438,0.6430778503417969,4.232947,0.142193,-0.470955696503037,0.0,-10.6,-21.3202464758872,0.445756272555256,0.445756272555256,-7.336431,0.174289,0.255867,-8.840673,0.207396,0.423241,-14.68988757893083,-10.06009025654194,0.2351111299286822,0.5183916622116963,0.3049573616208021,-2.018906300629261,0.03651372864297,87.0,WANKHEDE-STADIUM-MUMBAI,2022-04-27,2022,L,R,R,Sunrisers-Hyderabad,Gujarat-Titans,Spin,1.0
495,1,20,Sunrisers Hyderabad,Aiden Markram,Yash Dayal,,13,1,0,0,0,0,0,0,1,0,0,0,0,0,0,0,0,,,0,12.1,2,1,0,200361,-73.51,84.39,0,0,,,Knuckleball,6,BACKFOOT OFF DRIVE,0,0,1,12,112,2,1,0,2,0,0,0,0,0,82.80852020916758,-11.1405131011966,8.34063383983555,0.5523564215416342,1.988123663591696,-0.26155008657061,1.93773091125637,-6.11371003478004,-34.0015112541793,-1.62520498145827,-8.64508044895867,7.905020557990107,-0.014308769506864,0.5491768872297058,93.80741003514228,Defended,Played,Defend,0.527469635009766,0.4944305419921875,9.759824,0.093838,-0.680030225083585,0.0,-10.6,-34.1926660931156,-1.6397957420293,-1.6397957420293,-8.11472,-0.31347,0.898408,-8.840804,-0.355056,0.948629,-14.26550697397947,-10.06026858708909,-0.4265539015679086,1.019039492705041,0.581001709331007,-0.0091181226113476,0.0423243685314043,-1.0,WANKHEDE-STADIUM-MUMBAI,2022-04-27,2022,R,L,L,Sunrisers-Hyderabad,Gujarat-Titans,Seam,1.0
495,1,20,Sunrisers Hyderabad,Aiden Markram,Yash Dayal,,13,2,0,0,0,0,0,0,1,0,0,0,0,0,0,0,0,,,0,12.2,2,1,0,200362,1.54,48.01,0,0,,,Knuckleball,53,FRONTFOOT STRAIGHT DRIVE,0,0,2,12,112,2,0,0,2,0,0,0,0,0,85.82471585725074,-6.634496341194889,8.340586196081407,0.6460767397929722,2.006832189580359,-0.267025746525895,1.78766835615351,-5.96686726210961,-34.7133470483663,-1.15999906081822,-6.57000975695408,5.538657710542691,0.1030850382787026,0.497394638242392,74.30069190848855,Defended,Played,Defend,0.501136779785156,0.458770751953125,5.406871,0.118456,-0.694266940967326,0.0,-10.6,-33.6999676061261,-1.12028330224114,-1.12028330224114,-7.971726,0.004184,0.320794,-8.840676,-0.027124,0.377764,-10.71729758884826,-10.05980695918176,-0.072098737854463,0.4451150027796191,0.7817706028301212,0.0099386274571009,0.0841204597766789,-1.0,WANKHEDE-STADIUM-MUMBAI,2022-04-27,2022,R,L,L,Sunrisers-Hyderabad,Gujarat-Titans,Seam,1.0
495,1,20,Sunrisers Hyderabad,Aiden Markram,Yash Dayal,,13,3,1,1,1,1,0,0,0,0,0,0,0,0,0,0,0,,,0,12.3,2,1,0,200363,100.53,-29.34,1,0,,,Knuckleball,40,FRONTFOOT FLICK,0,0,3,12,113,2,0,0,2,0,0,0,0,0,86.6947443822483,-5.537746565544481,8.340584967028896,0.6276902631757137,2.058275696113824,-0.267138814716579,0.571765462405042,-5.94041797691401,-34.7280459131552,-0.803450317077295,-6.15975709486232,6.088522998897932,-0.0381410778681287,0.608073714732321,105.025164996661,Attacked,Played,Glance,0.498458862304688,0.4444770812988281,3.53472,0.255081,-0.694560918263104,0.0,-10.6,-35.114902256255,0.129013151014442,0.129013151014442,-7.88212,0.260134,0.188179,-8.840951,0.26379,0.278292,-10.05801796994823,-10.06037223353626,0.2685454515319911,0.3827826075113462,0.206946412783358,1.535834816040025,-0.00975096889809718,-1.0,WANKHEDE-STADIUM-MUMBAI,2022-04-27,2022,R,L,L,Sunrisers-Hyderabad,Gujarat-Titans,Seam,1.0
495,1,20,Sunrisers Hyderabad,Abhishek Sharma,Yash Dayal,,13,4,1,1,1,1,0,0,0,0,0,0,0,0,0,0,0,,,0,12.4,2,1,0,200364,-39.44,59.99,1,0,,,Knuckleball,27,FORWARD PUSH,0,0,4,12,114,2,0,0,2,0,0,0,0,0,66.63814886104782,-0.2818595275010263,8.340512107028879,0.972835364010368,2.04357381978075,-0.202845939771571,-0.459008185034838,-10.7913809604731,-26.3699721703042,-1.57909031607579,-6.63018120048982,9.761079139687652,0.1207390079105207,0.6499999999999996,95.42609920894787,Attacked,Played,Nudge,0.631381988525391,0.5892333984375,1.551095,0.106938,-0.188356944073601,0.279911325384422,-10.6,-25.051473561789,-1.500135800272,-1.500135800272,-8.203093,0.125198,0.083866,-8.841003,0.087051,0.064059,-14.11328814685152,-10.0599164765431,0.0140571396380722,0.2556240889079244,-0.9216284155014433,0.0,-0.123761468738033,-1.0,WANKHEDE-STADIUM-MUMBAI,2022-04-27,2022,L,R,L,Sunrisers-Hyderabad,Gujarat-Titans,Seam,1.0
495,1,20,Sunrisers Hyderabad,Aiden Markram,Yash Dayal,,13,5,1,1,1,1,0,0,0,0,0,0,0,0,0,0,0,,,0,12.5,2,1,0,200365,108.82,100.96,1,0,,,Knuckleball,47,FRONTFOOT ON DRIVE,0,0,5,12,115,2,0,0,2,0,0,0,0,0,83.98128140017084,-5.688275001523919,8.340861143559323,0.7324226145211801,2.013071812288816,-0.259456452162629,0.915787121493382,-6.71049169349593,-33.7293387811418,-0.96156627492867,-6.34506272270153,7.188444724383404,0.1217140165068568,0.6451649107845742,94.60333496700044,Attacked,Played,Glance,0.509513854980469,0.45867919921875,4.506529,0.285952,-0.674586775622836,0.0,-10.6,-32.4569154473645,-1.00623064185315,-1.00623064185315,-7.689108,0.218228,0.295219,-8.840813,0.180389,0.414837,-10.65380348215044,-10.06005679868937,0.1392559032617856,0.5278623813616181,0.3919283234837213,-0.1427541207901165,0.0447494652722037,-1.0,WANKHEDE-STADIUM-MUMBAI,2022-04-27,2022,R,L,L,Sunrisers-Hyderabad,Gujarat-Titans,Seam,1.0
495,1,20,Sunrisers Hyderabad,Abhishek Sharma,Yash Dayal,,13,6,0,0,0,0,0,0,1,0,0,0,0,0,0,0,0,,,0,12.6,2,1,0,200366,79.35,78.4,0,0,,,Knuckleball,51,FRONTFOOT COVERDRIVE,0,0,6,12,115,2,0,0,2,0,0,0,0,0,84.91541965421969,-5.053926687958199,8.340602828589994,0.8414549463309915,2.055774304788897,-0.260485869780697,0.937757974822595,-6.76142735282558,-33.8631630714906,-0.829131756256854,-6.1917049906492,7.05630748159741,0.1249496882697225,0.6513581887943968,95.20875949218728,Attacked,Played,Off-Drive,0.509513854980469,0.4828834533691406,3.31689,0.40876,-0.677263261429811,0.0,-10.6,-32.5815518394431,-0.961507656287345,-0.961507656287345,-8.704277,0.349672,0.27466,-8.840703,0.345468,0.289342,-10.36177758659016,-10.06025395093131,0.3073298745585007,0.4132970676958481,0.4529307358364267,-0.2877599586646514,0.0618754854182856,-1.0,WANKHEDE-STADIUM-MUMBAI,2022-04-27,2022,L,R,L,Sunrisers-Hyderabad,Gujarat-Titans,Seam,1.0
495,1,20,Sunrisers Hyderabad,Aiden Markram,Lockie Ferguson,,14,1,1,1,1,1,0,0,0,0,0,0,0,0,0,0,0,,,0,13.1,2,1,0,200367,-91.93,75.64,1,0,,,Knuckleball,27,FORWARD PUSH,0,0,1,13,116,2,1,0,2,0,0,0,0,0,78.12104433564699,-5.67251115790784,8.340619744190988,-0.8740973766717075,1.965869454634487,-0.242568997946669,-0.242122747491485,-6.98091305589899,-31.533969733067,0.634145874631958,-6.24060843278887,6.173309992494944,0.1296646834262895,0.5252503698687093,75.82108713767747,Attacked,Played,Nudge,0.549121856689453,0.4974517822265625,5.168736,-0.601362,-0.630679394661339,0.0,-10.6,-30.3048905919781,0.274455751809,0.274455751809,-7.76702,-0.574506,0.299481,-8.841116,-0.564034,0.377257,-11.19425512427352,-10.06023976634926,-0.5518348667172134,0.4484029741360197,-0.0530891512991369,-0.6331746262843122,-0.00798284873441224,-1.0,WANKHEDE-STADIUM-MUMBAI,2022-04-27,2022,R,L,R,Sunrisers-Hyderabad,Gujarat-Titans,Seam,1.0
495,1,20,Sunrisers Hyderabad,Abhishek Sharma,Lockie Ferguson,,14,2,4,4,4,0,0,0,0,0,0,0,0,0,1,0,0,,,0,13.2,2,1,0,200368,-184.94,81.17,4,0,,,Knuckleball,11,LOFTED ON DRIVE,0,0,2,13,120,2,0,0,2,0,0,0,0,0,91.9344679907515,-7.715453593143611,8.340518789562942,0.7545535466980873,1.955686825449836,-0.286902690358727,0.614444591242049,-5.25258345481662,-37.2973497466345,-1.50732585475628,-7.10689332733298,6.675027321247228,0.017981017157988,0.6106853731165105,99.80470425167778,Attacked,Played,Nudge,0.468395233154297,0.4342918395996094,6.573482,0.268788,-0.74594699493269,0.0,-10.6,-37.0847903647798,-1.66096238799109,-1.66096238799109,-8.107941,0.051541,0.517674,-8.841021,0.015045,0.580015,-10.78820578297279,-10.06001008082982,-0.0469975218440766,0.6742485784160107,0.0693711097928706,-0.2501850791242908,0.00654971943816562,-1.0,WANKHEDE-STADIUM-MUMBAI,2022-04-27,2022,L,R,R,Sunrisers-Hyderabad,Gujarat-Titans,Seam,1.0
495,1,20,Sunrisers Hyderabad,Abhishek Sharma,Lockie Ferguson,,14,3,1,1,1,1,0,0,0,0,0,0,0,0,0,0,0,,,0,13.3,2,1,0,200369,145.19,-7.24,1,0,,39.0,ANGLED IN,61,INSIDE OUT,0,0,3,13,121,2,0,0,2,0,0,0,0,0,90.99999999999989,-7.309583940575386,8.340783055351459,0.7444015605258308,1.968422453974576,-0.288406090417448,-0.10925503051507,-5.46573163464203,-37.4927917542683,-2.59410321431489,-6.99210441824446,5.975236404299677,-0.0506286711185055,0.5698288049297063,100.5371878513065,Attacked,Played,Nudge,0.468395233154297,0.4315452575683594,6.015657,-0.06868,-0.749855835085365,0.0,-10.6,-38.0663634590883,-2.33886372948932,-2.33886372948932,-8.273939,-0.340021,0.425181,-8.840715,-0.378243,0.468781,-10.56385049883624,-10.05975597624519,-0.462075020065244,0.554494135809237,-0.3912301194002817,0.4420193088730585,-0.0355549812401369,-1.0,WANKHEDE-STADIUM-MUMBAI,2022-04-27,2022,L,R,R,Sunrisers-Hyderabad,Gujarat-Titans,Seam,1.0
495,1,20,Sunrisers Hyderabad,Aiden Markram,Lockie Ferguson,,14,4,0,0,0,0,0,0,1,0,0,0,0,0,0,0,0,,,0,13.4,2,1,0,200370,145.19,-7.24,0,0,,,Knuckleball,18,SLOG SHOT,0,0,4,13,121,2,0,0,2,0,0,0,0,0,81.11513239188814,-2.08575942975303,8.340675358837181,-0.9593690540330438,2.031721731485048,-0.241245706135704,0.250407504631433,-6.98139330598814,-31.3619417976415,0.88211875766596,-5.55923614487218,6.915260848364297,0.1710194896875739,0.6500000000000005,90.39805103124267,Defended,Missed,Defend,0.517295837402344,0.54052734375,-2.096584,-0.470132,-0.224013869983153,-0.18738014761315,-10.6,-29.7938447077594,0.838012819782662,0.838012819782662,-999.9,-999.9,-999.9,-8.840986,-0.560856,0.485863,-10.05187031269949,-10.06028843529261,-0.5280737616954109,0.296828352463915,0.4590449799728557,0.0,0.0686583917006927,-1.0,WANKHEDE-STADIUM-MUMBAI,2022-04-27,2022,R,L,R,Sunrisers-Hyderabad,Gujarat-Titans,Seam,1.0
495,1,20,Sunrisers Hyderabad,Aiden Markram,Lockie Ferguson,,14,5,6,6,6,0,0,0,0,0,0,0,0,0,0,1,0,,,0,13.5,2,1,0,200371,185.71,76.1,6,0,,,Knuckleball,11,LOFTED ON DRIVE,0,0,5,13,127,2,0,0,2,0,0,0,0,0,91.31603173666127,-10.50596896935669,8.340704526347317,-0.8525759506287164,1.972223511744724,-0.287570730812256,-1.05793104525816,-4.36757961938369,-37.3841950055933,1.75778355927213,-8.49447466034626,7.517456038391792,0.0461983235059063,0.5710244906873143,91.0338412525065,Attacked,Played,,0.485572814941406,0.4315681457519531,9.000137,-0.394638,-0.747683900111866,0.0,-10.6,-36.7570687563283,1.95418821146026,1.95418821146026,-7.531583,-0.025715,0.765457,-8.841048,0.055712,0.874985,-12.80144855659124,-10.06020566586961,0.1338736682977623,0.9628086680130682,-0.184992652897895,0.3512306794163583,-0.0144848587644185,85.0,WANKHEDE-STADIUM-MUMBAI,2022-04-27,2022,R,L,R,Sunrisers-Hyderabad,Gujarat-Titans,Seam,1.0
495,1,20,Sunrisers Hyderabad,Aiden Markram,Lockie Ferguson,,14,6,0,0,0,0,0,0,1,0,0,0,0,0,0,0,0,,,0,13.6,2,1,0,200372,185.71,76.1,0,0,,,Knuckleball,46,FRONTFOOT PULL SHOT,0,0,6,13,127,2,0,0,2,0,0,0,0,0,73.75776640870563,-18.21799233252774,8.34054138113834,-0.9222484987580972,1.984365456887794,-0.230954816371907,1.87202415305572,-4.93021586760407,-30.0241261283479,1.19226323115152,-11.1988152988268,10.5565700804862,-0.0870653834857362,0.5247455000428806,97.41836335500572,Defended,Missed,Defend,0.485572814941406,0.6482162475585938,12.839336,-0.736796,-0.600482522566957,0.0,-10.6,-31.5331226683644,0.290482499255588,0.290482499255588,-999.9,-999.9,-999.9,-8.840939,-0.615806,1.562493,-20.45520756563965,-10.06025607009526,-0.6011627142782575,1.622699737579194,0.7138875646665918,-1.746237839407754,0.0593808109472431,-1.0,WANKHEDE-STADIUM-MUMBAI,2022-04-27,2022,R,L,R,Sunrisers-Hyderabad,Gujarat-Titans,Seam,1.0
495,1,20,Sunrisers Hyderabad,Abhishek Sharma,Rashid Khan,,15,1,1,1,1,1,0,0,0,0,0,0,0,0,0,0,0,,,0,14.1,2,1,0,200373,85.79,136.88,1,0,,,Knuckleball,6,BACKFOOT OFF DRIVE,0,0,1,14,128,2,1,0,2,0,0,0,0,0,55.72445954286099,-4.985249868965987,8.340640594485578,-0.5243512992613263,1.828691242148572,-0.177056805305876,0.106135693033723,-9.6943183235909,-23.0173846897639,0.946229557632531,-6.24717809881159,8.967197554544336,0.1307245437579134,0.5488842017761282,79.26017589062789,Attacked,Played,Nudge,0.768470764160156,0.7327308654785156,8.333374,-0.135153,-0.460347693795278,0.0,-10.6,-21.730222181456,1.34674524006878,1.34674524006878,-8.031956,0.284308,0.611016,-8.84089,0.342752,0.606566,-15.18491511200239,-10.06003935538246,0.4330984799965372,0.5604062636767129,0.2721821335932775,1.192342491091193,0.0283235117579301,-1.0,WANKHEDE-STADIUM-MUMBAI,2022-04-27,2022,L,R,R,Sunrisers-Hyderabad,Gujarat-Titans,Spin,1.0
495,1,20,Sunrisers Hyderabad,Aiden Markram,Rashid Khan,,15,2,1,1,1,1,0,0,0,0,0,0,0,0,0,0,0,,,0,14.2,2,1,0,200374,-124.62,-1.71,1,0,,,Knuckleball,16,BACKFOOT SQUARE DRIVE,0,0,2,14,129,2,0,0,2,0,0,0,0,0,58.94392632574336,-3.202636733808329,8.340658374710848,-0.662518652873215,1.885731881129949,-0.185089375271617,-0.0822223519468059,-9.84639956027818,-24.0616187853102,0.890664863969452,-6.18699276109281,8.761247644873825,0.1397307502935861,0.566044650848499,80.93362259791624,Attacked,Played,Nudge,0.720611572265625,0.724639892578125,6.350385,-0.226514,-0.481232375706204,0.0,-10.6,-22.7239306175384,0.116916507845332,0.116916507845332,-8.97545,-0.197788,0.592352,-8.840761,-0.198566,0.586138,-14.42014630757323,-10.06007838645154,-0.1914240072686993,0.6255110325729054,0.0939754491969436,-1.825103736275637,0.00973659539774024,-1.0,WANKHEDE-STADIUM-MUMBAI,2022-04-27,2022,R,L,R,Sunrisers-Hyderabad,Gujarat-Titans,Spin,1.0
495,1,20,Sunrisers Hyderabad,Abhishek Sharma,Rashid Khan,,15,3,4,4,4,0,0,0,0,0,0,0,0,0,1,0,0,,,0,14.3,2,1,0,200375,171.44,104.19,4,0,,,Knuckleball,15,LOFTED COVER DRIVE,0,0,3,14,133,2,0,0,2,0,0,0,0,0,56.07451625477293,-3.449477149895293,8.340839480023018,-0.5534647516008531,1.828316580876241,-0.177126771859802,-0.625236715372478,-9.92488981302251,-23.0264803417743,0.591259574990043,-6.12817672465994,8.782717164045248,0.1193335313586055,0.5511913064449081,80.74534283087567,Attacked,Played,Off-Drive,0.751899719238281,0.7202911376953125,7.225589,-0.210417,-0.460529606835485,0.0,-10.6,-21.862864438049,1.26945608646319,1.26945608646319,-8.088822,0.112921,0.567343,-8.841015,0.162475,0.585729,-14.90303019850233,-10.05991802614422,0.2447171020835048,0.5805966825644243,-0.5500222672152258,1.852236967168574,-0.051246938168218,-1.0,WANKHEDE-STADIUM-MUMBAI,2022-04-27,2022,L,R,R,Sunrisers-Hyderabad,Gujarat-Titans,Spin,1.0
495,1,20,Sunrisers Hyderabad,Abhishek Sharma,Rashid Khan,,15,4,2,2,2,0,1,0,0,0,0,0,0,0,0,0,0,,,0,14.4,2,1,0,200376,114.8,108.79,2,0,,,Knuckleball,51,FRONTFOOT COVERDRIVE,0,0,4,14,135,2,0,0,2,0,0,0,0,0,55.71472954295773,-1.436419260925885,8.340667833734745,-0.4538590395181039,1.87949956930444,-0.174128098297934,-0.445766184626353,-10.1981890925445,-22.6366527787314,0.874400098643814,-6.14190547709753,10.77326314959476,0.2657675395611201,0.618318355998476,76.17099944365938,Attacked,Played,Nudge,0.783943176269531,0.7345962524414062,5.55648,0.084532,-0.452733055574628,0.0,-10.6,-19.9585894154957,1.46005173095558,1.46005173095558,-8.201186,0.367053,0.58548,-8.840972,0.41855,0.640488,-15.18034702961299,-10.05996997847268,0.5190039197811199,0.7098425445933595,-0.3559865010054583,1.971865648157211,-0.0376706043560854,-1.0,WANKHEDE-STADIUM-MUMBAI,2022-04-27,2022,L,R,R,Sunrisers-Hyderabad,Gujarat-Titans,Spin,1.0
495,1,20,Sunrisers Hyderabad,Abhishek Sharma,Rashid Khan,,15,5,1,1,1,1,0,0,0,0,0,0,0,0,0,0,0,,,0,14.5,2,1,0,200377,-128.77,77.94,1,0,,,Knuckleball,95,SLOG SWEEP,0,0,5,14,136,2,0,0,2,0,0,0,0,0,59.42691076083199,-1.53005690337619,8.341087210835582,1.11097798019105,1.909159562875846,-0.184908771277591,0.20595477401541,-10.2442704146231,-24.0381402660868,-0.47108081323485,-6.21461765998185,9.013482683898838,0.2464247757336869,0.552173761149823,68.18358659910476,Attacked,Played,Nudge,0.711387634277344,0.6363716125488281,4.818882,0.828069,-0.480762805321736,0.0,-10.6,-21.6329980859476,-1.18996172795989,-1.18996172795989,-7.331663,0.710318,0.336345,-8.840586,0.621705,0.484383,-14.49537951856327,-10.05994863656822,0.5477049497506661,0.5629686470735241,0.1325903599201115,-2.025789318210391,0.0175587373106597,-1.0,WANKHEDE-STADIUM-MUMBAI,2022-04-27,2022,L,R,R,Sunrisers-Hyderabad,Gujarat-Titans,Spin,1.0
495,1,20,Sunrisers Hyderabad,Aiden Markram,Rashid Khan,,15,6,4,4,4,0,0,0,0,0,0,0,0,0,1,0,0,,,0,14.6,2,1,0,200378,170.05,91.76,4,0,,,Knuckleball,58,BACKFOOT PULL SHOT,0,0,6,14,140,2,0,0,2,0,0,0,0,0,55.25061688797056,-4.621930516109209,8.34071134023533,-0.5092559925259095,1.839224131649155,-0.175569995322346,0.396680240807881,-9.94320483228416,-22.8240993919049,0.580399697159248,-6.26761477765645,10.66252080761944,0.0873635711929167,0.6579978239867481,99.96331647872056,Attacked,Played,Pull-Hook,0.761798858642578,0.7379150390625,8.201201,-0.296271,-0.456481987838099,0.0,-10.6,-21.9045896889509,0.913330564971097,0.913330564971097,-8.146984,-0.015235,0.830162,-8.840598,0.018327,0.854697,-15.35521540899934,-10.06019768222359,0.0787411486282205,0.8627870040420048,0.5030048355616277,0.930938728958706,0.0431728470265148,-1.0,WANKHEDE-STADIUM-MUMBAI,2022-04-27,2022,R,L,R,Sunrisers-Hyderabad,Gujarat-Titans,Spin,1.0
495,1,20,Sunrisers Hyderabad,Abhishek Sharma,Alzarri Joseph,,16,1,0 WK,W,0,0,0,0,1,0,0,0,0,0,0,0,1,Bowled,WICKET,1,15.1,2,1,0,200379,170.05,91.76,0,0,,,Knuckleball,18,SLOG SHOT,0,0,1,15,140,3,1,0,2,0,0,0,0,0,77.9899028112274,-5.016283695662598,8.340801169003274,-0.6866633534362183,2.034359724562772,-0.241439870308434,-0.496035865880689,-8.31699538084642,-31.3871831400964,1.52538825418793,-6.51860228693782,6.422138098367761,0.1336240416787546,0.5189905495718581,74.48617826790326,Attacked,Edged,Nudge,0.54803466796875,0.5126380920410156,4.617047,-0.006763,-0.627743662801928,0.0,-10.6,-30.0561125940908,1.64550900466709,1.64550900466709,-8.221669,0.149959,0.312149,-8.841081,0.186209,0.361865,-11.73260429529225,-10.06009674655319,0.2590489017416128,0.4462092674392856,-0.0745980962850615,0.351362016145241,0.000908930541737463,-1.0,WANKHEDE-STADIUM-MUMBAI,2022-04-27,2022,L,R,R,Sunrisers-Hyderabad,Gujarat-Titans,Seam,1.0
495,1,20,Sunrisers Hyderabad,Nicholas Pooran,Alzarri Joseph,,16,2,0,0,0,0,0,0,1,0,0,0,0,0,0,0,0,,,0,15.2,2,1,0,200380,170.05,91.76,0,0,,,Knuckleball,105,LEFT ALONE,0,0,2,15,140,3,2,0,2,0,0,0,0,0,84.26406478399615,-17.32744580673603,8.340852940340195,-0.8506102287183073,1.971595378383828,-0.265506608673161,4.62382630315507,-21.4417513253266,-34.5158591275109,2.07504209812862,-14.465286129643,10.66518447198432,-0.0916446735284262,0.4751219469074179,90.43275938895532,,,,0.537872314453125,0.5625686645507812,13.055928,-0.588954,-0.690317182550217,0.0,-10.4735322005647,-36.4946718912362,1.68817069438597,1.68817069438597,-999.9,-999.9,-999.9,-8.840991,0.030923,1.840852,-22.73811942587325,-10.06006539675547,0.1046847643094677,1.963115536049731,1.251749536916157,-0.7918957961148856,0.031072967300526,-1.0,WANKHEDE-STADIUM-MUMBAI,2022-04-27,2022,L,R,R,Sunrisers-Hyderabad,Gujarat-Titans,Seam,1.0
495,1,20,Sunrisers Hyderabad,Nicholas Pooran,Alzarri Joseph,,16,3,1,1,1,1,0,0,0,0,0,0,0,0,0,0,0,,,0,15.3,2,1,0,200381,66.46,106.49,1,0,,,Knuckleball,27,FORWARD PUSH,0,0,3,15,141,3,0,0,2,0,0,0,0,0,92.5226607930372,-7.792882189867692,8.340478284390521,-0.7621747049012904,2.048264450413156,-0.288220021547884,1.88846306430694,-5.95637688874201,-37.4686028012249,2.31775399400868,-7.43589684520949,7.121481076995124,0.0617517060730005,0.6175634092867338,96.45934078571004,Attacked,Played,Nudge,0.467079162597656,0.4376449584960938,6.345979,-0.138455,-0.749372056024498,0.0,-10.6,-36.7555289561816,1.75636782354229,1.75636782354229,-8.266076,0.089831,0.549717,-8.840831,0.120302,0.603889,-11.22488598773388,-10.06018234781209,0.1862908497371711,0.7102660667028691,1.110787743697399,-0.8039190339521426,0.11232326047238,-1.0,WANKHEDE-STADIUM-MUMBAI,2022-04-27,2022,L,R,R,Sunrisers-Hyderabad,Gujarat-Titans,Seam,1.0
495,1,20,Sunrisers Hyderabad,Aiden Markram,Alzarri Joseph,,16,4,1,1,1,1,0,0,0,0,0,0,0,0,0,0,0,,,0,15.4,2,1,0,200382,81.19,129.05,1,0,,,Knuckleball,47,FRONTFOOT ON DRIVE,0,0,4,15,142,3,0,0,2,0,0,0,0,0,90.29940188694331,-4.501677302325997,8.340342727776203,-0.8347168680837568,2.110992625848318,-0.273891677707542,2.74264379890047,-6.92072180961747,-35.6059181019805,2.48086631382766,-6.26763564309211,6.867633121098292,0.1725663610025068,0.6499999999999998,90.2433638997493,Attacked,Played,Nudge,0.466529846191406,0.4254570007324219,1.439864999999999,0.001142,-0.254327986442718,-0.583259785261899,-10.6,-33.8256221968814,2.35682299813628,2.35682299813628,-7.824697,-0.053432,0.136335,-8.840541,0.016499,0.024801,-9.983380821275638,-10.06037446416917,0.101504432900904,0.163153825715384,2.202804160143796,1.2722218725854072e-14,0.276259796548695,-1.0,WANKHEDE-STADIUM-MUMBAI,2022-04-27,2022,R,L,R,Sunrisers-Hyderabad,Gujarat-Titans,Seam,1.0
495,1,20,Sunrisers Hyderabad,Nicholas Pooran,Alzarri Joseph,,16,5,1,1,1,1,0,0,0,0,0,0,0,0,0,0,0,,,0,15.5,2,1,0,200383,100.99,43.87,1,0,,,Knuckleball,27,FORWARD PUSH,0,0,5,15,143,3,0,0,2,0,0,0,0,0,79.42609745553787,-5.805992472222044,8.34058442988007,-0.8353290598707737,2.023503686880365,-0.247018817813868,-0.0633541804385177,-8.56371652194777,-32.1124463158028,1.67130077469476,-6.85358243366247,6.744145839024787,0.0672129245187363,0.5417765127432311,84.54518445961105,Attacked,Played,Nudge,0.540092468261719,0.5049934387207031,5.559126,-0.19337,-0.642248926316056,0.0,-10.6,-31.399393354836,1.70573509533194,1.70573509533194,-8.233026,0.017531,0.410662,-8.840932,0.053527,0.459001,-12.04757051468394,-10.0600213213196,0.1272173524238461,0.5432374254492695,0.228275790713876,0.1301834864313389,0.0248978302172104,-1.0,WANKHEDE-STADIUM-MUMBAI,2022-04-27,2022,L,R,R,Sunrisers-Hyderabad,Gujarat-Titans,Seam,1.0
495,1,20,Sunrisers Hyderabad,Aiden Markram,Alzarri Joseph,,16,6,2,2,2,0,1,0,0,0,0,0,0,0,0,0,0,,,0,15.6,2,1,0,200384,153.94,63.67,2,0,,,Knuckleball,47,FRONTFOOT ON DRIVE,0,0,6,15,145,3,0,0,2,0,0,0,0,0,89.96098195606297,-4.119791703093866,8.340524554036833,-0.7666415328615364,2.104328770700456,-0.271090602545969,2.22935565390233,-6.76127246312334,-35.2417783309759,2.85831950517831,-6.0900139805383,6.743125351682951,0.1759338238847535,0.6499999999999991,89.90661761152452,Attacked,Played,Glance,0.468177795410156,0.4263153076171875,0.5820319999999999,0.337453,-0.251726988078399,-0.66450401508175,-10.6,-33.4796894144271,2.7154035299194,2.7154035299194,-7.79266,0.204159,0.259431,-8.840861,0.286269,0.08643,-9.80426535236647,-10.06028186174267,0.3846848516085741,0.0450938164093128,2.062112995413866,1.2722218725854072e-14,0.24525637578031,-1.0,WANKHEDE-STADIUM-MUMBAI,2022-04-27,2022,R,L,R,Sunrisers-Hyderabad,Gujarat-Titans,Seam,1.0
495,1,20,Sunrisers Hyderabad,Nicholas Pooran,Mohammad Shami,,17,1,1,1,1,1,0,0,0,0,0,0,0,0,0,0,0,,,0,16.1,2,1,0,200385,89.48,-28.42,1,0,,,Knuckleball,27,FORWARD PUSH,0,0,1,16,146,3,1,0,2,0,0,0,0,0,87.10100930419324,-4.308584458553894,8.340608068191493,0.9554130752191063,1.9806191512712,-0.265012841049874,0.550758455769933,-6.45149752557759,-34.4516693364836,-1.65275569096705,-5.80298903286165,6.574187383674009,0.1801124585574328,0.6499999999999996,89.48875414425667,Attacked,Played,Nudge,0.480514526367188,0.4676742553710938,2.066962,0.162367,-0.246083352403454,0.386757314368422,-10.6,-32.7290858696594,-1.5701179064187,-1.5701179064187,-8.680984,0.129364,0.10952,-8.841113,0.121683,0.126854,-9.561071034797916,-10.06025388912931,0.0632009633941078,0.2510191425173716,0.0564697499258965,-1.2722218725854072e-14,0.00666482531439982,-1.0,WANKHEDE-STADIUM-MUMBAI,2022-04-27,2022,L,R,R,Sunrisers-Hyderabad,Gujarat-Titans,Seam,1.0
495,1,20,Sunrisers Hyderabad,Aiden Markram,Mohammad Shami,,17,2,1,1,1,1,0,0,0,0,0,0,0,0,0,0,0,,,0,16.2,2,1,0,200386,-94.23,123.53,1,0,,,Knuckleball,84,FRONTFOOT OFF DRIVE,0,0,2,16,147,3,0,0,2,0,0,0,0,0,88.78271352722284,-3.353797634042765,8.34058850459008,-0.8046101101178573,1.985509096692555,-0.266055915185299,-0.27090327973809,-5.92758098716132,-34.5872689740889,1.71006800189286,-5.33959692417275,6.029719932552372,0.1965278173963424,0.6500000000000005,87.84721826036584,Attacked,Played,Nudge,0.473831176757813,0.4347610473632813,-0.4620200000000008,0.101372,-0.247051921243492,-0.401033699188371,-10.6,-32.8579055253844,1.62456460179822,1.62456460179822,-7.919903,-0.026763,0.416235,-8.840456,0.018449,0.285952,-8.776062979318214,-10.06004573476253,0.0785473999979596,0.1055989731913188,0.1590073128079923,1.2722218725854072e-14,0.0191816460677946,-1.0,WANKHEDE-STADIUM-MUMBAI,2022-04-27,2022,R,L,R,Sunrisers-Hyderabad,Gujarat-Titans,Seam,1.0
495,1,20,Sunrisers Hyderabad,Nicholas Pooran,Mohammad Shami,,17,3,0 WK,W,0,0,0,0,1,0,0,0,0,0,0,0,1,Caught,WICKET,1,16.3,2,1,0,200387,-94.23,123.53,0,0,,,Knuckleball,11,LOFTED ON DRIVE,0,0,3,16,147,4,1,0,2,0,0,0,0,0,86.07044628877284,-6.928554644167633,8.340716410129623,1.049217546984172,1.942619280502264,-0.273119925305709,0.546670243918683,-5.20065127314947,-35.5055902897422,-2.04457960702174,-6.482577083455,7.487343292653002,0.1211996198432477,0.6929862142678005,101.8279701558453,Attacked,Played,Off-Drive,0.498893737792969,0.4550628662109375,5.871093,0.329364,-0.710111805794844,0.0,-10.6,-34.1810289376464,-1.90825597092578,-1.90825597092578,-8.062876,0.103888,0.510568,-8.841152,0.056215,0.5882,-10.34704053783203,-10.06015945231271,-0.0201968062882397,0.6988313266992119,-0.0189014237891707,0.1003344046189496,-0.0024838440290792,-1.0,WANKHEDE-STADIUM-MUMBAI,2022-04-27,2022,L,R,R,Sunrisers-Hyderabad,Gujarat-Titans,Seam,1.0
495,1,20,Sunrisers Hyderabad,Washington Sundar,Mohammad Shami,,17,4,1,1,1,1,0,0,0,0,0,0,0,0,0,0,0,,,0,16.4,2,1,0,200388,25.48,-62.03,1,0,,,Knuckleball,44,GLIDE,0,0,4,16,148,4,2,0,2,0,0,0,0,0,87.19454715345888,-2.978635148572907,8.340770094591921,1.060227765492778,1.984273312017266,-0.260425263105314,0.336348727839037,-6.15678440866808,-33.8552842036909,-1.58602417445737,-5.2984702125149,6.112018696430906,0.1938376198695297,0.649999999999999,88.11623801304688,Attacked,Played,,0.481178283691406,0.4605331420898438,-0.9155990000000004,0.168956,-0.241823458597792,0.364299616106818,-10.6,-32.1625199935063,-1.5067229657345,-1.5067229657345,-8.535181,0.283081,0.399543,-8.841126,0.268796,0.356151,-8.894836503915913,-10.06019971280686,0.2118116941208844,0.1773761354816472,-0.0834299095199888,0.0,-0.0108274555258361,-1.0,WANKHEDE-STADIUM-MUMBAI,2022-04-27,2022,L,R,R,Sunrisers-Hyderabad,Gujarat-Titans,Seam,1.0
495,1,20,Sunrisers Hyderabad,Aiden Markram,Mohammad Shami,,17,5,6,6,6,0,0,0,0,0,0,0,0,0,0,1,0,,,0,16.5,2,1,0,200389,174.2,65.05,6,0,https://scores.bcci.tv/matchcentre/commentaryFiles/IPL-2022/Gujarat-Titans-VS-Sunrisers-Hyderabad-(27-Apr-2022)/File_1-17-200389.jpg,,Knuckleball,46,FRONTFOOT PULL SHOT,0,0,5,16,154,4,0,1,3,0,0,0,0,0,81.0095145775502,-18.83407473213729,8.340989037033935,-0.569823613711492,1.804775367461202,-0.254039924943102,0.295119564514326,-3.70182655869655,-33.0251902426032,0.464334764268885,-12.2300322077635,12.03942455447755,0.1938925620100689,0.5129305923422453,67.5503326503299,Attacked,Played,,0.599544525146484,0.5311431884765625,13.492348,-0.50522,-0.235894216018594,0.0,-11.3380285002567,-29.4133529975552,1.27151562321175,1.27151562321175,-7.399432,-0.015372,1.63521,-8.841003,0.05331,1.721581,-20.32081823744455,-10.06008480208502,0.1120832191796435,1.769224936785141,0.1012750030735552,1.669782763965444,0.00425871572811854,80.0,WANKHEDE-STADIUM-MUMBAI,2022-04-27,2022,R,L,R,Sunrisers-Hyderabad,Gujarat-Titans,Seam,1.0
495,1,20,Sunrisers Hyderabad,Aiden Markram,Mohammad Shami,,17,6,1,1,1,1,0,0,0,0,0,0,0,0,0,0,0,,,0,16.6,2,1,0,200390,-95.62,136.88,1,0,,,Knuckleball,5,LOFTED OFF DRIVE,0,0,6,16,155,4,0,0,3,0,0,0,0,0,87.66617255826864,-5.4969031266593,8.34068862907909,-0.4915865400738151,1.913772620901958,-0.270968596845157,-0.415496507280538,-6.50737184326809,-35.2259175898704,0.339270601802349,-6.20155780956848,6.233941182523186,0.1534801651461884,0.5937226329158468,83.7103784227582,Attacked,Played,Off-Drive,0.486213684082031,0.4493865966796875,4.45104,-0.334568,-0.251613697070503,0.0,-10.6,-33.7074462410634,0.462601678265812,0.462601678265812,-8.054449,-0.300696,0.282542,-8.84094,-0.289668,0.3488,-9.984663224630784,-10.05979667017453,-0.2724468697368632,0.4402266678221468,-0.1760848929979123,0.2344645684066121,-0.0154510122369071,-1.0,WANKHEDE-STADIUM-MUMBAI,2022-04-27,2022,R,L,R,Sunrisers-Hyderabad,Gujarat-Titans,Seam,1.0
495,1,20,Sunrisers Hyderabad,Aiden Markram,Yash Dayal,,18,1,1,1,1,1,0,0,0,0,0,0,0,0,0,0,0,,,0,17.1,2,1,0,200391,-107.13,39.27,1,0,,,Knuckleball,27,FORWARD PUSH,0,0,1,17,156,4,1,0,3,0,0,0,0,0,65.72802796989353,-0.5041833923996797,8.340765849907406,0.7303889492245953,2.023400289058073,-0.20119042786499,0.545117751330752,-11.3832347590221,-26.1547556224487,-1.45854173935108,-6.73669139464412,12.16913812982111,0.3751238584497582,0.7002406917989735,77.52371792487021,Attacked,Played,Cut,0.656753540039063,0.6027946472167969,2.629432,-0.188006,-0.186819683017491,0.0,-10.6,-21.8754413363861,-1.00956492762505,-1.00956492762505,-8.164553,-0.221986,0.185685,-8.84099,-0.253493,0.316606,-14.44374893909195,-10.06003707814859,-0.3107408664414161,0.5280710926330618,0.2595425560963427,0.5494807491853891,0.0499902115830732,-1.0,WANKHEDE-STADIUM-MUMBAI,2022-04-27,2022,R,L,L,Sunrisers-Hyderabad,Gujarat-Titans,Seam,1.0
495,1,20,Sunrisers Hyderabad,Washington Sundar,Yash Dayal,,18,2,1,1,1,1,0,0,0,0,0,0,0,0,0,0,0,,,0,17.2,2,1,0,200392,-121.86,-49.14,1,0,,,Knuckleball,40,FRONTFOOT FLICK,0,0,2,17,157,4,0,0,3,0,0,0,0,0,84.48199313865842,-1.690242989875917,8.340731594908412,0.824353078958135,2.054548242102119,-0.249315038454584,1.54911794551541,-7.21284055646316,-32.410954999096,-1.62963126503614,-5.50594333715639,6.629913449208518,0.1786053355019261,0.6499999999999994,89.63946644980729,Attacked,Played,Glance,0.497520446777344,0.4673652648925781,-2.915281,-0.455394,-0.231506821422114,0.361409866815145,-10.6,-30.7904072491412,-1.54814970178433,-1.54814970178433,-8.302329,-0.20902,0.746511,-8.841115,-0.238551,0.673476,-9.6413117832717,-10.06021189941093,-0.3043146864609912,0.5001736208210144,1.023401577494192,1.2722218725854072e-14,0.0996478003667025,-1.0,WANKHEDE-STADIUM-MUMBAI,2022-04-27,2022,L,R,L,Sunrisers-Hyderabad,Gujarat-Titans,Seam,1.0
495,1,20,Sunrisers Hyderabad,Aiden Markram,Yash Dayal,,18,3,2,2,2,0,1,0,0,0,0,0,0,0,0,0,0,,,0,17.3,2,1,0,200393,-137.97,91.29,2,0,,,Knuckleball,52,BACKFOOT COVERDRIVE,0,0,3,17,159,4,0,0,3,0,0,0,0,0,83.66223372146075,-4.383596750262094,8.34117619837674,0.800323087441115,2.061838818949797,-0.254518505413762,1.45490942791499,-6.82091715194481,-33.0874057037891,-2.08179179278066,-5.98257315604078,7.052395078729423,0.167926283255463,0.6499999999999989,90.70737167445354,Attacked,Played,Nudge,0.496879577636719,0.4783401489257813,2.286206,-0.308862,-0.236338612169922,0.471301173129804,-10.6,-31.4330354185997,-1.97770220314162,-1.97770220314162,-8.375982,-0.34675,0.106674,-8.841044,-0.376008,0.160367,-10.24898641681458,-10.06003846148189,-0.4526900736564894,0.2907300264894013,0.6286366238776309,2.544443745170813e-14,0.0844119097860578,-1.0,WANKHEDE-STADIUM-MUMBAI,2022-04-27,2022,R,L,L,Sunrisers-Hyderabad,Gujarat-Titans,Seam,1.0
495,1,20,Sunrisers Hyderabad,Aiden Markram,Yash Dayal,,18,4,1,1,1,1,0,0,0,0,0,0,0,0,0,0,0,,,0,17.4,2,1,0,200394,-75.82,89.45,1,0,,,Knuckleball,84,FRONTFOOT OFF DRIVE,0,0,4,17,160,4,0,0,3,0,0,0,0,0,67.9513755123789,-1.09214294517111,8.340994449134271,0.7661354456315513,1.991770958257015,-0.208384088175302,-0.628919707715618,-11.1111651716866,-27.0899314627893,-2.06615027939465,-6.6119374057365,11.72096166308484,0.3916686602528925,0.7120223567213104,77.63648748290731,Attacked,Played,Nudge,0.631107330322266,0.584014892578125,2.825915,-0.263107,-0.193499510448495,0.0,-10.6,-22.691524774451,-1.40540239817479,-1.40540239817479,-8.160557,-0.320716,0.223608,-8.840771,-0.363305,0.34824,-13.71621742477109,-10.06011728214168,-0.4402811443379024,0.5488033036261125,-1.107637463138027,0.8174134361215887,-0.143700201201234,-1.0,WANKHEDE-STADIUM-MUMBAI,2022-04-27,2022,R,L,L,Sunrisers-Hyderabad,Gujarat-Titans,Seam,1.0
495,1,20,Sunrisers Hyderabad,Washington Sundar,Yash Dayal,,18,5,1,1,1,1,0,0,0,0,0,0,0,0,0,0,0,,,0,17.5,2,1,0,200395,-91.47,98.66,1,0,,,Knuckleball,101,BACKFOOT ON DRIVE,0,0,5,17,161,4,0,0,3,0,0,0,0,0,85.1459671433664,-4.604282317533142,8.340546563708138,0.9311365452270997,2.055994966311331,-0.260989797062106,0.746366059747448,-6.37921150373498,-33.9286736180738,-1.78542871752483,-5.91968938585106,7.455095523765248,0.0885078791402654,0.7298431670451692,110.6256871427488,Attacked,Played,Nudge,0.496284484863281,0.4771041870117188,2.326620999999999,0.059167,-0.242347668700527,0.0,-10.6,-33.0169737982969,-1.85933062821107,-1.85933062821107,-8.734267,0.002595,0.174743,-8.841121,-0.00347,0.187726,-9.897030329020662,-10.05998713239886,-0.07298614968337,0.3284984031001936,0.1687684177314011,-0.2108747946716836,0.0213666535453135,-1.0,WANKHEDE-STADIUM-MUMBAI,2022-04-27,2022,L,R,L,Sunrisers-Hyderabad,Gujarat-Titans,Seam,1.0
495,1,20,Sunrisers Hyderabad,Aiden Markram,Yash Dayal,,18,6,0 WK,W,0,0,0,0,1,0,0,0,0,0,0,0,1,Caught,WICKET,1,17.6,2,1,0,200396,-91.47,98.66,0,0,,,Knuckleball,5,LOFTED OFF DRIVE,0,0,6,17,161,5,1,0,3,0,0,0,0,0,66.10827808660795,-6.017364515724794,8.34064846007357,0.7898417438808603,1.986600309527643,-0.208314094815884,-0.287564674809188,-11.4895332192115,-27.0808323260649,-2.87926706184521,-7.35255568092679,11.46310482031785,0.3313210434837409,0.637133009959329,72.43784714552527,Attacked,Played,Nudge,0.688133239746094,0.6157035827636719,7.94084,-0.259939,-0.193434516614749,0.0,-10.6,-23.1014625476672,-2.58209393559071,-2.58209393559071,-7.629635,-0.890517,0.875935,-8.840661,-1.033183,0.975559,-15.18986509596072,-10.06004031282029,-1.178390612353363,1.043727530626998,-0.656191293528691,-0.3086293637544333,-0.0586438169060545,-1.0,WANKHEDE-STADIUM-MUMBAI,2022-04-27,2022,R,L,L,Sunrisers-Hyderabad,Gujarat-Titans,Seam,1.0
495,1,20,Sunrisers Hyderabad,Washington Sundar,Alzarri Joseph,,19,1,1 (WD),1,0,0,0,0,0,1,1,0,0,0,0,0,0,,,0,18.1,2,1,1,200397,-65.23,-38.09,1,0,,,Knuckleball,54,LEG GLANCE,0,0,1,18,162,5,2,0,3,0,0,0,0,0,76.53614235781417,-9.591400635428815,8.340776951438102,-0.785648863464847,1.964296968792238,-0.242577209462989,-0.662874692069699,-8.70049274701873,-31.5350372301886,0.32327496364726,-8.11539429571281,9.31543439081747,0.1362102943892965,0.6013766720930794,86.58547137503228,Attacked,Played,,0.573177337646484,0.6033096313476562,9.345001,-0.670364,-0.225250265929919,0.0,-10.6,-29.7526222112576,0.909889892938168,0.909889892938168,-999.9,-999.9,-999.9,-8.840789,-0.41389,1.001231,-14.43165348065792,-10.05989057666384,-0.3739670894671837,1.07406644666047,-0.2742715813836666,1.164328988021557,-0.0267354016396342,-1.0,WANKHEDE-STADIUM-MUMBAI,2022-04-27,2022,L,R,R,Sunrisers-Hyderabad,Gujarat-Titans,Seam,1.0
495,1,20,Sunrisers Hyderabad,Washington Sundar,Alzarri Joseph,,19,1,0 WK,W,0,0,0,0,1,0,0,0,0,0,0,0,1,Run Out,WICKET,0,18.1,2,1,0,200398,-65.23,-38.09,0,0,,,Knuckleball,58,BACKFOOT PULL SHOT,0,0,2,18,162,6,0,0,3,0,0,0,0,0,89.82312079506384,-11.1759546261633,8.341254600946812,-0.8313725419019682,2.114366685399225,-0.29158535344034,2.6668384298376,-5.56780265845523,-37.9060959472442,1.62509986271707,-9.35171696377613,7.351293367730201,0.1146585726347819,0.5009635020810752,73.67866804868308,Defended,Played,Defend,0.485561370849609,0.4683837890625,9.062684,-0.520214,-0.270757828194601,0.0,-10.6,-36.3131568284366,1.15436914582587,1.15436914582587,-9.110623,-0.254167,0.845242,-8.840937,-0.263282,0.827209,-13.85855515978994,-10.05968304376804,-0.2219328446724421,0.9037113445994098,1.058152856342322,-0.6340873858770582,0.0814838521106392,-1.0,WANKHEDE-STADIUM-MUMBAI,2022-04-27,2022,L,R,R,Sunrisers-Hyderabad,Gujarat-Titans,Seam,1.0
495,1,20,Sunrisers Hyderabad,Shashank Singh,Alzarri Joseph,,19,2,4,4,4,0,0,0,0,0,0,0,0,0,1,0,0,,,0,18.2,2,1,0,200399,-65.23,-38.09,4,0,,,Knuckleball,15,LOFTED COVER DRIVE,0,0,3,18,166,6,0,0,3,0,0,0,0,0,91.93468391705774,-6.773987749763752,8.340997154136353,-0.8655608504629199,2.056970971627194,-0.285250503569155,2.30277531739119,-6.91900411000047,-37.0825654639902,1.19214349547781,-7.16952484930636,6.80374788373179,0.1754038703399733,0.5840343816525735,80.06477021388869,Attacked,Played,Off-Drive,0.461105346679688,0.44256591796875,5.339749,-0.595143,-0.26487546759993,0.0,-10.6,-35.0957987497498,0.987939820630781,0.987939820630781,-8.420627,-0.489496,0.427534,-8.840816,-0.477308,0.4644,-10.94252627569502,-10.06003060462169,-0.4417164945045055,0.562823929278022,1.252694163456346,-0.228891820986163,0.131960462623061,-1.0,WANKHEDE-STADIUM-MUMBAI,2022-04-27,2022,R,R,R,Sunrisers-Hyderabad,Gujarat-Titans,Seam,1.0
495,1,20,Sunrisers Hyderabad,Shashank Singh,Alzarri Joseph,,19,3,2,2,2,0,1,0,0,0,0,0,0,0,0,0,0,,,0,18.3,2,1,0,200400,-65.23,-38.09,2,0,,,Knuckleball,97,BACKFOOT PUSH,0,0,4,18,168,6,0,0,3,0,0,0,0,0,91.09925681510168,-9.361280786476607,8.340370093780177,-0.7931530598289389,2.035860188882727,-0.286331352124619,1.60471414478962,-6.29806175241403,-37.2230757762005,1.19522408043668,-8.30121116306151,8.018933493189198,0.1433585145902175,0.5993719880637836,85.5699467505458,Attacked,Played,Nudge,0.478843688964844,0.4646987915039063,8.093117,-0.53163,-0.265879112687146,0.0,-10.6,-35.3179309194927,1.21804053643466,1.21804053643466,-8.786441,-0.290186,0.825415,-8.840877,-0.288206,0.830072,-12.57194922418818,-10.05985747634493,-0.2436561527951083,0.927482217576202,0.7445106641890241,0.136105138440764,0.071637591325911,-1.0,WANKHEDE-STADIUM-MUMBAI,2022-04-27,2022,R,R,R,Sunrisers-Hyderabad,Gujarat-Titans,Seam,1.0
495,1,20,Sunrisers Hyderabad,Shashank Singh,Alzarri Joseph,,19,4,1,1,1,1,0,0,0,0,0,0,0,0,0,0,0,,,0,18.4,2,1,0,200401,-65.23,-38.09,1,0,,,Knuckleball,44,GLIDE,0,0,5,18,169,6,0,0,3,0,0,0,0,0,92.70279583647508,-10.18011359496614,8.341254206808046,-0.8995955945043911,1.992434664864449,-0.292758712355195,2.6942939479146,-6.26207502712312,-38.0586326061753,1.24762522391746,-8.83786844887511,7.653011153037524,0.1311780237075064,0.5512628736204248,79.57162867231308,Attacked,Played,,0.471324920654297,0.4638519287109375,8.922514,-0.677524,-0.271847375758395,0.0,-10.6,-36.2579300684434,1.28362417806975,1.28362417806975,-8.998394,-0.390689,0.872832,-8.840539,-0.396624,0.861144,-13.0733586228235,-10.06028634616723,-0.3505711821750327,0.9458935922544818,1.035845486833021,0.1499929861366121,0.0827330562165257,-1.0,WANKHEDE-STADIUM-MUMBAI,2022-04-27,2022,R,R,R,Sunrisers-Hyderabad,Gujarat-Titans,Seam,1.0
495,1,20,Sunrisers Hyderabad,Marco Jansen,Alzarri Joseph,,19,5,0,0,0,0,0,0,1,0,0,0,0,0,0,0,0,,,0,18.5,2,1,0,200402,-65.23,-38.09,0,0,,,Knuckleball,31,UPPER CUT,0,0,6,18,169,6,0,0,3,0,0,0,0,0,90.99999999999989,-14.93196467913216,8.34071751649294,-0.9199309278008756,1.961254891108086,-0.297310613544719,2.63427918798352,-8.71970834822728,-38.6503797608135,1.69208100099273,-12.2723503360463,10.24684254696846,0.1729305600277846,0.5217315951817547,70.96668327448475,,,,0.471324920654297,0.5162544250488281,11.836519,-0.675734,-0.276074141148668,0.0,-10.6,-35.4194980670419,1.64945606960921,1.64945606960921,-999.9,-999.9,-999.9,-8.840851,-0.159629,1.532114,-17.61579436649615,-10.05994282851268,-0.0974122158877012,1.640984117656618,0.7354528509162139,0.1595294764796453,0.01283508392323,-1.0,WANKHEDE-STADIUM-MUMBAI,2022-04-27,2022,R,R,R,Sunrisers-Hyderabad,Gujarat-Titans,Seam,1.0
495,1,20,Sunrisers Hyderabad,Marco Jansen,Alzarri Joseph,,19,6,1,1,1,1,0,0,0,0,0,0,0,0,0,0,0,,,0,18.6,2,1,0,200403,12.59,151.15,1,0,,,Knuckleball,46,FRONTFOOT PULL SHOT,0,0,7,18,170,6,0,0,3,0,0,0,0,0,87.00000000000001,-11.48475042437893,8.341188031829883,-0.9669415407204298,1.949588594304097,-0.292011483999044,0.773085169127034,-45.2585893575996,-37.9614929198757,1.70138151995657,-15.6002340981335,8.943910130646708,0.1174849122975434,0.3576992038884971,51.90638935352024,Attacked,Edged,Pull-Hook,0.490745544433594,0.4679718017578125,11.95155,-0.695448,-0.271153520856255,0.0,-10.6,-35.4565563989123,1.96961036434773,1.96961036434773,-8.394612,-0.100325,1.187184,-8.840907,-0.073367,1.21873,-22.34015802258997,-10.06008027228071,0.0007908933944925,1.295265103637754,0.3051733388457641,0.6133104955380749,0.0126433411138897,-1.0,WANKHEDE-STADIUM-MUMBAI,2022-04-27,2022,R,R,R,Sunrisers-Hyderabad,Gujarat-Titans,Seam,1.0
495,1,20,Sunrisers Hyderabad,Marco Jansen,Lockie Ferguson,,20,1,6,6,6,0,0,0,0,0,0,0,0,0,0,1,0,,,0,19.1,2,1,0,200404,133.68,163.12,6,0,,,Knuckleball,11,LOFTED ON DRIVE,0,0,1,19,176,6,1,0,3,0,0,0,0,0,76.99999999999997,-11.22570659062783,8.340512716663795,-0.9160686476016228,1.947060654896577,-0.249416180692723,0.519874653509688,-5.3499645420056,-32.4241034900539,1.50951416646697,-8.21187542550561,9.399479332438093,0.2009941680060521,0.6008198813915652,80.02356540812957,Attacked,Played,,0.68609619140625,0.5320930480957031,9.913762,-0.550038,-0.231600739214671,0.0,-10.6,-29.8047012019431,0.856546945511475,0.856546945511475,-8.185934,-0.311455,0.999967,-8.840975,-0.291321,1.043612,-14.21214916937407,-10.05984269847192,-0.2535623530288302,1.109670744281225,0.3814050786920336,-1.01934772119435,0.173691303490684,87.0,WANKHEDE-STADIUM-MUMBAI,2022-04-27,2022,R,R,R,Sunrisers-Hyderabad,Gujarat-Titans,Seam,1.0
495,1,20,Sunrisers Hyderabad,Marco Jansen,Lockie Ferguson,,20,2,0,0,0,0,0,0,1,0,0,0,0,0,0,0,0,,,0,19.2,2,1,0,200405,133.68,163.12,0,0,,,Knuckleball,36,CUT SHOT,0,0,2,19,176,6,0,0,3,0,0,0,0,0,89.75979698403182,-5.671050472726364,8.341008446169386,-0.8904472333756909,1.995140842397002,-0.276480566923324,-0.849871089737816,-5.4236487306518,-35.9424737000321,0.179923173922111,-6.0883474523552,7.434313736830909,0.2680689283796184,0.7104965464681156,89.76758913225548,Defended,Missed,Defend,0.476531982421875,0.5001754760742188,3.61479,-0.755836,-0.256731955000229,0.0,-10.6,-33.1509730738772,0.130041961419891,0.130041961419891,-999.9,-999.9,-999.9,-8.840899,-0.74635,0.321982,-9.61415348793242,-10.06000933148402,-0.7414538983804315,0.4482258824553789,-0.4446202841461219,-0.0620584396211575,-0.0664852742682795,-1.0,WANKHEDE-STADIUM-MUMBAI,2022-04-27,2022,R,R,R,Sunrisers-Hyderabad,Gujarat-Titans,Seam,1.0
495,1,20,Sunrisers Hyderabad,Marco Jansen,Lockie Ferguson,,20,3,1,1,1,1,0,0,0,0,0,0,0,0,0,0,0,,,0,19.3,2,1,0,200406,19.03,-49.14,1,0,,,Knuckleball,18,SLOG SHOT,0,0,3,19,177,6,0,0,3,0,0,0,0,0,92.90000000000002,-8.422596735169975,8.340885818216318,-0.9543989730129152,1.950509641879155,-0.291514103526595,-0.23454747075059,-5.81691549468381,-37.8968334584574,0.6381958177414,-7.69847975331453,6.1910674337038,0.1062614828155682,0.5165701191061746,76.85936958436936,Attacked,Edged,Cut,0.46343994140625,0.4442825317382813,7.446932,-0.76826,-0.27069166756041,0.0,-10.6,-36.6603400432906,0.300764238263801,0.300764238263801,-8.590967,-0.718102,0.553881,-8.840965,-0.715954,0.569386,-11.48298662115712,-10.05994777144817,-0.7054213215383851,0.6375941790545554,-0.0157726540131763,-0.4947411807712664,-0.00134502013657659,-1.0,WANKHEDE-STADIUM-MUMBAI,2022-04-27,2022,R,R,R,Sunrisers-Hyderabad,Gujarat-Titans,Seam,1.0
495,1,20,Sunrisers Hyderabad,Shashank Singh,Lockie Ferguson,,20,4,6,6,6,0,0,0,0,0,0,0,0,0,0,1,0,,,0,19.4,2,1,0,200407,182.03,6.12,6,0,,,Knuckleball,46,FRONTFOOT PULL SHOT,0,0,4,19,183,6,0,0,3,0,0,0,0,0,77.30410437870843,-13.37906163068777,8.341146140801524,-0.9212250770007846,1.919411547735955,-0.24516573044277,-1.16769000978029,-6.92867431161746,-31.8715449575601,1.1971645843444,-9.47308802985736,9.868194427606491,0.1751458877602549,0.5386300474848443,73.27991834670117,Attacked,Played,,0.463943481445313,0.5460205078125,11.393065,-0.638058,-0.227653892554001,-0.97205563183979,-10.6,-29.332076101575,0.730399816406987,0.730399816406987,-8.042391,-0.449195,1.159134,-8.840876,-0.437604,1.201218,-16.55337781432104,-10.06013069101768,-0.4214028629378196,1.248039980301002,-0.3159695773444909,-0.7247119215109579,0.0592597108391668,-1.0,WANKHEDE-STADIUM-MUMBAI,2022-04-27,2022,R,R,R,Sunrisers-Hyderabad,Gujarat-Titans,Seam,1.0
495,1,20,Sunrisers Hyderabad,Shashank Singh,Lockie Ferguson,,20,5,6,6,6,0,0,0,0,0,0,0,0,0,0,1,0,,,0,19.5,2,1,0,200408,67.84,-142.6,6,0,,,Knuckleball,99,SCOOP,0,0,5,19,189,6,0,0,3,0,0,0,0,0,91.76516852564876,-2.883057264832789,8.34033274232494,-0.8449744638951766,2.01050490498624,-0.271735038060364,-0.324601371491961,-5.6793812021521,-35.3255549478474,0.746601779997148,-5.16818004633292,5.716322359066903,0.2071735904693607,0.6500000000000004,86.78264095306399,Attacked,Played,,0.456985473632813,0.4007720947265625,-2.415739,-0.388404,-0.252325392484624,-0.179032281141654,-10.6,-33.559277200455,0.70927169099729,0.70927169099729,-7.221372,-0.50072,0.727241,-8.841034,-0.46584,0.529246,-8.32340600128592,-10.05971842235184,-0.4397429547625455,0.3712080333340373,-0.0808733805297732,0.0,-0.0193116001170872,71.0,WANKHEDE-STADIUM-MUMBAI,2022-04-27,2022,R,R,R,Sunrisers-Hyderabad,Gujarat-Titans,Seam,1.0
495,1,20,Sunrisers Hyderabad,Shashank Singh,Lockie Ferguson,,20,6,6,6,6,0,0,0,0,0,0,0,0,0,0,1,0,,,0,19.6,2,1,0,200409,-117.72,177.4,6,0,https://scores.bcci.tv/matchcentre/commentaryFiles/IPL-2022/Gujarat-Titans-VS-Sunrisers-Hyderabad-(27-Apr-2022)/File_1-20-200409.jpg,,Knuckleball,5,LOFTED OFF DRIVE,0,0,6,19,195,6,0,0,3,0,0,0,0,0,89.70681232509543,-7.380967707418952,8.340425908200956,-0.8729412049248315,1.968400796149354,-0.28019578101958,-0.685026315030924,-5.72929373940153,-36.4254515325454,0.528652437810756,-6.98973640761778,7.552579111440853,0.1325425503004601,0.6617394114220437,96.00665668326056,Attacked,Played,,0.478202819824219,0.4524078369140625,6.232386,-0.669199,-0.260181796661038,0.0,-10.6,-34.8858647208657,0.523335991658593,0.523335991658593,-8.390652,-0.599555,0.550145,-8.841078,-0.592548,0.592239,-10.86253249273848,-10.05969803555344,-0.5734667298746283,0.6972316358468325,-0.2433962669613383,0.0279603143505014,-0.0245475868923815,77.0,WANKHEDE-STADIUM-MUMBAI,2022-04-27,2022,R,R,R,Sunrisers-Hyderabad,Gujarat-Titans,Seam,1.0
495,2,35,Gujarat Titans,Wriddhiman Saha,Bhuvneshwar Kumar,,1,1,0,0,0,0,0,0,1,0,0,0,0,0,0,0,0,,,0,0.1,2,1,0,200410,-78.12,-9.08,0,0,,,Knuckleball,97,BACKFOOT PUSH,0,0,1,0,0,0,1,0,0,0,0,0,0,0,80.9237296732103,-8.432705347673355,8.340523868422686,-0.5685981416876535,1.910929026801716,-0.255207807985116,-4.86294130125333,-6.84295650474194,-33.177015038065,-0.376552635943361,-7.32683469554087,7.103922493475121,0.1437951849918414,0.5367641053169537,76.13509729835891,Defended,Played,Defend,0.537105560302734,0.5123748779296875,8.213364,-0.467428,-0.236978678843322,0.0,-10.6,-31.5566453043668,-0.465143946360837,-0.465143946360837,-8.514058,-0.568251,0.647435,-8.84091,-0.57333,0.664655,-12.45335437387307,-10.05994633282271,-0.5923864634872167,0.7180096852054978,-2.348966172567522,-0.1942088317982385,-0.200796438335548,-1.0,WANKHEDE-STADIUM-MUMBAI,2022-04-27,2022,R,R,R,Gujarat-Titans,Sunrisers-Hyderabad,Seam,1.0
495,2,35,Gujarat Titans,Wriddhiman Saha,Bhuvneshwar Kumar,,1,2,0,0,0,0,0,0,1,0,0,0,0,0,0,0,0,,,0,0.2,2,1,0,200411,-78.12,-9.08,0,0,,,Knuckleball,27,FORWARD PUSH,0,0,2,0,0,0,0,0,0,0,0,0,0,0,82.60000000000004,-6.673017135596763,8.340495491223553,-0.5449582842926541,1.929657245575013,-0.265899789679034,0.0218516532895785,-9.09492799133188,-34.5669726582745,0.227320312063285,-7.33720285691146,6.612850378933555,0.2123728974078877,0.5085743193685506,65.04885816449382,Defended,Missed,Defend,0.537105560302734,0.5381927490234375,6.768771,-0.472831,-0.246906947559103,0.0,-10.6,-32.1872950554612,-1.38373689054563,-1.38373689054563,-999.9,-999.9,-999.9,-8.840553,-0.716624,0.530235,-11.98376913862356,-10.06009811358298,-0.7716526213184297,0.5959788296634371,0.0416573098797722,-2.838423556997476,0.00408910125560762,-1.0,WANKHEDE-STADIUM-MUMBAI,2022-04-27,2022,R,R,R,Gujarat-Titans,Sunrisers-Hyderabad,Seam,1.0
495,2,35,Gujarat Titans,Wriddhiman Saha,Bhuvneshwar Kumar,,1,3,0,0,0,0,0,0,1,0,0,0,0,0,0,0,0,,,0,0.3,2,1,0,200412,-82.26,25.45,0,0,,,Knuckleball,97,BACKFOOT PUSH,0,0,3,0,0,0,0,0,0,0,0,0,0,0,80.369899677451,-7.926992093207636,8.340490342662509,-0.562838560914436,1.938840672937876,-0.253363134382822,4.79730951677186,-8.17448014498863,-32.9372074697668,0.694832719755541,-7.44037073826405,7.677357839593816,0.1623346437907915,0.562393556332198,78.12556907075056,Defended,Played,Defend,0.543937683105469,0.5081634521484375,7.984729,-0.573437,-0.235265767641192,0.0,-10.6,-31.0409930601014,1.01029890855995,1.01029890855995,-8.256969,-0.367374,0.686679,-8.840698,-0.347395,0.724601,-12.72921643175543,-10.06012666582565,-0.3053555561768819,0.7908556693677325,2.439580579105713,0.6556478410806617,0.213076553035061,-1.0,WANKHEDE-STADIUM-MUMBAI,2022-04-27,2022,R,R,R,Gujarat-Titans,Sunrisers-Hyderabad,Seam,1.0
495,2,35,Gujarat Titans,Wriddhiman Saha,Bhuvneshwar Kumar,,1,4,1,1,1,1,0,0,0,0,0,0,0,0,0,0,0,,,0,0.4,2,1,0,200413,69.68,106.49,1,0,,,Knuckleball,97,BACKFOOT PUSH,0,0,4,0,1,0,0,0,0,0,0,0,0,0,72.25110568520766,-8.80247893681098,8.340461745988474,-0.64727913603347,1.937299978886909,-0.229168746676256,-3.2365337734492,-9.55165678716688,-29.7919370679133,0.234200837479576,-7.7832693115414,9.66788517527727,0.198002959571344,0.5981771694713941,79.92627946357472,Attacked,Played,Nudge,0.615188598632813,0.5710716247558594,9.219889,-0.434064,-0.212799550485095,0.0,-10.6,-27.329626383646,-0.12008684740873,-0.12008684740873,-8.096502,-0.466885,0.919742,-8.841081,-0.470363,0.966236,-14.64150693895455,-10.06018359574941,-0.4761049776643895,1.023528201899457,-1.700451178392541,-0.7021622103858746,-0.131483652517581,-1.0,WANKHEDE-STADIUM-MUMBAI,2022-04-27,2022,R,R,R,Gujarat-Titans,Sunrisers-Hyderabad,Seam,1.0
495,2,35,Gujarat Titans,Shubman Gill,Bhuvneshwar Kumar,,1,5,0,0,0,0,0,0,1,0,0,0,0,0,0,0,0,,,0,0.5,2,1,0,200414,36.53,68.27,0,0,,,Knuckleball,97,BACKFOOT PUSH,0,0,5,0,1,0,0,0,0,0,0,0,0,0,83.65507556297503,-7.698522488269457,8.340525801764116,-0.5638532481637216,1.911342837671145,-0.263109828937912,0.410789369680465,-7.23462951736329,-34.2042777619286,1.19424511556152,-7.21233350499225,7.05862021735265,0.1590998792041935,0.5567904103667132,77.60857363458763,Defended,Played,Defend,0.51800537109375,0.484222412109375,7.556708,-0.219249,-0.244316269728061,0.0,-10.6,-32.4313787013027,0.690657236054556,0.690657236054556,-8.2058,-0.095123,0.601111,-8.840733,-0.080959,0.642168,-11.90699536877989,-10.06014944397274,-0.0535561234494435,0.708945289892726,0.3470667238084188,-0.7796904156246678,0.0314409112810655,-1.0,WANKHEDE-STADIUM-MUMBAI,2022-04-27,2022,R,R,R,Gujarat-Titans,Sunrisers-Hyderabad,Seam,1.0
495,2,35,Gujarat Titans,Shubman Gill,Bhuvneshwar Kumar,,1,6,1,1,1,1,0,0,0,0,0,0,0,0,0,0,0,,,0,0.6,2,1,0,200415,-120.94,-32.1,1,0,,,Knuckleball,36,CUT SHOT,0,0,6,0,2,0,0,0,0,0,0,0,0,0,82.11580497076595,-8.48826481515596,8.34050212623017,-0.6074782004999719,1.875046051335979,-0.262140868321158,-5.59534511160824,-7.61930404384991,-34.0783128817506,-0.881981311595495,-7.59732242209114,8.478779642020537,0.1837875072704231,0.6241522995125538,85.24409419984076,Attacked,Played,Cut,0.532711029052734,0.5076141357421875,8.537445,-0.635798,-0.243416520583933,0.0,-10.6,-31.8092869097768,-0.897002255251861,-0.897002255251861,-8.596885,-0.840893,0.859238,-8.840768,-0.848171,0.877699,-12.56783725396165,-10.06012981828605,-0.8847771476798527,0.9599693248466572,-2.543438299132787,-0.1327355988528041,-0.210816294944092,-1.0,WANKHEDE-STADIUM-MUMBAI,2022-04-27,2022,R,R,R,Gujarat-Titans,Sunrisers-Hyderabad,Seam,1.0
495,2,35,Gujarat Titans,Shubman Gill,Marco Jansen,,2,1,1,1,1,1,0,0,0,0,0,0,0,0,0,0,0,,,0,1.1,2,1,0,200416,-32.08,108.79,1,0,,,Knuckleball,27,FORWARD PUSH,0,0,1,1,3,0,1,0,0,0,0,0,0,0,82.7295663049771,-8.876819771914755,8.340419433125092,0.5385371203364039,2.205926792704706,-0.258233032699526,0.739895976713831,-6.36331524240903,-33.5702942509384,-1.87902793713267,-7.74535558565125,8.860460456731726,0.194397255896755,0.6269225545836611,84.59865759787367,Attacked,Played,Nudge,0.528865814208984,0.4857902526855469,7.134655,-0.104519,-0.239787816078132,0.0,-10.6,-31.1487139368481,-1.23588744254109,-1.23588744254109,-7.933243,-0.307149,0.696399,-8.840555,-0.344728,0.786302,-12.99196669610046,-10.06005000541963,-0.3956736349068524,0.8925310499600535,0.1178675451902773,0.9315374489665535,0.0107666608651763,-1.0,WANKHEDE-STADIUM-MUMBAI,2022-04-27,2022,R,R,L,Gujarat-Titans,Sunrisers-Hyderabad,Seam,1.0
495,2,35,Gujarat Titans,Wriddhiman Saha,Marco Jansen,,2,2,4,4,4,0,0,0,0,0,0,0,0,0,1,0,0,,,0,1.2,2,1,0,200417,170.97,-27.5,4,0,,,Knuckleball,40,FRONTFOOT FLICK,0,0,2,1,7,0,0,0,0,0,0,0,0,0,84.3898424905862,-7.478448782943286,8.340948549835502,0.4840380739376848,2.231297118814673,-0.261684276048442,-0.812236439953806,-6.56509254698624,-34.0189558862975,-1.51428928929018,-7.27384720358737,8.21068155778923,0.1508018191755027,0.6395505696147323,90.85240352465958,Attacked,Played,Glance,0.508232116699219,0.4556808471679688,5.54155,-0.009034,-0.242992542044982,0.0,-10.6,-32.2400188960857,-0.956469876828859,-0.956469876828859,-7.553158,-0.100111,0.430792,-8.840981,-0.139407,0.571501,-12.0691042291466,-10.06016370908743,-0.1769730704671246,0.6892894315673854,-0.6772763254076428,0.8494256902934936,-0.071573092462273,-1.0,WANKHEDE-STADIUM-MUMBAI,2022-04-27,2022,R,R,L,Gujarat-Titans,Sunrisers-Hyderabad,Seam,1.0
495,2,35,Gujarat Titans,Wriddhiman Saha,Marco Jansen,,2,3,6,6,6,0,0,0,0,0,0,0,0,0,0,1,0,,,0,1.3,2,1,0,200418,127.23,-101.63,6,0,,,Knuckleball,40,FRONTFOOT FLICK,0,0,3,1,13,0,0,0,0,0,0,0,0,0,83.50072775328168,-8.217347444383915,8.34053923762778,0.4995365460927631,2.219798309045904,-0.261239657961839,2.99969220327195,-6.08302069680819,-33.961155535039,-0.299726527305142,-7.43209809937115,8.089821039856167,0.104240106872013,0.6254411718690094,93.39216509315013,Attacked,Played,,0.517192840576172,0.453826904296875,6.305817,0.22355,-0.242579682393136,0.0,-10.6,-32.702587965956,-0.202022543870733,-0.202022543870733,-7.408894,0.200661,0.500269,-8.841055,0.191517,0.645444,-12.34407082524106,-10.06009258142723,0.1836542772518164,0.7529185969085009,1.532761345698592,0.1517105200278623,0.154155416901645,65.0,WANKHEDE-STADIUM-MUMBAI,2022-04-27,2022,R,R,L,Gujarat-Titans,Sunrisers-Hyderabad,Seam,1.0
495,2,35,Gujarat Titans,Wriddhiman Saha,Marco Jansen,,2,4,1,1,1,1,0,0,0,0,0,0,0,0,0,0,0,,,0,1.4,2,1,0,200419,61.39,22.69,1,0,,,Knuckleball,50,BACKFOOT DEFENCE,0,0,4,1,14,0,0,0,0,0,0,0,0,0,85.53748887356205,-10.69859806933683,8.341047047040355,0.5543029081322923,2.21458682916409,-0.268228387424776,-0.230510712091107,-5.51924801300248,-34.8696903652209,-1.43106071747091,-8.6171867916558,9.412541647710018,0.1266532215020237,0.6366450329191625,92.831432787672,Attacked,Played,Nudge,0.508255004882813,0.4780654907226563,8.412564,0.168137,-0.249069216894435,0.0,-10.6,-33.0938199118035,-1.12152310299139,-1.12152310299139,-8.169693,-0.058506,0.938816,-8.841001,-0.082495,1.007915,-13.88112580772376,-10.05982108287381,-0.1263768829696944,1.121771485899355,-0.2644548580386577,0.4091487779823284,-0.0171734995511982,-1.0,WANKHEDE-STADIUM-MUMBAI,2022-04-27,2022,R,R,L,Gujarat-Titans,Sunrisers-Hyderabad,Seam,1.0
495,2,35,Gujarat Titans,Shubman Gill,Marco Jansen,,2,5,0,0,0,0,0,0,1,0,0,0,0,0,0,0,0,,,0,1.5,2,1,0,200420,61.39,22.69,0,0,,,Knuckleball,49,FORWARD DEFENCE,0,0,5,1,14,0,0,0,0,0,0,0,0,0,86.06842005560155,-8.61120341390549,8.340998882561315,0.6246877074147613,2.224235068327877,-0.26817225532751,1.55493187032832,-6.72809636857351,-34.8623931925763,-1.60042801574342,-7.90415832237125,8.693469965607743,0.1504753450254777,0.6361386805443184,90.3732675791,Defended,Missed,Defend,0.502120971679688,0.5307540893554688,6.758374,0.03327,-0.249017094232688,-1.39429966535677,-10.6,-32.8841127593271,-2.13144436220289,-2.13144436220289,-999.9,-999.9,-999.9,-8.840514,-0.354131,0.748565,-12.77439366903852,-10.06008754229543,-0.4474284766819698,0.8651836857008949,0.5326059850945416,-1.080111686850404,0.0606759583596378,-1.0,WANKHEDE-STADIUM-MUMBAI,2022-04-27,2022,R,R,L,Gujarat-Titans,Sunrisers-Hyderabad,Seam,1.0
495,2,35,Gujarat Titans,Shubman Gill,Marco Jansen,,2,6,5 (WD),5,0,0,0,0,0,5,1,0,0,0,1,0,0,,,0,1.6,2,1,1,200421,61.39,22.69,5,0,,,Knuckleball,54,LEG GLANCE,0,0,6,1,19,0,0,0,0,0,0,0,0,0,83.66756776091879,-10.99135948894742,8.341041151665351,0.6110601086962166,2.213219845620559,-0.265687856105711,1.85062909190831,-5.48852489559202,-34.5394212937425,-0.53533983692018,-8.7139260055659,9.7609161374429,0.1468695170507303,0.6404998865653302,91.38803127972648,Attacked,Played,,0.525993347167969,0.5477142333984375,8.608743,0.395595,-0.24671015209816,1.3815768517497,-10.6,-32.4440335679901,0.0225916589185094,0.0225916589185094,-999.9,-999.9,-999.9,-8.840758,0.438848,1.053471,-14.15962767620911,-10.05983167720374,0.4538150949946164,1.168874048620383,0.7177969566662264,0.9278749200816556,0.0428671636643272,-1.0,WANKHEDE-STADIUM-MUMBAI,2022-04-27,2022,R,R,L,Gujarat-Titans,Sunrisers-Hyderabad,Seam,1.0
495,2,35,Gujarat Titans,Shubman Gill,Marco Jansen,,2,6,1,1,1,1,0,0,0,0,0,0,0,0,0,0,0,,,0,1.6,2,1,0,200422,83.95,74.26,1,0,,,Knuckleball,97,BACKFOOT PUSH,0,0,7,1,20,0,0,0,0,0,0,0,0,0,85.458559416943,-11.15054630419749,8.340387395206772,0.564766358741523,2.187795426809297,-0.268584516854714,0.543713466196692,-6.2212456821854,-34.9159871911128,-1.3132666588874,-9.0077717036122,9.28160498392592,0.1336513435179114,0.5982333493051497,86.36986804398131,Attacked,Played,Nudge,0.519527435302734,0.4876785278320313,8.951048,0.203125,-0.249399908507949,0.0,-10.6,-32.9735079951307,-1.68555713879276,-1.68555713879276,-8.368287,-0.178538,0.995286,-8.840999,-0.204155,1.039482,-14.46597754185485,-10.06000764400367,-0.2706655560361684,1.142799560623352,0.0711614570998096,-0.7723244094651253,0.00741925919951864,-1.0,WANKHEDE-STADIUM-MUMBAI,2022-04-27,2022,R,R,L,Gujarat-Titans,Sunrisers-Hyderabad,Seam,1.0
495,2,35,Gujarat Titans,Shubman Gill,Bhuvneshwar Kumar,,3,1,0,0,0,0,0,0,1,0,0,0,0,0,0,0,0,,,0,2.1,2,1,0,200423,83.95,74.26,0,0,,,Knuckleball,36,CUT SHOT,0,0,1,2,20,0,1,0,0,0,0,0,0,0,81.29070233628775,-8.155747143087225,8.340597349134729,-0.5838528219912001,1.963975089829217,-0.256104965370218,-2.55191352561871,-7.7809119649294,-33.2936454981283,-0.552882577097518,-7.50504853375554,7.986499583927666,0.1927066213522474,0.5796953298502869,77.6836373423183,,,,0.522628784179688,0.5663681030273438,7.946532,-0.634449,-0.237811753558059,0.0,-10.6,-31.0094380671448,-0.505981588190354,-0.505981588190354,-999.9,-999.9,-999.9,-8.841006,-0.747155,0.758357,-12.70327786374928,-10.06005655324249,-0.7682329092346493,0.8320361507511141,-1.298325241400088,0.0165671892241357,-0.114425067909649,-1.0,WANKHEDE-STADIUM-MUMBAI,2022-04-27,2022,R,R,R,Gujarat-Titans,Sunrisers-Hyderabad,Seam,1.0
495,2,35,Gujarat Titans,Shubman Gill,Bhuvneshwar Kumar,,3,2,1,1,1,1,0,0,0,0,0,0,0,0,0,0,0,,,0,2.2,2,1,0,200424,-60.62,24.53,1,0,,,Knuckleball,27,FORWARD PUSH,0,0,2,2,21,0,0,0,0,0,0,0,0,0,73.10000000000001,-6.446701160535778,8.340732588482371,-0.5961686703899869,1.95294504870174,-0.233556761041603,1.20831455872295,-10.2217938794696,-30.3623789354083,0.942846851735816,-7.30353832614434,9.097670306682833,0.3146312001428205,0.5859182518994135,66.42461777063,Defended,Played,Defend,0.538501739501953,0.5401611328125,7.318756,-0.340044,-0.216874135252917,0.0,-10.6,-26.7233731401581,0.706087915467319,0.706087915467319,-7.712843,-0.20596,0.643304,-8.84087,-0.174753,0.733118,-13.52529062841176,-10.06001181949526,-0.1406858001020533,0.8075251463875108,0.8751876734850998,-0.265118365816196,0.0813156740577138,-1.0,WANKHEDE-STADIUM-MUMBAI,2022-04-27,2022,R,R,R,Gujarat-Titans,Sunrisers-Hyderabad,Seam,1.0
495,2,35,Gujarat Titans,Wriddhiman Saha,Bhuvneshwar Kumar,,3,3,4,4,4,0,0,0,0,0,0,0,0,0,1,0,0,,,0,2.3,2,1,0,200425,174.66,-44.07,4,0,,,Knuckleball,70,STEP DOWN PULL SHOT,0,0,3,2,25,0,0,0,0,0,0,0,0,0,74.12281620476026,-11.09854966423231,8.341104713112223,-0.6926592620311351,1.949761668841579,-0.235287982576496,-0.792703222441776,-8.19896664594485,-30.5874377349445,1.17214047182171,-8.47262195547573,9.44080216988149,0.1988911784372684,0.5487427908816411,72.42230078851932,Attacked,Played,Pull-Hook,0.599361419677734,0.4921417236328125,10.326898,-0.366481,-0.218481698106746,0.0,-10.6,-27.9604985913992,1.48782994271141,1.48782994271141,-6.165704,-0.015288,0.850946,-8.840532,0.136251,1.014664,-15.48256053264085,-10.05993278955104,0.2064695153618907,1.053244619130333,-0.2292689590665558,0.8513855184062573,-0.0155787341598206,-1.0,WANKHEDE-STADIUM-MUMBAI,2022-04-27,2022,R,R,R,Gujarat-Titans,Sunrisers-Hyderabad,Seam,1.0
495,2,35,Gujarat Titans,Wriddhiman Saha,Bhuvneshwar Kumar,,3,4,1,1,1,1,0,0,0,0,0,0,0,0,0,0,0,,,0,2.4,2,1,0,200426,127.23,1.97,1,0,,,Knuckleball,40,FRONTFOOT FLICK,0,0,4,2,26,0,0,0,0,0,0,0,0,0,75.30000000000011,-6.178668792328637,8.340946401429633,-0.6311878358523246,1.980510044771854,-0.235806764675319,3.07292707031096,-7.62782096119178,-30.6548794077915,1.97372028741298,-6.53018130003271,8.578162168402148,0.3341078842949273,0.6264630983256343,70.55867631935241,Attacked,Played,Glance,0.609203338623047,0.5216217041015625,6.206856,-0.102862,-0.218963424341368,0.0,-10.6,-27.1198383481898,1.64627633789454,1.64627633789454,-7.629171,0.129924,0.521462,-8.841056,0.206189,0.630166,-12.02554389516484,-10.06017008661946,0.2836970452679754,0.7173360359298507,2.308049847544438,-0.2101079834801041,0.235312489292922,-1.0,WANKHEDE-STADIUM-MUMBAI,2022-04-27,2022,R,R,R,Gujarat-Titans,Sunrisers-Hyderabad,Seam,1.0
495,2,35,Gujarat Titans,Shubman Gill,Bhuvneshwar Kumar,,3,5,1,1,1,1,0,0,0,0,0,0,0,0,0,0,0,,,0,2.5,2,1,0,200427,-87.33,19.93,1,0,,,Knuckleball,27,FORWARD PUSH,0,0,5,2,27,0,0,0,0,0,0,0,0,0,83.53833131961463,-7.969330877075814,8.340686774428288,-0.6156945674587363,1.931370370007989,-0.263126683809006,-2.00126638488273,-8.10444687156451,-34.2064688951708,0.348086518910652,-7.57008989271354,7.411431714002714,0.1221730759562974,0.5629727275122609,82.22860153120939,Attacked,Played,Nudge,0.518692016601563,0.4871635437011719,7.892097,-0.42553,-0.244331920679791,0.0,-10.6,-32.7625083931637,0.114117948612342,0.114117948612342,-8.304868,-0.403649,0.670934,-8.841122,-0.401688,0.707688,-12.47876169378291,-10.06013669533695,-0.3971976575172642,0.7800269381660485,-0.8723363454734231,-0.3834531101108071,-0.0730584662037422,-1.0,WANKHEDE-STADIUM-MUMBAI,2022-04-27,2022,R,R,R,Gujarat-Titans,Sunrisers-Hyderabad,Seam,1.0
495,2,35,Gujarat Titans,Wriddhiman Saha,Bhuvneshwar Kumar,,3,6,4,4,4,0,0,0,0,0,0,0,0,0,1,0,0,,,0,2.6,2,1,0,200428,141.05,-86.43,4,0,,,Knuckleball,40,FRONTFOOT FLICK,0,0,6,2,31,0,0,0,0,0,0,0,0,0,76.74474357676527,-8.767968051005317,8.340464804643574,-0.6404245336138104,1.981926247320873,-0.242261498562262,1.51361479959792,-7.54097402615593,-31.4939948130941,1.58816989532634,-7.50689822497236,7.535541348763727,0.1674198076531498,0.5215227247409291,71.48642794582439,Attacked,Played,Glance,0.517707824707031,0.5205230712890625,8.519964,-0.229396,-0.224957105807815,0.0,-10.6,-29.5956384172808,1.24368343026663,1.24368343026663,-7.840385,0.04191,0.658594,-8.840879,0.086245,0.708991,-13.40683494312891,-10.05975760755433,0.1407427429387434,0.7524832769461869,0.9761759470940388,-0.4805517874686724,0.0813562874986822,-1.0,WANKHEDE-STADIUM-MUMBAI,2022-04-27,2022,R,R,R,Gujarat-Titans,Sunrisers-Hyderabad,Seam,1.0
495,2,35,Gujarat Titans,Shubman Gill,T Natarajan,,4,1,0,0,0,0,0,0,1,0,0,0,0,0,0,0,0,,,0,3.1,2,1,0,200429,70.14,35.12,0,0,,,Knuckleball,27,FORWARD PUSH,0,0,1,3,31,0,1,0,0,0,0,0,0,0,82.98070179933326,-7.507501782313931,8.34077271231019,0.5210841817665691,1.869184886552858,-0.260824123435249,-0.29664282989103,-6.68559428099609,-33.9071360465824,-1.25957118159543,-6.91385932149964,8.40867102189137,0.1755328026470301,0.6812606465962912,94.63581672474066,Defended,Played,Defend,0.524150848388672,0.4744491577148438,7.468927,0.145379,-0.24219382890416,0.0,-10.6,-31.8636389515111,-1.29957412965662,-1.29957412965662,-7.741369,-0.0689,0.681777,-8.840942,-0.115778,0.781739,-11.52494480844403,-10.06034300889551,-0.168248408965327,0.8772661961629244,-0.3078672434752091,-0.2081153695598965,-0.0284020266006499,-1.0,WANKHEDE-STADIUM-MUMBAI,2022-04-27,2022,R,R,L,Gujarat-Titans,Sunrisers-Hyderabad,Seam,1.0
495,2,35,Gujarat Titans,Shubman Gill,T Natarajan,,4,2,4,4,4,0,0,0,0,0,0,0,0,0,1,0,0,,,0,3.2,2,1,0,200430,149.33,154.83,4,0,,,Knuckleball,47,FRONTFOOT ON DRIVE,0,0,2,3,35,0,0,0,0,0,0,0,0,0,84.19477841092659,-5.706164127145391,8.34050918831695,0.4855345690068388,1.863627361478543,-0.262021791777619,-0.518150281436209,-7.25038362308471,-34.0628329310904,-1.21956318258953,-6.35416920892967,6.326307142067583,0.1964694414065323,0.5603264402576374,74.4020218979924,Attacked,Played,,0.508598327636719,0.4683036804199219,5.523991,0.079601,-0.243305949507789,0.0,-10.6,-32.1145854659866,-1.19326304037878,-1.19326304037878,-7.95457,-0.049094,0.366606,-8.840782,-0.083015,0.431036,-10.56665377963957,-10.06010002931125,-0.1300732893454192,0.5062352755991545,-0.4702453827606659,-0.077422765424483,-0.0580586231866392,-1.0,WANKHEDE-STADIUM-MUMBAI,2022-04-27,2022,R,R,L,Gujarat-Titans,Sunrisers-Hyderabad,Seam,1.0
495,2,35,Gujarat Titans,Shubman Gill,T Natarajan,,4,3,1,1,1,1,0,0,0,0,0,0,0,0,0,0,0,,,0,3.3,2,1,0,200431,-113.57,-20.59,1,0,,,Knuckleball,36,CUT SHOT,0,0,3,3,36,0,0,0,0,0,0,0,0,0,81.69999999999992,-7.264653350300724,8.340892012047782,0.5261445609797377,1.85198606085115,-0.257349446441931,-1.66702749128955,-8.25296371774247,-33.455428037451,-2.16280742808718,-7.15763508003051,7.267480040981567,0.1860622680460594,0.5585396619846801,75.17472249309608,Attacked,Played,Cut,0.50994873046875,0.5142974853515625,7.680457,-0.060783,-0.23896734312465,0.0,-10.6,-31.3490573506083,-2.5134478050132,-2.5134478050132,-8.692604,-0.579524,0.638641,-8.840726,-0.592008,0.6475,-12.07611348009747,-10.0599293033281,-0.6953288511563532,0.7107892957488742,-1.090938740720318,-0.8850738438402188,-0.0985560846301031,-1.0,WANKHEDE-STADIUM-MUMBAI,2022-04-27,2022,R,R,L,Gujarat-Titans,Sunrisers-Hyderabad,Seam,1.0
495,2,35,Gujarat Titans,Wriddhiman Saha,T Natarajan,,4,4,0,0,0,0,0,0,1,0,0,0,0,0,0,0,0,,,0,3.4,2,1,0,200432,-113.57,-20.59,0,0,,,Knuckleball,97,BACKFOOT PUSH,0,0,4,3,36,0,0,0,0,0,0,0,0,0,77.27665541043012,-8.89622310447981,8.340969995708466,0.5031514656390588,1.816227336137547,-0.24520538382168,3.47522671422217,-9.60112070177343,-31.8766998968184,-1.61450621221288,-7.89469949897688,7.649939437531708,0.1884387283187835,0.5039605135387322,66.75020419893148,Defended,Missed,Defend,0.467353820800781,0.6037216186523438,9.592633,-0.052726,-0.227690713548703,0.0,-10.6,-29.6213796676151,-1.86713492610411,-1.86713492610411,-999.9,-999.9,-999.9,-8.840565,-0.598268,0.758634,-13.91018508448369,-10.05996717010001,-0.6808321770808796,0.7872502283130541,1.374493188924637,-0.7073072167386641,0.10231448093063,-1.0,WANKHEDE-STADIUM-MUMBAI,2022-04-27,2022,R,R,L,Gujarat-Titans,Sunrisers-Hyderabad,Seam,1.0
495,2,35,Gujarat Titans,Wriddhiman Saha,T Natarajan,,4,5,0,0,0,0,0,0,1,0,0,0,0,0,0,0,0,,,0,3.5,2,1,0,200433,21.79,9.34,0,0,,,Knuckleball,27,FORWARD PUSH,0,0,5,3,36,0,0,0,0,0,0,0,0,0,83.81396418216465,-8.151338129644229,8.340799340395748,0.5412479639951425,1.835343899549104,-0.264163214824248,0.438074906069349,-6.08020409165794,-34.3412179271522,-1.04888337145554,-7.06989633780656,6.903596672250687,0.1974717410792388,0.5511691732359002,72.92820187746115,Defended,Played,Defend,0.521804809570313,0.4806632995605469,8.06963,0.219259,-0.245294413765373,0.0,-10.6,-32.1837279724786,-0.713570982704143,-0.713570982704143,-8.001232,0.082838,0.594753,-8.840457,0.063272,0.642049,-11.63306673273896,-10.05972595935444,0.0346086511059959,0.6969451120618373,0.0671062458774075,0.4792982680436563,0.00566401037664088,-1.0,WANKHEDE-STADIUM-MUMBAI,2022-04-27,2022,R,R,L,Gujarat-Titans,Sunrisers-Hyderabad,Seam,1.0
495,2,35,Gujarat Titans,Wriddhiman Saha,T Natarajan,,4,6,4,4,4,0,0,0,0,0,0,0,0,0,1,0,0,,,0,3.6,2,1,0,200434,-166.52,124.91,4,0,,,Knuckleball,15,LOFTED COVER DRIVE,0,0,6,3,40,0,0,0,0,0,0,0,0,0,82.39748691742795,-5.969841086317077,8.34097185804297,0.5435488098098039,1.860344847272266,-0.257677949883287,-3.40901721613834,-8.3793187057458,-33.4981334848273,-2.84156852429417,-6.7135196722397,7.005801800906603,0.1674626079873694,0.5803983153076056,80.3134864974039,Attacked,Played,Off-Drive,0.517822265625,0.4752960205078125,6.338253,-0.232848,-0.239272382034481,0.0,-10.6,-31.7080279554378,-2.9140972705283,-2.9140972705283,-7.809083,-0.614406,0.464627,-8.840957,-0.712653,0.543179,-11.33277947957075,-10.06025275286051,-0.8297749708468429,0.6210789993386114,-2.240305992494055,-0.402305775641354,-0.226724818084899,-1.0,WANKHEDE-STADIUM-MUMBAI,2022-04-27,2022,R,R,L,Gujarat-Titans,Sunrisers-Hyderabad,Seam,1.0
495,2,35,Gujarat Titans,Shubman Gill,Marco Jansen,,5,1,0,0,0,0,0,0,1,0,0,0,0,0,0,0,0,,,0,4.1,2,1,0,200435,43.9,53.54,0,0,,,Knuckleball,27,FORWARD PUSH,0,0,1,4,40,0,1,0,0,0,0,0,0,0,82.8062557718839,-7.987632263533857,8.340955825126422,0.5599045527157475,2.287268485613479,-0.259736623455929,-0.433716191808605,-6.35705040480751,-33.7657610492707,-1.75396733448886,-7.44889052077025,6.69427164257682,0.1074681810878372,0.5133045723872844,76.24886774930896,Defended,Played,Defend,0.509307861328125,0.4744720458984375,5.861155,-0.034687,-0.241184007494791,0.0,-10.6,-32.5764335148231,-1.23557313338168,-1.23557313338168,-8.049864,-0.182873,0.428214,-8.841002,-0.213854,0.488877,-12.44046958495501,-10.06032884604253,-0.2619720192426855,0.5698838334732449,-0.498669944906331,0.8014668764807166,-0.0540454629743259,-1.0,WANKHEDE-STADIUM-MUMBAI,2022-04-27,2022,R,R,L,Gujarat-Titans,Sunrisers-Hyderabad,Seam,1.0
495,2,35,Gujarat Titans,Shubman Gill,Marco Jansen,,5,2,0,0,0,0,0,0,1,0,0,0,0,0,0,0,0,,,0,4.2,2,1,0,200436,43.9,53.54,0,0,,,Knuckleball,27,FORWARD PUSH,0,0,2,4,40,0,0,0,0,0,0,0,0,0,76.6009596755934,-6.46537994053907,8.340730019223951,0.5452333865655264,2.255143244170402,-0.237519815789541,-0.163919267153572,-8.06697846352419,-30.8775760526404,-1.79420623552679,-7.10421370352423,9.205030384291858,0.2341468587576976,0.6409129558909237,82.72225750786879,Defended,Missed,Defend,0.565933227539063,0.59710693359375,5.332326,-0.165015,-0.220554114661717,-1.23162925172113,-10.6,-28.0965682436257,-2.41443106309279,-2.41443106309279,-999.9,-999.9,-999.9,-8.840893,-0.537947,0.606316,-12.95694334909152,-10.06016225147727,-0.6562681134093091,0.7296606606047462,-0.4143391535302018,-1.585997956817856,-0.0636836131576329,-1.0,WANKHEDE-STADIUM-MUMBAI,2022-04-27,2022,R,R,L,Gujarat-Titans,Sunrisers-Hyderabad,Seam,1.0
495,2,35,Gujarat Titans,Shubman Gill,Marco Jansen,,5,3,1,1,1,1,0,0,0,0,0,0,0,0,0,0,0,,,0,4.3,2,1,0,200437,-69.37,98.66,1,0,,,Knuckleball,84,FRONTFOOT OFF DRIVE,0,0,3,4,41,0,0,0,0,0,0,0,0,0,86.70562499721285,-7.049797934324876,8.34038403977014,0.6152381530791801,2.278295574181664,-0.266985357651102,-0.690594308542508,-6.16076264318616,-34.7080964946432,-2.72586686590485,-7.07329634030076,7.300813340943336,0.0829567841665717,0.6117793429393121,93.47122302423963,Attacked,Played,Off-Drive,0.493331909179688,0.4648590087890625,4.613958,-0.36464,-0.247914974961737,0.0,-10.6,-33.7760301467797,-2.51069320549168,-2.51069320549168,-8.364016,-0.5839,0.384448,-8.840523,-0.620161,0.43247,-11.51878988683885,-10.06020892013684,-0.7135701950288074,0.5459932756426653,-0.8164028287732047,0.2394342785504717,-0.0803504458532874,-1.0,WANKHEDE-STADIUM-MUMBAI,2022-04-27,2022,R,R,L,Gujarat-Titans,Sunrisers-Hyderabad,Seam,1.0
495,2,35,Gujarat Titans,Wriddhiman Saha,Marco Jansen,,5,4,4,4,4,0,0,0,0,0,0,0,0,0,1,0,0,,,0,4.4,2,1,0,200438,-97.92,179.7,4,0,,,Knuckleball,5,LOFTED OFF DRIVE,0,0,4,4,45,0,0,0,0,0,0,0,0,0,77.40000000000008,-7.866256340089478,8.340585819432839,0.565402561226136,2.237280878527601,-0.242054949216931,0.689122978783492,-7.50569688245882,-31.467143398201,-1.8551327143555,-7.43633815820871,8.576452348283164,0.1263009631398836,0.6073911617809623,88.47857795315599,Attacked,Played,Off-Drive,0.4921875,0.5055084228515625,6.60026,-0.144891,-0.22476530998715,0.0,-10.6,-29.9489666765459,-1.94551855732915,-1.94551855732915,-7.777526,-0.430024,0.599678,-8.840972,-0.501717,0.701676,-13.29624178768675,-10.05993682012075,-0.5846304427770908,0.8016898618687314,0.131343521390208,-0.3428316935920603,0.0125313418367635,-1.0,WANKHEDE-STADIUM-MUMBAI,2022-04-27,2022,R,R,L,Gujarat-Titans,Sunrisers-Hyderabad,Seam,1.0
495,2,35,Gujarat Titans,Wriddhiman Saha,Marco Jansen,,5,5,1,1,1,1,0,0,0,0,0,0,0,0,0,0,0,,,0,4.5,2,1,0,200439,89.94,-108.99,1,0,,,Knuckleball,46,FRONTFOOT PULL SHOT,0,0,5,4,46,0,0,0,0,0,0,0,0,0,77.68347772976132,-13.2757040889909,8.340452223268763,0.589559660565414,2.181211598881225,-0.245198185495598,0.974844905949925,-9.12680438554896,-31.8757641144277,-0.961721620021399,-10.1281093102833,11.0668809637082,0.1562918844769138,0.5676569302742096,79.51935109344006,Attacked,Edged,Pull-Hook,0.558082580566406,0.5148124694824219,10.639708,0.334876,-0.227684029388769,0.0,-10.6,-29.3943104064832,-0.921779567921178,-0.921779567921178,-7.347892,0.078313,1.230964,-8.840572,0.028132,1.36763,-17.62697747643076,-10.06017940265916,-0.0133360591209568,1.456859428762956,0.2933272923634573,-0.0680133092295956,0.0192213232631398,-1.0,WANKHEDE-STADIUM-MUMBAI,2022-04-27,2022,R,R,L,Gujarat-Titans,Sunrisers-Hyderabad,Seam,1.0
495,2,35,Gujarat Titans,Shubman Gill,Marco Jansen,,5,6,1,1,1,1,0,0,0,0,0,0,0,0,0,0,0,,,0,4.6,2,1,0,200440,89.94,57.22,1,0,,,Knuckleball,97,BACKFOOT PUSH,0,0,6,4,47,0,0,0,0,0,0,0,0,0,86.7726121918309,-9.895835323072246,8.340845403029157,0.6355786543436328,2.229496050855157,-0.271133435813307,-0.406036301315625,-4.98296845081507,-35.2473466557299,-1.58629108671335,-8.13290652608242,8.234549682045323,0.158577695696914,0.5908101623909264,82.76375478894757,Attacked,Played,Nudge,0.504341125488281,0.4876670837402344,7.565068,0.184881,-0.251766761826642,0.0,-10.6,-33.2025805626599,-1.38272007287063,-1.38272007287063,-8.730472,-0.081138,0.773505,-8.840836,-0.085964,0.783094,-12.99292442846516,-10.06027791917332,-0.1395755257384489,0.8809248855337497,-0.3776319465216994,0.192129810818382,-0.0345544412502751,-1.0,WANKHEDE-STADIUM-MUMBAI,2022-04-27,2022,R,R,L,Gujarat-Titans,Sunrisers-Hyderabad,Seam,1.0
495,2,35,Gujarat Titans,Shubman Gill,T Natarajan,,6,1,2,2,2,0,1,0,0,0,0,0,0,0,0,0,0,,,0,5.1,2,1,0,200441,141.51,88.07,2,0,,,Knuckleball,47,FRONTFOOT ON DRIVE,0,0,1,5,49,0,1,0,0,0,0,0,0,0,81.98103189632032,-7.241513818518397,8.340418913045923,0.5366974774043228,1.864388878624743,-0.261752205808661,-0.9460776277946,-6.40413591001083,-34.0277867551259,-1.29665210618939,-6.73837185604294,6.944272342410724,0.1740207980195745,0.5816696103338368,79.84836174811807,Attacked,Played,Glance,0.530902862548828,0.4636688232421875,7.102929,0.171833,-0.243055619679471,0.0,-10.6,-32.1805444826185,-1.05368638629125,-1.05368638629125,-7.551381,0.01873,0.501287,-8.840976,-0.025236,0.591336,-11.20111578142874,-10.06006539061882,-0.0672111181538566,0.6600899110804439,-0.640489963377735,0.3068754679626722,-0.060757715545983,-1.0,WANKHEDE-STADIUM-MUMBAI,2022-04-27,2022,R,R,L,Gujarat-Titans,Sunrisers-Hyderabad,Seam,1.0
495,2,35,Gujarat Titans,Shubman Gill,T Natarajan,,6,2,1,1,1,1,0,0,0,0,0,0,0,0,0,0,0,,,0,5.2,2,1,0,200442,-127.85,6.58,1,0,,,Knuckleball,59,FRONTFOOT SQUARE DRIVE,0,0,2,5,50,0,0,1,1,0,1,0,0,0,83.55331524499354,-7.23970986812891,8.341067211022256,0.4935956822925838,1.851665244352915,-0.26212527623027,0.889274549003672,-6.37481766036092,-34.0762859099351,-1.32188110327633,-6.71681587575425,7.620251766173544,0.206881205526262,0.6332565467684085,84.30036146263507,Attacked,Played,Nudge,0.509101867675781,0.4985160827636719,7.175838,0.031543,-0.243402042213822,0.0,-10.6,-31.7925333529947,-1.59204123351616,-1.59204123351616,-8.560974,-0.259091,0.647474,-8.840819,-0.273758,0.668383,-11.15069157242938,-10.05989709574924,-0.3380361065288481,0.7494049656839084,0.257784493976088,-0.6452522036965784,0.0251480023444841,-1.0,WANKHEDE-STADIUM-MUMBAI,2022-04-27,2022,R,R,L,Gujarat-Titans,Sunrisers-Hyderabad,Seam,1.0
495,2,35,Gujarat Titans,Wriddhiman Saha,T Natarajan,,6,3,4,4,4,0,0,0,0,0,0,0,0,0,1,0,0,,,0,5.3,2,1,0,200443,67.84,-149.05,4,0,,,Knuckleball,46,FRONTFOOT PULL SHOT,0,0,3,5,54,0,0,0,1,0,0,0,0,0,82.64426171901792,-9.63795008726279,8.340630407160695,-0.9084640508146464,1.837591199499365,-0.261312623931196,-2.07902969302921,-6.48457444982141,-33.9706411110554,2.19686644946334,-7.83002578562077,8.558207416978913,0.1974838921785753,0.6044918996257544,80.92539572600563,Attacked,Played,Pull-Hook,0.538604736328125,0.4830665588378906,9.397653,-0.277263,-0.242647436507539,0.0,-10.6,-31.4518882526647,2.61692644735499,2.61692644735499,-7.603451,0.316304,0.844966,-8.840593,0.425615,0.933,-12.97963859374809,-10.06025199906335,0.534477504525475,1.002290199817666,-0.5974386655078148,1.056148394301998,-0.0527073373499316,-1.0,WANKHEDE-STADIUM-MUMBAI,2022-04-27,2022,R,R,L,Gujarat-Titans,Sunrisers-Hyderabad,Seam,1.0
495,2,35,Gujarat Titans,Wriddhiman Saha,T Natarajan,,6,4,4,4,4,0,0,0,0,0,0,0,0,0,1,0,0,,,0,5.4,2,1,0,200444,172.82,-51.44,4,0,,,Knuckleball,70,STEP DOWN PULL SHOT,0,0,4,5,58,0,0,0,1,0,0,0,0,0,78.49112481917912,-11.00168341505755,8.340777261713832,0.4951021329996041,1.803722562249017,-0.249896642340993,1.17433851563621,-6.96379449109671,-32.4865635043291,-0.180039193540191,-8.32263122335195,9.29728642655329,0.2367456975301117,0.5777249044403227,72.98416591303723,Attacked,Played,Pull-Hook,0.538444519042969,0.4660263061523438,10.584087,0.420978,-0.232046882173779,0.0,-10.6,-29.3705965402756,-0.676940234008963,-0.676940234008963,-6.120011,0.263678,0.88028,-8.840939,0.196728,1.060368,-14.36938476220732,-10.06025611462395,0.1662208258525325,1.108042981103051,0.4384403497109509,-1.002804888701487,0.0168820896732027,-1.0,WANKHEDE-STADIUM-MUMBAI,2022-04-27,2022,R,R,L,Gujarat-Titans,Sunrisers-Hyderabad,Seam,1.0
495,2,35,Gujarat Titans,Wriddhiman Saha,T Natarajan,,6,5,1,1,1,1,0,0,0,0,0,0,0,0,0,0,0,,,0,5.5,2,1,0,200445,75.21,110.17,1,0,,,Knuckleball,27,FORWARD PUSH,0,0,5,5,59,0,0,0,1,0,0,0,0,0,84.31624437047803,-3.323562779183364,8.340766721376355,0.4775092672079171,1.877484200969225,-0.255880076576741,1.5692006960472,-6.94659346096356,-33.2644099549763,-0.415555259281179,-5.53383870086928,6.493725428210479,0.1821684965274116,0.6499999999999996,89.2831503472588,Attacked,Played,Nudge,0.499076843261719,0.4615859985351563,1.335267,0.094887,-0.237602928249831,0.0940305075392589,-10.6,-31.6011894572275,-0.39477749631712,-0.39477749631712,-8.042666,0.103714,0.128743,-8.841126,0.093433,0.030206,-9.445177703365475,-10.0600496521018,0.0782060687192512,0.1602246913295789,1.068088886159231,0.0,0.136397554956702,-1.0,WANKHEDE-STADIUM-MUMBAI,2022-04-27,2022,R,R,L,Gujarat-Titans,Sunrisers-Hyderabad,Seam,1.0
495,2,35,Gujarat Titans,Shubman Gill,T Natarajan,,6,6,0,0,0,0,0,0,1,0,0,0,0,0,0,0,0,,,0,5.6,2,1,0,200446,0.62,56.3,0,0,,,Knuckleball,27,FORWARD PUSH,0,0,6,5,59,0,0,0,1,0,0,0,0,0,83.21912845218665,-6.390439222427451,8.340481850305913,0.4902863561848458,1.861176217815309,-0.259808238485679,0.576071105285243,-6.60431343288007,-33.7750710031383,-1.33524113890288,-6.41306734576567,5.985589649622118,0.1313471892571675,0.5310045207778424,76.51595919095962,Defended,Played,Defend,0.51251220703125,0.4812469482421875,6.223946,-0.004072,-0.241250507165273,0.0,-10.6,-32.4784854243186,-1.47210114663766,-1.47210114663766,-8.201164,-0.205201,0.409611,-8.840818,-0.235239,0.447339,-10.75109664049982,-10.06003364232369,-0.2929058232754807,0.507399315535236,0.1137562493758628,-0.3312651141265147,0.0106344764323528,-1.0,WANKHEDE-STADIUM-MUMBAI,2022-04-27,2022,R,R,L,Gujarat-Titans,Sunrisers-Hyderabad,Seam,1.0
495,2,35,Gujarat Titans,Wriddhiman Saha,Washington Sundar,,7,1,1,1,1,1,0,0,0,0,0,0,0,0,0,0,0,,,0,6.1,2,1,0,200447,-105.28,127.67,1,0,,,Knuckleball,84,FRONTFOOT OFF DRIVE,0,0,1,6,60,0,1,0,1,0,0,0,0,0,56.37602389227209,0.2426180886409582,8.34061916273372,-0.5617518248456462,2.264803241548212,-0.172743846689147,-1.0144780628894,-10.3241260632034,-22.4567000695892,0.0574557214645821,-6.75967697063937,8.230916520132588,0.1053351166163196,0.4581267577785537,68.1855020051511,Attacked,Played,Nudge,0.738624572753906,0.6868515014648438,2.573391,-0.299173,-0.160405000497066,0.0,-10.6,-21.4083907518413,0.6593399764986,0.6593399764986,-7.951935,-0.284817,0.117335,-8.840572,-0.25726,0.227858,-16.75228655517347,-10.0600901594589,-0.2191403124253313,0.3502279291163196,-1.518226250695182,1.617457890370275,-0.195959370191421,-1.0,WANKHEDE-STADIUM-MUMBAI,2022-04-27,2022,R,R,R,Gujarat-Titans,Sunrisers-Hyderabad,Spin,1.0
495,2,35,Gujarat Titans,Shubman Gill,Washington Sundar,,7,2,0,0,0,0,0,0,1,0,0,0,0,0,0,0,0,,,0,6.2,2,1,0,200448,42.97,45.71,0,0,,,Knuckleball,27,FORWARD PUSH,0,0,2,6,60,0,0,0,1,0,0,0,0,0,54.94107704658818,-2.465608482544674,8.340855428066604,-0.5943917911393265,2.21430047263303,-0.173019017940094,-0.480279718383954,-10.8248621031977,-22.4924723322122,0.183670287613581,-6.93172879553152,12.82264250576482,0.3046547037086302,0.6249007008521072,73.26963475695308,Defended,Played,Defend,0.780178070068359,0.7074050903320312,5.61797,-0.424261,-0.160660516658659,0.0,-10.6,-19.0309796209978,1.08323434176538,1.08323434176538,-7.546848,-0.245179,0.618451,-8.84088,-0.169113,0.773433,-17.12824842375231,-10.06004031425085,-0.096654853229032,0.8724556339138034,-0.5618404268570082,2.789874803638705,-0.060281046317875,-1.0,WANKHEDE-STADIUM-MUMBAI,2022-04-27,2022,R,R,R,Gujarat-Titans,Sunrisers-Hyderabad,Spin,1.0
495,2,35,Gujarat Titans,Shubman Gill,Washington Sundar,,7,3,6,6,6,0,0,0,0,0,0,0,0,0,0,1,0,,,0,6.3,2,1,0,200449,162.23,139.18,6,0,,,Knuckleball,11,LOFTED ON DRIVE,0,0,3,6,66,0,0,0,1,0,0,0,0,0,55.75719264162328,-1.029709750503234,8.341002559072223,-0.5856914632939567,2.255544911489538,-0.17250326785918,-1.2101103152829,-10.510891753619,-22.4254248216933,0.143886624974894,-6.83879565662092,12.45720783983402,0.3288921160569744,0.6057377328606199,67.97144832339555,Attacked,Played,,0.776092529296875,0.6703834533691406,4.024409,-0.274497,-0.160181605869238,0.0,-10.6,-18.7519518492968,1.52942918407248,1.52942918407248,-7.198643,-0.179163,0.277907,-8.840952,-0.042903,0.546039,-16.95946439709325,-10.06014031439734,0.0595245059746985,0.6922000362102096,-1.655308021163218,4.295166163071448,-0.196501993124735,86.0,WANKHEDE-STADIUM-MUMBAI,2022-04-27,2022,R,R,R,Gujarat-Titans,Sunrisers-Hyderabad,Spin,1.0
495,2,35,Gujarat Titans,Shubman Gill,Washington Sundar,,7,4,0,0,0,0,0,0,1,0,0,0,0,0,0,0,0,,,0,6.4,2,1,0,200450,70.6,15.78,0,0,,,Knuckleball,97,BACKFOOT PUSH,0,0,4,6,66,0,0,0,1,0,0,0,0,0,58.36262550107925,-4.422541586665571,8.340570017573508,-0.579607250048296,2.222945497095507,-0.182784542627982,-1.43851638659816,-9.83339392922013,-23.7619905416377,0.227410077763393,-6.84312002429889,10.93464512428223,0.3208635949939359,0.5728225282102971,63.83701973215099,Defended,Played,Defend,0.757061004638672,0.7111244201660156,6.182222,-0.294131,-0.169728503868841,0.0,-10.6,-20.2896373490883,0.900701322778295,0.900701322778295,-8.252864,-0.096268,0.652736,-8.840803,-0.069107,0.695904,-16.06565852854556,-10.06010946526498,-0.0123324534425349,0.7550041089669763,-1.510209387286604,1.993493250676573,-0.153613733045118,-1.0,WANKHEDE-STADIUM-MUMBAI,2022-04-27,2022,R,R,R,Gujarat-Titans,Sunrisers-Hyderabad,Spin,1.0
495,2,35,Gujarat Titans,Shubman Gill,Washington Sundar,,7,5,1,1,1,1,0,0,0,0,0,0,0,0,0,0,0,,,0,6.5,2,1,0,200451,87.64,121.22,1,0,,,Knuckleball,97,BACKFOOT PUSH,0,0,5,6,67,0,0,0,1,0,0,0,0,0,57.94604954764544,-5.735390212673768,8.340918671820585,-0.6216740595200138,2.186983005041346,-0.182381232473282,-1.00924129784557,-9.2902031210652,-23.7095602215266,0.371505417221528,-6.81344013314399,12.32406967875261,0.3563513361688163,0.6323304351167124,69.21443165062524,Attacked,Played,Nudge,0.777557373046875,0.7363815307617188,7.155363,-0.348252,-0.169354001582333,0.0,-10.6,-19.7200518471175,1.07272946367324,1.07272946367324,-8.325217,-0.0463,0.841564,-8.84086,-0.016812,0.873973,-16.03311642959032,-10.06001170728024,0.0534582924391776,0.9189158417666692,-0.9490832344613606,2.216006504571589,-0.0891143321763773,-1.0,WANKHEDE-STADIUM-MUMBAI,2022-04-27,2022,R,R,R,Gujarat-Titans,Sunrisers-Hyderabad,Spin,1.0
495,2,35,Gujarat Titans,Wriddhiman Saha,Washington Sundar,,7,6,1,1,1,1,0,0,0,0,0,0,0,0,0,0,0,,,0,6.6,2,1,0,200452,-90.09,119.84,1,0,,,Knuckleball,6,BACKFOOT OFF DRIVE,0,0,6,6,68,0,0,0,1,0,0,0,0,0,58.34525544868712,-4.701344183242804,8.340904706268766,-0.570020275046749,2.197250020891214,-0.182841791359268,-1.33856485830948,-9.36028377700366,-23.7694328767049,0.115751980909774,-6.69497543441111,11.76207440332351,0.3183944043888401,0.6304748081922007,72.73178078994611,Attacked,Played,Nudge,0.745525360107422,0.7410049438476562,6.294952,-0.354939,-0.169781663405035,0.0,-10.6,-20.2718760105214,0.95002701259298,0.95002701259298,-8.805336,-0.113599,0.777101,-8.840882,-0.111859,0.779882,-15.73057668545894,-10.06005318281958,-0.0518666651947458,0.8540276142573208,-1.413137067259466,2.404146878039215,-0.137402171127002,-1.0,WANKHEDE-STADIUM-MUMBAI,2022-04-27,2022,R,R,R,Gujarat-Titans,Sunrisers-Hyderabad,Spin,1.0
495,2,35,Gujarat Titans,Wriddhiman Saha,Umran Malik,,8,1,0,0,0,0,0,0,1,0,0,0,0,0,0,0,0,,,0,7.1,2,1,0,200453,-90.09,119.84,0,0,,,Knuckleball,97,BACKFOOT PUSH,0,0,1,7,68,0,1,0,1,0,0,0,0,0,89.28667100359671,-9.821245196089588,8.340838612738128,-0.7012952843237493,1.808575408937021,-0.286277410418631,0.71904638257295,-7.47702370423905,-37.2160633544221,2.19632403550069,-8.5812810695222,7.386383800651347,0.1621145742259073,0.5304468702197744,73.35557311037543,Defended,Played,Defend,0.486843109130859,0.460052490234375,9.634898,-0.219344,-0.265829023960158,0.0,-10.6,-35.1131251949885,1.64705611470264,1.64705611470264,-8.328934,0.162958,0.817807,-8.840919,0.188555,0.849032,-12.98432416488099,-10.05989458218294,0.2499272155840088,0.9134689578013736,0.4486286966623361,-0.6918085329413318,0.0334451301790534,-1.0,WANKHEDE-STADIUM-MUMBAI,2022-04-27,2022,R,R,R,Gujarat-Titans,Sunrisers-Hyderabad,Seam,1.0
495,2,35,Gujarat Titans,Wriddhiman Saha,Umran Malik,,8,2,1,1,1,1,0,0,0,0,0,0,0,0,0,0,0,,,0,7.2,2,1,0,200454,102.37,78.86,1,0,,,Knuckleball,58,BACKFOOT PULL SHOT,0,0,2,7,69,0,0,0,1,0,0,0,0,0,91.3086707545292,-9.18559209491079,8.340418698553577,-0.7136666584028518,1.740718085338283,-0.292989107894022,3.80116330208107,-18.6507146574556,-38.0885840262229,1.18574398490165,-10.2626667981298,5.458042205489797,0.1433869202916247,0.3363971411198267,46.12087913881153,Attacked,Played,Pull-Hook,0.479988098144531,0.4389495849609375,10.551847,-0.552507,-0.272061314473021,0.0,-2.30500260157633,-36.131150693841,0.821342734939925,0.821342734939925,-7.864316,-0.356313,0.819571,-8.840767,-0.332533,0.902621,-15.07977578517442,-10.06027173621244,-0.3025669276632571,1.004517985792527,1.179923629612458,-0.4808731622413281,0.0783389085792314,-1.0,WANKHEDE-STADIUM-MUMBAI,2022-04-27,2022,R,R,R,Gujarat-Titans,Sunrisers-Hyderabad,Seam,1.0
495,2,35,Gujarat Titans,Shubman Gill,Umran Malik,,8,3,0,0,0,0,0,0,1,0,0,0,0,0,0,0,0,,,0,7.3,2,1,0,200455,80.73,51.7,0,0,,,Knuckleball,46,FRONTFOOT PULL SHOT,0,0,3,7,69,0,0,0,1,0,0,0,0,0,91.06302748313712,-8.498176311463004,8.340381462130047,-0.6126814689034551,1.819086666406047,-0.287145798049051,1.77692210544818,-5.59054470563563,-37.3289537463767,1.30539239014264,-7.48229702014213,6.973800945441516,0.166835318246855,0.5782631568377837,80.05594170098206,Defended,Played,Defend,0.478157043457031,0.4425544738769531,8.220163,-0.331182,-0.26663538390269,0.0,-10.6,-35.3721497841647,0.818033551651857,0.818033551651857,-8.056097,-0.183945,0.654272,-8.841136,-0.164837,0.707879,-11.33429125149217,-10.06026959885547,-0.13492692541606,0.780182511778025,0.8089729144356362,-0.678001607965157,0.0693020781021089,-1.0,WANKHEDE-STADIUM-MUMBAI,2022-04-27,2022,R,R,R,Gujarat-Titans,Sunrisers-Hyderabad,Seam,1.0
495,2,35,Gujarat Titans,Shubman Gill,Umran Malik,,8,4,0 WK,W,0,0,0,0,1,0,0,0,0,0,0,0,1,Bowled,WICKET,1,7.4,2,1,0,200456,80.73,51.7,0,0,https://scores.bcci.tv/matchcentre/commentaryFiles/IPL-2022/Gujarat-Titans-VS-Sunrisers-Hyderabad-(27-Apr-2022)/File_2-8-200456.jpg,,Knuckleball,36,CUT SHOT,0,0,4,7,69,1,1,0,1,0,0,0,0,0,89.63723270278983,-8.176641950048683,8.340488751143454,-0.6139343470733216,1.836734565511749,-0.282607211489247,1.57143544913795,-5.68290459767239,-36.7389374936021,1.32700209050194,-7.27870764227681,6.171328472316813,0.1357357946072867,0.5235266707370951,74.9554211498356,Defended,Missed,Defend,0.479827880859375,0.5055427551269531,7.837626,-0.307153,-0.262420982097158,-1.38877146872744,-10.6,-35.2413887896082,1.07167264963519,1.07167264963519,-999.9,-999.9,-999.9,-8.841102,-0.126509,0.579136,-11.20630600014347,-10.06029728611789,-0.0980327911553685,0.636734324347727,0.781371107136122,-0.3268126310242316,0.0778321061277698,-1.0,WANKHEDE-STADIUM-MUMBAI,2022-04-27,2022,R,R,R,Gujarat-Titans,Sunrisers-Hyderabad,Seam,1.0
495,2,35,Gujarat Titans,Hardik Pandya,Umran Malik,,8,5,0,0,0,0,0,0,1,0,0,0,0,0,0,0,0,,,0,7.5,2,1,0,200457,-14.12,-22.43,0,0,,,Knuckleball,50,BACKFOOT DEFENCE,0,0,5,7,69,1,2,0,1,0,0,0,0,0,90.39999999999996,-12.26868638708985,8.340481060328901,-0.7131154427982908,1.752464818812376,-0.291570555048247,-1.67564798990902,-9.76631308745906,-37.9041721562721,1.44687693914014,-10.4331937534718,10.19431001387641,0.158683211410219,0.6077068511251584,85.28770652775187,Defended,Played,Defend,0.481475830078125,0.4787979125976563,11.433339,-0.427187,-0.270744086830515,0.0,-10.6,-35.258125396239,0.919054842123941,0.919054842123941,-8.777634,-0.151705,1.465213,-8.840865,-0.149917,1.471347,-15.38966613099415,-10.06024387343601,-0.1152505607558434,1.582336985649943,-0.318667651224086,-0.6928709034095685,-0.0188174442389225,-1.0,WANKHEDE-STADIUM-MUMBAI,2022-04-27,2022,R,R,R,Gujarat-Titans,Sunrisers-Hyderabad,Seam,1.0
495,2,35,Gujarat Titans,Hardik Pandya,Umran Malik,,8,6,4,4,4,0,0,0,0,0,0,0,0,0,1,0,0,,,0,7.6,2,1,0,200458,-74.9,200.88,4,0,,,Knuckleball,6,BACKFOOT OFF DRIVE,0,0,6,7,73,1,0,0,1,0,0,0,0,0,94.12589523813372,-8.95384231953887,8.340610592730094,-0.6941683433083827,1.805754516115494,-0.297643642927002,2.34368178281991,-6.81561486619001,-38.6936735805103,1.15129362912684,-8.18454028072918,7.929472369008217,0.1696286254107593,0.620410428443282,86.09870172541636,Attacked,Played,Off-Drive,0.465980529785156,0.4423828125,8.770454,-0.4853,-0.27638338271793,0.0,-10.6,-36.4557922772077,0.623835204541295,0.623835204541295,-8.461747,-0.359106,0.847427,-8.84109,-0.352231,0.879112,-11.9432418896484,-10.06025993498702,-0.3299919521605996,0.9727878977437826,0.8928905650098198,-0.7239233751028477,0.0724293189606676,-1.0,WANKHEDE-STADIUM-MUMBAI,2022-04-27,2022,R,R,R,Gujarat-Titans,Sunrisers-Hyderabad,Seam,1.0
495,2,35,Gujarat Titans,Wriddhiman Saha,Washington Sundar,,9,1,1,1,1,1,0,0,0,0,0,0,0,0,0,0,0,,,0,8.1,2,1,0,200459,-49.57,131.35,1,0,,,Knuckleball,84,FRONTFOOT OFF DRIVE,0,0,1,8,74,1,1,0,1,0,0,0,0,0,58.31314040304532,-3.71668809158256,8.340720324830869,-0.6153827585549422,2.20594331589655,-0.181811349595754,-1.51025981118307,-9.35598529849049,-23.635475447448,0.195172844023654,-6.58356736642212,10.87299138085916,0.2347588883343907,0.6164638807528195,78.99369327948386,Attacked,Played,Nudge,0.746417999267578,0.6966590881347656,5.427533,-0.306566,-0.168824824624629,0.0,-10.6,-21.1292905276658,0.605127914678518,0.605127914678518,-8.244507,-0.201598,0.586511,-8.840909,-0.183966,0.646689,-15.56496628679641,-10.06011169754491,-0.1476507856810383,0.7422830588313267,-1.697693911917981,1.167345943755433,-0.182845076738374,-1.0,WANKHEDE-STADIUM-MUMBAI,2022-04-27,2022,R,R,R,Gujarat-Titans,Sunrisers-Hyderabad,Spin,1.0
495,2,35,Gujarat Titans,Hardik Pandya,Washington Sundar,,9,2,1,1,1,1,0,0,0,0,0,0,0,0,0,0,0,,,0,8.2,2,1,0,200460,16.73,-62.95,1,0,,,Knuckleball,55,SWEEP SHOT,0,0,2,8,75,1,0,0,1,0,0,0,0,0,57.23751664828597,-4.515580719347104,8.34089685310284,-0.5424523326281431,2.234919783218803,-0.18425901965129,-1.22362567432389,-8.91834377763711,-23.9536725546677,0.793960098540076,-6.58113709888378,11.37169944685378,0.3273574852070327,0.6236281059133028,70.80846736629215,Attacked,Played,Sweep,0.756065368652344,0.668426513671875,5.720385,0.014699,-0.119768362773339,0.0,-10.6,-20.406491047503,1.59728318262737,1.59728318262737,-7.639686,0.275541,0.577276,-8.840859,0.371764,0.701006,-15.36263454818924,-10.06003078001241,0.4701437639092922,0.7877378933631749,-1.175984100312,2.577192824833152,-0.123842936899448,-1.0,WANKHEDE-STADIUM-MUMBAI,2022-04-27,2022,R,R,R,Gujarat-Titans,Sunrisers-Hyderabad,Spin,1.0
495,2,35,Gujarat Titans,Wriddhiman Saha,Washington Sundar,,9,3,1,1,1,1,0,0,0,0,0,0,0,0,0,0,0,,,0,8.3,2,1,0,200461,90.86,135.04,1,0,,,Knuckleball,74,STEP DOWN ON DRIVE,0,0,3,8,76,1,0,0,1,0,0,0,0,0,59.66670071575913,-7.21528403349144,8.340744472160587,-0.5730407442228214,2.17640339663676,-0.18809811832254,-0.981554354408726,-8.56833363060718,-24.4527553819301,0.706201575998984,-6.90351869747174,9.668365007780986,0.2227201723578964,0.5445964922033284,69.41745659470962,Attacked,Played,Nudge,0.703639984130859,0.6307182312011719,7.844556,-0.195371,-0.122263776909651,0.0,-10.6,-22.0681120106326,0.938338236062423,0.938338236062423,-6.912319,0.006985,0.613361,-8.84095,0.091647,0.703181,-15.76547094997061,-10.0598646102193,0.145639596757775,0.7154001674588015,-0.757673781587152,0.7804990727639829,-0.0669216930251643,-1.0,WANKHEDE-STADIUM-MUMBAI,2022-04-27,2022,R,R,R,Gujarat-Titans,Sunrisers-Hyderabad,Spin,1.0
495,2,35,Gujarat Titans,Hardik Pandya,Washington Sundar,,9,4,1,1,1,1,0,0,0,0,0,0,0,0,0,0,0,,,0,8.4,2,1,0,200462,-55.56,103.73,1,0,,,Knuckleball,97,BACKFOOT PUSH,0,0,4,8,77,1,0,0,1,0,0,0,0,0,57.84349435818842,-5.465197010819065,8.340662058944737,-0.5547362756584839,2.195280214665297,-0.18240814507108,-1.33863228634641,-10.2918405363586,-23.7130588592404,-0.118479576601441,-7.08038917583669,13.28300093395247,0.3044352910136978,0.670155316995745,80.07976844799198,Attacked,Played,Nudge,0.773998260498047,0.7358436584472656,7.31266,-0.473136,-0.169378991851717,0.0,-10.6,-20.0992292971638,0.752238170659514,0.752238170659514,-8.380308,-0.257147,0.979774,-8.840789,-0.239017,1.017701,-16.62489247593393,-10.0600193204115,-0.1906538331781745,1.088756388878735,-1.359645035324195,2.429633454129611,-0.122865437386163,-1.0,WANKHEDE-STADIUM-MUMBAI,2022-04-27,2022,R,R,R,Gujarat-Titans,Sunrisers-Hyderabad,Spin,1.0
495,2,35,Gujarat Titans,Wriddhiman Saha,Washington Sundar,,9,5,4,4,4,0,0,0,0,0,0,0,0,0,1,0,0,,,0,8.5,2,1,0,200463,-161.92,112.47,4,0,,,Knuckleball,52,BACKFOOT COVERDRIVE,0,0,5,8,81,1,0,0,1,0,0,0,0,0,59.12772035748287,-4.189924026901799,8.340707686574117,-0.6056431505709857,2.205614354366207,-0.184559433650224,-1.37708183202019,-8.89126756304712,-23.9927263745292,0.578615884937432,-6.49259622663231,9.870257240941449,0.1357604917781508,0.6047526232904413,87.13684431575112,Attacked,Played,Nudge,0.721000671386719,0.7114791870117188,5.49335,-0.127728,-0.171376616960923,0.0,-10.6,-22.5665004157818,0.91917166911834,0.91917166911834,-8.972305,0.054792,0.615732,-8.840941,0.049259,0.604575,-15.14197787773718,-10.06018295494112,0.1008344742365778,0.6936775013762833,-1.407637200778953,0.950969856538191,-0.133508902655816,-1.0,WANKHEDE-STADIUM-MUMBAI,2022-04-27,2022,R,R,R,Gujarat-Titans,Sunrisers-Hyderabad,Spin,1.0
495,2,35,Gujarat Titans,Wriddhiman Saha,Washington Sundar,,9,6,0,0,0,0,0,0,1,0,0,0,0,0,0,0,0,,,0,8.6,2,1,0,200464,31.0,24.07,0,0,,,Knuckleball,97,BACKFOOT PUSH,0,0,6,8,81,1,0,0,1,0,0,0,0,0,60.43641347542937,-5.226203764907875,8.34099319214467,-0.5541780705687195,2.194346888255735,-0.18924023842011,-1.86007020505666,-8.9866119835915,-24.6012309946143,0.0481911014903585,-6.68165886789364,9.131810254554743,0.2442873296610314,0.5314320980615264,65.28608174312582,Defended,Played,Defend,0.723587036132813,0.700103759765625,6.313154,-0.326239,-0.175723078532959,0.0,-10.6,-22.090144683806,0.71169807039038,0.71169807039038,-8.732055,-0.162355,0.583581,-8.84077,-0.158706,0.589132,-15.19490808849196,-10.05996816751339,-0.1175585412060411,0.6324472159854797,-1.851870496862413,1.733075415785227,-0.186474583404172,-1.0,WANKHEDE-STADIUM-MUMBAI,2022-04-27,2022,R,R,R,Gujarat-Titans,Sunrisers-Hyderabad,Spin,1.0
495,2,35,Gujarat Titans,Hardik Pandya,Umran Malik,,10,1,4,4,4,0,0,0,0,0,0,0,0,0,1,0,0,,,0,9.1,2,1,0,200465,118.95,181.08,4,0,,,Knuckleball,11,LOFTED ON DRIVE,0,0,1,9,85,1,1,0,1,0,0,0,0,0,93.41245772515214,-6.03603705520622,8.340421741133124,-0.6980500168428823,1.852595227383613,-0.289653600103501,1.81033291223218,-5.70275358825057,-37.6549680134551,1.65952970615044,-6.31056738988964,5.559537680562731,0.1834781344439256,0.5532394719741793,74.63810735173435,Attacked,Played,,0.457935333251953,0.4312362670898438,5.077649,-0.241763,-0.268964057238965,0.0,-10.6,-35.8673690408502,1.358836308664,1.358836308664,-8.325735,-0.113484,0.33285,-8.840941,-0.093424,0.368463,-9.513745301617702,-10.05964659647634,-0.0456520203787184,0.4439700419612352,1.07499474431862,-0.3538918810470247,0.124192385852926,-1.0,WANKHEDE-STADIUM-MUMBAI,2022-04-27,2022,R,R,R,Gujarat-Titans,Sunrisers-Hyderabad,Seam,1.0
495,2,35,Gujarat Titans,Hardik Pandya,Umran Malik,,10,2,0 WK,W,0,0,0,0,1,0,0,0,0,0,0,0,1,Caught,WICKET,1,9.2,2,1,0,200466,118.95,181.08,0,0,,,Knuckleball,46,FRONTFOOT PULL SHOT,0,0,2,9,85,2,2,0,1,0,0,0,0,0,90.5000000000001,-12.43919423912312,8.34033372367361,-0.7575872796724015,1.80438002956738,-0.297981797075651,0.349616924462288,-5.62354308535366,-38.7376336198346,0.395315934679465,-10.0647987550955,9.097242758013127,0.147905090124449,0.5789254044033464,82.04830164805706,Attacked,Edged,Pull-Hook,0.457923889160156,0.4487113952636719,11.055474,-0.690621,-0.276697382998818,0.0,-10.6,-36.3889393435276,0.13959296286633,0.13959296286633,-8.277813,-0.653731,1.213348,-8.840866,-0.651402,1.262354,-14.5645372587628,-10.06032503105053,-0.6463200663849544,1.359032002076504,0.1215345343587493,-0.3648873518204414,0.00137794372845614,-1.0,WANKHEDE-STADIUM-MUMBAI,2022-04-27,2022,R,R,R,Gujarat-Titans,Sunrisers-Hyderabad,Seam,1.0
495,2,35,Gujarat Titans,David Miller,Umran Malik,,10,3,4,4,4,0,0,0,0,0,0,0,0,0,1,0,0,,,0,9.3,2,1,0,200467,112.04,-106.23,4,0,,,Knuckleball,44,GLIDE,0,0,3,9,89,2,3,0,1,0,0,0,0,0,89.30000000000003,-10.69209266679593,8.341216825447106,0.7773630875272424,1.758868394356623,-0.291196820033858,2.07587117605914,-9.78987669156106,-37.8555866044015,-0.751801539289522,-9.54485522730376,9.375246687076144,0.1708207882950007,0.6095332119401499,84.34790296152242,Attacked,Played,,0.477104187011719,0.4727783203125,10.569231,0.584436,-0.270397047174296,0.0,-10.6,-35.2375945947031,-0.288076599417995,-0.288076599417995,-8.72748,0.506114,1.228885,-8.840581,0.505118,1.238968,-14.15151113553732,-10.05994901328948,0.4943245159967823,1.340160572356284,0.5303580409617624,0.6693312381422354,0.03511599334101,-1.0,WANKHEDE-STADIUM-MUMBAI,2022-04-27,2022,L,R,R,Gujarat-Titans,Sunrisers-Hyderabad,Seam,1.0
495,2,35,Gujarat Titans,David Miller,Umran Malik,,10,4,0,0,0,0,0,0,1,0,0,0,0,0,0,0,0,,,0,9.4,2,1,0,200468,-56.02,54.46,0,0,,,Knuckleball,50,BACKFOOT DEFENCE,0,0,4,9,89,2,0,0,1,0,0,0,0,0,91.19495352502544,-9.65699355253268,8.340705258503327,0.7097087186589629,1.772273414663161,-0.288848877311671,2.47847407852558,-5.33939365847099,-37.5503540505172,-1.22493133055248,-8.06920475026472,7.405989125453319,0.122240867652844,0.5797169523643252,84.73345608936438,Defended,Played,Defend,0.478969573974609,0.4484138488769531,9.401406,0.359313,-0.268216814646551,0.0,-10.6,-35.9880333035199,-1.31680876739128,-1.31680876739128,-8.234403,0.07398,0.810543,-8.841098,0.050395,0.851486,-12.1278693334394,-10.06033383549548,0.0026547040559992,0.9239593816211208,0.6975385258277729,-0.227143312239874,0.0528566966721487,-1.0,WANKHEDE-STADIUM-MUMBAI,2022-04-27,2022,L,R,R,Gujarat-Titans,Sunrisers-Hyderabad,Seam,1.0
495,2,35,Gujarat Titans,David Miller,Umran Malik,,10,5,1 (LB),1,0,0,0,0,1,1,0,0,0,1,0,0,0,,,0,9.5,2,1,1,200469,-56.02,54.46,1,0,,,Knuckleball,54,LEG GLANCE,0,0,5,9,90,2,0,0,1,0,0,0,0,0,89.61257431402497,-9.96671474466226,8.341105610782865,0.6929852364144877,1.778161366888991,-0.292716548663836,2.37805906005004,-6.43513299355897,-38.0531513262987,-1.65825241553101,-8.5574666762164,7.409843645068672,0.1404766818939174,0.5495720647639893,78.38814152520666,Defended,Played,Defend,0.483467102050781,0.457672119140625,9.706653,0.268076,-0.271808223759277,0.0,-10.6,-36.1620241010924,-2.16017336489156,-2.16017336489156,-8.636795,-0.242819,0.858747,-8.840755,-0.255822,0.871774,-12.67394519517517,-10.0598375693128,-0.3339905645120081,0.941988961294958,0.584352461549688,-0.9233412863173728,0.0424707528150223,-1.0,WANKHEDE-STADIUM-MUMBAI,2022-04-27,2022,L,R,R,Gujarat-Titans,Sunrisers-Hyderabad,Seam,1.0
495,2,35,Gujarat Titans,Wriddhiman Saha,Umran Malik,,10,6,1,1,1,1,0,0,0,0,0,0,0,0,0,0,0,,,0,9.6,2,1,0,200470,84.41,-97.48,1,0,,,Knuckleball,40,FRONTFOOT FLICK,0,0,6,9,91,2,0,0,1,0,0,0,0,0,89.26799740833404,-9.856139576411955,8.340354825248177,-0.7132130773560879,1.835435333579105,-0.283078456702736,2.26667522567979,-5.12637589508313,-36.8001993713557,1.82812699833821,-8.07581041780605,7.074273086931963,0.1538396807142932,0.5363567067961336,75.06953794799071,Attacked,Played,Glance,0.49053955078125,0.4537124633789063,9.248157,-0.339312,-0.262858566938255,0.0,-10.6,-34.9032497324423,1.53165807524263,1.53165807524263,-8.054381,-0.012492,0.725521,-8.840816,0.024125,0.771972,-12.37736708456881,-10.06011902739831,0.0813556167903807,0.832438909669199,0.9779051352603276,-0.3312533863689077,0.0756651829269966,-1.0,WANKHEDE-STADIUM-MUMBAI,2022-04-27,2022,R,L,R,Gujarat-Titans,Sunrisers-Hyderabad,Seam,1.0
495,2,35,Gujarat Titans,Wriddhiman Saha,Washington Sundar,,11,1,1,1,1,1,0,0,0,0,0,0,0,0,0,0,0,,,0,10.1,2,1,0,200471,88.56,124.45,1,0,https://scores.bcci.tv/matchcentre/commentaryFiles/IPL-2022/Gujarat-Titans-VS-Sunrisers-Hyderabad-(27-Apr-2022)/File_2-11-200471.jpg,,Knuckleball,101,BACKFOOT ON DRIVE,0,0,1,10,92,2,1,0,1,0,0,0,0,0,58.49733160945575,-5.894111575860745,8.341097074001876,-0.5873748964763097,2.215064271293975,-0.184117581154193,-1.04220897746923,-9.09617594196914,-23.9352855500451,0.330721233020064,-6.81469696569267,9.746019581112586,0.1956951417352885,0.5505522113670037,73.01331753152171,Attacked,Played,Nudge,0.747093200683594,0.705963134765625,7.071127,-0.329935,-0.170966325357465,0.0,-10.6,-21.8435523884536,1.07011357864764,1.07011357864764,-8.378791,-0.060152,0.668021,-8.840981,-0.036467,0.689317,-15.8923643747881,-10.06017047784606,0.0264428049044543,0.7206709079994686,-0.9775387579562702,2.013049433748816,-0.0922645002796922,-1.0,WANKHEDE-STADIUM-MUMBAI,2022-04-27,2022,R,L,R,Gujarat-Titans,Sunrisers-Hyderabad,Spin,1.0
495,2,35,Gujarat Titans,David Miller,Washington Sundar,,11,2,0,0,0,0,0,0,1,0,0,0,0,0,0,0,0,,,0,10.2,2,1,0,200472,41.59,42.03,0,0,,,Knuckleball,97,BACKFOOT PUSH,0,0,2,10,92,2,0,0,1,0,0,0,0,0,58.2991450292437,-5.121024311462656,8.340919401954675,1.009672537829456,2.211930550629427,-0.182818897734832,-0.638365460395945,-9.37693884230979,-23.7664567055282,-1.650159592165,-6.77719381044068,10.3161461807002,0.2384821803025759,0.5713629194669485,71.8562198897847,Defended,Played,Defend,0.753444671630859,0.7392311096191406,6.607102,0.297858,-0.169760405039487,0.0,-10.6,-21.2734659442545,-0.668774040587089,-0.668774040587089,-8.949738,0.121149,0.703718,-8.840982,0.124723,0.697841,-15.91592101081322,-10.06002699852767,0.084473618426782,0.746535649057699,-0.997397646814156,2.17118842087716,-0.0942641981310983,-1.0,WANKHEDE-STADIUM-MUMBAI,2022-04-27,2022,L,R,R,Gujarat-Titans,Sunrisers-Hyderabad,Spin,1.0
495,2,35,Gujarat Titans,David Miller,Washington Sundar,,11,3,1,1,1,1,0,0,0,0,0,0,0,0,0,0,0,,,0,10.3,2,1,0,200473,-89.17,-65.25,1,0,,,Knuckleball,54,LEG GLANCE,0,0,3,10,93,2,0,0,1,0,0,0,0,0,57.35319953690152,-4.852736834501814,8.341002249176825,0.9736123169527616,2.212652492506388,-0.181167917537254,-1.16891200314674,-9.6469941264455,-23.551829279843,-2.47919469922423,-6.80971812276467,11.47534383678668,0.3940771723110252,0.5792085349662167,57.47356301382999,Attacked,Played,Glance,0.784927368164063,0.74688720703125,6.595238,-0.081353,-0.168227351998878,0.0,-10.6,-19.4293859883846,-0.7553835427756,-0.7553835427756,-8.539304,-0.283109,0.731147,-8.84097,-0.295393,0.747846,-16.12656694446192,-10.06017442956077,-0.3453848406748644,0.7868901360894445,-1.738713415401044,3.782690543649967,-0.179172823273262,-1.0,WANKHEDE-STADIUM-MUMBAI,2022-04-27,2022,L,R,R,Gujarat-Titans,Sunrisers-Hyderabad,Spin,1.0
495,2,35,Gujarat Titans,Wriddhiman Saha,Washington Sundar,,11,4,1,1,1,1,0,0,0,0,0,0,0,0,0,0,0,,,0,10.4,2,1,0,200474,138.28,-41.77,1,0,,,Knuckleball,46,FRONTFOOT PULL SHOT,0,0,4,10,94,2,0,0,1,0,0,0,0,0,60.39831899986515,-7.740080359989079,8.340949304409797,-0.5594523182396778,2.16906912492654,-0.19045325533466,-0.859997163737613,-8.13348655581721,-24.7589231935058,0.825249380388722,-6.90184528485895,10.07088239782781,0.2485103892861419,0.5672752950330462,70.24025532634273,Attacked,Played,Pull-Hook,0.736930847167969,0.6770782470703125,8.059227,-0.158313,-0.176849451382184,0.0,-10.6,-22.0449514993545,1.32129921241312,1.32129921241312,-7.921523,0.205261,0.728085,-8.840704,0.263326,0.761729,-15.57644638201836,-10.059939627844,0.3410481947346938,0.7747249550800915,-0.5993056228481839,1.520968897172269,-0.0518600503353879,-1.0,WANKHEDE-STADIUM-MUMBAI,2022-04-27,2022,R,L,R,Gujarat-Titans,Sunrisers-Hyderabad,Spin,1.0
495,2,35,Gujarat Titans,David Miller,Washington Sundar,,11,5,1,1,1,1,0,0,0,0,0,0,0,0,0,0,0,,,0,10.5,2,1,0,200475,59.09,15.78,1,0,,,Knuckleball,58,BACKFOOT PULL SHOT,0,0,5,10,95,2,0,0,1,0,0,0,0,0,59.34117140712153,-4.3705470618297,8.340592230714787,1.043029718634139,2.20068615620956,-0.185704663550304,-0.807316383841686,-9.13202098541593,-24.1416062615396,-1.85985690478638,-6.58771256129059,10.19479294169751,0.2070256942869163,0.6007446789451398,79.40913241307935,Defended,Edged,Defend,0.72784423828125,0.7091789245605469,5.759822,0.214466,-0.172440044725283,0.0,-10.6,-22.0065201284147,-1.01694471461878,-1.01694471461878,-8.828007,0.001428,0.645422,-8.840638,0.000823,0.646454,-15.26315506792753,-10.06015047762183,-0.0579023328035118,0.7287196441740904,-1.258209667456254,1.759519063757067,-0.133578836067021,-1.0,WANKHEDE-STADIUM-MUMBAI,2022-04-27,2022,L,R,R,Gujarat-Titans,Sunrisers-Hyderabad,Spin,1.0
495,2,35,Gujarat Titans,Wriddhiman Saha,Washington Sundar,,11,6,1,1,1,1,0,0,0,0,0,0,0,0,0,0,0,,,0,10.6,2,1,0,200476,-128.77,80.71,1,0,,,Knuckleball,52,BACKFOOT COVERDRIVE,0,0,6,10,96,2,0,0,1,0,0,0,0,0,59.74187215270531,-4.410484699724784,8.340612053478832,1.062427720870254,2.225117535442298,-0.18586776636552,-0.848691434648886,-8.4695843926898,-24.1628096275175,-1.8658494583298,-6.41170861315669,11.01013145560132,0.2923103162942406,0.6411419250446869,76.94025712727898,Attacked,Played,Nudge,0.7320556640625,0.72381591796875,5.34477,0.214226,-0.172591497339411,0.0,-10.6,-21.1283635404589,-1.13636704955804,-1.13636704955804,-9.050947,-0.023196,0.674014,-8.840619,-0.011478,0.653899,-14.86120030995113,-10.06000076566288,-0.0797010610700214,0.7551953969033158,-1.339596896162208,1.336983326644693,-0.14652269917072,-1.0,WANKHEDE-STADIUM-MUMBAI,2022-04-27,2022,R,L,R,Gujarat-Titans,Sunrisers-Hyderabad,Spin,1.0
495,2,35,Gujarat Titans,Wriddhiman Saha,Marco Jansen,,12,1,1,1,1,1,0,0,0,0,0,0,0,0,0,0,0,,,0,11.1,2,1,0,200477,121.71,67.35,1,0,,,Knuckleball,46,FRONTFOOT PULL SHOT,0,0,1,11,97,2,1,0,1,0,0,0,0,0,76.12407369721606,-11.00459934815758,8.340423834489762,0.5405493983375509,2.168793611775382,-0.240021753202394,1.66002626412647,-7.54154673714476,-31.2028279163112,-0.846281111677497,-8.60923186916722,9.974462764211292,0.1359133294221024,0.5989981504083783,86.25838961904651,Attacked,Played,Pull-Hook,0.581577301025391,0.5294380187988281,9.334111,0.237368,-0.222877342259366,0.0,-10.6,-29.3227311627935,-1.09848157152125,-1.09848157152125,-7.816185,-0.035672,1.002507,-8.84092,-0.076415,1.088764,-15.42481505352246,-10.05972216273062,-0.1253170574727851,1.173038371207631,0.6982613456912191,-0.5918067799238943,0.057983567180121,-1.0,WANKHEDE-STADIUM-MUMBAI,2022-04-27,2022,R,L,L,Gujarat-Titans,Sunrisers-Hyderabad,Seam,1.0
495,2,35,Gujarat Titans,David Miller,Marco Jansen,,12,2,1,1,1,1,0,0,0,0,0,0,0,0,0,0,0,,,0,11.2,2,1,0,200478,-57.4,36.5,1,0,,,Knuckleball,97,BACKFOOT PUSH,0,0,2,11,98,2,0,0,1,0,0,0,0,0,77.95657603804952,-12.4586004318993,8.340562502590828,0.5776863092106111,2.210430983716672,-0.245741001242621,1.30999339889684,-7.62797774489676,-31.9463301615407,-0.640671487703798,-9.46253960799881,10.71903633055331,0.1353112783729425,0.597855095457487,86.14713648132881,Attacked,Played,Nudge,0.573417663574219,0.5506095886230469,9.983373,0.371431,-0.228188072582434,0.0,-12.0722934625318,-29.8856012340836,-1.12793304167548,-1.12793304167548,-8.611329,0.038342,1.187463,-8.840997,0.029061,1.20427,-16.49934953422045,-10.06000163823167,-0.0204933638155168,1.280171862338113,0.4931771140686178,-1.012522531539157,0.0350159022637313,-1.0,WANKHEDE-STADIUM-MUMBAI,2022-04-27,2022,L,R,L,Gujarat-Titans,Sunrisers-Hyderabad,Seam,1.0
495,2,35,Gujarat Titans,Wriddhiman Saha,Marco Jansen,,12,3,1 (WD),1,0,0,0,0,0,1,1,0,0,0,0,0,0,,,0,11.3,2,1,1,200479,-57.4,36.5,1,0,,,Knuckleball,105,LEFT ALONE,0,0,3,11,99,2,0,0,1,0,0,0,0,0,77.21598649652152,-4.34479109259092,8.34071082970334,0.4307612449093882,2.269451036891998,-0.235254681423259,1.18091876723859,-7.9245150439427,-30.5831085850236,-2.26630046260837,-6.47203697093783,9.261464226252825,0.2930159126070156,0.6885181712311336,83.97613442396849,Attacked,Played,,0.552726745605469,0.5835914611816406,2.591338,-0.815341,-0.218450775607312,0.0,-10.6,-27.3271071492334,-2.74712716822524,-2.74712716822524,-999.9,-999.9,-999.9,-8.840943,-0.954055,0.266608,-11.94871970885388,-10.06004684782734,-1.078582611622916,0.4334507076463742,0.4988351269938192,-1.502474998762534,0.0638856789270303,-1.0,WANKHEDE-STADIUM-MUMBAI,2022-04-27,2022,R,L,L,Gujarat-Titans,Sunrisers-Hyderabad,Seam,1.0
495,2,35,Gujarat Titans,Wriddhiman Saha,Marco Jansen,,12,3,1,1,1,1,0,0,0,0,0,0,0,0,0,0,0,,,0,11.3,2,1,0,200480,77.97,97.74,1,0,,,Knuckleball,46,FRONTFOOT PULL SHOT,0,0,4,11,100,2,0,1,2,0,0,1,0,0,81.79740785277208,-11.93198935045992,8.34050676143428,0.546129075223414,2.200058632068042,-0.265348709845517,1.89936812026073,-6.73694130119114,-34.4953322799172,-1.73282967094511,-9.47054104226211,8.801279742606939,0.2014518765505211,0.5165853176554259,67.34260999326177,Attacked,Played,Pull-Hook,0.546180725097656,0.4829177856445313,9.497087,0.054338,-0.246395230570837,0.0,-10.6,-31.5979414086668,-1.73243509915277,-1.73243509915277,-7.725861,-0.349783,0.898506,-8.840529,-0.414812,0.981866,-15.35204270492663,-10.06017295814094,-0.4866622500804209,1.056601859192331,0.5509534957469236,-0.262476239880338,0.0413070374261916,-1.0,WANKHEDE-STADIUM-MUMBAI,2022-04-27,2022,R,L,L,Gujarat-Titans,Sunrisers-Hyderabad,Seam,1.0
495,2,35,Gujarat Titans,David Miller,Marco Jansen,,12,4,1,1,1,1,0,0,0,0,0,0,0,0,0,0,0,,,0,11.4,2,1,0,200481,-126.0,-50.98,1,0,,,Knuckleball,40,FRONTFOOT FLICK,0,0,5,11,101,2,0,0,2,0,0,0,0,0,83.01308566042124,-3.222802872131362,8.340449903751267,0.567998058453332,2.268839204740169,-0.247642139684352,-0.92866094033916,-6.27664204030325,-32.1934781589658,-2.01052368114387,-5.69095908575234,6.896448354881816,0.1717567283121195,0.6499999999999998,90.32432716878802,Attacked,Played,Glance,0.505073547363281,0.4568939208984375,-1.448447999999999,-0.432737,-0.229953415421184,0.433896254852082,-10.6,-30.5838042510175,-1.90999749708667,-1.90999749708667,-7.69037,-0.204072,0.659017,-8.840957,-0.270958,0.48234,-10.02481943536255,-10.05990510499279,-0.3437036026359979,0.2850468460908649,-1.293245055941892,0.0,-0.133704621197052,-1.0,WANKHEDE-STADIUM-MUMBAI,2022-04-27,2022,L,R,L,Gujarat-Titans,Sunrisers-Hyderabad,Seam,1.0
495,2,35,Gujarat Titans,Wriddhiman Saha,Marco Jansen,,12,5,4,4,4,0,0,0,0,0,0,0,0,0,1,0,0,,,0,11.5,2,1,0,200482,13.51,210.55,4,0,,,Knuckleball,13,LOFTED STRAIGHT,0,0,6,11,105,2,0,0,2,0,0,0,0,0,74.77375456304674,-7.622774063775386,8.340631350033629,0.4985780309680106,2.162120655209496,-0.234027681032142,1.17064533885179,-8.65169046476765,-30.4235985341784,-1.81651351694197,-7.49255645764935,8.936721048665618,0.1321728890177081,0.6047801895420147,87.4997395295314,Attacked,Played,Off-Drive,0.580570220947266,0.5154190063476562,7.149845,-0.219312,-0.217311418101274,0.0,-10.6,-28.8157550728319,-2.04946851044326,-2.04946851044326,-7.4623,-0.548763,0.640347,-8.840719,-0.650836,0.768019,-13.83516870224438,-10.06024301378926,-0.7420733607578209,0.859881961901642,0.445348208627848,-0.6512837088048108,0.0416440843380477,-1.0,WANKHEDE-STADIUM-MUMBAI,2022-04-27,2022,R,L,L,Gujarat-Titans,Sunrisers-Hyderabad,Seam,1.0
495,2,35,Gujarat Titans,Wriddhiman Saha,Marco Jansen,,12,6,4,4,4,0,0,0,0,0,0,0,0,0,1,0,0,,,0,11.6,2,1,0,200483,114.8,178.32,4,0,,,Knuckleball,11,LOFTED ON DRIVE,0,0,7,11,109,2,0,0,2,0,0,0,0,0,84.34446503644507,-5.988503328999308,8.340531368904458,0.628915621405396,2.239783161431569,-0.259162445556272,1.52713120596128,-6.91357795012019,-33.6911179223153,-1.02266234149893,-6.76057284373652,8.17542204457097,0.2610421013426933,0.6538443081580655,81.97243608944049,Attacked,Played,,0.509696960449219,0.4602813720703125,3.847626,0.082194,-0.240650842302252,0.0,-10.6,-30.7686766874466,-1.08895370908655,-1.08895370908655,-7.767207,0.026829,0.262282,-8.840913,-0.011804,0.393312,-11.34647356817659,-10.05995614695238,-0.0560691755005123,0.5270459495778781,0.7801081559405303,-0.2883192769998777,0.0914215096660597,-1.0,WANKHEDE-STADIUM-MUMBAI,2022-04-27,2022,R,L,L,Gujarat-Titans,Sunrisers-Hyderabad,Seam,1.0
495,2,35,Gujarat Titans,David Miller,Washington Sundar,,13,1,1,1,1,1,0,0,0,0,0,0,0,0,0,0,0,,,0,12.1,2,1,0,200484,-44.05,-55.58,1,0,,,Knuckleball,54,LEG GLANCE,0,0,1,12,110,2,1,0,2,0,0,0,0,0,60.16709614091761,-4.938828503434905,8.340576472964145,0.9646454875922036,2.216321135618985,-0.187557562249906,-1.08903023262872,-8.55238480819088,-24.3824830924878,-2.44002060903483,-6.50981009271962,10.48985286231441,0.3166537474835797,0.6023540461401979,68.68773217267172,Attacked,Played,Glance,0.732707977294922,0.7093505859375,5.859082,-0.102213,-0.17416059351777,0.0,-10.6,-21.1778893311455,-0.994924139586058,-0.994924139586058,-8.73744,-0.319413,0.654258,-8.840988,-0.324469,0.662287,-14.94856000114904,-10.05983719671883,-0.3843133892678997,0.7365418658273905,-1.638403422254474,3.024973925394964,-0.169089238628523,-1.0,WANKHEDE-STADIUM-MUMBAI,2022-04-27,2022,L,R,R,Gujarat-Titans,Sunrisers-Hyderabad,Spin,1.0
495,2,35,Gujarat Titans,Wriddhiman Saha,Washington Sundar,,13,2,4,4,4,0,0,0,0,0,0,0,0,0,1,0,0,,,0,12.2,2,1,0,200485,178.34,113.4,4,0,,,Knuckleball,94,STEP DOWN LOFTED ON DRIVE,0,0,2,12,114,2,0,0,2,0,0,0,0,0,56.54403900485717,-6.096416997682303,8.340595427628163,1.075821111044938,2.195335892199717,-0.18799117468676,-0.363166213457996,-9.12605765591381,-24.4388527092788,-1.63483871180777,-6.87399187266023,10.68546379718762,0.265366231753719,0.5923491623961399,72.31575118404909,Attacked,Played,Glance,0.759407043457031,0.6080474853515625,7.126411,0.388101,-0.174563233637706,0.0,-10.6,-21.5794177821169,-0.637375219269963,-0.637375219269963,-6.456887,0.282524,0.576382,-8.84073,0.20932,0.772466,-15.70986435821173,-10.06000438442398,0.1713025451678094,0.8191348796967197,-0.6500447504617339,2.135292177071152,-0.0618606685008261,73.0,WANKHEDE-STADIUM-MUMBAI,2022-04-27,2022,R,L,R,Gujarat-Titans,Sunrisers-Hyderabad,Spin,1.0
495,2,35,Gujarat Titans,Wriddhiman Saha,Washington Sundar,,13,3,1,1,1,1,0,0,0,0,0,0,0,0,0,0,0,,,0,12.3,2,1,0,200486,-95.15,114.78,1,0,,,Knuckleball,5,LOFTED OFF DRIVE,0,0,3,12,115,2,0,0,2,0,0,0,0,0,59.09667707888134,-6.002964969618318,8.341083872414021,0.9943467847060692,2.185129244412268,-0.185795622858911,-0.818717185879734,-9.2832429568268,-24.1534309716585,-2.05014014688342,-6.86999698872112,10.16441204867213,0.2668835912502228,0.5574470919240851,66.92870466359051,Attacked,Played,Nudge,0.751029968261719,0.7177276611328125,7.249153,0.166517,-0.172524506940418,0.0,-10.6,-21.3604712787784,-1.01809013923801,-1.01809013923801,-8.542817,-0.113208,0.704829,-8.840851,-0.128122,0.717128,-15.87742257688034,-10.06001322125609,-0.1895231440442268,0.7438057264013445,-1.170015015160928,2.122843334925935,-0.110183032319713,-1.0,WANKHEDE-STADIUM-MUMBAI,2022-04-27,2022,R,L,R,Gujarat-Titans,Sunrisers-Hyderabad,Spin,1.0
495,2,35,Gujarat Titans,David Miller,Washington Sundar,,13,4,2 (WD),2,0,0,0,0,0,2,1,0,0,0,0,0,0,,,0,12.4,2,1,1,200487,-95.15,114.78,2,0,,,Knuckleball,55,SWEEP SHOT,0,0,4,12,117,2,0,0,2,0,0,0,0,0,58.28314357826592,-2.80145244362401,8.340615965930255,1.030505451867833,2.235596947451199,-0.180478512360141,-1.39964596901897,-9.57178005195892,-23.4622066068184,-2.80732866064464,-6.60244356471827,11.31027179257233,0.2726443195560724,0.6253652300672825,76.54035255448514,Attacked,Played,,0.735763549804688,0.78662109375,4.648868,-0.316359,-0.167587190048703,0.0,-10.6,-20.6440574479105,-1.57053967010355,-1.57053967010355,-999.9,-999.9,-999.9,-8.840964,-0.580992,0.587907,-15.71700609386869,-10.05980250897117,-0.6768621353021806,0.7111729360209875,-2.354633819334824,2.472670361815063,-0.272044231154532,-1.0,WANKHEDE-STADIUM-MUMBAI,2022-04-27,2022,L,R,R,Gujarat-Titans,Sunrisers-Hyderabad,Spin,1.0
495,2,35,Gujarat Titans,Wriddhiman Saha,Washington Sundar,,13,4,1,1,1,1,0,0,0,0,0,0,0,0,0,0,0,,,0,12.4,2,1,0,200488,5.68,194.43,1,0,,,Knuckleball,13,LOFTED STRAIGHT,0,0,5,12,118,2,0,0,2,0,0,0,0,0,59.53009640936987,-5.158942257572362,8.340501183110806,1.06708395032717,2.187147854072538,-0.186435656378967,-1.13162478410283,-9.03351109687784,-24.2366353292657,-2.01417846318646,-6.65448486516291,9.97962693073025,0.288749048779974,0.5632510787067829,65.61275692802005,Attacked,Played,Off-Drive,0.7412109375,0.6989479064941406,6.439062,0.24226,-0.173118823780469,0.0,-10.6,-21.3010790586445,-0.808982186711704,-0.808982186711704,-8.35887,0.058765,0.629679,-8.840952,0.039684,0.658426,-15.3529742098243,-10.06010655857093,-0.0089210503007838,0.7050124944256267,-1.550216368897081,2.575672228175222,-0.155901175766642,-1.0,WANKHEDE-STADIUM-MUMBAI,2022-04-27,2022,R,L,R,Gujarat-Titans,Sunrisers-Hyderabad,Spin,1.0
495,2,35,Gujarat Titans,David Miller,Washington Sundar,,13,5,2,2,2,0,1,0,0,0,0,0,0,0,0,0,0,,,0,12.5,2,1,0,200489,158.08,54.92,2,0,,,Knuckleball,52,BACKFOOT COVERDRIVE,0,0,6,12,120,2,0,0,2,0,0,0,0,0,56.96070284153892,-3.231628760868012,8.340657722760938,1.072178090231769,2.210981288010492,-0.177417366213791,-0.683857292629297,-9.40637030426475,-23.0642576077928,-1.57542055751969,-6.53577492917778,10.88556399463911,0.3283427142124093,0.580131218920174,64.18541141678517,Attacked,Played,Cut,0.761260986328125,0.7609977722167969,5.269029,0.318271,-0.16474469719852,0.0,-10.6,-19.7162882518053,-0.652412384951052,-0.652412384951052,-9.024326,0.175652,0.625235,-8.840698,0.181946,0.610518,-15.82126800622671,-10.05982040840469,0.1399703602181793,0.6900199666289417,-1.191918777769446,2.012332476104952,-0.130968113318892,-1.0,WANKHEDE-STADIUM-MUMBAI,2022-04-27,2022,L,R,R,Gujarat-Titans,Sunrisers-Hyderabad,Spin,1.0
495,2,35,Gujarat Titans,David Miller,Washington Sundar,,13,6,1,1,1,1,0,0,0,0,0,0,0,0,0,0,0,,,0,12.6,2,1,0,200490,-95.15,93.14,1,0,,,Knuckleball,97,BACKFOOT PUSH,0,0,7,12,121,2,0,0,2,0,0,0,0,0,56.00748800864532,-3.001217739307361,8.340593320718874,1.035672158237408,2.238631820256376,-0.174378203185086,-1.06327386738988,-9.46633747682779,-22.6691664140612,-1.83237800506664,-6.57806970375512,11.91585140385397,0.3256555198856469,0.6180880159928702,70.14765041036584,Attacked,Played,Nudge,0.782112121582031,0.7469215393066406,5.151745,0.180545,-0.161922617243294,0.0,-10.6,-19.267307535639,-0.606761915971581,-0.606761915971581,-8.520387,0.06503,0.62566,-8.84086,0.054608,0.659273,-16.18151087316192,-10.06009564965722,0.0146873717416744,0.7590810778744739,-1.777951120645935,2.817494466263965,-0.197014027779387,-1.0,WANKHEDE-STADIUM-MUMBAI,2022-04-27,2022,L,R,R,Gujarat-Titans,Sunrisers-Hyderabad,Spin,1.0
495,2,35,Gujarat Titans,David Miller,Umran Malik,,14,1,1,1,1,1,0,0,0,0,0,0,0,0,0,0,0,,,0,13.1,2,1,0,200491,-44.05,-97.48,1,0,,,Knuckleball,49,FORWARD DEFENCE,0,0,1,13,122,2,1,0,2,0,0,0,0,0,90.95730039966284,-6.968674985515652,8.340531470016849,0.7825667965645927,1.789964321555858,-0.284806977548339,2.33803488309106,-5.70472527346826,-37.024907081284,-1.08435085081017,-6.64669295170016,5.852601330054875,0.1089540365891248,0.5534266844926778,82.1185990149892,Defended,Edged,Defend,0.469722747802734,0.4600639343261719,6.770328,0.350526,-0.264463622009172,0.0,-10.6,-35.886014841253,-1.46278840711811,-1.46278840711811,-8.884508,0.117634,0.499767,-8.840794,0.119492,0.49723,-10.17730508326355,-10.06002057787457,0.0674298676771489,0.5618510884124862,0.8601534367569196,-0.6566569189740818,-0.136106152599283,-1.0,WANKHEDE-STADIUM-MUMBAI,2022-04-27,2022,L,R,R,Gujarat-Titans,Sunrisers-Hyderabad,Seam,1.0
495,2,35,Gujarat Titans,Wriddhiman Saha,Umran Malik,,14,2,0 WK,W,0,0,0,0,1,0,0,0,0,0,0,0,1,Bowled,WICKET,1,13.2,2,1,0,200492,-44.05,-97.48,0,0,,,Knuckleball,50,BACKFOOT DEFENCE,0,0,2,13,122,3,2,0,2,0,0,0,0,0,95.01866765737546,-4.201730211408158,8.340318558092324,-0.6138972546578326,1.88658506302697,-0.287876200126732,1.79042876886734,-5.22757887417244,-37.4239060164752,1.92628315445412,-5.38415803472428,10.38757754432803,0.5601785252392353,1.062320204059371,113.3301780849822,Defended,Missed,Defend,0.443035125732422,0.4693565368652344,1.099214,0.053515,-0.267313614403394,0.0,-10.6,-31.2022936739884,1.78492628668972,1.78492628668972,-999.9,-999.9,-999.9,-8.840661,0.047344,0.059365,-8.186937078170992,-10.0602614867358,0.1167085284393128,0.237974345962971,1.394141350494869,0.3275073097420398,0.2050610076613,-1.0,WANKHEDE-STADIUM-MUMBAI,2022-04-27,2022,R,L,R,Gujarat-Titans,Sunrisers-Hyderabad,Seam,1.0
495,2,35,Gujarat Titans,Rahul Tewatia,Umran Malik,,14,3,0,0,0,0,0,0,1,0,0,0,0,0,0,0,0,,,0,13.3,2,1,0,200493,-44.05,-97.48,0,0,,,Knuckleball,49,FORWARD DEFENCE,0,0,3,13,122,3,3,0,2,0,0,0,0,0,91.6003397900059,-8.134909996006868,8.341048923089172,0.8017950340729609,1.784010381318167,-0.288399908821573,3.22920160684691,-5.96716899332081,-37.4919881468045,-1.67870639511268,-7.35869250394234,6.739464863618425,0.1615251906707337,0.5718415004220664,79.62370599623658,Defended,Played,Defend,0.475456237792969,0.4700775146484375,8.115668,0.246026,-0.267799915334318,0.0,-10.6,-35.6093552418016,-1.92294962569126,-1.92294962569126,-9.083013,-0.150206,0.691172,-8.840599,-0.136386,0.676353,-11.10449833180764,-10.06026324174638,-0.2061899212927,0.7456008124386432,1.016359727168202,-0.5273310966869145,0.0819094792768811,-1.0,WANKHEDE-STADIUM-MUMBAI,2022-04-27,2022,L,L,R,Gujarat-Titans,Sunrisers-Hyderabad,Seam,1.0
495,2,35,Gujarat Titans,Rahul Tewatia,Umran Malik,,14,4,4,4,4,0,0,0,0,0,0,0,0,0,1,0,0,,,0,13.4,2,1,0,200494,41.13,-148.59,4,0,,,Knuckleball,31,UPPER CUT,0,0,4,13,126,3,0,0,2,0,0,0,0,0,91.77239846500068,-11.46830314479739,8.341147621704103,0.7224717142474115,1.777709283852269,-0.29357505977438,0.801416801479887,-7.45247824352468,-38.1647577706694,-0.889489460008061,-9.65167906519103,9.209199927025958,0.2025777882401537,0.5889261588518027,78.08114500375503,Attacked,Played,,0.489646911621094,0.4924964904785156,10.743757,0.533833,-0.272605412647639,0.0,-10.6,-35.0591857561199,-0.805082700791023,-0.805082700791023,-9.336006,0.294286,1.259757,-8.841077,0.306586,1.219864,-14.19225469846893,-10.06002175828067,0.2762002713404333,1.313921903279876,0.147139171458356,0.0196439617157683,0.00949462534387546,-1.0,WANKHEDE-STADIUM-MUMBAI,2022-04-27,2022,L,L,R,Gujarat-Titans,Sunrisers-Hyderabad,Seam,1.0
495,2,35,Gujarat Titans,Rahul Tewatia,Umran Malik,,14,5,1,1,1,1,0,0,0,0,0,0,0,0,0,0,0,,,0,13.5,2,1,0,200495,33.31,-25.65,1,0,,,Knuckleball,50,BACKFOOT DEFENCE,0,0,5,13,127,3,0,0,2,0,0,0,0,0,89.76197722136635,-9.108668025749768,8.340674664610166,0.787241840977231,1.799731180982025,-0.283777539797956,1.98541303865242,-5.37372420382472,-36.8910801737343,-1.01264117445881,-7.68581569084081,7.031709510513115,0.1454714023115281,0.563807059770946,80.0239187344891,Attacked,Edged,Nudge,0.486373901367188,0.4774932861328125,8.88257,0.473549,-0.263507715526673,0.0,-10.6,-35.1312881066428,-1.33214021325487,-1.33214021325487,-8.967891,0.169161,0.765996,-8.840633,0.174283,0.758569,-11.76854791314261,-10.0601573593819,0.1249803145131767,0.8235536372501748,0.6074665585167095,-0.5992083731416564,0.0485586297993604,-1.0,WANKHEDE-STADIUM-MUMBAI,2022-04-27,2022,L,L,R,Gujarat-Titans,Sunrisers-Hyderabad,Seam,1.0
495,2,35,Gujarat Titans,David Miller,Umran Malik,,14,6,0,0,0,0,0,0,1,0,0,0,0,0,0,0,0,,,0,13.6,2,1,0,200496,46.2,62.29,0,0,,,Knuckleball,27,FORWARD PUSH,0,0,6,13,127,3,0,0,2,0,0,0,0,0,91.5231893236638,-6.639913995646379,8.340532882713756,0.8404700709683157,1.821777165721888,-0.285448634272275,2.05411923368668,-5.66733337243337,-37.1083224553958,-1.07870318738289,-6.51332192764339,5.846084384900126,0.1717591014304498,0.5558736561598617,76.20513828093428,Defended,Played,Defend,0.469802856445313,0.4461479187011719,6.158686,0.398297,-0.26505944610997,0.0,-10.6,-35.36106992078,-1.25706963982344,-1.25706963982344,-8.449835,0.233778,0.433023,-8.8409,0.219364,0.457936,-9.955255042951263,-10.06026708849513,0.1741339421018198,0.5270560957181927,0.7695214992235933,-0.3709167888480024,0.0782666453379879,-1.0,WANKHEDE-STADIUM-MUMBAI,2022-04-27,2022,L,L,R,Gujarat-Titans,Sunrisers-Hyderabad,Seam,1.0
495,2,35,Gujarat Titans,Rahul Tewatia,Bhuvneshwar Kumar,,15,1,1,1,1,1,0,0,0,0,0,0,0,0,0,0,0,,,0,14.1,2,1,0,200497,128.62,-48.22,1,0,,,Knuckleball,96,SLICED OVER POINT,0,0,1,14,128,3,1,0,2,0,0,0,0,0,74.99865750959367,-7.052481675082179,8.340550783063524,-0.4715752183711737,1.948848269566678,-0.235267612049253,0.553049672117148,-7.77717225866221,-30.5847895664029,2.4729257708791,-6.81474965777417,9.0215181821151,0.1955742808982965,0.6610078002081093,89.59374194138675,Attacked,Played,Cut,0.782695770263672,0.5525894165039062,7.302788,0.355955,-0.218462782617164,0.0,-10.6,-28.37197425631,2.37045010731265,2.37045010731265,-8.428771,0.840466,0.746747,-8.841067,0.876546,0.781105,-12.56116860862619,-10.06025887057613,0.9839444388389892,0.8688441561337303,0.692860648020404,0.1533325528521294,0.0651354643112164,-1.0,WANKHEDE-STADIUM-MUMBAI,2022-04-27,2022,L,L,R,Gujarat-Titans,Sunrisers-Hyderabad,Seam,1.0
495,2,35,Gujarat Titans,David Miller,Bhuvneshwar Kumar,,15,2,0,0,0,0,0,0,1,0,0,0,0,0,0,0,0,,,0,14.2,2,1,0,200498,-4.91,55.38,0,0,,,Knuckleball,46,FRONTFOOT PULL SHOT,0,0,2,14,128,3,0,0,2,0,0,0,0,0,76.23297635592984,-10.50714052174343,8.340513994393952,-0.5234459640757015,1.900694236210992,-0.241876485062591,-0.239138912943793,-8.41772084252592,-31.4439430581368,2.09894323178014,-8.34328579123268,9.241572582371004,0.2039557793057467,0.5611693662485866,73.77982700671332,Defended,Played,Defend,0.582687377929688,0.5566062927246094,10.150441,0.018231,-0.224599593272406,0.0,-10.6,-28.7752127964243,2.1755634243558,2.1755634243558,-8.317458,0.675733,0.98156,-8.840624,0.718158,1.008376,-14.86034261586776,-10.05974696071193,0.8177473188553304,1.055485228160253,0.1234676861542043,0.5047112391168198,0.00881652083065865,-1.0,WANKHEDE-STADIUM-MUMBAI,2022-04-27,2022,L,L,R,Gujarat-Titans,Sunrisers-Hyderabad,Seam,1.0
495,2,35,Gujarat Titans,David Miller,Bhuvneshwar Kumar,,15,3,1,1,1,1,0,0,0,0,0,0,0,0,0,0,0,,,0,14.3,2,1,0,200499,-102.52,118.0,1,0,,,Knuckleball,47,FRONTFOOT ON DRIVE,0,0,3,14,129,3,0,0,2,0,0,0,0,0,83.10731127438078,-3.629430257445515,8.340446275243153,-0.4888095184459607,2.000135439352258,-0.253722989138124,-1.00659114787408,-8.04532062810295,-32.9839885879561,0.773917940092455,-6.04185472566524,6.117790651632418,-0.0284631691517996,0.589887222331327,101.329400264879,Attacked,Played,Nudge,0.49310302734375,0.4876213073730469,2.350595999999999,-0.027767,-0.164919942939781,0.0,-10.6,-33.2515899313339,0.995223348229398,0.995223348229398,-8.664774,0.000895,0.173089,-8.840428,0.00618,0.190243,-10.38010194003479,-10.05969331666707,0.0429905892184842,0.3014425343590607,-0.5659026790818332,0.3702468692553098,-0.072829662688884,-1.0,WANKHEDE-STADIUM-MUMBAI,2022-04-27,2022,L,L,R,Gujarat-Titans,Sunrisers-Hyderabad,Seam,1.0
495,2,35,Gujarat Titans,Rahul Tewatia,Bhuvneshwar Kumar,,15,4,4,4,4,0,0,0,0,0,0,0,0,0,1,0,0,,,0,14.4,2,1,0,200500,157.16,-40.39,4,0,,,Knuckleball,36,CUT SHOT,0,0,4,14,133,3,0,0,2,0,0,0,0,0,80.70000000000012,-8.060080638602196,8.340625763883587,-0.5022904919835453,1.971849844628108,-0.253828374782074,-0.449399456172511,-7.93119737212736,-32.9976887216697,2.15429080030339,-7.50283909523552,8.248884752724797,0.3493687836047698,0.5586314087167388,58.85783294703384,Attacked,Played,Cut,0.500507354736328,0.5486526489257812,7.801456,0.184349,-0.235697776583355,0.0,-10.6,-28.9110044678542,2.03251608706789,2.03251608706789,-9.000943,0.671882,0.733611,-8.840743,0.659973,0.723769,-12.80982079468055,-10.06010230619829,0.7510367988518956,0.7897816449084696,0.0589549783596703,0.2861027138492918,0.00560823243854414,-1.0,WANKHEDE-STADIUM-MUMBAI,2022-04-27,2022,L,L,R,Gujarat-Titans,Sunrisers-Hyderabad,Seam,1.0
495,2,35,Gujarat Titans,Rahul Tewatia,Bhuvneshwar Kumar,,15,5,1,1,1,1,0,0,0,0,0,0,0,0,0,0,0,,,0,14.5,2,1,0,200501,-90.55,104.19,1,0,,,Knuckleball,47,FRONTFOOT ON DRIVE,0,0,5,14,134,3,0,0,2,0,0,0,0,0,83.5109799573682,-3.311403928473881,8.340459131397086,-0.5231857246433007,1.995489996716453,-0.252423258652974,-0.25472564846487,-7.42291660010384,-32.8150236248867,0.908149918686235,-5.88723748066996,6.998162227969265,0.168971506074915,0.6500000000000011,90.60284939250866,Attacked,Played,Nudge,0.503608703613281,0.4716339111328125,0.8110710000000001,-0.034447,-0.234393025892048,-0.202260989493097,-10.6,-31.1742724436423,0.862742422751923,0.862742422751923,-8.22465,-0.062806,0.153288,-8.840903,-0.045741,0.04635,-10.17104758882579,-10.06028481877618,-0.0119930382543005,0.0701220957292571,-0.0079628944848549,0.0,-0.000357559344048797,-1.0,WANKHEDE-STADIUM-MUMBAI,2022-04-27,2022,L,L,R,Gujarat-Titans,Sunrisers-Hyderabad,Seam,1.0
495,2,35,Gujarat Titans,David Miller,Bhuvneshwar Kumar,,15,6,1,1,1,1,0,0,0,0,0,0,0,0,0,0,0,,,0,14.6,2,1,0,200502,96.38,77.94,1,0,,,Knuckleball,52,BACKFOOT COVERDRIVE,0,0,6,14,135,3,0,0,2,0,0,0,0,0,76.51008866108576,-9.275789404332158,8.340764218976172,-0.5080618784117445,1.966059090171218,-0.241482393673412,0.279260932700822,-7.58771745044052,-31.3927111775436,2.52305893603561,-7.69813976713876,8.958541332150283,0.1849913879971511,0.5959275074356544,80.88998731563305,Attacked,Played,Nudge,0.571998596191406,0.57513427734375,8.975652,0.211511,-0.224233651268169,0.0,-10.6,-29.1008135589389,2.64968985336578,2.64968985336578,-9.12644,0.967431,0.930901,-8.840889,0.939746,0.913986,-13.77822431515914,-10.06002773943313,1.05840113644241,0.9783319022166256,0.4464248067217927,0.6075210551464743,0.0359068588792313,-1.0,WANKHEDE-STADIUM-MUMBAI,2022-04-27,2022,L,L,R,Gujarat-Titans,Sunrisers-Hyderabad,Seam,1.0
495,2,35,Gujarat Titans,David Miller,Umran Malik,,16,1,1,1,1,1,0,0,0,0,0,0,0,0,0,0,0,,,0,15.1,2,1,0,200503,80.73,-27.96,1,0,,,Knuckleball,97,BACKFOOT PUSH,0,0,1,15,136,3,1,0,2,0,0,0,0,0,89.49213072788159,-8.884100674678301,8.340522204045442,0.7601238028122036,1.786144710947535,-0.285829254259397,2.86363893751691,-6.16292603482575,-37.1578030537216,-1.24393403663386,-7.76707443388412,7.223945120065628,0.1243247398804391,0.5813242071387613,84.76615708277029,Attacked,Played,Nudge,0.483650207519531,0.4693222045898438,8.831769,0.362627,-0.265412878955154,0.0,-10.6,-35.621666234232,-1.46136800072267,-1.46136800072267,-8.868881,0.039895,0.785094,-8.840429,0.041133,0.783249,-11.80650803353075,-10.05965248168101,-0.0121497380906577,0.855805993068328,0.8889352183973898,-0.4318463101430194,0.0714996363783921,-1.0,WANKHEDE-STADIUM-MUMBAI,2022-04-27,2022,L,L,R,Gujarat-Titans,Sunrisers-Hyderabad,Seam,1.0
495,2,35,Gujarat Titans,Rahul Tewatia,Umran Malik,,16,2,1,1,1,1,0,0,0,0,0,0,0,0,0,0,0,,,0,15.2,2,1,0,200504,112.96,-7.24,1,0,,,Knuckleball,97,BACKFOOT PUSH,0,0,2,15,137,3,0,0,2,0,0,0,0,0,91.8386724285048,-10.10030898478503,8.34045736912472,0.7557400835138139,1.759700960875641,-0.291045410221181,2.50497740466667,-4.27259814198714,-37.8359033287535,-1.26803436859975,-8.14727955509045,7.301114489124776,0.1363340763091241,0.5675801142230822,81.50360950254992,Attacked,Played,Nudge,0.477470397949219,0.4580497741699219,9.665868,0.409898,-0.270256452348239,0.0,-10.6,-36.0922221470472,-1.30904084652861,-1.30904084652861,-8.599206,0.102771,0.839192,-8.840876,0.093423,0.854185,-12.152058968718,-10.06026488143895,0.0459787809826068,0.921940829705393,0.672240400652256,-0.1576740478515,0.0494917742578463,-1.0,WANKHEDE-STADIUM-MUMBAI,2022-04-27,2022,L,L,R,Gujarat-Titans,Sunrisers-Hyderabad,Seam,1.0
495,2,35,Gujarat Titans,David Miller,Umran Malik,,16,3,1,1,1,1,0,0,0,0,0,0,0,0,0,0,0,,,0,15.3,2,1,0,200505,-85.95,-5.4,1,0,,,Knuckleball,40,FRONTFOOT FLICK,0,0,3,15,138,3,0,0,2,0,0,0,0,0,93.607162370325,-7.77392144346983,8.341072514225555,0.6295361305992719,1.818524305471338,-0.293621849103629,2.66936150688954,-4.69300167588284,-38.1708403834718,-1.58809328083482,-6.97495487228925,6.502411628121234,0.1622689146295682,0.5945340325634212,82.95321342155636,Attacked,Played,Glance,0.461780548095703,0.4405288696289063,7.239868,0.079006,-0.272648859881941,0.0,-10.6,-36.3828028744062,-1.09041554326713,-1.09041554326713,-8.516391,-0.095465,0.574362,-8.840436,-0.105623,0.596732,-10.35540583405014,-10.05991502312685,-0.1440828587861639,0.6730973666193542,0.8446133205191472,0.6657333444942432,0.0786977499442006,-1.0,WANKHEDE-STADIUM-MUMBAI,2022-04-27,2022,L,L,R,Gujarat-Titans,Sunrisers-Hyderabad,Seam,1.0
495,2,35,Gujarat Titans,Rahul Tewatia,Umran Malik,,16,4,1,1,1,1,0,0,0,0,0,0,0,0,0,0,0,,,0,15.4,2,1,0,200506,-124.62,-15.99,1,0,,,Knuckleball,40,FRONTFOOT FLICK,0,0,4,15,139,3,0,0,2,0,0,0,0,0,81.01432453413834,-4.593263276729166,8.340788382714521,0.7606940798870442,1.839064091954774,-0.251306456641505,-0.153471027113959,-8.49397571161998,-32.6698393633956,-1.83580703090668,-6.23069231355873,6.294977428262178,0.1977773636612485,0.5450131243695382,71.97423228930589,Attacked,Played,Glance,0.528373718261719,0.4978866577148438,4.924039,0.051956,-0.233355995452826,0.0,-10.6,-30.7835943071881,-1.4446569085217,-1.4446569085217,-8.340484,-0.100287,0.346786,-8.840671,-0.124392,0.383332,-10.7976091511832,-10.06027119626433,-0.1835628093522499,0.4605306155275024,-0.3970329703709641,0.5293355334925879,-0.0459472059660355,-1.0,WANKHEDE-STADIUM-MUMBAI,2022-04-27,2022,L,L,R,Gujarat-Titans,Sunrisers-Hyderabad,Seam,1.0
495,2,35,Gujarat Titans,David Miller,Umran Malik,,16,5,0 WK,W,0,0,0,0,1,0,0,0,0,0,0,0,1,Bowled,WICKET,1,15.5,2,1,0,200507,-124.62,-15.99,0,0,https://scores.bcci.tv/matchcentre/commentaryFiles/IPL-2022/Gujarat-Titans-VS-Sunrisers-Hyderabad-(27-Apr-2022)/File_2-16-200507.jpg,,Knuckleball,11,LOFTED ON DRIVE,0,0,5,15,139,4,1,0,2,0,0,0,0,0,92.4398176014455,-6.793021571281486,8.34048856326229,0.7847477030972764,1.812553854282766,-0.288101945989138,1.88685477402145,-4.73572972906457,-37.4532529785879,-1.3518883421411,-6.3651948776235,6.111501435193532,0.1707388185686086,0.6006020939444247,83.01643223480283,Defended,Missed,Defend,0.46527099609375,0.4887657165527344,6.129474,0.269022,-0.267523235561342,0.0,-10.6,-35.7044048517052,-1.55226813663526,-1.55226813663526,-999.9,-999.9,-999.9,-8.840688,0.051524,0.483433,-9.645282580773626,-10.05966674807694,-0.0037583112215006,0.5599657430730683,0.6462538387909718,-0.4221832337957099,0.0658196655103681,-1.0,WANKHEDE-STADIUM-MUMBAI,2022-04-27,2022,L,L,R,Gujarat-Titans,Sunrisers-Hyderabad,Seam,1.0
495,2,35,Gujarat Titans,Abhinav Manohar,Umran Malik,,16,6,1 (WD),1,0,0,0,0,0,1,1,0,0,0,0,0,0,,,0,15.6,2,1,1,200508,-124.62,-15.99,1,0,,,Knuckleball,54,LEG GLANCE,0,0,6,15,140,4,2,0,2,0,0,0,0,0,87.41822994865888,-10.2587456572603,8.340888029361345,-0.6134519902738846,1.895508966822878,-0.277457223623946,2.91373631178276,-9.90603014992409,-36.0694390711129,1.96366680384906,-9.22239645831609,8.694400774934946,0.0608626366006517,0.5832913237730781,91.40743490589657,Attacked,Played,,0.49603271484375,0.5203170776367188,9.880819,-0.240438,-0.257638850507949,0.0,-10.6,-35.1771604734916,2.0031986944582,2.0031986944582,-999.9,-999.9,-999.9,-8.840824,0.269148,1.070204,-14.34237020503537,-10.05995353611608,0.343630741839994,1.162629963482383,1.183341878986453,0.1430656475861473,0.0854025481876632,-1.0,WANKHEDE-STADIUM-MUMBAI,2022-04-27,2022,R,L,R,Gujarat-Titans,Sunrisers-Hyderabad,Seam,1.0
495,2,35,Gujarat Titans,Abhinav Manohar,Umran Malik,,16,6,0 WK,W,0,0,0,0,1,0,0,0,0,0,0,0,1,Bowled,WICKET,1,15.6,2,1,0,200509,-124.62,-15.99,0,0,,,Knuckleball,49,FORWARD DEFENCE,0,0,7,15,140,5,3,0,2,0,0,0,0,0,90.81951000766207,-6.099358301389101,8.340577590486674,-0.6820083943313413,1.829887286304113,-0.282136225315659,1.47721347812819,-5.73057843496907,-36.6777092910356,1.72990958310456,-6.25013667057387,6.001535149050163,0.1774043124133496,0.5876608002729977,80.4086887996147,Defended,Missed,Defend,0.472091674804688,0.466094970703125,5.383017,-0.181371,-0.261983637793112,0.0,-10.6,-34.9368784900813,1.21738614295923,1.21738614295923,-9.069469,-0.025736,0.42654,-8.841143,-0.033956,0.410649,-9.670705536312122,-10.06011216191807,0.010096769286115,0.4901716047632763,0.9540189010417732,-0.704681349486847,0.111620428324753,-1.0,WANKHEDE-STADIUM-MUMBAI,2022-04-27,2022,R,L,R,Gujarat-Titans,Sunrisers-Hyderabad,Seam,1.0
495,2,35,Gujarat Titans,Rahul Tewatia,T Natarajan,,17,1,4,4,4,0,0,0,0,0,0,0,0,0,1,0,0,,,0,16.1,2,1,0,200510,176.96,98.66,4,0,,,Knuckleball,15,LOFTED COVER DRIVE,0,0,1,16,144,5,4,0,2,0,0,0,0,0,82.46703792205638,-4.810235145017345,8.340563222411596,0.4896746082833667,1.901523587348965,-0.255199051661251,-0.798350898577765,-7.85926449135768,-33.1758767159626,0.358030467582637,-6.22417674006903,6.567994441008532,0.1587219042907478,0.5847413935341873,81.83901860105333,Attacked,Played,Off-Drive,0.498916625976563,0.489715576171875,4.477655,0.695863,-0.236970547971161,0.0,-10.6,-31.6102140768352,0.356263966776223,0.356263966776223,-8.42911,0.728295,0.332057,-8.840552,0.733041,0.366745,-10.62582790752841,-10.06011914215198,0.7471963870737193,0.4590380841541182,-0.4366057507326505,0.0274208014710275,-0.047659571314669,-1.0,WANKHEDE-STADIUM-MUMBAI,2022-04-27,2022,L,R,L,Gujarat-Titans,Sunrisers-Hyderabad,Seam,1.0
495,2,35,Gujarat Titans,Rahul Tewatia,T Natarajan,,17,2,2,2,2,0,1,0,0,0,0,0,0,0,0,0,0,,,0,16.2,2,1,0,200511,-104.82,101.42,2,0,,,Knuckleball,95,SLOG SWEEP,0,0,2,16,146,5,0,0,2,0,0,0,0,0,83.9198920572429,-4.142513829928586,8.340987045772842,0.5446836958736967,1.895000304805709,-0.257618504846292,0.600259171143896,-7.41084898559642,-33.490405630018,-0.236547850904713,-5.8960707171594,7.714288674510533,0.1682890655687668,0.7299958953134242,102.670477740137,Attacked,Played,Nudge,0.504638671875,0.4730415344238281,3.173767,0.387495,-0.239217183071557,0.0,-10.6,-31.7741846020862,-0.174280215559439,-0.174280215559439,-8.248152,0.379986,0.220536,-8.841003,0.376693,0.291338,-9.984748704939236,-10.05987610203928,0.3698763563890959,0.4258897453336311,0.3527718097578952,0.0904200548294561,0.0439056208705439,-1.0,WANKHEDE-STADIUM-MUMBAI,2022-04-27,2022,L,R,L,Gujarat-Titans,Sunrisers-Hyderabad,Seam,1.0
495,2,35,Gujarat Titans,Rahul Tewatia,T Natarajan,,17,3,1 (WD),1,0,0,0,0,0,1,1,0,0,0,0,0,0,,,0,16.3,2,1,1,200512,-104.82,101.42,1,0,,,Knuckleball,105,LEFT ALONE,0,0,3,16,147,5,0,0,2,0,0,0,0,0,84.14520735422467,-3.884386707335321,8.341033842658174,0.5338916453773812,1.913050579816281,-0.257395575861673,-1.26169341395559,-7.42017557389134,-33.4614248620175,0.580685426803798,-5.84074493277197,5.911613709094556,0.1631227573714264,0.566534400399439,78.66788432277322,Attacked,Played,,0.500198364257813,0.5281105041503906,2.666088999999999,0.915952,-0.239010177585839,-1.3384255580982,-10.6,-31.9570126942839,1.04010044139746,1.04010044139746,-999.9,-999.9,-999.9,-8.840994,0.96192,0.191103,-9.901315079083364,-10.06026114567081,0.9988569375342924,0.2926655872818795,-0.7476416202915576,0.8699356427719789,-0.0963977660721072,-1.0,WANKHEDE-STADIUM-MUMBAI,2022-04-27,2022,L,R,L,Gujarat-Titans,Sunrisers-Hyderabad,Seam,1.0
495,2,35,Gujarat Titans,Rahul Tewatia,T Natarajan,,17,3,0,0,0,0,0,0,1,0,0,0,0,0,0,0,0,,,0,16.3,2,1,0,200513,-79.96,-12.76,0,0,,,Knuckleball,18,SLOG SHOT,0,0,4,16,147,5,0,0,2,0,0,0,0,0,83.69999999999997,-2.010909515241141,8.340469202780795,0.4891128316368398,1.939461069776458,-0.250996000053446,0.0237787583742043,-7.57762721999719,-32.629480006948,0.266638701716769,-5.53141736168428,6.61610427782323,0.1787616210765846,0.6499999999999997,89.6238378923415,Attacked,Played,Pull-Hook,0.502578735351563,0.4544334411621094,-1.073221999999999,0.633721,-0.233067714335343,-0.0590320992743723,-10.6,-30.9980060066006,0.253306766630931,0.253306766630931,-7.772264,0.606728,0.558416,-8.840935,0.61521,0.401915,-9.621429623249345,-10.06002057375586,0.6249998618886824,0.2122022218976112,0.0811894949284506,0.0,0.00877723838822854,-1.0,WANKHEDE-STADIUM-MUMBAI,2022-04-27,2022,L,R,L,Gujarat-Titans,Sunrisers-Hyderabad,Seam,1.0
495,2,35,Gujarat Titans,Rahul Tewatia,T Natarajan,,17,4,1,1,1,1,0,0,0,0,0,0,0,0,0,0,0,,,0,16.4,2,1,0,200514,-103.9,128.59,1,0,,,Knuckleball,47,FRONTFOOT ON DRIVE,0,0,5,16,148,5,0,0,2,0,0,0,0,0,81.95084089204197,-2.528646513887849,8.340797962152447,0.4862363997908586,1.899468624377147,-0.247135959758285,-0.0424464254730943,-7.45426876850193,-32.1276747685771,-0.147974656341385,-5.54602119431664,6.736079499720523,0.1755449888075859,0.6499999999999989,89.94550111924126,Attacked,Played,,0.501365661621094,0.4789810180664063,0.3107579999999999,0.414125,-0.229483391204122,0.0322582548905459,-10.6,-30.5212910301482,-0.140575923524315,-0.140575923524315,-8.191345,0.421208,0.270224,-8.840873,0.418277,0.164854,-9.79412621681294,-10.05974477805595,0.4126948796786447,0.0477188734908854,-0.0672670559358424,0.0,-0.0082901478459171,-1.0,WANKHEDE-STADIUM-MUMBAI,2022-04-27,2022,L,R,L,Gujarat-Titans,Sunrisers-Hyderabad,Seam,1.0
495,2,35,Gujarat Titans,Rashid Khan,T Natarajan,,17,5,1,1,1,1,0,0,0,0,0,0,0,0,0,0,0,,,0,16.5,2,1,0,200515,59.09,-99.32,1,0,,,Knuckleball,40,FRONTFOOT FLICK,0,0,6,16,149,5,0,0,2,0,0,0,0,0,84.07872856346538,-3.263601092741249,8.340687131691904,0.4276372879771115,1.8850603534617,-0.256038811893911,0.190112209898974,-7.80150590312284,-33.2850455462085,-0.563259292271102,-5.78776949519848,6.784811694287306,0.1742954955433087,0.6499999999999996,90.07045044566907,Attacked,Played,Glance,0.496513366699219,0.4693450927734375,1.864784999999999,0.143442,-0.23775032533006,0.12723733108526,-10.6,-31.620793268898,-0.535096327657547,-0.535096327657547,-8.248871,0.142534,0.037865,-8.840779,0.132518,0.106268,-9.864246248681257,-10.06023654469873,0.111882650608058,0.2362556258187224,0.0263494281906141,0.0,0.00318275006182983,-1.0,WANKHEDE-STADIUM-MUMBAI,2022-04-27,2022,R,L,L,Gujarat-Titans,Sunrisers-Hyderabad,Seam,1.0
495,2,35,Gujarat Titans,Rahul Tewatia,T Natarajan,,17,6,0,0,0,0,0,0,1,0,0,0,0,0,0,0,0,,,0,16.6,2,1,0,200516,59.09,-99.32,0,0,,,Knuckleball,40,FRONTFOOT FLICK,0,0,7,16,149,5,0,0,2,0,0,0,0,0,85.78378292399464,-3.741361179900713,8.340565078453192,0.4320543447401454,1.888873582768854,-0.262159263117081,-1.11536362198498,-7.47633387971201,-34.0807042052205,-1.52909354486033,-5.7941817387635,6.26736376897017,0.1897295444072351,0.612551541913939,82.90977684636734,Defended,Played,Defend,0.500999450683594,0.4567451477050781,2.489469,-0.133227,-0.243433601465861,0.0,-10.6,-32.3173297412503,-1.26983055458576,-1.26983055458576,-8.096717,-0.153943,0.118556,-8.840945,-0.183385,0.193989,-9.648800242043691,-10.06017554597758,-0.2319803939229581,0.3060298705541322,-1.014788351161705,0.318817550714376,-0.101631396162048,-1.0,WANKHEDE-STADIUM-MUMBAI,2022-04-27,2022,L,R,L,Gujarat-Titans,Sunrisers-Hyderabad,Seam,1.0
495,2,35,Gujarat Titans,Rashid Khan,Bhuvneshwar Kumar,,18,1,2,2,2,0,1,0,0,0,0,0,0,0,0,0,0,,,0,17.1,2,1,0,200517,-130.15,118.0,2,0,,,Knuckleball,15,LOFTED COVER DRIVE,0,0,1,17,151,5,1,1,3,0,0,0,0,0,73.8193048415698,-6.012215211069787,8.34106202398997,-0.6357569020848313,1.978640831559321,-0.230918403931624,-0.354608427654173,-8.17917041433043,-30.0193925111112,-0.435758052150472,-6.61159908922889,8.791901196718415,0.2813597527732902,0.6310061276831949,76.51494387515021,Attacked,Played,Nudge,0.592666625976563,0.5509185791015625,6.288587,-0.777477,-0.214424232222223,0.0,-10.6,-26.9744383842558,-0.870960354055265,-0.870960354055265,-8.147914,-0.921304,0.581055,-8.840769,-0.944547,0.641905,-12.42076718361868,-10.05989623919212,-0.985772440832488,0.7312581355273843,-0.3096923439882781,-1.017703670973176,-0.031354380960738,-1.0,WANKHEDE-STADIUM-MUMBAI,2022-04-27,2022,R,L,R,Gujarat-Titans,Sunrisers-Hyderabad,Seam,1.0
495,2,35,Gujarat Titans,Rashid Khan,Bhuvneshwar Kumar,,18,2,2,2,2,0,1,0,0,0,0,0,0,0,0,0,0,,,0,17.2,2,1,0,200518,128.15,134.58,2,0,,,Knuckleball,47,FRONTFOOT ON DRIVE,0,0,2,17,153,5,0,0,3,0,0,0,0,0,84.32170684047838,-4.962989181366583,8.340541519123256,-0.5837993587320649,1.935396834570312,-0.259342638490845,1.00550623563533,-6.2086949728147,-33.7145430038098,1.23344678778353,-5.83579900626614,6.917213801304948,0.1416190294632288,0.6724027884848827,96.69851532640952,Attacked,Played,Glance,0.503608703613281,0.4701690673828125,3.634637,-0.158643,-0.240818164312927,0.0,-10.6,-32.344770220241,0.810520728330472,0.810520728330472,-8.203366,-0.113791,0.24965,-8.841025,-0.097558,0.314363,-9.820273548758712,-10.06034637562562,-0.0662994397328694,0.427006283715615,0.8496272629173668,-0.6597696652763044,0.103422098207069,-1.0,WANKHEDE-STADIUM-MUMBAI,2022-04-27,2022,R,L,R,Gujarat-Titans,Sunrisers-Hyderabad,Seam,1.0
495,2,35,Gujarat Titans,Rashid Khan,Bhuvneshwar Kumar,,18,3,0,0,0,0,0,0,1,0,0,0,0,0,0,0,0,,,0,17.3,2,1,0,200519,128.15,134.58,0,0,,,Knuckleball,18,SLOG SHOT,0,0,3,17,153,5,0,0,3,0,0,0,0,0,77.58264213614117,-8.436968619779712,8.340541966491664,-0.7511057232605246,1.96770379264166,-0.244429431491104,-1.09308014240056,-6.69791614464699,-31.7758260938436,-0.318901788841621,-7.18810611163783,9.487722992043423,0.2093587561409399,0.6800223967012485,91.0674838910933,Defended,Missed,Defend,0.553619384765625,0.5975418090820312,8.048294,-0.797367,-0.226970186384597,0.0,-10.6,-29.2484719740371,-0.202423236715185,-0.202423236715185,-999.9,-999.9,-999.9,-8.840787,-0.845928,0.911159,-12.74651917005016,-10.06011401507104,-0.8548839836783961,1.004539964866924,-0.6146561897850917,0.1784733074037719,-0.0533887742824661,-1.0,WANKHEDE-STADIUM-MUMBAI,2022-04-27,2022,R,L,R,Gujarat-Titans,Sunrisers-Hyderabad,Seam,1.0
495,2,35,Gujarat Titans,Rashid Khan,Bhuvneshwar Kumar,,18,4,6,6,6,0,0,0,0,0,0,0,0,0,0,1,0,,,0,17.4,2,1,0,200520,132.3,157.6,6,0,,,Knuckleball,11,LOFTED ON DRIVE,0,0,4,17,159,5,0,0,3,0,0,0,0,0,83.2747990624108,-5.457358973366151,8.340778131271524,-0.630519163226244,1.957913509953106,-0.257892733508926,0.772747171955949,-6.45331988723253,-33.5260553561603,0.904988006421707,-6.10179609051832,6.936929583895179,0.1347190196493347,0.6417409757546311,92.7892443982612,Attacked,Played,,0.513095855712891,0.4705467224121094,4.428529,-0.332825,-0.239471823972574,0.0,-10.6,-32.1842567948783,0.535443966202813,0.535443966202813,-8.014244,-0.292828,0.311068,-8.840867,-0.278783,0.389363,-10.31501955585742,-10.06006482586212,-0.2579060061539966,0.4922681790909922,0.621831386077593,-0.5931101575068397,0.050441180430794,77.0,WANKHEDE-STADIUM-MUMBAI,2022-04-27,2022,R,L,R,Gujarat-Titans,Sunrisers-Hyderabad,Seam,1.0
495,2,35,Gujarat Titans,Rashid Khan,Bhuvneshwar Kumar,,18,5,1,1,1,1,0,0,0,0,0,0,0,0,0,0,0,,,0,17.5,2,1,0,200521,-108.97,128.59,1,0,,,Knuckleball,84,FRONTFOOT OFF DRIVE,0,0,5,17,160,5,0,0,3,0,0,0,0,0,77.58713282970658,-8.308266908519496,8.341179373383973,-0.6174866219038601,1.944076750301182,-0.244483779910131,-0.773682918960648,-6.60079230744769,-31.782891388317,-0.266960261200102,-7.08490324712399,8.393172315701802,0.1616567449474726,0.6231551432362665,87.30759699069272,Attacked,Played,Nudge,0.559535980224609,0.5291175842285156,8.025609,-0.663173,-0.227020652773693,0.0,-10.6,-29.9229537211003,-0.347943667388593,-0.347943667388593,-8.314466,-0.737995,0.748746,-8.840704,-0.744433,0.78645,-12.56666185130944,-10.05970811449443,-0.7594530424885193,0.8602936420117226,-0.4412380913497533,-0.1849601204956152,-0.0385070821015724,-1.0,WANKHEDE-STADIUM-MUMBAI,2022-04-27,2022,R,L,R,Gujarat-Titans,Sunrisers-Hyderabad,Seam,1.0
495,2,35,Gujarat Titans,Rahul Tewatia,Bhuvneshwar Kumar,,18,6,1,1,1,1,0,0,0,0,0,0,0,0,0,0,0,,,0,17.6,2,1,0,200522,-84.56,83.47,1,0,,,Knuckleball,18,SLOG SHOT,0,0,6,17,161,5,0,0,3,0,0,0,0,0,84.27117321585712,-3.741078189036833,8.340377321869227,-0.5682682356370291,1.987502135276527,-0.255741973748267,0.275061233432018,-6.46043942715505,-33.2464565872747,-0.296713781874264,-5.59598862023876,6.569537088284106,0.1800411993904165,0.6500000000000011,89.49588006095851,Attacked,Played,Nudge,0.498916625976563,0.4517326354980469,1.22409,-0.744629,-0.237474689909105,0.0669554882569244,-10.6,-31.584133757911,-0.281878092780551,-0.281878092780551,-7.717068,-0.734532,0.21657,-8.840948,-0.744674,0.033261,-9.55437410818138,-10.06023840854654,-0.7555555593073229,0.1662961779596799,0.1434831157582158,0.0,-0.0329960473104428,-1.0,WANKHEDE-STADIUM-MUMBAI,2022-04-27,2022,L,R,R,Gujarat-Titans,Sunrisers-Hyderabad,Seam,1.0
495,2,35,Gujarat Titans,Rahul Tewatia,T Natarajan,,19,1,4,4,4,0,0,0,0,0,0,0,0,0,1,0,0,,,0,18.1,2,1,0,200523,96.38,184.3,4,0,,,Knuckleball,5,LOFTED OFF DRIVE,0,0,1,18,165,5,1,0,3,0,0,0,0,0,83.1465439979895,-6.193972022733493,8.340432349451639,0.4717688843696046,1.866259201883124,-0.262143061034557,-0.0948233009590964,-7.01284372992802,-34.0785979344925,0.0465102029232546,-6.47522968254703,6.856253120501436,0.1645837856202792,0.6011204274304951,83.70968555254635,Attacked,Played,Off-Drive,0.5174560546875,0.4775962829589844,6.061885,0.493529,-0.243418556674946,0.0,-10.6,-32.3722240371026,0.0639038073919184,0.0639038073919184,-8.193971,0.501945,0.466735,-8.841019,0.503267,0.516118,-10.75844752962698,-10.0603352657763,0.5057773515726915,0.5973748195599281,-0.0435854761033848,0.0349067759680502,-0.00615178562683706,-1.0,WANKHEDE-STADIUM-MUMBAI,2022-04-27,2022,L,R,L,Gujarat-Titans,Sunrisers-Hyderabad,Seam,1.0
495,2,35,Gujarat Titans,Rahul Tewatia,T Natarajan,,19,2,1,1,1,1,0,0,0,0,0,0,0,0,0,0,0,,,0,18.2,2,1,0,200524,-138.44,17.63,1,0,,,Knuckleball,95,SLOG SWEEP,0,0,2,18,166,5,0,0,3,0,0,0,0,0,84.32442323462487,-2.785000756976283,8.341018232174338,0.4038033223151103,1.9246183108606,-0.253984600126812,-0.741003815895283,-7.07382937016667,-33.0179980164856,-0.690582926914553,-5.48748766920262,6.487444966567679,0.1823720208639832,0.6499999999999994,89.26279791360159,Attacked,Played,Pull-Hook,0.492061614990234,0.45648193359375,0.1654929999999997,0.145854,-0.235842842974897,0.154333921655803,-10.6,-31.3670981156613,-0.656053780568826,-0.656053780568826,-7.886443,0.186183,0.351569,-8.840686,0.167432,0.204131,-9.436129914351053,-10.05964906571729,0.1424000004158273,0.0519124300340872,-0.7300751559879183,0.0,-0.0850164789991001,-1.0,WANKHEDE-STADIUM-MUMBAI,2022-04-27,2022,L,R,L,Gujarat-Titans,Sunrisers-Hyderabad,Seam,1.0
495,2,35,Gujarat Titans,Rashid Khan,T Natarajan,,19,3,1,1,1,1,0,0,0,0,0,0,0,0,0,0,0,,,0,18.3,2,1,0,200525,60.93,-109.45,1,0,,,Knuckleball,99,SCOOP,0,0,3,18,167,5,0,0,3,0,0,0,0,0,83.46052486873062,-2.731076297972002,8.341100885180545,0.4323019266706769,1.91200499189327,-0.25135389154486,-0.244942195987573,-6.94190216890539,-32.6760059008318,-0.338042970041255,-5.40793187443258,6.460536270038869,0.1831078877772446,0.6500000000000005,89.18921122227562,Attacked,Played,Glance,0.499191284179688,0.4583015441894531,0.139367,0.289016,-0.233400042148799,0.0749200479751001,-10.6,-31.0422056057902,-0.321140821539192,-0.321140821539192,-7.791027,0.310357,0.368249,-8.840777,0.300009,0.207377,-9.397361757599688,-10.05989062639646,0.2875753428224584,0.0488274889017234,-0.269929451253987,0.0,-0.0310472414940371,-1.0,WANKHEDE-STADIUM-MUMBAI,2022-04-27,2022,R,L,L,Gujarat-Titans,Sunrisers-Hyderabad,Seam,1.0
495,2,35,Gujarat Titans,Rahul Tewatia,T Natarajan,,19,4,0,0,0,0,0,0,1,0,0,0,0,0,0,0,0,,,0,18.4,2,1,0,200526,60.93,-109.45,0,0,,,Knuckleball,95,SLOG SWEEP,0,0,4,18,167,5,0,0,3,0,0,0,0,0,84.90289459952689,-3.34748545188062,8.340779755101934,0.4239050944548302,1.895136237301793,-0.258572084884983,-3.88563332118646,-7.69922630269745,-33.6143710350478,-1.46510806191104,-5.77946015595968,5.979666266301404,0.2203842187032724,0.5727757402533833,73.87793916768025,Defended,Missed,Defend,0.495002746582031,0.522491455078125,1.874173000000001,0.16198,-0.240102650250342,0.0,-10.6,-31.6036158255739,-1.57901527812216,-1.57901527812216,-999.9,-999.9,-999.9,-8.841024,0.129163,0.111391,-9.755719764616831,-10.0603252866102,0.0676509536038361,0.223722694420446,-2.999637804226419,-0.3645966948012113,-0.388988115006398,-1.0,WANKHEDE-STADIUM-MUMBAI,2022-04-27,2022,L,R,L,Gujarat-Titans,Sunrisers-Hyderabad,Seam,1.0
495,2,35,Gujarat Titans,Rahul Tewatia,T Natarajan,,19,5,6,6,6,0,0,0,0,0,0,0,0,0,0,1,0,,,0,18.5,2,1,0,200527,-184.94,86.23,6,0,,,Knuckleball,95,SLOG SWEEP,0,0,5,18,173,5,0,0,3,0,0,0,0,0,83.5732817345358,-2.436914591135715,8.340598983817799,0.4493318112823844,1.909738252225219,-0.251297782062364,-0.507710677123276,-7.36744317587536,-32.6687116681073,-0.711011276038966,-5.49336740533772,6.563170090232496,0.1802528983196356,0.6500000000000004,89.47471016803651,Attacked,Played,,0.492702484130859,0.444488525390625,-0.1209589999999992,0.14379,-0.233347940486481,0.157302359866583,-10.6,-31.035276084702,-0.675460712237018,-0.675460712237018,-7.356136,0.202754,0.475923,-8.840586,0.17239,0.251058,-9.545204720375803,-10.06020696402544,0.1464134064413471,0.0532065933629494,-0.5684504140595478,0.0,-0.0608012136573834,84.0,WANKHEDE-STADIUM-MUMBAI,2022-04-27,2022,L,R,L,Gujarat-Titans,Sunrisers-Hyderabad,Seam,1.0
495,2,35,Gujarat Titans,Rahul Tewatia,T Natarajan,,19,6,1,1,1,1,0,0,0,0,0,0,0,0,0,0,0,,,0,18.6,2,1,0,200528,143.35,-13.22,1,0,,,Knuckleball,59,FRONTFOOT SQUARE DRIVE,0,0,6,18,174,5,0,0,3,0,0,0,0,0,85.80127915472244,-2.516752913758479,8.340872452932423,2.054863876504428,1.760094011057999,-0.259371186375985,13.9794230306435,-9.20966823630896,-33.718254228878,-0.521540416327662,-5.8377245772249,5.398168305999375,0.1789082225670854,0.5191510352407352,69.98183302940176,Attacked,Played,Nudge,0.505577087402344,0.469573974609375,2.197217999999999,0.385022,-0.240844673063415,0.0,-10.6,-32.0719854743946,2.02198375581323,2.02198375581323,-8.396861,0.418761,0.109839,-8.840641,0.446899,0.148526,-9.82239054861862,-10.06025390901474,0.5247177829607382,0.2448305052115783,9.357136510732202,4.493605122632361,1.25770112569681,-1.0,WANKHEDE-STADIUM-MUMBAI,2022-04-27,2022,L,R,L,Gujarat-Titans,Sunrisers-Hyderabad,Seam,1.0
495,2,35,Gujarat Titans,Rahul Tewatia,Marco Jansen,,20,1,6,6,6,0,0,0,0,0,0,0,0,0,0,1,0,,,0,19.1,2,1,0,200529,-169.28,103.73,6,0,,,Knuckleball,95,SLOG SWEEP,0,0,1,19,180,5,1,0,3,0,0,0,0,0,75.27656104979769,-6.686525134943158,8.340433861491633,0.5377806681869205,2.217698129057228,-0.234101781099623,0.262115625577173,-7.59156258033523,-30.4332315429509,-0.613328230546667,-6.94758018099829,9.085991675215316,0.277266749251621,0.6283024147172206,76.51868728242098,Attacked,Played,,0.579837799072266,0.53558349609375,5.666886,0.27208,-0.217380225306792,0.0,-10.6,-27.2954694617948,-0.630850158198106,-0.630850158198106,-8.062063,0.18602,0.546121,-8.840723,0.167423,0.627571,-12.85963674718035,-10.06026030693273,0.1380537102416079,0.7374354954039916,0.0763600833106615,-0.1694392890605115,0.00811422115273808,87.0,WANKHEDE-STADIUM-MUMBAI,2022-04-27,2022,L,R,L,Gujarat-Titans,Sunrisers-Hyderabad,Seam,1.0
495,2,35,Gujarat Titans,Rahul Tewatia,Marco Jansen,,20,2,1,1,1,1,0,0,0,0,0,0,0,0,0,0,0,,,0,19.2,2,1,0,200530,-64.31,-98.4,1,0,,,Knuckleball,57,HOOK SHOT,0,0,2,19,181,5,0,0,3,0,0,0,0,0,69.0,-14.38410076498273,8.341042790274361,0.5053295279987758,2.104609156672317,-0.246220802836363,0.559327262909294,-5.99791940910547,-32.0087043687272,-0.707111399825526,-9.99505446726464,11.71955778350796,0.2189811978725257,0.5917603318948983,76.86592999698217,Attacked,Played,Pull-Hook,0.579265594482422,0.5535736083984375,11.12498,0.335248,-0.228633602633766,0.0,-10.6,-28.5118784601997,-1.08674569694241,-1.08674569694241,-8.060981,-0.025978,1.421024,-8.840986,-0.058164,1.487199,-17.34152300577801,-10.05999198117241,-0.1089062987431241,1.572641313306204,0.1425438937904308,-0.9172750835259788,0.00875768525474072,-1.0,WANKHEDE-STADIUM-MUMBAI,2022-04-27,2022,L,R,L,Gujarat-Titans,Sunrisers-Hyderabad,Seam,1.0
495,2,35,Gujarat Titans,Rashid Khan,Marco Jansen,,20,3,6,6,6,0,0,0,0,0,0,0,0,0,0,1,0,,,0,19.3,2,1,0,200531,-34.84,210.09,6,0,,,Knuckleball,13,LOFTED STRAIGHT,0,0,3,19,187,5,0,0,3,0,0,0,0,0,78.49418996682027,-7.338007934639128,8.341030981827828,0.4962659102226777,2.221873451878304,-0.243869347232777,1.23284349364937,-7.57810271137216,-31.703015140261,-2.15196007189821,-7.28088893216781,8.984693922078657,0.1736548338325705,0.6430385715414786,89.09030234796474,Attacked,Played,,0.553390502929688,0.5127410888671875,6.089989,-0.387011,-0.226450108144721,0.0,-10.6,-29.611500752627,-2.27249517741075,-2.27249517741075,-8.099931,-0.709069,0.599168,-8.840742,-0.767948,0.677994,-12.93421750176364,-10.06020798926076,-0.8656291932537882,0.7930707186941166,0.4165729052105018,-0.5052788274918443,0.0423415197907466,88.0,WANKHEDE-STADIUM-MUMBAI,2022-04-27,2022,R,L,L,Gujarat-Titans,Sunrisers-Hyderabad,Seam,1.0
495,2,35,Gujarat Titans,Rashid Khan,Marco Jansen,,20,4,0,0,0,0,0,0,1,0,0,0,0,0,0,0,0,,,0,19.4,2,1,0,200532,-34.84,210.09,0,0,,,Knuckleball,46,FRONTFOOT PULL SHOT,0,0,4,19,187,5,0,0,3,0,0,0,0,0,77.0460284781525,-12.30802246374162,8.34067448764904,0.5000527215593813,2.142959358636173,-0.242604090478174,0.671319019683482,-6.58864071934184,-31.5385317621626,-2.24014842558833,-9.0169697589685,10.01799016315214,0.1355692183088707,0.5796776821531303,83.39473049208249,Defended,Missed,Defend,0.573692321777344,0.609832763671875,10.037817,-0.097795,-0.22527522687259,0.0,-10.8158081835751,-29.5890969894546,-2.40844077349511,-2.40844077349511,-999.9,-999.9,-999.9,-8.840864,-0.840835,1.141163,-15.95540686238228,-10.06007642551836,-0.9477499542752024,1.214410798329957,0.0482458959277598,-0.590566343199598,0.00323263952108988,-1.0,WANKHEDE-STADIUM-MUMBAI,2022-04-27,2022,R,L,L,Gujarat-Titans,Sunrisers-Hyderabad,Seam,1.0
495,2,35,Gujarat Titans,Rashid Khan,Marco Jansen,,20,5,6,6,6,0,0,0,0,0,0,0,0,0,0,1,0,,,0,19.5,2,1,0,200533,-185.86,24.53,6,0,,,Knuckleball,15,LOFTED COVER DRIVE,0,0,5,19,193,5,0,0,3,0,0,0,0,0,84.82320693225019,-3.730386917879666,8.341218471839682,0.5155655596187118,2.269032484155481,-0.254547365702657,0.762578557425621,-7.14466136332274,-33.0911575413454,-2.24213133382466,-6.17650335248588,7.277774318240644,0.1627233807320793,0.6499999999999996,91.227661926792,Attacked,Played,,0.496845245361328,0.4649505615234375,0.0108010000000007,-0.752901,-0.23636541100961,0.504648312445372,-10.6,-31.4365996642782,-2.13002476713343,-2.13002476713343,-8.221624,-0.628787,0.351713,-8.840746,-0.670895,0.243512,-10.5726655540907,-10.05987231823311,-0.7536241550632997,0.0250774823375103,0.1195722923709324,0.0,0.0126332115325312,75.0,WANKHEDE-STADIUM-MUMBAI,2022-04-27,2022,R,L,L,Gujarat-Titans,Sunrisers-Hyderabad,Seam,1.0
495,2,35,Gujarat Titans,Rashid Khan,Marco Jansen,,20,6,6,6,6,0,0,0,0,0,0,0,0,0,0,1,0,,,0,19.6,2,1,0,200534,106.51,-117.28,6,0,https://scores.bcci.tv/matchcentre/commentaryFiles/IPL-2022/Gujarat-Titans-VS-Sunrisers-Hyderabad-(27-Apr-2022)/File_2-20-200534.jpg,,Knuckleball,46,FRONTFOOT PULL SHOT,0,0,6,19,199,5,0,0,3,0,0,0,0,0,77.25185133020518,-13.44913869518344,8.340492346205579,0.6040363431025304,2.10706715447017,-0.24422464384354,0.215946962000792,-8.38896894329083,-31.7492036996602,-0.508776530323174,-9.95891662231517,10.15988171087775,0.1315735600152351,0.5349117863056643,77.07941194432615,Attacked,Edged,,0.496513366699219,0.5390396118164062,10.894846,0.4814,-0.226780026426144,0.0,-10.6,-29.7264210325821,-0.963725511220743,-0.963725511220743,-8.041936,0.183408,1.180221,-8.841077,0.155527,1.23508,-17.41531269838849,-10.05994849216874,0.1126464933045715,1.302135322141884,0.0345516266606668,-0.9387908136525565,0.00216596659837866,60.0,WANKHEDE-STADIUM-MUMBAI,2022-04-27,2022,R,L,L,Gujarat-Titans,Sunrisers-Hyderabad,Seam,1.0
