MatchID,InningsNo,BattingTeamID,TeamName,BatsManName,BowlerName,BowlerType,OverNo,BallNo,Runs,BallRuns,ActualRuns,IsOne,IsTwo,IsThree,IsDotball,Extras,IsWide,IsNoBall,IsBye,IsLegBye,IsFour,IsSix,IsWicket,WicketType,Wickets,IsBowlerWicket,BallName,Day,SESSION_NO,IsExtra,SNO,Xpitch,Ypitch,RunRuns,IsMaiden,OverImage,BowlTypeID,BowlTypeName,ShotTypeID,ShotType,IsBouncer,IsFreeHit,BallCount,BCCheck,TotalRuns,TotalWickets,BOWLING_LINE_ID,BOWLING_LENGTH_ID,FiveHaul,Flag,FlagSet,PenaltyRuns,IsFifty,IsHundred,IsTwoHundred,IsHattrick,release_speed,initial_angle,release_x,release_y,release_z,pre_bounce_ax,pre_bounce_ay,pre_bounce_az,pre_bounce_vx,pre_bounce_vy,pre_bounce_vz,bounce_angle,cof,cor,pbr,shot_attacked,shot_played,shot_info,crease_reaction_time,interception_reaction_time,bounce_x,bounce_y,post_bounce_ax,post_bounce_ay,post_bounce_az,post_bounce_vx,post_bounce_vy,post_bounce_vz,impact_x,impact_y,impact_z,crease_x,crease_y,crease_z,drop_angle,stump_x,stump_y,stump_z,swing,deviation,swing_dist,six_dist,ground,date,season,striker_hand,non_striker_hand,bowler_hand,team_bat,team_bowl,delivery_type,match_day
870,1,19,Royal Challengers Bangalore,Virat Kohli,Jaydev Unadkat,,1,1,0,0,0,0,0,0,1,0,0,0,0,0,0,0,0,,,0,0.1,1,1,0,302079,-82.34,37.88,0,0,https://scores.bcci.tv/matchcentre/commentaryFiles/TATA-IPL-2023/Royal-Challengers-Bangalore-VS-Lucknow-Super-Giants-(10-Apr-2023)/File_1-1-302079.png,30,ANGLED ACROSS,27,FORWARD PUSH,0,0,1,0,0,0,Off stump,Good Length,1,0,0,0,0,0,0,0,80.1703456949688,-7.094590306446484,8.3411285995969,0.7074122902741619,2.131480654276841,-0.24966098793277,4.20857589792047,-8.78908093258796,-32.4559284312601,-1.5858769459069,-7.50020306060056,7.678884644069802,0.121632188536005,0.5584016004586849,81.59702121520225,Defended,Played,Defend,0.529426574707031,0.48907470703125,6.474301,-0.110275,-0.231828060223286,0.0,-10.6,-31.0622540878471,-0.816113066203933,-0.816113066203933,-7.78908,-0.222482,0.513372,-8.840847,-0.251127,0.602689,-13.01200228226232,-10.06012981242487,-0.2846279364007188,0.6905824339371156,2.14726597885683,1.292376176890443,0.21402104193597,-1.0,M-CHINNASWAMY-STADIUM-BANGALORE,2023-04-10,2023,R,R,L,Royal-Challengers-Bangalore,Lucknow-Super-Giants,Seam,1.0
870,1,19,Royal Challengers Bangalore,Virat Kohli,Jaydev Unadkat,,1,2,2,2,2,0,1,0,0,0,0,0,0,0,0,0,0,,,0,0.2,1,1,0,302080,-146.82,74.39,2,0,,30,ANGLED ACROSS,122,STEP DOWN LOFTED OFF DRIVE,0,0,2,0,2,0,Leg stump,Good Length,0,0,0,0,0,0,0,0,80.534832013995,-8.3868366851721,8.34120106749386,0.7389041635219884,2.079183679290313,-0.256628412362313,1.97333366487821,-8.58870692155627,-33.3616936071006,-1.75985911459439,-7.94877229255664,8.840559540835486,0.1856793035021562,0.6067813354247388,82.4492699634952,Attacked,Edged,Off-Drive,0.536842346191406,0.4525222778320313,7.780212,0.107949,-0.23829781147929,-0.577984421759434,-10.6,-31.0105437590765,-1.2713474324271,-1.2713474324271,-6.744472,-0.084507,0.641698,-8.84064,-0.181665,0.846129,-13.40145579702079,-10.0602337170321,-0.240303980463578,0.9419193730213264,0.7279484254221354,0.671949279972352,0.0727031429383596,-1.0,M-CHINNASWAMY-STADIUM-BANGALORE,2023-04-10,2023,R,R,L,Royal-Challengers-Bangalore,Lucknow-Super-Giants,Seam,1.0
870,1,19,Royal Challengers Bangalore,Virat Kohli,Jaydev Unadkat,,1,3,0,0,0,0,0,0,1,0,0,0,0,0,0,0,0,,,0,0.3,1,1,0,302081,-85.19,34.56,0,0,,30,ANGLED ACROSS,89,STEP DOWN COVER DRIVE,0,0,3,0,2,0,Off stump,Short of Good Length,0,0,0,0,0,0,0,0,82.36081076791346,-10.38513153546145,8.34106539475696,0.7051591680134558,2.097924968033039,-0.259147000621145,-0.444586017204201,-7.13627932407101,-33.6891100807489,-2.75358125233808,-8.53968448722356,8.19317214948666,0.1695449404772239,0.530984104524456,72.69312163094601,Attacked,Played,Nudge,0.527114868164062,0.4682693481445313,9.014543,-0.019528,-0.240636500576778,4.00800796208112,-10.6,-31.4933954194904,-2.40122274502667,-2.40122274502667,-7.172364,-0.418407,0.751861,-8.841017,-0.501817,0.870826,-14.22401964460607,-10.05989046046118,-0.5553958378134682,0.937414712773896,-0.5020749801388142,0.3125897755954612,-0.0622016626219755,-1.0,M-CHINNASWAMY-STADIUM-BANGALORE,2023-04-10,2023,R,R,L,Royal-Challengers-Bangalore,Lucknow-Super-Giants,Seam,1.0
870,1,19,Royal Challengers Bangalore,Virat Kohli,Jaydev Unadkat,,1,4,1,1,1,1,0,0,0,0,0,0,0,0,0,0,0,,,0,0.4,1,1,0,302082,-131.65,50.68,1,0,,30,ANGLED ACROSS,51,FRONTFOOT COVERDRIVE,0,0,4,0,3,0,Middle stump,Good Length,0,0,0,0,0,0,0,0,80.84545650328641,-8.485188827688177,8.341171882727696,0.7200162884190988,2.107077708178523,-0.253899530265725,3.3845255861192,-7.90974655795547,-33.0069389345443,-2.12533696072148,-7.82009844185617,8.87776600683746,0.1580759508079321,0.6198845455280201,87.1750867484098,Attacked,Played,Cut,0.540470123291016,0.5007476806640625,7.598806,-0.115425,-0.235763849532459,0.0,-10.6,-31.0346464374041,-1.54020800246691,-1.54020800246691,-8.119604,-0.402459,0.758758,-8.840831,-0.439967,0.82556,-13.32891244564248,-10.06026489019309,-0.5038803054058936,0.9249045100009096,1.413895381028653,0.8430422414969131,0.149087637770913,-1.0,M-CHINNASWAMY-STADIUM-BANGALORE,2023-04-10,2023,R,R,L,Royal-Challengers-Bangalore,Lucknow-Super-Giants,Seam,1.0
870,1,19,Royal Challengers Bangalore,Faf Du Plessis,Jaydev Unadkat,,1,5,0,0,0,0,0,0,1,0,0,0,0,0,0,0,0,,,0,0.5,1,1,0,302083,-68.6,-37.5,0,0,,30,ANGLED ACROSS,50,BACKFOOT DEFENCE,0,0,5,0,3,0,Outside Leg stump,Short of Good Length,0,0,0,0,0,0,0,0,79.1701437565037,-10.81179566258285,8.34087328512993,0.7312531634447853,2.083704364653371,-0.250123635494083,-1.66866013279513,-8.09150272453651,-32.5160726142307,-1.75868910764657,-8.77334579405574,9.492985877113746,0.0180104338755513,0.6148026860588075,100.419359521266,Defended,Played,Defend,0.538925170898438,0.5144805908203125,9.514065,0.324623,-0.23225766153022,0.0,-10.6,-32.2567931160384,-1.82610382221343,-1.82610382221343,-8.383888,-0.132108,1.064595,-8.841125,-0.159589,1.104669,-15.09973073833302,-10.06031866334243,-0.2333379327366151,1.200348838852268,-0.9238998602505496,-0.1442120318291387,-0.0695141516020815,-1.0,M-CHINNASWAMY-STADIUM-BANGALORE,2023-04-10,2023,R,R,L,Royal-Challengers-Bangalore,Lucknow-Super-Giants,Seam,1.0
870,1,19,Royal Challengers Bangalore,Faf Du Plessis,Jaydev Unadkat,,1,6,1,1,1,1,0,0,0,0,0,0,0,0,0,0,0,,,0,0.6,1,1,0,302084,109.18,36.93,1,0,,38,STRAIGHT BALL,27,FORWARD PUSH,0,0,6,0,4,0,Outside Leg stump,Good Length,0,0,0,0,0,0,0,0,81.51142611157658,-8.721503434098352,8.34076122624915,0.720108873466882,2.081717724952659,-0.255861304716554,0.178441151003917,-7.50353452654796,-33.261969613152,-1.5800129797838,-7.82332013625071,7.049198080750747,0.0861805084331884,0.5100036548430193,77.88249738313407,Attacked,Played,Glance,0.517181396484375,0.4955520629882813,7.776785,0.2266,-0.2375854972368,0.0,-10.6,-32.2662325517642,-0.989593616947127,-0.989593616947127,-999.9,-999.9,-999.9,-8.84084,0.020462,0.634587,-13.23558134878396,-10.06013020818112,-0.0190167142107922,0.697238269683848,-0.1181222978999932,0.9629347172064192,-0.0327837324358763,-1.0,M-CHINNASWAMY-STADIUM-BANGALORE,2023-04-10,2023,R,R,L,Royal-Challengers-Bangalore,Lucknow-Super-Giants,Seam,1.0
870,1,19,Royal Challengers Bangalore,Faf Du Plessis,Avesh Khan,,2,1,1,1,1,1,0,0,0,0,0,0,0,0,0,0,0,,,0,1.1,1,1,0,302085,-101.78,8.49,1,0,,39,ANGLED IN,49,FORWARD DEFENCE,0,0,1,1,5,0,Outside Off stump,Good Length,1,0,0,0,0,0,0,0,83.26282124241625,-7.768611487207211,8.34086265204975,-0.619100586237849,2.065401347642357,-0.265913533121835,-0.50378158792269,-6.21138833504175,-34.5687593058386,0.847677683184228,-7.17664961370525,7.30829374860262,0.1256206755235487,0.5921131096162187,86.25489889007792,Attacked,Played,Nudge,0.519378662109375,0.4730987548828125,6.585622,-0.314835,-0.246919709327418,0.0,-10.6,-33.133609938931,0.821983005809459,0.821983005809459,-8.224447,-0.194858,0.557339,-8.84111,-0.178961,0.607619,-11.72829228505907,-10.05986753305215,-0.1473162032828935,0.6959008306910262,-0.1332568352273377,0.0164131279576979,-0.012951069060028,-1.0,M-CHINNASWAMY-STADIUM-BANGALORE,2023-04-10,2023,R,R,R,Royal-Challengers-Bangalore,Lucknow-Super-Giants,Seam,1.0
870,1,19,Royal Challengers Bangalore,Virat Kohli,Avesh Khan,,2,2,0,0,0,0,0,0,1,0,0,0,0,0,0,0,0,,,0,1.2,1,1,0,302086,-34.94,-7.16,0,0,,39,ANGLED IN,77,STEP DOWN DEFENCE,0,0,2,1,5,0,Outside Off stump,Good Length,0,0,0,0,0,0,0,0,83.933179,-9.904510313232167,8.340627212722975,-0.6701960638420359,1.991617274696475,-0.265632075616495,0.673154319152646,-9.44575900565562,-34.5321698301443,1.02480116948424,-8.86014908036259,8.198393045291297,0.0797725788722447,0.5435322671905698,83.55258219136098,Defended,Played,Defend,,0.4541816711425781,9.292238,-0.430813,-0.246658355929602,0.0,-10.6,-33.4258173585921,1.43039662623816,1.43039662623816,-7.266733,-0.145811,0.788924,-8.840882,-0.07462,0.910363,-14.39034072724766,-10.06028360910124,-0.0188653148680004,0.987135207690242,0.3771626578094462,0.7505216171852652,0.0355522176392894,-1.0,M-CHINNASWAMY-STADIUM-BANGALORE,2023-04-10,2023,R,R,R,Royal-Challengers-Bangalore,Lucknow-Super-Giants,Seam,1.0
870,1,19,Royal Challengers Bangalore,Virat Kohli,Avesh Khan,,2,3,6,6,6,0,0,0,0,0,0,0,0,0,0,1,0,,,0,1.3,1,1,0,302087,15.79,-147.01,6,0,https://scores.bcci.tv/matchcentre/commentaryFiles/TATA-IPL-2023/Royal-Challengers-Bangalore-VS-Lucknow-Super-Giants-(10-Apr-2023)/File_1-2-302087.png,36,BOUNCER,58,BACKFOOT PULL SHOT,1,0,3,1,11,0,Outside Off stump,Short Length,0,0,0,0,0,0,0,0,85.278596,-14.49694115665085,8.340406681342753,-0.6345182857355369,1.944173609437558,-0.270363660230047,1.64122004561935,-12.1832736327428,-35.1472758299061,0.778995023061236,-11.7414316725688,10.52891239371087,0.1286849309100909,0.5199002565547112,75.1165453921976,Attacked,Played,,,0.4802970886230469,11.898567,-0.52064,-0.251051970213615,0.0,-10.6,-32.8437482302962,1.01477620614474,1.01477620614474,-7.646134,-0.216424,1.376892,-8.840504,-0.17644,1.483979,-18.47260670851591,-10.0596838284689,-0.1352132708825434,1.577162762239604,0.5202677541419434,0.5000290052126056,0.0243748840199984,-1.0,M-CHINNASWAMY-STADIUM-BANGALORE,2023-04-10,2023,R,R,R,Royal-Challengers-Bangalore,Lucknow-Super-Giants,Seam,1.0
870,1,19,Royal Challengers Bangalore,Virat Kohli,Avesh Khan,,2,4,4,4,4,0,0,0,0,0,0,0,0,0,1,0,0,,,0,1.4,1,1,0,302088,-165.31,120.84,4,0,,38,STRAIGHT BALL,15,LOFTED COVER DRIVE,0,0,4,1,15,0,Outside Off stump,Good Length,0,0,0,0,0,0,0,0,75.585995,-7.834366030429437,8.340452316798839,-0.6142025325635575,2.009495436001499,-0.237941021909695,0.193081344297555,-8.00375062126768,-30.9323328482604,0.175030441835302,-7.26144306822444,8.462514822059147,0.1664390956181389,0.5943114431002714,82.50280690322681,Attacked,Played,Off-Drive,,0.5287513732910156,7.720874,-0.566755,-0.220945234630431,0.0,-10.6,-29.0058777319735,-0.0700602538389372,-0.0700602538389372,-7.929182,-0.580553,0.685045,-8.840839,-0.582861,0.752697,-13.21111294634769,-10.0602673928312,-0.5859754231653924,0.8257317329687182,0.1342689990826576,-0.4625952888559949,0.0135034326658606,-1.0,M-CHINNASWAMY-STADIUM-BANGALORE,2023-04-10,2023,R,R,R,Royal-Challengers-Bangalore,Lucknow-Super-Giants,Seam,1.0
870,1,19,Royal Challengers Bangalore,Virat Kohli,Avesh Khan,,2,5,0,0,0,0,0,0,1,0,0,0,0,0,0,0,0,,,0,1.5,1,1,0,302089,-165.31,120.84,0,0,,38,STRAIGHT BALL,44,GLIDE,0,0,5,1,15,0,Outside Off stump,Short of Good Length,0,0,0,0,0,0,0,0,82.63417641027496,-10.11452894709286,8.340753371824679,-0.6443540699015421,2.075765017970582,-0.260873854645578,0.557244990231559,-8.48824194441068,-33.9136011039251,0.7713978954302,-8.75307694457204,8.816551421302838,-0.0308029735981605,0.6087341611870869,104.3904215378791,Defended,Missed,Defend,0.500198364257812,0.538330078125,9.021234,-0.458223,-0.24224000788518,0.0,-10.6,-34.3530612872182,0.45852803863163,0.45852803863163,-999.9,-999.9,-999.9,-8.841041,-0.351108,0.996429,-14.47216299313374,-10.06032845713883,-0.3338068141703568,1.096495476684571,0.3220662886199552,-0.5383127048410021,0.0172004164921901,-1.0,M-CHINNASWAMY-STADIUM-BANGALORE,2023-04-10,2023,R,R,R,Royal-Challengers-Bangalore,Lucknow-Super-Giants,Seam,1.0
870,1,19,Royal Challengers Bangalore,Virat Kohli,Avesh Khan,,2,6,2 (LB),2,0,0,0,0,1,2,0,0,0,1,0,0,0,,,0,1.6,1,1,1,302090,-165.31,120.84,2,0,,39,ANGLED IN,54,LEG GLANCE,0,0,6,1,17,0,Leg stump,Good Length,0,0,0,0,0,0,0,0,81.13777678254704,-9.061674668268974,8.340770747763468,-0.6110378116807823,2.025699445879117,-0.255770223834557,3.68389185238187,-7.98175674063545,-33.2501290984924,2.41121254847103,-8.00861653989349,8.566127511189656,0.179168827867214,0.5823318486430147,79.4328945097308,Defended,Missed,Defend,0.523017883300781,0.4984588623046875,8.457545,-0.069173,-0.237500922132088,0.0,-10.6,-30.9608815714197,2.56514801161892,2.56514801161892,-7.953611,0.470279,0.795705,-8.840925,0.547837,0.864468,-13.54229936151804,-10.06031731948419,0.6553374672647583,0.9437531476575226,1.988235891682409,0.588530315005014,0.15848964566486,-1.0,M-CHINNASWAMY-STADIUM-BANGALORE,2023-04-10,2023,R,R,R,Royal-Challengers-Bangalore,Lucknow-Super-Giants,Seam,1.0
870,1,19,Royal Challengers Bangalore,Faf Du Plessis,Krunal Pandya,,3,1,1,1,1,1,0,0,0,0,0,0,0,0,0,0,0,,,0,2.1,1,1,0,302091,-67.17,140.76,1,0,https://scores.bcci.tv/matchcentre/commentaryFiles/TATA-IPL-2023/Royal-Challengers-Bangalore-VS-Lucknow-Super-Giants-(10-Apr-2023)/File_1-3-302091.png,23,ARM BALL,27,FORWARD PUSH,0,0,1,2,18,0,Off stump,Good Length,1,0,0,0,0,0,0,0,59.69433393232595,-3.831480446455229,8.34078938115266,-0.7505534342749581,2.057243119127981,-0.189383214388463,1.22438590147167,-10.3496571736218,-24.6198178705002,1.48593609327524,-6.7033967675232,9.172145707716576,0.125528790531869,0.5619934122665912,81.74613278680178,Attacked,Played,Off-Drive,0.716388702392578,0.6587562561035156,6.206377,-0.184276,-0.175855841932144,0.0,-10.6,-23.3316586692234,0.931591840866385,0.931591840866385,-8.107762,-0.011633,0.559639,-8.840946,0.018698,0.612719,-15.23107430310534,-10.06007738022496,0.0695203423658619,0.6764715243093228,1.526426285434944,-1.167408670714846,0.1557964243452,-1.0,M-CHINNASWAMY-STADIUM-BANGALORE,2023-04-10,2023,R,R,L,Royal-Challengers-Bangalore,Lucknow-Super-Giants,Spin,1.0
870,1,19,Royal Challengers Bangalore,Virat Kohli,Krunal Pandya,,3,2,1,1,1,1,0,0,0,0,0,0,0,0,0,0,0,,,0,2.2,1,1,0,302092,-122.64,128.9,1,0,,23,ARM BALL,6,BACKFOOT OFF DRIVE,0,0,2,2,19,0,Outside Off stump,Short of Good Length,0,0,0,0,0,0,0,0,64.74554104128214,-6.136985174756395,8.34091306940951,-0.7536866800558945,1.961996420825905,-0.203893907925886,0.636416059022132,-8.76789735084102,-26.5062080303652,1.73122652391878,-6.56884897747489,8.411816295878142,0.2147249587613853,0.5483606014477974,70.78159434103108,Attacked,Played,Off-Drive,0.67950439453125,0.65240478515625,7.447358,-0.116904,-0.189330057359751,0.0,-10.6,-24.3585974367902,0.990518846582129,0.990518846582129,-8.691601,0.136322,0.620353,-8.841037,0.142704,0.625882,-13.918789791046,-10.06019421954408,0.1950626370116364,0.6546249071103576,0.7914906364990956,-1.40831427765371,0.073144914430918,-1.0,M-CHINNASWAMY-STADIUM-BANGALORE,2023-04-10,2023,R,R,L,Royal-Challengers-Bangalore,Lucknow-Super-Giants,Spin,1.0
870,1,19,Royal Challengers Bangalore,Faf Du Plessis,Krunal Pandya,,3,3,1,1,1,1,0,0,0,0,0,0,0,0,0,0,0,,,0,2.3,1,1,0,302093,111.08,97.14,1,0,,23,ARM BALL,101,BACKFOOT ON DRIVE,0,0,3,2,20,0,Middle stump,Good Length,0,0,0,0,0,0,0,0,61.00064121612031,-4.625847701308653,8.341102873375263,-0.7496190707559951,2.020020283290767,-0.19155931112948,1.07268728098088,-9.90531203224474,-24.9027104468324,2.06810335764901,-6.63269679393795,9.536950190952416,0.2475686030096863,0.5668811389091993,70.27531053541128,Attacked,Played,Glance,0.69305419921875,0.6809234619140625,6.752955,0.069188,-0.17787650319166,0.0,-10.6,-22.3799073080369,1.26348775754616,1.26348775754616,-8.414109,0.363529,0.630953,-8.840909,0.388689,0.65455,-14.91417567835607,-10.05993271037122,0.461043907845321,0.6989888544875786,1.398879491796041,-1.516086810916628,0.139012584053829,-1.0,M-CHINNASWAMY-STADIUM-BANGALORE,2023-04-10,2023,R,R,L,Royal-Challengers-Bangalore,Lucknow-Super-Giants,Spin,1.0
870,1,19,Royal Challengers Bangalore,Virat Kohli,Krunal Pandya,,3,4,0,0,0,0,0,0,1,0,0,0,0,0,0,0,0,,,0,2.4,1,1,0,302094,-83.29,10.86,0,0,,10,ORTHODOX,27,FORWARD PUSH,0,0,4,2,20,0,Outside Off stump,Good Length,0,0,0,0,0,0,0,0,58.50937002994762,-2.64813279738235,8.340510392683921,-0.8028131107846737,1.992584245629578,-0.183446555371713,-0.0112587172117648,-11.0683645072954,-23.8480521983226,0.841552347074767,-6.68358503138977,10.84157312601891,0.2351565577940753,0.6112084690022386,78.16561457092827,Attacked,Played,Nudge,0.744873046875,0.6891746520996094,6.050356,-0.385099,-0.170343229988019,0.0,-10.6,-21.3305558671098,-0.0304374237588692,-0.0304374237588692,-8.089439,-0.391018,0.6345,-8.840908,-0.392129,0.701359,-15.65590331482877,-10.05978072345259,-0.3939477115185201,0.7802172046328562,0.1630063753260123,-2.102777919737254,-0.0131435906554337,-1.0,M-CHINNASWAMY-STADIUM-BANGALORE,2023-04-10,2023,R,R,L,Royal-Challengers-Bangalore,Lucknow-Super-Giants,Spin,1.0
870,1,19,Royal Challengers Bangalore,Virat Kohli,Krunal Pandya,,3,5,1,1,1,1,0,0,0,0,0,0,0,0,0,0,0,,,0,2.5,1,1,0,302095,123.4,65.38,1,0,,10,ORTHODOX,97,BACKFOOT PUSH,0,0,5,2,21,0,Off stump,Good Length,0,0,0,0,0,0,0,0,60.41942471202196,-3.62892129933987,8.340674801887804,-0.7148564767950638,2.043286421140345,-0.189688619735727,-0.217735209541731,-11.29516666129,-24.6595205656444,1.17157402149156,-6.94133422910304,10.36827906414227,0.2118905161938518,0.5889900779727718,77.15946007653059,Attacked,Played,On Drive,0.712966918945312,0.6788406372070312,6.457296,-0.148624,-0.176139432611746,0.0,-10.6,-22.3454834027745,0.461299423522422,0.461299423522422,-8.32753,-0.049222,0.674383,-8.841005,-0.038189,0.714506,-15.7212202514326,-10.06018572302011,-0.0118034698724806,0.7858645041029276,0.0143223270659225,-1.537433390506528,0.00181695542804372,-1.0,M-CHINNASWAMY-STADIUM-BANGALORE,2023-04-10,2023,R,R,L,Royal-Challengers-Bangalore,Lucknow-Super-Giants,Spin,1.0
870,1,19,Royal Challengers Bangalore,Faf Du Plessis,Krunal Pandya,,3,6,4,4,4,0,0,0,0,0,0,0,0,0,1,0,0,,,0,2.6,1,1,0,302096,141.89,150.24,4,0,https://scores.bcci.tv/matchcentre/commentaryFiles/TATA-IPL-2023/Royal-Challengers-Bangalore-VS-Lucknow-Super-Giants-(10-Apr-2023)/File_1-3-302096.png,10,ORTHODOX,11,LOFTED ON DRIVE,0,0,6,2,25,0,Outside Off stump,Good Length,0,0,0,0,0,0,0,0,62.81872865273061,-2.565688015505499,8.340569622756249,-0.7968468357918814,2.037166745707072,-0.195251455966256,1.32523697579032,-10.04403367664,-25.3826892756132,1.62486388967211,-6.44804996592004,8.990232655234113,0.1215643180239027,0.592748758727757,86.75588200677328,Attacked,Edged,Off-Drive,0.679115295410156,0.6173171997070312,4.600467,-0.134169,-0.181304923397237,0.0,-10.6,-24.1582766585299,1.16110008034257,1.16110008034257,-7.867836,-0.017362,0.377074,-8.840957,0.030447,0.481557,-14.25353718054144,-10.06013395548842,0.0908534303407513,0.5878706606613999,1.74508694048999,-0.9111272093734696,0.200132281622703,-1.0,M-CHINNASWAMY-STADIUM-BANGALORE,2023-04-10,2023,R,R,L,Royal-Challengers-Bangalore,Lucknow-Super-Giants,Spin,1.0
870,1,19,Royal Challengers Bangalore,Virat Kohli,Avesh Khan,,4,1,4,4,4,0,0,0,0,0,0,0,0,0,1,0,0,,,0,3.1,1,1,0,302097,-168.63,111.36,4,0,https://scores.bcci.tv/matchcentre/commentaryFiles/TATA-IPL-2023/Royal-Challengers-Bangalore-VS-Lucknow-Super-Giants-(10-Apr-2023)/File_1-4-302097.png,39,ANGLED IN,51,FRONTFOOT COVERDRIVE,0,0,1,3,29,0,Outside Off stump,Good Length,1,0,0,0,0,0,0,0,87.71464394215889,-9.028388383784636,8.340624370608207,-0.6080591120583752,1.992506106173726,-0.276108578828127,0.150171761643115,-6.86344757149146,-35.8941152476565,0.326025143471989,-8.03932911354569,7.989969222452268,0.1340636446062203,0.5964956865994271,86.06798852929204,Attacked,Played,Cut,0.496170043945312,0.4683036804199219,8.151371,-0.524125,-0.25638653748326,0.0,-10.6,-34.1646208523474,0.839029454434248,0.839029454434248,-8.356868,-0.361807,0.771535,-8.841111,-0.349286,0.811315,-12.62438878477475,-10.05979707076417,-0.317560896871419,0.9015390210721476,0.0990930826638119,0.8864101299830854,0.0201151426196963,-1.0,M-CHINNASWAMY-STADIUM-BANGALORE,2023-04-10,2023,R,R,R,Royal-Challengers-Bangalore,Lucknow-Super-Giants,Seam,1.0
870,1,19,Royal Challengers Bangalore,Virat Kohli,Avesh Khan,,4,2,0,0,0,0,0,0,1,0,0,0,0,0,0,0,0,,,0,3.2,1,1,0,302098,30.96,32.19,0,0,,39,ANGLED IN,47,FRONTFOOT ON DRIVE,0,0,2,3,29,0,Off stump,Good Length,0,0,0,0,0,0,0,0,85.287775,-7.709310342671281,8.341157427940708,-0.6765243223198829,2.047851426828662,-0.266159252339847,0.897117962466476,-6.10123417393421,-34.6007028041802,1.84637051555103,-7.10713197409507,6.566929066712968,0.1155455894740644,0.5396380275972495,79.391145192181,Defended,Missed,Defend,0.496490478515625,0.475433349609375,6.568742,-0.120272,-0.247147877172715,0.0,-10.6,-33.315756625941,2.15813819070696,2.15813819070696,-8.337449,0.199438,0.500378,-8.840766,0.233324,0.534635,-11.60735305383947,-10.06008532059483,0.3159627824467126,0.607220609058513,0.6991440153218849,0.6518117209328014,0.0752598136731428,-1.0,M-CHINNASWAMY-STADIUM-BANGALORE,2023-04-10,2023,R,R,R,Royal-Challengers-Bangalore,Lucknow-Super-Giants,Seam,1.0
870,1,19,Royal Challengers Bangalore,Virat Kohli,Avesh Khan,,4,3,4,4,4,0,0,0,0,0,0,0,0,0,1,0,0,,,0,3.3,1,1,0,302099,-180.0,92.87,4,0,https://scores.bcci.tv/matchcentre/commentaryFiles/TATA-IPL-2023/Royal-Challengers-Bangalore-VS-Lucknow-Super-Giants-(10-Apr-2023)/File_1-4-302099.png,38,STRAIGHT BALL,51,FRONTFOOT COVERDRIVE,0,0,3,3,33,0,Outside Off stump,Good Length,0,0,0,0,0,0,0,0,85.52468487705836,-7.303784859044256,8.340620745794322,-0.5864098311908357,1.98106825085191,-0.270301923822395,0.945552490645982,-7.37014686962593,-35.1392500969113,0.510892645124451,-7.25378987420515,5.962461763560703,-0.0287314940456399,0.5104212927810634,89.43634332172351,Attacked,Played,Off-Drive,0.496238708496094,0.4507827758789063,6.7231,-0.471706,-0.250994643549366,0.0,-10.6,-35.4502321963198,0.730317707009977,0.730317707009977,-7.958509,-0.374903,0.443513,-8.840947,-0.356047,0.499296,-11.66372402142337,-10.05968440296596,-0.3298038872361186,0.5651760810713304,0.5188034830753128,0.347225805157988,0.0488448297538092,-1.0,M-CHINNASWAMY-STADIUM-BANGALORE,2023-04-10,2023,R,R,R,Royal-Challengers-Bangalore,Lucknow-Super-Giants,Seam,1.0
870,1,19,Royal Challengers Bangalore,Virat Kohli,Avesh Khan,,4,4,0,0,0,0,0,0,1,0,0,0,0,0,0,0,0,,,0,3.4,1,1,0,302100,-43.94,-33.23,0,0,,43,NIPBACKER,44,GLIDE,0,0,4,3,33,0,Outside Off stump,Short of Good Length,0,0,0,0,0,0,0,0,85.1119894922641,-9.881455645223909,8.341081486837915,-0.6258186371517553,1.983687938659672,-0.269250856805999,0.881368750816734,-9.09135065904257,-35.0026113847799,0.922871436351456,-8.83420203841659,8.625202661944234,0.1238793300936303,0.5712479980395784,83.29926669657374,Defended,Played,Defend,0.514606475830078,0.4865798950195313,9.212621,-0.420088,-0.250018652748428,0.0,-10.6,-33.2695755767252,1.3070584023032,1.3070584023032,-8.375649,-0.11563,0.923317,-8.841026,-0.096214,0.960434,-14.16488788019877,-10.05967574191641,-0.0450275582612311,1.047075368666159,0.4412799311946806,0.7395179011338137,0.0617342221738971,-1.0,M-CHINNASWAMY-STADIUM-BANGALORE,2023-04-10,2023,R,R,R,Royal-Challengers-Bangalore,Lucknow-Super-Giants,Seam,1.0
870,1,19,Royal Challengers Bangalore,Virat Kohli,Avesh Khan,,4,5,0,0,0,0,0,0,1,0,0,0,0,0,0,0,0,,,0,3.5,1,1,0,302101,-47.26,-29.44,0,0,,38,STRAIGHT BALL,44,GLIDE,0,0,5,3,33,0,Outside Off stump,Good Length,0,0,0,0,0,0,0,0,85.06688270363209,-9.725186081039723,8.340641941700142,-0.6496637837793116,2.013521180457431,-0.268178306228482,0.0799566997389554,-6.65668556996338,-34.8631798097026,0.667176529446022,-8.21615614040007,8.560721713663362,0.1495143620305405,0.6027105028551105,85.45513922521252,Defended,Played,Defend,0.515396118164062,0.4833755493164063,8.66027,-0.472817,-0.249022712926447,0.0,-10.6,-32.8958414694208,0.567725172199034,0.567725172199034,-8.253863,-0.351347,0.85843,-8.840704,-0.34064,0.907164,-13.26084790952478,-10.06033686134271,-0.3182250771278367,0.9969795442787496,0.1093263271727182,-0.1076076461516386,0.0110921580301456,-1.0,M-CHINNASWAMY-STADIUM-BANGALORE,2023-04-10,2023,R,R,R,Royal-Challengers-Bangalore,Lucknow-Super-Giants,Seam,1.0
870,1,19,Royal Challengers Bangalore,Virat Kohli,Avesh Khan,,4,6,0,0,0,0,0,0,1,0,0,0,0,0,0,0,0,,,0,3.6,1,1,0,302102,-58.17,69.64,0,0,,39,ANGLED IN,21,STEP DOWN OFF DRIVE,0,0,6,3,33,0,Outside Off stump,Short of Good Length,0,0,0,0,0,0,0,0,83.09075237218664,-11.82001652959855,8.34048372446319,-0.636166736556789,1.981965702642251,-0.263351211854706,-0.235038101828401,-7.76252984449815,-34.2356575411117,0.515015141891617,-9.37556609710712,10.29827540778762,0.2165557501593582,0.6003728607769355,78.4003541006045,Attacked,Played,Off-Drive,0.515430450439453,0.4655570983886719,10.364397,-0.512771,-0.244540411007941,0.0,-10.6,-30.9787811569216,0.842730616326969,0.842730616326969,-6.852189,-0.312372,1.086752,-8.841094,-0.254544,1.275076,-15.31518008973602,-10.05999350805713,-0.2186194498740283,1.366937377903202,-0.0341877528393699,0.6964111775121782,-0.00228726460548401,-1.0,M-CHINNASWAMY-STADIUM-BANGALORE,2023-04-10,2023,R,R,R,Royal-Challengers-Bangalore,Lucknow-Super-Giants,Seam,1.0
870,1,19,Royal Challengers Bangalore,Faf Du Plessis,Krunal Pandya,,5,1,0,0,0,0,0,0,1,0,0,0,0,0,0,0,0,,,0,4.1,1,1,0,302103,80.26,8.96,0,0,,23,ARM BALL,97,BACKFOOT PUSH,0,0,1,4,33,0,Leg stump,Good Length,1,0,0,0,0,0,0,0,61.15558799647665,-3.702608513428753,8.340589661814384,-0.6432880366135417,2.014336930561113,-0.191667079937044,1.35613709667799,-10.4368515966344,-24.9167203918157,1.8011765851044,-6.6507913836359,10.47979011954297,0.2106927357772028,0.6307690897938475,83.54608989135684,Attacked,Played,Glance,0.710586547851562,0.6703605651855469,6.194013,0.05143,-0.177976574227255,0.0,-10.6,-22.6794498766379,0.881741633443963,0.881741633443963,-8.368487,0.229648,0.6757,-8.841036,0.248729,0.717639,-14.94501134684021,-10.06004253319682,0.2982947949104824,0.803382280258957,1.684657639387293,-1.908148703316019,0.172355132253665,-1.0,M-CHINNASWAMY-STADIUM-BANGALORE,2023-04-10,2023,R,R,L,Royal-Challengers-Bangalore,Lucknow-Super-Giants,Spin,1.0
870,1,19,Royal Challengers Bangalore,Faf Du Plessis,Krunal Pandya,,5,2,1,1,1,1,0,0,0,0,0,0,0,0,0,0,0,,,0,4.2,1,1,0,302104,-92.77,122.27,1,0,,10,ORTHODOX,84,FRONTFOOT OFF DRIVE,0,0,2,4,34,0,Outside Off stump,Good Length,0,0,0,0,0,0,0,0,55.66859898702025,-1.774247845729425,8.340682551638032,-0.6780165997580091,2.019568982847304,-0.174366128826277,-0.41891930267881,-11.2805365793179,-22.667596747416,0.773981566801508,-6.72593193565469,10.39276301536974,0.2157560298596246,0.5567987765722743,71.94421349987869,Attacked,Played,Cut,0.731597900390625,0.7355804443359375,5.864088,-0.210966,-0.161911405338686,0.0,-10.6,-20.4193752037624,-0.304263233534675,-0.304263233534675,-8.364249,-0.274127,0.589718,-8.840989,-0.281488,0.623984,-16.52668208798195,-10.06013386310191,-0.3004439095884824,0.683664937704206,-0.3373767300079865,-2.809280473298679,-0.034911105638622,-1.0,M-CHINNASWAMY-STADIUM-BANGALORE,2023-04-10,2023,R,R,L,Royal-Challengers-Bangalore,Lucknow-Super-Giants,Spin,1.0
870,1,19,Royal Challengers Bangalore,Virat Kohli,Krunal Pandya,,5,3,6,6,6,0,0,0,0,0,0,0,0,0,0,1,0,,,0,4.3,1,1,0,302105,87.37,192.9,6,0,,10,ORTHODOX,11,LOFTED ON DRIVE,0,0,3,4,40,0,Outside Off stump,Good Length,0,0,0,0,0,0,0,0,60.73002714528835,-4.717146305329199,8.340634417303207,-0.7305209960555161,1.963418644806602,-0.191676821515675,0.803964709822108,-10.4959451362646,-24.9179867970378,1.14975042337675,-6.71512340676612,10.42902313541958,0.2721424773746597,0.6032925967320675,73.27964177234416,Attacked,Played,,0.714912414550781,0.6744003295898438,7.308527,-0.312734,-0.177985619978841,0.0,-10.6,-22.0103669146217,0.428039322221637,0.428039322221637,-8.075128,-0.206909,0.730166,-8.840611,-0.191303,0.775279,-15.08228295890197,-10.05993248727019,-0.1662321215860316,0.8182476845126702,0.9340611716988996,-1.527732576759097,0.0870210609920286,-1.0,M-CHINNASWAMY-STADIUM-BANGALORE,2023-04-10,2023,R,R,L,Royal-Challengers-Bangalore,Lucknow-Super-Giants,Spin,1.0
870,1,19,Royal Challengers Bangalore,Virat Kohli,Krunal Pandya,,5,4,0,0,0,0,0,0,1,0,0,0,0,0,0,0,0,,,0,4.4,1,1,0,302106,-33.51,55.42,0,0,,23,ARM BALL,27,FORWARD PUSH,0,0,4,4,40,0,Outside Off stump,Good Length,0,0,0,0,0,0,0,0,59.77754113594648,-3.183483726121401,8.340764682817518,-0.764185039852931,2.038549618929268,-0.194090053436702,0.253159659811716,-10.6226561631822,-25.2317069467712,1.10546342871877,-6.67834013413727,8.249734896479556,0.1342414119629715,0.518561918042813,74.3601465101248,Defended,Played,Defend,0.696372985839844,0.6378593444824219,5.60836,-0.259209,-0.180226478191223,0.0,-10.6,-23.8855898777269,0.652705036349691,0.652705036349691,-8.086012,-0.158508,0.45924,-8.840941,-0.137234,0.513181,-14.82511945388322,-10.06011564872379,-0.1026127510974544,0.5768924140001301,0.4772253909359999,-0.943372642371329,0.0511989912266051,-1.0,M-CHINNASWAMY-STADIUM-BANGALORE,2023-04-10,2023,R,R,L,Royal-Challengers-Bangalore,Lucknow-Super-Giants,Spin,1.0
870,1,19,Royal Challengers Bangalore,Virat Kohli,Krunal Pandya,,5,5,1,1,1,1,0,0,0,0,0,0,0,0,0,0,0,,,0,4.5,1,1,0,302107,121.98,60.16,1,0,,23,ARM BALL,27,FORWARD PUSH,0,0,5,4,41,0,Off stump,Good Length,0,0,0,0,0,0,0,0,61.00771239554656,-4.683836499223636,8.340739252463617,-0.7573008968893861,1.999907539576891,-0.191902610605028,1.24625510076195,-9.82545541447508,-24.9473393786537,1.72814147995858,-6.56767722820164,9.929352699505529,0.2557940470209739,0.594804916654667,73.64133279610266,Attacked,Played,Glance,0.715415954589844,0.6596603393554688,6.893043,-0.115207,-0.178195281276098,0.0,-10.6,-22.315653929904,0.739231134400842,0.739231134400842,-7.931345,0.045699,0.655984,-8.840791,0.077136,0.714408,-14.74912133790046,-10.06017233945163,0.1196635738168445,0.7629360220021247,1.480198111200872,-2.065345298397886,0.125212724756754,-1.0,M-CHINNASWAMY-STADIUM-BANGALORE,2023-04-10,2023,R,R,L,Royal-Challengers-Bangalore,Lucknow-Super-Giants,Spin,1.0
870,1,19,Royal Challengers Bangalore,Faf Du Plessis,Krunal Pandya,,5,6,1,1,1,1,0,0,0,0,0,0,0,0,0,0,0,,,0,4.6,1,1,0,302108,146.63,49.26,1,0,,10,ORTHODOX,58,BACKFOOT PULL SHOT,0,0,6,4,42,0,Outside Off stump,Short of Good Length,0,0,0,0,0,0,0,0,55.49995283758385,-5.645175616107012,8.340629549064012,-0.7467112775773571,1.992229292340979,-0.176047318794604,-0.406650045410997,-9.88361373749197,-22.8861514432985,0.875086696479656,-6.64668093553068,10.01562009749852,0.1829712931724911,0.5581379527720803,75.42356359856295,Attacked,Played,Pull-Hook,0.744907379150391,0.7200164794921875,8.281365,-0.337244,-0.163472510309275,0.0,-10.6,-21.0056336454706,0.31149933072034,0.31149933072034,-7.812735,-0.245593,0.690763,-8.840729,-0.22953,0.707145,-16.19454980661225,-10.06019384187012,-0.2102978531294387,0.6896811931656459,-0.2435596979233421,-1.340128899837928,-0.0205298895857385,-1.0,M-CHINNASWAMY-STADIUM-BANGALORE,2023-04-10,2023,R,R,L,Royal-Challengers-Bangalore,Lucknow-Super-Giants,Spin,1.0
870,1,19,Royal Challengers Bangalore,Faf Du Plessis,Mark Wood,,6,1,1,1,1,1,0,0,0,0,0,0,0,0,0,0,0,,,0,5.1,1,1,0,302109,112.03,-44.13,1,0,https://scores.bcci.tv/matchcentre/commentaryFiles/TATA-IPL-2023/Royal-Challengers-Bangalore-VS-Lucknow-Super-Giants-(10-Apr-2023)/File_1-6-302109.png,39,ANGLED IN,40,FRONTFOOT FLICK,0,0,1,5,43,0,Leg stump,Full Length,1,0,0,0,0,0,0,0,93.10224685427904,-4.033598083921738,8.34096863092644,-0.8569649515506786,1.896850733961797,-0.28346195079767,1.19055865342591,-7.26396837234053,-36.8500536036971,2.60364480561579,-5.96148145910946,6.69954506115824,0.2180272934117888,0.6831499625493078,90.6697650412173,Attacked,Played,Glance,0.453632354736328,0.419403076171875,2.049264000000001,0.127283,-0.263214668597837,0.0,-10.6,-34.6706466768793,2.40873315791423,2.40873315791423,-8.060459,0.130738,0.045469,-8.841072,0.185153,0.134423,-9.189507873692792,-10.0599728328815,0.2707721920253341,0.2634357589073981,1.135349195487824,-0.0673018164906858,0.154075163627829,-1.0,M-CHINNASWAMY-STADIUM-BANGALORE,2023-04-10,2023,R,R,R,Royal-Challengers-Bangalore,Lucknow-Super-Giants,Seam,1.0
870,1,19,Royal Challengers Bangalore,Virat Kohli,Mark Wood,,6,2,4,4,4,0,0,0,0,0,0,0,0,0,1,0,0,,,0,5.2,1,1,0,302110,-10.76,224.19,4,0,https://scores.bcci.tv/matchcentre/commentaryFiles/TATA-IPL-2023/Royal-Challengers-Bangalore-VS-Lucknow-Super-Giants-(10-Apr-2023)/File_1-6-302110.png,39,ANGLED IN,13,LOFTED STRAIGHT,0,0,2,5,47,0,Leg stump,Full Length,0,0,0,0,0,0,0,0,92.73082736902336,-5.492453632123747,8.340701810796944,-0.8134693432325828,1.871154958102648,-0.28658688169461,0.869582073546195,-6.52745119167516,-37.2562946202993,2.42061121953238,-6.29553636569539,4.850569988523579,0.063912530055231,0.494207165546749,77.73982182648926,Attacked,Played,Off-Drive,0.457008361816406,0.4263954162597656,4.41276,-0.005582,-0.266116390144995,0.0,-10.6,-36.6633679158821,2.27095667412044,2.27095667412044,-8.18278,0.152934,0.232569,-8.840968,0.194569,0.274263,-9.591187296968249,-10.06005230067242,0.2722240775227817,0.342510828388083,0.7895166509639547,-0.1729736135652457,0.0877626364778922,-1.0,M-CHINNASWAMY-STADIUM-BANGALORE,2023-04-10,2023,R,R,R,Royal-Challengers-Bangalore,Lucknow-Super-Giants,Seam,1.0
870,1,19,Royal Challengers Bangalore,Virat Kohli,Mark Wood,,6,3,6,6,6,0,0,0,0,0,0,0,0,0,0,1,0,,,0,5.3,1,1,0,302111,159.43,132.7,6,0,https://scores.bcci.tv/matchcentre/commentaryFiles/TATA-IPL-2023/Royal-Challengers-Bangalore-VS-Lucknow-Super-Giants-(10-Apr-2023)/File_1-6-302111.png,39,ANGLED IN,11,LOFTED ON DRIVE,0,0,3,5,53,0,Outside Off stump,Good Length,0,1,1,0,1,0,0,0,92.58305710351716,-9.991854013287972,8.340800780330682,-0.8467595517222185,1.793021224710231,-0.293736124635407,0.473640480851706,-6.73640513977099,-38.1856962026029,1.71296377590529,-8.66625278225939,7.150057814026141,0.1260897745849385,0.5287503356687406,76.70357289181725,Attacked,Played,,0.472503662109375,0.438262939453125,9.6877,-0.479993,-0.272754972875735,0.0,-10.6,-36.5285496388136,1.35284639808179,1.35284639808179,-8.082991,-0.185875,0.789033,-8.841062,-0.155994,0.836757,-12.78669501084383,-10.06003106758067,-0.1075660934180441,0.9031216680382292,0.3079944849494979,-0.4474989134178655,0.0249540081578671,78.0,M-CHINNASWAMY-STADIUM-BANGALORE,2023-04-10,2023,R,R,R,Royal-Challengers-Bangalore,Lucknow-Super-Giants,Seam,1.0
870,1,19,Royal Challengers Bangalore,Virat Kohli,Mark Wood,,6,4,1,1,1,1,0,0,0,0,0,0,0,0,0,0,0,,,0,5.4,1,1,0,302112,52.77,67.27,1,0,,39,ANGLED IN,27,FORWARD PUSH,0,0,4,5,54,0,Outside Off stump,Good Length,0,0,1,0,0,0,0,0,89.53244603672702,-8.517132359116331,8.340728763570063,-0.8875590260916343,1.892972278517025,-0.281469867146496,-0.143133336325226,-5.42412713819103,-36.5910827290445,2.09696605672984,-7.43218140361203,6.858954373826633,0.0514858852977449,0.5825578511721637,92.23508914605006,Attacked,Played,Nudge,0.478431701660156,0.4471778869628906,7.82816,-0.299521,-0.261364876636032,0.0,-10.6,-35.9946966492354,1.91403233420304,1.91403233420304,-8.195924,0.024694,0.618998,-8.841037,0.060639,0.66472,-11.48141648971847,-10.06004378505483,0.1290459708789433,0.7414057754510913,0.1887938215198572,-0.2360666195543828,0.0170767188298336,-1.0,M-CHINNASWAMY-STADIUM-BANGALORE,2023-04-10,2023,R,R,R,Royal-Challengers-Bangalore,Lucknow-Super-Giants,Seam,1.0
870,1,19,Royal Challengers Bangalore,Faf Du Plessis,Mark Wood,,6,5,1,1,1,1,0,0,0,0,0,0,0,0,0,0,0,,,0,5.5,1,1,0,302113,-51.06,48.31,1,0,,39,ANGLED IN,27,FORWARD PUSH,0,0,5,5,55,0,Outside Off stump,Good Length,0,0,1,0,0,0,0,0,93.34026980308032,-8.712129322779692,8.340439886155721,-0.9158115343103912,1.842911923169682,-0.294617718082096,1.22680012464486,-6.82893922867298,-38.3003033506725,1.1819685514231,-8.0301772258457,6.111524028379447,0.0632353944449015,0.5005624129956938,78.76082250486392,Attacked,Played,Off-Drive,0.460166931152344,0.4427490234375,8.438902,-0.658126,-0.273573595361946,0.0,-10.6,-37.540927628067,1.08364264636634,1.08364264636634,-8.647993,-0.449913,0.621603,-8.841062,-0.444034,0.632204,-11.84131443488228,-10.05962421490874,-0.4067311617443674,0.6922027334325016,0.5526591386780452,-0.1141986201482435,0.0463862199123082,-1.0,M-CHINNASWAMY-STADIUM-BANGALORE,2023-04-10,2023,R,R,R,Royal-Challengers-Bangalore,Lucknow-Super-Giants,Seam,1.0
870,1,19,Royal Challengers Bangalore,Virat Kohli,Mark Wood,,6,6,1,1,1,1,0,0,0,0,0,0,0,0,0,0,0,,,0,5.6,1,1,0,302114,-100.83,-76.84,1,0,,39,ANGLED IN,44,GLIDE,0,0,6,5,56,0,Outside Off stump,Short of Good Length,0,0,1,0,0,0,0,0,92.69073326579093,-12.80661846486712,8.340543363628196,-0.9961414595079184,1.772851579363051,-0.299484499251708,-1.15587986541125,-6.77167433070136,-38.932984902722,2.05799353287915,-10.5184437873714,8.892059671162556,0.1823881599960127,0.5355182630094013,72.08892345180892,Attacked,Played,Cut,0.489852905273438,0.463714599609375,11.375056,-0.616612,-0.278092749305157,0.0,-10.6,-36.0030710537539,1.66478861803419,1.66478861803419,-8.648504,-0.137201,1.21145,-8.840788,-0.127561,1.226214,-15.11854245307233,-10.06018955458005,-0.0660611030732624,1.312034965681026,-0.1279656077270786,-0.378351279714513,-0.00607224854308785,-1.0,M-CHINNASWAMY-STADIUM-BANGALORE,2023-04-10,2023,R,R,R,Royal-Challengers-Bangalore,Lucknow-Super-Giants,Seam,1.0
870,1,19,Royal Challengers Bangalore,Virat Kohli,Ravi Bishnoi,,7,1,1,1,1,1,0,0,0,0,0,0,0,0,0,0,0,,,0,6.1,1,1,0,302115,-143.5,59.21,1,0,,24,LEG SPIN,51,FRONTFOOT COVERDRIVE,0,0,1,6,57,0,Outside Off stump,Good Length,1,0,1,0,0,0,0,0,62.72405065309704,-2.077330133209693,8.340626831851964,-0.8171512756873618,1.844108206443368,-0.19520732676976,-0.5423466287553,-10.0827061794519,-25.3769524800688,0.782611455040981,-6.10602543846,8.773234244944769,0.1365337073223405,0.6077535728773119,87.50966519936274,Attacked,Played,Off-Drive,0.679481506347656,0.6293106079101562,4.936628,-0.352939,-0.181263946286206,0.0,-10.6,-24.04562923713,0.38229318607999,0.38229318607999,-8.082689,-0.305357,0.42617,-8.841044,-0.292989,0.497998,-13.52893975292861,-10.05998390901969,-0.2729558671157535,0.5908014287106631,-0.3938762792235795,-0.855561775349554,-0.0448152893581751,-1.0,M-CHINNASWAMY-STADIUM-BANGALORE,2023-04-10,2023,R,R,R,Royal-Challengers-Bangalore,Lucknow-Super-Giants,Spin,1.0
870,1,19,Royal Challengers Bangalore,Faf Du Plessis,Ravi Bishnoi,,7,2,1,1,1,1,0,0,0,0,0,0,0,0,0,0,0,,,0,6.2,1,1,0,302116,102.54,-55.04,1,0,,28,GOOGLY,40,FRONTFOOT FLICK,0,0,2,6,58,0,Off stump,Full Length,0,0,1,0,0,0,0,0,60.56464045435371,-1.487131922330114,8.34064678418131,-0.8263545723379645,1.874860690410498,-0.191883324712644,-0.19175965838356,-9.81443266660888,-24.9448322126437,1.64995026999907,-6.03127553683533,7.653169653334302,0.2098923754377195,0.5135937418118779,66.04982372800974,Attacked,Played,Glance,0.698570251464844,0.6256484985351562,4.171171,0.0949,-0.178177372947455,0.0,-10.6,-23.0524198024725,1.19269220294102,1.19269220294102,-7.818169,0.195472,0.271474,-8.84083,0.249401,0.360284,-13.5923736520384,-10.06020914641561,0.3142757721103241,0.4384055525337139,0.1583244360757185,-0.8225146965910961,0.0195344084508396,-1.0,M-CHINNASWAMY-STADIUM-BANGALORE,2023-04-10,2023,R,R,R,Royal-Challengers-Bangalore,Lucknow-Super-Giants,Spin,1.0
870,1,19,Royal Challengers Bangalore,Virat Kohli,Ravi Bishnoi,,7,3,0,0,0,0,0,0,1,0,0,0,0,0,0,0,0,,,0,6.3,1,1,0,302117,-14.08,59.69,0,0,,24,LEG SPIN,53,FRONTFOOT STRAIGHT DRIVE,0,0,3,6,58,0,Outside Off stump,Full Length,0,0,1,0,0,0,0,0,59.90000000000007,-0.2261051030956759,8.340882811961126,-0.7873555070368525,1.919675791948509,-0.191652316041388,-0.223592629100602,-10.3640828735851,-24.9148010853805,0.178642152284982,-6.25077148778808,9.740389898647642,0.1207872309638489,0.6499999999999997,95.42127690361508,Attacked,Edged,Off-Drive,0.688716888427734,0.6188507080078125,2.768322,-0.642266,-0.177962864895575,-0.0302120275722481,-10.6,-23.6690610311114,0.169710044670733,0.169710044670733,-7.914124,-0.637803,0.138699,-8.840995,-0.631157,0.279821,-14.08400430435739,-10.05984003359947,-0.6224194852861568,0.4414453158838557,-0.2278326070394949,1.2722218725854072e-14,-0.0291523145138093,-1.0,M-CHINNASWAMY-STADIUM-BANGALORE,2023-04-10,2023,R,R,R,Royal-Challengers-Bangalore,Lucknow-Super-Giants,Spin,1.0
870,1,19,Royal Challengers Bangalore,Virat Kohli,Ravi Bishnoi,,7,4,1 (WD),1,0,0,0,0,0,1,1,0,0,0,0,0,0,,,0,6.4,1,1,1,302118,-14.08,59.69,1,0,,28,GOOGLY,58,BACKFOOT PULL SHOT,0,0,4,6,59,0,Off stump,Good Length,0,0,1,0,0,0,0,0,59.89848113187324,-6.00407234883041,8.340662411067939,-0.9084055009072444,1.727136166930982,-0.190589801291651,-0.107346849901648,-9.84777496825665,-24.7766741679146,2.05405443808793,-6.35991375881974,8.091859258267261,0.1380937357940552,0.523926106863518,74.7795424501222,Attacked,Played,,0.704463958740234,0.7648086547851562,9.107272,-0.157206,-0.176976244056533,0.0,-10.6,-23.4366003480143,2.01732897831091,2.01732897831091,-999.9,-999.9,-999.9,-8.84097,0.542845,0.587368,-14.39640963904133,-10.0598160076837,0.6549534855435573,0.5517564063873002,0.2314623815069561,0.1805253887179951,0.0185266660095642,-1.0,M-CHINNASWAMY-STADIUM-BANGALORE,2023-04-10,2023,R,R,R,Royal-Challengers-Bangalore,Lucknow-Super-Giants,Spin,1.0
870,1,19,Royal Challengers Bangalore,Virat Kohli,Ravi Bishnoi,,7,4,1,1,1,1,0,0,0,0,0,0,0,0,0,0,0,,,0,6.4,1,1,0,302119,-150.14,38.36,1,0,,24,LEG SPIN,52,BACKFOOT COVERDRIVE,0,0,5,6,60,0,Outside Off stump,Good Length,0,0,1,0,0,0,0,0,59.43629793748055,-3.668034127096067,8.3407641738,-0.8951746976362803,1.773260353484441,-0.187746720440589,-0.0067550759669063,-9.99267913619698,-24.4070736572766,0.488209655193822,-6.09982696506388,9.399542154725314,0.1801793722806529,0.6141575772951697,84.10569936621019,Attacked,Played,Cut,0.691268920898438,0.7047271728515625,7.196243,-0.679535,-0.174336240409119,0.0,-10.6,-22.6304140052592,0.581941564303924,0.581941564303924,-8.710865,-0.525685,0.676003,-8.840887,-0.522182,0.681493,-14.03195391379021,-10.06001352580475,-0.48915591927622,0.7143687597381166,0.0844804193951593,0.3271146926312177,0.00336619109830569,-1.0,M-CHINNASWAMY-STADIUM-BANGALORE,2023-04-10,2023,R,R,R,Royal-Challengers-Bangalore,Lucknow-Super-Giants,Spin,1.0
870,1,19,Royal Challengers Bangalore,Faf Du Plessis,Ravi Bishnoi,,7,5,1,1,1,1,0,0,0,0,0,0,0,0,0,0,0,,,0,6.5,1,1,0,302120,-62.91,8.49,1,0,,27,TOP SPINNER,49,FORWARD DEFENCE,0,0,6,6,61,0,Outside Off stump,Good Length,0,0,1,0,0,0,0,0,59.40364288838204,-1.598951400472649,8.341091717700294,-0.9191837704262794,1.835847348828416,-0.184944603702549,1.11167600247005,-9.78962559443199,-24.0427984813313,1.22152317321644,-5.96602585402008,10.26782006903477,0.194532300819234,0.6709744332257661,91.19293490194153,Attacked,Played,Nudge,0.695068359375,0.6663093566894531,4.913366,-0.425545,-0.171734274866652,0.0,-10.6,-22.0979085383601,1.27224071159898,1.27224071159898,-8.042727,-0.256904,0.483454,-8.84086,-0.209745,0.572472,-13.9360012385577,-10.06007719674654,-0.1371213977904043,0.6810738512384682,1.552491357058603,0.3865669536998657,0.174265254346619,-1.0,M-CHINNASWAMY-STADIUM-BANGALORE,2023-04-10,2023,R,R,R,Royal-Challengers-Bangalore,Lucknow-Super-Giants,Spin,1.0
870,1,19,Royal Challengers Bangalore,Virat Kohli,Ravi Bishnoi,,7,6,1,1,1,1,0,0,0,0,0,0,0,0,0,0,0,,,0,6.6,1,1,0,302121,-95.62,-8.1,1,0,,28,GOOGLY,97,BACKFOOT PUSH,0,0,7,6,62,0,Outside Off stump,Good Length,0,0,1,0,0,0,0,0,60.02422213579961,-3.606645589074419,8.340590012223295,-0.9313235129366652,1.784030174007119,-0.193156006793544,0.739837977299017,-9.77649539278015,-25.1102808831607,1.0713972920887,-6.07106619007871,8.44902320842521,0.2448936187903441,0.5577303536103468,69.17019116251763,Attacked,Played,Cut,0.717441558837891,0.6882362365722656,6.743765,-0.528118,-0.179359149165434,0.0,-10.6,-22.7950912813541,1.00302270189149,1.00302270189149,-8.750825,-0.283724,0.561501,-8.840938,-0.27958,0.564729,-13.5919160250287,-10.06021958664356,-0.2232078885070076,0.5906706726222808,0.8888202788471676,0.0762905859823991,0.0868385746152304,-1.0,M-CHINNASWAMY-STADIUM-BANGALORE,2023-04-10,2023,R,R,R,Royal-Challengers-Bangalore,Lucknow-Super-Giants,Spin,1.0
870,1,19,Royal Challengers Bangalore,Virat Kohli,Krunal Pandya,,8,1,1,1,1,1,0,0,0,0,0,0,0,0,0,0,0,,,0,7.1,1,1,0,302122,-59.59,-12.37,1,0,,10,ORTHODOX,49,FORWARD DEFENCE,0,0,1,7,63,0,Off stump,Good Length,1,0,1,0,0,0,0,0,50.49999999999996,-2.501038944703192,8.341020869207604,-0.7082406809007166,2.085598877113203,-0.168501339308744,-0.251030799638135,-9.15473659634644,-21.9051741101367,0.851584091997308,-6.20069842975435,11.36294543473409,0.420787762302325,0.5770608268766886,54.4803478012708,Defended,Played,Defend,0.4830322265625,0.7423439025878906,5.478501,-0.189592,-0.15646552935812,0.0,-10.6,-17.8052186213291,0.243859158072092,0.243859158072092,-7.740442,-0.145715,0.518328,-8.84097,-0.130135,0.603455,-15.80522823180971,-10.05999520243909,-0.1126925606949791,0.6474158055083729,-0.1342850364718006,-1.441635454348713,0.00684407355284067,-1.0,M-CHINNASWAMY-STADIUM-BANGALORE,2023-04-10,2023,R,R,L,Royal-Challengers-Bangalore,Lucknow-Super-Giants,Spin,1.0
870,1,19,Royal Challengers Bangalore,Faf Du Plessis,Krunal Pandya,,8,2,1,1,1,1,0,0,0,0,0,0,0,0,0,0,0,,,0,7.2,1,1,0,302123,-67.17,42.62,1,0,,23,ARM BALL,97,BACKFOOT PUSH,0,0,2,7,64,0,Outside Off stump,Short of Good Length,0,0,1,0,0,0,0,0,58.90114266603277,-3.40573301735951,8.340643652928684,-0.7858465334354243,2.014878673213877,-0.184859928823521,1.11948951486225,-10.1765094961614,-24.0317907470578,1.37934532545718,-6.52356770171831,10.12237671737722,0.2232885342624203,0.5947088656680586,76.87747642396677,Attacked,Played,Cut,0.737331390380859,0.7210922241210938,6.147352,-0.246643,-0.17165564819327,0.0,-10.6,-21.7309215893002,0.872494004130976,0.872494004130976,-8.893418,-0.042625,0.661662,-8.840848,-0.044822,0.658101,-15.18728744007989,-10.05986254324826,0.0063605355334382,0.7236135803718414,1.46877051449082,-0.9858000702280064,0.150575924408159,-1.0,M-CHINNASWAMY-STADIUM-BANGALORE,2023-04-10,2023,R,R,L,Royal-Challengers-Bangalore,Lucknow-Super-Giants,Spin,1.0
870,1,19,Royal Challengers Bangalore,Virat Kohli,Krunal Pandya,,8,3,1,1,1,1,0,0,0,0,0,0,0,0,0,0,0,,,0,7.3,1,1,0,302124,77.89,102.36,1,0,,23,ARM BALL,97,BACKFOOT PUSH,0,0,3,7,65,0,Outside Off stump,Good Length,0,0,1,0,0,0,0,0,61.90970135022364,-3.297461825358153,8.340738410142027,-0.8085630724456191,1.964899267809773,-0.192953395405549,1.12144856915021,-9.1892788614538,-25.0839414027214,1.72923706236888,-6.15085176294539,9.080520665347148,0.2600545195474712,0.5867662456409004,72.00948489138793,Attacked,Played,Nudge,0.692413330078125,0.6628189086914062,5.336715,-0.088487,-0.179171010019438,0.0,-10.6,-22.5815980768633,1.03605837980752,1.03605837980752,-8.428573,0.084063,0.498067,-8.84099,0.103591,0.530935,-13.77769075950344,-10.06002004439812,0.1617009854822721,0.6064674049698349,1.511064700330109,-1.316692433683216,0.165000717148101,-1.0,M-CHINNASWAMY-STADIUM-BANGALORE,2023-04-10,2023,R,R,L,Royal-Challengers-Bangalore,Lucknow-Super-Giants,Spin,1.0
870,1,19,Royal Challengers Bangalore,Faf Du Plessis,Krunal Pandya,,8,4,1 (LB),1,0,0,0,0,1,1,0,0,0,1,0,0,0,,,0,7.4,1,1,1,302125,77.89,102.36,1,0,,10,ORTHODOX,97,BACKFOOT PUSH,0,0,4,7,66,0,Outside Off stump,Good Length,0,0,1,0,0,0,0,0,62.24413424260636,-3.863700286721201,8.34070222498923,-0.6318411470814305,1.980264411097389,-0.195011172805849,1.4426642291534,-10.2431403780612,-25.3514524647603,1.997550420729,-6.58256980499688,9.510127258923168,0.1955778785222861,0.5937855934294315,79.51005116218613,Defended,Missed,Defend,0.688430786132812,0.6838531494140625,6.205514,0.134132,-0.181081803319716,0.0,-10.6,-23.3317476514106,1.47271648918521,1.47271648918521,-8.977401,0.464098,0.646062,-8.840924,0.455132,0.636528,-14.55556884619891,-10.05975094984245,0.5355586054650141,0.7080020541396075,1.750610351298829,-0.893514844879744,0.179098559283243,-1.0,M-CHINNASWAMY-STADIUM-BANGALORE,2023-04-10,2023,R,R,L,Royal-Challengers-Bangalore,Lucknow-Super-Giants,Spin,1.0
870,1,19,Royal Challengers Bangalore,Virat Kohli,Krunal Pandya,,8,5,1,1,1,1,0,0,0,0,0,0,0,0,0,0,0,,,0,7.5,1,1,0,302126,105.86,-50.3,1,0,,23,ARM BALL,40,FRONTFOOT FLICK,0,0,5,7,67,0,Leg stump,Full Length,0,0,1,0,0,0,0,0,56.2799491514054,-2.005761187660517,8.340744025194464,-0.7181730657225842,2.049363421189343,-0.175137584325316,1.21782124449219,-9.58467923018039,-22.7678859622911,1.80347183865583,-6.25636243705236,8.72936019260067,0.1368664604494355,0.5277936821007282,75.48240627016568,Attacked,Played,Glance,0.73773193359375,0.6884307861328125,4.980263,0.1019,-0.162627756873508,0.0,-10.6,-21.5054062184051,1.04895773686498,1.04895773686498,-7.792696,0.235605,0.38261,-8.840902,0.288016,0.466857,-15.36500611720405,-10.05980366368022,0.3495022353475075,0.5319597481632186,1.97522534559445,-1.736539088008261,0.221378178802679,-1.0,M-CHINNASWAMY-STADIUM-BANGALORE,2023-04-10,2023,R,R,L,Royal-Challengers-Bangalore,Lucknow-Super-Giants,Spin,1.0
870,1,19,Royal Challengers Bangalore,Faf Du Plessis,Krunal Pandya,,8,6,1,1,1,1,0,0,0,0,0,0,0,0,0,0,0,,,0,7.6,1,1,0,302127,-83.77,133.17,1,0,,10,ORTHODOX,6,BACKFOOT OFF DRIVE,0,0,6,7,68,0,Off stump,Good Length,0,0,1,0,0,0,0,0,59.1705245653147,-4.568679306551501,8.341027043065402,-0.7574702194920245,1.980005926407552,-0.186517012872233,1.09746262886327,-9.95710762377151,-24.2472116733903,1.41645137814452,-6.54663480932151,9.331190281092375,0.2565674600975845,0.5443428404979352,65.99468006493184,Attacked,Played,Cut,0.722076416015625,0.717681884765625,7.123855,-0.234871,-0.173194369095645,0.0,-10.6,-21.6876563838136,0.548373909028819,0.548373909028819,-8.691516,-0.085896,0.627451,-8.840599,-0.081942,0.632107,-15.10932769587558,-10.06006609696733,-0.0494153330019886,0.6494948831456469,1.328519636432194,-1.894833581753003,0.126995681129583,-1.0,M-CHINNASWAMY-STADIUM-BANGALORE,2023-04-10,2023,R,R,L,Royal-Challengers-Bangalore,Lucknow-Super-Giants,Spin,1.0
870,1,19,Royal Challengers Bangalore,Faf Du Plessis,Ravi Bishnoi,,9,1,1,1,1,1,0,0,0,0,0,0,0,0,0,0,0,,,0,8.1,1,1,0,302128,116.77,94.3,1,0,,28,GOOGLY,97,BACKFOOT PUSH,0,0,1,8,69,0,Outside Off stump,Good Length,1,0,1,0,0,0,0,0,60.6174483906147,-4.029615789384312,8.340929903963286,-0.9775501131538624,1.799171593975919,-0.197020556800946,0.137134029401336,-9.88485362935022,-25.6126723841229,1.66465129842874,-6.18977641795982,9.948557585344362,0.3441855647127209,0.6284694129760604,69.85185547513699,Attacked,Played,Glance,0.719444274902344,0.6766433715820312,6.974109,-0.278266,-0.182947659886592,0.0,-10.6,-22.1781910527506,0.922492280561019,0.922492280561019,-8.485073,-0.048535,0.696153,-8.841007,-0.033016,0.715687,-13.58609109194757,-10.05976924638144,0.0204875523290267,0.7600340097644068,0.4198728094603285,-1.336789680425878,0.0393296530662247,-1.0,M-CHINNASWAMY-STADIUM-BANGALORE,2023-04-10,2023,R,R,R,Royal-Challengers-Bangalore,Lucknow-Super-Giants,Spin,1.0
870,1,19,Royal Challengers Bangalore,Virat Kohli,Ravi Bishnoi,,9,2,0,0,0,0,0,0,1,0,0,0,0,0,0,0,0,,,0,8.2,1,1,0,302129,-57.69,49.73,0,0,,28,GOOGLY,27,FORWARD PUSH,0,0,2,8,69,0,Outside Off stump,Good Length,0,0,1,0,0,0,0,0,61.08417446012992,-2.374243130692111,8.340808438853806,-0.9535603219821862,1.787740399862952,-0.190918975873596,1.43157649638506,-9.7292055628905,-24.8194668635675,1.53800816306306,-5.92935120854671,9.182913910490186,0.1815079272950385,0.6290604174601486,86.20826988951845,Attacked,Played,Nudge,0.700492858886719,0.643890380859375,5.564374,-0.369108,-0.17728190616834,0.0,-10.6,-23.0728163338244,1.3765041760666,1.3765041760666,-7.925921,-0.161714,0.488317,-8.840919,-0.105445,0.566648,-13.43608318953373,-10.06008494482718,-0.0298315412767256,0.6440137861312252,1.798601722782077,-0.13179045833678,0.191945167558038,-1.0,M-CHINNASWAMY-STADIUM-BANGALORE,2023-04-10,2023,R,R,R,Royal-Challengers-Bangalore,Lucknow-Super-Giants,Spin,1.0
870,1,19,Royal Challengers Bangalore,Virat Kohli,Ravi Bishnoi,,9,3,1,1,1,1,0,0,0,0,0,0,0,0,0,0,0,,,0,8.3,1,1,0,302130,136.68,63.01,1,0,,28,GOOGLY,27,FORWARD PUSH,0,0,3,8,70,0,Off stump,Good Length,0,0,1,0,0,0,0,0,62.98265482209228,-3.254291467362787,8.340529380984812,-0.9327595058368774,1.803908250227955,-0.19776791257689,-0.0363933962250238,-9.89493717652292,-25.7098286349957,1.75978826253563,-6.11358996692483,7.038520445395306,0.1527241041598786,0.4914958163512842,68.45196203670477,Attacked,Played,Nudge,0.6793212890625,0.6329612731933594,6.127281,-0.126217,-0.183641633107112,0.0,-10.6,-24.3368866980312,1.40461104165215,1.40461104165215,-8.166263,0.122111,0.410177,-8.840682,0.162426,0.438266,-13.37605108033339,-10.05995262583962,0.2358543990978273,0.4669907104376659,0.3031954372550262,-0.6124988064783196,0.0333382579468395,-1.0,M-CHINNASWAMY-STADIUM-BANGALORE,2023-04-10,2023,R,R,R,Royal-Challengers-Bangalore,Lucknow-Super-Giants,Spin,1.0
870,1,19,Royal Challengers Bangalore,Faf Du Plessis,Ravi Bishnoi,,9,4,1,1,1,1,0,0,0,0,0,0,0,0,0,0,0,,,0,8.4,1,1,0,302131,-76.66,29.35,1,0,,28,GOOGLY,49,FORWARD DEFENCE,0,0,4,8,71,0,Outside Off stump,Good Length,0,0,1,0,0,0,0,0,60.72972670555095,-2.156200782308708,8.340532875420983,-0.9645091330809734,1.797132122097437,-0.189563956764393,0.38819613624135,-9.81758913710706,-24.6433143793711,1.3166069374088,-5.95251032351821,8.015678966924504,0.2081697949263815,0.5379069245280805,69.86905918657393,Attacked,Played,Nudge,0.703834533691406,0.6807060241699219,5.412064,-0.352081,-0.176023674138365,0.0,-10.6,-22.7375287107843,1.26677381286445,1.26677381286445,-8.640071,-0.126158,0.448104,-8.840636,-0.114619,0.459611,-13.57949466226206,-10.06023588742319,-0.0440467789052188,0.5108426403482336,0.6887266744930606,0.1306103557760064,0.0744908843202935,-1.0,M-CHINNASWAMY-STADIUM-BANGALORE,2023-04-10,2023,R,R,R,Royal-Challengers-Bangalore,Lucknow-Super-Giants,Spin,1.0
870,1,19,Royal Challengers Bangalore,Virat Kohli,Ravi Bishnoi,,9,5,1,1,1,1,0,0,0,0,0,0,0,0,0,0,0,,,0,8.5,1,1,0,302132,77.89,147.39,1,0,https://scores.bcci.tv/matchcentre/commentaryFiles/TATA-IPL-2023/Royal-Challengers-Bangalore-VS-Lucknow-Super-Giants-(10-Apr-2023)/File_1-9-302132.png,24,LEG SPIN,47,FRONTFOOT ON DRIVE,0,0,5,8,72,0,Outside Off stump,Good Length,0,0,1,0,0,0,0,0,61.31531999119129,-5.133862895683642,8.341094818138195,-0.8364257639408565,1.818801076917175,-0.195214370934376,0.360061801478021,-9.76427464759347,-25.3778682214689,1.00132680715947,-6.38033606193823,8.877291721657441,0.1459425702144244,0.5853682569767354,83.2109815250679,Attacked,Played,On Drive,0.704017639160156,0.6441421508789062,7.81787,-0.463912,-0.181270487296206,0.0,-10.6,-23.9122296594326,0.661561351543732,0.661561351543732,-7.931783,-0.303005,0.640404,-8.840782,-0.276628,0.678097,-14.11243614651617,-10.05976968174711,-0.2409535165430527,0.7022682631765207,0.4709745674120979,-0.6747758010670305,0.0482241325944515,-1.0,M-CHINNASWAMY-STADIUM-BANGALORE,2023-04-10,2023,R,R,R,Royal-Challengers-Bangalore,Lucknow-Super-Giants,Spin,1.0
870,1,19,Royal Challengers Bangalore,Faf Du Plessis,Ravi Bishnoi,,9,6,2,2,2,0,1,0,0,0,0,0,0,0,0,0,0,,,0,8.6,1,1,0,302133,-131.65,-16.64,2,0,,28,GOOGLY,97,BACKFOOT PUSH,0,0,6,8,74,0,Outside Off stump,Good Length,0,0,1,0,0,0,0,0,61.65408187388753,-2.638665119170994,8.341020752246994,-0.9527465449826787,1.815577561835307,-0.192685249444237,0.847565732284825,-9.7263622438299,-25.0490824277509,1.3859884612425,-6.00702106939433,8.842676700642619,0.2213457712435495,0.594104758661764,76.98113667490965,Attacked,Played,Cut,0.6939697265625,0.6951026916503906,5.605086,-0.378054,-0.178922017341078,0.0,-10.6,-22.9400117139149,1.13007178555423,1.13007178555423,-9.135915,-0.143144,0.556098,-8.840885,-0.15821,0.536953,-13.48544085784975,-10.05998255692978,-0.0957195112098685,0.6040621918034894,1.141634747353621,-0.3467710193240672,0.131926090633916,-1.0,M-CHINNASWAMY-STADIUM-BANGALORE,2023-04-10,2023,R,R,R,Royal-Challengers-Bangalore,Lucknow-Super-Giants,Spin,1.0
870,1,19,Royal Challengers Bangalore,Virat Kohli,Krunal Pandya,,10,1,0,0,0,0,0,0,1,0,0,0,0,0,0,0,0,,,0,9.1,1,1,0,302134,-77.6,44.52,0,0,,10,ORTHODOX,51,FRONTFOOT COVERDRIVE,0,0,1,9,74,0,Off stump,Good Length,1,0,1,0,0,0,0,0,62.88999360187915,-4.222081500354693,8.340658497248889,-0.6624215929957027,2.011895562226687,-0.196400213538801,0.578976744873063,-8.7223735329227,-25.5320277600442,1.11501261752282,-6.20591399201312,9.689494440305902,0.2654710323248577,0.6291283122692503,77.82214360790178,Attacked,Played,Off-Drive,0.676185607910156,0.6574859619140625,5.708772,-0.198692,-0.182371626857458,0.0,-10.6,-22.8664347740201,0.52189865370424,0.52189865370424,-8.470774,-0.103089,0.586876,-8.840729,-0.094345,0.61827,-13.66160460839999,-10.0597858983757,-0.0653418929797565,0.701097902068628,0.7829179362708839,-1.193103113423206,0.0830803910255815,-1.0,M-CHINNASWAMY-STADIUM-BANGALORE,2023-04-10,2023,R,R,L,Royal-Challengers-Bangalore,Lucknow-Super-Giants,Spin,1.0
870,1,19,Royal Challengers Bangalore,Virat Kohli,Krunal Pandya,,10,2,6,6,6,0,0,0,0,0,0,0,0,0,0,1,0,,,0,9.2,1,1,0,302135,154.69,148.34,6,0,https://scores.bcci.tv/matchcentre/commentaryFiles/TATA-IPL-2023/Royal-Challengers-Bangalore-VS-Lucknow-Super-Giants-(10-Apr-2023)/File_1-10-302135.png,10,ORTHODOX,11,LOFTED ON DRIVE,0,0,2,9,80,0,Off stump,Good Length,0,0,1,0,0,0,0,0,61.44198922606363,-5.351023960649,8.341036570997257,-0.756270877603392,1.959656727733332,-0.19350413859493,1.09714167823835,-8.89774073113473,-25.1555380173409,1.39242601496689,-6.37412842958831,9.68755097638357,0.273815062844334,0.5997605037846933,72.58256928327059,Attacked,Played,,0.691120147705078,0.6616973876953125,7.157898,-0.260189,-0.179682414409578,0.0,-10.6,-22.3944781597622,0.5778448262049,0.5778448262049,-8.013005,-0.125532,0.647849,-8.840844,-0.10318,0.692247,-14.21883301551049,-10.05978646479037,-0.0699836842332961,0.7289167522001045,1.235881350491655,-1.690165566531481,0.124014365377888,84.0,M-CHINNASWAMY-STADIUM-BANGALORE,2023-04-10,2023,R,R,L,Royal-Challengers-Bangalore,Lucknow-Super-Giants,Spin,1.0
870,1,19,Royal Challengers Bangalore,Virat Kohli,Krunal Pandya,,10,3,1,1,1,1,0,0,0,0,0,0,0,0,0,0,0,,,0,9.3,1,1,0,302136,92.11,-22.8,1,0,,23,ARM BALL,27,FORWARD PUSH,0,0,3,9,81,0,Middle stump,Good Length,0,0,1,0,0,0,0,0,61.64391313037696,-3.123355976835453,8.341079091446872,-0.73519960840534,1.989799780296146,-0.192461528523652,1.1426369674479,-9.43698731164957,-25.0199987080747,1.80805600206461,-6.25188071066404,10.9287752418096,0.2836426242080054,0.6820049589461139,83.93648142111655,Attacked,Played,Glance,0.703571319580078,0.6579780578613281,5.183778,0.029835,-0.178714276486248,0.0,-10.6,-22.0819391249575,0.95414707621691,0.95414707621691,-8.249196,0.177605,0.571987,-8.840873,0.203954,0.640356,-14.02952098299592,-10.06005782723997,0.2586596967678831,0.7564927339841334,1.571593068816842,-1.65908560342395,0.177627732205577,-1.0,M-CHINNASWAMY-STADIUM-BANGALORE,2023-04-10,2023,R,R,L,Royal-Challengers-Bangalore,Lucknow-Super-Giants,Spin,1.0
870,1,19,Royal Challengers Bangalore,Faf Du Plessis,Krunal Pandya,,10,4,4,4,4,0,0,0,0,0,0,0,0,0,1,0,0,,,0,9.4,1,1,0,302137,160.38,132.22,4,0,,23,ARM BALL,11,LOFTED ON DRIVE,0,0,4,9,85,0,Off stump,Full Length,0,0,1,0,0,0,0,0,54.4013998068484,-1.445381826833231,8.341029816904385,-0.683531933219787,2.012373630890939,-0.169533816194822,1.24467050651731,-9.7780824054414,-22.0393961053268,1.50063703004761,-6.24139630686282,10.20193391775229,0.1934710816725878,0.581743404208821,77.91440246406437,Attacked,Played,Glance,0.789825439453125,0.6941413879394531,5.075475,-0.025952,-0.157424257895192,0.0,-10.6,-20.1757371363811,0.43487053595582,0.43487053595582,-7.353945,0.025597,0.395566,-8.840808,0.058443,0.544669,-15.81173528407542,-10.06021786137661,0.0856754799378695,0.6224373323432366,2.046692519352757,-2.660421699828933,0.222821782329939,-1.0,M-CHINNASWAMY-STADIUM-BANGALORE,2023-04-10,2023,R,R,L,Royal-Challengers-Bangalore,Lucknow-Super-Giants,Spin,1.0
870,1,19,Royal Challengers Bangalore,Faf Du Plessis,Krunal Pandya,,10,5,1,1,1,1,0,0,0,0,0,0,0,0,0,0,0,,,0,9.5,1,1,0,302138,100.65,136.49,1,0,,23,ARM BALL,58,BACKFOOT PULL SHOT,0,0,5,9,86,0,Middle stump,Good Length,0,0,1,0,0,0,0,0,59.81232798449289,-4.119012616887419,8.340538577170772,-0.6931308247873846,1.960672312595212,-0.187605196919051,1.1168481672736,-9.06219430659949,-24.3886755994767,1.62880646478447,-6.19487335249833,9.043614429064894,0.149928163617668,0.5893511961098746,83.40986305471439,Attacked,Played,Pull-Hook,0.717155456542969,0.6892890930175781,6.368094,-0.04891,-0.174204825710548,0.0,-10.6,-22.9382060346518,1.14645537940318,1.14645537940318,-8.586339,0.200377,0.589721,-8.840855,0.213602,0.604544,-14.25207187037036,-10.06008141907648,0.2773265632986283,0.6561927565418464,1.452989705564484,-0.9595735422458036,0.146585269549797,-1.0,M-CHINNASWAMY-STADIUM-BANGALORE,2023-04-10,2023,R,R,L,Royal-Challengers-Bangalore,Lucknow-Super-Giants,Spin,1.0
870,1,19,Royal Challengers Bangalore,Virat Kohli,Krunal Pandya,,10,6,1,1,1,1,0,0,0,0,0,0,0,0,0,0,0,,,0,9.6,1,1,0,302139,-68.12,131.75,1,0,,10,ORTHODOX,6,BACKFOOT OFF DRIVE,0,0,6,9,87,0,Off stump,Good Length,0,0,1,0,0,0,0,0,62.35112296131389,-4.054317626030896,8.340902195703336,-0.8179178056386714,1.975148305934808,-0.195144142536639,0.981127940679557,-9.29957771207468,-25.368738529763,1.32200934321668,-6.31308705222149,9.304480276719994,0.244747981677494,0.5950590275904721,74.78405597082143,Attacked,Played,Off-Drive,0.678176879882812,0.66046142578125,5.995674,-0.307482,-0.181205275212593,0.0,-10.6,-22.9293091271055,0.653195735816584,0.653195735816584,-8.422281,-0.181147,0.569221,-8.840886,-0.168776,0.599641,-13.97437508718489,-10.06012274575366,-0.1324983207793449,0.6669194210573471,1.202753827097204,-1.351320115780392,0.118968883399306,-1.0,M-CHINNASWAMY-STADIUM-BANGALORE,2023-04-10,2023,R,R,L,Royal-Challengers-Bangalore,Lucknow-Super-Giants,Spin,1.0
870,1,19,Royal Challengers Bangalore,Virat Kohli,Ravi Bishnoi,,11,1,1,1,1,1,0,0,0,0,0,0,0,0,0,0,0,,,0,10.1,1,1,0,302140,128.62,-28.01,1,0,,28,GOOGLY,47,FRONTFOOT ON DRIVE,0,0,1,10,88,0,Outside Off stump,Good Length,1,0,1,0,0,0,0,0,62.75025233292774,-5.019979910082955,8.340798663988409,-0.9845390619369708,1.79001470980059,-0.198389244792436,-0.132451737146414,-10.1085782852991,-25.7906018230167,1.95297245128329,-6.40292309378049,8.416230434672165,0.1423121169752564,0.5635818681972009,80.3060685320545,Attacked,Played,Pull-Hook,0.693511962890625,0.6065597534179688,7.909212,-0.210368,-0.184218584450119,0.0,-10.6,-24.3893882640387,1.56711030396957,1.56711030396957,-7.300065,0.127099,0.589952,-8.840661,0.230722,0.654455,-13.94268515771527,-10.06011745247224,0.3136496072148384,0.6726875901478684,0.216303669173333,-0.6539957195911643,0.0195142897911836,-1.0,M-CHINNASWAMY-STADIUM-BANGALORE,2023-04-10,2023,R,R,R,Royal-Challengers-Bangalore,Lucknow-Super-Giants,Spin,1.0
870,1,19,Royal Challengers Bangalore,Faf Du Plessis,Ravi Bishnoi,,11,2,4,4,4,0,0,0,0,0,0,0,0,0,1,0,0,,,0,10.2,1,1,0,302141,-159.62,-41.29,4,0,,27,TOP SPINNER,36,CUT SHOT,0,0,2,10,92,0,Outside Off stump,Good Length,0,0,1,0,0,0,0,0,61.65211931595646,-1.667503981515901,8.340698819127283,-0.9434866252083308,1.814602257044484,-0.191951448200462,0.0769971348247646,-10.2878915386029,-24.95368826606,0.72127659118733,-6.08744413718418,9.300515801522195,0.1982689601227825,0.6188343434982396,82.99825551245769,Attacked,Played,Cut,0.681770324707031,0.686737060546875,4.92651,-0.583072,-0.178240630471857,0.0,-10.6,-23.0031291410025,0.572657116067139,0.572657116067139,-9.051357,-0.484027,0.537849,-8.840847,-0.489427,0.519142,-13.70951542589085,-10.06013379556977,-0.4580221239912864,0.6147322395775201,0.2376618562141002,-0.2295816234755423,0.029081010508939,-1.0,M-CHINNASWAMY-STADIUM-BANGALORE,2023-04-10,2023,R,R,R,Royal-Challengers-Bangalore,Lucknow-Super-Giants,Spin,1.0
870,1,19,Royal Challengers Bangalore,Faf Du Plessis,Ravi Bishnoi,,11,3,1,1,1,1,0,0,0,0,0,0,0,0,0,0,0,,,0,10.3,1,1,0,302142,145.21,-33.23,1,0,,28,GOOGLY,58,BACKFOOT PULL SHOT,0,0,3,10,93,0,Outside Off stump,Good Length,0,0,1,0,0,0,0,0,58.66177448362463,-4.872862175561176,8.340776427116094,-0.9345693910169296,1.793118713907353,-0.185708084641126,0.639545652890044,-9.09443461436254,-24.1420510033464,1.45243611611577,-6.04785309728085,8.804412010276867,0.2835349558825201,0.5501851452029871,64.17427619219606,Attacked,Played,Pull-Hook,0.752872467041016,0.70623779296875,7.846837,-0.380575,-0.172443221452474,0.0,-10.6,-21.4830056645035,1.38305223686889,1.38305223686889,-8.206565,0.014864,0.572541,-8.840945,0.057884,0.576642,-14.06380444558859,-10.0601540799093,0.1412169678893476,0.5554123335996703,0.8465264641290665,0.240672040697165,0.0758399165857083,-1.0,M-CHINNASWAMY-STADIUM-BANGALORE,2023-04-10,2023,R,R,R,Royal-Challengers-Bangalore,Lucknow-Super-Giants,Spin,1.0
870,1,19,Royal Challengers Bangalore,Virat Kohli,Ravi Bishnoi,,11,4,0,0,0,0,0,0,1,0,0,0,0,0,0,0,0,,,0,10.4,1,1,0,302143,145.21,-33.23,0,0,,28,GOOGLY,95,SLOG SWEEP,0,0,4,10,93,0,Outside Off stump,Good Length,0,0,1,0,0,0,0,0,60.43106854470615,-4.899069965710022,8.340797249602367,-0.9537262650713092,1.776194501016619,-0.191075543136329,1.20096575983881,-9.24844330477471,-24.8398206077227,2.02503969129754,-6.11024183381724,10.42955970842485,0.2363409242731143,0.6748267908638574,87.5899262022672,Defended,Missed,Defend,0.722694396972656,0.6778678894042969,7.763222,-0.22191,-0.177427290055162,0.0,-10.6,-22.4012966959147,2.14345636215811,2.14345636215811,-8.122255,0.348767,0.766689,-8.840988,0.421081,0.804555,-13.81956950094922,-10.05983641387715,0.5447118618221611,0.8413470205811443,1.400543228576582,0.8050069266675058,0.122785403615281,-1.0,M-CHINNASWAMY-STADIUM-BANGALORE,2023-04-10,2023,R,R,R,Royal-Challengers-Bangalore,Lucknow-Super-Giants,Spin,1.0
870,1,19,Royal Challengers Bangalore,Virat Kohli,Ravi Bishnoi,,11,5,1,1,1,1,0,0,0,0,0,0,0,0,0,0,0,,,0,10.5,1,1,0,302144,125.3,72.49,1,0,,28,GOOGLY,27,FORWARD PUSH,0,0,5,10,94,0,Off stump,Good Length,0,0,1,0,0,0,0,0,61.78753875612846,-3.022973676724199,8.340525821501327,-0.9287138178125822,1.801406983859419,-0.193582579130984,0.647267046263263,-9.87960146568966,-25.1657352870279,1.65280998131875,-6.07328312643835,7.85214346472654,0.2056673969121062,0.5286236311327662,68.72680497870431,Attacked,Played,Glance,0.699073791503906,0.6445541381835938,6.087602,-0.226799,-0.179755252050199,0.0,-10.6,-23.2794986426183,1.20346168545232,1.20346168545232,-8.029927,-0.013684,0.444141,-8.840719,0.029727,0.485342,-13.56784257506294,-10.06004139975678,0.0955459599141651,0.5215018303577588,0.9517115169138712,-0.7982784444815486,0.0908538575896394,-1.0,M-CHINNASWAMY-STADIUM-BANGALORE,2023-04-10,2023,R,R,R,Royal-Challengers-Bangalore,Lucknow-Super-Giants,Spin,1.0
870,1,19,Royal Challengers Bangalore,Faf Du Plessis,Ravi Bishnoi,,11,6,0,0,0,0,0,0,1,0,0,0,0,0,0,0,0,,,0,10.6,1,1,0,302145,125.3,72.49,0,0,,28,GOOGLY,36,CUT SHOT,0,0,6,10,94,0,Outside Off stump,Good Length,0,0,1,0,0,0,0,0,60.87136084239652,-2.159597742945283,8.340690635253871,-0.9523082565898584,1.817477613161946,-0.1900956876566,0.6167396681323,-9.99260729183821,-24.7124393953581,0.916544161600309,-6.03790563412804,7.264610022751204,0.1996743858038701,0.4840199928136797,62.63556034166494,Attacked,Missed,Cut,0.686862945556641,0.741851806640625,5.393442,-0.570128,-0.176517424252558,0.988492251040754,-10.6,-22.925770100526,0.815598080029712,0.815598080029712,-999.9,-999.9,-999.9,-8.84082,-0.402259,0.405228,-13.72989540081937,-10.05984029408121,-0.3456275930409021,0.4421143792709943,0.844586444288094,-0.0865610774498872,0.089189316515539,-1.0,M-CHINNASWAMY-STADIUM-BANGALORE,2023-04-10,2023,R,R,R,Royal-Challengers-Bangalore,Lucknow-Super-Giants,Spin,1.0
870,1,19,Royal Challengers Bangalore,Virat Kohli,Amit Mishra,,12,1,1,1,1,1,0,0,0,0,0,0,0,0,0,0,0,,,0,11.1,1,1,0,302146,-134.02,60.16,1,0,https://scores.bcci.tv/matchcentre/commentaryFiles/TATA-IPL-2023/Royal-Challengers-Bangalore-VS-Lucknow-Super-Giants-(10-Apr-2023)/File_1-12-302146.png,24,LEG SPIN,52,BACKFOOT COVERDRIVE,0,0,1,11,95,0,Outside Off stump,Good Length,1,0,1,0,0,0,0,0,53.118631,-5.469282007234789,8.340886944277024,-0.863234174521234,1.895623571883923,-0.168347123871688,-0.520444226479928,-8.04473701617391,-21.8851261033194,0.632724737848964,-5.91032444729325,10.23307765307342,0.1462747983450327,0.625669748414394,89.22298242765585,Attacked,Edged,Cut,0.489566802978516,0.7599334716796875,8.086352,-0.522741,-0.109425630516597,0.0,-10.6,-20.4842662384542,0.432324033294527,0.432324033294527,-8.14585,-0.39028,0.677919,-8.840917,-0.375081,0.687193,-15.1128458310188,-10.06006674972406,-0.3482798817447486,0.6716282303149613,-0.4502808082837989,-0.4469690968518184,-0.0387610581807746,-1.0,M-CHINNASWAMY-STADIUM-BANGALORE,2023-04-10,2023,R,R,R,Royal-Challengers-Bangalore,Lucknow-Super-Giants,Spin,1.0
870,1,19,Royal Challengers Bangalore,Faf Du Plessis,Amit Mishra,,12,2,1,1,1,1,0,0,0,0,0,0,0,0,0,0,0,,,0,11.2,1,1,0,302147,-64.8,145.02,1,0,,28,GOOGLY,6,BACKFOOT OFF DRIVE,0,0,2,11,96,0,Leg stump,Good Length,0,0,1,0,0,0,0,0,52.50395339740099,-1.465161217143903,8.340600030171231,-0.8367390157959758,1.953097075526445,-0.164068104213147,0.0876599660769332,-8.64614394596775,-21.3288535477091,1.56664509122377,-5.78450638592474,10.31618002054138,0.2029288342251097,0.6122858484382804,81.54999384323109,Attacked,Played,Off-Drive,0.814567565917969,0.7601051330566406,4.96608,0.086577,-0.152348953912208,0.0,-10.6,-19.4578730571449,1.18201256979931,1.18201256979931,-8.182729,0.27652,0.471335,-8.840901,0.317602,0.528828,-15.17394254827358,-10.06019089266478,0.394286427742662,0.6018890691682114,0.5196390839071141,-0.7246504974829451,0.0589142437266988,-1.0,M-CHINNASWAMY-STADIUM-BANGALORE,2023-04-10,2023,R,R,R,Royal-Challengers-Bangalore,Lucknow-Super-Giants,Spin,1.0
870,1,19,Royal Challengers Bangalore,Virat Kohli,Amit Mishra,,12,3,0 WK,W,0,0,0,0,1,0,0,0,0,0,0,0,1,Caught,WICKET,1,11.3,1,1,0,302148,-64.8,145.02,0,0,https://scores.bcci.tv/matchcentre/commentaryFiles/TATA-IPL-2023/Royal-Challengers-Bangalore-VS-Lucknow-Super-Giants-(10-Apr-2023)/File_1-12-302148.png,28,GOOGLY,11,LOFTED ON DRIVE,0,0,3,11,96,1,Outside Off stump,Short of Good Length,1,0,1,0,0,0,0,0,52.91602235880367,-5.694494425093803,8.341040459945475,-0.8086738035461744,1.880179022494024,-0.173465642611129,-0.844853757795445,-8.32966513825242,-22.5505335394468,1.25361801220226,-6.04533987288754,9.39716268481554,0.182596244197077,0.5701974688654291,77.26999591010666,Attacked,Played,Pull-Hook,0.872222900390625,0.717315673828125,8.220204,-0.183965,-0.161075239567477,0.0,-10.6,-20.8282666186286,0.996256672558118,0.996256672558118,-7.594987,0.097631,0.590252,-8.840842,0.160315,0.59764,-15.00697547344754,-10.05984943420461,0.2222696356707929,0.5637085675729577,-0.6315803315827001,-0.4434014533018115,-0.053027083029627,-1.0,M-CHINNASWAMY-STADIUM-BANGALORE,2023-04-10,2023,R,R,R,Royal-Challengers-Bangalore,Lucknow-Super-Giants,Spin,1.0
870,1,19,Royal Challengers Bangalore,Glenn Maxwell,Amit Mishra,,12,4,1,1,1,1,0,0,0,0,0,0,0,0,0,0,0,,,0,11.4,1,1,0,302149,-116.0,-6.68,1,0,,24,LEG SPIN,5,LOFTED OFF DRIVE,0,0,4,11,97,1,Outside Off stump,Full Length,2,0,1,0,0,0,0,0,49.26403312786307,2.055759685081355,8.340798998629587,-0.7978615708323361,1.966437319147807,-0.152299156021848,0.772568966455755,-10.2520992863728,-19.7988902828403,0.563837779135163,-6.33119595056266,14.8406804867275,0.3236333644725504,0.6840685455930016,80.2469453916952,Attacked,Edged,Off-Drive,0.882488250732422,0.7870674133300781,3.894578,-0.59259,-0.141420644877431,0.0,-10.6,-16.3450723930741,0.605501679135773,0.605501679135773,-7.666852,-0.536605,0.397088,-8.840888,-0.492312,0.613848,-17.7329920391621,-10.06015540393469,-0.445822978152108,0.7803475999628853,1.560415808526166,0.4903039324797768,0.187245775360157,-1.0,M-CHINNASWAMY-STADIUM-BANGALORE,2023-04-10,2023,R,R,R,Royal-Challengers-Bangalore,Lucknow-Super-Giants,Spin,1.0
870,1,19,Royal Challengers Bangalore,Faf Du Plessis,Amit Mishra,,12,5,1,1,1,1,0,0,0,0,0,0,0,0,0,0,0,,,0,11.5,1,1,0,302150,97.8,111.36,1,0,,24,LEG SPIN,47,FRONTFOOT ON DRIVE,0,0,5,11,98,1,Middle stump,Full Length,0,0,1,0,0,0,0,0,47.88064256577618,1.881983433288339,8.34078467074222,-0.9787185163914228,2.015331241972484,-0.147844062963132,0.75478336969248,-9.58781820274734,-19.2197281852072,1.54128048745512,-6.19475053034489,12.37190771630221,0.1879008027495869,0.6160526895585284,83.61782315882058,Attacked,Played,On Drive,0.893566131591797,0.8023338317871094,3.812763,-0.065269,-0.13728377275148,0.0,-10.6,-17.3981642232513,0.275524639249419,0.275524639249419,-7.682532,-0.042409,0.319972,-8.840929,-0.023768,0.49441,-17.86475804624109,-10.06008893271945,-0.0039601136130729,0.6265928567721559,1.911028508519304,-3.677603404383547,0.232046435314088,-1.0,M-CHINNASWAMY-STADIUM-BANGALORE,2023-04-10,2023,R,R,R,Royal-Challengers-Bangalore,Lucknow-Super-Giants,Spin,1.0
870,1,19,Royal Challengers Bangalore,Glenn Maxwell,Amit Mishra,,12,6,1,1,1,1,0,0,0,0,0,0,0,0,0,0,0,,,0,11.6,1,1,0,302151,-88.03,118.95,1,0,,24,LEG SPIN,84,FRONTFOOT OFF DRIVE,0,0,6,11,99,1,Outside Off stump,Good Length,0,0,1,0,0,0,0,0,56.30401021127037,-2.506085004120426,8.34063787300444,-0.8005756084385607,1.963925808853612,-0.174955556046281,-0.297020588887055,-7.98142841772136,-22.7442222860166,0.798977069777711,-5.64445211374959,9.282921212176332,0.3349124287176325,0.5727857992035595,62.42662700877069,Attacked,Played,Off-Drive,0.752449035644531,0.7089157104492188,4.782747,-0.297477,-0.162458730614404,0.0,-10.6,-19.7801018800982,0.442985035400647,0.442985035400647,-8.005617,-0.235679,0.391696,-8.840929,-0.216475,0.457786,-13.93756132775169,-10.05986904298775,-0.1882075619661889,0.5188292245793984,-0.1945436114097656,-0.7289517656168178,-0.0215716993469759,-1.0,M-CHINNASWAMY-STADIUM-BANGALORE,2023-04-10,2023,R,R,R,Royal-Challengers-Bangalore,Lucknow-Super-Giants,Spin,1.0
870,1,19,Royal Challengers Bangalore,Glenn Maxwell,Mark Wood,,13,1,0,0,0,0,0,0,1,0,0,0,0,0,0,0,0,,,0,12.1,1,1,0,302152,-18.82,108.99,0,0,,39,ANGLED IN,27,FORWARD PUSH,0,0,1,12,99,1,Outside Off stump,Good Length,1,0,1,0,0,0,0,0,90.44839718222408,-9.236991641155422,8.340411879001948,-0.8842218975231194,1.846790516727277,-0.285529398947033,1.50417912008657,-5.14207858162061,-37.1188218631143,1.94392468990351,-7.77690247071352,6.587801793567814,0.100556712116152,0.533503282162765,79.96982111279955,Defended,Played,Defend,0.478797912597656,0.4596176147460938,8.734755,-0.44341,-0.265134441879388,0.0,-10.6,-35.925772944635,1.7924200693093,1.7924200693093,-8.610648,-0.069788,0.69021,-8.841136,-0.057624,0.703128,-11.83309155861247,-10.05971178349633,0.0070526055401871,0.7636145451865034,0.7488916057323983,-0.1416089616066897,0.0611782281163713,-1.0,M-CHINNASWAMY-STADIUM-BANGALORE,2023-04-10,2023,R,R,R,Royal-Challengers-Bangalore,Lucknow-Super-Giants,Seam,1.0
870,1,19,Royal Challengers Bangalore,Glenn Maxwell,Mark Wood,,13,2,0,0,0,0,0,0,1,0,0,0,0,0,0,0,0,,,0,12.2,1,1,0,302153,47.55,36.93,0,0,,39,ANGLED IN,50,BACKFOOT DEFENCE,0,0,2,12,99,1,Outside Off stump,Short of Good Length,0,0,1,0,0,0,0,0,90.4788007164581,-11.3687596449617,8.340782672953704,-0.8730661830181091,1.795386368421369,-0.287410130506968,-0.230328050833182,-7.13509879114555,-37.3633169659059,2.00283136655931,-9.40725083269536,9.375900806249872,0.121036527456994,0.6235373126268785,91.42694414833235,Defended,Played,Defend,0.489635467529297,0.461151123046875,10.611818,-0.462854,-0.266880835470756,0.0,-10.6,-35.5249813144698,1.75621361834521,1.75621361834521,-8.328145,-0.008536,1.199779,-8.840832,0.018677,1.246908,-14.13206773762792,-10.06019676909035,0.0838560206839116,1.349439840664598,0.1058542389654243,-0.2381876631971042,0.0101224355364,-1.0,M-CHINNASWAMY-STADIUM-BANGALORE,2023-04-10,2023,R,R,R,Royal-Challengers-Bangalore,Lucknow-Super-Giants,Seam,1.0
870,1,19,Royal Challengers Bangalore,Glenn Maxwell,Mark Wood,,13,3,1 (LB),1,0,0,0,0,1,1,0,0,0,1,0,0,0,,,0,12.3,1,1,1,302154,47.55,36.93,1,0,,39,ANGLED IN,40,FRONTFOOT FLICK,0,0,3,12,100,1,Outside Off stump,Good Length,0,1,2,0,0,1,0,0,91.71716691994165,-8.820556547931302,8.340783488468553,-0.9386447859068988,1.848813305629407,-0.29052416278725,-1.63491660208771,-6.21781840787078,-37.7681411623425,2.50951609667237,-7.88358688690318,7.067177874495498,0.1028418987774817,0.57383603176071,85.79121488635832,Defended,Missed,Defend,0.469139099121094,0.460693359375,8.471457,-0.250402,-0.269772436873875,0.0,-10.6,-36.4903443515132,2.49312689407447,2.49312689407447,-8.94701,0.266542,0.761237,-8.841138,0.258896,0.754053,-11.79042206856863,-10.05965521017306,0.3472864677452586,0.8310096685549981,-0.3121281966774004,0.1070924791139313,-0.0258475900475078,-1.0,M-CHINNASWAMY-STADIUM-BANGALORE,2023-04-10,2023,R,R,R,Royal-Challengers-Bangalore,Lucknow-Super-Giants,Seam,1.0
870,1,19,Royal Challengers Bangalore,Faf Du Plessis,Mark Wood,,13,4,4 (LB),4,0,0,0,0,1,4,0,0,0,1,1,0,0,,,0,12.4,1,1,1,302155,47.55,36.93,4,0,,39,ANGLED IN,54,LEG GLANCE,0,0,4,12,104,1,Off stump,Good Length,0,0,2,0,0,0,0,0,92.95846361793042,-8.130534587362817,8.340861526354708,-0.8705334277848331,1.860516406169066,-0.291759677465962,1.9184368071435,-5.09070713766896,-37.9287580705751,2.58433146459886,-7.27785373062757,6.218121431370158,0.1502491874201578,0.542514682561344,76.35228364218582,Attacked,Missed,Glance,0.465522766113281,0.4593086242675781,7.501068,-0.230406,-0.270919700504108,0.0,-10.6,-36.2383574933855,2.57844416162121,2.57844416162121,-9.040805,0.242344,0.591699,-8.840576,0.227383,0.579888,-10.86201599579344,-10.05994883972573,0.3188578416189792,0.6465258385167959,1.036235453737005,0.1719631105299653,0.0952165071963248,-1.0,M-CHINNASWAMY-STADIUM-BANGALORE,2023-04-10,2023,R,R,R,Royal-Challengers-Bangalore,Lucknow-Super-Giants,Seam,1.0
870,1,19,Royal Challengers Bangalore,Faf Du Plessis,Mark Wood,,13,5,0,0,0,0,0,0,1,0,0,0,0,0,0,0,0,,,0,12.5,1,1,0,302156,-71.44,54.47,0,0,,39,ANGLED IN,51,FRONTFOOT COVERDRIVE,0,0,5,12,104,1,Outside Off stump,Good Length,0,0,2,0,0,0,0,0,92.71815227692436,-9.412518526129686,8.340799718512514,-0.9550850835103202,1.831189279929658,-0.292906869574553,2.32335707734305,-4.90973362073634,-38.0778930446918,1.74319281388557,-7.96295572891397,6.763482110783012,0.1137214132097623,0.5463384685964403,80.57862896848982,Attacked,Played,Off-Drive,0.468269348144531,0.4518470764160156,8.858496,-0.601467,-0.271984950319227,0.0,-10.6,-36.6829741695031,1.59130909845228,1.59130909845228,-8.689689,-0.267263,0.728987,-8.840664,-0.260325,0.738148,-11.81163379160859,-10.06008577909911,-0.2039797136340259,0.8050834314354027,0.9656081730960532,-0.1372147313443315,0.077623286333541,-1.0,M-CHINNASWAMY-STADIUM-BANGALORE,2023-04-10,2023,R,R,R,Royal-Challengers-Bangalore,Lucknow-Super-Giants,Seam,1.0
870,1,19,Royal Challengers Bangalore,Faf Du Plessis,Mark Wood,,13,6,0,0,0,0,0,0,1,0,0,0,0,0,0,0,0,,,0,12.6,1,1,0,302157,60.83,106.62,0,0,,39,ANGLED IN,47,FRONTFOOT ON DRIVE,0,0,6,12,104,1,Leg stump,Full Length,0,0,2,0,0,0,0,0,94.28360686587938,-5.26785736880349,8.341069635832245,-0.8931079321268518,1.874223287974104,-0.28926756700969,2.58760239605651,-5.32314523044516,-37.6047837112597,2.544639804226,-5.87489694213149,4.979874152265918,0.0913647328808994,0.545544107076159,82.6951427733339,Attacked,Played,On Drive,0.449134826660156,0.4332275390625,3.413322,-0.117335,-0.268605597937569,0.0,-10.6,-36.7822984966365,2.41046813264431,2.41046813264431,-8.691687,0.017692,0.199764,-8.840879,0.027623,0.210432,-8.879394162729703,-10.06010483278238,0.1091935457278341,0.2912491318838341,1.729319912932923,-0.121763833448774,0.215118050857951,-1.0,M-CHINNASWAMY-STADIUM-BANGALORE,2023-04-10,2023,R,R,R,Royal-Challengers-Bangalore,Lucknow-Super-Giants,Seam,1.0
870,1,19,Royal Challengers Bangalore,Glenn Maxwell,Amit Mishra,,14,1,1,1,1,1,0,0,0,0,0,0,0,0,0,0,0,,,0,13.1,1,1,0,302158,64.14,141.23,1,0,,24,LEG SPIN,47,FRONTFOOT ON DRIVE,0,0,1,13,105,1,Outside Off stump,Full Length,1,0,2,0,0,0,0,0,55.33189127283018,-1.181213209922536,8.340608911499476,-0.8683332956050388,1.947410784183264,-0.170932498221547,-0.330277656223218,-8.15587540374026,-22.2212247688011,0.740738282249211,-5.57777827679621,7.820412943274235,0.1320801402842479,0.5198216801487006,74.7652379938803,Attacked,Edged,Slog,0.76446533203125,0.7000923156738281,3.831753,-0.34425,-0.158723034062865,0.0,-10.6,-21.1105631935641,0.375020988151203,0.375020988151203,-7.878667,-0.314748,0.25131,-8.84095,-0.297374,0.335624,-14.09076469267581,-10.06017861152184,-0.2751773518728869,0.4102498819626385,-0.283035270024273,-0.8915014272366352,-0.0336117299552312,-1.0,M-CHINNASWAMY-STADIUM-BANGALORE,2023-04-10,2023,R,R,R,Royal-Challengers-Bangalore,Lucknow-Super-Giants,Spin,1.0
870,1,19,Royal Challengers Bangalore,Faf Du Plessis,Amit Mishra,,14,2,1,1,1,1,0,0,0,0,0,0,0,0,0,0,0,,,0,13.2,1,1,0,302159,-29.25,158.3,1,0,,24,LEG SPIN,19,BACKFOOT STRAIGHT DRIVE,0,0,2,13,106,1,Outside Off stump,Good Length,0,0,2,0,0,0,0,0,53.09632799924972,-4.273558005472713,8.34062766144071,-0.8533074699063097,1.904193416785851,-0.173401122997555,-0.773856810260066,-8.11794874968134,-22.5421459896822,0.913762661036628,-5.79890136383692,8.607355016715402,0.1777302541174468,0.5471383732277633,74.29773057241981,Attacked,Played,Off-Drive,0.805023193359375,0.7528610229492188,6.909277,-0.314618,-0.16101532849773,0.0,-10.6,-20.9609729765727,0.464334400674753,0.464334400674753,-8.575975,-0.19186,0.508427,-8.840978,-0.185728,0.512395,-14.42637446609618,-10.05993475064371,-0.1573515328725572,0.5066840069728085,-0.6926451698493514,-1.052228735364767,-0.0683920151125428,-1.0,M-CHINNASWAMY-STADIUM-BANGALORE,2023-04-10,2023,R,R,R,Royal-Challengers-Bangalore,Lucknow-Super-Giants,Spin,1.0
870,1,19,Royal Challengers Bangalore,Glenn Maxwell,Amit Mishra,,14,3,4,4,4,0,0,0,0,0,0,0,0,0,1,0,0,,,0,13.3,1,1,0,302160,-177.63,20.81,4,0,https://scores.bcci.tv/matchcentre/commentaryFiles/TATA-IPL-2023/Royal-Challengers-Bangalore-VS-Lucknow-Super-Giants-(10-Apr-2023)/File_1-14-302160.png,24,LEG SPIN,15,LOFTED COVER DRIVE,0,0,3,13,110,1,Outside Off stump,Good Length,0,0,2,0,0,0,0,0,49.47721998639552,-1.967518782904084,8.340844588634681,-0.7652878870355784,1.936729970346684,-0.156282395853028,0.508916155258573,-9.77320592154094,-20.3167114608937,1.02735345942603,-6.12972723842932,11.89743642149389,0.1854913061688879,0.6352937625442063,86.74493376474217,Attacked,Played,Cut,0.877395629882812,0.8198318481445312,6.746062,-0.27768,-0.145119367577812,0.0,-10.6,-18.483295081554,0.0319794660801529,0.0319794660801529,-8.21594,-0.269031,0.709569,-8.840762,-0.267904,0.739198,-16.78901611795849,-10.06002651923217,-0.265687562409125,0.7590501586871999,0.9602496475703488,-2.795673215402283,0.0938816189808801,-1.0,M-CHINNASWAMY-STADIUM-BANGALORE,2023-04-10,2023,R,R,R,Royal-Challengers-Bangalore,Lucknow-Super-Giants,Spin,1.0
870,1,19,Royal Challengers Bangalore,Glenn Maxwell,Amit Mishra,,14,4,6,6,6,0,0,0,0,0,0,0,0,0,0,1,0,,,0,13.4,1,1,0,302161,87.37,202.39,6,0,,23,ARM BALL,11,LOFTED ON DRIVE,0,0,4,13,116,1,Off stump,Full Length,0,0,2,0,0,0,0,0,56.28082814213961,-3.547375829671146,8.340806437081419,-0.6924286321331931,1.893338786659849,-0.175904904686801,-1.00715242484225,-7.61135304447791,-22.8676376092842,0.893578140993073,-5.53423365184339,9.33654664808462,0.1860003680437606,0.6298205750379684,85.87304945131922,Attacked,Played,,0.762657165527344,0.7036514282226562,5.875965,-0.087477,-0.163340268637744,0.0,-10.6,-21.200330807996,0.547612273770793,0.547612273770793,-7.959871,0.011501,0.496898,-8.840602,0.035015,0.554525,-13.60466262718145,-10.05986510889653,0.0678406584569288,0.6022906986637317,-1.004499056568661,-0.7581153605417938,-0.10971037243307,-1.0,M-CHINNASWAMY-STADIUM-BANGALORE,2023-04-10,2023,R,R,R,Royal-Challengers-Bangalore,Lucknow-Super-Giants,Spin,1.0
870,1,19,Royal Challengers Bangalore,Glenn Maxwell,Amit Mishra,,14,5,1,1,1,1,0,0,0,0,0,0,0,0,0,0,0,,,0,13.5,1,1,0,302162,-97.04,130.8,1,0,,24,LEG SPIN,84,FRONTFOOT OFF DRIVE,0,0,5,13,117,1,Off stump,Full Length,0,0,2,0,0,0,0,0,56.303474,-0.1617978695375789,8.340690400304542,-0.852749738918259,1.947183082556663,-0.171939278348073,-0.429868171853849,-7.93269645689165,-22.3521061852495,0.873510478762807,-5.4975364077269,8.296354176005645,0.0520609218663973,0.5787344153132005,91.60407011034032,Attacked,Played,Off-Drive,0.489566802978516,0.7115707397460938,2.174695,-0.154626,-0.111760530926248,0.0,-10.6,-21.8188873084633,2.07490206341332,2.07490206341332,-8.484371,-0.097569,0.126025,-8.841011,-0.063518,0.172027,-13.81772493326175,-10.06016323573573,0.0533562182443975,0.3082069874455214,-0.4208988604644023,3.194342834807934,-0.0531049066764641,-1.0,M-CHINNASWAMY-STADIUM-BANGALORE,2023-04-10,2023,R,R,R,Royal-Challengers-Bangalore,Lucknow-Super-Giants,Spin,1.0
870,1,19,Royal Challengers Bangalore,Faf Du Plessis,Amit Mishra,,14,6,0,0,0,0,0,0,1,0,0,0,0,0,0,0,0,,,0,13.6,1,1,0,302163,-23.56,66.33,0,0,,24,LEG SPIN,5,LOFTED OFF DRIVE,0,0,6,13,117,1,Leg stump,Full Length,0,0,2,0,0,0,0,0,54.28948415450818,-1.294310595389595,8.340670741998409,-0.920367350758686,1.957656292299777,-0.171819862822043,-0.810415756063643,-7.50572768433411,-22.3365821668656,1.02741105778528,-5.39268218006819,8.230567502213638,0.1081947670983821,0.5746767968371859,85.38204281573967,Attacked,Edged,Off-Drive,0.793212890625,0.703582763671875,3.205381,-0.091623,-0.111682910834328,0.0,-10.6,-21.4249384051378,0.840987286316799,0.840987286316799,-8.140164,-0.040992,0.208931,-8.840772,-0.013255,0.28433,-13.57308458511612,-10.05980009340181,0.0352519642550088,0.3884732627752379,-0.9189769190381304,-0.3857039911352078,-0.115762759331312,-1.0,M-CHINNASWAMY-STADIUM-BANGALORE,2023-04-10,2023,R,R,R,Royal-Challengers-Bangalore,Lucknow-Super-Giants,Spin,1.0
870,1,19,Royal Challengers Bangalore,Glenn Maxwell,Ravi Bishnoi,,15,1,0,0,0,0,0,0,1,0,0,0,0,0,0,0,0,,,0,14.1,1,1,0,302164,-62.43,40.25,0,0,,23,ARM BALL,49,FORWARD DEFENCE,0,0,1,14,117,1,Outside Off stump,Good Length,1,0,2,0,0,0,0,0,69.95655365306428,-5.118020108959795,8.340477194271237,-0.7359447626573433,1.8657026265779,-0.219297835091089,-0.165700144631118,-9.01125214273293,-28.5087185618416,1.28152814454735,-6.38693412374957,9.401990009800825,0.3691204373554909,0.6392993372957779,68.9828568588176,Defended,Played,Defend,0.618553161621094,0.5842437744140625,6.498178,-0.210783,-0.142543592809208,0.0,-10.6,-24.6590714755588,0.822384754415336,0.822384754415336,-8.058535,-0.058833,0.606785,-8.84063,-0.031992,0.670484,-12.6277145611678,-10.06021355817086,0.0101150181595365,0.7476590404580064,0.0939726501575905,-0.6637184057614302,-0.00801313604285647,-1.0,M-CHINNASWAMY-STADIUM-BANGALORE,2023-04-10,2023,R,R,R,Royal-Challengers-Bangalore,Lucknow-Super-Giants,Spin,1.0
870,1,19,Royal Challengers Bangalore,Glenn Maxwell,Ravi Bishnoi,,15,2,1,1,1,1,0,0,0,0,0,0,0,0,0,0,0,,,0,14.2,1,1,0,302165,78.37,145.02,1,0,,26,FLIPPER,11,LOFTED ON DRIVE,0,0,2,14,118,1,Off stump,Good Length,0,0,2,0,0,0,0,0,63.63977754858978,-2.17819811854294,8.341091971446268,-0.7712557225152983,1.850708879497264,-0.19769410888975,-0.128862815852281,-9.88769206313876,-25.7002341556675,1.08517670590181,-6.08498590391205,8.044464396618139,0.1465637761499738,0.5647860070430729,80.06152344146356,Attacked,Edged,Slog,0.66961669921875,0.6056442260742188,4.719988,-0.205493,-0.128501170778337,0.0,-10.6,-24.31655679897,0.732863877431916,0.732863877431916,-7.744095,-0.132573,0.326833,-8.840943,-0.098992,0.424854,-13.32049573139687,-10.06001232238101,-0.0614352401411507,0.5081139631073609,0.098629123182946,-0.6915583670910064,0.0149508214335125,-1.0,M-CHINNASWAMY-STADIUM-BANGALORE,2023-04-10,2023,R,R,R,Royal-Challengers-Bangalore,Lucknow-Super-Giants,Spin,1.0
870,1,19,Royal Challengers Bangalore,Faf Du Plessis,Ravi Bishnoi,,15,3,6,6,6,0,0,0,0,0,0,0,0,0,0,1,0,,,0,14.3,1,1,0,302166,-136.86,170.15,6,0,https://scores.bcci.tv/matchcentre/commentaryFiles/TATA-IPL-2023/Royal-Challengers-Bangalore-VS-Lucknow-Super-Giants-(10-Apr-2023)/File_1-15-302166.png,24,LEG SPIN,5,LOFTED OFF DRIVE,0,0,3,14,124,1,Outside Off stump,Good Length,0,0,2,0,0,0,0,0,60.2136800379335,-5.083181885285494,8.340615160472943,-0.9494654674257867,1.788493259005126,-0.190793119856687,0.902192958921111,-9.08789684425712,-24.8031055813693,0.616782957900298,-6.09115012953448,9.51477008581636,0.2148508646862822,0.6239232211529284,82.10339670431104,Attacked,Played,,0.699565887451172,0.6829833984375,7.88114,-0.772951,-0.124015527906846,0.0,-10.6,-22.6744456564195,0.710127747836459,0.710127747836459,-8.312509,-0.577559,0.704541,-8.84087,-0.560411,0.722792,-13.79765380178466,-10.06004562946891,-0.5206469987364227,0.7413306286121921,0.8927126826349036,0.36933667200357,0.0788264368630095,69.0,M-CHINNASWAMY-STADIUM-BANGALORE,2023-04-10,2023,R,R,R,Royal-Challengers-Bangalore,Lucknow-Super-Giants,Spin,1.0
870,1,19,Royal Challengers Bangalore,Faf Du Plessis,Ravi Bishnoi,,15,4,6,6,6,0,0,0,0,0,0,0,0,0,0,1,0,,,0,14.4,1,1,0,302167,139.52,159.24,6,0,https://scores.bcci.tv/matchcentre/commentaryFiles/TATA-IPL-2023/Royal-Challengers-Bangalore-VS-Lucknow-Super-Giants-(10-Apr-2023)/File_1-15-302167.png,23,ARM BALL,58,BACKFOOT PULL SHOT,0,0,4,14,130,1,Outside Off stump,Short of Good Length,0,0,2,0,0,0,0,0,60.77526910538416,-4.376014930685089,8.340652379718236,-0.9447779218289842,1.779054830966149,-0.192400626878184,-0.532588361717884,-10.6700003174326,-25.0120814941639,1.04853322722235,-6.43417294814042,10.52322537469142,0.284533065793442,0.6358478386611103,76.92386921982235,Attacked,Played,,0.717498779296875,0.6724777221679688,7.758913,-0.471451,-0.12506040747082,0.0,-10.6,-22.0240691288627,0.817763072956978,0.817763072956978,-8.01054,-0.255944,0.750106,-8.84061,-0.224013,0.792697,-14.42613355760257,-10.05982882618998,-0.1768267800835593,0.8260478678171423,-0.2788772370230701,-0.2740550176925345,-0.0246681402167849,115.0,M-CHINNASWAMY-STADIUM-BANGALORE,2023-04-10,2023,R,R,R,Royal-Challengers-Bangalore,Lucknow-Super-Giants,Spin,1.0
870,1,19,Royal Challengers Bangalore,Faf Du Plessis,Ravi Bishnoi,,15,5,1,1,1,1,0,0,0,0,0,0,0,0,0,0,0,,,0,14.5,1,1,0,302168,-95.62,125.11,1,0,,28,GOOGLY,6,BACKFOOT OFF DRIVE,0,0,5,14,131,1,Outside Off stump,Good Length,0,0,2,0,0,0,0,0,60.37984701684055,-2.835125717880829,8.340772009071973,-0.958022007090499,1.793620319059726,-0.189555312480645,0.709126635222641,-10.1069989230273,-24.6421906224839,1.19830792126403,-6.09698298083089,9.875798409147494,0.3831589849476097,0.5970866415341144,61.24709773535619,Attacked,Played,Off-Drive,0.72344970703125,0.7111358642578125,6.254502,-0.472086,-0.123210953112419,0.0,-10.6,-20.9108534661864,1.11074643230072,1.11074643230072,-8.748931,-0.2056,0.611052,-8.84091,-0.200566,0.615916,-13.89705827754085,-10.06009786833611,-0.1335764316639734,0.6599207524161276,0.9470703802570384,0.2565863609498239,0.0963326201538613,-1.0,M-CHINNASWAMY-STADIUM-BANGALORE,2023-04-10,2023,R,R,R,Royal-Challengers-Bangalore,Lucknow-Super-Giants,Spin,1.0
870,1,19,Royal Challengers Bangalore,Glenn Maxwell,Ravi Bishnoi,,15,6,6,6,6,0,0,0,0,0,0,0,0,0,0,1,0,,,0,14.6,1,1,0,302169,10.1,218.5,6,0,https://scores.bcci.tv/matchcentre/commentaryFiles/TATA-IPL-2023/Royal-Challengers-Bangalore-VS-Lucknow-Super-Giants-(10-Apr-2023)/File_1-15-302169.png,24,LEG SPIN,13,LOFTED STRAIGHT,0,0,6,14,137,1,Off stump,Good Length,0,0,2,0,0,0,0,0,62.55339690252038,-1.930403688937638,8.340865821503474,-0.7567930161992528,1.83727312180761,-0.194652730937381,0.185353063421851,-10.2109332024679,-25.3048550218595,0.872254570952353,-6.13136716702546,8.803610207197107,0.2429436011707375,0.5800996676022045,72.72059002325693,Attacked,Played,,0.671951293945312,0.6209564208984375,4.881768,-0.337404,-0.126524275109297,0.0,-10.6,-22.9659847066093,0.100498711910009,0.100498711910009,-7.748114,-0.326078,0.373366,-8.840773,-0.321213,0.475296,-13.62027293575364,-10.05980395535896,-0.3157498339808048,0.560149236715682,0.3788808138513111,-1.723471671176327,0.043258896219563,-1.0,M-CHINNASWAMY-STADIUM-BANGALORE,2023-04-10,2023,R,R,R,Royal-Challengers-Bangalore,Lucknow-Super-Giants,Spin,1.0
870,1,19,Royal Challengers Bangalore,Faf Du Plessis,Mark Wood,,16,1,1 (WD),1,0,0,0,0,0,1,1,0,0,0,0,0,0,,,0,15.1,1,1,1,302170,,,1,0,,36,BOUNCER,105,LEFT ALONE,1,0,1,15,138,1,Outside Off stump,Short Length,1,0,2,0,0,0,0,0,91.87114214675712,-15.72371913241287,8.340490843998598,-0.8666884404749745,1.757622524289394,-0.29107425386377,-0.310502854936457,-10.005586439449,-37.8396530022901,2.07231312765214,-12.5731441533059,12.10956940460112,0.2442155103236208,0.5637786288710739,70.145243298299,Attacked,Played,,0.519023895263672,0.5469818115234375,12.766688,-0.56135,-0.18919826501145,-0.300056220279077,-11.7371866456472,-33.0378356680917,1.93896911815723,1.93896911815723,-999.9,-999.9,-999.9,-8.840672,0.120186,1.827237,-18.3803210751972,-10.06023676080935,0.1925769054257253,1.930845128880355,0.0644677198477255,0.2240901703063,0.00117570534889228,-1.0,M-CHINNASWAMY-STADIUM-BANGALORE,2023-04-10,2023,R,R,R,Royal-Challengers-Bangalore,Lucknow-Super-Giants,Seam,1.0
870,1,19,Royal Challengers Bangalore,Faf Du Plessis,Mark Wood,,16,1,6,6,6,0,0,0,0,0,0,0,0,0,0,1,0,,,0,15.1,1,1,0,302171,-77.13,202.39,6,0,https://scores.bcci.tv/matchcentre/commentaryFiles/TATA-IPL-2023/Royal-Challengers-Bangalore-VS-Lucknow-Super-Giants-(10-Apr-2023)/File_1-16-302171.png,39,ANGLED IN,5,LOFTED OFF DRIVE,0,0,2,15,144,1,Outside Off stump,Good Length,0,0,2,0,0,0,0,0,94.57630650082756,-8.531190809888066,8.3406772972738,-0.8703452554549115,1.835460088153249,-0.297666005677247,2.39786826784456,-5.13010266865412,-38.6965807380421,1.89626865249718,-7.59499240943799,7.09361046905228,0.2202004428288152,0.5904453942036034,76.54676484765899,Attacked,Played,,0.462100982666016,0.43798828125,8.003964,-0.460314,-0.193482903690211,0.0,-10.6,-36.0359050068836,1.84531088070615,1.84531088070615,-8.414093,-0.129046,0.677983,-8.840586,-0.106408,0.708856,-11.1043130165468,-10.06033867454372,-0.0413648032239546,0.7886803609233923,1.055927539562358,0.1259660959589583,0.0924062752978387,78.0,M-CHINNASWAMY-STADIUM-BANGALORE,2023-04-10,2023,R,R,R,Royal-Challengers-Bangalore,Lucknow-Super-Giants,Seam,1.0
870,1,19,Royal Challengers Bangalore,Faf Du Plessis,Mark Wood,,16,2,1,1,1,1,0,0,0,0,0,0,0,0,0,0,0,,,0,15.2,1,1,0,302172,117.24,124.64,1,0,,39,ANGLED IN,47,FRONTFOOT ON DRIVE,0,0,3,15,145,1,Leg stump,Full Toss,0,0,2,0,0,0,0,0,93.68753251812142,-3.575236820815716,8.340746699280519,-0.8876657129952396,1.873044650933329,-0.281256531300604,2.81273750977672,-5.55348322124408,-36.5633490690785,3.20045522906639,-5.23332222283743,5.59321167971202,0.2125259438053623,0.6500000000000001,86.2474056194638,Attacked,Played,Nudge,0.449089050292969,0.4225730895996094,-0.0766449999999991,0.310599,-0.261166779064846,-0.76663546641705,-10.6,-34.7351816156246,3.04043246761307,3.04043246761307,-8.297674,0.154266,0.274625,-8.840997,0.199499,0.201259,-8.145438124074035,-10.05959235175868,0.3038626475004498,0.031195704128924,2.436586748994337,0.0,0.296243120337137,-1.0,M-CHINNASWAMY-STADIUM-BANGALORE,2023-04-10,2023,R,R,R,Royal-Challengers-Bangalore,Lucknow-Super-Giants,Seam,1.0
870,1,19,Royal Challengers Bangalore,Glenn Maxwell,Mark Wood,,16,3,0,0,0,0,0,0,1,0,0,0,0,0,0,0,0,,,0,15.3,1,1,0,302173,117.24,124.64,0,0,,39,ANGLED IN,11,LOFTED ON DRIVE,0,0,4,15,145,1,Outside Off stump,Good Length,0,0,2,0,0,0,0,0,92.24710975971436,-8.686579484388382,8.341093630913935,-0.9353717808238732,1.812236785875398,-0.291344269908183,2.60053784957896,-6.75185334285679,-37.8747550880638,2.46937815381259,-7.90292980749931,6.784340130070545,0.1742474631534897,0.5384490756393234,73.34261503054955,Defended,Missed,Defend,0.472618103027344,0.4956207275390625,8.620927,-0.401166,-0.189373775440319,0.0,-10.6,-35.7693796222746,2.1943424873079,2.1943424873079,-999.9,-999.9,-999.9,-8.841174,0.062068,0.716015,-11.78620177264273,-10.06024277891318,0.1401667048965231,0.781111007649453,1.168729326986728,-0.2197985245252991,0.103183373836746,-1.0,M-CHINNASWAMY-STADIUM-BANGALORE,2023-04-10,2023,R,R,R,Royal-Challengers-Bangalore,Lucknow-Super-Giants,Seam,1.0
870,1,19,Royal Challengers Bangalore,Glenn Maxwell,Mark Wood,,16,4,0,0,0,0,0,0,1,0,0,0,0,0,0,0,0,,,0,15.4,1,1,0,302174,-61.96,89.56,0,0,,39,ANGLED IN,84,FRONTFOOT OFF DRIVE,0,0,5,15,145,1,Outside Off stump,Full Length,0,0,2,0,0,0,0,0,93.3294072068039,-5.417035299993223,8.341002332390822,-0.8679635396032684,1.833841260801257,-0.288172585923785,2.97382019321077,-5.79660144729733,-37.462436170092,1.42056208415297,-6.02812458635415,6.120222627411756,0.1805630704688694,0.63433677395179,87.09420904588156,Attacked,Played,Off-Drive,0.456825256347656,0.439910888671875,4.18696,-0.549238,-0.18731218085046,0.0,-10.6,-35.6616414342618,1.86653386375278,1.86653386375278,-8.698887,-0.400224,0.310531,-8.841161,-0.392663,0.322507,-9.141172974712829,-10.06011507141488,-0.3276403164833868,0.4183070887225698,1.689400935006385,0.8245379731833616,0.371325755312435,-1.0,M-CHINNASWAMY-STADIUM-BANGALORE,2023-04-10,2023,R,R,R,Royal-Challengers-Bangalore,Lucknow-Super-Giants,Seam,1.0
870,1,19,Royal Challengers Bangalore,Glenn Maxwell,Mark Wood,,16,5,1,1,1,1,0,0,0,0,0,0,0,0,0,0,0,,,0,15.5,1,1,0,302175,127.67,103.3,1,0,,39,ANGLED IN,11,LOFTED ON DRIVE,0,0,6,15,146,1,Off stump,Full Length,0,0,2,0,0,0,0,0,94.15698806550968,-7.169273656530428,8.340876985584043,-0.9042310133608084,1.823291100455868,-0.293816676366879,2.05949655511127,-4.66333109412908,-38.1961679276943,2.46254331366452,-6.6491267865081,6.267525019281316,0.17259762523161,0.6004701120030637,82.81075427729856,Attacked,Edged,Slog,0.456871032714844,0.4292221069335938,6.402192,-0.257277,-0.190980839638471,0.0,-10.6,-36.3534360334913,2.49172943593079,2.49172943593079,-8.281282,0.063536,0.462126,-8.841022,0.102916,0.502334,-9.875001300488014,-10.05960457166879,0.1890618571247504,0.581058237923601,1.158488227718997,0.2322141841154148,0.115736066258499,-1.0,M-CHINNASWAMY-STADIUM-BANGALORE,2023-04-10,2023,R,R,R,Royal-Challengers-Bangalore,Lucknow-Super-Giants,Seam,1.0
870,1,19,Royal Challengers Bangalore,Faf Du Plessis,Mark Wood,,16,6,0,0,0,0,0,0,1,0,0,0,0,0,0,0,0,,,0,15.6,1,1,0,302176,127.67,103.3,0,0,,39,ANGLED IN,11,LOFTED ON DRIVE,0,0,7,15,146,1,Off stump,Good Length,0,0,2,0,0,0,0,0,93.26817266085447,-8.322270944247062,8.340681457135673,-0.919870704406952,1.831787944597491,-0.293641516173094,2.58817006852397,-5.18110139324969,-38.1733971025022,2.65643569843642,-7.42074145829307,6.986166289805935,0.2105349044220052,0.589066108376392,77.30642581425828,Defended,Missed,Defend,0.466163635253906,0.4903221130371094,7.810568,-0.303446,-0.190866985512511,-0.342896851600204,-10.6,-35.6726431086713,2.80911001512456,2.80911001512456,-999.9,-999.9,-999.9,-8.840419,0.21888,0.671658,-11.00084568400955,-10.06034151335596,0.3162844135462943,0.7495148931931157,1.253980577435585,0.5218539952505499,0.11874254695842,-1.0,M-CHINNASWAMY-STADIUM-BANGALORE,2023-04-10,2023,R,R,R,Royal-Challengers-Bangalore,Lucknow-Super-Giants,Seam,1.0
870,1,19,Royal Challengers Bangalore,Glenn Maxwell,Avesh Khan,,17,1,6,6,6,0,0,0,0,0,0,0,0,0,0,1,0,,,0,16.1,1,1,0,302177,178.4,-6.21,6,0,https://scores.bcci.tv/matchcentre/commentaryFiles/TATA-IPL-2023/Royal-Challengers-Bangalore-VS-Lucknow-Super-Giants-(10-Apr-2023)/File_1-17-302177.png,39,ANGLED IN,11,LOFTED ON DRIVE,0,0,1,16,152,1,Off stump,Good Length,1,1,3,0,0,0,0,0,83.26769990239661,-7.890459638892216,8.341108955779713,-0.6950516778101049,2.026316499493169,-0.260099239251774,1.99935111150845,-5.50695891246623,-33.8129011027307,1.70259337564036,-6.93258757962337,7.579328162404774,0.1821267485777759,0.6097480880999573,83.249538357216,Attacked,Played,,0.685890197753906,0.4782371520996094,6.700886,-0.240673,-0.169064505513653,0.0,-10.6,-31.7683077835035,1.86929239306263,1.86929239306263,-7.968556,0.033935,0.538213,-8.840665,0.086667,0.609314,-11.58665944290679,-10.06026066359125,0.1608346118805058,0.6950403661975635,1.266043271643807,0.4848815318486598,0.124095569730745,78.0,M-CHINNASWAMY-STADIUM-BANGALORE,2023-04-10,2023,R,R,R,Royal-Challengers-Bangalore,Lucknow-Super-Giants,Seam,1.0
870,1,19,Royal Challengers Bangalore,Glenn Maxwell,Avesh Khan,,17,2,2,2,2,0,1,0,0,0,0,0,0,0,0,0,0,,,0,16.2,1,1,0,302178,108.23,134.59,2,0,,39,ANGLED IN,47,FRONTFOOT ON DRIVE,0,0,2,16,154,1,Middle stump,Full Toss,0,0,3,0,0,0,0,0,84.1075113648981,-3.818624566744393,8.340830529622991,-0.7422091840245786,2.034755222762871,-0.254862616874073,1.74871327501793,-6.16606524306081,-33.1321401936295,2.14631881617665,-5.55806693952063,6.54772286693346,0.181017738103279,0.65,89.3982261896721,Attacked,Played,On Drive,0.499282836914062,0.4667701721191406,0.9372329999999992,0.105426,-0.236658144240211,-0.473222235740557,-10.6,-31.475533183948,2.03900287536781,2.03900287536781,-8.198495,0.046439,0.192135,-8.841116,0.087263,0.08699,-9.522957433349422,-10.06030811348467,0.1661640757245224,0.1432709945188352,1.753624058995494,-1.2722218725854072e-14,0.224367985244947,-1.0,M-CHINNASWAMY-STADIUM-BANGALORE,2023-04-10,2023,R,R,R,Royal-Challengers-Bangalore,Lucknow-Super-Giants,Seam,1.0
870,1,19,Royal Challengers Bangalore,Glenn Maxwell,Avesh Khan,,17,3,1,1,1,1,0,0,0,0,0,0,0,0,0,0,0,,,0,16.3,1,1,0,302179,96.86,131.75,1,0,,39,ANGLED IN,11,LOFTED ON DRIVE,0,0,3,16,155,1,Middle stump,Full Toss,0,0,3,0,0,0,0,0,84.29010218381973,-3.19244481346732,8.340765464219256,-0.7553332328700819,2.061315344880253,-0.253004022599753,2.11577190341832,-6.84990134559299,-32.8905229379678,2.37762210945642,-5.72065589897021,6.786560441272092,0.1746798474344611,0.6500000000000006,90.03201525655398,Attacked,Edged,On Drive,0.497474670410156,0.46142578125,-0.2154939999999996,0.206359,-0.23493230669977,-0.516893725240936,-10.6,-31.2459967910694,2.2587410039836,2.2587410039836,-8.034633,0.050577,0.364384,-8.84083,0.105207,0.235299,-9.866762204564017,-10.05977188478623,0.1908229966391028,0.0309224727354917,2.217777939874511,0.0,0.257775120873688,-1.0,M-CHINNASWAMY-STADIUM-BANGALORE,2023-04-10,2023,R,R,R,Royal-Challengers-Bangalore,Lucknow-Super-Giants,Seam,1.0
870,1,19,Royal Challengers Bangalore,Faf Du Plessis,Avesh Khan,,17,4,1,1,1,1,0,0,0,0,0,0,0,0,0,0,0,,,0,16.4,1,1,0,302180,121.03,70.12,1,0,,39,ANGLED IN,13,LOFTED STRAIGHT,0,0,4,16,156,1,Outside Off stump,Full Length,0,0,3,0,0,0,0,0,81.89524955384385,-6.6376415809759,8.340640055788498,-0.7008206336147478,2.006328391117979,-0.261576157297975,2.71390262579856,-6.2744986087753,-34.0049004487367,1.33691809892031,-6.5996255880418,6.075108524771111,0.2005799766056854,0.5160022646548159,67.34234203765386,Attacked,Edged,On Drive,0.512924194335938,0.462799072265625,5.599643,-0.395736,-0.170024502243684,0.0,-10.6,-31.9968846825211,1.32624819800864,1.32624819800864,-7.751057,-0.258132,0.337472,-8.840821,-0.212022,0.411226,-10.98334520842728,-10.06028534673188,-0.1600994086366494,0.4789399958645281,1.695425630147154,0.1220607846385099,0.180765894985472,-1.0,M-CHINNASWAMY-STADIUM-BANGALORE,2023-04-10,2023,R,R,R,Royal-Challengers-Bangalore,Lucknow-Super-Giants,Seam,1.0
870,1,19,Royal Challengers Bangalore,Glenn Maxwell,Avesh Khan,,17,5,4,4,4,0,0,0,0,0,0,0,0,0,1,0,0,,,0,16.5,1,1,0,302181,-151.56,124.16,4,0,,39,ANGLED IN,15,LOFTED COVER DRIVE,0,0,5,16,160,1,Leg stump,Full Toss,0,0,3,0,0,0,0,0,86.97729466851396,-3.517592960597034,8.341095450911862,-0.6844054068571499,2.035046523039543,-0.261476939893728,2.83966341231474,-6.63170801782384,-33.9920021861846,2.13593890634721,-5.74530762287606,6.596658592568214,0.1796408994222148,0.6500000000000002,89.53591005777857,Attacked,Played,Off-Drive,0.483226776123047,0.4566192626953125,-0.0130020000000001,0.033291,-0.242800015615604,-0.47956994775715,-10.6,-32.2924020768754,2.02914196102985,2.02914196102985,-8.361898,-0.069976,0.254426,-8.841072,-0.041907,0.178322,-9.593430045837325,-10.05979791362666,0.0324615312479459,-0.0223723974820971,2.56615917705209,-1.2722218725854072e-14,0.315560679715996,-1.0,M-CHINNASWAMY-STADIUM-BANGALORE,2023-04-10,2023,R,R,R,Royal-Challengers-Bangalore,Lucknow-Super-Giants,Seam,1.0
870,1,19,Royal Challengers Bangalore,Glenn Maxwell,Avesh Khan,,17,6,0,0,0,0,0,0,1,0,0,0,0,0,0,0,0,,,0,16.6,1,1,0,302182,-151.56,124.16,0,0,,38,STRAIGHT BALL,99,SCOOP,0,0,6,16,160,1,Outside Off stump,Good Length,0,0,3,0,0,0,0,0,84.66051617710397,-9.286702737428772,8.340717666315086,-0.7587115612118763,1.987714903812798,-0.273457254658117,2.9135335218136,-5.2828487005875,-35.5494431055553,0.921278258867254,-7.73699733761954,8.955179811677764,0.2269983983363499,0.66439087108729,86.95879082945851,Defended,Missed,Defend,0.511619567871094,0.5330657958984375,8.153162,-0.615241,-0.177747215527776,0.0,-10.6,-32.6202802134652,1.08237259013482,1.08237259013482,-999.9,-999.9,-999.9,-8.840978,-0.3807,0.909343,-12.27840467401762,-10.06019921629916,-0.3385107949860677,1.012124962532864,1.315879407639944,0.4159212678594861,0.119521738381919,-1.0,M-CHINNASWAMY-STADIUM-BANGALORE,2023-04-10,2023,R,R,R,Royal-Challengers-Bangalore,Lucknow-Super-Giants,Seam,1.0
870,1,19,Royal Challengers Bangalore,Faf Du Plessis,Jaydev Unadkat,,18,1,1,1,1,1,0,0,0,0,0,0,0,0,0,0,0,,,0,17.1,1,1,0,302183,127.67,112.79,1,0,,38,STRAIGHT BALL,11,LOFTED ON DRIVE,0,0,1,17,161,1,Outside Leg stump,Full Toss,1,0,3,0,0,0,0,0,81.99204231674804,-3.287853764070868,8.340700420764023,0.6227311699910046,2.112837761780709,-0.246753014289129,0.805421451605787,-6.78767001504632,-32.0778918575867,-0.768943232818407,-5.70835006095171,6.942001689659017,0.1703358339737326,0.6499999999999998,90.46641660262672,Attacked,Played,Glance,0.509616851806641,0.4672050476074219,0.1843559999999993,0.100327,-0.229127798982762,0.167743376309416,-10.6,-30.4739972647074,-0.730496071177486,-0.730496071177486,-7.798162,0.151395,0.390433,-8.840947,0.125447,0.217568,-10.09031744169379,-10.06021415245699,0.0959026635702657,0.0599663419012653,0.5013793998931795,0.0,0.055728567323432,-1.0,M-CHINNASWAMY-STADIUM-BANGALORE,2023-04-10,2023,R,R,L,Royal-Challengers-Bangalore,Lucknow-Super-Giants,Seam,1.0
870,1,19,Royal Challengers Bangalore,Glenn Maxwell,Jaydev Unadkat,,18,2,4,4,4,0,0,0,0,0,0,0,0,0,1,0,0,,,0,17.2,1,1,0,302184,-56.27,-134.68,4,0,https://scores.bcci.tv/matchcentre/commentaryFiles/TATA-IPL-2023/Royal-Challengers-Bangalore-VS-Lucknow-Super-Giants-(10-Apr-2023)/File_1-18-302184.png,30,ANGLED ACROSS,59,FRONTFOOT SQUARE DRIVE,0,0,2,17,165,1,Outside Off stump,Full Toss,0,0,3,0,0,0,0,0,81.35157528847343,-2.822583613051459,8.340577474254843,0.7678071698586351,2.137166043297213,-0.243177092161942,0.170795512240899,-7.3127683355608,-31.6130219810525,-3.33947337643686,-5.8239565422777,7.184227549876921,0.1654031081467608,0.6499999999999991,90.95968918532378,Attacked,Edged,Cut,0.515190124511719,0.5014915466308594,-0.2975069999999995,-1.103718,-0.22580729986466,0.7103526927053,-10.6,-30.0323708819998,-3.17249970761501,-3.17249970761501,-8.731224,-0.932766,0.323547,-8.840705,-0.944222,0.304855,-10.43836079570455,-10.05966850704821,-1.072283910496989,0.0898407779630905,-0.6054242405619301,0.0,-0.0801525967552681,-1.0,M-CHINNASWAMY-STADIUM-BANGALORE,2023-04-10,2023,R,R,L,Royal-Challengers-Bangalore,Lucknow-Super-Giants,Seam,1.0
870,1,19,Royal Challengers Bangalore,Glenn Maxwell,Jaydev Unadkat,,18,3,1,1,1,1,0,0,0,0,0,0,0,0,0,0,0,,,0,17.3,1,1,0,302185,-77.6,-105.29,1,0,,30,ANGLED ACROSS,96,SLICED OVER POINT,0,0,3,17,166,1,Outside Off stump,Full Length,0,0,3,0,0,0,0,0,80.81019555858346,-4.491581584029458,8.340696457271562,0.8143038758374703,2.111492736019695,-0.245409143265226,0.362920628261572,-6.49672069784506,-31.9031886244794,-3.25376137098656,-5.90477463300728,8.99967636232358,0.1852614732719461,0.8031617888392089,111.9481209986867,Attacked,Edged,Cut,0.526382446289062,0.5152015686035156,2.313786,-0.773542,-0.159515943122397,0.0,-10.6,-29.9439940564029,-3.02254138841179,-3.02254138841179,-8.934285,-0.893847,0.218878,-8.840961,-0.884369,0.205278,-10.48588010685135,-10.06001546772775,-1.008547992548199,0.3752058683547504,-0.3641918909202354,0.059477992820489,-0.0503944237234379,-1.0,M-CHINNASWAMY-STADIUM-BANGALORE,2023-04-10,2023,R,R,L,Royal-Challengers-Bangalore,Lucknow-Super-Giants,Seam,1.0
870,1,19,Royal Challengers Bangalore,Faf Du Plessis,Jaydev Unadkat,,18,4,6,6,6,0,0,0,0,0,0,0,0,0,0,1,0,,,0,17.4,1,1,0,302186,146.63,162.09,6,0,https://scores.bcci.tv/matchcentre/commentaryFiles/TATA-IPL-2023/Royal-Challengers-Bangalore-VS-Lucknow-Super-Giants-(10-Apr-2023)/File_1-18-302186.png,38,STRAIGHT BALL,11,LOFTED ON DRIVE,0,0,4,17,172,1,Outside Leg stump,Full Length,0,0,3,0,0,0,0,0,81.52366642045483,-5.970751665194467,8.341088545690958,0.8356943877826768,2.097555287831458,-0.251953700611202,0.167973813542747,-7.02941882397559,-32.7539810794562,-1.71535811871523,-6.57898100892886,7.675364478507938,0.1856629662885775,0.6303415886959528,85.98494167553518,Attacked,Played,,0.499912261962891,0.4715766906738281,4.715009,0.140959,-0.163769905397281,0.0,-10.6,-30.7715537561091,-1.48674691012899,-1.48674691012899,-7.617327,0.0305,0.317433,-8.840992,-0.029544,0.444465,-11.35733135502214,-10.06002462614519,-0.0897578477447002,0.5544943638044849,-0.1797309665837318,0.231766955490606,-0.0210124431517837,92.0,M-CHINNASWAMY-STADIUM-BANGALORE,2023-04-10,2023,R,R,L,Royal-Challengers-Bangalore,Lucknow-Super-Giants,Seam,1.0
870,1,19,Royal Challengers Bangalore,Faf Du Plessis,Jaydev Unadkat,,18,5,6,6,6,0,0,0,0,0,0,0,0,0,0,1,0,,,0,17.5,1,1,0,302187,175.08,-20.9,6,0,,38,STRAIGHT BALL,46,FRONTFOOT PULL SHOT,0,0,5,17,178,1,Outside Leg stump,Full Toss,0,0,3,0,0,0,0,0,80.94057045804776,-1.624449010957385,8.340627773332447,0.6780850248635146,2.126114549315788,-0.239387467413138,0.555574094420238,-7.47659451174794,-31.1203707637079,-1.38745545179289,-5.68330680593146,7.12235516790284,0.1660966655851495,0.6500000000000001,90.89033344148508,Attacked,Played,,0.525604248046875,0.4560356140136719,-2.511870999999999,-0.294315,-0.222288362597914,0.293515332011583,-10.6,-29.5643522255225,-1.31808267920324,-1.31808267920324,-7.26694,-0.054746,0.881442,-8.840878,-0.126435,0.655782,-10.3494974140987,-10.0596842509626,-0.181605494229532,0.4667483008469021,0.1946458368908473,1.2722218725854072e-14,0.0161370497113354,-1.0,M-CHINNASWAMY-STADIUM-BANGALORE,2023-04-10,2023,R,R,L,Royal-Challengers-Bangalore,Lucknow-Super-Giants,Seam,1.0
870,1,19,Royal Challengers Bangalore,Faf Du Plessis,Jaydev Unadkat,,18,6,1 (WD),1,0,0,0,0,0,1,1,0,0,0,0,0,0,,,0,17.6,1,1,1,302188,175.08,-20.9,1,0,,30,ANGLED ACROSS,59,FRONTFOOT SQUARE DRIVE,0,0,6,17,179,1,Outside Off stump,Full Toss,0,0,3,0,0,0,0,0,79.69084005613259,-2.035175974207883,8.340684336415727,0.7472105908226089,2.109822923187346,-0.236110080262662,0.128706439826144,-6.98087414466629,-30.6943104341461,-3.59089893947307,-5.54858708982723,7.050775273766964,0.1687770351206908,0.6500000000000001,90.62229648793095,Attacked,Played,,0.5291748046875,0.5531158447265625,-1.887167999999999,-1.482584,-0.219245074529615,0.739562118707426,-10.6,-29.1595949124388,-3.41135399249942,-3.41135399249942,-999.9,-999.9,-999.9,-8.841146,-1.122843,0.538588,-10.2466588614518,-10.05981951659058,-1.263132420027263,0.3443371651089265,-0.7678784064026329,-1.2722218725854072e-14,-0.107229409484079,-1.0,M-CHINNASWAMY-STADIUM-BANGALORE,2023-04-10,2023,R,R,L,Royal-Challengers-Bangalore,Lucknow-Super-Giants,Seam,1.0
870,1,19,Royal Challengers Bangalore,Faf Du Plessis,Jaydev Unadkat,,18,6,4,4,4,0,0,0,0,0,0,0,0,0,1,0,0,,,0,17.6,1,1,0,302189,-113.16,-103.87,4,0,,30,ANGLED ACROSS,96,SLICED OVER POINT,0,0,7,17,183,1,Outside Off stump,Full Toss,0,0,3,0,0,0,0,0,80.82335467495199,-3.089920347746867,8.340406152827121,0.7718804007584171,2.128135732403841,-0.243401830224777,0.679056370651219,-7.05223212751814,-31.642237929221,-2.62077107040981,-5.77556687415116,7.118640520969573,0.1665877942715343,0.6499999999999994,90.84122057284648,Attacked,Played,Cut,0.522285461425781,0.4803428649902344,0.0471020000000006,-0.750018,-0.226015985208722,0.563511981622606,-10.6,-30.06012603276,-2.48973251688932,-2.48973251688932,-8.028953,-0.585624,0.37825,-8.841141,-0.65294,0.240642,-10.34416146090792,-10.06023930944807,-0.7539390121945229,0.0384152774300715,-0.0024646180004975,1.2722218725854072e-14,-0.00241660554224032,-1.0,M-CHINNASWAMY-STADIUM-BANGALORE,2023-04-10,2023,R,R,L,Royal-Challengers-Bangalore,Lucknow-Super-Giants,Seam,1.0
870,1,19,Royal Challengers Bangalore,Glenn Maxwell,Avesh Khan,,19,1,6,6,6,0,0,0,0,0,0,0,0,0,0,1,0,,,0,18.1,1,1,0,302190,-18.34,203.81,6,0,,39,ANGLED IN,13,LOFTED STRAIGHT,0,0,1,18,189,1,Outside Off stump,Full Length,1,0,3,0,0,0,0,0,84.1047579156181,-5.338001685462415,8.34067884223623,-0.7724118487698615,2.045137976749192,-0.258491685118862,2.35565453704712,-6.30245704455771,-33.6039190654521,1.40848808218299,-6.12763339417738,6.784050756371346,0.1722261860724963,0.6195051109892332,85.70314804113536,Attacked,Played,,0.506767272949219,0.4803543090820313,3.592644,-0.389746,-0.16801959532726,0.0,-10.6,-31.9106032439889,0.934964164685286,0.934964164685286,-8.468111,-0.330814,0.254966,-8.840645,-0.319772,0.291168,-10.33427150796952,-10.05990253380675,-0.2834779803995441,0.3997450608791349,1.748962040902067,-0.7218567528693062,0.214257611934316,71.0,M-CHINNASWAMY-STADIUM-BANGALORE,2023-04-10,2023,R,R,R,Royal-Challengers-Bangalore,Lucknow-Super-Giants,Seam,1.0
870,1,19,Royal Challengers Bangalore,Glenn Maxwell,Avesh Khan,,19,2,6,6,6,0,0,0,0,0,0,0,0,0,0,1,0,,,0,18.2,1,1,0,302191,-180.0,-11.42,6,0,https://scores.bcci.tv/matchcentre/commentaryFiles/TATA-IPL-2023/Royal-Challengers-Bangalore-VS-Lucknow-Super-Giants-(10-Apr-2023)/File_1-19-302191.png,38,STRAIGHT BALL,36,CUT SHOT,0,0,2,18,195,1,Outside Off stump,Short of Good Length,0,0,3,0,0,0,0,0,81.94361984922371,-12.94717414829298,8.340618517512226,-0.7546828216066149,1.983604079973384,-0.267497870772725,-0.842412671120948,-9.50335120836495,-34.7747232004543,0.326685678893921,-10.4122652569342,10.79876733489972,0.2392125748210857,0.5656129894847624,70.9206909406058,Attacked,Played,,0.550621032714844,0.5274467468261719,11.01393,-0.669211,-0.173873616002271,0.667582170211526,-10.8957380447664,-30.8764661547189,0.124033710860854,0.124033710860854,-8.681424,-0.595054,1.363998,-8.840753,-0.593198,1.376901,-16.66877837395617,-10.06024256555518,-0.5782672469013552,1.465231447327575,-0.2423671487985401,-0.3080789984224379,9.1359900781407e-05,82.0,M-CHINNASWAMY-STADIUM-BANGALORE,2023-04-10,2023,R,R,R,Royal-Challengers-Bangalore,Lucknow-Super-Giants,Seam,1.0
870,1,19,Royal Challengers Bangalore,Glenn Maxwell,Avesh Khan,,19,3,1,1,1,1,0,0,0,0,0,0,0,0,0,0,0,,,0,18.3,1,1,0,302192,117.71,107.1,1,0,https://scores.bcci.tv/matchcentre/commentaryFiles/TATA-IPL-2023/Royal-Challengers-Bangalore-VS-Lucknow-Super-Giants-(10-Apr-2023)/File_1-19-302192.png,39,ANGLED IN,47,FRONTFOOT ON DRIVE,0,0,3,18,196,1,Off stump,Full Length,0,0,3,0,0,0,0,0,83.70525263831513,-4.849863000921099,8.34074407367963,-0.646016328446386,2.040523932594219,-0.257885080406068,1.98749811204004,-5.99780364144729,-33.5250604527888,1.62659836736637,-5.8374691298067,5.113379865664704,-0.172957259771878,0.538202525436179,108.0261047926146,Attacked,Played,On Drive,0.505805969238281,0.4764747619628906,2.713727,-0.121374,-0.167625302263944,0.0,-10.6,-35.1099122271014,0.730803146335284,0.730803146335284,-8.561182,-0.096012,0.149617,-8.841022,-0.09015,0.171529,-9.877458154579736,-10.05976978671529,-0.0645242751906309,0.2592957637252004,1.636301265940838,-1.585325032408125,0.211979781136972,-1.0,M-CHINNASWAMY-STADIUM-BANGALORE,2023-04-10,2023,R,R,R,Royal-Challengers-Bangalore,Lucknow-Super-Giants,Seam,1.0
870,1,19,Royal Challengers Bangalore,Faf Du Plessis,Avesh Khan,,19,4,4,4,4,0,0,0,0,0,0,0,0,0,1,0,0,,,0,18.4,1,1,0,302193,-159.14,136.96,4,0,,39,ANGLED IN,15,LOFTED COVER DRIVE,0,0,4,18,200,1,Off stump,Full Length,0,1,4,0,0,0,1,0,85.25839542302927,-5.37073768272242,8.341190184538643,-0.7449373044501437,2.042332959401279,-0.261483970259831,2.62380829049262,-5.69690046138505,-33.992916133778,1.23305372890936,-5.96373528759508,7.225158539586138,0.1317118988078936,0.6947394104510367,101.0397216868662,Attacked,Played,Off-Drive,0.497840881347656,0.4643096923828125,3.286023999999999,-0.45839,-0.16996458066889,0.0,-10.6,-32.6817216587875,0.391242941583721,0.391242941583721,-8.19557,-0.441308,0.208501,-8.840818,-0.433513,0.279727,-9.950734267923918,-10.05972128078087,-0.4187153871154887,0.4033613962071499,1.882116869259419,-1.39155468487561,0.233381391004057,-1.0,M-CHINNASWAMY-STADIUM-BANGALORE,2023-04-10,2023,R,R,R,Royal-Challengers-Bangalore,Lucknow-Super-Giants,Seam,1.0
870,1,19,Royal Challengers Bangalore,Faf Du Plessis,Avesh Khan,,19,5,2,2,2,0,1,0,0,0,0,0,0,0,0,0,0,,,0,18.5,1,1,0,302194,126.25,98.56,2,0,,39,ANGLED IN,47,FRONTFOOT ON DRIVE,0,0,5,18,202,1,Outside Leg stump,Full Length,0,0,4,0,0,0,0,0,84.51834857622042,-4.977536178187957,8.3409026690988,-0.7318185197789566,2.031355176012561,-0.259690408405762,1.97797989794874,-5.73143296128281,-33.7597530927491,2.38163714502351,-5.80440605668916,5.925339927720954,-0.0176263866898818,0.6071923671194511,102.8414937369059,Attacked,Played,On Drive,0.501594543457031,0.4639892578125,2.742777999999999,0.12151,-0.168798765463745,0.0,-10.6,-33.9579383387592,1.84624307420319,1.84624307420319,-8.19999,0.16961,0.12723,-8.840465,0.204642,0.186955,-9.7556369345576,-10.06008600704421,0.2716613969300905,0.2905825740971127,1.741148738057627,-0.9233159785411424,0.225911139657213,-1.0,M-CHINNASWAMY-STADIUM-BANGALORE,2023-04-10,2023,R,R,R,Royal-Challengers-Bangalore,Lucknow-Super-Giants,Seam,1.0
870,1,19,Royal Challengers Bangalore,Faf Du Plessis,Avesh Khan,,19,6,1,1,1,1,0,0,0,0,0,0,0,0,0,0,0,,,0,18.6,1,1,0,302195,94.49,-36.07,1,0,,39,ANGLED IN,47,FRONTFOOT ON DRIVE,0,0,6,18,203,1,Leg stump,Full Toss,0,0,4,0,0,0,0,0,81.70150444683044,-3.463206424061646,8.340705796286347,-0.6386384603207844,2.025539884624281,-0.246992180983706,2.40604212398333,-6.75210308429701,-32.1089835278818,2.43496615362091,-5.69419099559758,6.918309536357853,0.1713664473699636,0.6500000000000006,90.36335526300373,Attacked,Edged,Glance,0.514892578125,0.459503173828125,0.7163389999999996,0.297951,-0.229349882342013,-0.513744956088987,-10.6,-30.5035343514877,2.31321784593987,2.31321784593987,-7.504375,0.16334,0.298351,-8.840983,0.260198,0.073531,-10.0562538615628,-10.0600200558139,0.3522800329111591,0.0695996556067453,2.464211362463741,1.2722218725854072e-14,0.284732083653926,-1.0,M-CHINNASWAMY-STADIUM-BANGALORE,2023-04-10,2023,R,R,R,Royal-Challengers-Bangalore,Lucknow-Super-Giants,Seam,1.0
870,1,19,Royal Challengers Bangalore,Faf Du Plessis,Mark Wood,,20,1,1,1,1,1,0,0,0,0,0,0,0,0,0,0,0,,,0,19.1,1,1,0,302196,50.87,153.56,1,0,,39,ANGLED IN,47,FRONTFOOT ON DRIVE,0,0,1,19,204,1,Leg stump,Yorker,1,0,4,0,0,0,0,0,91.46283251943528,-3.996031842971775,8.340516166702642,-0.8520759754823167,1.87769187833786,-0.27807878277819,2.99072086113309,-6.59353997431819,-36.1502417611647,2.75514779742568,-5.70261826899647,6.162324116767797,0.0828505629154195,0.6699047244888986,102.2006523817928,Attacked,Edged,Nudge,0.460613250732422,0.4450149536132813,1.770936000000001,0.060366,-0.180751208805824,0.0,-10.6,-35.3823210456199,2.43642859900412,2.43642859900412,-8.717912,0.089929,0.072477,-8.840699,0.098405,0.085256,-8.9644079619196,-10.06031849630294,0.1828898215361758,0.2056130564738018,2.306881128354079,-0.4191321479715939,0.316653578472625,-1.0,M-CHINNASWAMY-STADIUM-BANGALORE,2023-04-10,2023,R,R,R,Royal-Challengers-Bangalore,Lucknow-Super-Giants,Seam,1.0
870,1,19,Royal Challengers Bangalore,Glenn Maxwell,Mark Wood,,20,2,0,0,0,0,0,0,1,0,0,0,0,0,0,0,0,,,0,19.2,1,1,0,302197,-84.71,34.56,0,0,,39,ANGLED IN,5,LOFTED OFF DRIVE,0,0,2,19,204,1,Leg stump,Good Length,0,0,4,0,0,0,0,0,93.41604931728834,-9.734937838248902,8.340966985690407,-0.8516540823005773,1.813176945572748,-0.295287054855258,3.24714563770981,-4.97808216194204,-38.3873171311836,2.83594620828956,-8.21347198899597,8.10342447346065,0.2151149138694699,0.6160085134247448,80.88978562676475,Attacked,Edged,Cut,0.472915649414062,0.449615478515625,9.149094,-0.279387,-0.191936585655918,0.0,-10.6,-35.5351568950894,2.68832896841312,2.68832896841312,-8.456553,0.30342,0.883587,-8.840768,0.333755,0.914074,-12.07708671636421,-10.06035232163836,0.430481545041095,1.002271005683254,1.329454266026153,0.1011625160738721,0.104200762578309,-1.0,M-CHINNASWAMY-STADIUM-BANGALORE,2023-04-10,2023,R,R,R,Royal-Challengers-Bangalore,Lucknow-Super-Giants,Seam,1.0
870,1,19,Royal Challengers Bangalore,Glenn Maxwell,Mark Wood,,20,3,0,0,0,0,0,0,1,0,0,0,0,0,0,0,0,,,0,19.3,1,1,0,302198,-84.71,34.56,0,0,,36,BOUNCER,46,FRONTFOOT PULL SHOT,1,0,3,19,204,1,Outside Off stump,Short Length,0,0,4,0,0,0,0,0,93.34191327535608,-15.6258140159773,8.340932282790135,-0.9443189525069848,1.781442984201767,-0.297715402340593,-0.0883649873639419,-9.69366912936086,-38.7030023042771,2.13988738462781,-12.7174234652922,10.17798271825202,0.2338550077449602,0.4833960961809509,59.12391365264664,Defended,Missed,Defend,0.500953674316406,0.5285568237304688,12.636887,-0.63155,-0.193515011521386,0.0,-10.5859973170805,-34.2421558081811,2.72540742264007,2.72540742264007,-999.9,-999.9,-999.9,-8.841029,0.307873,1.52128,-18.19001133860287,-10.05981192697606,0.4119530061383466,1.608981828598562,0.1159017636635048,1.38604294195445,-0.012665125965372,-1.0,M-CHINNASWAMY-STADIUM-BANGALORE,2023-04-10,2023,R,R,R,Royal-Challengers-Bangalore,Lucknow-Super-Giants,Seam,1.0
870,1,19,Royal Challengers Bangalore,Glenn Maxwell,Mark Wood,,20,4,1 (WD),1,0,0,0,0,0,1,1,0,0,0,0,0,0,,,0,19.4,1,1,1,302199,-84.71,34.56,1,0,,39,ANGLED IN,54,LEG GLANCE,0,0,4,19,205,1,Outside Leg stump,Yorker,0,0,4,0,0,0,0,0,92.90296008799712,-4.748680361391479,8.340417076828974,-0.8341640938812873,1.861732630322004,-0.282658414856156,3.35726490047225,-4.58083339498997,-36.7455939313003,3.44208078491974,-5.34222174017061,5.485692914848414,0.1637437473980403,0.6352304741889043,88.91019638853163,Attacked,Played,,0.455223083496094,0.4778823852539063,2.155108,0.308438,-0.183727969656502,0.0,-10.6,-35.3357650806251,3.15157996728289,3.15157996728289,-999.9,-999.9,-999.9,-8.840919,0.392126,0.120108,-8.271935051017227,-10.06036691479849,0.5017691398253539,0.2219622908737774,2.521382535037402,-0.2547709777740877,0.339381375141703,-1.0,M-CHINNASWAMY-STADIUM-BANGALORE,2023-04-10,2023,R,R,R,Royal-Challengers-Bangalore,Lucknow-Super-Giants,Seam,1.0
870,1,19,Royal Challengers Bangalore,Glenn Maxwell,Mark Wood,,20,4,6,6,6,0,0,0,0,0,0,0,0,0,0,1,0,,,0,19.4,1,1,0,302200,158.96,-64.99,6,0,,39,ANGLED IN,58,BACKFOOT PULL SHOT,0,0,5,19,211,1,Outside Off stump,Short of Good Length,0,0,4,0,0,0,0,0,89.50785863482966,-11.92048552222042,8.340470751335651,-0.9649564754708798,1.754164298646758,-0.285144645101533,1.12421468009159,-9.76416084749577,-37.0688038631993,2.21984386462732,-10.081212826442,9.393304714053627,0.2364127989142335,0.5477765463860045,68.52520206647732,Attacked,Played,,0.509696960449219,0.4768295288085938,11.276418,-0.569294,-0.185344019315997,0.0,-10.6,-33.381427906277,2.08297272490283,2.08297272490283,-8.199963,0.034197,1.193896,-8.841028,0.076486,1.241475,-15.21416528863927,-10.06008849946076,0.1573431187237162,1.320284683448255,0.4849841872304062,0.1435466444195806,0.05163788273951,75.0,M-CHINNASWAMY-STADIUM-BANGALORE,2023-04-10,2023,R,R,R,Royal-Challengers-Bangalore,Lucknow-Super-Giants,Seam,1.0
870,1,19,Royal Challengers Bangalore,Glenn Maxwell,Mark Wood,,20,5,0 WK,W,0,0,0,0,1,0,0,0,0,0,0,0,1,Bowled,WICKET,1,19.5,1,1,0,302201,158.96,-64.99,0,0,,39,ANGLED IN,11,LOFTED ON DRIVE,0,0,6,19,211,2,Outside Off stump,Good Length,1,0,4,0,0,0,0,0,93.38979258844584,-8.621297265160514,8.341174625578681,-0.919669294722862,1.831356622017859,-0.294001289062368,2.95588201880546,-5.09546107425357,-38.2201675781079,2.31341107163041,-7.57578594395693,6.305439149729148,0.2180736697794348,0.5207392252180334,66.30351680476154,Defended,Missed,Defend,0.467697143554688,0.49127197265625,8.098943,-0.419016,-0.191100837890539,0.0,-10.6,-35.7023695434545,2.3210233051153,2.3210233051153,-999.9,-999.9,-999.9,-8.840857,0.036685,0.607864,-11.21152396732672,-10.06020833419135,0.1192664643753805,0.6674695179448866,1.316480470386572,0.2557800311135112,0.11426927188679,-1.0,M-CHINNASWAMY-STADIUM-BANGALORE,2023-04-10,2023,R,R,R,Royal-Challengers-Bangalore,Lucknow-Super-Giants,Seam,1.0
870,1,19,Royal Challengers Bangalore,Dinesh Karthik,Mark Wood,,20,6,1,1,1,1,0,0,0,0,0,0,0,0,0,0,0,,,0,19.6,1,1,0,302202,-93.25,41.2,1,0,,39,ANGLED IN,52,BACKFOOT COVERDRIVE,0,0,7,19,212,2,Outside Off stump,Short of Good Length,2,0,4,0,0,0,0,0,93.3547431547954,-10.16388104101187,8.34081840170689,-0.9151216471077102,1.793159088407838,-0.295902427541979,2.564003472491,-5.6401902199328,-38.4673155804572,2.23326668250036,-8.59427057881617,6.427823342285243,0.1983604740467926,0.4715527864710176,60.89687056597339,Attacked,Played,Cut,0.472297668457031,0.45794677734375,9.692065,-0.4873,-0.192336577902286,0.0,-10.6,-35.9725048636328,1.91495358866559,1.91495358866559,-8.764354,-0.029983,0.710849,-8.84101,-0.025709,0.714218,-12.59405146768906,-10.0603065174926,0.0425117944079689,0.7608425587958756,0.9907295182417036,-0.2754497827823452,0.0731233810943941,-1.0,M-CHINNASWAMY-STADIUM-BANGALORE,2023-04-10,2023,R,R,R,Royal-Challengers-Bangalore,Lucknow-Super-Giants,Seam,1.0
870,2,77,Lucknow Super Giants,Kyle Mayers,Mohammed Siraj,,1,1,0,0,0,0,0,0,1,0,0,0,0,0,0,0,0,,,0,0.1,1,1,0,302203,-20.24,17.5,0,0,https://scores.bcci.tv/matchcentre/commentaryFiles/TATA-IPL-2023/Royal-Challengers-Bangalore-VS-Lucknow-Super-Giants-(10-Apr-2023)/File_2-1-302203.png,41,INSWINGER,50,BACKFOOT DEFENCE,0,0,1,0,0,0,Leg stump,Good Length,1,0,0,0,0,0,0,0,89.350824874764,-9.127077687691918,8.34068973582471,-0.6015553391720811,1.925591068584775,-0.281687790702675,-5.64997445743269,-7.95531520064559,-36.6194127913478,1.09991059548862,-8.35858256094884,8.979105288505897,0.1887575296047785,0.643525861665886,87.65312628940505,Defended,Missed,Defend,0.49127197265625,0.4727554321289063,8.684415,-0.135136,-0.183097063956739,0.0,-10.6,-34.0417854964724,0.270766876928322,0.270766876928322,-8.61363,-0.076414,0.964478,-8.841127,-0.07453,0.985653,-12.85779802953135,-10.05971170637849,-0.0643976293137133,1.090735230873867,-1.980413337288037,-1.26471576804092,-0.161936854292768,-1.0,M-CHINNASWAMY-STADIUM-BANGALORE,2023-04-10,2023,L,R,R,Lucknow-Super-Giants,Royal-Challengers-Bangalore,Seam,1.0
870,2,77,Lucknow Super Giants,Kyle Mayers,Mohammed Siraj,,1,2,1 (WD),1,0,0,0,0,0,1,1,0,0,0,0,0,0,,,0,0.2,1,1,1,302204,-20.24,17.5,1,0,,30,ANGLED ACROSS,51,FRONTFOOT COVERDRIVE,0,0,2,0,1,0,Outside Off stump,Good Length,0,0,0,0,0,0,0,0,84.40000000000003,-7.621917099247361,8.340652787301114,-0.6257392082789072,1.921174088117635,-0.27464171680067,2.76506950477054,-8.76256284669736,-35.7034231840871,4.25507409369045,-7.7413669126397,8.087345189878942,0.1553709040335066,0.6191303059907519,87.33245549526212,Attacked,Played,,0.492988586425781,0.5201339721679688,7.522998,0.500895,-0.178517115920435,0.0,-10.6,-33.7301796236522,4.34297203837715,4.34297203837715,-999.9,-999.9,-999.9,-8.840753,1.326391,0.750741,-12.23374480837041,-10.06016688038872,1.489361409747694,0.8475265783416536,1.706681394222097,0.5404661150259075,0.157709198933164,-1.0,M-CHINNASWAMY-STADIUM-BANGALORE,2023-04-10,2023,L,R,R,Lucknow-Super-Giants,Royal-Challengers-Bangalore,Seam,1.0
870,2,77,Lucknow Super Giants,Kyle Mayers,Mohammed Siraj,,1,2,0,0,0,0,0,0,1,0,0,0,0,0,0,0,0,,,0,0.2,1,1,0,302205,64.62,-16.64,0,0,,41,INSWINGER,49,FORWARD DEFENCE,0,0,3,0,1,0,Leg stump,Good Length,0,0,0,0,0,0,0,0,88.03586432966603,-6.924339116690195,8.340386799482985,-0.6141333030946414,1.936744429684876,-0.274394360037012,-6.82417783846726,-6.56908042812227,-35.6712668048116,0.218989198701886,-6.86678621866664,6.392404192106468,0.1722368974094531,0.5520479532865448,75.5835032520364,Defended,Missed,Defend,0.489681243896484,0.4631423950195313,6.295963,-0.183895,-0.178356334024058,0.0,-10.6,-33.836194993898,0.0883061991862683,0.0883061991862683,-8.399237,-0.171648,0.478366,-8.840693,-0.170465,0.508488,-10.89625646787026,-10.05994507173696,-0.1671850124974857,0.5821097797790764,-3.218834460071527,-0.2022086306591508,-0.318325625908879,-1.0,M-CHINNASWAMY-STADIUM-BANGALORE,2023-04-10,2023,L,R,R,Lucknow-Super-Giants,Royal-Challengers-Bangalore,Seam,1.0
870,2,77,Lucknow Super Giants,Kyle Mayers,Mohammed Siraj,,1,3,0 WK,W,0,0,0,0,1,0,0,0,0,0,0,0,1,Bowled,WICKET,1,0.3,1,1,0,302206,64.62,-16.64,0,0,https://scores.bcci.tv/matchcentre/commentaryFiles/TATA-IPL-2023/Royal-Challengers-Bangalore-VS-Lucknow-Super-Giants-(10-Apr-2023)/File_2-1-302206.png,30,ANGLED ACROSS,50,BACKFOOT DEFENCE,0,0,4,0,1,1,Off stump,Short of Good Length,1,0,0,0,0,0,0,0,83.71084945985642,-9.534477261586852,8.340453943351733,-0.6403222340398371,1.906546278582615,-0.272531187956984,-4.95555455092412,-8.81689222872378,-35.4290544344079,1.53343043624956,-8.5510895402226,8.37369880832093,0.1630627110631892,0.5720208065908029,79.49684988230152,Defended,Edged,Defend,0.524917602539062,0.4978752136230469,9.318604,-0.108242,-0.177145272172039,0.0,-10.6,-33.2300489146771,1.63514407902914,1.63514407902914,-8.870622,0.300697,0.950215,-8.841151,0.299182,0.948134,-13.56928644763135,-10.0599524398832,0.362075192636529,1.026844704614044,-1.68833582935508,0.3387561147121587,-0.10447408526522,-1.0,M-CHINNASWAMY-STADIUM-BANGALORE,2023-04-10,2023,L,R,R,Lucknow-Super-Giants,Royal-Challengers-Bangalore,Seam,1.0
870,2,77,Lucknow Super Giants,Deepak Hooda,Mohammed Siraj,,1,4,0,0,0,0,0,0,1,0,0,0,0,0,0,0,0,,,0,0.4,1,1,0,302207,-47.74,20.81,0,0,,42,OUTSWINGER,49,FORWARD DEFENCE,0,0,5,0,1,1,Off stump,Good Length,2,0,0,0,0,0,0,0,85.84863300397865,-7.264626019868919,8.34088211858382,-0.6837225973362951,1.936810550782042,-0.275157016304711,-6.53900744044509,-7.12519959965598,-35.7704121196125,0.569228956961547,-7.18552421900018,7.719156108621149,0.1856802766377345,0.6336643000186715,86.48161733902728,Defended,Played,Defend,0.490653991699219,0.458587646484375,6.775638,-0.189742,-0.178852060598062,0.0,-10.6,-33.5916805523957,0.492421390430419,0.492421390430419,-8.168162,-0.117203,0.60104,-8.840897,-0.107059,0.660419,-11.3583496186319,-10.06004226193249,-0.0885812202748644,0.7570263224185625,-2.912224732090556,-0.0718535436239246,-0.294154643207369,-1.0,M-CHINNASWAMY-STADIUM-BANGALORE,2023-04-10,2023,R,R,R,Lucknow-Super-Giants,Royal-Challengers-Bangalore,Seam,1.0
870,2,77,Lucknow Super Giants,Deepak Hooda,Mohammed Siraj,,1,5,0,0,0,0,0,0,1,0,0,0,0,0,0,0,0,,,0,0.5,1,1,0,302208,-83.29,-8.58,0,0,,42,OUTSWINGER,59,FRONTFOOT SQUARE DRIVE,0,0,6,0,1,1,Outside Off stump,Good Length,0,0,0,0,0,0,0,0,87.29506061534735,-7.110677188284099,8.340479339237199,-0.7266660689041755,1.951000795416352,-0.272976803219284,-5.9500294613713,-7.39084666052954,-35.4869844185069,-0.233181086308602,-7.16489336307372,6.178503737543607,0.1088599811654211,0.5182694908452489,76.85442551024522,Attacked,Played,Nudge,0.490631103515625,0.4590682983398438,6.672217,-0.502575,-0.177434922092535,0.0,-10.6,-34.3017851423058,-0.347531659216132,-0.347531659216132,-8.219248,-0.552147,0.475686,-8.84056,-0.558614,0.514813,-11.41467957471555,-10.06037237886654,-0.5713732024406395,0.5812454993431764,-2.817926121695426,-0.2039986744126208,-0.280905609005777,-1.0,M-CHINNASWAMY-STADIUM-BANGALORE,2023-04-10,2023,R,R,R,Lucknow-Super-Giants,Royal-Challengers-Bangalore,Seam,1.0
870,2,77,Lucknow Super Giants,Deepak Hooda,Mohammed Siraj,,1,6,4 (LB),4,0,0,0,0,1,4,0,0,0,1,1,0,0,,,0,0.6,1,1,1,302209,-83.29,-8.58,4,0,,41,INSWINGER,54,LEG GLANCE,0,0,7,0,5,1,Outside Off stump,Good Length,0,0,0,0,0,0,0,0,90.46530299329072,-8.972088853800804,8.340378804232305,-0.7651466542904755,1.900072750061254,-0.285253566433761,1.04820155026365,-6.73242815083765,-37.0829636363889,1.95383994710372,-8.03593782749535,8.056962124520329,0.1071689555470484,0.6284137814346241,93.54517166048878,Defended,Missed,Defend,0.477767944335938,0.4565505981445313,8.486243,-0.296538,-0.185414818181945,0.0,-10.6,-35.6744838963166,2.02667289216692,2.02667289216692,-8.54032,0.106576,0.847862,-8.841088,0.124319,0.873208,-12.22703485226346,-10.05997322582402,0.1965204613348743,0.9679674892804015,0.6002556846506815,0.2354561574060147,0.0354099909061952,-1.0,M-CHINNASWAMY-STADIUM-BANGALORE,2023-04-10,2023,R,R,R,Lucknow-Super-Giants,Royal-Challengers-Bangalore,Seam,1.0
870,2,77,Lucknow Super Giants,K L Rahul,David Willey,,2,1,0,0,0,0,0,0,1,0,0,0,0,0,0,0,0,,,0,1.1,1,1,0,302210,-72.86,-28.96,0,0,https://scores.bcci.tv/matchcentre/commentaryFiles/TATA-IPL-2023/Royal-Challengers-Bangalore-VS-Lucknow-Super-Giants-(10-Apr-2023)/File_2-2-302210.png,41,INSWINGER,27,FORWARD PUSH,0,0,1,1,5,1,Off stump,Good Length,1,0,0,0,0,0,0,0,77.26148202108047,-8.244347430171157,8.340674788585037,0.3599768438882581,1.994512566375144,-0.250144058639933,1.64633372627554,-7.33608528352582,-32.5187276231913,-1.30152456601528,-7.37828924960383,8.975552140166812,0.1631268734389592,0.6538449845947574,91.76406034531767,Attacked,Played,Nudge,0.557144165039062,0.4988250732421875,7.867769,-0.12523,-0.162593638115957,0.0,-10.6,-30.5435068359582,-0.808284088596805,-0.808284088596805,-7.82904,-0.276683,0.770219,-8.840671,-0.304359,0.861183,-12.78360566511542,-10.0598100179508,-0.3379182812127464,0.9548115327918536,0.662445547621441,0.7760886163244557,0.0514310250730558,-1.0,M-CHINNASWAMY-STADIUM-BANGALORE,2023-04-10,2023,R,R,L,Lucknow-Super-Giants,Royal-Challengers-Bangalore,Seam,1.0
870,2,77,Lucknow Super Giants,K L Rahul,David Willey,,2,2,1,1,1,1,0,0,0,0,0,0,0,0,0,0,0,,,0,1.2,1,1,0,302211,76.94,35.04,1,0,https://scores.bcci.tv/matchcentre/commentaryFiles/TATA-IPL-2023/Royal-Challengers-Bangalore-VS-Lucknow-Super-Giants-(10-Apr-2023)/File_2-2-302211.png,38,STRAIGHT BALL,97,BACKFOOT PUSH,0,0,2,1,6,1,Outside Leg stump,Short of Good Length,0,0,0,0,0,0,0,0,80.2814308698489,-9.671433958690963,8.340485269560187,0.4168900693068625,1.980037462080915,-0.253477777589734,3.42399725555034,-6.35854501631577,-32.9521110866654,-0.48533543862545,-7.78611975048909,7.644940473552326,0.1640586274805891,0.5343028890903802,73.73957061549811,Attacked,Played,Glance,0.535137176513672,0.5180282592773438,8.941833,0.150977,-0.164760555433327,0.0,-10.6,-30.9933884278763,-0.386402066822772,-0.386402066822772,-8.439671,0.057874,0.761423,-8.840789,0.052665,0.782112,-13.29435282383723,-10.05975930548645,0.0367635014725429,0.8333507969849966,1.479268669603291,0.1295370164025335,0.119924427878825,-1.0,M-CHINNASWAMY-STADIUM-BANGALORE,2023-04-10,2023,R,R,L,Lucknow-Super-Giants,Royal-Challengers-Bangalore,Seam,1.0
870,2,77,Lucknow Super Giants,Deepak Hooda,David Willey,,2,3,1,1,1,1,0,0,0,0,0,0,0,0,0,0,0,,,0,1.3,1,1,0,302212,-71.91,76.28,1,0,,30,ANGLED ACROSS,84,FRONTFOOT OFF DRIVE,0,0,3,1,7,1,Off stump,Good Length,0,0,0,0,0,0,0,0,80.95824017843628,-7.360233998241731,8.340981551240873,0.4018359274392396,1.987019175493614,-0.253643415379175,0.628470131645857,-7.55784254149697,-32.9736439992928,-1.40958353109401,-7.12911341969975,7.957827789821178,0.2155771640631022,0.5985090313251717,78.21863829246554,Attacked,Played,Nudge,0.526931762695312,0.4901504516601563,7.035252,-0.098271,-0.164868219996464,0.0,-10.6,-30.5231324845132,-1.20862769253445,-1.20862769253445,-7.835759,-0.291292,0.590111,-8.840716,-0.332261,0.671272,-12.19993233995403,-10.05997546407316,-0.3822766034373135,0.7538438412844946,0.1346660800735501,0.1802727378146002,0.0131101313469684,-1.0,M-CHINNASWAMY-STADIUM-BANGALORE,2023-04-10,2023,R,R,L,Lucknow-Super-Giants,Royal-Challengers-Bangalore,Seam,1.0
870,2,77,Lucknow Super Giants,K L Rahul,David Willey,,2,4,1,1,1,1,0,0,0,0,0,0,0,0,0,0,0,,,0,1.4,1,1,0,302213,-19.29,125.11,1,0,,41,INSWINGER,19,BACKFOOT STRAIGHT DRIVE,0,0,4,1,8,1,Off stump,Good Length,0,0,0,0,0,0,0,0,80.83132111204304,-8.8147584023815,8.340559278671694,0.2097777480779563,1.959209622434367,-0.254975655402369,-4.05880439092868,-6.92713433529502,-33.146835202308,-1.54380820552459,-7.55682518401327,7.525895534250826,0.2036095626044274,0.5387014921592093,70.44426756343864,Attacked,Played,Nudge,0.537265777587891,0.5158195495605469,8.366597,-0.067835,-0.16573417601154,0.0,-10.6,-30.8137270997544,-0.307009108004776,-0.307009108004776,-8.475689,-0.136673,0.696474,-8.84091,-0.140453,0.716531,-12.84280948181085,-10.06012916497279,-0.1531298415224348,0.7720571909248123,-2.088518197331108,2.095772962570151,-0.238724349772298,-1.0,M-CHINNASWAMY-STADIUM-BANGALORE,2023-04-10,2023,R,R,L,Lucknow-Super-Giants,Royal-Challengers-Bangalore,Seam,1.0
870,2,77,Lucknow Super Giants,Deepak Hooda,David Willey,,2,5,2,2,2,0,1,0,0,0,0,0,0,0,0,0,0,,,0,1.5,1,1,0,302214,-110.79,129.38,2,0,,30,ANGLED ACROSS,122,STEP DOWN LOFTED OFF DRIVE,0,0,5,1,10,1,Off stump,Good Length,0,0,0,0,0,0,0,0,80.44986071806021,-10.28247000479622,8.341195544407839,0.4131437036146932,1.964215971433946,-0.254605589260128,-0.489712167584038,-7.86434200547247,-33.0987266038166,-1.71343401255108,-8.44688170712458,8.936696214267787,0.1162296236494964,0.587280060863776,86.46904676461676,Attacked,Played,Off-Drive,0.575305938720703,0.4577865600585938,9.554131,-0.013561,-0.165493633019083,0.0,-10.6,-31.5460740309815,-1.56137270244616,-1.56137270244616,-6.687272,-0.32458,0.820722,-8.841013,-0.4354,0.996248,-14.31645171925233,-10.06006794835697,-0.4987085157028681,1.072555248587962,-0.3933155116216132,0.1298646415195725,-0.0375771034786178,-1.0,M-CHINNASWAMY-STADIUM-BANGALORE,2023-04-10,2023,R,R,L,Lucknow-Super-Giants,Royal-Challengers-Bangalore,Seam,1.0
870,2,77,Lucknow Super Giants,Deepak Hooda,David Willey,,2,6,0,0,0,0,0,0,1,0,0,0,0,0,0,0,0,,,0,1.6,1,1,0,302215,-66.7,-32.28,0,0,,30,ANGLED ACROSS,97,BACKFOOT PUSH,0,0,6,1,10,1,Leg stump,Short of Good Length,0,0,0,0,0,0,0,0,79.69248787271373,-9.03989487768878,8.340607254113493,0.3720409260982902,1.937072323278772,-0.252160139686625,3.01477150709998,-8.7737213449728,-32.7808181592613,-0.654053829655227,-8.02199501127235,7.310787681262095,0.019726844147105,0.5204151685385777,86.08959086607616,Defended,Played,Defend,0.527229309082031,0.5159568786621094,8.99916,0.075355,-0.163904090796306,0.0,-9.36389364535202,-32.540548798645,-0.634737475977375,-0.634737475977375,-8.689417,-0.076383,0.782572,-8.840828,-0.079455,0.791835,-13.75095621066861,-10.05988939201186,-0.1042836300882684,0.8586378214767947,1.282290420627834,0.0255604036357969,0.113552847384009,-1.0,M-CHINNASWAMY-STADIUM-BANGALORE,2023-04-10,2023,R,R,L,Lucknow-Super-Giants,Royal-Challengers-Bangalore,Seam,1.0
870,2,77,Lucknow Super Giants,K L Rahul,Mohammed Siraj,,3,1,4,4,4,0,0,0,0,0,0,0,0,0,1,0,0,,,0,2.1,1,1,0,302216,177.45,-31.81,4,0,,39,ANGLED IN,40,FRONTFOOT FLICK,0,0,1,2,14,1,Off stump,Good Length,1,0,0,0,0,0,0,0,90.74835269751505,-8.116145609304088,8.34049584287483,-0.7087831951982038,1.915634031533515,-0.285053591452569,-1.08431016405895,-7.46557544801202,-37.0569668888339,2.01772571223388,-7.78160960359522,7.162827519629819,0.1886282006382511,0.5617177961217357,75.39484935443524,Attacked,Played,Glance,0.479644775390625,0.4492950439453125,7.742452,-0.109596,-0.18528483444417,0.0,-10.6,-34.7820346461314,1.61525807956042,1.61525807956042,-8.234887,0.169626,0.64703,-8.841039,0.19874,0.691067,-11.85925572427375,-10.05988192135384,0.257578556903616,0.7695509058162779,-0.1913292235292171,-0.4577638236106715,-0.00242360654622509,-1.0,M-CHINNASWAMY-STADIUM-BANGALORE,2023-04-10,2023,R,R,R,Lucknow-Super-Giants,Royal-Challengers-Bangalore,Seam,1.0
870,2,77,Lucknow Super Giants,K L Rahul,Mohammed Siraj,,3,2,1,1,1,1,0,0,0,0,0,0,0,0,0,0,0,,,0,2.2,1,1,0,302217,-78.55,-82.53,1,0,,39,ANGLED IN,97,BACKFOOT PUSH,0,0,2,2,15,1,Outside Off stump,Short of Good Length,0,0,0,0,0,0,0,0,89.2828527923907,-9.376603437278852,8.340879673405087,-0.7609829838043378,1.910543177476221,-0.282440067587769,1.5263090800455,-6.33171944918655,-36.7172087864099,1.50875280131538,-8.11877858942414,7.817054819056818,0.2108709787507683,0.5755072348707161,75.23898735553058,Attacked,Edged,Off-Drive,0.48779296875,0.4675369262695313,8.749009,-0.427478,-0.18358604393205,0.0,-10.6,-34.0341206541797,1.06891258681357,1.06891258681357,-8.452005,-0.198766,0.812524,-8.841046,-0.186044,0.840389,-12.46841856821545,-10.06024101329045,-0.1459937141783895,0.9183084174690668,0.7240315246352889,-0.5541242440197761,0.0552332022526226,-1.0,M-CHINNASWAMY-STADIUM-BANGALORE,2023-04-10,2023,R,R,R,Lucknow-Super-Giants,Royal-Challengers-Bangalore,Seam,1.0
870,2,77,Lucknow Super Giants,Deepak Hooda,Mohammed Siraj,,3,3,1,1,1,1,0,0,0,0,0,0,0,0,0,0,0,,,0,2.3,1,1,0,302218,69.36,60.16,1,0,,39,ANGLED IN,97,BACKFOOT PUSH,0,0,3,2,16,1,Outside Off stump,Short of Good Length,0,0,0,0,0,0,0,0,88.16270454930655,-10.68211400235693,8.340530582496342,-0.8107631487064546,1.882073544646149,-0.281511430862536,-0.449650697960198,-9.25932815077552,-36.5964860121297,1.16775983620441,-9.3837787476797,9.267920277318424,0.2119698636381419,0.5818234536336894,76.07653168123922,Attacked,Played,Nudge,0.504421234130859,0.4689903259277344,10.086048,-0.542691,-0.182982430060648,0.0,-10.6,-33.4578685641306,0.853051790827962,0.853051790827962,-8.110558,-0.33048,1.070276,-8.841105,-0.310946,1.132138,-14.38148917515577,-10.06022182426592,-0.2781635134468729,1.223459571040938,-0.0357741921572155,-0.3671210637383719,0.0110041917889726,-1.0,M-CHINNASWAMY-STADIUM-BANGALORE,2023-04-10,2023,R,R,R,Lucknow-Super-Giants,Royal-Challengers-Bangalore,Seam,1.0
870,2,77,Lucknow Super Giants,K L Rahul,Mohammed Siraj,,3,4,0,0,0,0,0,0,1,0,0,0,0,0,0,0,0,,,0,2.4,1,1,0,302219,-40.63,82.92,0,0,,43,NIPBACKER,27,FORWARD PUSH,0,0,4,2,16,1,Outside Off stump,Good Length,0,0,0,0,0,0,0,0,87.50622566581146,-7.931473353650147,8.341214154437612,-0.7952530285827218,1.922582512479616,-0.276352710285643,0.105236544791162,-8.45616892296775,-35.9258523371335,1.16145081679394,-7.81398202073653,6.461730936514241,0.138672694991399,0.4970155895491148,70.68506893322733,Attacked,Played,Nudge,0.494155883789062,0.4617118835449219,7.79294,-0.469812,-0.179629261685668,0.0,-10.6,-34.2901539669078,1.48921082546352,1.48921082546352,-8.269494,-0.204942,0.568319,-8.840631,-0.179293,0.601165,-12.27088655177132,-10.05969183253302,-0.124278791040422,0.661010145864001,0.183622063164717,0.6350987681841482,0.0157536500451771,-1.0,M-CHINNASWAMY-STADIUM-BANGALORE,2023-04-10,2023,R,R,R,Lucknow-Super-Giants,Royal-Challengers-Bangalore,Seam,1.0
870,2,77,Lucknow Super Giants,K L Rahul,Mohammed Siraj,,3,5,0,0,0,0,0,0,1,0,0,0,0,0,0,0,0,,,0,2.5,1,1,0,302220,-16.45,44.04,0,0,,30,ANGLED ACROSS,49,FORWARD DEFENCE,0,0,5,2,16,1,Outside Off stump,Good Length,0,0,0,0,0,0,0,0,88.39427119621384,-8.12510670973526,8.340967889930184,-0.7533173561619505,1.923386640308093,-0.279716862418664,0.517288236344256,-7.71431743184304,-36.3631921144264,1.39686606514034,-7.77220706058821,7.706343264453627,0.2230891870802586,0.5852053168782789,75.47187882371598,Defended,Played,Defend,0.495048522949219,0.4622383117675781,7.819501,-0.382777,-0.181815960572132,0.0,-10.6,-33.6121987949624,1.40215266056763,1.40215266056763,-8.273468,-0.12691,0.704435,-8.841146,-0.102391,0.748524,-12.06476646179448,-10.0599075923926,-0.0494864300225032,0.8326159578689982,0.3760581243054682,0.1888473987335546,0.0123414754592733,-1.0,M-CHINNASWAMY-STADIUM-BANGALORE,2023-04-10,2023,R,R,R,Lucknow-Super-Giants,Royal-Challengers-Bangalore,Seam,1.0
870,2,77,Lucknow Super Giants,K L Rahul,Mohammed Siraj,,3,6,0,0,0,0,0,0,1,0,0,0,0,0,0,0,0,,,0,2.6,1,1,0,302221,-16.45,44.04,0,0,,39,ANGLED IN,35,LATE CUT,0,0,6,2,16,1,Outside Off stump,Short of Good Length,0,0,0,0,0,0,0,0,91.94423173844388,-13.48390570698388,8.341201609399278,-0.715004149505003,1.869453842865065,-0.292443983145721,-0.952832728697595,-10.0855727637076,-38.0177178089438,0.95634789116338,-11.3521431351802,8.910508578096357,0.1100187160944931,0.4992698904369049,73.88861195608642,Defended,Missed,Defend,0.481887817382812,0.5053939819335938,11.598076,-0.533703,-0.190088589044719,0.0,-10.6,-36.1503272057947,0.706695777728908,0.706695777728908,-999.9,-999.9,-999.9,-8.841128,-0.325055,1.2542,-16.62569777738252,-10.0596493345394,-0.2997735222987281,1.338218898197728,-0.1662200931288488,-0.3210683211458778,-0.00575329483602433,-1.0,M-CHINNASWAMY-STADIUM-BANGALORE,2023-04-10,2023,R,R,R,Lucknow-Super-Giants,Royal-Challengers-Bangalore,Seam,1.0
870,2,77,Lucknow Super Giants,Deepak Hooda,Wayne Parnell,,4,1,1,1,1,1,0,0,0,0,0,0,0,0,0,0,0,,,0,3.1,1,1,0,302222,-79.97,25.08,1,0,,30,ANGLED ACROSS,50,BACKFOOT DEFENCE,0,0,1,3,17,1,Outside Leg stump,Short of Good Length,1,0,0,0,0,0,0,0,82.49225576113724,-11.49745676044495,8.341055830500032,0.3499830726150269,1.894215711783964,-0.261810210411641,0.342848941681965,-6.42527637263724,-34.0353273535134,-1.03044102402144,-8.80596634649292,8.909119121088395,0.13035714268199,0.5739603239058408,83.05833431767712,Attacked,Played,Nudge,0.53411865234375,0.496490478515625,10.438569,0.10717,-0.170176636767567,0.0,-10.6,-32.2423525922752,-0.339591381836957,-0.339591381836957,-8.112272,0.015675,1.037372,-8.841073,0.007622,1.086519,-14.50604661892086,-10.05991867599109,-0.0059176747003152,1.155722570961584,0.0233500408201957,1.130692826128297,0.00526549819942485,-1.0,M-CHINNASWAMY-STADIUM-BANGALORE,2023-04-10,2023,R,R,L,Lucknow-Super-Giants,Royal-Challengers-Bangalore,Seam,1.0
870,2,77,Lucknow Super Giants,K L Rahul,Wayne Parnell,,4,2,1,1,1,1,0,0,0,0,0,0,0,0,0,0,0,,,0,3.2,1,1,0,302223,125.3,61.11,1,0,,38,STRAIGHT BALL,97,BACKFOOT PUSH,0,0,2,3,18,1,Outside Leg stump,Short of Good Length,0,0,0,0,0,0,0,0,83.87135156867704,-9.493805402153702,8.341151648143939,0.3941977976521726,1.878532946479106,-0.268528314571254,0.781214959582252,-6.08748128900212,-34.908680894263,-0.58921889843269,-7.84052379741499,7.587462387110273,0.1805307522251026,0.55569492367471,75.30116332869623,Attacked,Played,Glance,0.513839721679688,0.4894638061523438,9.011143,0.21482,-0.174543404471315,0.0,-10.6,-32.7083360643697,-0.464632806243672,-0.464632806243672,-8.414815,0.108072,0.768764,-8.8408,0.101766,0.79387,-12.6586208765466,-10.06034696665205,0.0836284768877909,0.8551896081743015,0.2453418355674029,0.1531449921350699,0.0167492813678435,-1.0,M-CHINNASWAMY-STADIUM-BANGALORE,2023-04-10,2023,R,R,L,Lucknow-Super-Giants,Royal-Challengers-Bangalore,Seam,1.0
870,2,77,Lucknow Super Giants,Deepak Hooda,Wayne Parnell,,4,3,4,4,4,0,0,0,0,0,0,0,0,0,1,0,0,,,0,3.3,1,1,0,302224,178.87,78.18,4,0,https://scores.bcci.tv/matchcentre/commentaryFiles/TATA-IPL-2023/Royal-Challengers-Bangalore-VS-Lucknow-Super-Giants-(10-Apr-2023)/File_2-4-302224.png,30,ANGLED ACROSS,40,FRONTFOOT FLICK,0,0,3,3,22,1,Outside Leg stump,Good Length,0,0,0,0,0,0,0,0,85.07738973102073,-8.015705562415084,8.340879699705251,0.3455549028874885,1.856738313151332,-0.268078431679341,0.33166439657682,-6.65997932127132,-34.8501961183143,-0.540400648739486,-7.22569797452924,6.842879655623583,0.0816028568006128,0.5633441705852382,86.34133990772445,Attacked,Played,Glance,0.503517150878906,0.4640121459960938,7.938003,0.175685,-0.174250980591571,0.0,-10.6,-33.9207585639794,-0.89558328617141,-0.89558328617141,-7.977021,0.018727,0.598544,-8.841026,-0.004846,0.653117,-11.71350843990106,-10.05963456659908,-0.0382787538761625,0.7179214685228235,0.0795221504051307,-0.6240049843923656,0.00738982786906339,-1.0,M-CHINNASWAMY-STADIUM-BANGALORE,2023-04-10,2023,R,R,L,Lucknow-Super-Giants,Royal-Challengers-Bangalore,Seam,1.0
870,2,77,Lucknow Super Giants,Deepak Hooda,Wayne Parnell,,4,4,1 (WD),1,0,0,0,0,0,1,1,0,0,0,0,0,0,,,0,3.4,1,1,1,302225,178.87,78.18,1,0,,41,INSWINGER,58,BACKFOOT PULL SHOT,0,0,4,3,23,1,Outside Leg stump,Short of Good Length,0,0,0,0,0,0,0,0,82.89345485929698,-10.94996341287747,8.340619266886435,0.3638664960745788,1.872481240473927,-0.263157828321311,2.5248925801832,-6.92114026464936,-34.2105176817704,-0.194266256651268,-8.64915976725509,8.709634635752984,0.1854293226740923,0.5615085355731323,75.68334806856062,Attacked,Played,,0.532802581787109,0.5632438659667969,10.183677,0.250142,-0.171052588408852,1.20643996599757,-10.6,-31.7022186510127,0.533636471143249,0.533636471143249,-999.9,-999.9,-999.9,-8.840522,0.455477,1.008159,-14.18830125075315,-10.05987215852741,0.4922937449368495,1.071811738481764,0.906792434597685,1.289709830770695,0.0353574543179697,-1.0,M-CHINNASWAMY-STADIUM-BANGALORE,2023-04-10,2023,R,R,L,Lucknow-Super-Giants,Royal-Challengers-Bangalore,Seam,1.0
870,2,77,Lucknow Super Giants,Deepak Hooda,Wayne Parnell,,4,4,0 WK,W,0,0,0,0,1,0,0,0,0,0,0,0,1,Caught,WICKET,1,3.4,1,1,0,302226,178.87,78.18,0,0,https://scores.bcci.tv/matchcentre/commentaryFiles/TATA-IPL-2023/Royal-Challengers-Bangalore-VS-Lucknow-Super-Giants-(10-Apr-2023)/File_2-4-302226.png,30,ANGLED ACROSS,84,FRONTFOOT OFF DRIVE,0,0,5,3,23,2,Off stump,Good Length,1,0,0,0,0,0,0,0,77.63481944261163,-7.067281574799568,8.340697462366787,0.3986352773234084,1.91404899216197,-0.243507414306737,1.17860897999885,-7.03892447984096,-31.6559638598758,-1.29793322918642,-6.66764187240093,8.27193747257236,0.2325296423517195,0.6344561403238947,81.91545681341228,Defended,Edged,Defend,0.561698913574219,0.530731201171875,7.132525,-0.11311,-0.158279819299379,0.0,-10.6,-29.0975955025067,-1.72124471104186,-1.72124471104186,-8.355742,-0.439051,0.65908,-8.841118,-0.468677,0.695773,-11.89425323359891,-10.0603105811566,-0.5434507414063598,0.7744197393536751,0.4817588196834168,-1.037458520122148,1.00760892230116,-1.0,M-CHINNASWAMY-STADIUM-BANGALORE,2023-04-10,2023,R,R,L,Lucknow-Super-Giants,Royal-Challengers-Bangalore,Seam,1.0
870,2,77,Lucknow Super Giants,Krunal Pandya,Wayne Parnell,,4,5,0,0,0,0,0,0,1,0,0,0,0,0,0,0,0,,,0,3.5,1,1,0,302227,178.87,78.18,0,0,,42,OUTSWINGER,51,FRONTFOOT COVERDRIVE,0,0,6,3,23,2,Outside Off stump,Good Length,2,0,0,0,0,0,0,0,84.55849287847487,-6.427588183457658,8.341014302703854,0.425360431108199,1.923255539268266,-0.263637680841781,4.46930632561766,-6.61341271942382,-34.2728985094316,1.14747767473103,-6.53737119137901,6.655175157339217,0.1923003328082689,0.5762124091441284,77.20182809079238,Defended,Missed,Defend,0.508438110351562,0.533843994140625,5.890945,0.553852,-0.171364492547158,0.0,-10.6,-32.2841656168761,1.30634399054552,1.30634399054552,-999.9,-999.9,-999.9,-8.840561,0.745263,0.484737,-10.7991388544896,-10.06007955954057,0.7960324356571256,0.5627673783731595,2.542934040942464,0.3995663474663265,0.263253009366196,-1.0,M-CHINNASWAMY-STADIUM-BANGALORE,2023-04-10,2023,L,R,L,Lucknow-Super-Giants,Royal-Challengers-Bangalore,Seam,1.0
870,2,77,Lucknow Super Giants,Krunal Pandya,Wayne Parnell,,4,6,0 WK,W,0,0,0,0,1,0,0,0,0,0,0,0,1,Caught,WICKET,1,3.6,1,1,0,302228,178.87,78.18,0,0,https://scores.bcci.tv/matchcentre/commentaryFiles/TATA-IPL-2023/Royal-Challengers-Bangalore-VS-Lucknow-Super-Giants-(10-Apr-2023)/File_2-4-302228.png,42,OUTSWINGER,51,FRONTFOOT COVERDRIVE,0,0,7,3,23,3,Outside Off stump,Good Length,3,0,0,0,0,0,0,0,83.41471356540896,-6.795786017103011,8.340531312194518,0.3992658035731946,1.920305481282462,-0.26056957430361,4.24846645520197,-6.36133425429855,-33.8740446594694,0.798790742293067,-6.58053990287549,7.9849931486357,0.1772634666985176,0.6799435716961505,94.26518908457084,Attacked,Edged,Nudge,0.516574859619141,0.48101806640625,6.323125,0.424687,-0.169370223297347,0.0,-10.6,-31.8975983373883,1.29377163715016,1.29377163715016,-8.152564,0.605921,0.569255,-8.841061,0.634571,0.632857,-10.99363141977501,-10.06010911244614,0.6855627616100407,0.7331998719265183,2.356206412376625,0.971799672472149,0.228498208044693,-1.0,M-CHINNASWAMY-STADIUM-BANGALORE,2023-04-10,2023,L,R,L,Lucknow-Super-Giants,Royal-Challengers-Bangalore,Seam,1.0
870,2,77,Lucknow Super Giants,K L Rahul,David Willey,,5,1,1,1,1,1,0,0,0,0,0,0,0,0,0,0,0,,,0,4.1,1,1,0,302229,53.71,75.33,1,0,,41,INSWINGER,27,FORWARD PUSH,0,0,1,4,24,3,Off stump,Good Length,4,0,0,0,0,0,0,0,80.17414934897505,-6.816528596562887,8.340463309263374,0.3630868261531969,2.015425708810692,-0.250259724989447,3.18537890520451,-7.44801142965356,-32.5337642486281,-0.652673661806149,-6.88130447015526,6.823751976087521,0.1436111985664579,0.539408772730956,76.55019605299762,Attacked,Played,Nudge,0.536819458007812,0.4951629638671875,6.376651,-0.066613,-0.16266882124314,0.0,-10.6,-31.0190147772677,-0.0111255277658863,-0.0111255277658863,-8.028141,-0.068189,0.46788,-8.840876,-0.068488,0.523436,-11.94276463216288,-10.06019882298878,-0.0689392892817265,0.5927616148387641,1.715504329792877,1.12873064160323,0.192787424228824,-1.0,M-CHINNASWAMY-STADIUM-BANGALORE,2023-04-10,2023,R,R,L,Lucknow-Super-Giants,Royal-Challengers-Bangalore,Seam,1.0
870,2,77,Lucknow Super Giants,Marcus Stoinis,David Willey,,5,2,0,0,0,0,0,0,1,0,0,0,0,0,0,0,0,,,0,4.2,1,1,0,302230,53.71,75.33,0,0,,30,ANGLED ACROSS,97,BACKFOOT PUSH,0,0,2,4,24,3,Off stump,Good Length,0,0,0,0,0,0,0,0,79.88140694250305,-8.571873111281684,8.340568829666246,0.4396967121133314,1.985313527662032,-0.251597051862181,-0.16778448486004,-7.45129069533778,-32.7076167420835,-1.30529083725736,-7.56845608866085,9.021134343439918,0.2081455633211255,0.6320210238563189,83.98859724633527,Defended,Missed,Defend,0.541488647460938,0.5782241821289062,8.142636,0.053318,-0.163538083710418,0.0,-10.6,-30.1294132495662,-1.41587628104556,-1.41587628104556,-999.9,-999.9,-999.9,-8.840854,-0.27831,0.869767,-13.02878143496051,-10.05982969454715,-0.3380354613352305,0.957386155748536,-0.2491095572600386,-0.4051912846963779,-0.0290869751646539,-1.0,M-CHINNASWAMY-STADIUM-BANGALORE,2023-04-10,2023,R,R,L,Lucknow-Super-Giants,Royal-Challengers-Bangalore,Seam,1.0
870,2,77,Lucknow Super Giants,Marcus Stoinis,David Willey,,5,3,0,0,0,0,0,0,1,0,0,0,0,0,0,0,0,,,0,4.3,1,1,0,302231,52.77,73.91,0,0,,41,INSWINGER,27,FORWARD PUSH,0,0,3,4,24,3,Off stump,Good Length,0,0,0,0,0,0,0,0,81.75454111521209,-6.868892580871925,8.340387035220338,0.3636451047310986,1.981587848397777,-0.25532786935588,3.28796822384435,-7.33332484127468,-33.1926230162644,-0.570606060080943,-6.89265641851745,7.945816530588144,0.1789448522895971,0.6314873800991145,86.82862178590747,Defended,Played,Defend,0.526657104492188,0.5067901611328125,6.446591,-0.028082,-0.165963115081322,0.0,-10.6,-31.1844924198272,-0.216206672061927,-0.216206672061927,-8.605998,-0.063165,0.60884,-8.840687,-0.064837,0.62889,-11.73110493663297,-10.05994528331515,-0.0735614824802704,0.7231821548452673,1.705893804286084,0.5876266711182622,0.157461181988381,-1.0,M-CHINNASWAMY-STADIUM-BANGALORE,2023-04-10,2023,R,R,L,Lucknow-Super-Giants,Royal-Challengers-Bangalore,Seam,1.0
870,2,77,Lucknow Super Giants,Marcus Stoinis,David Willey,,5,4,0,0,0,0,0,0,1,0,0,0,0,0,0,0,0,,,0,4.4,1,1,0,302232,-31.14,32.19,0,0,,38,STRAIGHT BALL,49,FORWARD DEFENCE,0,0,4,4,24,3,Outside Leg stump,Good Length,0,0,0,0,0,0,0,0,80.05546376235941,-8.57403261665528,8.340495099983805,0.4421021343583382,1.99089048166882,-0.252379230856904,0.652939751891462,-6.93868218788678,-32.8093000113976,-0.679385245415862,-7.44770793139276,8.294562928998577,0.1756546735800966,0.6012940551695589,82.62864091742418,Defended,Played,Defend,0.547233581542969,0.51251220703125,8.046061,0.2057,-0.164046500056988,0.0,-10.6,-30.7177798982634,-0.476848389645661,-0.476848389645661,-8.320879,0.106107,0.753369,-8.840547,0.097747,0.79144,-12.78940129280735,-10.05986856287673,0.0780359110934427,0.868303061905668,0.2330512534639712,0.2968981981012103,0.0208323655131099,-1.0,M-CHINNASWAMY-STADIUM-BANGALORE,2023-04-10,2023,R,R,L,Lucknow-Super-Giants,Royal-Challengers-Bangalore,Seam,1.0
870,2,77,Lucknow Super Giants,Marcus Stoinis,David Willey,,5,5,2,2,2,0,1,0,0,0,0,0,0,0,0,0,0,,,0,4.5,1,1,0,302233,121.98,90.5,2,0,https://scores.bcci.tv/matchcentre/commentaryFiles/TATA-IPL-2023/Royal-Challengers-Bangalore-VS-Lucknow-Super-Giants-(10-Apr-2023)/File_2-5-302233.png,38,STRAIGHT BALL,58,BACKFOOT PULL SHOT,0,0,5,4,26,3,Leg stump,Short of Good Length,0,0,0,0,0,0,0,0,78.20032311479892,-9.5206177368985,8.340547727275837,0.4211858319520613,1.98081838981097,-0.250581727736985,2.11367115824453,-7.06983563000717,-32.5756246058081,-1.00173172808713,-7.85807780523321,9.036551631629395,0.1970113789936058,0.6090728502887544,81.65978964395258,Attacked,Edged,Pull-Hook,0.565212249755859,0.5194816589355469,8.877718,0.054464,-0.16287812302904,0.0,-10.6,-30.0942423862851,-0.587063997955196,-0.587063997955196,-8.189219,-0.084883,0.8827,-8.841093,-0.098125,0.931208,-13.56211735929551,-10.05999354418687,-0.1230169598257623,1.007794789720872,0.8557099012378067,0.6437884246549155,0.0875335494050217,-1.0,M-CHINNASWAMY-STADIUM-BANGALORE,2023-04-10,2023,R,R,L,Lucknow-Super-Giants,Royal-Challengers-Bangalore,Seam,1.0
870,2,77,Lucknow Super Giants,Marcus Stoinis,David Willey,,5,6,4,4,4,0,0,0,0,0,0,0,0,0,1,0,0,,,0,4.6,1,1,0,302234,-137.81,162.09,4,0,,30,ANGLED ACROSS,84,FRONTFOOT OFF DRIVE,0,0,6,4,30,3,Outside Off stump,Good Length,0,0,0,0,0,0,0,0,80.21891243929164,-7.370073454374174,8.341065335708759,0.5352763457704522,1.981626359915635,-0.251178462918411,0.989671242130091,-7.20837011238625,-32.6532001793934,-1.53037188231855,-7.00550961198243,7.046526158884147,0.1530777185885666,0.547008186303525,76.74345608667208,Attacked,Played,Off-Drive,0.531280517578125,0.5038833618164062,7.004274,-0.032122,-0.163266000896967,0.0,-10.6,-31.0015741616113,-1.32907668036403,-1.32907668036403,-8.232962,-0.257159,0.538151,-8.840736,-0.283989,0.577119,-12.10884061590711,-10.05986049299461,-0.3380762057275428,0.6425420259186952,0.3169400438639758,0.2285036304085149,0.0312360588935504,-1.0,M-CHINNASWAMY-STADIUM-BANGALORE,2023-04-10,2023,R,R,L,Lucknow-Super-Giants,Royal-Challengers-Bangalore,Seam,1.0
870,2,77,Lucknow Super Giants,K L Rahul,Wayne Parnell,,6,1,1,1,1,1,0,0,0,0,0,0,0,0,0,0,0,,,0,5.1,1,1,0,302235,-126.91,25.56,1,0,,30,ANGLED ACROSS,27,FORWARD PUSH,0,0,1,5,31,3,Off stump,Good Length,1,0,0,0,0,0,0,0,84.34138538045396,-7.458757883251806,8.340626497596915,0.371070519700012,1.884880483242154,-0.265080343921225,0.007886546519938,-7.6873479158254,-34.4604447097592,-1.65974476208952,-7.22274168883375,7.344797161905595,0.1963744916723976,0.5754481954498037,76.67978015023081,Attacked,Played,Nudge,0.515167236328125,0.4871978759765625,7.509257,-0.133043,-0.172302223548796,0.0,-10.6,-32.2450512072125,-1.15792436273476,-1.15792436273476,-8.380997,-0.345739,0.63141,-8.840897,-0.362807,0.662822,-11.83756024219634,-10.0603035879764,-0.408272195232765,0.7352611890865707,-0.2092031962926321,0.7008337381073234,-0.0331239975534947,-1.0,M-CHINNASWAMY-STADIUM-BANGALORE,2023-04-10,2023,R,R,L,Lucknow-Super-Giants,Royal-Challengers-Bangalore,Seam,1.0
870,2,77,Lucknow Super Giants,Marcus Stoinis,Wayne Parnell,,6,2,1,1,1,1,0,0,0,0,0,0,0,0,0,0,0,,,0,5.2,1,1,0,302236,-145.4,12.76,1,0,,30,ANGLED ACROSS,27,FORWARD PUSH,0,0,2,5,32,3,Outside Off stump,Good Length,0,0,0,0,0,0,0,0,85.8158923343632,-8.552299604347931,8.340576577975405,0.342463011612306,1.873485564921725,-0.270929219933343,2.01604019839844,-7.942624349753,-35.2207985913346,-1.64417497866592,-7.83132458781216,7.063863491648822,0.1317650876577633,0.5323835462009116,76.6810231643604,Attacked,Played,Cut,0.504936218261719,0.4970855712890625,8.581705,-0.172224,-0.176103992956673,0.0,-10.6,-33.6458839434846,-1.46803133271709,-1.46803133271709,-9.008301,-0.507422,0.731286,-8.841043,-0.499828,0.722097,-12.53575315422801,-10.06014727433184,-0.5553360356743822,0.7827229986267793,0.629958719316607,0.174402558422724,0.0302269882444565,-1.0,M-CHINNASWAMY-STADIUM-BANGALORE,2023-04-10,2023,R,R,L,Lucknow-Super-Giants,Royal-Challengers-Bangalore,Seam,1.0
870,2,77,Lucknow Super Giants,K L Rahul,Wayne Parnell,,6,3,1,1,1,1,0,0,0,0,0,0,0,0,0,0,0,,,0,5.3,1,1,0,302237,-138.76,1.85,1,0,,30,ANGLED ACROSS,36,CUT SHOT,0,0,3,5,33,3,Outside Off stump,Good Length,0,0,0,0,0,0,0,0,78.36758125864317,-7.95741907530645,8.340662449604153,0.3561579752344367,1.903221538656518,-0.246711354020021,0.751607731234893,-7.53583277398117,-32.0724760226028,-2.22180005402116,-7.16364712165818,8.60371692730227,0.1481446857526267,0.6404919888575834,91.25932975337484,Attacked,Played,Cut,0.542140960693359,0.5465011596679688,8.115612,-0.365347,-0.160362380113014,0.0,-10.6,-30.3251404993732,-2.24813598080577,-2.24813598080577,-9.022081,-0.900119,0.84275,-8.840933,-0.886174,0.829726,-12.59081082313152,-10.0600248370985,-0.9802867397831324,0.9097119983736836,0.0925623585574116,-0.2770349987718367,0.00767761048691828,-1.0,M-CHINNASWAMY-STADIUM-BANGALORE,2023-04-10,2023,R,R,L,Lucknow-Super-Giants,Royal-Challengers-Bangalore,Seam,1.0
870,2,77,Lucknow Super Giants,Marcus Stoinis,Wayne Parnell,,6,4,0,0,0,0,0,0,1,0,0,0,0,0,0,0,0,,,0,5.4,1,1,0,302238,55.14,34.56,0,0,,38,STRAIGHT BALL,50,BACKFOOT DEFENCE,0,0,4,5,33,3,Leg stump,Short of Good Length,0,0,0,0,0,0,0,0,83.18182998758263,-9.279886638269762,8.340929041748403,0.3823035461654914,1.901584230185061,-0.264091400393065,-0.257242464647245,-6.52892634430639,-34.3318820510984,-0.866796593279307,-7.7784041213901,8.179617790968322,0.1973555937749578,0.5894647946251582,78.68415981627795,Defended,Played,Defend,0.526554107666016,0.5142288208007812,8.83232,0.158499,-0.171659410255492,0.0,-10.6,-31.8987353305635,-0.510296466652312,-0.510296466652312,-8.889978,0.033323,0.851652,-8.840971,0.034141,0.848458,-12.7657040340914,-10.06001787229194,0.0137364463245687,0.9200314765704246,-0.2065992468083532,0.5297672734546262,2.29815410356684,-1.0,M-CHINNASWAMY-STADIUM-BANGALORE,2023-04-10,2023,R,R,L,Lucknow-Super-Giants,Royal-Challengers-Bangalore,Seam,1.0
870,2,77,Lucknow Super Giants,Marcus Stoinis,Wayne Parnell,,6,5,0,0,0,0,0,0,1,0,0,0,0,0,0,0,0,,,0,5.5,1,1,0,302239,-68.6,96.67,0,0,,30,ANGLED ACROSS,6,BACKFOOT OFF DRIVE,0,0,5,5,33,3,Leg stump,Short of Good Length,0,0,0,0,0,0,0,0,78.20906245079632,-9.389257920310463,8.340794522867533,0.4331462544145974,1.883193862049967,-0.247989558791007,0.0050279153585786,-7.87726951991235,-32.2386426428309,-1.14547029376522,-7.83066166526071,8.670006518529943,0.2105569696136193,0.5771238933081114,75.51288703485478,Attacked,Played,Off-Drive,0.567329406738281,0.5428619384765625,9.384327,0.12322,-0.161193213214155,0.0,-10.6,-29.6372636309324,-1.12541392911779,-1.12541392911779,-8.575764,-0.183405,0.891593,-8.841085,-0.193941,0.906399,-13.65256228794073,-10.06002337035446,-0.2425472512637896,0.9626796354025108,-0.1296252799522883,-0.1397254881270912,0.0173406792320915,-1.0,M-CHINNASWAMY-STADIUM-BANGALORE,2023-04-10,2023,R,R,L,Lucknow-Super-Giants,Royal-Challengers-Bangalore,Seam,1.0
870,2,77,Lucknow Super Giants,Marcus Stoinis,Wayne Parnell,,6,6,4,4,4,0,0,0,0,0,0,0,0,0,1,0,0,,,0,5.6,1,1,0,302240,57.51,-132.79,4,0,,38,STRAIGHT BALL,58,BACKFOOT PULL SHOT,0,0,6,5,37,3,Outside Leg stump,Short of Good Length,0,0,0,0,0,0,0,0,81.31731711034027,-13.76861062119828,8.340483392579202,0.3955567249352593,1.822848383327268,-0.258684810984591,0.213992612759966,-9.34664710108011,-33.6290254279968,-0.51233453573883,-10.4052208779408,9.819785414640169,0.0479195078291894,0.5466168070370557,87.20057027263942,Attacked,Edged,Pull-Hook,0.536018371582031,0.5156478881835938,11.931608,0.295607,-0.168145127139984,0.0,-10.6,-32.8604308000624,-0.296067874625693,-0.296067874625693,-8.612325,0.19852,1.329387,-8.840662,0.196345,1.345351,-17.19269003069611,-10.06005881931097,0.1846826351345653,1.421179963798175,0.0238168927502191,0.3566144568543005,-0.00732628764543043,-1.0,M-CHINNASWAMY-STADIUM-BANGALORE,2023-04-10,2023,R,R,L,Lucknow-Super-Giants,Royal-Challengers-Bangalore,Seam,1.0
870,2,77,Lucknow Super Giants,K L Rahul,David Willey,,7,1,1,1,1,1,0,0,0,0,0,0,0,0,0,0,0,,,0,6.1,1,1,0,302241,125.3,60.16,1,0,,38,STRAIGHT BALL,97,BACKFOOT PUSH,0,0,1,6,38,3,Outside Leg stump,Short of Good Length,1,0,0,0,0,0,0,0,78.51361981418687,-9.475236988148794,8.341027297569891,0.4898729391091547,1.98102139313271,-0.247940101177799,-0.483566302407316,-6.83910456103798,-32.2322131531139,-1.29181794838123,-7.73019235602516,8.67074274354871,0.186007989668844,0.5910859374534946,80.0620916511398,Attacked,Played,Glance,0.555759429931641,0.5283966064453125,8.85046,0.140275,-0.161161065765569,0.0,-10.6,-29.9622256476083,-0.695773595261431,-0.695773595261431,-8.334378,-0.028429,0.846619,-8.840815,-0.040676,0.880162,-13.48642340823576,-10.06014946985244,-0.0703042586319722,0.9477312680836208,-0.385592284047245,0.9648332283911836,-0.0226557950833088,-1.0,M-CHINNASWAMY-STADIUM-BANGALORE,2023-04-10,2023,R,R,L,Lucknow-Super-Giants,Royal-Challengers-Bangalore,Seam,1.0
870,2,77,Lucknow Super Giants,Marcus Stoinis,David Willey,,7,2,1,1,1,1,0,0,0,0,0,0,0,0,0,0,0,,,0,6.2,1,1,0,302242,-145.87,44.99,1,0,,30,ANGLED ACROSS,52,BACKFOOT COVERDRIVE,0,0,2,6,39,3,Outside Off stump,Short of Good Length,0,0,0,0,0,0,0,0,80.1528096054292,-10.12080111060922,8.3411640705061,0.4081390780734464,1.94972696152272,-0.253257261615621,0.137624684130345,-6.78424838562791,-32.9234440100308,-2.08526001175125,-8.08471472175401,8.428764989545886,0.2031293704022097,0.5565728266819099,73.17298696206551,Attacked,Played,Cut,0.549568176269531,0.5560226440429688,9.368426,-0.149805,-0.164617220050154,0.0,-10.6,-30.3666284539478,-2.01099833217242,-2.01099833217242,-9.313539,-0.73456,0.904255,-8.840505,-0.701742,0.879711,-13.79662101348744,-10.05997063246421,-0.7865259764875033,0.9373442966034838,-0.1756943408307979,-0.1647402397734603,-0.0176418073758728,-1.0,M-CHINNASWAMY-STADIUM-BANGALORE,2023-04-10,2023,R,R,L,Lucknow-Super-Giants,Royal-Challengers-Bangalore,Seam,1.0
870,2,77,Lucknow Super Giants,K L Rahul,David Willey,,7,3,1,1,1,1,0,0,0,0,0,0,0,0,0,0,0,,,0,6.3,1,1,0,302243,125.77,47.36,1,0,,41,INSWINGER,97,BACKFOOT PUSH,0,0,3,6,40,3,Leg stump,Good Length,0,0,0,0,0,0,0,0,73.29966407610596,-8.497105594860269,8.340919319665627,0.4796849781167382,2.03525893598062,-0.230974451323352,3.19253505265208,-7.52364066232216,-30.0266786720358,-0.0373591158206596,-7.30637706086415,8.445688924686905,0.2166551667309157,0.5599975384438233,72.33411409348192,Attacked,Played,Glance,0.600631713867188,0.5666656494140625,8.171011,0.295749,-0.150133393360179,0.0,-10.6,-27.5558757201637,0.278340778223583,0.278340778223583,-8.350441,0.362192,0.718396,-8.840821,0.367334,0.745425,-13.67597374506846,-10.06023451065161,0.3801800981006213,0.7971538896736422,1.846188793453213,0.6500098770092345,0.163342761828179,-1.0,M-CHINNASWAMY-STADIUM-BANGALORE,2023-04-10,2023,R,R,L,Lucknow-Super-Giants,Royal-Challengers-Bangalore,Seam,1.0
870,2,77,Lucknow Super Giants,Marcus Stoinis,David Willey,,7,4,1,1,1,1,0,0,0,0,0,0,0,0,0,0,0,,,0,6.4,1,1,0,302244,96.86,-70.21,1,0,,38,STRAIGHT BALL,54,LEG GLANCE,0,0,4,6,41,3,Leg stump,Short of Good Length,0,0,0,0,0,0,0,0,79.93397578565114,-7.915735095444773,8.340554775223953,0.4427384363595664,1.996422979809824,-0.250963347385332,-0.333409213143545,-7.01989314769228,-32.6252351600932,-0.50143044009649,-7.19603659793805,7.456916469393216,0.209448164992523,0.5508912641512608,71.68887312343682,Attacked,Played,Glance,0.542495727539062,0.532745361328125,7.383748,0.297724,-0.163126175800466,0.0,-10.6,-30.2873150865429,-0.508898978663637,-0.508898978663637,-8.888365,0.19156,0.629073,-8.841122,0.192381,0.62623,-12.43837892468603,-10.05975372202186,0.1711294241362934,0.6909027043600006,-0.24371266334787,-0.0820821906105108,-0.0319580244431527,-1.0,M-CHINNASWAMY-STADIUM-BANGALORE,2023-04-10,2023,R,R,L,Lucknow-Super-Giants,Royal-Challengers-Bangalore,Seam,1.0
870,2,77,Lucknow Super Giants,K L Rahul,David Willey,,7,5,1,1,1,1,0,0,0,0,0,0,0,0,0,0,0,,,0,6.5,1,1,0,302245,101.12,90.03,1,0,,30,ANGLED ACROSS,58,BACKFOOT PULL SHOT,0,0,5,6,42,3,Leg stump,Short of Good Length,0,0,0,0,0,0,0,0,81.61088492740765,-10.25412195875037,8.340996435167291,0.4502845884580154,1.942860594593657,-0.258643279011916,-0.785268869254335,-8.84547382253586,-33.6236262715491,-1.35074290402393,-8.71398756187245,8.167441558468726,0.1654195932210658,0.5178376956821551,71.13369503021669,Attacked,Played,Glance,0.540756225585938,0.5150985717773438,9.67075,0.135639,-0.168118131357745,0.0,-10.6,-31.4406505829952,-1.18137856468635,-1.18137856468635,-8.502037,-0.176008,0.853891,-8.841097,-0.189338,0.872581,-14.52926744173046,-10.06029260751172,-0.2374821194257629,0.9288419425317834,-0.459351468677714,0.148604424493359,-0.0333248105363562,-1.0,M-CHINNASWAMY-STADIUM-BANGALORE,2023-04-10,2023,R,R,L,Lucknow-Super-Giants,Royal-Challengers-Bangalore,Seam,1.0
870,2,77,Lucknow Super Giants,Marcus Stoinis,David Willey,,7,6,1,1,1,1,0,0,0,0,0,0,0,0,0,0,0,,,0,6.6,1,1,0,302246,121.98,-44.13,1,0,,38,STRAIGHT BALL,58,BACKFOOT PULL SHOT,0,0,6,6,43,3,Outside Leg stump,Short Length,0,0,0,0,0,0,0,0,75.24538249733321,-13.71451267256009,8.340727187341383,0.4410030555139204,1.92074539857091,-0.250080835178343,-0.626694117860934,-8.65993313354198,-32.5105085731846,-0.887608810410699,-10.1205641531645,11.05616769685647,0.3413365356800274,0.5260826830513714,54.77874888970297,Attacked,Played,Pull-Hook,0.612522125244141,0.5798492431640625,11.581402,0.272636,-0.162552542865923,0.0,-10.6,-27.2482702545662,-0.367069355199068,-0.367069355199068,-8.401961,0.134835,1.284494,-8.84082,0.128542,1.305993,-17.2914341271514,-10.06011961300895,0.1109663879055803,1.349538425568166,-0.2923331079375719,0.7921116476019906,0.033069393854,-1.0,M-CHINNASWAMY-STADIUM-BANGALORE,2023-04-10,2023,R,R,L,Lucknow-Super-Giants,Royal-Challengers-Bangalore,Seam,1.0
870,2,77,Lucknow Super Giants,Marcus Stoinis,Harshal Patel,,8,1,6,6,6,0,0,0,0,0,0,0,0,0,0,1,0,,,0,7.1,1,1,0,302247,175.08,-15.21,6,0,https://scores.bcci.tv/matchcentre/commentaryFiles/TATA-IPL-2023/Royal-Challengers-Bangalore-VS-Lucknow-Super-Giants-(10-Apr-2023)/File_2-8-302247.png,39,ANGLED IN,40,FRONTFOOT FLICK,0,0,1,7,49,3,Outside Off stump,Good Length,1,0,0,0,0,0,0,0,81.48373983547376,-7.934390936581358,8.340394686779703,-0.8834315456527465,1.809774250329082,-0.257142693933202,0.601496552080072,-7.00879071579403,-33.4285502113163,2.13261737219456,-7.05942592634295,7.380277106317084,0.0761686725457534,0.5980582718659815,92.09187352532189,Attacked,Played,,0.512466430664062,0.4637718200683594,8.304624,-0.288587,-0.167142751056581,0.0,-10.6,-32.595043350225,1.65870541876334,1.65870541876334,-7.310867,-0.001773,0.624523,-8.840485,0.078675,0.727925,-11.92449200776008,-10.06013996382467,0.1432906548476144,0.7929222871953698,0.539773631942483,-0.7371408645590408,0.018243709217371,78.0,M-CHINNASWAMY-STADIUM-BANGALORE,2023-04-10,2023,R,R,R,Lucknow-Super-Giants,Royal-Challengers-Bangalore,Seam,1.0
870,2,77,Lucknow Super Giants,Marcus Stoinis,Harshal Patel,,8,2,4,4,4,0,0,0,0,0,0,0,0,0,1,0,0,,,0,7.2,1,1,0,302248,-157.25,-63.1,4,0,,39,ANGLED IN,59,FRONTFOOT SQUARE DRIVE,0,0,2,7,53,3,Outside Off stump,Good Length,0,1,1,0,1,0,0,0,84.94067278146025,-5.971725426682993,8.341005329566585,-0.9758787450130868,1.847647553030941,-0.265045057758958,-1.21355292186909,-7.0987597983138,-34.4558575086646,0.682895893023667,-6.43635195891738,6.738751773054588,0.1445825146374974,0.6051064604226988,86.30771759965508,Attacked,Played,Cut,0.502155303955078,0.4787635803222656,5.777534,-0.66292,-0.172279287543323,0.0,-10.6,-32.9614068275291,0.704643348787422,0.704643348787422,-8.491171,-0.571943,0.445595,-8.840945,-0.56429,0.472404,-10.58090187623896,-10.06019434715847,-0.5375013131815356,0.5564026466015546,-0.5423031199702667,0.0892511233275824,-0.0605174344955007,-1.0,M-CHINNASWAMY-STADIUM-BANGALORE,2023-04-10,2023,R,R,R,Lucknow-Super-Giants,Royal-Challengers-Bangalore,Seam,1.0
870,2,77,Lucknow Super Giants,Marcus Stoinis,Harshal Patel,,8,3,4,4,4,0,0,0,0,0,0,0,0,0,1,0,0,,,0,7.3,1,1,0,302249,-36.83,210.44,4,0,https://scores.bcci.tv/matchcentre/commentaryFiles/TATA-IPL-2023/Royal-Challengers-Bangalore-VS-Lucknow-Super-Giants-(10-Apr-2023)/File_2-8-302249.png,8,OFF CUTTER,53,FRONTFOOT STRAIGHT DRIVE,0,0,3,7,57,3,Off stump,Full Toss,0,0,1,0,0,0,0,0,70.23053953626935,0.7935038476642379,8.340609562682602,-0.963205001062577,1.872592356185585,-0.212071326846485,0.0869818829439412,-11.3615407172795,-27.5692724900431,1.2814356122662,-6.48675995634149,9.145438113884737,0.1289294610709756,0.6500000000000002,94.60705389290248,Attacked,Played,Off-Drive,0.597942352294922,0.5589065551757812,0.4727569999999996,-0.198716,-0.196923374928879,-0.23902307885781,-10.6,-26.1908088655409,1.21736383165289,1.21736383165289,-8.193746,-0.263032,0.340896,-8.841081,-0.233267,0.200049,-13.24026846779444,-10.06020962101998,-0.1767321907291174,0.1036674419412658,0.418760846162693,1.2722218725854072e-14,0.0528570294214891,-1.0,M-CHINNASWAMY-STADIUM-BANGALORE,2023-04-10,2023,R,R,R,Lucknow-Super-Giants,Royal-Challengers-Bangalore,Seam,1.0
870,2,77,Lucknow Super Giants,Marcus Stoinis,Harshal Patel,,8,4,0,0,0,0,0,0,1,0,0,0,0,0,0,0,0,,,0,7.4,1,1,0,302250,-36.83,210.44,0,0,,39,ANGLED IN,27,FORWARD PUSH,0,0,4,7,57,3,Outside Off stump,Good Length,0,0,1,0,0,0,0,0,84.84193612734501,-6.571469508394106,8.34112283695076,-1.132124052633097,1.816641769943154,-0.266682827382618,-0.632903326009125,-6.95119778864841,-34.6687675597403,1.51270231446047,-6.60572765931571,7.724821917443483,0.2505084666326152,0.6558359491401847,83.32454570776619,Defended,Missed,Defend,0.509490966796875,0.5366592407226562,6.672207,-0.60894,-0.173343837798702,0.0,-10.6,-31.9379747485677,1.23106109295958,1.23106109295958,-999.9,-999.9,-999.9,-8.841031,-0.395569,0.633289,-10.78773125410877,-10.06015832138591,-0.3469786765968526,0.7235132228665911,-0.1036713764241247,-0.2910076846204198,-0.00971296710687319,-1.0,M-CHINNASWAMY-STADIUM-BANGALORE,2023-04-10,2023,R,R,R,Lucknow-Super-Giants,Royal-Challengers-Bangalore,Seam,1.0
870,2,77,Lucknow Super Giants,Marcus Stoinis,Harshal Patel,,8,5,2,2,2,0,1,0,0,0,0,0,0,0,0,0,0,,,0,7.5,1,1,0,302251,-129.28,-45.56,2,0,,39,ANGLED IN,16,BACKFOOT SQUARE DRIVE,0,0,5,7,59,3,Outside Off stump,Short of Good Length,0,0,1,0,0,0,0,0,82.13854857983134,-7.955596393240283,8.340509254998782,-1.112049699888897,1.817440588368207,-0.259240926338756,0.40034379229415,-7.03939103414089,-33.7013204240383,1.6721822534727,-7.11845278273139,7.512783580663972,0.1388194434600266,0.5954316661151378,85.432805571268,Attacked,Played,Cut,0.524459838867188,0.5178680419921875,8.252458,-0.644041,-0.168506602120192,0.0,-10.6,-32.1395866668607,1.3083671752803,1.3083671752803,-8.99409,-0.345831,0.740128,-8.84112,-0.352299,0.730988,-11.92680855117653,-10.05991137827893,-0.3006118323534424,0.7967860063076311,0.3880742345332093,-0.5093947733384255,0.0296933291761923,-1.0,M-CHINNASWAMY-STADIUM-BANGALORE,2023-04-10,2023,R,R,R,Lucknow-Super-Giants,Royal-Challengers-Bangalore,Seam,1.0
870,2,77,Lucknow Super Giants,Marcus Stoinis,Harshal Patel,,8,6,1,1,1,1,0,0,0,0,0,0,0,0,0,0,0,,,0,7.6,1,1,0,302252,-84.71,38.36,1,0,,39,ANGLED IN,27,FORWARD PUSH,0,0,6,7,60,3,Outside Off stump,Good Length,0,0,1,0,0,0,0,0,80.73964039037762,-6.684109585937019,8.340682737126667,-1.030783896743104,1.819410340713127,-0.264102010028421,-0.19586241331379,-6.62094315331531,-34.3332613036948,1.44906370289765,-6.53891777558355,6.771766141264477,0.1405503838665699,0.5966649269784428,85.44470066010943,Attacked,Played,Nudge,0.514995574951172,0.4906539916992188,6.735444,-0.548926,-0.171666306518474,0.0,-10.6,-32.8570267431708,1.60934960132963,1.60934960132963,-8.678796,-0.282935,0.542344,-8.841007,-0.274758,0.55313,-10.78308839175154,-10.0603483365206,-0.213059141822266,0.6256854613974372,0.1013576080231404,0.3873465154402622,0.0107922842978453,-1.0,M-CHINNASWAMY-STADIUM-BANGALORE,2023-04-10,2023,R,R,R,Lucknow-Super-Giants,Royal-Challengers-Bangalore,Seam,1.0
870,2,77,Lucknow Super Giants,Marcus Stoinis,Karn Sharma,,9,1,6,6,6,0,0,0,0,0,0,0,0,0,0,1,0,,,0,8.1,1,1,0,302253,190.25,102.36,6,0,,24,LEG SPIN,58,BACKFOOT PULL SHOT,0,0,1,8,66,3,Leg stump,Good Length,1,0,1,0,0,0,0,0,54.30442416826639,-5.728423431668701,8.340764024607218,-0.4624367762162431,1.991304274824717,-0.172217572529394,-0.290888972605628,-9.56409050308653,-22.3882844288212,1.22758780738644,-6.54937871475547,10.93335016723113,0.1886386011109447,0.6028819648987503,81.56843462371809,Attacked,Played,,0.809394836425781,0.7541656494140625,8.364105,0.094803,-0.111941422144106,0.0,-10.6,-20.4401999280718,0.240006657191939,0.240006657191939,-8.166927,0.172164,0.776881,-8.840719,0.180382,0.788877,-16.30609698753784,-10.06009066366499,0.1953350099052899,0.7788253947934092,-0.0730447570725721,-2.465752455372986,-0.0113284051790907,-1.0,M-CHINNASWAMY-STADIUM-BANGALORE,2023-04-10,2023,R,R,R,Lucknow-Super-Giants,Royal-Challengers-Bangalore,Spin,1.0
870,2,77,Lucknow Super Giants,Marcus Stoinis,Karn Sharma,,9,2,4,4,4,0,0,0,0,0,0,0,0,0,1,0,0,,,0,8.2,1,1,0,302254,-11.71,214.24,4,0,,24,LEG SPIN,13,LOFTED STRAIGHT,0,0,2,8,70,3,Leg stump,Full Length,0,0,1,0,0,0,0,0,55.60962067655932,-0.4749962439451939,8.340755385031606,-0.4855988188253146,2.051050382814673,-0.171744040242045,-0.0323338663732045,-9.74081516018975,-22.3267252314659,0.681292826674476,-6.27492707655681,10.65696190004082,0.1874321138860209,0.6129473976918748,83.19889826517912,Attacked,Played,Off-Drive,0.760414123535156,0.6937179565429688,3.718793,-0.05485,-0.111633626157329,0.0,-10.6,-20.4395838016751,-0.144311579262793,-0.144311579262793,-7.780138,-0.06505,0.277473,-8.840857,-0.07262,0.425356,-15.69802037214743,-10.05999548044881,-0.0813764267639516,0.5600192753034734,0.1308548796080677,-2.152344130814127,0.0176175104994614,-1.0,M-CHINNASWAMY-STADIUM-BANGALORE,2023-04-10,2023,R,R,R,Lucknow-Super-Giants,Royal-Challengers-Bangalore,Spin,1.0
870,2,77,Lucknow Super Giants,Marcus Stoinis,Karn Sharma,,9,3,1,1,1,1,0,0,0,0,0,0,0,0,0,0,0,,,0,8.3,1,1,0,302255,-150.14,61.11,1,0,,24,LEG SPIN,52,BACKFOOT COVERDRIVE,0,0,3,8,71,3,Leg stump,Good Length,0,0,1,0,0,0,0,0,55.04785124823413,-2.610984634785214,8.340754856375408,-0.4221585383719782,2.014418253191376,-0.172464920758462,-0.741028916299564,-9.8746442015121,-22.4204396986,0.636077645386799,-6.34075331397574,9.657481185811612,0.1755485011057671,0.5554608832287614,75.7642823737375,Attacked,Played,Off-Drive,0.73260498046875,0.7742958068847656,5.989822,0.017704,-0.112102198493,0.0,-10.6,-20.6972544801855,-0.182846054621718,-0.182846054621718,-9.083987,-0.027202,0.587476,-8.84095,-0.024997,0.575623,-15.79150164295044,-10.06018674283573,-0.0360910663476866,0.6196135667405371,-0.7713291135412825,-2.131226098499051,-0.0655146783627351,-1.0,M-CHINNASWAMY-STADIUM-BANGALORE,2023-04-10,2023,R,R,R,Lucknow-Super-Giants,Royal-Challengers-Bangalore,Spin,1.0
870,2,77,Lucknow Super Giants,K L Rahul,Karn Sharma,,9,4,1,1,1,1,0,0,0,0,0,0,0,0,0,0,0,,,0,8.4,1,1,0,302256,43.29,47.84,1,0,,24,LEG SPIN,97,BACKFOOT PUSH,0,0,4,8,72,3,Middle stump,Good Length,0,0,1,0,0,0,0,0,55.45773825280998,-1.854338596157096,8.340696886897028,-0.5339695557621965,2.037175483834795,-0.172692333453598,-0.106454520687717,-9.62058255056564,-22.4500033489677,0.86749566706421,-6.25949705944021,9.80298074960495,0.1223656923330956,0.5865732677171523,85.74942092426329,Attacked,Played,Nudge,0.765323638916016,0.7453765869140625,5.019827,-0.0247,-0.112250016744839,0.0,-10.6,-21.2500161869175,0.253275986962639,0.253275986962639,-8.786528,0.0204,0.519996,-8.840869,0.021061,0.524615,-15.57950295710764,-10.05982698363637,0.0359360527372634,0.6094938533556864,0.0667734745670491,-1.530010165328764,-0.00780977478622791,-1.0,M-CHINNASWAMY-STADIUM-BANGALORE,2023-04-10,2023,R,R,R,Lucknow-Super-Giants,Royal-Challengers-Bangalore,Spin,1.0
870,2,77,Lucknow Super Giants,Marcus Stoinis,Karn Sharma,,9,5,0,0,0,0,0,0,1,0,0,0,0,0,0,0,0,,,0,8.5,1,1,0,302257,-79.97,-17.11,0,0,,24,LEG SPIN,36,CUT SHOT,0,0,5,8,72,3,Outside Off stump,Short of Good Length,0,0,1,0,0,0,0,0,52.86934899984442,-2.177893793870854,8.340914251805536,-0.5605123809404409,2.005952641682507,-0.170288915530782,-0.534548474146826,-10.5476290074088,-22.1375590190017,-0.076185395523274,-6.49296289478034,8.614758499032959,0.1429572237557712,0.4841197308548476,68.32223725265003,Attacked,Played,Cut,0.804519653320312,0.8006973266601562,6.164529,-0.526174,-0.110687795095009,0.0,-10.6,-20.7484267633844,-0.696282316445642,-0.696282316445642,-9.463846,-0.715871,0.510684,-8.840719,-0.694357,0.49773,-16.34645310464037,-10.06004644509872,-0.7365249024704523,0.5135992334523198,-0.6849190849741789,-1.724848714531435,-0.0685317036052876,-1.0,M-CHINNASWAMY-STADIUM-BANGALORE,2023-04-10,2023,R,R,R,Lucknow-Super-Giants,Royal-Challengers-Bangalore,Spin,1.0
870,2,77,Lucknow Super Giants,Marcus Stoinis,Karn Sharma,,9,6,4,4,4,0,0,0,0,0,0,0,0,0,1,0,0,,,0,8.6,1,1,0,302258,-174.31,-10.47,4,0,https://scores.bcci.tv/matchcentre/commentaryFiles/TATA-IPL-2023/Royal-Challengers-Bangalore-VS-Lucknow-Super-Giants-(10-Apr-2023)/File_2-9-302258.png,24,LEG SPIN,36,CUT SHOT,0,0,6,8,76,3,Outside Off stump,Short of Good Length,0,0,1,0,0,0,0,0,53.72191167659778,-2.596823649694469,8.341060884870839,-0.5221937332613531,2.029239203301431,-0.17208018619059,-0.0456768598729651,-10.3423365359115,-22.3704242047767,0.227525478321132,-6.50421888133581,11.15734295098473,0.1377861506727743,0.6338645334758932,91.30106495410656,Attacked,Played,Glance,0.79248046875,0.7541999816894531,6.193461,-0.397308,-0.111852121023884,0.0,-10.6,-20.9032959999601,-0.410487835871181,-0.410487835871181,-8.666358,-0.492796,0.715814,-8.840848,-0.496314,0.729628,-16.21183192779975,-10.06014688446637,-0.5209958957634504,0.804635920104526,-0.0057554665949611,-1.707724284872974,-0.000586827243986537,-1.0,M-CHINNASWAMY-STADIUM-BANGALORE,2023-04-10,2023,R,R,R,Lucknow-Super-Giants,Royal-Challengers-Bangalore,Spin,1.0
870,2,77,Lucknow Super Giants,K L Rahul,Shahbaz Ahmed,,10,1,1,1,1,1,0,0,0,0,0,0,0,0,0,0,0,,,0,9.1,1,1,0,302259,-131.65,-16.64,1,0,,10,ORTHODOX,59,FRONTFOOT SQUARE DRIVE,0,0,1,9,77,3,Outside Off stump,Good Length,1,0,1,0,0,0,0,0,57.05185596223642,-2.988594706120772,8.34054768321397,-0.8398458839604368,2.000738840712388,-0.178626069507852,1.17294113944442,-9.2048571692462,-23.2213890360208,1.32105922230794,-6.14582698798587,10.67502804999257,0.2505873611022948,0.6360317738245852,80.34602996345829,Attacked,Played,Off-Drive,0.756294250488281,0.700103759765625,5.668704,-0.309302,-0.116106945180104,0.0,-10.6,-20.7370233371872,0.309859122551918,0.309859122551918,-8.02506,-0.254445,0.571197,-8.840582,-0.241977,0.644392,-14.82414811635501,-10.05995986505636,-0.2232257206369738,0.7221610750416798,1.666416043581285,-2.399965605249256,0.176033718514313,-1.0,M-CHINNASWAMY-STADIUM-BANGALORE,2023-04-10,2023,R,R,L,Lucknow-Super-Giants,Royal-Challengers-Bangalore,Spin,1.0
870,2,77,Lucknow Super Giants,Marcus Stoinis,Shahbaz Ahmed,,10,2,0,0,0,0,0,0,1,0,0,0,0,0,0,0,0,,,0,9.2,1,1,0,302260,-131.65,-16.64,0,0,,23,ARM BALL,54,LEG GLANCE,0,0,2,9,77,3,Outside Leg stump,Good Length,0,0,1,0,0,0,0,0,58.69786230956533,-3.017069784375869,8.340973796489038,-0.7871380173034641,2.013684936811198,-0.18234016175728,1.0659999684677,-8.55718514818606,-23.7042210284464,2.37399475171197,-5.97055930120298,9.344822328470448,0.1660628312074878,0.6106446861513672,84.9904198019563,Defended,Missed,Defend,0.715507507324219,0.70697021484375,5.035298,0.333477,-0.118521105142232,0.0,-10.6,-22.155431912182,1.76806519699268,1.76806519699268,-8.759049,0.634505,0.508813,-8.841031,0.641182,0.51569,-14.13744223474558,-10.0601882726116,0.7408343601029892,0.6003687392852539,1.776115412829473,-1.15644958065384,0.199235971284596,-1.0,M-CHINNASWAMY-STADIUM-BANGALORE,2023-04-10,2023,R,R,L,Lucknow-Super-Giants,Royal-Challengers-Bangalore,Spin,1.0
870,2,77,Lucknow Super Giants,Marcus Stoinis,Shahbaz Ahmed,,10,3,6,6,6,0,0,0,0,0,0,0,0,0,0,1,0,,,0,9.3,1,1,0,302261,-142.55,159.24,6,0,https://scores.bcci.tv/matchcentre/commentaryFiles/TATA-IPL-2023/Royal-Challengers-Bangalore-VS-Lucknow-Super-Giants-(10-Apr-2023)/File_2-10-302261.png,10,ORTHODOX,5,LOFTED OFF DRIVE,0,0,3,9,83,3,Outside Off stump,Full Length,0,0,1,0,0,0,0,0,56.10828382844207,-0.8050646902008568,8.340891515704559,-1.070670692939544,2.019456854591767,-0.173542125874486,1.29906238277586,-9.65056690803524,-22.5604763636832,1.58976718320749,-6.21007098361842,11.15185695488226,0.2376361812565387,0.6408840575859204,82.36899051223418,Attacked,Played,,0.759727478027344,0.6913948059082031,3.959553,-0.345006,-0.112802381818416,0.0,-10.6,-20.189161836979,0.481625810995998,0.481625810995998,-7.796345,-0.304356,0.325972,-8.840736,-0.279129,0.473037,-15.39027517069521,-10.06004296370648,-0.2494866859254183,0.6086770192703365,2.199983928680471,-2.664224391036473,0.268672480764459,84.0,M-CHINNASWAMY-STADIUM-BANGALORE,2023-04-10,2023,R,R,L,Lucknow-Super-Giants,Royal-Challengers-Bangalore,Spin,1.0
870,2,77,Lucknow Super Giants,Marcus Stoinis,Shahbaz Ahmed,,10,4,1,1,1,1,0,0,0,0,0,0,0,0,0,0,0,,,0,9.4,1,1,0,302262,108.23,116.58,1,0,,23,ARM BALL,101,BACKFOOT ON DRIVE,0,0,4,9,84,3,Leg stump,Good Length,0,0,1,0,0,0,0,0,59.96886543514041,-5.478392459324334,8.340849013070788,-0.7856142225941982,1.974247325682542,-0.188782188135562,1.00231166569886,-8.08165872687743,-24.541684457623,1.94538412355566,-6.12874502333956,9.295669722195766,0.3162024298875944,0.5754295485974809,64.69418930086269,Attacked,Played,On Drive,0.736175537109375,0.6900100708007812,7.094021,-0.024001,-0.122708422288115,0.0,-10.6,-21.5462456830678,0.913567998930462,0.913567998930462,-8.233884,0.202779,0.604203,-8.840795,0.229356,0.625765,-14.02157315535255,-10.0602034864524,0.2830417369819697,0.6419572847541424,1.308390198188779,-2.104371353248016,0.130414881362888,-1.0,M-CHINNASWAMY-STADIUM-BANGALORE,2023-04-10,2023,R,R,L,Lucknow-Super-Giants,Royal-Challengers-Bangalore,Spin,1.0
870,2,77,Lucknow Super Giants,K L Rahul,Shahbaz Ahmed,,10,5,1,1,1,1,0,0,0,0,0,0,0,0,0,0,0,,,0,9.5,1,1,0,302263,5.36,-20.9,1,0,,10,ORTHODOX,97,BACKFOOT PUSH,0,0,5,9,85,3,Off stump,Good Length,0,0,1,0,0,0,0,0,60.53673188856046,-5.540063785201234,8.340761248891788,-0.8520618065161598,1.984630000808825,-0.190351753868689,0.365053875898359,-8.31398355287327,-24.7457280029295,1.53677997595089,-6.25551950125042,9.356064824133211,0.246719023809993,0.5881430997327758,73.54956257891708,Attacked,Edged,Nudge,0.720977783203125,0.7015800476074219,7.08193,-0.213173,-0.123728640014648,0.0,-10.6,-22.3301401802618,0.737985279151899,0.737985279151899,-8.756415,-0.019081,0.641717,-8.840747,-0.016201,0.645114,-14.18669850764512,-10.05984869178223,0.0255872147773063,0.6762492185076436,0.6239979366760806,-1.660796512735125,0.056882206515347,-1.0,M-CHINNASWAMY-STADIUM-BANGALORE,2023-04-10,2023,R,R,L,Lucknow-Super-Giants,Royal-Challengers-Bangalore,Spin,1.0
870,2,77,Lucknow Super Giants,Marcus Stoinis,Shahbaz Ahmed,,10,6,6,6,6,0,0,0,0,0,0,0,0,0,0,1,0,,,0,9.6,1,1,0,302264,167.02,126.06,6,0,,23,ARM BALL,11,LOFTED ON DRIVE,0,0,6,9,91,3,Leg stump,Good Length,0,0,1,0,0,0,0,0,57.33984479084435,-2.771098745911742,8.340768926522117,-0.8879325829678086,2.017000835244395,-0.178348439666677,0.846437529083766,-8.8116728980738,-23.185297156668,2.13139185118577,-6.03118532735201,9.392422138696247,0.2336936713041618,0.5767523873496132,73.1434909720258,Attacked,Played,,0.730602264404297,0.6597404479980469,5.152805,0.146497,-0.11592648578334,0.0,-10.6,-21.0291788863241,1.15193523878054,1.15193523878054,-7.322407,0.279686,0.371073,-8.840869,0.364346,0.508021,-14.5811788570546,-10.0600143654665,0.432844319384686,0.57692240452041,1.510572043536751,-2.116946596837987,0.166564343766526,-1.0,M-CHINNASWAMY-STADIUM-BANGALORE,2023-04-10,2023,R,R,L,Lucknow-Super-Giants,Royal-Challengers-Bangalore,Spin,1.0
870,2,77,Lucknow Super Giants,K L Rahul,Karn Sharma,,11,1,1,1,1,1,0,0,0,0,0,0,0,0,0,0,0,,,0,10.1,1,1,0,302265,89.74,144.55,1,0,,24,LEG SPIN,101,BACKFOOT ON DRIVE,0,0,1,10,92,3,Leg stump,Good Length,1,0,1,0,0,0,0,0,54.96876145394918,-4.717284682264785,8.340624548929604,-0.4633335304892929,2.026278990902657,-0.173430475330917,-0.256167253567571,-9.32354558204074,-22.5459617930192,1.12980608589918,-6.39341322175962,10.42396350893146,0.2242540916440895,0.584202463881594,75.20496041783016,Attacked,Played,On Drive,0.763870239257812,0.7597503662109375,7.378169,0.095049,-0.112729808965096,0.0,-10.6,-20.3028460425828,0.0481839513105431,0.0481839513105431,-8.484011,0.109046,0.690397,-8.840727,0.109921,0.700566,-15.83187447886068,-10.05987476490641,0.1129277857062661,0.7088381264885208,-0.0570520864584815,-2.732785257408018,-0.00688836223171851,-1.0,M-CHINNASWAMY-STADIUM-BANGALORE,2023-04-10,2023,R,R,R,Lucknow-Super-Giants,Royal-Challengers-Bangalore,Spin,1.0
870,2,77,Lucknow Super Giants,Marcus Stoinis,Karn Sharma,,11,2,1 (WD),1,0,0,0,0,0,1,1,0,0,0,0,0,0,,,0,10.2,1,1,1,302266,89.74,144.55,1,0,,24,LEG SPIN,84,FRONTFOOT OFF DRIVE,0,0,2,10,93,3,Outside Off stump,Good Length,0,0,1,0,0,0,0,0,53.99245282019425,-2.81672362217539,8.340981767241697,-0.5529463256458502,2.036709003056746,-0.169924681974757,-0.198613717790264,-10.1322605808521,-22.0902086567184,-0.196104714102264,-6.45567976144953,11.72181842400861,0.2840895923303338,0.6123406977515756,73.44214542970296,Attacked,Played,,0.815895080566406,0.8617630004882812,6.392126,-0.628065,-0.110451043283592,0.0,-10.6,-19.0521403367752,-1.76867276361537,-1.76867276361537,-999.9,-999.9,-999.9,-8.840891,-1.115641,0.736658,-16.29056306892618,-10.06014062129774,-1.232754851527035,0.7816842692961757,-0.2882083906412636,-4.795127270272558,-0.0300301020146058,-1.0,M-CHINNASWAMY-STADIUM-BANGALORE,2023-04-10,2023,R,R,R,Lucknow-Super-Giants,Royal-Challengers-Bangalore,Spin,1.0
870,2,77,Lucknow Super Giants,Marcus Stoinis,Karn Sharma,,11,2,6,6,6,0,0,0,0,0,0,0,0,0,0,1,0,,,0,10.2,1,1,0,302267,-85.19,200.49,6,0,https://scores.bcci.tv/matchcentre/commentaryFiles/TATA-IPL-2023/Royal-Challengers-Bangalore-VS-Lucknow-Super-Giants-(10-Apr-2023)/File_2-11-302267.png,24,LEG SPIN,5,LOFTED OFF DRIVE,0,0,3,10,99,3,Outside Off stump,Full Length,0,0,1,0,0,0,0,0,53.22683945604842,0.115307185790149,8.341029532516245,-0.5697031326640482,2.055409916306281,-0.166905034213343,-0.329540623456337,-10.7610809975817,-21.6976544477346,-0.188789118467608,-6.59101660113597,11.30742179313048,0.1770424261364223,0.6010420060798716,82.4520582983385,Attacked,Played,,0.796669006347656,0.7193984985351562,4.300345,-0.62346,-0.108488272238673,0.0,-10.6,-19.8119035440267,-0.852501544125845,-0.852501544125845,-7.777443,-0.710768,0.387186,-8.84071,-0.757168,0.528014,-16.89701470147371,-10.05984912888031,-0.8107097086018188,0.651494337123934,-0.5331318417422118,-1.965391701240642,-0.0616438712563668,86.0,M-CHINNASWAMY-STADIUM-BANGALORE,2023-04-10,2023,R,R,R,Lucknow-Super-Giants,Royal-Challengers-Bangalore,Spin,1.0
870,2,77,Lucknow Super Giants,Marcus Stoinis,Karn Sharma,,11,3,0,0,0,0,0,0,1,0,0,0,0,0,0,0,0,,,0,10.3,1,1,0,302268,-46.31,-52.19,0,0,,24,LEG SPIN,97,BACKFOOT PUSH,0,0,4,10,99,3,Middle stump,Good Length,0,0,1,0,0,0,0,0,55.76054650857473,-1.490173132627054,8.340515219048559,-0.4283739460256403,2.036656441153567,-0.173949038299607,-0.177339071358812,-9.29755334679884,-22.6133749789488,0.541663739563057,-6.12796379000163,10.65718057961308,0.2288345613420818,0.6244839507214194,80.78913647400474,Attacked,Edged,Nudge,0.768516540527344,0.7420578002929688,4.375096,-0.078575,-0.113066874894744,0.0,-10.6,-20.3361394377947,-0.482555584917492,-0.482555584917492,-8.770803,-0.152436,0.501617,-8.841011,-0.154131,0.509296,-15.16234873839139,-10.05980893715544,-0.1836703827575724,0.6220949906613593,-0.105165832385694,-2.731472109380906,-0.0107078587588593,-1.0,M-CHINNASWAMY-STADIUM-BANGALORE,2023-04-10,2023,R,R,R,Lucknow-Super-Giants,Royal-Challengers-Bangalore,Spin,1.0
870,2,77,Lucknow Super Giants,Marcus Stoinis,Karn Sharma,,11,4,0 WK,W,0,0,0,0,1,0,0,0,0,0,0,0,1,Caught,WICKET,1,10.4,1,1,0,302269,-122.64,16.55,0,0,https://scores.bcci.tv/matchcentre/commentaryFiles/TATA-IPL-2023/Royal-Challengers-Bangalore-VS-Lucknow-Super-Giants-(10-Apr-2023)/File_2-11-302269.png,24,LEG SPIN,15,LOFTED COVER DRIVE,0,0,5,10,99,4,Outside Off stump,Full Length,1,0,1,0,0,0,0,0,52.76978050557229,-0.0010946770043795,8.340790297752108,-0.5035951091885873,2.05688627577737,-0.169074637003904,0.112318888723573,-10.4943912302711,-21.9797028105075,-0.0234967523608669,-6.51636048155855,12.41370796226311,0.1874826848453286,0.6726598599967548,92.15071051498036,Attacked,Edged,Off-Drive,0.803363800048828,0.7063751220703125,4.011695,-0.539834,-0.109898514052537,0.0,-10.6,-19.913646937027,-0.948413453667392,-0.948413453667392,-7.742595,-0.620906,0.369725,-8.840943,-0.673873,0.547386,-16.51360123864379,-10.06008586695282,-0.7330471386765463,0.7067706173190191,0.1575689181327675,-2.665475621084083,0.0209707231131538,-1.0,M-CHINNASWAMY-STADIUM-BANGALORE,2023-04-10,2023,R,R,R,Lucknow-Super-Giants,Royal-Challengers-Bangalore,Spin,1.0
870,2,77,Lucknow Super Giants,Nicholas Pooran,Karn Sharma,,11,5,0,0,0,0,0,0,1,0,0,0,0,0,0,0,0,,,0,10.5,1,1,0,302270,57.03,41.67,0,0,,24,LEG SPIN,50,BACKFOOT DEFENCE,0,0,6,10,99,4,Outside Off stump,Good Length,2,0,1,0,0,0,0,0,55.44509542676828,-2.357979969610354,8.34080698113517,-0.4629079755269475,2.036596045447315,-0.173190837114436,-0.528324271166703,-9.76024129530671,-22.5148088248766,0.88722672927224,-6.32240932914883,9.821065847744036,0.1375023850955035,0.5793294463976058,83.14917845009052,Defended,Played,Defend,0.766960144042969,0.7518310546875,5.571822,0.097225,-0.112574044124383,0.0,-10.6,-21.1587219584776,0.156256302845542,0.156256302845542,-8.846778,0.129792,0.575176,-8.840865,0.129747,0.57476,-15.68533399698233,-10.0599210536035,0.138994307302555,0.6423930188913363,-0.4613093910925835,-1.833531365913166,-0.0546792360246745,-1.0,M-CHINNASWAMY-STADIUM-BANGALORE,2023-04-10,2023,L,R,R,Lucknow-Super-Giants,Royal-Challengers-Bangalore,Spin,1.0
870,2,77,Lucknow Super Giants,Nicholas Pooran,Karn Sharma,,11,6,6,6,6,0,0,0,0,0,0,0,0,0,0,1,0,,,0,10.6,1,1,0,302271,-146.82,154.5,6,0,,24,LEG SPIN,11,LOFTED ON DRIVE,0,0,7,10,105,4,Off stump,Full Length,0,1,2,0,0,1,0,0,54.6818074432668,-1.285793334175872,8.341076495479033,-0.4200407383216516,2.066760594190629,-0.171867590184119,-0.354045978524296,-9.65685336469795,-22.3427867239355,0.756101293925536,-6.29102786091937,11.1757285336305,0.1377568187273978,0.6569486552324616,94.76661641212948,Attacked,Played,,0.773666381835938,0.69525146484375,4.429707,0.091491,-0.111713933619677,0.0,-10.6,-20.9190863301881,0.148295523391036,0.148295523391036,-7.737571,0.106514,0.397855,-8.840871,0.114448,0.546346,-15.72555437410258,-10.06011496122674,0.1232714375941668,0.6758487180087326,-0.2983640317957663,-1.532041069067588,-0.0301356668774728,78.0,M-CHINNASWAMY-STADIUM-BANGALORE,2023-04-10,2023,L,R,R,Lucknow-Super-Giants,Royal-Challengers-Bangalore,Spin,1.0
870,2,77,Lucknow Super Giants,K L Rahul,Mohammed Siraj,,12,1,0 WK,W,0,0,0,0,1,0,0,0,0,0,0,0,1,Caught,WICKET,1,11.1,1,1,0,302272,-146.82,154.5,0,0,,39,ANGLED IN,40,FRONTFOOT FLICK,0,0,1,11,105,5,Outside Off stump,Good Length,1,0,2,0,0,0,0,0,86.78351034406545,-7.103978342812158,8.341135332457846,-0.7814480838971625,1.914965750582925,-0.271190381641093,-1.25720329725365,-7.02037783291467,-35.254749613342,1.84090933412845,-7.02388466202751,7.426866004889049,0.214999984048122,0.6090522917616533,79.85784535943581,Attacked,Edged,Glance,0.500106811523438,0.4536666870117188,6.683352,-0.131938,-0.17627374806671,0.0,-10.6,-32.8176175465634,1.90555918787332,1.90555918787332,-7.768452,0.126129,0.517337,-8.840467,0.190068,0.606743,-11.26763173883589,-10.05975088312262,0.2632535254530435,0.6944302652722599,-0.3480205489214447,0.3340368749849532,-0.0404108480898069,-1.0,M-CHINNASWAMY-STADIUM-BANGALORE,2023-04-10,2023,R,L,R,Lucknow-Super-Giants,Royal-Challengers-Bangalore,Seam,1.0
870,2,77,Lucknow Super Giants,Ayush Badoni,Mohammed Siraj,,12,2,1 (WD),1,0,0,0,0,0,1,1,0,0,0,0,0,0,,,0,11.2,1,1,1,302273,-146.82,154.5,1,0,,39,ANGLED IN,58,BACKFOOT PULL SHOT,0,0,2,11,106,5,Off stump,Short of Good Length,2,0,2,0,0,0,0,0,89.46404220968907,-9.54238621348965,8.340500090354276,-0.8422538866305342,1.90112366846431,-0.282686422980199,0.732080982194354,-4.45805415640034,-36.7492349874259,2.47201403414825,-7.80084066510167,8.327348913560018,0.1729467432483345,0.6475381760228228,89.83605207858997,Attacked,Played,,0.487037658691406,0.5118026733398438,8.529914,-0.22682,-0.183746174937129,0.0,-10.6,-34.5103637297569,2.61822353991976,2.61822353991976,-999.9,-999.9,-999.9,-8.840595,0.338895,0.874999,-11.98441022667602,-10.0601807906659,0.435495896429938,0.9696544639696154,0.5444877525003793,0.4902673796326936,0.0428402344956509,-1.0,M-CHINNASWAMY-STADIUM-BANGALORE,2023-04-10,2023,R,L,R,Lucknow-Super-Giants,Royal-Challengers-Bangalore,Seam,1.0
870,2,77,Lucknow Super Giants,Ayush Badoni,Mohammed Siraj,,12,2,4,4,4,0,0,0,0,0,0,0,0,0,1,0,0,,,0,11.2,1,1,0,302274,-75.23,196.22,4,0,,39,ANGLED IN,5,LOFTED OFF DRIVE,0,0,3,11,110,5,Outside Off stump,Good Length,0,0,2,0,0,0,0,0,87.03078969414341,-8.272046763475961,8.34038818985357,-0.8051804834759374,1.915383984023221,-0.273660581954389,0.241013887337873,-6.30300628946362,-35.5758756540705,1.12276444552598,-7.40646167539894,7.967621262538849,0.1808350438383985,0.6309811701319168,86.56367113594767,Attacked,Edged,Off-Drive,0.500312805175781,0.4698715209960938,7.7654,-0.492516,-0.177879378270353,0.0,-10.6,-33.3894267568879,1.14744553233458,1.14744553233458,-8.291377,-0.28307,0.723869,-8.840961,-0.26353,0.768965,-11.76029462583627,-10.05973588266759,-0.2199862497892808,0.8584047181655275,0.2396315635029954,0.1605871695119193,0.0315630753202919,-1.0,M-CHINNASWAMY-STADIUM-BANGALORE,2023-04-10,2023,R,L,R,Lucknow-Super-Giants,Royal-Challengers-Bangalore,Seam,1.0
870,2,77,Lucknow Super Giants,Ayush Badoni,Mohammed Siraj,,12,3,1,1,1,1,0,0,0,0,0,0,0,0,0,0,0,,,0,11.3,1,1,0,302275,134.78,73.91,1,0,,39,ANGLED IN,47,FRONTFOOT ON DRIVE,0,0,4,11,111,5,Outside Off stump,Good Length,0,0,2,0,0,0,0,0,89.04257351370931,-7.102533836138925,8.340724693841498,-0.8480339461733333,1.913205357254505,-0.277784347891363,-0.48629549508231,-6.04321658149355,-36.1119652258772,1.66840936212333,-6.84399164467254,6.728937736326704,0.2208536557618815,0.5813216258613682,75.11287830301707,Attacked,Played,Glance,0.485378265380859,0.4524650573730469,6.356915,-0.291148,-0.180559826129386,0.0,-10.6,-33.720882441391,1.63063539508965,1.63063539508965,-8.151287,-0.073444,0.474371,-8.840871,-0.039219,0.525837,-10.73150064444119,-10.06020028940037,0.0216158779933982,0.605793564283557,-0.000779213772918,0.123244406398334,0.000284942840489411,-1.0,M-CHINNASWAMY-STADIUM-BANGALORE,2023-04-10,2023,R,L,R,Lucknow-Super-Giants,Royal-Challengers-Bangalore,Seam,1.0
870,2,77,Lucknow Super Giants,Nicholas Pooran,Mohammed Siraj,,12,4,0,0,0,0,0,0,1,0,0,0,0,0,0,0,0,,,0,11.4,1,1,0,302276,57.98,-19.01,0,0,,30,ANGLED ACROSS,49,FORWARD DEFENCE,0,0,5,11,111,5,Leg stump,Good Length,0,0,2,0,0,0,0,0,89.95850573361929,-10.5760922338323,8.341080249686094,-0.7396773002524744,1.886116097857762,-0.289488710298007,-2.68860432613717,-2.34745477577595,-37.633532338741,1.76700131823667,-8.08214976600688,8.575118329170296,0.1675440357516279,0.6601043282510831,92.26124566249968,Defended,Played,Defend,0.482711791992188,0.4528656005859375,9.167811,-0.245328,-0.188167661693705,0.0,-10.6,-35.3803638704444,1.81755219418558,1.81755219418558,-8.375686,0.146972,0.940989,-8.840845,0.171891,0.981769,-12.12069586633272,-10.05975780577352,0.2374948353138939,1.079604913820096,-0.7254079601538298,0.2525754799595696,-0.0563605862320578,-1.0,M-CHINNASWAMY-STADIUM-BANGALORE,2023-04-10,2023,L,R,R,Lucknow-Super-Giants,Royal-Challengers-Bangalore,Seam,1.0
870,2,77,Lucknow Super Giants,Nicholas Pooran,Mohammed Siraj,,12,5,1 (WD),1,0,0,0,0,0,1,1,0,0,0,0,0,0,,,0,11.5,1,1,1,302277,57.98,-19.01,1,0,,36,BOUNCER,105,LEFT ALONE,1,0,6,11,112,5,Outside Leg stump,Short Length,0,0,2,0,0,0,0,0,83.89537513722472,-18.61844423575556,8.340594475787817,-0.8804039118104017,1.763684930722316,-0.262764574803015,-20.4802674922542,-15.4593778366048,-34.159394724392,0.916930138037759,-13.971274745397,13.13574757539655,0.1904836158533733,0.5024562066224663,66.32006940803261,Attacked,Played,,0.482917785644531,0.6098785400390625,13.781386,-0.577758,-0.17079697362196,0.0,-9.84855301652746,-30.0814225167259,2.3517766231076,2.3517766231076,-999.9,-999.9,-999.9,-8.84054,0.441121,2.160736,-22.24467980697036,-10.05978734386417,0.5441480496055557,2.271897408335581,-4.334908887652195,2.932708262216941,-0.172171641088786,-1.0,M-CHINNASWAMY-STADIUM-BANGALORE,2023-04-10,2023,L,R,R,Lucknow-Super-Giants,Royal-Challengers-Bangalore,Seam,1.0
870,2,77,Lucknow Super Giants,Nicholas Pooran,Mohammed Siraj,,12,5,0,0,0,0,0,0,1,0,0,0,0,0,0,0,0,,,0,11.5,1,1,0,302278,57.98,-19.01,0,0,,39,ANGLED IN,27,FORWARD PUSH,0,0,7,11,112,5,Outside Off stump,Yorker,0,0,2,0,0,0,0,0,90.18408740475274,-3.262179709609558,8.340638694014388,-0.6218276772151343,1.940911299756323,-0.271939462378692,-1.49543031357398,-7.60997347019575,-35.35213010923,2.39909270904159,-5.83512575809549,5.676315239173391,-0.171836547678338,0.6297899003805054,121.6521398249096,Defended,Missed,Defend,0.458461761474609,0.4886283874511719,0.8290559999999996,0.659148,-0.17676065054615,0.0,-10.6,-36.9724233093807,2.65475977994672,2.65475977994672,-999.9,-999.9,-999.9,-8.840588,0.632606,0.111427,-9.372578914863867,-10.06012031752085,0.7188042871156032,0.1274586186507964,-0.5296112120629556,0.2247084108735591,-0.0747280777295434,-1.0,M-CHINNASWAMY-STADIUM-BANGALORE,2023-04-10,2023,L,R,R,Lucknow-Super-Giants,Royal-Challengers-Bangalore,Seam,1.0
870,2,77,Lucknow Super Giants,Nicholas Pooran,Mohammed Siraj,,12,6,4,4,4,0,0,0,0,0,0,0,0,0,1,0,0,,,0,11.6,1,1,0,302279,150.9,-76.37,4,0,,30,ANGLED ACROSS,36,CUT SHOT,0,0,8,11,116,5,Off stump,Good Length,0,0,2,0,0,0,0,0,85.7361055799924,-7.73460727071812,8.340773356023966,-0.6549700543992412,1.927031706294832,-0.277606862176803,-2.47935288569423,-7.16683615179359,-36.0888920829844,2.41626315581452,-7.44592445436377,8.124726036322153,0.218453787417733,0.6405158522004821,84.23199908829902,Attacked,Played,Cut,0.507774353027344,0.4749412536621094,7.253025,0.170007,-0.180444460414922,0.0,-10.6,-33.4070191539009,2.51083996835851,2.51083996835851,-8.677607,0.618385,0.717723,-8.841156,0.631086,0.732137,-11.65778541178181,-10.05972348581075,0.726081321936211,0.8313448385720059,-0.7672890475047685,0.4678021329078941,-0.0707933559137063,-1.0,M-CHINNASWAMY-STADIUM-BANGALORE,2023-04-10,2023,L,R,R,Lucknow-Super-Giants,Royal-Challengers-Bangalore,Seam,1.0
870,2,77,Lucknow Super Giants,Ayush Badoni,Karn Sharma,,13,1,2 (LB),2,0,0,0,0,1,2,0,0,0,1,0,0,0,,,0,12.1,1,1,1,302280,150.9,-76.37,2,0,,24,LEG SPIN,58,BACKFOOT PULL SHOT,0,0,1,12,118,5,Outside Leg stump,Good Length,1,0,2,0,0,0,0,0,54.87822997308605,-5.290812170083462,8.34106054738875,-0.4561683519896201,2.006351383691105,-0.173224242724909,0.0643915469102929,-8.67378225187985,-22.5191515542381,1.28812126609826,-6.26635307395944,10.42068813136492,0.1628953864428661,0.6132303793835433,85.69501826324489,Defended,Missed,Defend,0.734447479248047,0.7790451049804688,7.5698,0.13206,-0.112595757771191,0.0,-10.6,-20.8948292663481,0.77620023491854,0.77620023491854,-8.998143,0.378158,0.722577,-8.840712,0.3721,0.718492,-15.55016873378158,-10.0600614752504,0.4191611859787875,0.733245718602439,0.3209793098787751,-1.146373769419473,0.0319948215083722,-1.0,M-CHINNASWAMY-STADIUM-BANGALORE,2023-04-10,2023,R,L,R,Lucknow-Super-Giants,Royal-Challengers-Bangalore,Spin,1.0
870,2,77,Lucknow Super Giants,Ayush Badoni,Karn Sharma,,13,2,4,4,4,0,0,0,0,0,0,0,0,0,1,0,0,,,0,12.2,1,1,0,302281,173.18,55.42,4,0,,24,LEG SPIN,101,BACKFOOT ON DRIVE,0,0,2,12,122,5,Off stump,Short of Good Length,0,0,2,0,0,0,0,0,52.09860619331792,-4.751404450073944,8.341038181656906,-0.469523885761135,2.019440772844193,-0.17395263018798,-0.0839921255791486,-8.74326037599568,-22.6138419244374,0.965354698430931,-6.22440586657912,8.832534507721851,0.1232780593209604,0.5355620092638614,78.00649545748318,Attacked,Played,Glance,0.804027557373047,0.7508697509765625,7.122664,0.001791,-0.113069209622187,0.0,-10.6,-21.4528755157372,0.37486801856357,0.37486801856357,-8.696003,0.103977,0.55733,-8.840923,0.106589,0.560167,-15.38943978295624,-10.06022472485736,0.1286530066211521,0.5635967825227468,0.1014235532165944,-1.443310343752412,-0.00340141086761681,-1.0,M-CHINNASWAMY-STADIUM-BANGALORE,2023-04-10,2023,R,L,R,Lucknow-Super-Giants,Royal-Challengers-Bangalore,Spin,1.0
870,2,77,Lucknow Super Giants,Ayush Badoni,Karn Sharma,,13,3,1,1,1,1,0,0,0,0,0,0,0,0,0,0,0,,,0,12.3,1,1,0,302282,-74.76,29.35,1,0,,24,LEG SPIN,49,FORWARD DEFENCE,0,0,3,12,123,5,Off stump,Good Length,0,0,2,0,0,0,0,0,54.96598811373068,-1.233719494480594,8.34070125393686,-0.5328558604362869,2.026949047985182,-0.172616843993811,-0.278451053744859,-9.48728627703192,-22.4401897191954,0.539524484948372,-6.16645946302073,11.10828284091675,0.1896105363878466,0.6530816693649806,89.00119676596243,Attacked,Played,Nudge,0.777854919433594,0.6947135925292969,4.375412,-0.163581,-0.112200948595977,0.0,-10.6,-20.511122640928,-0.334442100311421,-0.334442100311421,-7.748102,-0.197419,0.391252,-8.840906,-0.215496,0.535472,-15.36534872759682,-10.05980918266543,-0.2357883106205593,0.6604786546635066,-0.2465715700792157,-2.31143226644809,-0.0245371041559024,-1.0,M-CHINNASWAMY-STADIUM-BANGALORE,2023-04-10,2023,R,L,R,Lucknow-Super-Giants,Royal-Challengers-Bangalore,Spin,1.0
870,2,77,Lucknow Super Giants,Nicholas Pooran,Karn Sharma,,13,4,6,6,6,0,0,0,0,0,0,0,0,0,0,1,0,,,0,12.4,1,1,0,302283,-183.8,-41.76,6,0,https://scores.bcci.tv/matchcentre/commentaryFiles/TATA-IPL-2023/Royal-Challengers-Bangalore-VS-Lucknow-Super-Giants-(10-Apr-2023)/File_2-13-302283.png,24,LEG SPIN,55,SWEEP SHOT,0,0,4,12,129,5,Outside Leg stump,Full Length,0,0,2,0,0,0,0,0,54.30126091007556,0.4769168849004093,8.34073486152015,-0.4932608115463699,2.033632068678482,-0.16915865754661,-0.730389280464627,-10.9887704797684,-21.9906254810593,0.0848248597039173,-6.62878675806376,12.87721492879239,0.1996293042103932,0.6816196743198417,92.28002072693694,Attacked,Played,,0.785888671875,0.703582763671875,3.983465,-0.299353,-0.109953127405297,0.0,-10.6,-19.764097835173,-0.235564990111745,-0.235564990111745,-7.686866,-0.318633,0.37046,-8.840654,-0.332554,0.5677,-16.77474675959789,-10.06019193836166,-0.3473675797247232,0.7369265483897733,-1.04278539429129,-0.9038735267402396,-0.130169292357712,69.0,M-CHINNASWAMY-STADIUM-BANGALORE,2023-04-10,2023,L,R,R,Lucknow-Super-Giants,Royal-Challengers-Bangalore,Spin,1.0
870,2,77,Lucknow Super Giants,Nicholas Pooran,Karn Sharma,,13,5,6,6,6,0,0,0,0,0,0,0,0,0,0,1,0,,,0,12.5,1,1,0,302284,154.22,139.33,6,0,,21,SLIDER,15,LOFTED COVER DRIVE,0,0,5,12,135,5,Outside Off stump,Good Length,0,0,2,0,0,0,0,0,55.73744724389838,-3.855602768413717,8.341057684631092,-0.4458094178164476,2.000891028847397,-0.175693568230595,0.235277841376565,-8.89931224714452,-22.8401638699774,1.90914627361655,-6.14088162708248,9.76211745499848,0.1156912044548831,0.6090774538544957,89.79249763268606,Attacked,Played,,0.768733978271484,0.7115249633789062,6.435657,0.481415,-0.114200819349887,0.0,-10.6,-21.739556049854,1.27054968226988,1.27054968226988,-8.143289,0.748706,0.593218,-8.840995,0.790553,0.637212,-15.04885442641705,-10.05989028673092,0.8640397389160731,0.6866428537270017,0.6704497600406192,-1.433291081298538,0.0651963227662972,82.0,M-CHINNASWAMY-STADIUM-BANGALORE,2023-04-10,2023,L,R,R,Lucknow-Super-Giants,Royal-Challengers-Bangalore,Spin,1.0
870,2,77,Lucknow Super Giants,Nicholas Pooran,Karn Sharma,,13,6,1,1,1,1,0,0,0,0,0,0,0,0,0,0,0,,,0,12.6,1,1,0,302285,-103.68,-62.62,1,0,,24,LEG SPIN,54,LEG GLANCE,0,0,6,12,136,5,Off stump,Good Length,0,0,2,0,0,0,0,0,54.54569536413443,-3.110210880152696,8.340579240748575,-0.4563692682252819,2.0414956867392,-0.171877045467224,-0.675860467425989,-10.8420713771749,-22.3440159107392,0.552611264197582,-6.69700566688039,9.185839980295398,0.1634206044047768,0.499978324294684,68.65468820372492,Attacked,Played,Glance,0.746337890625,0.7562255859375,6.838001,-0.099363,-0.111720079553696,0.0,-10.6,-20.7058067427117,-0.376479660636967,-0.376479660636967,-8.537711,-0.197428,0.566353,-8.84058,-0.203102,0.574,-16.68465954598291,-10.06020804690892,-0.2260492794762241,0.5803682923872168,-0.6726136441162001,-2.458403576985298,-0.0685528013572012,-1.0,M-CHINNASWAMY-STADIUM-BANGALORE,2023-04-10,2023,L,R,R,Lucknow-Super-Giants,Royal-Challengers-Bangalore,Spin,1.0
870,2,77,Lucknow Super Giants,Nicholas Pooran,Harshal Patel,,14,1,6,6,6,0,0,0,0,0,0,0,0,0,0,1,0,,,0,13.1,1,1,0,302286,-52.95,-139.42,6,0,,38,STRAIGHT BALL,46,FRONTFOOT PULL SHOT,0,0,1,13,142,5,Outside Leg stump,Good Length,1,0,2,0,0,0,0,0,77.75772189956055,-9.423545477154084,8.341081929912875,-0.9277601679682522,1.768190122509964,-0.248140597413519,0.470714445567016,-7.43843198039543,-32.2582776637574,0.98620499414465,-7.62212196585524,8.637509954124075,0.255589895615453,0.5811464994933114,71.61298536245141,Attacked,Edged,,0.574321746826172,0.5279159545898438,9.825322,-0.689465,-0.161291388318787,0.0,-10.6,-29.1600349712561,1.38817925871614,1.38817925871614,-7.952043,-0.314004,0.862761,-8.84106,-0.269681,0.907249,-13.29426077386438,-10.05971423569213,-0.2085495525460427,0.950878377710293,0.3100803214465659,0.9744290074322028,0.026817620549402,57.0,M-CHINNASWAMY-STADIUM-BANGALORE,2023-04-10,2023,L,R,R,Lucknow-Super-Giants,Royal-Challengers-Bangalore,Seam,1.0
870,2,77,Lucknow Super Giants,Nicholas Pooran,Harshal Patel,,14,2,1,1,1,1,0,0,0,0,0,0,0,0,0,0,0,,,0,13.2,1,1,0,302287,42.34,-60.25,1,0,,8,OFF CUTTER,44,GLIDE,0,0,2,13,143,5,Leg stump,Good Length,0,0,2,0,0,0,0,0,74.24585825454915,-6.005817160344153,8.340989209411646,-0.9389301325762052,1.815599521724007,-0.23365590914277,-1.30427746617852,-9.38266133987404,-30.3752681885602,1.75038140424636,-6.73075786123313,7.8328952610806,0.1911630212082867,0.5785190150960431,77.6615501435778,Attacked,Played,Steer To 3rd Man,0.584506988525391,0.5621337890625,7.391337,-0.250994,-0.151876340942801,0.0,-10.6,-28.3050850639622,2.25317264020079,2.25317264020079,-8.634393,0.231663,0.632622,-8.840595,0.24863,0.644544,-12.49410819674632,-10.05980583840955,0.3493485351492607,0.7029451210089055,-0.5292873853407127,1.253290349264526,-0.0488303188937321,-1.0,M-CHINNASWAMY-STADIUM-BANGALORE,2023-04-10,2023,L,R,R,Lucknow-Super-Giants,Royal-Challengers-Bangalore,Seam,1.0
870,2,77,Lucknow Super Giants,Ayush Badoni,Harshal Patel,,14,3,0,0,0,0,0,0,1,0,0,0,0,0,0,0,0,,,0,13.3,1,1,0,302288,-93.25,39.78,0,0,,8,OFF CUTTER,89,STEP DOWN COVER DRIVE,0,0,3,13,143,5,Outside Off stump,Full Length,0,0,2,0,0,0,0,0,77.42983743533222,-3.479610831382358,8.340429404251438,-1.022276878249811,1.859423811803218,-0.239051857501928,-1.51082356241902,-9.13457867725339,-31.0767414752507,0.257070641055816,-6.13424221937509,7.860096447889111,0.237965383788749,0.6451292077701388,82.97284278664593,Attacked,Played,Off-Drive,0.552371978759766,0.5013656616210938,3.925012000000001,-0.761404,-0.155383707376253,0.0,-10.6,-28.6659235787913,0.773158397687089,0.773158397687089,-7.839152,-0.715227,0.258578,-8.841049,-0.687877,0.369538,-11.16607768648743,-10.05977524066058,-0.6544049921017108,0.487289917201404,-1.059084575879626,1.071022494773351,-0.126876654127829,-1.0,M-CHINNASWAMY-STADIUM-BANGALORE,2023-04-10,2023,R,L,R,Lucknow-Super-Giants,Royal-Challengers-Bangalore,Seam,1.0
870,2,77,Lucknow Super Giants,Ayush Badoni,Harshal Patel,,14,4,1,1,1,1,0,0,0,0,0,0,0,0,0,0,0,,,0,13.4,1,1,0,302289,-65.28,-35.13,1,0,,8,OFF CUTTER,97,BACKFOOT PUSH,0,0,4,13,144,5,Outside Off stump,Good Length,0,0,2,0,0,0,0,0,72.25666615035905,-5.469310494751138,8.340748661021888,-0.9372661465630864,1.80882983673885,-0.22850702002105,-0.564043618116266,-11.7536163998491,-29.7059126027365,0.970114799130998,-7.11598279591735,8.281716307334957,0.2121617279417897,0.5595774444084995,72.72044386709597,Attacked,Played,Nudge,0.603343963623047,0.5858001708984375,7.780278,-0.570562,-0.148529563013683,0.0,-10.6,-27.3563408968306,0.770656206426209,0.770656206426209,-8.785929,-0.38396,0.710827,-8.840886,-0.382355,0.713752,-13.47122684046959,-10.06004565373524,-0.3466182800734402,0.7669623382397834,-0.2040794591349426,-0.2568063586168663,-0.0273984391376471,-1.0,M-CHINNASWAMY-STADIUM-BANGALORE,2023-04-10,2023,R,L,R,Lucknow-Super-Giants,Royal-Challengers-Bangalore,Seam,1.0
870,2,77,Lucknow Super Giants,Nicholas Pooran,Harshal Patel,,14,5,4,4,4,0,0,0,0,0,0,0,0,0,1,0,0,,,0,13.5,1,1,0,302290,47.55,-139.42,4,0,,30,ANGLED ACROSS,36,CUT SHOT,0,0,5,13,148,5,Off stump,Good Length,0,0,2,0,0,0,0,0,75.95290355018481,-6.95840942871828,8.340901303751103,-0.8059093581174087,1.791800140235196,-0.240190725374828,-1.39560281568952,-9.76502335662681,-31.2247942987276,2.22434309056462,-7.13237712938299,8.233304052336559,0.1646964710000907,0.5949294314751199,82.76976762125891,Attacked,Edged,Cut,0.572788238525391,0.5577163696289062,8.352627,-0.049375,-0.156123971493638,0.0,-10.6,-29.3254353306187,2.48332775103309,2.48332775103309,-8.833835,0.565852,0.776024,-8.840938,0.566477,0.776431,-12.86677262163467,-10.05979280069927,0.674130060198892,0.8364606159409682,-0.4415043740603364,0.7656920545959174,-0.0371775943169131,-1.0,M-CHINNASWAMY-STADIUM-BANGALORE,2023-04-10,2023,L,R,R,Lucknow-Super-Giants,Royal-Challengers-Bangalore,Seam,1.0
870,2,77,Lucknow Super Giants,Nicholas Pooran,Harshal Patel,,14,6,6,6,6,0,0,0,0,0,0,0,0,0,0,1,0,,,0,13.6,1,1,0,302291,-168.63,-33.7,6,0,https://scores.bcci.tv/matchcentre/commentaryFiles/TATA-IPL-2023/Royal-Challengers-Bangalore-VS-Lucknow-Super-Giants-(10-Apr-2023)/File_2-14-302291.png,36,BOUNCER,58,BACKFOOT PULL SHOT,1,0,6,13,154,5,Outside Leg stump,Short Length,0,1,3,0,0,0,0,0,84.18307600508695,-14.62439068982433,8.340407516235388,-0.9566095878555204,1.738975447783389,-0.267023780016961,-1.75233798582157,-4.86763322798664,-34.7130914022049,2.0114527431867,-10.3204353642204,10.31233698401842,0.1704973972046878,0.5637471256957286,77.51232913389052,Attacked,Played,,0.542850494384766,0.4966049194335938,12.292359,-0.584836,-0.173565457011024,0.0,-10.6,-31.975884251278,1.67525508323647,1.67525508323647,-7.86172,-0.040955,1.366599,-8.840581,0.013454,1.438201,-16.55756744062254,-10.0600078468781,0.0816673526140303,1.512173633154292,-0.3248238109343687,-0.3172470950706446,0.00848286731648407,72.0,M-CHINNASWAMY-STADIUM-BANGALORE,2023-04-10,2023,L,R,R,Lucknow-Super-Giants,Royal-Challengers-Bangalore,Seam,1.0
870,2,77,Lucknow Super Giants,Ayush Badoni,Wayne Parnell,,15,1,1,1,1,1,0,0,0,0,0,0,0,0,0,0,0,,,0,14.1,1,1,0,302292,-79.03,-88.7,1,0,,30,ANGLED ACROSS,44,GLIDE,0,0,1,14,155,5,Leg stump,Short of Good Length,1,0,3,0,0,0,0,0,80.23712134032533,-11.77347461647453,8.340902241542327,0.404940999272132,1.840997131745833,-0.255001511864477,-1.2754778784059,-6.67415536901593,-33.150196542382,-1.68792603806573,-8.7989522969107,8.874426867934652,0.1148112687988241,0.5605539923747069,82.60197197632364,Attacked,Played,Steer To 3rd Man,0.547943115234375,0.5467071533203125,10.806912,0.060757,-0.16575098271191,0.0,-10.6,-31.5891695560087,-1.31768740997837,-1.31768740997837,-9.220107,-0.366266,1.089227,-8.841133,-0.349603,1.069447,-14.86507665219809,-10.06026511793276,-0.4033319964014928,1.127147300659965,-0.623432753683833,0.52623285399232,-0.0385748435308024,-1.0,M-CHINNASWAMY-STADIUM-BANGALORE,2023-04-10,2023,R,L,L,Lucknow-Super-Giants,Royal-Challengers-Bangalore,Seam,1.0
870,2,77,Lucknow Super Giants,Nicholas Pooran,Wayne Parnell,,15,2,4,4,4,0,0,0,0,0,0,0,0,0,1,0,0,,,0,14.2,1,1,0,302293,-186.17,9.91,4,0,,39,ANGLED IN,11,LOFTED ON DRIVE,0,0,2,14,159,5,Outside Off stump,Good Length,0,0,3,0,0,0,0,0,82.91603702481335,-8.398737077356262,8.341197877277551,0.4287788470992719,1.901811548773123,-0.261546066638803,-1.27267504475115,-4.5153298550299,-34.0009886630444,-0.615952324037519,-6.8058645435771,6.707438548250426,0.1482710208622618,0.5603960388130876,79.23230373573698,Attacked,Played,Pull-Hook,0.519298553466797,0.4731903076171875,7.657138,0.300426,-0.170004943315222,0.0,-10.6,-32.4305240789955,-0.304364019104541,-0.304364019104541,-7.823848,0.248813,0.537936,-8.841158,0.238959,0.597664,-11.31911416242858,-10.0603331966943,0.2270775911444838,0.6549056534974196,-0.680550799740449,0.5001292876398066,-0.0636854468573034,-1.0,M-CHINNASWAMY-STADIUM-BANGALORE,2023-04-10,2023,L,R,L,Lucknow-Super-Giants,Royal-Challengers-Bangalore,Seam,1.0
870,2,77,Lucknow Super Giants,Nicholas Pooran,Wayne Parnell,,15,3,1,1,1,1,0,0,0,0,0,0,0,0,0,0,0,,,0,14.3,1,1,0,302294,-128.33,66.8,1,0,,8,OFF CUTTER,58,BACKFOOT PULL SHOT,0,0,3,14,160,5,Outside Off stump,Short of Good Length,0,0,3,0,0,0,0,0,73.63122686992216,-8.674174866035122,8.341103915024298,0.5275943991386127,1.918497649522502,-0.233918527932966,0.0701236193674085,-8.35374950010685,-30.4094086312855,-0.0293804397216324,-7.48938718016082,8.392767382303342,0.1619679706312003,0.5617311411417887,78.06287410814828,Attacked,Edged,Pull-Hook,0.592277526855469,0.543365478515625,8.92747,0.515589,-0.152047043156428,0.0,-10.6,-28.5148041573789,-0.0999030962419388,-0.0999030962419388,-7.925776,0.491347,0.752863,-8.840551,0.488013,0.801517,-13.83574662541206,-10.06020196696549,0.4835414385911239,0.8482397910849537,0.0332716739004894,-0.1453808815859353,-0.00551334953564627,-1.0,M-CHINNASWAMY-STADIUM-BANGALORE,2023-04-10,2023,L,R,L,Lucknow-Super-Giants,Royal-Challengers-Bangalore,Seam,1.0
870,2,77,Lucknow Super Giants,Ayush Badoni,Wayne Parnell,,15,4,1,1,1,1,0,0,0,0,0,0,0,0,0,0,0,,,0,14.4,1,1,0,302295,-151.09,-9.05,1,0,,30,ANGLED ACROSS,36,CUT SHOT,0,0,4,14,161,5,Middle stump,Short of Good Length,0,0,3,0,0,0,0,0,74.41667437950684,-14.44198392078587,8.340706757099301,0.5266180738482638,1.846817093590532,-0.235879319734497,0.633814310931467,-6.39661532610102,-30.6643115654846,-2.15352160271541,-9.56742797865497,10.43328236874205,0.2287034803110081,0.526779600068645,66.14659197919595,Attacked,Played,Cut,0.625923156738281,0.6115264892578125,12.08466,0.080668,-0.153321557827423,0.0,-10.6,-27.3708401045432,-1.24378689769255,-1.24378689769255,-8.862219,-0.429782,1.227646,-8.84104,-0.428757,1.227074,-17.32819893109721,-10.05974436323951,-0.4879421232334943,1.248307823236042,0.0405115023000192,1.415377796520612,0.0112735850607429,-1.0,M-CHINNASWAMY-STADIUM-BANGALORE,2023-04-10,2023,R,L,L,Lucknow-Super-Giants,Royal-Challengers-Bangalore,Seam,1.0
870,2,77,Lucknow Super Giants,Nicholas Pooran,Wayne Parnell,,15,5,6,6,6,0,0,0,0,0,0,0,0,0,0,1,0,,,0,14.5,1,1,0,302296,-78.55,196.7,6,0,,39,ANGLED IN,11,LOFTED ON DRIVE,0,0,5,14,167,5,Outside Off stump,Full Length,0,0,3,0,0,0,0,0,84.30921021237742,-5.278924605319742,8.340757549908368,0.385350988636781,1.907296136791611,-0.259752503666945,-0.531420844373136,-5.6365728060632,-33.7678254767028,-0.347535105653248,-5.75877581151486,6.253235746138813,0.1237554978151869,0.6205297918046273,90.7039189891754,Attacked,Played,,0.503597259521484,0.4652137756347656,3.923090999999999,0.287984,-0.168839127383514,0.0,-10.6,-32.6123033097863,-0.39492103662991,-0.39492103662991,-8.042105,0.264798,0.223569,-8.840849,0.255009,0.293466,-9.678131206249644,-10.06014022010221,0.2399862409452312,0.3880643926688121,-0.3888818092226231,-0.1041318059108707,-0.0348309955625743,91.0,M-CHINNASWAMY-STADIUM-BANGALORE,2023-04-10,2023,L,R,L,Lucknow-Super-Giants,Royal-Challengers-Bangalore,Seam,1.0
870,2,77,Lucknow Super Giants,Nicholas Pooran,Wayne Parnell,,15,6,4,4,4,0,0,0,0,0,0,0,0,0,1,0,0,,,0,14.6,1,1,0,302297,173.66,-28.01,4,0,,38,STRAIGHT BALL,36,CUT SHOT,0,0,6,14,171,5,Outside Off stump,Short of Good Length,0,0,3,0,0,0,0,0,82.05990970436036,-9.240889170556398,8.340518425174864,0.5417401904822577,1.879194048014325,-0.268306433689581,-1.70601473763958,-5.49053922770571,-34.8798363796456,0.269307578540563,-7.57777403584518,7.263134659721707,0.1430901687516381,0.5581646396950579,79.41567907909489,Attacked,Played,Cut,0.516529083251953,0.495391845703125,8.664385,0.676036,-0.174399181898228,0.0,-10.6,-33.1869578274084,0.539971892515442,0.539971892515442,-8.756895,0.798187,0.723949,-8.840849,0.799608,0.728733,-12.2572459740064,-10.06002868041555,0.8203215608858719,0.7901310152538661,-0.6708251448762933,0.4897822457701222,-0.0568293795634447,-1.0,M-CHINNASWAMY-STADIUM-BANGALORE,2023-04-10,2023,L,R,L,Lucknow-Super-Giants,Royal-Challengers-Bangalore,Seam,1.0
870,2,77,Lucknow Super Giants,Ayush Badoni,David Willey,,16,1,0,0,0,0,0,0,1,0,0,0,0,0,0,0,0,,,0,15.1,1,1,0,302298,-76.18,118.95,0,0,,30,ANGLED ACROSS,84,FRONTFOOT OFF DRIVE,0,0,1,15,171,5,Outside Off stump,Full Toss,1,0,3,0,0,0,0,0,77.05131251638983,-3.161602721029602,8.341040734003549,0.4044323929453473,2.074053356317795,-0.233465539025708,-0.290683696207523,-7.35924532517183,-30.350520073342,-2.19268786775411,-5.81137485825562,7.463778764925943,0.1586732583644027,0.6499999999999995,91.63267416355968,Attacked,Edged,Off-Drive,0.546592712402344,0.5194931030273438,1.217388,-0.720445,-0.2167894290953,0.447729890761946,-10.6,-28.8329940696749,-2.08305347436641,-2.08305347436641,-8.469894,-0.693578,0.094997,-8.840686,-0.720306,0.024655,-10.83952813190566,-10.06001526837936,-0.8083990770073027,0.1749762879013441,-0.7378017991785641,-1.2722218725854072e-14,-0.103186355848847,-1.0,M-CHINNASWAMY-STADIUM-BANGALORE,2023-04-10,2023,R,L,L,Lucknow-Super-Giants,Royal-Challengers-Bangalore,Seam,1.0
870,2,77,Lucknow Super Giants,Ayush Badoni,David Willey,,16,2,4,4,4,0,0,0,0,0,0,0,0,0,1,0,0,,,0,15.2,1,1,0,302299,-48.21,-138.95,4,0,,30,ANGLED ACROSS,5,LOFTED OFF DRIVE,0,0,2,15,175,5,Outside Off stump,Full Length,0,0,3,0,0,0,0,0,74.51808021150326,-4.911036788354203,8.340751436863872,0.3783765408862745,2.045888776764036,-0.230069290047138,-0.472153667677189,-7.36377922250131,-29.9090077061279,-2.50018402520717,-6.13740156581635,7.332002030235425,0.1422467741738879,0.5978185975493167,85.4481122150087,Attacked,Edged,Off-Drive,0.571037292480469,0.5431137084960938,4.330027,-0.691328,-0.14954503853064,0.0,-10.6,-28.5150601159036,-2.42971032404805,-2.42971032404805,-8.459745,-0.925607,0.343529,-8.840844,-0.958585,0.378479,-11.59625733127036,-10.05989429787229,-1.064525249895019,0.4775433235401536,-0.8275038259096394,-0.0918756890911569,-0.0965346063589196,-1.0,M-CHINNASWAMY-STADIUM-BANGALORE,2023-04-10,2023,R,L,L,Lucknow-Super-Giants,Royal-Challengers-Bangalore,Seam,1.0
870,2,77,Lucknow Super Giants,Ayush Badoni,David Willey,,16,3,1,1,1,1,0,0,0,0,0,0,0,0,0,0,0,,,0,15.3,1,1,0,302300,-136.86,19.87,1,0,,30,ANGLED ACROSS,51,FRONTFOOT COVERDRIVE,0,0,3,15,176,5,Outside Off stump,Good Length,0,0,3,0,0,0,0,0,77.12510862297582,-4.23384061529454,8.340490844491601,0.3523212962515221,2.039975837002404,-0.235892059290803,-0.736213319852437,-6.9825119153298,-30.6659677078043,-2.56140039871384,-5.86562461807686,5.536359694386854,-0.003818236625405,0.5075472886881831,86.51391696576796,Attacked,Played,Off-Drive,0.53778076171875,0.5333518981933594,2.943367,-0.784085,-0.153329838539022,0.0,-10.6,-30.7138672714867,-2.38743360056644,-2.38743360056644,-8.86237,-0.920378,0.190985,-8.841114,-0.918712,0.189326,-10.8284423343001,-10.06012584523072,-1.014584668054063,0.2763277047969545,-1.088065487951339,0.3298479696598893,-0.140751390562688,-1.0,M-CHINNASWAMY-STADIUM-BANGALORE,2023-04-10,2023,R,L,L,Lucknow-Super-Giants,Royal-Challengers-Bangalore,Seam,1.0
870,2,77,Lucknow Super Giants,Nicholas Pooran,David Willey,,16,4,1,1,1,1,0,0,0,0,0,0,0,0,0,0,0,,,0,15.4,1,1,0,302301,-76.18,5.17,1,0,,36,BOUNCER,58,BACKFOOT PULL SHOT,1,0,4,15,177,5,Outside Off stump,Short Length,0,0,3,0,0,0,0,0,78.36398302647846,-13.45804266430775,8.340679658675715,0.4406793535648334,1.89419553833503,-0.256128212938831,-1.32529639346832,-7.56492950436914,-33.296667682048,-0.641983219520645,-9.91423589371075,10.47321397139735,0.2338910339206891,0.55372945595658,69.67031500141809,Attacked,Edged,Pull-Hook,0.582344055175781,0.5393829345703125,11.515837,0.338231,-0.16648333841024,0.0,-10.6,-29.6978112844028,-0.359665407010606,-0.359665407010606,-8.302007,0.2167,1.300063,-8.840884,0.209785,1.334788,-16.58114199240043,-10.05978494178058,0.1940619527887849,1.399164119900999,-0.491826408368267,0.4107001198055352,-0.0577801319629665,-1.0,M-CHINNASWAMY-STADIUM-BANGALORE,2023-04-10,2023,L,R,L,Lucknow-Super-Giants,Royal-Challengers-Bangalore,Seam,1.0
870,2,77,Lucknow Super Giants,Ayush Badoni,David Willey,,16,5,1 (WD),1,0,0,0,0,0,1,1,0,0,0,0,0,0,,,0,15.5,1,1,1,302302,-76.18,5.17,1,0,,36,BOUNCER,105,LEFT ALONE,1,0,5,15,178,5,Off stump,Short Length,0,0,3,0,0,0,0,0,81.218419,-22.34897203763882,8.34110214305165,0.3912982029936783,1.877953637524171,-0.249189171042215,7.70474114584749,2.76272803383608,-32.394592235488,-1.31503082140594,-13.4014958141072,14.01922315891878,0.2270531260409151,0.5168624687424592,64.82405770727738,Attacked,Played,,0.582344055175781,0.6593742370605469,13.930497,0.141945,-0.16197296117744,0.0,-10.6,-27.7419426376288,-1.88168845386661,-1.88168845386661,-999.9,-999.9,-999.9,-8.84085,-0.753915,2.13059,-22.47465767678446,-10.06001796983197,-0.8435830694364789,2.2081490151005,1.70483234143221,-1.55573422153265,0.00118750707247944,-1.0,M-CHINNASWAMY-STADIUM-BANGALORE,2023-04-10,2023,R,L,L,Lucknow-Super-Giants,Royal-Challengers-Bangalore,Seam,1.0
870,2,77,Lucknow Super Giants,Ayush Badoni,David Willey,,16,5,1,1,1,1,0,0,0,0,0,0,0,0,0,0,0,,,0,15.5,1,1,0,302303,139.52,29.35,1,0,,30,ANGLED ACROSS,97,BACKFOOT PUSH,0,0,6,15,179,5,Outside Leg stump,Short of Good Length,0,0,3,0,0,0,0,0,62.36276066427553,-8.987064807777935,8.340506700955082,0.4875376204274868,2.063617292696541,-0.197892155676124,-1.61874860871786,-8.87280198636907,-25.7259802378961,-1.15333910386953,-7.39141647642745,8.371881915226194,-0.4023491903522006,0.6075759541628893,141.3713121596535,Attacked,Played,Glance,0.635765075683594,0.5972442626953125,9.288094,0.187555,-0.128629901189481,0.0,-10.6,-30.5155743689642,-1.0206805620947,-1.0206805620947,-8.424095,-0.072613,0.853487,-8.840757,-0.087027,0.877694,-16.03006278296503,-10.06004123412159,-0.1293583205208979,0.9365628499348698,-1.320121968660113,0.6512408069642807,-0.101575189107114,-1.0,M-CHINNASWAMY-STADIUM-BANGALORE,2023-04-10,2023,R,L,L,Lucknow-Super-Giants,Royal-Challengers-Bangalore,Seam,1.0
870,2,77,Lucknow Super Giants,Nicholas Pooran,David Willey,,16,6,6,6,6,0,0,0,0,0,0,0,0,0,0,1,0,,,0,15.6,1,1,0,302304,-159.14,-80.16,6,0,,8,OFF CUTTER,40,FRONTFOOT FLICK,0,0,7,15,185,5,Off stump,Good Length,0,0,3,0,0,0,0,0,73.38911030851243,-7.929140666207977,8.34065489901289,0.4076329357862021,1.986892426165064,-0.231426247812907,-0.420423805033714,-7.78105818272639,-30.0854122156779,-0.898587494459353,-7.10411391540732,8.084190630583253,0.2214161200630584,0.5528094394280458,70.77980390790103,Attacked,Played,,0.597976684570312,0.5352630615234375,8.033782,0.132828,-0.150427061078389,0.0,-10.6,-27.6487824414288,-0.645361931590865,-0.645361931590865,-7.57371,0.001347,0.63939,-8.840834,-0.029259,0.7113,-13.28597371384598,-10.06022474348513,-0.0589190001515232,0.7582424529467917,-0.3719671129157097,0.373672643696781,-0.0331030840058364,78.0,M-CHINNASWAMY-STADIUM-BANGALORE,2023-04-10,2023,L,R,L,Lucknow-Super-Giants,Royal-Challengers-Bangalore,Seam,1.0
870,2,77,Lucknow Super Giants,Ayush Badoni,Mohammed Siraj,,17,1,2,2,2,0,1,0,0,0,0,0,0,0,0,0,0,,,0,16.1,1,1,0,302305,131.46,11.33,2,0,,8,OFF CUTTER,40,FRONTFOOT FLICK,0,0,1,16,187,5,Outside Off stump,Good Length,1,0,3,0,0,0,0,0,75.70387446607245,-7.765759671717183,8.341068232322272,-0.7513718987835125,1.943109094269905,-0.239588328468982,-0.530261175928108,-8.94215525714116,-31.1464827009676,0.735230614447324,-7.40244208296235,7.662979348748438,0.2721630484266764,0.5106690949483862,59.38405939959029,Attacked,Played,Glance,0.583305358886719,0.5657958984375,8.193099,-0.493007,-0.155732413504838,0.0,-10.6,-28.0956591388723,0.948281834938135,0.948281834938135,-8.763584,-0.255665,0.666771,-8.840876,-0.252952,0.669952,-13.36919024455576,-10.05999008272891,-0.2099986905398745,0.7087600985175642,-0.1867664978465745,0.5808588420242043,-0.0169277167459555,-1.0,M-CHINNASWAMY-STADIUM-BANGALORE,2023-04-10,2023,R,L,R,Lucknow-Super-Giants,Royal-Challengers-Bangalore,Seam,1.0
870,2,77,Lucknow Super Giants,Ayush Badoni,Mohammed Siraj,,17,2,0,0,0,0,0,0,1,0,0,0,0,0,0,0,0,,,0,16.2,1,1,0,302306,-37.78,49.26,0,0,,8,OFF CUTTER,27,FORWARD PUSH,0,0,2,16,187,5,Outside Off stump,Good Length,0,0,3,0,0,0,0,0,74.29775911255905,-5.842716605652757,8.340437221371417,-0.7755775933948754,1.949745996962855,-0.232719031760446,-1.13286830558011,-8.83962342310807,-30.2534741288579,0.438259510147558,-6.71434991752625,8.213870052935718,0.2363443722658218,0.595877764958966,75.74722751726273,Attacked,Played,Nudge,0.584621429443359,0.5740013122558594,6.472371,-0.529658,-0.15126737064429,0.0,-10.6,-27.7170128892987,0.629117842873398,0.629117842873398,-8.961485,-0.405858,0.627961,-8.84075,-0.408681,0.619264,-12.51320603348762,-10.06002858410235,-0.3800907092214121,0.697506865884613,-0.6712599142350832,0.4703271469278778,-0.0641529992477697,-1.0,M-CHINNASWAMY-STADIUM-BANGALORE,2023-04-10,2023,R,L,R,Lucknow-Super-Giants,Royal-Challengers-Bangalore,Seam,1.0
870,2,77,Lucknow Super Giants,Ayush Badoni,Mohammed Siraj,,17,3,0,0,0,0,0,0,1,0,0,0,0,0,0,0,0,,,0,16.3,1,1,0,302307,-53.9,91.93,0,0,,39,ANGLED IN,84,FRONTFOOT OFF DRIVE,0,0,3,16,187,5,Outside Off stump,Good Length,0,0,3,0,0,0,0,0,88.77013725520553,-8.41060496979474,8.34055762011878,-0.7598691172709248,1.921688813394798,-0.279077660507697,-1.48387349208955,-6.19493862545908,-36.2800958660006,0.687645860558266,-7.5432893323135,6.574735415341424,0.1151263549570619,0.5339997489322913,78.58732684413751,Attacked,Edged,Slog,0.485195159912109,0.4686813354492188,7.792096,-0.507962,-0.181400479330003,0.0,-10.6,-34.9489446870937,0.619705117051464,0.619705117051464,-8.713877,-0.391708,0.615246,-8.840631,-0.389382,0.622827,-11.74548668044227,-10.0596915869803,-0.3669286481899327,0.6883265888439754,-0.5267768503722331,-0.0699963968772772,-0.0477106717330764,-1.0,M-CHINNASWAMY-STADIUM-BANGALORE,2023-04-10,2023,R,L,R,Lucknow-Super-Giants,Royal-Challengers-Bangalore,Seam,1.0
870,2,77,Lucknow Super Giants,Ayush Badoni,Mohammed Siraj,,17,4,0,0,0,0,0,0,1,0,0,0,0,0,0,0,0,,,0,16.4,1,1,0,302308,-53.9,91.93,0,0,,38,STRAIGHT BALL,36,CUT SHOT,0,0,4,16,187,5,Outside Off stump,Short of Good Length,0,0,3,0,0,0,0,0,89.37524287505677,-11.54206281672088,8.3409523960411,-0.7534261359219511,1.921128983705677,-0.283386613502197,-2.06153233942633,-6.07436568530186,-36.8402597552856,-0.0782489616995987,-9.32202007354951,8.455443796323094,0.1700424207907036,0.5483420436854235,75.24706447374317,Attacked,Missed,Cut,0.495849609375,0.5205459594726562,10.14017,-0.721722,-0.184201298776428,0.0,-10.6,-34.3857837560831,0.123549324406294,0.123549324406294,-999.9,-999.9,-999.9,-8.84081,-0.688877,1.022429,-14.20000180364572,-10.05966027760051,-0.6842624003291706,1.100712768289418,-0.6626246990369936,0.3275612964869355,-0.0486755348466969,-1.0,M-CHINNASWAMY-STADIUM-BANGALORE,2023-04-10,2023,R,L,R,Lucknow-Super-Giants,Royal-Challengers-Bangalore,Seam,1.0
870,2,77,Lucknow Super Giants,Ayush Badoni,Mohammed Siraj,,17,5,1 (WD),1,0,0,0,0,0,1,1,0,0,0,0,0,0,,,0,16.5,1,1,1,302309,-53.9,91.93,1,0,,36,BOUNCER,58,BACKFOOT PULL SHOT,1,0,5,16,188,5,Outside Off stump,Short Length,0,0,3,0,0,0,0,0,91.65243524519164,-16.83704689696827,8.341170344169232,-0.7057660888938391,1.823240470347351,-0.290030405824039,1.64285359012193,-9.38194931483702,-37.7039527571251,1.23555134799544,-13.2177535938164,11.15753156189971,0.1753224514096624,0.5105020712003423,69.0430655390851,Attacked,Played,,0.5079345703125,0.5342903137207031,12.948635,-0.547218,-0.188519763785626,0.0,-10.3932251793554,-34.2113962847099,0.921371761574089,0.921371761574089,-999.9,-999.9,-999.9,-8.840927,-0.220649,1.783709,-19.31897164485963,-10.06004418309451,-0.1854209341643754,1.893260714918969,0.4146559195678571,-0.3341991199952981,0.0242188960242289,-1.0,M-CHINNASWAMY-STADIUM-BANGALORE,2023-04-10,2023,R,L,R,Lucknow-Super-Giants,Royal-Challengers-Bangalore,Seam,1.0
870,2,77,Lucknow Super Giants,Ayush Badoni,Mohammed Siraj,,17,5,1,1,1,1,0,0,0,0,0,0,0,0,0,0,0,,,0,16.5,1,1,0,302310,62.72,140.76,1,0,,8,OFF CUTTER,47,FRONTFOOT ON DRIVE,0,0,6,16,189,5,Outside Off stump,Good Length,0,0,3,0,0,0,0,0,73.51672722479347,-4.913863404373225,8.340771208129361,-0.7342682505329619,1.937985176247307,-0.229526162370292,-0.946682619860249,-9.370612859598,-29.838401108138,0.506375363966814,-6.59180702135501,8.305476420969324,0.2348227311651511,0.6057385731749863,77.37851285973284,Attacked,Played,On Drive,0.585800170898438,0.563690185546875,5.797257,-0.45319,-0.14919200554069,0.0,-10.6,-27.3521129264852,0.525731355780581,0.525731355780581,-8.601661,-0.36879,0.546421,-8.8411,-0.364073,0.566551,-12.45751799350283,-10.06017845970843,-0.3399583673639092,0.65613062267369,-0.5818608897193555,0.128889002526659,-0.0251059856037998,-1.0,M-CHINNASWAMY-STADIUM-BANGALORE,2023-04-10,2023,R,L,R,Lucknow-Super-Giants,Royal-Challengers-Bangalore,Seam,1.0
870,2,77,Lucknow Super Giants,Nicholas Pooran,Mohammed Siraj,,17,6,0 WK,W,0,0,0,0,1,0,0,0,0,0,0,0,1,Caught,WICKET,1,16.6,1,1,0,302311,62.72,140.76,0,0,https://scores.bcci.tv/matchcentre/commentaryFiles/TATA-IPL-2023/Royal-Challengers-Bangalore-VS-Lucknow-Super-Giants-(10-Apr-2023)/File_2-17-302311.png,39,ANGLED IN,40,FRONTFOOT FLICK,0,0,7,16,189,6,Outside Leg stump,Full Toss,1,0,3,0,0,0,0,0,90.93518,-1.30337342897433,8.341097827475394,-0.5689053466007802,1.977934947974305,-0.26451871167718,-1.04722009776325,-6.8115775525787,-34.3874325180334,0.546479740233948,-5.21486633417838,5.923855502419726,0.1998469220413881,0.6499999999999987,87.51530779586099,Attacked,Played,Glance,0.585800170898438,0.43011474609375,-5.168738000000001,-0.01692,-0.245624517985953,-0.127749594592343,-10.6,-32.6680608921317,0.519155753222251,0.519155753222251,-8.173777,-0.147,0.95034,-8.84095,-0.133237,0.878083,-8.623220751302965,-10.0600407519963,-0.1088450846535698,0.73907714122953,-0.790232305775465,0.0,-0.0684326361361622,-1.0,M-CHINNASWAMY-STADIUM-BANGALORE,2023-04-10,2023,L,R,R,Lucknow-Super-Giants,Royal-Challengers-Bangalore,Seam,1.0
870,2,77,Lucknow Super Giants,Ayush Badoni,Harshal Patel,,18,1,1,1,1,1,0,0,0,0,0,0,0,0,0,0,0,,,0,17.1,1,1,0,302312,130.04,76.76,1,0,,8,OFF CUTTER,47,FRONTFOOT ON DRIVE,0,0,1,17,190,6,Outside Off stump,Full Toss,2,0,3,0,0,0,0,0,74.34528693606246,0.0080145687602671,8.340731131228246,-0.9658121549858713,1.88874088325868,-0.221748749399934,-1.40075088479902,-8.79025531990692,-28.8273374219914,0.597183027241514,-5.70550738603462,7.712021753641261,0.1531402979666174,0.6499999999999995,92.1859702033382,Attacked,Played,Glance,0.564491271972656,0.52606201171875,-1.741463,-0.282335,-0.205909553014224,-0.117368165246419,-10.6,-27.3859705508918,0.567323875879438,0.567323875879438,-8.190915,-0.3668,0.674878,-8.840674,-0.350206,0.571197,-11.19529667324229,-10.05987104099362,-0.3206965342179874,0.3636778858213268,-1.405078444131493,0.0,-0.156186481669473,-1.0,M-CHINNASWAMY-STADIUM-BANGALORE,2023-04-10,2023,R,R,R,Lucknow-Super-Giants,Royal-Challengers-Bangalore,Seam,1.0
870,2,77,Lucknow Super Giants,Jaydev Unadkat,Harshal Patel,,18,2,4,4,4,0,0,0,0,0,0,0,0,0,1,0,0,,,0,17.2,1,1,0,302313,-29.72,-139.9,4,0,,39,ANGLED IN,27,FORWARD PUSH,0,0,2,17,194,6,Off stump,Yorker,0,0,3,0,0,0,0,0,84.58945776655,-2.973807356507993,8.340485014132877,-1.035754084246097,1.961378222324687,-0.253462128620709,1.11377756682315,-6.44920924596881,-32.9500767206922,2.26566656419806,-5.46675719691999,6.476354307193668,0.1830783381359049,0.6500000000000012,89.1921661864097,Attacked,Edged,Nudge,0.497268676757812,0.4918670654296875,-0.7840159999999994,0.030432,-0.235357690862087,-0.498954919878136,-10.6,-31.3025728846576,2.15238323598816,2.15238323598816,-9.14566,-0.084131,0.215044,-8.840463,-0.104255,0.261683,-9.42015182617124,-10.06005863255809,-0.0229981609583101,0.0714116500323195,1.418580053678629,0.0,0.183805074213496,-1.0,M-CHINNASWAMY-STADIUM-BANGALORE,2023-04-10,2023,R,R,R,Lucknow-Super-Giants,Royal-Challengers-Bangalore,Seam,1.0
870,2,77,Lucknow Super Giants,Jaydev Unadkat,Harshal Patel,,18,3,1,1,1,1,0,0,0,0,0,0,0,0,0,0,0,,,0,17.3,1,1,0,302314,-139.23,11.81,1,0,,8,OFF CUTTER,51,FRONTFOOT COVERDRIVE,0,0,3,17,195,6,Outside Off stump,Full Length,0,0,3,0,0,0,0,0,73.27414311701064,-2.236645344460948,8.340596312467238,-0.9992817854997648,1.847348530019098,-0.224703362313894,-2.07609539501217,-9.2168037918055,-29.2114371008063,0.375985288276426,-5.90440660229983,7.537232305577389,0.1024266892899315,0.632480513689442,94.62940812442316,Attacked,Played,Off-Drive,0.576702117919922,0.5576019287109375,2.875896,-0.54888,-0.146057185504031,0.0,-10.6,-28.2240139358256,0.380849218509498,0.380849218509498,-8.745776,-0.527722,0.235725,-8.840587,-0.526431,0.24632,-11.42703976270414,-10.05996657035233,-0.5097820269629808,0.3721322050420727,-1.746089479836019,0.0356680767477951,-0.222409885821139,-1.0,M-CHINNASWAMY-STADIUM-BANGALORE,2023-04-10,2023,R,R,R,Lucknow-Super-Giants,Royal-Challengers-Bangalore,Seam,1.0
870,2,77,Lucknow Super Giants,Ayush Badoni,Harshal Patel,,18,4,1,1,1,1,0,0,0,0,0,0,0,0,0,0,0,,,0,17.4,1,1,0,302315,146.63,38.83,1,0,,38,STRAIGHT BALL,18,SLOG SHOT,0,0,4,17,196,6,Outside Off stump,Full Toss,0,0,3,0,0,0,0,0,82.317758,-2.04817381033316,8.341217909019136,-0.9657660143176316,1.849816372996451,-0.247617161709628,-0.754575588449122,-7.65260859036114,-32.1902310222517,-0.936702696168931,-5.42677616305413,6.579836725190948,0.179825814736683,0.6499999999999992,89.51741852633158,Attacked,Played,Glance,0.583900451660156,0.461334228515625,-0.0979419999999997,-1.360137,-0.229930221587512,0.203795944194982,-10.6,-30.5807194711391,-0.889867561360485,-0.889867561360485,-7.689423,-1.291156,0.428801,-8.840572,-1.322621,0.253256,-9.569206509314228,-10.05989798956378,-1.357288580364083,0.0551165329373486,-0.8390227723023139,-1.2722218725854072e-14,-0.0937471631161658,-1.0,M-CHINNASWAMY-STADIUM-BANGALORE,2023-04-10,2023,R,R,R,Lucknow-Super-Giants,Royal-Challengers-Bangalore,Seam,1.0
870,2,77,Lucknow Super Giants,Jaydev Unadkat,Harshal Patel,,18,5,1,1,1,1,0,0,0,0,0,0,0,0,0,0,0,,,0,17.5,1,1,0,302316,145.21,-17.59,1,0,,8,OFF CUTTER,40,FRONTFOOT FLICK,0,0,5,17,197,6,Off stump,Good Length,0,0,3,0,0,0,0,0,72.96864625349937,-4.285687689620809,8.340947869123966,-0.92339636274473,1.811542530832507,-0.228948366889296,-2.00876250543745,-11.8966558431439,-29.7632876956085,1.45276517499738,-6.92745636848928,8.426382682442911,0.3019321026911208,0.566160787772976,64.73090789683431,Attacked,Edged,Pull-Hook,0.601593017578125,0.5439376831054688,6.653267,-0.231015,-0.148816438478043,0.0,-10.6,-26.4757345312418,1.58115098854296,1.58115098854296,-7.749453,0.031553,0.548333,-8.84089,0.098577,0.630446,-13.10241481495108,-10.06026286672349,0.1739596776465086,0.7000438039851337,-1.104540549358144,0.6232622562688397,-0.0853738695667648,-1.0,M-CHINNASWAMY-STADIUM-BANGALORE,2023-04-10,2023,R,R,R,Lucknow-Super-Giants,Royal-Challengers-Bangalore,Seam,1.0
870,2,77,Lucknow Super Giants,Ayush Badoni,Harshal Patel,,18,6,1,1,1,1,0,0,0,0,0,0,0,0,0,0,0,,,0,17.6,1,1,0,302317,147.11,67.75,1,0,,39,ANGLED IN,47,FRONTFOOT ON DRIVE,0,0,6,17,198,6,Off stump,Full Toss,0,0,3,0,0,0,0,0,83.98948417145361,-2.248936667195196,8.34120368823142,-0.984127679784887,1.869787835705271,-0.250886524797361,2.06376239165658,-6.38055228183805,-32.6152482236569,2.1836978932711,-5.05465592997641,6.052899085746733,0.1959685546211218,0.6500000000000007,87.90314453788793,Attacked,Played,Glance,0.499809265136719,0.4698028564453125,-1.250278999999999,-0.083716,-0.232966058740406,-0.471924288180508,-10.6,-30.984485812474,2.07451299860755,2.07451299860755,-8.297935,-0.274498,0.472936,-8.841032,-0.241686,0.399158,-8.809519187231503,-10.05971095490071,-0.1655429015378809,0.2262510813782128,2.265556271819996,1.2722218725854072e-14,0.251617719628471,-1.0,M-CHINNASWAMY-STADIUM-BANGALORE,2023-04-10,2023,R,R,R,Lucknow-Super-Giants,Royal-Challengers-Bangalore,Seam,1.0
870,2,77,Lucknow Super Giants,Ayush Badoni,Wayne Parnell,,19,1,1 (WD),1,0,0,0,0,0,1,1,0,0,0,0,0,0,,,0,18.1,1,1,1,302318,147.11,67.75,1,0,,30,ANGLED ACROSS,105,LEFT ALONE,0,0,1,18,199,6,Outside Off stump,Good Length,1,0,3,0,0,0,0,0,78.45832717380017,-6.685783809712768,8.34070320119185,0.3976608381906986,1.899577644610499,-0.246181915237927,-0.414914018982151,-8.1639514927708,-32.0036489809306,-2.98221492467025,-6.84592828769381,7.043557504762369,0.2032739529519243,0.5392589380454808,70.56144541162968,Attacked,Played,,0.55224609375,0.580718994140625,7.084701,-0.589566,-0.160018244904653,0.0,-10.6,-29.8789097536588,-2.69566563538358,-2.69566563538358,-999.9,-999.9,-999.9,-8.84073,-1.127233,0.573262,-12.07422121115799,-10.06003886120301,-1.241190825486555,0.6304783557177172,-0.6541931584758687,0.1684033928288816,-0.0632974279744001,-1.0,M-CHINNASWAMY-STADIUM-BANGALORE,2023-04-10,2023,R,R,L,Lucknow-Super-Giants,Royal-Challengers-Bangalore,Seam,1.0
870,2,77,Lucknow Super Giants,Ayush Badoni,Wayne Parnell,,19,1,1 (WD),1,0,0,0,0,0,1,1,0,0,0,0,0,0,,,0,18.1,1,1,1,302319,147.11,67.75,1,0,,30,ANGLED ACROSS,105,LEFT ALONE,0,0,2,18,200,6,Outside Off stump,Good Length,0,1,4,0,0,0,1,0,78.40671191169922,-7.239395416281639,8.340591061667457,0.3259852204073275,1.909218055004182,-0.246201688019977,-1.3415260236309,-8.09530546549085,-32.006219442597,-3.07713440214866,-7.03448872566015,6.165015039203902,0.230943782666113,0.4555861086919795,55.24353803718563,Attacked,Played,,0.553070068359375,0.5855026245117188,7.574327,-0.602987,-0.160031097212985,0.0,-10.6,-29.6695469228236,-2.66612728723721,-2.66612728723721,-999.9,-999.9,-999.9,-8.840837,-1.184084,0.497687,-12.39567114884208,-10.06006962772499,-1.297922161947384,0.526217564163997,-1.135298878407547,0.3567893885806968,-0.100750675465737,-1.0,M-CHINNASWAMY-STADIUM-BANGALORE,2023-04-10,2023,R,R,L,Lucknow-Super-Giants,Royal-Challengers-Bangalore,Seam,1.0
870,2,77,Lucknow Super Giants,Ayush Badoni,Wayne Parnell,,19,1,1,1,1,1,0,0,0,0,0,0,0,0,0,0,0,,,0,18.1,1,1,0,302320,-153.93,37.41,1,0,,30,ANGLED ACROSS,51,FRONTFOOT COVERDRIVE,0,0,3,18,201,6,Outside Off stump,Good Length,0,0,4,0,0,0,0,0,82.80813864194553,-7.215820300686982,8.340736531762264,0.3529153962828623,1.905172670177025,-0.263450146030343,0.0890783419019165,-5.04282195206516,-34.2485189839446,-2.14516692408489,-6.4171898478364,7.300563356959998,0.1758566171392617,0.6469843819889551,89.4619955844171,Attacked,Played,Off-Drive,0.514308929443359,0.4904251098632813,6.456194,-0.367793,-0.171242594919723,0.0,-10.6,-32.4075096577995,-1.79177041997217,-1.79177041997217,-8.616683,-0.648685,0.565353,-8.841119,-0.66144,0.582809,-10.61253210152465,-10.0602550579563,-0.7309932556174332,0.6685543933033499,-0.2555192163023425,0.4194677634735806,-0.029329567502336,-1.0,M-CHINNASWAMY-STADIUM-BANGALORE,2023-04-10,2023,R,R,L,Lucknow-Super-Giants,Royal-Challengers-Bangalore,Seam,1.0
870,2,77,Lucknow Super Giants,Jaydev Unadkat,Wayne Parnell,,19,2,1,1,1,1,0,0,0,0,0,0,0,0,0,0,0,,,0,18.2,1,1,0,302321,-145.87,61.11,1,0,,30,ANGLED ACROSS,51,FRONTFOOT COVERDRIVE,0,0,4,18,202,6,Outside Off stump,Good Length,0,0,4,0,0,0,0,0,73.55562832423176,-9.020298354358916,8.340889574553387,0.4646077644938207,1.911942700187521,-0.232962860145962,-0.711350300875826,-8.73261824559552,-30.285171818975,-2.46176758505817,-7.67131400965337,8.50565179200384,0.2435324898357385,0.535153019877296,65.91970399802055,Attacked,Played,Cut,0.590721130371094,0.58685302734375,9.330613,-0.218286,-0.151425859094875,0.0,-10.6,-27.4508600273571,-1.90767471596745,-1.90767471596745,-8.710695,-0.785521,0.809093,-8.840985,-0.794996,0.813698,-14.21420098193068,-10.06015341309248,-0.884003231291662,0.844190990872419,-0.6641743242860407,0.6718096153468626,-0.0465309645275973,-1.0,M-CHINNASWAMY-STADIUM-BANGALORE,2023-04-10,2023,R,R,L,Lucknow-Super-Giants,Royal-Challengers-Bangalore,Seam,1.0
870,2,77,Lucknow Super Giants,Ayush Badoni,Wayne Parnell,,19,3,4,4,4,0,0,0,0,0,0,0,0,0,1,0,0,,,0,18.3,1,1,0,302322,152.32,134.12,4,0,,30,ANGLED ACROSS,46,FRONTFOOT PULL SHOT,0,0,5,18,206,6,Outside Off stump,Short of Good Length,0,0,4,0,0,0,0,0,74.064904,-10.62193654492158,8.340452454121227,0.3728072839819609,1.837839319639395,-0.236711310152707,-3.31957473946743,-17.1865137151796,-30.7724703198519,-3.23564861074082,-9.93823031908774,10.13285210749034,0.2221282441192337,0.495351948821824,62.08996791135024,Attacked,Played,Pull-Hook,0.513771057128906,0.5511474609375,11.316029,-0.269109,-0.153862351599259,0.0,-10.6,-27.5456349974731,-2.29447243152464,-2.29447243152464,-7.528078,-1.01936,1.084889,-8.841067,-1.134817,1.14478,-17.89830253357573,-10.0600826291771,-1.242816890520357,1.176507686484729,-1.611814311802903,1.240870438481298,-0.0978663404839546,-1.0,M-CHINNASWAMY-STADIUM-BANGALORE,2023-04-10,2023,R,R,L,Lucknow-Super-Giants,Royal-Challengers-Bangalore,Seam,1.0
870,2,77,Lucknow Super Giants,Ayush Badoni,Wayne Parnell,,19,4,0 WK,W,0,0,0,0,1,0,0,0,0,0,0,0,1,Hit Wicket,WICKET,1,18.4,1,1,0,302323,152.32,134.12,0,0,https://scores.bcci.tv/matchcentre/commentaryFiles/TATA-IPL-2023/Royal-Challengers-Bangalore-VS-Lucknow-Super-Giants-(10-Apr-2023)/File_2-19-302323.png,38,STRAIGHT BALL,99,SCOOP,0,0,6,18,206,7,Outside Leg stump,Full Toss,1,0,4,0,0,0,0,0,85.08877700665496,-3.807687568167147,8.340746759905265,0.3077247531613196,1.930491629604444,-0.257958773908861,-0.416586019071615,-6.16113001073182,-33.5346406081519,-0.998219677414651,-5.47628785173679,6.37539956873612,0.1856460741102066,0.6499999999999994,88.93539258897924,Attacked,Played,Sweep,0.494773864746094,0.4514694213867188,1.304872,-0.122594,-0.239533147201085,0.22658147851571,-10.6,-31.8579085777443,-0.948308693543918,-0.948308693543918,-7.830201,-0.095317,0.162458,-8.840941,-0.125148,0.023829,-9.274672834252137,-10.05989577320622,-0.1614326295378661,0.1518038425799636,-0.4991733109582371,0.0,-0.0604899948931135,-1.0,M-CHINNASWAMY-STADIUM-BANGALORE,2023-04-10,2023,R,R,L,Lucknow-Super-Giants,Royal-Challengers-Bangalore,Seam,1.0
870,2,77,Lucknow Super Giants,Mark Wood,Wayne Parnell,,19,5,1,1,1,1,0,0,0,0,0,0,0,0,0,0,0,,,0,18.5,1,1,0,302324,-124.54,33.14,1,0,,30,ANGLED ACROSS,27,FORWARD PUSH,0,0,7,18,207,7,Off stump,Yorker,2,0,4,0,0,0,0,0,84.0925753461488,-4.260910772258678,8.340621070345641,0.3729846870278148,1.938646836170406,-0.256398358602414,-1.05157193807695,-5.68976770431273,-33.3317866183138,-0.995240415369768,-5.44044426329113,6.372243369134464,0.1857392963672518,0.6499999999999992,88.9260703632747,Attacked,Played,Nudge,0.501617431640625,0.4827346801757813,1.957787,0.024132,-0.238084190130813,0.223966269797494,-10.6,-31.6651972873981,-0.94547839460128,-0.94547839460128,-8.677917,0.006942,0.088007,-8.840903,0.002076,0.105158,-9.270123623249782,-10.06013529696765,-0.0343288574175515,0.2250492857684513,-0.9370062383630028,0.0,-0.126696101277067,-1.0,M-CHINNASWAMY-STADIUM-BANGALORE,2023-04-10,2023,R,R,L,Lucknow-Super-Giants,Royal-Challengers-Bangalore,Seam,1.0
870,2,77,Lucknow Super Giants,Jaydev Unadkat,Wayne Parnell,,19,6,1,1,1,1,0,0,0,0,0,0,0,0,0,0,0,,,0,18.6,1,1,0,302325,136.68,74.86,1,0,,30,ANGLED ACROSS,47,FRONTFOOT ON DRIVE,0,0,8,18,208,7,Leg stump,Good Length,0,0,4,0,0,0,0,0,84.2676719992166,-6.398421123994683,8.340403508957415,0.3461371425660963,1.922164977404839,-0.262011600257891,-1.21857438336454,-5.77891746493388,-34.0615080335259,-0.881695284929026,-6.27928481368919,7.502156293408806,0.1638546145681844,0.6782300826889026,95.34905094651695,Attacked,Edged,Slog,0.508129119873047,0.47772216796875,5.533772,0.107601,-0.170307540167629,0.0,-10.6,-32.3393916657323,-0.663813992426736,-0.663813992426736,-8.288979,0.029589,0.462545,-8.840645,0.01802,0.513451,-10.44527866267345,-10.05984490761296,-0.0076725863646527,0.6149792837635447,-0.8051168016663296,0.3068765031361887,-0.0869345532742272,-1.0,M-CHINNASWAMY-STADIUM-BANGALORE,2023-04-10,2023,R,R,L,Lucknow-Super-Giants,Royal-Challengers-Bangalore,Seam,1.0
870,2,77,Lucknow Super Giants,Jaydev Unadkat,Harshal Patel,,20,1,1,1,1,1,0,0,0,0,0,0,0,0,0,0,0,,,0,19.1,1,1,0,302326,-63.38,99.04,1,0,,39,ANGLED IN,84,FRONTFOOT OFF DRIVE,0,0,1,19,209,7,Off stump,Full Toss,1,0,4,0,0,0,0,0,85.31484089927869,-3.431143104111361,8.340626245882735,-0.9688139328609766,1.837040214567203,-0.258685219572049,2.28577130979432,-6.52461516002078,-33.6290785443664,2.31083488655227,-5.3980138966278,6.267499790678663,0.1892299797469459,0.65,88.5770020253054,Attacked,Edged,Nudge,0.493160247802734,0.46160888671875,1.302765000000001,-0.12578,-0.240207703888332,-0.514105855682457,-10.6,-31.9476246171481,2.19529314222466,2.19529314222466,-8.216321,-0.162578,0.088754,-8.841085,-0.120018,0.012125,-9.119115749684132,-10.06021666559963,-0.0362354952338837,0.1378542384490651,2.096055617113784,0.0,0.269545356609431,-1.0,M-CHINNASWAMY-STADIUM-BANGALORE,2023-04-10,2023,R,R,R,Lucknow-Super-Giants,Royal-Challengers-Bangalore,Seam,1.0
870,2,77,Lucknow Super Giants,Mark Wood,Harshal Patel,,20,2,0 WK,W,0,0,0,0,1,0,0,0,0,0,0,0,1,Bowled,WICKET,1,19.2,1,1,0,302327,-63.38,99.04,0,0,,39,ANGLED IN,84,FRONTFOOT OFF DRIVE,0,0,2,19,209,8,Leg stump,Full Toss,2,0,4,0,0,0,0,0,75.22907983021943,-0.3000662594944262,8.341165001026301,-0.9170108940353724,1.871468687948784,-0.225054788486637,-1.10565594625823,-9.27687238987516,-29.2571225032629,1.25586362345319,-5.92872883619311,7.893731365710845,0.1496772590790856,0.6499999999999998,92.5322740920914,Defended,Missed,Defend,0.558425903320312,0.5836944580078125,-1.068003000000001,0.074319,-0.208979446451878,-0.250902136160004,-10.6,-27.7942663780997,1.19307044228053,1.19307044228053,-999.9,-999.9,-999.9,-8.841094,-0.026313,0.4102,-11.45542476486187,-10.05995980141734,0.0279297544517117,0.1880701721982707,-0.8452737811879119,0.0,-0.115387546425717,-1.0,M-CHINNASWAMY-STADIUM-BANGALORE,2023-04-10,2023,R,R,R,Lucknow-Super-Giants,Royal-Challengers-Bangalore,Seam,1.0
870,2,77,Lucknow Super Giants,Ravi Bishnoi,Harshal Patel,,20,3,2,2,2,0,1,0,0,0,0,0,0,0,0,0,0,,,0,19.3,1,1,0,302328,-97.04,-13.79,2,0,,8,OFF CUTTER,27,FORWARD PUSH,0,0,3,19,211,8,Outside Off stump,Full Length,3,0,4,0,0,0,0,0,76.09356259871268,-2.984743454470578,8.340440434458976,-0.9747207974560956,1.862393134516031,-0.233671649335668,-1.22528512985796,-8.65481378732958,-30.3773144136369,0.893403058085686,-5.87526870786959,4.864915706104949,-0.0180468091055026,0.4422840228649995,78.14728434030019,Attacked,Played,Nudge,0.55535888671875,0.4972114562988281,3.160912,-0.413037,-0.151886572068184,0.0,-10.6,-30.5302848308235,0.894104593931701,0.894104593931701,-7.594842,-0.392626,0.105661,-8.840577,-0.355903,0.19351,-10.94640580207865,-10.06033971271667,-0.3197214177257028,0.2625743162900637,-0.8034018631261153,-0.0071203138843215,-0.094063901864569,-1.0,M-CHINNASWAMY-STADIUM-BANGALORE,2023-04-10,2023,R,R,R,Lucknow-Super-Giants,Royal-Challengers-Bangalore,Seam,1.0
870,2,77,Lucknow Super Giants,Ravi Bishnoi,Harshal Patel,,20,4,1,1,1,1,0,0,0,0,0,0,0,0,0,0,0,,,0,19.4,1,1,0,302329,108.23,-35.13,1,0,,39,ANGLED IN,58,BACKFOOT PULL SHOT,0,0,4,19,212,8,Outside Off stump,Short of Good Length,0,0,4,0,0,0,0,0,83.36548083469664,-13.06204144241132,8.341212057628425,-0.8646472205138581,1.779402079026268,-0.269213532789691,-0.336036291303947,-6.81088637596531,-34.9977592626598,1.87836501104913,-9.82481215554979,8.962284098997422,0.1961034067505197,0.5148381732545416,67.61538531312928,Attacked,Edged,Pull-Hook,0.5394287109375,0.4933204650878906,11.640033,-0.50493,-0.174988796313299,0.0,-11.4632125442422,-32.0727726460583,1.90879261323053,1.90879261323053,-7.945325,0.077228,1.059402,-8.841115,0.133609,1.10054,-15.68085915267874,-10.06017640566586,0.2108066933285981,1.140645585219878,0.0533901908691329,0.3337333292931768,0.000518705799479824,-1.0,M-CHINNASWAMY-STADIUM-BANGALORE,2023-04-10,2023,R,R,R,Lucknow-Super-Giants,Royal-Challengers-Bangalore,Seam,1.0
870,2,77,Lucknow Super Giants,Jaydev Unadkat,Harshal Patel,,20,5,0 WK,W,0,0,0,0,1,0,0,0,0,0,0,0,1,Caught,WICKET,1,19.5,1,1,0,302330,55.61,132.7,0,0,https://scores.bcci.tv/matchcentre/commentaryFiles/TATA-IPL-2023/Royal-Challengers-Bangalore-VS-Lucknow-Super-Giants-(10-Apr-2023)/File_2-20-302330.png,36,BOUNCER,46,FRONTFOOT PULL SHOT,1,0,5,19,212,9,Outside Off stump,Short Length,1,0,4,0,0,0,0,0,85.47370333563663,-14.07955353840503,8.340892141965888,-0.8893529860180734,1.775688100314905,-0.275044441980485,0.0479862914627239,-8.24240622537109,-35.7557774574631,1.10498662367011,-10.8180583269766,9.721603438011243,0.2155005130379448,0.5105763373470419,65.03639929826181,Attacked,Edged,Pull-Hook,0.529758453369141,0.5022926330566406,12.109119,-0.700181,-0.178778887287315,0.0,-11.7822528927411,-32.2402822814736,0.840842771431167,0.840842771431167,-8.296181,-0.422322,1.220344,-8.840996,-0.407224,1.247712,-16.83340762688807,-10.05967958325261,-0.3732751590954611,1.29537655960444,0.0942585947854474,-0.2761254406770632,0.00641080494317828,-1.0,M-CHINNASWAMY-STADIUM-BANGALORE,2023-04-10,2023,R,R,R,Lucknow-Super-Giants,Royal-Challengers-Bangalore,Seam,1.0
870,2,77,Lucknow Super Giants,Avesh Khan,Harshal Patel,,20,6,1 (BY),1,0,0,0,0,1,1,0,0,1,0,0,0,0,,,0,19.6,1,1,1,302331,55.61,132.7,1,0,https://scores.bcci.tv/matchcentre/commentaryFiles/TATA-IPL-2023/Royal-Challengers-Bangalore-VS-Lucknow-Super-Giants-(10-Apr-2023)/File_2-20-302331.png,8,OFF CUTTER,84,FRONTFOOT OFF DRIVE,0,0,6,19,213,9,Outside Off stump,Yorker,2,0,4,0,0,0,0,0,78.07876302450089,-1.965383575964256,8.341110188679398,-0.996091900651253,1.882534272920348,-0.237280409939557,-1.51228484342501,-9.19461489888644,-30.8464532921424,1.05304011539867,-5.94898903616237,7.411479388786512,0.0365147699029888,0.6666717451431865,106.3492847811791,Defended,Missed,Defend,0.538593292236328,0.5641822814941406,1.438855999999999,-0.249814,-0.154232266460712,0.0,-10.6,-30.4888571000727,0.908108853773206,0.908108853773206,-999.9,-999.9,-999.9,-8.841144,-0.243258,0.064239,-10.91593649178774,-10.0596594923025,-0.2068112568152193,0.2118040915427233,-1.05651722244639,-0.2491641341661136,-0.140328680964869,-1.0,M-CHINNASWAMY-STADIUM-BANGALORE,2023-04-10,2023,R,R,R,Lucknow-Super-Giants,Royal-Challengers-Bangalore,Seam,1.0
