MatchID,InningsNo,BattingTeamID,TeamName,BatsManName,BowlerName,BowlerType,OverNo,BallNo,Runs,BallRuns,ActualRuns,IsOne,IsTwo,IsThree,IsDotball,Extras,IsWide,IsNoBall,IsBye,IsLegBye,IsFour,IsSix,IsWicket,WicketType,Wickets,IsBowlerWicket,BallName,Day,SESSION_NO,IsExtra,SNO,Xpitch,Ypitch,RunRuns,IsMaiden,OverImage,BowlTypeID,BowlTypeName,ShotTypeID,ShotType,IsBouncer,IsFreeHit,BallCount,BCCheck,TotalRuns,TotalWickets,BOWLING_LINE_ID,BOWLING_LENGTH_ID,FiveHaul,Flag,FlagSet,PenaltyRuns,IsFifty,IsHundred,IsTwoHundred,IsHattrick,release_speed,initial_angle,release_x,release_y,release_z,pre_bounce_ax,pre_bounce_ay,pre_bounce_az,pre_bounce_vx,pre_bounce_vy,pre_bounce_vz,bounce_angle,cof,cor,pbr,shot_attacked,shot_played,shot_info,crease_reaction_time,interception_reaction_time,bounce_x,bounce_y,post_bounce_ax,post_bounce_ay,post_bounce_az,post_bounce_vx,post_bounce_vy,post_bounce_vz,impact_x,impact_y,impact_z,crease_x,crease_y,crease_z,drop_angle,stump_x,stump_y,stump_z,swing,deviation,swing_dist,six_dist,ground,date,season,striker_hand,non_striker_hand,bowler_hand,team_bat,team_bowl,delivery_type,match_day
2014,1,1,India,Sanju Samson,Jacob Duffy,,1,1,0,0,0,0,0,0,1,0,0,0,0,0,0,0,0,,,0,0.1,1,1,0,782305,-78.0,-15.5,0,0,,42,OUTSWINGER,49,FORWARD DEFENCE,0,0,1,0,0,0,Middle stump,Full Length,1,0,0,0,0,0,0,0,85.55714764900578,-6.093071066609748,8.340959800216243,-0.6470989027538793,1.998739485588503,,,,,,,7.797930622329526,0.1778391704761375,0.6645827847320992,91.90350066220113,Defended,Played,None,0.502567291259766,0.48284912109375,5.091966,-0.054066,,,,,,,-8.726997,-0.034386,0.472543,-8.840871,-0.033781,0.484083,-10.99171832297046,-10.06026368251921,-0.02726700123620955,0.5996284269928829,-3.42625444797811,-0.4548815375260282,-1.0,-1.0,VIDARBHA-CA-GROUND-NAGPUR,-1.0,,R,L,R,India,New-Zealand,Seam,1
2014,1,1,India,Sanju Samson,Jacob Duffy,,1,2,1 (LB),1,0,0,0,0,1,1,0,0,0,1,0,0,0,,,0,0.2,1,1,1,782306,-78.0,-15.5,1,0,,39,ANGLED IN,54,LEG GLANCE,0,0,2,0,1,0,Off stump,Good Length,0,0,0,0,0,0,0,0,85.99474554491333,-6.569204613480814,8.340445547113575,-0.6709153641821523,1.958841834449112,,,,,,,7.657239690858872,0.1906062066420983,0.5955104083275656,80.26594058492503,Attacked,Missed,None,0.492931365966797,0.4860649108886719,6.409607,0.081391,,,,,,,-8.838939,0.277664,0.600525,-8.841114,0.277748,0.600712,-11.93535357117626,-10.05981162829805,0.3250221678098563,0.6984303585983141,-1.500428513310272,-0.6805871554330599,-1.0,-1.0,VIDARBHA-CA-GROUND-NAGPUR,-1.0,,R,L,R,India,New-Zealand,Seam,1
2014,1,1,India,Abhishek Sharma,Jacob Duffy,,1,3,1 (WD),1,0,0,0,0,0,1,1,0,0,0,0,0,0,,,0,0.3,1,1,1,782308,-78.0,-15.5,1,0,,30,ANGLED ACROSS,114,STEP DOWN LOFTED COVER DRIVE,0,0,3,0,2,0,Outside Off stump,Full Length,0,0,0,0,0,0,0,0,81.46486567420526,-5.781591404131744,8.341178714831436,-0.7150416802321824,2.00267047043304,,,,,,,8.979626577893843,0.2115172307894057,0.684539345568318,91.52917875630712,None,None,None,0.530136108398438,0.5522232055664062,5.637755,0.290118,,,,,,,-999.9,-999.9,-999.9,-8.841109,0.764003,0.624864,-12.04111825111779,-10.0600186315485,0.897671128144084,0.7526077267711,2.506297467325763,0.2074390207724829,-1.0,-1.0,VIDARBHA-CA-GROUND-NAGPUR,-1.0,,L,R,R,India,New-Zealand,Seam,1
2014,1,1,India,Abhishek Sharma,Jacob Duffy,,1,3,0,0,0,0,0,0,1,0,0,0,0,0,0,0,0,,,0,0.3,1,1,0,782310,-74.0,43.5,0,0,,38,STRAIGHT BALL,27,FORWARD PUSH,0,0,4,0,2,0,Leg stump,Full Length,0,0,0,0,0,0,0,0,86.20425828693115,-4.194179792092072,8.340797802364285,-0.6468864059194942,1.993769189014631,,,,,,,7.137788253621763,0.1655694444930371,0.6500000000000002,90.94305555069633,Attacked,Played,None,0.491615295410156,0.4665069580078125,2.639964,-0.133426,,,,,,,-8.447283,-0.13226,0.14463,-8.840908,-0.131813,0.189478,-10.37166545372968,-10.05997244221553,-0.130430092320305,0.3190751421081466,-3.400259444356065,0.0,-1.0,-1.0,VIDARBHA-CA-GROUND-NAGPUR,-1.0,,L,R,R,India,New-Zealand,Seam,1
2014,1,1,India,Abhishek Sharma,Jacob Duffy,,1,4,0,0,0,0,0,0,1,0,0,0,0,0,0,0,0,,,0,0.4,1,1,0,782311,-74.0,43.5,0,0,,36,BOUNCER,105,LEFT ALONE,1,0,5,0,2,0,Outside Leg stump,Short Length,0,0,0,0,0,0,0,0,83.86689250462496,-15.3874127607062,8.34112646762646,-0.6955885105492867,1.921740189596873,,,,,,,11.33462446015256,0.1657225211755481,0.554740684384201,76.63885054007534,None,None,None,0.544898986816406,0.5603828430175781,12.185434,-0.360052,,,,,,,-999.9,-999.9,-999.9,-8.840669,-0.003848,1.751821,-18.29629685310934,-10.06023880434303,0.02795765540430817,1.874831651212782,-1.271452279896311,-0.282254259424858,-1.0,-1.0,VIDARBHA-CA-GROUND-NAGPUR,-1.0,,L,R,R,India,New-Zealand,Seam,1
2014,1,1,India,Abhishek Sharma,Jacob Duffy,,1,5,0,0,0,0,0,0,1,0,0,0,0,0,0,0,0,,,0,0.5,1,1,0,782313,-74.0,43.5,0,0,,30,ANGLED ACROSS,15,LOFTED COVER DRIVE,0,0,6,0,2,0,Middle stump,Short Length,0,0,0,0,0,0,0,0,81.1036082054905,-10.76197239561632,8.341158180022322,-0.6902595940780173,1.974178277751914,,,,,,,10.58876635404036,0.2399126113085558,0.6506749962517111,83.60998830690109,Attacked,Missed,None,0.548995971679688,0.5785675048828125,9.68918,-0.138904,,,,,,,-999.9,-999.9,-999.9,-8.840887,0.694794,1.278761,-14.44868143233784,-10.06015984410373,0.8197471148852067,1.397733697221614,1.44319140215817,1.066387699848627,-1.0,-1.0,VIDARBHA-CA-GROUND-NAGPUR,-1.0,,L,R,R,India,New-Zealand,Seam,1
2014,1,1,India,Abhishek Sharma,Jacob Duffy,,1,6,6,6,6,0,0,0,0,0,0,0,0,0,0,1,0,,,0,0.6,1,1,0,782315,-18.0,232.5,6,0,,38,STRAIGHT BALL,13,LOFTED STRAIGHT,0,0,7,0,8,0,Leg stump,Good Length,0,0,0,0,0,0,0,0,87.45662289336153,-7.332838498010463,8.340729279304519,-0.6731688996784341,1.981264935874889,,,,,,,7.887828657899726,0.2215870699462277,0.6349666746783321,83.08629420712705,Attacked,Played,None,0.498252868652344,0.4685897827148438,6.497584,0.000475,,,,,,,-8.312441,0.16937,0.584842,-8.841019,0.18856,0.633417,-11.43637595892634,-10.06021777755842,0.2331349361803878,0.7347967199455272,-1.295911781244655,-0.5614013859877993,-1.0,-1.0,VIDARBHA-CA-GROUND-NAGPUR,-1.0,,L,R,R,India,New-Zealand,Seam,1
2014,1,1,India,Sanju Samson,Kyle Jamieson,,2,1,4,4,4,0,0,0,0,0,0,0,0,0,1,0,0,,,0,1.1,1,1,0,782317,161.5,-68.5,4,0,,38,STRAIGHT BALL,58,BACKFOOT PULL SHOT,0,0,1,1,12,0,Outside Off stump,Short of Good Length,1,0,0,0,0,0,0,0,78.729521510836,-13.25062176760036,8.340701463153398,-0.6948234853378119,2.183098416130834,,,,,,,10.75069210166022,0.2170828395993007,0.5926456628085374,77.18856546135054,Attacked,Played,None,0.580902099609375,0.5138511657714844,10.168017,-0.331418,,,,,,,-7.406776,-0.128647,1.126351,-8.840866,-0.088495,1.253837,-16.10088716369789,-10.0601694214272,-0.05396789836018367,1.339860554655891,0.2840733952466262,-1.173945538076729,-1.0,-1.0,VIDARBHA-CA-GROUND-NAGPUR,-1.0,,R,L,R,India,New-Zealand,Seam,1
2014,1,1,India,Sanju Samson,Kyle Jamieson,,2,2,2,2,2,0,1,0,0,0,0,0,0,0,0,0,0,,,0,1.2,1,1,0,782319,150.0,66.5,2,0,,39,ANGLED IN,27,FORWARD PUSH,0,0,2,1,14,0,Off stump,Good Length,0,0,0,0,0,0,0,0,82.42569747644949,-7.874963629024145,8.340557614481305,-0.6721468799985945,2.283609703320445,,,,,,,9.670005773972402,0.2156289419328933,0.6855732154873458,91.27308812981255,Attacked,Played,None,0.526153564453125,0.4814643859863281,5.910164,-0.153413,,,,,,,-7.847026,0.023467,0.579688,-8.840507,0.071891,0.704792,-12.83807629978287,-10.06007817884315,0.1318706407069898,0.8430886506433933,-0.257549932802076,0.4576566880886455,-1.0,-1.0,VIDARBHA-CA-GROUND-NAGPUR,-1.0,,R,L,R,India,New-Zealand,Seam,1
2014,1,1,India,Sanju Samson,Kyle Jamieson,,2,3,0,0,0,0,0,0,1,0,0,0,0,0,0,0,0,,,0,1.3,1,1,0,782320,-40.0,-56.5,0,0,,39,ANGLED IN,44,GLIDE,0,0,3,1,14,0,Outside Off stump,Short of Good Length,0,0,0,0,0,0,0,0,82.90071694584596,-8.385429438075578,8.340770649363002,-0.7059054254408504,2.270663671979492,,,,,,,8.747977927130961,0.1847334727504236,0.6206425056099025,84.62302856644303,Attacked,Played,None,0.522102355957031,0.5226402282714844,6.407795,-0.362356,,,,,,,-9.266469,-0.216606,0.729327,-8.840846,-0.227883,0.687309,-12.99854961806095,-10.05971706257758,-0.1954854829307004,0.8023253928239845,0.2241877090794628,-0.3019507933317029,-1.0,-1.0,VIDARBHA-CA-GROUND-NAGPUR,-1.0,,R,L,R,India,New-Zealand,Seam,1
2014,1,1,India,Sanju Samson,Kyle Jamieson,,2,4,4,4,4,0,0,0,0,0,0,0,0,0,1,0,0,,,0,1.4,1,1,0,782322,186.0,116.0,4,0,,38,STRAIGHT BALL,58,BACKFOOT PULL SHOT,0,0,4,1,18,0,Outside Off stump,Short of Good Length,0,0,0,0,0,0,0,0,81.43352559674265,-12.06745264284395,8.340857059158747,-0.7121138365325327,2.251969530018306,,,,,,,9.36454607044899,0.1562223485636541,0.5737560132461553,80.44116713055789,Attacked,Played,None,0.543125152587891,0.48870849609375,9.177544,-0.368785,,,,,,,-7.770035,-0.260143,0.934865,-8.841052,-0.242709,1.029507,-15.03509927225143,-10.05987577620151,-0.2226822279367014,1.121241412348803,-0.07960484159112795,-1.210105177048499,-1.0,-1.0,VIDARBHA-CA-GROUND-NAGPUR,-1.0,,R,L,R,India,New-Zealand,Seam,1
2014,1,1,India,Sanju Samson,Kyle Jamieson,,2,5,0 WK,W,0,0,0,0,1,0,0,0,0,0,0,0,1,Caught,WICKET,1,1.5,1,1,0,782326,90.0,45.5,0,0,,39,ANGLED IN,40,FRONTFOOT FLICK,0,0,5,1,18,1,Off stump,Good Length,1,0,0,0,0,0,0,0,80.86904749853606,-7.345354553074853,8.340575205156156,-0.6588568670238696,2.251353690420121,,,,,,,8.066748284129632,0.1634285469113593,0.6197711676896854,86.6228204623169,None,None,None,0.532928466796875,0.5081977844238281,5.350441,-0.143056,,,,,,,-8.606686,0.033514,0.502233,-8.840876,0.044295,0.525503,-12.16737581297396,-10.06031616186115,0.1007538359878249,0.6367592325126257,0.242977130736827,0.1667600825164276,-1.0,-1.0,VIDARBHA-CA-GROUND-NAGPUR,-1.0,,R,L,R,India,New-Zealand,Seam,1
2014,1,1,India,Ishan Kishan,Kyle Jamieson,,2,6,4,4,4,0,0,0,0,0,0,0,0,0,1,0,0,,,0,1.6,1,1,0,782330,-3.5,225.5,4,0,,38,STRAIGHT BALL,13,LOFTED STRAIGHT,0,0,6,1,22,1,Off stump,Full Length,2,0,0,0,0,0,0,0,82.66285133298315,-7.221632422418923,8.340838441964376,-0.6883897029481795,2.297266485108356,,,,,,,8.706113934198838,0.1819653210759907,0.6731824370814716,92.78083345462167,Attacked,Played,None,0.520454406738281,0.4779396057128906,4.840632,-0.023125,,,,,,,-7.967664,0.106992,0.405319,-8.840555,0.148903,0.510615,-12.0135428653048,-10.06022787060877,0.2079482843690379,0.6440341794890952,0.2773839244972211,-0.2698035710085754,-1.0,-1.0,VIDARBHA-CA-GROUND-NAGPUR,-1.0,,L,L,R,India,New-Zealand,Seam,1
2014,1,1,India,Abhishek Sharma,Jacob Duffy,,3,1,1,1,1,1,0,0,0,0,0,0,0,0,0,0,0,,,0,2.1,1,1,0,782333,-69.5,41.0,1,0,,38,STRAIGHT BALL,97,BACKFOOT PUSH,0,0,1,2,23,1,Outside Leg stump,Short of Good Length,3,0,0,0,0,0,0,0,75.78346503689556,-6.681667263693193,8.34067439772711,-0.6313677357375623,1.963612353801388,,,,,,,8.462569024871701,0.1385896682535864,0.6183686001931903,88.8963232036199,Defended,Played,None,0.569618225097656,0.5465126037597656,7.084481,-0.280605,,,,,,,-8.598847,-0.028736,0.686368,-8.841097,-0.017636,0.705736,-12.85470695939104,-10.06006760019442,0.03853660003313908,0.7916529925405227,0.1627737105143782,0.6507927291438524,-1.0,-1.0,VIDARBHA-CA-GROUND-NAGPUR,-1.0,,L,L,R,India,New-Zealand,Seam,1
2014,1,1,India,Ishan Kishan,Jacob Duffy,,3,2,0,0,0,0,0,0,1,0,0,0,0,0,0,0,0,,,0,2.2,1,1,0,782334,-69.5,41.0,0,0,,30,ANGLED ACROSS,36,CUT SHOT,0,0,2,2,23,1,Off stump,Short of Good Length,0,0,0,0,0,0,0,0,86.32981720129203,-8.386146865971032,8.340666901492629,-0.6350097539638798,1.986317482354135,,,,,,,6.894358228227503,0.1413193580232438,0.5434522129386494,77.38589613847304,Attacked,Missed,None,0.502510070800781,0.5274696350097656,7.446974,-0.056006,,,,,,,-999.9,-999.9,-999.9,-8.841121,0.389121,0.61006,-11.97372806662268,-10.06028589898323,0.4788019901485686,0.6803680094839668,0.736448280102406,0.5850503488758914,-1.0,-1.0,VIDARBHA-CA-GROUND-NAGPUR,-1.0,,L,L,R,India,New-Zealand,Seam,1
2014,1,1,India,Ishan Kishan,Jacob Duffy,,3,3,4,4,4,0,0,0,0,0,0,0,0,0,1,0,0,,,0,2.3,1,1,0,782336,-188.5,77.0,4,0,,38,STRAIGHT BALL,58,BACKFOOT PULL SHOT,0,0,3,2,27,1,Outside Leg stump,Short of Good Length,0,0,0,0,0,0,0,0,85.4927578854978,-8.485298298676184,8.340784815564085,-0.7345414999066573,1.99280090847306,,,,,,,8.330537162119768,0.148059643468049,0.6367693129928659,90.70943260212499,Attacked,Played,None,0.509971618652344,0.4710502624511719,7.634223,-0.16686,,,,,,,-8.064979,0.129264,0.712891,-8.841039,0.171042,0.783243,-12.29307984327351,-10.06005697306615,0.2371869237418834,0.8815056134987437,0.5644955344180569,-0.368311496255869,-1.0,-1.0,VIDARBHA-CA-GROUND-NAGPUR,-1.0,,L,L,R,India,New-Zealand,Seam,1
2014,1,1,India,Ishan Kishan,Jacob Duffy,,3,4,0,0,0,0,0,0,1,0,0,0,0,0,0,0,0,,,0,2.4,1,1,0,782338,50.0,-59.0,0,0,,38,STRAIGHT BALL,44,GLIDE,0,0,4,2,27,1,Leg stump,Good Length,0,0,0,0,0,0,0,0,78.02845609008426,-7.418422558953467,8.340588781456958,-0.5628971702718242,1.950024581359947,,,,,,,8.614175416383496,0.1945850527361059,0.5913722228346167,79.24732815158191,Attacked,Played,None,0.561229705810547,0.5361328125,7.858893,-0.059675,,,,,,,-8.534775,0.33863,0.762932,-8.841098,0.360961,0.785868,-13.35116328012735,-10.0600781005628,0.4527998287213921,0.8651273374305015,0.3985545290225055,0.1407155068422852,-1.0,-1.0,VIDARBHA-CA-GROUND-NAGPUR,-1.0,,L,L,R,India,New-Zealand,Seam,1
2014,1,1,India,Ishan Kishan,Jacob Duffy,,3,5,0 WK,W,0,0,0,0,1,0,0,0,0,0,0,0,1,Caught,WICKET,1,2.5,1,1,0,782341,81.5,32.5,0,0,,38,STRAIGHT BALL,114,STEP DOWN LOFTED COVER DRIVE,0,0,5,2,27,2,Off stump,Short of Good Length,1,0,0,0,0,0,0,0,76.17456117350467,-6.398418682926293,8.341135608072197,-0.583957112913306,1.957288931508852,,,,,,,9.708693484306295,0.219990001914032,0.6709113139712068,88.63769690427783,None,None,None,0.571861267089844,0.52020263671875,7.069211,-0.028278,,,,,,,-7.750456,0.296911,0.704674,-8.841026,0.37319,0.818331,-13.11460198059335,-10.06021553324925,0.4592763085082553,0.9261750430143277,0.1833435644954089,0.9343134738442896,-1.0,-1.0,VIDARBHA-CA-GROUND-NAGPUR,-1.0,,L,L,R,India,New-Zealand,Seam,1
2014,1,1,India,Surya Kumar Yadav,Jacob Duffy,,3,6,4,4,4,0,0,0,0,0,0,0,0,0,1,0,0,,,0,2.6,1,1,0,782344,-193.0,76.0,4,0,,38,STRAIGHT BALL,52,BACKFOOT COVERDRIVE,0,0,6,2,31,2,Outside Off stump,Short of Good Length,2,0,0,0,0,0,0,0,87.42977358861742,-8.683767706419882,8.340531052741365,-0.680685852924576,1.950426054683705,,,,,,,8.347806990208237,0.2047715644136245,0.6304808067608947,84.09496457277176,Attacked,Played,None,0.502132415771484,0.4903564453125,7.929398,-0.527544,,,,,,,-8.874089,-0.388677,0.817136,-8.840962,-0.389378,0.814333,-12.18776389075718,-10.06000900829842,-0.3634717907153627,0.9101677619731994,1.155559598607536,-0.2887118685178831,-1.0,-1.0,VIDARBHA-CA-GROUND-NAGPUR,-1.0,,R,L,R,India,New-Zealand,Seam,1
2014,1,1,India,Abhishek Sharma,Kristian Clarke,,4,1,2,2,2,0,1,0,0,0,0,0,0,0,0,0,0,,,0,3.1,1,1,0,782347,158.5,66.5,2,0,,38,STRAIGHT BALL,15,LOFTED COVER DRIVE,0,0,1,3,33,2,Middle stump,Full Length,3,0,0,0,0,0,0,0,82.0035069150158,-5.301759074758542,8.341030319596271,-0.7672712516399227,1.997187195048993,,,,,,,6.843822380153654,0.1016251084229875,0.5976395607712046,89.48342327338194,Attacked,Played,None,0.522331237792969,0.491363525390625,4.461963,0.13576,,,,,,,-8.440546,0.359897,0.33217,-8.840898,0.391851,0.368215,-10.99757682242998,-10.06016092735184,0.4897643915520916,0.4678003617741964,0.1832808547735112,0.6614895730722096,-1.0,-1.0,VIDARBHA-CA-GROUND-NAGPUR,-1.0,,L,R,R,India,New-Zealand,Seam,1
2014,1,1,India,Abhishek Sharma,Kristian Clarke,,4,2,1,1,1,1,0,0,0,0,0,0,0,0,0,0,0,,,0,3.2,1,1,0,782349,-131.0,-45.0,1,0,,47,SLOWER BALL,54,LEG GLANCE,0,0,2,3,34,2,Outside Leg stump,Good Length,0,0,0,0,0,0,0,0,67.53154666569164,-4.218453387018585,8.340461080131263,-0.6866600421671858,1.98392388065818,,,,,,,8.851236371274894,0.1537505524837724,0.6221413651753966,87.94614952793225,Attacked,Played,None,0.634426116943359,0.60260009765625,5.438695,-0.277645,,,,,,,-8.453337,-0.162969,0.512127,-8.840751,-0.151185,0.548241,-13.25653929683976,-10.05983790845351,-0.1138684518451764,0.6457625252735237,-0.4266573132697347,0.1065099952124228,-1.0,-1.0,VIDARBHA-CA-GROUND-NAGPUR,-1.0,,L,R,R,India,New-Zealand,Seam,1
2014,1,1,India,Surya Kumar Yadav,Kristian Clarke,,4,3,0,0,0,0,0,0,1,0,0,0,0,0,0,0,0,,,0,3.3,1,1,0,782351,-131.0,-45.0,0,0,,39,ANGLED IN,27,FORWARD PUSH,0,0,3,3,34,2,Outside Off stump,Good Length,0,0,0,0,0,0,0,0,80.30232298662565,-7.775110025966827,8.340769787081832,-0.7921908446713624,1.956048860719249,,,,,,,8.437658797684556,0.2190502774486341,0.624701007976108,81.80012345155279,Defended,Missed,None,0.542198181152344,0.565704345703125,7.460581,-0.385265,,,,,,,-999.9,-999.9,-999.9,-8.841028,-0.250917,0.747095,-12.35555138162076,-10.06007621027729,-0.2238819403612435,0.8361789144158605,-0.1093825584014371,-0.8690573187116887,-1.0,-1.0,VIDARBHA-CA-GROUND-NAGPUR,-1.0,,R,L,R,India,New-Zealand,Seam,1
2014,1,1,India,Surya Kumar Yadav,Kristian Clarke,,4,4,0,0,0,0,0,0,1,0,0,0,0,0,0,0,0,,,0,3.4,1,1,0,782353,-57.5,20.0,0,0,,39,ANGLED IN,50,BACKFOOT DEFENCE,0,0,4,3,34,2,Outside Off stump,Short of Good Length,0,0,0,0,0,0,0,0,80.48732093130383,-10.38705170873875,8.34041991276871,-0.7224225374905343,1.932331125055208,,,,,,,5.846199564235282,0.2094824164127885,0.3834058284534096,46.56263262673259,Defended,Played,None,0.552783966064453,0.5199966430664062,9.534199,-0.463318,,,,,,,-8.303983,-0.128115,0.490169,-8.841027,-0.104189,0.495401,-13.91692560684117,-10.05998403466268,-0.04948774773493586,0.4935406152201134,0.1582617900874837,0.638046054162131,-1.0,-1.0,VIDARBHA-CA-GROUND-NAGPUR,-1.0,,R,L,R,India,New-Zealand,Seam,1
2014,1,1,India,Surya Kumar Yadav,Kristian Clarke,,4,5,4,4,4,0,0,0,0,0,0,0,0,0,1,0,0,,,0,3.5,1,1,0,782355,-178.5,122.0,4,0,,38,STRAIGHT BALL,89,STEP DOWN COVER DRIVE,0,0,5,3,38,2,Outside Off stump,Good Length,0,0,0,0,0,0,0,0,81.85402970490988,-8.012476180474073,8.341115313894193,-0.7524714904994663,1.952459182508716,,,,,,,8.115995666017044,0.1479090762564447,0.6222731673489184,88.55006747669329,Attacked,Played,None,0.525650024414062,0.4595260620117188,7.54547,-0.50827,,,,,,,-7.111398,-0.400498,0.576672,-8.840774,-0.358949,0.727619,-12.25478670780442,-10.06006847197621,-0.3293114094825234,0.8143035761065203,-0.3889261784803779,0.2339362137092063,-1.0,-1.0,VIDARBHA-CA-GROUND-NAGPUR,-1.0,,R,L,R,India,New-Zealand,Seam,1
2014,1,1,India,Surya Kumar Yadav,Kristian Clarke,,4,6,0,0,0,0,0,0,1,0,0,0,0,0,0,0,0,,,0,3.6,1,1,0,782357,56.0,114.5,0,0,,47,SLOWER BALL,97,BACKFOOT PUSH,0,0,6,3,38,2,Outside Off stump,Short of Good Length,0,0,0,0,0,0,0,0,68.28244808453864,-7.475312574217162,8.341066352933584,-0.7006717020829236,1.92226939752838,,,,,,,7.496769717883187,0.2116341451906659,0.4841224873455016,61.45495858275865,Defended,Played,None,0.644760131835938,0.6055755615234375,8.376298,-0.44115,,,,,,,-8.281728,-0.251083,0.55885,-8.8407,-0.234513,0.570478,-14.05872922839715,-10.06013766984251,-0.198098500166246,0.576638062449766,-0.2905639270167861,0.2759094676563202,-1.0,-1.0,VIDARBHA-CA-GROUND-NAGPUR,-1.0,,R,L,R,India,New-Zealand,Seam,1
2014,1,1,India,Abhishek Sharma,Kyle Jamieson,,5,1,6,6,6,0,0,0,0,0,0,0,0,0,0,1,0,,,0,4.1,1,1,0,782360,15.5,228.5,6,0,,47,SLOWER BALL,13,LOFTED STRAIGHT,0,0,1,4,44,2,Outside Off stump,Full Length,1,0,0,0,0,0,0,0,65.14630169241651,-5.223239747343353,8.34094839825044,-0.5730228589057653,2.29499723137167,,,,,,,10.57431096876812,0.2884291042289384,0.6192897893400533,74.05055797811416,Attacked,Played,None,0.672237396240234,0.6041221618652344,5.40945,0.17706,,,,,,,-7.707739,0.308426,0.516989,-8.840811,0.357967,0.649733,-14.82195585087772,-10.06007747887108,0.4118076105263201,0.763339362987562,0.9930919210107385,-1.392047932006734,-1.0,-1.0,VIDARBHA-CA-GROUND-NAGPUR,-1.0,,L,R,R,India,New-Zealand,Seam,1
2014,1,1,India,Abhishek Sharma,Kyle Jamieson,,5,2,1 (WD),1,0,0,0,0,0,1,1,0,0,0,0,0,0,,,0,4.2,1,1,1,782362,15.5,228.5,1,0,,36,BOUNCER,105,LEFT ALONE,1,0,2,4,45,2,Outside Leg stump,Short Length,0,0,0,0,0,0,0,0,75.40000000000002,-18.41374083143213,8.340730361070953,-0.677068034557554,2.214390065579265,,,,,,,15.66972506215957,0.2124585031442308,0.6201867647289927,81.78216439492583,None,None,None,0.671676635742188,0.6577949523925781,12.352207,-0.28283,,,,,,,-999.9,-999.9,-999.9,-8.840909,0.64264,2.354096,-21.35359585130352,-10.05982593373387,0.7366092082923454,2.50025963834831,0.2571702688620244,1.161961410335163,-1.0,-1.0,VIDARBHA-CA-GROUND-NAGPUR,-1.0,,L,R,R,India,New-Zealand,Seam,1
2014,1,1,India,Abhishek Sharma,Kyle Jamieson,,5,2,1,1,1,1,0,0,0,0,0,0,0,0,0,0,0,,,0,4.2,1,1,0,782364,-123.0,46.0,1,0,,38,STRAIGHT BALL,97,BACKFOOT PUSH,0,0,3,4,46,2,Outside Leg stump,Short of Good Length,0,0,0,0,0,0,0,0,81.4892328844607,-10.62676762368228,8.341164471370753,-0.6989796814810494,2.305647012897774,,,,,,,9.761791154519722,0.1848652184487152,0.6079075504146205,82.69961071732156,Defended,Played,None,0.542472839355469,0.505828857421875,8.200028,-0.419214,,,,,,,-8.128968,-0.228084,0.902208,-8.840903,-0.205764,0.973586,-14.63090784447979,-10.06031127350514,-0.167231117449419,1.081824077652334,0.2422254779179356,0.007720678462812346,-1.0,-1.0,VIDARBHA-CA-GROUND-NAGPUR,-1.0,,L,R,R,India,New-Zealand,Seam,1
2014,1,1,India,Surya Kumar Yadav,Kyle Jamieson,,5,3,0,0,0,0,0,0,1,0,0,0,0,0,0,0,0,,,0,4.3,1,1,0,782367,-72.0,-17.0,0,0,,39,ANGLED IN,97,BACKFOOT PUSH,0,0,4,4,46,2,Outside Off stump,Short of Good Length,0,0,0,0,0,0,0,0,67.29930599225965,-6.299659406043322,8.340814498170424,-0.608743433671557,2.34461790451464,,,,,,,10.88643739849438,0.2321257673260523,0.6387824758274476,82.60479464151192,Defended,Played,None,0.64947509765625,0.62255859375,6.01399,-0.313244,,,,,,,-8.594802,-0.284279,0.732165,-8.841004,-0.283865,0.759846,-15.12221344095491,-10.06025456812355,-0.2836477388776207,0.8805529895137183,0.5245023742197407,-1.030101713419755,-1.0,-1.0,VIDARBHA-CA-GROUND-NAGPUR,-1.0,,R,L,R,India,New-Zealand,Seam,1
2014,1,1,India,Surya Kumar Yadav,Kyle Jamieson,,5,4,1,1,1,1,0,0,0,0,0,0,0,0,0,0,0,,,0,4.4,1,1,0,782368,-143.5,-53.5,1,0,,47,SLOWER BALL,59,FRONTFOOT SQUARE DRIVE,0,0,5,4,47,2,Outside Off stump,Full Length,0,0,0,0,0,0,0,0,66.29670766923736,-4.020330774720797,8.341049243339377,-0.6798493295881399,2.338731223423737,,,,,,,10.61825167621844,0.2089962669285365,0.6472201178499688,86.18339098464166,Attacked,Played,None,0.646659851074219,0.6064224243164062,4.158495,-0.417872,,,,,,,-8.283608,-0.404039,0.429975,-8.840877,-0.402025,0.509059,-14.76044356670094,-10.06017498620498,-0.3992877005093095,0.6627013441791262,0.7515230845560228,-1.015946420291918,-1.0,-1.0,VIDARBHA-CA-GROUND-NAGPUR,-1.0,,R,L,R,India,New-Zealand,Seam,1
2014,1,1,India,Abhishek Sharma,Kyle Jamieson,,5,5,6,6,6,0,0,0,0,0,0,0,0,0,0,1,0,,,0,4.5,1,1,0,782370,-198.0,81.0,6,0,,38,STRAIGHT BALL,58,BACKFOOT PULL SHOT,0,0,6,4,53,2,Outside Leg stump,Short of Good Length,0,1,1,0,1,0,0,0,81.544449232558,-10.54770515962152,8.34075582364445,-0.6833827528483335,2.264863087587163,,,,,,,9.228655850421664,0.2071872800873329,0.58510477775467,77.0469886544672,Attacked,Played,None,0.546318054199219,0.5099258422851562,8.201788,-0.138792,,,,,,,-8.20851,0.215625,0.844681,-8.840916,0.251925,0.900758,-14.28088034364979,-10.06006288961673,0.3224419543914365,0.9951247319296167,0.3326589900047699,-0.1127546475662815,-1.0,-1.0,VIDARBHA-CA-GROUND-NAGPUR,-1.0,,L,R,R,India,New-Zealand,Seam,1
2014,1,1,India,Abhishek Sharma,Kyle Jamieson,,5,6,1,1,1,1,0,0,0,0,0,0,0,0,0,0,0,,,0,4.6,1,1,0,782373,66.5,93.5,1,0,,38,STRAIGHT BALL,84,FRONTFOOT OFF DRIVE,0,0,7,4,54,2,Leg stump,Full Toss,0,0,1,0,0,0,0,0,80.08266255956043,-3.802246051732074,8.340635440711331,-0.656127992729337,2.330325152582256,,,,,,,7.761847879389752,0.1521933660324097,0.6500000000000001,92.28066339675905,Attacked,Played,None,0.525444030761719,0.4987678527832031,0.5008879999999998,-0.059831,,,,,,,-8.437798,-0.096443,0.243747,-8.840739,-0.083272,0.166742,-11.26665026537709,-10.06021545135692,-0.0434978644713992,0.09284601632196539,-0.07232478180313505,-1.272221872585407e-14,-1.0,-1.0,VIDARBHA-CA-GROUND-NAGPUR,-1.0,,L,R,R,India,New-Zealand,Seam,1
2014,1,1,India,Abhishek Sharma,Kristian Clarke,,6,1,0,0,0,0,0,0,1,0,0,0,0,0,0,0,0,,,0,5.1,1,1,0,782375,66.5,93.5,0,0,,47,SLOWER BALL,58,BACKFOOT PULL SHOT,0,0,1,5,54,2,Outside Leg stump,Short Length,1,0,1,0,0,0,0,0,71.20634981858619,-15.11279861097302,8.340670729587753,-0.711074454204706,1.838856091000228,,,,,,,10.87941747120561,0.2618940020091192,0.4843902374841683,56.46913542171333,Attacked,Missed,None,0.678909301757812,0.7152900695800781,12.480786,-0.378728,,,,,,,-999.9,-999.9,-999.9,-8.840974,0.430631,0.992261,-18.96780867641695,-10.0597603692841,0.5319857197090078,0.9362643545094276,-0.09299246980936576,0.4171765956740798,-1.0,-1.0,VIDARBHA-CA-GROUND-NAGPUR,-1.0,,L,R,R,India,New-Zealand,Seam,1
2014,1,1,India,Abhishek Sharma,Kristian Clarke,,6,2,6,6,6,0,0,0,0,0,0,0,0,0,0,1,0,,,0,5.2,1,1,0,782378,197.0,27.5,6,0,,38,STRAIGHT BALL,114,STEP DOWN LOFTED COVER DRIVE,0,0,2,5,60,2,Outside Leg stump,Short of Good Length,0,0,1,0,0,0,0,0,82.07086443199061,-8.6040474128122,8.340889697807896,-0.6393660904255886,1.937011373896455,,,,,,,8.45890329606938,0.1680738820780978,0.6310966374555552,87.85710741052351,Attacked,Played,None,0.523429870605469,0.4725723266601563,8.093967,-0.189022,,,,,,,-7.812363,0.03175,0.737456,-8.840615,0.071639,0.826909,-12.48643675234287,-10.060223885466,0.1193791815089628,0.9184524168065851,0.298064947802516,-0.5411085957493249,-1.0,-1.0,VIDARBHA-CA-GROUND-NAGPUR,-1.0,,L,R,R,India,New-Zealand,Seam,1
2014,1,1,India,Abhishek Sharma,Kristian Clarke,,6,3,1,1,1,1,0,0,0,0,0,0,0,0,0,0,0,,,0,5.3,1,1,0,782380,65.5,-54.0,1,0,,47,SLOWER BALL,44,GLIDE,0,0,3,5,61,2,Outside Leg stump,Short Length,0,0,1,0,0,0,0,0,73.49675491742285,-15.29317565863605,8.340653826305232,-0.7214783415331805,1.856953840388938,,,,,,,12.76010698879741,0.188102972418115,0.5830151448688458,78.64197448851537,Attacked,Played,None,0.638442993164062,0.5760040283203125,12.486022,-0.67389,,,,,,,-7.674269,-0.385349,1.488372,-8.840689,-0.343716,1.540887,-19.19250729612525,-10.0602741798173,-0.2981559719365192,1.567070630511483,-0.1654327314523091,0.9249928627863331,-1.0,-1.0,VIDARBHA-CA-GROUND-NAGPUR,-1.0,,L,R,R,India,New-Zealand,Seam,1
2014,1,1,India,Surya Kumar Yadav,Kristian Clarke,,6,4,6,6,6,0,0,0,0,0,0,0,0,0,0,1,0,,,0,5.4,1,1,0,782382,142.0,-111.5,6,0,,38,STRAIGHT BALL,40,FRONTFOOT FLICK,0,0,4,5,67,2,Outside Off stump,Short of Good Length,0,0,1,0,0,0,0,0,83.95849998693231,-10.38475301287322,8.340751379992163,-0.6975336789467425,1.924138984979371,,,,,,,7.878291842371537,0.1754263452802721,0.53448073417328,72.6294755979648,Attacked,Played,None,0.528877258300781,0.4847602844238281,9.459255,-0.405273,,,,,,,-7.947269,-0.138333,0.786195,-8.840958,-0.104782,0.839971,-13.60495124473859,-10.0599611625539,-0.05862267456892956,0.8989366371015737,-0.006823877366842154,0.1541572028810343,-1.0,-1.0,VIDARBHA-CA-GROUND-NAGPUR,-1.0,,R,L,R,India,New-Zealand,Seam,1
2014,1,1,India,Surya Kumar Yadav,Kristian Clarke,,6,5,1,1,1,1,0,0,0,0,0,0,0,0,0,0,0,,,0,5.5,1,1,0,782384,142.5,-40.5,1,0,,47,SLOWER BALL,97,BACKFOOT PUSH,0,0,5,5,68,2,Outside Off stump,Short of Good Length,0,0,1,0,0,0,0,0,68.5183706652563,-7.629152585562056,8.340515899159769,-0.6446277374523162,1.938457235766955,,,,,,,7.220746042937082,0.2354318095340651,0.4685094345337299,56.73323422665297,Attacked,Played,None,0.64398193359375,0.6122589111328125,8.307436,-0.413909,,,,,,,-8.44645,-0.224378,0.528328,-8.840901,-0.212885,0.533918,-13.88760951081955,-10.05983579646915,-0.1771321706468363,0.5335336182384711,-0.8919809777530158,0.7329214375745207,-1.0,-1.0,VIDARBHA-CA-GROUND-NAGPUR,-1.0,,R,L,R,India,New-Zealand,Seam,1
2014,1,1,India,Abhishek Sharma,Kristian Clarke,,6,6,0,0,0,0,0,0,1,0,0,0,0,0,0,0,0,,,0,5.6,1,1,0,782386,142.5,-40.5,0,0,,47,SLOWER BALL,58,BACKFOOT PULL SHOT,0,0,6,5,68,2,Outside Leg stump,Short of Good Length,0,0,1,0,0,0,0,0,67.49297169306314,-9.694888053593553,8.340918712085976,-0.7318477846733604,1.911118572858522,,,,,,,10.09774266925644,0.1610442077432939,0.6008036524859461,84.01612709856254,Attacked,Missed,None,0.658000946044922,0.6920700073242188,9.891839,-0.649505,,,,,,,-999.9,-999.9,-999.9,-8.841019,-0.4718,0.929202,-15.3936531645685,-10.05988809581214,-0.4458124272471979,0.9446422827841484,-0.3603142048193624,0.7658543798795822,-1.0,-1.0,VIDARBHA-CA-GROUND-NAGPUR,-1.0,,L,R,R,India,New-Zealand,Seam,1
2014,1,1,India,Surya Kumar Yadav,Ish Sodhi,,7,1,1,1,1,1,0,0,0,0,0,0,0,0,0,0,0,,,0,6.1,1,1,0,782391,72.0,168.0,1,0,,24,LEG SPIN,47,FRONTFOOT ON DRIVE,0,0,1,6,69,2,Leg stump,Full Length,1,0,1,0,0,0,0,0,53.76853385297175,-0.3941562467938736,8.34076641763589,-0.5491850444647018,2.141843038295463,,,,,,,10.68369011049272,0.136906599400869,0.6025187021771551,86.68714538648638,Attacked,Played,None,0.804611206054688,0.7005958557128906,3.604392,0.076488,,,,,,,-7.490945,0.110931,0.215416,-8.840981,0.156257,0.412346,-16.3448381517644,-10.06005219508729,0.1975957217459403,0.5496466767589683,1.32169574626992,-1.217272918476894,-1.0,-1.0,VIDARBHA-CA-GROUND-NAGPUR,-1.0,,R,L,R,India,New-Zealand,Spin,1
2014,1,1,India,Abhishek Sharma,Ish Sodhi,,7,2,1,1,1,1,0,0,0,0,0,0,0,0,0,0,0,,,0,6.2,1,1,0,782394,68.5,181.0,1,0,,28,GOOGLY,6,BACKFOOT OFF DRIVE,0,0,2,6,70,2,Leg stump,Good Length,0,0,1,0,0,0,0,0,52.62021270474905,-1.511162678470136,8.340713808631683,-0.6958564954920365,2.047354835489444,,,,,,,12.76890844632718,0.4276473408636669,0.5855377400174518,55.06592691625109,Attacked,Played,None,0.846977233886719,0.8241462707519531,5.802643,-0.052978,,,,,,,-8.67762,0.335137,0.682159,-8.840723,0.349765,0.692087,-17.02579897654727,-10.05983507216739,0.4598174306189041,0.7328555527995472,0.9132402110815193,1.520880968463507,-1.0,-1.0,VIDARBHA-CA-GROUND-NAGPUR,-1.0,,L,R,R,India,New-Zealand,Spin,1
2014,1,1,India,Surya Kumar Yadav,Ish Sodhi,,7,3,0,0,0,0,0,0,1,0,0,0,0,0,0,0,0,,,0,6.3,1,1,0,782395,-63.0,44.5,0,0,,24,LEG SPIN,51,FRONTFOOT COVERDRIVE,0,0,3,6,70,2,Leg stump,Full Length,0,0,1,0,0,0,0,0,54.67851070864547,0.5576778420904371,8.340588725578424,-0.519591987917431,2.130886865816944,,,,,,,14.15384605632158,0.06360564582326168,0.8334494198749194,128.6568483989117,Attacked,Played,None,0.778255462646484,0.7047843933105469,2.542498,0.035776,,,,,,,-7.889135,0.036116,0.116049,-8.840708,0.036991,0.338049,-16.30703464003291,-10.06011982083592,0.03812088296172109,0.5923918814628741,1.03969027729647,-2.500753521809623,-1.0,-1.0,VIDARBHA-CA-GROUND-NAGPUR,-1.0,,R,L,R,India,New-Zealand,Spin,1
2014,1,1,India,Surya Kumar Yadav,Ish Sodhi,,7,4,1,1,1,1,0,0,0,0,0,0,0,0,0,0,0,,,0,6.4,1,1,0,782396,57.5,-44.5,1,0,,28,GOOGLY,97,BACKFOOT PUSH,0,0,4,6,71,2,Leg stump,Good Length,0,0,1,0,0,0,0,0,54.55074052738718,-2.525612882704985,8.340795435695558,-0.6740583181728538,2.057829742642035,,,,,,,9.457122997310062,0.3015174790351729,0.4855854695783355,52.68607253323304,Attacked,Edged,None,0.817771911621094,0.7619705200195312,6.118013,-0.135316,,,,,,,-8.403429,0.17388,0.494139,-8.840635,0.204813,0.508177,-16.54979829226584,-10.06002893234457,0.2917054527720734,0.5161556189719908,0.9334423594580317,0.893963567021405,-1.0,-1.0,VIDARBHA-CA-GROUND-NAGPUR,-1.0,,R,L,R,India,New-Zealand,Spin,1
2014,1,1,India,Abhishek Sharma,Ish Sodhi,,7,5,4,4,4,0,0,0,0,0,0,0,0,0,1,0,0,,,0,6.5,1,1,0,782397,154.5,-64.0,4,0,,28,GOOGLY,36,CUT SHOT,0,0,5,6,75,2,Outside Off stump,Good Length,0,0,1,0,0,0,0,0,54.30163514858969,-1.619519840119511,8.340921931193026,-0.7081570412283607,2.024911421362599,,,,,,,12.30385767632131,0.2877944485725794,0.6322974169561018,76.06516768615732,Attacked,Played,None,0.817085266113281,0.8046798706054688,5.62121,0.328051,,,,,,,-9.1278,0.830544,0.733912,-8.840754,0.799202,0.709558,-16.52267759395527,-10.06004839989019,0.9328708348919568,0.7951769535972621,1.009943274068628,0.8372611666161257,-1.0,-1.0,VIDARBHA-CA-GROUND-NAGPUR,-1.0,,L,R,R,India,New-Zealand,Spin,1
2014,1,1,India,Abhishek Sharma,Ish Sodhi,,7,6,1,1,1,1,0,0,0,0,0,0,0,0,0,0,0,,,0,6.6,1,1,0,782398,12.0,183.0,1,0,,24,LEG SPIN,53,FRONTFOOT STRAIGHT DRIVE,0,0,6,6,76,2,Leg stump,Full Length,0,0,1,0,0,0,0,0,54.05903761151306,2.255432527870278,8.340615223886324,-0.9029964473674598,2.099090141668716,,,,,,,12.12538950827051,0.09529987658071556,0.6499999999999998,97.97001234192841,Attacked,Played,None,0.784229278564453,0.7325363159179688,2.15671,-0.194314,,,,,,,-8.290496,-0.168743,0.116433,-8.840953,-0.132366,0.225908,-17.43250657036142,-10.05989950339622,-0.05170894268865021,0.441848500015149,1.099303043459551,0.7003350501823935,-1.0,-1.0,VIDARBHA-CA-GROUND-NAGPUR,-1.0,,L,R,R,India,New-Zealand,Spin,1
2014,1,1,India,Abhishek Sharma,Glenn Phillips,,8,1,4,4,4,0,0,0,0,0,0,0,0,0,1,0,0,,,0,7.1,1,1,0,782400,194.5,81.5,4,0,,25,OFF SPIN,114,STEP DOWN LOFTED COVER DRIVE,0,0,1,7,80,2,Outside Off stump,Good Length,1,0,1,0,0,0,0,0,56.92674353145037,-5.018068664693615,8.340785929827906,0.4185570507146755,2.015051035133394,,,,,,,12.04366314429836,0.3036874708297879,0.662333468094365,78.98127313117597,Attacked,Played,None,0.789436340332031,0.6955375671386719,7.271881,0.091605,,,,,,,-7.482757,0.085022,0.746287,-8.84089,0.083067,0.844524,-15.50097223145759,-10.06016158116065,0.0812927168442503,0.887809024899488,-1.676867625263422,2.475553715359504,-1.0,-1.0,VIDARBHA-CA-GROUND-NAGPUR,-1.0,,L,R,R,India,New-Zealand,Spin,1
2014,1,1,India,Abhishek Sharma,Glenn Phillips,,8,2,4,4,4,0,0,0,0,0,0,0,0,0,1,0,0,,,0,7.2,1,1,0,782403,162.0,-68.5,4,0,,25,OFF SPIN,36,CUT SHOT,0,0,2,7,84,2,Outside Off stump,Good Length,0,0,1,0,0,0,0,0,58.39592460196011,-4.357654899355104,8.341068905124828,0.4152165594660732,2.011363966070359,,,,,,,10.61258164274297,0.2573092973303283,0.646111948897476,81.18586260158858,Attacked,Played,None,0.749336242675781,0.7173385620117188,6.245837,0.305277,,,,,,,-8.6017,0.34606,0.660928,-8.840995,0.348141,0.678288,-14.48466365382189,-10.05987823152882,0.3588055366124958,0.7443631192150058,-1.468736754409727,1.763576642130655,-1.0,-1.0,VIDARBHA-CA-GROUND-NAGPUR,-1.0,,L,R,R,India,New-Zealand,Spin,1
2014,1,1,India,Abhishek Sharma,Glenn Phillips,,8,3,4,4,4,0,0,0,0,0,0,0,0,0,1,0,0,,,0,7.3,1,1,0,782405,188.5,73.5,4,0,,25,OFF SPIN,114,STEP DOWN LOFTED COVER DRIVE,0,0,3,7,88,2,Outside Off stump,Good Length,0,0,1,0,0,0,0,0,58.5856508293853,-5.163798456791083,8.340705423637345,0.8119239878233683,1.988283013395762,,,,,,,10.52294436179297,0.2623744745006063,0.6011529815966983,73.93549978944412,Attacked,Played,None,0.755195617675781,0.6714019775390625,7.416681,0.426975,,,,,,,-7.505966,0.377388,0.662202,-8.840657,0.363424,0.737056,-15.31121034673793,-10.0600431703513,0.3505265081087525,0.7657001948098818,-1.286552166469227,2.102453409450133,-1.0,-1.0,VIDARBHA-CA-GROUND-NAGPUR,-1.0,,L,R,R,India,New-Zealand,Spin,1
2014,1,1,India,Abhishek Sharma,Glenn Phillips,,8,4,1,1,1,1,0,0,0,0,0,0,0,0,0,0,0,,,0,7.4,1,1,0,782408,-81.0,172.5,1,0,,25,OFF SPIN,58,BACKFOOT PULL SHOT,0,0,4,7,89,2,Outside Off stump,Good Length,0,0,1,0,0,0,0,0,52.46861630500361,-2.233950231522219,8.340629130223341,0.3153647324358591,2.031912343748601,,,,,,,13.76163978063579,0.3397068331776611,0.6481376349752821,73.2499619285262,Attacked,Played,None,0.854896545410156,0.8130455017089844,6.565966,0.106913,,,,,,,-8.446957,0.317273,0.832698,-8.840812,0.334404,0.860333,-17.31344299406651,-10.06007846109797,0.3878256790355474,0.9096637640154035,-0.1542697582217731,3.468472415799691,-1.0,-1.0,VIDARBHA-CA-GROUND-NAGPUR,-1.0,,L,R,R,India,New-Zealand,Spin,1
2014,1,1,India,Surya Kumar Yadav,Glenn Phillips,,8,5,1,1,1,1,0,0,0,0,0,0,0,0,0,0,0,,,0,7.5,1,1,0,782410,-52.5,-57.0,1,0,,25,OFF SPIN,44,GLIDE,0,0,5,7,90,2,Outside Off stump,Good Length,0,0,1,0,0,0,0,0,56.51961495228497,-2.440766135168584,8.341070673641482,0.3302007808565621,2.048416387079916,,,,,,,10.7457952777823,0.3128251067160727,0.5801737024836531,65.74354470094067,Defended,Played,None,0.777156829833984,0.7258071899414062,5.501877,-0.269717,,,,,,,-8.264568,-0.344854,0.547863,-8.840954,-0.356752,0.595549,-15.75937785810048,-10.06010098556611,-0.3821129354837952,0.6651455285064141,-2.492987361179345,2.821520789111426,-1.0,-1.0,VIDARBHA-CA-GROUND-NAGPUR,-1.0,,R,L,R,India,New-Zealand,Spin,1
2014,1,1,India,Abhishek Sharma,Glenn Phillips,,8,6,5 (WD),5,0,0,0,0,0,5,1,0,0,0,1,0,0,,,0,7.6,1,1,1,782411,-52.5,-57.0,5,0,,25,OFF SPIN,54,LEG GLANCE,0,0,6,7,95,2,Outside Leg stump,Good Length,0,0,1,0,0,0,0,0,56.44479412893507,-1.45226930441012,8.34084795068145,0.3405693868554482,2.064092822161395,,,,,,,12.91846916423149,0.2958515288632482,0.7033492980286729,85.9172418179761,None,None,None,0.773826599121094,0.8136978149414062,4.519132,-0.251747,,,,,,,-999.9,-999.9,-999.9,-8.841011,-0.348358,0.64168,-15.67432228607133,-10.06018301989184,-0.3847391113229008,0.7925400343273428,-2.617627822047841,2.161243827592767,-1.0,-1.0,VIDARBHA-CA-GROUND-NAGPUR,-1.0,,L,R,R,India,New-Zealand,Spin,1
2014,1,1,India,Abhishek Sharma,Glenn Phillips,,8,6,1,1,1,1,0,0,0,0,0,0,0,0,0,0,0,,,0,7.6,1,1,0,782412,157.5,47.0,1,0,,25,OFF SPIN,51,FRONTFOOT COVERDRIVE,0,0,7,7,96,2,Outside Off stump,Good Length,0,0,1,0,0,0,0,0,53.86056753334143,-1.997888227781985,8.340575847717943,0.3270468201515783,2.034528447369995,,,,,,,11.79696350969509,0.3544351996720648,0.5787591400762054,61.37035104422434,Attacked,Played,None,0.828163146972656,0.7821121215820312,5.960305,0.109589,,,,,,,-8.448796,0.232617,0.638963,-8.840958,0.243944,0.664342,-16.71197262886723,-10.0601285535697,0.2794142914311579,0.7097384127393325,-0.8863085011673167,3.054005357656018,-1.0,-1.0,VIDARBHA-CA-GROUND-NAGPUR,-1.0,,L,R,R,India,New-Zealand,Spin,1
2014,1,1,India,Abhishek Sharma,Mitchell Santner,,9,1,1,1,1,1,0,0,0,0,0,0,0,0,0,0,0,,,0,8.1,1,1,0,782415,-147.0,70.5,1,0,,10,ORTHODOX,97,BACKFOOT PUSH,0,0,1,8,97,2,Outside Off stump,Good Length,1,0,1,0,0,0,0,0,58.85067539739337,-4.65290849267518,8.341079730853146,0.2614349688699518,2.231853962914698,,,,,,,10.31598874488137,0.2198479005367238,0.6214082856778995,81.22645279801256,Attacked,Played,None,0.744918823242188,0.6937294006347656,5.366552,-0.001136,,,,,,,-8.355073,-0.09862,0.547806,-8.840859,-0.11177,0.593726,-14.85056468556702,-10.05983275452787,-0.1449994698400265,0.6842421148923346,0.9600262598311596,-0.852761275176158,-1.0,-1.0,VIDARBHA-CA-GROUND-NAGPUR,-1.0,,L,R,L,India,New-Zealand,Spin,1
2014,1,1,India,Surya Kumar Yadav,Mitchell Santner,,9,2,0,0,0,0,0,0,1,0,0,0,0,0,0,0,0,,,0,8.2,1,1,0,782417,-76.0,42.0,0,0,,10,ORTHODOX,51,FRONTFOOT COVERDRIVE,0,0,2,8,97,2,Outside Off stump,Good Length,0,0,1,0,0,0,0,0,56.603339,-1.238411085686126,8.340604132185959,-1.070254594745625,2.286544810457603,,,,,,,13.20340223191109,0.2928266776691466,0.724548592929786,89.39962117255325,Attacked,Played,None,0.52587890625,0.6808547973632812,2.527338,-0.0491,,,,,,,-7.837384,-0.025921,0.089497,-8.84094,0.050832,0.3034,-15.56389712541825,-10.06006067141039,0.144946887380775,0.5263221929994291,1.845851346305435,-0.3075303991590886,-1.0,-1.0,VIDARBHA-CA-GROUND-NAGPUR,-1.0,,R,L,L,India,New-Zealand,Spin,1
2014,1,1,India,Surya Kumar Yadav,Mitchell Santner,,9,3,1,1,1,1,0,0,0,0,0,0,0,0,0,0,0,,,0,8.3,1,1,0,782419,-154.5,63.5,1,0,,10,ORTHODOX,51,FRONTFOOT COVERDRIVE,0,0,3,8,98,2,Outside Off stump,Full Length,0,0,1,0,0,0,0,0,55.64937515508173,-1.128971863118423,8.34064038493262,-1.10331069309295,2.276534396608224,,,,,,,8.00137931931822,0.131796460031028,0.4718169189119505,67.59289183368979,Attacked,Played,None,0.768470764160156,0.6957664489746094,2.743375,-0.114145,,,,,,,-7.924079,-0.082291,0.108682,-8.840924,-0.033934,0.214809,-15.75736724750217,-10.06007489700356,0.0308939878134897,0.3248677770382679,1.757131780641904,-1.543752864881957,-1.0,-1.0,VIDARBHA-CA-GROUND-NAGPUR,-1.0,,R,L,L,India,New-Zealand,Spin,1
2014,1,1,India,Abhishek Sharma,Mitchell Santner,,9,4,6,6,6,0,0,0,0,0,0,0,0,0,0,1,0,,,0,8.4,1,1,0,782421,-166.5,-63.5,6,0,,10,ORTHODOX,18,SLOG SHOT,0,0,4,8,104,2,Off stump,Good Length,0,1,2,0,0,1,0,0,58.53392461612751,-5.337872590739812,8.340705709916666,0.3756487823421193,2.233044448960322,,,,,,,9.948269493914509,0.2438903621006478,0.5917598263371776,74.37493774051185,Attacked,Played,None,0.757072448730469,0.6722259521484375,5.876326,-0.060281,,,,,,,-7.72854,-0.193292,0.510951,-8.840711,-0.23582,0.600605,-14.88727763395119,-10.05992369069303,-0.2828930779273618,0.6638388512887249,-0.3646353839485306,0.06433690738408762,-1.0,-1.0,VIDARBHA-CA-GROUND-NAGPUR,-1.0,,L,R,L,India,New-Zealand,Spin,1
2014,1,1,India,Abhishek Sharma,Mitchell Santner,,9,5,1,1,1,1,0,0,0,0,0,0,0,0,0,0,0,,,0,8.5,1,1,0,782422,131.0,-30.0,1,0,,10,ORTHODOX,36,CUT SHOT,0,0,5,8,105,2,Outside Off stump,Good Length,0,0,2,0,0,0,0,0,57.84256332435857,-4.826554112464097,8.340528748637006,0.3242627036478441,2.240960070090814,,,,,,,10.70106577533739,0.1929381630470463,0.6398789612650941,86.68802788505948,Attacked,Played,None,0.767601013183594,0.74029541015625,5.609169,0.591498,,,,,,,-9.165126,0.617243,0.672058,-8.840984,0.615441,0.644063,-15.11595936140404,-10.05981071136501,0.6222395188806246,0.7362306517028999,-0.4897132863251691,-0.6325109079558585,-1.0,-1.0,VIDARBHA-CA-GROUND-NAGPUR,-1.0,,L,R,L,India,New-Zealand,Spin,1
2014,1,1,India,Surya Kumar Yadav,Mitchell Santner,,9,6,1,1,1,1,0,0,0,0,0,0,0,0,0,0,0,,,0,8.6,1,1,0,782424,90.5,-37.0,1,0,,10,ORTHODOX,114,STEP DOWN LOFTED COVER DRIVE,0,0,6,8,106,2,Leg stump,Full Length,0,0,2,0,0,0,0,0,55.18767603495653,-1.829370096631374,8.3407347573004,-1.115906749055797,2.266732608806024,,,,,,,7.457635970987197,0.2445344082930034,0.4104944630228213,47.12072862412285,Attacked,Edged,None,0.783828735351562,0.681060791015625,3.806235,-0.07947,,,,,,,-7.372212,0.016094,0.162642,-8.841019,0.142899,0.283679,-16.04260039624485,-10.06015501546365,0.2492987219257304,0.3396345890082983,2.220667161636035,-0.3639596596053843,-1.0,-1.0,VIDARBHA-CA-GROUND-NAGPUR,-1.0,,R,L,L,India,New-Zealand,Spin,1
2014,1,1,India,Surya Kumar Yadav,Ish Sodhi,,10,1,1,1,1,1,0,0,0,0,0,0,0,0,0,0,0,,,0,9.1,1,1,0,782427,87.0,165.0,1,0,,24,LEG SPIN,74,STEP DOWN ON DRIVE,0,0,1,9,107,2,Outside Leg stump,Good Length,1,0,2,0,0,0,0,0,55.19780928703464,-3.818902708075888,8.340667969232207,-0.4537324169216814,2.054482291293513,,,,,,,12.03839782810099,0.2748536239472354,0.66020159041027,81.54487616681696,Attacked,Played,None,0.775783538818359,0.6657028198242188,6.445822,0.19526,,,,,,,-6.679209,0.229994,0.554838,-8.840856,0.255032,0.772951,-15.74980233757017,-10.06007679916828,0.2693594352320043,0.8360078562469854,0.7065717958120125,-2.832964456217216,-1.0,-1.0,VIDARBHA-CA-GROUND-NAGPUR,-1.0,,R,L,R,India,New-Zealand,Spin,1
2014,1,1,India,Abhishek Sharma,Ish Sodhi,,10,2,0,0,0,0,0,0,1,0,0,0,0,0,0,0,0,,,0,9.2,1,1,0,782429,-33.5,56.0,0,0,,24,LEG SPIN,97,BACKFOOT PUSH,0,0,2,9,107,2,Middle stump,Good Length,0,0,2,0,0,0,0,0,56.95050904680883,-3.031395042587528,8.340616303756931,-0.4923213756028814,2.027291833110125,,,,,,,9.640243533705233,0.2225968155926162,0.6147628008922453,79.95473857457519,Attacked,Edged,None,0.767578125,0.7210807800292969,4.794569,0.022269,,,,,,,-8.539421,0.107298,0.452112,-8.840601,0.115233,0.47869,-14.11528670649265,-10.06016305919419,0.1475595925475083,0.5630232955492975,0.2467254654859546,-0.8251193177503379,-1.0,-1.0,VIDARBHA-CA-GROUND-NAGPUR,-1.0,,L,R,R,India,New-Zealand,Spin,1
2014,1,1,India,Abhishek Sharma,Ish Sodhi,,10,3,1,1,1,1,0,0,0,0,0,0,0,0,0,0,0,,,0,9.3,1,1,0,782431,-89.5,148.0,1,0,,28,GOOGLY,101,BACKFOOT ON DRIVE,0,0,3,9,108,2,Leg stump,Good Length,0,0,2,0,0,0,0,0,52.97850517022056,-1.92562373298103,8.340836562221476,-0.6984478474525461,2.041826019500781,,,,,,,12.22087700272691,0.4194479789293662,0.566318240586584,53.00293819505099,Attacked,Played,None,0.839469909667969,0.80255126953125,6.070833,-0.141963,,,,,,,-8.392601,0.16439,0.642426,-8.840841,0.196277,0.665615,-16.98516474901134,-10.06008225929497,0.2836899819387324,0.689565658961407,0.4004702013539661,1.109436455646382,-1.0,-1.0,VIDARBHA-CA-GROUND-NAGPUR,-1.0,,L,R,R,India,New-Zealand,Spin,1
2014,1,1,India,Surya Kumar Yadav,Ish Sodhi,,10,4,4,4,4,0,0,0,0,0,0,0,0,0,1,0,0,,,0,9.4,1,1,0,782432,142.0,-107.0,4,0,,24,LEG SPIN,95,SLOG SWEEP,0,0,4,9,112,2,Middle stump,Full Length,0,0,2,0,0,0,0,0,54.59502175788349,-4.589289002242422,8.3407349811636,-0.9557846357960497,2.012864798419917,,,,,,,10.92026246862277,0.3052530020630302,0.5498615844588711,61.95393746252766,Attacked,Played,None,0.813125610351562,0.703033447265625,7.772694,-0.233967,,,,,,,-6.96316,0.146952,0.627108,-8.840766,0.304274,0.682732,-16.74541590931376,-10.0601177620091,0.4078424996289925,0.6587319534239873,0.4217660549008822,0.4639421615486533,-1.0,-1.0,VIDARBHA-CA-GROUND-NAGPUR,-1.0,,R,L,R,India,New-Zealand,Spin,1
2014,1,1,India,Surya Kumar Yadav,Ish Sodhi,,10,5,4,4,4,0,0,0,0,0,0,0,0,0,1,0,0,,,0,9.5,1,1,0,782434,177.5,116.5,4,0,,24,LEG SPIN,11,LOFTED ON DRIVE,0,0,5,9,116,2,Off stump,Good Length,0,0,2,0,0,0,0,0,57.62595479133212,-8.440615692578412,8.340754471368996,-0.4776845030872689,2.004990922522357,,,,,,,9.851395863306495,0.1821182111440039,0.5574296151174781,75.40262115322135,Attacked,Played,None,0.770210266113281,0.6667327880859375,9.205621,-0.175622,,,,,,,-7.106691,0.043262,0.684925,-8.840964,0.10596,0.705233,-15.97240052578408,-10.05981874885507,0.1505661961878039,0.674147518960772,-0.1356482143989116,0.1452989818384758,-1.0,-1.0,VIDARBHA-CA-GROUND-NAGPUR,-1.0,,R,L,R,India,New-Zealand,Spin,1
2014,1,1,India,Surya Kumar Yadav,Ish Sodhi,,10,6,1,1,1,1,0,0,0,0,0,0,0,0,0,0,0,,,0,9.6,1,1,0,782436,-82.0,169.0,1,0,,24,LEG SPIN,84,FRONTFOOT OFF DRIVE,0,0,6,9,117,2,Middle stump,Full Length,0,0,2,0,0,0,0,0,55.1983503327985,-1.654631224993637,8.34070627031548,-0.4789510354487533,2.099361578533317,,,,,,,10.87309500693126,0.2148727479029703,0.6135720344766497,80.54853038120044,Attacked,Played,None,0.79229736328125,0.6843795776367188,4.514357,-0.080107,,,,,,,-7.384969,-0.097828,0.335413,-8.840783,-0.112041,0.519712,-15.7776404441346,-10.06010734337037,-0.1240745969692559,0.6304945073610664,0.5131794980366373,-2.461328185060621,-1.0,-1.0,VIDARBHA-CA-GROUND-NAGPUR,-1.0,,R,L,R,India,New-Zealand,Spin,1
2014,1,1,India,Surya Kumar Yadav,Mitchell Santner,,11,1,1,1,1,1,0,0,0,0,0,0,0,0,0,0,0,,,0,10.1,1,1,0,782442,-123.0,83.5,1,0,,10,ORTHODOX,15,LOFTED COVER DRIVE,0,0,1,10,118,2,Leg stump,Full Length,1,0,2,0,0,0,0,0,49.80992131299367,-1.498799558170028,8.340772058530824,-1.045166002608919,2.308217754164092,,,,,,,14.30972218520862,0.3229606536767268,0.6495668182521641,75.13895737015194,Attacked,Edged,None,0.883712768554688,0.7644195556640625,4.892553,-0.034799,,,,,,,-7.255184,-0.014416,0.48003,-8.840903,0.001316,0.714775,-18.06417626431361,-10.06018245835378,0.01356468120657672,0.8281239541571956,2.0539979575505,-4.796087820368362,-1.0,-1.0,VIDARBHA-CA-GROUND-NAGPUR,-1.0,,R,L,L,India,New-Zealand,Spin,1
2014,1,1,India,Abhishek Sharma,Mitchell Santner,,11,2,6,6,6,0,0,0,0,0,0,0,0,0,0,1,0,,,0,10.2,1,1,0,782444,-133.5,179.5,6,0,,10,ORTHODOX,11,LOFTED ON DRIVE,0,0,2,10,124,2,Outside Leg stump,Full Length,0,0,2,0,0,0,0,0,59.50283801165907,-3.810684699120924,8.340772217130759,-1.140577731929583,2.266018212785451,,,,,,,10.29528982894504,0.1940821401564542,0.6439865015533807,87.18976121736169,Attacked,Played,None,0.720050811767578,0.6463394165039062,4.254775,-0.253175,,,,,,,-7.63884,-0.170455,0.329142,-8.840571,-0.11559,0.485272,-14.52038512100855,-10.06003337506893,-0.05937502963923597,0.61095144266164,-0.3284991689148741,-0.8490353771266117,-1.0,-1.0,VIDARBHA-CA-GROUND-NAGPUR,-1.0,,L,R,L,India,New-Zealand,Spin,1
2014,1,1,India,Abhishek Sharma,Mitchell Santner,,11,3,1 (WD),1,0,0,0,0,0,1,1,0,0,0,0,0,0,,,0,10.3,1,1,1,782445,-133.5,179.5,1,0,,10,ORTHODOX,105,LEFT ALONE,0,0,3,10,125,2,Outside Off stump,Good Length,0,0,2,0,0,0,0,0,54.38790745138167,-3.114202816294814,8.34065406154006,-1.115346510228838,2.293000979959364,,,,,,,11.37457793829234,0.2601432149644257,0.6002777895608551,74.0273469376857,None,None,None,0.81610107421875,0.8479270935058594,5.005385,0.624743,,,,,,,-999.9,-999.9,-999.9,-8.840854,1.045473,0.590678,-16.4515782017288,-10.06003359301435,1.183789870892171,0.6834610979757618,0.7506362192693123,-1.545279220319264,-1.0,-1.0,VIDARBHA-CA-GROUND-NAGPUR,-1.0,,L,R,L,India,New-Zealand,Spin,1
2014,1,1,India,Abhishek Sharma,Mitchell Santner,,11,3,1,1,1,1,0,0,0,0,0,0,0,0,0,0,0,,,0,10.3,1,1,0,782447,75.5,159.0,1,0,,10,ORTHODOX,5,LOFTED OFF DRIVE,0,0,4,10,126,2,Off stump,Good Length,0,0,2,0,0,0,0,0,58.41942343516436,-5.15035332750028,8.340729099875865,-1.058714691890166,2.255073396229617,,,,,,,10.95962865424289,0.2416974383617163,0.6440115430439429,82.4319876204198,Attacked,Edged,None,0.760711669921875,0.678680419921875,5.696577,-0.040805,,,,,,,-7.80615,0.257422,0.558596,-8.84086,0.348706,0.663076,-15.03364547317735,-10.06002122858699,0.4572733727847099,0.751931226542615,-0.03353420157401663,0.3226309873119676,-1.0,-1.0,VIDARBHA-CA-GROUND-NAGPUR,-1.0,,L,R,L,India,New-Zealand,Spin,1
2014,1,1,India,Surya Kumar Yadav,Mitchell Santner,,11,4,0 WK,W,0,0,0,0,1,0,0,0,0,0,0,0,1,Caught,WICKET,1,10.4,1,1,0,782450,73.0,163.0,0,0,,10,ORTHODOX,11,LOFTED ON DRIVE,0,0,5,10,126,3,Leg stump,Full Length,1,0,2,0,0,0,0,0,50.14146062924893,-1.437500101907894,8.340858731257946,-1.031049745652646,2.311008782202069,,,,,,,11.51554985352913,0.2676271738693439,0.5517169884982849,65.99483088780835,None,None,None,0.877693176269531,0.7481689453125,4.669181,-0.000361,,,,,,,-7.192543,0.070157,0.345499,-8.840919,0.135606,0.535755,-17.81900709072676,-10.06010247362819,0.1846024500439268,0.6147096703241108,2.258648688684412,-3.248470216009821,-1.0,-1.0,VIDARBHA-CA-GROUND-NAGPUR,-1.0,,R,L,L,India,New-Zealand,Spin,1
2014,1,1,India,Hardik Pandya,Mitchell Santner,,11,5,4,4,4,0,0,0,0,0,0,0,0,0,1,0,0,,,0,10.5,1,1,0,782453,-4.0,225.0,4,0,,10,ORTHODOX,1,STEP DOWN STRAIGHT DRIVE,0,0,6,10,130,3,Middle stump,Full Length,2,0,2,0,0,0,0,0,54.57658012072258,-3.051297860981512,8.340521369765082,-1.078063922010857,2.268824164450725,,,,,,,12.34345611660505,0.2982689580761579,0.6535607413001412,78.20721538740538,Attacked,Played,None,0.808502197265625,0.6718940734863281,4.864688,-0.044252,,,,,,,-6.875306,0.029452,0.36146,-8.840863,0.117019,0.642555,-16.08709436713663,-10.060115297656,0.1720796115948873,0.758714725490312,1.871228780130214,-2.850182277607014,-1.0,-1.0,VIDARBHA-CA-GROUND-NAGPUR,-1.0,,R,L,L,India,New-Zealand,Spin,1
2014,1,1,India,Hardik Pandya,Mitchell Santner,,11,6,0,0,0,0,0,0,1,0,0,0,0,0,0,0,0,,,0,10.6,1,1,0,782455,-20.0,79.5,0,0,,10,ORTHODOX,1,STEP DOWN STRAIGHT DRIVE,0,0,7,10,130,3,Off stump,Full Length,0,0,2,0,0,0,0,0,56.90481899305878,-2.781300530691864,8.340749701057149,-1.075612461920357,2.261469756148495,,,,,,,10.56108081511241,0.2234627210230569,0.6114608295597995,79.37285233166423,Attacked,Played,None,0.764053344726562,0.6608848571777344,4.13798,-0.197727,,,,,,,-7.336053,-0.140432,0.274504,-8.840834,-0.078743,0.476565,-15.38644504036097,-10.0601065895809,-0.02820494168439777,0.5986084847766262,0.7790675279733955,-1.621319363183405,-1.0,-1.0,VIDARBHA-CA-GROUND-NAGPUR,-1.0,,R,L,L,India,New-Zealand,Spin,1
2014,1,1,India,Abhishek Sharma,Ish Sodhi,,12,1,4,4,4,0,0,0,0,0,0,0,0,0,1,0,0,,,0,11.1,1,1,0,782458,21.0,228.5,4,0,,24,LEG SPIN,69,STEP DOWN LOFTED STRAIGHT DRIVE,0,0,1,11,134,3,Outside Off stump,Good Length,1,0,2,0,0,0,0,0,57.28099000554918,-6.776603219770144,8.340662690941393,-0.4056807768257388,2.004311752299138,,,,,,,9.729171945796084,0.2499525145152315,0.5747046335533543,71.21044358148,Attacked,Played,None,0.773941040039062,0.6679229736328125,7.959512,0.081487,,,,,,,-7.141868,0.259496,0.587044,-8.840816,0.321169,0.638189,-14.96054197358385,-10.06013416351188,0.3659786292183171,0.6282065340530014,0.6336768367294564,-1.017703133784156,-1.0,-1.0,VIDARBHA-CA-GROUND-NAGPUR,-1.0,,L,R,R,India,New-Zealand,Spin,1
2014,1,1,India,Abhishek Sharma,Ish Sodhi,,12,2,6,6,6,0,0,0,0,0,0,0,0,0,0,1,0,,,0,11.2,1,1,0,782462,91.5,209.0,6,0,,24,LEG SPIN,122,STEP DOWN LOFTED OFF DRIVE,0,0,2,11,140,3,Outside Off stump,Full Length,0,0,2,0,0,0,0,0,57.89465699312465,-3.599720898335662,8.340696038038871,-0.4686336684781772,2.0094184781507,,,,,,,9.540846823226238,0.2153495351209893,0.6144693758175427,80.63545286053247,Attacked,Played,None,0.75823974609375,0.6571197509765625,5.309746,0.196258,,,,,,,-7.397165,0.351909,0.386794,-8.84081,0.438194,0.518782,-14.02263081359608,-10.05999757345223,0.5118522355146699,0.5911971417957549,0.3011399710801995,0.2673863477325656,-1.0,-1.0,VIDARBHA-CA-GROUND-NAGPUR,-1.0,,L,R,R,India,New-Zealand,Spin,1
2014,1,1,India,Abhishek Sharma,Ish Sodhi,,12,3,6,6,6,0,0,0,0,0,0,0,0,0,0,1,0,,,0,11.3,1,1,0,782464,-181.5,87.5,6,0,,24,LEG SPIN,11,LOFTED ON DRIVE,0,0,3,11,146,3,Outside Leg stump,Full Length,0,0,2,0,0,0,0,0,53.27458306280112,0.47115906480509,8.340665388709425,-0.7698923413721254,2.070055443944386,,,,,,,14.16824539127023,0.3879423890800087,0.6560600002874303,69.61476113511368,Attacked,Played,None,0.818733215332031,0.7175216674804688,3.947505,-0.282354,,,,,,,-7.462028,-0.229903,0.328248,-8.840909,-0.175648,0.579217,-17.14671702890313,-10.05986630876728,-0.127113994412627,0.7438852176344511,0.1833482264453923,0.1856448220825898,-1.0,-1.0,VIDARBHA-CA-GROUND-NAGPUR,-1.0,,L,R,R,India,New-Zealand,Spin,1
2014,1,1,India,Abhishek Sharma,Ish Sodhi,,12,4,1 (WD),1,0,0,0,0,0,1,1,0,0,0,0,0,0,,,0,11.4,1,1,1,782465,-181.5,87.5,1,0,,28,GOOGLY,105,LEFT ALONE,0,0,4,11,147,3,Outside Off stump,Good Length,0,0,2,0,0,0,0,0,53.86322886351802,-1.400275233971633,8.340811328046211,-0.5971284535049779,2.052063399005347,,,,,,,11.37050669742442,0.3096434124979154,0.5660761991624308,63.94708862457308,None,None,None,0.8236083984375,0.8668670654296875,5.483685,0.657176,,,,,,,-999.9,-999.9,-999.9,-8.840809,1.174441,0.606032,-16.84558460028611,-10.0601313077603,1.325867236318832,0.6674077630286258,0.5158198462485973,0.9806391781479287,-1.0,-1.0,VIDARBHA-CA-GROUND-NAGPUR,-1.0,,L,R,R,India,New-Zealand,Spin,1
2014,1,1,India,Abhishek Sharma,Ish Sodhi,,12,4,1,1,1,1,0,0,0,0,0,0,0,0,0,0,0,,,0,11.4,1,1,0,782467,-147.0,-47.5,1,0,,24,LEG SPIN,58,BACKFOOT PULL SHOT,0,0,5,11,148,3,Outside Leg stump,Short of Good Length,0,0,2,0,0,0,0,0,58.59544502892016,-7.118296583525152,8.340604634954548,-0.5812229302196911,1.983883102210611,,,,,,,9.532478230990986,0.2044639976849247,0.5915587515589676,78.28741296535269,Attacked,Played,None,0.751396179199219,0.6940383911132812,8.056587,-0.3394,,,,,,,-8.041135,-0.342409,0.640708,-8.84088,-0.342818,0.660762,-14.57061767675679,-10.05977284201387,-0.3434478914653037,0.661427935919696,-0.03921400901951442,-1.346082198052335,-1.0,-1.0,VIDARBHA-CA-GROUND-NAGPUR,-1.0,,L,R,R,India,New-Zealand,Spin,1
2014,1,1,India,Hardik Pandya,Ish Sodhi,,12,5,1,1,1,1,0,0,0,0,0,0,0,0,0,0,0,,,0,11.5,1,1,0,782469,-161.5,66.0,1,0,,24,LEG SPIN,51,FRONTFOOT COVERDRIVE,0,0,6,11,149,3,Outside Off stump,Full Length,0,0,2,0,0,0,0,0,57.81817000237098,-1.032299576477795,8.340775641042093,-0.4917736923618239,2.045434129359924,,,,,,,5.509497732624996,0.192238117282963,0.3729589393885661,46.72002917998862,Attacked,Played,None,0.732582092285156,0.6996231079101562,2.069542,-0.561498,,,,,,,-8.623538,-0.570043,0.083881,-8.84069,-0.572984,0.101218,-13.60873329797693,-10.06005210919732,-0.5895874702089231,0.1785658320465351,-0.4428263529879143,-0.2926149121124998,-1.0,-1.0,VIDARBHA-CA-GROUND-NAGPUR,-1.0,,R,L,R,India,New-Zealand,Spin,1
2014,1,1,India,Abhishek Sharma,Ish Sodhi,,12,6,0 WK,W,0,0,0,0,1,0,0,0,0,0,0,0,1,Caught,WICKET,1,11.6,1,1,0,782472,-75.5,164.0,0,0,,24,LEG SPIN,11,LOFTED ON DRIVE,0,0,7,11,149,4,Off stump,Good Length,1,0,2,0,0,0,0,0,57.51014566796098,-4.25020360888491,8.340529680136598,-0.4445775887744382,2.012347608431921,,,,,,,10.88931379099867,0.2600970927238558,0.6868007949335123,87.01040996764127,None,None,None,0.771148681640625,0.6718597412109375,5.783897,0.004208,,,,,,,-7.526884,0.082437,0.520671,-8.840973,0.114656,0.650508,-14.01200801841765,-10.05978925398124,0.144855240147193,0.7315405991705681,0.07366678793853824,-0.7137903602016146,-1.0,-1.0,VIDARBHA-CA-GROUND-NAGPUR,-1.0,,L,R,R,India,New-Zealand,Spin,1
2014,1,1,India,Hardik Pandya,Kristian Clarke,,13,1,0,0,0,0,0,0,1,0,0,0,0,0,0,0,0,,,0,12.1,1,1,0,782474,30.5,54.0,0,0,,47,SLOWER BALL,77,STEP DOWN DEFENCE,0,0,1,12,149,4,Leg stump,Good Length,2,0,2,0,0,0,0,0,66.10522983125455,-6.142780642774604,8.340637705657421,-0.6733458259937867,1.947513059165418,,,,,,,7.588400394618606,0.2882254915761503,0.4800003832819854,53.17750833468278,Defended,Played,None,0.668140411376953,0.5864067077636719,7.469782,-0.067159,,,,,,,-7.290995,0.329242,0.464905,-8.840834,0.463339,0.515749,-13.91291788597401,-10.06012767072549,0.5700720280372099,0.5220744749756201,-0.6340783835725219,1.886802330613899,-1.0,-1.0,VIDARBHA-CA-GROUND-NAGPUR,-1.0,,R,L,R,India,New-Zealand,Seam,1
2014,1,1,India,Hardik Pandya,Kristian Clarke,,13,2,1,1,1,1,0,0,0,0,0,0,0,0,0,0,0,,,0,12.2,1,1,0,782476,69.0,171.0,1,0,,39,ANGLED IN,53,FRONTFOOT STRAIGHT DRIVE,0,0,2,12,150,4,Outside Off stump,Good Length,0,1,3,0,0,0,0,0,82.07227613087127,-6.351558515704308,8.340815720228498,-0.6488148746630286,1.980344701101572,,,,,,,7.413638144054508,0.2261197804690361,0.6180530765241414,80.0959834317176,Attacked,Played,None,0.525444030761719,0.4944992065429688,5.511779,-0.343487,,,,,,,-8.359134,-0.23245,0.447764,-8.840736,-0.218179,0.489721,-11.05920786491565,-10.06007772618991,-0.1818029792644478,0.5842569920107148,-0.0281088030741386,0.3030640522750727,-1.0,-1.0,VIDARBHA-CA-GROUND-NAGPUR,-1.0,,R,L,R,India,New-Zealand,Seam,1
2014,1,1,India,Shivam Dube,Kristian Clarke,,13,3,2,2,2,0,1,0,0,0,0,0,0,0,0,0,0,,,0,12.3,1,1,0,782479,137.0,126.0,2,0,,38,STRAIGHT BALL,51,FRONTFOOT COVERDRIVE,0,0,3,12,152,4,Outside Off stump,Full Length,0,0,3,0,0,0,0,0,67.95247855276729,-4.157413299292429,8.340503554419815,-0.6107049564863987,1.977503696774982,,,,,,,9.406669705110513,0.2616728356190834,0.6478189849201372,81.00556417611226,Attacked,Played,None,0.637779235839844,0.5886726379394531,5.202877,0.214242,,,,,,,-8.038187,0.440799,0.471386,-8.840852,0.498893,0.556032,-12.96033988245884,-10.05994702821856,0.5878612295561068,0.6626553683684492,-1.085758478688351,1.017740118754096,-1.0,-1.0,VIDARBHA-CA-GROUND-NAGPUR,-1.0,,L,R,R,India,New-Zealand,Seam,1
2014,1,1,India,Shivam Dube,Kristian Clarke,,13,4,1,1,1,1,0,0,0,0,0,0,0,0,0,0,0,,,0,12.4,1,1,0,782481,-160.5,51.5,1,0,,47,SLOWER BALL,58,BACKFOOT PULL SHOT,0,0,4,12,153,4,Outside Leg stump,Short Length,0,0,3,0,0,0,0,0,68.4432192033374,-18.15563903571194,8.340601167970608,-0.670512068107754,1.823867063328722,,,,,,,14.14650733817633,0.2735449029214246,0.5588648832920066,66.47524220165853,Attacked,Played,None,0.699440002441406,0.6225814819335938,13.363386,-0.532328,,,,,,,-7.622413,0.242896,1.830256,-8.84076,0.341546,1.894062,-20.69237863575516,-10.05989194946284,0.4429800451498106,1.927285590670079,-0.6730336278456701,2.36260930738924,-1.0,-1.0,VIDARBHA-CA-GROUND-NAGPUR,-1.0,,L,R,R,India,New-Zealand,Seam,1
2014,1,1,India,Hardik Pandya,Kristian Clarke,,13,5,0,0,0,0,0,0,1,0,0,0,0,0,0,0,0,,,0,12.5,1,1,0,782483,47.5,-56.5,0,0,,47,SLOWER BALL,54,LEG GLANCE,0,0,5,12,153,4,Outside Off stump,Short of Good Length,0,0,3,0,0,0,0,0,69.33414981754676,-9.086569680615996,8.340563077840905,-0.6807885117541176,1.935316383346116,,,,,,,9.950728768360458,0.2666642671639685,0.5862517654380937,71.27133809931719,Defended,Played,None,0.653984069824219,0.6193771362304688,9.379424,-0.305868,,,,,,,-8.400438,0.174879,0.856772,-8.840999,0.203268,0.869589,-14.86252676134091,-10.05992661946812,0.2823788412799579,0.884196627998715,-0.5842438185869129,1.374750288947001,-1.0,-1.0,VIDARBHA-CA-GROUND-NAGPUR,-1.0,,R,L,R,India,New-Zealand,Seam,1
2014,1,1,India,Hardik Pandya,Kristian Clarke,,13,6,1,1,1,1,0,0,0,0,0,0,0,0,0,0,0,,,0,12.6,1,1,0,782485,162.5,72.5,1,0,,47,SLOWER BALL,58,BACKFOOT PULL SHOT,0,0,6,12,154,4,Outside Off stump,Short Length,0,0,3,0,0,0,0,0,67.95675899426917,-15.8612645114414,8.341101692967293,-0.6820019500378736,1.821553990468248,,,,,,,14.22917909049319,0.267207929713509,0.6167642192902052,75.79383992217988,Attacked,Played,None,0.69305419921875,0.6326065063476562,12.781393,-0.647721,,,,,,,-7.957803,-0.324515,1.827847,-8.840981,-0.296371,1.883052,-19.23955918890706,-10.06010484069991,-0.2571398489706512,1.933291526799105,-0.9532629672517858,1.791749100320888,-1.0,-1.0,VIDARBHA-CA-GROUND-NAGPUR,-1.0,,R,L,R,India,New-Zealand,Seam,1
2014,1,1,India,Hardik Pandya,Kyle Jamieson,,14,1,4,4,4,0,0,0,0,0,0,0,0,0,1,0,0,,,0,13.1,1,1,0,782487,-82.5,221.5,4,0,,38,STRAIGHT BALL,5,LOFTED OFF DRIVE,0,0,1,13,158,4,Outside Off stump,Full Length,1,0,3,0,0,0,0,0,74.35638955865846,-8.342244566645347,8.34052872801194,-0.5693267149845668,2.219722925285969,,,,,,,9.118972983648643,0.2066109330636607,0.5977683619130515,79.00416098059166,Attacked,Played,None,0.590011596679688,0.5496482849121094,7.115782,-0.544198,,,,,,,-8.172478,-0.514484,0.684134,-8.840803,-0.510596,0.741758,-13.85577089025782,-10.05998178715079,-0.5034466459546295,0.8302248598113942,-0.7266433223292351,0.5698884388241116,-1.0,-1.0,VIDARBHA-CA-GROUND-NAGPUR,-1.0,,R,L,R,India,New-Zealand,Seam,1
2014,1,1,India,Hardik Pandya,Kyle Jamieson,,14,2,1 (WD),1,0,0,0,0,0,1,1,0,0,0,0,0,0,,,0,13.2,1,1,1,782489,-82.5,221.5,1,0,,39,ANGLED IN,40,FRONTFOOT FLICK,0,0,2,13,159,4,Outside Leg stump,Full Toss,0,0,3,0,0,0,0,0,79.52832103213876,-3.119180718586025,8.34042495481689,-0.5780337107896677,2.318975683467166,,,,,,,7.730113399674517,0.153221997304357,0.650000000000001,92.17780026956446,None,None,None,0.529323577880859,0.5539169311523438,-1.132296,0.831731,,,,,,,-999.9,-999.9,-999.9,-8.840505,0.647828,0.385695,-11.22120697750776,-10.06018755918403,0.7426694246862969,0.1624390007107804,0.7517446082625694,-1.272221872585407e-14,-1.0,-1.0,VIDARBHA-CA-GROUND-NAGPUR,-1.0,,R,L,R,India,New-Zealand,Seam,1
2014,1,1,India,Hardik Pandya,Kyle Jamieson,,14,2,1,1,1,1,0,0,0,0,0,0,0,0,0,0,0,,,0,13.2,1,1,0,782491,-76.0,179.0,1,0,,39,ANGLED IN,84,FRONTFOOT OFF DRIVE,0,0,3,13,160,4,Outside Off stump,Full Length,0,0,3,0,0,0,0,0,79.21295222300235,-5.21230869024866,8.341177223428808,-0.6142250042835821,2.309053861396431,,,,,,,6.381663003864121,0.2067823711336201,0.5218583247271819,67.60051159571528,Attacked,Played,None,0.5372314453125,0.509765625,2.440519999999999,-0.173703,,,,,,,-8.506263,-0.144001,0.12172,-8.841095,-0.132734,0.155092,-11.35094547806987,-10.0599233197392,-0.09147184977500644,0.2653818621557915,-0.08310409532496162,0.376589900623535,-1.0,-1.0,VIDARBHA-CA-GROUND-NAGPUR,-1.0,,R,L,R,India,New-Zealand,Seam,1
2014,1,1,India,Shivam Dube,Kyle Jamieson,,14,3,6,6,6,0,0,0,0,0,0,0,0,0,0,1,0,,,0,13.3,1,1,0,782493,-161.5,-64.0,6,0,,36,BOUNCER,58,BACKFOOT PULL SHOT,1,0,4,13,166,4,Outside Leg stump,Short Length,0,0,3,0,0,0,0,0,81.04948879607196,-14.08699077985398,8.340533134185389,-0.6744374268538914,2.203868100240769,,,,,,,11.80412448963399,0.2212751019838083,0.6083809786780798,79.12963660333115,Attacked,Played,None,0.570602416992188,0.5110359191894531,10.577298,-0.423054,,,,,,,-7.527991,-0.094795,1.34815,-8.840558,-0.039101,1.488163,-17.01645138119788,-10.0601704414684,0.01321932687062621,1.597630812985773,0.09188664584377514,0.3731305932170723,-1.0,-1.0,VIDARBHA-CA-GROUND-NAGPUR,-1.0,,L,R,R,India,New-Zealand,Seam,1
2014,1,1,India,Shivam Dube,Kyle Jamieson,,14,4,0 WK,W,0,0,0,0,1,0,0,0,0,0,0,0,1,Caught & Bowled,WICKET,1,13.4,1,1,0,782495,-9.0,59.0,0,0,,47,SLOWER BALL,54,LEG GLANCE,0,0,5,13,166,5,Outside Leg stump,Short of Good Length,1,0,3,0,0,0,0,0,76.01630714636211,-12.03722007068716,8.34045846549791,-0.5658177943052307,2.173500701736744,,,,,,,10.80379949302376,0.2184890638909313,0.5881252541665583,76.36988173589062,None,None,None,0.599853515625,0.548675537109375,9.883194,-0.438362,,,,,,,-7.891579,-0.157396,1.125213,-8.840653,-0.12157,1.202851,-16.25166370222068,-10.06015655863022,-0.07510698693648649,1.28281316902294,-0.001877636026993443,1.165080608770013,-1.0,-1.0,VIDARBHA-CA-GROUND-NAGPUR,-1.0,,L,R,R,India,New-Zealand,Seam,1
2014,1,1,India,Rinku Singh,Kyle Jamieson,,14,5,1 (WD),1,0,0,0,0,0,1,1,0,0,0,0,0,0,,,0,13.5,1,1,1,782497,-9.0,59.0,1,0,,38,STRAIGHT BALL,27,FORWARD PUSH,0,0,6,13,167,5,Outside Leg stump,Full Length,2,0,3,0,0,0,0,0,75.05239139881493,-6.469125778105644,8.341013414196599,-0.6265234665645588,2.249107381133147,,,,,,,6.579157356609816,0.1663556599517702,0.4647567514750462,63.07794672607992,None,None,None,0.572353363037109,0.6018562316894531,5.370531,-0.419796,,,,,,,-999.9,-999.9,-999.9,-8.840995,-0.300143,0.392841,-13.16696325623441,-10.0601436260228,-0.2642661645292374,0.4589760290024318,-0.4423408085171487,0.9483168582468035,-1.0,-1.0,VIDARBHA-CA-GROUND-NAGPUR,-1.0,,L,R,R,India,New-Zealand,Seam,1
2014,1,1,India,Rinku Singh,Kyle Jamieson,,14,5,0,0,0,0,0,0,1,0,0,0,0,0,0,0,0,,,0,13.5,1,1,0,782498,-9.0,59.0,0,0,,47,SLOWER BALL,58,BACKFOOT PULL SHOT,0,0,7,13,167,5,Outside Leg stump,Short of Good Length,0,0,3,0,0,0,0,0,75.72882252195402,-12.28382212870943,8.340956663203503,-0.5496693702556664,2.170794520646333,,,,,,,9.285782871324631,0.2299047252472933,0.5033643400767247,62.51417848677939,Attacked,Missed,None,0.60205078125,0.5708427429199219,9.991642,-0.366741,,,,,,,-8.414036,0.015432,0.943388,-8.840642,0.03569,0.963181,-16.2683810678888,-10.06025266029492,0.0940168952620472,1.004294373742559,-0.4348955589560708,1.512568121798244,-1.0,-1.0,VIDARBHA-CA-GROUND-NAGPUR,-1.0,,L,R,R,India,New-Zealand,Seam,1
2014,1,1,India,Rinku Singh,Kyle Jamieson,,14,6,1,1,1,1,0,0,0,0,0,0,0,0,0,0,0,,,0,13.6,1,1,0,782502,-159.0,69.5,1,0,,38,STRAIGHT BALL,40,FRONTFOOT FLICK,0,0,8,13,168,5,Leg stump,Full Length,0,0,3,0,0,0,0,0,74.78866859084441,-5.898926457292957,8.340682163594977,-0.5656328125691485,2.25740114909549,,,,,,,8.808768361380965,0.1395800164886126,0.62630771745702,89.98815596969175,Attacked,Played,None,0.573577880859375,0.52459716796875,4.910073,-0.161588,,,,,,,-7.920609,-0.073122,0.405168,-8.840774,-0.043323,0.511049,-13.18133611158548,-10.06003058945572,-0.003509295115590449,0.634397287170295,-1.088222858659815,0.6666179812334503,-1.0,-1.0,VIDARBHA-CA-GROUND-NAGPUR,-1.0,,L,R,R,India,New-Zealand,Seam,1
2014,1,1,India,Rinku Singh,Mitchell Santner,,15,1,1,1,1,1,0,0,0,0,0,0,0,0,0,0,0,,,0,14.1,1,1,0,782505,83.0,-21.5,1,0,,10,ORTHODOX,36,CUT SHOT,0,0,1,14,169,5,Outside Off stump,Good Length,1,0,3,0,0,0,0,0,58.24343055519204,-5.466528677152444,8.340507647820814,-1.026117904872825,2.241315307496089,,,,,,,8.232441007816622,0.2273653646846269,0.4706750120065353,57.86471533251762,Attacked,Played,None,0.751991271972656,0.7296867370605469,6.372216,-0.022181,,,,,,,-8.813934,0.267377,0.475657,-8.840856,0.26893,0.476343,-15.61407149617418,-10.06002212579037,0.3395998230369393,0.4884303814044013,0.6843857437651221,-1.957581679109715,-1.0,-1.0,VIDARBHA-CA-GROUND-NAGPUR,-1.0,,L,R,L,India,New-Zealand,Spin,1
2014,1,1,India,Hardik Pandya,Mitchell Santner,,15,2,4,4,4,0,0,0,0,0,0,0,0,0,1,0,0,,,0,14.2,1,1,0,782507,-180.5,144.0,4,0,,10,ORTHODOX,15,LOFTED COVER DRIVE,0,0,2,14,173,5,Outside Off stump,Good Length,0,0,3,0,0,0,0,0,58.99945886414034,-5.978687888103444,8.340889243320241,-1.167006896649199,2.218727827001175,,,,,,,10.28484875190378,0.236545210620777,0.6004368460528811,76.41100584585446,Attacked,Played,None,0.739059448242188,0.7056770324707031,6.553832,-0.548849,,,,,,,-8.471801,-0.421223,0.660036,-8.840883,-0.411528,0.68394,-15.1880032462757,-10.05982669466688,-0.3792982592704838,0.7392468699468917,-0.04283444558518727,-1.519606254247589,-1.0,-1.0,VIDARBHA-CA-GROUND-NAGPUR,-1.0,,R,L,L,India,New-Zealand,Spin,1
2014,1,1,India,Hardik Pandya,Mitchell Santner,,15,3,6,6,6,0,0,0,0,0,0,0,0,0,0,1,0,,,0,14.3,1,1,0,782508,-12.0,226.0,6,0,,10,ORTHODOX,69,STEP DOWN LOFTED STRAIGHT DRIVE,0,0,3,14,179,5,Outside Off stump,Good Length,0,0,3,0,0,0,0,0,47.51630028229854,-1.967342898873133,8.340690440500303,-1.095909747818256,2.306488155700457,,,,,,,14.26715923118135,0.2696465653318718,0.626732377534901,77.04520009704797,Attacked,Played,None,0.930564880371094,0.7605972290039062,5.972189,-0.340979,,,,,,,-6.495526,-0.309151,0.535309,-8.840708,-0.277513,0.806954,-19.0646349895663,-10.06014188413002,-0.2608052992515886,0.8584618225249178,2.421406570990696,-3.988266600004409,-1.0,-1.0,VIDARBHA-CA-GROUND-NAGPUR,-1.0,,R,L,L,India,New-Zealand,Spin,1
2014,1,1,India,Hardik Pandya,Mitchell Santner,,15,4,1,1,1,1,0,0,0,0,0,0,0,0,0,0,0,,,0,14.4,1,1,0,782511,-151.5,64.0,1,0,,10,ORTHODOX,89,STEP DOWN COVER DRIVE,0,0,4,14,180,5,Outside Off stump,Good Length,0,0,3,0,0,0,0,0,57.58190980225333,-6.86517135424756,8.340631309483808,-1.098066827107162,2.232854842493194,,,,,,,10.08264828412604,0.3068704680550414,0.5391557776258373,60.18631983837146,Attacked,Played,None,0.76666259765625,0.6978607177734375,7.393732,-0.803863,,,,,,,-7.648858,-0.866125,0.609787,-8.840977,-0.881418,0.650075,-15.93210746381716,-10.05988319609864,-0.8972188084239905,0.6499021316554116,0.3809249814443659,-2.429546581803983,-1.0,-1.0,VIDARBHA-CA-GROUND-NAGPUR,-1.0,,R,L,L,India,New-Zealand,Spin,1
2014,1,1,India,Rinku Singh,Mitchell Santner,,15,5,1,1,1,1,0,0,0,0,0,0,0,0,0,0,0,,,0,14.5,1,1,0,782512,-160.5,49.5,1,0,,10,ORTHODOX,97,BACKFOOT PUSH,0,0,5,14,181,5,Outside Leg stump,Good Length,0,0,3,0,0,0,0,0,59.61521252908929,-7.080348787362446,8.340733748274168,-1.080051896540263,2.216603894091065,,,,,,,9.803586060910462,0.2649795582624532,0.5596271476245741,67.4461163174408,Attacked,Played,None,0.741302490234375,0.6900444030761719,7.26876,-0.334825,,,,,,,-8.190218,-0.043858,0.644942,-8.840913,-0.007901,0.673127,-15.32587004108455,-10.05998775078948,0.06000079232379463,0.6978861836022114,-0.2823555685091378,-0.6633166252164089,-1.0,-1.0,VIDARBHA-CA-GROUND-NAGPUR,-1.0,,L,R,L,India,New-Zealand,Spin,1
2014,1,1,India,Hardik Pandya,Mitchell Santner,,15,6,1,1,1,1,0,0,0,0,0,0,0,0,0,0,0,,,0,14.6,1,1,0,782514,72.5,176.5,1,0,,10,ORTHODOX,47,FRONTFOOT ON DRIVE,0,0,6,14,182,5,Leg stump,Full Length,0,0,3,0,0,0,0,0,58.33558803386926,-1.331382510732853,8.340577612075336,-1.200090708579472,2.280831336397514,,,,,,,10.21959074855033,0.1153799356110958,0.65,95.96200643889043,Attacked,Played,None,0.727272033691406,0.6627731323242188,1.898614,0.072813,,,,,,,-7.91648,0.053092,0.094674,-8.840713,0.127554,0.148329,-14.76126183868915,-10.05982903922981,0.2257905397019726,0.3350436354125713,0.3800992169252424,-1.272221872585407e-14,-1.0,-1.0,VIDARBHA-CA-GROUND-NAGPUR,-1.0,,R,L,L,India,New-Zealand,Spin,1
2014,1,1,India,Hardik Pandya,Jacob Duffy,,16,1,1,1,1,1,0,0,0,0,0,0,0,0,0,0,0,,,0,15.1,1,1,0,782516,141.5,-52.0,1,0,,39,ANGLED IN,97,BACKFOOT PUSH,0,0,1,15,183,5,Outside Off stump,Short of Good Length,1,0,3,0,0,0,0,0,76.49704140707512,-7.873455574980396,8.340572318481552,-0.5252365832596977,1.936259921529411,,,,,,,8.794784422501467,0.1829787642681455,0.5841822600146125,79.32946257537732,Attacked,Played,None,0.573989868164062,0.5422897338867188,8.404667,-0.316031,,,,,,,-8.365801,-0.040762,0.806197,-8.840692,-0.020717,0.839244,-13.81049588157845,-10.06023721431066,0.03111623339891478,0.9101811941562661,-0.2736812648359472,1.231367271706731,-1.0,-1.0,VIDARBHA-CA-GROUND-NAGPUR,-1.0,,R,L,R,India,New-Zealand,Seam,1
2014,1,1,India,Rinku Singh,Jacob Duffy,,16,2,1,1,1,1,0,0,0,0,0,0,0,0,0,0,0,,,0,15.2,1,1,0,782519,47.5,-64.5,1,0,,47,SLOWER BALL,44,GLIDE,0,0,2,15,184,5,Outside Leg stump,Short Length,0,0,3,0,0,0,0,0,75.18690624276323,-11.41608555912985,8.34064718310534,-0.5778984834115642,1.910380835433416,,,,,,,11.16389405289346,0.2748403381473654,0.6007308053199981,72.62558698326319,Defended,Played,None,0.619033813476562,0.5577621459960938,10.680502,-0.317667,,,,,,,-7.67495,0.173462,1.115434,-8.841031,0.253302,1.17119,-16.00678371582319,-10.05983498329905,0.3398448309294337,1.201586359604453,0.1368594695658831,0.956608788818833,-1.0,-1.0,VIDARBHA-CA-GROUND-NAGPUR,-1.0,,L,R,R,India,New-Zealand,Seam,1
2014,1,1,India,Hardik Pandya,Jacob Duffy,,16,3,1 (WD),1,0,0,0,0,0,1,1,0,0,0,0,0,0,,,0,15.3,1,1,1,782520,47.5,-64.5,1,0,,36,BOUNCER,105,LEFT ALONE,1,0,3,15,185,5,Outside Off stump,Short Length,0,0,3,0,0,0,0,0,79.4600070553375,-15.8203214830754,8.341142527180104,-0.6399207269175096,1.903610093240438,,,,,,,13.86042376959761,0.3068815206933233,0.5740791081919355,65.423714159458,None,None,None,0.594463348388672,0.62091064453125,12.499675,-0.392864,,,,,,,-999.9,-999.9,-999.9,-8.841024,0.237432,1.956443,-19.59153919226996,-10.06018814714712,0.3139389170257614,2.051150359213127,0.477113686572901,0.2349629600363095,-1.0,-1.0,VIDARBHA-CA-GROUND-NAGPUR,-1.0,,R,L,R,India,New-Zealand,Seam,1
2014,1,1,India,Hardik Pandya,Jacob Duffy,,16,3,0,0,0,0,0,0,1,0,0,0,0,0,0,0,0,,,0,15.3,1,1,0,782521,-37.0,79.0,0,0,,39,ANGLED IN,27,FORWARD PUSH,0,0,4,15,185,5,Outside Off stump,Yorker,0,0,3,0,0,0,0,0,76.426382,-8.736187347249622,8.340670370451956,-0.5623369793904043,1.936706092755644,,,,,,,10.67984454478921,0.2611449639619289,0.6541646018455616,82.01019388064135,Attacked,Played,None,0.7518310546875,0.5263824462890625,9.048953,-0.308288,,,,,,,-7.595842,-0.065003,0.996594,-8.840734,-0.017959,1.112204,-14.37678532931287,-10.05984870529844,0.02844647820805446,1.203947007422929,0.2699029830297611,0.3814079372798528,-1.0,-1.0,VIDARBHA-CA-GROUND-NAGPUR,-1.0,,R,L,R,India,New-Zealand,Seam,1
2014,1,1,India,Hardik Pandya,Jacob Duffy,,16,4,0 WK,W,0,0,0,0,1,0,0,0,0,0,0,0,1,Caught,WICKET,1,15.4,1,1,0,782524,170.0,69.5,0,0,,47,SLOWER BALL,58,BACKFOOT PULL SHOT,0,0,5,15,185,6,Outside Off stump,Short of Good Length,1,0,3,0,0,0,0,0,75.68200225827843,-9.114407800941256,8.3406510733884,-0.5628236956501561,1.959652661501773,,,,,,,10.29803898368334,0.2345269208091895,0.6499670754220518,84.04236923238882,None,None,None,0.588821411132812,0.5297813415527344,9.051316,-0.312371,,,,,,,-7.684632,-0.012836,0.980236,-8.840619,0.049921,1.081967,-14.15468646526282,-10.06007844119201,0.1198619502437136,1.168490489334203,0.1201976709849882,0.540632156963564,-1.0,-1.0,VIDARBHA-CA-GROUND-NAGPUR,-1.0,,R,L,R,India,New-Zealand,Seam,1
2014,1,1,India,Axar Patel,Jacob Duffy,,16,5,1,1,1,1,0,0,0,0,0,0,0,0,0,0,0,,,0,15.5,1,1,0,782528,50.5,-63.5,1,0,,38,STRAIGHT BALL,44,GLIDE,0,0,6,15,186,6,Outside Leg stump,Short of Good Length,2,0,3,0,0,0,0,0,86.90000000000009,-10.09898538469186,8.341083293175632,-0.566308489865021,1.99555775793796,,,,,,,8.460032083173814,0.1919330604276318,0.6365545652227332,86.28987874064683,Defended,Played,None,0.587791442871094,0.4784774780273438,8.490558,-0.20038,,,,,,,-8.346768,0.034499,0.841801,-8.841008,0.052128,0.883108,-12.28485872159042,-10.0596518429949,0.09589932578956478,0.9742910541758572,0.5383264712630351,-0.459724130614134,-1.0,-1.0,VIDARBHA-CA-GROUND-NAGPUR,-1.0,,L,L,R,India,New-Zealand,Seam,1
2014,1,1,India,Rinku Singh,Jacob Duffy,,16,6,1,1,1,1,0,0,0,0,0,0,0,0,0,0,0,,,0,15.6,1,1,0,782529,99.0,-67.5,1,0,,30,ANGLED ACROSS,44,GLIDE,0,0,7,15,187,6,Outside Off stump,Short of Good Length,0,0,3,0,0,0,0,0,75.72586979294684,-7.122642145662091,8.340417581505267,-0.4896335582454152,1.941304374463435,,,,,,,9.386298130738611,0.2349476136464335,0.6296371767889677,80.95081515370181,Attacked,Played,None,0.591636657714844,0.5560455322265625,7.792611,0.038482,,,,,,,-8.509225,0.414724,0.820832,-8.841019,0.435264,0.847893,-13.41086232912542,-10.05991371350665,0.5112078446961114,0.9337813594030406,-0.4311248733592298,0.7396480530583946,-1.0,-1.0,VIDARBHA-CA-GROUND-NAGPUR,-1.0,,L,L,R,India,New-Zealand,Seam,1
2014,1,1,India,Rinku Singh,Kyle Jamieson,,17,1,2,2,2,0,1,0,0,0,0,0,0,0,0,0,0,,,0,16.1,1,1,0,782531,-142.0,76.0,2,0,,38,STRAIGHT BALL,47,FRONTFOOT ON DRIVE,0,0,1,16,189,6,Outside Leg stump,Good Length,1,0,3,0,0,0,0,0,78.92797269172827,-7.749099338419663,8.341105520334764,-0.5842909767227098,2.286316151451301,,,,,,,8.61626398284841,0.2098887473104581,0.6137615192061954,81.0753531498835,Attacked,Played,None,0.550277709960938,0.4978179931640625,5.895761,-0.196056,,,,,,,-7.744247,-0.079505,0.504953,-8.841009,-0.043134,0.618429,-12.83620764434259,-10.06005001394434,-0.002329066767618099,0.7270372578556696,0.409893188273047,-0.152556178056136,-1.0,-1.0,VIDARBHA-CA-GROUND-NAGPUR,-1.0,,L,L,R,India,New-Zealand,Seam,1
2014,1,1,India,Rinku Singh,Kyle Jamieson,,17,2,4,4,4,0,0,0,0,0,0,0,0,0,1,0,0,,,0,16.2,1,1,0,782532,65.0,223.5,4,0,,38,STRAIGHT BALL,84,FRONTFOOT OFF DRIVE,0,0,2,16,193,6,Off stump,Full Length,0,0,3,0,0,0,0,0,79.5339076949472,-6.314563620403582,8.340589852818212,-0.5942838730533313,2.294930598085428,,,,,,,7.668576921689042,0.1627649066446524,0.596196675155084,83.15301060879736,Attacked,Played,None,0.539829254150391,0.4939956665039063,4.251329,-0.034406,,,,,,,-8.007383,0.070942,0.308532,-8.840807,0.11134,0.396843,-12.03985386714402,-10.05972171701948,0.1708966855731441,0.5116733741583245,0.2286815603608744,0.3361033556683792,-1.0,-1.0,VIDARBHA-CA-GROUND-NAGPUR,-1.0,,L,L,R,India,New-Zealand,Seam,1
2014,1,1,India,Rinku Singh,Kyle Jamieson,,17,3,0,0,0,0,0,0,1,0,0,0,0,0,0,0,0,,,0,16.3,1,1,0,782533,-31.0,73.0,0,0,,38,STRAIGHT BALL,27,FORWARD PUSH,0,0,3,16,193,6,Outside Leg stump,Full Length,0,0,3,0,0,0,0,0,74.40011945999125,-4.397531519898975,8.340869149097525,-0.5948017396608818,2.289392251829572,,,,,,,5.175183233523791,0.1947632294848319,0.3765980480274451,47.01338425563358,Attacked,Played,None,0.571586608886719,0.5306396484375,3.280827,-0.16536,,,,,,,-8.142162,-0.121471,0.171347,-8.841082,-0.098787,0.218855,-12.72808155379052,-10.06030790671828,-0.05892155901078201,0.2858006103022307,-0.6812158543983677,0.5688688346571817,-1.0,-1.0,VIDARBHA-CA-GROUND-NAGPUR,-1.0,,L,L,R,India,New-Zealand,Seam,1
2014,1,1,India,Rinku Singh,Kyle Jamieson,,17,4,1,1,1,1,0,0,0,0,0,0,0,0,0,0,0,,,0,16.4,1,1,0,782534,-142.0,-58.5,1,0,,38,STRAIGHT BALL,58,BACKFOOT PULL SHOT,0,0,4,16,194,6,Outside Leg stump,Short Length,0,0,3,0,0,0,0,0,73.96718148668174,-10.92472860219829,8.341163609179077,-0.5575642556218865,2.210629010867967,,,,,,,9.070376603929025,0.2270077101972174,0.5137178631525253,64.35690845315706,Attacked,Played,None,0.610244750976562,0.5479888916015625,9.185457,-0.340219,,,,,,,-7.643361,-0.048904,0.835994,-8.840798,0.004342,0.913005,-15.67498828592433,-10.05994583409087,0.05910990893437795,0.9702050409151491,-0.3205016126116267,1.213112204897214,-1.0,-1.0,VIDARBHA-CA-GROUND-NAGPUR,-1.0,,L,L,R,India,New-Zealand,Seam,1
2014,1,1,India,Axar Patel,Kyle Jamieson,,17,5,2,2,2,0,1,0,0,0,0,0,0,0,0,0,0,,,0,16.5,1,1,0,782535,-137.0,97.0,2,0,,38,STRAIGHT BALL,40,FRONTFOOT FLICK,0,0,5,16,196,6,Middle stump,Full Length,0,0,3,0,0,0,0,0,79.11444919351479,-5.945803725026263,8.340782498109526,-0.6801358971194148,2.311788059397683,,,,,,,9.060906589470981,0.2283137603362687,0.6832291798690898,89.65300094673661,Attacked,Played,None,0.53997802734375,0.50518798828125,3.897539999999999,-0.02813,,,,,,,-8.187889,0.026422,0.341506,-8.841008,0.0442,0.427746,-12.09940383636508,-10.0601593272905,0.07763194169963443,0.5748597546981163,0.2870561936296839,-1.192109453924879,-1.0,-1.0,VIDARBHA-CA-GROUND-NAGPUR,-1.0,,L,L,R,India,New-Zealand,Seam,1
2014,1,1,India,Axar Patel,Kyle Jamieson,,17,6,1,1,1,1,0,0,0,0,0,0,0,0,0,0,0,,,0,16.6,1,1,0,782536,-152.5,79.5,1,0,,38,STRAIGHT BALL,40,FRONTFOOT FLICK,0,0,6,16,197,6,Outside Leg stump,Full Length,0,0,3,0,0,0,0,0,80.46486083977821,-7.21650866992162,8.340736345395307,-0.7028831445802289,2.263762834533981,,,,,,,8.64960126761891,0.1934469713781692,0.6590208471882161,89.5084299404155,Attacked,Played,None,0.53631591796875,0.4944076538085938,5.219767,-0.315028,,,,,,,-8.018833,-0.222568,0.468416,-8.840915,-0.198279,0.561127,-12.12881315930299,-10.05977893850616,-0.1619735245385752,0.6841660950899521,-0.2083578653438731,0.07083673666989096,-1.0,-1.0,VIDARBHA-CA-GROUND-NAGPUR,-1.0,,L,L,R,India,New-Zealand,Seam,1
2014,1,1,India,Axar Patel,Kristian Clarke,,18,1,1,1,1,1,0,0,0,0,0,0,0,0,0,0,0,,,0,17.1,1,1,0,782537,156.0,60.5,1,0,,47,SLOWER BALL,51,FRONTFOOT COVERDRIVE,0,0,1,17,198,6,Outside Off stump,Full Length,1,0,3,0,0,0,0,0,65.99760218152969,-3.585860304747228,8.34106780522091,-0.6336665442008272,2.016845312363524,,,,,,,7.85212416758442,0.2489611750007907,0.5280265145334245,64.30785967993461,Attacked,Played,None,0.653446197509766,0.628875732421875,4.765966,0.28561,,,,,,,-8.658851,0.527797,0.393189,-8.840749,0.541076,0.407087,-13.35832480247615,-10.05973686724134,0.6305727788758319,0.4842100167005656,-0.7470351541238732,0.6008123853894319,-1.0,-1.0,VIDARBHA-CA-GROUND-NAGPUR,-1.0,,L,L,R,India,New-Zealand,Seam,1
2014,1,1,India,Rinku Singh,Kristian Clarke,,18,2,6,6,6,0,0,0,0,0,0,0,0,0,0,1,0,,,0,17.2,1,1,0,782538,-148.0,-100.0,6,0,,38,STRAIGHT BALL,58,BACKFOOT PULL SHOT,0,0,2,17,204,6,Outside Leg stump,Short Length,0,1,4,0,0,0,1,0,69.94871773109762,-13.59499615661888,8.340986280171407,-0.7005086780587779,1.910505818412729,,,,,,,11.54782353432378,0.2170009351990146,0.5688536954213627,73.62796079330295,Attacked,Played,None,0.666252136230469,0.5964431762695312,11.709926,-0.563699,,,,,,,-7.570008,-0.192484,1.189553,-8.840546,-0.134677,1.222883,-17.74015679630566,-10.06018828304446,-0.07753276656575789,1.223300200806333,-0.2725080529956375,1.03057926244941,-1.0,-1.0,VIDARBHA-CA-GROUND-NAGPUR,-1.0,,L,L,R,India,New-Zealand,Seam,1
2014,1,1,India,Rinku Singh,Kristian Clarke,,18,3,4,4,4,0,0,0,0,0,0,0,0,0,1,0,0,,,0,17.3,1,1,0,782539,193.5,-22.5,4,0,,30,ANGLED ACROSS,59,FRONTFOOT SQUARE DRIVE,0,0,3,17,208,6,Outside Off stump,Good Length,0,0,4,0,0,0,0,0,82.09935672573341,-6.80987751067034,8.340471038390962,-0.5962392239540844,1.964632418170562,,,,,,,8.170858197970945,0.2503910780804913,0.6539031452554382,83.0463639802666,Attacked,Played,None,0.531223297119141,0.5063209533691406,6.226836,0.465571,,,,,,,-8.510909,0.854384,0.587401,-8.840714,0.88235,0.617329,-11.38982594458758,-10.0602123594952,0.9864085403601521,0.7169314259269434,0.1555391952484348,-0.3979526015435426,-1.0,-1.0,VIDARBHA-CA-GROUND-NAGPUR,-1.0,,L,L,R,India,New-Zealand,Seam,1
2014,1,1,India,Rinku Singh,Kristian Clarke,,18,4,1,1,1,1,0,0,0,0,0,0,0,0,0,0,0,,,0,17.4,1,1,0,782540,-143.0,-47.5,1,0,,47,SLOWER BALL,54,LEG GLANCE,0,0,4,17,209,6,Outside Leg stump,Short of Good Length,0,0,4,0,0,0,0,0,68.37721542536933,-7.340595542743256,8.341122012503934,-0.6405533759318728,1.960730361858911,,,,,,,9.730941354979565,0.2944920696923229,0.6017193605754865,70.80869711709067,Attacked,Played,None,0.655941009521484,0.606719970703125,8.137707,-0.361945,,,,,,,-8.068519,-0.03797,0.771271,-8.840935,0.003943,0.816248,-14.08916239136458,-10.06008866949869,0.07066493136978214,0.8640587574400983,-0.8388346935165736,1.822842097484667,-1.0,-1.0,VIDARBHA-CA-GROUND-NAGPUR,-1.0,,L,L,R,India,New-Zealand,Seam,1
2014,1,1,India,Axar Patel,Kristian Clarke,,18,5,0 WK,W,0,0,0,0,1,0,0,0,0,0,0,0,1,Caught,WICKET,1,17.5,1,1,0,782541,124.0,156.0,0,0,,47,SLOWER BALL,15,LOFTED COVER DRIVE,0,0,5,17,209,7,Outside Off stump,Full Length,1,0,4,0,0,0,0,0,64.2163170841386,-4.253901583624828,8.340695337446896,-0.5894287963064564,1.973279064752256,,,,,,,9.825122618733259,0.2513499300135205,0.6422330718032082,81.19996776912919,None,None,None,0.678108215332031,0.6090660095214844,5.818748,0.374441,,,,,,,-7.639031,0.692732,0.509835,-8.840715,0.807421,0.626886,-13.62037632187833,-10.06019850205161,0.9249764441742233,0.7158435307885738,-0.7778708676076128,1.308915895954409,-1.0,-1.0,VIDARBHA-CA-GROUND-NAGPUR,-1.0,,L,L,R,India,New-Zealand,Seam,1
2014,1,1,India,Arshdeep Singh,Kristian Clarke,,18,6,2,2,2,0,1,0,0,0,0,0,0,0,0,0,0,,,0,17.6,1,1,0,782542,-66.0,-104.5,2,0,,36,BOUNCER,58,BACKFOOT PULL SHOT,1,0,6,17,211,7,Outside Leg stump,Short Length,2,0,4,0,0,0,0,0,75.05224590541557,-15.14384410933846,8.3411665563492,-0.6483861511787173,1.868933531279355,,,,,,,13.10669445442875,0.2510682231647479,0.604529850508152,75.57265525974802,Attacked,Played,None,0.639427185058594,0.5695381164550781,12.315977,-0.517125,,,,,,,-7.429591,-0.11128,1.572709,-8.840856,-0.049218,1.664373,-18.42959595700595,-10.06025402923337,0.00505169607718825,1.713352970344571,-0.48129651210424,1.312926471085019,-1.0,-1.0,VIDARBHA-CA-GROUND-NAGPUR,-1.0,,L,L,R,India,New-Zealand,Seam,1
2014,1,1,India,Rinku Singh,Jacob Duffy,,19,1,1 (WD),1,0,0,0,0,0,1,1,0,0,0,0,0,0,,,0,18.1,1,1,1,782543,-66.0,-104.5,1,0,,30,ANGLED ACROSS,105,LEFT ALONE,0,0,1,18,212,7,Outside Off stump,Short of Good Length,3,0,4,0,0,0,0,0,75.70207093928511,-5.752895247872407,8.341072921250117,-0.4374844350814149,1.980009116538653,,,,,,,8.015804992418719,0.2350246997760684,0.5506138919591163,69.0896138162606,None,None,None,0.578292846679688,0.6083908081054688,6.604925,0.637863,,,,,,,-999.9,-999.9,-999.9,-8.840991,1.256774,0.612012,-13.15300092328003,-10.05972511425075,1.400594017500327,0.6866621045895861,0.5600181614355648,0.9199236699863318,-1.0,-1.0,VIDARBHA-CA-GROUND-NAGPUR,-1.0,,L,L,R,India,New-Zealand,Seam,1
2014,1,1,India,Rinku Singh,Jacob Duffy,,19,1,1,1,1,1,0,0,0,0,0,0,0,0,0,0,0,,,0,18.1,1,1,0,782544,-144.5,-47.0,1,0,,38,STRAIGHT BALL,40,FRONTFOOT FLICK,0,0,2,18,213,7,Middle stump,Full Toss,0,0,4,0,0,0,0,0,84.49999999999994,-2.209322855951696,8.340532879864266,-0.5416004462418474,2.025826481969339,,,,,,,6.834137483237508,0.1731080248635276,0.6499999999999998,90.18919751364722,Attacked,Played,None,0.577663421630859,0.4557723999023438,-1.142861,0.047687,,,,,,,-7.925409,-0.064628,0.556604,-8.84095,-0.033861,0.417592,-9.935204459669114,-10.05998419939726,0.0078310697693523,0.2219308777960013,0.5457347939822476,0.0,-1.0,-1.0,VIDARBHA-CA-GROUND-NAGPUR,-1.0,,L,L,R,India,New-Zealand,Seam,1
2014,1,1,India,Arshdeep Singh,Jacob Duffy,,19,2,0,0,0,0,0,0,1,0,0,0,0,0,0,0,0,,,0,18.2,1,1,0,782545,-144.5,-47.0,0,0,,30,ANGLED ACROSS,36,CUT SHOT,0,0,3,18,213,7,Outside Leg stump,Short Length,0,0,4,0,0,0,0,0,88.83518581368551,-10.36197768416775,8.340941520999774,-0.5590874705614394,1.959996417734847,,,,,,,9.04056331407585,0.167505871527435,0.6293492676073046,87.65180298835219,Attacked,Missed,None,0.498275756835938,0.5237274169921875,9.15355,-0.083056,,,,,,,-999.9,-999.9,-999.9,-8.840544,0.484655,0.988263,-13.29857965637763,-10.05971142232748,0.5751249472041328,1.077610047268888,0.7146811854808303,0.6526216446732365,-1.0,-1.0,VIDARBHA-CA-GROUND-NAGPUR,-1.0,,L,L,R,India,New-Zealand,Seam,1
2014,1,1,India,Arshdeep Singh,Jacob Duffy,,19,3,0,0,0,0,0,0,1,0,0,0,0,0,0,0,0,,,0,18.3,1,1,0,782546,-144.5,-47.0,0,0,,38,STRAIGHT BALL,36,CUT SHOT,0,0,4,18,213,7,Outside Leg stump,Short Length,0,0,4,0,0,0,0,0,86.75152647824319,-10.07195836127976,8.340758688893459,-0.6632378051524292,1.950037191482128,,,,,,,8.538385452067462,0.1905627913594387,0.5943294242333609,80.09313449906026,Attacked,Missed,None,0.510898590087891,0.5371742248535156,9.036669,-0.413681,,,,,,,-999.9,-999.9,-999.9,-8.840854,-0.072029,0.924053,-13.19962519435548,-10.06015992616651,-0.01677717678119001,1.009625648980439,0.7130658113989106,0.5316450129525121,-1.0,-1.0,VIDARBHA-CA-GROUND-NAGPUR,-1.0,,L,L,R,India,New-Zealand,Seam,1
2014,1,1,India,Arshdeep Singh,Jacob Duffy,,19,4,0,0,0,0,0,0,1,0,0,0,0,0,0,0,0,,,0,18.4,1,1,0,782547,-144.5,-47.0,0,0,,47,SLOWER BALL,58,BACKFOOT PULL SHOT,0,0,5,18,213,7,Outside Leg stump,Short Length,0,0,4,0,0,0,0,0,75.40548179965398,-8.561639633387777,8.34115493810328,-0.5936690807026744,1.922670554073842,,,,,,,10.73639574637436,0.2305064524965607,0.6649053866944461,86.68516275451084,Attacked,Missed,None,0.594074249267578,0.626220703125,9.020066,-0.165651,,,,,,,-999.9,-999.9,-999.9,-8.840889,0.415464,1.022364,-14.40210338847018,-10.06023749135896,0.5179732469879255,1.083074842232487,0.0482242988539789,1.182361324012736,-1.0,-1.0,VIDARBHA-CA-GROUND-NAGPUR,-1.0,,L,L,R,India,New-Zealand,Seam,1
2014,1,1,India,Arshdeep Singh,Jacob Duffy,,19,5,4,4,4,0,0,0,0,0,0,0,0,0,1,0,0,,,0,18.5,1,1,0,782548,-10.5,223.5,4,0,,47,SLOWER BALL,58,BACKFOOT PULL SHOT,0,0,6,18,217,7,Outside Leg stump,Short Length,0,0,4,0,0,0,0,0,76.02136969305117,-8.519293401244633,8.340819129633012,-0.6224629937266033,1.936363328633534,,,,,,,9.42761505809446,0.2630174152143925,0.5949482751206594,72.94049974665965,Attacked,Played,None,0.589210510253906,0.5608062744140625,8.839637,-0.443443,,,,,,,-8.453251,-0.128029,0.889526,-8.840928,-0.110582,0.913581,-14.01905438056298,-10.06008801574858,-0.05533611646043762,0.9739935139215341,-0.03866928368969622,1.372072173557987,-1.0,-1.0,VIDARBHA-CA-GROUND-NAGPUR,-1.0,,L,L,R,India,New-Zealand,Seam,1
2014,1,1,India,Arshdeep Singh,Jacob Duffy,,19,6,0,0,0,0,0,0,1,0,0,0,0,0,0,0,0,,,0,18.6,1,1,0,782549,155.5,48.5,0,0,,38,STRAIGHT BALL,15,LOFTED COVER DRIVE,0,0,7,18,217,7,Outside Leg stump,Good Length,0,0,4,0,0,0,0,0,84.22008746968118,-6.537605660751156,8.340713058218277,-0.6016637720891979,1.947372987755962,,,,,,,7.878252482453099,0.1879788109957956,0.6670297277718744,91.25657806620161,Attacked,Played,None,0.511940002441406,0.4885482788085938,5.907888,-0.246406,,,,,,,-8.526196,-0.064802,0.549976,-8.84115,-0.051485,0.579568,-11.02029987075482,-10.06027681684103,0.0003747122489004828,0.6843309560754327,0.6344142993404303,0.3782741490526076,-1.0,-1.0,VIDARBHA-CA-GROUND-NAGPUR,-1.0,,L,L,R,India,New-Zealand,Seam,1
2014,1,1,India,Rinku Singh,Daryl Mitchell,,20,1,6,6,6,0,0,0,0,0,0,0,0,0,0,1,0,,,0,19.1,1,1,0,782550,3.0,224.5,6,0,,38,STRAIGHT BALL,69,STEP DOWN LOFTED STRAIGHT DRIVE,0,0,1,19,223,7,Outside Off stump,Good Length,1,0,4,0,0,0,0,0,72.88464565112231,-8.227663214292907,8.340472215310744,-0.3530067888372628,1.962104022017808,,,,,,,7.045393689870258,0.1749399097068719,0.5151958821241909,69.78539134794144,Attacked,Played,None,0.598800659179688,0.503173828125,7.877565,0.251655,,,,,,,-6.681253,0.561068,0.454629,-8.84105,0.713524,0.559388,-12.70646900219731,-10.05981957255317,0.8007227142768609,0.5883843555827147,0.3714701299817689,0.3870185731593154,-1.0,-1.0,VIDARBHA-CA-GROUND-NAGPUR,-1.0,,L,L,R,India,New-Zealand,Seam,1
2014,1,1,India,Rinku Singh,Daryl Mitchell,,20,2,6,6,6,0,0,0,0,0,0,0,0,0,0,1,0,,,0,19.2,1,1,0,782551,-185.5,91.0,6,0,,47,SLOWER BALL,18,SLOG SHOT,0,0,2,19,229,7,Off stump,Full Length,0,0,4,0,0,0,0,0,64.72443188381152,-3.456467389112167,8.340491854481606,-0.3257362404054755,2.017874992949172,,,,,,,7.681327131213451,0.2558953458613215,0.4835265879289848,56.93945360321558,Attacked,Played,None,0.66851806640625,0.5937652587890625,5.298579,0.141835,,,,,,,-7.516258,0.275176,0.332055,-8.840906,0.340353,0.42654,-14.14731738369817,-10.06024198671902,0.4009746739791593,0.4829947163958742,-0.916063802402471,1.178708326379256,-1.0,-1.0,VIDARBHA-CA-GROUND-NAGPUR,-1.0,,L,L,R,India,New-Zealand,Seam,1
2014,1,1,India,Rinku Singh,Daryl Mitchell,,20,3,0,0,0,0,0,0,1,0,0,0,0,0,0,0,0,,,0,19.3,1,1,0,782552,-185.5,91.0,0,0,,38,STRAIGHT BALL,105,LEFT ALONE,0,0,3,19,229,7,Wide outside Off stump,Good Length,0,0,4,0,0,0,0,0,68.96281285556402,-4.66443841102511,8.34070384626158,1.278651657488907,2.025174499567264,,,,,,,8.541168239856475,0.241889013268483,0.6395941907895971,81.75022729159127,None,None,None,0.61688232421875,0.6273422241210938,4.606096,1.094684,,,,,,,-999.9,-999.9,-999.9,-8.841076,1.052407,0.452553,-12.12438304168507,-10.0602814291699,1.036907395054305,0.5649450015202087,-0.4327426498883175,0.2850686004950181,-1.0,-1.0,VIDARBHA-CA-GROUND-NAGPUR,-1.0,,L,L,R,India,New-Zealand,Seam,1
2014,1,1,India,Rinku Singh,Daryl Mitchell,,20,4,1 (WD),1,0,0,0,0,0,1,1,0,0,0,0,0,0,,,0,19.4,1,1,1,782553,-185.5,91.0,1,0,,38,STRAIGHT BALL,105,LEFT ALONE,0,0,4,19,230,7,Wide outside Off stump,Good Length,0,0,4,0,0,0,0,0,73.9823000428586,-4.535453939587486,8.340547054441412,1.222868076250453,2.028171024140799,,,,,,,8.401321055020755,0.2333296447820822,0.6429650249468195,83.11178926381471,None,None,None,0.551673889160156,0.6100959777832031,4.314415,1.309566,,,,,,,-999.9,-999.9,-999.9,-8.841006,1.353492,0.421757,-11.92009928035588,-10.0602598738367,1.371092009391166,0.5401944145022863,0.145483909977271,0.3743801568414141,-1.0,-1.0,VIDARBHA-CA-GROUND-NAGPUR,-1.0,,L,L,R,India,New-Zealand,Seam,1
2014,1,1,India,Rinku Singh,Daryl Mitchell,,20,4,4,4,4,0,0,0,0,0,0,0,0,0,1,0,0,,,0,19.4,1,1,0,782554,-162.0,-80.5,4,0,,36,BOUNCER,58,BACKFOOT PULL SHOT,1,0,5,19,234,7,Outside Off stump,Short Length,0,0,4,0,0,0,0,0,67.1240803820562,-21.16328086985915,8.340483785562189,1.144550087647613,1.866700799949986,,,,,,,14.64562480087801,0.2731250767296405,0.4654721420206764,52.50831363013742,Attacked,Played,None,0.792320251464844,0.690216064453125,14.084001,0.647163,,,,,,,-7.173135,0.012396,1.415468,-8.840841,-0.087968,1.32158,-24.75261194326537,-10.06012602168041,-0.1623891946539351,1.197026000822776,-0.3290412739198041,3.655505706203047,-1.0,-1.0,VIDARBHA-CA-GROUND-NAGPUR,-1.0,,L,L,R,India,New-Zealand,Seam,1
2014,1,1,India,Rinku Singh,Daryl Mitchell,,20,5,0,0,0,0,0,0,1,0,0,0,0,0,0,0,0,,,0,19.5,1,1,0,782555,-162.0,-80.5,0,0,,38,STRAIGHT BALL,15,LOFTED COVER DRIVE,0,0,6,19,234,7,Outside Off stump,Full Length,0,0,4,0,0,0,0,0,72.83664262068665,-5.017318222488986,8.340788696582386,1.227574350533883,2.046139476595854,,,,,,,8.432285952619972,0.1854112669020941,0.653214440564772,89.44103939450639,Attacked,Missed,None,0.586029052734375,0.6179122924804688,4.670883,0.916179,,,,,,,-999.9,-999.9,-999.9,-8.841002,0.848964,0.46018,-11.98178633823249,-10.06029705686811,0.8247865680647049,0.5736454995464191,-0.475286933828707,0.4469543084897352,-1.0,-1.0,VIDARBHA-CA-GROUND-NAGPUR,-1.0,,L,L,R,India,New-Zealand,Seam,1
2014,1,1,India,Rinku Singh,Daryl Mitchell,,20,6,4,4,4,0,0,0,0,0,0,0,0,0,1,0,0,,,0,19.6,1,1,0,782556,-170.5,-64.0,4,0,,36,BOUNCER,58,BACKFOOT PULL SHOT,1,0,7,19,238,7,Outside Off stump,Short Length,0,0,4,0,0,0,0,0,76.44120783358576,-11.97917422421956,8.34111722239744,1.181618538206798,1.977707616659005,,,,,,,10.94163907756168,0.2462491793678833,0.5902333523952219,73.91008492249496,Attacked,Played,None,0.605278015136719,0.5446014404296875,10.623355,0.647526,,,,,,,-7.660196,0.067909,1.183925,-8.840746,-0.018657,1.271673,-16.20101142331372,-10.06014232530995,-0.1090111309972285,1.339851737024089,-0.8297064102077535,0.4567848258526665,-1.0,-1.0,VIDARBHA-CA-GROUND-NAGPUR,-1.0,,L,L,R,India,New-Zealand,Seam,1
2014,2,4,New Zealand,Devon Conway,Arshdeep Singh,,1,1,0,0,0,0,0,0,1,0,0,0,0,0,0,0,0,,,0,0.1,1,1,0,782557,,,0,0,,41,INSWINGER,54,LEG GLANCE,0,0,1,0,0,0,Leg stump,Short of Good Length,1,0,0,0,0,0,0,0,80.55131318525673,-8.921327545520652,8.34069428722804,0.3420207930797365,2.057427135307563,,,,,,,7.77991294597189,0.1687577844077882,0.5581108382059399,76.84084729011217,Attacked,Missed,None,0.542861938476562,0.5247802734375,7.909972,-0.170326,,,,,,,-8.756055,-0.288454,0.713266,-8.840905,-0.290011,0.718745,-12.95944035139375,-10.06011726999376,-0.3125092992976958,0.7880567961929043,1.272115255910715,1.135009199583728,-1.0,-1.0,VIDARBHA-CA-GROUND-NAGPUR,-1.0,,L,R,L,New-Zealand,India,Seam,1
2014,2,4,New Zealand,Devon Conway,Arshdeep Singh,,1,2,0 WK,W,0,0,0,0,1,0,0,0,0,0,0,0,1,Caught,WICKET,1,0.2,1,1,0,782558,,,0,0,,42,OUTSWINGER,51,FRONTFOOT COVERDRIVE,0,0,2,0,0,1,Outside Off stump,Good Length,2,0,0,0,0,0,0,0,81.84373129191027,-7.381420695618258,8.341119855159128,0.3871397996414999,2.03841939353693,,,,,,,8.015286511214216,0.2360222732979172,0.6306442504663273,80.99441024015738,None,None,None,0.531486511230469,0.4788436889648438,6.313568,0.325325,,,,,,,-7.671129,0.51184,0.503444,-8.84111,0.578021,0.610895,-11.61321859660625,-10.05997656888114,0.6523910548327438,0.7058936672933558,3.071526209564095,1.026318031509089,-1.0,-1.0,VIDARBHA-CA-GROUND-NAGPUR,-1.0,,L,R,L,New-Zealand,India,Seam,1
2014,2,4,New Zealand,Rachin Ravindra,Arshdeep Singh,,1,3,0,0,0,0,0,0,1,0,0,0,0,0,0,0,0,,,0,0.3,1,1,0,782559,84.5,-10.0,0,0,,42,OUTSWINGER,59,FRONTFOOT SQUARE DRIVE,0,0,3,0,0,1,Outside Off stump,Good Length,3,0,0,0,0,0,0,0,82.99651229542029,-6.894073712063448,8.34048422243194,0.4469573011028971,2.042224557252455,,,,,,,7.211256920952098,0.1642519807034646,0.5957814495077098,82.94201935581002,Attacked,Played,None,0.518325805664062,0.4957008361816406,5.779337,0.365917,,,,,,,-8.555535,0.515831,0.482798,-8.840987,0.526018,0.506233,-11.37111098341607,-10.06030422307891,0.5697921556649354,0.5965157156773973,3.089987777488096,0.7268013427154688,-1.0,-1.0,VIDARBHA-CA-GROUND-NAGPUR,-1.0,,L,R,L,New-Zealand,India,Seam,1
2014,2,4,New Zealand,Rachin Ravindra,Arshdeep Singh,,1,4,1,1,1,1,0,0,0,0,0,0,0,0,0,0,0,,,0,0.4,1,1,0,782560,107.5,-78.5,1,0,,42,OUTSWINGER,51,FRONTFOOT COVERDRIVE,0,0,4,0,1,1,Outside Off stump,Good Length,0,0,0,0,0,0,0,0,81.95454449732513,-7.768297526122578,8.340448548422081,0.4850488205455588,2.072038835835464,,,,,,,8.21466347999349,0.2134964876167935,0.5884618803725195,76.91963329419858,Attacked,Edged,None,0.532814025878906,0.49530029296875,7.051397,0.521622,,,,,,,-8.123992,0.470533,0.634431,-8.841026,0.463204,0.695778,-12.76083952470097,-10.05979440248528,0.4506482871635316,0.78633214104932,-1.077969661172857,-0.1838024662956737,-1.0,-1.0,VIDARBHA-CA-GROUND-NAGPUR,-1.0,,L,R,L,New-Zealand,India,Seam,1
2014,2,4,New Zealand,Tim Robinson,Arshdeep Singh,,1,5,0,0,0,0,0,0,1,0,0,0,0,0,0,0,0,,,0,0.5,1,1,0,782561,107.5,-78.5,0,0,,41,INSWINGER,27,FORWARD PUSH,0,0,5,0,1,1,Leg stump,Full Length,0,0,0,0,0,0,0,0,83.62497473522276,-5.306126851859609,8.340484467832994,0.2852144258179202,2.048547143574658,,,,,,,6.495960499190399,0.133320194439362,0.6180604318298348,89.37704533053902,Attacked,Missed,None,0.507030487060547,0.48248291015625,3.289408,0.083989,,,,,,,-8.477501,0.130529,0.221684,-8.840959,0.140516,0.256423,-10.04577563696355,-10.06035179316303,0.1742238981224958,0.363316834071932,3.33453937872268,0.5546282827587876,-1.0,-1.0,VIDARBHA-CA-GROUND-NAGPUR,-1.0,,R,L,L,New-Zealand,India,Seam,1
2014,2,4,New Zealand,Tim Robinson,Arshdeep Singh,,1,6,0,0,0,0,0,0,1,0,0,0,0,0,0,0,0,,,0,0.6,1,1,0,782562,83.5,32.0,0,0,,41,INSWINGER,27,FORWARD PUSH,0,0,6,0,1,1,Leg stump,Good Length,0,0,0,0,0,0,0,0,84.38133654915765,-6.808835718819305,8.341014167665048,0.3007069682390482,2.032853638084689,,,,,,,7.525668833363639,0.2218248686430124,0.65528148317892,86.10973561253677,Defended,Played,None,0.510932922363281,0.4801597595214844,5.283018,0.048773,,,,,,,-8.306112,0.103352,0.443683,-8.840834,0.111754,0.494034,-10.63037307169621,-10.06017087085386,0.1310468738095044,0.5975301231037123,2.809041309546162,0.5007617416569701,-1.0,-1.0,VIDARBHA-CA-GROUND-NAGPUR,-1.0,,R,L,L,New-Zealand,India,Seam,1
2014,2,4,New Zealand,Rachin Ravindra,Hardik Pandya,,2,1,0,0,0,0,0,0,1,0,0,0,0,0,0,0,0,,,0,1.1,1,1,0,782563,85.0,30.0,0,0,,38,STRAIGHT BALL,51,FRONTFOOT COVERDRIVE,0,0,1,1,1,1,Off stump,Good Length,1,0,0,0,0,0,0,0,79.60061036330735,-7.934422475306216,8.3405595103068,-0.6497747808417822,2.01466144819116,,,,,,,7.035595862136887,0.1682246217611429,0.5034396053754528,68.69347863020364,Attacked,Played,None,0.544853210449219,0.4902877807617188,7.561905,-0.094493,,,,,,,-7.823397,0.266708,0.536594,-8.841073,0.337464,0.598215,-12.98957044593535,-10.05985429527584,0.4229608845447729,0.6560601284940357,0.1898571970817315,0.7716005034212293,-1.0,-1.0,VIDARBHA-CA-GROUND-NAGPUR,-1.0,,L,R,R,New-Zealand,India,Seam,1
2014,2,4,New Zealand,Rachin Ravindra,Hardik Pandya,,2,2,0,0,0,0,0,0,1,0,0,0,0,0,0,0,0,,,0,1.2,1,1,0,782564,53.5,100.5,0,0,,38,STRAIGHT BALL,84,FRONTFOOT OFF DRIVE,0,0,2,1,1,1,Leg stump,Good Length,0,0,0,0,0,0,0,0,80.41322171984126,-7.570154964418161,8.340804671381491,-0.6509642683569613,2.015922643812802,,,,,,,8.635734490231599,0.1927605064330387,0.6433229035284151,87.22238488595842,Attacked,Played,None,0.541213989257812,0.4896697998046875,7.007268,-0.063478,,,,,,,-7.742684,0.292266,0.622158,-8.840735,0.377474,0.726256,-12.39350851609921,-10.06011298695748,0.4729821409731794,0.8252288666142649,2.859649271098755,-0.1785163782936841,-1.0,-1.0,VIDARBHA-CA-GROUND-NAGPUR,-1.0,,L,R,R,New-Zealand,India,Seam,1
2014,2,4,New Zealand,Rachin Ravindra,Hardik Pandya,,2,3,0 WK,W,0,0,0,0,1,0,0,0,0,0,0,0,1,Caught,WICKET,1,1.3,1,1,0,782565,53.5,100.5,0,0,,42,OUTSWINGER,74,STEP DOWN ON DRIVE,0,0,3,1,1,2,Outside Leg stump,Short of Good Length,1,0,0,0,0,0,0,0,82.25304066604603,-9.130530581436906,8.340522379294455,-0.6960496547748087,2.004856705559467,,,,,,,8.906914505532471,0.1324409292942786,0.6362240506485269,92.1895146678512,None,None,None,0.530353546142578,0.4493408203125,8.34933,-0.328024,,,,,,,-6.785814,-0.058468,0.707196,-8.840885,0.053741,0.905051,-13.15672673994845,-10.06029126630542,0.1211925999133306,1.000816143027799,0.6079963786215508,0.570708871593127,-1.0,-1.0,VIDARBHA-CA-GROUND-NAGPUR,-1.0,,L,R,R,New-Zealand,India,Seam,1
2014,2,4,New Zealand,Glenn Phillips,Hardik Pandya,,2,4,1,1,1,1,0,0,0,0,0,0,0,0,0,0,0,,,0,1.4,1,1,0,782566,55.0,104.5,1,0,,39,ANGLED IN,27,FORWARD PUSH,0,0,4,1,2,2,Off stump,Good Length,2,0,0,0,0,0,0,0,82.66710083577408,-6.478049990441729,8.340634682759049,-0.679884064746312,2.030304762678027,,,,,,,7.694802010926488,0.1501390709390594,0.6186149073878853,87.77832901427686,Attacked,Played,None,0.519790649414062,0.4902076721191406,5.737493,-0.196629,,,,,,,-8.352813,-0.113401,0.489066,-8.841099,-0.104175,0.534197,-11.71937789308595,-10.06000071436781,-0.0819884311438647,0.6358059261714488,-0.9903104530079676,-0.3962322250839233,-1.0,-1.0,VIDARBHA-CA-GROUND-NAGPUR,-1.0,,R,R,R,New-Zealand,India,Seam,1
2014,2,4,New Zealand,Tim Robinson,Hardik Pandya,,2,5,0,0,0,0,0,0,1,0,0,0,0,0,0,0,0,,,0,1.5,1,1,0,782567,-71.5,42.0,0,0,,39,ANGLED IN,49,FORWARD DEFENCE,0,0,5,1,2,2,Outside Off stump,Good Length,0,0,0,0,0,0,0,0,83.2791246412769,-7.313923202160334,8.340682226083523,-0.7120047952113087,2.008707750542206,,,,,,,7.774303014345239,0.1983519621242952,0.5966108929815752,79.65643773480676,Defended,Played,None,0.521930694580078,0.4870491027832031,6.68429,-0.170668,,,,,,,-8.191625,0.026565,0.568659,-8.841013,0.053737,0.623205,-12.04651195667632,-10.06021074056253,0.105133685382818,0.7130779172574591,-0.3982293519671978,-0.1342758498834973,-1.0,-1.0,VIDARBHA-CA-GROUND-NAGPUR,-1.0,,R,R,R,New-Zealand,India,Seam,1
2014,2,4,New Zealand,Tim Robinson,Hardik Pandya,,2,6,2,2,2,0,1,0,0,0,0,0,0,0,0,0,0,,,0,1.6,1,1,0,782568,-131.0,93.0,2,0,,38,STRAIGHT BALL,15,LOFTED COVER DRIVE,0,0,6,1,4,2,Outside Off stump,Good Length,0,0,0,0,0,0,0,0,80.58158079251326,-6.381132493823288,8.34056952076267,-0.6609341244663259,2.021646179389851,,,,,,,8.86352639207891,0.2126066751018506,0.674283547560845,89.8818646239417,Attacked,Played,None,0.535823822021484,0.50042724609375,5.9497,-0.417675,,,,,,,-8.158711,-0.431452,0.565637,-8.840549,-0.433816,0.638999,-12.06200358798617,-10.06010184607986,-0.4380773400699667,0.7565764463572471,-1.242144130073938,-0.6608290800424297,-1.0,-1.0,VIDARBHA-CA-GROUND-NAGPUR,-1.0,,R,R,R,New-Zealand,India,Seam,1
2014,2,4,New Zealand,Glenn Phillips,Arshdeep Singh,,3,1,4,4,4,0,0,0,0,0,0,0,0,0,1,0,0,,,0,2.1,1,1,0,782569,170.0,130.5,4,0,,41,INSWINGER,47,FRONTFOOT ON DRIVE,0,0,1,2,8,2,Middle stump,Good Length,1,0,0,0,0,0,0,0,82.66618310602186,-6.469428272459012,8.34059787369139,0.3302279343313198,2.013136381383,,,,,,,8.699910730520994,0.219399238172551,0.740973152133499,99.20604900276976,Attacked,Played,None,0.521804809570312,0.4857101440429688,5.263462,0.072716,,,,,,,-8.164733,0.07449,0.491683,-8.840978,0.074852,0.569158,-10.83625170005033,-10.06017976456495,0.07550973844833188,0.6961407089182179,2.734841145538377,-0.2819208186320965,-1.0,-1.0,VIDARBHA-CA-GROUND-NAGPUR,-1.0,,R,R,L,New-Zealand,India,Seam,1
2014,2,4,New Zealand,Glenn Phillips,Arshdeep Singh,,3,2,1,1,1,1,0,0,0,0,0,0,0,0,0,0,0,,,0,2.2,1,1,0,782570,-45.0,88.0,1,0,,38,STRAIGHT BALL,27,FORWARD PUSH,0,0,2,2,9,2,Outside Leg stump,Good Length,0,0,0,0,0,0,0,0,80.23243961322503,-6.76633878816048,8.340654987721152,0.4079819298931255,2.08139050160451,,,,,,,9.153871414421303,0.2237540197062031,0.67715568206731,89.1979503394762,Attacked,Played,None,0.536567687988281,0.5024871826171875,6.106481,0.106935,,,,,,,-8.108693,-0.056645,0.610235,-8.841076,-0.086043,0.691025,-12.32183701453566,-10.06006271677798,-0.135361176865714,0.811179625204474,-1.089123840458065,-0.247042174616198,-1.0,-1.0,VIDARBHA-CA-GROUND-NAGPUR,-1.0,,R,R,L,New-Zealand,India,Seam,1
2014,2,4,New Zealand,Tim Robinson,Arshdeep Singh,,3,3,1,1,1,1,0,0,0,0,0,0,0,0,0,0,0,,,0,2.3,1,1,0,782571,77.0,53.0,1,0,,38,STRAIGHT BALL,97,BACKFOOT PUSH,0,0,3,2,10,2,Outside Leg stump,Short of Good Length,0,0,0,0,0,0,0,0,81.03742800469256,-9.319537632995411,8.341186208578527,0.3555027450532012,2.035740185585861,,,,,,,8.877870915839766,0.1756750219648231,0.6309149660099925,87.06974270501658,Defended,Played,None,0.524002075195312,0.5043182373046875,8.194011,0.106993,,,,,,,-8.490088,-0.053968,0.848138,-8.840548,-0.060533,0.878603,-13.01527033689148,-10.06005919406114,-0.08174240177006803,0.9739051818909052,0.1154385774177535,-0.3438116318037882,-1.0,-1.0,VIDARBHA-CA-GROUND-NAGPUR,-1.0,,R,R,L,New-Zealand,India,Seam,1
2014,2,4,New Zealand,Glenn Phillips,Arshdeep Singh,,3,4,0,0,0,0,0,0,1,0,0,0,0,0,0,0,0,,,0,2.4,1,1,0,782572,-21.0,5.5,0,0,,30,ANGLED ACROSS,51,FRONTFOOT COVERDRIVE,0,0,4,2,10,2,Outside Off stump,Good Length,0,0,0,0,0,0,0,0,84.03202036059695,-7.363396427648545,8.340488271979329,0.3672420087466198,2.021210175724721,,,,,,,7.123115126852624,0.1776942772225994,0.5653383865320699,77.03133025755054,Attacked,Edged,None,0.514286041259766,0.4976806640625,6.500653,-0.288594,,,,,,,-8.711544,-0.637131,0.547793,-8.840698,-0.646049,0.557237,-11.75893535728539,-10.06006012581092,-0.730697498648412,0.6376168472390835,-0.3256140511645995,-0.4717182573729739,-1.0,-1.0,VIDARBHA-CA-GROUND-NAGPUR,-1.0,,R,R,L,New-Zealand,India,Seam,1
2014,2,4,New Zealand,Glenn Phillips,Arshdeep Singh,,3,5,0,0,0,0,0,0,1,0,0,0,0,0,0,0,0,,,0,2.5,1,1,0,782573,-56.5,33.5,0,0,,38,STRAIGHT BALL,52,BACKFOOT COVERDRIVE,0,0,5,2,10,2,Off stump,Short of Good Length,0,0,0,0,0,0,0,0,84.45846800775003,-7.250276012092286,8.34083084187737,0.3281931441496888,2.039837185653556,,,,,,,9.113800732167237,0.1815851427030829,0.7263316292921621,100.791230123516,Attacked,Played,None,0.5126953125,0.4879074096679688,6.273367,-0.045089,,,,,,,-8.481733,-0.205344,0.684884,-8.840931,-0.217848,0.725578,-11.67081135099915,-10.05974115496074,-0.2605461319615037,0.8536879705790328,-0.1079703258193854,-0.1014191434474502,-1.0,-1.0,VIDARBHA-CA-GROUND-NAGPUR,-1.0,,R,R,L,New-Zealand,India,Seam,1
2014,2,4,New Zealand,Glenn Phillips,Arshdeep Singh,,3,6,6,6,6,0,0,0,0,0,0,0,0,0,0,1,0,,,0,2.6,1,1,0,782574,-21.5,224.5,6,0,,38,STRAIGHT BALL,13,LOFTED STRAIGHT,0,0,6,2,16,2,Off stump,Good Length,0,0,0,0,0,0,0,0,83.58349582658899,-6.856454900569384,8.340486575249518,0.3835507998592725,2.039130882179041,,,,,,,8.090117306351422,0.1755218551544954,0.6520524591078968,90.25568335073498,Attacked,Played,None,0.513713836669922,0.4749069213867188,5.941705,-0.132591,,,,,,,-8.007092,-0.338847,0.515491,-8.840825,-0.383884,0.598632,-11.58636480424283,-10.0598163718746,-0.4502662785981154,0.7070466622756221,-0.875100492619444,-0.1630054641866656,-1.0,-1.0,VIDARBHA-CA-GROUND-NAGPUR,-1.0,,R,R,L,New-Zealand,India,Seam,1
2014,2,4,New Zealand,Tim Robinson,Hardik Pandya,,4,1,1 (WD),1,0,0,0,0,0,1,1,0,0,0,0,0,0,,,0,3.1,1,1,1,782575,-21.5,224.5,1,0,,36,BOUNCER,105,LEFT ALONE,1,0,1,3,17,2,Outside Off stump,Short Length,1,0,0,0,0,0,0,0,82.97479601194331,-17.66465732467035,8.340887334645657,-0.6578412872546188,1.932442198557088,,,,,,,14.50474386611213,0.2442954304470213,0.5719125307230999,71.35733656376286,None,None,None,0.599040985107422,0.6318740844726562,12.981483,-0.471317,,,,,,,-999.9,-999.9,-999.9,-8.840726,-0.210338,2.238195,-21.08837912454533,-10.06016086190611,-0.1675009286596475,2.359895346130357,0.2050730730945841,-1.405504778884099,-1.0,-1.0,VIDARBHA-CA-GROUND-NAGPUR,-1.0,,R,R,R,New-Zealand,India,Seam,1
2014,2,4,New Zealand,Tim Robinson,Hardik Pandya,,4,1,4,4,4,0,0,0,0,0,0,0,0,0,1,0,0,,,0,3.1,1,1,0,782576,-62.0,-150.0,4,0,,38,STRAIGHT BALL,15,LOFTED COVER DRIVE,0,0,2,3,21,2,Outside Off stump,Good Length,0,0,0,0,0,0,0,0,70.46552298788585,-4.826520258103802,8.340816518939079,-0.8849420217303725,2.00514952472549,,,,,,,9.290794850678951,0.2102116107743878,0.6413599739476564,85.1828350147097,Attacked,Edged,None,0.614753723144531,0.5754318237304688,5.703255,-0.707677,,,,,,,-8.281518,-0.688429,0.553671,-8.840633,-0.685638,0.610298,-13.19428325499319,-10.06004090153268,-0.6795064186683398,0.7166834199354988,-0.6278233202110717,-0.1940159536013587,-1.0,-1.0,VIDARBHA-CA-GROUND-NAGPUR,-1.0,,R,R,R,New-Zealand,India,Seam,1
2014,2,4,New Zealand,Tim Robinson,Hardik Pandya,,4,2,6,6,6,0,0,0,0,0,0,0,0,0,0,1,0,,,0,3.2,1,1,0,782577,177.5,107.5,6,0,,39,ANGLED IN,70,STEP DOWN PULL SHOT,0,0,3,3,27,2,Outside Off stump,Short Length,0,0,0,0,0,0,0,0,81.65851523698366,-10.69337166114748,8.340752761081216,-0.7355501035610705,1.983631495725378,,,,,,,8.773255060726324,0.1716377406218434,0.5761253022058002,79.25502126868568,Attacked,Played,None,0.540069580078125,0.4783401489257813,9.509019,-0.215535,,,,,,,-7.414931,0.03466,0.974556,-8.840959,0.088377,1.134837,-14.03959554106562,-10.06003472832734,0.1347972462607188,1.261890120628883,0.05030874440407557,-1.339508222937794,-1.0,-1.0,VIDARBHA-CA-GROUND-NAGPUR,-1.0,,R,R,R,New-Zealand,India,Seam,1
2014,2,4,New Zealand,Tim Robinson,Hardik Pandya,,4,3,1,1,1,1,0,0,0,0,0,0,0,0,0,0,0,,,0,3.3,1,1,0,782578,-81.5,56.5,1,0,,38,STRAIGHT BALL,51,FRONTFOOT COVERDRIVE,0,0,4,3,28,2,Outside Off stump,Good Length,0,0,0,0,0,0,0,0,73.65927776286956,-5.933225426956299,8.340472141121744,-0.8668177038912607,2.004043138416838,,,,,,,8.64359417650636,0.193928581564718,0.5969026003971548,80.14253190310143,Attacked,Played,None,0.588478088378906,0.5604400634765625,6.576712,-0.618987,,,,,,,-8.483054,-0.46064,0.624179,-8.840523,-0.449077,0.653805,-13.27755923897265,-10.05975259188846,-0.409385511071502,0.7410396017250016,-0.6245435019126157,0.9047198582772003,-1.0,-1.0,VIDARBHA-CA-GROUND-NAGPUR,-1.0,,R,R,R,New-Zealand,India,Seam,1
2014,2,4,New Zealand,Glenn Phillips,Hardik Pandya,,4,4,1,1,1,1,0,0,0,0,0,0,0,0,0,0,0,,,0,3.4,1,1,0,782579,-103.5,46.0,1,0,,38,STRAIGHT BALL,51,FRONTFOOT COVERDRIVE,0,0,5,3,29,2,Outside Off stump,Good Length,0,0,0,0,0,0,0,0,72.90158079221808,-5.506467786791431,8.340522282771197,-0.7970394199093116,2.014870958860129,,,,,,,8.3478495354695,0.2045406714176237,0.5791506963570376,76.41853731179329,Attacked,Played,None,0.593650817871094,0.5681076049804688,6.142711,-0.506726,,,,,,,-8.565834,-0.399006,0.56168,-8.840853,-0.392507,0.58391,-13.18110611321822,-10.06005869781491,-0.3635260388947278,0.6690275291396752,-0.1943892724873216,0.04924858158106465,-1.0,-1.0,VIDARBHA-CA-GROUND-NAGPUR,-1.0,,R,R,R,New-Zealand,India,Seam,1
2014,2,4,New Zealand,Tim Robinson,Hardik Pandya,,4,5,0,0,0,0,0,0,1,0,0,0,0,0,0,0,0,,,0,3.5,1,1,0,782580,-98.0,52.5,0,0,,38,STRAIGHT BALL,52,BACKFOOT COVERDRIVE,0,0,6,3,29,2,Outside Off stump,Short of Good Length,0,0,0,0,0,0,0,0,82.83299249020097,-8.481638583517343,8.341192806619883,-0.8513283036692669,1.990518644230292,,,,,,,7.514999273759273,0.1451388547333783,0.5697815200963778,80.95334254111886,Attacked,Played,None,0.524871826171875,0.5015602111816406,7.701618,-0.668512,,,,,,,-8.581124,-0.640054,0.66287,-8.840993,-0.638835,0.680689,-12.40481818787155,-10.0598732323173,-0.6330857011323664,0.7544771965602748,-0.05587279793194553,-0.6934794817349146,-1.0,-1.0,VIDARBHA-CA-GROUND-NAGPUR,-1.0,,R,R,R,New-Zealand,India,Seam,1
2014,2,4,New Zealand,Tim Robinson,Hardik Pandya,,4,6,4,4,4,0,0,0,0,0,0,0,0,0,1,0,0,,,0,3.6,1,1,0,782581,-193.5,62.5,4,0,,38,STRAIGHT BALL,51,FRONTFOOT COVERDRIVE,0,0,7,3,33,2,Outside Off stump,Full Length,0,0,0,0,0,0,0,0,70.52578528405938,-3.125293857973792,8.341079745426516,-1.000478735186379,2.012139114222983,,,,,,,7.990077011719571,0.1388925782515106,0.5727556387090728,82.02408798120986,Attacked,Played,None,0.601558685302734,0.5801925659179688,4.144776,-0.777034,,,,,,,-8.666195,-0.707488,0.362995,-8.841043,-0.703018,0.380573,-13.09227595505339,-10.06020392862257,-0.6716825641535312,0.4906911897862395,-0.3220600930273238,0.7054010673349657,-1.0,-1.0,VIDARBHA-CA-GROUND-NAGPUR,-1.0,,R,R,R,New-Zealand,India,Seam,1
2014,2,4,New Zealand,Glenn Phillips,Jasprit Bumrah,,5,1,0,0,0,0,0,0,1,0,0,0,0,0,0,0,0,,,0,4.1,1,1,0,782582,48.0,93.0,0,0,,39,ANGLED IN,47,FRONTFOOT ON DRIVE,0,0,1,4,33,2,Off stump,Full Length,1,0,0,0,0,0,0,0,87.13071213407125,-6.959550402931104,8.340700900594868,-0.9645368610232059,2.032650797976455,,,,,,,7.870643563100432,0.1576393583502729,0.6808675760040638,96.36620056558229,Attacked,Played,None,0.492851257324219,0.4574432373046875,5.594867,-0.22381,,,,,,,-8.08031,0.00789,0.479871,-8.840998,0.057468,0.557959,-10.90513069857129,-10.06012879932369,0.1375410656399002,0.6716971759169288,0.3539927657035959,0.1238234246891309,-1.0,-1.0,VIDARBHA-CA-GROUND-NAGPUR,-1.0,,R,R,R,New-Zealand,India,Seam,1
2014,2,4,New Zealand,Glenn Phillips,Jasprit Bumrah,,5,2,1,1,1,1,0,0,0,0,0,0,0,0,0,0,0,,,0,4.2,1,1,0,782583,-71.0,-24.5,1,0,,47,SLOWER BALL,44,GLIDE,0,0,2,4,34,2,Outside Off stump,Short of Good Length,0,0,0,0,0,0,0,0,73.54491598430047,-7.093217581398334,8.340797556986246,-1.080056144282693,2.030869417304159,,,,,,,9.364037877288716,0.201268707642393,0.5993677257223504,79.77828809411326,Attacked,Edged,None,0.596580505371094,0.5656356811523438,7.726312,-0.696154,,,,,,,-8.414865,-0.407696,0.802725,-8.84101,-0.385457,0.836581,-14.18073143264198,-10.05998280467625,-0.3202932500937157,0.9185513060084599,-0.140046517496288,0.4877127509651105,-1.0,-1.0,VIDARBHA-CA-GROUND-NAGPUR,-1.0,,R,R,R,New-Zealand,India,Seam,1
2014,2,4,New Zealand,Tim Robinson,Jasprit Bumrah,,5,3,1,1,1,1,0,0,0,0,0,0,0,0,0,0,0,,,0,4.3,1,1,0,782584,53.0,40.0,1,0,,39,ANGLED IN,97,BACKFOOT PUSH,0,0,3,4,35,2,Outside Off stump,Short of Good Length,0,0,0,0,0,0,0,0,87.21065706726118,-10.09189291804356,8.341211443358652,-1.081883478709893,1.976325616763599,,,,,,,9.133709040309942,0.2323787043839822,0.6175494693019966,79.39454995690127,Defended,Played,None,0.513221740722656,0.4880447387695313,9.017811,-0.500033,,,,,,,-8.464432,-0.035648,0.955351,-8.841043,-0.011326,0.986288,-13.34622045989624,-10.06018710334468,0.06793519162679929,1.075261229092205,0.323490197592718,-0.2389862354510012,-1.0,-1.0,VIDARBHA-CA-GROUND-NAGPUR,-1.0,,R,R,R,New-Zealand,India,Seam,1
2014,2,4,New Zealand,Glenn Phillips,Jasprit Bumrah,,5,4,4,4,4,0,0,0,0,0,0,0,0,0,1,0,0,,,0,4.4,1,1,0,782585,-188.0,120.0,4,0,,38,STRAIGHT BALL,51,FRONTFOOT COVERDRIVE,0,0,4,4,39,2,Outside Off stump,Full Length,0,0,0,0,0,0,0,0,75.29269189250017,-2.2778552139278,8.340625791929504,-1.093259809596548,2.017595411278089,,,,,,,7.414497473155595,0.0781799129176511,0.5815161458604335,89.40943058729992,Attacked,Played,None,0.5595703125,0.5404472351074219,2.456911,-0.570724,,,,,,,-8.724617,-0.52973,0.183455,-8.841042,-0.525455,0.197003,-12.28144564305184,-10.06007746263001,-0.4804704630351545,0.3291347491043047,-0.6726496533389743,0.5654892171008232,-1.0,-1.0,VIDARBHA-CA-GROUND-NAGPUR,-1.0,,R,R,R,New-Zealand,India,Seam,1
2014,2,4,New Zealand,Glenn Phillips,Jasprit Bumrah,,5,5,0,0,0,0,0,0,1,0,0,0,0,0,0,0,0,,,0,4.5,1,1,0,782586,-188.0,120.0,0,0,,36,BOUNCER,31,UPPER CUT,1,0,5,4,39,2,Outside Off stump,Short Length,0,0,0,0,0,0,0,0,85.95879714931735,-13.12806796815986,8.341212135194176,-1.181255296199562,1.950351907879734,,,,,,,12.26364791322705,0.2339423878127296,0.6640619232238895,86.21504970231047,Attacked,Missed,None,0.53668212890625,0.5643997192382812,11.015212,-0.905596,,,,,,,-999.9,-999.9,-999.9,-8.840945,-0.498153,1.691979,-16.18827557041527,-10.06027318895771,-0.4450129716461019,1.828892082661878,-0.3130267986808801,0.3105426762507696,-1.0,-1.0,VIDARBHA-CA-GROUND-NAGPUR,-1.0,,R,R,R,New-Zealand,India,Seam,1
2014,2,4,New Zealand,Glenn Phillips,Jasprit Bumrah,,5,6,0,0,0,0,0,0,1,0,0,0,0,0,0,0,0,,,0,4.6,1,1,0,782587,-27.0,65.5,0,0,,39,ANGLED IN,27,FORWARD PUSH,0,0,6,4,39,2,Off stump,Full Length,0,0,0,0,0,0,0,0,87.08409092071409,-6.426737575836007,8.340594177334534,-1.002925499949413,2.017705189462244,,,,,,,6.920767154629345,0.1665835773337488,0.6535271905130042,91.37072084357575,Attacked,Played,None,0.491455078125,0.4644927978515625,4.61583,-0.237,,,,,,,-8.430423,-0.084498,0.366801,-8.840876,-0.063265,0.404894,-10.02359049338209,-10.06006990729319,0.0002057793409903919,0.5087069689078241,0.01150046471468964,-0.2930177381483879,-1.0,-1.0,VIDARBHA-CA-GROUND-NAGPUR,-1.0,,R,R,R,New-Zealand,India,Seam,1
2014,2,4,New Zealand,Tim Robinson,Axar Patel,,6,1,0,0,0,0,0,0,1,0,0,0,0,0,0,0,0,,,0,5.1,1,1,0,782588,-71.0,45.5,0,0,,10,ORTHODOX,52,BACKFOOT COVERDRIVE,0,0,1,5,39,2,Middle stump,Good Length,1,0,0,0,0,0,0,0,55.82669833318509,-3.957416891991577,8.34096371573634,-1.073054950133243,2.257502981468563,,,,,,,9.749772106947416,0.1760080902716039,0.5413988971093446,73.6090255392413,Attacked,Played,None,0.797103881835938,0.7602996826171875,5.769403,-0.15005,,,,,,,-8.978702,0.204213,0.578993,-8.840944,0.193614,0.570736,-16.32267650231265,-10.06021137241869,0.2878320225288358,0.6267916089765289,2.626624215540278,-1.305399087526837,-1.0,-1.0,VIDARBHA-CA-GROUND-NAGPUR,-1.0,,R,R,L,New-Zealand,India,Spin,1
2014,2,4,New Zealand,Tim Robinson,Axar Patel,,6,2,1,1,1,1,0,0,0,0,0,0,0,0,0,0,0,,,0,5.2,1,1,0,782589,153.5,90.5,1,0,,10,ORTHODOX,101,BACKFOOT ON DRIVE,0,0,2,5,40,2,Middle stump,Good Length,0,0,0,0,0,0,0,0,57.71493733828979,-3.605019072764275,8.340949475060185,-1.113285594186527,2.248996585004163,,,,,,,10.46550307345041,0.2456052844445485,0.6066726034720381,76.44036207635088,Attacked,Played,None,0.762199401855469,0.7042465209960938,4.735005,-0.033367,,,,,,,-8.394114,0.201534,0.484233,-8.840676,0.236204,0.53187,-15.23413045623352,-10.06009273586771,0.3315271454861148,0.6365765018106048,1.685928751784141,-1.075540553138974,-1.0,-1.0,VIDARBHA-CA-GROUND-NAGPUR,-1.0,,R,R,L,New-Zealand,India,Spin,1
2014,2,4,New Zealand,Glenn Phillips,Axar Patel,,6,3,0,0,0,0,0,0,1,0,0,0,0,0,0,0,0,,,0,5.3,1,1,0,782590,-34.0,78.5,0,0,,10,ORTHODOX,84,FRONTFOOT OFF DRIVE,0,0,3,5,40,2,Outside Off stump,Full Length,0,0,0,0,0,0,0,0,57.77618339402944,-3.240742584030727,8.340648813124833,-1.057244426286663,2.275397651497204,,,,,,,11.09299798124987,0.2549355459952116,0.6316482109269431,79.25367703952031,Attacked,Played,None,0.756660461425781,0.685821533203125,4.445118,-0.268511,,,,,,,-8.067921,-0.205114,0.443273,-8.840674,-0.184878,0.542534,-15.41021355938254,-10.06011390852536,-0.1526801562522794,0.668810396942867,2.212031756992571,-2.927325396065102,-1.0,-1.0,VIDARBHA-CA-GROUND-NAGPUR,-1.0,,R,R,L,New-Zealand,India,Spin,1
2014,2,4,New Zealand,Glenn Phillips,Axar Patel,,6,4,2,2,2,0,1,0,0,0,0,0,0,0,0,0,0,,,0,5.4,1,1,0,782591,173.5,40.5,2,0,,10,ORTHODOX,47,FRONTFOOT ON DRIVE,0,0,4,5,42,2,Outside Off stump,Full Length,0,0,0,0,0,0,0,0,60.59166526707948,-4.188518081057913,8.340602343114224,-1.103021350175034,2.221503324348117,,,,,,,9.69151233564854,0.1817350202950975,0.6098976129566475,83.31113991398736,Attacked,Played,None,0.708549499511719,0.6427688598632812,4.853067,-0.282803,,,,,,,-7.786199,-0.131605,0.405851,-8.840867,-0.068892,0.519854,-14.52227061033253,-10.06015875466074,0.004267069851253191,0.6222236818589357,0.9725429249002707,-0.6505117061385017,-1.0,-1.0,VIDARBHA-CA-GROUND-NAGPUR,-1.0,,R,R,L,New-Zealand,India,Spin,1
2014,2,4,New Zealand,Glenn Phillips,Axar Patel,,6,5,6,6,6,0,0,0,0,0,0,0,0,0,0,1,0,,,0,5.5,1,1,0,782592,184.0,90.0,6,0,,10,ORTHODOX,58,BACKFOOT PULL SHOT,0,0,5,5,48,2,Outside Off stump,Good Length,0,0,0,0,0,0,0,0,58.18851129617731,-5.27421301491294,8.340997386372862,-0.9308192722461628,2.208034684178122,,,,,,,11.04765428910855,0.2504330336116151,0.6075701207476486,76.09221475098579,Attacked,Played,None,0.732765197753906,0.6986846923828125,6.613464,-0.32165,,,,,,,-8.058817,-0.154124,0.685324,-8.840795,-0.125082,0.744877,-15.91031576325643,-10.06007892174463,-0.07941516147040445,0.8064040843976489,1.877979448336756,-1.894100252723351,-1.0,-1.0,VIDARBHA-CA-GROUND-NAGPUR,-1.0,,R,R,L,New-Zealand,India,Spin,1
2014,2,4,New Zealand,Glenn Phillips,Axar Patel,,6,6,2,2,2,0,1,0,0,0,0,0,0,0,0,0,0,,,0,5.6,1,1,0,782593,167.0,38.0,2,0,,10,ORTHODOX,97,BACKFOOT PUSH,0,0,6,5,50,2,Off stump,Good Length,0,1,1,0,1,0,0,0,58.31399695312495,-5.012824173795644,8.341020339889123,-1.056158426250977,2.229110838441462,,,,,,,10.1417845366581,0.2199423593646048,0.5811280676018603,75.17497420381856,Attacked,Played,None,0.766571044921875,0.7097854614257812,6.117568,-0.141342,,,,,,,-8.507631,0.237838,0.615637,-8.841032,0.266083,0.639322,-15.55992969230979,-10.0599519833879,0.3700097459127009,0.7028117840791952,2.175528262534927,-0.7293780799570851,-1.0,-1.0,VIDARBHA-CA-GROUND-NAGPUR,-1.0,,R,R,L,New-Zealand,India,Spin,1
2014,2,4,New Zealand,Tim Robinson,Varun Chakaravarthy,,7,1,1,1,1,1,0,0,0,0,0,0,0,0,0,0,0,,,0,6.1,1,1,0,782594,82.0,173.5,1,0,,24,LEG SPIN,101,BACKFOOT ON DRIVE,0,0,1,6,51,2,Off stump,Good Length,1,0,1,0,0,0,0,0,57.52479969939375,-5.810915585014259,8.340605371826452,-0.7965221583973501,2.120973551466441,,,,,,,10.02311473741614,0.2207767291416992,0.5359873159146098,68.32042447302155,Attacked,Played,None,0.761318206787109,0.7209091186523438,7.74104,-0.250719,,,,,,,-8.511227,0.165245,0.701864,-8.840994,0.187997,0.711702,-16.51340190693991,-10.06016054412008,0.2726599703659074,0.7242036334534777,0.4481751005004033,0.5854860450758029,-1.0,-1.0,VIDARBHA-CA-GROUND-NAGPUR,-1.0,,R,R,R,New-Zealand,India,Spin,1
2014,2,4,New Zealand,Glenn Phillips,Varun Chakaravarthy,,7,2,1,1,1,1,0,0,0,0,0,0,0,0,0,0,0,,,0,6.2,1,1,0,782595,70.0,170.5,1,0,,24,LEG SPIN,97,BACKFOOT PUSH,0,0,2,6,52,2,Outside Off stump,Good Length,0,0,1,0,0,0,0,0,58.72569455981557,-4.60179234449369,8.341030563261956,-0.8373375369665393,2.123109508573675,,,,,,,11.40052203434522,0.2706447386169761,0.6158908296375043,75.31915058392804,Attacked,Played,None,0.753158569335938,0.7200393676757812,6.750393,-0.367934,,,,,,,-8.553339,-0.12723,0.771138,-8.841025,-0.113714,0.791973,-15.98595491687748,-10.06014847572956,-0.05606853085829366,0.8564058062056452,0.9028649460011341,-0.2047974488833473,-1.0,-1.0,VIDARBHA-CA-GROUND-NAGPUR,-1.0,,R,R,R,New-Zealand,India,Spin,1
2014,2,4,New Zealand,Tim Robinson,Varun Chakaravarthy,,7,3,0 WK,W,0,0,0,0,1,0,0,0,0,0,0,0,1,Caught,WICKET,1,6.3,1,1,0,782596,58.0,92.5,0,0,,24,LEG SPIN,94,STEP DOWN LOFTED ON DRIVE,0,0,3,6,52,3,Off stump,Good Length,1,0,1,0,0,0,0,0,58.58544626263856,-4.242720901154889,8.340740322886901,-0.7953842163160284,2.115189022201623,,,,,,,12.81426653844693,0.3097683819000054,0.6702436634513678,79.55971132770462,None,None,None,0.756660461425781,0.6401252746582031,6.645563,-0.199804,,,,,,,-6.82029,0.014671,0.668968,-8.840699,0.144906,0.904343,-16.10118346924293,-10.06007086049828,0.224631325242846,0.9928313340152989,0.5939906421259432,0.3432687742655299,-1.0,-1.0,VIDARBHA-CA-GROUND-NAGPUR,-1.0,,R,R,R,New-Zealand,India,Spin,1
2014,2,4,New Zealand,Mark Chapman,Varun Chakaravarthy,,7,4,1,1,1,1,0,0,0,0,0,0,0,0,0,0,0,,,0,6.4,1,1,0,782597,-108.5,138.5,1,0,,24,LEG SPIN,58,BACKFOOT PULL SHOT,0,0,4,6,53,3,Outside Off stump,Short of Good Length,2,0,1,0,0,0,0,0,58.32571092590776,-5.719106135800182,8.340782710154052,0.8186322922314955,2.107508645466885,,,,,,,11.16839392670825,0.2685100980003411,0.5887709534438383,71.46463321654164,Attacked,Played,None,0.761833190917969,0.7139053344726562,7.69914,0.348826,,,,,,,-8.241949,0.219989,0.796413,-8.840828,0.206507,0.825249,-16.35725416257717,-10.06008792025471,0.1788417442393971,0.8546251072951138,0.7538102259469094,0.8958459577920364,-1.0,-1.0,VIDARBHA-CA-GROUND-NAGPUR,-1.0,,L,R,R,New-Zealand,India,Spin,1
2014,2,4,New Zealand,Glenn Phillips,Varun Chakaravarthy,,7,5,1,1,1,1,0,0,0,0,0,0,0,0,0,0,0,,,0,6.5,1,1,0,782598,147.5,48.0,1,0,,24,LEG SPIN,97,BACKFOOT PUSH,0,0,5,6,54,3,Outside Off stump,Good Length,0,0,1,0,0,0,0,0,58.58973252411329,-4.123468635854609,8.340573234054219,-0.8857709862924015,2.126999241870843,,,,,,,12.90020868950063,0.3178775204908182,0.6806849123396533,80.31498480186619,Attacked,Played,None,0.755779266357422,0.7185173034667969,6.417474,-0.340473,,,,,,,-8.382785,0.015759,0.84776,-8.840928,0.050972,0.894492,-15.90654743399336,-10.05978370269754,0.1453491655807841,0.990579185825556,1.024226016666726,1.07328074815543,-1.0,-1.0,VIDARBHA-CA-GROUND-NAGPUR,-1.0,,R,L,R,New-Zealand,India,Spin,1
2014,2,4,New Zealand,Mark Chapman,Varun Chakaravarthy,,7,6,0,0,0,0,0,0,1,0,0,0,0,0,0,0,0,,,0,6.6,1,1,0,782599,147.5,48.0,0,0,,24,LEG SPIN,49,FORWARD DEFENCE,0,0,6,6,54,3,Outside Off stump,Full Length,0,0,1,0,0,0,0,0,58.05189070518635,-2.148734240287053,8.340971692073339,0.7204577807205974,2.13013324875075,,,,,,,10.30455992881839,0.2348665765501064,0.5724944160296292,72.38750474943376,Defended,Missed,None,0.754508972167969,0.7834053039550781,4.954498,0.373723,,,,,,,-999.9,-999.9,-999.9,-8.840801,0.36389,0.56437,-15.86866920260598,-10.06005559292393,0.3606152925239028,0.6606108735803562,1.343120705571847,0.6225808186106273,-1.0,-1.0,VIDARBHA-CA-GROUND-NAGPUR,-1.0,,L,R,R,New-Zealand,India,Spin,1
2014,2,4,New Zealand,Glenn Phillips,Axar Patel,,8,1,1,1,1,1,0,0,0,0,0,0,0,0,0,0,0,,,0,7.1,1,1,0,782600,76.5,174.5,1,0,,10,ORTHODOX,47,FRONTFOOT ON DRIVE,0,0,1,7,55,3,Leg stump,Full Length,1,0,1,0,0,0,0,0,56.57779874640676,-2.786040987782416,8.340763535399294,-1.062904797846146,2.275262559199526,,,,,,,9.745217526705945,0.1853629020214154,0.5634871776872223,75.9867864509418,Attacked,Played,None,0.771755218505859,0.6775245666503906,4.278088,-0.143266,,,,,,,-7.650014,-0.047062,0.31223,-8.84075,0.014999,0.448135,-15.68226750240311,-10.05984473648568,0.07914965732587792,0.5514030599605138,2.288928792492158,-1.99770561573657,-1.0,-1.0,VIDARBHA-CA-GROUND-NAGPUR,-1.0,,R,L,L,New-Zealand,India,Spin,1
2014,2,4,New Zealand,Mark Chapman,Axar Patel,,8,2,0,0,0,0,0,0,1,0,0,0,0,0,0,0,0,,,0,7.2,1,1,0,782601,74.5,43.0,0,0,,10,ORTHODOX,52,BACKFOOT COVERDRIVE,0,0,2,7,55,3,Outside Off stump,Good Length,0,0,1,0,0,0,0,0,57.79010373596989,-4.488363285206562,8.340571863771732,0.6314442617877518,2.218282743773835,,,,,,,11.6424556463155,0.2017747863697587,0.6707886812797308,90.44082355498375,Attacked,Played,None,0.768951416015625,0.7268486022949219,5.846398,0.335193,,,,,,,-8.772885,0.217701,0.740503,-8.840625,0.215922,0.747321,-15.55006645101794,-10.06006362815457,0.183736355027399,0.8507960482991678,1.963180306044177,-1.125838973492001,-1.0,-1.0,VIDARBHA-CA-GROUND-NAGPUR,-1.0,,L,R,L,New-Zealand,India,Spin,1
2014,2,4,New Zealand,Mark Chapman,Axar Patel,,8,3,1 (WD),1,0,0,0,0,0,1,1,0,0,0,0,0,0,,,0,7.3,1,1,1,782602,74.5,43.0,1,0,,10,ORTHODOX,58,BACKFOOT PULL SHOT,0,0,3,7,56,3,Leg stump,Short of Good Length,0,0,1,0,0,0,0,0,61.78800592924306,-7.002605544371531,8.34068533799039,0.6187307649053884,2.147053766727469,,,,,,,9.771449519615661,0.1615700796016999,0.5870471283801697,81.90006129685547,None,None,None,0.705413818359375,0.743865966796875,7.528504,-0.018604,,,,,,,-999.9,-999.9,-999.9,-8.841044,-0.476552,0.740139,-15.24968080835206,-10.05980652676816,-0.5676949577533619,0.7856336382858687,0.3191089139910425,-0.8630102202501839,-1.0,-1.0,VIDARBHA-CA-GROUND-NAGPUR,-1.0,,L,R,L,New-Zealand,India,Spin,1
2014,2,4,New Zealand,Mark Chapman,Axar Patel,,8,3,4,4,4,0,0,0,0,0,0,0,0,0,1,0,0,,,0,7.3,1,1,0,782603,-179.0,123.5,4,0,,10,ORTHODOX,94,STEP DOWN LOFTED ON DRIVE,0,0,4,7,60,3,Outside Off stump,Good Length,0,0,1,0,0,0,0,0,59.69541594278216,-6.950316770183294,8.340675096325096,0.6191650449069239,2.163362387937898,,,,,,,10.32573105291396,0.2304393442302871,0.5789715513732107,73.80179828295289,Attacked,Played,None,0.74267578125,0.6224212646484375,7.666706,0.346595,,,,,,,-6.746882,0.157897,0.619638,-8.840903,0.064707,0.752954,-15.75609048226825,-10.06016571684687,0.009687888153841862,0.7823197781313563,1.599383247684185,-1.816415020524067,-1.0,-1.0,VIDARBHA-CA-GROUND-NAGPUR,-1.0,,L,R,L,New-Zealand,India,Spin,1
2014,2,4,New Zealand,Mark Chapman,Axar Patel,,8,4,1,1,1,1,0,0,0,0,0,0,0,0,0,0,0,,,0,7.4,1,1,0,782604,-159.0,69.0,1,0,,10,ORTHODOX,101,BACKFOOT ON DRIVE,0,0,5,7,61,3,Outside Off stump,Good Length,0,0,1,0,0,0,0,0,60.91216268117768,-5.071015586567196,8.340624713789822,0.5585009374175751,2.186969760286216,,,,,,,9.604395305723632,0.2546266451424266,0.5713796404645538,70.24428155544041,Attacked,Played,None,0.716571807861328,0.6685867309570312,5.866556,0.071167,,,,,,,-8.197207,-0.113339,0.53007,-8.840724,-0.143562,0.579056,-14.82293428822155,-10.0602126602694,-0.2012817026425146,0.6457643132056993,1.18284175839581,-0.9899534365229312,-1.0,-1.0,VIDARBHA-CA-GROUND-NAGPUR,-1.0,,L,R,L,New-Zealand,India,Spin,1
2014,2,4,New Zealand,Glenn Phillips,Axar Patel,,8,5,1,1,1,1,0,0,0,0,0,0,0,0,0,0,0,,,0,7.5,1,1,0,782605,69.0,167.0,1,0,,10,ORTHODOX,101,BACKFOOT ON DRIVE,0,0,6,7,62,3,Outside Off stump,Good Length,0,0,1,0,0,0,0,0,58.44594423168171,-4.506589301038546,8.340895878258841,-1.057109423132589,2.22959014390905,,,,,,,12.85955652688118,0.3549667008859766,0.6907291799829568,78.11270690884587,Attacked,Played,None,0.746669769287109,0.71905517578125,5.654222,-0.18762,,,,,,,-8.416684,-0.047576,0.728318,-8.840945,-0.032473,0.777783,-15.46718935553907,-10.06015006559773,0.01124569990199248,0.8915502784993533,2.072458128601775,-3.017481100968735,-1.0,-1.0,VIDARBHA-CA-GROUND-NAGPUR,-1.0,,R,L,L,New-Zealand,India,Spin,1
2014,2,4,New Zealand,Mark Chapman,Axar Patel,,8,6,1,1,1,1,0,0,0,0,0,0,0,0,0,0,0,,,0,7.6,1,1,0,782606,-144.5,-57.5,1,0,,10,ORTHODOX,58,BACKFOOT PULL SHOT,0,0,7,7,63,3,Outside Off stump,Short of Good Length,0,0,1,0,0,0,0,0,63.40307889620646,-7.906636665493626,8.340681379364813,0.6373096487436126,2.141930829593648,,,,,,,10.24734496945531,0.1992785553932966,0.5952533290455267,79.36014381749935,Attacked,Played,None,0.697380065917969,0.6533660888671875,8.083831,0.174183,,,,,,,-8.248506,-0.258589,0.797009,-8.840651,-0.295341,0.830268,-15.4558382038647,-10.05993432867852,-0.3686194890444856,0.8757641956695857,0.3831840915720964,-1.916723689330676,-1.0,-1.0,VIDARBHA-CA-GROUND-NAGPUR,-1.0,,L,R,L,New-Zealand,India,Spin,1
2014,2,4,New Zealand,Mark Chapman,Varun Chakaravarthy,,9,1,1,1,1,1,0,0,0,0,0,0,0,0,0,0,0,,,0,8.1,1,1,0,782607,65.0,175.0,1,0,,24,LEG SPIN,5,LOFTED OFF DRIVE,0,0,1,8,64,3,Outside Off stump,Good Length,1,0,1,0,0,0,0,0,57.88805387886642,-5.576764436028156,8.340692490029308,0.7309038150962345,2.103191074979607,,,,,,,11.9458758291411,0.2874166252829618,0.6210367951616038,74.4138567459444,Attacked,Played,None,0.777076721191406,0.730224609375,7.704401,0.460655,,,,,,,-8.324485,0.395982,0.872792,-8.840895,0.39023,0.900468,-16.38677294708391,-10.0600910505945,0.3765450615267512,0.9363517785782953,0.3179164448222926,0.6759862246105317,-1.0,-1.0,VIDARBHA-CA-GROUND-NAGPUR,-1.0,,L,R,R,New-Zealand,India,Spin,1
2014,2,4,New Zealand,Glenn Phillips,Varun Chakaravarthy,,9,2,6,6,6,0,0,0,0,0,0,0,0,0,0,1,0,,,0,8.2,1,1,0,782608,172.0,132.0,6,0,,24,LEG SPIN,11,LOFTED ON DRIVE,0,0,2,8,70,3,Outside Off stump,Full Length,0,0,1,0,0,0,0,0,58.60401255298434,-2.64945107973298,8.340597500006233,-1.00709868319518,2.142717816779643,,,,,,,11.22343436095428,0.3165680368331063,0.5976668125695386,67.99321820212016,Attacked,Played,None,0.75,0.66119384765625,5.264015,-0.327132,,,,,,,-7.493925,-0.169379,0.490515,-8.84082,-0.08926,0.644007,-15.87499608964854,-10.06013168165932,-0.01592304256971427,0.7413646796139262,0.9525326103690642,-0.1510838467104213,-1.0,-1.0,VIDARBHA-CA-GROUND-NAGPUR,-1.0,,R,L,R,New-Zealand,India,Spin,1
2014,2,4,New Zealand,Glenn Phillips,Varun Chakaravarthy,,9,3,1,1,1,1,0,0,0,0,0,0,0,0,0,0,0,,,0,8.3,1,1,0,782609,-160.5,56.5,1,0,,24,LEG SPIN,52,BACKFOOT COVERDRIVE,0,0,3,8,71,3,Outside Off stump,Good Length,0,0,1,0,0,0,0,0,60.69700292030465,-4.232900767542996,8.340758257173764,-0.9877933161181672,2.127259471850167,,,,,,,10.32667649187173,0.3492983090136002,0.5445031624670172,56.74564346869257,Attacked,Played,None,0.735122680664062,0.7187118530273438,6.44588,-0.49549,,,,,,,-8.884357,-0.403511,0.675595,-8.840734,-0.40429,0.673173,-15.83780263008986,-10.05994578260743,-0.3824110671866869,0.722146544646109,0.1451790333809581,-1.45487918448089,-1.0,-1.0,VIDARBHA-CA-GROUND-NAGPUR,-1.0,,R,L,R,New-Zealand,India,Spin,1
2014,2,4,New Zealand,Mark Chapman,Varun Chakaravarthy,,9,4,0,0,0,0,0,0,1,0,0,0,0,0,0,0,0,,,0,8.4,1,1,0,782610,-64.5,38.0,0,0,,24,LEG SPIN,27,FORWARD PUSH,0,0,4,8,71,3,Outside Off stump,Good Length,0,0,1,0,0,0,0,0,58.95995425983241,-3.449964422366234,8.34065329176569,0.7426894887355856,2.123149663778914,,,,,,,11.13362552358783,0.2713142541861454,0.6154007531967377,75.17868756089614,Defended,Played,None,0.752426147460938,0.692138671875,5.809478,0.123782,,,,,,,-8.233564,-0.055036,0.641575,-8.840768,-0.082821,0.699908,-15.66887462773617,-10.0601334753694,-0.1390533604987925,0.7890685875255097,0.6707476703330699,-0.06759404053002312,-1.0,-1.0,VIDARBHA-CA-GROUND-NAGPUR,-1.0,,L,R,R,New-Zealand,India,Spin,1
2014,2,4,New Zealand,Mark Chapman,Varun Chakaravarthy,,9,5,4,4,4,0,0,0,0,0,0,0,0,0,1,0,0,,,0,8.5,1,1,0,782611,46.5,-151.5,4,0,,24,LEG SPIN,36,CUT SHOT,0,0,5,8,75,3,Wide outside Off stump,Good Length,0,0,1,0,0,0,0,0,58.61498207534829,-3.965440927406006,8.34087875543246,0.9776348105030063,2.111714202430594,,,,,,,12.46348487495737,0.2626515416826296,0.6733475108411237,84.73697245790558,Attacked,Played,None,0.742355346679688,0.7463836669921875,6.495295,0.86377,,,,,,,-9.098293,0.8738,0.910249,-8.841024,0.873323,0.886779,-16.00632230062888,-10.06006916135503,0.8755910930711958,0.9827679843284565,0.7780883264713965,0.2429864410399716,-1.0,-1.0,VIDARBHA-CA-GROUND-NAGPUR,-1.0,,L,R,R,New-Zealand,India,Spin,1
2014,2,4,New Zealand,Mark Chapman,Varun Chakaravarthy,,9,6,2,2,2,0,1,0,0,0,0,0,0,0,0,0,0,,,0,8.6,1,1,0,782612,140.5,119.5,2,0,,24,LEG SPIN,51,FRONTFOOT COVERDRIVE,0,0,6,8,77,3,Outside Off stump,Full Length,0,0,1,0,0,0,0,0,58.11808212319628,-2.335237846961074,8.341059097486486,0.6945808932997385,2.150923220921181,,,,,,,12.25471199575398,0.3039050998657527,0.6504587248953108,77.17829874772136,Attacked,Played,None,0.753364562988281,0.6979408264160156,4.988586,0.41746,,,,,,,-8.159285,0.363913,0.590066,-8.840829,0.351903,0.678715,-15.96118607439494,-10.0599443011013,0.3302446369895459,0.8060934563224853,0.7930997579605434,-0.2139967325075681,-1.0,-1.0,VIDARBHA-CA-GROUND-NAGPUR,-1.0,,L,R,R,New-Zealand,India,Spin,1
2014,2,4,New Zealand,Glenn Phillips,Shivam Dube,,10,1,2,2,2,0,1,0,0,0,0,0,0,0,0,0,0,,,0,9.1,1,1,0,782613,159.0,57.0,2,0,,39,ANGLED IN,97,BACKFOOT PUSH,0,0,1,9,79,3,Outside Off stump,Short of Good Length,1,0,1,0,0,0,0,0,76.80452219889023,-8.376475426713748,8.340842613328306,-0.500588538828842,2.054824813731207,,,,,,,7.211385561409014,0.188914010127591,0.5333434435489666,71.11011551958589,Attacked,Played,None,0.567684173583984,0.5358810424804688,7.307918,-0.260184,,,,,,,-8.3583,-0.077163,0.544836,-8.840999,-0.061024,0.571387,-12.51458210725583,-10.0598811392115,-0.01999121224514749,0.6246761255618232,0.5946675486329713,0.2792530629415038,-1.0,-1.0,VIDARBHA-CA-GROUND-NAGPUR,-1.0,,R,L,R,New-Zealand,India,Seam,1
2014,2,4,New Zealand,Glenn Phillips,Shivam Dube,,10,2,1,1,1,1,0,0,0,0,0,0,0,0,0,0,0,,,0,9.2,1,1,0,782614,-142.5,-38.0,1,0,,38,STRAIGHT BALL,16,BACKFOOT SQUARE DRIVE,0,0,2,9,80,3,Outside Off stump,Short of Good Length,0,0,1,0,0,0,0,0,76.03680058684445,-10.02015477181459,8.340681980292466,-0.4800682475037479,2.035174605124701,,,,,,,8.72174545743336,0.1540268603933449,0.5781957403799665,81.32667501766049,Attacked,Played,None,0.558746337890625,0.5589637756347656,8.903667,-0.443286,,,,,,,-8.699794,-0.346858,0.843191,-8.841012,-0.344997,0.851672,-13.99532424442967,-10.06005750020507,-0.3288468387327345,0.9136365956981464,0.5533166815620935,0.2029458832777095,-1.0,-1.0,VIDARBHA-CA-GROUND-NAGPUR,-1.0,,R,L,R,New-Zealand,India,Seam,1
2014,2,4,New Zealand,Mark Chapman,Shivam Dube,,10,3,1,1,1,1,0,0,0,0,0,0,0,0,0,0,0,,,0,9.3,1,1,0,782615,-141.0,-56.5,1,0,,38,STRAIGHT BALL,58,BACKFOOT PULL SHOT,0,0,3,9,81,3,Outside Leg stump,Short of Good Length,0,0,1,0,0,0,0,0,77.48435916405566,-10.98984190760958,8.340616677149832,-0.399286047058965,2.034983983145485,,,,,,,8.59151559494421,0.1530830120274025,0.5409982395361198,75.84143472767772,Attacked,Played,None,0.560165405273438,0.5200653076171875,9.573957,-0.172749,,,,,,,-7.795101,-0.038123,0.830719,-8.841079,-0.018211,0.892036,-14.68463063919914,-10.06028177452895,0.005213077584804604,0.9453513142460295,0.05136439064404561,-0.4705914236300163,-1.0,-1.0,VIDARBHA-CA-GROUND-NAGPUR,-1.0,,L,R,R,New-Zealand,India,Seam,1
2014,2,4,New Zealand,Glenn Phillips,Shivam Dube,,10,4,2,2,2,0,1,0,0,0,0,0,0,0,0,0,0,,,0,9.4,1,1,0,782616,-18.5,202.5,2,0,,39,ANGLED IN,19,BACKFOOT STRAIGHT DRIVE,0,0,4,9,83,3,Outside Off stump,Short of Good Length,0,0,1,0,0,0,0,0,69.31924943236955,-6.880596468136886,8.340519634852633,-0.5490116092529732,2.017693601164616,,,,,,,8.773671125127608,0.2009518990742817,0.6259418196779124,83.79608304425868,Attacked,Played,None,0.627548217773438,0.5973129272460938,6.822394,-0.314475,,,,,,,-8.48316,-0.172192,0.627608,-8.840999,-0.162269,0.653167,-12.85460418045433,-10.05983208984428,-0.1282507696281703,0.7243732865445724,0.7916553239431595,-0.05033672763732813,-1.0,-1.0,VIDARBHA-CA-GROUND-NAGPUR,-1.0,,R,L,R,New-Zealand,India,Seam,1
2014,2,4,New Zealand,Glenn Phillips,Shivam Dube,,10,5,0,0,0,0,0,0,1,0,0,0,0,0,0,0,0,,,0,9.5,1,1,0,782617,-18.5,202.5,0,0,,36,BOUNCER,58,BACKFOOT PULL SHOT,1,0,5,9,83,3,Outside Off stump,Short Length,0,0,1,0,0,0,0,0,70.18282299672322,-19.7365179081037,8.340885017663819,-0.574590182138167,1.938543312679983,,,,,,,15.56271470934587,0.2307682415847064,0.5492722571589569,69.31401441537291,Attacked,Missed,None,0.72491455078125,0.7642364501953125,13.541089,-0.669523,,,,,,,-999.9,-999.9,-999.9,-8.841036,-0.439654,1.973548,-23.23399284598151,-10.06015655996443,-0.4008621523377686,1.983451098168966,-0.02682595483310775,1.591183094236386,-1.0,-1.0,VIDARBHA-CA-GROUND-NAGPUR,-1.0,,R,L,R,New-Zealand,India,Seam,1
2014,2,4,New Zealand,Glenn Phillips,Shivam Dube,,10,6,4,4,4,0,0,0,0,0,0,0,0,0,1,0,0,,,0,9.6,1,1,0,782618,160.5,-68.5,4,0,,38,STRAIGHT BALL,58,BACKFOOT PULL SHOT,0,0,6,9,87,3,Outside Off stump,Short Length,0,0,1,0,0,0,0,0,70.71225366386108,-12.81970441088798,8.340496334247526,-0.4986335093051678,2.030451407326668,,,,,,,9.891873779439857,0.1874646394618622,0.5381893137390246,71.98193311466747,Attacked,Played,None,0.641532897949219,0.5713462829589844,10.778751,-0.325689,,,,,,,-7.493995,-0.08461,1.076528,-8.841029,-0.043498,1.164428,-16.50717993706218,-10.06014855438994,-0.005884321251276137,1.222201320967071,0.7726294760348138,-0.06987582323068815,-1.0,-1.0,VIDARBHA-CA-GROUND-NAGPUR,-1.0,,R,L,R,New-Zealand,India,Seam,1
2014,2,4,New Zealand,Mark Chapman,Jasprit Bumrah,,11,1,1,1,1,1,0,0,0,0,0,0,0,0,0,0,0,,,0,10.1,1,1,0,782619,-144.0,-50.0,1,0,,47,SLOWER BALL,40,FRONTFOOT FLICK,0,0,1,10,88,3,Outside Leg stump,Full Length,1,0,1,0,0,0,0,0,73.52734088386632,-5.561707038389689,8.340838119300155,-0.9251668620156801,2.038111907882064,,,,,,,9.831733881672006,0.2066711991178741,0.6943629014520356,93.48731530601793,Attacked,Edged,None,0.589851379394531,0.511871337890625,5.914226,-0.431035,,,,,,,-7.180462,-0.292261,0.49974,-8.840671,-0.214917,0.701557,-12.92258365905669,-10.06004616528707,-0.1574465044659568,0.8247533667779974,-0.5247322856088116,0.5971550654856344,-1.0,-1.0,VIDARBHA-CA-GROUND-NAGPUR,-1.0,,L,R,R,New-Zealand,India,Seam,1
2014,2,4,New Zealand,Glenn Phillips,Jasprit Bumrah,,11,2,1,1,1,1,0,0,0,0,0,0,0,0,0,0,0,,,0,10.2,1,1,0,782620,166.0,47.5,1,0,,38,STRAIGHT BALL,58,BACKFOOT PULL SHOT,0,0,2,10,89,3,Outside Off stump,Short Length,0,0,1,0,0,0,0,0,82.17157006502728,-11.97610230408446,8.340690131212778,-1.048389208457793,1.964433187532166,,,,,,,8.83080509413969,0.1474360392611163,0.5720668366742068,81.06642157501939,Attacked,Played,None,0.518096923828125,0.4753646850585938,10.113113,-0.570845,,,,,,,-7.953262,-0.142249,1.011533,-8.840926,-0.093033,1.085352,-14.33988704537977,-10.06031189202276,-0.02484233238728228,1.174434487614532,0.3373244294176354,-0.5002856986840003,-1.0,-1.0,VIDARBHA-CA-GROUND-NAGPUR,-1.0,,R,L,R,New-Zealand,India,Seam,1
2014,2,4,New Zealand,Mark Chapman,Jasprit Bumrah,,11,3,1,1,1,1,0,0,0,0,0,0,0,0,0,0,0,,,0,10.3,1,1,0,782621,-160.5,68.0,1,0,,38,STRAIGHT BALL,58,BACKFOOT PULL SHOT,0,0,3,10,90,3,Outside Leg stump,Short Length,0,0,1,0,0,0,0,0,82.4994445123838,-17.06376693209985,8.340395548029232,-1.086162997733171,1.950442810236725,,,,,,,9.990308029291942,0.2555235623148874,0.4624207878857938,53.81076195138033,Attacked,Played,None,0.551742553710938,0.4891204833984375,12.407804,-0.75706,,,,,,,-7.292827,-0.455711,1.245488,-8.841005,-0.39767,1.340678,-18.46128920675381,-10.05980008088395,-0.3499069063845144,1.393975135969515,-0.1464409946309099,-1.559278480353715,-1.0,-1.0,VIDARBHA-CA-GROUND-NAGPUR,-1.0,,L,R,R,New-Zealand,India,Seam,1
2014,2,4,New Zealand,Glenn Phillips,Jasprit Bumrah,,11,4,1,1,1,1,0,0,0,0,0,0,0,0,0,0,0,,,0,10.4,1,1,0,782622,-55.0,-117.0,1,0,,47,SLOWER BALL,31,UPPER CUT,0,0,4,10,91,3,Outside Off stump,Short Length,0,0,1,0,0,0,0,0,71.26452799474089,-21.03336660658312,8.340749975682868,-1.109324609054567,1.952946603366431,,,,,,,14.32155960549614,0.2725304282806453,0.4883184249623475,55.99472091628758,Attacked,Played,None,0.702850341796875,0.6978607177734375,13.742298,-0.940473,,,,,,,-9.26911,-0.301937,1.973553,-8.840939,-0.325128,1.96004,-23.31867074279478,-10.06018026121257,-0.2586754570668706,1.988308065611804,-2.060065133213763,1.533455883030135,-1.0,-1.0,VIDARBHA-CA-GROUND-NAGPUR,-1.0,,R,L,R,New-Zealand,India,Seam,1
2014,2,4,New Zealand,Mark Chapman,Jasprit Bumrah,,11,5,0,0,0,0,0,0,1,0,0,0,0,0,0,0,0,,,0,10.5,1,1,0,782623,-68.5,54.5,0,0,,38,STRAIGHT BALL,74,STEP DOWN ON DRIVE,0,0,5,10,91,3,Outside Leg stump,Full Length,0,0,1,0,0,0,0,0,86.57109188308655,-5.934202778502213,8.340745533215259,-1.099823511471743,1.975481371004141,,,,,,,7.850224996430259,0.02632582183102406,0.8127246354983941,129.2761131416567,Attacked,Played,None,0.490779876708984,0.4360427856445313,3.985577,-0.256823,,,,,,,-7.467689,-0.178045,0.22015,-8.840784,-0.099623,0.386024,-9.552839934615616,-10.06026415969446,-0.02930759592906207,0.5198742038652969,-0.1859836678749007,-0.02594963928692144,-1.0,-1.0,VIDARBHA-CA-GROUND-NAGPUR,-1.0,,L,R,R,New-Zealand,India,Seam,1
2014,2,4,New Zealand,Mark Chapman,Jasprit Bumrah,,11,6,4,4,4,0,0,0,0,0,0,0,0,0,1,0,0,,,0,10.6,1,1,0,782624,-194.0,85.0,4,0,,38,STRAIGHT BALL,58,BACKFOOT PULL SHOT,0,0,6,10,95,3,Outside Leg stump,Short of Good Length,0,0,1,0,0,0,0,0,74.61379545471615,-10.24958793564432,8.340623780882211,-0.996751374007191,1.953965837424458,,,,,,,9.578144963685498,0.1808037574087701,0.5465159045217283,73.89700993738224,Attacked,Played,None,0.600872039794922,0.5280532836914062,10.091822,-0.547534,,,,,,,-7.30494,-0.015131,0.93353,-8.840644,0.105379,1.028904,-15.85533386915158,-10.060234105026,0.2034797623178901,1.079835996761167,-0.1682432948220988,0.8814443882987624,-1.0,-1.0,VIDARBHA-CA-GROUND-NAGPUR,-1.0,,L,R,R,New-Zealand,India,Seam,1
2014,2,4,New Zealand,Glenn Phillips,Shivam Dube,,12,1,1,1,1,1,0,0,0,0,0,0,0,0,0,0,0,,,0,11.1,1,1,0,782625,152.5,69.0,1,0,,39,ANGLED IN,97,BACKFOOT PUSH,0,0,1,11,96,3,Outside Off stump,Short of Good Length,1,0,1,0,0,0,0,0,79.18012940205678,-9.675525453781232,8.340691080513324,-0.476444113445574,2.020661032680213,,,,,,,9.09776117414041,0.1852106816392733,0.6377220685834637,87.13724212359222,Attacked,Played,None,0.556732177734375,0.5219879150390625,8.448093,-0.212374,,,,,,,-8.250114,-0.024395,0.841623,-8.840884,-0.007179,0.889619,-13.13487468240431,-10.06006644699206,0.02861432574699052,0.9748446958173698,0.308712764349121,-0.09887356373332108,-1.0,-1.0,VIDARBHA-CA-GROUND-NAGPUR,-1.0,,R,L,R,New-Zealand,India,Seam,1
2014,2,4,New Zealand,Mark Chapman,Shivam Dube,,12,2,1,1,1,1,0,0,0,0,0,0,0,0,0,0,0,,,0,11.2,1,1,0,782626,-106.0,143.0,1,0,,38,STRAIGHT BALL,70,STEP DOWN PULL SHOT,0,0,2,11,97,3,Outside Leg stump,Short of Good Length,0,0,1,0,0,0,0,0,72.41969952817136,-11.53366966629119,8.340566889153713,-0.4526356122101379,2.00302625391295,,,,,,,9.49070795658619,0.1380553682476042,0.5723645479428536,82.04914536666763,Attacked,Played,None,0.589279174804688,0.5195846557617188,10.131308,-0.273814,,,,,,,-6.774531,-0.071321,0.874191,-8.84099,-0.008011,1.00074,-15.35769941515789,-10.06025838192162,0.02984641730834248,1.045289203701686,0.5044023463773188,0.1514554771798462,-1.0,-1.0,VIDARBHA-CA-GROUND-NAGPUR,-1.0,,L,R,R,New-Zealand,India,Seam,1
2014,2,4,New Zealand,Glenn Phillips,Shivam Dube,,12,3,6,6,6,0,0,0,0,0,0,0,0,0,0,1,0,,,0,11.3,1,1,0,782627,187.5,85.0,6,0,,39,ANGLED IN,58,BACKFOOT PULL SHOT,0,0,3,11,103,3,Outside Off stump,Short of Good Length,0,1,2,0,0,1,0,0,79.47444915377234,-10.48395273317691,8.340455219802774,-0.4495406527149428,1.999475274797048,,,,,,,8.475476553730346,0.1717720810490262,0.578539829282796,79.60376628751679,Attacked,Played,None,0.553459167480469,0.5184516906738281,9.10513,-0.22807,,,,,,,-8.152241,0.046957,0.819012,-8.840794,0.074103,0.863051,-13.53339700144075,-10.06022682776289,0.1225527569742257,0.9264963206452741,0.497567343125893,0.5059524566136536,-1.0,-1.0,VIDARBHA-CA-GROUND-NAGPUR,-1.0,,R,L,R,New-Zealand,India,Seam,1
2014,2,4,New Zealand,Glenn Phillips,Shivam Dube,,12,4,1,1,1,1,0,0,0,0,0,0,0,0,0,0,0,,,0,11.4,1,1,0,782628,-144.0,-48.0,1,0,,47,SLOWER BALL,36,CUT SHOT,0,0,4,11,104,3,Outside Off stump,Short of Good Length,0,0,2,0,0,0,0,0,69.68974779775274,-9.063164885095725,8.340801637270388,-0.643696318476927,2.011540987414124,,,,,,,9.033530658047354,0.190011259070666,0.5509532612066889,73.64186327393674,Attacked,Played,None,0.633441925048828,0.6450576782226562,8.99657,-0.81754,,,,,,,-9.518017,-0.844853,0.755757,-8.840843,-0.840509,0.745739,-14.89574639186785,-10.0601397582528,-0.8486211255522513,0.7572539252127115,-0.17176498979243,1.14886788542069,-1.0,-1.0,VIDARBHA-CA-GROUND-NAGPUR,-1.0,,R,L,R,New-Zealand,India,Seam,1
2014,2,4,New Zealand,Mark Chapman,Shivam Dube,,12,5,6,6,6,0,0,0,0,0,0,0,0,0,0,1,0,,,0,11.5,1,1,0,782629,-202.0,46.0,6,0,,38,STRAIGHT BALL,58,BACKFOOT PULL SHOT,0,0,5,11,110,3,Outside Leg stump,Short Length,0,0,2,0,0,0,0,0,71.81726143655577,-15.49250781412266,8.340740339941242,-0.4869945224703837,1.987975941093949,,,,,,,11.71902776381032,0.1748681396282222,0.5182441097710491,70.24980250283515,Attacked,Played,None,0.651649475097656,0.5955963134765625,12.275725,-0.354763,,,,,,,-7.852324,0.073202,1.35303,-8.841021,0.125149,1.39082,-19.88646050496824,-10.06020061119949,0.1918911388883985,1.412448012791846,0.2144842755107248,0.6077872868824348,-1.0,-1.0,VIDARBHA-CA-GROUND-NAGPUR,-1.0,,L,R,R,New-Zealand,India,Seam,1
2014,2,4,New Zealand,Mark Chapman,Shivam Dube,,12,6,0,0,0,0,0,0,1,0,0,0,0,0,0,0,0,,,0,11.6,1,1,0,782630,-0.5,-33.0,0,0,,36,BOUNCER,31,UPPER CUT,1,0,6,11,110,3,Outside Leg stump,Short Length,0,0,2,0,0,0,0,0,69.08783332691131,-23.51570083247679,8.340960791145434,-0.4629062096454349,2.034478296428422,,,,,,,15.37095765772065,0.1803498551319319,0.476183431298919,63.39252918164467,Attacked,Missed,None,0.651969909667969,0.6046371459960938,14.122594,-0.377924,,,,,,,-6.185007,0.194641,1.901295,-8.840891,0.35167,2.035891,-26.55933443431418,-10.06021827526948,0.4250571869622778,2.043169558161515,0.03684033167638784,1.904524861848066,-1.0,-1.0,VIDARBHA-CA-GROUND-NAGPUR,-1.0,,L,R,R,New-Zealand,India,Seam,1
2014,2,4,New Zealand,Glenn Phillips,Varun Chakaravarthy,,13,1,6,6,6,0,0,0,0,0,0,0,0,0,0,1,0,,,0,12.1,1,1,0,782631,134.5,173.0,6,0,,24,LEG SPIN,11,LOFTED ON DRIVE,0,0,1,12,116,3,Outside Off stump,Full Length,1,0,2,0,0,0,0,0,60.37900447930654,-2.55556833910854,8.340524305064147,-0.9586161580817357,2.135612299500557,,,,,,,10.0783054910696,0.2848280270351203,0.553625926520521,64.56108627456614,Attacked,Played,None,0.720233917236328,0.6490631103515625,5.056061,-0.372411,,,,,,,-7.740136,-0.298108,0.43945,-8.840806,-0.267739,0.553339,-15.71305896031168,-10.05997173293283,-0.233770921381812,0.6456955114214763,0.391383212731286,-1.180410196681146,-1.0,-1.0,VIDARBHA-CA-GROUND-NAGPUR,-1.0,,R,L,R,New-Zealand,India,Spin,1
2014,2,4,New Zealand,Glenn Phillips,Varun Chakaravarthy,,13,2,2,2,2,0,1,0,0,0,0,0,0,0,0,0,0,,,0,12.2,1,1,0,782632,-149.5,-54.5,2,0,,24,LEG SPIN,36,CUT SHOT,0,0,2,12,118,3,Outside Off stump,Good Length,0,0,2,0,0,0,0,0,60.04675487245677,-3.738925495967731,8.34092125105467,0.7448609493413787,2.139776748724003,,,,,,,12.07273913700843,0.3502810316277518,0.6588337841297014,73.79696445668003,Attacked,Played,None,0.739242553710938,0.7350540161132812,5.580713,-0.033525,,,,,,,-9.12217,-0.44251,0.762446,-8.840964,-0.417264,0.73407,-15.24438596255224,-10.0601980529006,-0.5271795548671404,0.8417277083527088,1.867125652710899,-2.440922291634557,-1.0,-1.0,VIDARBHA-CA-GROUND-NAGPUR,-1.0,,R,L,R,New-Zealand,India,Spin,1
2014,2,4,New Zealand,Glenn Phillips,Varun Chakaravarthy,,13,3,1,1,1,1,0,0,0,0,0,0,0,0,0,0,0,,,0,12.3,1,1,0,782633,142.0,101.0,1,0,,24,LEG SPIN,47,FRONTFOOT ON DRIVE,0,0,3,12,119,3,Leg stump,Full Length,0,0,2,0,0,0,0,0,57.88316231539142,-3.054726429739175,8.340947096332492,0.8691501873793082,2.144810360416206,,,,,,,10.76878059473125,0.3163000426891741,0.5683797327093206,63.62695563748069,Attacked,Played,None,0.764041900634766,0.6797332763671875,5.578846,0.122074,,,,,,,-7.640287,-0.070771,0.506763,-8.840827,-0.145426,0.618689,-16.01109205354447,-10.0598051980895,-0.2220242168297692,0.6917943477664348,0.4916114035596199,-0.3724672238970415,-1.0,-1.0,VIDARBHA-CA-GROUND-NAGPUR,-1.0,,R,L,R,New-Zealand,India,Spin,1
2014,2,4,New Zealand,Mark Chapman,Varun Chakaravarthy,,13,4,1,1,1,1,0,0,0,0,0,0,0,0,0,0,0,,,0,12.4,1,1,0,782634,155.5,73.5,1,0,,24,LEG SPIN,15,LOFTED COVER DRIVE,0,0,4,12,120,3,Outside Off stump,Good Length,0,0,2,0,0,0,0,0,58.30045764720632,-4.432629738051221,8.34050750045768,0.7651331687468661,2.109258727612182,,,,,,,10.5902914019724,0.3380880086475447,0.5546012569112114,59.38138767192726,Attacked,Played,None,0.765815734863281,0.7305679321289062,6.712252,0.289316,,,,,,,-8.57878,0.042059,0.66771,-8.840957,0.029368,0.680415,-15.97500542141878,-10.06005813362703,-0.03002773335692749,0.7141825537433825,0.8834325740740392,-0.7774392568416507,-1.0,-1.0,VIDARBHA-CA-GROUND-NAGPUR,-1.0,,L,R,R,New-Zealand,India,Spin,1
2014,2,4,New Zealand,Glenn Phillips,Varun Chakaravarthy,,13,5,0,0,0,0,0,0,1,0,0,0,0,0,0,0,0,,,0,12.5,1,1,0,782635,155.5,73.5,0,0,,24,LEG SPIN,105,LEFT ALONE,0,0,5,12,120,3,Outside Off stump,Good Length,0,0,2,0,0,0,0,0,61.14672100068842,-3.49926288828996,8.340720716804611,0.7337846255894556,2.152897719706317,,,,,,,12.99201816520701,0.4060533201489887,0.6950627805369388,73.65408506564197,None,None,None,0.730705261230469,0.7760696411132812,5.151697,-0.350469,,,,,,,-999.9,-999.9,-999.9,-8.84083,-0.886016,0.742344,-15.04626447726663,-10.05978588854969,-1.055931365203696,0.8786009462783957,1.904853524763574,-3.946460165041304,-1.0,-1.0,VIDARBHA-CA-GROUND-NAGPUR,-1.0,,R,L,R,New-Zealand,India,Spin,1
2014,2,4,New Zealand,Glenn Phillips,Varun Chakaravarthy,,13,6,1,1,1,1,0,0,0,0,0,0,0,0,0,0,0,,,0,12.6,1,1,0,782636,-157.0,34.5,1,0,,24,LEG SPIN,51,FRONTFOOT COVERDRIVE,0,0,6,12,121,3,Outside Off stump,Full Length,0,0,2,0,0,0,0,0,61.116316,-0.1151103403702542,8.340673709612428,0.6850816857626314,2.204436482704534,,,,,,,11.41360350625471,0.2184997665102678,0.6756855270564746,89.50285240744442,Attacked,Played,None,,0.6771240234375,1.403838,-0.794971,,,,,,,-8.919856,-0.808716,0.086019,-8.840633,-0.804584,0.070399,-15.08478658204079,-10.06006749704154,-0.8684843492669948,0.2960338538267597,2.495437774507987,0.6630177285208895,-1.0,-1.0,VIDARBHA-CA-GROUND-NAGPUR,-1.0,,R,L,R,New-Zealand,India,Spin,1
2014,2,4,New Zealand,Glenn Phillips,Axar Patel,,14,1,4,4,4,0,0,0,0,0,0,0,0,0,1,0,0,,,0,13.1,1,1,0,782637,-179.5,110.0,4,0,,10,ORTHODOX,15,LOFTED COVER DRIVE,0,0,1,13,125,3,Outside Off stump,Good Length,1,0,2,0,0,0,0,0,57.34665181197952,-4.070530571456531,8.340910210406918,-1.075986958605428,2.244608839678368,,,,,,,11.02720062929774,0.2523622100035818,0.6088816369781161,76.09602454635925,Attacked,Played,None,0.757186889648438,0.727294921875,5.559264,-0.418663,,,,,,,-8.575311,-0.286539,0.62128,-8.84082,-0.277775,0.64554,-15.84747523484237,-10.05994599109952,-0.237280734215802,0.7332049912054618,2.366992295232217,-2.339385877397565,-1.0,-1.0,VIDARBHA-CA-GROUND-NAGPUR,-1.0,,R,L,L,New-Zealand,India,Spin,1
2014,2,4,New Zealand,Glenn Phillips,Axar Patel,,14,2,6,6,6,0,0,0,0,0,0,0,0,0,0,1,0,,,0,13.2,1,1,0,782638,-193.5,101.5,6,0,,10,ORTHODOX,15,LOFTED COVER DRIVE,0,0,2,13,131,3,Outside Off stump,Full Length,0,0,2,0,0,0,0,0,58.14559052544192,-3.844069556193666,8.340780883972965,-1.117488924753612,2.197937179475494,,,,,,,10.41044897400434,0.2221381851124284,0.6195118328299075,80.71295641324328,Attacked,Played,None,0.756317138671875,0.6881790161132812,5.076716,-0.610397,,,,,,,-8.191398,-0.54655,0.501322,-8.840751,-0.533425,0.568624,-15.01792625795538,-10.06014202527421,-0.5085896557993286,0.6677031311715342,1.510474068400786,-1.84384179095966,-1.0,-1.0,VIDARBHA-CA-GROUND-NAGPUR,-1.0,,R,L,L,New-Zealand,India,Spin,1
2014,2,4,New Zealand,Glenn Phillips,Axar Patel,,14,3,0 WK,W,0,0,0,0,1,0,0,0,0,0,0,0,1,Caught,WICKET,1,13.3,1,1,0,782639,91.0,174.5,0,0,,10,ORTHODOX,58,BACKFOOT PULL SHOT,0,0,3,13,131,4,Outside Off stump,Good Length,1,0,2,0,0,0,0,0,59.9873506899071,-5.087865523899934,8.340614191076835,-1.036722186392341,2.191587165116321,,,,,,,10.36612160415253,0.2140814512807869,0.6179946669196219,81.2910549098646,None,None,None,0.744735717773438,0.6788177490234375,6.030953,-0.257792,,,,,,,-8.272089,-0.02497,0.615135,-8.840852,0.006848,0.6644,-15.05425574643401,-10.06021534735909,0.07556275503307114,0.7452146878637216,1.823341373756133,-1.464718000973201,-1.0,-1.0,VIDARBHA-CA-GROUND-NAGPUR,-1.0,,R,L,L,New-Zealand,India,Spin,1
2014,2,4,New Zealand,Daryl Mitchell,Axar Patel,,14,4,1,1,1,1,0,0,0,0,0,0,0,0,0,0,0,,,0,13.4,1,1,0,782640,70.0,-90.5,1,0,,10,ORTHODOX,22,FRONTFOOT PADDLE SWEEP,0,0,4,13,132,4,Outside Off stump,Full Length,2,0,2,0,0,0,0,0,55.97383399193247,-3.229205941021328,8.340774184265005,-1.050531751482665,2.245575207141533,,,,,,,11.82504575694655,0.2555165691611304,0.645072657534124,81.20924171400556,Attacked,Played,None,0.787410736083984,0.6387748718261719,5.021249,-0.330849,,,,,,,-6.568693,-0.26669,0.317546,-8.84085,-0.169905,0.637454,-15.97392603328078,-10.06003864727074,-0.1172114559870862,0.7514935660965658,2.662325647630705,-2.084702798362559,-1.0,-1.0,VIDARBHA-CA-GROUND-NAGPUR,-1.0,,R,L,L,New-Zealand,India,Spin,1
2014,2,4,New Zealand,Mark Chapman,Axar Patel,,14,5,0,0,0,0,0,0,1,0,0,0,0,0,0,0,0,,,0,13.5,1,1,0,782641,98.5,47.5,0,0,,10,ORTHODOX,52,BACKFOOT COVERDRIVE,0,0,5,13,132,4,Outside Off stump,Good Length,0,0,2,0,0,0,0,0,58.2530570082964,-4.878848550708052,8.34072509878412,-1.148269466756672,2.149110415453631,,,,,,,10.74259253938126,0.2738097748066561,0.6091670331280046,73.99407748853507,Attacked,Played,None,0.75714111328125,0.7256698608398438,6.356208,0.147386,,,,,,,-8.593278,0.586772,0.671693,-8.840875,0.6095,0.688598,-15.38437410390382,-10.05979333474089,0.7220888340229914,0.7485064314398155,2.193733201050456,-2.245651775827874,-1.0,-1.0,VIDARBHA-CA-GROUND-NAGPUR,-1.0,,L,R,L,New-Zealand,India,Spin,1
2014,2,4,New Zealand,Mark Chapman,Axar Patel,,14,6,4,4,4,0,0,0,0,0,0,0,0,0,1,0,0,,,0,13.6,1,1,0,782642,-195.5,109.5,4,0,,10,ORTHODOX,11,LOFTED ON DRIVE,0,0,6,13,136,4,Outside Leg stump,Full Length,0,0,2,0,0,0,0,0,63.02481917068906,-2.98141921068476,8.340701217098793,-1.201933799721357,2.185995939996978,,,,,,,9.083970809371959,0.1459604154246992,0.6139556609074862,87.49730759365302,Attacked,Played,None,0.67327880859375,0.6192626953125,3.357881,-0.425042,,,,,,,-7.986621,-0.364224,0.215215,-8.840958,-0.323441,0.325599,-13.79856669467602,-10.0602070216981,-0.2647726013043383,0.4597256790722097,1.228566280115468,-0.9034265251140355,-1.0,-1.0,VIDARBHA-CA-GROUND-NAGPUR,-1.0,,L,R,L,New-Zealand,India,Spin,1
2014,2,4,New Zealand,Daryl Mitchell,Varun Chakaravarthy,,15,1,0,0,0,0,0,0,1,0,0,0,0,0,0,0,0,,,0,14.1,1,1,0,782643,-75.5,37.5,0,0,,24,LEG SPIN,51,FRONTFOOT COVERDRIVE,0,0,1,14,136,4,Outside Off stump,Good Length,1,0,2,0,0,0,0,0,57.06920079627592,-5.228397791589812,8.341047311652794,-0.8561470002840144,2.141149311024836,,,,,,,11.14956438741428,0.3238566812087079,0.5601752294749315,61.64061630036895,Attacked,Played,None,0.784561157226562,0.7231178283691406,7.407583,-0.625004,,,,,,,-8.07717,-0.524189,0.729644,-8.840999,-0.50716,0.762121,-16.63547131660241,-10.06007014900922,-0.4784412874545055,0.778759645703743,0.3384207818958115,-0.4922223868205513,-1.0,-1.0,VIDARBHA-CA-GROUND-NAGPUR,-1.0,,R,L,R,New-Zealand,India,Spin,1
2014,2,4,New Zealand,Daryl Mitchell,Varun Chakaravarthy,,15,2,1,1,1,1,0,0,0,0,0,0,0,0,0,0,0,,,0,14.2,1,1,0,782644,133.5,-32.0,1,0,,24,LEG SPIN,94,STEP DOWN LOFTED ON DRIVE,0,0,2,14,137,4,Outside Off stump,Good Length,0,0,2,0,0,0,0,0,58.15868706361585,-4.051608561171498,8.340678038945185,-0.8807759412587731,2.130279952007355,,,,,,,12.2913974875551,0.3347042249407559,0.6405175064684094,72.60720347618583,Attacked,Edged,None,0.766365051269531,0.6507797241210938,6.352954,-0.421829,,,,,,,-6.962969,-0.269997,0.607646,-8.840808,-0.180457,0.811179,-15.99744164969325,-10.06007991769665,-0.1215178372135178,0.8902966204881745,1.072297972555071,-0.1068877930699607,-1.0,-1.0,VIDARBHA-CA-GROUND-NAGPUR,-1.0,,R,L,R,New-Zealand,India,Spin,1
2014,2,4,New Zealand,Mark Chapman,Varun Chakaravarthy,,15,3,6,6,6,0,0,0,0,0,0,0,0,0,0,1,0,,,0,14.3,1,1,0,782645,-187.5,130.0,6,0,,24,LEG SPIN,94,STEP DOWN LOFTED ON DRIVE,0,0,3,14,143,4,Outside Off stump,Full Length,0,0,2,0,0,0,0,0,57.88891803326562,-3.599691873427559,8.340706314880816,0.6385651661584626,2.130472869507566,,,,,,,12.52542837190675,0.3414082174661061,0.6407661643273855,71.97410290249722,Attacked,Played,None,0.766822814941406,0.6394729614257812,6.173943,0.398159,,,,,,,-6.721598,0.327994,0.558325,-8.840963,0.274405,0.809999,-16.18851207854967,-10.06000896511794,0.2431213597195947,0.8967861095912272,-0.02972731542985235,-0.2590836148919895,-1.0,-1.0,VIDARBHA-CA-GROUND-NAGPUR,-1.0,,L,R,R,New-Zealand,India,Spin,1
2014,2,4,New Zealand,Mark Chapman,Varun Chakaravarthy,,15,4,0,0,0,0,0,0,1,0,0,0,0,0,0,0,0,,,0,14.4,1,1,0,782646,100.5,51.5,0,0,,24,LEG SPIN,52,BACKFOOT COVERDRIVE,0,0,4,14,143,4,Outside Off stump,Good Length,0,0,2,0,0,0,0,0,56.92197361259586,-3.311711468636361,8.340964665535008,-0.648687330396325,2.151573751982593,,,,,,,11.44166102038224,0.3174999744713525,0.5915715417814785,66.98573382008654,Attacked,Played,None,0.782066345214844,0.7589263916015625,5.910647,0.341625,,,,,,,-8.874184,0.739075,0.69289,-8.840948,0.736223,0.690399,-16.27350568714929,-10.05998811077293,0.8413944419954414,0.7607515497226813,0.6927340846066988,-0.1791322455137504,-1.0,-1.0,VIDARBHA-CA-GROUND-NAGPUR,-1.0,,L,R,R,New-Zealand,India,Spin,1
2014,2,4,New Zealand,Mark Chapman,Varun Chakaravarthy,,15,5,0 WK,W,0,0,0,0,1,0,0,0,0,0,0,0,1,Caught,WICKET,1,14.5,1,1,0,782647,-102.0,137.5,0,0,,24,LEG SPIN,94,STEP DOWN LOFTED ON DRIVE,0,0,5,14,143,5,Outside Leg stump,Good Length,1,0,2,0,0,0,0,0,57.07186456504613,-4.346654728664788,8.34067463243387,-0.7579283156772632,2.138083942482099,,,,,,,11.77836341865979,0.2840404792816357,0.6180797835445557,74.30791960351978,None,None,None,0.765689849853516,0.63555908203125,6.671254,-0.225261,,,,,,,-6.575168,-0.073844,0.572621,-8.84077,0.036323,0.798526,-16.28585660504559,-10.0599758410743,0.09650356464769039,0.8624512677279595,0.431232808288489,-0.1386989533273825,-1.0,-1.0,VIDARBHA-CA-GROUND-NAGPUR,-1.0,,L,R,R,New-Zealand,India,Spin,1
2014,2,4,New Zealand,Mitchell Santner,Varun Chakaravarthy,,15,6,1,1,1,1,0,0,0,0,0,0,0,0,0,0,0,,,0,14.6,1,1,0,782648,88.5,-13.0,1,0,,24,LEG SPIN,97,BACKFOOT PUSH,0,0,6,14,144,5,Outside Off stump,Good Length,2,0,2,0,0,0,0,0,56.43382285877906,-3.500726977027135,8.340584498567011,0.6635017324430941,2.121602860454088,,,,,,,13.30323471705355,0.358653917536423,0.6727698690112905,75.05008859805129,Defended,Played,None,0.791336059570312,0.733062744140625,6.16039,0.283555,,,,,,,-8.153193,0.186143,0.784028,-8.840871,0.173317,0.855634,-16.18565875103751,-10.06006604949526,0.1526957023638783,0.9464944215873509,0.7653580327082659,-0.1353821788129987,-1.0,-1.0,VIDARBHA-CA-GROUND-NAGPUR,-1.0,,L,R,R,New-Zealand,India,Spin,1
2014,2,4,New Zealand,Mitchell Santner,Axar Patel,,16,1,1,1,1,1,0,0,0,0,0,0,0,0,0,0,0,,,0,15.1,1,1,0,782649,-100.5,143.5,1,0,,10,ORTHODOX,27,FORWARD PUSH,0,0,1,15,145,5,Outside Leg stump,Good Length,3,0,2,0,0,0,0,0,59.70535516798028,-4.515320824350452,8.340649360152085,-1.115277656549005,2.183292712001387,,,,,,,10.50417308015692,0.237115786887809,0.6328816707047689,81.22067191693444,Attacked,Played,None,0.738395690917969,0.6640892028808594,5.464772,-0.429221,,,,,,,-7.899484,-0.268512,0.518841,-8.840593,-0.221946,0.615301,-14.75677778727313,-10.0599033018545,-0.1610762759919126,0.709549819638303,1.306987784607762,-0.9698039592624168,-1.0,-1.0,VIDARBHA-CA-GROUND-NAGPUR,-1.0,,L,R,L,New-Zealand,India,Spin,1
2014,2,4,New Zealand,Daryl Mitchell,Axar Patel,,16,2,2,2,2,0,1,0,0,0,0,0,0,0,0,0,0,,,0,15.2,1,1,0,782650,142.5,74.0,2,0,,10,ORTHODOX,11,LOFTED ON DRIVE,0,0,2,15,147,5,Leg stump,Full Length,0,0,2,0,0,0,0,0,53.08525569354588,-2.788583996945981,8.340620505330541,-1.021436120080191,2.249976056550048,,,,,,,11.12090092789267,0.1973342539425792,0.5905901822932956,78.85510194973642,Attacked,Played,None,0.835716247558594,0.7170867919921875,5.275755,0.054867,,,,,,,-7.481981,0.241185,0.45845,-8.840741,0.336562,0.601481,-16.82145303004541,-10.06020322262234,0.4230617716709876,0.6849047932941013,2.338337778809493,-1.998927273176757,-1.0,-1.0,VIDARBHA-CA-GROUND-NAGPUR,-1.0,,R,L,L,New-Zealand,India,Spin,1
2014,2,4,New Zealand,Daryl Mitchell,Axar Patel,,16,3,4,4,4,0,0,0,0,0,0,0,0,0,1,0,0,,,0,15.3,1,1,0,782651,-79.0,215.0,4,0,,10,ORTHODOX,5,LOFTED OFF DRIVE,0,0,3,15,151,5,Off stump,Full Length,0,1,3,0,0,0,0,0,61.94341249536813,-3.837773547213001,8.3406494539962,-1.182374483897822,2.159599776264485,,,,,,,10.09961175213691,0.15630287486139,0.6688805311660765,94.70179218877249,Attacked,Played,None,0.690536499023438,0.6381340026855469,4.515691,-0.276755,,,,,,,-8.054573,-0.139987,0.414489,-8.840715,-0.096606,0.511686,-13.99696630130264,-10.05989854341127,-0.02879767880715642,0.6383846449703945,0.5374763858527424,-0.9221351675073607,-1.0,-1.0,VIDARBHA-CA-GROUND-NAGPUR,-1.0,,R,L,L,New-Zealand,India,Spin,1
2014,2,4,New Zealand,Daryl Mitchell,Abhishek Sharma,,16,4,2,2,2,0,1,0,0,0,0,0,0,0,0,0,0,,,0,15.4,1,1,0,782652,-33.0,124.0,2,0,,10,ORTHODOX,19,BACKFOOT STRAIGHT DRIVE,0,0,4,15,153,5,Outside Off stump,Good Length,1,0,3,0,0,0,0,0,54.80142684097308,-1.975393617113421,8.340770964584557,-0.4906493687010205,1.962842966451156,,,,,,,10.57324727620867,0.3187003977646884,0.5535420232413995,61.16126370974108,Attacked,Played,None,0.81317138671875,0.7696037292480469,5.978394,-0.269037,,,,,,,-8.659251,-0.423214,0.585027,-8.840715,-0.429451,0.594617,-16.11675436841807,-10.05983517873121,-0.4716101848078007,0.6327673075111431,1.199103277025429,-3.540104479330175,-1.0,-1.0,VIDARBHA-CA-GROUND-NAGPUR,-1.0,,R,L,L,New-Zealand,India,Spin,1
2014,2,4,New Zealand,Daryl Mitchell,Abhishek Sharma,,16,5,0,0,0,0,0,0,1,0,0,0,0,0,0,0,0,,,0,15.5,1,1,0,782653,-90.0,54.5,0,0,,10,ORTHODOX,52,BACKFOOT COVERDRIVE,0,0,5,15,153,5,Outside Leg stump,Good Length,0,0,3,0,0,0,0,0,54.18547353688921,-1.400325013490347,8.340638116086645,-0.56285761731062,1.938254516731155,,,,,,,11.02628638206794,0.2797177500245133,0.6045383768062822,72.708981518491,Attacked,Played,None,0.817451477050781,0.7918739318847656,5.427541,0.173625,,,,,,,-9.107782,0.30361,0.623924,-8.841,0.295724,0.60437,-15.75715560856132,-10.06016873892713,0.3319068525722833,0.6764080212280499,1.380051080146737,-2.335967835926144,-1.0,-1.0,VIDARBHA-CA-GROUND-NAGPUR,-1.0,,R,L,L,New-Zealand,India,Spin,1
2014,2,4,New Zealand,Daryl Mitchell,Abhishek Sharma,,16,6,1,1,1,1,0,0,0,0,0,0,0,0,0,0,0,,,0,15.6,1,1,0,782654,144.5,87.0,1,0,,10,ORTHODOX,74,STEP DOWN ON DRIVE,0,0,6,15,154,5,Off stump,Good Length,0,0,3,0,0,0,0,0,55.65132112950308,-4.429299211222642,8.340582587898176,-0.6756396275936509,1.87738298185834,,,,,,,8.37765759874475,0.2856064270895005,0.4650851766463357,51.20213378800032,Attacked,Played,None,0.770645141601562,0.6689071655273438,7.826014,-0.049727,,,,,,,-6.71575,0.054244,0.430755,-8.841,0.104918,0.432685,-15.65403931614947,-10.06004899977015,0.134401681261531,0.3750695043927462,1.189614173170686,-2.698602105061689,-1.0,-1.0,VIDARBHA-CA-GROUND-NAGPUR,-1.0,,R,L,L,New-Zealand,India,Spin,1
2014,2,4,New Zealand,Daryl Mitchell,Arshdeep Singh,,17,1,1,1,1,1,0,0,0,0,0,0,0,0,0,0,0,,,0,16.1,1,1,0,782655,80.0,-32.0,1,0,,30,ANGLED ACROSS,99,SCOOP,0,0,1,16,155,5,Outside Off stump,Full Toss,1,0,3,0,0,0,0,0,81.60609347836801,-2.91286899417049,8.340438453880914,0.2686625251496597,2.067952210689906,,,,,,,6.907704464171029,0.1720632820127483,0.649999999999999,90.29367179872503,Attacked,Edged,None,0.505702972412109,0.4890060424804688,-0.1282630000000005,-1.300054,,,,,,,-8.412668,-1.119097,0.33251,-8.840837,-1.16207,0.262104,-10.0410051148487,-10.06017152984044,-1.286755099067924,0.0535322542680349,-2.072634435305229,1.272221872585407e-14,-1.0,-1.0,VIDARBHA-CA-GROUND-NAGPUR,-1.0,,R,L,L,New-Zealand,India,Seam,1
2014,2,4,New Zealand,Mitchell Santner,Arshdeep Singh,,17,2,2,2,2,0,1,0,0,0,0,0,0,0,0,0,0,,,0,16.2,1,1,0,782656,-0.5,206.5,2,0,,39,ANGLED IN,13,LOFTED STRAIGHT,0,0,2,16,157,5,Outside Off stump,Good Length,0,0,3,0,0,0,0,0,82.89554385753894,-8.334290282254345,8.340794919467168,0.4026648031201452,2.017974376107728,,,,,,,7.151256563482683,0.1995557730182377,0.5339780745789084,70.1411338850125,Attacked,Played,None,0.527950286865234,0.4806747436523438,7.46291,0.143713,,,,,,,-7.854198,0.038564,0.552706,-8.840653,0.018343,0.617537,-12.36562584147539,-10.06026112819188,-0.006880249460740867,0.6825102847346314,-0.3211814130639784,0.3999055992486195,-1.0,-1.0,VIDARBHA-CA-GROUND-NAGPUR,-1.0,,L,R,L,New-Zealand,India,Seam,1
2014,2,4,New Zealand,Mitchell Santner,Arshdeep Singh,,17,3,1,1,1,1,0,0,0,0,0,0,0,0,0,0,0,,,0,16.3,1,1,0,782657,84.5,170.5,1,0,,47,SLOWER BALL,6,BACKFOOT OFF DRIVE,0,0,3,16,158,5,Outside Off stump,Short of Good Length,0,0,3,0,0,0,0,0,73.1833996738731,-14.93111164225056,8.340764091851305,0.4868902671415364,1.946945870797286,,,,,,,11.77757010917218,0.2696825937739508,0.5383403298539532,63.78279010069791,Attacked,Played,None,0.656227111816406,0.621826171875,11.970758,0.529734,,,,,,,-8.400714,0.582977,1.235433,-8.840893,0.587445,1.241423,-18.45342774734227,-10.06026199964456,0.600862023760458,1.236244863742507,-0.2854065135296998,-0.1897242462822861,-1.0,-1.0,VIDARBHA-CA-GROUND-NAGPUR,-1.0,,L,R,L,New-Zealand,India,Seam,1
2014,2,4,New Zealand,Daryl Mitchell,Arshdeep Singh,,17,4,0,0,0,0,0,0,1,0,0,0,0,0,0,0,0,,,0,16.4,1,1,0,782658,-19.5,-24.0,0,0,,30,ANGLED ACROSS,51,FRONTFOOT COVERDRIVE,0,0,4,16,158,5,Outside Off stump,Yorker,0,0,3,0,0,0,0,0,82.69632780485331,-3.730123420243039,8.340908291387684,0.2889105108462683,2.053350710680749,,,,,,,6.933806137685592,0.1714454224466489,0.6500000000000001,90.35545775533514,Attacked,Edged,None,0.508918762207031,0.4810409545898438,1.230383,-1.196864,,,,,,,-8.402275,-1.151794,0.100189,-8.840902,-1.19806,0.026316,-10.07853464894474,-10.06011959192332,-1.327325950920026,0.1668597656217892,-2.097206157594912,-1.272221872585407e-14,-1.0,-1.0,VIDARBHA-CA-GROUND-NAGPUR,-1.0,,R,L,L,New-Zealand,India,Seam,1
2014,2,4,New Zealand,Daryl Mitchell,Arshdeep Singh,,17,5,4,4,4,0,0,0,0,0,0,0,0,0,1,0,0,,,0,16.5,1,1,0,782659,-34.5,-158.0,4,0,,36,BOUNCER,58,BACKFOOT PULL SHOT,1,0,5,16,162,5,Outside Leg stump,Short Length,0,0,3,0,0,0,0,0,81.51216811361755,-17.09687553445729,8.340415459771926,0.365744506783412,1.973128905521335,,,,,,,8.739798382649512,0.2220994327110222,0.4100305891776463,49.29464510554473,Attacked,Edged,None,0.568565368652344,0.4861106872558594,12.607427,0.204244,,,,,,,-7.060455,-0.209654,1.712621,-8.840966,-0.290121,2.038579,-18.542896479604,-10.06004531061382,-0.3459447570908502,2.267540007352542,-0.2575784479721142,-0.6427119350522306,-1.0,-1.0,VIDARBHA-CA-GROUND-NAGPUR,-1.0,,R,L,L,New-Zealand,India,Seam,1
2014,2,4,New Zealand,Daryl Mitchell,Arshdeep Singh,,17,6,4,4,4,0,0,0,0,0,0,0,0,0,1,0,0,,,0,16.6,1,1,0,782660,-111.0,-133.5,4,0,,30,ANGLED ACROSS,44,GLIDE,0,0,6,16,166,5,Outside Off stump,Full Length,0,0,3,0,0,0,0,0,83.23112594280452,-5.014176998768709,8.341115943692518,0.2433334750996503,2.007700001367387,,,,,,,6.623383943241953,0.1688023918199629,0.6009418097966915,83.26103228750745,Attacked,Played,None,0.512454986572266,0.4624786376953125,3.598765999999999,-0.924956,,,,,,,-7.773519,-1.059557,0.179969,-8.84069,-1.169104,0.284329,-10.40168041748898,-10.05999878091904,-1.294357933514064,0.3892398363714497,-1.840647627558936,-0.3764808976616769,-1.0,-1.0,VIDARBHA-CA-GROUND-NAGPUR,-1.0,,R,L,L,New-Zealand,India,Seam,1
2014,2,4,New Zealand,Mitchell Santner,Jasprit Bumrah,,18,1,4,4,4,0,0,0,0,0,0,0,0,0,1,0,0,,,0,17.1,1,1,0,782661,101.5,196.5,4,0,,30,ANGLED ACROSS,5,LOFTED OFF DRIVE,0,0,1,17,170,5,Outside Off stump,Full Length,1,0,3,0,0,0,0,0,76.4026467953172,-4.243557252404155,8.34055955338484,-0.9109577879932264,2.003040775648092,,,,,,,7.985176870186109,0.1919384762960906,0.6194099077120804,83.717638527203,Attacked,Played,None,0.560440063476562,0.5184402465820312,4.228886,0.285775,,,,,,,-8.060057,0.480698,0.309832,-8.84105,0.549797,0.394225,-11.94083077279783,-10.060282881481,0.658519855844246,0.5103051154008487,-0.685425209812603,0.4933057766220889,-1.0,-1.0,VIDARBHA-CA-GROUND-NAGPUR,-1.0,,L,R,R,New-Zealand,India,Seam,1
2014,2,4,New Zealand,Mitchell Santner,Jasprit Bumrah,,18,2,4,4,4,0,0,0,0,0,0,0,0,0,1,0,0,,,0,17.2,1,1,0,782662,-158.0,-84.5,4,0,,38,STRAIGHT BALL,40,FRONTFOOT FLICK,0,0,2,17,174,5,Outside Leg stump,Good Length,0,0,3,0,0,0,0,0,87.53484879042053,-8.615821941447061,8.340684671000446,-1.044176628056633,1.987118188977764,,,,,,,8.208160269807546,0.16984420098503,0.6682020976452222,93.24589454828032,Attacked,Played,None,0.496673583984375,0.4573516845703125,7.252725,-0.54261,,,,,,,-7.971579,-0.337064,0.648401,-8.841089,-0.301635,0.730494,-11.50257851460036,-10.06015700262913,-0.2515486309165851,0.833312122693918,0.09675878028969075,-0.3906230531813515,-1.0,-1.0,VIDARBHA-CA-GROUND-NAGPUR,-1.0,,L,R,R,New-Zealand,India,Seam,1
2014,2,4,New Zealand,Mitchell Santner,Jasprit Bumrah,,18,3,1,1,1,1,0,0,0,0,0,0,0,0,0,0,0,,,0,17.3,1,1,0,782663,90.0,161.5,1,0,,39,ANGLED IN,84,FRONTFOOT OFF DRIVE,0,0,3,17,175,5,Leg stump,Full Length,0,0,3,0,0,0,0,0,87.50390071681694,-5.366291430538463,8.340735453436015,0.5297768548080066,1.966764366921691,,,,,,,5.805199860174753,0.1943492904232428,0.6049935400934626,81.31410197169511,Attacked,Played,None,0.481430053710938,0.4547767639160156,2.962285,-0.006668,,,,,,,-8.266021,-0.058869,0.148355,-8.841072,-0.084585,0.199208,-9.070479972952956,-10.06024134738278,-0.1391531788302501,0.296788745674897,-0.4218503344533044,-0.3460729806993611,-1.0,-1.0,VIDARBHA-CA-GROUND-NAGPUR,-1.0,,L,R,R,New-Zealand,India,Seam,1
2014,2,4,New Zealand,Daryl Mitchell,Jasprit Bumrah,,18,4,1,1,1,1,0,0,0,0,0,0,0,0,0,0,0,,,0,17.4,1,1,0,782664,87.0,169.0,1,0,,39,ANGLED IN,27,FORWARD PUSH,0,0,4,17,176,5,Middle stump,Yorker,0,0,3,0,0,0,0,0,88.29485833419197,-4.805531850277535,8.340941227309933,-1.238371759318246,1.963663293999544,,,,,,,6.046460881291915,0.1961356325871576,0.6499999999999986,87.88643674128403,Attacked,Played,None,0.479278564453125,0.4720001220703125,1.933358999999999,-0.187311,,,,,,,-9.015566,-0.130804,0.119791,-8.840879,-0.141908,0.102543,-8.800226763445725,-10.06034708753135,-0.06439374696033835,0.2171366294059263,-0.01961149388932078,0.0,-1.0,-1.0,VIDARBHA-CA-GROUND-NAGPUR,-1.0,,R,L,R,New-Zealand,India,Seam,1
2014,2,4,New Zealand,Mitchell Santner,Jasprit Bumrah,,18,5,1,1,1,1,0,0,0,0,0,0,0,0,0,0,0,,,0,17.5,1,1,0,782665,88.0,168.0,1,0,,39,ANGLED IN,84,FRONTFOOT OFF DRIVE,0,0,5,17,177,5,Leg stump,Full Length,0,0,3,0,0,0,0,0,88.06074820402668,-5.563749297389697,8.34055506970374,0.4342910240544146,1.94865240884663,,,,,,,6.523749275379273,0.09590732949964029,0.6924029711234423,104.2697127185523,Attacked,Played,None,0.482322692871094,0.4524078369140625,3.327668,-0.147268,,,,,,,-8.293065,-0.205728,0.19476,-8.840934,-0.22641,0.248954,-9.138635718824572,-10.05978755016902,-0.2727256862904982,0.3601646507762886,-0.1598347145320713,0.1588180060638911,-1.0,-1.0,VIDARBHA-CA-GROUND-NAGPUR,-1.0,,L,R,R,New-Zealand,India,Seam,1
2014,2,4,New Zealand,Daryl Mitchell,Jasprit Bumrah,,18,6,4,4,4,0,0,0,0,0,0,0,0,0,1,0,0,,,0,17.6,1,1,0,782666,-59.5,-146.5,4,0,,39,ANGLED IN,99,SCOOP,0,0,6,17,181,5,Off stump,Full Toss,0,0,3,0,0,0,0,0,87.94483523973511,-2.375278004993836,8.340860013128033,-1.240980018670456,1.963443754532264,,,,,,,5.233654966122187,0.2268409242688893,0.6499999999999992,84.81590757311095,Attacked,Played,None,0.477516174316406,0.4576377868652344,-4.507058000000001,0.291415,,,,,,,-8.587455,-0.104347,0.750142,-8.840967,-0.087485,0.723265,-7.62519450914246,-10.06002129253843,-0.006495779047694469,0.5899729925089112,-0.09937150618895216,1.272221872585407e-14,-1.0,-1.0,VIDARBHA-CA-GROUND-NAGPUR,-1.0,,R,L,R,New-Zealand,India,Seam,1
2014,2,4,New Zealand,Mitchell Santner,Arshdeep Singh,,19,1,1,1,1,1,0,0,0,0,0,0,0,0,0,0,0,,,0,18.1,1,1,0,782667,-161.5,56.5,1,0,,36,BOUNCER,58,BACKFOOT PULL SHOT,1,0,1,18,182,5,Outside Off stump,Short Length,1,0,3,0,0,0,0,0,70.80391116174842,-15.5527507552568,8.34044131267158,0.4639095963904243,1.925745136853921,,,,,,,12.77228097801724,0.2751407929799821,0.5210670291629005,60.64597507643687,Attacked,Played,None,0.682926177978516,0.5925865173339844,12.551841,0.458722,,,,,,,-7.349101,0.544062,1.510011,-8.840936,0.572366,1.585237,-20.20541108094067,-10.06024477887493,0.5988521548553596,1.614419613581316,0.4231885492660477,-0.1327839279346818,-1.0,-1.0,VIDARBHA-CA-GROUND-NAGPUR,-1.0,,L,R,L,New-Zealand,India,Seam,1
2014,2,4,New Zealand,Daryl Mitchell,Arshdeep Singh,,19,2,1,1,1,1,0,0,0,0,0,0,0,0,0,0,0,,,0,18.2,1,1,0,782668,150.0,62.0,1,0,,38,STRAIGHT BALL,18,SLOG SHOT,0,0,2,18,183,5,Leg stump,Full Toss,0,0,3,0,0,0,0,0,83.72980664923249,-2.978420554169929,8.340742378912577,0.3875728312772351,2.08931547890128,,,,,,,6.938908786382541,0.1704990055973879,0.6499999999999999,90.4500994402612,Attacked,Played,None,0.50079345703125,0.4594802856445313,-0.1231039999999997,0.047466,,,,,,,-7.878311,0.132481,0.422978,-8.841146,0.098629,0.265836,-10.08587080973124,-10.06032963081524,0.05234267767434602,0.05623336089343065,-2.314171632823367,2.544443745170813e-14,-1.0,-1.0,VIDARBHA-CA-GROUND-NAGPUR,-1.0,,R,L,L,New-Zealand,India,Seam,1
2014,2,4,New Zealand,Mitchell Santner,Arshdeep Singh,,19,3,1,1,1,1,0,0,0,0,0,0,0,0,0,0,0,,,0,18.3,1,1,0,782669,-161.0,31.5,1,0,,39,ANGLED IN,47,FRONTFOOT ON DRIVE,0,0,3,18,184,5,Leg stump,Full Toss,0,0,3,0,0,0,0,0,84.86923381086098,-3.696367305364451,8.340412213987932,0.3490067934117683,2.062610727143161,,,,,,,6.884255186621206,0.1719661654041964,0.6500000000000004,90.30338345958042,Attacked,Played,None,0.4954833984375,0.4503707885742188,0.4792749999999995,-0.282512,,,,,,,-7.761543,-0.190501,0.273058,-8.841077,-0.244247,0.09276,-10.00728535936546,-10.05967574565841,-0.3076751411229627,0.02098924909567466,-1.864767306072858,0.0,-1.0,-1.0,VIDARBHA-CA-GROUND-NAGPUR,-1.0,,L,R,L,New-Zealand,India,Seam,1
2014,2,4,New Zealand,Daryl Mitchell,Arshdeep Singh,,19,4,1,1,1,1,0,0,0,0,0,0,0,0,0,0,0,,,0,18.4,1,1,0,782670,-137.0,-68.0,1,0,,30,ANGLED ACROSS,44,GLIDE,0,0,4,18,185,5,Outside Off stump,Yorker,0,0,3,0,0,0,0,0,83.9172835657572,-3.778299765357433,8.341158054238985,0.282903527334194,2.062581450329533,,,,,,,7.68229927220905,0.1612502564540042,0.6994291274170622,98.7893434671589,Attacked,Played,None,0.502395629882812,0.4917526245117188,1.563618999999999,-0.922963,,,,,,,-8.929886,-0.962466,0.079203,-8.84083,-0.95435,0.067528,-10.38232113540549,-10.06011697394573,-1.065474711395584,0.2205827831498425,-2.104810798266766,1.272221872585407e-14,-1.0,-1.0,VIDARBHA-CA-GROUND-NAGPUR,-1.0,,R,L,L,New-Zealand,India,Seam,1
2014,2,4,New Zealand,Mitchell Santner,Arshdeep Singh,,19,5,2,2,2,0,1,0,0,0,0,0,0,0,0,0,0,,,0,18.5,1,1,0,782671,12.0,194.5,2,0,,38,STRAIGHT BALL,53,FRONTFOOT STRAIGHT DRIVE,0,0,5,18,187,5,Outside Off stump,Full Toss,0,0,3,0,0,0,0,0,84.28335649186953,-2.958355397785363,8.341219032152107,0.5322995449909735,2.06523254276143,,,,,,,7.006584229664703,0.1687387770996464,0.6500000000000004,90.62612229003543,Attacked,Played,None,0.498344421386719,0.4725837707519531,0.0421080000000007,0.588372,,,,,,,-8.420372,0.618076,0.292805,-8.841103,0.610975,0.222064,-10.18315228263085,-10.06019759146423,0.5874858712955566,0.02164549867748013,-2.579143667378362,0.0,-1.0,-1.0,VIDARBHA-CA-GROUND-NAGPUR,-1.0,,L,R,L,New-Zealand,India,Seam,1
2014,2,4,New Zealand,Mitchell Santner,Arshdeep Singh,,19,6,0,0,0,0,0,0,1,0,0,0,0,0,0,0,0,,,0,18.6,1,1,0,782672,12.0,194.5,0,0,,38,STRAIGHT BALL,51,FRONTFOOT COVERDRIVE,0,0,6,18,187,5,Outside Off stump,Yorker,0,0,3,0,0,0,0,0,83.49762281820855,-3.978215573522965,8.340531053274006,0.4525725711792811,2.04692752888251,,,,,,,8.324520991114143,0.1364624169759701,0.7687951481814235,111.6730305296165,Attacked,Missed,None,0.503688812255859,0.530914306640625,1.937685,0.622427,,,,,,,-999.9,-999.9,-999.9,-8.840783,0.619198,0.131972,-10.31330303455119,-10.05982189373737,0.6136804707583984,0.294656396677395,-2.017674541068146,0.2218827827520236,-1.0,-1.0,VIDARBHA-CA-GROUND-NAGPUR,-1.0,,L,R,L,New-Zealand,India,Seam,1
2014,2,4,New Zealand,Daryl Mitchell,Shivam Dube,,20,1,1,1,1,1,0,0,0,0,0,0,0,0,0,0,0,,,0,19.1,1,1,0,782673,86.5,174.5,1,0,,47,SLOWER BALL,47,FRONTFOOT ON DRIVE,0,0,1,19,188,5,Outside Off stump,Full Toss,1,0,3,0,0,0,0,0,76.39185282450964,-2.529059243499522,8.340673692944971,-0.5741918587030688,2.032100544221438,,,,,,,7.29540699738212,0.1619848525928792,0.6500000000000002,91.30151474071212,Attacked,Played,None,0.549797058105469,0.5318984985351562,0.01016100000000009,-0.891859,,,,,,,-8.738018,-0.86667,0.22675,-8.840922,-0.868631,0.208697,-10.59797386409263,-10.06006699043506,-0.8920570696866567,-0.00939394273460363,-0.2275941628124689,0.0,-1.0,-1.0,VIDARBHA-CA-GROUND-NAGPUR,-1.0,,R,L,R,New-Zealand,India,Seam,1
2014,2,4,New Zealand,Mitchell Santner,Shivam Dube,,20,2,1,1,1,1,0,0,0,0,0,0,0,0,0,0,0,,,0,19.2,1,1,0,782674,-9.5,75.0,1,0,,30,ANGLED ACROSS,51,FRONTFOOT COVERDRIVE,0,0,2,19,189,5,Wide outside Off stump,Full Toss,0,0,3,0,0,0,0,0,585.862336,16.03288097647148,8.342722920125311,-1044.893831554753,-326.2799292778533,,,,,,,7.881923637954882,0.1505325722301475,0.6500000000000004,92.4467427769853,Attacked,Played,None,0.79779052734375,0.06410980224609375,-989.840024,-999.900024,,,,,,,-7.675933,-1044.493315,-321.660364,-8.839417,-1044.464057,-321.323552,-11.43852882719711,-10.06119316321849,-1044.433307924327,-320.9696770147982,4.358426447728754,-1.272221872585407e-14,-1.0,-1.0,VIDARBHA-CA-GROUND-NAGPUR,-1.0,,L,R,R,New-Zealand,India,Seam,1
2014,2,4,New Zealand,Daryl Mitchell,Shivam Dube,,20,3,0 WK,W,0,0,0,0,1,0,0,0,0,0,0,0,1,Caught,WICKET,1,19.3,1,1,0,782675,-124.5,152.0,0,0,,38,STRAIGHT BALL,5,LOFTED OFF DRIVE,0,0,3,19,189,6,Outside Off stump,Full Length,1,0,3,0,0,0,0,0,75.9728826703497,-5.915557078894709,8.340529537694358,-0.693912333701887,2.045442822348907,,,,,,,8.5669785277716,0.2158992237449117,0.6642195334483818,88.04300764276611,None,None,None,0.567741394042969,0.5346107482910156,5.287195,-0.953832,,,,,,,-8.337003,-1.012161,0.481261,-8.840532,-1.020534,0.532952,-11.8448416631996,-10.05973703102427,-1.040948332010786,0.6441198259845785,0.01143630883532939,0.2040372342391719,-1.0,-1.0,VIDARBHA-CA-GROUND-NAGPUR,-1.0,,R,L,R,New-Zealand,India,Seam,1
2014,2,4,New Zealand,Kristian Clarke,Shivam Dube,,20,4,0 WK,W,0,0,0,0,1,0,0,0,0,0,0,0,1,Caught,WICKET,1,19.4,1,1,0,782676,84.0,180.0,0,0,,38,STRAIGHT BALL,11,LOFTED ON DRIVE,0,0,4,19,189,7,Outside Off stump,Full Toss,0,0,3,0,0,0,0,0,75.17626776442573,-1.49456857346395,8.340442326326166,-0.6568769112271259,2.082601665999115,,,,,,,7.543520004245188,0.1567550458650825,0.6500000000000004,91.8244954134918,None,None,None,0.542427062988281,0.5325393676757812,-1.286953,-1.45295,,,,,,,-8.513492,-1.318443,0.540686,-8.841114,-1.333614,0.486119,-10.95385792159904,-10.05998752522739,-1.390924467127957,0.2737607548979759,-0.9020905444593483,-1.272221872585407e-14,-1.0,-1.0,VIDARBHA-CA-GROUND-NAGPUR,-1.0,,R,L,R,New-Zealand,India,Seam,1
2014,2,4,New Zealand,Kyle Jamieson,Shivam Dube,,20,5,0,0,0,0,0,0,1,0,0,0,0,0,0,0,0,,,0,19.5,1,1,0,782677,84.0,180.0,0,0,,47,SLOWER BALL,51,FRONTFOOT COVERDRIVE,0,0,5,19,189,7,Outside Off stump,Good Length,1,0,3,0,0,0,0,0,60.39687085737056,-3.834373216681771,8.340584659354867,-0.6883250202991855,2.049697077164706,,,,,,,10.342260547922,0.1905911251110072,0.6469726852404636,87.98679027496883,Attacked,Missed,None,0.71429443359375,0.7520256042480469,5.621187,-0.649355,,,,,,,-999.9,-999.9,-999.9,-8.840598,-0.592477,0.629747,-14.52639142957067,-10.06022154222918,-0.5763601647044375,0.7258364335230278,-0.2869818906903061,0.7031963661381254,-1.0,-1.0,VIDARBHA-CA-GROUND-NAGPUR,-1.0,,R,L,R,New-Zealand,India,Seam,1
2014,2,4,New Zealand,Kyle Jamieson,Shivam Dube,,20,6,1,1,1,1,0,0,0,0,0,0,0,0,0,0,0,,,0,19.6,1,1,0,782678,-76.5,171.5,1,0,,38,STRAIGHT BALL,84,FRONTFOOT OFF DRIVE,0,0,6,19,190,7,Outside Off stump,Good Length,0,0,3,0,0,0,0,0,58.09940586658651,-4.82393372153138,8.340953887092262,-0.6842718780945382,2.062157096692026,,,,,,,9.972254290753582,0.2165252514869336,0.5808483957562663,75.4747342147466,Attacked,Played,None,0.752105712890625,0.70697021484375,6.77628,-0.645389,,,,,,,-8.310077,-0.581314,0.624319,-8.840702,-0.574396,0.653192,-15.33730933120342,-10.06021725498167,-0.5583815594566023,0.6931153691364762,-0.1741266011588795,0.6150483278583182,-1.0,-1.0,VIDARBHA-CA-GROUND-NAGPUR,-1.0,,R,L,R,New-Zealand,India,Seam,1
