innings_number,batting_team_id,batting_team_name,batting_team_abbreviation,innings_closure_id,over_number,over_bowler_name,runs_off_over,extras_off_over,wickets_off_over,team_score,run_rate,overs_unique,display_overs,runs,scoring,ball_summary_text,ball_pre_text,commentary,gid,match_id,match_name,comp_id,comp_name,comp_season,ground_name,class_name,start_date,batting_player_id,batting_player_name,batting_player_hand,bowling_player_id,bowling_player_name,bowling_player_hand,bowling_team_id,bowling_team_name,bowling_technique,bowling_type_id,bowling_type_simple,datetime_utc,bounce_position_x,bounce_position_y,length_zone,stumps_position_y,stumps_position_z,grid_x,grid_y,ball_id,field_direction,field_distance_percent,field_magnitude,field_zone,runs_off_bat,runs_conceded,has_pitchmap,has_beehive,has_wagon,in_catch_map,bowler_arm,delivery_type,delivery_variation,length,line,footwork,shot_type,shot_trajectory,shot_control,field_position,fielder_name,dismissal_type,dismissed_batter,dismissal_score,parse_method,runs_scored,extras_type,is_wicket,is_wide,is_no_ball,is_bye,is_leg_bye,is_penalty,is_boundary_four,is_boundary_six,is_dot,dismissal_source
1,1153,Sunrisers Hyderabad,SRH,1,1,SP Narine,9,0,0,9/0,9.00,0.01,0.1,0,0,"Narine to Sharma, no run",Abhishek Sharma and Travis Head head out to the middle. Sunil Narine takes the ball for their 1st spell,"Off break is tossed up on a length, angling in around leg stump. The batter gently pushes it forward, keeping it well grounded for no run.",218920f5-0986-4377-b824-7795a9cad457,237309,"Sunrisers Hyderabad v Kolkata Knight Riders at Hyderabad, Tata Indian Premier League, 3 May 2026",8903,Tata Indian Premier League,2026,"Rajiv Gandhi International Stadium, Hyderabad",List A Twenty20,2026-05-03,,,,,,,,,,,,,,,,,,,,,,,,,,,False,False,False,False,,,,,leg stump,,push,,,,,,,,keyword,0,,False,False,False,False,False,False,False,False,True,
1,1153,Sunrisers Hyderabad,SRH,1,1,SP Narine,9,0,0,9/0,9.00,0.02,0.2,1,1,"Narine to Sharma, 1 run",,"Off break pitched back of a length on the leg side, Abhishek Sharma pushes it nicely, taking a comfortable single. Sharma gets off the mark smoothly.",218920f5-0986-4377-b824-7795a9cad457,237309,"Sunrisers Hyderabad v Kolkata Knight Riders at Hyderabad, Tata Indian Premier League, 3 May 2026",8903,Tata Indian Premier League,2026,"Rajiv Gandhi International Stadium, Hyderabad",List A Twenty20,2026-05-03,65346.0,A Sharma,left,11658.0,SP Narine,right,1873.0,Kolkata Knight Riders,off break,3.0,spin,2026-05-03 10:01:09,,,,,,,,106631740.0,303.0,70.0,122.0,4.0,1.0,1.0,False,False,True,False,,,,back of a length,,,push,,,,,,,,keyword,1,,False,False,False,False,False,False,False,False,False,
1,1153,Sunrisers Hyderabad,SRH,1,1,SP Narine,9,0,0,9/0,9.00,0.03,0.3,1,1,"Narine to Head, 1 run",,"Narine bowls a length off break on leg stump, and Head drives it confidently along the ground for a quick single. Head gets off the mark with that well-timed run.",218920f5-0986-4377-b824-7795a9cad457,237309,"Sunrisers Hyderabad v Kolkata Knight Riders at Hyderabad, Tata Indian Premier League, 3 May 2026",8903,Tata Indian Premier League,2026,"Rajiv Gandhi International Stadium, Hyderabad",List A Twenty20,2026-05-03,21033.0,TM Head,left,11658.0,SP Narine,right,1873.0,Kolkata Knight Riders,off break,3.0,spin,2026-05-03 10:01:44,,,,,,,,106631748.0,314.0,75.0,131.0,4.0,1.0,1.0,False,False,True,False,,,,,leg stump,,drive,along the ground,,,,,,,keyword,1,,False,False,False,False,False,False,False,False,False,
1,1153,Sunrisers Hyderabad,SRH,1,1,SP Narine,9,0,0,9/0,9.00,0.04,0.4,6,6,"Narine to Sharma, 6 runs",,"An off break on a back of a length, pitched on leg stump, is met with a mighty slog from Abhishek Sharma. He middles it beautifully with controlled power, sending it soaring over long on for a six.",218920f5-0986-4377-b824-7795a9cad457,237309,"Sunrisers Hyderabad v Kolkata Knight Riders at Hyderabad, Tata Indian Premier League, 3 May 2026",8903,Tata Indian Premier League,2026,"Rajiv Gandhi International Stadium, Hyderabad",List A Twenty20,2026-05-03,65346.0,A Sharma,left,11658.0,SP Narine,right,1873.0,Kolkata Knight Riders,off break,3.0,spin,2026-05-03 10:02:12,,,,,,,,106631756.0,250.0,100.0,179.0,5.0,6.0,6.0,False,False,True,False,,,,back of a length,leg stump,,slog,,controlled,long on,,,,,keyword,6,,False,False,False,False,False,False,False,True,False,
1,1153,Sunrisers Hyderabad,SRH,1,1,SP Narine,9,0,0,9/0,9.00,0.05,0.5,0,0,"Narine to Sharma, no run",,"Sunil Narine sends down a length carrom ball on middle stump. Abhishek Sharma calmly pushes it back along the ground towards cover where it’s fielded cleanly, resulting in no run.",218920f5-0986-4377-b824-7795a9cad457,237309,"Sunrisers Hyderabad v Kolkata Knight Riders at Hyderabad, Tata Indian Premier League, 3 May 2026",8903,Tata Indian Premier League,2026,"Rajiv Gandhi International Stadium, Hyderabad",List A Twenty20,2026-05-03,,,,,,,,,,,,,,,,,,,,,,,,,,,False,False,False,False,,,,,middle stump,,push,along the ground,,cover,,,,,keyword,0,,False,False,False,False,False,False,False,False,True,
1,1153,Sunrisers Hyderabad,SRH,1,1,SP Narine,9,0,0,9/0,9.00,0.06,0.6,1,1,"Narine to Sharma, 1 run",,"Sunil Narine delivers a back of a length carrom ball down leg. Abhishek Sharma pushes it with a mis-timed touch, sneaking the single through extra cover.",218920f5-0986-4377-b824-7795a9cad457,237309,"Sunrisers Hyderabad v Kolkata Knight Riders at Hyderabad, Tata Indian Premier League, 3 May 2026",8903,Tata Indian Premier League,2026,"Rajiv Gandhi International Stadium, Hyderabad",List A Twenty20,2026-05-03,65346.0,A Sharma,left,11658.0,SP Narine,right,1873.0,Kolkata Knight Riders,off break,3.0,spin,2026-05-03 10:03:04,,,,,,,,106631770.0,304.0,45.0,80.0,4.0,1.0,1.0,False,False,True,False,,,,back of a length,down leg,,push,,,extra cover,,,,,keyword,1,,False,False,False,False,False,False,False,False,False,
1,1153,Sunrisers Hyderabad,SRH,1,2,VG Arora,17,0,0,26/0,17.00,1.01,1.1,1,1,"Arora to Sharma, 1 run",Vaibhav Arora takes the ball for their 1st spell,"Vaibhav Arora sends down a length ball swinging away on leg stump, and Abhishek Sharma deftly pushes it through for one.",218920f5-0986-4377-b824-7795a9cad457,237309,"Sunrisers Hyderabad v Kolkata Knight Riders at Hyderabad, Tata Indian Premier League, 3 May 2026",8903,Tata Indian Premier League,2026,"Rajiv Gandhi International Stadium, Hyderabad",List A Twenty20,2026-05-03,65346.0,A Sharma,left,72965.0,VG Arora,right,1873.0,Kolkata Knight Riders,right pace,1.0,pace,2026-05-03 10:04:23,,,,,,,,106631792.0,3.0,80.0,137.0,2.0,1.0,1.0,False,False,True,False,,,,length ball,leg stump,,push,,,,,,,,keyword,1,,False,False,False,False,False,False,False,False,False,
1,1153,Sunrisers Hyderabad,SRH,1,2,VG Arora,17,0,0,26/0,17.00,1.02,1.2,4,4,"Arora to Head, 4 runs",,A back of a length swinging away delivery on middle stump is met with crisp timing. The batter drives it elegantly through backward point to collect a boundary. That’s the first four of the innings.,218920f5-0986-4377-b824-7795a9cad457,237309,"Sunrisers Hyderabad v Kolkata Knight Riders at Hyderabad, Tata Indian Premier League, 3 May 2026",8903,Tata Indian Premier League,2026,"Rajiv Gandhi International Stadium, Hyderabad",List A Twenty20,2026-05-03,21033.0,TM Head,left,72965.0,VG Arora,right,1873.0,Kolkata Knight Riders,right pace,1.0,pace,2026-05-03 10:05:07,,,,,,,,106631807.0,9.0,100.0,168.0,2.0,4.0,4.0,False,False,True,False,,,,back of a length,middle stump,,drive,,,backward point,,,,,keyword,4,,False,False,False,False,False,False,True,False,False,
1,1153,Sunrisers Hyderabad,SRH,1,2,VG Arora,17,0,0,26/0,17.00,1.03,1.3,0,0,"Arora to Head, no run",,"A short delivery drifting down leg side, met with a mis-timed pull shot that stays low and is safely fielded at mid-wicket. No run comes off this ball.",218920f5-0986-4377-b824-7795a9cad457,237309,"Sunrisers Hyderabad v Kolkata Knight Riders at Hyderabad, Tata Indian Premier League, 3 May 2026",8903,Tata Indian Premier League,2026,"Rajiv Gandhi International Stadium, Hyderabad",List A Twenty20,2026-05-03,,,,,,,,,,,,,,,,,,,,,,,,,,,False,False,False,False,,,,short,down leg,,pull,,,,,,,,keyword,0,,False,False,False,False,False,False,False,False,True,
1,1153,Sunrisers Hyderabad,SRH,1,2,VG Arora,17,0,0,26/0,17.00,1.04,1.4,4,4,"Arora to Head, 4 runs",,"A back of a length swinging away delivery, angling on middle stump. The batter attempts a cut shot but mistimes it slightly, sending the ball racing through cover for four. Travis Head now has two boundaries in this over.",218920f5-0986-4377-b824-7795a9cad457,237309,"Sunrisers Hyderabad v Kolkata Knight Riders at Hyderabad, Tata Indian Premier League, 3 May 2026",8903,Tata Indian Premier League,2026,"Rajiv Gandhi International Stadium, Hyderabad",List A Twenty20,2026-05-03,21033.0,TM Head,left,72965.0,VG Arora,right,1873.0,Kolkata Knight Riders,right pace,1.0,pace,2026-05-03 10:06:34,,,,,,,,106631833.0,353.0,100.0,171.0,3.0,4.0,4.0,False,False,True,False,,,,back of a length,middle stump,,cut,,,cover,,,,,keyword,4,,False,False,False,False,False,False,True,False,False,
1,1153,Sunrisers Hyderabad,SRH,1,2,VG Arora,17,0,0,26/0,17.00,1.05,1.5,4,4,"Arora to Head, 4 runs",,"On a back of a length delivery outside off, Travis Head pulls with perfect timing. The controlled sweep races away through mid wicket for a boundary. That's another four for Travis Head, his third in this over.",218920f5-0986-4377-b824-7795a9cad457,237309,"Sunrisers Hyderabad v Kolkata Knight Riders at Hyderabad, Tata Indian Premier League, 3 May 2026",8903,Tata Indian Premier League,2026,"Rajiv Gandhi International Stadium, Hyderabad",List A Twenty20,2026-05-03,21033.0,TM Head,left,72965.0,VG Arora,right,1873.0,Kolkata Knight Riders,right pace,1.0,pace,2026-05-03 10:07:27,,,,,,,,106631848.0,219.0,100.0,176.0,6.0,4.0,4.0,False,False,True,False,,,,back of a length,outside off,,sweep,,controlled,mid wicket,,,,,keyword,4,,False,False,False,False,False,False,True,False,False,
1,1153,Sunrisers Hyderabad,SRH,1,2,VG Arora,17,0,0,26/0,17.00,1.06,1.6,4,4,"Arora to Head, 4 runs",,"A short no-movement delivery outside off, perfectly met by a well-timed pull shot. Travis Head carves it confidently through deep square leg for four. Travis Head adds another boundary, making it 17 runs already in this over.",218920f5-0986-4377-b824-7795a9cad457,237309,"Sunrisers Hyderabad v Kolkata Knight Riders at Hyderabad, Tata Indian Premier League, 3 May 2026",8903,Tata Indian Premier League,2026,"Rajiv Gandhi International Stadium, Hyderabad",List A Twenty20,2026-05-03,21033.0,TM Head,left,72965.0,VG Arora,right,1873.0,Kolkata Knight Riders,right pace,1.0,pace,2026-05-03 10:08:17,,,,,,,,106631860.0,183.0,100.0,171.0,6.0,4.0,4.0,False,False,True,False,,,,short,outside off,,pull,,,deep square leg,,,,,keyword,4,,False,False,False,False,False,False,True,False,False,
1,1153,Sunrisers Hyderabad,SRH,1,3,SP Narine,11,0,0,37/0,11.00,2.01,2.1,1,1,"Narine to Sharma, 1 run",Sunil Narine continues their spell,"An off break pitched at length, drifting wide down leg, and Abhishek Sharma works it neatly along the ground for a single.",218920f5-0986-4377-b824-7795a9cad457,237309,"Sunrisers Hyderabad v Kolkata Knight Riders at Hyderabad, Tata Indian Premier League, 3 May 2026",8903,Tata Indian Premier League,2026,"Rajiv Gandhi International Stadium, Hyderabad",List A Twenty20,2026-05-03,65346.0,A Sharma,left,11658.0,SP Narine,right,1873.0,Kolkata Knight Riders,off break,3.0,spin,2026-05-03 10:09:14,,,,,,,,106631879.0,200.0,50.0,83.0,6.0,1.0,1.0,False,False,True,False,,,,,down leg,,work,along the ground,,,,,,,keyword,1,,False,False,False,False,False,False,False,False,False,
1,1153,Sunrisers Hyderabad,SRH,1,3,SP Narine,11,0,0,37/0,11.00,2.02,2.2,0,0,"Narine to Head, no run",,"Head works this back of a length delivery down the leg side with control, keeping it tight and securing a dot ball.",218920f5-0986-4377-b824-7795a9cad457,237309,"Sunrisers Hyderabad v Kolkata Knight Riders at Hyderabad, Tata Indian Premier League, 3 May 2026",8903,Tata Indian Premier League,2026,"Rajiv Gandhi International Stadium, Hyderabad",List A Twenty20,2026-05-03,,,,,,,,,,,,,,,,,,,,,,,,,,,False,False,False,False,,,,back of a length,down the leg side,,work,,,,,,,,keyword,0,,False,False,False,False,False,False,False,False,True,
1,1153,Sunrisers Hyderabad,SRH,1,3,SP Narine,11,0,0,37/0,11.00,2.03,2.3,0,0,"Narine to Head, no run",,"Narine floats a carrom ball on the back of a length, aimed at leg stump. Head leans into a composed drive, sending the ball softly towards extra cover, well fielded.",218920f5-0986-4377-b824-7795a9cad457,237309,"Sunrisers Hyderabad v Kolkata Knight Riders at Hyderabad, Tata Indian Premier League, 3 May 2026",8903,Tata Indian Premier League,2026,"Rajiv Gandhi International Stadium, Hyderabad",List A Twenty20,2026-05-03,,,,,,,,,,,,,,,,,,,,,,,,,,,False,False,False,False,,,,back of a length,leg stump,,drive,,,extra cover,,,,,keyword,0,,False,False,False,False,False,False,False,False,True,
1,1153,Sunrisers Hyderabad,SRH,1,3,SP Narine,11,0,0,37/0,11.00,2.04,2.4,6,6,"Narine to Head, 6 runs",,"Sunil Narine bowls a back of a length off break down the leg side. Travis Head times a controlled slog-sweep beautifully, sending the ball sailing over deep backward square leg for six.",218920f5-0986-4377-b824-7795a9cad457,237309,"Sunrisers Hyderabad v Kolkata Knight Riders at Hyderabad, Tata Indian Premier League, 3 May 2026",8903,Tata Indian Premier League,2026,"Rajiv Gandhi International Stadium, Hyderabad",List A Twenty20,2026-05-03,21033.0,TM Head,left,11658.0,SP Narine,right,1873.0,Kolkata Knight Riders,off break,3.0,spin,2026-05-03 10:10:15,,,,,,,,106631901.0,168.0,100.0,168.0,7.0,6.0,6.0,False,False,True,False,,,,back of a length,down the leg side,,slog sweep,,controlled,deep backward square leg,,,,,keyword,6,,False,False,False,False,False,False,False,True,False,
1,1153,Sunrisers Hyderabad,SRH,1,3,SP Narine,11,0,0,37/0,11.00,2.05,2.5,4,4,"Narine to Head, 4 runs",,"Sunil Narine bowls a length off break down the leg stump which Travis Head late cuts with a well-timed, controlled slog through mid-wicket for four. Travis Head is on fire with two boundaries in this over already.",218920f5-0986-4377-b824-7795a9cad457,237309,"Sunrisers Hyderabad v Kolkata Knight Riders at Hyderabad, Tata Indian Premier League, 3 May 2026",8903,Tata Indian Premier League,2026,"Rajiv Gandhi International Stadium, Hyderabad",List A Twenty20,2026-05-03,21033.0,TM Head,left,11658.0,SP Narine,right,1873.0,Kolkata Knight Riders,off break,3.0,spin,2026-05-03 10:10:53,,,,,,,,106631911.0,219.0,100.0,176.0,6.0,4.0,4.0,False,False,True,False,,,,,leg stump,,late cut,,controlled,,,,,,keyword,4,,False,False,False,False,False,False,True,False,False,
1,1153,Sunrisers Hyderabad,SRH,1,3,SP Narine,11,0,0,37/0,11.00,2.06,2.6,0,0,"Narine to Head, no run",,"Travis Head cuts it sharply off a length, wide down the leg side, but it stays firmly on the ground and is well fielded at cover. No run scored off this delivery.",218920f5-0986-4377-b824-7795a9cad457,237309,"Sunrisers Hyderabad v Kolkata Knight Riders at Hyderabad, Tata Indian Premier League, 3 May 2026",8903,Tata Indian Premier League,2026,"Rajiv Gandhi International Stadium, Hyderabad",List A Twenty20,2026-05-03,,,,,,,,,,,,,,,,,,,,,,,,,,,False,False,False,False,,,,,down the leg side,,cut,,,cover,,,,,keyword,0,,False,False,False,False,False,False,False,False,True,
1,1153,Sunrisers Hyderabad,SRH,1,4,K Tyagi,8,1,1,45/1,7.00,3.01,3.1,4,4,"Tyagi to Sharma, 4 runs",Kartik Tyagi takes the ball for their 1st spell,"A length ball on off stump comes steaming in with no movement. The batter unloads a wild slog, connecting with a thick edge that races away to third man for four.",218920f5-0986-4377-b824-7795a9cad457,237309,"Sunrisers Hyderabad v Kolkata Knight Riders at Hyderabad, Tata Indian Premier League, 3 May 2026",8903,Tata Indian Premier League,2026,"Rajiv Gandhi International Stadium, Hyderabad",List A Twenty20,2026-05-03,65346.0,A Sharma,left,66831.0,K Tyagi,right,1873.0,Kolkata Knight Riders,right pace,1.0,pace,2026-05-03 10:12:37,,,,,,,,106631941.0,59.0,100.0,161.0,1.0,4.0,4.0,False,False,True,False,,,,length ball,off stump,no movement,slog,,,third man,,,,,keyword,4,,False,False,False,False,False,False,True,False,False,
1,1153,Sunrisers Hyderabad,SRH,1,4,K Tyagi,8,1,1,45/1,7.00,3.02,3.2,1,1,"Tyagi to Sharma, 1 run",,"Kartik Tyagi bowls a short seaming delivery down the leg side, and Abhishek Sharma tries to pull it but mistimes the shot, managing just a single to square leg.",218920f5-0986-4377-b824-7795a9cad457,237309,"Sunrisers Hyderabad v Kolkata Knight Riders at Hyderabad, Tata Indian Premier League, 3 May 2026",8903,Tata Indian Premier League,2026,"Rajiv Gandhi International Stadium, Hyderabad",List A Twenty20,2026-05-03,65346.0,A Sharma,left,66831.0,K Tyagi,right,1873.0,Kolkata Knight Riders,right pace,1.0,pace,2026-05-03 10:13:19,,,,,,,,106631948.0,180.0,60.0,99.0,6.0,1.0,1.0,False,False,True,False,,,,short,down the leg side,,pull,,,square leg,,,,,keyword,1,,False,False,False,False,False,False,False,False,False,
1,1153,Sunrisers Hyderabad,SRH,1,4,K Tyagi,8,1,1,45/1,7.00,3.03,3.2,1,1ʷᵈ,"Tyagi to Head, 1 run (wide)",,"The off cutter slides down leg at a short length, and the batter attempts a cut but misses, with the ball drifting wide. One run is added as the keeper fields it cleanly.",218920f5-0986-4377-b824-7795a9cad457,237309,"Sunrisers Hyderabad v Kolkata Knight Riders at Hyderabad, Tata Indian Premier League, 3 May 2026",8903,Tata Indian Premier League,2026,"Rajiv Gandhi International Stadium, Hyderabad",List A Twenty20,2026-05-03,,,,,,,,,,,,,,,,,,,,,,,,,,,False,False,False,False,,,,short,down leg,,cut,,,,,,,,keyword,1,wide,False,True,False,False,False,False,False,False,False,
1,1153,Sunrisers Hyderabad,SRH,1,4,K Tyagi,8,1,1,45/1,7.00,3.04,3.3,1,1,"Tyagi to Head, 1 run",,"Length ball on leg stump, flicked deftly by Travis Head through the mid-wicket region for a well-controlled single.",218920f5-0986-4377-b824-7795a9cad457,237309,"Sunrisers Hyderabad v Kolkata Knight Riders at Hyderabad, Tata Indian Premier League, 3 May 2026",8903,Tata Indian Premier League,2026,"Rajiv Gandhi International Stadium, Hyderabad",List A Twenty20,2026-05-03,21033.0,TM Head,left,66831.0,K Tyagi,right,1873.0,Kolkata Knight Riders,right pace,1.0,pace,2026-05-03 10:15:14,,,,,,,,106631989.0,151.0,90.0,152.0,7.0,1.0,1.0,False,False,True,False,,,,length ball,leg stump,,flick,,controlled,,,,,,keyword,1,,False,False,False,False,False,False,False,False,False,
1,1153,Sunrisers Hyderabad,SRH,1,4,K Tyagi,8,1,1,45/1,7.00,3.05,3.4,0,W,"Tyagi to Sharma, out!",,"The back of a length ball straight down leg, met with a mistimed pull shot that goes airborne. Abhishek Sharma is caught at square leg by Cameron Green, falling for 15 off 10. Abhishek Sharma departs, swinging the momentum as Kolkata Knight Riders’ win probability rises from 31% to 38%.",218920f5-0986-4377-b824-7795a9cad457,237309,"Sunrisers Hyderabad v Kolkata Knight Riders at Hyderabad, Tata Indian Premier League, 3 May 2026",8903,Tata Indian Premier League,2026,"Rajiv Gandhi International Stadium, Hyderabad",List A Twenty20,2026-05-03,,,,,,,,,,,,,,,,,,,,,,,,,,,False,False,False,True,,,,back of a length,down leg,,pull,,mistimed,square leg,,caught,,,keyword,0,,True,False,False,False,False,False,False,False,False,commentary
1,1153,Sunrisers Hyderabad,SRH,1,4,K Tyagi,8,1,1,45/1,7.00,3.06,3.5,0,0,"Tyagi to Kishan, no run",Ishan Kishan heads to the crease. ,"A length ball drifting down the leg side, and Ishan Kishan attempts a flick but only manages a leading edge, yielding no run.",218920f5-0986-4377-b824-7795a9cad457,237309,"Sunrisers Hyderabad v Kolkata Knight Riders at Hyderabad, Tata Indian Premier League, 3 May 2026",8903,Tata Indian Premier League,2026,"Rajiv Gandhi International Stadium, Hyderabad",List A Twenty20,2026-05-03,,,,,,,,,,,,,,,,,,,,,,,,,,,False,False,False,False,,,,length ball,down the leg side,,flick,,,,,,,,keyword,0,,False,False,False,False,False,False,False,False,True,
1,1153,Sunrisers Hyderabad,SRH,1,4,K Tyagi,8,1,1,45/1,7.00,3.07,3.6,1,1,"Tyagi to Kishan, 1 run",,"Ishan Kishan works the ball down the leg side with a controlled touch, sneaking a single. That gets Ishan Kishan off the mark.",218920f5-0986-4377-b824-7795a9cad457,237309,"Sunrisers Hyderabad v Kolkata Knight Riders at Hyderabad, Tata Indian Premier League, 3 May 2026",8903,Tata Indian Premier League,2026,"Rajiv Gandhi International Stadium, Hyderabad",List A Twenty20,2026-05-03,20227.0,IP Kishan,left,66831.0,K Tyagi,right,1873.0,Kolkata Knight Riders,right pace,1.0,pace,2026-05-03 10:18:30,,,,,,,,106632038.0,126.0,55.0,87.0,8.0,1.0,1.0,False,False,True,False,,,,,down the leg side,,work,,controlled,,,,,,keyword,1,,False,False,False,False,False,False,False,False,False,
1,1153,Sunrisers Hyderabad,SRH,1,5,CD Green,14,0,0,59/1,14.00,4.01,4.1,0,0,"Green to Kishan, no run",Cameron Green takes the ball for their 1st spell,"A back of a length delivery outside off, which Kishan calmly pushes towards cover for no run.",218920f5-0986-4377-b824-7795a9cad457,237309,"Sunrisers Hyderabad v Kolkata Knight Riders at Hyderabad, Tata Indian Premier League, 3 May 2026",8903,Tata Indian Premier League,2026,"Rajiv Gandhi International Stadium, Hyderabad",List A Twenty20,2026-05-03,,,,,,,,,,,,,,,,,,,,,,,,,,,False,False,False,False,,,,back of a length,outside off,,push,,,cover,,,,,keyword,0,,False,False,False,False,False,False,False,False,True,
1,1153,Sunrisers Hyderabad,SRH,1,5,CD Green,14,0,0,59/1,14.00,4.02,4.2,1,1,"Green to Kishan, 1 run",,Cameron Green bowls a length delivery outside off stump and Ishan Kishan neatly steers it along the ground for a quick single.,218920f5-0986-4377-b824-7795a9cad457,237309,"Sunrisers Hyderabad v Kolkata Knight Riders at Hyderabad, Tata Indian Premier League, 3 May 2026",8903,Tata Indian Premier League,2026,"Rajiv Gandhi International Stadium, Hyderabad",List A Twenty20,2026-05-03,20227.0,IP Kishan,left,65397.0,CD Green,right,1873.0,Kolkata Knight Riders,right pace,1.0,pace,2026-05-03 10:20:07,,,,,,,,106632060.0,62.0,80.0,136.0,1.0,1.0,1.0,False,False,True,False,,,,,outside off,,steer,along the ground,,,,,,,keyword,1,,False,False,False,False,False,False,False,False,False,
1,1153,Sunrisers Hyderabad,SRH,1,5,CD Green,14,0,0,59/1,14.00,4.03,4.3,4,4,"Green to Head, 4 runs",,"On a no movement, back of a length ball wide outside off, Travis Head drives crisply. It's a well-timed, controlled shot racing through extra cover for four. Travis Head moves to thirty off just 13 balls at a stunning strike rate of 246, pushing Sunrisers Hyderabad to 50 for 1.",218920f5-0986-4377-b824-7795a9cad457,237309,"Sunrisers Hyderabad v Kolkata Knight Riders at Hyderabad, Tata Indian Premier League, 3 May 2026",8903,Tata Indian Premier League,2026,"Rajiv Gandhi International Stadium, Hyderabad",List A Twenty20,2026-05-03,21033.0,TM Head,left,65397.0,CD Green,right,1873.0,Kolkata Knight Riders,right pace,1.0,pace,2026-05-03 10:20:51,,,,,,,,106632079.0,311.0,100.0,178.0,4.0,4.0,4.0,False,False,True,False,,,,back of a length,wide outside off,no movement,drive,,controlled,extra cover,,,,,keyword,4,,False,False,False,False,False,False,True,False,False,
1,1153,Sunrisers Hyderabad,SRH,1,5,CD Green,14,0,0,59/1,14.00,4.04,4.4,4,4,"Green to Head, 4 runs",,"No movement on this length ball outside off stump, and Travis Head drives it beautifully. A well-timed, controlled shot racing crisply through extra cover for four. Another boundary for Travis Head, his second in this over.",218920f5-0986-4377-b824-7795a9cad457,237309,"Sunrisers Hyderabad v Kolkata Knight Riders at Hyderabad, Tata Indian Premier League, 3 May 2026",8903,Tata Indian Premier League,2026,"Rajiv Gandhi International Stadium, Hyderabad",List A Twenty20,2026-05-03,21033.0,TM Head,left,65397.0,CD Green,right,1873.0,Kolkata Knight Riders,right pace,1.0,pace,2026-05-03 10:21:28,,,,,,,,106632085.0,319.0,100.0,177.0,3.0,4.0,4.0,False,False,True,False,,,,length ball,outside off,no movement,drive,,controlled,extra cover,,,,,keyword,4,,False,False,False,False,False,False,True,False,False,
1,1153,Sunrisers Hyderabad,SRH,1,5,CD Green,14,0,0,59/1,14.00,4.05,4.5,4,4,"Green to Head, 4 runs",,"the batter swings a slog shot, but only manages an inside edge that skims away beautifully to fine leg for four. That’s another boundary for Travis Head, his third in this over.",218920f5-0986-4377-b824-7795a9cad457,237309,"Sunrisers Hyderabad v Kolkata Knight Riders at Hyderabad, Tata Indian Premier League, 3 May 2026",8903,Tata Indian Premier League,2026,"Rajiv Gandhi International Stadium, Hyderabad",List A Twenty20,2026-05-03,21033.0,TM Head,left,65397.0,CD Green,right,1873.0,Kolkata Knight Riders,right pace,1.0,pace,2026-05-03 10:22:16,,,,,,,,106632098.0,136.0,100.0,163.0,7.0,4.0,4.0,False,False,True,False,,,,full,,,slog,,,fine leg,,,,,keyword,4,,False,False,False,False,False,False,True,False,False,
1,1153,Sunrisers Hyderabad,SRH,1,5,CD Green,14,0,0,59/1,14.00,4.06,4.6,1,1,"Green to Head, 1 run",,"A short ball outside off, pulled just off the middle of the bat. It’s a mis-timed shot but Travis Head manages to scramble a single.",218920f5-0986-4377-b824-7795a9cad457,237309,"Sunrisers Hyderabad v Kolkata Knight Riders at Hyderabad, Tata Indian Premier League, 3 May 2026",8903,Tata Indian Premier League,2026,"Rajiv Gandhi International Stadium, Hyderabad",List A Twenty20,2026-05-03,21033.0,TM Head,left,65397.0,CD Green,right,1873.0,Kolkata Knight Riders,right pace,1.0,pace,2026-05-03 10:23:13,,,,,,,,106632110.0,180.0,80.0,139.0,7.0,1.0,1.0,False,False,True,False,,,,short,outside off,,pull,,,,,,,,keyword,1,,False,False,False,False,False,False,False,False,False,
1,1153,Sunrisers Hyderabad,SRH,1,6,K Tyagi,12,0,0,71/1,12.00,5.01,5.1,0,0,"Tyagi to Head, no run",Kartik Tyagi continues their spell,"An off cutter back of a length, angling down the leg side. The batter attempts a drive but mistimes it, the ball staying low and safely fielded at mid off for no run.",218920f5-0986-4377-b824-7795a9cad457,237309,"Sunrisers Hyderabad v Kolkata Knight Riders at Hyderabad, Tata Indian Premier League, 3 May 2026",8903,Tata Indian Premier League,2026,"Rajiv Gandhi International Stadium, Hyderabad",List A Twenty20,2026-05-03,,,,,,,,,,,,,,,,,,,,,,,,,,,False,False,False,False,,,,back of a length,down the leg side,,drive,,,mid off,,,,,keyword,0,,False,False,False,False,False,False,False,False,True,
1,1153,Sunrisers Hyderabad,SRH,1,6,K Tyagi,12,0,0,71/1,12.00,5.02,5.2,1,1,"Tyagi to Head, 1 run",,"The swinging yorker barrels in on middle stump, met with a mis-timed drive that creeps safely towards mid-off for a quick single.",218920f5-0986-4377-b824-7795a9cad457,237309,"Sunrisers Hyderabad v Kolkata Knight Riders at Hyderabad, Tata Indian Premier League, 3 May 2026",8903,Tata Indian Premier League,2026,"Rajiv Gandhi International Stadium, Hyderabad",List A Twenty20,2026-05-03,21033.0,TM Head,left,66831.0,K Tyagi,right,1873.0,Kolkata Knight Riders,right pace,1.0,pace,2026-05-03 10:24:54,,,,,,,,106632144.0,282.0,45.0,83.0,4.0,1.0,1.0,False,False,True,False,,,,yorker,middle stump,,drive,,,,,,,,keyword,1,,False,False,False,False,False,False,False,False,False,
1,1153,Sunrisers Hyderabad,SRH,1,6,K Tyagi,12,0,0,71/1,12.00,5.03,5.3,6,6,"Tyagi to Kishan, 6 runs",,"Ishan Kishan rocks back and unleashes a well-timed, controlled pull shot down the leg side. The ball sails cleanly over deep backward square leg for six.",218920f5-0986-4377-b824-7795a9cad457,237309,"Sunrisers Hyderabad v Kolkata Knight Riders at Hyderabad, Tata Indian Premier League, 3 May 2026",8903,Tata Indian Premier League,2026,"Rajiv Gandhi International Stadium, Hyderabad",List A Twenty20,2026-05-03,20227.0,IP Kishan,left,66831.0,K Tyagi,right,1873.0,Kolkata Knight Riders,right pace,1.0,pace,2026-05-03 10:25:33,,,,,,,,106632153.0,156.0,100.0,166.0,7.0,6.0,6.0,False,False,True,False,,,,,down the leg side,,pull,,controlled,deep backward square leg,,,,,keyword,6,,False,False,False,False,False,False,False,True,False,
1,1153,Sunrisers Hyderabad,SRH,1,6,K Tyagi,12,0,0,71/1,12.00,5.04,5.4,4,4,"Tyagi to Kishan, 4 runs",,Kartik Tyagi pitches it up on middle stump and Ishan Kishan executes a perfectly timed late cut. The shot stays low and races away through third man for four. Ishan Kishan has now hit two boundaries in this over.,218920f5-0986-4377-b824-7795a9cad457,237309,"Sunrisers Hyderabad v Kolkata Knight Riders at Hyderabad, Tata Indian Premier League, 3 May 2026",8903,Tata Indian Premier League,2026,"Rajiv Gandhi International Stadium, Hyderabad",List A Twenty20,2026-05-03,20227.0,IP Kishan,left,66831.0,K Tyagi,right,1873.0,Kolkata Knight Riders,right pace,1.0,pace,2026-05-03 10:26:21,,,,,,,,106632170.0,53.0,100.0,162.0,1.0,4.0,4.0,False,False,True,False,,,,,middle stump,,late cut,,,third man,,,,,keyword,4,,False,False,False,False,False,False,True,False,False,
1,1153,Sunrisers Hyderabad,SRH,1,6,K Tyagi,12,0,0,71/1,12.00,5.05,5.5,1,1,"Tyagi to Kishan, 1 run",,"Kishan works the ball carefully down the leg side on a back of a length delivery, securing a single through some smart placement.",218920f5-0986-4377-b824-7795a9cad457,237309,"Sunrisers Hyderabad v Kolkata Knight Riders at Hyderabad, Tata Indian Premier League, 3 May 2026",8903,Tata Indian Premier League,2026,"Rajiv Gandhi International Stadium, Hyderabad",List A Twenty20,2026-05-03,20227.0,IP Kishan,left,66831.0,K Tyagi,right,1873.0,Kolkata Knight Riders,right pace,1.0,pace,2026-05-03 10:27:06,,,,,,,,106632178.0,189.0,60.0,98.0,6.0,1.0,1.0,False,False,True,False,,,,back of a length,down the leg side,,work,,,,,,,,keyword,1,,False,False,False,False,False,False,False,False,False,
1,1153,Sunrisers Hyderabad,SRH,1,6,K Tyagi,12,0,0,71/1,12.00,5.06,5.6,0,0,"Tyagi to Head, no run",,"A length delivery on middle stump as the batter attempts a slog but mistimes it, and the ball is comfortably fielded at mid-wicket for no run.",218920f5-0986-4377-b824-7795a9cad457,237309,"Sunrisers Hyderabad v Kolkata Knight Riders at Hyderabad, Tata Indian Premier League, 3 May 2026",8903,Tata Indian Premier League,2026,"Rajiv Gandhi International Stadium, Hyderabad",List A Twenty20,2026-05-03,,,,,,,,,,,,,,,,,,,,,,,,,,,False,False,False,False,,,,,middle stump,,slog,,,,,,,,keyword,0,,False,False,False,False,False,False,False,False,True,
1,1153,Sunrisers Hyderabad,SRH,1,7,V Chakaravarthy,13,0,0,84/1,13.00,6.01,6.1,0,0,"Chakravarthy to Kishan, no run",Varun Chakravarthy takes the ball for their 1st spell,"Varun Chakravarthy bowls a back of a length googly outside off, Ishan Kishan carefully defends it with a compact stroke, leaving no room for a run.",218920f5-0986-4377-b824-7795a9cad457,237309,"Sunrisers Hyderabad v Kolkata Knight Riders at Hyderabad, Tata Indian Premier League, 3 May 2026",8903,Tata Indian Premier League,2026,"Rajiv Gandhi International Stadium, Hyderabad",List A Twenty20,2026-05-03,,,,,,,,,,,,,,,,,,,,,,,,,,,False,False,False,False,,,,back of a length,outside off,,,,,,,,,,keyword,0,,False,False,False,False,False,False,False,False,True,
1,1153,Sunrisers Hyderabad,SRH,1,7,V Chakaravarthy,13,0,0,84/1,13.00,6.02,6.2,1,1,"Chakravarthy to Kishan, 1 run",,"Varun Chakravarthy bowls a googly, landing a back of a length delivery outside off. Ishan Kishan attempts a pull shot but mistimes it, taking a quick single as the ball is fielded at deep mid-wicket by Cameron Green.",218920f5-0986-4377-b824-7795a9cad457,237309,"Sunrisers Hyderabad v Kolkata Knight Riders at Hyderabad, Tata Indian Premier League, 3 May 2026",8903,Tata Indian Premier League,2026,"Rajiv Gandhi International Stadium, Hyderabad",List A Twenty20,2026-05-03,20227.0,IP Kishan,left,68649.0,V Chakaravarthy,right,1873.0,Kolkata Knight Riders,leg break,4.0,spin,2026-05-03 10:31:52,,,,,,,,106632260.0,204.0,70.0,123.0,6.0,1.0,1.0,False,False,True,False,,,,back of a length,outside off,,pull,,,,,,,,keyword,1,,False,False,False,False,False,False,False,False,False,
1,1153,Sunrisers Hyderabad,SRH,1,7,V Chakaravarthy,13,0,0,84/1,13.00,6.03,6.3,4,4,"Chakravarthy to Head, 4 runs",,"Varun Chakravarthy bowls a length googly down the leg side, but Travis Head is quick to capitalize. He executes a controlled slog-sweep that races away to deep square leg for four runs.",218920f5-0986-4377-b824-7795a9cad457,237309,"Sunrisers Hyderabad v Kolkata Knight Riders at Hyderabad, Tata Indian Premier League, 3 May 2026",8903,Tata Indian Premier League,2026,"Rajiv Gandhi International Stadium, Hyderabad",List A Twenty20,2026-05-03,21033.0,TM Head,left,68649.0,V Chakaravarthy,right,1873.0,Kolkata Knight Riders,leg break,4.0,spin,2026-05-03 10:32:19,,,,,,,,106632269.0,180.0,100.0,170.0,7.0,4.0,4.0,False,False,True,False,,,,,down the leg side,,slog sweep,,controlled,deep square leg,,,,,keyword,4,,False,False,False,False,False,False,True,False,False,
1,1153,Sunrisers Hyderabad,SRH,1,7,V Chakaravarthy,13,0,0,84/1,13.00,6.04,6.4,1,1,"Chakravarthy to Head, 1 run",,"Varun Chakravarthy bowls a clever googly just outside off, and Travis Head drives it crisply along the ground to deep cover for a comfortable single.",218920f5-0986-4377-b824-7795a9cad457,237309,"Sunrisers Hyderabad v Kolkata Knight Riders at Hyderabad, Tata Indian Premier League, 3 May 2026",8903,Tata Indian Premier League,2026,"Rajiv Gandhi International Stadium, Hyderabad",List A Twenty20,2026-05-03,21033.0,TM Head,left,68649.0,V Chakaravarthy,right,1873.0,Kolkata Knight Riders,leg break,4.0,spin,2026-05-03 10:32:53,,,,,,,,106632277.0,336.0,85.0,145.0,3.0,1.0,1.0,False,False,True,False,,,,,outside off,,drive,along the ground,,deep cover,,,,,keyword,1,,False,False,False,False,False,False,False,False,False,
1,1153,Sunrisers Hyderabad,SRH,1,7,V Chakaravarthy,13,0,0,84/1,13.00,6.05,6.5,1,1,"Chakravarthy to Kishan, 1 run",,"Ishan Kishan pushes it gently outside off stump, steering the length ball into the off-side for a smart single.",218920f5-0986-4377-b824-7795a9cad457,237309,"Sunrisers Hyderabad v Kolkata Knight Riders at Hyderabad, Tata Indian Premier League, 3 May 2026",8903,Tata Indian Premier League,2026,"Rajiv Gandhi International Stadium, Hyderabad",List A Twenty20,2026-05-03,20227.0,IP Kishan,left,68649.0,V Chakaravarthy,right,1873.0,Kolkata Knight Riders,leg break,4.0,spin,2026-05-03 10:33:15,,,,,,,,106632281.0,345.0,60.0,98.0,3.0,1.0,1.0,False,False,True,False,,,,length ball,outside off,,steer,,,,,,,,keyword,1,,False,False,False,False,False,False,False,False,False,
1,1153,Sunrisers Hyderabad,SRH,1,7,V Chakaravarthy,13,0,0,84/1,13.00,6.06,6.6,6,6,"Chakravarthy to Head, 6 runs",,"Varun Chakravarthy bowls a length googly on off stump, but Travis Head meets it with a powerful, controlled slog. The ball races over long on for six, beautifully timed and struck cleanly. Two boundaries in this over for Head, who reaches a quickfire 50 off just 22 balls at a striking 241.",218920f5-0986-4377-b824-7795a9cad457,237309,"Sunrisers Hyderabad v Kolkata Knight Riders at Hyderabad, Tata Indian Premier League, 3 May 2026",8903,Tata Indian Premier League,2026,"Rajiv Gandhi International Stadium, Hyderabad",List A Twenty20,2026-05-03,21033.0,TM Head,left,68649.0,V Chakaravarthy,right,1873.0,Kolkata Knight Riders,leg break,4.0,spin,2026-05-03 10:33:37,,,,,,,,106632284.0,256.0,100.0,180.0,5.0,6.0,6.0,False,False,True,False,,,,full,off stump,,slog,,controlled,long on,,,,,keyword,6,,False,False,False,False,False,False,False,True,False,
1,1153,Sunrisers Hyderabad,SRH,1,8,VG Arora,5,0,0,89/1,5.00,7.01,7.1,1,1,"Arora to Kishan, 1 run",Vaibhav Arora takes the ball for their 2nd spell,"Ishan Kishan works the off cutter on leg stump with precision, nudging it along the ground to pick up a smart single.",218920f5-0986-4377-b824-7795a9cad457,237309,"Sunrisers Hyderabad v Kolkata Knight Riders at Hyderabad, Tata Indian Premier League, 3 May 2026",8903,Tata Indian Premier League,2026,"Rajiv Gandhi International Stadium, Hyderabad",List A Twenty20,2026-05-03,20227.0,IP Kishan,left,72965.0,VG Arora,right,1873.0,Kolkata Knight Riders,right pace,1.0,pace,2026-05-03 10:34:40,,,,,,,,106632301.0,245.0,75.0,131.0,5.0,1.0,1.0,False,False,True,False,,,,,leg stump,,work,along the ground,,,,,,,keyword,1,,False,False,False,False,False,False,False,False,False,
1,1153,Sunrisers Hyderabad,SRH,1,8,VG Arora,5,0,0,89/1,5.00,7.02,7.2,1,1,"Arora to Head, 1 run",,"An off cutter pitched just outside off and back of a length, met with a bottom-edge pull from Travis Head, who scrambles through for a quick single.",218920f5-0986-4377-b824-7795a9cad457,237309,"Sunrisers Hyderabad v Kolkata Knight Riders at Hyderabad, Tata Indian Premier League, 3 May 2026",8903,Tata Indian Premier League,2026,"Rajiv Gandhi International Stadium, Hyderabad",List A Twenty20,2026-05-03,21033.0,TM Head,left,72965.0,VG Arora,right,1873.0,Kolkata Knight Riders,right pace,1.0,pace,2026-05-03 10:35:20,,,,,,,,106632318.0,137.0,80.0,131.0,7.0,1.0,1.0,False,False,True,False,,,,back of a length,outside off,,pull,,,,,,,,keyword,1,,False,False,False,False,False,False,False,False,False,
1,1153,Sunrisers Hyderabad,SRH,1,8,VG Arora,5,0,0,89/1,5.00,7.03,7.3,1,1,"Arora to Kishan, 1 run",,"The full toss on the outside off is deftly driven by Ishan Kishan, sneaking just past the infield for a quick single.",218920f5-0986-4377-b824-7795a9cad457,237309,"Sunrisers Hyderabad v Kolkata Knight Riders at Hyderabad, Tata Indian Premier League, 3 May 2026",8903,Tata Indian Premier League,2026,"Rajiv Gandhi International Stadium, Hyderabad",List A Twenty20,2026-05-03,20227.0,IP Kishan,left,72965.0,VG Arora,right,1873.0,Kolkata Knight Riders,right pace,1.0,pace,2026-05-03 10:35:59,,,,,,,,106632324.0,333.0,90.0,156.0,3.0,1.0,1.0,False,False,True,False,,,,full toss,outside off,,drive,,,,,,,,keyword,1,,False,False,False,False,False,False,False,False,False,
1,1153,Sunrisers Hyderabad,SRH,1,8,VG Arora,5,0,0,89/1,5.00,7.04,7.4,1,1,"Arora to Head, 1 run",,"Head attempts an off cutter outside off with a short length and cuts it, but it’s a loose, mis-timed swipe that scrambles for a quick single.",218920f5-0986-4377-b824-7795a9cad457,237309,"Sunrisers Hyderabad v Kolkata Knight Riders at Hyderabad, Tata Indian Premier League, 3 May 2026",8903,Tata Indian Premier League,2026,"Rajiv Gandhi International Stadium, Hyderabad",List A Twenty20,2026-05-03,21033.0,TM Head,left,72965.0,VG Arora,right,1873.0,Kolkata Knight Riders,right pace,1.0,pace,2026-05-03 10:36:35,,,,,,,,106632338.0,324.0,80.0,138.0,3.0,1.0,1.0,False,False,True,False,,,,short,outside off,,cut,,,,,,,,keyword,1,,False,False,False,False,False,False,False,False,False,
1,1153,Sunrisers Hyderabad,SRH,1,8,VG Arora,5,0,0,89/1,5.00,7.05,7.5,1,1,"Arora to Kishan, 1 run",,"The off cutter pitches a length outside off, and Ishan Kishan works it cleverly for a single to deep mid-wicket.",218920f5-0986-4377-b824-7795a9cad457,237309,"Sunrisers Hyderabad v Kolkata Knight Riders at Hyderabad, Tata Indian Premier League, 3 May 2026",8903,Tata Indian Premier League,2026,"Rajiv Gandhi International Stadium, Hyderabad",List A Twenty20,2026-05-03,20227.0,IP Kishan,left,72965.0,VG Arora,right,1873.0,Kolkata Knight Riders,right pace,1.0,pace,2026-05-03 10:37:10,,,,,,,,106632350.0,209.0,70.0,120.0,6.0,1.0,1.0,False,False,True,False,,,,,outside off,,work,,,,,,,,keyword,1,,False,False,False,False,False,False,False,False,False,
1,1153,Sunrisers Hyderabad,SRH,1,8,VG Arora,5,0,0,89/1,5.00,7.06,7.6,0,0,"Arora to Head, no run",,"The off cutter is short and wide outside off, tempting the batter into a pull shot. He gets a bottom edge on it, but the ball doesn't travel far, resulting in a dot ball.",218920f5-0986-4377-b824-7795a9cad457,237309,"Sunrisers Hyderabad v Kolkata Knight Riders at Hyderabad, Tata Indian Premier League, 3 May 2026",8903,Tata Indian Premier League,2026,"Rajiv Gandhi International Stadium, Hyderabad",List A Twenty20,2026-05-03,,,,,,,,,,,,,,,,,,,,,,,,,,,False,False,False,False,,,,short,wide outside off,,pull,,,,,,,,keyword,0,,False,False,False,False,False,False,False,False,True,
1,1153,Sunrisers Hyderabad,SRH,1,9,V Chakaravarthy,16,1,1,105/2,15.00,8.01,8.1,4,4,"Chakravarthy to Kishan, 4 runs",Varun Chakravarthy continues their spell,"Varun Chakravarthy sends down a quicker ball, pitching just outside off at a back of a length. Ishan Kishan meets it with a well-timed drive that races away through long on for four.",218920f5-0986-4377-b824-7795a9cad457,237309,"Sunrisers Hyderabad v Kolkata Knight Riders at Hyderabad, Tata Indian Premier League, 3 May 2026",8903,Tata Indian Premier League,2026,"Rajiv Gandhi International Stadium, Hyderabad",List A Twenty20,2026-05-03,20227.0,IP Kishan,left,68649.0,V Chakaravarthy,right,1873.0,Kolkata Knight Riders,leg break,4.0,spin,2026-05-03 10:38:41,,,,,,,,106632380.0,262.0,100.0,180.0,5.0,4.0,4.0,False,False,True,False,,,,back of a length,outside off,,drive,,,long on,,,,,keyword,4,,False,False,False,False,False,False,True,False,False,
1,1153,Sunrisers Hyderabad,SRH,1,9,V Chakaravarthy,16,1,1,105/2,15.00,8.02,8.2,4,4,"Chakravarthy to Kishan, 4 runs",,"A short googly drifting down the leg side, Ishan Kishan times a confident pull shot perfectly. The controlled whip sends the ball racing to deep square leg for four. That boundary marks another four for Kishan, taking this partnership to 53 off just 28 balls.",218920f5-0986-4377-b824-7795a9cad457,237309,"Sunrisers Hyderabad v Kolkata Knight Riders at Hyderabad, Tata Indian Premier League, 3 May 2026",8903,Tata Indian Premier League,2026,"Rajiv Gandhi International Stadium, Hyderabad",List A Twenty20,2026-05-03,20227.0,IP Kishan,left,68649.0,V Chakaravarthy,right,1873.0,Kolkata Knight Riders,leg break,4.0,spin,2026-05-03 10:39:12,,,,,,,,106632385.0,205.0,100.0,174.0,6.0,4.0,4.0,False,False,True,False,,,,short,down the leg side,,pull,,controlled,deep square leg,,,,,keyword,4,,False,False,False,False,False,False,True,False,False,
1,1153,Sunrisers Hyderabad,SRH,1,9,V Chakaravarthy,16,1,1,105/2,15.00,8.03,8.3,1,1,"Chakravarthy to Kishan, 1 run",,"Varun Chakravarthy bowls a googly pitched outside off, and Ishan Kishan attempts a drive but mistimes it. The ball stays low and is quickly fielded at long off as the batter scrambles for a single.",218920f5-0986-4377-b824-7795a9cad457,237309,"Sunrisers Hyderabad v Kolkata Knight Riders at Hyderabad, Tata Indian Premier League, 3 May 2026",8903,Tata Indian Premier League,2026,"Rajiv Gandhi International Stadium, Hyderabad",List A Twenty20,2026-05-03,20227.0,IP Kishan,left,68649.0,V Chakaravarthy,right,1873.0,Kolkata Knight Riders,leg break,4.0,spin,2026-05-03 10:39:51,,,,,,,,106632397.0,299.0,80.0,140.0,4.0,1.0,1.0,False,False,True,False,,,,,outside off,,drive,,,long off,,,,,keyword,1,,False,False,False,False,False,False,False,False,False,
1,1153,Sunrisers Hyderabad,SRH,1,9,V Chakaravarthy,16,1,1,105/2,15.00,8.04,8.3,1,1ʷᵈ,"Chakravarthy to Head, 1 run (wide)",,"Varun Chakravarthy bowls a googly on a back of a length outside off, and Travis Head decides to leave it alone. The umpire signals a wide, adding an extra run to the total.",218920f5-0986-4377-b824-7795a9cad457,237309,"Sunrisers Hyderabad v Kolkata Knight Riders at Hyderabad, Tata Indian Premier League, 3 May 2026",8903,Tata Indian Premier League,2026,"Rajiv Gandhi International Stadium, Hyderabad",List A Twenty20,2026-05-03,,,,,,,,,,,,,,,,,,,,,,,,,,,False,False,False,False,,,,back of a length,outside off,,leave,,,,,,,,keyword,1,wide,False,True,False,False,False,False,False,False,False,
1,1153,Sunrisers Hyderabad,SRH,1,9,V Chakaravarthy,16,1,1,105/2,15.00,8.05,8.4,0,0,Varun Chakaravarthy to Travis Head,,"Over the wicket. Back of a length, down leg, back foot, drive along the ground to Varun Chakaravarthy at bowler. No run.",218920f5-0986-4377-b824-7795a9cad457,237309,"Sunrisers Hyderabad v Kolkata Knight Riders at Hyderabad, Tata Indian Premier League, 3 May 2026",8903,Tata Indian Premier League,2026,"Rajiv Gandhi International Stadium, Hyderabad",List A Twenty20,2026-05-03,,,,,,,,,,,,,,,,,,,,,,,,,,,False,False,False,False,over the wicket,,,back of a length,down leg,back foot,drive,along the ground,,bowler,Varun Chakaravarthy,,,,template_arm,0,,False,False,False,False,False,False,False,False,True,
1,1153,Sunrisers Hyderabad,SRH,1,9,V Chakaravarthy,16,1,1,105/2,15.00,8.06,8.5,6,6,"Chakravarthy to Head, 6 runs",,"Travis Head faces a googly pitched up outside off and drives it beautifully. He middles the ball with excellent control, sending it soaring over long off for a magnificent six. That makes it 16 runs this over, pushing Sunrisers Hyderabad to 105 for 1.",218920f5-0986-4377-b824-7795a9cad457,237309,"Sunrisers Hyderabad v Kolkata Knight Riders at Hyderabad, Tata Indian Premier League, 3 May 2026",8903,Tata Indian Premier League,2026,"Rajiv Gandhi International Stadium, Hyderabad",List A Twenty20,2026-05-03,21033.0,TM Head,left,68649.0,V Chakaravarthy,right,1873.0,Kolkata Knight Riders,leg break,4.0,spin,2026-05-03 10:41:04,,,,,,,,106632419.0,297.0,100.0,179.0,4.0,6.0,6.0,False,False,True,False,,,,full,outside off,,drive,,,long off,,,,,keyword,6,,False,False,False,False,False,False,False,True,False,
1,1153,Sunrisers Hyderabad,SRH,1,9,V Chakaravarthy,16,1,1,105/2,15.00,8.07,8.6,0,W,"Chakravarthy to Head, out!",,"Varun Chakravarthy bowls a short, quicker ball down the leg side. Travis Head attempts a wild slog but mis-times it badly. The ball goes high and is caught by Cameron Green at deep mid-wicket, resulting in a wicket. Travis Head departs for a solid 61 runs off 28 balls.",218920f5-0986-4377-b824-7795a9cad457,237309,"Sunrisers Hyderabad v Kolkata Knight Riders at Hyderabad, Tata Indian Premier League, 3 May 2026",8903,Tata Indian Premier League,2026,"Rajiv Gandhi International Stadium, Hyderabad",List A Twenty20,2026-05-03,,,,,,,,,,,,,,,,,,,,,,,,,,,False,False,False,True,,,,short,down the leg side,,slog,,,,Cameron Green at deep mid-wicket,caught,,,keyword,0,,True,False,False,False,False,False,False,False,False,commentary
1,1153,Sunrisers Hyderabad,SRH,1,10,SP Narine,2,0,0,107/2,2.00,9.01,9.1,0,0,"Narine to Kishan, no run",Heinrich Klaasen enters the field at the non-striker's end. Sunil Narine takes the ball for their 2nd spell,"An off break pitched up on the leg side, Ishan Kishan blocks it back firmly along the ground, yielding no run.",218920f5-0986-4377-b824-7795a9cad457,237309,"Sunrisers Hyderabad v Kolkata Knight Riders at Hyderabad, Tata Indian Premier League, 3 May 2026",8903,Tata Indian Premier League,2026,"Rajiv Gandhi International Stadium, Hyderabad",List A Twenty20,2026-05-03,,,,,,,,,,,,,,,,,,,,,,,,,,,False,False,False,False,,,,,,,block,along the ground,,,,,,,keyword,0,,False,False,False,False,False,False,False,False,True,
1,1153,Sunrisers Hyderabad,SRH,1,10,SP Narine,2,0,0,107/2,2.00,9.02,9.2,1,1,"Narine to Kishan, 1 run",,"Narine tosses up a back of a length carrom ball on middle stump, and Kishan goes for a mistimed pull, managing a quick single to deep mid-wicket.",218920f5-0986-4377-b824-7795a9cad457,237309,"Sunrisers Hyderabad v Kolkata Knight Riders at Hyderabad, Tata Indian Premier League, 3 May 2026",8903,Tata Indian Premier League,2026,"Rajiv Gandhi International Stadium, Hyderabad",List A Twenty20,2026-05-03,20227.0,IP Kishan,left,11658.0,SP Narine,right,1873.0,Kolkata Knight Riders,off break,3.0,spin,2026-05-03 10:43:35,,,,,,,,106632462.0,201.0,85.0,143.0,6.0,1.0,1.0,False,False,True,False,,,,back of a length,middle stump,,pull,,mistimed,,,,,,keyword,1,,False,False,False,False,False,False,False,False,False,
1,1153,Sunrisers Hyderabad,SRH,1,10,SP Narine,2,0,0,107/2,2.00,9.03,9.3,0,0,"Narine to Klaasen, no run",,"Heinrich Klaasen pushes it cautiously on off stump, keeping the ball along the ground for no run.",218920f5-0986-4377-b824-7795a9cad457,237309,"Sunrisers Hyderabad v Kolkata Knight Riders at Hyderabad, Tata Indian Premier League, 3 May 2026",8903,Tata Indian Premier League,2026,"Rajiv Gandhi International Stadium, Hyderabad",List A Twenty20,2026-05-03,,,,,,,,,,,,,,,,,,,,,,,,,,,False,False,False,False,,,,,off stump,,push,along the ground,,,,,,,keyword,0,,False,False,False,False,False,False,False,False,True,
1,1153,Sunrisers Hyderabad,SRH,1,10,SP Narine,2,0,0,107/2,2.00,9.04,9.4,0,0,"Narine to Klaasen, no run",,"Narine delivers a carrom ball, pitching back of a length outside off stump. Klaasen pushes it delicately off the bat-pad, keeping it tight and scoring no run off this delivery.",218920f5-0986-4377-b824-7795a9cad457,237309,"Sunrisers Hyderabad v Kolkata Knight Riders at Hyderabad, Tata Indian Premier League, 3 May 2026",8903,Tata Indian Premier League,2026,"Rajiv Gandhi International Stadium, Hyderabad",List A Twenty20,2026-05-03,,,,,,,,,,,,,,,,,,,,,,,,,,,False,False,False,False,,,,back of a length,outside off,,push,,,,,,,,keyword,0,,False,False,False,False,False,False,False,False,True,
1,1153,Sunrisers Hyderabad,SRH,1,10,SP Narine,2,0,0,107/2,2.00,9.05,9.5,0,0,"Narine to Klaasen, no run",,"The carrom ball slipped in outside off, met with a controlled drive by the batter, keeping it grounded but yielding no run.",218920f5-0986-4377-b824-7795a9cad457,237309,"Sunrisers Hyderabad v Kolkata Knight Riders at Hyderabad, Tata Indian Premier League, 3 May 2026",8903,Tata Indian Premier League,2026,"Rajiv Gandhi International Stadium, Hyderabad",List A Twenty20,2026-05-03,,,,,,,,,,,,,,,,,,,,,,,,,,,False,False,False,False,,,,,outside off,,drive,,controlled,,,,,,keyword,0,,False,False,False,False,False,False,False,False,True,
1,1153,Sunrisers Hyderabad,SRH,1,10,SP Narine,2,0,0,107/2,2.00,9.06,9.6,1,1,"Narine to Klaasen, 1 run",,"Heinrich Klaasen pushes a length off break just outside off, a slight mistime but effective enough to sneak a quick single. Klaasen gets off the mark to keep the innings ticking.",218920f5-0986-4377-b824-7795a9cad457,237309,"Sunrisers Hyderabad v Kolkata Knight Riders at Hyderabad, Tata Indian Premier League, 3 May 2026",8903,Tata Indian Premier League,2026,"Rajiv Gandhi International Stadium, Hyderabad",List A Twenty20,2026-05-03,23673.0,H Klaasen,right,11658.0,SP Narine,right,1873.0,Kolkata Knight Riders,off break,3.0,spin,2026-05-03 10:45:29,,,,,,,,106632499.0,281.0,70.0,129.0,4.0,1.0,1.0,False,False,True,False,,,,,outside off,,push,,,,,,,,keyword,1,,False,False,False,False,False,False,False,False,False,
1,1153,Sunrisers Hyderabad,SRH,1,11,CD Green,14,0,1,121/3,14.00,10.01,10.1,0,0,"Green to Klaasen, no run",Cameron Green takes the ball for their 2nd spell,"Green bowls a length delivery just outside off stump, and Klaasen pushes it carefully towards short extra cover where it is fielded promptly. No run comes off this well-controlled stroke.",218920f5-0986-4377-b824-7795a9cad457,237309,"Sunrisers Hyderabad v Kolkata Knight Riders at Hyderabad, Tata Indian Premier League, 3 May 2026",8903,Tata Indian Premier League,2026,"Rajiv Gandhi International Stadium, Hyderabad",List A Twenty20,2026-05-03,,,,,,,,,,,,,,,,,,,,,,,,,,,False,False,False,False,,,,short,outside off,,push,,controlled,short extra cover,,,,,keyword,0,,False,False,False,False,False,False,False,False,True,
1,1153,Sunrisers Hyderabad,SRH,1,11,CD Green,14,0,1,121/3,14.00,10.02,10.2,6,6,"Green to Klaasen, 6 runs",,"Heinrich Klaasen swings an uncontrolled slog outside off on a length ball. Despite the mistiming, the ball races away for six over long on, aided by a vital drop.",218920f5-0986-4377-b824-7795a9cad457,237309,"Sunrisers Hyderabad v Kolkata Knight Riders at Hyderabad, Tata Indian Premier League, 3 May 2026",8903,Tata Indian Premier League,2026,"Rajiv Gandhi International Stadium, Hyderabad",List A Twenty20,2026-05-03,23673.0,H Klaasen,right,65397.0,CD Green,right,1873.0,Kolkata Knight Riders,right pace,1.0,pace,2026-05-03 10:47:24,,,,,,,,106632539.0,297.0,100.0,179.0,4.0,6.0,6.0,False,False,True,False,,,,length ball,outside off,,slog,,uncontrolled,long on,,,,,keyword,6,,False,False,False,False,False,False,False,True,False,
1,1153,Sunrisers Hyderabad,SRH,1,11,CD Green,14,0,1,121/3,14.00,10.03,10.3,4,4,"Green to Klaasen, 4 runs",,"A length ball on off stump, no movement, and Klaasen caresses a well-timed flick through mid-wicket for four. He's now hit two boundaries this over, really finding his stride.",218920f5-0986-4377-b824-7795a9cad457,237309,"Sunrisers Hyderabad v Kolkata Knight Riders at Hyderabad, Tata Indian Premier League, 3 May 2026",8903,Tata Indian Premier League,2026,"Rajiv Gandhi International Stadium, Hyderabad",List A Twenty20,2026-05-03,23673.0,H Klaasen,right,65397.0,CD Green,right,1873.0,Kolkata Knight Riders,right pace,1.0,pace,2026-05-03 10:48:01,,,,,,,,106632549.0,329.0,100.0,175.0,3.0,4.0,4.0,False,False,True,False,,,,length ball,off stump,no movement,flick,,,,,,,,keyword,4,,False,False,False,False,False,False,True,False,False,
1,1153,Sunrisers Hyderabad,SRH,1,11,CD Green,14,0,1,121/3,14.00,10.04,10.4,0,W,"Green to Klaasen, out!",,"An off cutter pitched short and wide outside off, Klaasen goes for a pull but mistimes it badly. The ball is caught by deep square leg, and Klaasen is out caught. Heinrich Klaasen departs for 11 runs off 8 balls.",218920f5-0986-4377-b824-7795a9cad457,237309,"Sunrisers Hyderabad v Kolkata Knight Riders at Hyderabad, Tata Indian Premier League, 3 May 2026",8903,Tata Indian Premier League,2026,"Rajiv Gandhi International Stadium, Hyderabad",List A Twenty20,2026-05-03,,,,,,,,,,,,,,,,,,,,,,,,,,,False,False,False,True,,,,short,wide outside off,,pull,,,,deep square leg,caught,,,keyword,0,,True,False,False,False,False,False,False,False,False,commentary
1,1153,Sunrisers Hyderabad,SRH,1,11,CD Green,14,0,1,121/3,14.00,10.05,10.5,0,0,"Green to Smaran, no run",Ravichandran Smaran heads to the crease. ,"This full-length ball outside off is driven crisply along the ground through extra cover, but no run comes from it.",218920f5-0986-4377-b824-7795a9cad457,237309,"Sunrisers Hyderabad v Kolkata Knight Riders at Hyderabad, Tata Indian Premier League, 3 May 2026",8903,Tata Indian Premier League,2026,"Rajiv Gandhi International Stadium, Hyderabad",List A Twenty20,2026-05-03,,,,,,,,,,,,,,,,,,,,,,,,,,,False,False,False,False,,,,length ball,outside off,,drive,along the ground,,extra cover,,,,,keyword,0,,False,False,False,False,False,False,False,False,True,
1,1153,Sunrisers Hyderabad,SRH,1,11,CD Green,14,0,1,121/3,14.00,10.06,10.6,4,4,"Green to Smaran, 4 runs",,"Green bowls a short off cutter drifting outside off, but Smaran pulls it with great timing. The batter sends it racing to fine leg for four. Smaran is off the mark with a boundary.",218920f5-0986-4377-b824-7795a9cad457,237309,"Sunrisers Hyderabad v Kolkata Knight Riders at Hyderabad, Tata Indian Premier League, 3 May 2026",8903,Tata Indian Premier League,2026,"Rajiv Gandhi International Stadium, Hyderabad",List A Twenty20,2026-05-03,83039.0,R Smaran,left,65397.0,CD Green,right,1873.0,Kolkata Knight Riders,right pace,1.0,pace,2026-05-03 10:53:25,,,,,,,,106632631.0,146.0,100.0,164.0,7.0,4.0,4.0,False,False,True,False,,,,short,outside off,,pull,,,fine leg,,,,,keyword,4,,False,False,False,False,False,False,True,False,False,
1,1153,Sunrisers Hyderabad,SRH,1,12,V Chakaravarthy,4,1,1,125/4,3.00,11.01,11.1,1,1,"Chakravarthy to Kishan, 1 run",Varun Chakravarthy takes the ball for their 2nd spell,"Varun Chakravarthy bowls a full, quicker ball on middle stump, but Ishan Kishan meets it with a well-timed drive, nudging it along the ground for a quick single.",218920f5-0986-4377-b824-7795a9cad457,237309,"Sunrisers Hyderabad v Kolkata Knight Riders at Hyderabad, Tata Indian Premier League, 3 May 2026",8903,Tata Indian Premier League,2026,"Rajiv Gandhi International Stadium, Hyderabad",List A Twenty20,2026-05-03,20227.0,IP Kishan,left,68649.0,V Chakaravarthy,right,1873.0,Kolkata Knight Riders,leg break,4.0,spin,2026-05-03 10:54:27,,,,,,,,106632648.0,218.0,30.0,55.0,6.0,1.0,1.0,False,False,True,False,,,,full,middle stump,,drive,along the ground,,,,,,,keyword,1,,False,False,False,False,False,False,False,False,False,
1,1153,Sunrisers Hyderabad,SRH,1,12,V Chakaravarthy,4,1,1,125/4,3.00,11.02,11.2,0,0,"Chakravarthy to Smaran, no run",,"He bowls a length googly on leg stump, and the batter works it with a leading edge towards short extra cover for no run.",218920f5-0986-4377-b824-7795a9cad457,237309,"Sunrisers Hyderabad v Kolkata Knight Riders at Hyderabad, Tata Indian Premier League, 3 May 2026",8903,Tata Indian Premier League,2026,"Rajiv Gandhi International Stadium, Hyderabad",List A Twenty20,2026-05-03,,,,,,,,,,,,,,,,,,,,,,,,,,,False,False,False,False,,,,short,leg stump,,work,,,short extra cover,,,,,keyword,0,,False,False,False,False,False,False,False,False,True,
1,1153,Sunrisers Hyderabad,SRH,1,12,V Chakaravarthy,4,1,1,125/4,3.00,11.03,11.3,0,W,"Chakravarthy to Smaran, out!",,"Varun Chakravarthy bowls a back of a length googly outside off, and Smaran attempts a drive but mis-times it completely, resulting in a catch at mid off by Ajinkya Rahane. Ravichandran Smaran departs after scoring 4 runs off 4 balls. A significant shift as Kolkata Knight Riders' win probability rises from 31% to 37%.",218920f5-0986-4377-b824-7795a9cad457,237309,"Sunrisers Hyderabad v Kolkata Knight Riders at Hyderabad, Tata Indian Premier League, 3 May 2026",8903,Tata Indian Premier League,2026,"Rajiv Gandhi International Stadium, Hyderabad",List A Twenty20,2026-05-03,,,,,,,,,,,,,,,,,,,,,,,,,,,False,False,False,True,,,,back of a length,outside off,,drive,,,mid off,,caught,,,keyword,0,,True,False,False,False,False,False,False,False,False,catch_map
1,1153,Sunrisers Hyderabad,SRH,1,12,V Chakaravarthy,4,1,1,125/4,3.00,11.04,11.4,1,1ᵇ,"Chakravarthy to Verma, 1 run",Aniket Verma heads to the crease. ,"A googly pitched at length outside off, the batter lunges to push but misses; the ball skids past and a misfield off the keeper adds an extra run.",218920f5-0986-4377-b824-7795a9cad457,237309,"Sunrisers Hyderabad v Kolkata Knight Riders at Hyderabad, Tata Indian Premier League, 3 May 2026",8903,Tata Indian Premier League,2026,"Rajiv Gandhi International Stadium, Hyderabad",List A Twenty20,2026-05-03,,,,,,,,,,,,,,,,,,,,,,,,,,,False,False,False,False,,,,,outside off,,push,,,,,,,,keyword,1,bye,False,False,False,True,False,False,False,False,False,
1,1153,Sunrisers Hyderabad,SRH,1,12,V Chakaravarthy,4,1,1,125/4,3.00,11.05,11.5,1,1,"Chakravarthy to Kishan, 1 run",,"A length googly on leg stump is pushed deftly by Kishan through the infield for a quick single. Ishan Kishan moves on to thirty from just twenty deliveries, keeping up a lively strike rate.",218920f5-0986-4377-b824-7795a9cad457,237309,"Sunrisers Hyderabad v Kolkata Knight Riders at Hyderabad, Tata Indian Premier League, 3 May 2026",8903,Tata Indian Premier League,2026,"Rajiv Gandhi International Stadium, Hyderabad",List A Twenty20,2026-05-03,20227.0,IP Kishan,left,68649.0,V Chakaravarthy,right,1873.0,Kolkata Knight Riders,leg break,4.0,spin,2026-05-03 10:58:22,,,,,,,,106632712.0,297.0,70.0,123.0,4.0,1.0,1.0,False,False,True,False,,,,,leg stump,,push,,,,,,,,keyword,1,,False,False,False,False,False,False,False,False,False,
1,1153,Sunrisers Hyderabad,SRH,1,12,V Chakaravarthy,4,1,1,125/4,3.00,11.06,11.6,1,1,"Chakravarthy to Verma, 1 run",,"Varun Chakravarthy delivers a back-of-a-length googly wide outside off, and Aniket Verma quietly pushes it through for a neat single. Aniket Verma gets off the mark as the over ends.",218920f5-0986-4377-b824-7795a9cad457,237309,"Sunrisers Hyderabad v Kolkata Knight Riders at Hyderabad, Tata Indian Premier League, 3 May 2026",8903,Tata Indian Premier League,2026,"Rajiv Gandhi International Stadium, Hyderabad",List A Twenty20,2026-05-03,87977.0,AU Verma,right,68649.0,V Chakaravarthy,right,1873.0,Kolkata Knight Riders,leg break,4.0,spin,2026-05-03 10:58:46,,,,,,,,106632723.0,186.0,60.0,98.0,6.0,1.0,1.0,False,False,True,False,,,,,wide outside off,,push,,,,,,,,keyword,1,,False,False,False,False,False,False,False,False,False,
1,1153,Sunrisers Hyderabad,SRH,1,13,CD Green,6,1,0,131/4,5.00,12.01,12.1,0,0,"Green to Verma, no run",Cameron Green continues their spell,"On a back of a length delivery outside off, the batter works the ball carefully towards the off side, keeping it on the ground for no run.",218920f5-0986-4377-b824-7795a9cad457,237309,"Sunrisers Hyderabad v Kolkata Knight Riders at Hyderabad, Tata Indian Premier League, 3 May 2026",8903,Tata Indian Premier League,2026,"Rajiv Gandhi International Stadium, Hyderabad",List A Twenty20,2026-05-03,,,,,,,,,,,,,,,,,,,,,,,,,,,False,False,False,False,,,,back of a length,outside off,,work,,,,,,,,keyword,0,,False,False,False,False,False,False,False,False,True,
1,1153,Sunrisers Hyderabad,SRH,1,13,CD Green,6,1,0,131/4,5.00,12.02,12.2,1,1,"Green to Verma, 1 run",,"On a length ball just outside off, the batter elegantly flicks it with control, guiding a well-timed single towards deep square leg.",218920f5-0986-4377-b824-7795a9cad457,237309,"Sunrisers Hyderabad v Kolkata Knight Riders at Hyderabad, Tata Indian Premier League, 3 May 2026",8903,Tata Indian Premier League,2026,"Rajiv Gandhi International Stadium, Hyderabad",List A Twenty20,2026-05-03,,,,,,,,,,,,,,,,,,,,,,,,,,,False,False,False,False,,,,length ball,outside off,,flick,,,deep square leg,,,,,keyword,1,,False,False,False,False,False,False,False,False,False,
1,1153,Sunrisers Hyderabad,SRH,1,13,CD Green,6,1,0,131/4,5.00,12.03,12.3,0,0,"Green to Kishan, no run",,"A back of a length delivery on off stump, met with a gloved pull shot that flies off the bat but goes for no run.",218920f5-0986-4377-b824-7795a9cad457,237309,"Sunrisers Hyderabad v Kolkata Knight Riders at Hyderabad, Tata Indian Premier League, 3 May 2026",8903,Tata Indian Premier League,2026,"Rajiv Gandhi International Stadium, Hyderabad",List A Twenty20,2026-05-03,,,,,,,,,,,,,,,,,,,,,,,,,,,False,False,False,False,,,,back of a length,off stump,,pull,,,,,,,,keyword,0,,False,False,False,False,False,False,False,False,True,
1,1153,Sunrisers Hyderabad,SRH,1,13,CD Green,6,1,0,131/4,5.00,12.04,12.3,1,1ʷᵈ,"Green to Kishan, 1 run (wide)",,"An off cutter pitched just outside off, a half-tracker that the batter attempts to pull but misses. The bowler concedes a wide ball, adding an extra run.",218920f5-0986-4377-b824-7795a9cad457,237309,"Sunrisers Hyderabad v Kolkata Knight Riders at Hyderabad, Tata Indian Premier League, 3 May 2026",8903,Tata Indian Premier League,2026,"Rajiv Gandhi International Stadium, Hyderabad",List A Twenty20,2026-05-03,,,,,,,,,,,,,,,,,,,,,,,,,,,False,False,False,False,,,,,outside off,,pull,,,,,,,,keyword,1,wide,False,True,False,False,False,False,False,False,False,
1,1153,Sunrisers Hyderabad,SRH,1,13,CD Green,6,1,0,131/4,5.00,12.05,12.4,4,4,"Green to Kishan, 4 runs",,"Green delivers an off cutter pitching back of a length on middle stump. Kishan attempts a pull shot but mistimes it slightly, nevertheless the ball races away fine leg for four.",218920f5-0986-4377-b824-7795a9cad457,237309,"Sunrisers Hyderabad v Kolkata Knight Riders at Hyderabad, Tata Indian Premier League, 3 May 2026",8903,Tata Indian Premier League,2026,"Rajiv Gandhi International Stadium, Hyderabad",List A Twenty20,2026-05-03,20227.0,IP Kishan,left,65397.0,CD Green,right,1873.0,Kolkata Knight Riders,right pace,1.0,pace,2026-05-03 11:02:15,,,,,,,,106632778.0,108.0,100.0,160.0,8.0,4.0,4.0,False,False,True,False,,,,back of a length,middle stump,,pull,,,,,,,,keyword,4,,False,False,False,False,False,False,True,False,False,
1,1153,Sunrisers Hyderabad,SRH,1,13,CD Green,6,1,0,131/4,5.00,12.06,12.5,0,0,"Green to Kishan, no run",,"An off cutter floats outside off stump, pitching back of a length, and the batter deftly steers it through the off side for no run.",218920f5-0986-4377-b824-7795a9cad457,237309,"Sunrisers Hyderabad v Kolkata Knight Riders at Hyderabad, Tata Indian Premier League, 3 May 2026",8903,Tata Indian Premier League,2026,"Rajiv Gandhi International Stadium, Hyderabad",List A Twenty20,2026-05-03,,,,,,,,,,,,,,,,,,,,,,,,,,,False,False,False,False,,,,back of a length,outside off,,steer,,,,,,,,keyword,0,,False,False,False,False,False,False,False,False,True,
1,1153,Sunrisers Hyderabad,SRH,1,13,CD Green,6,1,0,131/4,5.00,12.07,12.6,0,0,"Green to Kishan, no run",,"An off cutter pitched outside off at length, the batter tries to work it but misses completely. No run comes off this delivery.",218920f5-0986-4377-b824-7795a9cad457,237309,"Sunrisers Hyderabad v Kolkata Knight Riders at Hyderabad, Tata Indian Premier League, 3 May 2026",8903,Tata Indian Premier League,2026,"Rajiv Gandhi International Stadium, Hyderabad",List A Twenty20,2026-05-03,,,,,,,,,,,,,,,,,,,,,,,,,,,False,False,False,False,,,,,outside off,,work,,,,,,,,keyword,0,,False,False,False,False,False,False,False,False,True,
1,1153,Sunrisers Hyderabad,SRH,1,14,V Chakaravarthy,4,0,1,135/5,4.00,13.01,13.1,0,0,"Chakravarthy to Verma, no run",Varun Chakravarthy continues their spell,"Varun Chakravarthy bowls a back of a length googly just outside off stump, met with a solid defensive stroke by Aniket Verma, who keeps it down and plays it safely for no run.",218920f5-0986-4377-b824-7795a9cad457,237309,"Sunrisers Hyderabad v Kolkata Knight Riders at Hyderabad, Tata Indian Premier League, 3 May 2026",8903,Tata Indian Premier League,2026,"Rajiv Gandhi International Stadium, Hyderabad",List A Twenty20,2026-05-03,,,,,,,,,,,,,,,,,,,,,,,,,,,False,False,False,False,,,,back of a length,outside off,,,,,,,,,,keyword,0,,False,False,False,False,False,False,False,False,True,
1,1153,Sunrisers Hyderabad,SRH,1,14,V Chakaravarthy,4,0,1,135/5,4.00,13.02,13.2,0,0,"Chakravarthy to Verma, no run",,"The googly drifts outside off and settles on a back of a length, with Aniket Verma pushing it gently towards mid-on where Sunil Narine fields it cleanly. No run.",218920f5-0986-4377-b824-7795a9cad457,237309,"Sunrisers Hyderabad v Kolkata Knight Riders at Hyderabad, Tata Indian Premier League, 3 May 2026",8903,Tata Indian Premier League,2026,"Rajiv Gandhi International Stadium, Hyderabad",List A Twenty20,2026-05-03,,,,,,,,,,,,,,,,,,,,,,,,,,,False,False,False,False,,,,back of a length,outside off,,push,,,,,,,,keyword,0,,False,False,False,False,False,False,False,False,True,
1,1153,Sunrisers Hyderabad,SRH,1,14,V Chakaravarthy,4,0,1,135/5,4.00,13.03,13.3,4,4,"Chakravarthy to Verma, 4 runs",,"Varun Chakravarthy bowls a length ball outside off, met with a wild slog from Aniket Verma. He manages to get a thick edge that races away to third man for four.",218920f5-0986-4377-b824-7795a9cad457,237309,"Sunrisers Hyderabad v Kolkata Knight Riders at Hyderabad, Tata Indian Premier League, 3 May 2026",8903,Tata Indian Premier League,2026,"Rajiv Gandhi International Stadium, Hyderabad",List A Twenty20,2026-05-03,87977.0,AU Verma,right,68649.0,V Chakaravarthy,right,1873.0,Kolkata Knight Riders,leg break,4.0,spin,2026-05-03 11:08:12,,,,,,,,106632882.0,104.0,100.0,160.0,8.0,4.0,4.0,False,False,True,False,,,,length ball,outside off,,slog,,,third man,,,,,keyword,4,,False,False,False,False,False,False,True,False,False,
1,1153,Sunrisers Hyderabad,SRH,1,14,V Chakaravarthy,4,0,1,135/5,4.00,13.04,13.4,0,W,"Chakravarthy to Verma, out!",,"Varun Chakravarthy bowls a length leg spinner just outside off. Aniket Verma attempts a slog-sweep but mistimes it, and the ball drifts up to mid off where Ajinkya Rahane takes the catch. That's a crucial wicket for the Kolkata Knight Riders as Verma is out, caught. Aniket Verma departs for 6 off 8. The momentum shifts as Kolkata Knight Riders' win probability rises from 37% to 43%.",218920f5-0986-4377-b824-7795a9cad457,237309,"Sunrisers Hyderabad v Kolkata Knight Riders at Hyderabad, Tata Indian Premier League, 3 May 2026",8903,Tata Indian Premier League,2026,"Rajiv Gandhi International Stadium, Hyderabad",List A Twenty20,2026-05-03,,,,,,,,,,,,,,,,,,,,,,,,,,,False,False,False,True,,,,,outside off,,slog sweep,,,mid off,,caught,,,keyword,0,,True,False,False,False,False,False,False,False,False,commentary
1,1153,Sunrisers Hyderabad,SRH,1,14,V Chakaravarthy,4,0,1,135/5,4.00,13.05,13.5,0,0,Varun Chakaravarthy to Salil Arora,,"Over the wicket. Length ball, outside off, front foot, forward defensive along the ground to Manish Pandey at first slip. No run.",218920f5-0986-4377-b824-7795a9cad457,237309,"Sunrisers Hyderabad v Kolkata Knight Riders at Hyderabad, Tata Indian Premier League, 3 May 2026",8903,Tata Indian Premier League,2026,"Rajiv Gandhi International Stadium, Hyderabad",List A Twenty20,2026-05-03,,,,,,,,,,,,,,,,,,,,,,,,,,,False,False,False,False,over the wicket,,,length ball,outside off,front foot,forward defensive,along the ground,,first slip,Manish Pandey,,,,template_arm,0,,False,False,False,False,False,False,False,False,True,
1,1153,Sunrisers Hyderabad,SRH,1,14,V Chakaravarthy,4,0,1,135/5,4.00,13.06,13.6,0,0,"Chakravarthy to Arora, no run",,"The bowler sends down a length googly just outside off, and the batter gently pushes it away, keeping it grounded for no run.",218920f5-0986-4377-b824-7795a9cad457,237309,"Sunrisers Hyderabad v Kolkata Knight Riders at Hyderabad, Tata Indian Premier League, 3 May 2026",8903,Tata Indian Premier League,2026,"Rajiv Gandhi International Stadium, Hyderabad",List A Twenty20,2026-05-03,,,,,,,,,,,,,,,,,,,,,,,,,,,False,False,False,False,,,,,outside off,,push,,,,,,,,keyword,0,,False,False,False,False,False,False,False,False,True,
1,1153,Sunrisers Hyderabad,SRH,1,15,K Tyagi,4,0,0,139/5,4.00,14.01,14.1,1,1,"Tyagi to Kishan, 1 run",Kartik Tyagi takes the ball for their 2nd spell,"An off cutter pitched back of a length on leg stump, nicely pulled through mid-wicket for a quick single.",218920f5-0986-4377-b824-7795a9cad457,237309,"Sunrisers Hyderabad v Kolkata Knight Riders at Hyderabad, Tata Indian Premier League, 3 May 2026",8903,Tata Indian Premier League,2026,"Rajiv Gandhi International Stadium, Hyderabad",List A Twenty20,2026-05-03,20227.0,IP Kishan,left,66831.0,K Tyagi,right,1873.0,Kolkata Knight Riders,right pace,1.0,pace,2026-05-03 11:12:49,,,,,,,,106632956.0,198.0,90.0,156.0,6.0,1.0,1.0,False,False,True,False,,,,back of a length,leg stump,,pull,,,,,,,,keyword,1,,False,False,False,False,False,False,False,False,False,
1,1153,Sunrisers Hyderabad,SRH,1,15,K Tyagi,4,0,0,139/5,4.00,14.02,14.2,0,0,Kartik Tyagi to Salil Arora,,"Over the wicket. Back of a length, off stump, back foot, worked along the ground to Rovman Powell at short mid wicket. No run.",218920f5-0986-4377-b824-7795a9cad457,237309,"Sunrisers Hyderabad v Kolkata Knight Riders at Hyderabad, Tata Indian Premier League, 3 May 2026",8903,Tata Indian Premier League,2026,"Rajiv Gandhi International Stadium, Hyderabad",List A Twenty20,2026-05-03,,,,,,,,,,,,,,,,,,,,,,,,,,,False,False,False,False,over the wicket,,,back of a length,off stump,back foot,work,along the ground,,short mid wicket,Rovman Powell,,,,template_arm,0,,False,False,False,False,False,False,False,False,True,
1,1153,Sunrisers Hyderabad,SRH,1,15,K Tyagi,4,0,0,139/5,4.00,14.03,14.3,1,1,Kartik Tyagi to Salil Arora,,"Over the wicket. Length ball, wide outside off, back foot, cut along the ground to Sunil Narine at deep backward point. 1 run.",218920f5-0986-4377-b824-7795a9cad457,237309,"Sunrisers Hyderabad v Kolkata Knight Riders at Hyderabad, Tata Indian Premier League, 3 May 2026",8903,Tata Indian Premier League,2026,"Rajiv Gandhi International Stadium, Hyderabad",List A Twenty20,2026-05-03,72140.0,S Arora,right,66831.0,K Tyagi,right,1873.0,Kolkata Knight Riders,right pace,1.0,pace,2026-05-03 11:14:20,,,,,,,,106632986.0,147.0,90.0,148.0,7.0,1.0,1.0,False,False,True,False,over the wicket,,,length ball,wide outside off,back foot,cut,along the ground,,deep backward point,Sunil Narine,,,,template_arm,1,,False,False,False,False,False,False,False,False,False,
1,1153,Sunrisers Hyderabad,SRH,1,15,K Tyagi,4,0,0,139/5,4.00,14.04,14.4,0,0,Kartik Tyagi to Ishan Kishan,,"Over the wicket. Back of a length, off stump, back foot, cut along the ground to Rovman Powell at short third man. No run.",218920f5-0986-4377-b824-7795a9cad457,237309,"Sunrisers Hyderabad v Kolkata Knight Riders at Hyderabad, Tata Indian Premier League, 3 May 2026",8903,Tata Indian Premier League,2026,"Rajiv Gandhi International Stadium, Hyderabad",List A Twenty20,2026-05-03,,,,,,,,,,,,,,,,,,,,,,,,,,,False,False,False,False,over the wicket,,,back of a length,off stump,back foot,cut,along the ground,,short third man,Rovman Powell,,,,template_arm,0,,False,False,False,False,False,False,False,False,True,
1,1153,Sunrisers Hyderabad,SRH,1,15,K Tyagi,4,0,0,139/5,4.00,14.05,14.5,1,1,"Tyagi to Kishan, 1 run",,"Ishan Kishan rocks back and pulls sharply off a short ball down the leg side, just managing to sneak a quick single.",218920f5-0986-4377-b824-7795a9cad457,237309,"Sunrisers Hyderabad v Kolkata Knight Riders at Hyderabad, Tata Indian Premier League, 3 May 2026",8903,Tata Indian Premier League,2026,"Rajiv Gandhi International Stadium, Hyderabad",List A Twenty20,2026-05-03,20227.0,IP Kishan,left,66831.0,K Tyagi,right,1873.0,Kolkata Knight Riders,right pace,1.0,pace,2026-05-03 11:15:55,,,,,,,,106633017.0,174.0,60.0,106.0,7.0,1.0,1.0,False,False,True,False,,,,short,down the leg side,,pull,,,,,,,,keyword,1,,False,False,False,False,False,False,False,False,False,
1,1153,Sunrisers Hyderabad,SRH,1,15,K Tyagi,4,0,0,139/5,4.00,14.06,14.6,1,1,"Tyagi to Arora, 1 run",,"Kartik Tyagi bowls a short off cutter wide outside off, but Salil Arora rocks back and pulls it cleverly for a single to deep mid wicket, well fielded by Rovman Powell.",218920f5-0986-4377-b824-7795a9cad457,237309,"Sunrisers Hyderabad v Kolkata Knight Riders at Hyderabad, Tata Indian Premier League, 3 May 2026",8903,Tata Indian Premier League,2026,"Rajiv Gandhi International Stadium, Hyderabad",List A Twenty20,2026-05-03,72140.0,S Arora,right,66831.0,K Tyagi,right,1873.0,Kolkata Knight Riders,right pace,1.0,pace,2026-05-03 11:16:40,,,,,,,,106633032.0,333.0,85.0,147.0,3.0,1.0,1.0,False,False,True,False,,,,short,wide outside off,,pull,,,deep mid wicket,Rovman Powell,,,,keyword,1,,False,False,False,False,False,False,False,False,False,
1,1153,Sunrisers Hyderabad,SRH,1,16,SP Narine,9,0,2,148/7,9.00,15.01,15.1,0,W,"Narine to Arora, out!",Sunil Narine takes the ball for their 3rd spell,"An arm ball outside off stump on a back of a length. Salil Arora attempts a defensive shot but misses, and he is bowled cleanly. Salil Arora departs for 2 off 6. A major momentum shift as Kolkata Knight Riders' win probability jumps from 47% to 53%.",218920f5-0986-4377-b824-7795a9cad457,237309,"Sunrisers Hyderabad v Kolkata Knight Riders at Hyderabad, Tata Indian Premier League, 3 May 2026",8903,Tata Indian Premier League,2026,"Rajiv Gandhi International Stadium, Hyderabad",List A Twenty20,2026-05-03,,,,,,,,,,,,,,,,,,,,,,,,,,,False,False,False,False,,,,back of a length,outside off,,,,,,,bowled,,,keyword,0,,True,False,False,False,False,False,False,False,False,commentary
1,1153,Sunrisers Hyderabad,SRH,1,16,SP Narine,9,0,2,148/7,9.00,15.02,15.2,2,2,"Narine to Cummins, 2 runs",Pat Cummins heads to the crease. ,"The off break drifts on middle stump pitching length, Pat Cummins works it neatly through the on side for a couple. Pat Cummins gets off the mark smoothly.",218920f5-0986-4377-b824-7795a9cad457,237309,"Sunrisers Hyderabad v Kolkata Knight Riders at Hyderabad, Tata Indian Premier League, 3 May 2026",8903,Tata Indian Premier League,2026,"Rajiv Gandhi International Stadium, Hyderabad",List A Twenty20,2026-05-03,14153.0,PJ Cummins,right,11658.0,SP Narine,right,1873.0,Kolkata Knight Riders,off break,3.0,spin,2026-05-03 11:19:13,,,,,,,,106633076.0,18.0,70.0,116.0,2.0,2.0,2.0,False,False,True,False,,,,,middle stump,,work,,,,,,,,keyword,2,,False,False,False,False,False,False,False,False,False,
1,1153,Sunrisers Hyderabad,SRH,1,16,SP Narine,9,0,2,148/7,9.00,15.03,15.3,0,0,"Narine to Cummins, no run",,"Sunil Narine bowls a length carrom ball drifting outside off, with the batsman pressing forward, playing a controlled shoulders-and-arms stroke firmly along the ground for no run.",218920f5-0986-4377-b824-7795a9cad457,237309,"Sunrisers Hyderabad v Kolkata Knight Riders at Hyderabad, Tata Indian Premier League, 3 May 2026",8903,Tata Indian Premier League,2026,"Rajiv Gandhi International Stadium, Hyderabad",List A Twenty20,2026-05-03,,,,,,,,,,,,,,,,,,,,,,,,,,,False,False,False,False,,,,,outside off,,,along the ground,controlled,,,,,,keyword,0,,False,False,False,False,False,False,False,False,True,
1,1153,Sunrisers Hyderabad,SRH,1,16,SP Narine,9,0,2,148/7,9.00,15.04,15.4,1,1,"Narine to Cummins, 1 run",,"Narine slips in a carrom ball outside off, back of a length, and Cummins pushes it weakly. It's a mis-timed shot but good enough to sneak a single towards long on.",218920f5-0986-4377-b824-7795a9cad457,237309,"Sunrisers Hyderabad v Kolkata Knight Riders at Hyderabad, Tata Indian Premier League, 3 May 2026",8903,Tata Indian Premier League,2026,"Rajiv Gandhi International Stadium, Hyderabad",List A Twenty20,2026-05-03,14153.0,PJ Cummins,right,11658.0,SP Narine,right,1873.0,Kolkata Knight Riders,off break,3.0,spin,2026-05-03 11:20:29,,,,,,,,106633096.0,287.0,60.0,112.0,4.0,1.0,1.0,False,False,True,False,,,,back of a length,outside off,,push,,,long on,,,,,keyword,1,,False,False,False,False,False,False,False,False,False,
1,1153,Sunrisers Hyderabad,SRH,1,16,SP Narine,9,0,2,148/7,9.00,15.05,15.5,6,6,"Narine to Kishan, 6 runs",,"Narine tosses up a carrom ball on the back of a length, angling it on leg stump. Kishan swings with authority, middle timing a powerful slog that rockets over mid-wicket for six in a controlled display of striking.",218920f5-0986-4377-b824-7795a9cad457,237309,"Sunrisers Hyderabad v Kolkata Knight Riders at Hyderabad, Tata Indian Premier League, 3 May 2026",8903,Tata Indian Premier League,2026,"Rajiv Gandhi International Stadium, Hyderabad",List A Twenty20,2026-05-03,20227.0,IP Kishan,left,11658.0,SP Narine,right,1873.0,Kolkata Knight Riders,off break,3.0,spin,2026-05-03 11:21:04,,,,,,,,106633111.0,219.0,100.0,176.0,6.0,6.0,6.0,False,False,True,False,,,,back of a length,leg stump,,slog,,controlled,,,,,,keyword,6,,False,False,False,False,False,False,False,True,False,
1,1153,Sunrisers Hyderabad,SRH,1,16,SP Narine,9,0,2,148/7,9.00,15.06,15.6,0,W,"Narine to Kishan, out!",,"An off break pitched on off stump at length, Kishan tries an adventurous slog but mistimes it wildly. The ball loops up and is caught by long off, ending his promising innings. Ishan Kishan is out for 42 from 29 balls, a big momentum shift as Kolkata Knight Riders' win probability jumps from 49% to 55%.",218920f5-0986-4377-b824-7795a9cad457,237309,"Sunrisers Hyderabad v Kolkata Knight Riders at Hyderabad, Tata Indian Premier League, 3 May 2026",8903,Tata Indian Premier League,2026,"Rajiv Gandhi International Stadium, Hyderabad",List A Twenty20,2026-05-03,,,,,,,,,,,,,,,,,,,,,,,,,,,False,False,False,True,,,,,off stump,,slog,,,,long off,caught,,,keyword,0,,True,False,False,False,False,False,False,False,False,commentary
1,1153,Sunrisers Hyderabad,SRH,1,17,AS Roy,8,0,1,156/8,8.00,16.01,16.1,0,0,"Roy to Cummins, no run",Shivang Kumar enters the field at the non-striker's end. Anukul Roy takes the ball for their 1st spell,"Anukul Roy bowls a stock ball outside off on a back of a length. Pat Cummins drives it with precision, the ball kept low and neatly fielded at short extra cover for no run.",218920f5-0986-4377-b824-7795a9cad457,237309,"Sunrisers Hyderabad v Kolkata Knight Riders at Hyderabad, Tata Indian Premier League, 3 May 2026",8903,Tata Indian Premier League,2026,"Rajiv Gandhi International Stadium, Hyderabad",List A Twenty20,2026-05-03,,,,,,,,,,,,,,,,,,,,,,,,,,,False,False,False,False,,,,back of a length,outside off,,drive,,,short extra cover,,,,,keyword,0,,False,False,False,False,False,False,False,False,True,
1,1153,Sunrisers Hyderabad,SRH,1,17,AS Roy,8,0,1,156/8,8.00,16.02,16.2,1,1,"Roy to Cummins, 1 run",,"The stock ball comes in on middle stump, back of a length, and Cummins pulls it low and controlled towards deep backward square leg for a quick single.",218920f5-0986-4377-b824-7795a9cad457,237309,"Sunrisers Hyderabad v Kolkata Knight Riders at Hyderabad, Tata Indian Premier League, 3 May 2026",8903,Tata Indian Premier League,2026,"Rajiv Gandhi International Stadium, Hyderabad",List A Twenty20,2026-05-03,14153.0,PJ Cummins,right,65841.0,AS Roy,left,1873.0,Kolkata Knight Riders,left orthodox,5.0,spin,2026-05-03 11:24:07,,,,,,,,106633160.0,33.0,80.0,136.0,2.0,1.0,1.0,False,False,True,False,,,,back of a length,middle stump,,pull,,controlled,deep backward square leg,,,,,keyword,1,,False,False,False,False,False,False,False,False,False,
1,1153,Sunrisers Hyderabad,SRH,1,17,AS Roy,8,0,1,156/8,8.00,16.03,16.3,1,1,"Roy to Kumar, 1 run",,"Roy bowls a stock ball outside off on a back of a length, and Shivang Kumar elegantly drives it along the ground for a well-timed single. Shivang Kumar gets off the mark, pushing Sunrisers Hyderabad to 150 for 7.",218920f5-0986-4377-b824-7795a9cad457,237309,"Sunrisers Hyderabad v Kolkata Knight Riders at Hyderabad, Tata Indian Premier League, 3 May 2026",8903,Tata Indian Premier League,2026,"Rajiv Gandhi International Stadium, Hyderabad",List A Twenty20,2026-05-03,90837.0,S Kumar,right,65841.0,AS Roy,left,1873.0,Kolkata Knight Riders,left orthodox,5.0,spin,2026-05-03 11:24:44,,,,,,,,106633174.0,205.0,80.0,140.0,6.0,1.0,1.0,False,False,True,False,,,,back of a length,outside off,,drive,along the ground,,,,,,,keyword,1,,False,False,False,False,False,False,False,False,False,
1,1153,Sunrisers Hyderabad,SRH,1,17,AS Roy,8,0,1,156/8,8.00,16.04,16.4,6,6,"Roy to Cummins, 6 runs",,"Anukul Roy pitches a stock ball wide outside off, back of a length. Pat Cummins responds with a well-timed slog, sending it sailing over long on for a massive six.",218920f5-0986-4377-b824-7795a9cad457,237309,"Sunrisers Hyderabad v Kolkata Knight Riders at Hyderabad, Tata Indian Premier League, 3 May 2026",8903,Tata Indian Premier League,2026,"Rajiv Gandhi International Stadium, Hyderabad",List A Twenty20,2026-05-03,14153.0,PJ Cummins,right,65841.0,AS Roy,left,1873.0,Kolkata Knight Riders,left orthodox,5.0,spin,2026-05-03 11:25:19,,,,,,,,106633185.0,288.0,100.0,180.0,4.0,6.0,6.0,False,False,True,False,,,,back of a length,wide outside off,,slog,,,long on,,,,,keyword,6,,False,False,False,False,False,False,False,True,False,
1,1153,Sunrisers Hyderabad,SRH,1,17,AS Roy,8,0,1,156/8,8.00,16.05,16.5,0,0,"Roy to Cummins, no run",,A full stock ball on leg stump is pushed quietly by the batter straight to the bowler at mid-on for no run.,218920f5-0986-4377-b824-7795a9cad457,237309,"Sunrisers Hyderabad v Kolkata Knight Riders at Hyderabad, Tata Indian Premier League, 3 May 2026",8903,Tata Indian Premier League,2026,"Rajiv Gandhi International Stadium, Hyderabad",List A Twenty20,2026-05-03,,,,,,,,,,,,,,,,,,,,,,,,,,,False,False,False,False,,,,full,leg stump,,push,,,bowler,,,,,keyword,0,,False,False,False,False,False,False,False,False,True,
1,1153,Sunrisers Hyderabad,SRH,1,17,AS Roy,8,0,1,156/8,8.00,16.06,16.6,0,W,"Roy to Cummins, out!",,"A full, wide outside off stock ball is driven but mis-timed, resulting in a careless catch off the bowling. The batter attempted a drive but was caught out. Pat Cummins departs for 10 off 8, causing a significant momentum shift as Kolkata Knight Riders' win probability jumps from 52% to 59%.",218920f5-0986-4377-b824-7795a9cad457,237309,"Sunrisers Hyderabad v Kolkata Knight Riders at Hyderabad, Tata Indian Premier League, 3 May 2026",8903,Tata Indian Premier League,2026,"Rajiv Gandhi International Stadium, Hyderabad",List A Twenty20,2026-05-03,,,,,,,,,,,,,,,,,,,,,,,,,,,False,False,False,True,,,,full,wide outside off,,drive,,,,,caught,,,keyword,0,,True,False,False,False,False,False,False,False,False,commentary
1,1153,Sunrisers Hyderabad,SRH,1,18,VG Arora,3,1,1,159/9,2.00,17.01,17.1,0,W,"Arora to Kumar, out!",Harshal Patel enters the field at the non-striker's end. Vaibhav Arora takes the ball for their 3rd spell,"An off cutter comes in short and outside off stump. Shivang Kumar attempts a pull shot but only manages a gloved connection. He is caught behind by the wicketkeeper, out for 1 off 2 balls. Shivang Kumar departs early, and the Kolkata Knight Riders have successfully retained their review, boosting their win probability from 59% to 66%.",218920f5-0986-4377-b824-7795a9cad457,237309,"Sunrisers Hyderabad v Kolkata Knight Riders at Hyderabad, Tata Indian Premier League, 3 May 2026",8903,Tata Indian Premier League,2026,"Rajiv Gandhi International Stadium, Hyderabad",List A Twenty20,2026-05-03,,,,,,,,,,,,,,,,,,,,,,,,,,,False,False,False,True,,,,short,outside off,,pull,,,,,caught,,,keyword,0,,True,False,False,False,False,False,False,False,False,commentary
1,1153,Sunrisers Hyderabad,SRH,1,18,VG Arora,3,1,1,159/9,2.00,17.02,17.2,0,0,"Arora to Malinga, no run",Eshan Malinga heads to the crease. ,"On a length ball just outside off, the batter attempts a drive but misses completely, leaving the ball to be safely collected by the keeper.",218920f5-0986-4377-b824-7795a9cad457,237309,"Sunrisers Hyderabad v Kolkata Knight Riders at Hyderabad, Tata Indian Premier League, 3 May 2026",8903,Tata Indian Premier League,2026,"Rajiv Gandhi International Stadium, Hyderabad",List A Twenty20,2026-05-03,,,,,,,,,,,,,,,,,,,,,,,,,,,False,False,False,False,,,,length ball,outside off,,drive,,,,,,,,keyword,0,,False,False,False,False,False,False,False,False,True,
1,1153,Sunrisers Hyderabad,SRH,1,18,VG Arora,3,1,1,159/9,2.00,17.03,17.3,0,0,"Arora to Malinga, no run",,"Vaibhav Arora delivers a full-length, no-movement ball outside off stump. Eshan Malinga attempts a drive but misses, leaving it well alone. A tidy stop by the wicketkeeper ensures no runs.",218920f5-0986-4377-b824-7795a9cad457,237309,"Sunrisers Hyderabad v Kolkata Knight Riders at Hyderabad, Tata Indian Premier League, 3 May 2026",8903,Tata Indian Premier League,2026,"Rajiv Gandhi International Stadium, Hyderabad",List A Twenty20,2026-05-03,,,,,,,,,,,,,,,,,,,,,,,,,,,False,False,False,False,,,,full,outside off,,drive,,,,,,,,keyword,0,,False,False,False,False,False,False,False,False,True,
1,1153,Sunrisers Hyderabad,SRH,1,18,VG Arora,3,1,1,159/9,2.00,17.04,17.3,1,1ʷᵈ,"Arora to Malinga, 1 run (wide)",,"Down the leg side, a full-length delivery with no movement sees the batter attempt a glance but miss, while a wide is called, adding an extra to the scoreboard.",218920f5-0986-4377-b824-7795a9cad457,237309,"Sunrisers Hyderabad v Kolkata Knight Riders at Hyderabad, Tata Indian Premier League, 3 May 2026",8903,Tata Indian Premier League,2026,"Rajiv Gandhi International Stadium, Hyderabad",List A Twenty20,2026-05-03,,,,,,,,,,,,,,,,,,,,,,,,,,,False,False,False,False,,,,full,down the leg side,no movement,glance,,,,,,,,keyword,1,wide,False,True,False,False,False,False,False,False,False,
1,1153,Sunrisers Hyderabad,SRH,1,18,VG Arora,3,1,1,159/9,2.00,17.05,17.4,1,1,Vaibhav Arora to Eshan Malinga,,"Over the wicket. Full toss, outside off, front foot, slog along the ground to Rovman Powell at long on. 1 run.",218920f5-0986-4377-b824-7795a9cad457,237309,"Sunrisers Hyderabad v Kolkata Knight Riders at Hyderabad, Tata Indian Premier League, 3 May 2026",8903,Tata Indian Premier League,2026,"Rajiv Gandhi International Stadium, Hyderabad",List A Twenty20,2026-05-03,77440.0,KKEM Dharmasena,left,72965.0,VG Arora,right,1873.0,Kolkata Knight Riders,right pace,1.0,pace,2026-05-03 11:34:57,,,,,,,,106633358.0,241.0,70.0,124.0,5.0,1.0,1.0,False,False,True,False,over the wicket,,,full toss,outside off,front foot,slog,along the ground,,long on,Rovman Powell,,,,template_arm,1,,False,False,False,False,False,False,False,False,False,
1,1153,Sunrisers Hyderabad,SRH,1,18,VG Arora,3,1,1,159/9,2.00,17.06,17.5,1,1,"Arora to Patel, 1 run",,"Vaibhav Arora bowls a full toss on off stump, and Harshal Patel attempts a drive but mistimes it, sneaking through for a single. Harshal Patel is off the mark.",218920f5-0986-4377-b824-7795a9cad457,237309,"Sunrisers Hyderabad v Kolkata Knight Riders at Hyderabad, Tata Indian Premier League, 3 May 2026",8903,Tata Indian Premier League,2026,"Rajiv Gandhi International Stadium, Hyderabad",List A Twenty20,2026-05-03,18000.0,HV Patel,right,72965.0,VG Arora,right,1873.0,Kolkata Knight Riders,right pace,1.0,pace,2026-05-03 11:35:36,,,,,,,,106633364.0,255.0,75.0,137.0,5.0,1.0,1.0,False,False,True,False,,,,full toss,off stump,,drive,,,,,,,,keyword,1,,False,False,False,False,False,False,False,False,False,
1,1153,Sunrisers Hyderabad,SRH,1,18,VG Arora,3,1,1,159/9,2.00,17.07,17.6,0,0,"Arora to Malinga, no run",,"An off cutter pitched short and on the leg side, carefully left alone by the batter. The ball is quietly collected by the wicketkeeper, resulting in no run.",218920f5-0986-4377-b824-7795a9cad457,237309,"Sunrisers Hyderabad v Kolkata Knight Riders at Hyderabad, Tata Indian Premier League, 3 May 2026",8903,Tata Indian Premier League,2026,"Rajiv Gandhi International Stadium, Hyderabad",List A Twenty20,2026-05-03,,,,,,,,,,,,,,,,,,,,,,,,,,,False,False,False,False,,,,short,,,cut,,,,,,,,keyword,0,,False,False,False,False,False,False,False,False,True,
1,1153,Sunrisers Hyderabad,SRH,1,19,K Tyagi,6,0,1,165/10,6.00,18.01,18.1,4,4,Kartik Tyagi to Harshal Patel,,"Over the wicket. Short, wide outside off, back foot, cut. 4 runs.",218920f5-0986-4377-b824-7795a9cad457,237309,"Sunrisers Hyderabad v Kolkata Knight Riders at Hyderabad, Tata Indian Premier League, 3 May 2026",8903,Tata Indian Premier League,2026,"Rajiv Gandhi International Stadium, Hyderabad",List A Twenty20,2026-05-03,18000.0,HV Patel,right,66831.0,K Tyagi,right,1873.0,Kolkata Knight Riders,right pace,1.0,pace,2026-05-03 11:37:10,,,,,,,,106633401.0,126.0,100.0,162.0,8.0,4.0,4.0,False,False,True,False,over the wicket,,,short,wide outside off,back foot,cut,,,,,,,,template_arm,4,,False,False,False,False,False,False,True,False,False,
1,1153,Sunrisers Hyderabad,SRH,1,19,K Tyagi,6,0,1,165/10,6.00,18.02,18.2,0,0,"Tyagi to Patel, no run",,"Kartik Tyagi bowls a length delivery wide outside off. Harshal Patel attempts a drive but misses completely, the ball safely gathered by the wicketkeeper.",218920f5-0986-4377-b824-7795a9cad457,237309,"Sunrisers Hyderabad v Kolkata Knight Riders at Hyderabad, Tata Indian Premier League, 3 May 2026",8903,Tata Indian Premier League,2026,"Rajiv Gandhi International Stadium, Hyderabad",List A Twenty20,2026-05-03,,,,,,,,,,,,,,,,,,,,,,,,,,,False,False,False,False,,,,,wide outside off,,drive,,,,,,,,keyword,0,,False,False,False,False,False,False,False,False,True,
1,1153,Sunrisers Hyderabad,SRH,1,19,K Tyagi,6,0,1,165/10,6.00,18.03,18.3,1,1,"Tyagi to Patel, 1 run",,"Kartik Tyagi bowls a length ball outside off, and Harshal Patel confidently drives it along the ground, picking up a crisp single.",218920f5-0986-4377-b824-7795a9cad457,237309,"Sunrisers Hyderabad v Kolkata Knight Riders at Hyderabad, Tata Indian Premier League, 3 May 2026",8903,Tata Indian Premier League,2026,"Rajiv Gandhi International Stadium, Hyderabad",List A Twenty20,2026-05-03,18000.0,HV Patel,right,66831.0,K Tyagi,right,1873.0,Kolkata Knight Riders,right pace,1.0,pace,2026-05-03 11:38:52,,,,,,,,106633428.0,184.0,80.0,140.0,6.0,1.0,1.0,False,False,True,False,,,,length ball,outside off,,drive,along the ground,,,,,,,keyword,1,,False,False,False,False,False,False,False,False,False,
1,1153,Sunrisers Hyderabad,SRH,1,19,K Tyagi,6,0,1,165/10,6.00,18.04,18.4,0,0,"Tyagi to Malinga, no run",,"Kartik Tyagi bowls a length ball on middle stump, and Eshan Malinga attempts a push but misses completely.",218920f5-0986-4377-b824-7795a9cad457,237309,"Sunrisers Hyderabad v Kolkata Knight Riders at Hyderabad, Tata Indian Premier League, 3 May 2026",8903,Tata Indian Premier League,2026,"Rajiv Gandhi International Stadium, Hyderabad",List A Twenty20,2026-05-03,,,,,,,,,,,,,,,,,,,,,,,,,,,False,False,False,False,,,,length ball,middle stump,,push,,,,,,,,keyword,0,,False,False,False,False,False,False,False,False,True,
1,1153,Sunrisers Hyderabad,SRH,1,19,K Tyagi,6,0,1,165/10,6.00,18.05,18.5,1,1,"Tyagi to Malinga, 1 run",,"Kartik Tyagi bowls a length ball on leg stump, and Eshan Malinga drops it gently, just managing to scamper through for a single.",218920f5-0986-4377-b824-7795a9cad457,237309,"Sunrisers Hyderabad v Kolkata Knight Riders at Hyderabad, Tata Indian Premier League, 3 May 2026",8903,Tata Indian Premier League,2026,"Rajiv Gandhi International Stadium, Hyderabad",List A Twenty20,2026-05-03,77440.0,KKEM Dharmasena,left,66831.0,K Tyagi,right,1873.0,Kolkata Knight Riders,right pace,1.0,pace,2026-05-03 11:40:30,,,,,,,,106633461.0,289.0,35.0,60.0,4.0,1.0,1.0,False,False,True,False,,,,length ball,leg stump,,,,,,,,,,keyword,1,,False,False,False,False,False,False,False,False,False,
1,1153,Sunrisers Hyderabad,SRH,1,19,K Tyagi,6,0,1,165/10,6.00,18.06,18.6,0,W,"Tyagi to Patel, out!",,"The short, wide off cutter tempts the batter into a pull shot but he only gets a top edge. The ball is caught by the fielder at short fine leg, resulting in a tidy dismissal. Harshal Patel departs for 6 off 5 as the momentum swings decisively towards Kolkata Knight Riders. Sunrisers Hyderabad wrap up their innings at 165 with KKR firmly in control.",218920f5-0986-4377-b824-7795a9cad457,237309,"Sunrisers Hyderabad v Kolkata Knight Riders at Hyderabad, Tata Indian Premier League, 3 May 2026",8903,Tata Indian Premier League,2026,"Rajiv Gandhi International Stadium, Hyderabad",List A Twenty20,2026-05-03,,,,,,,,,,,,,,,,,,,,,,,,,,,False,False,False,True,,,,short,,,pull,,,short fine leg,the fielder at short fine leg,caught,,,keyword,0,,True,False,False,False,False,False,False,False,False,commentary
2,1873,Kolkata Knight Riders,KKR,3,1,A Sharma,8,0,0,8/0,8.00,0.01,0.1,4,4,"Sharma to Rahane, 4 runs",Ajinkya Rahane and Finn Allen head out to the middle. Abhishek Sharma takes the ball for their 1st spell,"The stock ball is delivered as a full toss on leg stump. Ajinkya Rahane flicks it expertly, timing it perfectly through mid-wicket for four. Rahane gets off the mark with a classy boundary.",218920f5-0986-4377-b824-7795a9cad457,237309,"Sunrisers Hyderabad v Kolkata Knight Riders at Hyderabad, Tata Indian Premier League, 3 May 2026",8903,Tata Indian Premier League,2026,"Rajiv Gandhi International Stadium, Hyderabad",List A Twenty20,2026-05-03,12685.0,AM Rahane,right,65346.0,A Sharma,left,1153.0,Sunrisers Hyderabad,left orthodox,5.0,spin,2026-05-03 11:56:34,,,,,,,,106633731.0,311.0,100.0,178.0,4.0,4.0,4.0,False,False,True,False,,,,full toss,leg stump,,flick,,,,,,,,keyword,4,,False,False,False,False,False,False,True,False,False,
2,1873,Kolkata Knight Riders,KKR,3,1,A Sharma,8,0,0,8/0,8.00,0.02,0.2,1,1,"Sharma to Rahane, 1 run",,"A full stock ball on off stump, Ajinkya Rahane attempts a drive but mistimes it slightly, managing just a single to long off.",218920f5-0986-4377-b824-7795a9cad457,237309,"Sunrisers Hyderabad v Kolkata Knight Riders at Hyderabad, Tata Indian Premier League, 3 May 2026",8903,Tata Indian Premier League,2026,"Rajiv Gandhi International Stadium, Hyderabad",List A Twenty20,2026-05-03,12685.0,AM Rahane,right,65346.0,A Sharma,left,1153.0,Sunrisers Hyderabad,left orthodox,5.0,spin,2026-05-03 11:56:58,,,,,,,,106633733.0,249.0,75.0,133.0,5.0,1.0,1.0,False,False,True,False,,,,full,off stump,,drive,,,long off,,,,,keyword,1,,False,False,False,False,False,False,False,False,False,
2,1873,Kolkata Knight Riders,KKR,3,1,A Sharma,8,0,0,8/0,8.00,0.03,0.3,1,1,"Sharma to Allen, 1 run",,"An arm ball on a length, angling around leg stump, worked carefully by Finn Allen who nudges it through for a single. The placement is neat and the misfield at deep mid-wicket gifts him an easy run. Finn Allen gets off the mark.",218920f5-0986-4377-b824-7795a9cad457,237309,"Sunrisers Hyderabad v Kolkata Knight Riders at Hyderabad, Tata Indian Premier League, 3 May 2026",8903,Tata Indian Premier League,2026,"Rajiv Gandhi International Stadium, Hyderabad",List A Twenty20,2026-05-03,26170.0,FH Allen,right,65346.0,A Sharma,left,1153.0,Sunrisers Hyderabad,left orthodox,5.0,spin,2026-05-03 11:57:44,,,,,,,,106633748.0,333.0,70.0,124.0,3.0,1.0,1.0,False,False,True,False,,,,full,leg stump,,work,,,,,,,,keyword,1,,False,False,False,False,False,False,False,False,False,
2,1873,Kolkata Knight Riders,KKR,3,1,A Sharma,8,0,0,8/0,8.00,0.04,0.4,0,0,"Sharma to Rahane, no run",,"A length ball just outside off, met with a controlled drive by Rahane who carefully keeps it down to avoid any risk. The fielder at cover does well to save a run.",218920f5-0986-4377-b824-7795a9cad457,237309,"Sunrisers Hyderabad v Kolkata Knight Riders at Hyderabad, Tata Indian Premier League, 3 May 2026",8903,Tata Indian Premier League,2026,"Rajiv Gandhi International Stadium, Hyderabad",List A Twenty20,2026-05-03,,,,,,,,,,,,,,,,,,,,,,,,,,,False,False,False,False,,,,length ball,outside off,,drive,,controlled,cover,,,,,keyword,0,,False,False,False,False,False,False,False,False,True,
2,1873,Kolkata Knight Riders,KKR,3,1,A Sharma,8,0,0,8/0,8.00,0.05,0.5,1,1,"Sharma to Rahane, 1 run",,"An arm ball drifting outside off, landing back of a length. Rahane cleverly flicks it off the pads, keeping it grounded and nudging through for a single.",218920f5-0986-4377-b824-7795a9cad457,237309,"Sunrisers Hyderabad v Kolkata Knight Riders at Hyderabad, Tata Indian Premier League, 3 May 2026",8903,Tata Indian Premier League,2026,"Rajiv Gandhi International Stadium, Hyderabad",List A Twenty20,2026-05-03,12685.0,AM Rahane,right,65346.0,A Sharma,left,1153.0,Sunrisers Hyderabad,left orthodox,5.0,spin,2026-05-03 11:58:33,,,,,,,,106633763.0,311.0,70.0,120.0,4.0,1.0,1.0,False,False,True,False,,,,back of a length,outside off,,flick,,,,,,,,keyword,1,,False,False,False,False,False,False,False,False,False,
2,1873,Kolkata Knight Riders,KKR,3,1,A Sharma,8,0,0,8/0,8.00,0.06,0.6,1,1,"Sharma to Allen, 1 run",,"Finn Allen plays a controlled flick off the stock ball, guiding it finely on leg stump for a quick single. Kolkata Knight Riders require 158 from 114 balls with all wickets intact, holding a 70% chance according to WinViz.",218920f5-0986-4377-b824-7795a9cad457,237309,"Sunrisers Hyderabad v Kolkata Knight Riders at Hyderabad, Tata Indian Premier League, 3 May 2026",8903,Tata Indian Premier League,2026,"Rajiv Gandhi International Stadium, Hyderabad",List A Twenty20,2026-05-03,26170.0,FH Allen,right,65346.0,A Sharma,left,1153.0,Sunrisers Hyderabad,left orthodox,5.0,spin,2026-05-03 11:58:56,,,,,,,,106633770.0,333.0,80.0,137.0,3.0,1.0,1.0,False,False,True,False,,,,,leg stump,,flick,,controlled,,,,,,keyword,1,,False,False,False,False,False,False,False,False,False,
2,1873,Kolkata Knight Riders,KKR,3,2,PJ Cummins,6,0,0,14/0,6.00,1.01,1.1,1,1,"Cummins to Allen, 1 run",Pat Cummins takes the ball for their 1st spell,"A length ball on off stump, worked carefully through the off side for a single.",218920f5-0986-4377-b824-7795a9cad457,237309,"Sunrisers Hyderabad v Kolkata Knight Riders at Hyderabad, Tata Indian Premier League, 3 May 2026",8903,Tata Indian Premier League,2026,"Rajiv Gandhi International Stadium, Hyderabad",List A Twenty20,2026-05-03,26170.0,FH Allen,right,14153.0,PJ Cummins,right,1153.0,Sunrisers Hyderabad,right pace,1.0,pace,2026-05-03 12:00:14,,,,,,,,106633791.0,294.0,75.0,135.0,4.0,1.0,1.0,False,False,True,False,,,,length ball,off stump,,work,,,,,,,,keyword,1,,False,False,False,False,False,False,False,False,False,
2,1873,Kolkata Knight Riders,KKR,3,2,PJ Cummins,6,0,0,14/0,6.00,1.02,1.2,1,1,"Cummins to Rahane, 1 run",,"On a back of a length delivery just outside off, Rahane works the ball carefully along the ground to pick up a single.",218920f5-0986-4377-b824-7795a9cad457,237309,"Sunrisers Hyderabad v Kolkata Knight Riders at Hyderabad, Tata Indian Premier League, 3 May 2026",8903,Tata Indian Premier League,2026,"Rajiv Gandhi International Stadium, Hyderabad",List A Twenty20,2026-05-03,12685.0,AM Rahane,right,14153.0,PJ Cummins,right,1153.0,Sunrisers Hyderabad,right pace,1.0,pace,2026-05-03 12:01:04,,,,,,,,106633809.0,3.0,70.0,120.0,2.0,1.0,1.0,False,False,True,False,,,,back of a length,outside off,,work,along the ground,,,,,,,keyword,1,,False,False,False,False,False,False,False,False,False,
2,1873,Kolkata Knight Riders,KKR,3,2,PJ Cummins,6,0,0,14/0,6.00,1.03,1.3,0,0,"Cummins to Allen, no run",,"Pat Cummins bowls a back of a length delivery outside off, and Finn Allen pushes it quietly along the ground towards short extra cover. No run comes from that tidy shot.",218920f5-0986-4377-b824-7795a9cad457,237309,"Sunrisers Hyderabad v Kolkata Knight Riders at Hyderabad, Tata Indian Premier League, 3 May 2026",8903,Tata Indian Premier League,2026,"Rajiv Gandhi International Stadium, Hyderabad",List A Twenty20,2026-05-03,,,,,,,,,,,,,,,,,,,,,,,,,,,False,False,False,False,,,,back of a length,outside off,,push,along the ground,,short extra cover,,,,,keyword,0,,False,False,False,False,False,False,False,False,True,
2,1873,Kolkata Knight Riders,KKR,3,2,PJ Cummins,6,0,0,14/0,6.00,1.04,1.4,0,0,"Cummins to Allen, no run",,"Pat Cummins bowls a back of a length delivery just outside off. Finn Allen pushes it forward neatly along the ground, but there's no run from this one.",218920f5-0986-4377-b824-7795a9cad457,237309,"Sunrisers Hyderabad v Kolkata Knight Riders at Hyderabad, Tata Indian Premier League, 3 May 2026",8903,Tata Indian Premier League,2026,"Rajiv Gandhi International Stadium, Hyderabad",List A Twenty20,2026-05-03,,,,,,,,,,,,,,,,,,,,,,,,,,,False,False,False,False,,,,back of a length,outside off,,push,along the ground,,,,,,,keyword,0,,False,False,False,False,False,False,False,False,True,
2,1873,Kolkata Knight Riders,KKR,3,2,PJ Cummins,6,0,0,14/0,6.00,1.05,1.5,0,0,"Cummins to Allen, no run",,The batter attempts a drive outside off on a back of a length delivery but misses completely; no run.,218920f5-0986-4377-b824-7795a9cad457,237309,"Sunrisers Hyderabad v Kolkata Knight Riders at Hyderabad, Tata Indian Premier League, 3 May 2026",8903,Tata Indian Premier League,2026,"Rajiv Gandhi International Stadium, Hyderabad",List A Twenty20,2026-05-03,,,,,,,,,,,,,,,,,,,,,,,,,,,False,False,False,False,,,,back of a length,outside off,,drive,,,,,,,,keyword,0,,False,False,False,False,False,False,False,False,True,
2,1873,Kolkata Knight Riders,KKR,3,2,PJ Cummins,6,0,0,14/0,6.00,1.06,1.6,4,4,"Cummins to Allen, 4 runs",,"A back of a length delivery on the off side, well outside off stump. Finn Allen times a controlled pull perfectly to send the ball racing to deep square leg for four. Kolkata Knight Riders are chasing 152 from 108 balls with all wickets in hand and a strong 70% win probability.",218920f5-0986-4377-b824-7795a9cad457,237309,"Sunrisers Hyderabad v Kolkata Knight Riders at Hyderabad, Tata Indian Premier League, 3 May 2026",8903,Tata Indian Premier League,2026,"Rajiv Gandhi International Stadium, Hyderabad",List A Twenty20,2026-05-03,26170.0,FH Allen,right,14153.0,PJ Cummins,right,1153.0,Sunrisers Hyderabad,right pace,1.0,pace,2026-05-03 12:04:01,,,,,,,,106633851.0,350.0,100.0,172.0,3.0,4.0,4.0,False,False,True,False,,,,back of a length,outside off,,pull,,controlled,deep square leg,,,,,keyword,4,,False,False,False,False,False,False,True,False,False,
2,1873,Kolkata Knight Riders,KKR,3,3,KKEM Dharmasena,8,0,0,22/0,8.00,2.01,2.1,0,0,"Malinga to Rahane, no run",Eshan Malinga takes the ball for their 1st spell,"A length ball swinging in just outside off. Rahane pushes it carefully back to the bowler, resulting in no run.",218920f5-0986-4377-b824-7795a9cad457,237309,"Sunrisers Hyderabad v Kolkata Knight Riders at Hyderabad, Tata Indian Premier League, 3 May 2026",8903,Tata Indian Premier League,2026,"Rajiv Gandhi International Stadium, Hyderabad",List A Twenty20,2026-05-03,,,,,,,,,,,,,,,,,,,,,,,,,,,False,False,False,False,,,,length ball,outside off,,push,,,bowler,,,,,keyword,0,,False,False,False,False,False,False,False,False,True,
2,1873,Kolkata Knight Riders,KKR,3,3,KKEM Dharmasena,8,0,0,22/0,8.00,2.02,2.2,0,0,"Malinga to Rahane, no run",,"A full, swinging-in delivery just outside off, met with a solid drive along the ground by the batter, but no run as it's well fielded at mid off.",218920f5-0986-4377-b824-7795a9cad457,237309,"Sunrisers Hyderabad v Kolkata Knight Riders at Hyderabad, Tata Indian Premier League, 3 May 2026",8903,Tata Indian Premier League,2026,"Rajiv Gandhi International Stadium, Hyderabad",List A Twenty20,2026-05-03,,,,,,,,,,,,,,,,,,,,,,,,,,,False,False,False,False,,,,full,outside off,,drive,along the ground,,mid off,,,,,keyword,0,,False,False,False,False,False,False,False,False,True,
2,1873,Kolkata Knight Riders,KKR,3,3,KKEM Dharmasena,8,0,0,22/0,8.00,2.03,2.3,6,6,"Malinga to Rahane, 6 runs",,"A full swinging-in delivery down the leg side, expertly met by a well-timed flick. The batter sends it soaring with controlled air over deep backward square leg for a cracking six. That brings up the first six of the innings.",218920f5-0986-4377-b824-7795a9cad457,237309,"Sunrisers Hyderabad v Kolkata Knight Riders at Hyderabad, Tata Indian Premier League, 3 May 2026",8903,Tata Indian Premier League,2026,"Rajiv Gandhi International Stadium, Hyderabad",List A Twenty20,2026-05-03,12685.0,AM Rahane,right,77440.0,KKEM Dharmasena,right,1153.0,Sunrisers Hyderabad,right pace,1.0,pace,2026-05-03 12:06:54,,,,,,,,106633895.0,19.0,100.0,167.0,2.0,6.0,6.0,False,False,True,False,,,,full,down the leg side,,flick,,controlled,deep backward square leg,,,,,keyword,6,,False,False,False,False,False,False,False,True,False,
2,1873,Kolkata Knight Riders,KKR,3,3,KKEM Dharmasena,8,0,0,22/0,8.00,2.04,2.4,0,0,Eshan Malinga to Ajinkya Rahane,,"Over the wicket. Length ball, outside off, front foot, slog along the ground to Ravichandran Smaran at mid wicket. No run.",218920f5-0986-4377-b824-7795a9cad457,237309,"Sunrisers Hyderabad v Kolkata Knight Riders at Hyderabad, Tata Indian Premier League, 3 May 2026",8903,Tata Indian Premier League,2026,"Rajiv Gandhi International Stadium, Hyderabad",List A Twenty20,2026-05-03,,,,,,,,,,,,,,,,,,,,,,,,,,,False,False,False,False,over the wicket,,,length ball,outside off,front foot,slog,along the ground,,mid wicket,Ravichandran Smaran,,,,template_arm,0,,False,False,False,False,False,False,False,False,True,
2,1873,Kolkata Knight Riders,KKR,3,3,KKEM Dharmasena,8,0,0,22/0,8.00,2.05,2.5,0,0,"Malinga to Rahane, no run",,"Eshan Malinga delivers a length ball swinging in outside off, and Ajinkya Rahane pushes it neatly along the ground into the off side for no run.",218920f5-0986-4377-b824-7795a9cad457,237309,"Sunrisers Hyderabad v Kolkata Knight Riders at Hyderabad, Tata Indian Premier League, 3 May 2026",8903,Tata Indian Premier League,2026,"Rajiv Gandhi International Stadium, Hyderabad",List A Twenty20,2026-05-03,,,,,,,,,,,,,,,,,,,,,,,,,,,False,False,False,False,,,,length ball,outside off,,push,along the ground,,,,,,,keyword,0,,False,False,False,False,False,False,False,False,True,
2,1873,Kolkata Knight Riders,KKR,3,3,KKEM Dharmasena,8,0,0,22/0,8.00,2.06,2.6,2,2,"Malinga to Rahane, 2 runs",,"Ajinkya Rahane steps forward to drive it sharply along the ground, timing it beautifully for a quick two runs. Kolkata Knight Riders are chasing 144 from 102 balls with all wickets in hand, holding a solid chance at 72 percent.",218920f5-0986-4377-b824-7795a9cad457,237309,"Sunrisers Hyderabad v Kolkata Knight Riders at Hyderabad, Tata Indian Premier League, 3 May 2026",8903,Tata Indian Premier League,2026,"Rajiv Gandhi International Stadium, Hyderabad",List A Twenty20,2026-05-03,12685.0,AM Rahane,right,77440.0,KKEM Dharmasena,right,1153.0,Sunrisers Hyderabad,right pace,1.0,pace,2026-05-03 12:08:59,,,,,,,,106633924.0,175.0,75.0,125.0,7.0,2.0,2.0,False,False,True,False,,,,full,,,drive,along the ground,,,,,,,keyword,2,,False,False,False,False,False,False,False,False,False,
2,1873,Kolkata Knight Riders,KKR,3,4,PJ Cummins,27,5,1,49/1,22.00,3.01,3.0,5,5ʷᵈ,"Cummins to Allen, 5 runs (wide)",Pat Cummins continues their spell,"Finn Allen attempts a reverse scoop but misses entirely as the ball drifts wide outside off, resulting in five wides.",218920f5-0986-4377-b824-7795a9cad457,237309,"Sunrisers Hyderabad v Kolkata Knight Riders at Hyderabad, Tata Indian Premier League, 3 May 2026",8903,Tata Indian Premier League,2026,"Rajiv Gandhi International Stadium, Hyderabad",List A Twenty20,2026-05-03,,,,,,,,,,,,,,,,,,,,,,,,,,,False,False,False,False,,,,,wide outside off,,,,,,,,,,keyword,5,wide,False,True,False,False,False,False,False,False,False,
2,1873,Kolkata Knight Riders,KKR,3,4,PJ Cummins,27,5,1,49/1,22.00,3.02,3.1,6,6,"Cummins to Allen, 6 runs",,"The no movement ball outside off is met with a well-timed, controlled pull shot. Finn Allen sends it soaring over deep square leg for a magnificent six.",218920f5-0986-4377-b824-7795a9cad457,237309,"Sunrisers Hyderabad v Kolkata Knight Riders at Hyderabad, Tata Indian Premier League, 3 May 2026",8903,Tata Indian Premier League,2026,"Rajiv Gandhi International Stadium, Hyderabad",List A Twenty20,2026-05-03,26170.0,FH Allen,right,14153.0,PJ Cummins,right,1153.0,Sunrisers Hyderabad,right pace,1.0,pace,2026-05-03 12:10:57,,,,,,,,106633950.0,359.0,100.0,170.0,3.0,6.0,6.0,False,False,True,False,,,,,outside off,no movement,pull,,controlled,deep square leg,,,,,keyword,6,,False,False,False,False,False,False,False,True,False,
2,1873,Kolkata Knight Riders,KKR,3,4,PJ Cummins,27,5,1,49/1,22.00,3.03,3.2,2,2,"Cummins to Allen, 2 runs",,"Pat Cummins delivers a full, swinging-in ball on off stump, well met by Finn Allen's controlled flick through midwicket for a neat two runs.",218920f5-0986-4377-b824-7795a9cad457,237309,"Sunrisers Hyderabad v Kolkata Knight Riders at Hyderabad, Tata Indian Premier League, 3 May 2026",8903,Tata Indian Premier League,2026,"Rajiv Gandhi International Stadium, Hyderabad",List A Twenty20,2026-05-03,26170.0,FH Allen,right,14153.0,PJ Cummins,right,1153.0,Sunrisers Hyderabad,right pace,1.0,pace,2026-05-03 12:11:39,,,,,,,,106633957.0,324.0,90.0,157.0,3.0,2.0,2.0,False,False,True,False,,,,full,off stump,,flick,,controlled,midwicket,,,,,keyword,2,,False,False,False,False,False,False,False,False,False,
2,1873,Kolkata Knight Riders,KKR,3,4,PJ Cummins,27,5,1,49/1,22.00,3.04,3.3,6,6,"Cummins to Allen, 6 runs",,"A short ball outside off from Cummins, perfectly timed by Finn Allen who pulls it powerfully over deep square leg for a magnificent six. Finn Allen is on fire, smashing his second six of the over and taking the total to 19 runs.",218920f5-0986-4377-b824-7795a9cad457,237309,"Sunrisers Hyderabad v Kolkata Knight Riders at Hyderabad, Tata Indian Premier League, 3 May 2026",8903,Tata Indian Premier League,2026,"Rajiv Gandhi International Stadium, Hyderabad",List A Twenty20,2026-05-03,26170.0,FH Allen,right,14153.0,PJ Cummins,right,1153.0,Sunrisers Hyderabad,right pace,1.0,pace,2026-05-03 12:12:18,,,,,,,,106633965.0,344.0,100.0,173.0,3.0,6.0,6.0,False,False,True,False,,,,short,outside off,,pull,,,deep square leg,,,,,keyword,6,,False,False,False,False,False,False,False,True,False,
2,1873,Kolkata Knight Riders,KKR,3,4,PJ Cummins,27,5,1,49/1,22.00,3.05,3.4,4,4,"Cummins to Allen, 4 runs",,"Pat Cummins bowls a full delivery just outside off stump and Finn Allen drives it beautifully. The shot is well timed and controlled, racing away to the long off boundary for four. That brings the total to 23 runs this over with Finn Allen hitting three boundaries already.",218920f5-0986-4377-b824-7795a9cad457,237309,"Sunrisers Hyderabad v Kolkata Knight Riders at Hyderabad, Tata Indian Premier League, 3 May 2026",8903,Tata Indian Premier League,2026,"Rajiv Gandhi International Stadium, Hyderabad",List A Twenty20,2026-05-03,26170.0,FH Allen,right,14153.0,PJ Cummins,right,1153.0,Sunrisers Hyderabad,right pace,1.0,pace,2026-05-03 12:13:00,,,,,,,,106633967.0,255.0,100.0,180.0,5.0,4.0,4.0,False,False,True,False,,,,full,outside off,,drive,,controlled,long off,,,,,keyword,4,,False,False,False,False,False,False,True,False,False,
2,1873,Kolkata Knight Riders,KKR,3,4,PJ Cummins,27,5,1,49/1,22.00,3.06,3.5,4,4,"Cummins to Allen, 4 runs",,"Finn Allen pulls it with perfect timing, sending the ball racing along the ground to deep square leg for four. That’s another boundary for Allen, his fourth this over, helping the team pile up 27 runs in the over so far.",218920f5-0986-4377-b824-7795a9cad457,237309,"Sunrisers Hyderabad v Kolkata Knight Riders at Hyderabad, Tata Indian Premier League, 3 May 2026",8903,Tata Indian Premier League,2026,"Rajiv Gandhi International Stadium, Hyderabad",List A Twenty20,2026-05-03,26170.0,FH Allen,right,14153.0,PJ Cummins,right,1153.0,Sunrisers Hyderabad,right pace,1.0,pace,2026-05-03 12:13:44,,,,,,,,106633970.0,336.0,100.0,174.0,3.0,4.0,4.0,False,False,True,False,,,,,,,pull,along the ground,,deep square leg,,,,,keyword,4,,False,False,False,False,False,False,True,False,False,
2,1873,Kolkata Knight Riders,KKR,3,4,PJ Cummins,27,5,1,49/1,22.00,3.07,3.6,0,W,"Cummins to Allen, out!",,"A full delivery on leg stump with no movement. The batter attempts an ambitious flick but mistimes it, resulting in a catch at deep mid wicket. Finn Allen departs for 29 off 13. Kolkata Knight Riders require 117 from 96 balls with 9 wickets in hand, holding an 80% chance according to WinViz.",218920f5-0986-4377-b824-7795a9cad457,237309,"Sunrisers Hyderabad v Kolkata Knight Riders at Hyderabad, Tata Indian Premier League, 3 May 2026",8903,Tata Indian Premier League,2026,"Rajiv Gandhi International Stadium, Hyderabad",List A Twenty20,2026-05-03,,,,,,,,,,,,,,,,,,,,,,,,,,,False,False,False,True,,,,full,leg stump,no movement,flick,,,deep mid wicket,,caught,,,keyword,0,,True,False,False,False,False,False,False,False,False,catch_map
2,1873,Kolkata Knight Riders,KKR,3,5,A Sharma,6,0,0,55/1,6.00,4.01,4.1,1,1,"Sharma to Rahane, 1 run",Angkrish Raghuvanshi enters the field at the non-striker's end. Abhishek Sharma takes the ball for their 2nd spell,"A length ball on leg stump, the batter works it nicely away for a quick single. That brings Kolkata Knight Riders to a neat 50 for 1.",218920f5-0986-4377-b824-7795a9cad457,237309,"Sunrisers Hyderabad v Kolkata Knight Riders at Hyderabad, Tata Indian Premier League, 3 May 2026",8903,Tata Indian Premier League,2026,"Rajiv Gandhi International Stadium, Hyderabad",List A Twenty20,2026-05-03,12685.0,AM Rahane,right,65346.0,A Sharma,left,1153.0,Sunrisers Hyderabad,left orthodox,5.0,spin,2026-05-03 12:16:31,,,,,,,,106633981.0,320.0,70.0,120.0,3.0,1.0,1.0,False,False,True,False,,,,length ball,leg stump,,work,,,,,,,,keyword,1,,False,False,False,False,False,False,False,False,False,
2,1873,Kolkata Knight Riders,KKR,3,5,A Sharma,6,0,0,55/1,6.00,4.02,4.2,0,0,"Sharma to Raghuvanshi, no run",,"A length ball outside off from the stock bowler, met with a mistimed drive by the batter that stays down, yielding no run.",218920f5-0986-4377-b824-7795a9cad457,237309,"Sunrisers Hyderabad v Kolkata Knight Riders at Hyderabad, Tata Indian Premier League, 3 May 2026",8903,Tata Indian Premier League,2026,"Rajiv Gandhi International Stadium, Hyderabad",List A Twenty20,2026-05-03,,,,,,,,,,,,,,,,,,,,,,,,,,,False,False,False,False,,,,length ball,outside off,,drive,,mistimed,,,,,,keyword,0,,False,False,False,False,False,False,False,False,True,
2,1873,Kolkata Knight Riders,KKR,3,5,A Sharma,6,0,0,55/1,6.00,4.03,4.3,0,0,"Sharma to Raghuvanshi, no run",,"Abhishek Sharma delivers a length stock ball outside off. Angkrish Raghuvanshi goes for a controlled cut, but it’s well fielded by Salil Arora at cover, resulting in no run.",218920f5-0986-4377-b824-7795a9cad457,237309,"Sunrisers Hyderabad v Kolkata Knight Riders at Hyderabad, Tata Indian Premier League, 3 May 2026",8903,Tata Indian Premier League,2026,"Rajiv Gandhi International Stadium, Hyderabad",List A Twenty20,2026-05-03,,,,,,,,,,,,,,,,,,,,,,,,,,,False,False,False,False,,,,,outside off,,cut,,controlled,cover,Salil Arora at cover,,,,keyword,0,,False,False,False,False,False,False,False,False,True,
2,1873,Kolkata Knight Riders,KKR,3,5,A Sharma,6,0,0,55/1,6.00,4.04,4.4,0,0,"Sharma to Raghuvanshi, no run",,"A stock delivery outside off, pitching back of a length, met with a crisp cut from the batter. The shot skims low and is fielded cleanly at backward point, resulting in no run.",218920f5-0986-4377-b824-7795a9cad457,237309,"Sunrisers Hyderabad v Kolkata Knight Riders at Hyderabad, Tata Indian Premier League, 3 May 2026",8903,Tata Indian Premier League,2026,"Rajiv Gandhi International Stadium, Hyderabad",List A Twenty20,2026-05-03,,,,,,,,,,,,,,,,,,,,,,,,,,,False,False,False,False,,,,back of a length,outside off,,cut,,,backward point,,,,,keyword,0,,False,False,False,False,False,False,False,False,True,
2,1873,Kolkata Knight Riders,KKR,3,5,A Sharma,6,0,0,55/1,6.00,4.05,4.5,1,1,"Sharma to Raghuvanshi, 1 run",,"The stock ball comes in on a length around leg stump and Raghuvanshi works it carefully for a single, keeping the scoreboard ticking. Angkrish Raghuvanshi gets off the mark.",218920f5-0986-4377-b824-7795a9cad457,237309,"Sunrisers Hyderabad v Kolkata Knight Riders at Hyderabad, Tata Indian Premier League, 3 May 2026",8903,Tata Indian Premier League,2026,"Rajiv Gandhi International Stadium, Hyderabad",List A Twenty20,2026-05-03,76204.0,A Raghuvanshi,right,65346.0,A Sharma,left,1153.0,Sunrisers Hyderabad,left orthodox,5.0,spin,2026-05-03 12:17:57,,,,,,,,106633986.0,2.0,60.0,105.0,2.0,1.0,1.0,False,False,True,False,,,,full,leg stump,,work,,,,,,,,keyword,1,,False,False,False,False,False,False,False,False,False,
2,1873,Kolkata Knight Riders,KKR,3,5,A Sharma,6,0,0,55/1,6.00,4.06,4.6,4,4,"Sharma to Rahane, 4 runs",,"A length stock ball pitched just outside off, and Rahane elegantly drives it with perfect timing. The shot races smoothly through cover, racing away to the boundary. KKR need 111 from 90 balls, requiring 7.4 an over, holding strong with nine wickets left and an 81% win probability.",218920f5-0986-4377-b824-7795a9cad457,237309,"Sunrisers Hyderabad v Kolkata Knight Riders at Hyderabad, Tata Indian Premier League, 3 May 2026",8903,Tata Indian Premier League,2026,"Rajiv Gandhi International Stadium, Hyderabad",List A Twenty20,2026-05-03,12685.0,AM Rahane,right,65346.0,A Sharma,left,1153.0,Sunrisers Hyderabad,left orthodox,5.0,spin,2026-05-03 12:18:21,,,,,,,,106633988.0,181.0,100.0,170.0,6.0,4.0,4.0,False,False,True,False,,,,,outside off,,drive,,,cover,,,,,keyword,4,,False,False,False,False,False,False,True,False,False,
2,1873,Kolkata Knight Riders,KKR,3,6,KKEM Dharmasena,16,1,0,71/1,15.00,5.01,5.1,6,6,"Malinga to Raghuvanshi, 6 runs",Eshan Malinga takes the ball for their 2nd spell,"On a back of a length delivery right on middle stump, the batter executes a superbly timed flick. The controlled shot sails cleanly over deep backward square leg for a cracking six.",218920f5-0986-4377-b824-7795a9cad457,237309,"Sunrisers Hyderabad v Kolkata Knight Riders at Hyderabad, Tata Indian Premier League, 3 May 2026",8903,Tata Indian Premier League,2026,"Rajiv Gandhi International Stadium, Hyderabad",List A Twenty20,2026-05-03,76204.0,A Raghuvanshi,right,77440.0,KKEM Dharmasena,right,1153.0,Sunrisers Hyderabad,right pace,1.0,pace,2026-05-03 12:19:33,,,,,,,,106633993.0,28.0,100.0,165.0,2.0,6.0,6.0,False,False,True,False,,,,back of a length,middle stump,,flick,,controlled,deep backward square leg,,,,,keyword,6,,False,False,False,False,False,False,False,True,False,
2,1873,Kolkata Knight Riders,KKR,3,6,KKEM Dharmasena,16,1,0,71/1,15.00,5.02,5.2,0,0,"Malinga to Raghuvanshi, no run",,"Eshan Malinga sends down a swinging-in length ball just outside off stump, met with a controlled drive along the ground by Angkrish Raghuvanshi, but no run comes off this delivery.",218920f5-0986-4377-b824-7795a9cad457,237309,"Sunrisers Hyderabad v Kolkata Knight Riders at Hyderabad, Tata Indian Premier League, 3 May 2026",8903,Tata Indian Premier League,2026,"Rajiv Gandhi International Stadium, Hyderabad",List A Twenty20,2026-05-03,,,,,,,,,,,,,,,,,,,,,,,,,,,False,False,False,False,,,,length ball,outside off,,drive,along the ground,controlled,,,,,,keyword,0,,False,False,False,False,False,False,False,False,True,
2,1873,Kolkata Knight Riders,KKR,3,6,KKEM Dharmasena,16,1,0,71/1,15.00,5.03,5.3,1,1,"Malinga to Raghuvanshi, 1 run",,"On a length outside off, the swinging-in delivery is worked neatly along the ground for a well-placed single.",218920f5-0986-4377-b824-7795a9cad457,237309,"Sunrisers Hyderabad v Kolkata Knight Riders at Hyderabad, Tata Indian Premier League, 3 May 2026",8903,Tata Indian Premier League,2026,"Rajiv Gandhi International Stadium, Hyderabad",List A Twenty20,2026-05-03,76204.0,A Raghuvanshi,right,77440.0,KKEM Dharmasena,right,1153.0,Sunrisers Hyderabad,right pace,1.0,pace,2026-05-03 12:20:42,,,,,,,,106633999.0,320.0,30.0,49.0,3.0,1.0,1.0,False,False,True,False,,,,,outside off,,work,along the ground,,,,,,,keyword,1,,False,False,False,False,False,False,False,False,False,
2,1873,Kolkata Knight Riders,KKR,3,6,KKEM Dharmasena,16,1,0,71/1,15.00,5.04,5.4,1,1,"Malinga to Rahane, 1 run",,"An off cutter, full and aimed on leg stump, met with a neat flick that squeezes through for a well-timed single.",218920f5-0986-4377-b824-7795a9cad457,237309,"Sunrisers Hyderabad v Kolkata Knight Riders at Hyderabad, Tata Indian Premier League, 3 May 2026",8903,Tata Indian Premier League,2026,"Rajiv Gandhi International Stadium, Hyderabad",List A Twenty20,2026-05-03,12685.0,AM Rahane,right,77440.0,KKEM Dharmasena,right,1153.0,Sunrisers Hyderabad,right pace,1.0,pace,2026-05-03 12:21:47,,,,,,,,106634003.0,332.0,75.0,132.0,3.0,1.0,1.0,False,False,True,False,,,,full,leg stump,,flick,,,,,,,,keyword,1,,False,False,False,False,False,False,False,False,False,
2,1873,Kolkata Knight Riders,KKR,3,6,KKEM Dharmasena,16,1,0,71/1,15.00,5.05,5.5,6,6,"Malinga to Raghuvanshi, 6 runs",,"Eshan Malinga bowls a swinging in delivery just outside off on a back of a length. Angkrish Raghuvanshi picks it beautifully and flicks a perfectly controlled, middled shot over fine leg for a spectacular six! That makes it another six for Raghuvanshi, his second this over.",218920f5-0986-4377-b824-7795a9cad457,237309,"Sunrisers Hyderabad v Kolkata Knight Riders at Hyderabad, Tata Indian Premier League, 3 May 2026",8903,Tata Indian Premier League,2026,"Rajiv Gandhi International Stadium, Hyderabad",List A Twenty20,2026-05-03,76204.0,A Raghuvanshi,right,77440.0,KKEM Dharmasena,right,1153.0,Sunrisers Hyderabad,right pace,1.0,pace,2026-05-03 12:22:32,,,,,,,,106634005.0,33.0,100.0,165.0,2.0,6.0,6.0,False,False,True,False,,,,back of a length,outside off,,flick,,controlled,fine leg,,,,,keyword,6,,False,False,False,False,False,False,False,True,False,
2,1873,Kolkata Knight Riders,KKR,3,6,KKEM Dharmasena,16,1,0,71/1,15.00,5.06,5.5,1,1ʷᵈ,"Malinga to Raghuvanshi, 1 run (wide)",,"A full-length swinging-in delivery down the leg side, the batter attempts a flick but misses. The umpire calls it a wide, and a sharp stop from the wicketkeeper keeps the extras to one. That brings the total to 15 runs this over.",218920f5-0986-4377-b824-7795a9cad457,237309,"Sunrisers Hyderabad v Kolkata Knight Riders at Hyderabad, Tata Indian Premier League, 3 May 2026",8903,Tata Indian Premier League,2026,"Rajiv Gandhi International Stadium, Hyderabad",List A Twenty20,2026-05-03,,,,,,,,,,,,,,,,,,,,,,,,,,,False,False,False,False,,,,full,down the leg side,,flick,,,,,,,,keyword,1,wide,False,True,False,False,False,False,False,False,False,
2,1873,Kolkata Knight Riders,KKR,3,6,KKEM Dharmasena,16,1,0,71/1,15.00,5.07,5.6,1,1,"Malinga to Raghuvanshi, 1 run",,"A swinging-in full toss on the leg side, flicked gently by the batter for a quick single towards deep backward square leg. That takes the total to 16 in this over. Kolkata Knight Riders need 95 from 84 balls with nine wickets in hand, holding an 87% chance to win.",218920f5-0986-4377-b824-7795a9cad457,237309,"Sunrisers Hyderabad v Kolkata Knight Riders at Hyderabad, Tata Indian Premier League, 3 May 2026",8903,Tata Indian Premier League,2026,"Rajiv Gandhi International Stadium, Hyderabad",List A Twenty20,2026-05-03,76204.0,A Raghuvanshi,right,77440.0,KKEM Dharmasena,right,1153.0,Sunrisers Hyderabad,right pace,1.0,pace,2026-05-03 12:24:06,,,,,,,,106634012.0,5.0,80.0,137.0,2.0,1.0,1.0,False,False,True,False,,,,full toss,,,flick,,,deep backward square leg,,,,,keyword,1,,False,False,False,False,False,False,False,False,False,
2,1873,Kolkata Knight Riders,KKR,3,7,S Kumar,8,0,0,79/1,8.00,6.01,6.1,1,1,"Kumar to Raghuvanshi, 1 run",Shivang Kumar takes the ball for their 1st spell,"A short, down the leg stock ball is met with a mis-timed pull from the batter, eking out a single through the infield.",218920f5-0986-4377-b824-7795a9cad457,237309,"Sunrisers Hyderabad v Kolkata Knight Riders at Hyderabad, Tata Indian Premier League, 3 May 2026",8903,Tata Indian Premier League,2026,"Rajiv Gandhi International Stadium, Hyderabad",List A Twenty20,2026-05-03,76204.0,A Raghuvanshi,right,90837.0,S Kumar,left,1153.0,Sunrisers Hyderabad,left unorthodox,6.0,spin,2026-05-03 12:25:30,,,,,,,,106634017.0,318.0,75.0,129.0,3.0,1.0,1.0,False,False,True,False,,,,short,,,pull,,,,,,,,keyword,1,,False,False,False,False,False,False,False,False,False,
2,1873,Kolkata Knight Riders,KKR,3,7,S Kumar,8,0,0,79/1,8.00,6.02,6.2,4,4,"Kumar to Rahane, 4 runs",,"The bowler delivers a stock ball just outside off, landing back of a length. The batter executes a late cut with a top edge that races away to third man for four.",218920f5-0986-4377-b824-7795a9cad457,237309,"Sunrisers Hyderabad v Kolkata Knight Riders at Hyderabad, Tata Indian Premier League, 3 May 2026",8903,Tata Indian Premier League,2026,"Rajiv Gandhi International Stadium, Hyderabad",List A Twenty20,2026-05-03,12685.0,AM Rahane,right,90837.0,S Kumar,left,1153.0,Sunrisers Hyderabad,left unorthodox,6.0,spin,2026-05-03 12:26:12,,,,,,,,106634021.0,103.0,100.0,160.0,8.0,4.0,4.0,False,False,True,False,,,,back of a length,outside off,,late cut,,,third man,,,,,keyword,4,,False,False,False,False,False,False,True,False,False,
2,1873,Kolkata Knight Riders,KKR,3,7,S Kumar,8,0,0,79/1,8.00,6.03,6.3,1,1,"Kumar to Rahane, 1 run",,"Shivang Kumar bowls a length stock ball on off stump, and Rahane calmly pushes it through the infield for a quick single.",218920f5-0986-4377-b824-7795a9cad457,237309,"Sunrisers Hyderabad v Kolkata Knight Riders at Hyderabad, Tata Indian Premier League, 3 May 2026",8903,Tata Indian Premier League,2026,"Rajiv Gandhi International Stadium, Hyderabad",List A Twenty20,2026-05-03,12685.0,AM Rahane,right,90837.0,S Kumar,left,1153.0,Sunrisers Hyderabad,left unorthodox,6.0,spin,2026-05-03 12:26:50,,,,,,,,106634025.0,252.0,70.0,130.0,5.0,1.0,1.0,False,False,True,False,,,,,off stump,,push,,,,,,,,keyword,1,,False,False,False,False,False,False,False,False,False,
2,1873,Kolkata Knight Riders,KKR,3,7,S Kumar,8,0,0,79/1,8.00,6.04,6.4,1,1,"Kumar to Raghuvanshi, 1 run",,The stock ball lands back of a length on leg stump and the batter expertly flicks it off his pads for a neat single.,218920f5-0986-4377-b824-7795a9cad457,237309,"Sunrisers Hyderabad v Kolkata Knight Riders at Hyderabad, Tata Indian Premier League, 3 May 2026",8903,Tata Indian Premier League,2026,"Rajiv Gandhi International Stadium, Hyderabad",List A Twenty20,2026-05-03,76204.0,A Raghuvanshi,right,90837.0,S Kumar,left,1153.0,Sunrisers Hyderabad,left unorthodox,6.0,spin,2026-05-03 12:27:15,,,,,,,,106634029.0,304.0,75.0,134.0,4.0,1.0,1.0,False,False,True,False,,,,back of a length,leg stump,,flick,,,,,,,,keyword,1,,False,False,False,False,False,False,False,False,False,
2,1873,Kolkata Knight Riders,KKR,3,7,S Kumar,8,0,0,79/1,8.00,6.05,6.5,0,0,"Kumar to Rahane, no run",,"A length googly on leg stump sees the batter push it quietly into the off side, resulting in no run.",218920f5-0986-4377-b824-7795a9cad457,237309,"Sunrisers Hyderabad v Kolkata Knight Riders at Hyderabad, Tata Indian Premier League, 3 May 2026",8903,Tata Indian Premier League,2026,"Rajiv Gandhi International Stadium, Hyderabad",List A Twenty20,2026-05-03,,,,,,,,,,,,,,,,,,,,,,,,,,,False,False,False,False,,,,,leg stump,,push,,,,,,,,keyword,0,,False,False,False,False,False,False,False,False,True,
2,1873,Kolkata Knight Riders,KKR,3,7,S Kumar,8,0,0,79/1,8.00,6.06,6.6,1,1,"Kumar to Rahane, 1 run",,"Rahane faces a back of a length googly on leg stump and calmly pushes it through the infield for a quick single. Kolkata Knight Riders need 87 runs from 78 balls, with 9 wickets in hand and the run rate hovering at 6.7. Their win probability stands strong at 88 percent.",218920f5-0986-4377-b824-7795a9cad457,237309,"Sunrisers Hyderabad v Kolkata Knight Riders at Hyderabad, Tata Indian Premier League, 3 May 2026",8903,Tata Indian Premier League,2026,"Rajiv Gandhi International Stadium, Hyderabad",List A Twenty20,2026-05-03,12685.0,AM Rahane,right,90837.0,S Kumar,left,1153.0,Sunrisers Hyderabad,left unorthodox,6.0,spin,2026-05-03 12:28:25,,,,,,,,106634039.0,234.0,75.0,129.0,5.0,1.0,1.0,False,False,True,False,,,,back of a length,leg stump,,push,,,,,,,,keyword,1,,False,False,False,False,False,False,False,False,False,
2,1873,Kolkata Knight Riders,KKR,3,8,HV Patel,10,1,0,89/1,9.00,7.01,7.1,1,1,"Patel to Rahane, 1 run",Harshal Patel takes the ball for their 1st spell,"Harshal Patel bowls a short off cutter wide outside off, but Rahane pulls it firmly along the ground to deep square leg, picking up a single.",218920f5-0986-4377-b824-7795a9cad457,237309,"Sunrisers Hyderabad v Kolkata Knight Riders at Hyderabad, Tata Indian Premier League, 3 May 2026",8903,Tata Indian Premier League,2026,"Rajiv Gandhi International Stadium, Hyderabad",List A Twenty20,2026-05-03,12685.0,AM Rahane,right,18000.0,HV Patel,right,1153.0,Sunrisers Hyderabad,right pace,1.0,pace,2026-05-03 12:32:52,,,,,,,,106634060.0,349.0,80.0,140.0,3.0,1.0,1.0,False,False,True,False,,,,short,wide outside off,,pull,along the ground,,deep square leg,,,,,keyword,1,,False,False,False,False,False,False,False,False,False,
2,1873,Kolkata Knight Riders,KKR,3,8,HV Patel,10,1,0,89/1,9.00,7.02,7.2,1,1,"Patel to Raghuvanshi, 1 run",,"Harshal Patel bowls a length delivery just outside off stump, and Raghuvanshi plays a neat late cut along the ground for one.",218920f5-0986-4377-b824-7795a9cad457,237309,"Sunrisers Hyderabad v Kolkata Knight Riders at Hyderabad, Tata Indian Premier League, 3 May 2026",8903,Tata Indian Premier League,2026,"Rajiv Gandhi International Stadium, Hyderabad",List A Twenty20,2026-05-03,76204.0,A Raghuvanshi,right,18000.0,HV Patel,right,1153.0,Sunrisers Hyderabad,right pace,1.0,pace,2026-05-03 12:33:37,,,,,,,,106634064.0,119.0,85.0,137.0,8.0,1.0,1.0,False,False,True,False,,,,,outside off,,late cut,along the ground,,,,,,,keyword,1,,False,False,False,False,False,False,False,False,False,
2,1873,Kolkata Knight Riders,KKR,3,8,HV Patel,10,1,0,89/1,9.00,7.03,7.3,1,1,"Patel to Rahane, 1 run",,Ajinkya Rahane works the length ball just outside off stump nicely into the off side for a quick single.,218920f5-0986-4377-b824-7795a9cad457,237309,"Sunrisers Hyderabad v Kolkata Knight Riders at Hyderabad, Tata Indian Premier League, 3 May 2026",8903,Tata Indian Premier League,2026,"Rajiv Gandhi International Stadium, Hyderabad",List A Twenty20,2026-05-03,12685.0,AM Rahane,right,18000.0,HV Patel,right,1153.0,Sunrisers Hyderabad,right pace,1.0,pace,2026-05-03 12:34:11,,,,,,,,106634068.0,290.0,75.0,132.0,4.0,1.0,1.0,False,False,True,False,,,,length ball,outside off,,work,,,,,,,,keyword,1,,False,False,False,False,False,False,False,False,False,
2,1873,Kolkata Knight Riders,KKR,3,8,HV Patel,10,1,0,89/1,9.00,7.04,7.4,4,4,"Patel to Raghuvanshi, 4 runs",,"Harshal Patel bowls a length reverse inswinger just outside off stump. Angkrish Raghuvanshi cuts it crisply, well timed and low, racing it through backward point for four runs.",218920f5-0986-4377-b824-7795a9cad457,237309,"Sunrisers Hyderabad v Kolkata Knight Riders at Hyderabad, Tata Indian Premier League, 3 May 2026",8903,Tata Indian Premier League,2026,"Rajiv Gandhi International Stadium, Hyderabad",List A Twenty20,2026-05-03,76204.0,A Raghuvanshi,right,18000.0,HV Patel,right,1153.0,Sunrisers Hyderabad,right pace,1.0,pace,2026-05-03 12:34:46,,,,,,,,106634071.0,163.0,100.0,167.0,7.0,4.0,4.0,False,False,True,False,,,,,outside off,,cut,,well timed,backward point,,,,,keyword,4,,False,False,False,False,False,False,True,False,False,
2,1873,Kolkata Knight Riders,KKR,3,8,HV Patel,10,1,0,89/1,9.00,7.05,7.4,1,1ʷᵈ,"Patel to Raghuvanshi, 1 run (wide)",,"Harshal Patel bowls a short off cutter wide outside off, and Angkrish Raghuvanshi attempts a hook but misses completely on the leg side. A wide is signaled, adding one to the total.",218920f5-0986-4377-b824-7795a9cad457,237309,"Sunrisers Hyderabad v Kolkata Knight Riders at Hyderabad, Tata Indian Premier League, 3 May 2026",8903,Tata Indian Premier League,2026,"Rajiv Gandhi International Stadium, Hyderabad",List A Twenty20,2026-05-03,,,,,,,,,,,,,,,,,,,,,,,,,,,False,False,False,False,,,,short,wide outside off,,cut,,,,,,,,keyword,1,wide,False,True,False,False,False,False,False,False,False,
2,1873,Kolkata Knight Riders,KKR,3,8,HV Patel,10,1,0,89/1,9.00,7.06,7.5,1,1,"Patel to Raghuvanshi, 1 run",,"Harshal Patel bowls an off cutter on a good length just on off stump, Angkrish Raghuvanshi works it carefully through the off side for a quick single.",218920f5-0986-4377-b824-7795a9cad457,237309,"Sunrisers Hyderabad v Kolkata Knight Riders at Hyderabad, Tata Indian Premier League, 3 May 2026",8903,Tata Indian Premier League,2026,"Rajiv Gandhi International Stadium, Hyderabad",List A Twenty20,2026-05-03,76204.0,A Raghuvanshi,right,18000.0,HV Patel,right,1153.0,Sunrisers Hyderabad,right pace,1.0,pace,2026-05-03 12:36:00,,,,,,,,106634079.0,40.0,75.0,126.0,2.0,1.0,1.0,False,False,True,False,,,,full,off stump,,work,,,,,,,,keyword,1,,False,False,False,False,False,False,False,False,False,
2,1873,Kolkata Knight Riders,KKR,3,8,HV Patel,10,1,0,89/1,9.00,7.07,7.6,1,1,"Patel to Rahane, 1 run",,"Ajinkya Rahane faces a full toss on leg stump, pushing it gently forward to pick up a comfortable single. Rahane moves to thirty off 21 balls in a promising chase where Kolkata Knight Riders need 77 from 72 with nine wickets in hand and a strong win probability.",218920f5-0986-4377-b824-7795a9cad457,237309,"Sunrisers Hyderabad v Kolkata Knight Riders at Hyderabad, Tata Indian Premier League, 3 May 2026",8903,Tata Indian Premier League,2026,"Rajiv Gandhi International Stadium, Hyderabad",List A Twenty20,2026-05-03,12685.0,AM Rahane,right,18000.0,HV Patel,right,1153.0,Sunrisers Hyderabad,right pace,1.0,pace,2026-05-03 12:36:40,,,,,,,,106634083.0,283.0,70.0,127.0,4.0,1.0,1.0,False,False,True,False,,,,full toss,leg stump,,push,,,,,,,,keyword,1,,False,False,False,False,False,False,False,False,False,
2,1873,Kolkata Knight Riders,KKR,3,9,S Kumar,10,0,0,99/1,10.00,8.01,8.1,1,1,"Kumar to Rahane, 1 run",Shivang Kumar continues their spell,Rahane goes for a controlled slog on this full toss angling on leg stump and manages to scrape a single.,218920f5-0986-4377-b824-7795a9cad457,237309,"Sunrisers Hyderabad v Kolkata Knight Riders at Hyderabad, Tata Indian Premier League, 3 May 2026",8903,Tata Indian Premier League,2026,"Rajiv Gandhi International Stadium, Hyderabad",List A Twenty20,2026-05-03,12685.0,AM Rahane,right,90837.0,S Kumar,left,1153.0,Sunrisers Hyderabad,left unorthodox,6.0,spin,2026-05-03 12:37:53,,,,,,,,106634087.0,290.0,75.0,137.0,4.0,1.0,1.0,False,False,True,False,,,,full toss,leg stump,,slog,,controlled,,,,,,keyword,1,,False,False,False,False,False,False,False,False,False,
2,1873,Kolkata Knight Riders,KKR,3,9,S Kumar,10,0,0,99/1,10.00,8.02,8.2,1,1,"Kumar to Raghuvanshi, 1 run",,"A googly pitching on leg stump, length ball. The batter plays a late cut, keeping it down and nudging it just past the deep point fielder for a single.",218920f5-0986-4377-b824-7795a9cad457,237309,"Sunrisers Hyderabad v Kolkata Knight Riders at Hyderabad, Tata Indian Premier League, 3 May 2026",8903,Tata Indian Premier League,2026,"Rajiv Gandhi International Stadium, Hyderabad",List A Twenty20,2026-05-03,76204.0,A Raghuvanshi,right,90837.0,S Kumar,left,1153.0,Sunrisers Hyderabad,left unorthodox,6.0,spin,2026-05-03 12:38:18,,,,,,,,106634090.0,178.0,80.0,136.0,7.0,1.0,1.0,False,False,True,False,,,,length ball,leg stump,,late cut,,,deep point,,,,,keyword,1,,False,False,False,False,False,False,False,False,False,
2,1873,Kolkata Knight Riders,KKR,3,9,S Kumar,10,0,0,99/1,10.00,8.03,8.3,1,1,"Kumar to Rahane, 1 run",,"A full googly strays on off stump, and the batter drives it with neat control through the off side for a single.",218920f5-0986-4377-b824-7795a9cad457,237309,"Sunrisers Hyderabad v Kolkata Knight Riders at Hyderabad, Tata Indian Premier League, 3 May 2026",8903,Tata Indian Premier League,2026,"Rajiv Gandhi International Stadium, Hyderabad",List A Twenty20,2026-05-03,12685.0,AM Rahane,right,90837.0,S Kumar,left,1153.0,Sunrisers Hyderabad,left unorthodox,6.0,spin,2026-05-03 12:38:44,,,,,,,,106634093.0,182.0,75.0,128.0,6.0,1.0,1.0,False,False,True,False,,,,full,off stump,,drive,,,,,,,,keyword,1,,False,False,False,False,False,False,False,False,False,
2,1873,Kolkata Knight Riders,KKR,3,9,S Kumar,10,0,0,99/1,10.00,8.04,8.4,4,4,"Kumar to Raghuvanshi, 4 runs",,"Shivang Kumar bowls a googly pitching back of a length on leg stump. Angkrish Raghuvanshi sweeps it with perfect timing, sending the ball racing to deep backward square leg for four.",218920f5-0986-4377-b824-7795a9cad457,237309,"Sunrisers Hyderabad v Kolkata Knight Riders at Hyderabad, Tata Indian Premier League, 3 May 2026",8903,Tata Indian Premier League,2026,"Rajiv Gandhi International Stadium, Hyderabad",List A Twenty20,2026-05-03,76204.0,A Raghuvanshi,right,90837.0,S Kumar,left,1153.0,Sunrisers Hyderabad,left unorthodox,6.0,spin,2026-05-03 12:39:13,,,,,,,,106634096.0,16.0,100.0,167.0,2.0,4.0,4.0,False,False,True,False,,,,back of a length,leg stump,,sweep,,,deep backward square leg,,,,,keyword,4,,False,False,False,False,False,False,True,False,False,
2,1873,Kolkata Knight Riders,KKR,3,9,S Kumar,10,0,0,99/1,10.00,8.05,8.5,2,2,"Kumar to Raghuvanshi, 2 runs",,"Angkrish Raghuvanshi carves a sharp cut off a back of a length stock ball on off stump, guiding it crisply for two runs to deep backward point. He moves on to thirty runs off just 17 deliveries with a brisk strike rate of 176.",218920f5-0986-4377-b824-7795a9cad457,237309,"Sunrisers Hyderabad v Kolkata Knight Riders at Hyderabad, Tata Indian Premier League, 3 May 2026",8903,Tata Indian Premier League,2026,"Rajiv Gandhi International Stadium, Hyderabad",List A Twenty20,2026-05-03,76204.0,A Raghuvanshi,right,90837.0,S Kumar,left,1153.0,Sunrisers Hyderabad,left unorthodox,6.0,spin,2026-05-03 12:39:49,,,,,,,,106634098.0,164.0,80.0,140.0,7.0,2.0,2.0,False,False,True,False,,,,back of a length,off stump,,cut,,,deep backward point,,,,,keyword,2,,False,False,False,False,False,False,False,False,False,
2,1873,Kolkata Knight Riders,KKR,3,9,S Kumar,10,0,0,99/1,10.00,8.06,8.6,1,1,"Kumar to Raghuvanshi, 1 run",,"A googly on a back of a length, right on leg stump. Angkrish Raghuvanshi attempts a drive but mistimes it, managing to gather a single as the fielder Heinrich Klaasen fields quickly at long off. This partnership moves to 50 runs off just 30 balls. Kolkata Knight Riders now require 67 from 66 with nine wickets in hand, sitting comfortably with a 92 percent win probability.",218920f5-0986-4377-b824-7795a9cad457,237309,"Sunrisers Hyderabad v Kolkata Knight Riders at Hyderabad, Tata Indian Premier League, 3 May 2026",8903,Tata Indian Premier League,2026,"Rajiv Gandhi International Stadium, Hyderabad",List A Twenty20,2026-05-03,76204.0,A Raghuvanshi,right,90837.0,S Kumar,left,1153.0,Sunrisers Hyderabad,left unorthodox,6.0,spin,2026-05-03 12:40:23,,,,,,,,106634101.0,250.0,75.0,137.0,5.0,1.0,1.0,False,False,True,False,,,,back of a length,leg stump,,drive,,,long off,,,,,keyword,1,,False,False,False,False,False,False,False,False,False,
2,1873,Kolkata Knight Riders,KKR,3,10,Sakib Hussain,6,1,0,105/1,5.00,9.01,9.1,0,0,"Hussain to Raghuvanshi, no run",Sakib Hussain takes the ball for their 1st spell,"A length ball on middle stump, the batter attempts a controlled glance but misses, the ball clipping the pad and safely fielded by the keeper for no run.",218920f5-0986-4377-b824-7795a9cad457,237309,"Sunrisers Hyderabad v Kolkata Knight Riders at Hyderabad, Tata Indian Premier League, 3 May 2026",8903,Tata Indian Premier League,2026,"Rajiv Gandhi International Stadium, Hyderabad",List A Twenty20,2026-05-03,,,,,,,,,,,,,,,,,,,,,,,,,,,False,False,False,False,,,,length ball,middle stump,,glance,,controlled,,the keeper for no run,,,,keyword,0,,False,False,False,False,False,False,False,False,True,
2,1873,Kolkata Knight Riders,KKR,3,10,Sakib Hussain,6,1,0,105/1,5.00,9.02,9.2,1,1,"Hussain to Raghuvanshi, 1 run",,"The batter pushes the length ball outside off with controlled precision, nudging it away for a well-taken single. Kolkata Knight Riders move to 100 for 1.",218920f5-0986-4377-b824-7795a9cad457,237309,"Sunrisers Hyderabad v Kolkata Knight Riders at Hyderabad, Tata Indian Premier League, 3 May 2026",8903,Tata Indian Premier League,2026,"Rajiv Gandhi International Stadium, Hyderabad",List A Twenty20,2026-05-03,76204.0,A Raghuvanshi,right,78832.0,Sakib Hussain,right,1153.0,Sunrisers Hyderabad,right pace,2.0,pace,2026-05-03 12:42:17,,,,,,,,106634110.0,180.0,30.0,49.0,7.0,1.0,1.0,False,False,True,False,,,,length ball,outside off,,push,,controlled,,,,,,keyword,1,,False,False,False,False,False,False,False,False,False,
2,1873,Kolkata Knight Riders,KKR,3,10,Sakib Hussain,6,1,0,105/1,5.00,9.03,9.2,1,1ʷᵈ,"Hussain to Rahane, 1 run (wide)",,"Sakib Hussain bowls a yorker on leg stump, Rahane attempts a flick but plays and misses. The ball is called wide, with an extra run added.",218920f5-0986-4377-b824-7795a9cad457,237309,"Sunrisers Hyderabad v Kolkata Knight Riders at Hyderabad, Tata Indian Premier League, 3 May 2026",8903,Tata Indian Premier League,2026,"Rajiv Gandhi International Stadium, Hyderabad",List A Twenty20,2026-05-03,,,,,,,,,,,,,,,,,,,,,,,,,,,False,False,False,False,,,,yorker,leg stump,,flick,,,,,,,,keyword,1,wide,False,True,False,False,False,False,False,False,False,
2,1873,Kolkata Knight Riders,KKR,3,10,Sakib Hussain,6,1,0,105/1,5.00,9.04,9.3,1,1,"Hussain to Rahane, 1 run",,"Rahane plays a controlled flick off a full delivery on off stump, guiding it neatly for a quick single.",218920f5-0986-4377-b824-7795a9cad457,237309,"Sunrisers Hyderabad v Kolkata Knight Riders at Hyderabad, Tata Indian Premier League, 3 May 2026",8903,Tata Indian Premier League,2026,"Rajiv Gandhi International Stadium, Hyderabad",List A Twenty20,2026-05-03,12685.0,AM Rahane,right,78832.0,Sakib Hussain,right,1153.0,Sunrisers Hyderabad,right pace,2.0,pace,2026-05-03 12:43:21,,,,,,,,106634115.0,324.0,70.0,125.0,3.0,1.0,1.0,False,False,True,False,,,,full,off stump,,flick,,controlled,,,,,,keyword,1,,False,False,False,False,False,False,False,False,False,
2,1873,Kolkata Knight Riders,KKR,3,10,Sakib Hussain,6,1,0,105/1,5.00,9.05,9.4,1,1,"Hussain to Raghuvanshi, 1 run",,"A full-length delivery on the outside off stump, neatly driven with excellent timing to pick up a comfortable single.",218920f5-0986-4377-b824-7795a9cad457,237309,"Sunrisers Hyderabad v Kolkata Knight Riders at Hyderabad, Tata Indian Premier League, 3 May 2026",8903,Tata Indian Premier League,2026,"Rajiv Gandhi International Stadium, Hyderabad",List A Twenty20,2026-05-03,76204.0,A Raghuvanshi,right,78832.0,Sakib Hussain,right,1153.0,Sunrisers Hyderabad,right pace,2.0,pace,2026-05-03 12:43:53,,,,,,,,106634118.0,245.0,70.0,126.0,5.0,1.0,1.0,False,False,True,False,,,,full,outside off,,drive,,,,,,,,keyword,1,,False,False,False,False,False,False,False,False,False,
2,1873,Kolkata Knight Riders,KKR,3,10,Sakib Hussain,6,1,0,105/1,5.00,9.06,9.5,1,1,"Hussain to Rahane, 1 run",,"An off cutter pitched short outside off, and Rahane attempts a pull but mistimes it, sending the ball awkwardly to the deep mid-wicket where it’s quickly fielded. They manage to sneak through a single.",218920f5-0986-4377-b824-7795a9cad457,237309,"Sunrisers Hyderabad v Kolkata Knight Riders at Hyderabad, Tata Indian Premier League, 3 May 2026",8903,Tata Indian Premier League,2026,"Rajiv Gandhi International Stadium, Hyderabad",List A Twenty20,2026-05-03,12685.0,AM Rahane,right,78832.0,Sakib Hussain,right,1153.0,Sunrisers Hyderabad,right pace,2.0,pace,2026-05-03 12:44:25,,,,,,,,106634122.0,340.0,80.0,139.0,3.0,1.0,1.0,False,False,True,False,,,,short,outside off,,pull,,,,,,,,keyword,1,,False,False,False,False,False,False,False,False,False,
2,1873,Kolkata Knight Riders,KKR,3,10,Sakib Hussain,6,1,0,105/1,5.00,9.07,9.6,1,1,"Hussain to Raghuvanshi, 1 run",,"Angkrish Raghuvanshi confidently drives the ball along the ground, working it wide outside off for a single. Kolkata Knight Riders need 61 runs from 60 balls with 9 wickets in hand, holding a strong 92% chance to win according to WinViz.",218920f5-0986-4377-b824-7795a9cad457,237309,"Sunrisers Hyderabad v Kolkata Knight Riders at Hyderabad, Tata Indian Premier League, 3 May 2026",8903,Tata Indian Premier League,2026,"Rajiv Gandhi International Stadium, Hyderabad",List A Twenty20,2026-05-03,76204.0,A Raghuvanshi,right,78832.0,Sakib Hussain,right,1153.0,Sunrisers Hyderabad,right pace,2.0,pace,2026-05-03 12:45:00,,,,,,,,106634123.0,194.0,80.0,137.0,6.0,1.0,1.0,False,False,True,False,,,,,wide outside off,,drive,along the ground,,,,,,,keyword,1,,False,False,False,False,False,False,False,False,False,
2,1873,Kolkata Knight Riders,KKR,3,11,PJ Cummins,5,0,0,110/1,5.00,10.01,10.1,1,1,Pat Cummins to Angkrish Raghuvanshi,,"Over the wicket. Length ball, outside off, front foot, dropped along the ground to Abhishek Sharma at point. 1 run.",218920f5-0986-4377-b824-7795a9cad457,237309,"Sunrisers Hyderabad v Kolkata Knight Riders at Hyderabad, Tata Indian Premier League, 3 May 2026",8903,Tata Indian Premier League,2026,"Rajiv Gandhi International Stadium, Hyderabad",List A Twenty20,2026-05-03,76204.0,A Raghuvanshi,right,14153.0,PJ Cummins,right,1153.0,Sunrisers Hyderabad,right pace,1.0,pace,2026-05-03 12:46:04,,,,,,,,106634129.0,180.0,35.0,61.0,7.0,1.0,1.0,False,False,True,False,over the wicket,,,length ball,outside off,front foot,drop,along the ground,,point,Abhishek Sharma,,,,template_arm,1,,False,False,False,False,False,False,False,False,False,
2,1873,Kolkata Knight Riders,KKR,3,11,PJ Cummins,5,0,0,110/1,5.00,10.02,10.2,1,1,"Cummins to Rahane, 1 run",,"A short ball outside off, mis-timed on the pull by the batsman, but he manages to sneak a quick single thanks to a misfield at fine leg.",218920f5-0986-4377-b824-7795a9cad457,237309,"Sunrisers Hyderabad v Kolkata Knight Riders at Hyderabad, Tata Indian Premier League, 3 May 2026",8903,Tata Indian Premier League,2026,"Rajiv Gandhi International Stadium, Hyderabad",List A Twenty20,2026-05-03,12685.0,AM Rahane,right,14153.0,PJ Cummins,right,1153.0,Sunrisers Hyderabad,right pace,1.0,pace,2026-05-03 12:46:48,,,,,,,,106634132.0,30.0,85.0,140.0,2.0,1.0,1.0,False,False,True,False,,,,short,outside off,,pull,,,fine leg,,,,,keyword,1,,False,False,False,False,False,False,False,False,False,
2,1873,Kolkata Knight Riders,KKR,3,11,PJ Cummins,5,0,0,110/1,5.00,10.03,10.3,1,1,"Cummins to Raghuvanshi, 1 run",,"A short, down the leg no movement delivery; Angkrish Raghuvanshi attempts a pull but gets a mis-timed connection, sneaking a single off the inside edge.",218920f5-0986-4377-b824-7795a9cad457,237309,"Sunrisers Hyderabad v Kolkata Knight Riders at Hyderabad, Tata Indian Premier League, 3 May 2026",8903,Tata Indian Premier League,2026,"Rajiv Gandhi International Stadium, Hyderabad",List A Twenty20,2026-05-03,76204.0,A Raghuvanshi,right,14153.0,PJ Cummins,right,1153.0,Sunrisers Hyderabad,right pace,1.0,pace,2026-05-03 12:48:01,,,,,,,,106634138.0,326.0,40.0,74.0,3.0,1.0,1.0,False,False,True,False,,,,short,,no movement,pull,,,,,,,,keyword,1,,False,False,False,False,False,False,False,False,False,
2,1873,Kolkata Knight Riders,KKR,3,11,PJ Cummins,5,0,0,110/1,5.00,10.04,10.4,1,1,"Cummins to Rahane, 1 run",,"Pat Cummins delivers a short ball on the leg side, and Rahane pulls it low and controlled to deep backward square leg for a quick single.",218920f5-0986-4377-b824-7795a9cad457,237309,"Sunrisers Hyderabad v Kolkata Knight Riders at Hyderabad, Tata Indian Premier League, 3 May 2026",8903,Tata Indian Premier League,2026,"Rajiv Gandhi International Stadium, Hyderabad",List A Twenty20,2026-05-03,12685.0,AM Rahane,right,14153.0,PJ Cummins,right,1153.0,Sunrisers Hyderabad,right pace,1.0,pace,2026-05-03 12:48:53,,,,,,,,106634141.0,14.0,85.0,147.0,2.0,1.0,1.0,False,False,True,False,,,,short,,,pull,,controlled,deep backward square leg,,,,,keyword,1,,False,False,False,False,False,False,False,False,False,
2,1873,Kolkata Knight Riders,KKR,3,11,PJ Cummins,5,0,0,110/1,5.00,10.05,10.5,0,0,"Cummins to Raghuvanshi, no run",,"Length ball sliding down the leg side, worked quietly by the batter, keeping it firmly along the ground for no run.",218920f5-0986-4377-b824-7795a9cad457,237309,"Sunrisers Hyderabad v Kolkata Knight Riders at Hyderabad, Tata Indian Premier League, 3 May 2026",8903,Tata Indian Premier League,2026,"Rajiv Gandhi International Stadium, Hyderabad",List A Twenty20,2026-05-03,,,,,,,,,,,,,,,,,,,,,,,,,,,False,False,False,False,,,,length ball,down the leg side,,work,along the ground,,,,,,,keyword,0,,False,False,False,False,False,False,False,False,True,
2,1873,Kolkata Knight Riders,KKR,3,11,PJ Cummins,5,0,0,110/1,5.00,10.06,10.6,1,1,"Cummins to Raghuvanshi, 1 run",,"A short, no movement delivery on leg stump, and Raghuvanshi pulls it with assurance for a quick single down the leg side. Kolkata Knight Riders keep the chase steady, needing 56 from 54 with a strong chance to win.",218920f5-0986-4377-b824-7795a9cad457,237309,"Sunrisers Hyderabad v Kolkata Knight Riders at Hyderabad, Tata Indian Premier League, 3 May 2026",8903,Tata Indian Premier League,2026,"Rajiv Gandhi International Stadium, Hyderabad",List A Twenty20,2026-05-03,76204.0,A Raghuvanshi,right,14153.0,PJ Cummins,right,1153.0,Sunrisers Hyderabad,right pace,1.0,pace,2026-05-03 12:50:09,,,,,,,,106634150.0,358.0,80.0,140.0,3.0,1.0,1.0,False,False,True,False,,,,short,leg stump,no movement,pull,,,,,,,,keyword,1,,False,False,False,False,False,False,False,False,False,
2,1873,Kolkata Knight Riders,KKR,3,12,KKEM Dharmasena,9,0,0,119/1,9.00,11.01,11.1,0,0,"Malinga to Raghuvanshi, no run",Eshan Malinga takes the ball for their 3rd spell,"The off cutter drifts wide outside off, Angkrish Raghuvanshi attempts a drive but mistimes it, and the ball is safely fielded at cover for no run.",218920f5-0986-4377-b824-7795a9cad457,237309,"Sunrisers Hyderabad v Kolkata Knight Riders at Hyderabad, Tata Indian Premier League, 3 May 2026",8903,Tata Indian Premier League,2026,"Rajiv Gandhi International Stadium, Hyderabad",List A Twenty20,2026-05-03,,,,,,,,,,,,,,,,,,,,,,,,,,,False,False,False,False,,,,,wide outside off,,drive,,,cover,,,,,keyword,0,,False,False,False,False,False,False,False,False,True,
2,1873,Kolkata Knight Riders,KKR,3,12,KKEM Dharmasena,9,0,0,119/1,9.00,11.02,11.2,0,0,"Malinga to Raghuvanshi, no run",,"Short delivery outside off stump, no movement on offer. The batter attempts a pull shot but mistimes it, the ball stays low and is comfortably fielded.",218920f5-0986-4377-b824-7795a9cad457,237309,"Sunrisers Hyderabad v Kolkata Knight Riders at Hyderabad, Tata Indian Premier League, 3 May 2026",8903,Tata Indian Premier League,2026,"Rajiv Gandhi International Stadium, Hyderabad",List A Twenty20,2026-05-03,,,,,,,,,,,,,,,,,,,,,,,,,,,False,False,False,False,,,,short,outside off,no movement,pull,,,,,,,,keyword,0,,False,False,False,False,False,False,False,False,True,
2,1873,Kolkata Knight Riders,KKR,3,12,KKEM Dharmasena,9,0,0,119/1,9.00,11.03,11.3,0,0,"Malinga to Raghuvanshi, no run",,"Eshan Malinga sends down a full, middle-stump reverse inswinger which the batter flicks neatly along the leg side but can't find the runs.",218920f5-0986-4377-b824-7795a9cad457,237309,"Sunrisers Hyderabad v Kolkata Knight Riders at Hyderabad, Tata Indian Premier League, 3 May 2026",8903,Tata Indian Premier League,2026,"Rajiv Gandhi International Stadium, Hyderabad",List A Twenty20,2026-05-03,,,,,,,,,,,,,,,,,,,,,,,,,,,False,False,False,False,,,,full,,,flick,,,,,,,,keyword,0,,False,False,False,False,False,False,False,False,True,
2,1873,Kolkata Knight Riders,KKR,3,12,KKEM Dharmasena,9,0,0,119/1,9.00,11.04,11.4,4,4,"Malinga to Raghuvanshi, 4 runs",,"This off cutter is pitched just outside off at a half-tracker length. The batter executes a well-timed, controlled upper cut, sending the ball racing finely past fine leg for four.",218920f5-0986-4377-b824-7795a9cad457,237309,"Sunrisers Hyderabad v Kolkata Knight Riders at Hyderabad, Tata Indian Premier League, 3 May 2026",8903,Tata Indian Premier League,2026,"Rajiv Gandhi International Stadium, Hyderabad",List A Twenty20,2026-05-03,76204.0,A Raghuvanshi,right,77440.0,KKEM Dharmasena,right,1153.0,Sunrisers Hyderabad,right pace,1.0,pace,2026-05-03 12:53:05,,,,,,,,106634180.0,86.0,100.0,160.0,1.0,4.0,4.0,False,False,True,False,,,,,outside off,,cut,,controlled,fine leg,,,,,keyword,4,,False,False,False,False,False,False,True,False,False,
2,1873,Kolkata Knight Riders,KKR,3,12,KKEM Dharmasena,9,0,0,119/1,9.00,11.05,11.5,4,4,"Malinga to Raghuvanshi, 4 runs",,"The reverse inswinger lands right on the leg stump length, expertly worked by Angkrish Raghuvanshi. He times it perfectly, steering the ball finely along the ground past fine leg for four. That’s another boundary for Raghuvanshi, his second in this over.",218920f5-0986-4377-b824-7795a9cad457,237309,"Sunrisers Hyderabad v Kolkata Knight Riders at Hyderabad, Tata Indian Premier League, 3 May 2026",8903,Tata Indian Premier League,2026,"Rajiv Gandhi International Stadium, Hyderabad",List A Twenty20,2026-05-03,76204.0,A Raghuvanshi,right,77440.0,KKEM Dharmasena,right,1153.0,Sunrisers Hyderabad,right pace,1.0,pace,2026-05-03 12:53:46,,,,,,,,106634189.0,69.0,100.0,161.0,1.0,4.0,4.0,False,False,True,False,,,,,leg stump,,work,along the ground,,fine leg,,,,,keyword,4,,False,False,False,False,False,False,True,False,False,
2,1873,Kolkata Knight Riders,KKR,3,12,KKEM Dharmasena,9,0,0,119/1,9.00,11.06,11.6,1,1,Eshan Malinga to Angkrish Raghuvanshi,,"Over the wicket. Short, outside off, back foot, pull along the ground to Shivang Kumar at deep backward square leg. 1 run.",218920f5-0986-4377-b824-7795a9cad457,237309,"Sunrisers Hyderabad v Kolkata Knight Riders at Hyderabad, Tata Indian Premier League, 3 May 2026",8903,Tata Indian Premier League,2026,"Rajiv Gandhi International Stadium, Hyderabad",List A Twenty20,2026-05-03,76204.0,A Raghuvanshi,right,77440.0,KKEM Dharmasena,right,1153.0,Sunrisers Hyderabad,right pace,1.0,pace,2026-05-03 12:54:26,,,,,,,,106634195.0,22.0,80.0,136.0,2.0,1.0,1.0,False,False,True,False,over the wicket,,,short,outside off,back foot,pull,along the ground,,deep backward square leg,Shivang Kumar,,,,template_arm,1,,False,False,False,False,False,False,False,False,False,
2,1873,Kolkata Knight Riders,KKR,3,13,S Kumar,3,0,0,122/1,3.00,12.01,12.1,0,0,"Kumar to Raghuvanshi, no run",Shivang Kumar takes the ball for their 2nd spell,"A length googly on off stump, the batter attempts a stylish drive but gets an outside edge. The ball is safely fielded at short third man, resulting in no run.",218920f5-0986-4377-b824-7795a9cad457,237309,"Sunrisers Hyderabad v Kolkata Knight Riders at Hyderabad, Tata Indian Premier League, 3 May 2026",8903,Tata Indian Premier League,2026,"Rajiv Gandhi International Stadium, Hyderabad",List A Twenty20,2026-05-03,,,,,,,,,,,,,,,,,,,,,,,,,,,False,False,False,False,,,,short,off stump,,drive,,,short third man,,,,,keyword,0,,False,False,False,False,False,False,False,False,True,
2,1873,Kolkata Knight Riders,KKR,3,13,S Kumar,3,0,0,122/1,3.00,12.02,12.2,0,0,"Kumar to Raghuvanshi, no run",,"A googly pitched on a good length outside off stump tempts the batter to drive but he misses it cleanly, a tidy delivery that beats the bat.",218920f5-0986-4377-b824-7795a9cad457,237309,"Sunrisers Hyderabad v Kolkata Knight Riders at Hyderabad, Tata Indian Premier League, 3 May 2026",8903,Tata Indian Premier League,2026,"Rajiv Gandhi International Stadium, Hyderabad",List A Twenty20,2026-05-03,,,,,,,,,,,,,,,,,,,,,,,,,,,False,False,False,False,,,,,outside off,,drive,,,,,,,,keyword,0,,False,False,False,False,False,False,False,False,True,
2,1873,Kolkata Knight Riders,KKR,3,13,S Kumar,3,0,0,122/1,3.00,12.03,12.3,1,1,"Kumar to Raghuvanshi, 1 run",,"A googly pitched up and just outside off stump, the batter drives it confidently along the ground, taking a well-placed single to deep extra cover.",218920f5-0986-4377-b824-7795a9cad457,237309,"Sunrisers Hyderabad v Kolkata Knight Riders at Hyderabad, Tata Indian Premier League, 3 May 2026",8903,Tata Indian Premier League,2026,"Rajiv Gandhi International Stadium, Hyderabad",List A Twenty20,2026-05-03,76204.0,A Raghuvanshi,right,90837.0,S Kumar,left,1153.0,Sunrisers Hyderabad,left unorthodox,6.0,spin,2026-05-03 12:56:41,,,,,,,,106634225.0,229.0,80.0,137.0,5.0,1.0,1.0,False,False,True,False,,,,,outside off,,drive,along the ground,,deep extra cover,,,,,keyword,1,,False,False,False,False,False,False,False,False,False,
2,1873,Kolkata Knight Riders,KKR,3,13,S Kumar,3,0,0,122/1,3.00,12.04,12.4,0,0,"Kumar to Rahane, no run",,"A googly pitched back of a length on middle stump, and the batter attempts a late cut but misses completely. The keeper is alert to gather it cleanly.",218920f5-0986-4377-b824-7795a9cad457,237309,"Sunrisers Hyderabad v Kolkata Knight Riders at Hyderabad, Tata Indian Premier League, 3 May 2026",8903,Tata Indian Premier League,2026,"Rajiv Gandhi International Stadium, Hyderabad",List A Twenty20,2026-05-03,,,,,,,,,,,,,,,,,,,,,,,,,,,False,False,False,False,,,,back of a length,middle stump,,late cut,,,,,,,,keyword,0,,False,False,False,False,False,False,False,False,True,
2,1873,Kolkata Knight Riders,KKR,3,13,S Kumar,3,0,0,122/1,3.00,12.05,12.5,1,1,"Kumar to Rahane, 1 run",,"Rahane drives a back of a length googly down the leg side, keeping it under control to pick up a well-placed single toward deep cover.",218920f5-0986-4377-b824-7795a9cad457,237309,"Sunrisers Hyderabad v Kolkata Knight Riders at Hyderabad, Tata Indian Premier League, 3 May 2026",8903,Tata Indian Premier League,2026,"Rajiv Gandhi International Stadium, Hyderabad",List A Twenty20,2026-05-03,12685.0,AM Rahane,right,90837.0,S Kumar,left,1153.0,Sunrisers Hyderabad,left unorthodox,6.0,spin,2026-05-03 12:57:36,,,,,,,,106634241.0,201.0,75.0,128.0,6.0,1.0,1.0,False,False,True,False,,,,back of a length,down the leg side,,drive,,,,,,,,keyword,1,,False,False,False,False,False,False,False,False,False,
2,1873,Kolkata Knight Riders,KKR,3,13,S Kumar,3,0,0,122/1,3.00,12.06,12.6,1,1,"Kumar to Raghuvanshi, 1 run",,"The googly is delivered as a full toss outside off, and the batter confidently drives it along the ground for a quick single. Kolkata Knight Riders require 44 from 42 with nine wickets in hand, holding strong control of the chase.",218920f5-0986-4377-b824-7795a9cad457,237309,"Sunrisers Hyderabad v Kolkata Knight Riders at Hyderabad, Tata Indian Premier League, 3 May 2026",8903,Tata Indian Premier League,2026,"Rajiv Gandhi International Stadium, Hyderabad",List A Twenty20,2026-05-03,76204.0,A Raghuvanshi,right,90837.0,S Kumar,left,1153.0,Sunrisers Hyderabad,left unorthodox,6.0,spin,2026-05-03 12:58:03,,,,,,,,106634248.0,240.0,80.0,138.0,5.0,1.0,1.0,False,False,True,False,,,,full toss,outside off,,drive,along the ground,,,,,,,keyword,1,,False,False,False,False,False,False,False,False,False,
2,1873,Kolkata Knight Riders,KKR,3,14,HV Patel,7,0,0,129/1,7.00,13.01,13.1,0,0,"Patel to Raghuvanshi, no run",Harshal Patel takes the ball for their 2nd spell,"Harshal Patel bowls a short off cutter wide outside off, and Raghuvanshi expertly cuts it low and late, keeping it along the ground for no run.",218920f5-0986-4377-b824-7795a9cad457,237309,"Sunrisers Hyderabad v Kolkata Knight Riders at Hyderabad, Tata Indian Premier League, 3 May 2026",8903,Tata Indian Premier League,2026,"Rajiv Gandhi International Stadium, Hyderabad",List A Twenty20,2026-05-03,,,,,,,,,,,,,,,,,,,,,,,,,,,False,False,False,False,,,,short,wide outside off,,cut,along the ground,,,,,,,keyword,0,,False,False,False,False,False,False,False,False,True,
2,1873,Kolkata Knight Riders,KKR,3,14,HV Patel,7,0,0,129/1,7.00,13.02,13.2,1,1,"Patel to Raghuvanshi, 1 run",,"Off cutter pitched short outside off, Raghuvanshi pulls it low and quick towards deep backward square leg, running a sharp single.",218920f5-0986-4377-b824-7795a9cad457,237309,"Sunrisers Hyderabad v Kolkata Knight Riders at Hyderabad, Tata Indian Premier League, 3 May 2026",8903,Tata Indian Premier League,2026,"Rajiv Gandhi International Stadium, Hyderabad",List A Twenty20,2026-05-03,76204.0,A Raghuvanshi,right,18000.0,HV Patel,right,1153.0,Sunrisers Hyderabad,right pace,1.0,pace,2026-05-03 13:02:34,,,,,,,,106634299.0,43.0,75.0,122.0,2.0,1.0,1.0,False,False,True,False,,,,short,outside off,,pull,,,deep backward square leg,,,,,keyword,1,,False,False,False,False,False,False,False,False,False,
2,1873,Kolkata Knight Riders,KKR,3,14,HV Patel,7,0,0,129/1,7.00,13.03,13.3,0,0,"Patel to Rahane, no run",,"Harshal Patel rolls in an off cutter outside off, short in length, and Ajinkya Rahane attempts a cut but misses; the ball is safely gathered by the wicketkeeper.",218920f5-0986-4377-b824-7795a9cad457,237309,"Sunrisers Hyderabad v Kolkata Knight Riders at Hyderabad, Tata Indian Premier League, 3 May 2026",8903,Tata Indian Premier League,2026,"Rajiv Gandhi International Stadium, Hyderabad",List A Twenty20,2026-05-03,,,,,,,,,,,,,,,,,,,,,,,,,,,False,False,False,False,,,,short,outside off,,cut,,,,,,,,keyword,0,,False,False,False,False,False,False,False,False,True,
2,1873,Kolkata Knight Riders,KKR,3,14,HV Patel,7,0,0,129/1,7.00,13.04,13.4,4,4,"Patel to Rahane, 4 runs",,"Harshal Patel bowls a short ball outside off, and Rahane attempts a pull shot, getting a top edge that skims away fine leg for four.",218920f5-0986-4377-b824-7795a9cad457,237309,"Sunrisers Hyderabad v Kolkata Knight Riders at Hyderabad, Tata Indian Premier League, 3 May 2026",8903,Tata Indian Premier League,2026,"Rajiv Gandhi International Stadium, Hyderabad",List A Twenty20,2026-05-03,12685.0,AM Rahane,right,18000.0,HV Patel,right,1153.0,Sunrisers Hyderabad,right pace,1.0,pace,2026-05-03 13:03:45,,,,,,,,106634319.0,85.0,100.0,160.0,1.0,4.0,4.0,False,False,True,False,,,,short,outside off,,pull,,,,,,,,keyword,4,,False,False,False,False,False,False,True,False,False,
2,1873,Kolkata Knight Riders,KKR,3,14,HV Patel,7,0,0,129/1,7.00,13.05,13.5,1,1,"Patel to Rahane, 1 run",,"No movement from the bowler as Rahane drives a full ball outside off stump, keeping it along the ground for a well-placed single.",218920f5-0986-4377-b824-7795a9cad457,237309,"Sunrisers Hyderabad v Kolkata Knight Riders at Hyderabad, Tata Indian Premier League, 3 May 2026",8903,Tata Indian Premier League,2026,"Rajiv Gandhi International Stadium, Hyderabad",List A Twenty20,2026-05-03,12685.0,AM Rahane,right,18000.0,HV Patel,right,1153.0,Sunrisers Hyderabad,right pace,1.0,pace,2026-05-03 13:04:44,,,,,,,,106634325.0,246.0,70.0,121.0,5.0,1.0,1.0,False,False,True,False,,,,full,outside off,no movement,drive,along the ground,,,,,,,keyword,1,,False,False,False,False,False,False,False,False,False,
2,1873,Kolkata Knight Riders,KKR,3,14,HV Patel,7,0,0,129/1,7.00,13.06,13.6,1,1,"Patel to Raghuvanshi, 1 run",,"Angkrish Raghuvanshi deftly flicks the length ball outside off stump for a neat single, keeping the scoreboard ticking. Raghuvanshi reaches his fifty off 39 balls at a striking 128. Kolkata Knight Riders require 37 runs from 36 balls, holding a strong 93% win probability.",218920f5-0986-4377-b824-7795a9cad457,237309,"Sunrisers Hyderabad v Kolkata Knight Riders at Hyderabad, Tata Indian Premier League, 3 May 2026",8903,Tata Indian Premier League,2026,"Rajiv Gandhi International Stadium, Hyderabad",List A Twenty20,2026-05-03,76204.0,A Raghuvanshi,right,18000.0,HV Patel,right,1153.0,Sunrisers Hyderabad,right pace,1.0,pace,2026-05-03 13:05:20,,,,,,,,106634336.0,288.0,80.0,142.0,4.0,1.0,1.0,False,False,True,False,,,,length ball,outside off,,flick,,,,,,,,keyword,1,,False,False,False,False,False,False,False,False,False,
2,1873,Kolkata Knight Riders,KKR,3,15,Sakib Hussain,4,1,1,133/2,3.00,14.01,14.1,1,1,"Hussain to Raghuvanshi, 1 run",Sakib Hussain takes the ball for their 2nd spell,"A no movement delivery pitched back of a length wide outside off, expertly cut along the ground through the point region for a neat single.",218920f5-0986-4377-b824-7795a9cad457,237309,"Sunrisers Hyderabad v Kolkata Knight Riders at Hyderabad, Tata Indian Premier League, 3 May 2026",8903,Tata Indian Premier League,2026,"Rajiv Gandhi International Stadium, Hyderabad",List A Twenty20,2026-05-03,76204.0,A Raghuvanshi,right,78832.0,Sakib Hussain,right,1153.0,Sunrisers Hyderabad,right pace,2.0,pace,2026-05-03 13:06:33,,,,,,,,106634352.0,181.0,80.0,140.0,6.0,1.0,1.0,False,False,True,False,,,,back of a length,wide outside off,no movement,cut,along the ground,,point,,,,,keyword,1,,False,False,False,False,False,False,False,False,False,
2,1873,Kolkata Knight Riders,KKR,3,15,Sakib Hussain,4,1,1,133/2,3.00,14.02,14.2,0,0,"Hussain to Rahane, no run",,"The off cutter comes in short and wide outside off, and Rahane fends it off with a gloved bat, keeping it down and safe. No run added here.",218920f5-0986-4377-b824-7795a9cad457,237309,"Sunrisers Hyderabad v Kolkata Knight Riders at Hyderabad, Tata Indian Premier League, 3 May 2026",8903,Tata Indian Premier League,2026,"Rajiv Gandhi International Stadium, Hyderabad",List A Twenty20,2026-05-03,,,,,,,,,,,,,,,,,,,,,,,,,,,False,False,False,False,,,,short,wide outside off,,cut,,,,,,,,keyword,0,,False,False,False,False,False,False,False,False,True,
2,1873,Kolkata Knight Riders,KKR,3,15,Sakib Hussain,4,1,1,133/2,3.00,14.03,14.3,0,0,"Hussain to Rahane, no run",,"Sakib Hussain bowls a short off cutter outside off, and Rahane attempts a pull but mistimes it, the ball staying low and safely fielded by the keeper for no run.",218920f5-0986-4377-b824-7795a9cad457,237309,"Sunrisers Hyderabad v Kolkata Knight Riders at Hyderabad, Tata Indian Premier League, 3 May 2026",8903,Tata Indian Premier League,2026,"Rajiv Gandhi International Stadium, Hyderabad",List A Twenty20,2026-05-03,,,,,,,,,,,,,,,,,,,,,,,,,,,False,False,False,False,,,,short,outside off,,pull,,,,the keeper for no run,,,,keyword,0,,False,False,False,False,False,False,False,False,True,
2,1873,Kolkata Knight Riders,KKR,3,15,Sakib Hussain,4,1,1,133/2,3.00,14.04,14.4,1,1,"Hussain to Rahane, 1 run",,"Off cutter pitched short and wide outside off, the batter attempts an upper cut but mistimes it, managing to sneak a careful single.",218920f5-0986-4377-b824-7795a9cad457,237309,"Sunrisers Hyderabad v Kolkata Knight Riders at Hyderabad, Tata Indian Premier League, 3 May 2026",8903,Tata Indian Premier League,2026,"Rajiv Gandhi International Stadium, Hyderabad",List A Twenty20,2026-05-03,12685.0,AM Rahane,right,78832.0,Sakib Hussain,right,1153.0,Sunrisers Hyderabad,right pace,2.0,pace,2026-05-03 13:08:15,,,,,,,,106634371.0,116.0,80.0,132.0,8.0,1.0,1.0,False,False,True,False,,,,short,wide outside off,,cut,,,,,,,,keyword,1,,False,False,False,False,False,False,False,False,False,
2,1873,Kolkata Knight Riders,KKR,3,15,Sakib Hussain,4,1,1,133/2,3.00,14.05,14.4,1,1ʷᵈ,"Hussain to Raghuvanshi, 1 run (wide)",,"A short wide outside off from the bowler, Angkrish Raghuvanshi goes for the cut but misses completely. The ball is comfortably gathered by the wicketkeeper.",218920f5-0986-4377-b824-7795a9cad457,237309,"Sunrisers Hyderabad v Kolkata Knight Riders at Hyderabad, Tata Indian Premier League, 3 May 2026",8903,Tata Indian Premier League,2026,"Rajiv Gandhi International Stadium, Hyderabad",List A Twenty20,2026-05-03,,,,,,,,,,,,,,,,,,,,,,,,,,,False,False,False,False,,,,short,wide outside off,,cut,,,,,,,,keyword,1,wide,False,True,False,False,False,False,False,False,False,
2,1873,Kolkata Knight Riders,KKR,3,15,Sakib Hussain,4,1,1,133/2,3.00,14.06,14.5,1,1,"Hussain to Raghuvanshi, 1 run",,"The off cutter comes in short and wide outside off, and the batter deftly steers it off the back foot to pick up a quick single.",218920f5-0986-4377-b824-7795a9cad457,237309,"Sunrisers Hyderabad v Kolkata Knight Riders at Hyderabad, Tata Indian Premier League, 3 May 2026",8903,Tata Indian Premier League,2026,"Rajiv Gandhi International Stadium, Hyderabad",List A Twenty20,2026-05-03,76204.0,A Raghuvanshi,right,78832.0,Sakib Hussain,right,1153.0,Sunrisers Hyderabad,right pace,2.0,pace,2026-05-03 13:11:22,,,,,,,,106634406.0,109.0,85.0,133.0,8.0,1.0,1.0,False,False,True,False,,,,short,wide outside off,back foot,steer,,,,,,,,keyword,1,,False,False,False,False,False,False,False,False,False,
2,1873,Kolkata Knight Riders,KKR,3,15,Sakib Hussain,4,1,1,133/2,3.00,14.07,14.6,0,W,"Hussain to Rahane, out!",,"On a short delivery outside off, Rahane attempts an aggressive pull but mistimes it, offering a simple catch to mid wicket. He's caught out, ending his innings. Rahane departs for 43 off 36. KKR now need 33 from 30 balls with 8 wickets intact, holding a strong 91% chance to win.",218920f5-0986-4377-b824-7795a9cad457,237309,"Sunrisers Hyderabad v Kolkata Knight Riders at Hyderabad, Tata Indian Premier League, 3 May 2026",8903,Tata Indian Premier League,2026,"Rajiv Gandhi International Stadium, Hyderabad",List A Twenty20,2026-05-03,,,,,,,,,,,,,,,,,,,,,,,,,,,False,False,False,True,,,,short,outside off,,pull,,,mid wicket,,caught,,,keyword,0,,True,False,False,False,False,False,False,False,False,commentary
2,1873,Kolkata Knight Riders,KKR,3,16,PJ Cummins,10,3,0,143/2,7.00,15.01,15.1,1,1ˡᵇ,"Cummins to Raghuvanshi, 1 run",Rinku Singh enters the field at the non-striker's end. Pat Cummins takes the ball for their 3rd spell,"A short ball on the leg side is met with a firm pull shot, the ball hitting the batsman's body before being fielded at square leg. No run off the bat but an extra conceded.",218920f5-0986-4377-b824-7795a9cad457,237309,"Sunrisers Hyderabad v Kolkata Knight Riders at Hyderabad, Tata Indian Premier League, 3 May 2026",8903,Tata Indian Premier League,2026,"Rajiv Gandhi International Stadium, Hyderabad",List A Twenty20,2026-05-03,,,,,,,,,,,,,,,,,,,,,,,,,,,False,False,False,False,,,,short,,,pull,,,square leg,,,,,keyword,1,leg bye,False,False,False,False,True,False,False,False,False,
2,1873,Kolkata Knight Riders,KKR,3,16,PJ Cummins,10,3,0,143/2,7.00,15.02,15.2,1,1,"Cummins to Singh, 1 run",,"Pat Cummins bowls a no movement delivery just outside off on a back of a length, and Rinku Singh cleverly steers it along the ground for a quick single. Rinku Singh gets off the mark for Kolkata Knight Riders.",218920f5-0986-4377-b824-7795a9cad457,237309,"Sunrisers Hyderabad v Kolkata Knight Riders at Hyderabad, Tata Indian Premier League, 3 May 2026",8903,Tata Indian Premier League,2026,"Rajiv Gandhi International Stadium, Hyderabad",List A Twenty20,2026-05-03,33718.0,RK Singh,left,14153.0,PJ Cummins,right,1153.0,Sunrisers Hyderabad,right pace,1.0,pace,2026-05-03 13:15:30,,,,,,,,106634478.0,66.0,75.0,127.0,1.0,1.0,1.0,False,False,True,False,,,,back of a length,outside off,no movement,steer,along the ground,,,,,,,keyword,1,,False,False,False,False,False,False,False,False,False,
2,1873,Kolkata Knight Riders,KKR,3,16,PJ Cummins,10,3,0,143/2,7.00,15.03,15.3,4,4,"Cummins to Raghuvanshi, 4 runs",,"Angkrish Raghuvanshi executes a well-timed, controlled upper cut, guiding the no movement ball gracefully over third man. It's a beautiful shot that races away for four.",218920f5-0986-4377-b824-7795a9cad457,237309,"Sunrisers Hyderabad v Kolkata Knight Riders at Hyderabad, Tata Indian Premier League, 3 May 2026",8903,Tata Indian Premier League,2026,"Rajiv Gandhi International Stadium, Hyderabad",List A Twenty20,2026-05-03,76204.0,A Raghuvanshi,right,14153.0,PJ Cummins,right,1153.0,Sunrisers Hyderabad,right pace,1.0,pace,2026-05-03 13:16:32,,,,,,,,106634493.0,95.0,100.0,160.0,8.0,4.0,4.0,False,False,True,False,,,,full,,no movement,cut,,controlled,third man,,,,,keyword,4,,False,False,False,False,False,False,True,False,False,
2,1873,Kolkata Knight Riders,KKR,3,16,PJ Cummins,10,3,0,143/2,7.00,15.04,15.4,1,1,"Cummins to Raghuvanshi, 1 run",,"Pat Cummins bowls a short, no movement delivery down the leg side, and Angkrish Raghuvanshi pulls it crisply along the ground for a comfortable single.",218920f5-0986-4377-b824-7795a9cad457,237309,"Sunrisers Hyderabad v Kolkata Knight Riders at Hyderabad, Tata Indian Premier League, 3 May 2026",8903,Tata Indian Premier League,2026,"Rajiv Gandhi International Stadium, Hyderabad",List A Twenty20,2026-05-03,,,,,,,,,,,,,,,,,,,,,,,,,,,False,False,False,False,,,,short,down the leg side,no movement,pull,along the ground,,,,,,,keyword,1,,False,False,False,False,False,False,False,False,False,
2,1873,Kolkata Knight Riders,KKR,3,16,PJ Cummins,10,3,0,143/2,7.00,15.05,15.4,2,2ʷᵈ,"Cummins to Singh, 2 runs (wide)",,"A short delivery on middle stump again, the batter wisely leaves it alone. The umpire signals a wide, adding two runs as the keeper fields up quickly.",218920f5-0986-4377-b824-7795a9cad457,237309,"Sunrisers Hyderabad v Kolkata Knight Riders at Hyderabad, Tata Indian Premier League, 3 May 2026",8903,Tata Indian Premier League,2026,"Rajiv Gandhi International Stadium, Hyderabad",List A Twenty20,2026-05-03,,,,,,,,,,,,,,,,,,,,,,,,,,,False,False,False,False,,,,short,middle stump,,leave,,,,,,,,keyword,2,wide,False,True,False,False,False,False,False,False,False,
2,1873,Kolkata Knight Riders,KKR,3,16,PJ Cummins,10,3,0,143/2,7.00,15.06,15.5,1,1,"Cummins to Raghuvanshi, 1 run",,"Angkrish Raghuvanshi pulls off a neat hook shot down leg side, keeping the ball low and securing a quick single.",218920f5-0986-4377-b824-7795a9cad457,237309,"Sunrisers Hyderabad v Kolkata Knight Riders at Hyderabad, Tata Indian Premier League, 3 May 2026",8903,Tata Indian Premier League,2026,"Rajiv Gandhi International Stadium, Hyderabad",List A Twenty20,2026-05-03,76204.0,A Raghuvanshi,right,14153.0,PJ Cummins,right,1153.0,Sunrisers Hyderabad,right pace,1.0,pace,2026-05-03 13:18:43,,,,,,,,106634525.0,57.0,70.0,116.0,1.0,1.0,1.0,False,False,True,False,,,,,down leg,,pull,,,,,,,,keyword,1,,False,False,False,False,False,False,False,False,False,
2,1873,Kolkata Knight Riders,KKR,3,16,PJ Cummins,10,3,0,143/2,7.00,15.07,15.6,0,0,"Cummins to Singh, no run",,"Pat Cummins bowls a short ball outside off, and Rinku Singh leaves it well alone, exercising caution. No run added here. Kolkata Knight Riders require 23 runs from 24 balls with eight wickets in hand, currently enjoying a strong winning position.",218920f5-0986-4377-b824-7795a9cad457,237309,"Sunrisers Hyderabad v Kolkata Knight Riders at Hyderabad, Tata Indian Premier League, 3 May 2026",8903,Tata Indian Premier League,2026,"Rajiv Gandhi International Stadium, Hyderabad",List A Twenty20,2026-05-03,,,,,,,,,,,,,,,,,,,,,,,,,,,False,False,False,False,,,,short,outside off,,leave,,,,,,,,keyword,0,,False,False,False,False,False,False,False,False,True,
2,1873,Kolkata Knight Riders,KKR,3,17,S Kumar,10,0,1,153/3,10.00,16.01,16.1,1,1,"Kumar to Raghuvanshi, 1 run",Shivang Kumar takes the ball for their 3rd spell,"Shivang Kumar bowls a length googly on off stump, and Raghuvanshi uses soft hands to guide a late cut for a well-judged single to deep point.",218920f5-0986-4377-b824-7795a9cad457,237309,"Sunrisers Hyderabad v Kolkata Knight Riders at Hyderabad, Tata Indian Premier League, 3 May 2026",8903,Tata Indian Premier League,2026,"Rajiv Gandhi International Stadium, Hyderabad",List A Twenty20,2026-05-03,76204.0,A Raghuvanshi,right,90837.0,S Kumar,left,1153.0,Sunrisers Hyderabad,left unorthodox,6.0,spin,2026-05-03 13:20:40,,,,,,,,106634559.0,183.0,70.0,118.0,6.0,1.0,1.0,False,False,True,False,,,,,off stump,,late cut,,,deep point,,,,,keyword,1,,False,False,False,False,False,False,False,False,False,
2,1873,Kolkata Knight Riders,KKR,3,17,S Kumar,10,0,1,153/3,10.00,16.02,16.2,6,6,"Kumar to Singh, 6 runs",,"A length ball just outside off, met with a controlled slog-sweep that is perfectly middled. It races away over mid wicket for a glorious six! That brings Kolkata Knight Riders up to 150 for 2.",218920f5-0986-4377-b824-7795a9cad457,237309,"Sunrisers Hyderabad v Kolkata Knight Riders at Hyderabad, Tata Indian Premier League, 3 May 2026",8903,Tata Indian Premier League,2026,"Rajiv Gandhi International Stadium, Hyderabad",List A Twenty20,2026-05-03,33718.0,RK Singh,left,90837.0,S Kumar,left,1153.0,Sunrisers Hyderabad,left unorthodox,6.0,spin,2026-05-03 13:21:20,,,,,,,,106634572.0,227.0,100.0,177.0,5.0,6.0,6.0,False,False,True,False,,,,length ball,outside off,,slog sweep,,controlled,mid wicket,,,,,keyword,6,,False,False,False,False,False,False,False,True,False,
2,1873,Kolkata Knight Riders,KKR,3,17,S Kumar,10,0,1,153/3,10.00,16.03,16.3,1,1,"Kumar to Singh, 1 run",,Rinku Singh gets on the front foot to a back of a length stock ball outside off and expertly cuts it low and late for a quick single.,218920f5-0986-4377-b824-7795a9cad457,237309,"Sunrisers Hyderabad v Kolkata Knight Riders at Hyderabad, Tata Indian Premier League, 3 May 2026",8903,Tata Indian Premier League,2026,"Rajiv Gandhi International Stadium, Hyderabad",List A Twenty20,2026-05-03,33718.0,RK Singh,left,90837.0,S Kumar,left,1153.0,Sunrisers Hyderabad,left unorthodox,6.0,spin,2026-05-03 13:21:49,,,,,,,,106634573.0,354.0,60.0,98.0,3.0,1.0,1.0,False,False,True,False,,,,back of a length,outside off,front foot,cut,,,,,,,,keyword,1,,False,False,False,False,False,False,False,False,False,
2,1873,Kolkata Knight Riders,KKR,3,17,S Kumar,10,0,1,153/3,10.00,16.04,16.4,0,W,"Kumar to Raghuvanshi, out!",,"Shivang Kumar bowls a length googly down the leg side. Angkrish Raghuvanshi goes for a drive but mistimes it, leading to a catch at long off. He is dismissed caught off that loose shot. Angkrish Raghuvanshi departs after a well-made 59 runs from 47 balls.",218920f5-0986-4377-b824-7795a9cad457,237309,"Sunrisers Hyderabad v Kolkata Knight Riders at Hyderabad, Tata Indian Premier League, 3 May 2026",8903,Tata Indian Premier League,2026,"Rajiv Gandhi International Stadium, Hyderabad",List A Twenty20,2026-05-03,,,,,,,,,,,,,,,,,,,,,,,,,,,False,False,False,True,,,,,down the leg side,,drive,,,long off,,caught,,,keyword,0,,True,False,False,False,False,False,False,False,False,commentary
2,1873,Kolkata Knight Riders,KKR,3,17,S Kumar,10,0,1,153/3,10.00,16.05,16.5,2,2,"Kumar to Green, 2 runs",Cameron Green heads to the crease. ,"A yorker-length googly on leg stump, worked deftly into the deep mid-wicket region, races away for a well-placed two runs. Cameron Green has got off the mark with a smart couple.",218920f5-0986-4377-b824-7795a9cad457,237309,"Sunrisers Hyderabad v Kolkata Knight Riders at Hyderabad, Tata Indian Premier League, 3 May 2026",8903,Tata Indian Premier League,2026,"Rajiv Gandhi International Stadium, Hyderabad",List A Twenty20,2026-05-03,65397.0,CD Green,right,90837.0,S Kumar,left,1153.0,Sunrisers Hyderabad,left unorthodox,6.0,spin,2026-05-03 13:23:43,,,,,,,,106634604.0,306.0,85.0,147.0,4.0,2.0,2.0,False,False,True,False,,,,yorker,leg stump,,work,,,,,,,,keyword,2,,False,False,False,False,False,False,False,False,False,
2,1873,Kolkata Knight Riders,KKR,3,17,S Kumar,10,0,1,153/3,10.00,16.06,16.6,0,0,"Kumar to Green, no run",,Green faces a length googly drifting in on leg stump and pushes it neatly down to silly mid off for no run. The chase continues with 13 needed from 18 balls and KKR holding a strong position.,218920f5-0986-4377-b824-7795a9cad457,237309,"Sunrisers Hyderabad v Kolkata Knight Riders at Hyderabad, Tata Indian Premier League, 3 May 2026",8903,Tata Indian Premier League,2026,"Rajiv Gandhi International Stadium, Hyderabad",List A Twenty20,2026-05-03,,,,,,,,,,,,,,,,,,,,,,,,,,,False,False,False,False,,,,,leg stump,,push,,,silly mid off,,,,,keyword,0,,False,False,False,False,False,False,False,False,True,
2,1873,Kolkata Knight Riders,KKR,3,18,Sakib Hussain,7,0,0,160/3,7.00,17.01,17.1,5,5,"Hussain to Singh, 5 runs",Sakib Hussain takes the ball for their 3rd spell,"The off cutter comes back down the leg side; Rinku Singh works it cleverly into the leg side gap and races away for five, helped by a hurried overthrow.",218920f5-0986-4377-b824-7795a9cad457,237309,"Sunrisers Hyderabad v Kolkata Knight Riders at Hyderabad, Tata Indian Premier League, 3 May 2026",8903,Tata Indian Premier League,2026,"Rajiv Gandhi International Stadium, Hyderabad",List A Twenty20,2026-05-03,33718.0,RK Singh,left,78832.0,Sakib Hussain,right,1153.0,Sunrisers Hyderabad,right pace,2.0,pace,2026-05-03 13:25:09,,,,,,,,106634631.0,200.0,30.0,51.0,6.0,5.0,5.0,False,False,True,False,,,,,down the leg side,,work,,,,,,,,keyword,5,,False,False,False,False,False,False,False,False,False,
2,1873,Kolkata Knight Riders,KKR,3,18,Sakib Hussain,7,0,0,160/3,7.00,17.02,17.2,1,1,"Hussain to Green, 1 run",,"Green meets the off cutter just outside off, playing a controlled glance that sends the ball fine on the leg side for a quick single.",218920f5-0986-4377-b824-7795a9cad457,237309,"Sunrisers Hyderabad v Kolkata Knight Riders at Hyderabad, Tata Indian Premier League, 3 May 2026",8903,Tata Indian Premier League,2026,"Rajiv Gandhi International Stadium, Hyderabad",List A Twenty20,2026-05-03,65397.0,CD Green,right,78832.0,Sakib Hussain,right,1153.0,Sunrisers Hyderabad,right pace,2.0,pace,2026-05-03 13:26:04,,,,,,,,106634639.0,68.0,75.0,118.0,1.0,1.0,1.0,False,False,True,False,,,,,outside off,,glance,,controlled,,,,,,keyword,1,,False,False,False,False,False,False,False,False,False,
2,1873,Kolkata Knight Riders,KKR,3,18,Sakib Hussain,7,0,0,160/3,7.00,17.03,17.3,0,0,"Hussain to Singh, no run",,"A short, down-the-leg delivery with no movement sees Rinku Singh leave it well alone, content to let it pass safely.",218920f5-0986-4377-b824-7795a9cad457,237309,"Sunrisers Hyderabad v Kolkata Knight Riders at Hyderabad, Tata Indian Premier League, 3 May 2026",8903,Tata Indian Premier League,2026,"Rajiv Gandhi International Stadium, Hyderabad",List A Twenty20,2026-05-03,,,,,,,,,,,,,,,,,,,,,,,,,,,False,False,False,False,,,,short,,no movement,leave,,,,,,,,keyword,0,,False,False,False,False,False,False,False,False,True,
2,1873,Kolkata Knight Riders,KKR,3,18,Sakib Hussain,7,0,0,160/3,7.00,17.04,17.4,0,0,"Hussain to Singh, no run",,"On a length ball down leg, the batter attempts a glance but misses, leaving the ball quietly to the keeper.",218920f5-0986-4377-b824-7795a9cad457,237309,"Sunrisers Hyderabad v Kolkata Knight Riders at Hyderabad, Tata Indian Premier League, 3 May 2026",8903,Tata Indian Premier League,2026,"Rajiv Gandhi International Stadium, Hyderabad",List A Twenty20,2026-05-03,,,,,,,,,,,,,,,,,,,,,,,,,,,False,False,False,False,,,,length ball,down leg,,glance,,,keeper,,,,,keyword,0,,False,False,False,False,False,False,False,False,True,
2,1873,Kolkata Knight Riders,KKR,3,18,Sakib Hussain,7,0,0,160/3,7.00,17.05,17.5,0,0,"Hussain to Singh, no run",,"A short, leg-side delivery with no movement; the batter chooses to leave it well alone, content not to risk a shot.",218920f5-0986-4377-b824-7795a9cad457,237309,"Sunrisers Hyderabad v Kolkata Knight Riders at Hyderabad, Tata Indian Premier League, 3 May 2026",8903,Tata Indian Premier League,2026,"Rajiv Gandhi International Stadium, Hyderabad",List A Twenty20,2026-05-03,,,,,,,,,,,,,,,,,,,,,,,,,,,False,False,False,False,,,,short,,no movement,leave,,,,,,,,keyword,0,,False,False,False,False,False,False,False,False,True,
2,1873,Kolkata Knight Riders,KKR,3,18,Sakib Hussain,7,0,0,160/3,7.00,17.06,17.6,1,1,"Hussain to Singh, 1 run",,"Rinku Singh attempts a pull shot off the short, leg-side delivery but mistimes it, managing to sneak a single. The controlled aerial effort is safely fielded deep at square leg. Kolkata Knight Riders need six runs off the last two overs with a strong position and seven wickets in hand, holding a 97% chance to win.",218920f5-0986-4377-b824-7795a9cad457,237309,"Sunrisers Hyderabad v Kolkata Knight Riders at Hyderabad, Tata Indian Premier League, 3 May 2026",8903,Tata Indian Premier League,2026,"Rajiv Gandhi International Stadium, Hyderabad",List A Twenty20,2026-05-03,33718.0,RK Singh,left,78832.0,Sakib Hussain,right,1153.0,Sunrisers Hyderabad,right pace,2.0,pace,2026-05-03 13:30:00,,,,,,,,106634702.0,176.0,80.0,135.0,7.0,1.0,1.0,False,False,True,False,,,,short,,,pull,,controlled,square leg,,,,,keyword,1,,False,False,False,False,False,False,False,False,False,
2,1873,Kolkata Knight Riders,KKR,3,19,KKEM Dharmasena,9,1,0,169/3,24.00,18.01,18.0,1,1ʷᵈ,"Malinga to Singh, 1 run (wide)",Eshan Malinga takes the ball for their 4th spell,"Down the leg side on a length, the batter leaves it alone as the keeper collects cleanly but the umpire signals a wide.",218920f5-0986-4377-b824-7795a9cad457,237309,"Sunrisers Hyderabad v Kolkata Knight Riders at Hyderabad, Tata Indian Premier League, 3 May 2026",8903,Tata Indian Premier League,2026,"Rajiv Gandhi International Stadium, Hyderabad",List A Twenty20,2026-05-03,,,,,,,,,,,,,,,,,,,,,,,,,,,False,False,False,False,,,,,down the leg side,,leave,,,,,,,,keyword,1,wide,False,True,False,False,False,False,False,False,False,
2,1873,Kolkata Knight Riders,KKR,3,19,KKEM Dharmasena,9,1,0,169/3,24.00,18.02,18.1,4,4,"Malinga to Singh, 4 runs",,"A full delivery on the leg side holds its line with a neat reverse inswinger. Rinku Singh executes a well-timed flick, guiding it with control through mid-wicket for four.",218920f5-0986-4377-b824-7795a9cad457,237309,"Sunrisers Hyderabad v Kolkata Knight Riders at Hyderabad, Tata Indian Premier League, 3 May 2026",8903,Tata Indian Premier League,2026,"Rajiv Gandhi International Stadium, Hyderabad",List A Twenty20,2026-05-03,33718.0,RK Singh,left,77440.0,KKEM Dharmasena,right,1153.0,Sunrisers Hyderabad,right pace,1.0,pace,2026-05-03 13:31:44,,,,,,,,106634732.0,233.0,100.0,178.0,5.0,4.0,4.0,False,False,True,False,,,,full,,,flick,,,,,,,,keyword,4,,False,False,False,False,False,False,True,False,False,
2,1873,Kolkata Knight Riders,KKR,3,19,KKEM Dharmasena,9,1,0,169/3,24.00,18.03,18.2,4,4,"Malinga to Singh, 4 runs",,"Rinku Singh leans into a well-timed, controlled pull over deep square leg for four. Another boundary for Rinku Singh in this over. Kolkata Knight Riders reach the target and win by 7 wickets!",218920f5-0986-4377-b824-7795a9cad457,237309,"Sunrisers Hyderabad v Kolkata Knight Riders at Hyderabad, Tata Indian Premier League, 3 May 2026",8903,Tata Indian Premier League,2026,"Rajiv Gandhi International Stadium, Hyderabad",List A Twenty20,2026-05-03,33718.0,RK Singh,left,77440.0,KKEM Dharmasena,right,1153.0,Sunrisers Hyderabad,right pace,1.0,pace,2026-05-03 13:32:27,,,,,,,,106634747.0,196.0,100.0,173.0,6.0,4.0,4.0,False,False,True,False,,,,,,,pull,,controlled,deep square leg,,,,,keyword,4,,False,False,False,False,False,False,True,False,False,
