innings_number,batting_team_id,batting_team_name,batting_team_abbreviation,innings_closure_id,over_number,over_bowler_name,runs_off_over,extras_off_over,wickets_off_over,team_score,run_rate,overs_unique,display_overs,runs,scoring,ball_summary_text,ball_pre_text,commentary,gid,match_id,match_name,comp_id,comp_name,comp_season,ground_name,class_name,start_date,batting_player_id,batting_player_name,batting_player_hand,bowling_player_id,bowling_player_name,bowling_player_hand,bowling_team_id,bowling_team_name,bowling_technique,bowling_type_id,bowling_type_simple,datetime_utc,bounce_position_x,bounce_position_y,length_zone,stumps_position_y,stumps_position_z,grid_x,grid_y,ball_id,field_direction,field_distance_percent,field_magnitude,field_zone,runs_off_bat,runs_conceded,has_pitchmap,has_beehive,has_wagon,in_catch_map,bowler_arm,delivery_type,delivery_variation,length,line,footwork,shot_type,shot_trajectory,shot_control,field_position,fielder_name,dismissal_type,dismissed_batter,dismissal_score,parse_method,runs_scored,extras_type,is_wicket,is_wide,is_no_ball,is_bye,is_leg_bye,is_penalty,is_boundary_four,is_boundary_six,is_dot,dismissal_source
1,1558,Rajasthan Royals,RR,5,1,PJ Cummins,9,0,0,9/0,9.00,0.01,0.1,0,0,"Cummins to Jaiswal, no run",Yashasvi Jaiswal and Vaibhav Sooryavanshi head out to the middle. Pat Cummins takes the ball for their 1st spell,"Cummins starts with a swinging-in length ball on middle stump, met with a controlled drive by Jaiswal who keeps it down and safe for no run.",7a80b657-514f-4db7-95c2-3423134e38f3,239611,"Sunrisers Hyderabad v Rajasthan Royals at New Chandigarh, Tata Indian Premier League, 27 May 2026",8903,Tata Indian Premier League,2026,"PCA International Cricket Stadium, Ground A, New Chandigarh",List A Twenty20,2026-05-27,,,,,,,,,,,,,,,,,,,,,,,,,,,False,False,False,False,,,,length ball,middle stump,,drive,,controlled,,,,,,keyword,0,,False,False,False,False,False,False,False,False,True,
1,1558,Rajasthan Royals,RR,5,1,PJ Cummins,9,0,0,9/0,9.00,0.02,0.2,1,1,"Cummins to Jaiswal, 1 run",,"Pat Cummins bowls a length swinging in down the leg side, and Jaiswal flicks it off the pads for a quick single. Yashasvi Jaiswal is off the mark.",7a80b657-514f-4db7-95c2-3423134e38f3,239611,"Sunrisers Hyderabad v Rajasthan Royals at New Chandigarh, Tata Indian Premier League, 27 May 2026",8903,Tata Indian Premier League,2026,"PCA International Cricket Stadium, Ground A, New Chandigarh",List A Twenty20,2026-05-27,68314.0,YB Jaiswal,left,14153.0,PJ Cummins,right,1153.0,Sunrisers Hyderabad,right pace,1.0,pace,2026-05-27 14:01:31,,,,,,,,106719937.0,214.0,30.0,50.0,6.0,1.0,1.0,False,False,True,False,,,,,down the leg side,,flick,,,,,,,,keyword,1,,False,False,False,False,False,False,False,False,False,
1,1558,Rajasthan Royals,RR,5,1,PJ Cummins,9,0,0,9/0,9.00,0.03,0.3,0,0,"Cummins to Sooryavanshi, no run",,"A yorker straight on middle stump, pushed quietly down the ground but no run comes off it.",7a80b657-514f-4db7-95c2-3423134e38f3,239611,"Sunrisers Hyderabad v Rajasthan Royals at New Chandigarh, Tata Indian Premier League, 27 May 2026",8903,Tata Indian Premier League,2026,"PCA International Cricket Stadium, Ground A, New Chandigarh",List A Twenty20,2026-05-27,,,,,,,,,,,,,,,,,,,,,,,,,,,False,False,False,False,,,,yorker,middle stump,,push,,,,,,,,keyword,0,,False,False,False,False,False,False,False,False,True,
1,1558,Rajasthan Royals,RR,5,1,PJ Cummins,9,0,0,9/0,9.00,0.04,0.4,1,1,"Cummins to Sooryavanshi, 1 run",,"Pat Cummins delivers a full-length, no movement ball outside off; Vaibhav Sooryavanshi pushes it along the ground and picks up a single. Vaibhav Sooryavanshi gets off the mark in style.",7a80b657-514f-4db7-95c2-3423134e38f3,239611,"Sunrisers Hyderabad v Rajasthan Royals at New Chandigarh, Tata Indian Premier League, 27 May 2026",8903,Tata Indian Premier League,2026,"PCA International Cricket Stadium, Ground A, New Chandigarh",List A Twenty20,2026-05-27,83313.0,V Sooryavanshi,left,14153.0,PJ Cummins,right,1153.0,Sunrisers Hyderabad,right pace,1.0,pace,2026-05-27 14:03:09,,,,,,,,106719943.0,309.0,30.0,55.0,4.0,1.0,1.0,False,False,True,False,,,,full,outside off,no movement,push,along the ground,,,,,,,keyword,1,,False,False,False,False,False,False,False,False,False,
1,1558,Rajasthan Royals,RR,5,1,PJ Cummins,9,0,0,9/0,9.00,0.05,0.5,1,1,"Cummins to Jaiswal, 1 run",,"Pat Cummins delivers a length ball outside off, and Yashasvi Jaiswal neatly cuts it along the ground to deep backward point, picking up a well-run single.",7a80b657-514f-4db7-95c2-3423134e38f3,239611,"Sunrisers Hyderabad v Rajasthan Royals at New Chandigarh, Tata Indian Premier League, 27 May 2026",8903,Tata Indian Premier League,2026,"PCA International Cricket Stadium, Ground A, New Chandigarh",List A Twenty20,2026-05-27,68314.0,YB Jaiswal,left,14153.0,PJ Cummins,right,1153.0,Sunrisers Hyderabad,right pace,1.0,pace,2026-05-27 14:03:47,,,,,,,,106719948.0,9.0,80.0,138.0,2.0,1.0,1.0,False,False,True,False,,,,length ball,outside off,,cut,along the ground,,deep backward point,,,,,keyword,1,,False,False,False,False,False,False,False,False,False,
1,1558,Rajasthan Royals,RR,5,1,PJ Cummins,9,0,0,9/0,9.00,0.06,0.6,6,6,"Cummins to Sooryavanshi, 6 runs",,"A full-length, no-movement delivery outside off stump is driven beautifully by Vaibhav Sooryavanshi. He middles a controlled drive, sending it sailing over long off for a magnificent six.",7a80b657-514f-4db7-95c2-3423134e38f3,239611,"Sunrisers Hyderabad v Rajasthan Royals at New Chandigarh, Tata Indian Premier League, 27 May 2026",8903,Tata Indian Premier League,2026,"PCA International Cricket Stadium, Ground A, New Chandigarh",List A Twenty20,2026-05-27,83313.0,V Sooryavanshi,left,14153.0,PJ Cummins,right,1153.0,Sunrisers Hyderabad,right pace,1.0,pace,2026-05-27 14:04:35,,,,,,,,106719952.0,284.0,100.0,180.0,4.0,6.0,6.0,False,False,True,False,,,,full,outside off,,drive,,controlled,long off,,,,,keyword,6,,False,False,False,False,False,False,False,True,False,
1,1558,Rajasthan Royals,RR,5,2,KKEM Dharmasena,11,0,0,20/0,11.00,1.01,1.1,0,0,Eshan Malinga to Yashasvi Jaiswal,,"Over the wicket. Back of a length, leg stump, front foot, drive along the ground to Ravichandran Smaran at extra cover. No run.",7a80b657-514f-4db7-95c2-3423134e38f3,239611,"Sunrisers Hyderabad v Rajasthan Royals at New Chandigarh, Tata Indian Premier League, 27 May 2026",8903,Tata Indian Premier League,2026,"PCA International Cricket Stadium, Ground A, New Chandigarh",List A Twenty20,2026-05-27,,,,,,,,,,,,,,,,,,,,,,,,,,,False,False,False,False,over the wicket,,,back of a length,leg stump,front foot,drive,along the ground,,extra cover,Ravichandran Smaran,,,,template_arm,0,,False,False,False,False,False,False,False,False,True,
1,1558,Rajasthan Royals,RR,5,2,KKEM Dharmasena,11,0,0,20/0,11.00,1.02,1.2,4,4,"Malinga to Jaiswal, 4 runs",,"Length ball on off stump, Jaiswal bridges the gap with a drive that takes a thick, uncontrolled edge racing away to third man for four. That brings up the first boundary of the innings.",7a80b657-514f-4db7-95c2-3423134e38f3,239611,"Sunrisers Hyderabad v Rajasthan Royals at New Chandigarh, Tata Indian Premier League, 27 May 2026",8903,Tata Indian Premier League,2026,"PCA International Cricket Stadium, Ground A, New Chandigarh",List A Twenty20,2026-05-27,68314.0,YB Jaiswal,left,77440.0,KKEM Dharmasena,right,1153.0,Sunrisers Hyderabad,right pace,1.0,pace,2026-05-27 14:06:25,,,,,,,,106719968.0,68.0,100.0,161.0,1.0,4.0,4.0,False,False,True,False,,,,length ball,off stump,,drive,,uncontrolled,third man,,,,,keyword,4,,False,False,False,False,False,False,True,False,False,
1,1558,Rajasthan Royals,RR,5,2,KKEM Dharmasena,11,0,0,20/0,11.00,1.03,1.3,0,0,Eshan Malinga to Yashasvi Jaiswal,,"Over the wicket. Back of a length, leg stump, back foot, drive. No run.",7a80b657-514f-4db7-95c2-3423134e38f3,239611,"Sunrisers Hyderabad v Rajasthan Royals at New Chandigarh, Tata Indian Premier League, 27 May 2026",8903,Tata Indian Premier League,2026,"PCA International Cricket Stadium, Ground A, New Chandigarh",List A Twenty20,2026-05-27,,,,,,,,,,,,,,,,,,,,,,,,,,,False,False,False,False,over the wicket,,,back of a length,leg stump,back foot,drive,,,,,,,,template_arm,0,,False,False,False,False,False,False,False,False,True,
1,1558,Rajasthan Royals,RR,5,2,KKEM Dharmasena,11,0,0,20/0,11.00,1.04,1.4,1,1,"Malinga to Jaiswal, 1 run",,"On a back of a length delivery on leg stump, the batter plays a neat late cut, guiding it delicately past third man for a single.",7a80b657-514f-4db7-95c2-3423134e38f3,239611,"Sunrisers Hyderabad v Rajasthan Royals at New Chandigarh, Tata Indian Premier League, 27 May 2026",8903,Tata Indian Premier League,2026,"PCA International Cricket Stadium, Ground A, New Chandigarh",List A Twenty20,2026-05-27,68314.0,YB Jaiswal,left,77440.0,KKEM Dharmasena,right,1153.0,Sunrisers Hyderabad,right pace,1.0,pace,2026-05-27 14:07:37,,,,,,,,106719976.0,33.0,85.0,139.0,2.0,1.0,1.0,False,False,True,False,,,,back of a length,leg stump,,late cut,,,third man,,,,,keyword,1,,False,False,False,False,False,False,False,False,False,
1,1558,Rajasthan Royals,RR,5,2,KKEM Dharmasena,11,0,0,20/0,11.00,1.05,1.5,0,0,Eshan Malinga to Vaibhav Sooryavanshi,,"Over the wicket. Full toss, down leg, front foot, flick along the ground to Abhishek Sharma at cover. No run.",7a80b657-514f-4db7-95c2-3423134e38f3,239611,"Sunrisers Hyderabad v Rajasthan Royals at New Chandigarh, Tata Indian Premier League, 27 May 2026",8903,Tata Indian Premier League,2026,"PCA International Cricket Stadium, Ground A, New Chandigarh",List A Twenty20,2026-05-27,,,,,,,,,,,,,,,,,,,,,,,,,,,False,False,False,False,over the wicket,,,full toss,down leg,front foot,flick,along the ground,,cover,Abhishek Sharma,,,,template_arm,0,,False,False,False,False,False,False,False,False,True,
1,1558,Rajasthan Royals,RR,5,2,KKEM Dharmasena,11,0,0,20/0,11.00,1.06,1.6,6,6,"Malinga to Sooryavanshi, 6 runs",,"A short delivery pushed down the leg side. Vaibhav Sooryavanshi rocks back and unleashes a perfectly controlled pull, sending the ball soaring over fine leg for six.",7a80b657-514f-4db7-95c2-3423134e38f3,239611,"Sunrisers Hyderabad v Rajasthan Royals at New Chandigarh, Tata Indian Premier League, 27 May 2026",8903,Tata Indian Premier League,2026,"PCA International Cricket Stadium, Ground A, New Chandigarh",List A Twenty20,2026-05-27,83313.0,V Sooryavanshi,left,77440.0,KKEM Dharmasena,right,1153.0,Sunrisers Hyderabad,right pace,1.0,pace,2026-05-27 14:09:04,,,,,,,,106719984.0,135.0,100.0,163.0,8.0,6.0,6.0,False,False,True,False,,,,short,down the leg side,,push,,controlled,fine leg,,,,,keyword,6,,False,False,False,False,False,False,False,True,False,
1,1558,Rajasthan Royals,RR,5,3,PJ Cummins,25,1,0,45/0,24.00,2.01,2.1,1,1,"Cummins to Jaiswal, 1 run",Pat Cummins continues their spell,"On a length ball straight at middle stump, Yashasvi Jaiswal drives it firmly along the ground, taking a single despite a quick save at extra cover.",7a80b657-514f-4db7-95c2-3423134e38f3,239611,"Sunrisers Hyderabad v Rajasthan Royals at New Chandigarh, Tata Indian Premier League, 27 May 2026",8903,Tata Indian Premier League,2026,"PCA International Cricket Stadium, Ground A, New Chandigarh",List A Twenty20,2026-05-27,68314.0,YB Jaiswal,left,14153.0,PJ Cummins,right,1153.0,Sunrisers Hyderabad,right pace,1.0,pace,2026-05-27 14:10:04,,,,,,,,106719992.0,307.0,40.0,69.0,4.0,1.0,1.0,False,False,True,False,,,,length ball,middle stump,,drive,along the ground,,extra cover,,,,,keyword,1,,False,False,False,False,False,False,False,False,False,
1,1558,Rajasthan Royals,RR,5,3,PJ Cummins,25,1,0,45/0,24.00,2.02,2.2,4,4,"Cummins to Sooryavanshi, 4 runs",,"Pat Cummins bowls a full ball on off stump, met with a well-timed, controlled drive that races away to long off for four.",7a80b657-514f-4db7-95c2-3423134e38f3,239611,"Sunrisers Hyderabad v Rajasthan Royals at New Chandigarh, Tata Indian Premier League, 27 May 2026",8903,Tata Indian Premier League,2026,"PCA International Cricket Stadium, Ground A, New Chandigarh",List A Twenty20,2026-05-27,83313.0,V Sooryavanshi,left,14153.0,PJ Cummins,right,1153.0,Sunrisers Hyderabad,right pace,1.0,pace,2026-05-27 14:10:48,,,,,,,,106719995.0,300.0,100.0,179.0,4.0,4.0,4.0,False,False,True,False,,,,full,off stump,,drive,,controlled,long off,,,,,keyword,4,,False,False,False,False,False,False,True,False,False,
1,1558,Rajasthan Royals,RR,5,3,PJ Cummins,25,1,0,45/0,24.00,2.03,2.2,1,1ʷᵈ,Pat Cummins to Vaibhav Sooryavanshi,,"Over the wicket. Short, leg stump, back foot, cut. 1 wide.",7a80b657-514f-4db7-95c2-3423134e38f3,239611,"Sunrisers Hyderabad v Rajasthan Royals at New Chandigarh, Tata Indian Premier League, 27 May 2026",8903,Tata Indian Premier League,2026,"PCA International Cricket Stadium, Ground A, New Chandigarh",List A Twenty20,2026-05-27,,,,,,,,,,,,,,,,,,,,,,,,,,,False,False,False,False,over the wicket,,,short,leg stump,back foot,cut,,,,,,,,template_arm,1,wide,False,True,False,False,False,False,False,False,False,
1,1558,Rajasthan Royals,RR,5,3,PJ Cummins,25,1,0,45/0,24.00,2.04,2.3,6,6,Pat Cummins to Vaibhav Sooryavanshi,,"Over the wicket. Full, leg stump, front foot, drive. 6 runs.",7a80b657-514f-4db7-95c2-3423134e38f3,239611,"Sunrisers Hyderabad v Rajasthan Royals at New Chandigarh, Tata Indian Premier League, 27 May 2026",8903,Tata Indian Premier League,2026,"PCA International Cricket Stadium, Ground A, New Chandigarh",List A Twenty20,2026-05-27,83313.0,V Sooryavanshi,left,14153.0,PJ Cummins,right,1153.0,Sunrisers Hyderabad,right pace,1.0,pace,2026-05-27 14:12:00,,,,,,,,106720001.0,263.0,100.0,180.0,5.0,6.0,6.0,False,False,True,False,over the wicket,,,full,leg stump,front foot,drive,,,,,,,,template_arm,6,,False,False,False,False,False,False,False,True,False,
1,1558,Rajasthan Royals,RR,5,3,PJ Cummins,25,1,0,45/0,24.00,2.05,2.4,6,6,"Cummins to Sooryavanshi, 6 runs",,"Pat Cummins bowls a short ball down the leg side, but Vaibhav Sooryavanshi is quick on the cut. He middled it with controlled finesse, sending the ball racing over third man for a massive six! Vaibhav Sooryavanshi now has three boundaries this over, including another six, taking the total to 18 runs in this over.",7a80b657-514f-4db7-95c2-3423134e38f3,239611,"Sunrisers Hyderabad v Rajasthan Royals at New Chandigarh, Tata Indian Premier League, 27 May 2026",8903,Tata Indian Premier League,2026,"PCA International Cricket Stadium, Ground A, New Chandigarh",List A Twenty20,2026-05-27,83313.0,V Sooryavanshi,left,14153.0,PJ Cummins,right,1153.0,Sunrisers Hyderabad,right pace,1.0,pace,2026-05-27 14:12:39,,,,,,,,106720003.0,44.0,100.0,163.0,2.0,6.0,6.0,False,False,True,False,,,,short,down the leg side,,cut,,controlled,third man,,,,,keyword,6,,False,False,False,False,False,False,False,True,False,
1,1558,Rajasthan Royals,RR,5,3,PJ Cummins,25,1,0,45/0,24.00,2.06,2.5,6,6,"Cummins to Sooryavanshi, 6 runs",,"This off cutter on a length, angling around off stump, is met with a controlled, well-timed slog from the batter. The ball soars high and clears long on for a big six. Vaibhav Sooryavanshi is flaring now with another six, bringing up 24 runs in this over alone, including four boundaries. What a strike rate — thirty off just nine balls!",7a80b657-514f-4db7-95c2-3423134e38f3,239611,"Sunrisers Hyderabad v Rajasthan Royals at New Chandigarh, Tata Indian Premier League, 27 May 2026",8903,Tata Indian Premier League,2026,"PCA International Cricket Stadium, Ground A, New Chandigarh",List A Twenty20,2026-05-27,83313.0,V Sooryavanshi,left,14153.0,PJ Cummins,right,1153.0,Sunrisers Hyderabad,right pace,1.0,pace,2026-05-27 14:13:48,,,,,,,,106720007.0,267.0,100.0,180.0,4.0,6.0,6.0,False,False,True,False,,,,,off stump,,slog,,controlled,,,,,,keyword,6,,False,False,False,False,False,False,False,True,False,
1,1558,Rajasthan Royals,RR,5,3,PJ Cummins,25,1,0,45/0,24.00,2.07,2.6,1,1,Pat Cummins to Vaibhav Sooryavanshi,,"Over the wicket. Full, down leg, front foot, worked along the ground to Heinrich Klaasen at deep mid wicket. 1 run.",7a80b657-514f-4db7-95c2-3423134e38f3,239611,"Sunrisers Hyderabad v Rajasthan Royals at New Chandigarh, Tata Indian Premier League, 27 May 2026",8903,Tata Indian Premier League,2026,"PCA International Cricket Stadium, Ground A, New Chandigarh",List A Twenty20,2026-05-27,83313.0,V Sooryavanshi,left,14153.0,PJ Cummins,right,1153.0,Sunrisers Hyderabad,right pace,1.0,pace,2026-05-27 14:14:50,,,,,,,,106720011.0,223.0,70.0,119.0,6.0,1.0,1.0,False,False,True,False,over the wicket,,,full,down leg,front foot,work,along the ground,,deep mid wicket,Heinrich Klaasen,,,,template_arm,1,,False,False,False,False,False,False,False,False,False,
1,1558,Rajasthan Royals,RR,5,4,Sakib Hussain,18,0,0,63/0,18.00,3.01,3.1,0,0,"Hussain to Sooryavanshi, no run",Sakib Hussain takes the ball for their 1st spell,"Sakib Hussain delivers a full ball on off stump, with Vaibhav Sooryavanshi pushing it gently to cover where the fielder, Shivang Kumar, collects it cleanly. No run comes off this carefully played delivery.",7a80b657-514f-4db7-95c2-3423134e38f3,239611,"Sunrisers Hyderabad v Rajasthan Royals at New Chandigarh, Tata Indian Premier League, 27 May 2026",8903,Tata Indian Premier League,2026,"PCA International Cricket Stadium, Ground A, New Chandigarh",List A Twenty20,2026-05-27,,,,,,,,,,,,,,,,,,,,,,,,,,,False,False,False,False,,,,full,off stump,,push,,,cover,,,,,keyword,0,,False,False,False,False,False,False,False,False,True,
1,1558,Rajasthan Royals,RR,5,4,Sakib Hussain,18,0,0,63/0,18.00,3.02,3.2,6,6,"Hussain to Sooryavanshi, 6 runs",,"An off cutter pitched on length, drifting down the leg side, meets a beautifully controlled drive. The batter mulls precision and power, sending it crisply over extra cover for six. Rajasthan Royals move to 51 without loss, the partnership flourishing at 51 off just 20 balls.",7a80b657-514f-4db7-95c2-3423134e38f3,239611,"Sunrisers Hyderabad v Rajasthan Royals at New Chandigarh, Tata Indian Premier League, 27 May 2026",8903,Tata Indian Premier League,2026,"PCA International Cricket Stadium, Ground A, New Chandigarh",List A Twenty20,2026-05-27,83313.0,V Sooryavanshi,left,78832.0,Sakib Hussain,right,1153.0,Sunrisers Hyderabad,right pace,2.0,pace,2026-05-27 14:16:46,,,,,,,,106720023.0,308.0,100.0,178.0,4.0,6.0,6.0,False,False,True,False,,,,full,down the leg side,,drive,,controlled,extra cover,,,,,keyword,6,,False,False,False,False,False,False,False,True,False,
1,1558,Rajasthan Royals,RR,5,4,Sakib Hussain,18,0,0,63/0,18.00,3.03,3.3,0,0,Sakib Hussain to Vaibhav Sooryavanshi,,"Over the wicket. Length ball, outside off, front foot, slog. No run.",7a80b657-514f-4db7-95c2-3423134e38f3,239611,"Sunrisers Hyderabad v Rajasthan Royals at New Chandigarh, Tata Indian Premier League, 27 May 2026",8903,Tata Indian Premier League,2026,"PCA International Cricket Stadium, Ground A, New Chandigarh",List A Twenty20,2026-05-27,,,,,,,,,,,,,,,,,,,,,,,,,,,False,False,False,False,over the wicket,,,length ball,outside off,front foot,slog,,,,,,,,template_arm,0,,False,False,False,False,False,False,False,False,True,
1,1558,Rajasthan Royals,RR,5,4,Sakib Hussain,18,0,0,63/0,18.00,3.04,3.4,0,0,"Hussain to Sooryavanshi, no run",,"Sakib Hussain bowls a short off cutter on leg stump; Vaibhav Sooryavanshi attempts a pull but misses, and the ball is safely gathered by the wicketkeeper.",7a80b657-514f-4db7-95c2-3423134e38f3,239611,"Sunrisers Hyderabad v Rajasthan Royals at New Chandigarh, Tata Indian Premier League, 27 May 2026",8903,Tata Indian Premier League,2026,"PCA International Cricket Stadium, Ground A, New Chandigarh",List A Twenty20,2026-05-27,,,,,,,,,,,,,,,,,,,,,,,,,,,False,False,False,False,,,,short,leg stump,,pull,,,,,,,,keyword,0,,False,False,False,False,False,False,False,False,True,
1,1558,Rajasthan Royals,RR,5,4,Sakib Hussain,18,0,0,63/0,18.00,3.05,3.5,6,6,"Hussain to Sooryavanshi, 6 runs",,"An off cutter lands on middle stump, length ball, and Vaibhav Sooryavanshi elegantly drives it with perfect timing. The controlled stroke soars over long off for a beautiful six. Vaibhav Sooryavanshi adds another six, his second in this over.",7a80b657-514f-4db7-95c2-3423134e38f3,239611,"Sunrisers Hyderabad v Rajasthan Royals at New Chandigarh, Tata Indian Premier League, 27 May 2026",8903,Tata Indian Premier League,2026,"PCA International Cricket Stadium, Ground A, New Chandigarh",List A Twenty20,2026-05-27,83313.0,V Sooryavanshi,left,78832.0,Sakib Hussain,right,1153.0,Sunrisers Hyderabad,right pace,2.0,pace,2026-05-27 14:19:06,,,,,,,,106720036.0,299.0,100.0,179.0,4.0,6.0,6.0,False,False,True,False,,,,length ball,middle stump,,drive,,controlled,long off,,,,,keyword,6,,False,False,False,False,False,False,False,True,False,
1,1558,Rajasthan Royals,RR,5,4,Sakib Hussain,18,0,0,63/0,18.00,3.06,3.6,6,6,"Hussain to Sooryavanshi, 6 runs",,"The off cutter is short and nudged down the leg side. Vaibhav Sooryavanshi pulls it with a controlled middle connection, sending it soaring over deep backward square leg for six! Vaibhav marks another six, his third this over, bringing up a stunning 50 in just 16 balls at a strike rate of 338. That's 18 runs in this over already!",7a80b657-514f-4db7-95c2-3423134e38f3,239611,"Sunrisers Hyderabad v Rajasthan Royals at New Chandigarh, Tata Indian Premier League, 27 May 2026",8903,Tata Indian Premier League,2026,"PCA International Cricket Stadium, Ground A, New Chandigarh",List A Twenty20,2026-05-27,83313.0,V Sooryavanshi,left,78832.0,Sakib Hussain,right,1153.0,Sunrisers Hyderabad,right pace,2.0,pace,2026-05-27 14:20:01,,,,,,,,106720041.0,157.0,100.0,166.0,7.0,6.0,6.0,False,False,True,False,,,,short,down the leg side,,pull,,controlled,deep backward square leg,,,,,keyword,6,,False,False,False,False,False,False,False,True,False,
1,1558,Rajasthan Royals,RR,5,5,KKEM Dharmasena,11,0,0,74/0,11.00,4.01,4.1,4,4,Eshan Malinga to Yashasvi Jaiswal,,"Over the wicket. Back of a length, middle stump, back foot, drive. 4 runs.",7a80b657-514f-4db7-95c2-3423134e38f3,239611,"Sunrisers Hyderabad v Rajasthan Royals at New Chandigarh, Tata Indian Premier League, 27 May 2026",8903,Tata Indian Premier League,2026,"PCA International Cricket Stadium, Ground A, New Chandigarh",List A Twenty20,2026-05-27,68314.0,YB Jaiswal,left,77440.0,KKEM Dharmasena,right,1153.0,Sunrisers Hyderabad,right pace,1.0,pace,2026-05-27 14:21:16,,,,,,,,106720046.0,341.0,100.0,173.0,3.0,4.0,4.0,False,False,True,False,over the wicket,,,back of a length,middle stump,back foot,drive,,,,,,,,template_arm,4,,False,False,False,False,False,False,True,False,False,
1,1558,Rajasthan Royals,RR,5,5,KKEM Dharmasena,11,0,0,74/0,11.00,4.02,4.2,1,1,Eshan Malinga to Yashasvi Jaiswal,,"Over the wicket. Length ball, off stump, back foot, drive along the ground to Ravichandran Smaran at deep cover. 1 run.",7a80b657-514f-4db7-95c2-3423134e38f3,239611,"Sunrisers Hyderabad v Rajasthan Royals at New Chandigarh, Tata Indian Premier League, 27 May 2026",8903,Tata Indian Premier League,2026,"PCA International Cricket Stadium, Ground A, New Chandigarh",List A Twenty20,2026-05-27,68314.0,YB Jaiswal,left,77440.0,KKEM Dharmasena,right,1153.0,Sunrisers Hyderabad,right pace,1.0,pace,2026-05-27 14:21:49,,,,,,,,106720051.0,349.0,85.0,145.0,3.0,1.0,1.0,False,False,True,False,over the wicket,,,length ball,off stump,back foot,drive,along the ground,,deep cover,Ravichandran Smaran,,,,template_arm,1,,False,False,False,False,False,False,False,False,False,
1,1558,Rajasthan Royals,RR,5,5,KKEM Dharmasena,11,0,0,74/0,11.00,4.03,4.3,4,4,Eshan Malinga to Vaibhav Sooryavanshi,,"Over the wicket. Length ball, outside off, front foot, drive. 4 runs.",7a80b657-514f-4db7-95c2-3423134e38f3,239611,"Sunrisers Hyderabad v Rajasthan Royals at New Chandigarh, Tata Indian Premier League, 27 May 2026",8903,Tata Indian Premier League,2026,"PCA International Cricket Stadium, Ground A, New Chandigarh",List A Twenty20,2026-05-27,83313.0,V Sooryavanshi,left,77440.0,KKEM Dharmasena,right,1153.0,Sunrisers Hyderabad,right pace,1.0,pace,2026-05-27 14:22:42,,,,,,,,106720056.0,355.0,100.0,171.0,3.0,4.0,4.0,False,False,True,False,over the wicket,,,length ball,outside off,front foot,drive,,,,,,,,template_arm,4,,False,False,False,False,False,False,True,False,False,
1,1558,Rajasthan Royals,RR,5,5,KKEM Dharmasena,11,0,0,74/0,11.00,4.04,4.4,1,1,Eshan Malinga to Vaibhav Sooryavanshi,,"Over the wicket. Full toss, middle stump, front foot, flick along the ground to Heinrich Klaasen at long on. 1 run.",7a80b657-514f-4db7-95c2-3423134e38f3,239611,"Sunrisers Hyderabad v Rajasthan Royals at New Chandigarh, Tata Indian Premier League, 27 May 2026",8903,Tata Indian Premier League,2026,"PCA International Cricket Stadium, Ground A, New Chandigarh",List A Twenty20,2026-05-27,83313.0,V Sooryavanshi,left,77440.0,KKEM Dharmasena,right,1153.0,Sunrisers Hyderabad,right pace,1.0,pace,2026-05-27 14:23:22,,,,,,,,106720062.0,246.0,75.0,128.0,5.0,1.0,1.0,False,False,True,False,over the wicket,,,full toss,middle stump,front foot,flick,along the ground,,long on,Heinrich Klaasen,,,,template_arm,1,,False,False,False,False,False,False,False,False,False,
1,1558,Rajasthan Royals,RR,5,5,KKEM Dharmasena,11,0,0,74/0,11.00,4.05,4.5,1,1,Eshan Malinga to Yashasvi Jaiswal,,"Over the wicket. Length ball, middle stump, front foot, drive along the ground to Pat Cummins at extra cover. 1 run.",7a80b657-514f-4db7-95c2-3423134e38f3,239611,"Sunrisers Hyderabad v Rajasthan Royals at New Chandigarh, Tata Indian Premier League, 27 May 2026",8903,Tata Indian Premier League,2026,"PCA International Cricket Stadium, Ground A, New Chandigarh",List A Twenty20,2026-05-27,68314.0,YB Jaiswal,left,77440.0,KKEM Dharmasena,right,1153.0,Sunrisers Hyderabad,right pace,1.0,pace,2026-05-27 14:24:01,,,,,,,,106720065.0,304.0,65.0,114.0,4.0,1.0,1.0,False,False,True,False,over the wicket,,,length ball,middle stump,front foot,drive,along the ground,,extra cover,Pat Cummins,,,,template_arm,1,,False,False,False,False,False,False,False,False,False,
1,1558,Rajasthan Royals,RR,5,5,KKEM Dharmasena,11,0,0,74/0,11.00,4.06,4.6,0,0,"Malinga to Sooryavanshi, no run",,"A full, leg-stump delivery with no movement sees the batter work the ball towards mid off, but it's mis-timed and quickly fielded for no run.",7a80b657-514f-4db7-95c2-3423134e38f3,239611,"Sunrisers Hyderabad v Rajasthan Royals at New Chandigarh, Tata Indian Premier League, 27 May 2026",8903,Tata Indian Premier League,2026,"PCA International Cricket Stadium, Ground A, New Chandigarh",List A Twenty20,2026-05-27,,,,,,,,,,,,,,,,,,,,,,,,,,,False,False,False,False,,,,full,,no movement,work,,,mid off,,,,,keyword,0,,False,False,False,False,False,False,False,False,True,
1,1558,Rajasthan Royals,RR,5,6,PP Hinge,6,0,0,80/0,6.00,5.01,5.1,0,0,Praful Hinge to Yashasvi Jaiswal,,"Over the wicket. Length ball, off stump, back foot, cut. No run.",7a80b657-514f-4db7-95c2-3423134e38f3,239611,"Sunrisers Hyderabad v Rajasthan Royals at New Chandigarh, Tata Indian Premier League, 27 May 2026",8903,Tata Indian Premier League,2026,"PCA International Cricket Stadium, Ground A, New Chandigarh",List A Twenty20,2026-05-27,,,,,,,,,,,,,,,,,,,,,,,,,,,False,False,False,False,over the wicket,,,length ball,off stump,back foot,cut,,,,,,,,template_arm,0,,False,False,False,False,False,False,False,False,True,
1,1558,Rajasthan Royals,RR,5,6,PP Hinge,6,0,0,80/0,6.00,5.02,5.2,0,0,"Hinge to Jaiswal, no run",,"Praful Hinge bowls a length ball straight on middle, met with a controlled drive that stays along the ground. The fielder at mid-off, Pat Cummins, fields it cleanly, leaving no runs added.",7a80b657-514f-4db7-95c2-3423134e38f3,239611,"Sunrisers Hyderabad v Rajasthan Royals at New Chandigarh, Tata Indian Premier League, 27 May 2026",8903,Tata Indian Premier League,2026,"PCA International Cricket Stadium, Ground A, New Chandigarh",List A Twenty20,2026-05-27,,,,,,,,,,,,,,,,,,,,,,,,,,,False,False,False,False,,,,length ball,,,drive,along the ground,controlled,,,,,,keyword,0,,False,False,False,False,False,False,False,False,True,
1,1558,Rajasthan Royals,RR,5,6,PP Hinge,6,0,0,80/0,6.00,5.03,5.3,4,4,"Hinge to Jaiswal, 4 runs",,"A back of a length delivery on off stump with no movement, expertly scooped off the pads. The batter sends it with well-controlled timing, gliding the ball finely past the keeper and racing away to the fine leg boundary.",7a80b657-514f-4db7-95c2-3423134e38f3,239611,"Sunrisers Hyderabad v Rajasthan Royals at New Chandigarh, Tata Indian Premier League, 27 May 2026",8903,Tata Indian Premier League,2026,"PCA International Cricket Stadium, Ground A, New Chandigarh",List A Twenty20,2026-05-27,68314.0,YB Jaiswal,left,87731.0,PP Hinge,right,1153.0,Sunrisers Hyderabad,right pace,2.0,pace,2026-05-27 14:27:05,,,,,,,,106720087.0,112.0,100.0,161.0,8.0,4.0,4.0,False,False,True,False,,,,back of a length,off stump,no movement,pad,,controlled,keeper,,,,,keyword,4,,False,False,False,False,False,False,True,False,False,
1,1558,Rajasthan Royals,RR,5,6,PP Hinge,6,0,0,80/0,6.00,5.04,5.4,1,1,Praful Hinge to Yashasvi Jaiswal,,"Over the wicket. Length ball, down leg, down the track, drive along the ground to Shivang Kumar at extra cover. 1 run.",7a80b657-514f-4db7-95c2-3423134e38f3,239611,"Sunrisers Hyderabad v Rajasthan Royals at New Chandigarh, Tata Indian Premier League, 27 May 2026",8903,Tata Indian Premier League,2026,"PCA International Cricket Stadium, Ground A, New Chandigarh",List A Twenty20,2026-05-27,68314.0,YB Jaiswal,left,87731.0,PP Hinge,right,1153.0,Sunrisers Hyderabad,right pace,2.0,pace,2026-05-27 14:28:02,,,,,,,,106720091.0,320.0,55.0,97.0,3.0,1.0,1.0,False,False,True,False,over the wicket,,,length ball,down leg,down the track,drive,along the ground,,extra cover,Shivang Kumar,,,,template_arm,1,,False,False,False,False,False,False,False,False,False,
1,1558,Rajasthan Royals,RR,5,6,PP Hinge,6,0,0,80/0,6.00,5.05,5.5,1,1,"Hinge to Sooryavanshi, 1 run",,"A full toss on leg stump, Vaibhav Sooryavanshi swings a slog-shot and manages to sneak a quick single down to deep square leg.",7a80b657-514f-4db7-95c2-3423134e38f3,239611,"Sunrisers Hyderabad v Rajasthan Royals at New Chandigarh, Tata Indian Premier League, 27 May 2026",8903,Tata Indian Premier League,2026,"PCA International Cricket Stadium, Ground A, New Chandigarh",List A Twenty20,2026-05-27,83313.0,V Sooryavanshi,left,87731.0,PP Hinge,right,1153.0,Sunrisers Hyderabad,right pace,2.0,pace,2026-05-27 14:28:50,,,,,,,,106720097.0,182.0,85.0,141.0,6.0,1.0,1.0,False,False,True,False,,,,full toss,leg stump,,slog,,,deep square leg,,,,,keyword,1,,False,False,False,False,False,False,False,False,False,
1,1558,Rajasthan Royals,RR,5,6,PP Hinge,6,0,0,80/0,6.00,5.06,5.6,0,0,"Hinge to Jaiswal, no run",,"Praful Hinge bowls a yorker straight on middle stump, but Yashasvi Jaiswal cleverly cuts it behind square, keeping the scoreboard still with no run.",7a80b657-514f-4db7-95c2-3423134e38f3,239611,"Sunrisers Hyderabad v Rajasthan Royals at New Chandigarh, Tata Indian Premier League, 27 May 2026",8903,Tata Indian Premier League,2026,"PCA International Cricket Stadium, Ground A, New Chandigarh",List A Twenty20,2026-05-27,,,,,,,,,,,,,,,,,,,,,,,,,,,False,False,False,False,,,,yorker,middle stump,,cut,,,,,,,,keyword,0,,False,False,False,False,False,False,False,False,True,
1,1558,Rajasthan Royals,RR,5,7,Sakib Hussain,16,0,0,96/0,16.00,6.01,6.1,1,1,Sakib Hussain to Vaibhav Sooryavanshi,,"Over the wicket. Length ball, leg stump, front foot, pushed along the ground to Abhishek Sharma at long off. 1 run.",7a80b657-514f-4db7-95c2-3423134e38f3,239611,"Sunrisers Hyderabad v Rajasthan Royals at New Chandigarh, Tata Indian Premier League, 27 May 2026",8903,Tata Indian Premier League,2026,"PCA International Cricket Stadium, Ground A, New Chandigarh",List A Twenty20,2026-05-27,83313.0,V Sooryavanshi,left,78832.0,Sakib Hussain,right,1153.0,Sunrisers Hyderabad,right pace,2.0,pace,2026-05-27 14:33:13,,,,,,,,106720118.0,298.0,70.0,121.0,4.0,1.0,1.0,False,False,True,False,over the wicket,,,length ball,leg stump,front foot,push,along the ground,,long off,Abhishek Sharma,,,,template_arm,1,,False,False,False,False,False,False,False,False,False,
1,1558,Rajasthan Royals,RR,5,7,Sakib Hussain,16,0,0,96/0,16.00,6.02,6.2,4,4,Sakib Hussain to Yashasvi Jaiswal,,"Over the wicket. Short, down leg, back foot, upper cut. 4 runs.",7a80b657-514f-4db7-95c2-3423134e38f3,239611,"Sunrisers Hyderabad v Rajasthan Royals at New Chandigarh, Tata Indian Premier League, 27 May 2026",8903,Tata Indian Premier League,2026,"PCA International Cricket Stadium, Ground A, New Chandigarh",List A Twenty20,2026-05-27,68314.0,YB Jaiswal,left,78832.0,Sakib Hussain,right,1153.0,Sunrisers Hyderabad,right pace,2.0,pace,2026-05-27 14:33:58,,,,,,,,106720124.0,73.0,100.0,160.0,1.0,4.0,4.0,False,False,True,False,over the wicket,,,short,down leg,back foot,cut,,,,,,,,template_arm,4,,False,False,False,False,False,False,True,False,False,
1,1558,Rajasthan Royals,RR,5,7,Sakib Hussain,16,0,0,96/0,16.00,6.03,6.3,0,0,Sakib Hussain to Yashasvi Jaiswal,,"Over the wicket. Back of a length, down leg, back foot, worked along the ground to Sakib Hussain at bowler. No run.",7a80b657-514f-4db7-95c2-3423134e38f3,239611,"Sunrisers Hyderabad v Rajasthan Royals at New Chandigarh, Tata Indian Premier League, 27 May 2026",8903,Tata Indian Premier League,2026,"PCA International Cricket Stadium, Ground A, New Chandigarh",List A Twenty20,2026-05-27,,,,,,,,,,,,,,,,,,,,,,,,,,,False,False,False,False,over the wicket,,,back of a length,down leg,back foot,work,along the ground,,bowler,Sakib Hussain,,,,template_arm,0,,False,False,False,False,False,False,False,False,True,
1,1558,Rajasthan Royals,RR,5,7,Sakib Hussain,16,0,0,96/0,16.00,6.04,6.4,1,1,"Hussain to Jaiswal, 1 run",,"An off cutter aimed on leg stump and pitched at length. Yashasvi Jaiswal steers a controlled cut shot along the ground, picking up a quick single.",7a80b657-514f-4db7-95c2-3423134e38f3,239611,"Sunrisers Hyderabad v Rajasthan Royals at New Chandigarh, Tata Indian Premier League, 27 May 2026",8903,Tata Indian Premier League,2026,"PCA International Cricket Stadium, Ground A, New Chandigarh",List A Twenty20,2026-05-27,68314.0,YB Jaiswal,left,78832.0,Sakib Hussain,right,1153.0,Sunrisers Hyderabad,right pace,2.0,pace,2026-05-27 14:35:18,,,,,,,,106720133.0,5.0,50.0,88.0,2.0,1.0,1.0,False,False,True,False,,,,,leg stump,,steer,along the ground,controlled,,,,,,keyword,1,,False,False,False,False,False,False,False,False,False,
1,1558,Rajasthan Royals,RR,5,7,Sakib Hussain,16,0,0,96/0,16.00,6.05,6.5,4,4,"Hussain to Sooryavanshi, 4 runs",,"An off cutter delivered back of a length, angling down the leg side. Vaibhav Sooryavanshi leans into a well-timed, controlled pull shot that races away to the deep backward square leg boundary for four.",7a80b657-514f-4db7-95c2-3423134e38f3,239611,"Sunrisers Hyderabad v Rajasthan Royals at New Chandigarh, Tata Indian Premier League, 27 May 2026",8903,Tata Indian Premier League,2026,"PCA International Cricket Stadium, Ground A, New Chandigarh",List A Twenty20,2026-05-27,83313.0,V Sooryavanshi,left,78832.0,Sakib Hussain,right,1153.0,Sunrisers Hyderabad,right pace,2.0,pace,2026-05-27 14:36:18,,,,,,,,106720137.0,157.0,100.0,166.0,7.0,4.0,4.0,False,False,True,False,,,,back of a length,down the leg side,,pull,,controlled,deep backward square leg,,,,,keyword,4,,False,False,False,False,False,False,True,False,False,
1,1558,Rajasthan Royals,RR,5,7,Sakib Hussain,16,0,0,96/0,16.00,6.06,6.6,6,6,"Hussain to Sooryavanshi, 6 runs",,"Sakib Hussain bowls a short off cutter down the leg side, but Vaibhav Sooryavanshi pulls it with perfect timing and control, sending it flying over fine leg for a spectacular six. That brings the total to 16 runs in this over with two boundaries for Vaibhav Sooryavanshi.",7a80b657-514f-4db7-95c2-3423134e38f3,239611,"Sunrisers Hyderabad v Rajasthan Royals at New Chandigarh, Tata Indian Premier League, 27 May 2026",8903,Tata Indian Premier League,2026,"PCA International Cricket Stadium, Ground A, New Chandigarh",List A Twenty20,2026-05-27,83313.0,V Sooryavanshi,left,78832.0,Sakib Hussain,right,1153.0,Sunrisers Hyderabad,right pace,2.0,pace,2026-05-27 14:37:03,,,,,,,,106720139.0,141.0,100.0,164.0,7.0,6.0,6.0,False,False,True,False,,,,short,down the leg side,,pull,,,fine leg,,,,,keyword,6,,False,False,False,False,False,False,False,True,False,
1,1558,Rajasthan Royals,RR,5,8,PP Hinge,29,2,1,125/1,23.14,7.01,7.1,1,1,"Hinge to Jaiswal, 1 run",Praful Hinge continues their spell,"A length ball outside off stump and the batter leans into a controlled drive, neatly steering it past the infield for a single.",7a80b657-514f-4db7-95c2-3423134e38f3,239611,"Sunrisers Hyderabad v Rajasthan Royals at New Chandigarh, Tata Indian Premier League, 27 May 2026",8903,Tata Indian Premier League,2026,"PCA International Cricket Stadium, Ground A, New Chandigarh",List A Twenty20,2026-05-27,68314.0,YB Jaiswal,left,87731.0,PP Hinge,right,1153.0,Sunrisers Hyderabad,right pace,2.0,pace,2026-05-27 14:38:20,,,,,,,,106720145.0,355.0,80.0,132.0,3.0,1.0,1.0,False,False,True,False,,,,length ball,outside off,,drive,,controlled,,,,,,keyword,1,,False,False,False,False,False,False,False,False,False,
1,1558,Rajasthan Royals,RR,5,8,PP Hinge,29,2,1,125/1,23.14,7.02,7.2,6,6,Praful Hinge to Vaibhav Sooryavanshi,,"Over the wicket. Length ball, down leg, back foot, flick. 6 runs.",7a80b657-514f-4db7-95c2-3423134e38f3,239611,"Sunrisers Hyderabad v Rajasthan Royals at New Chandigarh, Tata Indian Premier League, 27 May 2026",8903,Tata Indian Premier League,2026,"PCA International Cricket Stadium, Ground A, New Chandigarh",List A Twenty20,2026-05-27,83313.0,V Sooryavanshi,left,87731.0,PP Hinge,right,1153.0,Sunrisers Hyderabad,right pace,2.0,pace,2026-05-27 14:39:19,,,,,,,,106720150.0,189.0,100.0,172.0,6.0,6.0,6.0,False,False,True,False,over the wicket,,,length ball,down leg,back foot,flick,,,,,,,,template_arm,6,,False,False,False,False,False,False,False,True,False,
1,1558,Rajasthan Royals,RR,5,8,PP Hinge,29,2,1,125/1,23.14,7.03,7.2,1,1ʷᵈ,"Hinge to Sooryavanshi, 1 run (wide)",,"Praful Hinge bowls a full delivery wide outside off. Vaibhav Sooryavanshi attempts a cut shot but misses, and a wide is signaled, adding an extra run to the scoreboard.",7a80b657-514f-4db7-95c2-3423134e38f3,239611,"Sunrisers Hyderabad v Rajasthan Royals at New Chandigarh, Tata Indian Premier League, 27 May 2026",8903,Tata Indian Premier League,2026,"PCA International Cricket Stadium, Ground A, New Chandigarh",List A Twenty20,2026-05-27,,,,,,,,,,,,,,,,,,,,,,,,,,,False,False,False,False,,,,full,wide outside off,,cut,,,,,,,,keyword,1,wide,False,True,False,False,False,False,False,False,False,
1,1558,Rajasthan Royals,RR,5,8,PP Hinge,29,2,1,125/1,23.14,7.04,7.3,4,4,Praful Hinge to Vaibhav Sooryavanshi,,"Over the wicket. Length ball, off stump, front foot, drive. 4 runs.",7a80b657-514f-4db7-95c2-3423134e38f3,239611,"Sunrisers Hyderabad v Rajasthan Royals at New Chandigarh, Tata Indian Premier League, 27 May 2026",8903,Tata Indian Premier League,2026,"PCA International Cricket Stadium, Ground A, New Chandigarh",List A Twenty20,2026-05-27,83313.0,V Sooryavanshi,left,87731.0,PP Hinge,right,1153.0,Sunrisers Hyderabad,right pace,2.0,pace,2026-05-27 14:41:10,,,,,,,,106720158.0,352.0,100.0,171.0,3.0,4.0,4.0,False,False,True,False,over the wicket,,,length ball,off stump,front foot,drive,,,,,,,,template_arm,4,,False,False,False,False,False,False,True,False,False,
1,1558,Rajasthan Royals,RR,5,8,PP Hinge,29,2,1,125/1,23.14,7.05,7.3,5,5ⁿᵇ,"Hinge to Sooryavanshi, 5 runs (no ball)",,"A risky beamer right on leg stump. Vaibhav Sooryavanshi mis-times a pull but still manages to send the ball skating fine leg for four, helped by a no-ball call. Vaibhav Sooryavanshi is on fire with three boundaries this over, adding to the 17 runs scored so far.",7a80b657-514f-4db7-95c2-3423134e38f3,239611,"Sunrisers Hyderabad v Rajasthan Royals at New Chandigarh, Tata Indian Premier League, 27 May 2026",8903,Tata Indian Premier League,2026,"PCA International Cricket Stadium, Ground A, New Chandigarh",List A Twenty20,2026-05-27,83313.0,V Sooryavanshi,left,87731.0,PP Hinge,right,1153.0,Sunrisers Hyderabad,right pace,2.0,pace,2026-05-27 14:41:53,,,,,,,,106720169.0,109.0,100.0,161.0,8.0,4.0,5.0,False,False,True,False,,,,beamer,leg stump,,pull,,,,,,,,keyword,5,no ball,False,False,True,False,False,False,False,False,False,
1,1558,Rajasthan Royals,RR,5,8,PP Hinge,29,2,1,125/1,23.14,7.06,7.4,6,6,"Hinge to Sooryavanshi, 6 runs",,"A full toss right on middle stump, Vaibhav Sooryavanshi pulls it with excellent control and middle-of-the-bat timing. The shot sails cleanly over deep square leg for a magnificent six! Vaibhav Sooryavanshi is on fire with another six, bringing up 23 runs this over and four boundaries in total.",7a80b657-514f-4db7-95c2-3423134e38f3,239611,"Sunrisers Hyderabad v Rajasthan Royals at New Chandigarh, Tata Indian Premier League, 27 May 2026",8903,Tata Indian Premier League,2026,"PCA International Cricket Stadium, Ground A, New Chandigarh",List A Twenty20,2026-05-27,83313.0,V Sooryavanshi,left,87731.0,PP Hinge,right,1153.0,Sunrisers Hyderabad,right pace,2.0,pace,2026-05-27 14:42:55,,,,,,,,106720175.0,192.0,100.0,172.0,6.0,6.0,6.0,False,False,True,False,,,,full toss,middle stump,,pull,,,deep square leg,,,,,keyword,6,,False,False,False,False,False,False,False,True,False,
1,1558,Rajasthan Royals,RR,5,8,PP Hinge,29,2,1,125/1,23.14,7.07,7.5,6,6,Praful Hinge to Vaibhav Sooryavanshi,,"Over the wicket. Length ball, outside off, front foot, drive. 6 runs.",7a80b657-514f-4db7-95c2-3423134e38f3,239611,"Sunrisers Hyderabad v Rajasthan Royals at New Chandigarh, Tata Indian Premier League, 27 May 2026",8903,Tata Indian Premier League,2026,"PCA International Cricket Stadium, Ground A, New Chandigarh",List A Twenty20,2026-05-27,83313.0,V Sooryavanshi,left,87731.0,PP Hinge,right,1153.0,Sunrisers Hyderabad,right pace,2.0,pace,2026-05-27 14:43:53,,,,,,,,106720179.0,318.0,100.0,177.0,3.0,6.0,6.0,False,False,True,False,over the wicket,,,length ball,outside off,front foot,drive,,,,,,,,template_arm,6,,False,False,False,False,False,False,False,True,False,
1,1558,Rajasthan Royals,RR,5,8,PP Hinge,29,2,1,125/1,23.14,7.08,7.6,0,W,"Hinge to Sooryavanshi, out!",,"A short, no-movement delivery on the leg side results in a top-edged cut shot. Vaibhav Sooryavanshi attempts the cut but is caught by the third man. Vaibhav Sooryavanshi departs for a brilliant 97 off 29 balls.",7a80b657-514f-4db7-95c2-3423134e38f3,239611,"Sunrisers Hyderabad v Rajasthan Royals at New Chandigarh, Tata Indian Premier League, 27 May 2026",8903,Tata Indian Premier League,2026,"PCA International Cricket Stadium, Ground A, New Chandigarh",List A Twenty20,2026-05-27,,,,,,,,,,,,,,,,,,,,,,,,,,,False,False,False,True,,,,short,,,cut,,,,the third man,caught,,,keyword,0,,True,False,False,False,False,False,False,False,False,commentary
1,1558,Rajasthan Royals,RR,5,9,S Kumar,4,0,0,129/1,4.00,8.01,8.1,1,1,Shivang Kumar to Yashasvi Jaiswal,,"Over the wicket. Full, off stump, front foot, worked along the ground to Nitish Kumar Reddy at deep mid wicket. 1 run.",7a80b657-514f-4db7-95c2-3423134e38f3,239611,"Sunrisers Hyderabad v Rajasthan Royals at New Chandigarh, Tata Indian Premier League, 27 May 2026",8903,Tata Indian Premier League,2026,"PCA International Cricket Stadium, Ground A, New Chandigarh",List A Twenty20,2026-05-27,68314.0,YB Jaiswal,left,90837.0,S Kumar,left,1153.0,Sunrisers Hyderabad,left unorthodox,6.0,spin,2026-05-27 14:47:27,,,,,,,,106720192.0,213.0,75.0,128.0,6.0,1.0,1.0,False,False,True,False,over the wicket,,,full,off stump,front foot,work,along the ground,,deep mid wicket,Nitish Kumar Reddy,,,,template_arm,1,,False,False,False,False,False,False,False,False,False,
1,1558,Rajasthan Royals,RR,5,9,S Kumar,4,0,0,129/1,4.00,8.02,8.2,1,1,Shivang Kumar to Dhruv Jurel,,"Over the wicket. Length ball, down leg, back foot, worked along the ground. 1 run.",7a80b657-514f-4db7-95c2-3423134e38f3,239611,"Sunrisers Hyderabad v Rajasthan Royals at New Chandigarh, Tata Indian Premier League, 27 May 2026",8903,Tata Indian Premier League,2026,"PCA International Cricket Stadium, Ground A, New Chandigarh",List A Twenty20,2026-05-27,71456.0,DC Jurel,right,90837.0,S Kumar,left,1153.0,Sunrisers Hyderabad,left unorthodox,6.0,spin,2026-05-27 14:48:14,,,,,,,,106720193.0,19.0,75.0,126.0,2.0,1.0,1.0,False,False,True,False,over the wicket,,,length ball,down leg,back foot,work,along the ground,,,,,,,template_arm,1,,False,False,False,False,False,False,False,False,False,
1,1558,Rajasthan Royals,RR,5,9,S Kumar,4,0,0,129/1,4.00,8.03,8.3,0,0,"Kumar to Jaiswal, no run",,"Outside off, length ball on the stock delivery, the batter attempts a cut but misses cleanly. A tidy dot ball there.",7a80b657-514f-4db7-95c2-3423134e38f3,239611,"Sunrisers Hyderabad v Rajasthan Royals at New Chandigarh, Tata Indian Premier League, 27 May 2026",8903,Tata Indian Premier League,2026,"PCA International Cricket Stadium, Ground A, New Chandigarh",List A Twenty20,2026-05-27,,,,,,,,,,,,,,,,,,,,,,,,,,,False,False,False,False,,,,length ball,outside off,,cut,,,,,,,,keyword,0,,False,False,False,False,False,False,False,False,True,
1,1558,Rajasthan Royals,RR,5,9,S Kumar,4,0,0,129/1,4.00,8.04,8.4,1,1,"Kumar to Jaiswal, 1 run",,"The bowler tosses up a googly pitched just outside off, and the batter steps forward to drive it firmly along the ground, securing a well-judged single.",7a80b657-514f-4db7-95c2-3423134e38f3,239611,"Sunrisers Hyderabad v Rajasthan Royals at New Chandigarh, Tata Indian Premier League, 27 May 2026",8903,Tata Indian Premier League,2026,"PCA International Cricket Stadium, Ground A, New Chandigarh",List A Twenty20,2026-05-27,68314.0,YB Jaiswal,left,90837.0,S Kumar,left,1153.0,Sunrisers Hyderabad,left unorthodox,6.0,spin,2026-05-27 14:49:05,,,,,,,,106720197.0,290.0,70.0,130.0,4.0,1.0,1.0,False,False,True,False,,,,,outside off,,drive,along the ground,,,,,,,keyword,1,,False,False,False,False,False,False,False,False,False,
1,1558,Rajasthan Royals,RR,5,9,S Kumar,4,0,0,129/1,4.00,8.05,8.5,1,1,"Kumar to Jurel, 1 run",,"Dhruv Jurel plays a well-timed, controlled drive through the off side, picking up a single despite the missed chance.",7a80b657-514f-4db7-95c2-3423134e38f3,239611,"Sunrisers Hyderabad v Rajasthan Royals at New Chandigarh, Tata Indian Premier League, 27 May 2026",8903,Tata Indian Premier League,2026,"PCA International Cricket Stadium, Ground A, New Chandigarh",List A Twenty20,2026-05-27,71456.0,DC Jurel,right,90837.0,S Kumar,left,1153.0,Sunrisers Hyderabad,left unorthodox,6.0,spin,2026-05-27 14:49:33,,,,,,,,106720198.0,260.0,75.0,134.0,5.0,1.0,1.0,False,False,True,False,,,,,,,drive,,controlled,,,,,,keyword,1,,False,False,False,False,False,False,False,False,False,
1,1558,Rajasthan Royals,RR,5,9,S Kumar,4,0,0,129/1,4.00,8.06,8.6,0,0,"Kumar to Jaiswal, no run",,"A tricky googly outside off with a back of a length, met with a mis-timed cut that fails to find the gap, resulting in a dot ball.",7a80b657-514f-4db7-95c2-3423134e38f3,239611,"Sunrisers Hyderabad v Rajasthan Royals at New Chandigarh, Tata Indian Premier League, 27 May 2026",8903,Tata Indian Premier League,2026,"PCA International Cricket Stadium, Ground A, New Chandigarh",List A Twenty20,2026-05-27,,,,,,,,,,,,,,,,,,,,,,,,,,,False,False,False,False,,,,back of a length,outside off,,cut,,,,,,,,keyword,0,,False,False,False,False,False,False,False,False,True,
1,1558,Rajasthan Royals,RR,5,10,K Nitish Kumar Reddy,7,0,0,136/1,7.00,9.01,9.1,4,4,"Reddy to Jurel, 4 runs",Nitish Kumar Reddy takes the ball for their 1st spell,"The length ball drifting outside off is met with a crisply timed cut shot. Dhruv Jurel sends it racing past backward point, racing to the third man boundary after a misfield.",7a80b657-514f-4db7-95c2-3423134e38f3,239611,"Sunrisers Hyderabad v Rajasthan Royals at New Chandigarh, Tata Indian Premier League, 27 May 2026",8903,Tata Indian Premier League,2026,"PCA International Cricket Stadium, Ground A, New Chandigarh",List A Twenty20,2026-05-27,71456.0,DC Jurel,right,74028.0,K Nitish Kumar Reddy,right,1153.0,Sunrisers Hyderabad,right pace,2.0,pace,2026-05-27 14:51:16,,,,,,,,106720203.0,138.0,100.0,163.0,7.0,4.0,4.0,False,False,True,False,,,,length ball,outside off,,cut,,,backward point,,,,,keyword,4,,False,False,False,False,False,False,True,False,False,
1,1558,Rajasthan Royals,RR,5,10,K Nitish Kumar Reddy,7,0,0,136/1,7.00,9.02,9.2,1,1,Nitish Kumar Reddy to Dhruv Jurel,,"Over the wicket. Back of a length, outside off, back foot, steer along the ground to Sakib Hussain at third man. 1 run.",7a80b657-514f-4db7-95c2-3423134e38f3,239611,"Sunrisers Hyderabad v Rajasthan Royals at New Chandigarh, Tata Indian Premier League, 27 May 2026",8903,Tata Indian Premier League,2026,"PCA International Cricket Stadium, Ground A, New Chandigarh",List A Twenty20,2026-05-27,71456.0,DC Jurel,right,74028.0,K Nitish Kumar Reddy,right,1153.0,Sunrisers Hyderabad,right pace,2.0,pace,2026-05-27 14:51:54,,,,,,,,106720206.0,115.0,85.0,137.0,8.0,1.0,1.0,False,False,True,False,over the wicket,,,back of a length,outside off,back foot,steer,along the ground,,third man,Sakib Hussain,,,,template_arm,1,,False,False,False,False,False,False,False,False,False,
1,1558,Rajasthan Royals,RR,5,10,K Nitish Kumar Reddy,7,0,0,136/1,7.00,9.03,9.3,0,0,"Reddy to Jaiswal, no run",,"A back of a length delivery on leg stump, no movement, is neatly steered down to fine leg for no run.",7a80b657-514f-4db7-95c2-3423134e38f3,239611,"Sunrisers Hyderabad v Rajasthan Royals at New Chandigarh, Tata Indian Premier League, 27 May 2026",8903,Tata Indian Premier League,2026,"PCA International Cricket Stadium, Ground A, New Chandigarh",List A Twenty20,2026-05-27,,,,,,,,,,,,,,,,,,,,,,,,,,,False,False,False,False,,,,back of a length,leg stump,no movement,steer,,,fine leg,,,,,keyword,0,,False,False,False,False,False,False,False,False,True,
1,1558,Rajasthan Royals,RR,5,10,K Nitish Kumar Reddy,7,0,0,136/1,7.00,9.04,9.4,2,2,"Reddy to Jaiswal, 2 runs",,"Yashasvi Jaiswal confidently leans into a full-length delivery outside off and drives it crisply along the ground, picking up a quick two runs.",7a80b657-514f-4db7-95c2-3423134e38f3,239611,"Sunrisers Hyderabad v Rajasthan Royals at New Chandigarh, Tata Indian Premier League, 27 May 2026",8903,Tata Indian Premier League,2026,"PCA International Cricket Stadium, Ground A, New Chandigarh",List A Twenty20,2026-05-27,68314.0,YB Jaiswal,left,74028.0,K Nitish Kumar Reddy,right,1153.0,Sunrisers Hyderabad,right pace,2.0,pace,2026-05-27 14:53:15,,,,,,,,106720211.0,347.0,85.0,143.0,3.0,2.0,2.0,False,False,True,False,,,,full,outside off,,drive,along the ground,,,,,,,keyword,2,,False,False,False,False,False,False,False,False,False,
1,1558,Rajasthan Royals,RR,5,10,K Nitish Kumar Reddy,7,0,0,136/1,7.00,9.05,9.5,0,0,"Reddy to Jaiswal, no run",,"A good length ball on middle is carefully defended by the batter, resulting in no run.",7a80b657-514f-4db7-95c2-3423134e38f3,239611,"Sunrisers Hyderabad v Rajasthan Royals at New Chandigarh, Tata Indian Premier League, 27 May 2026",8903,Tata Indian Premier League,2026,"PCA International Cricket Stadium, Ground A, New Chandigarh",List A Twenty20,2026-05-27,,,,,,,,,,,,,,,,,,,,,,,,,,,False,False,False,False,,,,length ball,,,,,,,,,,,keyword,0,,False,False,False,False,False,False,False,False,True,
1,1558,Rajasthan Royals,RR,5,10,K Nitish Kumar Reddy,7,0,0,136/1,7.00,9.06,9.6,0,0,Nitish Kumar Reddy to Yashasvi Jaiswal,,"Over the wicket. Back of a length, leg stump, back foot, pushed along the ground to Pat Cummins at extra cover. No run.",7a80b657-514f-4db7-95c2-3423134e38f3,239611,"Sunrisers Hyderabad v Rajasthan Royals at New Chandigarh, Tata Indian Premier League, 27 May 2026",8903,Tata Indian Premier League,2026,"PCA International Cricket Stadium, Ground A, New Chandigarh",List A Twenty20,2026-05-27,,,,,,,,,,,,,,,,,,,,,,,,,,,False,False,False,False,over the wicket,,,back of a length,leg stump,back foot,push,along the ground,,extra cover,Pat Cummins,,,,template_arm,0,,False,False,False,False,False,False,False,False,True,
1,1558,Rajasthan Royals,RR,5,11,S Kumar,15,0,1,151/2,15.00,10.01,10.1,1,1,Shivang Kumar to Dhruv Jurel,,"Over the wicket. Length ball, leg stump, front foot, sweep along the ground to Praful Hinge at deep backward square leg. 1 run.",7a80b657-514f-4db7-95c2-3423134e38f3,239611,"Sunrisers Hyderabad v Rajasthan Royals at New Chandigarh, Tata Indian Premier League, 27 May 2026",8903,Tata Indian Premier League,2026,"PCA International Cricket Stadium, Ground A, New Chandigarh",List A Twenty20,2026-05-27,71456.0,DC Jurel,right,90837.0,S Kumar,left,1153.0,Sunrisers Hyderabad,left unorthodox,6.0,spin,2026-05-27 14:55:28,,,,,,,,106720221.0,10.0,80.0,136.0,2.0,1.0,1.0,False,False,True,False,over the wicket,,,length ball,leg stump,front foot,sweep,along the ground,,deep backward square leg,Praful Hinge,,,,template_arm,1,,False,False,False,False,False,False,False,False,False,
1,1558,Rajasthan Royals,RR,5,11,S Kumar,15,0,1,151/2,15.00,10.02,10.2,0,W,"Kumar to Jaiswal, out!",,"Shivang Kumar bowls a back of a length googly just outside off stump. Yashasvi Jaiswal goes for an ambitious drive but mistimes it, sending a catch to long off where Abhishek Sharma completes the dismissal. Yashasvi Jaiswal departs for 29 off 29 deliveries.",7a80b657-514f-4db7-95c2-3423134e38f3,239611,"Sunrisers Hyderabad v Rajasthan Royals at New Chandigarh, Tata Indian Premier League, 27 May 2026",8903,Tata Indian Premier League,2026,"PCA International Cricket Stadium, Ground A, New Chandigarh",List A Twenty20,2026-05-27,,,,,,,,,,,,,,,,,,,,,,,,,,,False,False,False,True,,,,back of a length,outside off,,drive,,,long off,,caught,,,keyword,0,,True,False,False,False,False,False,False,False,False,catch_map
1,1558,Rajasthan Royals,RR,5,11,S Kumar,15,0,1,151/2,15.00,10.03,10.3,1,1,"Kumar to Parag, 1 run",Riyan Parag heads to the crease. ,"A stock ball on the back of a length, tucked on leg stump. Riyan Parag works it carefully along the ground towards deep mid wicket, securing a single. Riyan Parag gets himself off the mark.",7a80b657-514f-4db7-95c2-3423134e38f3,239611,"Sunrisers Hyderabad v Rajasthan Royals at New Chandigarh, Tata Indian Premier League, 27 May 2026",8903,Tata Indian Premier League,2026,"PCA International Cricket Stadium, Ground A, New Chandigarh",List A Twenty20,2026-05-27,65476.0,RP Das,right,90837.0,S Kumar,left,1153.0,Sunrisers Hyderabad,left unorthodox,6.0,spin,2026-05-27 14:57:35,,,,,,,,106720227.0,323.0,65.0,115.0,3.0,1.0,1.0,False,False,True,False,,,,back of a length,leg stump,,work,along the ground,,deep mid wicket,,,,,keyword,1,,False,False,False,False,False,False,False,False,False,
1,1558,Rajasthan Royals,RR,5,11,S Kumar,15,0,1,151/2,15.00,10.04,10.4,6,6,"Kumar to Jurel, 6 runs",,"The stock ball on a length, aimed right on leg stump, is met with a powerful slog-sweep. It’s a controlled connection as the ball rockets over deep square leg for a six.",7a80b657-514f-4db7-95c2-3423134e38f3,239611,"Sunrisers Hyderabad v Rajasthan Royals at New Chandigarh, Tata Indian Premier League, 27 May 2026",8903,Tata Indian Premier League,2026,"PCA International Cricket Stadium, Ground A, New Chandigarh",List A Twenty20,2026-05-27,71456.0,DC Jurel,right,90837.0,S Kumar,left,1153.0,Sunrisers Hyderabad,left unorthodox,6.0,spin,2026-05-27 14:58:03,,,,,,,,106720229.0,331.0,100.0,175.0,3.0,6.0,6.0,False,False,True,False,,,,,leg stump,,slog sweep,,controlled,deep square leg,,,,,keyword,6,,False,False,False,False,False,False,False,True,False,
1,1558,Rajasthan Royals,RR,5,11,S Kumar,15,0,1,151/2,15.00,10.05,10.5,1,1,"Kumar to Jurel, 1 run",,"The stock ball pitches back of a length, angled down the leg side, and the batter works it neatly for a quick single.",7a80b657-514f-4db7-95c2-3423134e38f3,239611,"Sunrisers Hyderabad v Rajasthan Royals at New Chandigarh, Tata Indian Premier League, 27 May 2026",8903,Tata Indian Premier League,2026,"PCA International Cricket Stadium, Ground A, New Chandigarh",List A Twenty20,2026-05-27,71456.0,DC Jurel,right,90837.0,S Kumar,left,1153.0,Sunrisers Hyderabad,left unorthodox,6.0,spin,2026-05-27 14:58:44,,,,,,,,106720231.0,338.0,95.0,160.0,3.0,1.0,1.0,False,False,True,False,,,,back of a length,down the leg side,,work,,,,,,,,keyword,1,,False,False,False,False,False,False,False,False,False,
1,1558,Rajasthan Royals,RR,5,11,S Kumar,15,0,1,151/2,15.00,10.06,10.6,6,6,"Kumar to Parag, 6 runs",,"Shivang Kumar bowls a back of a length stock ball on middle stump. Riyan Parag pulls it with perfect control, sending it soaring over mid-wicket for a well-timed six. That takes the Rajasthan Royals to 151 for 2, with 15 runs added in this over.",7a80b657-514f-4db7-95c2-3423134e38f3,239611,"Sunrisers Hyderabad v Rajasthan Royals at New Chandigarh, Tata Indian Premier League, 27 May 2026",8903,Tata Indian Premier League,2026,"PCA International Cricket Stadium, Ground A, New Chandigarh",List A Twenty20,2026-05-27,65476.0,RP Das,right,90837.0,S Kumar,left,1153.0,Sunrisers Hyderabad,left unorthodox,6.0,spin,2026-05-27 14:59:29,,,,,,,,106720233.0,314.0,100.0,177.0,4.0,6.0,6.0,False,False,True,False,,,,back of a length,middle stump,,pull,,,,,,,,keyword,6,,False,False,False,False,False,False,False,True,False,
1,1558,Rajasthan Royals,RR,5,12,PJ Cummins,17,0,0,168/2,17.00,11.01,11.1,0,0,"Cummins to Jurel, no run",Pat Cummins takes the ball for their 2nd spell,"A length ball just outside off, and Dhruv Jurel plays a controlled cut that keeps it down and trickles to backward point for no run.",7a80b657-514f-4db7-95c2-3423134e38f3,239611,"Sunrisers Hyderabad v Rajasthan Royals at New Chandigarh, Tata Indian Premier League, 27 May 2026",8903,Tata Indian Premier League,2026,"PCA International Cricket Stadium, Ground A, New Chandigarh",List A Twenty20,2026-05-27,,,,,,,,,,,,,,,,,,,,,,,,,,,False,False,False,False,,,,length ball,outside off,,cut,,controlled,backward point,,,,,keyword,0,,False,False,False,False,False,False,False,False,True,
1,1558,Rajasthan Royals,RR,5,12,PJ Cummins,17,0,0,168/2,17.00,11.02,11.2,4,4,"Cummins to Jurel, 4 runs",,"A length ball on the outside off-stump, perfectly met by a controlled scoop. The shot is nicely middled, sending the ball racing through fine leg for four.",7a80b657-514f-4db7-95c2-3423134e38f3,239611,"Sunrisers Hyderabad v Rajasthan Royals at New Chandigarh, Tata Indian Premier League, 27 May 2026",8903,Tata Indian Premier League,2026,"PCA International Cricket Stadium, Ground A, New Chandigarh",List A Twenty20,2026-05-27,71456.0,DC Jurel,right,14153.0,PJ Cummins,right,1153.0,Sunrisers Hyderabad,right pace,1.0,pace,2026-05-27 15:01:16,,,,,,,,106720241.0,76.0,100.0,160.0,1.0,4.0,4.0,False,False,True,False,,,,length ball,outside off,,,,controlled,fine leg,,,,,keyword,4,,False,False,False,False,False,False,True,False,False,
1,1558,Rajasthan Royals,RR,5,12,PJ Cummins,17,0,0,168/2,17.00,11.03,11.3,2,2,Pat Cummins to Dhruv Jurel,,"Over the wicket. Length ball, outside off, front foot, drive along the ground to Eshan Malinga at deep extra cover. 2 runs.",7a80b657-514f-4db7-95c2-3423134e38f3,239611,"Sunrisers Hyderabad v Rajasthan Royals at New Chandigarh, Tata Indian Premier League, 27 May 2026",8903,Tata Indian Premier League,2026,"PCA International Cricket Stadium, Ground A, New Chandigarh",List A Twenty20,2026-05-27,71456.0,DC Jurel,right,14153.0,PJ Cummins,right,1153.0,Sunrisers Hyderabad,right pace,1.0,pace,2026-05-27 15:02:04,,,,,,,,106720244.0,212.0,80.0,141.0,6.0,2.0,2.0,False,False,True,False,over the wicket,,,length ball,outside off,front foot,drive,along the ground,,deep extra cover,Eshan Malinga,,,,template_arm,2,,False,False,False,False,False,False,False,False,False,
1,1558,Rajasthan Royals,RR,5,12,PJ Cummins,17,0,0,168/2,17.00,11.04,11.4,6,6,"Cummins to Jurel, 6 runs",,"A short, no movement delivery outside off, and Dhruv Jurel confidently pulls it. He connects beautifully, sending the ball flying over fine leg for a superb six. Dhruv Jurel has struck two boundaries in this over already.",7a80b657-514f-4db7-95c2-3423134e38f3,239611,"Sunrisers Hyderabad v Rajasthan Royals at New Chandigarh, Tata Indian Premier League, 27 May 2026",8903,Tata Indian Premier League,2026,"PCA International Cricket Stadium, Ground A, New Chandigarh",List A Twenty20,2026-05-27,71456.0,DC Jurel,right,14153.0,PJ Cummins,right,1153.0,Sunrisers Hyderabad,right pace,1.0,pace,2026-05-27 15:02:45,,,,,,,,106720247.0,41.0,100.0,163.0,2.0,6.0,6.0,False,False,True,False,,,,short,outside off,no movement,pull,,,fine leg,,,,,keyword,6,,False,False,False,False,False,False,False,True,False,
1,1558,Rajasthan Royals,RR,5,12,PJ Cummins,17,0,0,168/2,17.00,11.05,11.5,4,4,"Cummins to Jurel, 4 runs",,"Pat Cummins bowls a full delivery just outside off stump. Dhruv Jurel steps forward and drives it crisply through long off for a well-timed boundary. Jurel now has three boundaries this over and thirty runs off twelve balls at a strike rate of 258, contributing to sixteen runs this over alone.",7a80b657-514f-4db7-95c2-3423134e38f3,239611,"Sunrisers Hyderabad v Rajasthan Royals at New Chandigarh, Tata Indian Premier League, 27 May 2026",8903,Tata Indian Premier League,2026,"PCA International Cricket Stadium, Ground A, New Chandigarh",List A Twenty20,2026-05-27,71456.0,DC Jurel,right,14153.0,PJ Cummins,right,1153.0,Sunrisers Hyderabad,right pace,1.0,pace,2026-05-27 15:03:29,,,,,,,,106720249.0,251.0,100.0,179.0,5.0,4.0,4.0,False,False,True,False,,,,full,outside off,,drive,,,long off,,,,,keyword,4,,False,False,False,False,False,False,True,False,False,
1,1558,Rajasthan Royals,RR,5,12,PJ Cummins,17,0,0,168/2,17.00,11.06,11.6,1,1,"Cummins to Jurel, 1 run",,"Pat Cummins pitches a back of a length ball outside off, and Dhruv Jurel pulls it off the front foot with precision for a quick single. Rajasthan Royals have now scored 17 runs in this over.",7a80b657-514f-4db7-95c2-3423134e38f3,239611,"Sunrisers Hyderabad v Rajasthan Royals at New Chandigarh, Tata Indian Premier League, 27 May 2026",8903,Tata Indian Premier League,2026,"PCA International Cricket Stadium, Ground A, New Chandigarh",List A Twenty20,2026-05-27,71456.0,DC Jurel,right,14153.0,PJ Cummins,right,1153.0,Sunrisers Hyderabad,right pace,1.0,pace,2026-05-27 15:04:07,,,,,,,,106720252.0,292.0,70.0,130.0,4.0,1.0,1.0,False,False,True,False,,,,back of a length,outside off,front foot,pull,,,,,,,,keyword,1,,False,False,False,False,False,False,False,False,False,
1,1558,Rajasthan Royals,RR,5,13,KKEM Dharmasena,12,1,0,180/2,11.00,12.01,12.1,4,4,"Malinga to Jurel, 4 runs",Eshan Malinga takes the ball for their 3rd spell,"A back of a length delivery, wide outside off, is met crisply by Dhruv Jurel. He executes a well-timed cut shot, sending the ball racing past backward point for four.",7a80b657-514f-4db7-95c2-3423134e38f3,239611,"Sunrisers Hyderabad v Rajasthan Royals at New Chandigarh, Tata Indian Premier League, 27 May 2026",8903,Tata Indian Premier League,2026,"PCA International Cricket Stadium, Ground A, New Chandigarh",List A Twenty20,2026-05-27,71456.0,DC Jurel,right,77440.0,KKEM Dharmasena,right,1153.0,Sunrisers Hyderabad,right pace,1.0,pace,2026-05-27 15:05:28,,,,,,,,106720258.0,156.0,100.0,166.0,7.0,4.0,4.0,False,False,True,False,,,,back of a length,wide outside off,,cut,,,backward point,,,,,keyword,4,,False,False,False,False,False,False,True,False,False,
1,1558,Rajasthan Royals,RR,5,13,KKEM Dharmasena,12,1,0,180/2,11.00,12.02,12.2,0,0,Eshan Malinga to Dhruv Jurel,,"Over the wicket. Back of a length, outside off, back foot, steer. No run.",7a80b657-514f-4db7-95c2-3423134e38f3,239611,"Sunrisers Hyderabad v Rajasthan Royals at New Chandigarh, Tata Indian Premier League, 27 May 2026",8903,Tata Indian Premier League,2026,"PCA International Cricket Stadium, Ground A, New Chandigarh",List A Twenty20,2026-05-27,,,,,,,,,,,,,,,,,,,,,,,,,,,False,False,False,False,over the wicket,,,back of a length,outside off,back foot,steer,,,,,,,,template_arm,0,,False,False,False,False,False,False,False,False,True,
1,1558,Rajasthan Royals,RR,5,13,KKEM Dharmasena,12,1,0,180/2,11.00,12.03,12.2,1,1ʷᵈ,"Malinga to Jurel, 1 run (wide)",,"A short no movement delivery wide outside off, left nicely alone by the batter. The wide brings an extra run for the fielding side, fielded calmly by the wicketkeeper.",7a80b657-514f-4db7-95c2-3423134e38f3,239611,"Sunrisers Hyderabad v Rajasthan Royals at New Chandigarh, Tata Indian Premier League, 27 May 2026",8903,Tata Indian Premier League,2026,"PCA International Cricket Stadium, Ground A, New Chandigarh",List A Twenty20,2026-05-27,,,,,,,,,,,,,,,,,,,,,,,,,,,False,False,False,False,,,,short,wide outside off,no movement,,,,,,,,,keyword,1,wide,False,True,False,False,False,False,False,False,False,
1,1558,Rajasthan Royals,RR,5,13,KKEM Dharmasena,12,1,0,180/2,11.00,12.04,12.3,2,2,"Malinga to Jurel, 2 runs",,"Outside off, length ball from the bowler; Jaburel goes for a drive but mis-times it, the shot flying off the edge for a quick two with a sharp run saved by the fielder at deep extra cover.",7a80b657-514f-4db7-95c2-3423134e38f3,239611,"Sunrisers Hyderabad v Rajasthan Royals at New Chandigarh, Tata Indian Premier League, 27 May 2026",8903,Tata Indian Premier League,2026,"PCA International Cricket Stadium, Ground A, New Chandigarh",List A Twenty20,2026-05-27,71456.0,DC Jurel,right,77440.0,KKEM Dharmasena,right,1153.0,Sunrisers Hyderabad,right pace,1.0,pace,2026-05-27 15:07:30,,,,,,,,106720266.0,232.0,80.0,139.0,5.0,2.0,2.0,False,False,True,False,,,,length ball,outside off,,drive,,,deep extra cover,,,,,keyword,2,,False,False,False,False,False,False,False,False,False,
1,1558,Rajasthan Royals,RR,5,13,KKEM Dharmasena,12,1,0,180/2,11.00,12.05,12.4,1,1,"Malinga to Jurel, 1 run",,"Dhruv Jurel leans into a half-tracker wide outside off and cuts it away with an uncontrolled swing, steering the ball finely past point for a quick single.",7a80b657-514f-4db7-95c2-3423134e38f3,239611,"Sunrisers Hyderabad v Rajasthan Royals at New Chandigarh, Tata Indian Premier League, 27 May 2026",8903,Tata Indian Premier League,2026,"PCA International Cricket Stadium, Ground A, New Chandigarh",List A Twenty20,2026-05-27,71456.0,DC Jurel,right,77440.0,KKEM Dharmasena,right,1153.0,Sunrisers Hyderabad,right pace,1.0,pace,2026-05-27 15:08:09,,,,,,,,106720270.0,173.0,80.0,135.0,7.0,1.0,1.0,False,False,True,False,,,,,wide outside off,,steer,,uncontrolled,point,,,,,keyword,1,,False,False,False,False,False,False,False,False,False,
1,1558,Rajasthan Royals,RR,5,13,KKEM Dharmasena,12,1,0,180/2,11.00,12.06,12.5,4,4,"Malinga to Parag, 4 runs",,"Eshan Malinga bowls a full toss on middle stump, met crisply by Riyan Parag. He executes a controlled flick, sending the ball racing through deep backward square leg for four.",7a80b657-514f-4db7-95c2-3423134e38f3,239611,"Sunrisers Hyderabad v Rajasthan Royals at New Chandigarh, Tata Indian Premier League, 27 May 2026",8903,Tata Indian Premier League,2026,"PCA International Cricket Stadium, Ground A, New Chandigarh",List A Twenty20,2026-05-27,65476.0,RP Das,right,77440.0,KKEM Dharmasena,right,1153.0,Sunrisers Hyderabad,right pace,1.0,pace,2026-05-27 15:08:49,,,,,,,,106720273.0,350.0,100.0,172.0,3.0,4.0,4.0,False,False,True,False,,,,full toss,middle stump,,flick,,controlled,deep backward square leg,,,,,keyword,4,,False,False,False,False,False,False,True,False,False,
1,1558,Rajasthan Royals,RR,5,13,KKEM Dharmasena,12,1,0,180/2,11.00,12.07,12.6,0,0,Eshan Malinga to Riyan Parag,,"Over the wicket. Yorker, off stump, front foot, forward defensive along the ground to Ravichandran Smaran at backward point. No run.",7a80b657-514f-4db7-95c2-3423134e38f3,239611,"Sunrisers Hyderabad v Rajasthan Royals at New Chandigarh, Tata Indian Premier League, 27 May 2026",8903,Tata Indian Premier League,2026,"PCA International Cricket Stadium, Ground A, New Chandigarh",List A Twenty20,2026-05-27,,,,,,,,,,,,,,,,,,,,,,,,,,,False,False,False,False,over the wicket,,,yorker,off stump,front foot,forward defensive,along the ground,,backward point,Ravichandran Smaran,,,,template_arm,0,,False,False,False,False,False,False,False,False,True,
1,1558,Rajasthan Royals,RR,5,14,PP Hinge,12,0,1,192/3,12.00,13.01,13.1,4,4,Praful Hinge to Dhruv Jurel,,"Over the wicket. Short, outside off, back foot, pull. 4 runs.",7a80b657-514f-4db7-95c2-3423134e38f3,239611,"Sunrisers Hyderabad v Rajasthan Royals at New Chandigarh, Tata Indian Premier League, 27 May 2026",8903,Tata Indian Premier League,2026,"PCA International Cricket Stadium, Ground A, New Chandigarh",List A Twenty20,2026-05-27,71456.0,DC Jurel,right,87731.0,PP Hinge,right,1153.0,Sunrisers Hyderabad,right pace,2.0,pace,2026-05-27 15:10:44,,,,,,,,106720284.0,75.0,100.0,160.0,1.0,4.0,4.0,False,False,True,False,over the wicket,,,short,outside off,back foot,pull,,,,,,,,template_arm,4,,False,False,False,False,False,False,True,False,False,
1,1558,Rajasthan Royals,RR,5,14,PP Hinge,12,0,1,192/3,12.00,13.02,13.2,1,1,Praful Hinge to Dhruv Jurel,,"Over the wicket. Length ball, outside off, back foot, dropped along the ground to Abhishek Sharma at cover. 1 run.",7a80b657-514f-4db7-95c2-3423134e38f3,239611,"Sunrisers Hyderabad v Rajasthan Royals at New Chandigarh, Tata Indian Premier League, 27 May 2026",8903,Tata Indian Premier League,2026,"PCA International Cricket Stadium, Ground A, New Chandigarh",List A Twenty20,2026-05-27,71456.0,DC Jurel,right,87731.0,PP Hinge,right,1153.0,Sunrisers Hyderabad,right pace,2.0,pace,2026-05-27 15:11:27,,,,,,,,106720286.0,192.0,30.0,55.0,6.0,1.0,1.0,False,False,True,False,over the wicket,,,length ball,outside off,back foot,drop,along the ground,,cover,Abhishek Sharma,,,,template_arm,1,,False,False,False,False,False,False,False,False,False,
1,1558,Rajasthan Royals,RR,5,14,PP Hinge,12,0,1,192/3,12.00,13.03,13.3,1,1,"Hinge to Parag, 1 run",,"Riyan Parag goes for a slog on a length ball outside off, but it's mis-timed and falls short of the deep square leg fielder. He hustles through for a quick single.",7a80b657-514f-4db7-95c2-3423134e38f3,239611,"Sunrisers Hyderabad v Rajasthan Royals at New Chandigarh, Tata Indian Premier League, 27 May 2026",8903,Tata Indian Premier League,2026,"PCA International Cricket Stadium, Ground A, New Chandigarh",List A Twenty20,2026-05-27,65476.0,RP Das,right,87731.0,PP Hinge,right,1153.0,Sunrisers Hyderabad,right pace,2.0,pace,2026-05-27 15:12:07,,,,,,,,106720288.0,341.0,80.0,134.0,3.0,1.0,1.0,False,False,True,False,,,,length ball,outside off,,slog,,,,,,,,keyword,1,,False,False,False,False,False,False,False,False,False,
1,1558,Rajasthan Royals,RR,5,14,PP Hinge,12,0,1,192/3,12.00,13.04,13.4,6,6,"Hinge to Jurel, 6 runs",,"An off cutter drifting wide outside off, met with a perfectly timed cut shot. Dhruv Jurel slices it clean and controlled over third man for six! That's two boundaries in this over for Jurel, who reaches a rapid 50 off just 20 balls. The partnership now stands strong at 55 runs from 20 deliveries.",7a80b657-514f-4db7-95c2-3423134e38f3,239611,"Sunrisers Hyderabad v Rajasthan Royals at New Chandigarh, Tata Indian Premier League, 27 May 2026",8903,Tata Indian Premier League,2026,"PCA International Cricket Stadium, Ground A, New Chandigarh",List A Twenty20,2026-05-27,71456.0,DC Jurel,right,87731.0,PP Hinge,right,1153.0,Sunrisers Hyderabad,right pace,2.0,pace,2026-05-27 15:12:44,,,,,,,,106720291.0,141.0,100.0,164.0,7.0,6.0,6.0,False,False,True,False,,,,,wide outside off,,cut,,controlled,third man,,,,,keyword,6,,False,False,False,False,False,False,False,True,False,
1,1558,Rajasthan Royals,RR,5,14,PP Hinge,12,0,1,192/3,12.00,13.05,13.5,0,W,"Hinge to Jurel, out!",,"Praful Hinge delivers a back of a length ball outside off stump. Dhruv Jurel goes for a pull shot but miscues it, sending a catch to deep square leg where Nitish Kumar Reddy takes the catch. Jurel is out caught attempting an aggressive pull. The Rajasthan Royals lose Dhruv Jurel for a valuable 50 from just 21 balls.",7a80b657-514f-4db7-95c2-3423134e38f3,239611,"Sunrisers Hyderabad v Rajasthan Royals at New Chandigarh, Tata Indian Premier League, 27 May 2026",8903,Tata Indian Premier League,2026,"PCA International Cricket Stadium, Ground A, New Chandigarh",List A Twenty20,2026-05-27,,,,,,,,,,,,,,,,,,,,,,,,,,,False,False,False,True,,,,back of a length,outside off,,pull,,,deep square leg,,caught,,,keyword,0,,True,False,False,False,False,False,False,False,False,commentary
1,1558,Rajasthan Royals,RR,5,14,PP Hinge,12,0,1,192/3,12.00,13.06,13.6,0,0,"Hinge to Ferreira, no run",Donovan Ferreira heads to the crease. ,"Praful Hinge bowls a short, no-movement delivery outside off stump, which Ferreira simply leaves alone. It's a tidy dot ball with no risk taken.",7a80b657-514f-4db7-95c2-3423134e38f3,239611,"Sunrisers Hyderabad v Rajasthan Royals at New Chandigarh, Tata Indian Premier League, 27 May 2026",8903,Tata Indian Premier League,2026,"PCA International Cricket Stadium, Ground A, New Chandigarh",List A Twenty20,2026-05-27,,,,,,,,,,,,,,,,,,,,,,,,,,,False,False,False,False,,,,short,outside off,,leave,,,,,,,,keyword,0,,False,False,False,False,False,False,False,False,True,
1,1558,Rajasthan Royals,RR,5,15,Sakib Hussain,15,0,0,207/3,15.00,14.01,14.1,2,2,"Hussain to Parag, 2 runs",Sakib Hussain takes the ball for their 3rd spell,"A length ball outside off, with no movement, Riyan Parag works the ball delicately off the leading edge, running hard to pick up two runs.",7a80b657-514f-4db7-95c2-3423134e38f3,239611,"Sunrisers Hyderabad v Rajasthan Royals at New Chandigarh, Tata Indian Premier League, 27 May 2026",8903,Tata Indian Premier League,2026,"PCA International Cricket Stadium, Ground A, New Chandigarh",List A Twenty20,2026-05-27,65476.0,RP Das,right,78832.0,Sakib Hussain,right,1153.0,Sunrisers Hyderabad,right pace,2.0,pace,2026-05-27 15:20:42,,,,,,,,106720316.0,163.0,75.0,126.0,7.0,2.0,2.0,False,False,True,False,,,,length ball,outside off,no movement,work,,,,,,,,keyword,2,,False,False,False,False,False,False,False,False,False,
1,1558,Rajasthan Royals,RR,5,15,Sakib Hussain,15,0,0,207/3,15.00,14.02,14.2,1,1,"Hussain to Parag, 1 run",,"Riyan Parag works a length ball just outside off stump with a mis-timed touch, sneaking a single through the field.",7a80b657-514f-4db7-95c2-3423134e38f3,239611,"Sunrisers Hyderabad v Rajasthan Royals at New Chandigarh, Tata Indian Premier League, 27 May 2026",8903,Tata Indian Premier League,2026,"PCA International Cricket Stadium, Ground A, New Chandigarh",List A Twenty20,2026-05-27,65476.0,RP Das,right,78832.0,Sakib Hussain,right,1153.0,Sunrisers Hyderabad,right pace,2.0,pace,2026-05-27 15:21:14,,,,,,,,106720319.0,297.0,70.0,123.0,4.0,1.0,1.0,False,False,True,False,,,,length ball,outside off,,work,,,,,,,,keyword,1,,False,False,False,False,False,False,False,False,False,
1,1558,Rajasthan Royals,RR,5,15,Sakib Hussain,15,0,0,207/3,15.00,14.03,14.3,1,1,"Hussain to Ferreira, 1 run",,"On a length ball outside off, Ferreira carefully pushes it down the ground and takes a well-judged single. Donovan Ferreira gets himself off the mark.",7a80b657-514f-4db7-95c2-3423134e38f3,239611,"Sunrisers Hyderabad v Rajasthan Royals at New Chandigarh, Tata Indian Premier League, 27 May 2026",8903,Tata Indian Premier League,2026,"PCA International Cricket Stadium, Ground A, New Chandigarh",List A Twenty20,2026-05-27,68473.0,D Ferreira,right,78832.0,Sakib Hussain,right,1153.0,Sunrisers Hyderabad,right pace,2.0,pace,2026-05-27 15:21:49,,,,,,,,106720322.0,281.0,65.0,120.0,4.0,1.0,1.0,False,False,True,False,,,,length ball,outside off,,push,,,,,,,,keyword,1,,False,False,False,False,False,False,False,False,False,
1,1558,Rajasthan Royals,RR,5,15,Sakib Hussain,15,0,0,207/3,15.00,14.04,14.4,4,4,Sakib Hussain to Riyan Parag,,"Over the wicket. Length ball, outside off, front foot, slog. 4 runs.",7a80b657-514f-4db7-95c2-3423134e38f3,239611,"Sunrisers Hyderabad v Rajasthan Royals at New Chandigarh, Tata Indian Premier League, 27 May 2026",8903,Tata Indian Premier League,2026,"PCA International Cricket Stadium, Ground A, New Chandigarh",List A Twenty20,2026-05-27,65476.0,RP Das,right,78832.0,Sakib Hussain,right,1153.0,Sunrisers Hyderabad,right pace,2.0,pace,2026-05-27 15:22:20,,,,,,,,106720324.0,119.0,100.0,161.0,8.0,4.0,4.0,False,False,True,False,over the wicket,,,length ball,outside off,front foot,slog,,,,,,,,template_arm,4,,False,False,False,False,False,False,True,False,False,
1,1558,Rajasthan Royals,RR,5,15,Sakib Hussain,15,0,0,207/3,15.00,14.05,14.5,6,6,"Hussain to Parag, 6 runs",,"A back of a length delivery, wide outside off, offered an opportunity which Riyan Parag seized brilliantly. He pulls it with perfect control, sending the ball flying over deep square leg for a magnificent six. Riyan Parag now boasts two boundaries in this over.",7a80b657-514f-4db7-95c2-3423134e38f3,239611,"Sunrisers Hyderabad v Rajasthan Royals at New Chandigarh, Tata Indian Premier League, 27 May 2026",8903,Tata Indian Premier League,2026,"PCA International Cricket Stadium, Ground A, New Chandigarh",List A Twenty20,2026-05-27,65476.0,RP Das,right,78832.0,Sakib Hussain,right,1153.0,Sunrisers Hyderabad,right pace,2.0,pace,2026-05-27 15:22:58,,,,,,,,106720327.0,330.0,100.0,175.0,3.0,6.0,6.0,False,False,True,False,,,,back of a length,wide outside off,,pull,,,deep square leg,,,,,keyword,6,,False,False,False,False,False,False,False,True,False,
1,1558,Rajasthan Royals,RR,5,15,Sakib Hussain,15,0,0,207/3,15.00,14.06,14.6,1,1,"Hussain to Parag, 1 run",,"Riyan Parag attempts a pull shot off a back of a length delivery outside off, but it's mistimed and stays low, allowing just a single. That brings up 15 runs in this fiery over.",7a80b657-514f-4db7-95c2-3423134e38f3,239611,"Sunrisers Hyderabad v Rajasthan Royals at New Chandigarh, Tata Indian Premier League, 27 May 2026",8903,Tata Indian Premier League,2026,"PCA International Cricket Stadium, Ground A, New Chandigarh",List A Twenty20,2026-05-27,65476.0,RP Das,right,78832.0,Sakib Hussain,right,1153.0,Sunrisers Hyderabad,right pace,2.0,pace,2026-05-27 15:23:34,,,,,,,,106720330.0,51.0,40.0,65.0,1.0,1.0,1.0,False,False,True,False,,,,back of a length,outside off,,pull,,mistimed,,,,,,keyword,1,,False,False,False,False,False,False,False,False,False,
1,1558,Rajasthan Royals,RR,5,16,PP Hinge,7,0,1,214/4,7.00,15.01,15.1,0,0,"Hinge to Parag, no run",Praful Hinge continues their spell,"Praful Hinge bowls a back of a length delivery outside off, and Riyan Parag flicks it off his body to the cover region, well fielded by Pat Cummins. No run comes from that controlled stroke.",7a80b657-514f-4db7-95c2-3423134e38f3,239611,"Sunrisers Hyderabad v Rajasthan Royals at New Chandigarh, Tata Indian Premier League, 27 May 2026",8903,Tata Indian Premier League,2026,"PCA International Cricket Stadium, Ground A, New Chandigarh",List A Twenty20,2026-05-27,,,,,,,,,,,,,,,,,,,,,,,,,,,False,False,False,False,,,,back of a length,outside off,,flick,,controlled,cover,Pat Cummins,,,,keyword,0,,False,False,False,False,False,False,False,False,True,
1,1558,Rajasthan Royals,RR,5,16,PP Hinge,7,0,1,214/4,7.00,15.02,15.2,0,W,"Hinge to Parag, out!",,"Praful Hinge bowls a length delivery outside off. Riyan Parag goes for a slog but mistimes it badly, sending a loose shot into the hands of long on. And that's the end of his innings, caught out. Riyan Parag departs after making 26 runs off just 12 balls.",7a80b657-514f-4db7-95c2-3423134e38f3,239611,"Sunrisers Hyderabad v Rajasthan Royals at New Chandigarh, Tata Indian Premier League, 27 May 2026",8903,Tata Indian Premier League,2026,"PCA International Cricket Stadium, Ground A, New Chandigarh",List A Twenty20,2026-05-27,,,,,,,,,,,,,,,,,,,,,,,,,,,False,False,False,True,,,,,outside off,,slog,,,,,caught,,,keyword,0,,True,False,False,False,False,False,False,False,False,commentary
1,1558,Rajasthan Royals,RR,5,16,PP Hinge,7,0,1,214/4,7.00,15.03,15.3,4,4,"Hinge to Shanaka, 4 runs",Dasun Shanaka heads to the crease. ,"Dasun Shanaka faces a back of a length delivery on off stump with no movement. He plays a well-timed glance, keeping the ball low and piercing it through fine leg for four runs. Dasun Shanaka is off the mark.",7a80b657-514f-4db7-95c2-3423134e38f3,239611,"Sunrisers Hyderabad v Rajasthan Royals at New Chandigarh, Tata Indian Premier League, 27 May 2026",8903,Tata Indian Premier League,2026,"PCA International Cricket Stadium, Ground A, New Chandigarh",List A Twenty20,2026-05-27,16094.0,MD Shanaka,right,87731.0,PP Hinge,right,1153.0,Sunrisers Hyderabad,right pace,2.0,pace,2026-05-27 15:26:51,,,,,,,,106720343.0,81.0,100.0,160.0,1.0,4.0,4.0,False,False,True,False,,,,back of a length,off stump,no movement,glance,,,fine leg,,,,,keyword,4,,False,False,False,False,False,False,True,False,False,
1,1558,Rajasthan Royals,RR,5,16,PP Hinge,7,0,1,214/4,7.00,15.04,15.4,1,1,"Hinge to Shanaka, 1 run",,"Dasun Shanaka works a back-of-a-length delivery just outside off stump with a controlled touch, securing a well-placed single.",7a80b657-514f-4db7-95c2-3423134e38f3,239611,"Sunrisers Hyderabad v Rajasthan Royals at New Chandigarh, Tata Indian Premier League, 27 May 2026",8903,Tata Indian Premier League,2026,"PCA International Cricket Stadium, Ground A, New Chandigarh",List A Twenty20,2026-05-27,16094.0,MD Shanaka,right,87731.0,PP Hinge,right,1153.0,Sunrisers Hyderabad,right pace,2.0,pace,2026-05-27 15:27:28,,,,,,,,106720346.0,10.0,55.0,95.0,2.0,1.0,1.0,False,False,True,False,,,,,outside off,,work,,controlled,,,,,,keyword,1,,False,False,False,False,False,False,False,False,False,
1,1558,Rajasthan Royals,RR,5,16,PP Hinge,7,0,1,214/4,7.00,15.05,15.5,2,2,"Hinge to Ferreira, 2 runs",,"The short ball outside off sees Donovan Ferreira attempt a pull shot but it's mis-timed and uncontrolled, skimming away for two runs.",7a80b657-514f-4db7-95c2-3423134e38f3,239611,"Sunrisers Hyderabad v Rajasthan Royals at New Chandigarh, Tata Indian Premier League, 27 May 2026",8903,Tata Indian Premier League,2026,"PCA International Cricket Stadium, Ground A, New Chandigarh",List A Twenty20,2026-05-27,68473.0,D Ferreira,right,87731.0,PP Hinge,right,1153.0,Sunrisers Hyderabad,right pace,2.0,pace,2026-05-27 15:28:03,,,,,,,,106720350.0,336.0,55.0,99.0,3.0,2.0,2.0,False,False,True,False,,,,short,outside off,,pull,,uncontrolled,,,,,,keyword,2,,False,False,False,False,False,False,False,False,False,
1,1558,Rajasthan Royals,RR,5,16,PP Hinge,7,0,1,214/4,7.00,15.06,15.6,0,0,"Hinge to Ferreira, no run",,"Praful Hinge bowls a yorker just outside off stump, and Ferreira meets it with a controlled drive, keeping the ball low and safe. No run comes off this precise delivery.",7a80b657-514f-4db7-95c2-3423134e38f3,239611,"Sunrisers Hyderabad v Rajasthan Royals at New Chandigarh, Tata Indian Premier League, 27 May 2026",8903,Tata Indian Premier League,2026,"PCA International Cricket Stadium, Ground A, New Chandigarh",List A Twenty20,2026-05-27,,,,,,,,,,,,,,,,,,,,,,,,,,,False,False,False,False,,,,yorker,outside off,,drive,,controlled,,,,,,keyword,0,,False,False,False,False,False,False,False,False,True,
1,1558,Rajasthan Royals,RR,5,17,KKEM Dharmasena,6,0,1,220/5,6.00,16.01,16.1,0,W,"Malinga to Shanaka, out!",Eshan Malinga takes the ball for their 4th spell,"Dasun Shanaka swings a slog at a back of a length ball outside off, mistiming it badly. The ball flies uncontrolled in the air and is caught at deep mid-wicket, resulting in his dismissal. Dasun Shanaka departs after scoring 5 runs off 3 balls.",7a80b657-514f-4db7-95c2-3423134e38f3,239611,"Sunrisers Hyderabad v Rajasthan Royals at New Chandigarh, Tata Indian Premier League, 27 May 2026",8903,Tata Indian Premier League,2026,"PCA International Cricket Stadium, Ground A, New Chandigarh",List A Twenty20,2026-05-27,,,,,,,,,,,,,,,,,,,,,,,,,,,False,False,False,True,,,,back of a length,outside off,,slog,,uncontrolled,,,caught,,,keyword,0,,True,False,False,False,False,False,False,False,False,commentary
1,1558,Rajasthan Royals,RR,5,17,KKEM Dharmasena,6,0,1,220/5,6.00,16.02,16.2,0,0,"Malinga to Jadeja, no run",Ravindra Jadeja heads to the crease. ,"A length ball on leg stump, neatly pushed by Jadeja into the on-side, well fielded by the bowler without adding to the score.",7a80b657-514f-4db7-95c2-3423134e38f3,239611,"Sunrisers Hyderabad v Rajasthan Royals at New Chandigarh, Tata Indian Premier League, 27 May 2026",8903,Tata Indian Premier League,2026,"PCA International Cricket Stadium, Ground A, New Chandigarh",List A Twenty20,2026-05-27,,,,,,,,,,,,,,,,,,,,,,,,,,,False,False,False,False,,,,length ball,leg stump,,push,,,,the bowler without adding to the score,,,,keyword,0,,False,False,False,False,False,False,False,False,True,
1,1558,Rajasthan Royals,RR,5,17,KKEM Dharmasena,6,0,1,220/5,6.00,16.03,16.3,0,0,"Malinga to Jadeja, no run",,"The bowler delivers a short ball down the leg side with no movement, and the batter can't quite time the pull shot, resulting in no run.",7a80b657-514f-4db7-95c2-3423134e38f3,239611,"Sunrisers Hyderabad v Rajasthan Royals at New Chandigarh, Tata Indian Premier League, 27 May 2026",8903,Tata Indian Premier League,2026,"PCA International Cricket Stadium, Ground A, New Chandigarh",List A Twenty20,2026-05-27,,,,,,,,,,,,,,,,,,,,,,,,,,,False,False,False,False,,,,short,down the leg side,no movement,pull,,,,,,,,keyword,0,,False,False,False,False,False,False,False,False,True,
1,1558,Rajasthan Royals,RR,5,17,KKEM Dharmasena,6,0,1,220/5,6.00,16.04,16.4,1,1,"Malinga to Jadeja, 1 run",,"Down the leg side on a back of a length delivery, the batter pulls it firmly but with controlled timing, sneaking a quick single to deep mid-wicket. Ravindra Jadeja gets off the mark for Rajasthan Royals.",7a80b657-514f-4db7-95c2-3423134e38f3,239611,"Sunrisers Hyderabad v Rajasthan Royals at New Chandigarh, Tata Indian Premier League, 27 May 2026",8903,Tata Indian Premier League,2026,"PCA International Cricket Stadium, Ground A, New Chandigarh",List A Twenty20,2026-05-27,13143.0,RA Jadeja,left,77440.0,KKEM Dharmasena,right,1153.0,Sunrisers Hyderabad,right pace,1.0,pace,2026-05-27 15:33:26,,,,,,,,106720374.0,201.0,70.0,117.0,6.0,1.0,1.0,False,False,True,False,,,,back of a length,down the leg side,,pull,,controlled,,,,,,keyword,1,,False,False,False,False,False,False,False,False,False,
1,1558,Rajasthan Royals,RR,5,17,KKEM Dharmasena,6,0,1,220/5,6.00,16.05,16.5,4,4,"Malinga to Ferreira, 4 runs",,"On a back of a length delivery, wide outside off, Donovan Ferreira cuts with a sharp top edge. The ball races away to third man for four runs.",7a80b657-514f-4db7-95c2-3423134e38f3,239611,"Sunrisers Hyderabad v Rajasthan Royals at New Chandigarh, Tata Indian Premier League, 27 May 2026",8903,Tata Indian Premier League,2026,"PCA International Cricket Stadium, Ground A, New Chandigarh",List A Twenty20,2026-05-27,68473.0,D Ferreira,right,77440.0,KKEM Dharmasena,right,1153.0,Sunrisers Hyderabad,right pace,1.0,pace,2026-05-27 15:34:10,,,,,,,,106720379.0,109.0,100.0,161.0,8.0,4.0,4.0,False,False,True,False,,,,back of a length,wide outside off,,cut,,,third man,,,,,keyword,4,,False,False,False,False,False,False,True,False,False,
1,1558,Rajasthan Royals,RR,5,17,KKEM Dharmasena,6,0,1,220/5,6.00,16.06,16.6,1,1,"Malinga to Ferreira, 1 run",,"Malinga delivers a full ball outside off, and Ferreira confidently drives it along the ground, picking up a tidy single.",7a80b657-514f-4db7-95c2-3423134e38f3,239611,"Sunrisers Hyderabad v Rajasthan Royals at New Chandigarh, Tata Indian Premier League, 27 May 2026",8903,Tata Indian Premier League,2026,"PCA International Cricket Stadium, Ground A, New Chandigarh",List A Twenty20,2026-05-27,68473.0,D Ferreira,right,77440.0,KKEM Dharmasena,right,1153.0,Sunrisers Hyderabad,right pace,1.0,pace,2026-05-27 15:34:51,,,,,,,,106720383.0,229.0,80.0,144.0,5.0,1.0,1.0,False,False,True,False,,,,full,outside off,,drive,along the ground,,,,,,,keyword,1,,False,False,False,False,False,False,False,False,False,
1,1558,Rajasthan Royals,RR,5,18,PJ Cummins,13,0,0,233/5,13.00,17.01,17.1,2,2,"Cummins to Ferreira, 2 runs",Pat Cummins takes the ball for their 3rd spell,"A full delivery on leg stump, no movement, worked carefully through the leg side for a neat two runs.",7a80b657-514f-4db7-95c2-3423134e38f3,239611,"Sunrisers Hyderabad v Rajasthan Royals at New Chandigarh, Tata Indian Premier League, 27 May 2026",8903,Tata Indian Premier League,2026,"PCA International Cricket Stadium, Ground A, New Chandigarh",List A Twenty20,2026-05-27,68473.0,D Ferreira,right,14153.0,PJ Cummins,right,1153.0,Sunrisers Hyderabad,right pace,1.0,pace,2026-05-27 15:35:55,,,,,,,,106720388.0,36.0,80.0,135.0,2.0,2.0,2.0,False,False,True,False,,,,full,leg stump,no movement,work,,,,,,,,keyword,2,,False,False,False,False,False,False,False,False,False,
1,1558,Rajasthan Royals,RR,5,18,PJ Cummins,13,0,0,233/5,13.00,17.02,17.2,1,1,"Cummins to Ferreira, 1 run",,Ferreira steps forward and drives a back of a length ball outside off for a well-timed single.,7a80b657-514f-4db7-95c2-3423134e38f3,239611,"Sunrisers Hyderabad v Rajasthan Royals at New Chandigarh, Tata Indian Premier League, 27 May 2026",8903,Tata Indian Premier League,2026,"PCA International Cricket Stadium, Ground A, New Chandigarh",List A Twenty20,2026-05-27,68473.0,D Ferreira,right,14153.0,PJ Cummins,right,1153.0,Sunrisers Hyderabad,right pace,1.0,pace,2026-05-27 15:36:35,,,,,,,,106720390.0,260.0,70.0,122.0,5.0,1.0,1.0,False,False,True,False,,,,back of a length,outside off,,drive,,,,,,,,keyword,1,,False,False,False,False,False,False,False,False,False,
1,1558,Rajasthan Royals,RR,5,18,PJ Cummins,13,0,0,233/5,13.00,17.03,17.3,2,2,"Cummins to Jadeja, 2 runs",,"Jadeja cuts a length ball just outside off stump crisply along the backward point line, racing away for two thanks to a misfield.",7a80b657-514f-4db7-95c2-3423134e38f3,239611,"Sunrisers Hyderabad v Rajasthan Royals at New Chandigarh, Tata Indian Premier League, 27 May 2026",8903,Tata Indian Premier League,2026,"PCA International Cricket Stadium, Ground A, New Chandigarh",List A Twenty20,2026-05-27,13143.0,RA Jadeja,left,14153.0,PJ Cummins,right,1153.0,Sunrisers Hyderabad,right pace,1.0,pace,2026-05-27 15:37:17,,,,,,,,106720395.0,359.0,65.0,112.0,3.0,2.0,2.0,False,False,True,False,,,,length ball,outside off,,cut,,,,,,,,keyword,2,,False,False,False,False,False,False,False,False,False,
1,1558,Rajasthan Royals,RR,5,18,PJ Cummins,13,0,0,233/5,13.00,17.04,17.4,2,2,"Cummins to Jadeja, 2 runs",,"A full-length delivery outside off, with no movement, is worked cleverly by Jadeja for a quick two runs.",7a80b657-514f-4db7-95c2-3423134e38f3,239611,"Sunrisers Hyderabad v Rajasthan Royals at New Chandigarh, Tata Indian Premier League, 27 May 2026",8903,Tata Indian Premier League,2026,"PCA International Cricket Stadium, Ground A, New Chandigarh",List A Twenty20,2026-05-27,13143.0,RA Jadeja,left,14153.0,PJ Cummins,right,1153.0,Sunrisers Hyderabad,right pace,1.0,pace,2026-05-27 15:37:56,,,,,,,,106720400.0,229.0,75.0,132.0,5.0,2.0,2.0,False,False,True,False,,,,full,outside off,no movement,work,,,,,,,,keyword,2,,False,False,False,False,False,False,False,False,False,
1,1558,Rajasthan Royals,RR,5,18,PJ Cummins,13,0,0,233/5,13.00,17.05,17.5,2,2,"Cummins to Jadeja, 2 runs",,"Pat Cummins bowls an off cutter, wide outside off and back of a length, but Jadeja leans back to pull it low and tight towards deep mid wicket, picking up a quick two runs.",7a80b657-514f-4db7-95c2-3423134e38f3,239611,"Sunrisers Hyderabad v Rajasthan Royals at New Chandigarh, Tata Indian Premier League, 27 May 2026",8903,Tata Indian Premier League,2026,"PCA International Cricket Stadium, Ground A, New Chandigarh",List A Twenty20,2026-05-27,13143.0,RA Jadeja,left,14153.0,PJ Cummins,right,1153.0,Sunrisers Hyderabad,right pace,1.0,pace,2026-05-27 15:38:48,,,,,,,,106720406.0,219.0,80.0,137.0,6.0,2.0,2.0,False,False,True,False,,,,back of a length,wide outside off,,pull,,,deep mid wicket,,,,,keyword,2,,False,False,False,False,False,False,False,False,False,
1,1558,Rajasthan Royals,RR,5,18,PJ Cummins,13,0,0,233/5,13.00,17.06,17.6,4,4,Pat Cummins to Ravindra Jadeja,,"Round the wicket. Yorker, down leg, back foot, flick. 4 runs.",7a80b657-514f-4db7-95c2-3423134e38f3,239611,"Sunrisers Hyderabad v Rajasthan Royals at New Chandigarh, Tata Indian Premier League, 27 May 2026",8903,Tata Indian Premier League,2026,"PCA International Cricket Stadium, Ground A, New Chandigarh",List A Twenty20,2026-05-27,13143.0,RA Jadeja,left,14153.0,PJ Cummins,right,1153.0,Sunrisers Hyderabad,right pace,1.0,pace,2026-05-27 15:39:26,,,,,,,,106720410.0,105.0,100.0,160.0,8.0,4.0,4.0,False,False,True,False,round the wicket,,,yorker,down leg,back foot,flick,,,,,,,,template_arm,4,,False,False,False,False,False,False,True,False,False,
1,1558,Rajasthan Royals,RR,5,19,K Nitish Kumar Reddy,5,0,2,238/7,5.00,18.01,18.1,1,"1,W","Reddy to Ferreira, 1 run and out!",Nitish Kumar Reddy takes the ball for their 2nd spell,"A full toss outside off, the batter attempts a controlled drive and manages to eke out a single with a thick edge. However, Donovan Ferreira is run out in a direct throw combination from the third man and the keeper. Donovan Ferreira departs for 12 off 9.",7a80b657-514f-4db7-95c2-3423134e38f3,239611,"Sunrisers Hyderabad v Rajasthan Royals at New Chandigarh, Tata Indian Premier League, 27 May 2026",8903,Tata Indian Premier League,2026,"PCA International Cricket Stadium, Ground A, New Chandigarh",List A Twenty20,2026-05-27,68473.0,D Ferreira,right,74028.0,K Nitish Kumar Reddy,right,1153.0,Sunrisers Hyderabad,right pace,2.0,pace,2026-05-27 15:41:15,,,,,,,,106720421.0,144.0,75.0,123.0,7.0,1.0,1.0,False,False,True,False,,,,full toss,outside off,,drive,,controlled,,,run out,,,keyword,1,,True,False,False,False,False,False,False,False,False,commentary
1,1558,Rajasthan Royals,RR,5,19,K Nitish Kumar Reddy,5,0,2,238/7,5.00,18.02,18.2,0,0,Nitish Kumar Reddy to Jofra Archer,,"Over the wicket. Full, wide outside off, back foot, drive along the ground to Pat Cummins at extra cover. No run.",7a80b657-514f-4db7-95c2-3423134e38f3,239611,"Sunrisers Hyderabad v Rajasthan Royals at New Chandigarh, Tata Indian Premier League, 27 May 2026",8903,Tata Indian Premier League,2026,"PCA International Cricket Stadium, Ground A, New Chandigarh",List A Twenty20,2026-05-27,,,,,,,,,,,,,,,,,,,,,,,,,,,False,False,False,False,over the wicket,,,full,wide outside off,back foot,drive,along the ground,,extra cover,Pat Cummins,,,,template_arm,0,,False,False,False,False,False,False,False,False,True,
1,1558,Rajasthan Royals,RR,5,19,K Nitish Kumar Reddy,5,0,2,238/7,5.00,18.03,18.3,0,0,"Reddy to Archer, no run",,"A yorker delivered wide outside off, left alone by the batter with calm composure. No run comes off this tidy delivery.",7a80b657-514f-4db7-95c2-3423134e38f3,239611,"Sunrisers Hyderabad v Rajasthan Royals at New Chandigarh, Tata Indian Premier League, 27 May 2026",8903,Tata Indian Premier League,2026,"PCA International Cricket Stadium, Ground A, New Chandigarh",List A Twenty20,2026-05-27,,,,,,,,,,,,,,,,,,,,,,,,,,,False,False,False,False,,,,yorker,wide outside off,,,,,,,,,,keyword,0,,False,False,False,False,False,False,False,False,True,
1,1558,Rajasthan Royals,RR,5,19,K Nitish Kumar Reddy,5,0,2,238/7,5.00,18.04,18.4,4,4,"Reddy to Archer, 4 runs",,"A full toss drifting wide outside off, and the batter drives it crisply. A well-timed shot racing through extra cover for a boundary. Jofra Archer is off the mark.",7a80b657-514f-4db7-95c2-3423134e38f3,239611,"Sunrisers Hyderabad v Rajasthan Royals at New Chandigarh, Tata Indian Premier League, 27 May 2026",8903,Tata Indian Premier League,2026,"PCA International Cricket Stadium, Ground A, New Chandigarh",List A Twenty20,2026-05-27,28503.0,JC Archer,right,74028.0,K Nitish Kumar Reddy,right,1153.0,Sunrisers Hyderabad,right pace,2.0,pace,2026-05-27 15:44:21,,,,,,,,106720437.0,218.0,100.0,176.0,6.0,4.0,4.0,False,False,True,False,,,,full toss,wide outside off,,drive,,,extra cover,,,,,keyword,4,,False,False,False,False,False,False,True,False,False,
1,1558,Rajasthan Royals,RR,5,19,K Nitish Kumar Reddy,5,0,2,238/7,5.00,18.05,18.5,0,0,"Reddy to Archer, no run",,"A yorker slides in wide outside off, and the batter attempts a cut but misses it cleanly. No run comes off this delivery.",7a80b657-514f-4db7-95c2-3423134e38f3,239611,"Sunrisers Hyderabad v Rajasthan Royals at New Chandigarh, Tata Indian Premier League, 27 May 2026",8903,Tata Indian Premier League,2026,"PCA International Cricket Stadium, Ground A, New Chandigarh",List A Twenty20,2026-05-27,,,,,,,,,,,,,,,,,,,,,,,,,,,False,False,False,False,,,,yorker,wide outside off,,cut,,,,,,,,keyword,0,,False,False,False,False,False,False,False,False,True,
1,1558,Rajasthan Royals,RR,5,19,K Nitish Kumar Reddy,5,0,2,238/7,5.00,18.06,18.6,0,W,"Reddy to Archer, out!",,"A full-toss outside off drifts in as a reverse inswinger. Archer goes for a wild slog but mis-times it, sending a lofty edge to long on where the catch is taken cleanly. The batter is caught out trying an aggressive stroke. Jofra Archer departs after scoring 4 runs off 5 balls.",7a80b657-514f-4db7-95c2-3423134e38f3,239611,"Sunrisers Hyderabad v Rajasthan Royals at New Chandigarh, Tata Indian Premier League, 27 May 2026",8903,Tata Indian Premier League,2026,"PCA International Cricket Stadium, Ground A, New Chandigarh",List A Twenty20,2026-05-27,,,,,,,,,,,,,,,,,,,,,,,,,,,False,False,False,True,,,,full,outside off,,slog,,,long on,,caught,,,keyword,0,,True,False,False,False,False,False,False,False,False,commentary
1,1558,Rajasthan Royals,RR,5,20,Sakib Hussain,5,2,1,243/8,3.00,19.01,19.1,1,1,"Hussain to Jadeja, 1 run",Nandre Burger enters the field at the non-striker's end. Sakib Hussain takes the ball for their 4th spell,"A back of a length delivery on the leg side, no movement, met crisply with a controlled pull shot racing away for a quick single to deep mid-wicket.",7a80b657-514f-4db7-95c2-3423134e38f3,239611,"Sunrisers Hyderabad v Rajasthan Royals at New Chandigarh, Tata Indian Premier League, 27 May 2026",8903,Tata Indian Premier League,2026,"PCA International Cricket Stadium, Ground A, New Chandigarh",List A Twenty20,2026-05-27,13143.0,RA Jadeja,left,78832.0,Sakib Hussain,right,1153.0,Sunrisers Hyderabad,right pace,2.0,pace,2026-05-27 15:47:25,,,,,,,,106720455.0,215.0,85.0,149.0,6.0,1.0,1.0,False,False,True,False,,,,back of a length,,no movement,pull,,controlled,,,,,,keyword,1,,False,False,False,False,False,False,False,False,False,
1,1558,Rajasthan Royals,RR,5,20,Sakib Hussain,5,2,1,243/8,3.00,19.02,19.2,1,"1,W","Hussain to Burger, 1 run and out!",,"An off cutter drifting on leg stump at length, met with a controlled drive by the batter who races for a quick single but gets run out in a sharp throw. The batter aimed to punish with a precise drive, only to be dismissed run out. Nandre Burger departs for 1 off 1. Nandre Burger is off the mark.",7a80b657-514f-4db7-95c2-3423134e38f3,239611,"Sunrisers Hyderabad v Rajasthan Royals at New Chandigarh, Tata Indian Premier League, 27 May 2026",8903,Tata Indian Premier League,2026,"PCA International Cricket Stadium, Ground A, New Chandigarh",List A Twenty20,2026-05-27,52827.0,N Burger,left,78832.0,Sakib Hussain,right,1153.0,Sunrisers Hyderabad,right pace,2.0,pace,2026-05-27 15:48:09,,,,,,,,106720460.0,355.0,75.0,125.0,3.0,1.0,1.0,False,False,True,False,,,,,leg stump,,drive,,controlled,,,run out,,,keyword,1,,True,False,False,False,False,False,False,False,False,commentary
1,1558,Rajasthan Royals,RR,5,20,Sakib Hussain,5,2,1,243/8,3.00,19.03,19.3,0,0,"Hussain to Mishra, no run",Sushant Mishra heads to the crease. ,"Sushant Mishra attempts a slog on a length ball drifting down the leg stump but misses completely, resulting in a dot delivery.",7a80b657-514f-4db7-95c2-3423134e38f3,239611,"Sunrisers Hyderabad v Rajasthan Royals at New Chandigarh, Tata Indian Premier League, 27 May 2026",8903,Tata Indian Premier League,2026,"PCA International Cricket Stadium, Ground A, New Chandigarh",List A Twenty20,2026-05-27,,,,,,,,,,,,,,,,,,,,,,,,,,,False,False,False,False,,,,length ball,leg stump,,slog,,,,,,,,keyword,0,,False,False,False,False,False,False,False,False,True,
1,1558,Rajasthan Royals,RR,5,20,Sakib Hussain,5,2,1,243/8,3.00,19.04,19.4,0,0,"Hussain to Mishra, no run",,"An off cutter lands on a length at leg stump, and the batter attempts a slog but misses completely, resulting in a dot ball.",7a80b657-514f-4db7-95c2-3423134e38f3,239611,"Sunrisers Hyderabad v Rajasthan Royals at New Chandigarh, Tata Indian Premier League, 27 May 2026",8903,Tata Indian Premier League,2026,"PCA International Cricket Stadium, Ground A, New Chandigarh",List A Twenty20,2026-05-27,,,,,,,,,,,,,,,,,,,,,,,,,,,False,False,False,False,,,,,leg stump,,slog,,,,,,,,keyword,0,,False,False,False,False,False,False,False,False,True,
1,1558,Rajasthan Royals,RR,5,20,Sakib Hussain,5,2,1,243/8,3.00,19.05,19.5,1,1,"Hussain to Mishra, 1 run",,"An off cutter pitched at length down the leg side, Sushant Mishra pushes it quietly to pick up a single. Sushant Mishra gets off the mark.",7a80b657-514f-4db7-95c2-3423134e38f3,239611,"Sunrisers Hyderabad v Rajasthan Royals at New Chandigarh, Tata Indian Premier League, 27 May 2026",8903,Tata Indian Premier League,2026,"PCA International Cricket Stadium, Ground A, New Chandigarh",List A Twenty20,2026-05-27,71452.0,SS Mishra,left,78832.0,Sakib Hussain,right,1153.0,Sunrisers Hyderabad,right pace,2.0,pace,2026-05-27 15:51:41,,,,,,,,106720475.0,12.0,70.0,120.0,2.0,1.0,1.0,False,False,True,False,,,,,down the leg side,,push,,,,,,,,keyword,1,,False,False,False,False,False,False,False,False,False,
1,1558,Rajasthan Royals,RR,5,20,Sakib Hussain,5,2,1,243/8,3.00,19.06,19.6,2,2ᵇ,"Hussain to Jadeja, 2 runs",,"This off cutter runs outside off on a length ball as Ravindra Jadeja goes for a wild slog but misses entirely. Meanwhile, the fielding side concedes two extras amid the chaos. The innings concludes with Rajasthan Royals posting 243, holding an 83% win probability according to WinViz.",7a80b657-514f-4db7-95c2-3423134e38f3,239611,"Sunrisers Hyderabad v Rajasthan Royals at New Chandigarh, Tata Indian Premier League, 27 May 2026",8903,Tata Indian Premier League,2026,"PCA International Cricket Stadium, Ground A, New Chandigarh",List A Twenty20,2026-05-27,,,,,,,,,,,,,,,,,,,,,,,,,,,False,False,False,False,,,,length ball,outside off,,slog,,,,,,,,keyword,2,bye,False,False,False,True,False,False,False,False,False,
2,1153,Sunrisers Hyderabad,SRH,1,1,JC Archer,16,0,1,16/1,16.00,0.01,0.1,0,0,Jofra Archer to Abhishek Sharma,,"Over the wicket. Length ball, off stump, back foot, drive uncontrolled in air to Riyan Parag at mid off. No run.",7a80b657-514f-4db7-95c2-3423134e38f3,239611,"Sunrisers Hyderabad v Rajasthan Royals at New Chandigarh, Tata Indian Premier League, 27 May 2026",8903,Tata Indian Premier League,2026,"PCA International Cricket Stadium, Ground A, New Chandigarh",List A Twenty20,2026-05-27,,,,,,,,,,,,,,,,,,,,,,,,,,,False,False,False,False,over the wicket,,,length ball,off stump,back foot,drive,uncontrolled in air,uncontrolled,mid off,Riyan Parag,,,,template_arm,0,,False,False,False,False,False,False,False,False,True,
2,1153,Sunrisers Hyderabad,SRH,1,1,JC Archer,16,0,1,16/1,16.00,0.02,0.2,0,W,Jofra Archer to Abhishek Sharma,,"Over the wicket. Short, down leg, back foot, pull. OUT! Abhishek Sharma caught - 0(2)",7a80b657-514f-4db7-95c2-3423134e38f3,239611,"Sunrisers Hyderabad v Rajasthan Royals at New Chandigarh, Tata Indian Premier League, 27 May 2026",8903,Tata Indian Premier League,2026,"PCA International Cricket Stadium, Ground A, New Chandigarh",List A Twenty20,2026-05-27,,,,,,,,,,,,,,,,,,,,,,,,,,,False,False,False,True,over the wicket,,,short,down leg,back foot,pull,,,,,caught,Abhishek Sharma,0,template_arm,0,,True,False,False,False,False,False,False,False,False,commentary
2,1153,Sunrisers Hyderabad,SRH,1,1,JC Archer,16,0,1,16/1,16.00,0.03,0.3,2,2,"Archer to Kishan, 2 runs",Ishan Kishan heads to the crease. ,"A length delivery swinging away down leg stump, Kishan attempts a flick but mistimes it, sending it awkwardly through the leg side for two runs. Kishan has got off the mark with a quick two.",7a80b657-514f-4db7-95c2-3423134e38f3,239611,"Sunrisers Hyderabad v Rajasthan Royals at New Chandigarh, Tata Indian Premier League, 27 May 2026",8903,Tata Indian Premier League,2026,"PCA International Cricket Stadium, Ground A, New Chandigarh",List A Twenty20,2026-05-27,20227.0,IP Kishan,left,28503.0,JC Archer,right,1558.0,Rajasthan Royals,right pace,1.0,pace,2026-05-27 16:11:01,,,,,,,,106720571.0,196.0,95.0,161.0,6.0,2.0,2.0,False,False,True,False,,,,,leg stump,,flick,,,,,,,,keyword,2,,False,False,False,False,False,False,False,False,False,
2,1153,Sunrisers Hyderabad,SRH,1,1,JC Archer,16,0,1,16/1,16.00,0.04,0.4,6,6,"Archer to Kishan, 6 runs",,"A length ball straight down the leg side, flicked with precision by Ishan Kishan. He middles it cleanly, sending it soaring over deep backward square leg for a fantastic six.",7a80b657-514f-4db7-95c2-3423134e38f3,239611,"Sunrisers Hyderabad v Rajasthan Royals at New Chandigarh, Tata Indian Premier League, 27 May 2026",8903,Tata Indian Premier League,2026,"PCA International Cricket Stadium, Ground A, New Chandigarh",List A Twenty20,2026-05-27,20227.0,IP Kishan,left,28503.0,JC Archer,right,1558.0,Rajasthan Royals,right pace,1.0,pace,2026-05-27 16:11:37,,,,,,,,106720573.0,162.0,100.0,167.0,7.0,6.0,6.0,False,False,True,False,,,,length ball,down the leg side,,flick,,,deep backward square leg,,,,,keyword,6,,False,False,False,False,False,False,False,True,False,
2,1153,Sunrisers Hyderabad,SRH,1,1,JC Archer,16,0,1,16/1,16.00,0.05,0.5,4,4,"Archer to Kishan, 4 runs",,"Jofra Archer delivers a length ball on middle stump swinging away. Ishan Kishan elegantly drives through the offside, the outside edge finding the gap beautifully. That's two boundaries for Kishan in this over.",7a80b657-514f-4db7-95c2-3423134e38f3,239611,"Sunrisers Hyderabad v Rajasthan Royals at New Chandigarh, Tata Indian Premier League, 27 May 2026",8903,Tata Indian Premier League,2026,"PCA International Cricket Stadium, Ground A, New Chandigarh",List A Twenty20,2026-05-27,20227.0,IP Kishan,left,28503.0,JC Archer,right,1558.0,Rajasthan Royals,right pace,1.0,pace,2026-05-27 16:12:26,,,,,,,,106720579.0,77.0,100.0,160.0,1.0,4.0,4.0,False,False,True,False,,,,length ball,middle stump,,drive,,,,,,,,keyword,4,,False,False,False,False,False,False,True,False,False,
2,1153,Sunrisers Hyderabad,SRH,1,1,JC Archer,16,0,1,16/1,16.00,0.06,0.6,4,4,Jofra Archer to Ishan Kishan,,"Over the wicket. Full, outside off, front foot, cut. 4 runs.",7a80b657-514f-4db7-95c2-3423134e38f3,239611,"Sunrisers Hyderabad v Rajasthan Royals at New Chandigarh, Tata Indian Premier League, 27 May 2026",8903,Tata Indian Premier League,2026,"PCA International Cricket Stadium, Ground A, New Chandigarh",List A Twenty20,2026-05-27,20227.0,IP Kishan,left,28503.0,JC Archer,right,1558.0,Rajasthan Royals,right pace,1.0,pace,2026-05-27 16:13:13,,,,,,,,106720582.0,7.0,100.0,169.0,2.0,4.0,4.0,False,False,True,False,over the wicket,,,full,outside off,front foot,cut,,,,,,,,template_arm,4,,False,False,False,False,False,False,True,False,False,
2,1153,Sunrisers Hyderabad,SRH,1,2,N Burger,19,5,0,35/1,14.00,1.01,1.1,2,2,"Burger to Head, 2 runs",Nandre Burger takes the ball for their 1st spell,"Head works a length ball just outside off stump cleverly for two runs, placing it nicely into the gap. Travis Head gets off the mark with a confident start.",7a80b657-514f-4db7-95c2-3423134e38f3,239611,"Sunrisers Hyderabad v Rajasthan Royals at New Chandigarh, Tata Indian Premier League, 27 May 2026",8903,Tata Indian Premier League,2026,"PCA International Cricket Stadium, Ground A, New Chandigarh",List A Twenty20,2026-05-27,21033.0,TM Head,left,52827.0,N Burger,left,1558.0,Rajasthan Royals,left pace,1.0,pace,2026-05-27 16:14:27,,,,,,,,106720594.0,201.0,70.0,117.0,6.0,2.0,2.0,False,False,True,False,,,,length ball,outside off,,work,,,,,,,,keyword,2,,False,False,False,False,False,False,False,False,False,
2,1153,Sunrisers Hyderabad,SRH,1,2,N Burger,19,5,0,35/1,14.00,1.02,1.1,5,5ʷᵈ,Nandre Burger to Travis Head,,"Over the wicket. Length ball, down leg, front foot, flick. 5 wides.",7a80b657-514f-4db7-95c2-3423134e38f3,239611,"Sunrisers Hyderabad v Rajasthan Royals at New Chandigarh, Tata Indian Premier League, 27 May 2026",8903,Tata Indian Premier League,2026,"PCA International Cricket Stadium, Ground A, New Chandigarh",List A Twenty20,2026-05-27,,,,,,,,,,,,,,,,,,,,,,,,,,,False,False,False,False,over the wicket,,,length ball,down leg,front foot,flick,,,,,,,,template_arm,5,wide,False,True,False,False,False,False,False,False,False,
2,1153,Sunrisers Hyderabad,SRH,1,2,N Burger,19,5,0,35/1,14.00,1.03,1.2,1,1,"Burger to Head, 1 run",,"Travis Head pulls a length ball outside off, keeping it down and squeezing a single through the on side.",7a80b657-514f-4db7-95c2-3423134e38f3,239611,"Sunrisers Hyderabad v Rajasthan Royals at New Chandigarh, Tata Indian Premier League, 27 May 2026",8903,Tata Indian Premier League,2026,"PCA International Cricket Stadium, Ground A, New Chandigarh",List A Twenty20,2026-05-27,21033.0,TM Head,left,52827.0,N Burger,left,1558.0,Rajasthan Royals,left pace,1.0,pace,2026-05-27 16:15:45,,,,,,,,106720601.0,193.0,75.0,128.0,6.0,1.0,1.0,False,False,True,False,,,,length ball,outside off,,pull,,,,,,,,keyword,1,,False,False,False,False,False,False,False,False,False,
2,1153,Sunrisers Hyderabad,SRH,1,2,N Burger,19,5,0,35/1,14.00,1.04,1.3,0,0,"Burger to Kishan, no run",,"A length ball outside off, pushed carefully by the batter right into cover, but no run comes from it.",7a80b657-514f-4db7-95c2-3423134e38f3,239611,"Sunrisers Hyderabad v Rajasthan Royals at New Chandigarh, Tata Indian Premier League, 27 May 2026",8903,Tata Indian Premier League,2026,"PCA International Cricket Stadium, Ground A, New Chandigarh",List A Twenty20,2026-05-27,,,,,,,,,,,,,,,,,,,,,,,,,,,False,False,False,False,,,,length ball,outside off,,push,,,cover,,,,,keyword,0,,False,False,False,False,False,False,False,False,True,
2,1153,Sunrisers Hyderabad,SRH,1,2,N Burger,19,5,0,35/1,14.00,1.05,1.4,1,1,"Burger to Kishan, 1 run",,"With no movement, the length ball outside off is worked crisply along the ground for a quick single.",7a80b657-514f-4db7-95c2-3423134e38f3,239611,"Sunrisers Hyderabad v Rajasthan Royals at New Chandigarh, Tata Indian Premier League, 27 May 2026",8903,Tata Indian Premier League,2026,"PCA International Cricket Stadium, Ground A, New Chandigarh",List A Twenty20,2026-05-27,20227.0,IP Kishan,left,52827.0,N Burger,left,1558.0,Rajasthan Royals,left pace,1.0,pace,2026-05-27 16:17:03,,,,,,,,106720609.0,258.0,35.0,64.0,5.0,1.0,1.0,False,False,True,False,,,,length ball,outside off,no movement,work,along the ground,,,,,,,keyword,1,,False,False,False,False,False,False,False,False,False,
2,1153,Sunrisers Hyderabad,SRH,1,2,N Burger,19,5,0,35/1,14.00,1.06,1.5,6,6,"Burger to Head, 6 runs",,"A short delivery outside off stump, and Travis Head pulls it beautifully. That well-timed, controlled shot races away over deep backward square leg for six! That makes it 15 runs in this over!",7a80b657-514f-4db7-95c2-3423134e38f3,239611,"Sunrisers Hyderabad v Rajasthan Royals at New Chandigarh, Tata Indian Premier League, 27 May 2026",8903,Tata Indian Premier League,2026,"PCA International Cricket Stadium, Ground A, New Chandigarh",List A Twenty20,2026-05-27,21033.0,TM Head,left,52827.0,N Burger,left,1558.0,Rajasthan Royals,left pace,1.0,pace,2026-05-27 16:17:40,,,,,,,,106720613.0,164.0,100.0,167.0,7.0,6.0,6.0,False,False,True,False,,,,short,outside off,,pull,,controlled,deep backward square leg,,,,,keyword,6,,False,False,False,False,False,False,False,True,False,
2,1153,Sunrisers Hyderabad,SRH,1,2,N Burger,19,5,0,35/1,14.00,1.07,1.6,4,4,"Burger to Head, 4 runs",,"A length ball outside off with no movement, driven sharply by the batter. Travis Head cuts it crisply and well-timed, racing it through the cover region for four runs. That makes it 19 this over! Two boundaries for Travis Head this over. Sunrisers Hyderabad need 209 from 108 balls, chasing at a required rate of 11.6 with nine wickets in hand; WinViz gives them a 22 percent chance.",7a80b657-514f-4db7-95c2-3423134e38f3,239611,"Sunrisers Hyderabad v Rajasthan Royals at New Chandigarh, Tata Indian Premier League, 27 May 2026",8903,Tata Indian Premier League,2026,"PCA International Cricket Stadium, Ground A, New Chandigarh",List A Twenty20,2026-05-27,21033.0,TM Head,left,52827.0,N Burger,left,1558.0,Rajasthan Royals,left pace,1.0,pace,2026-05-27 16:18:17,,,,,,,,106720616.0,335.0,100.0,174.0,3.0,4.0,4.0,False,False,True,False,,,,length ball,outside off,no movement,drive,,,cover,,,,,keyword,4,,False,False,False,False,False,False,True,False,False,
2,1153,Sunrisers Hyderabad,SRH,1,3,JC Archer,17,0,1,52/2,17.00,2.01,2.1,4,4,"Archer to Kishan, 4 runs",Jofra Archer continues their spell,"A back of a length delivery right on middle stump, expertly cut away by the batter. That well-timed, controlled shot races through backward point for four.",7a80b657-514f-4db7-95c2-3423134e38f3,239611,"Sunrisers Hyderabad v Rajasthan Royals at New Chandigarh, Tata Indian Premier League, 27 May 2026",8903,Tata Indian Premier League,2026,"PCA International Cricket Stadium, Ground A, New Chandigarh",List A Twenty20,2026-05-27,20227.0,IP Kishan,left,28503.0,JC Archer,right,1558.0,Rajasthan Royals,right pace,1.0,pace,2026-05-27 16:19:36,,,,,,,,106720622.0,9.0,100.0,168.0,2.0,4.0,4.0,False,False,True,False,,,,back of a length,middle stump,,cut,,controlled,backward point,,,,,keyword,4,,False,False,False,False,False,False,True,False,False,
2,1153,Sunrisers Hyderabad,SRH,1,3,JC Archer,17,0,1,52/2,17.00,2.02,2.2,6,6,"Archer to Kishan, 6 runs",,"Archer delivers a length ball down the leg side. Kishan flicks it perfectly, timing it sweetly for a magnificent six over deep backward square leg. Ishan Kishan has now hit two boundaries in this over.",7a80b657-514f-4db7-95c2-3423134e38f3,239611,"Sunrisers Hyderabad v Rajasthan Royals at New Chandigarh, Tata Indian Premier League, 27 May 2026",8903,Tata Indian Premier League,2026,"PCA International Cricket Stadium, Ground A, New Chandigarh",List A Twenty20,2026-05-27,20227.0,IP Kishan,left,28503.0,JC Archer,right,1558.0,Rajasthan Royals,right pace,1.0,pace,2026-05-27 16:20:23,,,,,,,,106720627.0,163.0,100.0,167.0,7.0,6.0,6.0,False,False,True,False,,,,length ball,down the leg side,,flick,,,deep backward square leg,,,,,keyword,6,,False,False,False,False,False,False,False,True,False,
2,1153,Sunrisers Hyderabad,SRH,1,3,JC Archer,17,0,1,52/2,17.00,2.03,2.3,0,0,"Archer to Kishan, no run",,"Jofra Archer bowls a length ball on off stump, and Ishan Kishan drives it neatly along the ground towards extra cover but finds no gap, resulting in a dot ball.",7a80b657-514f-4db7-95c2-3423134e38f3,239611,"Sunrisers Hyderabad v Rajasthan Royals at New Chandigarh, Tata Indian Premier League, 27 May 2026",8903,Tata Indian Premier League,2026,"PCA International Cricket Stadium, Ground A, New Chandigarh",List A Twenty20,2026-05-27,,,,,,,,,,,,,,,,,,,,,,,,,,,False,False,False,False,,,,length ball,off stump,,drive,along the ground,,extra cover,,,,,keyword,0,,False,False,False,False,False,False,False,False,True,
2,1153,Sunrisers Hyderabad,SRH,1,3,JC Archer,17,0,1,52/2,17.00,2.04,2.4,6,6,"Archer to Kishan, 6 runs",,"Jofra Archer bowls a length ball on off stump, but Kishan pulls with power and middles it cleanly. The ball rockets over deep backward square leg for six after that misfield. Ishan Kishan now adds his fourth six this over and 30 runs in just 10 balls. The partnership races to 51 from 14, pushing Sunrisers Hyderabad to 51 for 1.",7a80b657-514f-4db7-95c2-3423134e38f3,239611,"Sunrisers Hyderabad v Rajasthan Royals at New Chandigarh, Tata Indian Premier League, 27 May 2026",8903,Tata Indian Premier League,2026,"PCA International Cricket Stadium, Ground A, New Chandigarh",List A Twenty20,2026-05-27,20227.0,IP Kishan,left,28503.0,JC Archer,right,1558.0,Rajasthan Royals,right pace,1.0,pace,2026-05-27 16:21:53,,,,,,,,106720632.0,189.0,100.0,172.0,6.0,6.0,6.0,False,False,True,False,,,,length ball,off stump,,pull,,,deep backward square leg,,,,,keyword,6,,False,False,False,False,False,False,False,True,False,
2,1153,Sunrisers Hyderabad,SRH,1,3,JC Archer,17,0,1,52/2,17.00,2.05,2.5,0,W,"Archer to Kishan, out!",,"Archer bowls a back of a length delivery on off stump. Kishan goes for a drive but gets an uncontrolled, mis-timed shot and is caught by the extra cover fielder. Ishan Kishan is out for 33 off 11 balls, swinging momentum heavily in Rajasthan Royals' favor—from 71% to 81%.",7a80b657-514f-4db7-95c2-3423134e38f3,239611,"Sunrisers Hyderabad v Rajasthan Royals at New Chandigarh, Tata Indian Premier League, 27 May 2026",8903,Tata Indian Premier League,2026,"PCA International Cricket Stadium, Ground A, New Chandigarh",List A Twenty20,2026-05-27,,,,,,,,,,,,,,,,,,,,,,,,,,,False,False,False,True,,,,back of a length,off stump,,drive,,uncontrolled,,the extra cover fielder,caught,,,keyword,0,,True,False,False,False,False,False,False,False,False,commentary
2,1153,Sunrisers Hyderabad,SRH,1,3,JC Archer,17,0,1,52/2,17.00,2.06,2.6,1,1,"Archer to Smaran, 1 run",Ravichandran Smaran heads to the crease. ,"This no movement, back of a length delivery on leg stump is steered by the batter, albeit without full control, for a quick single. That takes the total to 17 in this over with Ravichandran Smaran now off the mark. Sunrisers Hyderabad require 192 from 102 balls, maintaining a tough required rate with eight wickets in hand and a 19% chance according to WinViz.",7a80b657-514f-4db7-95c2-3423134e38f3,239611,"Sunrisers Hyderabad v Rajasthan Royals at New Chandigarh, Tata Indian Premier League, 27 May 2026",8903,Tata Indian Premier League,2026,"PCA International Cricket Stadium, Ground A, New Chandigarh",List A Twenty20,2026-05-27,83039.0,R Smaran,left,28503.0,JC Archer,right,1558.0,Rajasthan Royals,right pace,1.0,pace,2026-05-27 16:24:42,,,,,,,,106720640.0,51.0,75.0,121.0,1.0,1.0,1.0,False,False,True,False,,,,back of a length,leg stump,no movement,steer,,,,,,,,keyword,1,,False,False,False,False,False,False,False,False,False,
2,1153,Sunrisers Hyderabad,SRH,1,4,N Burger,1,1,1,53/3,0.00,3.01,3.1,0,0,"Burger to Smaran, no run",Nandre Burger continues their spell,"Nandre Burger delivers a length ball just outside off stump, and Smaran carefully steers it along the ground towards cover. No run comes from this tidy piece of batting.",7a80b657-514f-4db7-95c2-3423134e38f3,239611,"Sunrisers Hyderabad v Rajasthan Royals at New Chandigarh, Tata Indian Premier League, 27 May 2026",8903,Tata Indian Premier League,2026,"PCA International Cricket Stadium, Ground A, New Chandigarh",List A Twenty20,2026-05-27,,,,,,,,,,,,,,,,,,,,,,,,,,,False,False,False,False,,,,length ball,outside off,,steer,along the ground,,cover,,,,,keyword,0,,False,False,False,False,False,False,False,False,True,
2,1153,Sunrisers Hyderabad,SRH,1,4,N Burger,1,1,1,53/3,0.00,3.02,3.2,0,0,"Burger to Smaran, no run",,The swinging away length ball just outside off is met with an attempted drive but the batter misses it cleanly.,7a80b657-514f-4db7-95c2-3423134e38f3,239611,"Sunrisers Hyderabad v Rajasthan Royals at New Chandigarh, Tata Indian Premier League, 27 May 2026",8903,Tata Indian Premier League,2026,"PCA International Cricket Stadium, Ground A, New Chandigarh",List A Twenty20,2026-05-27,,,,,,,,,,,,,,,,,,,,,,,,,,,False,False,False,False,,,,length ball,outside off,,drive,,,,,,,,keyword,0,,False,False,False,False,False,False,False,False,True,
2,1153,Sunrisers Hyderabad,SRH,1,4,N Burger,1,1,1,53/3,0.00,3.03,3.3,0,W,"Burger to Smaran, out!",,"A back of a length delivery outside off is met with a mistimed, uncontrolled pull shot, leading to the batter being caught by long on. Ravichandran Smaran is dismissed for 1 off 4 balls. Rajasthan Royals’ winning chances jump dramatically from 82% to 90%.",7a80b657-514f-4db7-95c2-3423134e38f3,239611,"Sunrisers Hyderabad v Rajasthan Royals at New Chandigarh, Tata Indian Premier League, 27 May 2026",8903,Tata Indian Premier League,2026,"PCA International Cricket Stadium, Ground A, New Chandigarh",List A Twenty20,2026-05-27,,,,,,,,,,,,,,,,,,,,,,,,,,,False,False,False,True,,,,back of a length,outside off,,pull,,uncontrolled,,long on,caught,,,keyword,0,,True,False,False,False,False,False,False,False,False,commentary
2,1153,Sunrisers Hyderabad,SRH,1,4,N Burger,1,1,1,53/3,0.00,3.04,3.4,0,0,"Burger to Klaasen, no run",Heinrich Klaasen heads to the crease. ,"A short, no movement delivery down the leg side is gloved defensively by Klaasen, resulting in no run.",7a80b657-514f-4db7-95c2-3423134e38f3,239611,"Sunrisers Hyderabad v Rajasthan Royals at New Chandigarh, Tata Indian Premier League, 27 May 2026",8903,Tata Indian Premier League,2026,"PCA International Cricket Stadium, Ground A, New Chandigarh",List A Twenty20,2026-05-27,,,,,,,,,,,,,,,,,,,,,,,,,,,False,False,False,False,,,,short,down the leg side,no movement,,,,,,,,,keyword,0,,False,False,False,False,False,False,False,False,True,
2,1153,Sunrisers Hyderabad,SRH,1,4,N Burger,1,1,1,53/3,0.00,3.05,3.4,1,1ʷᵈ,"Burger to Klaasen, 1 run (wide)",,"A short delivery with no movement down the leg side, the batter attempts a pull but misses entirely. Meanwhile, a wide is signaled and the fielding side concedes an extra.",7a80b657-514f-4db7-95c2-3423134e38f3,239611,"Sunrisers Hyderabad v Rajasthan Royals at New Chandigarh, Tata Indian Premier League, 27 May 2026",8903,Tata Indian Premier League,2026,"PCA International Cricket Stadium, Ground A, New Chandigarh",List A Twenty20,2026-05-27,,,,,,,,,,,,,,,,,,,,,,,,,,,False,False,False,False,,,,short,down the leg side,no movement,pull,,,,,,,,keyword,1,wide,False,True,False,False,False,False,False,False,False,
2,1153,Sunrisers Hyderabad,SRH,1,4,N Burger,1,1,1,53/3,0.00,3.06,3.5,0,0,"Burger to Klaasen, no run",,"Pushed carefully on a back of a length delivery targeting the leg stump, the batter nudges it along the ground for no run.",7a80b657-514f-4db7-95c2-3423134e38f3,239611,"Sunrisers Hyderabad v Rajasthan Royals at New Chandigarh, Tata Indian Premier League, 27 May 2026",8903,Tata Indian Premier League,2026,"PCA International Cricket Stadium, Ground A, New Chandigarh",List A Twenty20,2026-05-27,,,,,,,,,,,,,,,,,,,,,,,,,,,False,False,False,False,,,,back of a length,leg stump,,push,along the ground,,,,,,,keyword,0,,False,False,False,False,False,False,False,False,True,
2,1153,Sunrisers Hyderabad,SRH,1,4,N Burger,1,1,1,53/3,0.00,3.07,3.6,0,0,"Burger to Klaasen, no run",,"A length ball angling down the leg stump, worked deftly with bat and pad for no run as the batter keeps the strike. Sunrisers Hyderabad face a challenging chase needing 191 from 96 balls with seven wickets in hand, holding just a 9% chance.",7a80b657-514f-4db7-95c2-3423134e38f3,239611,"Sunrisers Hyderabad v Rajasthan Royals at New Chandigarh, Tata Indian Premier League, 27 May 2026",8903,Tata Indian Premier League,2026,"PCA International Cricket Stadium, Ground A, New Chandigarh",List A Twenty20,2026-05-27,,,,,,,,,,,,,,,,,,,,,,,,,,,False,False,False,False,,,,length ball,leg stump,,work,,,,,,,,keyword,0,,False,False,False,False,False,False,False,False,True,
2,1153,Sunrisers Hyderabad,SRH,1,5,JC Archer,9,0,1,62/4,9.00,4.01,4.1,0,0,"Archer to Head, no run",Jofra Archer continues their spell,"Jofra Archer bowls a back of a length delivery on middle stump. Travis Head pushes it cautiously but mistimes the shot, resulting in no run.",7a80b657-514f-4db7-95c2-3423134e38f3,239611,"Sunrisers Hyderabad v Rajasthan Royals at New Chandigarh, Tata Indian Premier League, 27 May 2026",8903,Tata Indian Premier League,2026,"PCA International Cricket Stadium, Ground A, New Chandigarh",List A Twenty20,2026-05-27,,,,,,,,,,,,,,,,,,,,,,,,,,,False,False,False,False,,,,back of a length,middle stump,,push,,,,,,,,keyword,0,,False,False,False,False,False,False,False,False,True,
2,1153,Sunrisers Hyderabad,SRH,1,5,JC Archer,9,0,1,62/4,9.00,4.02,4.2,4,4,"Archer to Head, 4 runs",,"Jofra Archer bowls a back of a length delivery down the leg side, met with a well-timed drive that races crisply through the cover region for four.",7a80b657-514f-4db7-95c2-3423134e38f3,239611,"Sunrisers Hyderabad v Rajasthan Royals at New Chandigarh, Tata Indian Premier League, 27 May 2026",8903,Tata Indian Premier League,2026,"PCA International Cricket Stadium, Ground A, New Chandigarh",List A Twenty20,2026-05-27,21033.0,TM Head,left,28503.0,JC Archer,right,1558.0,Rajasthan Royals,right pace,1.0,pace,2026-05-27 16:32:33,,,,,,,,106720662.0,343.0,100.0,173.0,3.0,4.0,4.0,False,False,True,False,,,,back of a length,down the leg side,,drive,,,cover,,,,,keyword,4,,False,False,False,False,False,False,True,False,False,
2,1153,Sunrisers Hyderabad,SRH,1,5,JC Archer,9,0,1,62/4,9.00,4.03,4.3,0,0,"Archer to Head, no run",,"Down the leg side on a length, the batter plays a controlled drive that stays grounded, resulting in no run.",7a80b657-514f-4db7-95c2-3423134e38f3,239611,"Sunrisers Hyderabad v Rajasthan Royals at New Chandigarh, Tata Indian Premier League, 27 May 2026",8903,Tata Indian Premier League,2026,"PCA International Cricket Stadium, Ground A, New Chandigarh",List A Twenty20,2026-05-27,,,,,,,,,,,,,,,,,,,,,,,,,,,False,False,False,False,,,,,down the leg side,,drive,,controlled,,,,,,keyword,0,,False,False,False,False,False,False,False,False,True,
2,1153,Sunrisers Hyderabad,SRH,1,5,JC Archer,9,0,1,62/4,9.00,4.04,4.4,0,W,"Archer to Head, out!",,"A length ball on leg stump with no movement, Travis Head attempts a slog but misses, and he's bowled cleanly. Travis Head falls for 17 off 8 balls. Rajasthan Royals' win probability surges from 91% to 96%.",7a80b657-514f-4db7-95c2-3423134e38f3,239611,"Sunrisers Hyderabad v Rajasthan Royals at New Chandigarh, Tata Indian Premier League, 27 May 2026",8903,Tata Indian Premier League,2026,"PCA International Cricket Stadium, Ground A, New Chandigarh",List A Twenty20,2026-05-27,,,,,,,,,,,,,,,,,,,,,,,,,,,False,False,False,False,,,,length ball,leg stump,no movement,slog,,,,,bowled,,,keyword,0,,True,False,False,False,False,False,False,False,False,commentary
2,1153,Sunrisers Hyderabad,SRH,1,5,JC Archer,9,0,1,62/4,9.00,4.05,4.5,1,1,"Archer to Reddy, 1 run",Nitish Kumar Reddy heads to the crease. ,"Jofra Archer pitches a back of a length ball outside off, and Nitish Kumar Reddy deftly steers it along the ground for a quick single. That's the first run on the board for Nitish Kumar Reddy.",7a80b657-514f-4db7-95c2-3423134e38f3,239611,"Sunrisers Hyderabad v Rajasthan Royals at New Chandigarh, Tata Indian Premier League, 27 May 2026",8903,Tata Indian Premier League,2026,"PCA International Cricket Stadium, Ground A, New Chandigarh",List A Twenty20,2026-05-27,74028.0,K Nitish Kumar Reddy,right,28503.0,JC Archer,right,1558.0,Rajasthan Royals,right pace,1.0,pace,2026-05-27 16:35:49,,,,,,,,106720672.0,115.0,75.0,125.0,8.0,1.0,1.0,False,False,True,False,,,,back of a length,outside off,,steer,along the ground,,,,,,,keyword,1,,False,False,False,False,False,False,False,False,False,
2,1153,Sunrisers Hyderabad,SRH,1,5,JC Archer,9,0,1,62/4,9.00,4.06,4.6,4,4,"Archer to Klaasen, 4 runs",,"Jofra Archer bowls a back of a length delivery outside off, and Klaasen plays a crisp, well-timed drive piercing the covers for four. Heinrich Klaasen is off the mark with a boundary. Sunrisers Hyderabad need 182 from 90 balls at a required run rate of 12.1 with six wickets in hand, holding just a 4% chance according to WinViz.",7a80b657-514f-4db7-95c2-3423134e38f3,239611,"Sunrisers Hyderabad v Rajasthan Royals at New Chandigarh, Tata Indian Premier League, 27 May 2026",8903,Tata Indian Premier League,2026,"PCA International Cricket Stadium, Ground A, New Chandigarh",List A Twenty20,2026-05-27,23673.0,H Klaasen,right,28503.0,JC Archer,right,1558.0,Rajasthan Royals,right pace,1.0,pace,2026-05-27 16:36:34,,,,,,,,106720674.0,206.0,100.0,174.0,6.0,4.0,4.0,False,False,True,False,,,,back of a length,outside off,,drive,,,,,,,,keyword,4,,False,False,False,False,False,False,True,False,False,
2,1153,Sunrisers Hyderabad,SRH,1,6,B Sharma,9,0,0,71/4,9.00,5.01,5.1,1,1,"Sharma to Reddy, 1 run",Brijesh Sharma takes the ball for their 1st spell,"Brijesh Sharma delivers a short, wide outside off no movement ball, tempting Nitish Kumar Reddy into a slightly mistimed pull that still manages a quick single.",7a80b657-514f-4db7-95c2-3423134e38f3,239611,"Sunrisers Hyderabad v Rajasthan Royals at New Chandigarh, Tata Indian Premier League, 27 May 2026",8903,Tata Indian Premier League,2026,"PCA International Cricket Stadium, Ground A, New Chandigarh",List A Twenty20,2026-05-27,74028.0,K Nitish Kumar Reddy,right,90896.0,B Sharma,right,1558.0,Rajasthan Royals,right pace,2.0,pace,2026-05-27 16:37:41,,,,,,,,106720677.0,310.0,65.0,116.0,4.0,1.0,1.0,False,False,True,False,,,,short,wide outside off,no movement,pull,,mistimed,,,,,,keyword,1,,False,False,False,False,False,False,False,False,False,
2,1153,Sunrisers Hyderabad,SRH,1,6,B Sharma,9,0,0,71/4,9.00,5.02,5.2,1,1,"Sharma to Klaasen, 1 run",,"Brijesh Sharma bowls a length delivery just outside off stump, Klaasen plays a neat drive along the ground, sneaking a well-timed single.",7a80b657-514f-4db7-95c2-3423134e38f3,239611,"Sunrisers Hyderabad v Rajasthan Royals at New Chandigarh, Tata Indian Premier League, 27 May 2026",8903,Tata Indian Premier League,2026,"PCA International Cricket Stadium, Ground A, New Chandigarh",List A Twenty20,2026-05-27,23673.0,H Klaasen,right,90896.0,B Sharma,right,1558.0,Rajasthan Royals,right pace,2.0,pace,2026-05-27 16:38:33,,,,,,,,106720679.0,269.0,75.0,137.0,5.0,1.0,1.0,False,False,True,False,,,,,outside off,,drive,along the ground,,,,,,,keyword,1,,False,False,False,False,False,False,False,False,False,
2,1153,Sunrisers Hyderabad,SRH,1,6,B Sharma,9,0,0,71/4,9.00,5.03,5.3,0,0,"Sharma to Reddy, no run",,"Brijesh Sharma drops a back of a length delivery wide outside off, and Nitish Kumar Reddy pushes it carefully into the cover region where Riyan Parag fields steadily. No run comes off this controlled stroke.",7a80b657-514f-4db7-95c2-3423134e38f3,239611,"Sunrisers Hyderabad v Rajasthan Royals at New Chandigarh, Tata Indian Premier League, 27 May 2026",8903,Tata Indian Premier League,2026,"PCA International Cricket Stadium, Ground A, New Chandigarh",List A Twenty20,2026-05-27,,,,,,,,,,,,,,,,,,,,,,,,,,,False,False,False,False,,,,back of a length,wide outside off,,push,,controlled,cover,,,,,keyword,0,,False,False,False,False,False,False,False,False,True,
2,1153,Sunrisers Hyderabad,SRH,1,6,B Sharma,9,0,0,71/4,9.00,5.04,5.4,1,1,"Sharma to Reddy, 1 run",,"A back of a length delivery outside off, met with a mis-timed, uncontrolled pull shot by Nitish Kumar Reddy, sneaking a single through deep mid-wicket.",7a80b657-514f-4db7-95c2-3423134e38f3,239611,"Sunrisers Hyderabad v Rajasthan Royals at New Chandigarh, Tata Indian Premier League, 27 May 2026",8903,Tata Indian Premier League,2026,"PCA International Cricket Stadium, Ground A, New Chandigarh",List A Twenty20,2026-05-27,74028.0,K Nitish Kumar Reddy,right,90896.0,B Sharma,right,1558.0,Rajasthan Royals,right pace,2.0,pace,2026-05-27 16:39:38,,,,,,,,106720683.0,328.0,85.0,145.0,3.0,1.0,1.0,False,False,True,False,,,,back of a length,outside off,,pull,,uncontrolled,,,,,,keyword,1,,False,False,False,False,False,False,False,False,False,
2,1153,Sunrisers Hyderabad,SRH,1,6,B Sharma,9,0,0,71/4,9.00,5.05,5.5,4,4,"Sharma to Klaasen, 4 runs",,A short slower ball pitched on off stump is dispatched crisply by the batter. Heinrich Klaasen pulls it with perfect timing over deep backward square leg for four.,7a80b657-514f-4db7-95c2-3423134e38f3,239611,"Sunrisers Hyderabad v Rajasthan Royals at New Chandigarh, Tata Indian Premier League, 27 May 2026",8903,Tata Indian Premier League,2026,"PCA International Cricket Stadium, Ground A, New Chandigarh",List A Twenty20,2026-05-27,23673.0,H Klaasen,right,90896.0,B Sharma,right,1558.0,Rajasthan Royals,right pace,2.0,pace,2026-05-27 16:40:25,,,,,,,,106720686.0,20.0,100.0,167.0,2.0,4.0,4.0,False,False,True,False,,,,short,off stump,,pull,,,deep backward square leg,,,,,keyword,4,,False,False,False,False,False,False,True,False,False,
2,1153,Sunrisers Hyderabad,SRH,1,6,B Sharma,9,0,0,71/4,9.00,5.06,5.6,2,2,"Sharma to Klaasen, 2 runs",,"Heinrich Klaasen leans into a back of a length delivery outside off stump and pulls it along the ground for a quick two, with a sharp run saved by Donovan Ferreira at deep mid-wicket. Sunrisers Hyderabad are chasing 173 from 84 balls, needing 12.4 runs per over with six wickets left; their win probability stands at just four percent.",7a80b657-514f-4db7-95c2-3423134e38f3,239611,"Sunrisers Hyderabad v Rajasthan Royals at New Chandigarh, Tata Indian Premier League, 27 May 2026",8903,Tata Indian Premier League,2026,"PCA International Cricket Stadium, Ground A, New Chandigarh",List A Twenty20,2026-05-27,23673.0,H Klaasen,right,90896.0,B Sharma,right,1558.0,Rajasthan Royals,right pace,2.0,pace,2026-05-27 16:41:06,,,,,,,,106720688.0,314.0,95.0,165.0,4.0,2.0,2.0,False,False,True,False,,,,back of a length,outside off,,pull,along the ground,,,,,,,keyword,2,,False,False,False,False,False,False,False,False,False,
2,1153,Sunrisers Hyderabad,SRH,1,7,YR Punja,12,1,1,83/5,11.00,6.01,6.1,1,1,"Punja to Reddy, 1 run",Yash Punja takes the ball for their 1st spell,"A back of a length leg spinner on middle stump, the batter pulls it off the back foot for a quick single to deep square leg.",7a80b657-514f-4db7-95c2-3423134e38f3,239611,"Sunrisers Hyderabad v Rajasthan Royals at New Chandigarh, Tata Indian Premier League, 27 May 2026",8903,Tata Indian Premier League,2026,"PCA International Cricket Stadium, Ground A, New Chandigarh",List A Twenty20,2026-05-27,74028.0,K Nitish Kumar Reddy,right,92045.0,YR Punja,right,1558.0,Rajasthan Royals,leg break,4.0,spin,2026-05-27 16:42:26,,,,,,,,106720692.0,345.0,80.0,140.0,3.0,1.0,1.0,False,False,True,False,,,,back of a length,middle stump,back foot,pull,,,deep square leg,,,,,keyword,1,,False,False,False,False,False,False,False,False,False,
2,1153,Sunrisers Hyderabad,SRH,1,7,YR Punja,12,1,1,83/5,11.00,6.02,6.2,1,1,"Punja to Klaasen, 1 run",,"Outside off and back of a length from the leg spinner, Klaasen drives it nicely along the ground, picking up a single past long off.",7a80b657-514f-4db7-95c2-3423134e38f3,239611,"Sunrisers Hyderabad v Rajasthan Royals at New Chandigarh, Tata Indian Premier League, 27 May 2026",8903,Tata Indian Premier League,2026,"PCA International Cricket Stadium, Ground A, New Chandigarh",List A Twenty20,2026-05-27,23673.0,H Klaasen,right,92045.0,YR Punja,right,1558.0,Rajasthan Royals,leg break,4.0,spin,2026-05-27 16:42:55,,,,,,,,106720694.0,256.0,80.0,141.0,5.0,1.0,1.0,False,False,True,False,,,,back of a length,outside off,,drive,along the ground,,long off,,,,,keyword,1,,False,False,False,False,False,False,False,False,False,
2,1153,Sunrisers Hyderabad,SRH,1,7,YR Punja,12,1,1,83/5,11.00,6.03,6.2,1,1ʷᵈ,"Punja to Reddy, 1 run (wide)",,"The leg spinner bowls a length ball down leg, but the batter tries a sweep and misses completely. Meanwhile, the bowler concedes a wide, adding an extra run to the total.",7a80b657-514f-4db7-95c2-3423134e38f3,239611,"Sunrisers Hyderabad v Rajasthan Royals at New Chandigarh, Tata Indian Premier League, 27 May 2026",8903,Tata Indian Premier League,2026,"PCA International Cricket Stadium, Ground A, New Chandigarh",List A Twenty20,2026-05-27,,,,,,,,,,,,,,,,,,,,,,,,,,,False,False,False,False,,,,length ball,down leg,,sweep,,,,,,,,keyword,1,wide,False,True,False,False,False,False,False,False,False,
2,1153,Sunrisers Hyderabad,SRH,1,7,YR Punja,12,1,1,83/5,11.00,6.04,6.3,1,1,"Punja to Reddy, 1 run",,"A back of a length leg spinner outside off, expertly swept along the ground by Nitish Kumar Reddy for a single.",7a80b657-514f-4db7-95c2-3423134e38f3,239611,"Sunrisers Hyderabad v Rajasthan Royals at New Chandigarh, Tata Indian Premier League, 27 May 2026",8903,Tata Indian Premier League,2026,"PCA International Cricket Stadium, Ground A, New Chandigarh",List A Twenty20,2026-05-27,74028.0,K Nitish Kumar Reddy,right,92045.0,YR Punja,right,1558.0,Rajasthan Royals,leg break,4.0,spin,2026-05-27 16:43:41,,,,,,,,106720697.0,326.0,70.0,125.0,3.0,1.0,1.0,False,False,True,False,,,,back of a length,outside off,,sweep,along the ground,,,,,,,keyword,1,,False,False,False,False,False,False,False,False,False,
2,1153,Sunrisers Hyderabad,SRH,1,7,YR Punja,12,1,1,83/5,11.00,6.05,6.4,6,6,"Punja to Klaasen, 6 runs",,"The leg spinner drifts in on a back of a length delivery, and Klaasen meets it with a controlled drive. He middles it perfectly, sending the ball sailing over extra cover for a stylish six.",7a80b657-514f-4db7-95c2-3423134e38f3,239611,"Sunrisers Hyderabad v Rajasthan Royals at New Chandigarh, Tata Indian Premier League, 27 May 2026",8903,Tata Indian Premier League,2026,"PCA International Cricket Stadium, Ground A, New Chandigarh",List A Twenty20,2026-05-27,23673.0,H Klaasen,right,92045.0,YR Punja,right,1558.0,Rajasthan Royals,leg break,4.0,spin,2026-05-27 16:44:04,,,,,,,,106720699.0,212.0,100.0,175.0,6.0,6.0,6.0,False,False,True,False,,,,back of a length,,,drive,,controlled,extra cover,,,,,keyword,6,,False,False,False,False,False,False,False,True,False,
2,1153,Sunrisers Hyderabad,SRH,1,7,YR Punja,12,1,1,83/5,11.00,6.06,6.5,0,W,"Punja to Klaasen, out!",,"The leg spinner on a length, pitching on off stump, tempts the batter into a switch hit. Klaasen misses, the ball clatters into his pads, and he's given leg before wicket after review. Klaasen departs for 18 off 10 as Rajasthan Royals successfully retain their review.",7a80b657-514f-4db7-95c2-3423134e38f3,239611,"Sunrisers Hyderabad v Rajasthan Royals at New Chandigarh, Tata Indian Premier League, 27 May 2026",8903,Tata Indian Premier League,2026,"PCA International Cricket Stadium, Ground A, New Chandigarh",List A Twenty20,2026-05-27,,,,,,,,,,,,,,,,,,,,,,,,,,,False,False,False,False,,,,full,off stump,,pad,,,,,lbw,,,keyword,0,,True,False,False,False,False,False,False,False,False,commentary
2,1153,Sunrisers Hyderabad,SRH,1,7,YR Punja,12,1,1,83/5,11.00,6.07,6.6,2,2,"Punja to Arora, 2 runs",Salil Arora heads to the crease. ,"A length ball drifting wide outside off from the leg spinner, Salil Arora drives it crisply along the ground for a quick two runs. Salil Arora is off the mark. Sunrisers Hyderabad require 161 from 78 balls at 12.4 runs an over with five wickets in hand, currently at a 2% winning chance according to WinViz.",7a80b657-514f-4db7-95c2-3423134e38f3,239611,"Sunrisers Hyderabad v Rajasthan Royals at New Chandigarh, Tata Indian Premier League, 27 May 2026",8903,Tata Indian Premier League,2026,"PCA International Cricket Stadium, Ground A, New Chandigarh",List A Twenty20,2026-05-27,72140.0,S Arora,right,92045.0,YR Punja,right,1558.0,Rajasthan Royals,leg break,4.0,spin,2026-05-27 16:48:02,,,,,,,,106720702.0,175.0,75.0,130.0,7.0,2.0,2.0,False,False,True,False,,,,length ball,wide outside off,,drive,along the ground,,,,,,,keyword,2,,False,False,False,False,False,False,False,False,False,
2,1153,Sunrisers Hyderabad,SRH,1,8,SS Mishra,13,0,0,96/5,13.00,7.01,7.1,4,4,"Mishra to Reddy, 4 runs",Sushant Mishra takes the ball for their 1st spell,A back of a length delivery just outside off is met with a beautifully timed drive. Nitish Kumar Reddy steers the ball in a controlled arc through extra cover for four.,7a80b657-514f-4db7-95c2-3423134e38f3,239611,"Sunrisers Hyderabad v Rajasthan Royals at New Chandigarh, Tata Indian Premier League, 27 May 2026",8903,Tata Indian Premier League,2026,"PCA International Cricket Stadium, Ground A, New Chandigarh",List A Twenty20,2026-05-27,74028.0,K Nitish Kumar Reddy,right,71452.0,SS Mishra,left,1558.0,Rajasthan Royals,left pace,1.0,pace,2026-05-27 16:49:13,,,,,,,,106720703.0,212.0,100.0,175.0,6.0,4.0,4.0,False,False,True,False,,,,back of a length,outside off,,drive,,controlled,extra cover,,,,,keyword,4,,False,False,False,False,False,False,True,False,False,
2,1153,Sunrisers Hyderabad,SRH,1,8,SS Mishra,13,0,0,96/5,13.00,7.02,7.2,4,4,"Mishra to Reddy, 4 runs",,"A back of a length delivery on off stump, bowled without any movement. Nitish Kumar Reddy cuts in assertively, timing it beautifully through long off for a boundary. Another four runs for Nitish Kumar Reddy, his second boundary in this over.",7a80b657-514f-4db7-95c2-3423134e38f3,239611,"Sunrisers Hyderabad v Rajasthan Royals at New Chandigarh, Tata Indian Premier League, 27 May 2026",8903,Tata Indian Premier League,2026,"PCA International Cricket Stadium, Ground A, New Chandigarh",List A Twenty20,2026-05-27,74028.0,K Nitish Kumar Reddy,right,71452.0,SS Mishra,left,1558.0,Rajasthan Royals,left pace,1.0,pace,2026-05-27 16:49:58,,,,,,,,106720706.0,259.0,100.0,180.0,5.0,4.0,4.0,False,False,True,False,,,,back of a length,off stump,,cut,,,long off,,,,,keyword,4,,False,False,False,False,False,False,True,False,False,
2,1153,Sunrisers Hyderabad,SRH,1,8,SS Mishra,13,0,0,96/5,13.00,7.03,7.3,1,1,"Mishra to Reddy, 1 run",,"Nitish Kumar Reddy deftly steers a back-of-a-length delivery down the leg side, sneaking through for a quick single.",7a80b657-514f-4db7-95c2-3423134e38f3,239611,"Sunrisers Hyderabad v Rajasthan Royals at New Chandigarh, Tata Indian Premier League, 27 May 2026",8903,Tata Indian Premier League,2026,"PCA International Cricket Stadium, Ground A, New Chandigarh",List A Twenty20,2026-05-27,74028.0,K Nitish Kumar Reddy,right,71452.0,SS Mishra,left,1558.0,Rajasthan Royals,left pace,1.0,pace,2026-05-27 16:50:45,,,,,,,,106720709.0,145.0,30.0,52.0,7.0,1.0,1.0,False,False,True,False,,,,,down the leg side,,steer,,,,,,,,keyword,1,,False,False,False,False,False,False,False,False,False,
2,1153,Sunrisers Hyderabad,SRH,1,8,SS Mishra,13,0,0,96/5,13.00,7.04,7.4,1,1,"Mishra to Arora, 1 run",,"The off cutter, pitched back of a length on leg stump, is pushed gently for a single by Salil Arora.",7a80b657-514f-4db7-95c2-3423134e38f3,239611,"Sunrisers Hyderabad v Rajasthan Royals at New Chandigarh, Tata Indian Premier League, 27 May 2026",8903,Tata Indian Premier League,2026,"PCA International Cricket Stadium, Ground A, New Chandigarh",List A Twenty20,2026-05-27,72140.0,S Arora,right,71452.0,SS Mishra,left,1558.0,Rajasthan Royals,left pace,1.0,pace,2026-05-27 16:51:25,,,,,,,,106720711.0,232.0,30.0,54.0,5.0,1.0,1.0,False,False,True,False,,,,back of a length,leg stump,,push,,,,,,,,keyword,1,,False,False,False,False,False,False,False,False,False,
2,1153,Sunrisers Hyderabad,SRH,1,8,SS Mishra,13,0,0,96/5,13.00,7.05,7.5,2,2,"Mishra to Reddy, 2 runs",,"An off cutter pitched short and drifting down leg, met with a neat pull shot by Nitish Kumar Reddy. He keeps it low and on the ground, racing away for a quick two.",7a80b657-514f-4db7-95c2-3423134e38f3,239611,"Sunrisers Hyderabad v Rajasthan Royals at New Chandigarh, Tata Indian Premier League, 27 May 2026",8903,Tata Indian Premier League,2026,"PCA International Cricket Stadium, Ground A, New Chandigarh",List A Twenty20,2026-05-27,74028.0,K Nitish Kumar Reddy,right,71452.0,SS Mishra,left,1558.0,Rajasthan Royals,left pace,1.0,pace,2026-05-27 16:52:05,,,,,,,,106720712.0,10.0,85.0,143.0,2.0,2.0,2.0,False,False,True,False,,,,short,down leg,,pull,,,,,,,,keyword,2,,False,False,False,False,False,False,False,False,False,
2,1153,Sunrisers Hyderabad,SRH,1,8,SS Mishra,13,0,0,96/5,13.00,7.06,7.6,1,1,"Mishra to Reddy, 1 run",,"A length ball just outside off stump, nicely driven along the ground by Nitish Kumar Reddy for a quick single. Sunrisers Hyderabad are chasing 148 from 72 with five wickets in hand, required rate at 12.3 runs per over.",7a80b657-514f-4db7-95c2-3423134e38f3,239611,"Sunrisers Hyderabad v Rajasthan Royals at New Chandigarh, Tata Indian Premier League, 27 May 2026",8903,Tata Indian Premier League,2026,"PCA International Cricket Stadium, Ground A, New Chandigarh",List A Twenty20,2026-05-27,74028.0,K Nitish Kumar Reddy,right,71452.0,SS Mishra,left,1558.0,Rajasthan Royals,left pace,1.0,pace,2026-05-27 16:53:05,,,,,,,,106720715.0,252.0,80.0,140.0,5.0,1.0,1.0,False,False,True,False,,,,length ball,outside off,,drive,along the ground,,,,,,,keyword,1,,False,False,False,False,False,False,False,False,False,
2,1153,Sunrisers Hyderabad,SRH,1,9,YR Punja,18,0,0,114/5,18.00,8.01,8.1,1,1,"Punja to Reddy, 1 run",Yash Punja continues their spell,"Leg spinner Yash Punja sends down a length ball on the leg side, and Nitish Kumar Reddy elegantly flicks it off the pads for a single.",7a80b657-514f-4db7-95c2-3423134e38f3,239611,"Sunrisers Hyderabad v Rajasthan Royals at New Chandigarh, Tata Indian Premier League, 27 May 2026",8903,Tata Indian Premier League,2026,"PCA International Cricket Stadium, Ground A, New Chandigarh",List A Twenty20,2026-05-27,74028.0,K Nitish Kumar Reddy,right,92045.0,YR Punja,right,1558.0,Rajasthan Royals,leg break,4.0,spin,2026-05-27 16:53:59,,,,,,,,106720718.0,290.0,75.0,132.0,4.0,1.0,1.0,False,False,True,False,,,,length ball,,,flick,,,,,,,,keyword,1,,False,False,False,False,False,False,False,False,False,
2,1153,Sunrisers Hyderabad,SRH,1,9,YR Punja,18,0,0,114/5,18.00,8.02,8.2,1,1,"Punja to Arora, 1 run",,"A length ball from the leg spinner just on off stump, nicely worked along the ground by Salil Arora for a single.",7a80b657-514f-4db7-95c2-3423134e38f3,239611,"Sunrisers Hyderabad v Rajasthan Royals at New Chandigarh, Tata Indian Premier League, 27 May 2026",8903,Tata Indian Premier League,2026,"PCA International Cricket Stadium, Ground A, New Chandigarh",List A Twenty20,2026-05-27,72140.0,S Arora,right,92045.0,YR Punja,right,1558.0,Rajasthan Royals,leg break,4.0,spin,2026-05-27 16:54:31,,,,,,,,106720720.0,283.0,70.0,127.0,4.0,1.0,1.0,False,False,True,False,,,,length ball,off stump,,work,along the ground,,,,,,,keyword,1,,False,False,False,False,False,False,False,False,False,
2,1153,Sunrisers Hyderabad,SRH,1,9,YR Punja,18,0,0,114/5,18.00,8.03,8.3,4,4,"Punja to Reddy, 4 runs",,"A leg spinner on a back of a length just on off stump, beautifully driven with perfect timing. Nitish Kumar Reddy sends it racing through extra cover for four. That brings Sunrisers Hyderabad to 102 for 5.",7a80b657-514f-4db7-95c2-3423134e38f3,239611,"Sunrisers Hyderabad v Rajasthan Royals at New Chandigarh, Tata Indian Premier League, 27 May 2026",8903,Tata Indian Premier League,2026,"PCA International Cricket Stadium, Ground A, New Chandigarh",List A Twenty20,2026-05-27,74028.0,K Nitish Kumar Reddy,right,92045.0,YR Punja,right,1558.0,Rajasthan Royals,leg break,4.0,spin,2026-05-27 16:54:53,,,,,,,,106720722.0,220.0,100.0,176.0,6.0,4.0,4.0,False,False,True,False,,,,back of a length,off stump,,drive,,,extra cover,,,,,keyword,4,,False,False,False,False,False,False,True,False,False,
2,1153,Sunrisers Hyderabad,SRH,1,9,YR Punja,18,0,0,114/5,18.00,8.04,8.4,0,0,"Punja to Reddy, no run",,"The leg spinner drifts the ball just outside off, landing back of a length. Nitish Kumar Reddy pushes it neatly on the ground towards cover, keeping the scoreboard still with no run.",7a80b657-514f-4db7-95c2-3423134e38f3,239611,"Sunrisers Hyderabad v Rajasthan Royals at New Chandigarh, Tata Indian Premier League, 27 May 2026",8903,Tata Indian Premier League,2026,"PCA International Cricket Stadium, Ground A, New Chandigarh",List A Twenty20,2026-05-27,,,,,,,,,,,,,,,,,,,,,,,,,,,False,False,False,False,,,,back of a length,outside off,,push,,,cover,,,,,keyword,0,,False,False,False,False,False,False,False,False,True,
2,1153,Sunrisers Hyderabad,SRH,1,9,YR Punja,18,0,0,114/5,18.00,8.05,8.5,6,6,"Punja to Reddy, 6 runs",,"A leg spinner pitching back of a length outside off, deftly dispatched by Nitish Kumar Reddy. He pulls it with precision, middling a controlled six straight over deep square leg! Nitish Kumar Reddy is on fire with two boundaries already this over.",7a80b657-514f-4db7-95c2-3423134e38f3,239611,"Sunrisers Hyderabad v Rajasthan Royals at New Chandigarh, Tata Indian Premier League, 27 May 2026",8903,Tata Indian Premier League,2026,"PCA International Cricket Stadium, Ground A, New Chandigarh",List A Twenty20,2026-05-27,74028.0,K Nitish Kumar Reddy,right,92045.0,YR Punja,right,1558.0,Rajasthan Royals,leg break,4.0,spin,2026-05-27 16:55:46,,,,,,,,106720725.0,340.0,100.0,173.0,3.0,6.0,6.0,False,False,True,False,,,,back of a length,outside off,,pull,,controlled,deep square leg,,,,,keyword,6,,False,False,False,False,False,False,False,True,False,
2,1153,Sunrisers Hyderabad,SRH,1,9,YR Punja,18,0,0,114/5,18.00,8.06,8.6,6,6,"Punja to Reddy, 6 runs",,"The leg spinner tosses it up outside off stump on a back of a length. Nitish Kumar Reddy executes a crisp switch hit, timing it perfectly to send the ball soaring over third man for a six. Nitish's third boundary this over takes his tally to 18 runs in the over and 30 off 16 balls. The Sunrisers need 130 from 66 with five wickets in hand and a tough 5% chance to win.",7a80b657-514f-4db7-95c2-3423134e38f3,239611,"Sunrisers Hyderabad v Rajasthan Royals at New Chandigarh, Tata Indian Premier League, 27 May 2026",8903,Tata Indian Premier League,2026,"PCA International Cricket Stadium, Ground A, New Chandigarh",List A Twenty20,2026-05-27,74028.0,K Nitish Kumar Reddy,right,92045.0,YR Punja,right,1558.0,Rajasthan Royals,leg break,4.0,spin,2026-05-27 16:56:23,,,,,,,,106720727.0,133.0,100.0,163.0,8.0,6.0,6.0,False,False,True,False,,,,back of a length,outside off,,cut,,,third man,,,,,keyword,6,,False,False,False,False,False,False,False,True,False,
2,1153,Sunrisers Hyderabad,SRH,1,10,B Sharma,18,1,0,132/5,17.00,9.01,9.1,6,6,"Sharma to Arora, 6 runs",Brijesh Sharma takes the ball for their 2nd spell,"A full delivery on middle stump with no movement, perfectly met by a controlled flick. The batter plants it firmly, sending the ball skimming over deep square leg for a six.",7a80b657-514f-4db7-95c2-3423134e38f3,239611,"Sunrisers Hyderabad v Rajasthan Royals at New Chandigarh, Tata Indian Premier League, 27 May 2026",8903,Tata Indian Premier League,2026,"PCA International Cricket Stadium, Ground A, New Chandigarh",List A Twenty20,2026-05-27,72140.0,S Arora,right,90896.0,B Sharma,right,1558.0,Rajasthan Royals,right pace,2.0,pace,2026-05-27 17:00:17,,,,,,,,106720734.0,354.0,100.0,171.0,3.0,6.0,6.0,False,False,True,False,,,,full,middle stump,no movement,flick,,controlled,deep square leg,,,,,keyword,6,,False,False,False,False,False,False,False,True,False,
2,1153,Sunrisers Hyderabad,SRH,1,10,B Sharma,18,1,0,132/5,17.00,9.02,9.2,4,4,"Sharma to Arora, 4 runs",,"A slower ball outside off, pitched back of a length, but Salil reads it well. He pulls with controlled timing, sending it racing to deep backward square leg for four. He's now struck two boundaries in this over.",7a80b657-514f-4db7-95c2-3423134e38f3,239611,"Sunrisers Hyderabad v Rajasthan Royals at New Chandigarh, Tata Indian Premier League, 27 May 2026",8903,Tata Indian Premier League,2026,"PCA International Cricket Stadium, Ground A, New Chandigarh",List A Twenty20,2026-05-27,72140.0,S Arora,right,90896.0,B Sharma,right,1558.0,Rajasthan Royals,right pace,2.0,pace,2026-05-27 17:00:56,,,,,,,,106720736.0,10.0,100.0,168.0,2.0,4.0,4.0,False,False,True,False,,,,back of a length,outside off,,pull,,controlled,deep backward square leg,,,,,keyword,4,,False,False,False,False,False,False,True,False,False,
2,1153,Sunrisers Hyderabad,SRH,1,10,B Sharma,18,1,0,132/5,17.00,9.03,9.2,1,1ʷᵈ,"Sharma to Arora, 1 run (wide)",,"A slower ball drifting wide outside off, perfectly judged by Salil Arora who wisely leaves it alone. The umpire signals a wide, adding an extra run to the scoreboard.",7a80b657-514f-4db7-95c2-3423134e38f3,239611,"Sunrisers Hyderabad v Rajasthan Royals at New Chandigarh, Tata Indian Premier League, 27 May 2026",8903,Tata Indian Premier League,2026,"PCA International Cricket Stadium, Ground A, New Chandigarh",List A Twenty20,2026-05-27,,,,,,,,,,,,,,,,,,,,,,,,,,,False,False,False,False,,,,,wide outside off,,leave,,,,,,,,keyword,1,wide,False,True,False,False,False,False,False,False,False,
2,1153,Sunrisers Hyderabad,SRH,1,10,B Sharma,18,1,0,132/5,17.00,9.04,9.3,1,1,"Sharma to Arora, 1 run",,"Short and outside off, this no movement delivery was met with a compact pull shot from the batter, playing it low and controlled to pick up a single.",7a80b657-514f-4db7-95c2-3423134e38f3,239611,"Sunrisers Hyderabad v Rajasthan Royals at New Chandigarh, Tata Indian Premier League, 27 May 2026",8903,Tata Indian Premier League,2026,"PCA International Cricket Stadium, Ground A, New Chandigarh",List A Twenty20,2026-05-27,72140.0,S Arora,right,90896.0,B Sharma,right,1558.0,Rajasthan Royals,right pace,2.0,pace,2026-05-27 17:02:14,,,,,,,,106720739.0,13.0,85.0,144.0,2.0,1.0,1.0,False,False,True,False,,,,short,outside off,no movement,pull,,controlled,,,,,,keyword,1,,False,False,False,False,False,False,False,False,False,
2,1153,Sunrisers Hyderabad,SRH,1,10,B Sharma,18,1,0,132/5,17.00,9.05,9.4,1,1,"Sharma to Reddy, 1 run",,"A slower ball floated wide outside off and the batter attempts a mistimed pull, managing to eke out a single to deep mid-wicket, well fielded by Archer.",7a80b657-514f-4db7-95c2-3423134e38f3,239611,"Sunrisers Hyderabad v Rajasthan Royals at New Chandigarh, Tata Indian Premier League, 27 May 2026",8903,Tata Indian Premier League,2026,"PCA International Cricket Stadium, Ground A, New Chandigarh",List A Twenty20,2026-05-27,74028.0,K Nitish Kumar Reddy,right,90896.0,B Sharma,right,1558.0,Rajasthan Royals,right pace,2.0,pace,2026-05-27 17:02:46,,,,,,,,106720741.0,318.0,65.0,115.0,3.0,1.0,1.0,False,False,True,False,,,,,wide outside off,,pull,,mistimed,,Archer,,,,keyword,1,,False,False,False,False,False,False,False,False,False,
2,1153,Sunrisers Hyderabad,SRH,1,10,B Sharma,18,1,0,132/5,17.00,9.06,9.5,4,4,"Sharma to Arora, 4 runs",,"A slower ball floated just outside off stump, full in length. Salil Arora meets it perfectly with a controlled, middled drive racing to long off for four. Salil Arora brings up his third boundary this over, adding 17 runs, and the partnership moves to a sizzling 50 off just 18 balls.",7a80b657-514f-4db7-95c2-3423134e38f3,239611,"Sunrisers Hyderabad v Rajasthan Royals at New Chandigarh, Tata Indian Premier League, 27 May 2026",8903,Tata Indian Premier League,2026,"PCA International Cricket Stadium, Ground A, New Chandigarh",List A Twenty20,2026-05-27,72140.0,S Arora,right,90896.0,B Sharma,right,1558.0,Rajasthan Royals,right pace,2.0,pace,2026-05-27 17:03:21,,,,,,,,106720743.0,265.0,100.0,180.0,5.0,4.0,4.0,False,False,True,False,,,,full,outside off,,drive,,controlled,long off,,,,,keyword,4,,False,False,False,False,False,False,True,False,False,
2,1153,Sunrisers Hyderabad,SRH,1,10,B Sharma,18,1,0,132/5,17.00,9.07,9.6,1,1,"Sharma to Arora, 1 run",,"Brijesh Sharma bowls a full delivery outside off, and Salil Arora pushes it neatly into the off side for a quick single. That completes 18 runs in this over. Sunrisers Hyderabad now require 112 from 60 balls with five wickets in hand, holding a 9% win probability according to WinViz.",7a80b657-514f-4db7-95c2-3423134e38f3,239611,"Sunrisers Hyderabad v Rajasthan Royals at New Chandigarh, Tata Indian Premier League, 27 May 2026",8903,Tata Indian Premier League,2026,"PCA International Cricket Stadium, Ground A, New Chandigarh",List A Twenty20,2026-05-27,72140.0,S Arora,right,90896.0,B Sharma,right,1558.0,Rajasthan Royals,right pace,2.0,pace,2026-05-27 17:04:04,,,,,,,,106720744.0,188.0,75.0,131.0,6.0,1.0,1.0,False,False,True,False,,,,full,outside off,,push,,,,,,,,keyword,1,,False,False,False,False,False,False,False,False,False,
2,1153,Sunrisers Hyderabad,SRH,1,11,RA Jadeja,6,0,1,138/6,6.00,10.01,10.1,1,1,"Jadeja to Arora, 1 run",Ravindra Jadeja takes the ball for their 1st spell,Arora gets on the front foot to a back of a length stock ball wide outside off and carves a neat cut through the off side for a single.,7a80b657-514f-4db7-95c2-3423134e38f3,239611,"Sunrisers Hyderabad v Rajasthan Royals at New Chandigarh, Tata Indian Premier League, 27 May 2026",8903,Tata Indian Premier League,2026,"PCA International Cricket Stadium, Ground A, New Chandigarh",List A Twenty20,2026-05-27,72140.0,S Arora,right,13143.0,RA Jadeja,left,1558.0,Rajasthan Royals,left orthodox,5.0,spin,2026-05-27 17:05:06,,,,,,,,106720746.0,189.0,85.0,141.0,6.0,1.0,1.0,False,False,True,False,,,,back of a length,wide outside off,front foot,cut,,,,,,,,keyword,1,,False,False,False,False,False,False,False,False,False,
2,1153,Sunrisers Hyderabad,SRH,1,11,RA Jadeja,6,0,1,138/6,6.00,10.02,10.2,2,2,"Jadeja to Reddy, 2 runs",,"Jadeja bowls a length ball outside off, and Nitish Kumar Reddy works it neatly through the off side for a couple, keeping the scoreboard ticking.",7a80b657-514f-4db7-95c2-3423134e38f3,239611,"Sunrisers Hyderabad v Rajasthan Royals at New Chandigarh, Tata Indian Premier League, 27 May 2026",8903,Tata Indian Premier League,2026,"PCA International Cricket Stadium, Ground A, New Chandigarh",List A Twenty20,2026-05-27,74028.0,K Nitish Kumar Reddy,right,13143.0,RA Jadeja,left,1558.0,Rajasthan Royals,left orthodox,5.0,spin,2026-05-27 17:05:30,,,,,,,,106720748.0,327.0,75.0,135.0,3.0,2.0,2.0,False,False,True,False,,,,length ball,outside off,,work,,,,,,,,keyword,2,,False,False,False,False,False,False,False,False,False,
2,1153,Sunrisers Hyderabad,SRH,1,11,RA Jadeja,6,0,1,138/6,6.00,10.03,10.3,1,1,"Jadeja to Reddy, 1 run",,"The stock ball outside off stump, pitched at a back of a length, is driven crisply by the batter who works it along the ground to pick up a quick single.",7a80b657-514f-4db7-95c2-3423134e38f3,239611,"Sunrisers Hyderabad v Rajasthan Royals at New Chandigarh, Tata Indian Premier League, 27 May 2026",8903,Tata Indian Premier League,2026,"PCA International Cricket Stadium, Ground A, New Chandigarh",List A Twenty20,2026-05-27,74028.0,K Nitish Kumar Reddy,right,13143.0,RA Jadeja,left,1558.0,Rajasthan Royals,left orthodox,5.0,spin,2026-05-27 17:05:54,,,,,,,,106720749.0,247.0,80.0,138.0,5.0,1.0,1.0,False,False,True,False,,,,back of a length,outside off,,drive,along the ground,,,,,,,keyword,1,,False,False,False,False,False,False,False,False,False,
2,1153,Sunrisers Hyderabad,SRH,1,11,RA Jadeja,6,0,1,138/6,6.00,10.04,10.4,1,1,"Jadeja to Arora, 1 run",,"A back of a length stock ball outside off, expertly worked by Salil Arora for a comfortable single.",7a80b657-514f-4db7-95c2-3423134e38f3,239611,"Sunrisers Hyderabad v Rajasthan Royals at New Chandigarh, Tata Indian Premier League, 27 May 2026",8903,Tata Indian Premier League,2026,"PCA International Cricket Stadium, Ground A, New Chandigarh",List A Twenty20,2026-05-27,72140.0,S Arora,right,13143.0,RA Jadeja,left,1558.0,Rajasthan Royals,left orthodox,5.0,spin,2026-05-27 17:06:15,,,,,,,,106720750.0,336.0,65.0,115.0,3.0,1.0,1.0,False,False,True,False,,,,back of a length,outside off,,work,,,,,,,,keyword,1,,False,False,False,False,False,False,False,False,False,
2,1153,Sunrisers Hyderabad,SRH,1,11,RA Jadeja,6,0,1,138/6,6.00,10.05,10.5,0,W,"Jadeja to Reddy, out!",,"Jadeja delivers a length ball outside off, and the batter attempts an ambitious slog but mistimes it. Nitish Kumar Reddy is caught at deep mid-wicket, ending his promising innings. Nitish Kumar Reddy departs for 38 runs from 20 balls.",7a80b657-514f-4db7-95c2-3423134e38f3,239611,"Sunrisers Hyderabad v Rajasthan Royals at New Chandigarh, Tata Indian Premier League, 27 May 2026",8903,Tata Indian Premier League,2026,"PCA International Cricket Stadium, Ground A, New Chandigarh",List A Twenty20,2026-05-27,,,,,,,,,,,,,,,,,,,,,,,,,,,False,False,False,True,,,,length ball,outside off,,slog,,,,,caught,,,keyword,0,,True,False,False,False,False,False,False,False,False,commentary
2,1153,Sunrisers Hyderabad,SRH,1,11,RA Jadeja,6,0,1,138/6,6.00,10.06,10.6,1,1,"Jadeja to Cummins, 1 run",Pat Cummins heads to the crease. ,"A back of a length stock ball outside off, and Pat Cummins steers it quietly through the cordon for a single. Pat Cummins is off the mark. Sunrisers Hyderabad need 106 from 54 balls at nearly 12 runs an over, holding four wickets in hand with just a 3% chance according to WinViz.",7a80b657-514f-4db7-95c2-3423134e38f3,239611,"Sunrisers Hyderabad v Rajasthan Royals at New Chandigarh, Tata Indian Premier League, 27 May 2026",8903,Tata Indian Premier League,2026,"PCA International Cricket Stadium, Ground A, New Chandigarh",List A Twenty20,2026-05-27,14153.0,PJ Cummins,right,13143.0,RA Jadeja,left,1558.0,Rajasthan Royals,left orthodox,5.0,spin,2026-05-27 17:08:17,,,,,,,,106720756.0,114.0,45.0,72.0,8.0,1.0,1.0,False,False,True,False,,,,back of a length,outside off,,steer,,,,,,,,keyword,1,,False,False,False,False,False,False,False,False,False,
2,1153,Sunrisers Hyderabad,SRH,1,12,SS Mishra,7,2,1,145/7,5.00,11.01,11.0,1,1ʷᵈ,"Mishra to Cummins, 1 run (wide)",Sushant Mishra takes the ball for their 2nd spell,"Outside off, back of a length, the batter attempts a cut but misses, and the ball goes wide past the keeper, adding an extra to the total.",7a80b657-514f-4db7-95c2-3423134e38f3,239611,"Sunrisers Hyderabad v Rajasthan Royals at New Chandigarh, Tata Indian Premier League, 27 May 2026",8903,Tata Indian Premier League,2026,"PCA International Cricket Stadium, Ground A, New Chandigarh",List A Twenty20,2026-05-27,,,,,,,,,,,,,,,,,,,,,,,,,,,False,False,False,False,,,,back of a length,outside off,,cut,,,keeper,,,,,keyword,1,wide,False,True,False,False,False,False,False,False,False,
2,1153,Sunrisers Hyderabad,SRH,1,12,SS Mishra,7,2,1,145/7,5.00,11.02,11.1,0,W,"Mishra to Cummins, out!",,"Thrown down wide outside off, this back of a length delivery meets an uncontrolled slog from Pat Cummins who mistimes it high and is caught at long on. That brings an end to Pat Cummins' innings after scoring just 1 run off 2 balls.",7a80b657-514f-4db7-95c2-3423134e38f3,239611,"Sunrisers Hyderabad v Rajasthan Royals at New Chandigarh, Tata Indian Premier League, 27 May 2026",8903,Tata Indian Premier League,2026,"PCA International Cricket Stadium, Ground A, New Chandigarh",List A Twenty20,2026-05-27,,,,,,,,,,,,,,,,,,,,,,,,,,,False,False,False,True,,,,back of a length,wide outside off,,slog,,uncontrolled,long on,,caught,,,keyword,0,,True,False,False,False,False,False,False,False,False,commentary
2,1153,Sunrisers Hyderabad,SRH,1,12,SS Mishra,7,2,1,145/7,5.00,11.03,11.1,1,1ʷᵈ,"Mishra to Kumar, 1 run (wide)",Shivang Kumar heads to the crease. ,"A short wide delivery outside off, left alone by the batter as the ball goes past without a touch. The keeper fields quickly to stop any extras.",7a80b657-514f-4db7-95c2-3423134e38f3,239611,"Sunrisers Hyderabad v Rajasthan Royals at New Chandigarh, Tata Indian Premier League, 27 May 2026",8903,Tata Indian Premier League,2026,"PCA International Cricket Stadium, Ground A, New Chandigarh",List A Twenty20,2026-05-27,,,,,,,,,,,,,,,,,,,,,,,,,,,False,False,False,False,,,,short,outside off,,,,,,,,,,keyword,1,wide,False,True,False,False,False,False,False,False,False,
2,1153,Sunrisers Hyderabad,SRH,1,12,SS Mishra,7,2,1,145/7,5.00,11.04,11.2,0,0,"Mishra to Kumar, no run",,"Sushant Mishra bowls a full, wide delivery outside off stump. The batter attempts a drive but misses entirely, and the ball is smoothly collected by the wicketkeeper for no run.",7a80b657-514f-4db7-95c2-3423134e38f3,239611,"Sunrisers Hyderabad v Rajasthan Royals at New Chandigarh, Tata Indian Premier League, 27 May 2026",8903,Tata Indian Premier League,2026,"PCA International Cricket Stadium, Ground A, New Chandigarh",List A Twenty20,2026-05-27,,,,,,,,,,,,,,,,,,,,,,,,,,,False,False,False,False,,,,full,outside off,,drive,,,,,,,,keyword,0,,False,False,False,False,False,False,False,False,True,
2,1153,Sunrisers Hyderabad,SRH,1,12,SS Mishra,7,2,1,145/7,5.00,11.05,11.3,0,0,"Mishra to Kumar, no run",,"A slower half-tracker outside off, tidily left alone by the batsman, who chooses safety over a risky stroke; no run added here.",7a80b657-514f-4db7-95c2-3423134e38f3,239611,"Sunrisers Hyderabad v Rajasthan Royals at New Chandigarh, Tata Indian Premier League, 27 May 2026",8903,Tata Indian Premier League,2026,"PCA International Cricket Stadium, Ground A, New Chandigarh",List A Twenty20,2026-05-27,,,,,,,,,,,,,,,,,,,,,,,,,,,False,False,False,False,,,,,outside off,,,,,,,,,,keyword,0,,False,False,False,False,False,False,False,False,True,
2,1153,Sunrisers Hyderabad,SRH,1,12,SS Mishra,7,2,1,145/7,5.00,11.06,11.4,1,1,"Mishra to Kumar, 1 run",,"A length ball out wide on off stump, Shivang Kumar pushes it cautiously, guiding it through for a well-taken single. Shivang Kumar gets off the mark.",7a80b657-514f-4db7-95c2-3423134e38f3,239611,"Sunrisers Hyderabad v Rajasthan Royals at New Chandigarh, Tata Indian Premier League, 27 May 2026",8903,Tata Indian Premier League,2026,"PCA International Cricket Stadium, Ground A, New Chandigarh",List A Twenty20,2026-05-27,90837.0,S Kumar,right,71452.0,SS Mishra,left,1558.0,Rajasthan Royals,left pace,1.0,pace,2026-05-27 17:13:05,,,,,,,,106720767.0,187.0,75.0,130.0,6.0,1.0,1.0,False,False,True,False,,,,length ball,off stump,,push,,,,,,,,keyword,1,,False,False,False,False,False,False,False,False,False,
2,1153,Sunrisers Hyderabad,SRH,1,12,SS Mishra,7,2,1,145/7,5.00,11.07,11.5,3,3,"Mishra to Arora, 3 runs",,"Salil Arora pushes a full toss just outside off stump, running it cleverly through the field for three runs.",7a80b657-514f-4db7-95c2-3423134e38f3,239611,"Sunrisers Hyderabad v Rajasthan Royals at New Chandigarh, Tata Indian Premier League, 27 May 2026",8903,Tata Indian Premier League,2026,"PCA International Cricket Stadium, Ground A, New Chandigarh",List A Twenty20,2026-05-27,72140.0,S Arora,right,71452.0,SS Mishra,left,1558.0,Rajasthan Royals,left pace,1.0,pace,2026-05-27 17:13:50,,,,,,,,106720769.0,157.0,100.0,161.0,7.0,3.0,3.0,False,False,True,False,,,,full toss,outside off,,push,,,,,,,,keyword,3,,False,False,False,False,False,False,False,False,False,
2,1153,Sunrisers Hyderabad,SRH,1,12,SS Mishra,7,2,1,145/7,5.00,11.08,11.6,1,1,"Mishra to Kumar, 1 run",,"Kumar gently steers the back-of-a-length delivery on leg stump, keeping it along the ground for a quick single towards third man. Sunrisers Hyderabad face a steep chase needing 99 from 48 balls with three wickets in hand.",7a80b657-514f-4db7-95c2-3423134e38f3,239611,"Sunrisers Hyderabad v Rajasthan Royals at New Chandigarh, Tata Indian Premier League, 27 May 2026",8903,Tata Indian Premier League,2026,"PCA International Cricket Stadium, Ground A, New Chandigarh",List A Twenty20,2026-05-27,90837.0,S Kumar,right,71452.0,SS Mishra,left,1558.0,Rajasthan Royals,left pace,1.0,pace,2026-05-27 17:14:56,,,,,,,,106720772.0,112.0,80.0,132.0,8.0,1.0,1.0,False,False,True,False,,,,,leg stump,,steer,along the ground,,third man,,,,,keyword,1,,False,False,False,False,False,False,False,False,False,
2,1153,Sunrisers Hyderabad,SRH,1,13,RA Jadeja,3,0,0,148/7,3.00,12.01,12.1,1,1,"Jadeja to Kumar, 1 run",Ravindra Jadeja continues their spell,"Jadeja comes in with his stock ball, pitching it length on off stump. Shivang Kumar pushes it crisply on the off side and picks up a single.",7a80b657-514f-4db7-95c2-3423134e38f3,239611,"Sunrisers Hyderabad v Rajasthan Royals at New Chandigarh, Tata Indian Premier League, 27 May 2026",8903,Tata Indian Premier League,2026,"PCA International Cricket Stadium, Ground A, New Chandigarh",List A Twenty20,2026-05-27,90837.0,S Kumar,right,13143.0,RA Jadeja,left,1558.0,Rajasthan Royals,left orthodox,5.0,spin,2026-05-27 17:15:56,,,,,,,,106720774.0,252.0,80.0,142.0,5.0,1.0,1.0,False,False,True,False,,,,,off stump,,push,,,,,,,,keyword,1,,False,False,False,False,False,False,False,False,False,
2,1153,Sunrisers Hyderabad,SRH,1,13,RA Jadeja,3,0,0,148/7,3.00,12.02,12.2,0,0,"Jadeja to Arora, no run",,"Jadeja bowls a length stock ball wide outside off, and Salil Arora cuts it crisply along the ground towards cover but finds no gap for a run.",7a80b657-514f-4db7-95c2-3423134e38f3,239611,"Sunrisers Hyderabad v Rajasthan Royals at New Chandigarh, Tata Indian Premier League, 27 May 2026",8903,Tata Indian Premier League,2026,"PCA International Cricket Stadium, Ground A, New Chandigarh",List A Twenty20,2026-05-27,,,,,,,,,,,,,,,,,,,,,,,,,,,False,False,False,False,,,,,wide outside off,,cut,along the ground,,cover,,,,,keyword,0,,False,False,False,False,False,False,False,False,True,
2,1153,Sunrisers Hyderabad,SRH,1,13,RA Jadeja,3,0,0,148/7,3.00,12.03,12.3,0,0,"Jadeja to Arora, no run",,"Jadeja bowls a back-of-a-length stock ball wide outside off, and Salil tries an ambitious cut but mistimes it, the ball skimming along the ground to the cover fielder.",7a80b657-514f-4db7-95c2-3423134e38f3,239611,"Sunrisers Hyderabad v Rajasthan Royals at New Chandigarh, Tata Indian Premier League, 27 May 2026",8903,Tata Indian Premier League,2026,"PCA International Cricket Stadium, Ground A, New Chandigarh",List A Twenty20,2026-05-27,,,,,,,,,,,,,,,,,,,,,,,,,,,False,False,False,False,,,,,wide outside off,,cut,along the ground,,cover,,,,,keyword,0,,False,False,False,False,False,False,False,False,True,
2,1153,Sunrisers Hyderabad,SRH,1,13,RA Jadeja,3,0,0,148/7,3.00,12.04,12.4,0,0,"Jadeja to Arora, no run",,"Jadeja bowls a back of a length stock ball wide outside off, and Salil Arora executes a neat cut shot, keeping the ball grounded. The ball is fielded swiftly at backward point, resulting in no run.",7a80b657-514f-4db7-95c2-3423134e38f3,239611,"Sunrisers Hyderabad v Rajasthan Royals at New Chandigarh, Tata Indian Premier League, 27 May 2026",8903,Tata Indian Premier League,2026,"PCA International Cricket Stadium, Ground A, New Chandigarh",List A Twenty20,2026-05-27,,,,,,,,,,,,,,,,,,,,,,,,,,,False,False,False,False,,,,back of a length,wide outside off,,cut,,,backward point,,,,,keyword,0,,False,False,False,False,False,False,False,False,True,
2,1153,Sunrisers Hyderabad,SRH,1,13,RA Jadeja,3,0,0,148/7,3.00,12.05,12.5,1,1,"Jadeja to Arora, 1 run",,"Jadeja bowls a length ball wide outside off, and Salil Arora meets it with a crisp drive through the covers for a neat single.",7a80b657-514f-4db7-95c2-3423134e38f3,239611,"Sunrisers Hyderabad v Rajasthan Royals at New Chandigarh, Tata Indian Premier League, 27 May 2026",8903,Tata Indian Premier League,2026,"PCA International Cricket Stadium, Ground A, New Chandigarh",List A Twenty20,2026-05-27,72140.0,S Arora,right,13143.0,RA Jadeja,left,1558.0,Rajasthan Royals,left orthodox,5.0,spin,2026-05-27 17:17:04,,,,,,,,106720780.0,195.0,85.0,144.0,6.0,1.0,1.0,False,False,True,False,,,,length ball,wide outside off,,drive,,,,,,,,keyword,1,,False,False,False,False,False,False,False,False,False,
2,1153,Sunrisers Hyderabad,SRH,1,13,RA Jadeja,3,0,0,148/7,3.00,12.06,12.6,1,1,"Jadeja to Kumar, 1 run",,Jadeja delivers a back of a length stock ball on middle stump which is gently pushed away for a single. The Sunrisers require 96 runs off 42 balls with three wickets in hand in a tough chase.,7a80b657-514f-4db7-95c2-3423134e38f3,239611,"Sunrisers Hyderabad v Rajasthan Royals at New Chandigarh, Tata Indian Premier League, 27 May 2026",8903,Tata Indian Premier League,2026,"PCA International Cricket Stadium, Ground A, New Chandigarh",List A Twenty20,2026-05-27,90837.0,S Kumar,right,13143.0,RA Jadeja,left,1558.0,Rajasthan Royals,left orthodox,5.0,spin,2026-05-27 17:17:23,,,,,,,,106720781.0,248.0,75.0,132.0,5.0,1.0,1.0,False,False,True,False,,,,back of a length,middle stump,,push,,,,,,,,keyword,1,,False,False,False,False,False,False,False,False,False,
2,1153,Sunrisers Hyderabad,SRH,1,14,YR Punja,5,1,0,153/7,4.00,13.01,13.1,1,1,"Punja to Kumar, 1 run",Yash Punja takes the ball for their 2nd spell,"Punja bowls a short outside off googly, and Kumar pulls it with well-controlled timing, taking a single to deep square leg.",7a80b657-514f-4db7-95c2-3423134e38f3,239611,"Sunrisers Hyderabad v Rajasthan Royals at New Chandigarh, Tata Indian Premier League, 27 May 2026",8903,Tata Indian Premier League,2026,"PCA International Cricket Stadium, Ground A, New Chandigarh",List A Twenty20,2026-05-27,90837.0,S Kumar,right,92045.0,YR Punja,right,1558.0,Rajasthan Royals,leg break,4.0,spin,2026-05-27 17:21:11,,,,,,,,106720787.0,334.0,80.0,137.0,3.0,1.0,1.0,False,False,True,False,,,,short,outside off,,pull,,controlled,deep square leg,,,,,keyword,1,,False,False,False,False,False,False,False,False,False,
2,1153,Sunrisers Hyderabad,SRH,1,14,YR Punja,5,1,0,153/7,4.00,13.02,13.1,1,1ʷᵈ,"Punja to Arora, 1 run (wide)",,"A full-length leg spinner pitching down leg, looking to tempt the batter, but Salil Arora wisely leaves it alone. The wide from the bowler adds an extra run. That takes Sunrisers Hyderabad to 150 for 7.",7a80b657-514f-4db7-95c2-3423134e38f3,239611,"Sunrisers Hyderabad v Rajasthan Royals at New Chandigarh, Tata Indian Premier League, 27 May 2026",8903,Tata Indian Premier League,2026,"PCA International Cricket Stadium, Ground A, New Chandigarh",List A Twenty20,2026-05-27,,,,,,,,,,,,,,,,,,,,,,,,,,,False,False,False,False,,,,full,down leg,,leave,,,,,,,,keyword,1,wide,False,True,False,False,False,False,False,False,False,
2,1153,Sunrisers Hyderabad,SRH,1,14,YR Punja,5,1,0,153/7,4.00,13.03,13.2,1,1,"Punja to Arora, 1 run",,"A back of a length leg-spinner pitched outside off stump sees the batter attempt a slog but mistime it, scrambling through for a single.",7a80b657-514f-4db7-95c2-3423134e38f3,239611,"Sunrisers Hyderabad v Rajasthan Royals at New Chandigarh, Tata Indian Premier League, 27 May 2026",8903,Tata Indian Premier League,2026,"PCA International Cricket Stadium, Ground A, New Chandigarh",List A Twenty20,2026-05-27,72140.0,S Arora,right,92045.0,YR Punja,right,1558.0,Rajasthan Royals,leg break,4.0,spin,2026-05-27 17:21:59,,,,,,,,106720791.0,222.0,60.0,105.0,6.0,1.0,1.0,False,False,True,False,,,,back of a length,outside off,,slog,,,,,,,,keyword,1,,False,False,False,False,False,False,False,False,False,
2,1153,Sunrisers Hyderabad,SRH,1,14,YR Punja,5,1,0,153/7,4.00,13.04,13.3,0,0,"Punja to Kumar, no run",,"The leg spinner flights one on a back of a length outside off stump, and the batter calmly pushes it back to the bowler for no run.",7a80b657-514f-4db7-95c2-3423134e38f3,239611,"Sunrisers Hyderabad v Rajasthan Royals at New Chandigarh, Tata Indian Premier League, 27 May 2026",8903,Tata Indian Premier League,2026,"PCA International Cricket Stadium, Ground A, New Chandigarh",List A Twenty20,2026-05-27,,,,,,,,,,,,,,,,,,,,,,,,,,,False,False,False,False,,,,back of a length,outside off,,push,,,bowler,,,,,keyword,0,,False,False,False,False,False,False,False,False,True,
2,1153,Sunrisers Hyderabad,SRH,1,14,YR Punja,5,1,0,153/7,4.00,13.05,13.4,1,1,"Punja to Kumar, 1 run",,Shivang Kumar leans into a back-of-a-length leg spinner on off stump and pulls it crisply low along the ground for a single.,7a80b657-514f-4db7-95c2-3423134e38f3,239611,"Sunrisers Hyderabad v Rajasthan Royals at New Chandigarh, Tata Indian Premier League, 27 May 2026",8903,Tata Indian Premier League,2026,"PCA International Cricket Stadium, Ground A, New Chandigarh",List A Twenty20,2026-05-27,90837.0,S Kumar,right,92045.0,YR Punja,right,1558.0,Rajasthan Royals,leg break,4.0,spin,2026-05-27 17:22:53,,,,,,,,106720793.0,327.0,70.0,121.0,3.0,1.0,1.0,False,False,True,False,,,,,off stump,,pull,along the ground,,,,,,,keyword,1,,False,False,False,False,False,False,False,False,False,
2,1153,Sunrisers Hyderabad,SRH,1,14,YR Punja,5,1,0,153/7,4.00,13.06,13.5,0,0,"Punja to Arora, no run",,"The leg spinner delivers a length ball outside off, and Salil Arora carefully pushes it along the ground to keep the scoreboard quiet.",7a80b657-514f-4db7-95c2-3423134e38f3,239611,"Sunrisers Hyderabad v Rajasthan Royals at New Chandigarh, Tata Indian Premier League, 27 May 2026",8903,Tata Indian Premier League,2026,"PCA International Cricket Stadium, Ground A, New Chandigarh",List A Twenty20,2026-05-27,,,,,,,,,,,,,,,,,,,,,,,,,,,False,False,False,False,,,,length ball,outside off,,push,along the ground,,,,,,,keyword,0,,False,False,False,False,False,False,False,False,True,
2,1153,Sunrisers Hyderabad,SRH,1,14,YR Punja,5,1,0,153/7,4.00,13.07,13.6,1,1,"Punja to Arora, 1 run",,"A short leg spinner drifting outside off, the batter pulls it low and controlled through mid-wicket for a quick single. Sunrisers Hyderabad face a steep chase needing 91 from 36 with only 3 wickets left and slim chances on WinViz.",7a80b657-514f-4db7-95c2-3423134e38f3,239611,"Sunrisers Hyderabad v Rajasthan Royals at New Chandigarh, Tata Indian Premier League, 27 May 2026",8903,Tata Indian Premier League,2026,"PCA International Cricket Stadium, Ground A, New Chandigarh",List A Twenty20,2026-05-27,72140.0,S Arora,right,92045.0,YR Punja,right,1558.0,Rajasthan Royals,leg break,4.0,spin,2026-05-27 17:23:45,,,,,,,,106720797.0,243.0,75.0,135.0,5.0,1.0,1.0,False,False,True,False,,,,short,outside off,,pull,,controlled,,,,,,keyword,1,,False,False,False,False,False,False,False,False,False,
2,1153,Sunrisers Hyderabad,SRH,1,15,RA Jadeja,12,2,1,165/8,10.00,14.01,14.0,1,1ʷᵈ,"Jadeja to Arora, 1 run (wide)",Ravindra Jadeja continues their spell,"A quicker, back of a length delivery drifting wide outside off is expertly left alone by Salil Arora, who stays well clear. The umpire calls it a wide, adding an extra run to the total.",7a80b657-514f-4db7-95c2-3423134e38f3,239611,"Sunrisers Hyderabad v Rajasthan Royals at New Chandigarh, Tata Indian Premier League, 27 May 2026",8903,Tata Indian Premier League,2026,"PCA International Cricket Stadium, Ground A, New Chandigarh",List A Twenty20,2026-05-27,,,,,,,,,,,,,,,,,,,,,,,,,,,False,False,False,False,,,,back of a length,wide outside off,,,,,,,,,,keyword,1,wide,False,True,False,False,False,False,False,False,False,
2,1153,Sunrisers Hyderabad,SRH,1,15,RA Jadeja,12,2,1,165/8,10.00,14.02,14.1,1,1,"Jadeja to Arora, 1 run",,"The stock ball from Jadeja, wide outside off and pitched at length, sees Arora play an inside-edged drive nudging the ball away for a quick single.",7a80b657-514f-4db7-95c2-3423134e38f3,239611,"Sunrisers Hyderabad v Rajasthan Royals at New Chandigarh, Tata Indian Premier League, 27 May 2026",8903,Tata Indian Premier League,2026,"PCA International Cricket Stadium, Ground A, New Chandigarh",List A Twenty20,2026-05-27,72140.0,S Arora,right,13143.0,RA Jadeja,left,1558.0,Rajasthan Royals,left orthodox,5.0,spin,2026-05-27 17:24:53,,,,,,,,106720800.0,59.0,30.0,46.0,1.0,1.0,1.0,False,False,True,False,,,,,wide outside off,,drive,,,,,,,,keyword,1,,False,False,False,False,False,False,False,False,False,
2,1153,Sunrisers Hyderabad,SRH,1,15,RA Jadeja,12,2,1,165/8,10.00,14.03,14.2,1,1,"Jadeja to Kumar, 1 run",,"Jadeja bowls a stock ball outside off on a back of a length, and Shivang Kumar flicks it neatly to pick up a quick single.",7a80b657-514f-4db7-95c2-3423134e38f3,239611,"Sunrisers Hyderabad v Rajasthan Royals at New Chandigarh, Tata Indian Premier League, 27 May 2026",8903,Tata Indian Premier League,2026,"PCA International Cricket Stadium, Ground A, New Chandigarh",List A Twenty20,2026-05-27,90837.0,S Kumar,right,13143.0,RA Jadeja,left,1558.0,Rajasthan Royals,left orthodox,5.0,spin,2026-05-27 17:25:17,,,,,,,,106720802.0,298.0,80.0,138.0,4.0,1.0,1.0,False,False,True,False,,,,back of a length,outside off,,flick,,,,,,,,keyword,1,,False,False,False,False,False,False,False,False,False,
2,1153,Sunrisers Hyderabad,SRH,1,15,RA Jadeja,12,2,1,165/8,10.00,14.04,14.2,1,1ʷᵈ,"Jadeja to Arora, 1 run (wide)",,"A quicker ball landing full and wide down the leg side, Salil Arora leaves it well alone as the umpire calls a wide. The keeper collects it comfortably behind the stumps.",7a80b657-514f-4db7-95c2-3423134e38f3,239611,"Sunrisers Hyderabad v Rajasthan Royals at New Chandigarh, Tata Indian Premier League, 27 May 2026",8903,Tata Indian Premier League,2026,"PCA International Cricket Stadium, Ground A, New Chandigarh",List A Twenty20,2026-05-27,,,,,,,,,,,,,,,,,,,,,,,,,,,False,False,False,False,,,,full,down the leg side,,leave,,,,,,,,keyword,1,wide,False,True,False,False,False,False,False,False,False,
2,1153,Sunrisers Hyderabad,SRH,1,15,RA Jadeja,12,2,1,165/8,10.00,14.05,14.3,6,6,"Jadeja to Arora, 6 runs",,"On a length ball angling down the leg stump, the batter pulls off a powerful slog, timing it perfectly. The shot is firmly middled and controlled, racing over long on for a six. Salil Arora moves to thirty runs off just 20 balls, maintaining a fierce strike rate of 175.",7a80b657-514f-4db7-95c2-3423134e38f3,239611,"Sunrisers Hyderabad v Rajasthan Royals at New Chandigarh, Tata Indian Premier League, 27 May 2026",8903,Tata Indian Premier League,2026,"PCA International Cricket Stadium, Ground A, New Chandigarh",List A Twenty20,2026-05-27,72140.0,S Arora,right,13143.0,RA Jadeja,left,1558.0,Rajasthan Royals,left orthodox,5.0,spin,2026-05-27 17:25:51,,,,,,,,106720805.0,299.0,100.0,179.0,4.0,6.0,6.0,False,False,True,False,,,,length ball,leg stump,,pull,,controlled,long on,,,,,keyword,6,,False,False,False,False,False,False,False,True,False,
2,1153,Sunrisers Hyderabad,SRH,1,15,RA Jadeja,12,2,1,165/8,10.00,14.06,14.4,0,W,"Jadeja to Arora, out!",,"Jadeja bowls a length ball outside off stump, and Salil goes for a drive but mistimes it badly. The ball carries to deep extra cover where he is caught out. Salil Arora departs after a quickfire 35 from 21 balls.",7a80b657-514f-4db7-95c2-3423134e38f3,239611,"Sunrisers Hyderabad v Rajasthan Royals at New Chandigarh, Tata Indian Premier League, 27 May 2026",8903,Tata Indian Premier League,2026,"PCA International Cricket Stadium, Ground A, New Chandigarh",List A Twenty20,2026-05-27,,,,,,,,,,,,,,,,,,,,,,,,,,,False,False,False,True,,,,length ball,outside off,,drive,,,deep extra cover,,caught,,,keyword,0,,True,False,False,False,False,False,False,False,False,commentary
2,1153,Sunrisers Hyderabad,SRH,1,15,RA Jadeja,12,2,1,165/8,10.00,14.07,14.5,1,1,"Jadeja to Malinga, 1 run",Eshan Malinga heads to the crease. ,"On a back of a length stock ball aimed at leg stump, Eshan Malinga pulls it low and sharp, squeezing out a quick single despite the deep backward square leg fumble. Eshan Malinga gets off the mark.",7a80b657-514f-4db7-95c2-3423134e38f3,239611,"Sunrisers Hyderabad v Rajasthan Royals at New Chandigarh, Tata Indian Premier League, 27 May 2026",8903,Tata Indian Premier League,2026,"PCA International Cricket Stadium, Ground A, New Chandigarh",List A Twenty20,2026-05-27,77440.0,KKEM Dharmasena,left,13143.0,RA Jadeja,left,1558.0,Rajasthan Royals,left orthodox,5.0,spin,2026-05-27 17:28:25,,,,,,,,106720810.0,161.0,75.0,126.0,7.0,1.0,1.0,False,False,True,False,,,,back of a length,leg stump,,pull,,,,,,,,keyword,1,,False,False,False,False,False,False,False,False,False,
2,1153,Sunrisers Hyderabad,SRH,1,15,RA Jadeja,12,2,1,165/8,10.00,14.08,14.6,1,1,"Jadeja to Kumar, 1 run",,"Shivang Kumar goes for a controlled slog outside off on this full stock ball, managing to get a single. The Sunrisers Hyderabad require 79 from 30 balls with just two wickets left, facing a steep chase.",7a80b657-514f-4db7-95c2-3423134e38f3,239611,"Sunrisers Hyderabad v Rajasthan Royals at New Chandigarh, Tata Indian Premier League, 27 May 2026",8903,Tata Indian Premier League,2026,"PCA International Cricket Stadium, Ground A, New Chandigarh",List A Twenty20,2026-05-27,90837.0,S Kumar,right,13143.0,RA Jadeja,left,1558.0,Rajasthan Royals,left orthodox,5.0,spin,2026-05-27 17:28:49,,,,,,,,106720812.0,288.0,75.0,135.0,4.0,1.0,1.0,False,False,True,False,,,,full,outside off,,slog,,controlled,,,,,,keyword,1,,False,False,False,False,False,False,False,False,False,
2,1153,Sunrisers Hyderabad,SRH,1,16,YR Punja,4,0,0,169/8,4.00,15.01,15.1,1,1,"Punja to Kumar, 1 run",Yash Punja continues their spell,"A back of a length leg spinner just outside off is met with a firm pull shot from Shivang Kumar, steering the ball low and fast to long on for a quick single.",7a80b657-514f-4db7-95c2-3423134e38f3,239611,"Sunrisers Hyderabad v Rajasthan Royals at New Chandigarh, Tata Indian Premier League, 27 May 2026",8903,Tata Indian Premier League,2026,"PCA International Cricket Stadium, Ground A, New Chandigarh",List A Twenty20,2026-05-27,90837.0,S Kumar,right,92045.0,YR Punja,right,1558.0,Rajasthan Royals,leg break,4.0,spin,2026-05-27 17:29:52,,,,,,,,106720815.0,291.0,80.0,145.0,4.0,1.0,1.0,False,False,True,False,,,,back of a length,outside off,,steer,,,long on,,,,,keyword,1,,False,False,False,False,False,False,False,False,False,
2,1153,Sunrisers Hyderabad,SRH,1,16,YR Punja,4,0,0,169/8,4.00,15.02,15.2,0,0,"Punja to Malinga, no run",,"The googly comes in on a length, drifting on off stump as the batter attempts a push but misses, resulting in a dot ball.",7a80b657-514f-4db7-95c2-3423134e38f3,239611,"Sunrisers Hyderabad v Rajasthan Royals at New Chandigarh, Tata Indian Premier League, 27 May 2026",8903,Tata Indian Premier League,2026,"PCA International Cricket Stadium, Ground A, New Chandigarh",List A Twenty20,2026-05-27,,,,,,,,,,,,,,,,,,,,,,,,,,,False,False,False,False,,,,,off stump,,push,,,,,,,,keyword,0,,False,False,False,False,False,False,False,False,True,
2,1153,Sunrisers Hyderabad,SRH,1,16,YR Punja,4,0,0,169/8,4.00,15.03,15.3,0,0,"Punja to Malinga, no run",,"A length googly just on off stump, the batter attempts to push but misses it completely, resulting in no run.",7a80b657-514f-4db7-95c2-3423134e38f3,239611,"Sunrisers Hyderabad v Rajasthan Royals at New Chandigarh, Tata Indian Premier League, 27 May 2026",8903,Tata Indian Premier League,2026,"PCA International Cricket Stadium, Ground A, New Chandigarh",List A Twenty20,2026-05-27,,,,,,,,,,,,,,,,,,,,,,,,,,,False,False,False,False,,,,,off stump,,push,,,,,,,,keyword,0,,False,False,False,False,False,False,False,False,True,
2,1153,Sunrisers Hyderabad,SRH,1,16,YR Punja,4,0,0,169/8,4.00,15.04,15.4,1,1,"Punja to Malinga, 1 run",,"Punja sends down a back of a length leg spinner just outside off, and Eshan Malinga deftly cuts it along the ground for a single.",7a80b657-514f-4db7-95c2-3423134e38f3,239611,"Sunrisers Hyderabad v Rajasthan Royals at New Chandigarh, Tata Indian Premier League, 27 May 2026",8903,Tata Indian Premier League,2026,"PCA International Cricket Stadium, Ground A, New Chandigarh",List A Twenty20,2026-05-27,77440.0,KKEM Dharmasena,left,92045.0,YR Punja,right,1558.0,Rajasthan Royals,leg break,4.0,spin,2026-05-27 17:31:08,,,,,,,,106720825.0,27.0,80.0,128.0,2.0,1.0,1.0,False,False,True,False,,,,back of a length,outside off,,cut,along the ground,,,,,,,keyword,1,,False,False,False,False,False,False,False,False,False,
2,1153,Sunrisers Hyderabad,SRH,1,16,YR Punja,4,0,0,169/8,4.00,15.05,15.5,1,1,"Punja to Kumar, 1 run",,"The leg spinner bowls a short one on off stump, Shivang Kumar rocks back and pulls it firmly down to long on, picking up a single.",7a80b657-514f-4db7-95c2-3423134e38f3,239611,"Sunrisers Hyderabad v Rajasthan Royals at New Chandigarh, Tata Indian Premier League, 27 May 2026",8903,Tata Indian Premier League,2026,"PCA International Cricket Stadium, Ground A, New Chandigarh",List A Twenty20,2026-05-27,90837.0,S Kumar,right,92045.0,YR Punja,right,1558.0,Rajasthan Royals,leg break,4.0,spin,2026-05-27 17:31:37,,,,,,,,106720828.0,292.0,80.0,144.0,4.0,1.0,1.0,False,False,True,False,,,,short,off stump,,pull,,,long on,,,,,keyword,1,,False,False,False,False,False,False,False,False,False,
2,1153,Sunrisers Hyderabad,SRH,1,16,YR Punja,4,0,0,169/8,4.00,15.06,15.6,1,1,"Punja to Malinga, 1 run",,"The leg spinner on a back of a length delivery around middle stump sees the batter attempt a slog, but it's mis-timed and goes for just a single. Sunrisers Hyderabad are in a tough chase, needing 75 from 24 balls with just two wickets left, and WinViz rates their chances at zero.",7a80b657-514f-4db7-95c2-3423134e38f3,239611,"Sunrisers Hyderabad v Rajasthan Royals at New Chandigarh, Tata Indian Premier League, 27 May 2026",8903,Tata Indian Premier League,2026,"PCA International Cricket Stadium, Ground A, New Chandigarh",List A Twenty20,2026-05-27,77440.0,KKEM Dharmasena,left,92045.0,YR Punja,right,1558.0,Rajasthan Royals,leg break,4.0,spin,2026-05-27 17:32:01,,,,,,,,106720831.0,258.0,70.0,122.0,5.0,1.0,1.0,False,False,True,False,,,,back of a length,middle stump,,slog,,,,,,,,keyword,1,,False,False,False,False,False,False,False,False,False,
2,1153,Sunrisers Hyderabad,SRH,1,17,JC Archer,16,1,0,185/8,15.00,16.01,16.1,1,1,"Archer to Malinga, 1 run",Jofra Archer takes the ball for their 2nd spell,"A full delivery on middle stump met with a mis-timed push from the batter, sprinting through for a single.",7a80b657-514f-4db7-95c2-3423134e38f3,239611,"Sunrisers Hyderabad v Rajasthan Royals at New Chandigarh, Tata Indian Premier League, 27 May 2026",8903,Tata Indian Premier League,2026,"PCA International Cricket Stadium, Ground A, New Chandigarh",List A Twenty20,2026-05-27,77440.0,KKEM Dharmasena,left,28503.0,JC Archer,right,1558.0,Rajasthan Royals,right pace,1.0,pace,2026-05-27 17:33:32,,,,,,,,106720840.0,340.0,70.0,122.0,3.0,1.0,1.0,False,False,True,False,,,,full,middle stump,,push,,,,,,,,keyword,1,,False,False,False,False,False,False,False,False,False,
2,1153,Sunrisers Hyderabad,SRH,1,17,JC Archer,16,1,0,185/8,15.00,16.02,16.2,4,4,"Archer to Kumar, 4 runs",,"A back of a length delivery on off stump with no movement, neatly cut over third man for four runs. Shivang Kumar times this upper cut beautifully, sending the ball racing past the slip cordon with excellent control.",7a80b657-514f-4db7-95c2-3423134e38f3,239611,"Sunrisers Hyderabad v Rajasthan Royals at New Chandigarh, Tata Indian Premier League, 27 May 2026",8903,Tata Indian Premier League,2026,"PCA International Cricket Stadium, Ground A, New Chandigarh",List A Twenty20,2026-05-27,90837.0,S Kumar,right,28503.0,JC Archer,right,1558.0,Rajasthan Royals,right pace,1.0,pace,2026-05-27 17:34:09,,,,,,,,106720844.0,113.0,100.0,161.0,8.0,4.0,4.0,False,False,True,False,,,,back of a length,off stump,no movement,cut,,,third man,,,,,keyword,4,,False,False,False,False,False,False,True,False,False,
2,1153,Sunrisers Hyderabad,SRH,1,17,JC Archer,16,1,0,185/8,15.00,16.03,16.3,4,4,"Archer to Kumar, 4 runs",,"Archer bowls a length ball just outside off stump, met with a well-timed, controlled drive. Shivang Kumar expertly sends it racing through extra cover for four. That’s another boundary for Shivang Kumar, his second in this over.",7a80b657-514f-4db7-95c2-3423134e38f3,239611,"Sunrisers Hyderabad v Rajasthan Royals at New Chandigarh, Tata Indian Premier League, 27 May 2026",8903,Tata Indian Premier League,2026,"PCA International Cricket Stadium, Ground A, New Chandigarh",List A Twenty20,2026-05-27,90837.0,S Kumar,right,28503.0,JC Archer,right,1558.0,Rajasthan Royals,right pace,1.0,pace,2026-05-27 17:34:53,,,,,,,,106720849.0,236.0,100.0,178.0,5.0,4.0,4.0,False,False,True,False,,,,length ball,outside off,,drive,,controlled,extra cover,,,,,keyword,4,,False,False,False,False,False,False,True,False,False,
2,1153,Sunrisers Hyderabad,SRH,1,17,JC Archer,16,1,0,185/8,15.00,16.04,16.4,2,2,"Archer to Kumar, 2 runs",,"Archer delivers a back of a length ball on off stump, and Kumar attempts a flick but mistimes it, with the ball running to deep mid-wicket for two.",7a80b657-514f-4db7-95c2-3423134e38f3,239611,"Sunrisers Hyderabad v Rajasthan Royals at New Chandigarh, Tata Indian Premier League, 27 May 2026",8903,Tata Indian Premier League,2026,"PCA International Cricket Stadium, Ground A, New Chandigarh",List A Twenty20,2026-05-27,90837.0,S Kumar,right,28503.0,JC Archer,right,1558.0,Rajasthan Royals,right pace,1.0,pace,2026-05-27 17:35:29,,,,,,,,106720853.0,326.0,80.0,136.0,3.0,2.0,2.0,False,False,True,False,,,,back of a length,off stump,,flick,,,,,,,,keyword,2,,False,False,False,False,False,False,False,False,False,
2,1153,Sunrisers Hyderabad,SRH,1,17,JC Archer,16,1,0,185/8,15.00,16.05,16.5,4,4,"Archer to Kumar, 4 runs",,"This short ball on off stump is met with a well-timed, controlled pull. Shivang Kumar sends it racing through mid-wicket for a boundary. Another four for Shivang Kumar, his third this over, bringing up 15 runs in total for the over.",7a80b657-514f-4db7-95c2-3423134e38f3,239611,"Sunrisers Hyderabad v Rajasthan Royals at New Chandigarh, Tata Indian Premier League, 27 May 2026",8903,Tata Indian Premier League,2026,"PCA International Cricket Stadium, Ground A, New Chandigarh",List A Twenty20,2026-05-27,90837.0,S Kumar,right,28503.0,JC Archer,right,1558.0,Rajasthan Royals,right pace,1.0,pace,2026-05-27 17:36:12,,,,,,,,106720855.0,327.0,100.0,175.0,3.0,4.0,4.0,False,False,True,False,,,,short,off stump,,pull,,controlled,,,,,,keyword,4,,False,False,False,False,False,False,True,False,False,
2,1153,Sunrisers Hyderabad,SRH,1,17,JC Archer,16,1,0,185/8,15.00,16.06,16.5,1,1ʷᵈ,"Archer to Kumar, 1 run (wide)",,"A full delivery down leg stump with no movement, the batter attempts a controlled glance but misses; the umpire calls it a wide and the single run is given. The tally reaches sixteen runs in this over.",7a80b657-514f-4db7-95c2-3423134e38f3,239611,"Sunrisers Hyderabad v Rajasthan Royals at New Chandigarh, Tata Indian Premier League, 27 May 2026",8903,Tata Indian Premier League,2026,"PCA International Cricket Stadium, Ground A, New Chandigarh",List A Twenty20,2026-05-27,,,,,,,,,,,,,,,,,,,,,,,,,,,False,False,False,False,,,,full,leg stump,no movement,glance,,controlled,,,,,,keyword,1,wide,False,True,False,False,False,False,False,False,False,
2,1153,Sunrisers Hyderabad,SRH,1,17,JC Archer,16,1,0,185/8,15.00,16.07,16.6,0,0,"Archer to Kumar, no run",,"A short, no movement delivery outside off stump; the batter attempts a cut but misses, resulting in a dot ball. Sunrisers Hyderabad require 59 runs from 18 balls with just two wickets left, facing an uphill battle.",7a80b657-514f-4db7-95c2-3423134e38f3,239611,"Sunrisers Hyderabad v Rajasthan Royals at New Chandigarh, Tata Indian Premier League, 27 May 2026",8903,Tata Indian Premier League,2026,"PCA International Cricket Stadium, Ground A, New Chandigarh",List A Twenty20,2026-05-27,,,,,,,,,,,,,,,,,,,,,,,,,,,False,False,False,False,,,,short,outside off,no movement,cut,,,,,,,,keyword,0,,False,False,False,False,False,False,False,False,True,
2,1153,Sunrisers Hyderabad,SRH,1,18,N Burger,6,0,1,191/9,6.00,17.01,17.1,1,1,"Burger to Malinga, 1 run",Nandre Burger takes the ball for their 2nd spell,"A length ball outside off, Eshan Malinga pushes it delicately with the outside edge for a quick single.",7a80b657-514f-4db7-95c2-3423134e38f3,239611,"Sunrisers Hyderabad v Rajasthan Royals at New Chandigarh, Tata Indian Premier League, 27 May 2026",8903,Tata Indian Premier League,2026,"PCA International Cricket Stadium, Ground A, New Chandigarh",List A Twenty20,2026-05-27,77440.0,KKEM Dharmasena,left,52827.0,N Burger,left,1558.0,Rajasthan Royals,left pace,1.0,pace,2026-05-27 17:38:28,,,,,,,,106720870.0,70.0,80.0,128.0,1.0,1.0,1.0,False,False,True,False,,,,length ball,outside off,,push,,,,,,,,keyword,1,,False,False,False,False,False,False,False,False,False,
2,1153,Sunrisers Hyderabad,SRH,1,18,N Burger,6,0,1,191/9,6.00,17.02,17.2,1,1,"Burger to Kumar, 1 run",,"Burger delivers a back of a length slower ball on leg stump, and Shivang Kumar elegantly cuts it through the point area for a quick single.",7a80b657-514f-4db7-95c2-3423134e38f3,239611,"Sunrisers Hyderabad v Rajasthan Royals at New Chandigarh, Tata Indian Premier League, 27 May 2026",8903,Tata Indian Premier League,2026,"PCA International Cricket Stadium, Ground A, New Chandigarh",List A Twenty20,2026-05-27,90837.0,S Kumar,right,52827.0,N Burger,left,1558.0,Rajasthan Royals,left pace,1.0,pace,2026-05-27 17:39:15,,,,,,,,106720872.0,172.0,65.0,111.0,7.0,1.0,1.0,False,False,True,False,,,,back of a length,leg stump,,cut,,,point,,,,,keyword,1,,False,False,False,False,False,False,False,False,False,
2,1153,Sunrisers Hyderabad,SRH,1,18,N Burger,6,0,1,191/9,6.00,17.03,17.3,0,W,"Burger to Malinga, out!",,"A back of a length delivery outside off, with no movement, tempts the batter into a drive. Eshan Malinga mistimes it, and the ball goes up only to be caught by long off, ending his innings. Eshan Malinga departs after scoring 5 runs off 8 balls.",7a80b657-514f-4db7-95c2-3423134e38f3,239611,"Sunrisers Hyderabad v Rajasthan Royals at New Chandigarh, Tata Indian Premier League, 27 May 2026",8903,Tata Indian Premier League,2026,"PCA International Cricket Stadium, Ground A, New Chandigarh",List A Twenty20,2026-05-27,,,,,,,,,,,,,,,,,,,,,,,,,,,False,False,False,True,,,,back of a length,outside off,no movement,drive,,,,long off,caught,,,keyword,0,,True,False,False,False,False,False,False,False,False,commentary
2,1153,Sunrisers Hyderabad,SRH,1,18,N Burger,6,0,1,191/9,6.00,17.04,17.4,0,0,"Burger to Hussain, no run",Sakib Hussain heads to the crease. ,"Sakib Hussain attempts a cut shot off a wide, back-of-a-length delivery outside off but misses it altogether, resulting in a dot ball.",7a80b657-514f-4db7-95c2-3423134e38f3,239611,"Sunrisers Hyderabad v Rajasthan Royals at New Chandigarh, Tata Indian Premier League, 27 May 2026",8903,Tata Indian Premier League,2026,"PCA International Cricket Stadium, Ground A, New Chandigarh",List A Twenty20,2026-05-27,,,,,,,,,,,,,,,,,,,,,,,,,,,False,False,False,False,,,,,outside off,,cut,,,,,,,,keyword,0,,False,False,False,False,False,False,False,False,True,
2,1153,Sunrisers Hyderabad,SRH,1,18,N Burger,6,0,1,191/9,6.00,17.05,17.5,4,4,"Burger to Hussain, 4 runs",,A length ball just outside off stump is met with a superbly timed drive. Sakib Hussain races the ball cleanly through long off for four. Sakib Hussain is off the mark.,7a80b657-514f-4db7-95c2-3423134e38f3,239611,"Sunrisers Hyderabad v Rajasthan Royals at New Chandigarh, Tata Indian Premier League, 27 May 2026",8903,Tata Indian Premier League,2026,"PCA International Cricket Stadium, Ground A, New Chandigarh",List A Twenty20,2026-05-27,78832.0,Sakib Hussain,right,52827.0,N Burger,left,1558.0,Rajasthan Royals,left pace,1.0,pace,2026-05-27 17:41:53,,,,,,,,106720886.0,255.0,100.0,180.0,5.0,4.0,4.0,False,False,True,False,,,,length ball,outside off,,drive,,,long off,,,,,keyword,4,,False,False,False,False,False,False,True,False,False,
2,1153,Sunrisers Hyderabad,SRH,1,18,N Burger,6,0,1,191/9,6.00,17.06,17.6,0,0,"Burger to Hussain, no run",,"A length ball on the outside off, no movement, and the batter goes for a drive but mistimes it, sending an uncontrolled shot into the deep backward point where it's comfortably fielded. No run added here. Sunrisers Hyderabad face a tough chase needing 53 from 12 with just one wicket left, and the odds stacked heavily against them.",7a80b657-514f-4db7-95c2-3423134e38f3,239611,"Sunrisers Hyderabad v Rajasthan Royals at New Chandigarh, Tata Indian Premier League, 27 May 2026",8903,Tata Indian Premier League,2026,"PCA International Cricket Stadium, Ground A, New Chandigarh",List A Twenty20,2026-05-27,,,,,,,,,,,,,,,,,,,,,,,,,,,False,False,False,False,,,,length ball,outside off,no movement,drive,,uncontrolled,deep backward point,,,,,keyword,0,,False,False,False,False,False,False,False,False,True,
2,1153,Sunrisers Hyderabad,SRH,1,19,B Sharma,4,1,0,195/9,2.57,18.01,18.1,0,0,"Sharma to Kumar, no run",Brijesh Sharma takes the ball for their 3rd spell,"Outside off, back of a length delivered with no movement, Shivang Kumar goes for a wild pull but mistimes it, falling short and no run comes off the bat.",7a80b657-514f-4db7-95c2-3423134e38f3,239611,"Sunrisers Hyderabad v Rajasthan Royals at New Chandigarh, Tata Indian Premier League, 27 May 2026",8903,Tata Indian Premier League,2026,"PCA International Cricket Stadium, Ground A, New Chandigarh",List A Twenty20,2026-05-27,,,,,,,,,,,,,,,,,,,,,,,,,,,False,False,False,False,,,,back of a length,outside off,no movement,pull,,,,,,,,keyword,0,,False,False,False,False,False,False,False,False,True,
2,1153,Sunrisers Hyderabad,SRH,1,19,B Sharma,4,1,0,195/9,2.57,18.02,18.2,1,1,"Sharma to Kumar, 1 run",,"Brijesh Sharma delivers a length ball just outside off, and Shivang Kumar attempts a scoop. Though mis-timed and a bit uncontrolled in the air, it manages to sneak away for a single.",7a80b657-514f-4db7-95c2-3423134e38f3,239611,"Sunrisers Hyderabad v Rajasthan Royals at New Chandigarh, Tata Indian Premier League, 27 May 2026",8903,Tata Indian Premier League,2026,"PCA International Cricket Stadium, Ground A, New Chandigarh",List A Twenty20,2026-05-27,90837.0,S Kumar,right,90896.0,B Sharma,right,1558.0,Rajasthan Royals,right pace,2.0,pace,2026-05-27 17:47:47,,,,,,,,106720915.0,13.0,60.0,103.0,2.0,1.0,1.0,False,False,True,False,,,,length ball,outside off,,,,uncontrolled,,,,,,keyword,1,,False,False,False,False,False,False,False,False,False,
2,1153,Sunrisers Hyderabad,SRH,1,19,B Sharma,4,1,0,195/9,2.57,18.03,18.3,0,0,"Sharma to Hussain, no run",,"A slower ball pitched just outside off at a back of a length. The batter attempts a slog but only manages to catch it on his body, resulting in no run.",7a80b657-514f-4db7-95c2-3423134e38f3,239611,"Sunrisers Hyderabad v Rajasthan Royals at New Chandigarh, Tata Indian Premier League, 27 May 2026",8903,Tata Indian Premier League,2026,"PCA International Cricket Stadium, Ground A, New Chandigarh",List A Twenty20,2026-05-27,,,,,,,,,,,,,,,,,,,,,,,,,,,False,False,False,False,,,,back of a length,outside off,,slog,,,,,,,,keyword,0,,False,False,False,False,False,False,False,False,True,
2,1153,Sunrisers Hyderabad,SRH,1,19,B Sharma,4,1,0,195/9,2.57,18.04,18.4,1,1,"Sharma to Hussain, 1 run",,"On a length ball angling on off stump, the batter goes for a cheeky slog but manages only an inside edge that sneaks away for a single.",7a80b657-514f-4db7-95c2-3423134e38f3,239611,"Sunrisers Hyderabad v Rajasthan Royals at New Chandigarh, Tata Indian Premier League, 27 May 2026",8903,Tata Indian Premier League,2026,"PCA International Cricket Stadium, Ground A, New Chandigarh",List A Twenty20,2026-05-27,78832.0,Sakib Hussain,right,90896.0,B Sharma,right,1558.0,Rajasthan Royals,right pace,2.0,pace,2026-05-27 17:49:01,,,,,,,,106720924.0,37.0,55.0,87.0,2.0,1.0,1.0,False,False,True,False,,,,length ball,off stump,,slog,,,,,,,,keyword,1,,False,False,False,False,False,False,False,False,False,
2,1153,Sunrisers Hyderabad,SRH,1,19,B Sharma,4,1,0,195/9,2.57,18.05,18.4,2,2ⁿᵇ,"Sharma to Kumar, 2 runs (no ball)",,"A full toss down leg, shrewdly dispatched with a pull shot but mis-timed, skimming away for a quick single. The no-ball adds an extra run to the total.",7a80b657-514f-4db7-95c2-3423134e38f3,239611,"Sunrisers Hyderabad v Rajasthan Royals at New Chandigarh, Tata Indian Premier League, 27 May 2026",8903,Tata Indian Premier League,2026,"PCA International Cricket Stadium, Ground A, New Chandigarh",List A Twenty20,2026-05-27,90837.0,S Kumar,right,90896.0,B Sharma,right,1558.0,Rajasthan Royals,right pace,2.0,pace,2026-05-27 17:49:32,,,,,,,,106720931.0,28.0,55.0,89.0,2.0,1.0,2.0,False,False,True,False,,,,full toss,down leg,,pull,,,,,,,,keyword,2,no ball,False,False,True,False,False,False,False,False,False,
2,1153,Sunrisers Hyderabad,SRH,1,19,B Sharma,4,1,0,195/9,2.57,18.06,18.5,0,0,"Sharma to Hussain, no run",,"A short ball just outside off; the batter attempts a pull but misses, resulting in a dot ball.",7a80b657-514f-4db7-95c2-3423134e38f3,239611,"Sunrisers Hyderabad v Rajasthan Royals at New Chandigarh, Tata Indian Premier League, 27 May 2026",8903,Tata Indian Premier League,2026,"PCA International Cricket Stadium, Ground A, New Chandigarh",List A Twenty20,2026-05-27,,,,,,,,,,,,,,,,,,,,,,,,,,,False,False,False,False,,,,short,outside off,,pull,,,,,,,,keyword,0,,False,False,False,False,False,False,False,False,True,
2,1153,Sunrisers Hyderabad,SRH,1,19,B Sharma,4,1,0,195/9,2.57,18.07,18.6,0,0,"Sharma to Hussain, no run",,"A slower ball wide outside off at the back of a length, Sakib Hussain attempts a slog but misses cleanly, resulting in a dot ball. The chase is on a knife edge with Sunrisers Hyderabad needing 49 runs from 6 balls and just one wicket in hand, their chances slim at zero percent.",7a80b657-514f-4db7-95c2-3423134e38f3,239611,"Sunrisers Hyderabad v Rajasthan Royals at New Chandigarh, Tata Indian Premier League, 27 May 2026",8903,Tata Indian Premier League,2026,"PCA International Cricket Stadium, Ground A, New Chandigarh",List A Twenty20,2026-05-27,,,,,,,,,,,,,,,,,,,,,,,,,,,False,False,False,False,,,,back of a length,wide outside off,,slog,,,,,,,,keyword,0,,False,False,False,False,False,False,False,False,True,
2,1153,Sunrisers Hyderabad,SRH,1,20,SS Mishra,1,1,1,196/10,0.00,19.01,19.0,1,1ʷᵈ,"Mishra to Kumar, 1 run (wide)",Sushant Mishra takes the ball for their 3rd spell,"Sushant Mishra rolls in a slower ball, back of a length and drifting wide outside off. Shivang Kumar wisely lets it go, no shot played. However, the umpire signals a wide, adding an extra to the total.",7a80b657-514f-4db7-95c2-3423134e38f3,239611,"Sunrisers Hyderabad v Rajasthan Royals at New Chandigarh, Tata Indian Premier League, 27 May 2026",8903,Tata Indian Premier League,2026,"PCA International Cricket Stadium, Ground A, New Chandigarh",List A Twenty20,2026-05-27,,,,,,,,,,,,,,,,,,,,,,,,,,,False,False,False,False,,,,back of a length,wide outside off,,,,,,,,,,keyword,1,wide,False,True,False,False,False,False,False,False,False,
2,1153,Sunrisers Hyderabad,SRH,1,20,SS Mishra,1,1,1,196/10,0.00,19.02,19.1,0,0,"Mishra to Kumar, no run",,"The bowler sends down a length ball wide outside off, and the batter attempts a drive but misses it cleanly, no run.",7a80b657-514f-4db7-95c2-3423134e38f3,239611,"Sunrisers Hyderabad v Rajasthan Royals at New Chandigarh, Tata Indian Premier League, 27 May 2026",8903,Tata Indian Premier League,2026,"PCA International Cricket Stadium, Ground A, New Chandigarh",List A Twenty20,2026-05-27,,,,,,,,,,,,,,,,,,,,,,,,,,,False,False,False,False,,,,length ball,wide outside off,,drive,,,,,,,,keyword,0,,False,False,False,False,False,False,False,False,True,
2,1153,Sunrisers Hyderabad,SRH,1,20,SS Mishra,1,1,1,196/10,0.00,19.03,19.2,0,W,"Mishra to Kumar, out!",,"This length ball, wide outside off, sees the batter attempt a drive but only manages a thick, uncontrolled edge. He is caught at short third man, falling cheaply at a crucial time. Shivang Kumar goes for 27 off 24. Rajasthan Royals claim victory by 47 runs!",7a80b657-514f-4db7-95c2-3423134e38f3,239611,"Sunrisers Hyderabad v Rajasthan Royals at New Chandigarh, Tata Indian Premier League, 27 May 2026",8903,Tata Indian Premier League,2026,"PCA International Cricket Stadium, Ground A, New Chandigarh",List A Twenty20,2026-05-27,,,,,,,,,,,,,,,,,,,,,,,,,,,False,False,False,True,,,,length ball,wide outside off,,drive,,uncontrolled,short third man,,caught,,,keyword,0,,True,False,False,False,False,False,False,False,False,commentary
