innings_number,batting_team_id,batting_team_name,batting_team_abbreviation,innings_closure_id,over_number,over_bowler_name,runs_off_over,extras_off_over,wickets_off_over,team_score,run_rate,overs_unique,display_overs,runs,scoring,ball_summary_text,ball_pre_text,commentary,gid,match_id,match_name,comp_id,comp_name,comp_season,ground_name,class_name,start_date,batting_player_id,batting_player_name,batting_player_hand,bowling_player_id,bowling_player_name,bowling_player_hand,bowling_team_id,bowling_team_name,bowling_technique,bowling_type_id,bowling_type_simple,datetime_utc,bounce_position_x,bounce_position_y,length_zone,stumps_position_y,stumps_position_z,grid_x,grid_y,ball_id,field_direction,field_distance_percent,field_magnitude,field_zone,runs_off_bat,runs_conceded,has_pitchmap,has_beehive,has_wagon,in_catch_map,bowler_arm,delivery_type,delivery_variation,length,line,footwork,shot_type,shot_trajectory,shot_control,field_position,fielder_name,dismissal_type,dismissed_batter,dismissal_score,parse_method,runs_scored,extras_type,is_wicket,is_wide,is_no_ball,is_bye,is_leg_bye,is_penalty,is_boundary_four,is_boundary_six,is_dot,dismissal_source
1,1396,Delhi Capitals,DC,5,1,AS Roy,7,0,0,7/0,7.00,0.01,0.1,0,0,"Roy to Nissanka, no run",Pathum Nissanka and KL Rahul head out to the middle. Anukul Roy takes the ball for their 1st spell,"Anukul Roy starts with a stock ball just outside off, back of a length. Pathum Nissanka calmly pushes it toward cover, keeping it on the ground for no run.",d180378e-a7e7-40e7-a5ef-fedf0f95fbd1,237315,"Delhi Capitals v Kolkata Knight Riders at Delhi, Tata Indian Premier League, 8 May 2026",8903,Tata Indian Premier League,2026,"Arun Jaitley Stadium (Feroz Shah Kotla), Delhi",List A Twenty20,2026-05-08,,,,,,,,,,,,,,,,,,,,,,,,,,,False,False,False,False,,,,back of a length,outside off,,push,,,,,,,,keyword,0,,False,False,False,False,False,False,False,False,True,
1,1396,Delhi Capitals,DC,5,1,AS Roy,7,0,0,7/0,7.00,0.02,0.2,4,4,"Roy to Nissanka, 4 runs",,A short stock ball on middle stump is met crisply by the batter. Pathum Nissanka pulls it with controlled timing through deep square leg for a boundary. Pathum Nissanka is off the mark.,d180378e-a7e7-40e7-a5ef-fedf0f95fbd1,237315,"Delhi Capitals v Kolkata Knight Riders at Delhi, Tata Indian Premier League, 8 May 2026",8903,Tata Indian Premier League,2026,"Arun Jaitley Stadium (Feroz Shah Kotla), Delhi",List A Twenty20,2026-05-08,34256.0,PNS Silva,right,65841.0,AS Roy,left,1873.0,Kolkata Knight Riders,left orthodox,5.0,spin,2026-05-08 14:00:44,,,,,,,,106649260.0,336.0,100.0,174.0,3.0,4.0,4.0,False,False,True,False,,,,short,middle stump,,pull,,controlled,deep square leg,,,,,keyword,4,,False,False,False,False,False,False,True,False,False,
1,1396,Delhi Capitals,DC,5,1,AS Roy,7,0,0,7/0,7.00,0.03,0.3,1,1,"Roy to Nissanka, 1 run",,"On a length outside off, the stock ball is met with a smooth, controlled drive by Pathum Nissanka, who nudges it along the ground to pick up a comfortable single.",d180378e-a7e7-40e7-a5ef-fedf0f95fbd1,237315,"Delhi Capitals v Kolkata Knight Riders at Delhi, Tata Indian Premier League, 8 May 2026",8903,Tata Indian Premier League,2026,"Arun Jaitley Stadium (Feroz Shah Kotla), Delhi",List A Twenty20,2026-05-08,34256.0,PNS Silva,right,65841.0,AS Roy,left,1873.0,Kolkata Knight Riders,left orthodox,5.0,spin,2026-05-08 14:01:20,,,,,,,,106649263.0,258.0,90.0,161.0,5.0,1.0,1.0,False,False,True,False,,,,,outside off,,drive,along the ground,controlled,,,,,,keyword,1,,False,False,False,False,False,False,False,False,False,
1,1396,Delhi Capitals,DC,5,1,AS Roy,7,0,0,7/0,7.00,0.04,0.4,0,0,"Roy to Rahul, no run",,"A full toss drifting down the leg side, flicked neatly into the on-side but well fielded at mid-wicket. No run comes off this tidy stroke.",d180378e-a7e7-40e7-a5ef-fedf0f95fbd1,237315,"Delhi Capitals v Kolkata Knight Riders at Delhi, Tata Indian Premier League, 8 May 2026",8903,Tata Indian Premier League,2026,"Arun Jaitley Stadium (Feroz Shah Kotla), Delhi",List A Twenty20,2026-05-08,,,,,,,,,,,,,,,,,,,,,,,,,,,False,False,False,False,,,,full toss,down the leg side,,flick,,,,,,,,keyword,0,,False,False,False,False,False,False,False,False,True,
1,1396,Delhi Capitals,DC,5,1,AS Roy,7,0,0,7/0,7.00,0.05,0.5,1,1,"Roy to Rahul, 1 run",,"A length stock ball on middle stump sees KL Rahul drive crisply, racing the ball along the ground towards deep extra cover for a single. A solid start as KL Rahul gets off the mark.",d180378e-a7e7-40e7-a5ef-fedf0f95fbd1,237315,"Delhi Capitals v Kolkata Knight Riders at Delhi, Tata Indian Premier League, 8 May 2026",8903,Tata Indian Premier League,2026,"Arun Jaitley Stadium (Feroz Shah Kotla), Delhi",List A Twenty20,2026-05-08,20451.0,KL Rahul,right,65841.0,AS Roy,left,1873.0,Kolkata Knight Riders,left orthodox,5.0,spin,2026-05-08 14:02:43,,,,,,,,106649284.0,232.0,90.0,154.0,5.0,1.0,1.0,False,False,True,False,,,,,middle stump,,drive,along the ground,,deep extra cover,,,,,keyword,1,,False,False,False,False,False,False,False,False,False,
1,1396,Delhi Capitals,DC,5,1,AS Roy,7,0,0,7/0,7.00,0.06,0.6,1,1,"Roy to Nissanka, 1 run",,"A back of a length stock ball on middle stump, worked carefully along the ground through mid-on for a smart single.",d180378e-a7e7-40e7-a5ef-fedf0f95fbd1,237315,"Delhi Capitals v Kolkata Knight Riders at Delhi, Tata Indian Premier League, 8 May 2026",8903,Tata Indian Premier League,2026,"Arun Jaitley Stadium (Feroz Shah Kotla), Delhi",List A Twenty20,2026-05-08,34256.0,PNS Silva,right,65841.0,AS Roy,left,1873.0,Kolkata Knight Riders,left orthodox,5.0,spin,2026-05-08 14:03:13,,,,,,,,106649290.0,297.0,60.0,101.0,4.0,1.0,1.0,False,False,True,False,,,,back of a length,middle stump,,work,along the ground,,,,,,,keyword,1,,False,False,False,False,False,False,False,False,False,
1,1396,Delhi Capitals,DC,5,2,VG Arora,10,0,0,17/0,10.00,1.01,1.1,0,0,"Arora to Nissanka, no run",Vaibhav Arora takes the ball for their 1st spell,"A back of a length delivery outside off without any movement, pushed gently bat-pad down the ground for no run.",d180378e-a7e7-40e7-a5ef-fedf0f95fbd1,237315,"Delhi Capitals v Kolkata Knight Riders at Delhi, Tata Indian Premier League, 8 May 2026",8903,Tata Indian Premier League,2026,"Arun Jaitley Stadium (Feroz Shah Kotla), Delhi",List A Twenty20,2026-05-08,,,,,,,,,,,,,,,,,,,,,,,,,,,False,False,False,False,,,,back of a length,outside off,,push,,,,,,,,keyword,0,,False,False,False,False,False,False,False,False,True,
1,1396,Delhi Capitals,DC,5,2,VG Arora,10,0,0,17/0,10.00,1.02,1.2,1,1,"Arora to Nissanka, 1 run",,"Pathum Nissanka leans into a controlled drive along the ground, piercing the off side for a neat single.",d180378e-a7e7-40e7-a5ef-fedf0f95fbd1,237315,"Delhi Capitals v Kolkata Knight Riders at Delhi, Tata Indian Premier League, 8 May 2026",8903,Tata Indian Premier League,2026,"Arun Jaitley Stadium (Feroz Shah Kotla), Delhi",List A Twenty20,2026-05-08,34256.0,PNS Silva,right,72965.0,VG Arora,right,1873.0,Kolkata Knight Riders,right pace,1.0,pace,2026-05-08 14:05:09,,,,,,,,106649314.0,281.0,50.0,86.0,4.0,1.0,1.0,False,False,True,False,,,,,,,drive,along the ground,controlled,,,,,,keyword,1,,False,False,False,False,False,False,False,False,False,
1,1396,Delhi Capitals,DC,5,2,VG Arora,10,0,0,17/0,10.00,1.03,1.3,1,1,"Arora to Rahul, 1 run",,"A back of a length delivery outside off, neatly dropped by KL Rahul who nudges it for a quick single through backward point.",d180378e-a7e7-40e7-a5ef-fedf0f95fbd1,237315,"Delhi Capitals v Kolkata Knight Riders at Delhi, Tata Indian Premier League, 8 May 2026",8903,Tata Indian Premier League,2026,"Arun Jaitley Stadium (Feroz Shah Kotla), Delhi",List A Twenty20,2026-05-08,20451.0,KL Rahul,right,72965.0,VG Arora,right,1873.0,Kolkata Knight Riders,right pace,1.0,pace,2026-05-08 14:06:04,,,,,,,,106649326.0,160.0,20.0,31.0,7.0,1.0,1.0,False,False,True,False,,,,back of a length,outside off,,drop,,,backward point,,,,,keyword,1,,False,False,False,False,False,False,False,False,False,
1,1396,Delhi Capitals,DC,5,2,VG Arora,10,0,0,17/0,10.00,1.04,1.4,6,6,"Arora to Nissanka, 6 runs",,"A back of a length ball right on off stump, punched cleanly by Nissanka. He pulls it with perfect timing and middle-of-the-bat power over deep backward square leg for a massive six. That’s the first six of the innings, sparking the Delhi Capitals into action.",d180378e-a7e7-40e7-a5ef-fedf0f95fbd1,237315,"Delhi Capitals v Kolkata Knight Riders at Delhi, Tata Indian Premier League, 8 May 2026",8903,Tata Indian Premier League,2026,"Arun Jaitley Stadium (Feroz Shah Kotla), Delhi",List A Twenty20,2026-05-08,34256.0,PNS Silva,right,72965.0,VG Arora,right,1873.0,Kolkata Knight Riders,right pace,1.0,pace,2026-05-08 14:06:43,,,,,,,,106649336.0,28.0,100.0,165.0,2.0,6.0,6.0,False,False,True,False,,,,back of a length,off stump,,pull,,,deep backward square leg,,,,,keyword,6,,False,False,False,False,False,False,False,True,False,
1,1396,Delhi Capitals,DC,5,2,VG Arora,10,0,0,17/0,10.00,1.05,1.5,1,1,"Arora to Nissanka, 1 run",,"Arora bowls a back of a length delivery on off stump. Nissanka manages a delicate inside edge glance, guiding it fine for a quick single.",d180378e-a7e7-40e7-a5ef-fedf0f95fbd1,237315,"Delhi Capitals v Kolkata Knight Riders at Delhi, Tata Indian Premier League, 8 May 2026",8903,Tata Indian Premier League,2026,"Arun Jaitley Stadium (Feroz Shah Kotla), Delhi",List A Twenty20,2026-05-08,34256.0,PNS Silva,right,72965.0,VG Arora,right,1873.0,Kolkata Knight Riders,right pace,1.0,pace,2026-05-08 14:07:39,,,,,,,,106649350.0,66.0,40.0,66.0,1.0,1.0,1.0,False,False,True,False,,,,back of a length,off stump,,glance,,,,,,,,keyword,1,,False,False,False,False,False,False,False,False,False,
1,1396,Delhi Capitals,DC,5,2,VG Arora,10,0,0,17/0,10.00,1.06,1.6,1,1,"Arora to Rahul, 1 run",,"Rahul gently steers a back-of-a-length delivery outside off, nudging it past backward point for a calm single.",d180378e-a7e7-40e7-a5ef-fedf0f95fbd1,237315,"Delhi Capitals v Kolkata Knight Riders at Delhi, Tata Indian Premier League, 8 May 2026",8903,Tata Indian Premier League,2026,"Arun Jaitley Stadium (Feroz Shah Kotla), Delhi",List A Twenty20,2026-05-08,20451.0,KL Rahul,right,72965.0,VG Arora,right,1873.0,Kolkata Knight Riders,right pace,1.0,pace,2026-05-08 14:08:23,,,,,,,,106649355.0,164.0,40.0,67.0,7.0,1.0,1.0,False,False,True,False,,,,,outside off,,steer,,,backward point,,,,,keyword,1,,False,False,False,False,False,False,False,False,False,
1,1396,Delhi Capitals,DC,5,3,AS Roy,11,0,0,28/0,11.00,2.01,2.1,0,0,"Roy to Rahul, no run",Anukul Roy continues their spell,"Outside off, a length stock ball sees KL Rahul attempt a slog but mistime it, sending the ball tumbling to mid on where it’s comfortably fielded for no run.",d180378e-a7e7-40e7-a5ef-fedf0f95fbd1,237315,"Delhi Capitals v Kolkata Knight Riders at Delhi, Tata Indian Premier League, 8 May 2026",8903,Tata Indian Premier League,2026,"Arun Jaitley Stadium (Feroz Shah Kotla), Delhi",List A Twenty20,2026-05-08,,,,,,,,,,,,,,,,,,,,,,,,,,,False,False,False,False,,,,,outside off,,slog,,,mid on,,,,,keyword,0,,False,False,False,False,False,False,False,False,True,
1,1396,Delhi Capitals,DC,5,3,AS Roy,11,0,0,28/0,11.00,2.02,2.2,4,4,"Roy to Rahul, 4 runs",,"A length stock ball right on middle stump, met with a well-timed, controlled slog. The batter dispatches it neatly through mid-wicket for four.",d180378e-a7e7-40e7-a5ef-fedf0f95fbd1,237315,"Delhi Capitals v Kolkata Knight Riders at Delhi, Tata Indian Premier League, 8 May 2026",8903,Tata Indian Premier League,2026,"Arun Jaitley Stadium (Feroz Shah Kotla), Delhi",List A Twenty20,2026-05-08,20451.0,KL Rahul,right,65841.0,AS Roy,left,1873.0,Kolkata Knight Riders,left orthodox,5.0,spin,2026-05-08 14:09:56,,,,,,,,106649376.0,305.0,100.0,178.0,4.0,4.0,4.0,False,False,True,False,,,,,middle stump,,slog,,controlled,,,,,,keyword,4,,False,False,False,False,False,False,True,False,False,
1,1396,Delhi Capitals,DC,5,3,AS Roy,11,0,0,28/0,11.00,2.03,2.3,1,1,"Roy to Rahul, 1 run",,"On a back of a length stock ball just on off stump, the batter gently pushes it, guiding the ball through extra cover for a neat single.",d180378e-a7e7-40e7-a5ef-fedf0f95fbd1,237315,"Delhi Capitals v Kolkata Knight Riders at Delhi, Tata Indian Premier League, 8 May 2026",8903,Tata Indian Premier League,2026,"Arun Jaitley Stadium (Feroz Shah Kotla), Delhi",List A Twenty20,2026-05-08,20451.0,KL Rahul,right,65841.0,AS Roy,left,1873.0,Kolkata Knight Riders,left orthodox,5.0,spin,2026-05-08 14:10:34,,,,,,,,106649384.0,235.0,40.0,71.0,5.0,1.0,1.0,False,False,True,False,,,,back of a length,off stump,,push,,,extra cover,,,,,keyword,1,,False,False,False,False,False,False,False,False,False,
1,1396,Delhi Capitals,DC,5,3,AS Roy,11,0,0,28/0,11.00,2.04,2.4,0,0,"Roy to Nissanka, no run",,"the stock yorker on leg stump is pushed neatly by the batter, keeping it down and close to the body. No run comes from that controlled stroke.",d180378e-a7e7-40e7-a5ef-fedf0f95fbd1,237315,"Delhi Capitals v Kolkata Knight Riders at Delhi, Tata Indian Premier League, 8 May 2026",8903,Tata Indian Premier League,2026,"Arun Jaitley Stadium (Feroz Shah Kotla), Delhi",List A Twenty20,2026-05-08,,,,,,,,,,,,,,,,,,,,,,,,,,,False,False,False,False,,,,yorker,leg stump,,push,,controlled,,,,,,keyword,0,,False,False,False,False,False,False,False,False,True,
1,1396,Delhi Capitals,DC,5,3,AS Roy,11,0,0,28/0,11.00,2.05,2.5,0,0,"Roy to Nissanka, no run",,"A full toss on off stump from the stock bowler sees a controlled drive, but the fielder stops the boundary just in time.",d180378e-a7e7-40e7-a5ef-fedf0f95fbd1,237315,"Delhi Capitals v Kolkata Knight Riders at Delhi, Tata Indian Premier League, 8 May 2026",8903,Tata Indian Premier League,2026,"Arun Jaitley Stadium (Feroz Shah Kotla), Delhi",List A Twenty20,2026-05-08,,,,,,,,,,,,,,,,,,,,,,,,,,,False,False,False,False,,,,full toss,off stump,,drive,,controlled,,,,,,keyword,0,,False,False,False,False,False,False,False,False,True,
1,1396,Delhi Capitals,DC,5,3,AS Roy,11,0,0,28/0,11.00,2.06,2.6,6,6,"Roy to Nissanka, 6 runs",,"The stock ball back of a length outside off, but the batter shapes nicely to pull it with great timing. Pathum Nissanka sends it sailing over deep square leg for a magnificent six, a controlled and well-middled strike.",d180378e-a7e7-40e7-a5ef-fedf0f95fbd1,237315,"Delhi Capitals v Kolkata Knight Riders at Delhi, Tata Indian Premier League, 8 May 2026",8903,Tata Indian Premier League,2026,"Arun Jaitley Stadium (Feroz Shah Kotla), Delhi",List A Twenty20,2026-05-08,34256.0,PNS Silva,right,65841.0,AS Roy,left,1873.0,Kolkata Knight Riders,left orthodox,5.0,spin,2026-05-08 14:11:48,,,,,,,,106649406.0,336.0,100.0,174.0,3.0,6.0,6.0,False,False,True,False,,,,back of a length,outside off,,pull,,controlled,deep square leg,,,,,keyword,6,,False,False,False,False,False,False,False,True,False,
1,1396,Delhi Capitals,DC,5,4,SP Narine,11,0,0,39/0,11.00,3.01,3.1,1,1,"Narine to Rahul, 1 run",Sunil Narine takes the ball for their 1st spell,"Sunil Narine pitches a back of a length off break just outside off. KL Rahul works it patiently along the ground towards long on, taking a comfortable single.",d180378e-a7e7-40e7-a5ef-fedf0f95fbd1,237315,"Delhi Capitals v Kolkata Knight Riders at Delhi, Tata Indian Premier League, 8 May 2026",8903,Tata Indian Premier League,2026,"Arun Jaitley Stadium (Feroz Shah Kotla), Delhi",List A Twenty20,2026-05-08,20451.0,KL Rahul,right,11658.0,SP Narine,right,1873.0,Kolkata Knight Riders,off break,3.0,spin,2026-05-08 14:13:08,,,,,,,,106649419.0,291.0,90.0,159.0,4.0,1.0,1.0,False,False,True,False,,,,back of a length,outside off,,work,along the ground,,long on,,,,,keyword,1,,False,False,False,False,False,False,False,False,False,
1,1396,Delhi Capitals,DC,5,4,SP Narine,11,0,0,39/0,11.00,3.02,3.2,4,4,"Narine to Nissanka, 4 runs",,"Sunil Narine bowls a length carrom ball outside off stump. Pathum Nissanka leans into a well-timed drive, racing the ball crisply through extra cover for four.",d180378e-a7e7-40e7-a5ef-fedf0f95fbd1,237315,"Delhi Capitals v Kolkata Knight Riders at Delhi, Tata Indian Premier League, 8 May 2026",8903,Tata Indian Premier League,2026,"Arun Jaitley Stadium (Feroz Shah Kotla), Delhi",List A Twenty20,2026-05-08,34256.0,PNS Silva,right,11658.0,SP Narine,right,1873.0,Kolkata Knight Riders,off break,3.0,spin,2026-05-08 14:13:35,,,,,,,,106649426.0,230.0,100.0,178.0,5.0,4.0,4.0,False,False,True,False,,,,,outside off,,drive,,,extra cover,,,,,keyword,4,,False,False,False,False,False,False,True,False,False,
1,1396,Delhi Capitals,DC,5,4,SP Narine,11,0,0,39/0,11.00,3.03,3.3,0,0,"Narine to Nissanka, no run",,"An off break on a length outside off stump, pushed gently but mis-timed, finds the backward point; no run added here.",d180378e-a7e7-40e7-a5ef-fedf0f95fbd1,237315,"Delhi Capitals v Kolkata Knight Riders at Delhi, Tata Indian Premier League, 8 May 2026",8903,Tata Indian Premier League,2026,"Arun Jaitley Stadium (Feroz Shah Kotla), Delhi",List A Twenty20,2026-05-08,,,,,,,,,,,,,,,,,,,,,,,,,,,False,False,False,False,,,,,outside off,,push,,,,,,,,keyword,0,,False,False,False,False,False,False,False,False,True,
1,1396,Delhi Capitals,DC,5,4,SP Narine,11,0,0,39/0,11.00,3.04,3.4,1,1,"Narine to Nissanka, 1 run",,"An off break bowled on off stump, pitching back of a length. The batter works it carefully along the ground, nudging through the off side for a quick single.",d180378e-a7e7-40e7-a5ef-fedf0f95fbd1,237315,"Delhi Capitals v Kolkata Knight Riders at Delhi, Tata Indian Premier League, 8 May 2026",8903,Tata Indian Premier League,2026,"Arun Jaitley Stadium (Feroz Shah Kotla), Delhi",List A Twenty20,2026-05-08,34256.0,PNS Silva,right,11658.0,SP Narine,right,1873.0,Kolkata Knight Riders,off break,3.0,spin,2026-05-08 14:14:33,,,,,,,,106649438.0,10.0,85.0,143.0,2.0,1.0,1.0,False,False,True,False,,,,back of a length,off stump,,work,along the ground,,,,,,,keyword,1,,False,False,False,False,False,False,False,False,False,
1,1396,Delhi Capitals,DC,5,4,SP Narine,11,0,0,39/0,11.00,3.05,3.5,4,4,"Narine to Rahul, 4 runs",,"Sunil Narine tosses up a short carrom ball outside off stump. Rahul meets it with a well-timed, controlled pull through mid-wicket, racing away to the boundary.",d180378e-a7e7-40e7-a5ef-fedf0f95fbd1,237315,"Delhi Capitals v Kolkata Knight Riders at Delhi, Tata Indian Premier League, 8 May 2026",8903,Tata Indian Premier League,2026,"Arun Jaitley Stadium (Feroz Shah Kotla), Delhi",List A Twenty20,2026-05-08,20451.0,KL Rahul,right,11658.0,SP Narine,right,1873.0,Kolkata Knight Riders,off break,3.0,spin,2026-05-08 14:15:00,,,,,,,,106649444.0,312.0,100.0,177.0,4.0,4.0,4.0,False,False,True,False,,,,short,outside off,,pull,,controlled,,,,,,keyword,4,,False,False,False,False,False,False,True,False,False,
1,1396,Delhi Capitals,DC,5,4,SP Narine,11,0,0,39/0,11.00,3.06,3.6,1,1,"Narine to Rahul, 1 run",,"Sunil Narine bowls an off break on a back of a length, just on off stump. KL Rahul works it carefully along the ground toward long on, stealing a well-timed single.",d180378e-a7e7-40e7-a5ef-fedf0f95fbd1,237315,"Delhi Capitals v Kolkata Knight Riders at Delhi, Tata Indian Premier League, 8 May 2026",8903,Tata Indian Premier League,2026,"Arun Jaitley Stadium (Feroz Shah Kotla), Delhi",List A Twenty20,2026-05-08,20451.0,KL Rahul,right,11658.0,SP Narine,right,1873.0,Kolkata Knight Riders,off break,3.0,spin,2026-05-08 14:15:40,,,,,,,,106649454.0,288.0,85.0,154.0,4.0,1.0,1.0,False,False,True,False,,,,back of a length,off stump,,work,along the ground,,,,,,,keyword,1,,False,False,False,False,False,False,False,False,False,
1,1396,Delhi Capitals,DC,5,5,K Tyagi,10,0,1,49/1,10.00,4.01,4.1,4,4,"Tyagi to Rahul, 4 runs",Kartik Tyagi takes the ball for their 1st spell,"Kartik Tyagi bowls a length ball outside off, and Rahul drives it crisply. He times the shot beautifully, sending the ball racing past backward point for four despite a misfield.",d180378e-a7e7-40e7-a5ef-fedf0f95fbd1,237315,"Delhi Capitals v Kolkata Knight Riders at Delhi, Tata Indian Premier League, 8 May 2026",8903,Tata Indian Premier League,2026,"Arun Jaitley Stadium (Feroz Shah Kotla), Delhi",List A Twenty20,2026-05-08,20451.0,KL Rahul,right,66831.0,K Tyagi,right,1873.0,Kolkata Knight Riders,right pace,1.0,pace,2026-05-08 14:16:55,,,,,,,,106649469.0,177.0,100.0,169.0,7.0,4.0,4.0,False,False,True,False,,,,length ball,outside off,,drive,,,backward point,,,,,keyword,4,,False,False,False,False,False,False,True,False,False,
1,1396,Delhi Capitals,DC,5,5,K Tyagi,10,0,1,49/1,10.00,4.02,4.2,1,1,"Tyagi to Rahul, 1 run",,"Kartik Tyagi bowls a back-of-a-length delivery outside off, and Rahul neatly steers it with a fine connection for a single, using patience and precision.",d180378e-a7e7-40e7-a5ef-fedf0f95fbd1,237315,"Delhi Capitals v Kolkata Knight Riders at Delhi, Tata Indian Premier League, 8 May 2026",8903,Tata Indian Premier League,2026,"Arun Jaitley Stadium (Feroz Shah Kotla), Delhi",List A Twenty20,2026-05-08,20451.0,KL Rahul,right,66831.0,K Tyagi,right,1873.0,Kolkata Knight Riders,right pace,1.0,pace,2026-05-08 14:17:43,,,,,,,,106649478.0,167.0,40.0,71.0,7.0,1.0,1.0,False,False,True,False,,,,,outside off,,steer,,,,,,,,keyword,1,,False,False,False,False,False,False,False,False,False,
1,1396,Delhi Capitals,DC,5,5,K Tyagi,10,0,1,49/1,10.00,4.03,4.3,0,0,"Tyagi to Nissanka, no run",,"Tyagi bowls a back of a length delivery outside off, and Nissanka attempts a slog but mis-times it badly. The bat swings through an uncontrolled shot, and Green at mid on collects the ball comfortably—no run here.",d180378e-a7e7-40e7-a5ef-fedf0f95fbd1,237315,"Delhi Capitals v Kolkata Knight Riders at Delhi, Tata Indian Premier League, 8 May 2026",8903,Tata Indian Premier League,2026,"Arun Jaitley Stadium (Feroz Shah Kotla), Delhi",List A Twenty20,2026-05-08,,,,,,,,,,,,,,,,,,,,,,,,,,,False,False,False,False,,,,back of a length,outside off,,slog,,uncontrolled,mid on,,,,,keyword,0,,False,False,False,False,False,False,False,False,True,
1,1396,Delhi Capitals,DC,5,5,K Tyagi,10,0,1,49/1,10.00,4.04,4.4,1,1,"Tyagi to Nissanka, 1 run",,"Pathum Nissanka elegantly drives a no movement back of a length delivery just outside off stump, working it neatly for a single despite a sharp stop at backward point.",d180378e-a7e7-40e7-a5ef-fedf0f95fbd1,237315,"Delhi Capitals v Kolkata Knight Riders at Delhi, Tata Indian Premier League, 8 May 2026",8903,Tata Indian Premier League,2026,"Arun Jaitley Stadium (Feroz Shah Kotla), Delhi",List A Twenty20,2026-05-08,34256.0,PNS Silva,right,66831.0,K Tyagi,right,1873.0,Kolkata Knight Riders,right pace,1.0,pace,2026-05-08 14:19:11,,,,,,,,106649496.0,177.0,45.0,79.0,7.0,1.0,1.0,False,False,True,False,,,,back of a length,outside off,no movement,drive,,,backward point,,,,,keyword,1,,False,False,False,False,False,False,False,False,False,
1,1396,Delhi Capitals,DC,5,5,K Tyagi,10,0,1,49/1,10.00,4.05,4.5,4,4,"Tyagi to Rahul, 4 runs",,The back of a length delivery outside off sees a perfectly timed drive. KL Rahul dispatches it crisply through long off for a superb boundary. KL Rahul now has two fours in this over.,d180378e-a7e7-40e7-a5ef-fedf0f95fbd1,237315,"Delhi Capitals v Kolkata Knight Riders at Delhi, Tata Indian Premier League, 8 May 2026",8903,Tata Indian Premier League,2026,"Arun Jaitley Stadium (Feroz Shah Kotla), Delhi",List A Twenty20,2026-05-08,20451.0,KL Rahul,right,66831.0,K Tyagi,right,1873.0,Kolkata Knight Riders,right pace,1.0,pace,2026-05-08 14:19:57,,,,,,,,106649505.0,266.0,100.0,180.0,5.0,4.0,4.0,False,False,True,False,,,,back of a length,outside off,,drive,,,long off,,,,,keyword,4,,False,False,False,False,False,False,True,False,False,
1,1396,Delhi Capitals,DC,5,5,K Tyagi,10,0,1,49/1,10.00,4.06,4.6,0,W,"Tyagi to Rahul, out!",,"A length ball outside off, and Rahul goes for a wild slog. The mistimed shot sails in the air and he's caught at mid on. KL Rahul departs for 23 off 14, shifting momentum as Kolkata Knight Riders' win chances rise from 37% to 43%.",d180378e-a7e7-40e7-a5ef-fedf0f95fbd1,237315,"Delhi Capitals v Kolkata Knight Riders at Delhi, Tata Indian Premier League, 8 May 2026",8903,Tata Indian Premier League,2026,"Arun Jaitley Stadium (Feroz Shah Kotla), Delhi",List A Twenty20,2026-05-08,,,,,,,,,,,,,,,,,,,,,,,,,,,False,False,False,True,,,,length ball,outside off,,slog,,mistimed,mid on,,caught,,,keyword,0,,True,False,False,False,False,False,False,False,False,commentary
1,1396,Delhi Capitals,DC,5,6,VG Arora,6,0,0,55/1,6.00,5.01,5.1,4,4,"Arora to Nissanka, 4 runs",Nitish Rana enters the field at the non-striker's end. Vaibhav Arora takes the ball for their 2nd spell,"Vaibhav Arora bowls a length ball on off stump, which Pathum Nissanka flicks with excellent timing and control. The ball races away elegantly through the fine leg boundary for four. Nissanka moves to thirty off just 17 balls, boosting Delhi Capitals to 53 for 1.",d180378e-a7e7-40e7-a5ef-fedf0f95fbd1,237315,"Delhi Capitals v Kolkata Knight Riders at Delhi, Tata Indian Premier League, 8 May 2026",8903,Tata Indian Premier League,2026,"Arun Jaitley Stadium (Feroz Shah Kotla), Delhi",List A Twenty20,2026-05-08,34256.0,PNS Silva,right,72965.0,VG Arora,right,1873.0,Kolkata Knight Riders,right pace,1.0,pace,2026-05-08 14:22:47,,,,,,,,106649539.0,74.0,100.0,160.0,1.0,4.0,4.0,False,False,True,False,,,,length ball,off stump,,flick,,,fine leg,,,,,keyword,4,,False,False,False,False,False,False,True,False,False,
1,1396,Delhi Capitals,DC,5,6,VG Arora,6,0,0,55/1,6.00,5.02,5.2,1,1,"Arora to Nissanka, 1 run",,"A short, no movement delivery outside off, nicely controlled by Pathum Nissanka who pulls it confidently to deep square leg for a single.",d180378e-a7e7-40e7-a5ef-fedf0f95fbd1,237315,"Delhi Capitals v Kolkata Knight Riders at Delhi, Tata Indian Premier League, 8 May 2026",8903,Tata Indian Premier League,2026,"Arun Jaitley Stadium (Feroz Shah Kotla), Delhi",List A Twenty20,2026-05-08,34256.0,PNS Silva,right,72965.0,VG Arora,right,1873.0,Kolkata Knight Riders,right pace,1.0,pace,2026-05-08 14:23:42,,,,,,,,106649551.0,335.0,90.0,161.0,3.0,1.0,1.0,False,False,True,False,,,,short,outside off,no movement,pull,,controlled,deep square leg,,,,,keyword,1,,False,False,False,False,False,False,False,False,False,
1,1396,Delhi Capitals,DC,5,6,VG Arora,6,0,0,55/1,6.00,5.03,5.3,0,0,"Arora to Rana, no run",,"The length ball drifts outside off and is expertly left alone, with the batter showing great restraint under pressure.",d180378e-a7e7-40e7-a5ef-fedf0f95fbd1,237315,"Delhi Capitals v Kolkata Knight Riders at Delhi, Tata Indian Premier League, 8 May 2026",8903,Tata Indian Premier League,2026,"Arun Jaitley Stadium (Feroz Shah Kotla), Delhi",List A Twenty20,2026-05-08,,,,,,,,,,,,,,,,,,,,,,,,,,,False,False,False,False,,,,length ball,outside off,,,,,,,,,,keyword,0,,False,False,False,False,False,False,False,False,True,
1,1396,Delhi Capitals,DC,5,6,VG Arora,6,0,0,55/1,6.00,5.04,5.4,0,0,"Arora to Rana, no run",,"A length ball on leg stump, worked quietly off the bat and safely fielded at mid-wicket, resulting in no run.",d180378e-a7e7-40e7-a5ef-fedf0f95fbd1,237315,"Delhi Capitals v Kolkata Knight Riders at Delhi, Tata Indian Premier League, 8 May 2026",8903,Tata Indian Premier League,2026,"Arun Jaitley Stadium (Feroz Shah Kotla), Delhi",List A Twenty20,2026-05-08,,,,,,,,,,,,,,,,,,,,,,,,,,,False,False,False,False,,,,length ball,leg stump,,work,,,,,,,,keyword,0,,False,False,False,False,False,False,False,False,True,
1,1396,Delhi Capitals,DC,5,6,VG Arora,6,0,0,55/1,6.00,5.05,5.5,0,0,"Arora to Rana, no run",,"A length ball on off stump, but the batter attempts a drive and misses completely, yielding no run.",d180378e-a7e7-40e7-a5ef-fedf0f95fbd1,237315,"Delhi Capitals v Kolkata Knight Riders at Delhi, Tata Indian Premier League, 8 May 2026",8903,Tata Indian Premier League,2026,"Arun Jaitley Stadium (Feroz Shah Kotla), Delhi",List A Twenty20,2026-05-08,,,,,,,,,,,,,,,,,,,,,,,,,,,False,False,False,False,,,,length ball,off stump,,drive,,,,,,,,keyword,0,,False,False,False,False,False,False,False,False,True,
1,1396,Delhi Capitals,DC,5,6,VG Arora,6,0,0,55/1,6.00,5.06,5.6,1,1,"Arora to Rana, 1 run",,"Vaibhav Arora delivers a back of a length ball outside off, and Rana cuts it with controlled precision, nudging a single. Nitish Rana gets off the mark.",d180378e-a7e7-40e7-a5ef-fedf0f95fbd1,237315,"Delhi Capitals v Kolkata Knight Riders at Delhi, Tata Indian Premier League, 8 May 2026",8903,Tata Indian Premier League,2026,"Arun Jaitley Stadium (Feroz Shah Kotla), Delhi",List A Twenty20,2026-05-08,23460.0,N Rana,left,72965.0,VG Arora,right,1873.0,Kolkata Knight Riders,right pace,1.0,pace,2026-05-08 14:26:35,,,,,,,,106649586.0,8.0,90.0,153.0,2.0,1.0,1.0,False,False,True,False,,,,back of a length,outside off,,cut,,controlled,,,,,,keyword,1,,False,False,False,False,False,False,False,False,False,
1,1396,Delhi Capitals,DC,5,7,V Chakaravarthy,7,0,0,62/1,7.00,6.01,6.1,1,1,"Chakravarthy to Rana, 1 run",Varun Chakravarthy takes the ball for their 1st spell,"Varun Chakravarthy bowls a back of a length leg spinner outside off, and Nitish Rana works it cleverly for a quick single.",d180378e-a7e7-40e7-a5ef-fedf0f95fbd1,237315,"Delhi Capitals v Kolkata Knight Riders at Delhi, Tata Indian Premier League, 8 May 2026",8903,Tata Indian Premier League,2026,"Arun Jaitley Stadium (Feroz Shah Kotla), Delhi",List A Twenty20,2026-05-08,23460.0,N Rana,left,68649.0,V Chakaravarthy,right,1873.0,Kolkata Knight Riders,leg break,4.0,spin,2026-05-08 14:28:07,,,,,,,,106649609.0,218.0,50.0,84.0,6.0,1.0,1.0,False,False,True,False,,,,back of a length,outside off,,work,,,,,,,,keyword,1,,False,False,False,False,False,False,False,False,False,
1,1396,Delhi Capitals,DC,5,7,V Chakaravarthy,7,0,0,62/1,7.00,6.02,6.2,0,0,"Chakravarthy to Nissanka, no run",,"A length googly on off stump is worked but misses the bat, striking the pad instead to yield no run.",d180378e-a7e7-40e7-a5ef-fedf0f95fbd1,237315,"Delhi Capitals v Kolkata Knight Riders at Delhi, Tata Indian Premier League, 8 May 2026",8903,Tata Indian Premier League,2026,"Arun Jaitley Stadium (Feroz Shah Kotla), Delhi",List A Twenty20,2026-05-08,,,,,,,,,,,,,,,,,,,,,,,,,,,False,False,False,False,,,,,off stump,,work,,,,,,,,keyword,0,,False,False,False,False,False,False,False,False,True,
1,1396,Delhi Capitals,DC,5,7,V Chakaravarthy,7,0,0,62/1,7.00,6.03,6.3,1,1,"Chakravarthy to Nissanka, 1 run",,"The googly drifts outside off on a back of a length, and Pathum Nissanka responds with a neat, controlled flick towards deep square leg, picking up a smart single.",d180378e-a7e7-40e7-a5ef-fedf0f95fbd1,237315,"Delhi Capitals v Kolkata Knight Riders at Delhi, Tata Indian Premier League, 8 May 2026",8903,Tata Indian Premier League,2026,"Arun Jaitley Stadium (Feroz Shah Kotla), Delhi",List A Twenty20,2026-05-08,34256.0,PNS Silva,right,68649.0,V Chakaravarthy,right,1873.0,Kolkata Knight Riders,leg break,4.0,spin,2026-05-08 14:29:04,,,,,,,,106649622.0,347.0,95.0,160.0,3.0,1.0,1.0,False,False,True,False,,,,back of a length,outside off,,flick,,controlled,deep square leg,,,,,keyword,1,,False,False,False,False,False,False,False,False,False,
1,1396,Delhi Capitals,DC,5,7,V Chakaravarthy,7,0,0,62/1,7.00,6.04,6.4,1,1,"Chakravarthy to Rana, 1 run",,"The leg-spinner bowls a back of a length delivery outside off, and Nitish Rana works it neatly on the ground for a quick single.",d180378e-a7e7-40e7-a5ef-fedf0f95fbd1,237315,"Delhi Capitals v Kolkata Knight Riders at Delhi, Tata Indian Premier League, 8 May 2026",8903,Tata Indian Premier League,2026,"Arun Jaitley Stadium (Feroz Shah Kotla), Delhi",List A Twenty20,2026-05-08,23460.0,N Rana,left,68649.0,V Chakaravarthy,right,1873.0,Kolkata Knight Riders,leg break,4.0,spin,2026-05-08 14:29:29,,,,,,,,106649628.0,257.0,90.0,159.0,5.0,1.0,1.0,False,False,True,False,,,,back of a length,outside off,,work,,,,,,,,keyword,1,,False,False,False,False,False,False,False,False,False,
1,1396,Delhi Capitals,DC,5,7,V Chakaravarthy,7,0,0,62/1,7.00,6.05,6.5,0,0,"Chakravarthy to Nissanka, no run",,"A length quicker ball outside off, pushed gently by Pathum Nissanka back towards the bowler for no run.",d180378e-a7e7-40e7-a5ef-fedf0f95fbd1,237315,"Delhi Capitals v Kolkata Knight Riders at Delhi, Tata Indian Premier League, 8 May 2026",8903,Tata Indian Premier League,2026,"Arun Jaitley Stadium (Feroz Shah Kotla), Delhi",List A Twenty20,2026-05-08,,,,,,,,,,,,,,,,,,,,,,,,,,,False,False,False,False,,,,,outside off,,push,,,bowler,,,,,keyword,0,,False,False,False,False,False,False,False,False,True,
1,1396,Delhi Capitals,DC,5,7,V Chakaravarthy,7,0,0,62/1,7.00,6.06,6.6,4,4,"Chakravarthy to Nissanka, 4 runs",,A quicker ball outside off slips through for four as the batter executes a perfectly timed late cut. The shot races along the ground through third man with precision and finesse.,d180378e-a7e7-40e7-a5ef-fedf0f95fbd1,237315,"Delhi Capitals v Kolkata Knight Riders at Delhi, Tata Indian Premier League, 8 May 2026",8903,Tata Indian Premier League,2026,"Arun Jaitley Stadium (Feroz Shah Kotla), Delhi",List A Twenty20,2026-05-08,34256.0,PNS Silva,right,68649.0,V Chakaravarthy,right,1873.0,Kolkata Knight Riders,leg break,4.0,spin,2026-05-08 14:30:16,,,,,,,,106649641.0,115.0,100.0,161.0,8.0,4.0,4.0,False,False,True,False,,,,,outside off,,late cut,along the ground,,third man,,,,,keyword,4,,False,False,False,False,False,False,True,False,False,
1,1396,Delhi Capitals,DC,5,8,CD Green,12,0,1,74/2,12.00,7.01,7.1,1,1,"Green to Rana, 1 run",Cameron Green takes the ball for their 1st spell,"Nitish Rana works a controlled cut shot off a back-of-a-length delivery outside off, picking up a comfortable single.",d180378e-a7e7-40e7-a5ef-fedf0f95fbd1,237315,"Delhi Capitals v Kolkata Knight Riders at Delhi, Tata Indian Premier League, 8 May 2026",8903,Tata Indian Premier League,2026,"Arun Jaitley Stadium (Feroz Shah Kotla), Delhi",List A Twenty20,2026-05-08,23460.0,N Rana,left,65397.0,CD Green,right,1873.0,Kolkata Knight Riders,right pace,1.0,pace,2026-05-08 14:31:31,,,,,,,,106649658.0,4.0,90.0,152.0,2.0,1.0,1.0,False,False,True,False,,,,,outside off,,work,,controlled,,,,,,keyword,1,,False,False,False,False,False,False,False,False,False,
1,1396,Delhi Capitals,DC,5,8,CD Green,12,0,1,74/2,12.00,7.02,7.2,6,6,"Green to Nissanka, 6 runs",,"A full delivery on off stump with no movement, expertly flicked by Pathum Nissanka. He times it perfectly, sending the ball soaring over deep backward square leg for a magnificent six.",d180378e-a7e7-40e7-a5ef-fedf0f95fbd1,237315,"Delhi Capitals v Kolkata Knight Riders at Delhi, Tata Indian Premier League, 8 May 2026",8903,Tata Indian Premier League,2026,"Arun Jaitley Stadium (Feroz Shah Kotla), Delhi",List A Twenty20,2026-05-08,34256.0,PNS Silva,right,65397.0,CD Green,right,1873.0,Kolkata Knight Riders,right pace,1.0,pace,2026-05-08 14:32:25,,,,,,,,106649672.0,14.0,100.0,168.0,2.0,6.0,6.0,False,False,True,False,,,,full,off stump,no movement,flick,,,deep backward square leg,,,,,keyword,6,,False,False,False,False,False,False,False,True,False,
1,1396,Delhi Capitals,DC,5,8,CD Green,12,0,1,74/2,12.00,7.03,7.3,1,1,"Green to Nissanka, 1 run",,"Green bowls an off cutter drifting outside off, and Nissanka carves a crisp cut through point, keeping it grounded and picking up a quick single.",d180378e-a7e7-40e7-a5ef-fedf0f95fbd1,237315,"Delhi Capitals v Kolkata Knight Riders at Delhi, Tata Indian Premier League, 8 May 2026",8903,Tata Indian Premier League,2026,"Arun Jaitley Stadium (Feroz Shah Kotla), Delhi",List A Twenty20,2026-05-08,34256.0,PNS Silva,right,65397.0,CD Green,right,1873.0,Kolkata Knight Riders,right pace,1.0,pace,2026-05-08 14:33:07,,,,,,,,106649679.0,187.0,90.0,156.0,6.0,1.0,1.0,False,False,True,False,,,,,outside off,,cut,,,point,,,,,keyword,1,,False,False,False,False,False,False,False,False,False,
1,1396,Delhi Capitals,DC,5,8,CD Green,12,0,1,74/2,12.00,7.04,7.4,4,4,"Green to Rana, 4 runs",,"Nitish Rana responds with a length ball wide outside off, driving it past backward point. The connection was a bit mis-timed and uncontrolled, but it still races away to the boundary for four.",d180378e-a7e7-40e7-a5ef-fedf0f95fbd1,237315,"Delhi Capitals v Kolkata Knight Riders at Delhi, Tata Indian Premier League, 8 May 2026",8903,Tata Indian Premier League,2026,"Arun Jaitley Stadium (Feroz Shah Kotla), Delhi",List A Twenty20,2026-05-08,23460.0,N Rana,left,65397.0,CD Green,right,1873.0,Kolkata Knight Riders,right pace,1.0,pace,2026-05-08 14:33:45,,,,,,,,106649692.0,29.0,100.0,165.0,2.0,4.0,4.0,False,False,True,False,,,,length ball,wide outside off,,drive,,uncontrolled,backward point,,,,,keyword,4,,False,False,False,False,False,False,True,False,False,
1,1396,Delhi Capitals,DC,5,8,CD Green,12,0,1,74/2,12.00,7.05,7.5,0,0,"Green to Rana, no run",,"A back of a length delivery outside off, no movement on offer. Nitish Rana pushes it carefully, managing a sharp splice along the ground for no run.",d180378e-a7e7-40e7-a5ef-fedf0f95fbd1,237315,"Delhi Capitals v Kolkata Knight Riders at Delhi, Tata Indian Premier League, 8 May 2026",8903,Tata Indian Premier League,2026,"Arun Jaitley Stadium (Feroz Shah Kotla), Delhi",List A Twenty20,2026-05-08,,,,,,,,,,,,,,,,,,,,,,,,,,,False,False,False,False,,,,back of a length,outside off,no movement,push,along the ground,,,,,,,keyword,0,,False,False,False,False,False,False,False,False,True,
1,1396,Delhi Capitals,DC,5,8,CD Green,12,0,1,74/2,12.00,7.06,7.6,0,W,"Green to Rana, out!",,"An off cutter back of a length outside off stump, Rana attempts a pull but gets a top edge and is caught at short fine leg. Nitish Rana departs for 8 off 10 balls, swinging momentum as Kolkata Knight Riders' win probability rises from 40% to 46%.",d180378e-a7e7-40e7-a5ef-fedf0f95fbd1,237315,"Delhi Capitals v Kolkata Knight Riders at Delhi, Tata Indian Premier League, 8 May 2026",8903,Tata Indian Premier League,2026,"Arun Jaitley Stadium (Feroz Shah Kotla), Delhi",List A Twenty20,2026-05-08,,,,,,,,,,,,,,,,,,,,,,,,,,,False,False,False,True,,,,back of a length,outside off,,pull,,,short fine leg,,caught,,,keyword,0,,True,False,False,False,False,False,False,False,False,commentary
1,1396,Delhi Capitals,DC,5,9,V Chakaravarthy,3,0,0,77/2,3.00,8.01,8.1,1,1,"Chakravarthy to Nissanka, 1 run",Sameer Rizvi enters the field at the non-striker's end. Varun Chakravarthy continues their spell,"Pathum Nissanka works this back-of-a-length googly on off stump carefully, steering it just past the deep mid-wicket fielder for a single.",d180378e-a7e7-40e7-a5ef-fedf0f95fbd1,237315,"Delhi Capitals v Kolkata Knight Riders at Delhi, Tata Indian Premier League, 8 May 2026",8903,Tata Indian Premier League,2026,"Arun Jaitley Stadium (Feroz Shah Kotla), Delhi",List A Twenty20,2026-05-08,34256.0,PNS Silva,right,68649.0,V Chakaravarthy,right,1873.0,Kolkata Knight Riders,leg break,4.0,spin,2026-05-08 14:36:52,,,,,,,,106649735.0,312.0,80.0,137.0,4.0,1.0,1.0,False,False,True,False,,,,full,off stump,,steer,,,,,,,,keyword,1,,False,False,False,False,False,False,False,False,False,
1,1396,Delhi Capitals,DC,5,9,V Chakaravarthy,3,0,0,77/2,3.00,8.02,8.2,0,0,"Chakravarthy to Rizvi, no run",,"Varun Chakravarthy bowls a googly pitched outside off, and Sameer Rizvi pushes it firmly into his body, keeping it on the ground for no run.",d180378e-a7e7-40e7-a5ef-fedf0f95fbd1,237315,"Delhi Capitals v Kolkata Knight Riders at Delhi, Tata Indian Premier League, 8 May 2026",8903,Tata Indian Premier League,2026,"Arun Jaitley Stadium (Feroz Shah Kotla), Delhi",List A Twenty20,2026-05-08,,,,,,,,,,,,,,,,,,,,,,,,,,,False,False,False,False,,,,,outside off,,push,,,,,,,,keyword,0,,False,False,False,False,False,False,False,False,True,
1,1396,Delhi Capitals,DC,5,9,V Chakaravarthy,3,0,0,77/2,3.00,8.03,8.3,0,0,"Chakravarthy to Rizvi, no run",,"Varun Chakravarthy bowls a googly, pitching just outside off stump. Sameer Rizvi pushes it back firmly but the ball strikes his body and is quickly fielded at backward point. No run comes off this carefully played delivery.",d180378e-a7e7-40e7-a5ef-fedf0f95fbd1,237315,"Delhi Capitals v Kolkata Knight Riders at Delhi, Tata Indian Premier League, 8 May 2026",8903,Tata Indian Premier League,2026,"Arun Jaitley Stadium (Feroz Shah Kotla), Delhi",List A Twenty20,2026-05-08,,,,,,,,,,,,,,,,,,,,,,,,,,,False,False,False,False,,,,full,outside off,,push,,,backward point,,,,,keyword,0,,False,False,False,False,False,False,False,False,True,
1,1396,Delhi Capitals,DC,5,9,V Chakaravarthy,3,0,0,77/2,3.00,8.04,8.4,1,1,"Chakravarthy to Rizvi, 1 run",,"The googly pitched at length on middle and off stump, but Sameer Rizvi works the ball softly with bat-pad to take a single. Sameer Rizvi gets off the mark.",d180378e-a7e7-40e7-a5ef-fedf0f95fbd1,237315,"Delhi Capitals v Kolkata Knight Riders at Delhi, Tata Indian Premier League, 8 May 2026",8903,Tata Indian Premier League,2026,"Arun Jaitley Stadium (Feroz Shah Kotla), Delhi",List A Twenty20,2026-05-08,71449.0,SH Rizvi,right,68649.0,V Chakaravarthy,right,1873.0,Kolkata Knight Riders,leg break,4.0,spin,2026-05-08 14:38:21,,,,,,,,106649754.0,230.0,15.0,26.0,5.0,1.0,1.0,False,False,True,False,,,,,middle and off,,work,,,,,,,,keyword,1,,False,False,False,False,False,False,False,False,False,
1,1396,Delhi Capitals,DC,5,9,V Chakaravarthy,3,0,0,77/2,3.00,8.05,8.5,1,1,"Chakravarthy to Nissanka, 1 run",,"Varun Chakravarthy’s googly outside off is worked expertly from the back of a length by Pathum Nissanka, steering it low and controlled to deep square leg for a neat single.",d180378e-a7e7-40e7-a5ef-fedf0f95fbd1,237315,"Delhi Capitals v Kolkata Knight Riders at Delhi, Tata Indian Premier League, 8 May 2026",8903,Tata Indian Premier League,2026,"Arun Jaitley Stadium (Feroz Shah Kotla), Delhi",List A Twenty20,2026-05-08,34256.0,PNS Silva,right,68649.0,V Chakaravarthy,right,1873.0,Kolkata Knight Riders,leg break,4.0,spin,2026-05-08 14:39:09,,,,,,,,106649758.0,359.0,90.0,155.0,3.0,1.0,1.0,False,False,True,False,,,,back of a length,outside off,,work,,controlled,deep square leg,,,,,keyword,1,,False,False,False,False,False,False,False,False,False,
1,1396,Delhi Capitals,DC,5,9,V Chakaravarthy,3,0,0,77/2,3.00,8.06,8.6,0,0,"Chakravarthy to Rizvi, no run",,"Outside off, the back of a length ball is met with a well-timed steer from the batter, spliced but kept down, and safely fielded at first slip for no run.",d180378e-a7e7-40e7-a5ef-fedf0f95fbd1,237315,"Delhi Capitals v Kolkata Knight Riders at Delhi, Tata Indian Premier League, 8 May 2026",8903,Tata Indian Premier League,2026,"Arun Jaitley Stadium (Feroz Shah Kotla), Delhi",List A Twenty20,2026-05-08,,,,,,,,,,,,,,,,,,,,,,,,,,,False,False,False,False,,,,back of a length,outside off,,steer,,,first slip,,,,,keyword,0,,False,False,False,False,False,False,False,False,True,
1,1396,Delhi Capitals,DC,5,10,SP Narine,3,0,1,80/3,3.00,9.01,9.1,0,0,"Narine to Nissanka, no run",Sunil Narine takes the ball for their 2nd spell,"Narine bowls a carrom ball just outside off, landing back of a length. Nissanka steers it carefully along the ground but finds no gaps; well fielded at gully for a dot ball.",d180378e-a7e7-40e7-a5ef-fedf0f95fbd1,237315,"Delhi Capitals v Kolkata Knight Riders at Delhi, Tata Indian Premier League, 8 May 2026",8903,Tata Indian Premier League,2026,"Arun Jaitley Stadium (Feroz Shah Kotla), Delhi",List A Twenty20,2026-05-08,,,,,,,,,,,,,,,,,,,,,,,,,,,False,False,False,False,,,,back of a length,outside off,,steer,along the ground,,gully,,,,,keyword,0,,False,False,False,False,False,False,False,False,True,
1,1396,Delhi Capitals,DC,5,10,SP Narine,3,0,1,80/3,3.00,9.02,9.2,1,1,"Narine to Nissanka, 1 run",,"Narine bowls an off break pitching outside off, and Nissanka goes for a sweep but mistimes it, edging just enough to sneak a quick single.",d180378e-a7e7-40e7-a5ef-fedf0f95fbd1,237315,"Delhi Capitals v Kolkata Knight Riders at Delhi, Tata Indian Premier League, 8 May 2026",8903,Tata Indian Premier League,2026,"Arun Jaitley Stadium (Feroz Shah Kotla), Delhi",List A Twenty20,2026-05-08,34256.0,PNS Silva,right,11658.0,SP Narine,right,1873.0,Kolkata Knight Riders,off break,3.0,spin,2026-05-08 14:43:18,,,,,,,,106649806.0,7.0,70.0,121.0,2.0,1.0,1.0,False,False,True,False,,,,,outside off,,sweep,,,,,,,,keyword,1,,False,False,False,False,False,False,False,False,False,
1,1396,Delhi Capitals,DC,5,10,SP Narine,3,0,1,80/3,3.00,9.03,9.3,0,0,"Narine to Rizvi, no run",,"Sameer Rizvi pushes at a length ball on off stump, but only manages to nick it outside the edge towards backward point where it's fielded swiftly. No run from that delivery.",d180378e-a7e7-40e7-a5ef-fedf0f95fbd1,237315,"Delhi Capitals v Kolkata Knight Riders at Delhi, Tata Indian Premier League, 8 May 2026",8903,Tata Indian Premier League,2026,"Arun Jaitley Stadium (Feroz Shah Kotla), Delhi",List A Twenty20,2026-05-08,,,,,,,,,,,,,,,,,,,,,,,,,,,False,False,False,False,,,,length ball,off stump,,push,,,backward point,,,,,keyword,0,,False,False,False,False,False,False,False,False,True,
1,1396,Delhi Capitals,DC,5,10,SP Narine,3,0,1,80/3,3.00,9.04,9.4,2,2,"Narine to Rizvi, 2 runs",,"Sunil Narine tosses up a carrom ball outside off, but Sameer Rizvi digs in and pulls it off the back of a length for a quick two towards deep mid-wicket, with a sharp stop from Cameron Green.",d180378e-a7e7-40e7-a5ef-fedf0f95fbd1,237315,"Delhi Capitals v Kolkata Knight Riders at Delhi, Tata Indian Premier League, 8 May 2026",8903,Tata Indian Premier League,2026,"Arun Jaitley Stadium (Feroz Shah Kotla), Delhi",List A Twenty20,2026-05-08,71449.0,SH Rizvi,right,11658.0,SP Narine,right,1873.0,Kolkata Knight Riders,off break,3.0,spin,2026-05-08 14:44:14,,,,,,,,106649817.0,313.0,95.0,169.0,4.0,2.0,2.0,False,False,True,False,,,,back of a length,outside off,,pull,,,,,,,,keyword,2,,False,False,False,False,False,False,False,False,False,
1,1396,Delhi Capitals,DC,5,10,SP Narine,3,0,1,80/3,3.00,9.05,9.5,0,W,"Narine to Rizvi, out!",,"An off break drifting outside off stump at length. Sameer Rizvi goes for a slog-sweep but mistimes it, offering a catch to deep mid-wicket where Rovman Powell takes it cleanly. The batter is caught and out without adding to his score on this delivery. Sameer Rizvi departs for 3 off 7. Big change in WinViz! Kolkata Knight Riders go from 51% to 57%.",d180378e-a7e7-40e7-a5ef-fedf0f95fbd1,237315,"Delhi Capitals v Kolkata Knight Riders at Delhi, Tata Indian Premier League, 8 May 2026",8903,Tata Indian Premier League,2026,"Arun Jaitley Stadium (Feroz Shah Kotla), Delhi",List A Twenty20,2026-05-08,,,,,,,,,,,,,,,,,,,,,,,,,,,False,False,False,True,,,,,outside off,,slog sweep,,,,,caught,,,keyword,0,,True,False,False,False,False,False,False,False,False,commentary
1,1396,Delhi Capitals,DC,5,10,SP Narine,3,0,1,80/3,3.00,9.06,9.6,0,0,"Narine to Stubbs, no run",Tristan Stubbs heads to the crease. ,"The off break drifts outside off-stump on a length ball, and Stubbs plays a solid defensive stroke, keeping it tight for no run.",d180378e-a7e7-40e7-a5ef-fedf0f95fbd1,237315,"Delhi Capitals v Kolkata Knight Riders at Delhi, Tata Indian Premier League, 8 May 2026",8903,Tata Indian Premier League,2026,"Arun Jaitley Stadium (Feroz Shah Kotla), Delhi",List A Twenty20,2026-05-08,,,,,,,,,,,,,,,,,,,,,,,,,,,False,False,False,False,,,,length ball,outside off,,,,,,,,,,keyword,0,,False,False,False,False,False,False,False,False,True,
1,1396,Delhi Capitals,DC,5,11,AS Roy,9,2,2,89/5,7.00,10.01,10.1,4,4,"Roy to Nissanka, 4 runs",Anukul Roy takes the ball for their 2nd spell,"Anukul Roy bowls a stock ball, wide outside off and back of a length. Pathum Nissanka drives through extra cover crisply and well timed, racing to the boundary. Nissanka marks his half-century in just 29 deliveries with a strike rate of 172.",d180378e-a7e7-40e7-a5ef-fedf0f95fbd1,237315,"Delhi Capitals v Kolkata Knight Riders at Delhi, Tata Indian Premier League, 8 May 2026",8903,Tata Indian Premier League,2026,"Arun Jaitley Stadium (Feroz Shah Kotla), Delhi",List A Twenty20,2026-05-08,34256.0,PNS Silva,right,65841.0,AS Roy,left,1873.0,Kolkata Knight Riders,left orthodox,5.0,spin,2026-05-08 14:47:07,,,,,,,,106649852.0,222.0,100.0,177.0,6.0,4.0,4.0,False,False,True,False,,,,back of a length,wide outside off,,drive,,well timed,extra cover,,,,,keyword,4,,False,False,False,False,False,False,True,False,False,
1,1396,Delhi Capitals,DC,5,11,AS Roy,9,2,2,89/5,7.00,10.02,10.1,1,"1,W","Roy to Nissanka, 1 run (wide) and out!",,"A wide stock ball drifting outside off at back of a length. Pathum Nissanka attempts a drive but misses, gifting an extra run. He is swiftly stumped by the wicketkeeper, dismissed after a fine innings. Pathum Nissanka departs for 50 from 29 balls. A major momentum shift with Kolkata Knight Riders' win probability rising from 56% to 62%.",d180378e-a7e7-40e7-a5ef-fedf0f95fbd1,237315,"Delhi Capitals v Kolkata Knight Riders at Delhi, Tata Indian Premier League, 8 May 2026",8903,Tata Indian Premier League,2026,"Arun Jaitley Stadium (Feroz Shah Kotla), Delhi",List A Twenty20,2026-05-08,,,,,,,,,,,,,,,,,,,,,,,,,,,False,False,False,False,,,,back of a length,outside off,,drive,,,,,stumped,,,keyword,1,,True,False,False,False,False,False,False,False,False,commentary
1,1396,Delhi Capitals,DC,5,11,AS Roy,9,2,2,89/5,7.00,10.03,10.1,1,1ʷᵈ,"Roy to Patel, 1 run (wide)",Axar Patel heads to the crease. ,"Anukul Roy bowls a back of a length stock ball down the leg side. Axar Patel tries to pull but misses entirely as the ball strays wide, and the batsmen pick up an extra run wide.",d180378e-a7e7-40e7-a5ef-fedf0f95fbd1,237315,"Delhi Capitals v Kolkata Knight Riders at Delhi, Tata Indian Premier League, 8 May 2026",8903,Tata Indian Premier League,2026,"Arun Jaitley Stadium (Feroz Shah Kotla), Delhi",List A Twenty20,2026-05-08,,,,,,,,,,,,,,,,,,,,,,,,,,,False,False,False,False,,,,back of a length,down the leg side,,pull,,,,,,,,keyword,1,wide,False,True,False,False,False,False,False,False,False,
1,1396,Delhi Capitals,DC,5,11,AS Roy,9,2,2,89/5,7.00,10.04,10.2,1,1,"Roy to Patel, 1 run",,Axar Patel works a back of a length stock ball on leg stump into the deep backward square leg for a comfortable single. Axar Patel gets off the mark.,d180378e-a7e7-40e7-a5ef-fedf0f95fbd1,237315,"Delhi Capitals v Kolkata Knight Riders at Delhi, Tata Indian Premier League, 8 May 2026",8903,Tata Indian Premier League,2026,"Arun Jaitley Stadium (Feroz Shah Kotla), Delhi",List A Twenty20,2026-05-08,17616.0,AR Patel,left,65841.0,AS Roy,left,1873.0,Kolkata Knight Riders,left orthodox,5.0,spin,2026-05-08 14:50:57,,,,,,,,106649900.0,165.0,75.0,130.0,7.0,1.0,1.0,False,False,True,False,,,,back of a length,leg stump,,work,,,deep backward square leg,,,,,keyword,1,,False,False,False,False,False,False,False,False,False,
1,1396,Delhi Capitals,DC,5,11,AS Roy,9,2,2,89/5,7.00,10.05,10.3,2,2,"Roy to Stubbs, 2 runs",,"Stubbs cuts a stock ball just outside off stump from a back of a length delivery, driving it crisply along the ground for a smart two. Tristan Stubbs gets off the mark with a well-timed boundary.",d180378e-a7e7-40e7-a5ef-fedf0f95fbd1,237315,"Delhi Capitals v Kolkata Knight Riders at Delhi, Tata Indian Premier League, 8 May 2026",8903,Tata Indian Premier League,2026,"Arun Jaitley Stadium (Feroz Shah Kotla), Delhi",List A Twenty20,2026-05-08,73364.0,T Stubbs,right,65841.0,AS Roy,left,1873.0,Kolkata Knight Riders,left orthodox,5.0,spin,2026-05-08 14:51:43,,,,,,,,106649913.0,205.0,85.0,152.0,6.0,2.0,2.0,False,False,True,False,,,,back of a length,outside off,,drive,along the ground,,,,,,,keyword,2,,False,False,False,False,False,False,False,False,False,
1,1396,Delhi Capitals,DC,5,11,AS Roy,9,2,2,89/5,7.00,10.06,10.4,0,0,"Roy to Stubbs, no run",,"The stock ball on a length, just on off stump, is met with a controlled push by the batter, finding the extra cover fielder for no run.",d180378e-a7e7-40e7-a5ef-fedf0f95fbd1,237315,"Delhi Capitals v Kolkata Knight Riders at Delhi, Tata Indian Premier League, 8 May 2026",8903,Tata Indian Premier League,2026,"Arun Jaitley Stadium (Feroz Shah Kotla), Delhi",List A Twenty20,2026-05-08,,,,,,,,,,,,,,,,,,,,,,,,,,,False,False,False,False,,,,,off stump,,push,,controlled,,,,,,keyword,0,,False,False,False,False,False,False,False,False,True,
1,1396,Delhi Capitals,DC,5,11,AS Roy,9,2,2,89/5,7.00,10.07,10.5,0,W,"Roy to Stubbs, out!",,"The stock ball, pitched at length on off stump, sees the batter attempt a push but completely misses. The ball sneaks through to rattle the stumps, sending Tristan Stubbs back to the pavilion. Stubbs gets out for 2 runs off 4 balls, shifting momentum as Kolkata Knight Riders’ win probability jumps from 62% to 70%.",d180378e-a7e7-40e7-a5ef-fedf0f95fbd1,237315,"Delhi Capitals v Kolkata Knight Riders at Delhi, Tata Indian Premier League, 8 May 2026",8903,Tata Indian Premier League,2026,"Arun Jaitley Stadium (Feroz Shah Kotla), Delhi",List A Twenty20,2026-05-08,,,,,,,,,,,,,,,,,,,,,,,,,,,False,False,False,False,,,,,off stump,,push,,,,,,,,keyword,0,,True,False,False,False,False,False,False,False,False,
1,1396,Delhi Capitals,DC,5,11,AS Roy,9,2,2,89/5,7.00,10.08,10.6,0,0,"Roy to Sharma, no run",Ashutosh Sharma heads to the crease. ,"Anukul Roy delivers a back of a length stock ball on off stump, and Ashutosh Sharma pushes it quietly to extra cover where it's fielded cleanly.",d180378e-a7e7-40e7-a5ef-fedf0f95fbd1,237315,"Delhi Capitals v Kolkata Knight Riders at Delhi, Tata Indian Premier League, 8 May 2026",8903,Tata Indian Premier League,2026,"Arun Jaitley Stadium (Feroz Shah Kotla), Delhi",List A Twenty20,2026-05-08,,,,,,,,,,,,,,,,,,,,,,,,,,,False,False,False,False,,,,back of a length,off stump,,push,,,extra cover,,,,,keyword,0,,False,False,False,False,False,False,False,False,True,
1,1396,Delhi Capitals,DC,5,12,SP Narine,1,0,0,90/5,1.00,11.01,11.1,0,0,"Narine to Patel, no run",Sunil Narine continues their spell,"An off break pitched just outside off stump on a length sees the batter attempt a defensive shot but misses completely, a tidy dot ball.",d180378e-a7e7-40e7-a5ef-fedf0f95fbd1,237315,"Delhi Capitals v Kolkata Knight Riders at Delhi, Tata Indian Premier League, 8 May 2026",8903,Tata Indian Premier League,2026,"Arun Jaitley Stadium (Feroz Shah Kotla), Delhi",List A Twenty20,2026-05-08,,,,,,,,,,,,,,,,,,,,,,,,,,,False,False,False,False,,,,,outside off,,,,,,,,,,keyword,0,,False,False,False,False,False,False,False,False,True,
1,1396,Delhi Capitals,DC,5,12,SP Narine,1,0,0,90/5,1.00,11.02,11.2,0,0,"Narine to Patel, no run",,"Narine delivers a carrom ball outside off, back of a length, met with a solid defensive block by Patel, keeping the scoreboard quiet.",d180378e-a7e7-40e7-a5ef-fedf0f95fbd1,237315,"Delhi Capitals v Kolkata Knight Riders at Delhi, Tata Indian Premier League, 8 May 2026",8903,Tata Indian Premier League,2026,"Arun Jaitley Stadium (Feroz Shah Kotla), Delhi",List A Twenty20,2026-05-08,,,,,,,,,,,,,,,,,,,,,,,,,,,False,False,False,False,,,,back of a length,outside off,,block,,,,,,,,keyword,0,,False,False,False,False,False,False,False,False,True,
1,1396,Delhi Capitals,DC,5,12,SP Narine,1,0,0,90/5,1.00,11.03,11.3,0,0,"Narine to Patel, no run",,"Off break pitched back of a length just outside off, the batter attempts a defensive stroke but misses cleanly, resulting in a dot ball.",d180378e-a7e7-40e7-a5ef-fedf0f95fbd1,237315,"Delhi Capitals v Kolkata Knight Riders at Delhi, Tata Indian Premier League, 8 May 2026",8903,Tata Indian Premier League,2026,"Arun Jaitley Stadium (Feroz Shah Kotla), Delhi",List A Twenty20,2026-05-08,,,,,,,,,,,,,,,,,,,,,,,,,,,False,False,False,False,,,,back of a length,outside off,,,,,,,,,,keyword,0,,False,False,False,False,False,False,False,False,True,
1,1396,Delhi Capitals,DC,5,12,SP Narine,1,0,0,90/5,1.00,11.04,11.4,0,0,"Narine to Patel, no run",,"An off break on a back of a length on off stump, neatly defended by Patel, leaving no room for runs.",d180378e-a7e7-40e7-a5ef-fedf0f95fbd1,237315,"Delhi Capitals v Kolkata Knight Riders at Delhi, Tata Indian Premier League, 8 May 2026",8903,Tata Indian Premier League,2026,"Arun Jaitley Stadium (Feroz Shah Kotla), Delhi",List A Twenty20,2026-05-08,,,,,,,,,,,,,,,,,,,,,,,,,,,False,False,False,False,,,,back of a length,off stump,,,,,,,,,,keyword,0,,False,False,False,False,False,False,False,False,True,
1,1396,Delhi Capitals,DC,5,12,SP Narine,1,0,0,90/5,1.00,11.05,11.5,1,1,"Narine to Patel, 1 run",,"On a back of a length off break outside off, Axar Patel works the ball quietly to the deep backward square leg for a single.",d180378e-a7e7-40e7-a5ef-fedf0f95fbd1,237315,"Delhi Capitals v Kolkata Knight Riders at Delhi, Tata Indian Premier League, 8 May 2026",8903,Tata Indian Premier League,2026,"Arun Jaitley Stadium (Feroz Shah Kotla), Delhi",List A Twenty20,2026-05-08,17616.0,AR Patel,left,11658.0,SP Narine,right,1873.0,Kolkata Knight Riders,off break,3.0,spin,2026-05-08 14:57:02,,,,,,,,106649980.0,160.0,75.0,127.0,7.0,1.0,1.0,False,False,True,False,,,,back of a length,outside off,,work,,,deep backward square leg,,,,,keyword,1,,False,False,False,False,False,False,False,False,False,
1,1396,Delhi Capitals,DC,5,12,SP Narine,1,0,0,90/5,1.00,11.06,11.6,0,0,"Narine to Sharma, no run",,"Ashutosh Sharma stays solid, defending a back of a length ball on off stump with a controlled, grounded stroke for no run.",d180378e-a7e7-40e7-a5ef-fedf0f95fbd1,237315,"Delhi Capitals v Kolkata Knight Riders at Delhi, Tata Indian Premier League, 8 May 2026",8903,Tata Indian Premier League,2026,"Arun Jaitley Stadium (Feroz Shah Kotla), Delhi",List A Twenty20,2026-05-08,,,,,,,,,,,,,,,,,,,,,,,,,,,False,False,False,False,,,,back of a length,off stump,,,,controlled,,,,,,keyword,0,,False,False,False,False,False,False,False,False,True,
1,1396,Delhi Capitals,DC,5,13,AS Roy,4,0,0,94/5,4.00,12.01,12.1,1,1,"Roy to Patel, 1 run",Anukul Roy continues their spell,"On the length and angling in on leg stump, the stock ball is worked neatly by the batter who keeps it grounded, picking up a comfortable single.",d180378e-a7e7-40e7-a5ef-fedf0f95fbd1,237315,"Delhi Capitals v Kolkata Knight Riders at Delhi, Tata Indian Premier League, 8 May 2026",8903,Tata Indian Premier League,2026,"Arun Jaitley Stadium (Feroz Shah Kotla), Delhi",List A Twenty20,2026-05-08,17616.0,AR Patel,left,65841.0,AS Roy,left,1873.0,Kolkata Knight Riders,left orthodox,5.0,spin,2026-05-08 14:58:42,,,,,,,,106649991.0,196.0,85.0,146.0,6.0,1.0,1.0,False,False,True,False,,,,,leg stump,,work,,,,,,,,keyword,1,,False,False,False,False,False,False,False,False,False,
1,1396,Delhi Capitals,DC,5,13,AS Roy,4,0,0,94/5,4.00,12.02,12.2,0,0,"Roy to Sharma, no run",,"A length ball on the leg side from the stock delivery line, deftly glanced off the body by the batter for no run, with the keeper quick to gather. Kolkata Knight Riders lose their review on that close call.",d180378e-a7e7-40e7-a5ef-fedf0f95fbd1,237315,"Delhi Capitals v Kolkata Knight Riders at Delhi, Tata Indian Premier League, 8 May 2026",8903,Tata Indian Premier League,2026,"Arun Jaitley Stadium (Feroz Shah Kotla), Delhi",List A Twenty20,2026-05-08,,,,,,,,,,,,,,,,,,,,,,,,,,,False,False,False,False,,,,length ball,,,glance,,,,,,,,keyword,0,,False,False,False,False,False,False,False,False,True,
1,1396,Delhi Capitals,DC,5,13,AS Roy,4,0,0,94/5,4.00,12.03,12.3,0,0,"Roy to Sharma, no run",,"The stock ball on a length, straight at middle stump, sees Ashutosh Sharma pushing it calmly into extra cover where it is neatly fielded by Ajinkya Rahane. No run comes from this tidy delivery.",d180378e-a7e7-40e7-a5ef-fedf0f95fbd1,237315,"Delhi Capitals v Kolkata Knight Riders at Delhi, Tata Indian Premier League, 8 May 2026",8903,Tata Indian Premier League,2026,"Arun Jaitley Stadium (Feroz Shah Kotla), Delhi",List A Twenty20,2026-05-08,,,,,,,,,,,,,,,,,,,,,,,,,,,False,False,False,False,,,,,middle stump,,push,,,extra cover,Ajinkya Rahane,,,,keyword,0,,False,False,False,False,False,False,False,False,True,
1,1396,Delhi Capitals,DC,5,13,AS Roy,4,0,0,94/5,4.00,12.04,12.4,1,1,"Roy to Sharma, 1 run",,"Off a back of a length stock ball on off stump, Ashutosh Sharma pushes it gently and eases through for a comfortable single. Ashutosh Sharma gets off the mark.",d180378e-a7e7-40e7-a5ef-fedf0f95fbd1,237315,"Delhi Capitals v Kolkata Knight Riders at Delhi, Tata Indian Premier League, 8 May 2026",8903,Tata Indian Premier League,2026,"Arun Jaitley Stadium (Feroz Shah Kotla), Delhi",List A Twenty20,2026-05-08,67627.0,AR Sharma,right,65841.0,AS Roy,left,1873.0,Kolkata Knight Riders,left orthodox,5.0,spin,2026-05-08 15:01:09,,,,,,,,106650005.0,250.0,85.0,152.0,5.0,1.0,1.0,False,False,True,False,,,,back of a length,off stump,,push,,,,,,,,keyword,1,,False,False,False,False,False,False,False,False,False,
1,1396,Delhi Capitals,DC,5,13,AS Roy,4,0,0,94/5,4.00,12.05,12.5,1,1,"Roy to Patel, 1 run",,"Anukul Roy sends down a short stock ball outside off, and Axar Patel cuts it crisply along the off side for a neat single.",d180378e-a7e7-40e7-a5ef-fedf0f95fbd1,237315,"Delhi Capitals v Kolkata Knight Riders at Delhi, Tata Indian Premier League, 8 May 2026",8903,Tata Indian Premier League,2026,"Arun Jaitley Stadium (Feroz Shah Kotla), Delhi",List A Twenty20,2026-05-08,17616.0,AR Patel,left,65841.0,AS Roy,left,1873.0,Kolkata Knight Riders,left orthodox,5.0,spin,2026-05-08 15:01:38,,,,,,,,106650009.0,358.0,95.0,158.0,3.0,1.0,1.0,False,False,True,False,,,,short,outside off,,cut,,,,,,,,keyword,1,,False,False,False,False,False,False,False,False,False,
1,1396,Delhi Capitals,DC,5,13,AS Roy,4,0,0,94/5,4.00,12.06,12.6,1,1,"Roy to Sharma, 1 run",,"Ashutosh Sharma leans into a controlled drive, guiding the ball along the ground towards long off for a single.",d180378e-a7e7-40e7-a5ef-fedf0f95fbd1,237315,"Delhi Capitals v Kolkata Knight Riders at Delhi, Tata Indian Premier League, 8 May 2026",8903,Tata Indian Premier League,2026,"Arun Jaitley Stadium (Feroz Shah Kotla), Delhi",List A Twenty20,2026-05-08,67627.0,AR Sharma,right,65841.0,AS Roy,left,1873.0,Kolkata Knight Riders,left orthodox,5.0,spin,2026-05-08 15:02:05,,,,,,,,106650011.0,255.0,90.0,161.0,5.0,1.0,1.0,False,False,True,False,,,,,,,drive,along the ground,controlled,long off,,,,,keyword,1,,False,False,False,False,False,False,False,False,False,
1,1396,Delhi Capitals,DC,5,14,V Chakaravarthy,2,0,0,96/5,2.00,13.01,13.1,0,0,"Chakravarthy to Sharma, no run",Varun Chakravarthy takes the ball for their 2nd spell,"Varun Chakravarthy sends down a length googly outside off stump, and Ashutosh Sharma works it neatly along the ground towards mid wicket. The fielders are alert, and Sunil Narine collects the ball safely for no run.",d180378e-a7e7-40e7-a5ef-fedf0f95fbd1,237315,"Delhi Capitals v Kolkata Knight Riders at Delhi, Tata Indian Premier League, 8 May 2026",8903,Tata Indian Premier League,2026,"Arun Jaitley Stadium (Feroz Shah Kotla), Delhi",List A Twenty20,2026-05-08,,,,,,,,,,,,,,,,,,,,,,,,,,,False,False,False,False,,,,,outside off,,work,along the ground,,mid wicket,,,,,keyword,0,,False,False,False,False,False,False,False,False,True,
1,1396,Delhi Capitals,DC,5,14,V Chakaravarthy,2,0,0,96/5,2.00,13.02,13.2,1,1,"Chakravarthy to Sharma, 1 run",,"Ashutosh Sharma works this googly from outside off, just back of a length, nudging it along the ground for a single.",d180378e-a7e7-40e7-a5ef-fedf0f95fbd1,237315,"Delhi Capitals v Kolkata Knight Riders at Delhi, Tata Indian Premier League, 8 May 2026",8903,Tata Indian Premier League,2026,"Arun Jaitley Stadium (Feroz Shah Kotla), Delhi",List A Twenty20,2026-05-08,67627.0,AR Sharma,right,68649.0,V Chakaravarthy,right,1873.0,Kolkata Knight Riders,leg break,4.0,spin,2026-05-08 15:03:36,,,,,,,,106650016.0,284.0,85.0,154.0,4.0,1.0,1.0,False,False,True,False,,,,back of a length,outside off,,work,along the ground,,,,,,,keyword,1,,False,False,False,False,False,False,False,False,False,
1,1396,Delhi Capitals,DC,5,14,V Chakaravarthy,2,0,0,96/5,2.00,13.03,13.3,0,0,"Chakravarthy to Patel, no run",,"The leg spinner delivers a length ball just on off stump, and Axar Patel blocks it firmly without offering a run.",d180378e-a7e7-40e7-a5ef-fedf0f95fbd1,237315,"Delhi Capitals v Kolkata Knight Riders at Delhi, Tata Indian Premier League, 8 May 2026",8903,Tata Indian Premier League,2026,"Arun Jaitley Stadium (Feroz Shah Kotla), Delhi",List A Twenty20,2026-05-08,,,,,,,,,,,,,,,,,,,,,,,,,,,False,False,False,False,,,,length ball,off stump,,block,,,,,,,,keyword,0,,False,False,False,False,False,False,False,False,True,
1,1396,Delhi Capitals,DC,5,14,V Chakaravarthy,2,0,0,96/5,2.00,13.04,13.4,0,0,"Chakravarthy to Patel, no run",,"Varun Chakravarthy floats a leg spinner just outside off on a back of a length; Axar Patel tries to steer but mistimes it, and Manish Pandey at first slip saves a crucial run.",d180378e-a7e7-40e7-a5ef-fedf0f95fbd1,237315,"Delhi Capitals v Kolkata Knight Riders at Delhi, Tata Indian Premier League, 8 May 2026",8903,Tata Indian Premier League,2026,"Arun Jaitley Stadium (Feroz Shah Kotla), Delhi",List A Twenty20,2026-05-08,,,,,,,,,,,,,,,,,,,,,,,,,,,False,False,False,False,,,,back of a length,outside off,,steer,,,first slip,,,,,keyword,0,,False,False,False,False,False,False,False,False,True,
1,1396,Delhi Capitals,DC,5,14,V Chakaravarthy,2,0,0,96/5,2.00,13.05,13.5,0,0,"Chakravarthy to Patel, no run",,"Varun Chakravarthy floats a leg spinner just outside off on a back of a length. Axar Patel pushes it tentatively, but mis-times the shot, resulting in no run.",d180378e-a7e7-40e7-a5ef-fedf0f95fbd1,237315,"Delhi Capitals v Kolkata Knight Riders at Delhi, Tata Indian Premier League, 8 May 2026",8903,Tata Indian Premier League,2026,"Arun Jaitley Stadium (Feroz Shah Kotla), Delhi",List A Twenty20,2026-05-08,,,,,,,,,,,,,,,,,,,,,,,,,,,False,False,False,False,,,,back of a length,outside off,,push,,,,,,,,keyword,0,,False,False,False,False,False,False,False,False,True,
1,1396,Delhi Capitals,DC,5,14,V Chakaravarthy,2,0,0,96/5,2.00,13.06,13.6,1,1,"Chakravarthy to Patel, 1 run",,"Varun Chakravarthy bowls a quicker length ball outside off, and Axar Patel goes for a drive but it’s mis-timed, racing away for a single to long off where Cameron Green quickly fields it.",d180378e-a7e7-40e7-a5ef-fedf0f95fbd1,237315,"Delhi Capitals v Kolkata Knight Riders at Delhi, Tata Indian Premier League, 8 May 2026",8903,Tata Indian Premier League,2026,"Arun Jaitley Stadium (Feroz Shah Kotla), Delhi",List A Twenty20,2026-05-08,17616.0,AR Patel,left,68649.0,V Chakaravarthy,right,1873.0,Kolkata Knight Riders,leg break,4.0,spin,2026-05-08 15:05:48,,,,,,,,106650031.0,288.0,90.0,163.0,4.0,1.0,1.0,False,False,True,False,,,,length ball,outside off,,drive,,,long off,,,,,keyword,1,,False,False,False,False,False,False,False,False,False,
1,1396,Delhi Capitals,DC,5,15,K Tyagi,2,0,0,98/5,2.00,14.01,14.1,0,0,"Tyagi to Patel, no run",Kartik Tyagi takes the ball for their 2nd spell,"Length ball on middle stump, the batter carefully steers it down to backward point where it's fielded cleanly. No run comes off this delivery.",d180378e-a7e7-40e7-a5ef-fedf0f95fbd1,237315,"Delhi Capitals v Kolkata Knight Riders at Delhi, Tata Indian Premier League, 8 May 2026",8903,Tata Indian Premier League,2026,"Arun Jaitley Stadium (Feroz Shah Kotla), Delhi",List A Twenty20,2026-05-08,,,,,,,,,,,,,,,,,,,,,,,,,,,False,False,False,False,,,,length ball,middle stump,,steer,,,backward point,,,,,keyword,0,,False,False,False,False,False,False,False,False,True,
1,1396,Delhi Capitals,DC,5,15,K Tyagi,2,0,0,98/5,2.00,14.02,14.2,0,0,"Tyagi to Patel, no run",,Axar Patel attempts a cut shot off a back of a length ball on middle stump from Kartik Tyagi but misses it as the keeper collects comfortably.,d180378e-a7e7-40e7-a5ef-fedf0f95fbd1,237315,"Delhi Capitals v Kolkata Knight Riders at Delhi, Tata Indian Premier League, 8 May 2026",8903,Tata Indian Premier League,2026,"Arun Jaitley Stadium (Feroz Shah Kotla), Delhi",List A Twenty20,2026-05-08,,,,,,,,,,,,,,,,,,,,,,,,,,,False,False,False,False,,,,back of a length,middle stump,,cut,,,,,,,,keyword,0,,False,False,False,False,False,False,False,False,True,
1,1396,Delhi Capitals,DC,5,15,K Tyagi,2,0,0,98/5,2.00,14.03,14.3,1,1,"Tyagi to Patel, 1 run",,"Length ball on leg stump, Axar Patel works it with bat-pad connection to pick up a quick single.",d180378e-a7e7-40e7-a5ef-fedf0f95fbd1,237315,"Delhi Capitals v Kolkata Knight Riders at Delhi, Tata Indian Premier League, 8 May 2026",8903,Tata Indian Premier League,2026,"Arun Jaitley Stadium (Feroz Shah Kotla), Delhi",List A Twenty20,2026-05-08,17616.0,AR Patel,left,66831.0,K Tyagi,right,1873.0,Kolkata Knight Riders,right pace,1.0,pace,2026-05-08 15:10:31,,,,,,,,106650050.0,323.0,30.0,49.0,3.0,1.0,1.0,False,False,True,False,,,,length ball,leg stump,,work,,,,,,,,keyword,1,,False,False,False,False,False,False,False,False,False,
1,1396,Delhi Capitals,DC,5,15,K Tyagi,2,0,0,98/5,2.00,14.04,14.4,0,0,"Tyagi to Sharma, no run",,"Kartik Tyagi bowls a back of a length delivery wide outside off, and Ashutosh Sharma attempts a cut but misses completely. It's a dot ball.",d180378e-a7e7-40e7-a5ef-fedf0f95fbd1,237315,"Delhi Capitals v Kolkata Knight Riders at Delhi, Tata Indian Premier League, 8 May 2026",8903,Tata Indian Premier League,2026,"Arun Jaitley Stadium (Feroz Shah Kotla), Delhi",List A Twenty20,2026-05-08,,,,,,,,,,,,,,,,,,,,,,,,,,,False,False,False,False,,,,back of a length,wide outside off,,cut,,,,,,,,keyword,0,,False,False,False,False,False,False,False,False,True,
1,1396,Delhi Capitals,DC,5,15,K Tyagi,2,0,0,98/5,2.00,14.05,14.5,1,1,"Tyagi to Sharma, 1 run",,"Kartik Tyagi bowls a full-length delivery outside off, Ashutosh Sharma drives it firmly along the ground, picking up a comfortable single.",d180378e-a7e7-40e7-a5ef-fedf0f95fbd1,237315,"Delhi Capitals v Kolkata Knight Riders at Delhi, Tata Indian Premier League, 8 May 2026",8903,Tata Indian Premier League,2026,"Arun Jaitley Stadium (Feroz Shah Kotla), Delhi",List A Twenty20,2026-05-08,67627.0,AR Sharma,right,66831.0,K Tyagi,right,1873.0,Kolkata Knight Riders,right pace,1.0,pace,2026-05-08 15:12:15,,,,,,,,106650057.0,283.0,85.0,154.0,4.0,1.0,1.0,False,False,True,False,,,,full,outside off,,drive,along the ground,,,,,,,keyword,1,,False,False,False,False,False,False,False,False,False,
1,1396,Delhi Capitals,DC,5,15,K Tyagi,2,0,0,98/5,2.00,14.06,14.6,0,0,"Tyagi to Patel, no run",,"Kartik Tyagi bowls a back of a length delivery on leg stump, and Axar Patel gently steers it towards backward point for no run.",d180378e-a7e7-40e7-a5ef-fedf0f95fbd1,237315,"Delhi Capitals v Kolkata Knight Riders at Delhi, Tata Indian Premier League, 8 May 2026",8903,Tata Indian Premier League,2026,"Arun Jaitley Stadium (Feroz Shah Kotla), Delhi",List A Twenty20,2026-05-08,,,,,,,,,,,,,,,,,,,,,,,,,,,False,False,False,False,,,,back of a length,leg stump,,steer,,,backward point,,,,,keyword,0,,False,False,False,False,False,False,False,False,True,
1,1396,Delhi Capitals,DC,5,16,SP Narine,2,0,0,100/5,2.00,15.01,15.1,0,0,"Narine to Sharma, no run",Sunil Narine takes the ball for their 3rd spell,"A quicker ball on the back of a length outside off stump, pushed neatly by the batter towards extra cover. Well fielded by the bowler's side to keep it tight — no run comes off this delivery.",d180378e-a7e7-40e7-a5ef-fedf0f95fbd1,237315,"Delhi Capitals v Kolkata Knight Riders at Delhi, Tata Indian Premier League, 8 May 2026",8903,Tata Indian Premier League,2026,"Arun Jaitley Stadium (Feroz Shah Kotla), Delhi",List A Twenty20,2026-05-08,,,,,,,,,,,,,,,,,,,,,,,,,,,False,False,False,False,,,,back of a length,outside off,,push,,,extra cover,,,,,keyword,0,,False,False,False,False,False,False,False,False,True,
1,1396,Delhi Capitals,DC,5,16,SP Narine,2,0,0,100/5,2.00,15.02,15.2,0,0,"Narine to Sharma, no run",,"Sunil Narine delivers a length off break just outside off, met with a controlled drive by Ashutosh Sharma, who keeps it grounded and neatly fielded at extra cover. A tidy, watchful stroke runs no runs.",d180378e-a7e7-40e7-a5ef-fedf0f95fbd1,237315,"Delhi Capitals v Kolkata Knight Riders at Delhi, Tata Indian Premier League, 8 May 2026",8903,Tata Indian Premier League,2026,"Arun Jaitley Stadium (Feroz Shah Kotla), Delhi",List A Twenty20,2026-05-08,,,,,,,,,,,,,,,,,,,,,,,,,,,False,False,False,False,,,,,outside off,,drive,,controlled,extra cover,,,,,keyword,0,,False,False,False,False,False,False,False,False,True,
1,1396,Delhi Capitals,DC,5,16,SP Narine,2,0,0,100/5,2.00,15.03,15.3,0,0,"Narine to Sharma, no run",,"Ashutosh Sharma defends carefully outside off against the length ball, missing the bat and getting a thick pad touch for no run.",d180378e-a7e7-40e7-a5ef-fedf0f95fbd1,237315,"Delhi Capitals v Kolkata Knight Riders at Delhi, Tata Indian Premier League, 8 May 2026",8903,Tata Indian Premier League,2026,"Arun Jaitley Stadium (Feroz Shah Kotla), Delhi",List A Twenty20,2026-05-08,,,,,,,,,,,,,,,,,,,,,,,,,,,False,False,False,False,,,,length ball,outside off,,pad,,,,,,,,keyword,0,,False,False,False,False,False,False,False,False,True,
1,1396,Delhi Capitals,DC,5,16,SP Narine,2,0,0,100/5,2.00,15.04,15.4,0,0,"Narine to Sharma, no run",,"Sunil Narine bowls a carrom ball on off stump, pitched back of a length. Ashutosh Sharma works it carefully along the ground towards mid wicket, but there's no run.",d180378e-a7e7-40e7-a5ef-fedf0f95fbd1,237315,"Delhi Capitals v Kolkata Knight Riders at Delhi, Tata Indian Premier League, 8 May 2026",8903,Tata Indian Premier League,2026,"Arun Jaitley Stadium (Feroz Shah Kotla), Delhi",List A Twenty20,2026-05-08,,,,,,,,,,,,,,,,,,,,,,,,,,,False,False,False,False,,,,back of a length,off stump,,work,along the ground,,mid wicket,,,,,keyword,0,,False,False,False,False,False,False,False,False,True,
1,1396,Delhi Capitals,DC,5,16,SP Narine,2,0,0,100/5,2.00,15.05,15.5,1,1,"Narine to Sharma, 1 run",,"Narine pitches a length off break on leg stump, and Ashutosh works it cleverly along the ground for a quick single.",d180378e-a7e7-40e7-a5ef-fedf0f95fbd1,237315,"Delhi Capitals v Kolkata Knight Riders at Delhi, Tata Indian Premier League, 8 May 2026",8903,Tata Indian Premier League,2026,"Arun Jaitley Stadium (Feroz Shah Kotla), Delhi",List A Twenty20,2026-05-08,67627.0,AR Sharma,right,11658.0,SP Narine,right,1873.0,Kolkata Knight Riders,off break,3.0,spin,2026-05-08 15:15:50,,,,,,,,106650074.0,343.0,65.0,113.0,3.0,1.0,1.0,False,False,True,False,,,,,leg stump,,work,along the ground,,,,,,,keyword,1,,False,False,False,False,False,False,False,False,False,
1,1396,Delhi Capitals,DC,5,16,SP Narine,2,0,0,100/5,2.00,15.06,15.6,1,1,"Narine to Patel, 1 run",,"The carrom ball drifts outside off, landing back of a length, and Axar Patel works it nicely down to deep square leg for a single. Delhi Capitals reach a milestone score of 100 for 5.",d180378e-a7e7-40e7-a5ef-fedf0f95fbd1,237315,"Delhi Capitals v Kolkata Knight Riders at Delhi, Tata Indian Premier League, 8 May 2026",8903,Tata Indian Premier League,2026,"Arun Jaitley Stadium (Feroz Shah Kotla), Delhi",List A Twenty20,2026-05-08,17616.0,AR Patel,left,11658.0,SP Narine,right,1873.0,Kolkata Knight Riders,off break,3.0,spin,2026-05-08 15:16:25,,,,,,,,106650079.0,192.0,90.0,153.0,6.0,1.0,1.0,False,False,True,False,,,,back of a length,outside off,,work,,,deep square leg,,,,,keyword,1,,False,False,False,False,False,False,False,False,False,
1,1396,Delhi Capitals,DC,5,17,V Chakaravarthy,16,0,0,116/5,16.00,16.01,16.1,1,1,"Chakravarthy to Patel, 1 run",Varun Chakravarthy takes the ball for their 3rd spell,"Varun Chakravarthy bowls a back of a length googly drifting down the leg side, and Axar Patel works it neatly for one through the on side.",d180378e-a7e7-40e7-a5ef-fedf0f95fbd1,237315,"Delhi Capitals v Kolkata Knight Riders at Delhi, Tata Indian Premier League, 8 May 2026",8903,Tata Indian Premier League,2026,"Arun Jaitley Stadium (Feroz Shah Kotla), Delhi",List A Twenty20,2026-05-08,17616.0,AR Patel,left,68649.0,V Chakaravarthy,right,1873.0,Kolkata Knight Riders,leg break,4.0,spin,2026-05-08 15:17:34,,,,,,,,106650087.0,160.0,35.0,61.0,7.0,1.0,1.0,False,False,True,False,,,,back of a length,down the leg side,,work,,,,,,,,keyword,1,,False,False,False,False,False,False,False,False,False,
1,1396,Delhi Capitals,DC,5,17,V Chakaravarthy,16,0,0,116/5,16.00,16.02,16.2,0,0,"Chakravarthy to Sharma, no run",,"Ashutosh Sharma attempts a cut shot off a back of a length leg spinner wide outside off, but it's mis-timed and stays on the ground for no run.",d180378e-a7e7-40e7-a5ef-fedf0f95fbd1,237315,"Delhi Capitals v Kolkata Knight Riders at Delhi, Tata Indian Premier League, 8 May 2026",8903,Tata Indian Premier League,2026,"Arun Jaitley Stadium (Feroz Shah Kotla), Delhi",List A Twenty20,2026-05-08,,,,,,,,,,,,,,,,,,,,,,,,,,,False,False,False,False,,,,back of a length,wide outside off,,cut,,,,,,,,keyword,0,,False,False,False,False,False,False,False,False,True,
1,1396,Delhi Capitals,DC,5,17,V Chakaravarthy,16,0,0,116/5,16.00,16.03,16.3,6,6,"Chakravarthy to Sharma, 6 runs",,"Varun Chakravarthy bowls a quicker length ball outside off, but Ashutosh Sharma launches a controlled slog that soars over long on for six.",d180378e-a7e7-40e7-a5ef-fedf0f95fbd1,237315,"Delhi Capitals v Kolkata Knight Riders at Delhi, Tata Indian Premier League, 8 May 2026",8903,Tata Indian Premier League,2026,"Arun Jaitley Stadium (Feroz Shah Kotla), Delhi",List A Twenty20,2026-05-08,67627.0,AR Sharma,right,68649.0,V Chakaravarthy,right,1873.0,Kolkata Knight Riders,leg break,4.0,spin,2026-05-08 15:18:35,,,,,,,,106650096.0,276.0,100.0,180.0,4.0,6.0,6.0,False,False,True,False,,,,length ball,outside off,,slog,,controlled,long on,,,,,keyword,6,,False,False,False,False,False,False,False,True,False,
1,1396,Delhi Capitals,DC,5,17,V Chakaravarthy,16,0,0,116/5,16.00,16.04,16.4,4,4,"Chakravarthy to Sharma, 4 runs",,"A back of a length quicker ball outside off, Ashutosh Sharma drives it crisply and well timed. The ball races through extra cover, aided by a misfield, racing away for four. Ashutosh Sharma has now collected two boundaries in this over.",d180378e-a7e7-40e7-a5ef-fedf0f95fbd1,237315,"Delhi Capitals v Kolkata Knight Riders at Delhi, Tata Indian Premier League, 8 May 2026",8903,Tata Indian Premier League,2026,"Arun Jaitley Stadium (Feroz Shah Kotla), Delhi",List A Twenty20,2026-05-08,67627.0,AR Sharma,right,68649.0,V Chakaravarthy,right,1873.0,Kolkata Knight Riders,leg break,4.0,spin,2026-05-08 15:19:29,,,,,,,,106650103.0,218.0,100.0,176.0,6.0,4.0,4.0,False,False,True,False,,,,back of a length,outside off,,drive,,well timed,extra cover,,,,,keyword,4,,False,False,False,False,False,False,True,False,False,
1,1396,Delhi Capitals,DC,5,17,V Chakaravarthy,16,0,0,116/5,16.00,16.05,16.5,4,4,"Chakravarthy to Sharma, 4 runs",,"Chakravarthy delivers a quicker ball outside off, back of a length. Ashutosh Sharma slices a beautifully timed cut through cover for four runs. Ashutosh Sharma now has three boundaries this over, adding another four to take the total to 15 in this over.",d180378e-a7e7-40e7-a5ef-fedf0f95fbd1,237315,"Delhi Capitals v Kolkata Knight Riders at Delhi, Tata Indian Premier League, 8 May 2026",8903,Tata Indian Premier League,2026,"Arun Jaitley Stadium (Feroz Shah Kotla), Delhi",List A Twenty20,2026-05-08,67627.0,AR Sharma,right,68649.0,V Chakaravarthy,right,1873.0,Kolkata Knight Riders,leg break,4.0,spin,2026-05-08 15:20:15,,,,,,,,106650109.0,182.0,100.0,170.0,6.0,4.0,4.0,False,False,True,False,,,,back of a length,outside off,,cut,,,cover,,,,,keyword,4,,False,False,False,False,False,False,True,False,False,
1,1396,Delhi Capitals,DC,5,17,V Chakaravarthy,16,0,0,116/5,16.00,16.06,16.6,1,1,"Chakravarthy to Sharma, 1 run",,"Ashutosh Sharma meets the leg spinner's back-of-a-length delivery outside off with a controlled drive, nudging it along the ground for a single. That wraps up a productive 16-run over.",d180378e-a7e7-40e7-a5ef-fedf0f95fbd1,237315,"Delhi Capitals v Kolkata Knight Riders at Delhi, Tata Indian Premier League, 8 May 2026",8903,Tata Indian Premier League,2026,"Arun Jaitley Stadium (Feroz Shah Kotla), Delhi",List A Twenty20,2026-05-08,67627.0,AR Sharma,right,68649.0,V Chakaravarthy,right,1873.0,Kolkata Knight Riders,leg break,4.0,spin,2026-05-08 15:21:38,,,,,,,,106650120.0,194.0,90.0,152.0,6.0,1.0,1.0,False,False,True,False,,,,,outside off,,drive,along the ground,controlled,,,,,,keyword,1,,False,False,False,False,False,False,False,False,False,
1,1396,Delhi Capitals,DC,5,18,K Tyagi,10,0,0,126/5,10.00,17.01,17.1,0,0,"Tyagi to Sharma, no run",Kartik Tyagi takes the ball for their 3rd spell,"Kartik Tyagi bowls a short delivery outside off and Ashutosh Sharma attempts an aggressive slog but misses it completely, resulting in a dot ball.",d180378e-a7e7-40e7-a5ef-fedf0f95fbd1,237315,"Delhi Capitals v Kolkata Knight Riders at Delhi, Tata Indian Premier League, 8 May 2026",8903,Tata Indian Premier League,2026,"Arun Jaitley Stadium (Feroz Shah Kotla), Delhi",List A Twenty20,2026-05-08,,,,,,,,,,,,,,,,,,,,,,,,,,,False,False,False,False,,,,short,outside off,,slog,,,,,,,,keyword,0,,False,False,False,False,False,False,False,False,True,
1,1396,Delhi Capitals,DC,5,18,K Tyagi,10,0,0,126/5,10.00,17.02,17.2,6,6,"Tyagi to Sharma, 6 runs",,"Kartick Tyagi bowls a short ball outside off, inviting the shot. Ashutosh Sharma times a crisply controlled upper cut perfectly, sending the ball sailing over third man for six.",d180378e-a7e7-40e7-a5ef-fedf0f95fbd1,237315,"Delhi Capitals v Kolkata Knight Riders at Delhi, Tata Indian Premier League, 8 May 2026",8903,Tata Indian Premier League,2026,"Arun Jaitley Stadium (Feroz Shah Kotla), Delhi",List A Twenty20,2026-05-08,67627.0,AR Sharma,right,66831.0,K Tyagi,right,1873.0,Kolkata Knight Riders,right pace,1.0,pace,2026-05-08 15:24:39,,,,,,,,106650148.0,95.0,100.0,160.0,8.0,6.0,6.0,False,False,True,False,,,,short,outside off,,cut,,controlled,third man,,,,,keyword,6,,False,False,False,False,False,False,False,True,False,
1,1396,Delhi Capitals,DC,5,18,K Tyagi,10,0,0,126/5,10.00,17.03,17.3,1,1,"Tyagi to Sharma, 1 run",,"Ashutosh Sharma attempts a pull shot off a short outside off cutter but mistimes it, managing to sneak a single.",d180378e-a7e7-40e7-a5ef-fedf0f95fbd1,237315,"Delhi Capitals v Kolkata Knight Riders at Delhi, Tata Indian Premier League, 8 May 2026",8903,Tata Indian Premier League,2026,"Arun Jaitley Stadium (Feroz Shah Kotla), Delhi",List A Twenty20,2026-05-08,67627.0,AR Sharma,right,66831.0,K Tyagi,right,1873.0,Kolkata Knight Riders,right pace,1.0,pace,2026-05-08 15:25:34,,,,,,,,106650156.0,286.0,75.0,135.0,4.0,1.0,1.0,False,False,True,False,,,,short,outside off,,pull,,,,,,,,keyword,1,,False,False,False,False,False,False,False,False,False,
1,1396,Delhi Capitals,DC,5,18,K Tyagi,10,0,0,126/5,10.00,17.04,17.4,1,1,"Tyagi to Patel, 1 run",,"Axar Patel takes a controlled swing with a slog through the line ball on middle stump, managing to pull a quick single off it.",d180378e-a7e7-40e7-a5ef-fedf0f95fbd1,237315,"Delhi Capitals v Kolkata Knight Riders at Delhi, Tata Indian Premier League, 8 May 2026",8903,Tata Indian Premier League,2026,"Arun Jaitley Stadium (Feroz Shah Kotla), Delhi",List A Twenty20,2026-05-08,17616.0,AR Patel,left,66831.0,K Tyagi,right,1873.0,Kolkata Knight Riders,right pace,1.0,pace,2026-05-08 15:26:23,,,,,,,,106650160.0,263.0,90.0,161.0,5.0,1.0,1.0,False,False,True,False,,,,,middle stump,,pull,,controlled,,,,,,keyword,1,,False,False,False,False,False,False,False,False,False,
1,1396,Delhi Capitals,DC,5,18,K Tyagi,10,0,0,126/5,10.00,17.05,17.5,1,1,"Tyagi to Sharma, 1 run",,"Ashutosh Sharma rides the short, off cutter expertly and pulls it with control towards deep square leg, nudging through for a single.",d180378e-a7e7-40e7-a5ef-fedf0f95fbd1,237315,"Delhi Capitals v Kolkata Knight Riders at Delhi, Tata Indian Premier League, 8 May 2026",8903,Tata Indian Premier League,2026,"Arun Jaitley Stadium (Feroz Shah Kotla), Delhi",List A Twenty20,2026-05-08,67627.0,AR Sharma,right,66831.0,K Tyagi,right,1873.0,Kolkata Knight Riders,right pace,1.0,pace,2026-05-08 15:27:01,,,,,,,,106650168.0,341.0,95.0,160.0,3.0,1.0,1.0,False,False,True,False,,,,short,,,pull,,,deep square leg,,,,,keyword,1,,False,False,False,False,False,False,False,False,False,
1,1396,Delhi Capitals,DC,5,18,K Tyagi,10,0,0,126/5,10.00,17.06,17.6,1,1,"Tyagi to Patel, 1 run",,"Kartick Tyagi bowls an off cutter, landing just outside off at a back of a length. Axar Patel cuts it crisply along the ground past point, and they squeeze through for a single.",d180378e-a7e7-40e7-a5ef-fedf0f95fbd1,237315,"Delhi Capitals v Kolkata Knight Riders at Delhi, Tata Indian Premier League, 8 May 2026",8903,Tata Indian Premier League,2026,"Arun Jaitley Stadium (Feroz Shah Kotla), Delhi",List A Twenty20,2026-05-08,17616.0,AR Patel,left,66831.0,K Tyagi,right,1873.0,Kolkata Knight Riders,right pace,1.0,pace,2026-05-08 15:27:46,,,,,,,,106650175.0,355.0,90.0,154.0,3.0,1.0,1.0,False,False,True,False,,,,back of a length,outside off,,cut,along the ground,,point,,,,,keyword,1,,False,False,False,False,False,False,False,False,False,
1,1396,Delhi Capitals,DC,5,19,VG Arora,13,0,1,139/6,13.00,18.01,18.1,1,1,"Arora to Patel, 1 run",Vaibhav Arora takes the ball for their 3rd spell,"Vaibhav Arora bowls a full, no-movement delivery down the leg side, and Axar Patel skillfully flicks it low on the leg side for a neat single.",d180378e-a7e7-40e7-a5ef-fedf0f95fbd1,237315,"Delhi Capitals v Kolkata Knight Riders at Delhi, Tata Indian Premier League, 8 May 2026",8903,Tata Indian Premier League,2026,"Arun Jaitley Stadium (Feroz Shah Kotla), Delhi",List A Twenty20,2026-05-08,17616.0,AR Patel,left,72965.0,VG Arora,right,1873.0,Kolkata Knight Riders,right pace,1.0,pace,2026-05-08 15:29:39,,,,,,,,106650194.0,215.0,90.0,155.0,6.0,1.0,1.0,False,False,True,False,,,,full,down the leg side,,flick,,,,,,,,keyword,1,,False,False,False,False,False,False,False,False,False,
1,1396,Delhi Capitals,DC,5,19,VG Arora,13,0,1,139/6,13.00,18.02,18.2,1,1,"Arora to Sharma, 1 run",,"Vaibhav Arora bowls a full-length ball well outside off. Ashutosh Sharma confidently drives it along the ground, pushing through to deep extra cover and sneaking a single.",d180378e-a7e7-40e7-a5ef-fedf0f95fbd1,237315,"Delhi Capitals v Kolkata Knight Riders at Delhi, Tata Indian Premier League, 8 May 2026",8903,Tata Indian Premier League,2026,"Arun Jaitley Stadium (Feroz Shah Kotla), Delhi",List A Twenty20,2026-05-08,67627.0,AR Sharma,right,72965.0,VG Arora,right,1873.0,Kolkata Knight Riders,right pace,1.0,pace,2026-05-08 15:30:31,,,,,,,,106650202.0,212.0,90.0,158.0,6.0,1.0,1.0,False,False,True,False,,,,length ball,outside off,,drive,along the ground,,deep extra cover,,,,,keyword,1,,False,False,False,False,False,False,False,False,False,
1,1396,Delhi Capitals,DC,5,19,VG Arora,13,0,1,139/6,13.00,18.03,18.3,0,W,"Arora to Patel, out!",,"This short off cutter is met with a mis-timed pull from Axar Patel, sending the ball lazily in the air straight to deep square leg where it's caught. Axar Patel is caught attempting an aggressive shot. Axar Patel departs for 11 runs off 22 balls.",d180378e-a7e7-40e7-a5ef-fedf0f95fbd1,237315,"Delhi Capitals v Kolkata Knight Riders at Delhi, Tata Indian Premier League, 8 May 2026",8903,Tata Indian Premier League,2026,"Arun Jaitley Stadium (Feroz Shah Kotla), Delhi",List A Twenty20,2026-05-08,,,,,,,,,,,,,,,,,,,,,,,,,,,False,False,False,True,,,,short,,,pull,,,deep square leg,,caught,,,keyword,0,,True,False,False,False,False,False,False,False,False,commentary
1,1396,Delhi Capitals,DC,5,19,VG Arora,13,0,1,139/6,13.00,18.04,18.4,1,1,"Arora to Nigam, 1 run",Vipraj Nigam heads to the crease. ,"Vipraj Nigam cuts an off cutter pitched short on middle stump with controlled precision, guiding it past backward point for a single. Vipraj Nigam gets off the mark.",d180378e-a7e7-40e7-a5ef-fedf0f95fbd1,237315,"Delhi Capitals v Kolkata Knight Riders at Delhi, Tata Indian Premier League, 8 May 2026",8903,Tata Indian Premier League,2026,"Arun Jaitley Stadium (Feroz Shah Kotla), Delhi",List A Twenty20,2026-05-08,86874.0,V Nigam,right,72965.0,VG Arora,right,1873.0,Kolkata Knight Riders,right pace,1.0,pace,2026-05-08 15:33:20,,,,,,,,106650238.0,172.0,90.0,153.0,7.0,1.0,1.0,False,False,True,False,,,,short,middle stump,,cut,,controlled,backward point,,,,,keyword,1,,False,False,False,False,False,False,False,False,False,
1,1396,Delhi Capitals,DC,5,19,VG Arora,13,0,1,139/6,13.00,18.05,18.5,6,6,"Arora to Sharma, 6 runs",,"A length ball drifting outside off stump with no movement. Ashutosh Sharma expertly pulls off a controlled reverse sweep, sending it racing over third man for six. Ashutosh Sharma moves on to thirty runs off 26 balls at a strike rate of 135.",d180378e-a7e7-40e7-a5ef-fedf0f95fbd1,237315,"Delhi Capitals v Kolkata Knight Riders at Delhi, Tata Indian Premier League, 8 May 2026",8903,Tata Indian Premier League,2026,"Arun Jaitley Stadium (Feroz Shah Kotla), Delhi",List A Twenty20,2026-05-08,67627.0,AR Sharma,right,72965.0,VG Arora,right,1873.0,Kolkata Knight Riders,right pace,1.0,pace,2026-05-08 15:33:51,,,,,,,,106650250.0,112.0,100.0,161.0,8.0,6.0,6.0,False,False,True,False,,,,length ball,outside off,no movement,reverse sweep,,controlled,third man,,,,,keyword,6,,False,False,False,False,False,False,False,True,False,
1,1396,Delhi Capitals,DC,5,19,VG Arora,13,0,1,139/6,13.00,18.06,18.6,4,4,"Arora to Sharma, 4 runs",,"The off cutter outside off is met with a well-timed, controlled slog from Ashutosh Sharma. He swings through elegantly, sending the ball racing past long on for four. That makes it two boundaries for Sharma in this over.",d180378e-a7e7-40e7-a5ef-fedf0f95fbd1,237315,"Delhi Capitals v Kolkata Knight Riders at Delhi, Tata Indian Premier League, 8 May 2026",8903,Tata Indian Premier League,2026,"Arun Jaitley Stadium (Feroz Shah Kotla), Delhi",List A Twenty20,2026-05-08,67627.0,AR Sharma,right,72965.0,VG Arora,right,1873.0,Kolkata Knight Riders,right pace,1.0,pace,2026-05-08 15:34:31,,,,,,,,106650257.0,281.0,100.0,180.0,4.0,4.0,4.0,False,False,True,False,,,,,outside off,,slog,,controlled,long on,,,,,keyword,4,,False,False,False,False,False,False,True,False,False,
1,1396,Delhi Capitals,DC,5,20,K Tyagi,3,0,2,142/8,3.00,19.01,19.1,1,1,"Tyagi to Nigam, 1 run",Kartik Tyagi continues their spell,"Kartik Tyagi bowls a short off cutter wide outside off; Vipraj Nigam attempts a hook but mistimes it, managing to scamper a single.",d180378e-a7e7-40e7-a5ef-fedf0f95fbd1,237315,"Delhi Capitals v Kolkata Knight Riders at Delhi, Tata Indian Premier League, 8 May 2026",8903,Tata Indian Premier League,2026,"Arun Jaitley Stadium (Feroz Shah Kotla), Delhi",List A Twenty20,2026-05-08,,,,,,,,,,,,,,,,,,,,,,,,,,,False,False,False,False,,,,short,wide outside off,,cut,,,,,,,,keyword,1,,False,False,False,False,False,False,False,False,False,
1,1396,Delhi Capitals,DC,5,20,K Tyagi,3,0,2,142/8,3.00,19.02,19.2,0,W,"Tyagi to Sharma, out!",,"The reverse inswinger, full and outside off, tempts Ashutosh Sharma into a drive but it's mis-timed and uncontrolled, resulting in a caught dismissal at extra cover. Ashutosh Sharma departs for 39 off 28 deliveries.",d180378e-a7e7-40e7-a5ef-fedf0f95fbd1,237315,"Delhi Capitals v Kolkata Knight Riders at Delhi, Tata Indian Premier League, 8 May 2026",8903,Tata Indian Premier League,2026,"Arun Jaitley Stadium (Feroz Shah Kotla), Delhi",List A Twenty20,2026-05-08,,,,,,,,,,,,,,,,,,,,,,,,,,,False,False,False,True,,,,full,outside off,,drive,,uncontrolled,extra cover,,caught,,,keyword,0,,True,False,False,False,False,False,False,False,False,commentary
1,1396,Delhi Capitals,DC,5,20,K Tyagi,3,0,2,142/8,3.00,19.03,19.3,0,0,"Tyagi to Starc, no run",Mitchell Starc heads to the crease. ,"Kartik Tyagi bowls a full-length delivery outside off, and Starc attempts a drive but misses completely. A tidy dot ball with the keeper cleanly collecting behind the stumps.",d180378e-a7e7-40e7-a5ef-fedf0f95fbd1,237315,"Delhi Capitals v Kolkata Knight Riders at Delhi, Tata Indian Premier League, 8 May 2026",8903,Tata Indian Premier League,2026,"Arun Jaitley Stadium (Feroz Shah Kotla), Delhi",List A Twenty20,2026-05-08,,,,,,,,,,,,,,,,,,,,,,,,,,,False,False,False,False,,,,full,outside off,,drive,,,,,,,,keyword,0,,False,False,False,False,False,False,False,False,True,
1,1396,Delhi Capitals,DC,5,20,K Tyagi,3,0,2,142/8,3.00,19.04,19.4,0,W,"Tyagi to Starc, out!",,"A yorker aimed outside off, Mitchell Starc attempts a cut but misses. The batter is run out following a sharp throw from the wicketkeeper, supported by the bowler. Mitchell Starc departs for a duck from two deliveries.",d180378e-a7e7-40e7-a5ef-fedf0f95fbd1,237315,"Delhi Capitals v Kolkata Knight Riders at Delhi, Tata Indian Premier League, 8 May 2026",8903,Tata Indian Premier League,2026,"Arun Jaitley Stadium (Feroz Shah Kotla), Delhi",List A Twenty20,2026-05-08,,,,,,,,,,,,,,,,,,,,,,,,,,,False,False,False,False,,,,yorker,outside off,,cut,,,,,run out,,,keyword,0,,True,False,False,False,False,False,False,False,False,commentary
1,1396,Delhi Capitals,DC,5,20,K Tyagi,3,0,2,142/8,3.00,19.05,19.5,1,1,"Tyagi to Nigam, 1 run",Lungi Ngidi enters the field at the non-striker's end. ,"Kartik Tyagi bowls a short off cutter outside off, and Vipraj Nigam leans into a controlled pull, picking up a quick single to deep mid-wicket.",d180378e-a7e7-40e7-a5ef-fedf0f95fbd1,237315,"Delhi Capitals v Kolkata Knight Riders at Delhi, Tata Indian Premier League, 8 May 2026",8903,Tata Indian Premier League,2026,"Arun Jaitley Stadium (Feroz Shah Kotla), Delhi",List A Twenty20,2026-05-08,86874.0,V Nigam,right,66831.0,K Tyagi,right,1873.0,Kolkata Knight Riders,right pace,1.0,pace,2026-05-08 15:40:28,,,,,,,,106650331.0,328.0,80.0,140.0,3.0,1.0,1.0,False,False,True,False,,,,short,outside off,,pull,,controlled,,,,,,keyword,1,,False,False,False,False,False,False,False,False,False,
1,1396,Delhi Capitals,DC,5,20,K Tyagi,3,0,2,142/8,3.00,19.06,19.6,1,1,"Tyagi to Ngidi, 1 run",,"Lungi Ngidi neatly cuts the ball from a short, wide outside off delivery, guiding it with controlled finesse for a single to deep backward point. Ngidi gets off the mark as Delhi Capitals close on 142, with the odds favoring Kolkata Knight Riders at 83%.",d180378e-a7e7-40e7-a5ef-fedf0f95fbd1,237315,"Delhi Capitals v Kolkata Knight Riders at Delhi, Tata Indian Premier League, 8 May 2026",8903,Tata Indian Premier League,2026,"Arun Jaitley Stadium (Feroz Shah Kotla), Delhi",List A Twenty20,2026-05-08,28230.0,LT Ngidi,right,66831.0,K Tyagi,right,1873.0,Kolkata Knight Riders,right pace,1.0,pace,2026-05-08 15:41:23,,,,,,,,106650348.0,176.0,90.0,151.0,7.0,1.0,1.0,False,False,True,False,,,,short,wide outside off,,cut,,controlled,deep backward point,,,,,keyword,1,,False,False,False,False,False,False,False,False,False,
2,1873,Kolkata Knight Riders,KKR,3,1,MA Starc,6,0,0,6/0,6.00,0.01,0.1,0,0,"Starc to Rahane, no run",Ajinkya Rahane and Finn Allen head out to the middle. Mitchell Starc takes the ball for their 1st spell,"Starc bowls a full swinging-in delivery on off stump, and Rahane attempts a push but mistimes it, resulting in no run as the ball is comfortably fielded at mid-wicket.",d180378e-a7e7-40e7-a5ef-fedf0f95fbd1,237315,"Delhi Capitals v Kolkata Knight Riders at Delhi, Tata Indian Premier League, 8 May 2026",8903,Tata Indian Premier League,2026,"Arun Jaitley Stadium (Feroz Shah Kotla), Delhi",List A Twenty20,2026-05-08,,,,,,,,,,,,,,,,,,,,,,,,,,,False,False,False,False,,,,full,off stump,,push,,,,,,,,keyword,0,,False,False,False,False,False,False,False,False,True,
2,1873,Kolkata Knight Riders,KKR,3,1,MA Starc,6,0,0,6/0,6.00,0.02,0.2,0,0,"Starc to Rahane, no run",,"Starc bowls a swinging-in length ball just outside off, and Rahane leans into a controlled drive, pushing it firmly to mid-off where the fielder cuts off any run. A tidy dot ball.",d180378e-a7e7-40e7-a5ef-fedf0f95fbd1,237315,"Delhi Capitals v Kolkata Knight Riders at Delhi, Tata Indian Premier League, 8 May 2026",8903,Tata Indian Premier League,2026,"Arun Jaitley Stadium (Feroz Shah Kotla), Delhi",List A Twenty20,2026-05-08,,,,,,,,,,,,,,,,,,,,,,,,,,,False,False,False,False,,,,length ball,outside off,,drive,,controlled,,,,,,keyword,0,,False,False,False,False,False,False,False,False,True,
2,1873,Kolkata Knight Riders,KKR,3,1,MA Starc,6,0,0,6/0,6.00,0.03,0.3,1,1,"Starc to Rahane, 1 run",,"Starc bowls a no movement back of a length ball just outside off stump, and Rahane plays a controlled cut shot, neatly guiding it past point for a quick single. Rahane gets off the mark with a confident start.",d180378e-a7e7-40e7-a5ef-fedf0f95fbd1,237315,"Delhi Capitals v Kolkata Knight Riders at Delhi, Tata Indian Premier League, 8 May 2026",8903,Tata Indian Premier League,2026,"Arun Jaitley Stadium (Feroz Shah Kotla), Delhi",List A Twenty20,2026-05-08,12685.0,AM Rahane,right,14328.0,MA Starc,left,1396.0,Delhi Capitals,left pace,1.0,pace,2026-05-08 15:58:01,,,,,,,,106650530.0,171.0,90.0,151.0,7.0,1.0,1.0,False,False,True,False,,,,back of a length,outside off,no movement,cut,,controlled,point,,,,,keyword,1,,False,False,False,False,False,False,False,False,False,
2,1873,Kolkata Knight Riders,KKR,3,1,MA Starc,6,0,0,6/0,6.00,0.04,0.4,0,0,"Starc to Allen, no run",,"Mitchell Starc bowls a full, wide outside off delivery; Finn Allen attempts a drive but misses it, resulting in a dot ball.",d180378e-a7e7-40e7-a5ef-fedf0f95fbd1,237315,"Delhi Capitals v Kolkata Knight Riders at Delhi, Tata Indian Premier League, 8 May 2026",8903,Tata Indian Premier League,2026,"Arun Jaitley Stadium (Feroz Shah Kotla), Delhi",List A Twenty20,2026-05-08,,,,,,,,,,,,,,,,,,,,,,,,,,,False,False,False,False,,,,full,wide outside off,,drive,,,,,,,,keyword,0,,False,False,False,False,False,False,False,False,True,
2,1873,Kolkata Knight Riders,KKR,3,1,MA Starc,6,0,0,6/0,6.00,0.05,0.5,4,4,"Starc to Allen, 4 runs",,A length delivery outside off stump with no movement. Finn Allen leans into a well-timed drive that races past the fielders for a boundary through long off. Finn Allen is off the mark.,d180378e-a7e7-40e7-a5ef-fedf0f95fbd1,237315,"Delhi Capitals v Kolkata Knight Riders at Delhi, Tata Indian Premier League, 8 May 2026",8903,Tata Indian Premier League,2026,"Arun Jaitley Stadium (Feroz Shah Kotla), Delhi",List A Twenty20,2026-05-08,26170.0,FH Allen,right,14328.0,MA Starc,left,1396.0,Delhi Capitals,left pace,1.0,pace,2026-05-08 15:59:35,,,,,,,,106650550.0,263.0,100.0,180.0,5.0,4.0,4.0,False,False,True,False,,,,,outside off,no movement,drive,,,long off,,,,,keyword,4,,False,False,False,False,False,False,True,False,False,
2,1873,Kolkata Knight Riders,KKR,3,1,MA Starc,6,0,0,6/0,6.00,0.06,0.6,1,1,"Starc to Allen, 1 run",,"Starc bowls a full-length delivery outside off, and Allen offers a mis-timed drive that sneaks through for a single. Kolkata Knight Riders are chasing 137 from 114 balls with all wickets intact, holding a strong win probability.",d180378e-a7e7-40e7-a5ef-fedf0f95fbd1,237315,"Delhi Capitals v Kolkata Knight Riders at Delhi, Tata Indian Premier League, 8 May 2026",8903,Tata Indian Premier League,2026,"Arun Jaitley Stadium (Feroz Shah Kotla), Delhi",List A Twenty20,2026-05-08,26170.0,FH Allen,right,14328.0,MA Starc,left,1396.0,Delhi Capitals,left pace,1.0,pace,2026-05-08 16:00:14,,,,,,,,106650556.0,307.0,85.0,152.0,4.0,1.0,1.0,False,False,True,False,,,,full,outside off,,drive,,,,,,,,keyword,1,,False,False,False,False,False,False,False,False,False,
2,1873,Kolkata Knight Riders,KKR,3,2,AR Patel,11,0,0,17/0,11.00,1.01,1.1,4,4,"Patel to Allen, 4 runs",Axar Patel takes the ball for their 1st spell,"Axar Patel delivers a stock ball just outside off stump, pitched back of a length. Finn Allen responds with a controlled, well-timed flick racing away to deep square leg for four.",d180378e-a7e7-40e7-a5ef-fedf0f95fbd1,237315,"Delhi Capitals v Kolkata Knight Riders at Delhi, Tata Indian Premier League, 8 May 2026",8903,Tata Indian Premier League,2026,"Arun Jaitley Stadium (Feroz Shah Kotla), Delhi",List A Twenty20,2026-05-08,26170.0,FH Allen,right,17616.0,AR Patel,left,1396.0,Delhi Capitals,left orthodox,5.0,spin,2026-05-08 16:01:26,,,,,,,,106650572.0,330.0,100.0,175.0,3.0,4.0,4.0,False,False,True,False,,,,back of a length,outside off,,flick,,controlled,deep square leg,,,,,keyword,4,,False,False,False,False,False,False,True,False,False,
2,1873,Kolkata Knight Riders,KKR,3,2,AR Patel,11,0,0,17/0,11.00,1.02,1.2,1,1,"Patel to Allen, 1 run",,"Axar Patel bowls a back of a length stock ball outside off, and Finn Allen works it off the pitch cleverly for a comfortable single.",d180378e-a7e7-40e7-a5ef-fedf0f95fbd1,237315,"Delhi Capitals v Kolkata Knight Riders at Delhi, Tata Indian Premier League, 8 May 2026",8903,Tata Indian Premier League,2026,"Arun Jaitley Stadium (Feroz Shah Kotla), Delhi",List A Twenty20,2026-05-08,26170.0,FH Allen,right,17616.0,AR Patel,left,1396.0,Delhi Capitals,left orthodox,5.0,spin,2026-05-08 16:01:51,,,,,,,,106650577.0,299.0,90.0,155.0,4.0,1.0,1.0,False,False,True,False,,,,back of a length,outside off,,work,,,,,,,,keyword,1,,False,False,False,False,False,False,False,False,False,
2,1873,Kolkata Knight Riders,KKR,3,2,AR Patel,11,0,0,17/0,11.00,1.03,1.3,0,0,"Patel to Rahane, no run",,"Axar Patel bowls a length ball on off stump. Rahane works it carefully along the ground, ensuring no chance as it is fielded by square leg for no run.",d180378e-a7e7-40e7-a5ef-fedf0f95fbd1,237315,"Delhi Capitals v Kolkata Knight Riders at Delhi, Tata Indian Premier League, 8 May 2026",8903,Tata Indian Premier League,2026,"Arun Jaitley Stadium (Feroz Shah Kotla), Delhi",List A Twenty20,2026-05-08,,,,,,,,,,,,,,,,,,,,,,,,,,,False,False,False,False,,,,length ball,off stump,,work,along the ground,,,square leg for no run,,,,keyword,0,,False,False,False,False,False,False,False,False,True,
2,1873,Kolkata Knight Riders,KKR,3,2,AR Patel,11,0,0,17/0,11.00,1.04,1.4,4,4,"Patel to Rahane, 4 runs",,"Axar Patel delivers a stock ball on the off stump, pitching back of a length. Ajinkya Rahane leans into a beautifully controlled drive, timing it crisply through extra cover for four.",d180378e-a7e7-40e7-a5ef-fedf0f95fbd1,237315,"Delhi Capitals v Kolkata Knight Riders at Delhi, Tata Indian Premier League, 8 May 2026",8903,Tata Indian Premier League,2026,"Arun Jaitley Stadium (Feroz Shah Kotla), Delhi",List A Twenty20,2026-05-08,12685.0,AM Rahane,right,17616.0,AR Patel,left,1396.0,Delhi Capitals,left orthodox,5.0,spin,2026-05-08 16:02:44,,,,,,,,106650587.0,220.0,100.0,176.0,6.0,4.0,4.0,False,False,True,False,,,,back of a length,off stump,,drive,,controlled,extra cover,,,,,keyword,4,,False,False,False,False,False,False,True,False,False,
2,1873,Kolkata Knight Riders,KKR,3,2,AR Patel,11,0,0,17/0,11.00,1.05,1.5,1,1,"Patel to Rahane, 1 run",,"Ajinkya Rahane works a length stock ball outside off, guiding it softly through the off side for a single.",d180378e-a7e7-40e7-a5ef-fedf0f95fbd1,237315,"Delhi Capitals v Kolkata Knight Riders at Delhi, Tata Indian Premier League, 8 May 2026",8903,Tata Indian Premier League,2026,"Arun Jaitley Stadium (Feroz Shah Kotla), Delhi",List A Twenty20,2026-05-08,12685.0,AM Rahane,right,17616.0,AR Patel,left,1396.0,Delhi Capitals,left orthodox,5.0,spin,2026-05-08 16:03:15,,,,,,,,106650593.0,294.0,50.0,86.0,4.0,1.0,1.0,False,False,True,False,,,,,outside off,,work,,,,,,,,keyword,1,,False,False,False,False,False,False,False,False,False,
2,1873,Kolkata Knight Riders,KKR,3,2,AR Patel,11,0,0,17/0,11.00,1.06,1.6,1,1,"Patel to Allen, 1 run",,"A length ball on the outside off, worked nicely with control by Finn Allen who nudges it away for a single. Kolkata Knight Riders chase 126 from 108 balls, comfortably placed with 10 wickets in hand and an 86% win probability.",d180378e-a7e7-40e7-a5ef-fedf0f95fbd1,237315,"Delhi Capitals v Kolkata Knight Riders at Delhi, Tata Indian Premier League, 8 May 2026",8903,Tata Indian Premier League,2026,"Arun Jaitley Stadium (Feroz Shah Kotla), Delhi",List A Twenty20,2026-05-08,26170.0,FH Allen,right,17616.0,AR Patel,left,1396.0,Delhi Capitals,left orthodox,5.0,spin,2026-05-08 16:03:35,,,,,,,,106650597.0,297.0,90.0,160.0,4.0,1.0,1.0,False,False,True,False,,,,length ball,outside off,,work,,,,,,,,keyword,1,,False,False,False,False,False,False,False,False,False,
2,1873,Kolkata Knight Riders,KKR,3,3,MA Starc,12,0,1,29/1,12.00,2.01,2.1,4,4,"Starc to Allen, 4 runs",Mitchell Starc continues their spell,"A back of a length delivery on off stump with no movement, driven crisply through the cover region. The shot is a well-timed, firm drive that races away to the boundary.",d180378e-a7e7-40e7-a5ef-fedf0f95fbd1,237315,"Delhi Capitals v Kolkata Knight Riders at Delhi, Tata Indian Premier League, 8 May 2026",8903,Tata Indian Premier League,2026,"Arun Jaitley Stadium (Feroz Shah Kotla), Delhi",List A Twenty20,2026-05-08,26170.0,FH Allen,right,14328.0,MA Starc,left,1396.0,Delhi Capitals,left pace,1.0,pace,2026-05-08 16:04:50,,,,,,,,106650610.0,208.0,100.0,175.0,6.0,4.0,4.0,False,False,True,False,,,,back of a length,off stump,no movement,drive,,,cover,,,,,keyword,4,,False,False,False,False,False,False,True,False,False,
2,1873,Kolkata Knight Riders,KKR,3,3,MA Starc,12,0,1,29/1,12.00,2.02,2.2,1,1,"Starc to Allen, 1 run",,"Starc offers a full toss on off stump, and Finn Allen confidently drives it along the ground for a quick single, with a sharp stop by Axar Patel saving an extra run.",d180378e-a7e7-40e7-a5ef-fedf0f95fbd1,237315,"Delhi Capitals v Kolkata Knight Riders at Delhi, Tata Indian Premier League, 8 May 2026",8903,Tata Indian Premier League,2026,"Arun Jaitley Stadium (Feroz Shah Kotla), Delhi",List A Twenty20,2026-05-08,26170.0,FH Allen,right,14328.0,MA Starc,left,1396.0,Delhi Capitals,left pace,1.0,pace,2026-05-08 16:05:31,,,,,,,,106650620.0,238.0,50.0,85.0,5.0,1.0,1.0,False,False,True,False,,,,full toss,off stump,,drive,along the ground,,,,,,,keyword,1,,False,False,False,False,False,False,False,False,False,
2,1873,Kolkata Knight Riders,KKR,3,3,MA Starc,12,0,1,29/1,12.00,2.03,2.3,0,0,"Starc to Rahane, no run",,"The seaming delivery back of a length on middle stump sees the batter attempt a steer but misses, a tidy dot ball.",d180378e-a7e7-40e7-a5ef-fedf0f95fbd1,237315,"Delhi Capitals v Kolkata Knight Riders at Delhi, Tata Indian Premier League, 8 May 2026",8903,Tata Indian Premier League,2026,"Arun Jaitley Stadium (Feroz Shah Kotla), Delhi",List A Twenty20,2026-05-08,,,,,,,,,,,,,,,,,,,,,,,,,,,False,False,False,False,,,,back of a length,middle stump,,steer,,,,,,,,keyword,0,,False,False,False,False,False,False,False,False,True,
2,1873,Kolkata Knight Riders,KKR,3,3,MA Starc,12,0,1,29/1,12.00,2.04,2.4,6,6,"Starc to Rahane, 6 runs",,"A length ball on leg stump with no movement, expertly dispatched by the batter. Rahane flicks it perfectly, timing it sweetly to send the ball soaring over deep square leg for six. That marks the first six of the innings.",d180378e-a7e7-40e7-a5ef-fedf0f95fbd1,237315,"Delhi Capitals v Kolkata Knight Riders at Delhi, Tata Indian Premier League, 8 May 2026",8903,Tata Indian Premier League,2026,"Arun Jaitley Stadium (Feroz Shah Kotla), Delhi",List A Twenty20,2026-05-08,12685.0,AM Rahane,right,14328.0,MA Starc,left,1396.0,Delhi Capitals,left pace,1.0,pace,2026-05-08 16:07:05,,,,,,,,106650638.0,354.0,100.0,171.0,3.0,6.0,6.0,False,False,True,False,,,,length ball,leg stump,no movement,flick,,,deep square leg,,,,,keyword,6,,False,False,False,False,False,False,False,True,False,
2,1873,Kolkata Knight Riders,KKR,3,3,MA Starc,12,0,1,29/1,12.00,2.05,2.5,1,1,"Starc to Rahane, 1 run",,"Starc delivers a swinging-in length ball just outside off, and Rahane drives it with an inside edge, nudging a single down to fine leg where the fielder quickly gathers.",d180378e-a7e7-40e7-a5ef-fedf0f95fbd1,237315,"Delhi Capitals v Kolkata Knight Riders at Delhi, Tata Indian Premier League, 8 May 2026",8903,Tata Indian Premier League,2026,"Arun Jaitley Stadium (Feroz Shah Kotla), Delhi",List A Twenty20,2026-05-08,12685.0,AM Rahane,right,14328.0,MA Starc,left,1396.0,Delhi Capitals,left pace,1.0,pace,2026-05-08 16:07:45,,,,,,,,106650646.0,59.0,85.0,139.0,1.0,1.0,1.0,False,False,True,False,,,,length ball,outside off,,drive,,,fine leg,,,,,keyword,1,,False,False,False,False,False,False,False,False,False,
2,1873,Kolkata Knight Riders,KKR,3,3,MA Starc,12,0,1,29/1,12.00,2.06,2.6,0,W,"Starc to Allen, Ajinkya Rahane is out!",,"A full, swinging-in delivery on off stump tempts a measured drive but no run follows. The non-striker is run out by a direct hit, ending his innings decisively. Ajinkya Rahane goes for 13 off 9. Kolkata Knight Riders need 114 from 102 balls with nine wickets in hand, still holding strong chances.",d180378e-a7e7-40e7-a5ef-fedf0f95fbd1,237315,"Delhi Capitals v Kolkata Knight Riders at Delhi, Tata Indian Premier League, 8 May 2026",8903,Tata Indian Premier League,2026,"Arun Jaitley Stadium (Feroz Shah Kotla), Delhi",List A Twenty20,2026-05-08,,,,,,,,,,,,,,,,,,,,,,,,,,,False,False,False,False,,,,full,off stump,,drive,,,,,run out,,,keyword,0,,True,False,False,False,False,False,False,False,False,commentary
2,1873,Kolkata Knight Riders,KKR,3,4,AR Patel,3,0,1,32/2,3.00,3.01,3.1,0,0,"Patel to Raghuvanshi, no run",Angkrish Raghuvanshi heads to the crease. Axar Patel continues their spell,"Axar Patel delivers a back of a length stock ball on off stump, met with a solid defensive stroke by Angkrish Raghuvanshi, resulting in no run.",d180378e-a7e7-40e7-a5ef-fedf0f95fbd1,237315,"Delhi Capitals v Kolkata Knight Riders at Delhi, Tata Indian Premier League, 8 May 2026",8903,Tata Indian Premier League,2026,"Arun Jaitley Stadium (Feroz Shah Kotla), Delhi",List A Twenty20,2026-05-08,,,,,,,,,,,,,,,,,,,,,,,,,,,False,False,False,False,,,,back of a length,off stump,,,,,,,,,,keyword,0,,False,False,False,False,False,False,False,False,True,
2,1873,Kolkata Knight Riders,KKR,3,4,AR Patel,3,0,1,32/2,3.00,3.02,3.2,1,1,"Patel to Raghuvanshi, 1 run",,"Axar Patel bowls a length stock ball on off stump, and Raghuvanshi drives it crisply along the ground for a single. Angkrish Raghuvanshi gets off the mark.",d180378e-a7e7-40e7-a5ef-fedf0f95fbd1,237315,"Delhi Capitals v Kolkata Knight Riders at Delhi, Tata Indian Premier League, 8 May 2026",8903,Tata Indian Premier League,2026,"Arun Jaitley Stadium (Feroz Shah Kotla), Delhi",List A Twenty20,2026-05-08,76204.0,A Raghuvanshi,right,17616.0,AR Patel,left,1396.0,Delhi Capitals,left orthodox,5.0,spin,2026-05-08 16:10:41,,,,,,,,106650672.0,220.0,90.0,156.0,6.0,1.0,1.0,False,False,True,False,,,,,off stump,,drive,along the ground,,,,,,,keyword,1,,False,False,False,False,False,False,False,False,False,
2,1873,Kolkata Knight Riders,KKR,3,4,AR Patel,3,0,1,32/2,3.00,3.03,3.3,1,1,"Patel to Allen, 1 run",,"Axar Patel bowls his stock delivery outside off on a back of a length, and Finn Allen works it neatly for a quick single toward deep mid wicket.",d180378e-a7e7-40e7-a5ef-fedf0f95fbd1,237315,"Delhi Capitals v Kolkata Knight Riders at Delhi, Tata Indian Premier League, 8 May 2026",8903,Tata Indian Premier League,2026,"Arun Jaitley Stadium (Feroz Shah Kotla), Delhi",List A Twenty20,2026-05-08,26170.0,FH Allen,right,17616.0,AR Patel,left,1396.0,Delhi Capitals,left orthodox,5.0,spin,2026-05-08 16:11:10,,,,,,,,106650680.0,324.0,70.0,121.0,3.0,1.0,1.0,False,False,True,False,,,,back of a length,outside off,,work,,,,,,,,keyword,1,,False,False,False,False,False,False,False,False,False,
2,1873,Kolkata Knight Riders,KKR,3,4,AR Patel,3,0,1,32/2,3.00,3.04,3.4,0,W,"Patel to Raghuvanshi, out!",,"A length ball on off stump angling in, met with a sweep shot that clips the batter's body. The attempt goes awry as the ball sneaks through to hit the stumps, and the batter is bowled. Angkrish Raghuvanshi departs for 1 off 3 balls, with a big momentum shift as Delhi Capitals' win chance rises from 15% to 20%.",d180378e-a7e7-40e7-a5ef-fedf0f95fbd1,237315,"Delhi Capitals v Kolkata Knight Riders at Delhi, Tata Indian Premier League, 8 May 2026",8903,Tata Indian Premier League,2026,"Arun Jaitley Stadium (Feroz Shah Kotla), Delhi",List A Twenty20,2026-05-08,,,,,,,,,,,,,,,,,,,,,,,,,,,False,False,False,False,,,,length ball,off stump,,sweep,,,,,bowled,,,keyword,0,,True,False,False,False,False,False,False,False,False,commentary
2,1873,Kolkata Knight Riders,KKR,3,4,AR Patel,3,0,1,32/2,3.00,3.05,3.5,1,1,"Patel to Green, 1 run",Cameron Green heads to the crease. ,"Cameron Green pushes it gently back of a length just outside off, working the single well towards deep extra cover where it's fielded cleanly. Green gets off the mark with that crisp single.",d180378e-a7e7-40e7-a5ef-fedf0f95fbd1,237315,"Delhi Capitals v Kolkata Knight Riders at Delhi, Tata Indian Premier League, 8 May 2026",8903,Tata Indian Premier League,2026,"Arun Jaitley Stadium (Feroz Shah Kotla), Delhi",List A Twenty20,2026-05-08,65397.0,CD Green,right,17616.0,AR Patel,left,1396.0,Delhi Capitals,left orthodox,5.0,spin,2026-05-08 16:13:05,,,,,,,,106650703.0,230.0,80.0,144.0,5.0,1.0,1.0,False,False,True,False,,,,back of a length,outside off,,work,,,deep extra cover,,,,,keyword,1,,False,False,False,False,False,False,False,False,False,
2,1873,Kolkata Knight Riders,KKR,3,4,AR Patel,3,0,1,32/2,3.00,3.06,3.6,0,0,"Patel to Allen, no run",,"Axar Patel bowls a length ball just outside off stump, Finn Allen picks it early and drives it firmly on the ground, but it's cut off expertly at extra cover for no run. Kolkata Knight Riders face a chase of 111 from 96 balls, holding 8 wickets, with an 80% chance according to WinViz.",d180378e-a7e7-40e7-a5ef-fedf0f95fbd1,237315,"Delhi Capitals v Kolkata Knight Riders at Delhi, Tata Indian Premier League, 8 May 2026",8903,Tata Indian Premier League,2026,"Arun Jaitley Stadium (Feroz Shah Kotla), Delhi",List A Twenty20,2026-05-08,,,,,,,,,,,,,,,,,,,,,,,,,,,False,False,False,False,,,,length ball,outside off,,drive,,,extra cover,,,,,keyword,0,,False,False,False,False,False,False,False,False,True,
2,1873,Kolkata Knight Riders,KKR,3,5,LT Ngidi,2,0,0,34/2,2.00,4.01,4.1,1,1,"Ngidi to Green, 1 run",Lungi Ngidi takes the ball for their 1st spell,"Lungi Ngidi bowls a length ball just outside off stump, and Green neatly steers it through the off side for a quick single.",d180378e-a7e7-40e7-a5ef-fedf0f95fbd1,237315,"Delhi Capitals v Kolkata Knight Riders at Delhi, Tata Indian Premier League, 8 May 2026",8903,Tata Indian Premier League,2026,"Arun Jaitley Stadium (Feroz Shah Kotla), Delhi",List A Twenty20,2026-05-08,65397.0,CD Green,right,28230.0,LT Ngidi,right,1396.0,Delhi Capitals,right pace,1.0,pace,2026-05-08 16:14:36,,,,,,,,106650721.0,145.0,35.0,55.0,7.0,1.0,1.0,False,False,True,False,,,,length ball,outside off,,steer,,,,,,,,keyword,1,,False,False,False,False,False,False,False,False,False,
2,1873,Kolkata Knight Riders,KKR,3,5,LT Ngidi,2,0,0,34/2,2.00,4.02,4.2,0,0,"Ngidi to Allen, no run",,"Ngidi bowls a back of a length no-movement delivery just outside off stump, and Finn Allen works it carefully along the ground towards mid-wicket for no run.",d180378e-a7e7-40e7-a5ef-fedf0f95fbd1,237315,"Delhi Capitals v Kolkata Knight Riders at Delhi, Tata Indian Premier League, 8 May 2026",8903,Tata Indian Premier League,2026,"Arun Jaitley Stadium (Feroz Shah Kotla), Delhi",List A Twenty20,2026-05-08,,,,,,,,,,,,,,,,,,,,,,,,,,,False,False,False,False,,,,back of a length,outside off,,work,along the ground,,,,,,,keyword,0,,False,False,False,False,False,False,False,False,True,
2,1873,Kolkata Knight Riders,KKR,3,5,LT Ngidi,2,0,0,34/2,2.00,4.03,4.3,0,0,"Ngidi to Allen, no run",,"Lungi Ngidi bowls a length ball just outside off, and Finn Allen drives it with control straight to mid off for no run.",d180378e-a7e7-40e7-a5ef-fedf0f95fbd1,237315,"Delhi Capitals v Kolkata Knight Riders at Delhi, Tata Indian Premier League, 8 May 2026",8903,Tata Indian Premier League,2026,"Arun Jaitley Stadium (Feroz Shah Kotla), Delhi",List A Twenty20,2026-05-08,,,,,,,,,,,,,,,,,,,,,,,,,,,False,False,False,False,,,,length ball,outside off,,drive,,,mid off,,,,,keyword,0,,False,False,False,False,False,False,False,False,True,
2,1873,Kolkata Knight Riders,KKR,3,5,LT Ngidi,2,0,0,34/2,2.00,4.04,4.4,1,1,"Ngidi to Allen, 1 run",,"Finn Allen drops a length ball outside off and nudges it away carefully for a single, with a sharp fielding effort from cover.",d180378e-a7e7-40e7-a5ef-fedf0f95fbd1,237315,"Delhi Capitals v Kolkata Knight Riders at Delhi, Tata Indian Premier League, 8 May 2026",8903,Tata Indian Premier League,2026,"Arun Jaitley Stadium (Feroz Shah Kotla), Delhi",List A Twenty20,2026-05-08,26170.0,FH Allen,right,28230.0,LT Ngidi,right,1396.0,Delhi Capitals,right pace,1.0,pace,2026-05-08 16:16:57,,,,,,,,106650749.0,205.0,25.0,43.0,6.0,1.0,1.0,False,False,True,False,,,,length ball,outside off,,,,,,,,,,keyword,1,,False,False,False,False,False,False,False,False,False,
2,1873,Kolkata Knight Riders,KKR,3,5,LT Ngidi,2,0,0,34/2,2.00,4.05,4.5,0,0,"Ngidi to Green, no run",,"Ngidi bowls a length ball just outside off stump, and Green pushes it gently towards extra cover where it's quickly fielded for no run.",d180378e-a7e7-40e7-a5ef-fedf0f95fbd1,237315,"Delhi Capitals v Kolkata Knight Riders at Delhi, Tata Indian Premier League, 8 May 2026",8903,Tata Indian Premier League,2026,"Arun Jaitley Stadium (Feroz Shah Kotla), Delhi",List A Twenty20,2026-05-08,,,,,,,,,,,,,,,,,,,,,,,,,,,False,False,False,False,,,,length ball,outside off,,push,,,extra cover,,,,,keyword,0,,False,False,False,False,False,False,False,False,True,
2,1873,Kolkata Knight Riders,KKR,3,5,LT Ngidi,2,0,0,34/2,2.00,4.06,4.6,0,0,"Ngidi to Green, no run",,"A length ball outside off, Green plays a steady defensive shot right into the bowler's hands. No run added. Kolkata Knight Riders require 109 runs from 90 deliveries with plenty of wickets in hand; their chances remain strong.",d180378e-a7e7-40e7-a5ef-fedf0f95fbd1,237315,"Delhi Capitals v Kolkata Knight Riders at Delhi, Tata Indian Premier League, 8 May 2026",8903,Tata Indian Premier League,2026,"Arun Jaitley Stadium (Feroz Shah Kotla), Delhi",List A Twenty20,2026-05-08,,,,,,,,,,,,,,,,,,,,,,,,,,,False,False,False,False,,,,length ball,outside off,,,,,bowler,,,,,keyword,0,,False,False,False,False,False,False,False,False,True,
2,1873,Kolkata Knight Riders,KKR,3,6,AR Patel,9,0,0,43/2,9.00,5.01,5.1,1,1,"Patel to Allen, 1 run",Axar Patel continues their spell,"A length stock ball outside off, worked crisply through the covers by Finn Allen for a single.",d180378e-a7e7-40e7-a5ef-fedf0f95fbd1,237315,"Delhi Capitals v Kolkata Knight Riders at Delhi, Tata Indian Premier League, 8 May 2026",8903,Tata Indian Premier League,2026,"Arun Jaitley Stadium (Feroz Shah Kotla), Delhi",List A Twenty20,2026-05-08,26170.0,FH Allen,right,17616.0,AR Patel,left,1396.0,Delhi Capitals,left orthodox,5.0,spin,2026-05-08 16:19:07,,,,,,,,106650774.0,314.0,75.0,133.0,4.0,1.0,1.0,False,False,True,False,,,,,outside off,,work,,,,,,,,keyword,1,,False,False,False,False,False,False,False,False,False,
2,1873,Kolkata Knight Riders,KKR,3,6,AR Patel,9,0,0,43/2,9.00,5.02,5.2,0,0,"Patel to Green, no run",,"A length stock ball outside off, the batter pushes it calmly into the covers where it's neatly fielded. No run scored off this delivery.",d180378e-a7e7-40e7-a5ef-fedf0f95fbd1,237315,"Delhi Capitals v Kolkata Knight Riders at Delhi, Tata Indian Premier League, 8 May 2026",8903,Tata Indian Premier League,2026,"Arun Jaitley Stadium (Feroz Shah Kotla), Delhi",List A Twenty20,2026-05-08,,,,,,,,,,,,,,,,,,,,,,,,,,,False,False,False,False,,,,,outside off,,push,,,,,,,,keyword,0,,False,False,False,False,False,False,False,False,True,
2,1873,Kolkata Knight Riders,KKR,3,6,AR Patel,9,0,0,43/2,9.00,5.03,5.3,6,6,"Patel to Green, 6 runs",,"Axar Patel delivers a length stock ball on the outside off stump, and Cameron Green unleashes a controlled slog over mid-wicket. The connection is sweet, sending the ball sailing for a maximum.",d180378e-a7e7-40e7-a5ef-fedf0f95fbd1,237315,"Delhi Capitals v Kolkata Knight Riders at Delhi, Tata Indian Premier League, 8 May 2026",8903,Tata Indian Premier League,2026,"Arun Jaitley Stadium (Feroz Shah Kotla), Delhi",List A Twenty20,2026-05-08,65397.0,CD Green,right,17616.0,AR Patel,left,1396.0,Delhi Capitals,left orthodox,5.0,spin,2026-05-08 16:20:01,,,,,,,,106650784.0,311.0,100.0,178.0,4.0,6.0,6.0,False,False,True,False,,,,,outside off,,slog,,controlled,,,,,,keyword,6,,False,False,False,False,False,False,False,True,False,
2,1873,Kolkata Knight Riders,KKR,3,6,AR Patel,9,0,0,43/2,9.00,5.04,5.4,1,1,"Patel to Green, 1 run",,"Axar Patel bowls a stock delivery on off stump, back of a length, and Cameron Green pushes it gently to long off for a comfortable single.",d180378e-a7e7-40e7-a5ef-fedf0f95fbd1,237315,"Delhi Capitals v Kolkata Knight Riders at Delhi, Tata Indian Premier League, 8 May 2026",8903,Tata Indian Premier League,2026,"Arun Jaitley Stadium (Feroz Shah Kotla), Delhi",List A Twenty20,2026-05-08,65397.0,CD Green,right,17616.0,AR Patel,left,1396.0,Delhi Capitals,left orthodox,5.0,spin,2026-05-08 16:21:32,,,,,,,,106650802.0,245.0,90.0,155.0,5.0,1.0,1.0,False,False,True,False,,,,back of a length,off stump,,push,,,long off,,,,,keyword,1,,False,False,False,False,False,False,False,False,False,
2,1873,Kolkata Knight Riders,KKR,3,6,AR Patel,9,0,0,43/2,9.00,5.05,5.5,0,0,"Patel to Allen, no run",,"Axar Patel bowls his stock ball, pitching a back of a length delivery just outside off. Finn Allen plays a cautious defensive stroke, keeping the ball down and leaving no room for a run.",d180378e-a7e7-40e7-a5ef-fedf0f95fbd1,237315,"Delhi Capitals v Kolkata Knight Riders at Delhi, Tata Indian Premier League, 8 May 2026",8903,Tata Indian Premier League,2026,"Arun Jaitley Stadium (Feroz Shah Kotla), Delhi",List A Twenty20,2026-05-08,,,,,,,,,,,,,,,,,,,,,,,,,,,False,False,False,False,,,,back of a length,outside off,,,,,,,,,,keyword,0,,False,False,False,False,False,False,False,False,True,
2,1873,Kolkata Knight Riders,KKR,3,6,AR Patel,9,0,0,43/2,9.00,5.06,5.6,1,1,"Patel to Allen, 1 run",,"On a back of a length stock ball just on off stump, the batter works it carefully along the ground for a single. Kolkata Knight Riders face a chase needing 100 from 84 balls with eight wickets in hand, holding a strong 81% win probability.",d180378e-a7e7-40e7-a5ef-fedf0f95fbd1,237315,"Delhi Capitals v Kolkata Knight Riders at Delhi, Tata Indian Premier League, 8 May 2026",8903,Tata Indian Premier League,2026,"Arun Jaitley Stadium (Feroz Shah Kotla), Delhi",List A Twenty20,2026-05-08,26170.0,FH Allen,right,17616.0,AR Patel,left,1396.0,Delhi Capitals,left orthodox,5.0,spin,2026-05-08 16:22:17,,,,,,,,106650812.0,296.0,90.0,155.0,4.0,1.0,1.0,False,False,True,False,,,,back of a length,off stump,,work,along the ground,,,,,,,keyword,1,,False,False,False,False,False,False,False,False,False,
2,1873,Kolkata Knight Riders,KKR,3,7,V Nigam,13,0,0,56/2,13.00,6.01,6.1,1,1,"Nigam to Allen, 1 run",Vipraj Nigam takes the ball for their 1st spell,"A length ball from the leg spinner outside off stump, brilliantly driven with control through the off side for one run.",d180378e-a7e7-40e7-a5ef-fedf0f95fbd1,237315,"Delhi Capitals v Kolkata Knight Riders at Delhi, Tata Indian Premier League, 8 May 2026",8903,Tata Indian Premier League,2026,"Arun Jaitley Stadium (Feroz Shah Kotla), Delhi",List A Twenty20,2026-05-08,26170.0,FH Allen,right,86874.0,V Nigam,right,1396.0,Delhi Capitals,leg break,4.0,spin,2026-05-08 16:23:41,,,,,,,,106650825.0,257.0,90.0,159.0,5.0,1.0,1.0,False,False,True,False,,,,length ball,outside off,,drive,,,,,,,,keyword,1,,False,False,False,False,False,False,False,False,False,
2,1873,Kolkata Knight Riders,KKR,3,7,V Nigam,13,0,0,56/2,13.00,6.02,6.2,1,1,"Nigam to Green, 1 run",,"The leg spinner sends a back of a length delivery on middle stump, and Cameron Green works it carefully along the ground for a single.",d180378e-a7e7-40e7-a5ef-fedf0f95fbd1,237315,"Delhi Capitals v Kolkata Knight Riders at Delhi, Tata Indian Premier League, 8 May 2026",8903,Tata Indian Premier League,2026,"Arun Jaitley Stadium (Feroz Shah Kotla), Delhi",List A Twenty20,2026-05-08,65397.0,CD Green,right,86874.0,V Nigam,right,1396.0,Delhi Capitals,leg break,4.0,spin,2026-05-08 16:24:10,,,,,,,,106650830.0,341.0,85.0,148.0,3.0,1.0,1.0,False,False,True,False,,,,back of a length,middle stump,,work,along the ground,,,,,,,keyword,1,,False,False,False,False,False,False,False,False,False,
2,1873,Kolkata Knight Riders,KKR,3,7,V Nigam,13,0,0,56/2,13.00,6.03,6.3,4,4,"Nigam to Allen, 4 runs",,"Vipraj Nigam sends down a leg spinner pitching back of a length outside off, and Finn Allen expertly cuts it through backward point. The shot is well timed and races away for four, aided by a misfield in the deep.",d180378e-a7e7-40e7-a5ef-fedf0f95fbd1,237315,"Delhi Capitals v Kolkata Knight Riders at Delhi, Tata Indian Premier League, 8 May 2026",8903,Tata Indian Premier League,2026,"Arun Jaitley Stadium (Feroz Shah Kotla), Delhi",List A Twenty20,2026-05-08,26170.0,FH Allen,right,86874.0,V Nigam,right,1396.0,Delhi Capitals,leg break,4.0,spin,2026-05-08 16:24:32,,,,,,,,106650839.0,178.0,100.0,170.0,7.0,4.0,4.0,False,False,True,False,,,,back of a length,outside off,,cut,,well timed,backward point,,,,,keyword,4,,False,False,False,False,False,False,True,False,False,
2,1873,Kolkata Knight Riders,KKR,3,7,V Nigam,13,0,0,56/2,13.00,6.04,6.4,6,6,"Nigam to Allen, 6 runs",,"The leg spinner tosses up a length ball outside off, and Finn Allen goes for a controlled slog, middling it beautifully over long on for a maximum. That's two boundaries for Finn Allen this over, taking his tally to thirty runs off 20 balls at a strike rate of 155. Kolkata Knight Riders move on to 55 for 2.",d180378e-a7e7-40e7-a5ef-fedf0f95fbd1,237315,"Delhi Capitals v Kolkata Knight Riders at Delhi, Tata Indian Premier League, 8 May 2026",8903,Tata Indian Premier League,2026,"Arun Jaitley Stadium (Feroz Shah Kotla), Delhi",List A Twenty20,2026-05-08,26170.0,FH Allen,right,86874.0,V Nigam,right,1396.0,Delhi Capitals,leg break,4.0,spin,2026-05-08 16:25:11,,,,,,,,106650843.0,278.0,100.0,180.0,4.0,6.0,6.0,False,False,True,False,,,,length ball,outside off,,slog,,controlled,long on,,,,,keyword,6,,False,False,False,False,False,False,False,True,False,
2,1873,Kolkata Knight Riders,KKR,3,7,V Nigam,13,0,0,56/2,13.00,6.05,6.5,1,1,"Nigam to Allen, 1 run",,"Leg spinner bowls back of a length on middle stump, and Finn Allen drives it crisply along the ground, picking up a well-timed single.",d180378e-a7e7-40e7-a5ef-fedf0f95fbd1,237315,"Delhi Capitals v Kolkata Knight Riders at Delhi, Tata Indian Premier League, 8 May 2026",8903,Tata Indian Premier League,2026,"Arun Jaitley Stadium (Feroz Shah Kotla), Delhi",List A Twenty20,2026-05-08,26170.0,FH Allen,right,86874.0,V Nigam,right,1396.0,Delhi Capitals,leg break,4.0,spin,2026-05-08 16:25:55,,,,,,,,106650852.0,249.0,85.0,152.0,5.0,1.0,1.0,False,False,True,False,,,,back of a length,middle stump,,drive,along the ground,,,,,,,keyword,1,,False,False,False,False,False,False,False,False,False,
2,1873,Kolkata Knight Riders,KKR,3,7,V Nigam,13,0,0,56/2,13.00,6.06,6.6,0,0,"Nigam to Green, no run",,"Vipraj Nigam bowls a cunning googly, pitching it back of a length outside off. Cameron Green stays grounded to steer the ball cautiously towards backward point, where Nitish Rana fields it cleanly. No run comes off this delivery. Kolkata Knight Riders are chasing 87 from 78 deliveries, with eight wickets in hand, holding strong chances at 86 percent.",d180378e-a7e7-40e7-a5ef-fedf0f95fbd1,237315,"Delhi Capitals v Kolkata Knight Riders at Delhi, Tata Indian Premier League, 8 May 2026",8903,Tata Indian Premier League,2026,"Arun Jaitley Stadium (Feroz Shah Kotla), Delhi",List A Twenty20,2026-05-08,,,,,,,,,,,,,,,,,,,,,,,,,,,False,False,False,False,,,,back of a length,outside off,,steer,,,backward point,,,,,keyword,0,,False,False,False,False,False,False,False,False,True,
2,1873,Kolkata Knight Riders,KKR,3,8,KS Yadav,10,0,0,66/2,10.00,7.01,7.1,0,0,"Yadav to Allen, no run",Kuldeep Yadav takes the ball for their 1st spell,"Kuldeep Yadav bowls a back of a length stock ball on middle stump, met with a fierce slog from Finn Allen that is well grounded and fielded swiftly at mid-wicket for no run.",d180378e-a7e7-40e7-a5ef-fedf0f95fbd1,237315,"Delhi Capitals v Kolkata Knight Riders at Delhi, Tata Indian Premier League, 8 May 2026",8903,Tata Indian Premier League,2026,"Arun Jaitley Stadium (Feroz Shah Kotla), Delhi",List A Twenty20,2026-05-08,,,,,,,,,,,,,,,,,,,,,,,,,,,False,False,False,False,,,,back of a length,middle stump,,slog,,,,,,,,keyword,0,,False,False,False,False,False,False,False,False,True,
2,1873,Kolkata Knight Riders,KKR,3,8,KS Yadav,10,0,0,66/2,10.00,7.02,7.2,4,4,"Yadav to Allen, 4 runs",,"Kuldeep bowls a length googly on off stump, and Finn Allen elegantly drives it through third man for four, the edge perfectly guided to the boundary.",d180378e-a7e7-40e7-a5ef-fedf0f95fbd1,237315,"Delhi Capitals v Kolkata Knight Riders at Delhi, Tata Indian Premier League, 8 May 2026",8903,Tata Indian Premier League,2026,"Arun Jaitley Stadium (Feroz Shah Kotla), Delhi",List A Twenty20,2026-05-08,26170.0,FH Allen,right,20030.0,KS Yadav,left,1396.0,Delhi Capitals,left unorthodox,6.0,spin,2026-05-08 16:28:00,,,,,,,,106650880.0,110.0,100.0,161.0,8.0,4.0,4.0,False,False,True,False,,,,,off stump,,drive,,,third man,,,,,keyword,4,,False,False,False,False,False,False,True,False,False,
2,1873,Kolkata Knight Riders,KKR,3,8,KS Yadav,10,0,0,66/2,10.00,7.03,7.3,0,0,"Yadav to Allen, no run",,"Kuldeep sends down a length googly on the leg side, and Finn Allen works it neatly towards short leg where the fielder is alert.",d180378e-a7e7-40e7-a5ef-fedf0f95fbd1,237315,"Delhi Capitals v Kolkata Knight Riders at Delhi, Tata Indian Premier League, 8 May 2026",8903,Tata Indian Premier League,2026,"Arun Jaitley Stadium (Feroz Shah Kotla), Delhi",List A Twenty20,2026-05-08,,,,,,,,,,,,,,,,,,,,,,,,,,,False,False,False,False,,,,short,,,work,,,short leg,,,,,keyword,0,,False,False,False,False,False,False,False,False,True,
2,1873,Kolkata Knight Riders,KKR,3,8,KS Yadav,10,0,0,66/2,10.00,7.04,7.4,6,6,"Yadav to Allen, 6 runs",,"Kuldeep sends down a length googly on middle stump. Finn Allen drives it cleanly, timing the ball beautifully for a six over long on in a controlled, confident stroke. That makes it two boundaries for Finn Allen this over.",d180378e-a7e7-40e7-a5ef-fedf0f95fbd1,237315,"Delhi Capitals v Kolkata Knight Riders at Delhi, Tata Indian Premier League, 8 May 2026",8903,Tata Indian Premier League,2026,"Arun Jaitley Stadium (Feroz Shah Kotla), Delhi",List A Twenty20,2026-05-08,26170.0,FH Allen,right,20030.0,KS Yadav,left,1396.0,Delhi Capitals,left unorthodox,6.0,spin,2026-05-08 16:29:07,,,,,,,,106650895.0,270.0,100.0,180.0,5.0,6.0,6.0,False,False,True,False,,,,full,middle stump,,drive,,controlled,long on,,,,,keyword,6,,False,False,False,False,False,False,False,True,False,
2,1873,Kolkata Knight Riders,KKR,3,8,KS Yadav,10,0,0,66/2,10.00,7.05,7.5,0,0,"Yadav to Allen, no run",,"Kuldeep sends down a back of a length googly on middle stump. Finn Allen goes for a pull but gets a poor connection, sending a skied chance to long on that goes begging.",d180378e-a7e7-40e7-a5ef-fedf0f95fbd1,237315,"Delhi Capitals v Kolkata Knight Riders at Delhi, Tata Indian Premier League, 8 May 2026",8903,Tata Indian Premier League,2026,"Arun Jaitley Stadium (Feroz Shah Kotla), Delhi",List A Twenty20,2026-05-08,,,,,,,,,,,,,,,,,,,,,,,,,,,False,False,False,False,,,,back of a length,middle stump,,pull,,,long on,,,,,keyword,0,,False,False,False,False,False,False,False,False,True,
2,1873,Kolkata Knight Riders,KKR,3,8,KS Yadav,10,0,0,66/2,10.00,7.06,7.6,0,0,"Yadav to Allen, no run",,"Kuldeep bowls a length googly on middle stump, and Finn Allen neatly steers it towards backward point, where it's fielded cleanly. No run taken off this delivery. Kolkata Knight Riders need 77 from 72 balls with eight wickets in hand, holding an 88% win probability.",d180378e-a7e7-40e7-a5ef-fedf0f95fbd1,237315,"Delhi Capitals v Kolkata Knight Riders at Delhi, Tata Indian Premier League, 8 May 2026",8903,Tata Indian Premier League,2026,"Arun Jaitley Stadium (Feroz Shah Kotla), Delhi",List A Twenty20,2026-05-08,,,,,,,,,,,,,,,,,,,,,,,,,,,False,False,False,False,,,,,middle stump,,steer,,,backward point,,,,,keyword,0,,False,False,False,False,False,False,False,False,True,
2,1873,Kolkata Knight Riders,KKR,3,9,LT Ngidi,5,0,0,71/2,5.00,8.01,8.1,1,1,"Ngidi to Green, 1 run",Lungi Ngidi takes the ball for their 2nd spell,Ngidi bowls an off cutter pitching wide outside off. Green steps out to drive it crisply along the ground and picks up a confident single.,d180378e-a7e7-40e7-a5ef-fedf0f95fbd1,237315,"Delhi Capitals v Kolkata Knight Riders at Delhi, Tata Indian Premier League, 8 May 2026",8903,Tata Indian Premier League,2026,"Arun Jaitley Stadium (Feroz Shah Kotla), Delhi",List A Twenty20,2026-05-08,65397.0,CD Green,right,28230.0,LT Ngidi,right,1396.0,Delhi Capitals,right pace,1.0,pace,2026-05-08 16:33:54,,,,,,,,106650956.0,214.0,85.0,148.0,6.0,1.0,1.0,False,False,True,False,,,,,wide outside off,,drive,along the ground,,,,,,,keyword,1,,False,False,False,False,False,False,False,False,False,
2,1873,Kolkata Knight Riders,KKR,3,9,LT Ngidi,5,0,0,71/2,5.00,8.02,8.2,0,0,"Ngidi to Allen, no run",,"Lungi Ngidi bowls a length ball outside off, and Finn Allen attempts a drive but mis-times it, allowing the fielder at mid-wicket to collect comfortably. No run comes off this delivery.",d180378e-a7e7-40e7-a5ef-fedf0f95fbd1,237315,"Delhi Capitals v Kolkata Knight Riders at Delhi, Tata Indian Premier League, 8 May 2026",8903,Tata Indian Premier League,2026,"Arun Jaitley Stadium (Feroz Shah Kotla), Delhi",List A Twenty20,2026-05-08,,,,,,,,,,,,,,,,,,,,,,,,,,,False,False,False,False,,,,length ball,outside off,,drive,,,,,,,,keyword,0,,False,False,False,False,False,False,False,False,True,
2,1873,Kolkata Knight Riders,KKR,3,9,LT Ngidi,5,0,0,71/2,5.00,8.03,8.3,1,1,"Ngidi to Allen, 1 run",,Finn Allen steps out to meet this full toss wide outside off and drives it nicely along the ground for one.,d180378e-a7e7-40e7-a5ef-fedf0f95fbd1,237315,"Delhi Capitals v Kolkata Knight Riders at Delhi, Tata Indian Premier League, 8 May 2026",8903,Tata Indian Premier League,2026,"Arun Jaitley Stadium (Feroz Shah Kotla), Delhi",List A Twenty20,2026-05-08,26170.0,FH Allen,right,28230.0,LT Ngidi,right,1396.0,Delhi Capitals,right pace,1.0,pace,2026-05-08 16:35:21,,,,,,,,106650978.0,261.0,90.0,158.0,5.0,1.0,1.0,False,False,True,False,,,,full toss,wide outside off,,drive,along the ground,,,,,,,keyword,1,,False,False,False,False,False,False,False,False,False,
2,1873,Kolkata Knight Riders,KKR,3,9,LT Ngidi,5,0,0,71/2,5.00,8.04,8.4,1,1,"Ngidi to Green, 1 run",,"Cameron Green drives a length ball just outside off, racing it along the ground towards deep cover where it's well fielded. He picks up a comfortable single.",d180378e-a7e7-40e7-a5ef-fedf0f95fbd1,237315,"Delhi Capitals v Kolkata Knight Riders at Delhi, Tata Indian Premier League, 8 May 2026",8903,Tata Indian Premier League,2026,"Arun Jaitley Stadium (Feroz Shah Kotla), Delhi",List A Twenty20,2026-05-08,65397.0,CD Green,right,28230.0,LT Ngidi,right,1396.0,Delhi Capitals,right pace,1.0,pace,2026-05-08 16:35:59,,,,,,,,106650983.0,194.0,90.0,149.0,6.0,1.0,1.0,False,False,True,False,,,,length ball,outside off,,drive,along the ground,,deep cover,,,,,keyword,1,,False,False,False,False,False,False,False,False,False,
2,1873,Kolkata Knight Riders,KKR,3,9,LT Ngidi,5,0,0,71/2,5.00,8.05,8.5,1,1,"Ngidi to Allen, 1 run",,"Ngidi delivers a yorker just on off stump swinging back in. The batter defends with a bottom edge, sneakily squeaking a single through to the keeper.",d180378e-a7e7-40e7-a5ef-fedf0f95fbd1,237315,"Delhi Capitals v Kolkata Knight Riders at Delhi, Tata Indian Premier League, 8 May 2026",8903,Tata Indian Premier League,2026,"Arun Jaitley Stadium (Feroz Shah Kotla), Delhi",List A Twenty20,2026-05-08,,,,,,,,,,,,,,,,,,,,,,,,,,,False,False,False,False,,,,yorker,off stump,,,,,keeper,,,,,keyword,1,,False,False,False,False,False,False,False,False,False,
2,1873,Kolkata Knight Riders,KKR,3,9,LT Ngidi,5,0,0,71/2,5.00,8.06,8.6,1,1,"Ngidi to Green, 1 run",,"Ngidi bowls a length delivery outside off, and Green attempts a drive but mistimes it slightly, skimming it along the ground for a single. Kolkata Knight Riders require 72 runs from 66 balls, maintaining a healthy chase with eight wickets in hand and an 89% win probability.",d180378e-a7e7-40e7-a5ef-fedf0f95fbd1,237315,"Delhi Capitals v Kolkata Knight Riders at Delhi, Tata Indian Premier League, 8 May 2026",8903,Tata Indian Premier League,2026,"Arun Jaitley Stadium (Feroz Shah Kotla), Delhi",List A Twenty20,2026-05-08,65397.0,CD Green,right,28230.0,LT Ngidi,right,1396.0,Delhi Capitals,right pace,1.0,pace,2026-05-08 16:37:37,,,,,,,,106651005.0,261.0,90.0,163.0,5.0,1.0,1.0,False,False,True,False,,,,,outside off,,drive,along the ground,,,,,,,keyword,1,,False,False,False,False,False,False,False,False,False,
2,1873,Kolkata Knight Riders,KKR,3,10,AR Patel,4,0,0,75/2,4.00,9.01,9.1,0,0,"Patel to Green, no run",Axar Patel takes the ball for their 2nd spell,"Axar Patel delivers a back of a length stock ball just on off stump, and Cameron Green pushes it carefully back to him for no run.",d180378e-a7e7-40e7-a5ef-fedf0f95fbd1,237315,"Delhi Capitals v Kolkata Knight Riders at Delhi, Tata Indian Premier League, 8 May 2026",8903,Tata Indian Premier League,2026,"Arun Jaitley Stadium (Feroz Shah Kotla), Delhi",List A Twenty20,2026-05-08,,,,,,,,,,,,,,,,,,,,,,,,,,,False,False,False,False,,,,back of a length,off stump,,push,,,,,,,,keyword,0,,False,False,False,False,False,False,False,False,True,
2,1873,Kolkata Knight Riders,KKR,3,10,AR Patel,4,0,0,75/2,4.00,9.02,9.2,0,0,"Patel to Green, no run",,"Axar Patel delivers a length stock ball on off stump, met with a controlled drive from Cameron Green that stays grounded. The ball is fielded cleanly at extra cover, and no run is added.",d180378e-a7e7-40e7-a5ef-fedf0f95fbd1,237315,"Delhi Capitals v Kolkata Knight Riders at Delhi, Tata Indian Premier League, 8 May 2026",8903,Tata Indian Premier League,2026,"Arun Jaitley Stadium (Feroz Shah Kotla), Delhi",List A Twenty20,2026-05-08,,,,,,,,,,,,,,,,,,,,,,,,,,,False,False,False,False,,,,,off stump,,drive,,controlled,extra cover,,,,,keyword,0,,False,False,False,False,False,False,False,False,True,
2,1873,Kolkata Knight Riders,KKR,3,10,AR Patel,4,0,0,75/2,4.00,9.03,9.3,0,0,"Patel to Green, no run",,"Axar Patel delivers a length stock ball on middle stump, and Cameron Green works a mis-timed shot along the ground, but it yields no run as the ball is fielded swiftly.",d180378e-a7e7-40e7-a5ef-fedf0f95fbd1,237315,"Delhi Capitals v Kolkata Knight Riders at Delhi, Tata Indian Premier League, 8 May 2026",8903,Tata Indian Premier League,2026,"Arun Jaitley Stadium (Feroz Shah Kotla), Delhi",List A Twenty20,2026-05-08,,,,,,,,,,,,,,,,,,,,,,,,,,,False,False,False,False,,,,,middle stump,,work,along the ground,,,,,,,keyword,0,,False,False,False,False,False,False,False,False,True,
2,1873,Kolkata Knight Riders,KKR,3,10,AR Patel,4,0,0,75/2,4.00,9.04,9.4,2,2,"Patel to Green, 2 runs",,"The stock ball is delivered on a length, angling on off stump. Cameron Green meets it with a precise drive, keeping it along the ground for a well-run two despite a sharp run saved by Pathum Nissanka at deep extra cover.",d180378e-a7e7-40e7-a5ef-fedf0f95fbd1,237315,"Delhi Capitals v Kolkata Knight Riders at Delhi, Tata Indian Premier League, 8 May 2026",8903,Tata Indian Premier League,2026,"Arun Jaitley Stadium (Feroz Shah Kotla), Delhi",List A Twenty20,2026-05-08,65397.0,CD Green,right,17616.0,AR Patel,left,1396.0,Delhi Capitals,left orthodox,5.0,spin,2026-05-08 16:39:38,,,,,,,,106651032.0,211.0,90.0,155.0,6.0,2.0,2.0,False,False,True,False,,,,,off stump,,drive,along the ground,,deep extra cover,,,,,keyword,2,,False,False,False,False,False,False,False,False,False,
2,1873,Kolkata Knight Riders,KKR,3,10,AR Patel,4,0,0,75/2,4.00,9.05,9.5,1,1,"Patel to Green, 1 run",,"Axar Patel rolls in a length stock ball on off stump, and Cameron Green confidently drives it along the ground, picking up a single with a neat fielded return from deep cover.",d180378e-a7e7-40e7-a5ef-fedf0f95fbd1,237315,"Delhi Capitals v Kolkata Knight Riders at Delhi, Tata Indian Premier League, 8 May 2026",8903,Tata Indian Premier League,2026,"Arun Jaitley Stadium (Feroz Shah Kotla), Delhi",List A Twenty20,2026-05-08,65397.0,CD Green,right,17616.0,AR Patel,left,1396.0,Delhi Capitals,left orthodox,5.0,spin,2026-05-08 16:40:17,,,,,,,,106651040.0,195.0,95.0,161.0,6.0,1.0,1.0,False,False,True,False,,,,,off stump,,drive,along the ground,,,,,,,keyword,1,,False,False,False,False,False,False,False,False,False,
2,1873,Kolkata Knight Riders,KKR,3,10,AR Patel,4,0,0,75/2,4.00,9.06,9.6,1,1,"Patel to Allen, 1 run",,"A back of a length stock ball on off stump is worked with controlled finesse by Finn Allen, who nudges it away for a single. Kolkata Knight Riders face a chase of 68 from 60 balls, with a strong 8 wicket cushion and an 88% win probability.",d180378e-a7e7-40e7-a5ef-fedf0f95fbd1,237315,"Delhi Capitals v Kolkata Knight Riders at Delhi, Tata Indian Premier League, 8 May 2026",8903,Tata Indian Premier League,2026,"Arun Jaitley Stadium (Feroz Shah Kotla), Delhi",List A Twenty20,2026-05-08,26170.0,FH Allen,right,17616.0,AR Patel,left,1396.0,Delhi Capitals,left orthodox,5.0,spin,2026-05-08 16:40:45,,,,,,,,106651046.0,287.0,90.0,161.0,4.0,1.0,1.0,False,False,True,False,,,,back of a length,off stump,,work,,controlled,,,,,,keyword,1,,False,False,False,False,False,False,False,False,False,
2,1873,Kolkata Knight Riders,KKR,3,11,MA Starc,13,0,0,88/2,13.00,10.01,10.1,6,6,"Starc to Allen, 6 runs",Mitchell Starc takes the ball for their 2nd spell,"A length ball wide outside off from the bowler, met with a superbly controlled scoop shot that sails neatly over fine leg for six. Finn Allen reaches his 50 off just 32 balls, boosting the partnership to 50 runs from 39 deliveries.",d180378e-a7e7-40e7-a5ef-fedf0f95fbd1,237315,"Delhi Capitals v Kolkata Knight Riders at Delhi, Tata Indian Premier League, 8 May 2026",8903,Tata Indian Premier League,2026,"Arun Jaitley Stadium (Feroz Shah Kotla), Delhi",List A Twenty20,2026-05-08,26170.0,FH Allen,right,14328.0,MA Starc,left,1396.0,Delhi Capitals,left pace,1.0,pace,2026-05-08 16:42:04,,,,,,,,106651066.0,70.0,100.0,161.0,1.0,6.0,6.0,False,False,True,False,,,,length ball,wide outside off,,,,controlled,fine leg,,,,,keyword,6,,False,False,False,False,False,False,False,True,False,
2,1873,Kolkata Knight Riders,KKR,3,11,MA Starc,13,0,0,88/2,13.00,10.02,10.2,1,1,"Starc to Allen, 1 run",,"Mitchell Starc bowls an off cutter just outside off stump, length ball. Finn Allen leans into a controlled drive, piercing the field to pick up a single.",d180378e-a7e7-40e7-a5ef-fedf0f95fbd1,237315,"Delhi Capitals v Kolkata Knight Riders at Delhi, Tata Indian Premier League, 8 May 2026",8903,Tata Indian Premier League,2026,"Arun Jaitley Stadium (Feroz Shah Kotla), Delhi",List A Twenty20,2026-05-08,26170.0,FH Allen,right,14328.0,MA Starc,left,1396.0,Delhi Capitals,left pace,1.0,pace,2026-05-08 16:42:52,,,,,,,,106651075.0,257.0,90.0,161.0,5.0,1.0,1.0,False,False,True,False,,,,length ball,outside off,,drive,,controlled,,,,,,keyword,1,,False,False,False,False,False,False,False,False,False,
2,1873,Kolkata Knight Riders,KKR,3,11,MA Starc,13,0,0,88/2,13.00,10.03,10.3,2,2,"Starc to Green, 2 runs",,"Green attempts a drive outside off on a length ball, but it's mis-timed and uncontrolled. The ball races away for two after a tough drop by Axar Patel.",d180378e-a7e7-40e7-a5ef-fedf0f95fbd1,237315,"Delhi Capitals v Kolkata Knight Riders at Delhi, Tata Indian Premier League, 8 May 2026",8903,Tata Indian Premier League,2026,"Arun Jaitley Stadium (Feroz Shah Kotla), Delhi",List A Twenty20,2026-05-08,65397.0,CD Green,right,14328.0,MA Starc,left,1396.0,Delhi Capitals,left pace,1.0,pace,2026-05-08 16:43:31,,,,,,,,106651084.0,194.0,85.0,147.0,6.0,2.0,2.0,False,False,True,False,,,,length ball,outside off,,drive,,uncontrolled,,,,,,keyword,2,,False,False,False,False,False,False,False,False,False,
2,1873,Kolkata Knight Riders,KKR,3,11,MA Starc,13,0,0,88/2,13.00,10.04,10.4,1,1,"Starc to Green, 1 run",,"Green turns on a controlled pull shot off the back of a length off cutter outside off, flicking it finely for a single to deep square leg.",d180378e-a7e7-40e7-a5ef-fedf0f95fbd1,237315,"Delhi Capitals v Kolkata Knight Riders at Delhi, Tata Indian Premier League, 8 May 2026",8903,Tata Indian Premier League,2026,"Arun Jaitley Stadium (Feroz Shah Kotla), Delhi",List A Twenty20,2026-05-08,65397.0,CD Green,right,14328.0,MA Starc,left,1396.0,Delhi Capitals,left pace,1.0,pace,2026-05-08 16:44:19,,,,,,,,106651092.0,335.0,90.0,156.0,3.0,1.0,1.0,False,False,True,False,,,,back of a length,outside off,,flick,,controlled,deep square leg,,,,,keyword,1,,False,False,False,False,False,False,False,False,False,
2,1873,Kolkata Knight Riders,KKR,3,11,MA Starc,13,0,0,88/2,13.00,10.05,10.5,1,1,"Starc to Allen, 1 run",,"Starc bowls a short off cutter on middle stump, and Allen manages a bottom-edge pull for a single down to long on.",d180378e-a7e7-40e7-a5ef-fedf0f95fbd1,237315,"Delhi Capitals v Kolkata Knight Riders at Delhi, Tata Indian Premier League, 8 May 2026",8903,Tata Indian Premier League,2026,"Arun Jaitley Stadium (Feroz Shah Kotla), Delhi",List A Twenty20,2026-05-08,26170.0,FH Allen,right,14328.0,MA Starc,left,1396.0,Delhi Capitals,left pace,1.0,pace,2026-05-08 16:45:09,,,,,,,,106651107.0,295.0,80.0,142.0,4.0,1.0,1.0,False,False,True,False,,,,short,middle stump,,pull,,,long on,,,,,keyword,1,,False,False,False,False,False,False,False,False,False,
2,1873,Kolkata Knight Riders,KKR,3,11,MA Starc,13,0,0,88/2,13.00,10.06,10.6,2,2,"Starc to Green, 2 runs",,"On this full toss outside off, the batter confidently drives low and controlled through the cover region for two runs. Kolkata Knight Riders still hold a strong position needing 55 from 54 balls with eight wickets in hand.",d180378e-a7e7-40e7-a5ef-fedf0f95fbd1,237315,"Delhi Capitals v Kolkata Knight Riders at Delhi, Tata Indian Premier League, 8 May 2026",8903,Tata Indian Premier League,2026,"Arun Jaitley Stadium (Feroz Shah Kotla), Delhi",List A Twenty20,2026-05-08,65397.0,CD Green,right,14328.0,MA Starc,left,1396.0,Delhi Capitals,left pace,1.0,pace,2026-05-08 16:45:50,,,,,,,,106651117.0,215.0,85.0,150.0,6.0,2.0,2.0,False,False,True,False,,,,full toss,outside off,,drive,,controlled,cover,,,,,keyword,2,,False,False,False,False,False,False,False,False,False,
2,1873,Kolkata Knight Riders,KKR,3,12,KS Yadav,16,0,0,104/2,16.00,11.01,11.1,6,6,"Yadav to Allen, 6 runs",Kuldeep Yadav takes the ball for their 2nd spell,"Kuldeep Yadav sends down a short googly right on middle stump. Finn Allen leans into a controlled pull, middling the ball perfectly over deep square leg for a glorious six.",d180378e-a7e7-40e7-a5ef-fedf0f95fbd1,237315,"Delhi Capitals v Kolkata Knight Riders at Delhi, Tata Indian Premier League, 8 May 2026",8903,Tata Indian Premier League,2026,"Arun Jaitley Stadium (Feroz Shah Kotla), Delhi",List A Twenty20,2026-05-08,26170.0,FH Allen,right,20030.0,KS Yadav,left,1396.0,Delhi Capitals,left unorthodox,6.0,spin,2026-05-08 16:47:19,,,,,,,,106651133.0,335.0,100.0,174.0,3.0,6.0,6.0,False,False,True,False,,,,short,middle stump,,pull,,controlled,deep square leg,,,,,keyword,6,,False,False,False,False,False,False,False,True,False,
2,1873,Kolkata Knight Riders,KKR,3,12,KS Yadav,16,0,0,104/2,16.00,11.02,11.2,1,1,"Yadav to Allen, 1 run",,"Kuldeep bowls a stock delivery on off stump, back of a length, and the batter pushes it neatly to long off for a quick single.",d180378e-a7e7-40e7-a5ef-fedf0f95fbd1,237315,"Delhi Capitals v Kolkata Knight Riders at Delhi, Tata Indian Premier League, 8 May 2026",8903,Tata Indian Premier League,2026,"Arun Jaitley Stadium (Feroz Shah Kotla), Delhi",List A Twenty20,2026-05-08,26170.0,FH Allen,right,20030.0,KS Yadav,left,1396.0,Delhi Capitals,left unorthodox,6.0,spin,2026-05-08 16:47:53,,,,,,,,106651140.0,254.0,85.0,154.0,5.0,1.0,1.0,False,False,True,False,,,,back of a length,off stump,,push,,,long off,,,,,keyword,1,,False,False,False,False,False,False,False,False,False,
2,1873,Kolkata Knight Riders,KKR,3,12,KS Yadav,16,0,0,104/2,16.00,11.03,11.3,6,6,"Yadav to Green, 6 runs",,"Kuldeep Yadav bowls a short googly on middle stump, but Cameron Green steps in and unleashes a controlled slog. The ball sails beautifully, middled perfectly, and crashes over deep square leg for a six. That brings Kolkata Knight Riders to 101 for 2.",d180378e-a7e7-40e7-a5ef-fedf0f95fbd1,237315,"Delhi Capitals v Kolkata Knight Riders at Delhi, Tata Indian Premier League, 8 May 2026",8903,Tata Indian Premier League,2026,"Arun Jaitley Stadium (Feroz Shah Kotla), Delhi",List A Twenty20,2026-05-08,65397.0,CD Green,right,20030.0,KS Yadav,left,1396.0,Delhi Capitals,left unorthodox,6.0,spin,2026-05-08 16:48:27,,,,,,,,106651148.0,347.0,100.0,172.0,3.0,6.0,6.0,False,False,True,False,,,,short,middle stump,,slog,,controlled,deep square leg,,,,,keyword,6,,False,False,False,False,False,False,False,True,False,
2,1873,Kolkata Knight Riders,KKR,3,12,KS Yadav,16,0,0,104/2,16.00,11.04,11.4,1,1,"Yadav to Green, 1 run",,"Kuldeep bowls a length stock ball just outside off stump, and Green pushes it nicely to extra cover for a well-taken single.",d180378e-a7e7-40e7-a5ef-fedf0f95fbd1,237315,"Delhi Capitals v Kolkata Knight Riders at Delhi, Tata Indian Premier League, 8 May 2026",8903,Tata Indian Premier League,2026,"Arun Jaitley Stadium (Feroz Shah Kotla), Delhi",List A Twenty20,2026-05-08,65397.0,CD Green,right,20030.0,KS Yadav,left,1396.0,Delhi Capitals,left unorthodox,6.0,spin,2026-05-08 16:49:23,,,,,,,,106651160.0,212.0,45.0,78.0,6.0,1.0,1.0,False,False,True,False,,,,,outside off,,push,,,extra cover,,,,,keyword,1,,False,False,False,False,False,False,False,False,False,
2,1873,Kolkata Knight Riders,KKR,3,12,KS Yadav,16,0,0,104/2,16.00,11.05,11.5,1,1,"Yadav to Allen, 1 run",,"Kuldeep tosses up a googly, landing just outside off on a back of a length. Finn Allen goes for a drive but mistimes it, managing to get just a single as the ball is misfielded at mid off. That brings the total to 15 runs in this over.",d180378e-a7e7-40e7-a5ef-fedf0f95fbd1,237315,"Delhi Capitals v Kolkata Knight Riders at Delhi, Tata Indian Premier League, 8 May 2026",8903,Tata Indian Premier League,2026,"Arun Jaitley Stadium (Feroz Shah Kotla), Delhi",List A Twenty20,2026-05-08,26170.0,FH Allen,right,20030.0,KS Yadav,left,1396.0,Delhi Capitals,left unorthodox,6.0,spin,2026-05-08 16:49:51,,,,,,,,106651166.0,260.0,80.0,148.0,5.0,1.0,1.0,False,False,True,False,,,,back of a length,outside off,,drive,,,mid off,,,,,keyword,1,,False,False,False,False,False,False,False,False,False,
2,1873,Kolkata Knight Riders,KKR,3,12,KS Yadav,16,0,0,104/2,16.00,11.06,11.6,1,1,"Yadav to Green, 1 run",,"Green plays a controlled drive straight on the off stump line, picking up a well-run single. That makes it 16 this over! Kolkata Knight Riders need 39 from 48 balls with eight wickets in hand, keeping their 95% win probability intact.",d180378e-a7e7-40e7-a5ef-fedf0f95fbd1,237315,"Delhi Capitals v Kolkata Knight Riders at Delhi, Tata Indian Premier League, 8 May 2026",8903,Tata Indian Premier League,2026,"Arun Jaitley Stadium (Feroz Shah Kotla), Delhi",List A Twenty20,2026-05-08,65397.0,CD Green,right,20030.0,KS Yadav,left,1396.0,Delhi Capitals,left unorthodox,6.0,spin,2026-05-08 16:50:22,,,,,,,,106651171.0,259.0,85.0,153.0,5.0,1.0,1.0,False,False,True,False,,,,,off stump,,drive,,controlled,,,,,,keyword,1,,False,False,False,False,False,False,False,False,False,
2,1873,Kolkata Knight Riders,KKR,3,13,V Nigam,21,0,0,125/2,21.00,12.01,12.1,1,1,"Nigam to Green, 1 run",Vipraj Nigam takes the ball for their 2nd spell,"On a back of a length delivery, the leg spinner drifts on off stump but Green works it neatly through the off side for a single. Cameron Green moves on to thirty runs off 24 balls with a strike rate of 125.",d180378e-a7e7-40e7-a5ef-fedf0f95fbd1,237315,"Delhi Capitals v Kolkata Knight Riders at Delhi, Tata Indian Premier League, 8 May 2026",8903,Tata Indian Premier League,2026,"Arun Jaitley Stadium (Feroz Shah Kotla), Delhi",List A Twenty20,2026-05-08,65397.0,CD Green,right,86874.0,V Nigam,right,1396.0,Delhi Capitals,leg break,4.0,spin,2026-05-08 16:51:50,,,,,,,,106651188.0,327.0,90.0,160.0,3.0,1.0,1.0,False,False,True,False,,,,back of a length,off stump,,work,,,,,,,,keyword,1,,False,False,False,False,False,False,False,False,False,
2,1873,Kolkata Knight Riders,KKR,3,13,V Nigam,21,0,0,125/2,21.00,12.02,12.2,6,6,"Nigam to Allen, 6 runs",,"The leg spinner floats a length ball outside off, and Allen steps into a beautifully controlled drive. He middles it perfectly and sends it racing over long off for a magnificent six.",d180378e-a7e7-40e7-a5ef-fedf0f95fbd1,237315,"Delhi Capitals v Kolkata Knight Riders at Delhi, Tata Indian Premier League, 8 May 2026",8903,Tata Indian Premier League,2026,"Arun Jaitley Stadium (Feroz Shah Kotla), Delhi",List A Twenty20,2026-05-08,26170.0,FH Allen,right,86874.0,V Nigam,right,1396.0,Delhi Capitals,leg break,4.0,spin,2026-05-08 16:52:17,,,,,,,,106651194.0,252.0,100.0,180.0,5.0,6.0,6.0,False,False,True,False,,,,length ball,outside off,,drive,,controlled,long off,,,,,keyword,6,,False,False,False,False,False,False,False,True,False,
2,1873,Kolkata Knight Riders,KKR,3,13,V Nigam,21,0,0,125/2,21.00,12.03,12.3,6,6,"Nigam to Allen, 6 runs",,"A biting leg spinner pitched back of a length on off stump, met with a beautifully controlled pull shot. Finn Allen middles it perfectly, sending the ball flying over deep square leg for a six! That makes it another maximum for Finn Allen, his second this over.",d180378e-a7e7-40e7-a5ef-fedf0f95fbd1,237315,"Delhi Capitals v Kolkata Knight Riders at Delhi, Tata Indian Premier League, 8 May 2026",8903,Tata Indian Premier League,2026,"Arun Jaitley Stadium (Feroz Shah Kotla), Delhi",List A Twenty20,2026-05-08,26170.0,FH Allen,right,86874.0,V Nigam,right,1396.0,Delhi Capitals,leg break,4.0,spin,2026-05-08 16:52:50,,,,,,,,106651199.0,351.0,100.0,172.0,3.0,6.0,6.0,False,False,True,False,,,,back of a length,off stump,,pull,,controlled,deep square leg,,,,,keyword,6,,False,False,False,False,False,False,False,True,False,
2,1873,Kolkata Knight Riders,KKR,3,13,V Nigam,21,0,0,125/2,21.00,12.04,12.4,6,6,"Nigam to Allen, 6 runs",,"This leg spinner drifts outside off with a length ball, and Finn Allen drives it beautifully, timing it perfectly. The ball races over long off for a majestic six, struck with great control and precision. Finn Allen now has three sixes in this over, taking his tally to 19 runs.",d180378e-a7e7-40e7-a5ef-fedf0f95fbd1,237315,"Delhi Capitals v Kolkata Knight Riders at Delhi, Tata Indian Premier League, 8 May 2026",8903,Tata Indian Premier League,2026,"Arun Jaitley Stadium (Feroz Shah Kotla), Delhi",List A Twenty20,2026-05-08,26170.0,FH Allen,right,86874.0,V Nigam,right,1396.0,Delhi Capitals,leg break,4.0,spin,2026-05-08 16:53:32,,,,,,,,106651203.0,258.0,100.0,180.0,5.0,6.0,6.0,False,False,True,False,,,,length ball,outside off,,drive,,,long off,,,,,keyword,6,,False,False,False,False,False,False,False,True,False,
2,1873,Kolkata Knight Riders,KKR,3,13,V Nigam,21,0,0,125/2,21.00,12.05,12.5,1,1,"Nigam to Allen, 1 run",,"Finn Allen pushes a length ball on off stump gently into the off side, picking up a single with a neat bit of placement. That brings the total to 20 runs in this over.",d180378e-a7e7-40e7-a5ef-fedf0f95fbd1,237315,"Delhi Capitals v Kolkata Knight Riders at Delhi, Tata Indian Premier League, 8 May 2026",8903,Tata Indian Premier League,2026,"Arun Jaitley Stadium (Feroz Shah Kotla), Delhi",List A Twenty20,2026-05-08,26170.0,FH Allen,right,86874.0,V Nigam,right,1396.0,Delhi Capitals,leg break,4.0,spin,2026-05-08 16:54:30,,,,,,,,106651212.0,257.0,85.0,154.0,5.0,1.0,1.0,False,False,True,False,,,,length ball,off stump,,push,,,,,,,,keyword,1,,False,False,False,False,False,False,False,False,False,
2,1873,Kolkata Knight Riders,KKR,3,13,V Nigam,21,0,0,125/2,21.00,12.06,12.6,1,1,"Nigam to Green, 1 run",,"The leg spinner floats a back of a length delivery on off stump, and Cameron Green works it off the pads for a single to square leg, neatly fielded by Rahul. That takes the total to 21 in this over. Kolkata Knight Riders need 18 runs from 42 balls, holding strong with eight wickets in hand and a 98% win probability.",d180378e-a7e7-40e7-a5ef-fedf0f95fbd1,237315,"Delhi Capitals v Kolkata Knight Riders at Delhi, Tata Indian Premier League, 8 May 2026",8903,Tata Indian Premier League,2026,"Arun Jaitley Stadium (Feroz Shah Kotla), Delhi",List A Twenty20,2026-05-08,65397.0,CD Green,right,86874.0,V Nigam,right,1396.0,Delhi Capitals,leg break,4.0,spin,2026-05-08 16:54:57,,,,,,,,106651218.0,342.0,35.0,61.0,3.0,1.0,1.0,False,False,True,False,,,,back of a length,off stump,,work,,,square leg,Rahul,,,,keyword,1,,False,False,False,False,False,False,False,False,False,
2,1873,Kolkata Knight Riders,KKR,3,14,KS Yadav,15,0,0,140/2,15.00,13.01,13.1,1,1,"Yadav to Green, 1 run",Kuldeep Yadav continues their spell,"Kuldeep Yadav sends down a length stock ball on leg stump, and Cameron Green works it carefully for a single through the leg side.",d180378e-a7e7-40e7-a5ef-fedf0f95fbd1,237315,"Delhi Capitals v Kolkata Knight Riders at Delhi, Tata Indian Premier League, 8 May 2026",8903,Tata Indian Premier League,2026,"Arun Jaitley Stadium (Feroz Shah Kotla), Delhi",List A Twenty20,2026-05-08,65397.0,CD Green,right,20030.0,KS Yadav,left,1396.0,Delhi Capitals,left unorthodox,6.0,spin,2026-05-08 16:56:02,,,,,,,,106651230.0,11.0,75.0,129.0,2.0,1.0,1.0,False,False,True,False,,,,full,leg stump,,work,,,,,,,,keyword,1,,False,False,False,False,False,False,False,False,False,
2,1873,Kolkata Knight Riders,KKR,3,14,KS Yadav,15,0,0,140/2,15.00,13.02,13.2,6,6,"Yadav to Allen, 6 runs",,"Kuldeep Yadav bowls a length googly wide outside off, but Finn Allen drives it perfectly. The ball is middled and controlled, racing over long off for a magnificent six. The partnership crosses the 100-run mark from just 58 balls.",d180378e-a7e7-40e7-a5ef-fedf0f95fbd1,237315,"Delhi Capitals v Kolkata Knight Riders at Delhi, Tata Indian Premier League, 8 May 2026",8903,Tata Indian Premier League,2026,"Arun Jaitley Stadium (Feroz Shah Kotla), Delhi",List A Twenty20,2026-05-08,26170.0,FH Allen,right,20030.0,KS Yadav,left,1396.0,Delhi Capitals,left unorthodox,6.0,spin,2026-05-08 16:56:39,,,,,,,,106651238.0,249.0,100.0,179.0,5.0,6.0,6.0,False,False,True,False,,,,,wide outside off,,drive,,controlled,long off,,,,,keyword,6,,False,False,False,False,False,False,False,True,False,
2,1873,Kolkata Knight Riders,KKR,3,14,KS Yadav,15,0,0,140/2,15.00,13.03,13.3,0,0,"Yadav to Allen, no run",,"Kuldeep bowls a length stock ball outside off, and Finn Allen works it with a mis-timed shot towards mid-wicket where Axar Patel fields it swiftly. No run comes from this delivery.",d180378e-a7e7-40e7-a5ef-fedf0f95fbd1,237315,"Delhi Capitals v Kolkata Knight Riders at Delhi, Tata Indian Premier League, 8 May 2026",8903,Tata Indian Premier League,2026,"Arun Jaitley Stadium (Feroz Shah Kotla), Delhi",List A Twenty20,2026-05-08,,,,,,,,,,,,,,,,,,,,,,,,,,,False,False,False,False,,,,,outside off,,work,,,,,,,,keyword,0,,False,False,False,False,False,False,False,False,True,
2,1873,Kolkata Knight Riders,KKR,3,14,KS Yadav,15,0,0,140/2,15.00,13.04,13.4,2,2,"Yadav to Allen, 2 runs",,"Kuldeep Yadav bowls his stock ball on off stump length, and Finn Allen carefully works an inside edge for two runs down to fine leg.",d180378e-a7e7-40e7-a5ef-fedf0f95fbd1,237315,"Delhi Capitals v Kolkata Knight Riders at Delhi, Tata Indian Premier League, 8 May 2026",8903,Tata Indian Premier League,2026,"Arun Jaitley Stadium (Feroz Shah Kotla), Delhi",List A Twenty20,2026-05-08,26170.0,FH Allen,right,20030.0,KS Yadav,left,1396.0,Delhi Capitals,left unorthodox,6.0,spin,2026-05-08 16:57:40,,,,,,,,106651252.0,62.0,85.0,141.0,1.0,2.0,2.0,False,False,True,False,,,,full,off stump,,work,,,fine leg,,,,,keyword,2,,False,False,False,False,False,False,False,False,False,
2,1873,Kolkata Knight Riders,KKR,3,14,KS Yadav,15,0,0,140/2,15.00,13.05,13.5,6,6,"Yadav to Allen, 6 runs",,"Kuldeep Yadav bowls a length stock ball just outside off. Finn Allen steps across and unleashes a controlled slog-sweep, timing it perfectly to send it soaring over mid-wicket for six! That's another six for Finn Allen, his second of the over, taking the total to fifteen in this over alone.",d180378e-a7e7-40e7-a5ef-fedf0f95fbd1,237315,"Delhi Capitals v Kolkata Knight Riders at Delhi, Tata Indian Premier League, 8 May 2026",8903,Tata Indian Premier League,2026,"Arun Jaitley Stadium (Feroz Shah Kotla), Delhi",List A Twenty20,2026-05-08,26170.0,FH Allen,right,20030.0,KS Yadav,left,1396.0,Delhi Capitals,left unorthodox,6.0,spin,2026-05-08 16:58:20,,,,,,,,106651260.0,307.0,100.0,178.0,4.0,6.0,6.0,False,False,True,False,,,,,outside off,,slog sweep,,controlled,,,,,,keyword,6,,False,False,False,False,False,False,False,True,False,
2,1873,Kolkata Knight Riders,KKR,3,14,KS Yadav,15,0,0,140/2,15.00,13.06,13.6,0,0,"Yadav to Allen, no run",,"Kuldeep bowls a back of a length stock ball on leg stump, Finn Allen goes for a slog but only manages a bottom edge, resulting in no run as the ball is swiftly fielded. Kolkata Knight Riders require just 3 runs from 36 balls with plenty of wickets in hand, firmly in control with a 99 percent chance to win.",d180378e-a7e7-40e7-a5ef-fedf0f95fbd1,237315,"Delhi Capitals v Kolkata Knight Riders at Delhi, Tata Indian Premier League, 8 May 2026",8903,Tata Indian Premier League,2026,"Arun Jaitley Stadium (Feroz Shah Kotla), Delhi",List A Twenty20,2026-05-08,,,,,,,,,,,,,,,,,,,,,,,,,,,False,False,False,False,,,,back of a length,leg stump,,slog,,,,,,,,keyword,0,,False,False,False,False,False,False,False,False,True,
2,1873,Kolkata Knight Riders,KKR,3,15,M Kumar,7,0,0,147/2,21.00,14.01,14.1,1,1,"Kumar to Green, 1 run",Mukesh Kumar takes the ball for their 1st spell,Green works the back-of-a-length delivery just outside off stump into the onside and sneaks a quick single.,d180378e-a7e7-40e7-a5ef-fedf0f95fbd1,237315,"Delhi Capitals v Kolkata Knight Riders at Delhi, Tata Indian Premier League, 8 May 2026",8903,Tata Indian Premier League,2026,"Arun Jaitley Stadium (Feroz Shah Kotla), Delhi",List A Twenty20,2026-05-08,65397.0,CD Green,right,31742.0,M Kumar,right,1396.0,Delhi Capitals,right pace,1.0,pace,2026-05-08 17:00:02,,,,,,,,106651278.0,49.0,75.0,127.0,1.0,1.0,1.0,False,False,True,False,,,,,outside off,,work,,,,,,,,keyword,1,,False,False,False,False,False,False,False,False,False,
2,1873,Kolkata Knight Riders,KKR,3,15,M Kumar,7,0,0,147/2,21.00,14.02,14.2,6,6,"Kumar to Allen, 6 runs",,"Mukesh Kumar bowls a back of a length reverse inswinger outside off; Finn Allen aggressively unleashes a controlled slog that is beautifully middled, soaring over deep square leg for six. Finn Allen reaches a blazing 100 off 47 balls as Kolkata Knight Riders cross the target to win by 8 wickets.",d180378e-a7e7-40e7-a5ef-fedf0f95fbd1,237315,"Delhi Capitals v Kolkata Knight Riders at Delhi, Tata Indian Premier League, 8 May 2026",8903,Tata Indian Premier League,2026,"Arun Jaitley Stadium (Feroz Shah Kotla), Delhi",List A Twenty20,2026-05-08,26170.0,FH Allen,right,31742.0,M Kumar,right,1396.0,Delhi Capitals,right pace,1.0,pace,2026-05-08 17:00:46,,,,,,,,106651287.0,338.0,100.0,174.0,3.0,6.0,6.0,False,False,True,False,,,,back of a length,outside off,,slog,,controlled,deep square leg,,,,,keyword,6,,False,False,False,False,False,False,False,True,False,
