innings_number,batting_team_id,batting_team_name,batting_team_abbreviation,innings_closure_id,over_number,over_bowler_name,runs_off_over,extras_off_over,wickets_off_over,team_score,run_rate,overs_unique,display_overs,runs,scoring,ball_summary_text,ball_pre_text,commentary,gid,match_id,match_name,comp_id,comp_name,comp_season,ground_name,class_name,start_date,batting_player_id,batting_player_name,batting_player_hand,bowling_player_id,bowling_player_name,bowling_player_hand,bowling_team_id,bowling_team_name,bowling_technique,bowling_type_id,bowling_type_simple,datetime_utc,bounce_position_x,bounce_position_y,length_zone,stumps_position_y,stumps_position_z,grid_x,grid_y,ball_id,field_direction,field_distance_percent,field_magnitude,field_zone,runs_off_bat,runs_conceded,has_pitchmap,has_beehive,has_wagon,in_catch_map,bowler_arm,delivery_type,delivery_variation,length,line,footwork,shot_type,shot_trajectory,shot_control,field_position,fielder_name,dismissal_type,dismissed_batter,dismissal_score,parse_method,runs_scored,extras_type,is_wicket,is_wide,is_no_ball,is_bye,is_leg_bye,is_penalty,is_boundary_four,is_boundary_six,is_dot,dismissal_source
1,509,Hong Kong,HKG,5,1,Sufyan Mehmood,6,0,0,6/0,6.00,0.01,0.1,1,1,"Mehmood to Khan, 1 run",Nizakat Khan and Anshuman Rath head out to the middle. Sufyan Mehmood takes the ball for their 1st spell,"A full ball swinging in on off stump is worked away by Nizakat Khan, and they come through for a single. Nizakat Khan is off the mark.",417fde85-59b9-4179-9684-bf5eecc6ef6b,244546,"Hong Kong v Oman at Nisshin, Asian Games Men's Cricket Competition, 25 Sep 2026",9387,Asian Games Men's Cricket Competition,2026,"Korogi Sports Park, Nisshin",Twenty20 international,2026-09-25,16270.0,Nizakat Khan,right,30582.0,Sufyan Mehmood,right,109.0,Oman,right pace,2.0,pace,2026-09-25 00:01:50,,,,,,,,107371873.0,329.0,70.0,126.0,3.0,1.0,1.0,False,False,True,False,,,,full,off stump,,work,,,,,,,,keyword,1,,False,False,False,False,False,False,False,False,False,
1,509,Hong Kong,HKG,5,1,Sufyan Mehmood,6,0,0,6/0,6.00,0.02,0.2,1,1,"Mehmood to Rath, 1 run",,"A length ball swinging away on middle stump, Rath drives but gets an inside edge that runs towards deep square leg. Zubair Al Balushi fields, and they take a single. Anshuman Rath gets off the mark.",417fde85-59b9-4179-9684-bf5eecc6ef6b,244546,"Hong Kong v Oman at Nisshin, Asian Games Men's Cricket Competition, 25 Sep 2026",9387,Asian Games Men's Cricket Competition,2026,"Korogi Sports Park, Nisshin",Twenty20 international,2026-09-25,28021.0,A Rath,left,30582.0,Sufyan Mehmood,right,109.0,Oman,right pace,2.0,pace,2026-09-25 00:02:40,,,,,,,,107371874.0,181.0,80.0,136.0,6.0,1.0,1.0,False,False,True,False,,,,length ball,middle stump,,drive,,,deep square leg,,,,,keyword,1,,False,False,False,False,False,False,False,False,False,
1,509,Hong Kong,HKG,5,1,Sufyan Mehmood,6,0,0,6/0,6.00,0.03,0.3,0,0,"Mehmood to Khan, no run",,"Sufyan Mehmood sends down a length ball outside off, and Nizakat Khan defends it safely back towards the bowler for a dot ball.",417fde85-59b9-4179-9684-bf5eecc6ef6b,244546,"Hong Kong v Oman at Nisshin, Asian Games Men's Cricket Competition, 25 Sep 2026",9387,Asian Games Men's Cricket Competition,2026,"Korogi Sports Park, Nisshin",Twenty20 international,2026-09-25,,,,,,,,,,,,,,,,,,,,,,,,,,,False,False,False,False,,,,length ball,outside off,,,,,bowler,,,,,keyword,0,,False,False,False,False,False,False,False,False,True,
1,509,Hong Kong,HKG,5,1,Sufyan Mehmood,6,0,0,6/0,6.00,0.04,0.4,2,2,"Mehmood to Khan, 2 runs",,"A length ball outside off is flicked neatly through the leg side by Nizakat Khan, with Faris Al Balushi fielding at deep square leg as they come back for two.",417fde85-59b9-4179-9684-bf5eecc6ef6b,244546,"Hong Kong v Oman at Nisshin, Asian Games Men's Cricket Competition, 25 Sep 2026",9387,Asian Games Men's Cricket Competition,2026,"Korogi Sports Park, Nisshin",Twenty20 international,2026-09-25,16270.0,Nizakat Khan,right,30582.0,Sufyan Mehmood,right,109.0,Oman,right pace,2.0,pace,2026-09-25 00:04:03,,,,,,,,107371876.0,355.0,60.0,101.0,3.0,2.0,2.0,False,False,True,False,,,,length ball,outside off,,flick,,,deep square leg,,,,,keyword,2,,False,False,False,False,False,False,False,False,False,
1,509,Hong Kong,HKG,5,1,Sufyan Mehmood,6,0,0,6/0,6.00,0.05,0.5,1,1,"Mehmood to Khan, 1 run",,Nizakat Khan pushes the length ball outside off and scampers through for a single.,417fde85-59b9-4179-9684-bf5eecc6ef6b,244546,"Hong Kong v Oman at Nisshin, Asian Games Men's Cricket Competition, 25 Sep 2026",9387,Asian Games Men's Cricket Competition,2026,"Korogi Sports Park, Nisshin",Twenty20 international,2026-09-25,16270.0,Nizakat Khan,right,30582.0,Sufyan Mehmood,right,109.0,Oman,right pace,2.0,pace,2026-09-25 00:04:55,,,,,,,,107371877.0,168.0,30.0,51.0,7.0,1.0,1.0,False,False,True,False,,,,length ball,outside off,,push,,,,,,,,keyword,1,,False,False,False,False,False,False,False,False,False,
1,509,Hong Kong,HKG,5,1,Sufyan Mehmood,6,0,0,6/0,6.00,0.06,0.6,1,1,"Mehmood to Rath, 1 run",,"A length ball on middle, Anshuman Rath drives and gets an outside edge down to third man, where Issa Al Balushi fields it for a single.",417fde85-59b9-4179-9684-bf5eecc6ef6b,244546,"Hong Kong v Oman at Nisshin, Asian Games Men's Cricket Competition, 25 Sep 2026",9387,Asian Games Men's Cricket Competition,2026,"Korogi Sports Park, Nisshin",Twenty20 international,2026-09-25,28021.0,A Rath,left,30582.0,Sufyan Mehmood,right,109.0,Oman,right pace,2.0,pace,2026-09-25 00:06:09,,,,,,,,107371878.0,64.0,65.0,108.0,1.0,1.0,1.0,False,False,True,False,,,,length ball,,,drive,,,third man,,,,,keyword,1,,False,False,False,False,False,False,False,False,False,
1,509,Hong Kong,HKG,5,2,Shuaib Al Balushi,3,0,1,9/1,3.00,1.01,1.1,0,0,"Balushi to Rath, no run",Shuaib Al Balushi takes the ball for their 1st spell,"Back of a length outside off, Anshuman Rath cuts firmly but picks out Zubair Al Balushi at backward point. No run.",417fde85-59b9-4179-9684-bf5eecc6ef6b,244546,"Hong Kong v Oman at Nisshin, Asian Games Men's Cricket Competition, 25 Sep 2026",9387,Asian Games Men's Cricket Competition,2026,"Korogi Sports Park, Nisshin",Twenty20 international,2026-09-25,,,,,,,,,,,,,,,,,,,,,,,,,,,False,False,False,False,,,,back of a length,outside off,,cut,,,backward point,,,,,keyword,0,,False,False,False,False,False,False,False,False,True,
1,509,Hong Kong,HKG,5,2,Shuaib Al Balushi,3,0,1,9/1,3.00,1.02,1.2,1,1,"Balushi to Rath, 1 run",,"Shuaib Al Balushi angles a length ball into middle stump, and Anshuman Rath works it neatly towards square leg for a single, fielded by Issa Al Balushi.",417fde85-59b9-4179-9684-bf5eecc6ef6b,244546,"Hong Kong v Oman at Nisshin, Asian Games Men's Cricket Competition, 25 Sep 2026",9387,Asian Games Men's Cricket Competition,2026,"Korogi Sports Park, Nisshin",Twenty20 international,2026-09-25,28021.0,A Rath,left,89633.0,Shuaib Al Balushi,right,109.0,Oman,right pace,2.0,pace,2026-09-25 00:07:56,,,,,,,,107371880.0,187.0,35.0,57.0,6.0,1.0,1.0,False,False,True,False,,,,length ball,middle stump,,work,,,square leg,Issa Al Balushi,,,,keyword,1,,False,False,False,False,False,False,False,False,False,
1,509,Hong Kong,HKG,5,2,Shuaib Al Balushi,3,0,1,9/1,3.00,1.03,1.3,1,1,"Balushi to Khan, 1 run",,"Shuaib Al Balushi sends down a back-of-a-length ball outside off, and Nizakat Khan mis-times a worked shot towards deep backward square leg. Faris Al Balushi fields, and they come back for a single.",417fde85-59b9-4179-9684-bf5eecc6ef6b,244546,"Hong Kong v Oman at Nisshin, Asian Games Men's Cricket Competition, 25 Sep 2026",9387,Asian Games Men's Cricket Competition,2026,"Korogi Sports Park, Nisshin",Twenty20 international,2026-09-25,16270.0,Nizakat Khan,right,89633.0,Shuaib Al Balushi,right,109.0,Oman,right pace,2.0,pace,2026-09-25 00:08:41,,,,,,,,107371881.0,17.0,60.0,102.0,2.0,1.0,1.0,False,False,True,False,,,,length ball,outside off,,work,,,deep backward square leg,,,,,keyword,1,,False,False,False,False,False,False,False,False,False,
1,509,Hong Kong,HKG,5,2,Shuaib Al Balushi,3,0,1,9/1,3.00,1.04,1.4,0,W,"Balushi to Rath, out!",,"The off break is full and down leg, and Anshuman Rath flicks at it, but the shot is caught by Nawed Al Balushi at backward square leg. Rath is out caught. Anshuman Rath departs for 3 off 5, and Oman’s WinViz rises sharply from 42% to 53%.",417fde85-59b9-4179-9684-bf5eecc6ef6b,244546,"Hong Kong v Oman at Nisshin, Asian Games Men's Cricket Competition, 25 Sep 2026",9387,Asian Games Men's Cricket Competition,2026,"Korogi Sports Park, Nisshin",Twenty20 international,2026-09-25,,,,,,,,,,,,,,,,,,,,,,,,,,,False,False,False,True,,,,full,down leg,,flick,,,backward square leg,Nawed Al Balushi at backward square leg,caught,,,keyword,0,,True,False,False,False,False,False,False,False,False,commentary
1,509,Hong Kong,HKG,5,2,Shuaib Al Balushi,3,0,1,9/1,3.00,1.05,1.5,0,0,"Balushi to Hayat, no run",Babar Hayat heads to the crease. ,"Shuaib Al Balushi to Babar Hayat, and there is no run.",417fde85-59b9-4179-9684-bf5eecc6ef6b,244546,"Hong Kong v Oman at Nisshin, Asian Games Men's Cricket Competition, 25 Sep 2026",9387,Asian Games Men's Cricket Competition,2026,"Korogi Sports Park, Nisshin",Twenty20 international,2026-09-25,,,,,,,,,,,,,,,,,,,,,,,,,,,False,False,False,False,,,,,,,,,,,,,,,none,0,,False,False,False,False,False,False,False,False,True,
1,509,Hong Kong,HKG,5,2,Shuaib Al Balushi,3,0,1,9/1,3.00,1.06,1.6,1,1,"Balushi to Hayat, 1 run",,"Shuaib Al Balushi angles a back-of-a-length ball outside off, and Babar Hayat pushes it away for a single. Babar Hayat gets off the mark.",417fde85-59b9-4179-9684-bf5eecc6ef6b,244546,"Hong Kong v Oman at Nisshin, Asian Games Men's Cricket Competition, 25 Sep 2026",9387,Asian Games Men's Cricket Competition,2026,"Korogi Sports Park, Nisshin",Twenty20 international,2026-09-25,22497.0,Babar Hayat,right,89633.0,Shuaib Al Balushi,right,109.0,Oman,right pace,2.0,pace,2026-09-25 00:11:37,,,,,,,,107371884.0,235.0,45.0,80.0,5.0,1.0,1.0,False,False,True,False,,,,length ball,outside off,,push,,,,,,,,keyword,1,,False,False,False,False,False,False,False,False,False,
1,509,Hong Kong,HKG,5,3,Sufyan Mehmood,5,1,1,14/2,4.00,2.01,2.0,1,1ʷᵈ,"Mehmood to Hayat, 1 run (wide)",Sufyan Mehmood continues their spell,"A full delivery down leg is called wide as Babar Hayat attempts a flick and misses, with a misfield by wicketkeeper Muzaffar Shiralkar allowing the extra through.",417fde85-59b9-4179-9684-bf5eecc6ef6b,244546,"Hong Kong v Oman at Nisshin, Asian Games Men's Cricket Competition, 25 Sep 2026",9387,Asian Games Men's Cricket Competition,2026,"Korogi Sports Park, Nisshin",Twenty20 international,2026-09-25,,,,,,,,,,,,,,,,,,,,,,,,,,,False,False,False,False,,,,full,down leg,,flick,,,,,,,,keyword,1,wide,False,True,False,False,False,False,False,False,False,
1,509,Hong Kong,HKG,5,3,Sufyan Mehmood,5,1,1,14/2,4.00,2.02,2.1,0,0,"Mehmood to Hayat, no run",,"Sufyan Mehmood fires in a full delivery on middle stump, and Babar Hayat works it towards mid-on, where Nawed Al Balushi fields cleanly. No run.",417fde85-59b9-4179-9684-bf5eecc6ef6b,244546,"Hong Kong v Oman at Nisshin, Asian Games Men's Cricket Competition, 25 Sep 2026",9387,Asian Games Men's Cricket Competition,2026,"Korogi Sports Park, Nisshin",Twenty20 international,2026-09-25,,,,,,,,,,,,,,,,,,,,,,,,,,,False,False,False,False,,,,full,middle stump,,work,,,,,,,,keyword,0,,False,False,False,False,False,False,False,False,True,
1,509,Hong Kong,HKG,5,3,Sufyan Mehmood,5,1,1,14/2,4.00,2.03,2.2,1,1,"Mehmood to Hayat, 1 run",,"A length ball wide outside off, Babar Hayat drives through the off side and picks up a single.",417fde85-59b9-4179-9684-bf5eecc6ef6b,244546,"Hong Kong v Oman at Nisshin, Asian Games Men's Cricket Competition, 25 Sep 2026",9387,Asian Games Men's Cricket Competition,2026,"Korogi Sports Park, Nisshin",Twenty20 international,2026-09-25,22497.0,Babar Hayat,right,30582.0,Sufyan Mehmood,right,109.0,Oman,right pace,2.0,pace,2026-09-25 00:13:41,,,,,,,,107371887.0,193.0,30.0,50.0,6.0,1.0,1.0,False,False,True,False,,,,length ball,wide outside off,,drive,,,,,,,,keyword,1,,False,False,False,False,False,False,False,False,False,
1,509,Hong Kong,HKG,5,3,Sufyan Mehmood,5,1,1,14/2,4.00,2.04,2.3,0,W,"Mehmood to Khan, out!",,"A length ball on off stump, Nizakat Khan tries to flick but misses and is struck on the pad. The umpire raises the finger for leg before wicket, and Nizakat Khan is out. Nizakat Khan departs for 5 off 6.",417fde85-59b9-4179-9684-bf5eecc6ef6b,244546,"Hong Kong v Oman at Nisshin, Asian Games Men's Cricket Competition, 25 Sep 2026",9387,Asian Games Men's Cricket Competition,2026,"Korogi Sports Park, Nisshin",Twenty20 international,2026-09-25,,,,,,,,,,,,,,,,,,,,,,,,,,,False,False,False,False,,,,length ball,off stump,,flick,,,,,lbw,,,keyword,0,,True,False,False,False,False,False,False,False,False,commentary
1,509,Hong Kong,HKG,5,3,Sufyan Mehmood,5,1,1,14/2,4.00,2.05,2.4,0,0,"Mehmood to Khan, no run",Hafeez Khan heads to the crease. ,"Sufyan Mehmood angles a length ball outside off, swinging in, and Hafeez Khan gets firmly behind it in defence for a dot ball.",417fde85-59b9-4179-9684-bf5eecc6ef6b,244546,"Hong Kong v Oman at Nisshin, Asian Games Men's Cricket Competition, 25 Sep 2026",9387,Asian Games Men's Cricket Competition,2026,"Korogi Sports Park, Nisshin",Twenty20 international,2026-09-25,,,,,,,,,,,,,,,,,,,,,,,,,,,False,False,False,False,,,,length ball,outside off,,,,,,,,,,keyword,0,,False,False,False,False,False,False,False,False,True,
1,509,Hong Kong,HKG,5,3,Sufyan Mehmood,5,1,1,14/2,4.00,2.06,2.5,1,1,"Mehmood to Khan, 1 run",,"A back-of-a-length ball swinging in outside off, Hafeez Khan pushes it away for a single and gets off the mark. Hafeez Khan opens his account with that run.",417fde85-59b9-4179-9684-bf5eecc6ef6b,244546,"Hong Kong v Oman at Nisshin, Asian Games Men's Cricket Competition, 25 Sep 2026",9387,Asian Games Men's Cricket Competition,2026,"Korogi Sports Park, Nisshin",Twenty20 international,2026-09-25,89454.0,Hafeez Khan,right,30582.0,Sufyan Mehmood,right,109.0,Oman,right pace,2.0,pace,2026-09-25 00:16:36,,,,,,,,107371890.0,150.0,90.0,146.0,7.0,1.0,1.0,False,False,True,False,,,,length ball,outside off,,push,,,,,,,,keyword,1,,False,False,False,False,False,False,False,False,False,
1,509,Hong Kong,HKG,5,3,Sufyan Mehmood,5,1,1,14/2,4.00,2.07,2.6,2,2,"Mehmood to Hayat, 2 runs",,"A length ball outside off, Babar Hayat’s shot is dropped at backward point, and an overthrow from Zubair Al Balushi allows the batters to scamper two runs. Hong Kong pick up a couple from a fielding error.",417fde85-59b9-4179-9684-bf5eecc6ef6b,244546,"Hong Kong v Oman at Nisshin, Asian Games Men's Cricket Competition, 25 Sep 2026",9387,Asian Games Men's Cricket Competition,2026,"Korogi Sports Park, Nisshin",Twenty20 international,2026-09-25,22497.0,Babar Hayat,right,30582.0,Sufyan Mehmood,right,109.0,Oman,right pace,2.0,pace,2026-09-25 00:17:15,,,,,,,,107371891.0,157.0,25.0,42.0,7.0,2.0,2.0,False,False,True,False,,,,length ball,outside off,,drop,,,backward point,,,,,keyword,2,,False,False,False,False,False,False,False,False,False,
1,509,Hong Kong,HKG,5,4,Shuaib Al Balushi,7,1,0,21/2,6.00,3.01,3.1,0,0,"Balushi to Khan, no run",Shuaib Al Balushi continues their spell,"Shuaib Al Balushi bowls to Hafeez Khan, and the batter plays it away for no run.",417fde85-59b9-4179-9684-bf5eecc6ef6b,244546,"Hong Kong v Oman at Nisshin, Asian Games Men's Cricket Competition, 25 Sep 2026",9387,Asian Games Men's Cricket Competition,2026,"Korogi Sports Park, Nisshin",Twenty20 international,2026-09-25,,,,,,,,,,,,,,,,,,,,,,,,,,,False,False,False,False,,,,,,,,,,,,,,,none,0,,False,False,False,False,False,False,False,False,True,
1,509,Hong Kong,HKG,5,4,Shuaib Al Balushi,7,1,0,21/2,6.00,3.02,3.2,1,1,"Balushi to Khan, 1 run",,"Shuaib Al Balushi bangs it short outside off, and Hafeez Khan pulls it away for a single, with Waheed Al Balushi fielding at backward square leg.",417fde85-59b9-4179-9684-bf5eecc6ef6b,244546,"Hong Kong v Oman at Nisshin, Asian Games Men's Cricket Competition, 25 Sep 2026",9387,Asian Games Men's Cricket Competition,2026,"Korogi Sports Park, Nisshin",Twenty20 international,2026-09-25,89454.0,Hafeez Khan,right,89633.0,Shuaib Al Balushi,right,109.0,Oman,right pace,2.0,pace,2026-09-25 00:19:03,,,,,,,,107371893.0,12.0,50.0,85.0,2.0,1.0,1.0,False,False,True,False,,,,short,outside off,,pull,,,backward square leg,,,,,keyword,1,,False,False,False,False,False,False,False,False,False,
1,509,Hong Kong,HKG,5,4,Shuaib Al Balushi,7,1,0,21/2,6.00,3.03,3.3,1,1,"Balushi to Hayat, 1 run",,"Back of a length outside off, Babar Hayat pushes it towards mid-off and picks up a single, with Sameer Othman tidying up in the field.",417fde85-59b9-4179-9684-bf5eecc6ef6b,244546,"Hong Kong v Oman at Nisshin, Asian Games Men's Cricket Competition, 25 Sep 2026",9387,Asian Games Men's Cricket Competition,2026,"Korogi Sports Park, Nisshin",Twenty20 international,2026-09-25,22497.0,Babar Hayat,right,89633.0,Shuaib Al Balushi,right,109.0,Oman,right pace,2.0,pace,2026-09-25 00:19:35,,,,,,,,107371894.0,265.0,25.0,44.0,5.0,1.0,1.0,False,False,True,False,,,,back of a length,outside off,,push,,,,,,,,keyword,1,,False,False,False,False,False,False,False,False,False,
1,509,Hong Kong,HKG,5,4,Shuaib Al Balushi,7,1,0,21/2,6.00,3.04,3.4,4,4,"Balushi to Khan, 4 runs",,"A length ball outside off is cut neatly, racing away through third man for four. Hafeez Khan has struck the first boundary of the innings.",417fde85-59b9-4179-9684-bf5eecc6ef6b,244546,"Hong Kong v Oman at Nisshin, Asian Games Men's Cricket Competition, 25 Sep 2026",9387,Asian Games Men's Cricket Competition,2026,"Korogi Sports Park, Nisshin",Twenty20 international,2026-09-25,89454.0,Hafeez Khan,right,89633.0,Shuaib Al Balushi,right,109.0,Oman,right pace,2.0,pace,2026-09-25 00:20:15,,,,,,,,107371895.0,107.0,100.0,160.0,8.0,4.0,4.0,False,False,True,False,,,,length ball,outside off,,cut,,,third man,,,,,keyword,4,,False,False,False,False,False,False,True,False,False,
1,509,Hong Kong,HKG,5,4,Shuaib Al Balushi,7,1,0,21/2,6.00,3.05,3.4,1,1ʷᵈ,"Balushi to Khan, 1 run (wide)",,"Shuaib Al Balushi sends a back-of-a-length ball swinging wide outside off, and Hafeez Khan lets it go through to the wicketkeeper. Wide called, one extra.",417fde85-59b9-4179-9684-bf5eecc6ef6b,244546,"Hong Kong v Oman at Nisshin, Asian Games Men's Cricket Competition, 25 Sep 2026",9387,Asian Games Men's Cricket Competition,2026,"Korogi Sports Park, Nisshin",Twenty20 international,2026-09-25,,,,,,,,,,,,,,,,,,,,,,,,,,,False,False,False,False,,,,length ball,wide outside off,,,,,wicketkeeper,,,,,keyword,1,wide,False,True,False,False,False,False,False,False,False,
1,509,Hong Kong,HKG,5,4,Shuaib Al Balushi,7,1,0,21/2,6.00,3.06,3.5,0,0,"Balushi to Khan, no run",,"Shuaib Al Balushi angles a length ball outside off, and Hafeez Khan pushes it firmly towards cover, where Issa Al Balushi fields cleanly. No run.",417fde85-59b9-4179-9684-bf5eecc6ef6b,244546,"Hong Kong v Oman at Nisshin, Asian Games Men's Cricket Competition, 25 Sep 2026",9387,Asian Games Men's Cricket Competition,2026,"Korogi Sports Park, Nisshin",Twenty20 international,2026-09-25,,,,,,,,,,,,,,,,,,,,,,,,,,,False,False,False,False,,,,length ball,outside off,,push,,,cover,,,,,keyword,0,,False,False,False,False,False,False,False,False,True,
1,509,Hong Kong,HKG,5,4,Shuaib Al Balushi,7,1,0,21/2,6.00,3.07,3.6,0,0,"Balushi to Khan, no run",,"Shuaib Al Balushi sends down a length ball outside off. Hafeez Khan attempts the drive but misses, and wicketkeeper Muzaffar Shiralkar gathers cleanly for a dot ball.",417fde85-59b9-4179-9684-bf5eecc6ef6b,244546,"Hong Kong v Oman at Nisshin, Asian Games Men's Cricket Competition, 25 Sep 2026",9387,Asian Games Men's Cricket Competition,2026,"Korogi Sports Park, Nisshin",Twenty20 international,2026-09-25,,,,,,,,,,,,,,,,,,,,,,,,,,,False,False,False,False,,,,length ball,outside off,,drive,,,,,,,,keyword,0,,False,False,False,False,False,False,False,False,True,
1,509,Hong Kong,HKG,5,5,Nawed Al Balushi,8,2,0,29/2,6.00,4.01,4.1,2,2,"Balushi to Hayat, 2 runs",Nawed Al Balushi takes the ball for their 1st spell,"A length ball outside off is dropped into the cover region, and Babar Hayat races through for two as a direct-hit run-out attempt fails, followed by an overthrow.",417fde85-59b9-4179-9684-bf5eecc6ef6b,244546,"Hong Kong v Oman at Nisshin, Asian Games Men's Cricket Competition, 25 Sep 2026",9387,Asian Games Men's Cricket Competition,2026,"Korogi Sports Park, Nisshin",Twenty20 international,2026-09-25,22497.0,Babar Hayat,right,102323.0,Nawed Al Balushi,right,109.0,Oman,right pace,2.0,pace,2026-09-25 00:22:56,,,,,,,,107371899.0,201.0,25.0,46.0,6.0,2.0,2.0,False,False,True,False,,,,length ball,outside off,,drop,,,cover,,,,,keyword,2,,False,False,False,False,False,False,False,False,False,
1,509,Hong Kong,HKG,5,5,Nawed Al Balushi,8,2,0,29/2,6.00,4.02,4.2,1,1,"Balushi to Hayat, 1 run",,"Nawed Al Balushi bangs it in short of a length on middle stump, and Babar Hayat works it into the leg side for a single, fielded by Waheed Al Balushi at mid-wicket.",417fde85-59b9-4179-9684-bf5eecc6ef6b,244546,"Hong Kong v Oman at Nisshin, Asian Games Men's Cricket Competition, 25 Sep 2026",9387,Asian Games Men's Cricket Competition,2026,"Korogi Sports Park, Nisshin",Twenty20 international,2026-09-25,22497.0,Babar Hayat,right,102323.0,Nawed Al Balushi,right,109.0,Oman,right pace,2.0,pace,2026-09-25 00:23:34,,,,,,,,107371900.0,304.0,40.0,73.0,4.0,1.0,1.0,False,False,True,False,,,,short,middle stump,,work,,,,Waheed Al Balushi at mid-wicket,,,,keyword,1,,False,False,False,False,False,False,False,False,False,
1,509,Hong Kong,HKG,5,5,Nawed Al Balushi,8,2,0,29/2,6.00,4.03,4.3,2,2,"Balushi to Khan, 2 runs",,"Nawed Al Balushi delivers full on middle stump, and Hafeez Khan flicks it neatly towards fine leg for two runs, with Faris Al Balushi tidying up.",417fde85-59b9-4179-9684-bf5eecc6ef6b,244546,"Hong Kong v Oman at Nisshin, Asian Games Men's Cricket Competition, 25 Sep 2026",9387,Asian Games Men's Cricket Competition,2026,"Korogi Sports Park, Nisshin",Twenty20 international,2026-09-25,89454.0,Hafeez Khan,right,102323.0,Nawed Al Balushi,right,109.0,Oman,right pace,2.0,pace,2026-09-25 00:24:10,,,,,,,,107371901.0,53.0,75.0,126.0,1.0,2.0,2.0,False,False,True,False,,,,full,middle stump,,flick,,,fine leg,,,,,keyword,2,,False,False,False,False,False,False,False,False,False,
1,509,Hong Kong,HKG,5,5,Nawed Al Balushi,8,2,0,29/2,6.00,4.04,4.3,1,1ʷᵈ,"Balushi to Khan, 1 run (wide)",,"Nawed Al Balushi sends down a swinging full toss outside off, and Hafeez Khan lets it go. It is called wide, collected cleanly by wicketkeeper Muzaffar Shiralkar.",417fde85-59b9-4179-9684-bf5eecc6ef6b,244546,"Hong Kong v Oman at Nisshin, Asian Games Men's Cricket Competition, 25 Sep 2026",9387,Asian Games Men's Cricket Competition,2026,"Korogi Sports Park, Nisshin",Twenty20 international,2026-09-25,,,,,,,,,,,,,,,,,,,,,,,,,,,False,False,False,False,,,,full toss,outside off,,,,,,,,,,keyword,1,wide,False,True,False,False,False,False,False,False,False,
1,509,Hong Kong,HKG,5,5,Nawed Al Balushi,8,2,0,29/2,6.00,4.05,4.4,0,0,"Balushi to Khan, no run",,"Nawed Al Balushi sends down a length ball outside off, and Hafeez Khan pushes it firmly towards cover, where Abduljalil Kankaz fields cleanly. No run.",417fde85-59b9-4179-9684-bf5eecc6ef6b,244546,"Hong Kong v Oman at Nisshin, Asian Games Men's Cricket Competition, 25 Sep 2026",9387,Asian Games Men's Cricket Competition,2026,"Korogi Sports Park, Nisshin",Twenty20 international,2026-09-25,,,,,,,,,,,,,,,,,,,,,,,,,,,False,False,False,False,,,,length ball,outside off,,push,,,cover,,,,,keyword,0,,False,False,False,False,False,False,False,False,True,
1,509,Hong Kong,HKG,5,5,Nawed Al Balushi,8,2,0,29/2,6.00,4.06,4.5,1,1,"Balushi to Khan, 1 run",,"Nawed Al Balushi bangs it back of a length outside off, and Hafeez Khan pulls it away for a single. A sharp throw from mid-wicket comes in, but he is safely home.",417fde85-59b9-4179-9684-bf5eecc6ef6b,244546,"Hong Kong v Oman at Nisshin, Asian Games Men's Cricket Competition, 25 Sep 2026",9387,Asian Games Men's Cricket Competition,2026,"Korogi Sports Park, Nisshin",Twenty20 international,2026-09-25,89454.0,Hafeez Khan,right,102323.0,Nawed Al Balushi,right,109.0,Oman,right pace,2.0,pace,2026-09-25 00:25:49,,,,,,,,107371904.0,308.0,50.0,88.0,4.0,1.0,1.0,False,False,True,False,,,,back of a length,outside off,,pull,,,,,,,,keyword,1,,False,False,False,False,False,False,False,False,False,
1,509,Hong Kong,HKG,5,5,Nawed Al Balushi,8,2,0,29/2,6.00,4.07,4.5,1,1ʷᵈ,"Balushi to Hayat, 1 run (wide)",,"Nawed Al Balushi sends a length ball swinging away outside off, and Babar Hayat leaves it alone. It slips through to the wicketkeeper, but it is called wide.",417fde85-59b9-4179-9684-bf5eecc6ef6b,244546,"Hong Kong v Oman at Nisshin, Asian Games Men's Cricket Competition, 25 Sep 2026",9387,Asian Games Men's Cricket Competition,2026,"Korogi Sports Park, Nisshin",Twenty20 international,2026-09-25,,,,,,,,,,,,,,,,,,,,,,,,,,,False,False,False,False,,,,length ball,outside off,,leave,,,wicketkeeper,,,,,keyword,1,wide,False,True,False,False,False,False,False,False,False,
1,509,Hong Kong,HKG,5,5,Nawed Al Balushi,8,2,0,29/2,6.00,4.08,4.6,0,0,"Balushi to Hayat, no run",,"A length ball on off stump, Babar Hayat defends, but it drops off the bat-pad straight back to Nawed Al Balushi for a dot ball.",417fde85-59b9-4179-9684-bf5eecc6ef6b,244546,"Hong Kong v Oman at Nisshin, Asian Games Men's Cricket Competition, 25 Sep 2026",9387,Asian Games Men's Cricket Competition,2026,"Korogi Sports Park, Nisshin",Twenty20 international,2026-09-25,,,,,,,,,,,,,,,,,,,,,,,,,,,False,False,False,False,,,,length ball,off stump,,pad,,,,,,,,keyword,0,,False,False,False,False,False,False,False,False,True,
1,509,Hong Kong,HKG,5,6,Shuaib Al Balushi,5,1,0,34/2,4.00,5.01,5.1,0,0,"Balushi to Khan, no run",Shuaib Al Balushi continues their spell,"A length ball outside off, Hafeez Khan gets behind it and defends firmly back to bowler Shuaib Al Balushi for a dot ball.",417fde85-59b9-4179-9684-bf5eecc6ef6b,244546,"Hong Kong v Oman at Nisshin, Asian Games Men's Cricket Competition, 25 Sep 2026",9387,Asian Games Men's Cricket Competition,2026,"Korogi Sports Park, Nisshin",Twenty20 international,2026-09-25,,,,,,,,,,,,,,,,,,,,,,,,,,,False,False,False,False,,,,length ball,outside off,,,,,bowler,,,,,keyword,0,,False,False,False,False,False,False,False,False,True,
1,509,Hong Kong,HKG,5,6,Shuaib Al Balushi,5,1,0,34/2,4.00,5.02,5.2,0,0,"Balushi to Khan, no run",,"A length ball outside off, Hafeez Khan defends it calmly back towards the bowler, Shuaib Al Balushi fielding cleanly for a dot ball.",417fde85-59b9-4179-9684-bf5eecc6ef6b,244546,"Hong Kong v Oman at Nisshin, Asian Games Men's Cricket Competition, 25 Sep 2026",9387,Asian Games Men's Cricket Competition,2026,"Korogi Sports Park, Nisshin",Twenty20 international,2026-09-25,,,,,,,,,,,,,,,,,,,,,,,,,,,False,False,False,False,,,,length ball,outside off,,,,,bowler,,,,,keyword,0,,False,False,False,False,False,False,False,False,True,
1,509,Hong Kong,HKG,5,6,Shuaib Al Balushi,5,1,0,34/2,4.00,5.03,5.3,4,4,"Balushi to Khan, 4 runs",,"Back of a length outside off, and Hafeez Khan gets onto it quickly. He pulls powerfully through deep backward square leg for four.",417fde85-59b9-4179-9684-bf5eecc6ef6b,244546,"Hong Kong v Oman at Nisshin, Asian Games Men's Cricket Competition, 25 Sep 2026",9387,Asian Games Men's Cricket Competition,2026,"Korogi Sports Park, Nisshin",Twenty20 international,2026-09-25,89454.0,Hafeez Khan,right,89633.0,Shuaib Al Balushi,right,109.0,Oman,right pace,2.0,pace,2026-09-25 00:29:25,,,,,,,,107371909.0,2.0,100.0,170.0,2.0,4.0,4.0,False,False,True,False,,,,back of a length,outside off,,pull,,,deep backward square leg,,,,,keyword,4,,False,False,False,False,False,False,True,False,False,
1,509,Hong Kong,HKG,5,6,Shuaib Al Balushi,5,1,0,34/2,4.00,5.04,5.3,1,1ʷᵈ,"Balushi to Khan, 1 run (wide)",,"A length ball wide outside off, Hafeez Khan attempts a cut but misses, and it runs through for a wide.",417fde85-59b9-4179-9684-bf5eecc6ef6b,244546,"Hong Kong v Oman at Nisshin, Asian Games Men's Cricket Competition, 25 Sep 2026",9387,Asian Games Men's Cricket Competition,2026,"Korogi Sports Park, Nisshin",Twenty20 international,2026-09-25,,,,,,,,,,,,,,,,,,,,,,,,,,,False,False,False,False,,,,length ball,wide outside off,,cut,,,,,,,,keyword,1,wide,False,True,False,False,False,False,False,False,False,
1,509,Hong Kong,HKG,5,6,Shuaib Al Balushi,5,1,0,34/2,4.00,5.05,5.4,0,0,"Balushi to Khan, no run",,"Hafeez Khan pushes at the length ball outside off, edging it towards first slip, where Mohammed Al Balushi fields cleanly for no run.",417fde85-59b9-4179-9684-bf5eecc6ef6b,244546,"Hong Kong v Oman at Nisshin, Asian Games Men's Cricket Competition, 25 Sep 2026",9387,Asian Games Men's Cricket Competition,2026,"Korogi Sports Park, Nisshin",Twenty20 international,2026-09-25,,,,,,,,,,,,,,,,,,,,,,,,,,,False,False,False,False,,,,length ball,outside off,,push,,,first slip,,,,,keyword,0,,False,False,False,False,False,False,False,False,True,
1,509,Hong Kong,HKG,5,6,Shuaib Al Balushi,5,1,0,34/2,4.00,5.06,5.5,0,0,"Balushi to Khan, no run",,"A full ball outside off, Hafeez Khan attempts a slog-sweep but misses completely. Muzaffar Shiralkar gathers safely behind the stumps, and it is a dot ball.",417fde85-59b9-4179-9684-bf5eecc6ef6b,244546,"Hong Kong v Oman at Nisshin, Asian Games Men's Cricket Competition, 25 Sep 2026",9387,Asian Games Men's Cricket Competition,2026,"Korogi Sports Park, Nisshin",Twenty20 international,2026-09-25,,,,,,,,,,,,,,,,,,,,,,,,,,,False,False,False,False,,,,full,outside off,,slog sweep,,,,,,,,keyword,0,,False,False,False,False,False,False,False,False,True,
1,509,Hong Kong,HKG,5,6,Shuaib Al Balushi,5,1,0,34/2,4.00,5.07,5.6,0,0,"Balushi to Khan, no run",,"A length ball outside off, Hafeez Khan attempts to push but misses, and the wicketkeeper gathers cleanly for another dot ball.",417fde85-59b9-4179-9684-bf5eecc6ef6b,244546,"Hong Kong v Oman at Nisshin, Asian Games Men's Cricket Competition, 25 Sep 2026",9387,Asian Games Men's Cricket Competition,2026,"Korogi Sports Park, Nisshin",Twenty20 international,2026-09-25,,,,,,,,,,,,,,,,,,,,,,,,,,,False,False,False,False,,,,length ball,outside off,,push,,,,,,,,keyword,0,,False,False,False,False,False,False,False,False,True,
1,509,Hong Kong,HKG,5,7,Nawed Al Balushi,5,0,0,39/2,5.00,6.01,6.1,0,0,"Balushi to Hayat, no run",Nawed Al Balushi continues their spell,"Nawed Al Balushi bowls to Babar Hayat, and there is no run.",417fde85-59b9-4179-9684-bf5eecc6ef6b,244546,"Hong Kong v Oman at Nisshin, Asian Games Men's Cricket Competition, 25 Sep 2026",9387,Asian Games Men's Cricket Competition,2026,"Korogi Sports Park, Nisshin",Twenty20 international,2026-09-25,,,,,,,,,,,,,,,,,,,,,,,,,,,False,False,False,False,,,,,,,,,,,,,,,none,0,,False,False,False,False,False,False,False,False,True,
1,509,Hong Kong,HKG,5,7,Nawed Al Balushi,5,0,0,39/2,5.00,6.02,6.2,1,1,"Balushi to Hayat, 1 run",,"A back-of-a-length ball seaming in from outside off, Babar Hayat works it off the glove behind square for a single, with Faris Al Balushi tidying up at backward square leg.",417fde85-59b9-4179-9684-bf5eecc6ef6b,244546,"Hong Kong v Oman at Nisshin, Asian Games Men's Cricket Competition, 25 Sep 2026",9387,Asian Games Men's Cricket Competition,2026,"Korogi Sports Park, Nisshin",Twenty20 international,2026-09-25,22497.0,Babar Hayat,right,102323.0,Nawed Al Balushi,right,109.0,Oman,right pace,2.0,pace,2026-09-25 00:33:37,,,,,,,,107371915.0,15.0,45.0,77.0,2.0,1.0,1.0,False,False,True,False,,,,length ball,outside off,,work,,,backward square leg,,,,,keyword,1,,False,False,False,False,False,False,False,False,False,
1,509,Hong Kong,HKG,5,7,Nawed Al Balushi,5,0,0,39/2,5.00,6.03,6.3,2,2,"Balushi to Khan, 2 runs",,"A length ball outside off, Hafeez Khan drops the bat on it and picks up two through cover, with Zubair Al Balushi fielding.",417fde85-59b9-4179-9684-bf5eecc6ef6b,244546,"Hong Kong v Oman at Nisshin, Asian Games Men's Cricket Competition, 25 Sep 2026",9387,Asian Games Men's Cricket Competition,2026,"Korogi Sports Park, Nisshin",Twenty20 international,2026-09-25,89454.0,Hafeez Khan,right,102323.0,Nawed Al Balushi,right,109.0,Oman,right pace,2.0,pace,2026-09-25 00:34:12,,,,,,,,107371916.0,197.0,20.0,32.0,6.0,2.0,2.0,False,False,True,False,,,,length ball,outside off,,,,,cover,,,,,keyword,2,,False,False,False,False,False,False,False,False,False,
1,509,Hong Kong,HKG,5,7,Nawed Al Balushi,5,0,0,39/2,5.00,6.04,6.4,1,1,"Balushi to Khan, 1 run",,"Full outside off from Nawed Al Balushi, Hafeez Khan pushes it into the covers and they collect a single.",417fde85-59b9-4179-9684-bf5eecc6ef6b,244546,"Hong Kong v Oman at Nisshin, Asian Games Men's Cricket Competition, 25 Sep 2026",9387,Asian Games Men's Cricket Competition,2026,"Korogi Sports Park, Nisshin",Twenty20 international,2026-09-25,89454.0,Hafeez Khan,right,102323.0,Nawed Al Balushi,right,109.0,Oman,right pace,2.0,pace,2026-09-25 00:34:53,,,,,,,,107371917.0,183.0,30.0,53.0,6.0,1.0,1.0,False,False,True,False,,,,full,outside off,,push,,,,,,,,keyword,1,,False,False,False,False,False,False,False,False,False,
1,509,Hong Kong,HKG,5,7,Nawed Al Balushi,5,0,0,39/2,5.00,6.05,6.5,0,0,"Balushi to Hayat, no run",,"Nawed Al Balushi sends a full ball swinging away, wide outside off, and Babar Hayat wisely shoulders arms. No run.",417fde85-59b9-4179-9684-bf5eecc6ef6b,244546,"Hong Kong v Oman at Nisshin, Asian Games Men's Cricket Competition, 25 Sep 2026",9387,Asian Games Men's Cricket Competition,2026,"Korogi Sports Park, Nisshin",Twenty20 international,2026-09-25,,,,,,,,,,,,,,,,,,,,,,,,,,,False,False,False,False,,,,full,wide outside off,,shoulders arms,,,,,,,,keyword,0,,False,False,False,False,False,False,False,False,True,
1,509,Hong Kong,HKG,5,7,Nawed Al Balushi,5,0,0,39/2,5.00,6.06,6.6,1,1,"Balushi to Hayat, 1 run",,"Nawed Al Balushi sends down a full ball outside off, and Babar Hayat drives it towards deep extra cover for a single, neatly fielded by Zubair Al Balushi. Hong Kong end the over with one run from the final delivery.",417fde85-59b9-4179-9684-bf5eecc6ef6b,244546,"Hong Kong v Oman at Nisshin, Asian Games Men's Cricket Competition, 25 Sep 2026",9387,Asian Games Men's Cricket Competition,2026,"Korogi Sports Park, Nisshin",Twenty20 international,2026-09-25,22497.0,Babar Hayat,right,102323.0,Nawed Al Balushi,right,109.0,Oman,right pace,2.0,pace,2026-09-25 00:38:06,,,,,,,,107371919.0,232.0,70.0,125.0,5.0,1.0,1.0,False,False,True,False,,,,full,outside off,,drive,,,deep extra cover,Zubair Al Balushi,,,,keyword,1,,False,False,False,False,False,False,False,False,False,
1,509,Hong Kong,HKG,5,8,Shuaib Al Balushi,9,0,0,48/2,9.00,7.01,7.1,0,0,"Balushi to Hayat, no run",Shuaib Al Balushi continues their spell,"Shuaib Al Balushi bangs it in on middle stump, back of a length. Babar Hayat looks to glance, but misses and is struck on the pad, a dot ball.",417fde85-59b9-4179-9684-bf5eecc6ef6b,244546,"Hong Kong v Oman at Nisshin, Asian Games Men's Cricket Competition, 25 Sep 2026",9387,Asian Games Men's Cricket Competition,2026,"Korogi Sports Park, Nisshin",Twenty20 international,2026-09-25,,,,,,,,,,,,,,,,,,,,,,,,,,,False,False,False,False,,,,back of a length,middle stump,,glance,,,,,,,,keyword,0,,False,False,False,False,False,False,False,False,True,
1,509,Hong Kong,HKG,5,8,Shuaib Al Balushi,9,0,0,48/2,9.00,7.02,7.2,6,6,"Balushi to Hayat, 6 runs",,"Back of a length outside off, and Babar Hayat gets underneath it. He pulls powerfully over deep square leg for six. Hong Kong’s first six lifts their WinViz chances from 48% to 55%.",417fde85-59b9-4179-9684-bf5eecc6ef6b,244546,"Hong Kong v Oman at Nisshin, Asian Games Men's Cricket Competition, 25 Sep 2026",9387,Asian Games Men's Cricket Competition,2026,"Korogi Sports Park, Nisshin",Twenty20 international,2026-09-25,22497.0,Babar Hayat,right,89633.0,Shuaib Al Balushi,right,109.0,Oman,right pace,2.0,pace,2026-09-25 00:40:02,,,,,,,,107371921.0,339.0,100.0,174.0,3.0,6.0,6.0,False,False,True,False,,,,back of a length,outside off,,pull,,,deep square leg,,,,,keyword,6,,False,False,False,False,False,False,False,True,False,
1,509,Hong Kong,HKG,5,8,Shuaib Al Balushi,9,0,0,48/2,9.00,7.03,7.3,1,1,"Balushi to Hayat, 1 run",,"Back of a length outside off, Babar Hayat cuts but mistimes it towards gully, where Faris Al Balushi fields cleanly. They take a single.",417fde85-59b9-4179-9684-bf5eecc6ef6b,244546,"Hong Kong v Oman at Nisshin, Asian Games Men's Cricket Competition, 25 Sep 2026",9387,Asian Games Men's Cricket Competition,2026,"Korogi Sports Park, Nisshin",Twenty20 international,2026-09-25,22497.0,Babar Hayat,right,89633.0,Shuaib Al Balushi,right,109.0,Oman,right pace,2.0,pace,2026-09-25 00:40:43,,,,,,,,107371922.0,140.0,25.0,39.0,7.0,1.0,1.0,False,False,True,False,,,,back of a length,outside off,,cut,,,gully,,,,,keyword,1,,False,False,False,False,False,False,False,False,False,
1,509,Hong Kong,HKG,5,8,Shuaib Al Balushi,9,0,0,48/2,9.00,7.04,7.4,1,1,"Balushi to Khan, 1 run",,"Shuaib Al Balushi sends down a length ball outside off, and Hafeez Khan works it into the leg side for a single, neatly fielded by Mohammed Al Balushi at mid-wicket.",417fde85-59b9-4179-9684-bf5eecc6ef6b,244546,"Hong Kong v Oman at Nisshin, Asian Games Men's Cricket Competition, 25 Sep 2026",9387,Asian Games Men's Cricket Competition,2026,"Korogi Sports Park, Nisshin",Twenty20 international,2026-09-25,89454.0,Hafeez Khan,right,89633.0,Shuaib Al Balushi,right,109.0,Oman,right pace,2.0,pace,2026-09-25 00:41:33,,,,,,,,107371923.0,315.0,30.0,53.0,4.0,1.0,1.0,False,False,True,False,,,,length ball,outside off,,work,,,,Mohammed Al Balushi at mid-wicket,,,,keyword,1,,False,False,False,False,False,False,False,False,False,
1,509,Hong Kong,HKG,5,8,Shuaib Al Balushi,9,0,0,48/2,9.00,7.05,7.5,1,1,"Balushi to Hayat, 1 run",,"Babar Hayat defends the length ball outside off, but an overthrow from bowler Shuaib Al Balushi allows Hong Kong to take a single.",417fde85-59b9-4179-9684-bf5eecc6ef6b,244546,"Hong Kong v Oman at Nisshin, Asian Games Men's Cricket Competition, 25 Sep 2026",9387,Asian Games Men's Cricket Competition,2026,"Korogi Sports Park, Nisshin",Twenty20 international,2026-09-25,,,,,,,,,,,,,,,,,,,,,,,,,,,False,False,False,False,,,,length ball,outside off,,,,,,,,,,keyword,1,,False,False,False,False,False,False,False,False,False,
1,509,Hong Kong,HKG,5,8,Shuaib Al Balushi,9,0,0,48/2,9.00,7.06,7.6,0,0,"Balushi to Khan, no run",,"Back of a length outside off, Hafeez Khan works at it but splices the ball straight back to Shuaib Al Balushi, a dot ball.",417fde85-59b9-4179-9684-bf5eecc6ef6b,244546,"Hong Kong v Oman at Nisshin, Asian Games Men's Cricket Competition, 25 Sep 2026",9387,Asian Games Men's Cricket Competition,2026,"Korogi Sports Park, Nisshin",Twenty20 international,2026-09-25,,,,,,,,,,,,,,,,,,,,,,,,,,,False,False,False,False,,,,back of a length,outside off,,work,,,,,,,,keyword,0,,False,False,False,False,False,False,False,False,True,
1,509,Hong Kong,HKG,5,9,Mohammed Al Balushi,3,0,0,51/2,3.00,8.01,8.1,0,0,"Balushi to Hayat, no run",Mohammed Al Balushi takes the ball for their 1st spell,"Mohammed Al Balushi fires in an off break on a length outside off, and Babar Hayat works it towards square leg, where Issa Al Balushi fields cleanly. No run.",417fde85-59b9-4179-9684-bf5eecc6ef6b,244546,"Hong Kong v Oman at Nisshin, Asian Games Men's Cricket Competition, 25 Sep 2026",9387,Asian Games Men's Cricket Competition,2026,"Korogi Sports Park, Nisshin",Twenty20 international,2026-09-25,,,,,,,,,,,,,,,,,,,,,,,,,,,False,False,False,False,,,,,outside off,,work,,,square leg,,,,,keyword,0,,False,False,False,False,False,False,False,False,True,
1,509,Hong Kong,HKG,5,9,Mohammed Al Balushi,3,0,0,51/2,3.00,8.02,8.2,1,1,"Balushi to Hayat, 1 run",,"Mohammed Al Balushi sends down an off break on off stump, back of a length, and Babar Hayat works it to square leg for a single, fielded by Issa Al Balushi.",417fde85-59b9-4179-9684-bf5eecc6ef6b,244546,"Hong Kong v Oman at Nisshin, Asian Games Men's Cricket Competition, 25 Sep 2026",9387,Asian Games Men's Cricket Competition,2026,"Korogi Sports Park, Nisshin",Twenty20 international,2026-09-25,22497.0,Babar Hayat,right,102318.0,Mohammed Al Balushi,right,109.0,Oman,off break,3.0,spin,2026-09-25 00:44:45,,,,,,,,107371927.0,354.0,30.0,55.0,3.0,1.0,1.0,False,False,True,False,,,,back of a length,off stump,,work,,,square leg,Issa Al Balushi,,,,keyword,1,,False,False,False,False,False,False,False,False,False,
1,509,Hong Kong,HKG,5,9,Mohammed Al Balushi,3,0,0,51/2,3.00,8.03,8.3,0,0,"Balushi to Khan, no run",,"An off-break full toss outside off, Hafeez Khan attempts a scoop but splices it straight to Sameer Othman at short fine leg for no run.",417fde85-59b9-4179-9684-bf5eecc6ef6b,244546,"Hong Kong v Oman at Nisshin, Asian Games Men's Cricket Competition, 25 Sep 2026",9387,Asian Games Men's Cricket Competition,2026,"Korogi Sports Park, Nisshin",Twenty20 international,2026-09-25,,,,,,,,,,,,,,,,,,,,,,,,,,,False,False,False,False,,,,full toss,outside off,,,,,short fine leg,,,,,keyword,0,,False,False,False,False,False,False,False,False,True,
1,509,Hong Kong,HKG,5,9,Mohammed Al Balushi,3,0,0,51/2,3.00,8.04,8.4,1,1,"Balushi to Khan, 1 run",,"Mohammed Al Balushi sends down an off break outside off on a back-of-a-length line, and Hafeez Khan flicks it away for a single, neatly fielded by Sameer Othman at short fine leg. Hong Kong reach 50 for 2.",417fde85-59b9-4179-9684-bf5eecc6ef6b,244546,"Hong Kong v Oman at Nisshin, Asian Games Men's Cricket Competition, 25 Sep 2026",9387,Asian Games Men's Cricket Competition,2026,"Korogi Sports Park, Nisshin",Twenty20 international,2026-09-25,89454.0,Hafeez Khan,right,102318.0,Mohammed Al Balushi,right,109.0,Oman,off break,3.0,spin,2026-09-25 00:45:51,,,,,,,,107371929.0,32.0,40.0,63.0,2.0,1.0,1.0,False,False,True,False,,,,short,outside off,,flick,,,short fine leg,Sameer Othman at short fine leg,,,,keyword,1,,False,False,False,False,False,False,False,False,False,
1,509,Hong Kong,HKG,5,9,Mohammed Al Balushi,3,0,0,51/2,3.00,8.05,8.5,1,1,"Balushi to Hayat, 1 run",,"Mohammed Al Balushi sends down an off break back of a length outside off, and Babar Hayat steers it toward backward point for a single, neatly fielded by Sufyan Mehmood.",417fde85-59b9-4179-9684-bf5eecc6ef6b,244546,"Hong Kong v Oman at Nisshin, Asian Games Men's Cricket Competition, 25 Sep 2026",9387,Asian Games Men's Cricket Competition,2026,"Korogi Sports Park, Nisshin",Twenty20 international,2026-09-25,22497.0,Babar Hayat,right,102318.0,Mohammed Al Balushi,right,109.0,Oman,off break,3.0,spin,2026-09-25 00:46:14,,,,,,,,107371930.0,153.0,25.0,41.0,7.0,1.0,1.0,False,False,True,False,,,,back of a length,outside off,,steer,,,,Sufyan Mehmood,,,,keyword,1,,False,False,False,False,False,False,False,False,False,
1,509,Hong Kong,HKG,5,9,Mohammed Al Balushi,3,0,0,51/2,3.00,8.06,8.6,0,0,"Balushi to Khan, no run",,"Al Balushi fires in an off break outside off, back of a length. Hafeez Khan attempts a late cut but misses, with the wicketkeeper collecting cleanly for a dot ball. The over ends without a run, keeping Oman firmly in control.",417fde85-59b9-4179-9684-bf5eecc6ef6b,244546,"Hong Kong v Oman at Nisshin, Asian Games Men's Cricket Competition, 25 Sep 2026",9387,Asian Games Men's Cricket Competition,2026,"Korogi Sports Park, Nisshin",Twenty20 international,2026-09-25,,,,,,,,,,,,,,,,,,,,,,,,,,,False,False,False,False,,,,back of a length,outside off,,late cut,,,,,,,,keyword,0,,False,False,False,False,False,False,False,False,True,
1,509,Hong Kong,HKG,5,10,Sameer Othman,11,0,0,62/2,11.00,9.01,9.1,1,1,"Othman to Hayat, 1 run",Sameer Othman takes the ball for their 1st spell,"Sameer Othman's stock ball sits back of a length on off stump, and Babar Hayat flicks it neatly into the leg side for a single, fielded by Shuaib Al Balushi at deep mid-wicket.",417fde85-59b9-4179-9684-bf5eecc6ef6b,244546,"Hong Kong v Oman at Nisshin, Asian Games Men's Cricket Competition, 25 Sep 2026",9387,Asian Games Men's Cricket Competition,2026,"Korogi Sports Park, Nisshin",Twenty20 international,2026-09-25,22497.0,Babar Hayat,right,102322.0,Sameer Othman,left,109.0,Oman,left orthodox,5.0,spin,2026-09-25 00:47:58,,,,,,,,107371932.0,305.0,70.0,120.0,4.0,1.0,1.0,False,False,True,False,,,,back of a length,off stump,,flick,,,,Shuaib Al Balushi at deep mid-wicket,,,,keyword,1,,False,False,False,False,False,False,False,False,False,
1,509,Hong Kong,HKG,5,10,Sameer Othman,11,0,0,62/2,11.00,9.02,9.2,1,1,"Othman to Khan, 1 run",,"Sameer Othman delivers a stock ball back of a length outside off, and Hafeez Khan cuts it neatly for a single.",417fde85-59b9-4179-9684-bf5eecc6ef6b,244546,"Hong Kong v Oman at Nisshin, Asian Games Men's Cricket Competition, 25 Sep 2026",9387,Asian Games Men's Cricket Competition,2026,"Korogi Sports Park, Nisshin",Twenty20 international,2026-09-25,89454.0,Hafeez Khan,right,102322.0,Sameer Othman,left,109.0,Oman,left orthodox,5.0,spin,2026-09-25 00:48:50,,,,,,,,107371933.0,199.0,75.0,124.0,6.0,1.0,1.0,False,False,True,False,,,,back of a length,outside off,,cut,,,,,,,,keyword,1,,False,False,False,False,False,False,False,False,False,
1,509,Hong Kong,HKG,5,10,Sameer Othman,11,0,0,62/2,11.00,9.03,9.3,1,1,"Othman to Hayat, 1 run",,"Sameer Othman sends down a stock ball outside off, back of a length. Babar Hayat drives it towards deep cover, where Zubair Al Balushi fields, and they take a single.",417fde85-59b9-4179-9684-bf5eecc6ef6b,244546,"Hong Kong v Oman at Nisshin, Asian Games Men's Cricket Competition, 25 Sep 2026",9387,Asian Games Men's Cricket Competition,2026,"Korogi Sports Park, Nisshin",Twenty20 international,2026-09-25,22497.0,Babar Hayat,right,102322.0,Sameer Othman,left,109.0,Oman,left orthodox,5.0,spin,2026-09-25 00:49:29,,,,,,,,107371934.0,207.0,75.0,127.0,6.0,1.0,1.0,False,False,True,False,,,,back of a length,outside off,,drive,,,deep cover,,,,,keyword,1,,False,False,False,False,False,False,False,False,False,
1,509,Hong Kong,HKG,5,10,Sameer Othman,11,0,0,62/2,11.00,9.04,9.4,3,3,"Othman to Khan, 3 runs",,"Sameer Othman sends down a stock ball outside off, a full toss that Hafeez Khan splices on his attempted scoop for three. Issa Al Balushi saves a run at fine leg.",417fde85-59b9-4179-9684-bf5eecc6ef6b,244546,"Hong Kong v Oman at Nisshin, Asian Games Men's Cricket Competition, 25 Sep 2026",9387,Asian Games Men's Cricket Competition,2026,"Korogi Sports Park, Nisshin",Twenty20 international,2026-09-25,89454.0,Hafeez Khan,right,102322.0,Sameer Othman,left,109.0,Oman,left orthodox,5.0,spin,2026-09-25 00:49:57,,,,,,,,107371935.0,71.0,90.0,140.0,1.0,3.0,3.0,False,False,True,False,,,,full toss,outside off,,,,,fine leg,,,,,keyword,3,,False,False,False,False,False,False,False,False,False,
1,509,Hong Kong,HKG,5,10,Sameer Othman,11,0,0,62/2,11.00,9.05,9.5,1,1,"Othman to Hayat, 1 run",,"Sameer Othman sends down a short stock ball on off stump, and Babar Hayat flicks it away to deep backward square leg for a single.",417fde85-59b9-4179-9684-bf5eecc6ef6b,244546,"Hong Kong v Oman at Nisshin, Asian Games Men's Cricket Competition, 25 Sep 2026",9387,Asian Games Men's Cricket Competition,2026,"Korogi Sports Park, Nisshin",Twenty20 international,2026-09-25,22497.0,Babar Hayat,right,102322.0,Sameer Othman,left,109.0,Oman,left orthodox,5.0,spin,2026-09-25 00:50:55,,,,,,,,107371936.0,3.0,65.0,107.0,2.0,1.0,1.0,False,False,True,False,,,,short,off stump,,flick,,,deep backward square leg,,,,,keyword,1,,False,False,False,False,False,False,False,False,False,
1,509,Hong Kong,HKG,5,10,Sameer Othman,11,0,0,62/2,11.00,9.06,9.6,4,4,"Othman to Khan, 4 runs",,"A stock ball on middle, back of a length, is driven firmly by Hafeez Khan. He connects cleanly and sends it through to long on for four. The partnership reaches 51 from 45 deliveries.",417fde85-59b9-4179-9684-bf5eecc6ef6b,244546,"Hong Kong v Oman at Nisshin, Asian Games Men's Cricket Competition, 25 Sep 2026",9387,Asian Games Men's Cricket Competition,2026,"Korogi Sports Park, Nisshin",Twenty20 international,2026-09-25,89454.0,Hafeez Khan,right,102322.0,Sameer Othman,left,109.0,Oman,left orthodox,5.0,spin,2026-09-25 00:51:31,,,,,,,,107371937.0,273.0,100.0,180.0,4.0,4.0,4.0,False,False,True,False,,,,back of a length,,,drive,,,long on,,,,,keyword,4,,False,False,False,False,False,False,True,False,False,
1,509,Hong Kong,HKG,5,11,Mohammed Al Balushi,3,0,1,65/3,3.00,10.01,10.1,0,0,"Balushi to Hayat, no run",Mohammed Al Balushi continues their spell,"Al Balushi fires in an off break on a length outside off, and Babar Hayat gets right behind it in defence. The ball rolls back to the bowler for a dot ball.",417fde85-59b9-4179-9684-bf5eecc6ef6b,244546,"Hong Kong v Oman at Nisshin, Asian Games Men's Cricket Competition, 25 Sep 2026",9387,Asian Games Men's Cricket Competition,2026,"Korogi Sports Park, Nisshin",Twenty20 international,2026-09-25,,,,,,,,,,,,,,,,,,,,,,,,,,,False,False,False,False,,,,,outside off,,,,,bowler,,,,,keyword,0,,False,False,False,False,False,False,False,False,True,
1,509,Hong Kong,HKG,5,11,Mohammed Al Balushi,3,0,1,65/3,3.00,10.02,10.2,0,W,"Balushi to Hayat, out!",,"Mohammed Al Balushi fires in an off break on off stump, back of a length, and Babar Hayat attempts a flick but gets a leading edge. He is caught by Shuaib Al Balushi at extra cover for a wicket. Babar Hayat departs for 23 from 25 balls, while Oman’s WinViz rises from 41% to 49%.",417fde85-59b9-4179-9684-bf5eecc6ef6b,244546,"Hong Kong v Oman at Nisshin, Asian Games Men's Cricket Competition, 25 Sep 2026",9387,Asian Games Men's Cricket Competition,2026,"Korogi Sports Park, Nisshin",Twenty20 international,2026-09-25,,,,,,,,,,,,,,,,,,,,,,,,,,,False,False,False,True,,,,back of a length,off stump,,flick,,,extra cover,Shuaib Al Balushi at extra cover for a wicket,caught,,,keyword,0,,True,False,False,False,False,False,False,False,False,commentary
1,509,Hong Kong,HKG,5,11,Mohammed Al Balushi,3,0,1,65/3,3.00,10.03,10.3,1,1,"Balushi to Mathur, 1 run",Shiv Mathur heads to the crease. ,"Mohammed Al Balushi sends down a length off-break outside off, and Shiv Mathur works it away for a single, fielded by Waheed Al Balushi at long-on. Shiv Mathur is off the mark.",417fde85-59b9-4179-9684-bf5eecc6ef6b,244546,"Hong Kong v Oman at Nisshin, Asian Games Men's Cricket Competition, 25 Sep 2026",9387,Asian Games Men's Cricket Competition,2026,"Korogi Sports Park, Nisshin",Twenty20 international,2026-09-25,82441.0,S Mathur,right,102318.0,Mohammed Al Balushi,right,109.0,Oman,off break,3.0,spin,2026-09-25 00:56:46,,,,,,,,107371940.0,282.0,75.0,139.0,4.0,1.0,1.0,False,False,True,False,,,,,outside off,,work,,,,Waheed Al Balushi at long-on,,,,keyword,1,,False,False,False,False,False,False,False,False,False,
1,509,Hong Kong,HKG,5,11,Mohammed Al Balushi,3,0,1,65/3,3.00,10.04,10.4,0,0,"Balushi to Khan, no run",,"Mohammed Al Balushi fires in an off break on a length outside off, and Hafeez Khan works it towards square leg, where Issa Al Balushi fields cleanly. No run.",417fde85-59b9-4179-9684-bf5eecc6ef6b,244546,"Hong Kong v Oman at Nisshin, Asian Games Men's Cricket Competition, 25 Sep 2026",9387,Asian Games Men's Cricket Competition,2026,"Korogi Sports Park, Nisshin",Twenty20 international,2026-09-25,,,,,,,,,,,,,,,,,,,,,,,,,,,False,False,False,False,,,,,outside off,,work,,,square leg,,,,,keyword,0,,False,False,False,False,False,False,False,False,True,
1,509,Hong Kong,HKG,5,11,Mohammed Al Balushi,3,0,1,65/3,3.00,10.05,10.5,0,0,"Balushi to Khan, no run",,"Mohammed Al Balushi sends down an off-break outside off, back of a length. Hafeez Khan pushes it towards cover, where Shuaib Al Balushi fields cleanly for a dot ball.",417fde85-59b9-4179-9684-bf5eecc6ef6b,244546,"Hong Kong v Oman at Nisshin, Asian Games Men's Cricket Competition, 25 Sep 2026",9387,Asian Games Men's Cricket Competition,2026,"Korogi Sports Park, Nisshin",Twenty20 international,2026-09-25,,,,,,,,,,,,,,,,,,,,,,,,,,,False,False,False,False,,,,back of a length,outside off,,push,,,cover,,,,,keyword,0,,False,False,False,False,False,False,False,False,True,
1,509,Hong Kong,HKG,5,11,Mohammed Al Balushi,3,0,1,65/3,3.00,10.06,10.6,2,2,"Balushi to Khan, 2 runs",,"Mohammed Al Balushi sends down an off break wide outside off, back of a length, and Hafeez Khan cuts it behind point for two, with Abduljalil Kankaz tidying up in the deep. Hong Kong finish the over with a couple of runs.",417fde85-59b9-4179-9684-bf5eecc6ef6b,244546,"Hong Kong v Oman at Nisshin, Asian Games Men's Cricket Competition, 25 Sep 2026",9387,Asian Games Men's Cricket Competition,2026,"Korogi Sports Park, Nisshin",Twenty20 international,2026-09-25,89454.0,Hafeez Khan,right,102318.0,Mohammed Al Balushi,right,109.0,Oman,off break,3.0,spin,2026-09-25 00:57:52,,,,,,,,107371943.0,171.0,80.0,133.0,7.0,2.0,2.0,False,False,True,False,,,,back of a length,wide outside off,,cut,,,point,,,,,keyword,2,,False,False,False,False,False,False,False,False,False,
1,509,Hong Kong,HKG,5,12,Sameer Othman,4,0,0,69/3,4.00,11.01,11.1,2,2,"Othman to Mathur, 2 runs",Sameer Othman continues their spell,"Sameer Othman sends down a length ball outside off, and Shiv Mathur scoops it fine of the keeper for two runs, with Mohammed Al Balushi tidying up at fine leg.",417fde85-59b9-4179-9684-bf5eecc6ef6b,244546,"Hong Kong v Oman at Nisshin, Asian Games Men's Cricket Competition, 25 Sep 2026",9387,Asian Games Men's Cricket Competition,2026,"Korogi Sports Park, Nisshin",Twenty20 international,2026-09-25,82441.0,S Mathur,right,102322.0,Sameer Othman,left,109.0,Oman,left orthodox,5.0,spin,2026-09-25 00:59:03,,,,,,,,107371944.0,55.0,70.0,114.0,1.0,2.0,2.0,False,False,True,False,,,,length ball,outside off,,,,,fine leg,,,,,keyword,2,,False,False,False,False,False,False,False,False,False,
1,509,Hong Kong,HKG,5,12,Sameer Othman,4,0,0,69/3,4.00,11.02,11.2,0,0,"Othman to Mathur, no run",,"Sameer Othman sends down a length stock ball outside off, and Shiv Mathur drives firmly but straight to Waheed Al Balushi at cover. No run.",417fde85-59b9-4179-9684-bf5eecc6ef6b,244546,"Hong Kong v Oman at Nisshin, Asian Games Men's Cricket Competition, 25 Sep 2026",9387,Asian Games Men's Cricket Competition,2026,"Korogi Sports Park, Nisshin",Twenty20 international,2026-09-25,,,,,,,,,,,,,,,,,,,,,,,,,,,False,False,False,False,,,,,outside off,,drive,,,cover,,,,,keyword,0,,False,False,False,False,False,False,False,False,True,
1,509,Hong Kong,HKG,5,12,Sameer Othman,4,0,0,69/3,4.00,11.03,11.3,1,1,"Othman to Mathur, 1 run",,"Sameer Othman delivers a short stock ball outside off, and Shiv Mathur pulls it out to deep mid-wicket for a single, neatly fielded by Shuaib Al Balushi.",417fde85-59b9-4179-9684-bf5eecc6ef6b,244546,"Hong Kong v Oman at Nisshin, Asian Games Men's Cricket Competition, 25 Sep 2026",9387,Asian Games Men's Cricket Competition,2026,"Korogi Sports Park, Nisshin",Twenty20 international,2026-09-25,82441.0,S Mathur,right,102322.0,Sameer Othman,left,109.0,Oman,left orthodox,5.0,spin,2026-09-25 01:00:05,,,,,,,,107371946.0,310.0,65.0,116.0,4.0,1.0,1.0,False,False,True,False,,,,short,outside off,,pull,,,,Shuaib Al Balushi,,,,keyword,1,,False,False,False,False,False,False,False,False,False,
1,509,Hong Kong,HKG,5,12,Sameer Othman,4,0,0,69/3,4.00,11.04,11.4,0,0,"Othman to Khan, no run",,"Sameer Othman fires in a length stock ball outside off, and Hafeez Khan swings hard with the slog-sweep, but Abduljalil Kankaz makes the save at square leg. No run.",417fde85-59b9-4179-9684-bf5eecc6ef6b,244546,"Hong Kong v Oman at Nisshin, Asian Games Men's Cricket Competition, 25 Sep 2026",9387,Asian Games Men's Cricket Competition,2026,"Korogi Sports Park, Nisshin",Twenty20 international,2026-09-25,,,,,,,,,,,,,,,,,,,,,,,,,,,False,False,False,False,,,,,outside off,,slog sweep,,,square leg,,,,,keyword,0,,False,False,False,False,False,False,False,False,True,
1,509,Hong Kong,HKG,5,12,Sameer Othman,4,0,0,69/3,4.00,11.05,11.5,1,1,"Othman to Khan, 1 run",,"Sameer Othman sends down a stock ball back of a length outside off, and Hafeez Khan cuts it towards deep cover for a single. Zubair Al Balushi fields, with a sharp return from Muzaffar Shiralkar behind the stumps.",417fde85-59b9-4179-9684-bf5eecc6ef6b,244546,"Hong Kong v Oman at Nisshin, Asian Games Men's Cricket Competition, 25 Sep 2026",9387,Asian Games Men's Cricket Competition,2026,"Korogi Sports Park, Nisshin",Twenty20 international,2026-09-25,89454.0,Hafeez Khan,right,102322.0,Sameer Othman,left,109.0,Oman,left orthodox,5.0,spin,2026-09-25 01:01:12,,,,,,,,107371948.0,182.0,75.0,124.0,6.0,1.0,1.0,False,False,True,False,,,,back of a length,outside off,,cut,,,deep cover,,,,,keyword,1,,False,False,False,False,False,False,False,False,False,
1,509,Hong Kong,HKG,5,12,Sameer Othman,4,0,0,69/3,4.00,11.06,11.6,0,0,"Othman to Mathur, no run",,"Sameer Othman bowls a stock ball on a length outside off. Shiv Mathur drives, but mistimes it straight back to the bowler for a dot ball.",417fde85-59b9-4179-9684-bf5eecc6ef6b,244546,"Hong Kong v Oman at Nisshin, Asian Games Men's Cricket Competition, 25 Sep 2026",9387,Asian Games Men's Cricket Competition,2026,"Korogi Sports Park, Nisshin",Twenty20 international,2026-09-25,,,,,,,,,,,,,,,,,,,,,,,,,,,False,False,False,False,,,,,outside off,,drive,,,bowler,,,,,keyword,0,,False,False,False,False,False,False,False,False,True,
1,509,Hong Kong,HKG,5,13,Mohammed Al Balushi,5,0,0,74/3,5.00,12.01,12.1,2,2,"Balushi to Khan, 2 runs",Mohammed Al Balushi continues their spell,"Mohammed Al Balushi bowls to Hafeez Khan, who collects two runs. Hafeez Khan reaches 30 runs from 32 balls at a strike rate of 97.",417fde85-59b9-4179-9684-bf5eecc6ef6b,244546,"Hong Kong v Oman at Nisshin, Asian Games Men's Cricket Competition, 25 Sep 2026",9387,Asian Games Men's Cricket Competition,2026,"Korogi Sports Park, Nisshin",Twenty20 international,2026-09-25,89454.0,Hafeez Khan,right,102318.0,Mohammed Al Balushi,right,109.0,Oman,off break,3.0,spin,2026-09-25 01:02:59,,,,,,,,107371950.0,117.0,75.0,122.0,8.0,2.0,2.0,False,False,True,False,,,,,,,,,,,,,,,none,2,,False,False,False,False,False,False,False,False,False,
1,509,Hong Kong,HKG,5,13,Mohammed Al Balushi,5,0,0,74/3,5.00,12.02,12.2,0,0,"Balushi to Khan, no run",,"Mohammed Al Balushi sends down an off break on off stump, a length ball that takes a thick edge from Hafeez Khan, but it falls safely for no run.",417fde85-59b9-4179-9684-bf5eecc6ef6b,244546,"Hong Kong v Oman at Nisshin, Asian Games Men's Cricket Competition, 25 Sep 2026",9387,Asian Games Men's Cricket Competition,2026,"Korogi Sports Park, Nisshin",Twenty20 international,2026-09-25,,,,,,,,,,,,,,,,,,,,,,,,,,,False,False,False,False,,,,length ball,off stump,,,,,,,,,,keyword,0,,False,False,False,False,False,False,False,False,True,
1,509,Hong Kong,HKG,5,13,Mohammed Al Balushi,5,0,0,74/3,5.00,12.03,12.3,0,0,"Balushi to Khan, no run",,"An off-break on a length outside off, Hafeez Khan drives, but Mohammed Al Balushi saves the run himself. A dot ball.",417fde85-59b9-4179-9684-bf5eecc6ef6b,244546,"Hong Kong v Oman at Nisshin, Asian Games Men's Cricket Competition, 25 Sep 2026",9387,Asian Games Men's Cricket Competition,2026,"Korogi Sports Park, Nisshin",Twenty20 international,2026-09-25,,,,,,,,,,,,,,,,,,,,,,,,,,,False,False,False,False,,,,,outside off,,drive,,,,,,,,keyword,0,,False,False,False,False,False,False,False,False,True,
1,509,Hong Kong,HKG,5,13,Mohammed Al Balushi,5,0,0,74/3,5.00,12.04,12.4,1,1,"Balushi to Khan, 1 run",,"Mohammed Al Balushi sends down an off break back of a length outside off, and Hafeez Khan pulls it away for a single, neatly fielded by Sameer Othman at short fine leg.",417fde85-59b9-4179-9684-bf5eecc6ef6b,244546,"Hong Kong v Oman at Nisshin, Asian Games Men's Cricket Competition, 25 Sep 2026",9387,Asian Games Men's Cricket Competition,2026,"Korogi Sports Park, Nisshin",Twenty20 international,2026-09-25,89454.0,Hafeez Khan,right,102318.0,Mohammed Al Balushi,right,109.0,Oman,off break,3.0,spin,2026-09-25 01:04:10,,,,,,,,107371953.0,35.0,30.0,52.0,2.0,1.0,1.0,False,False,True,False,,,,back of a length,outside off,,pull,,,short fine leg,Sameer Othman at short fine leg,,,,keyword,1,,False,False,False,False,False,False,False,False,False,
1,509,Hong Kong,HKG,5,13,Mohammed Al Balushi,5,0,0,74/3,5.00,12.05,12.5,2,2,"Balushi to Mathur, 2 runs",,"Mohammed Al Balushi sends down an off break outside off on a length, and Shiv Mathur opens the face for a neat late cut, picking up two through third man.",417fde85-59b9-4179-9684-bf5eecc6ef6b,244546,"Hong Kong v Oman at Nisshin, Asian Games Men's Cricket Competition, 25 Sep 2026",9387,Asian Games Men's Cricket Competition,2026,"Korogi Sports Park, Nisshin",Twenty20 international,2026-09-25,82441.0,S Mathur,right,102318.0,Mohammed Al Balushi,right,109.0,Oman,off break,3.0,spin,2026-09-25 01:04:37,,,,,,,,107371954.0,109.0,70.0,110.0,8.0,2.0,2.0,False,False,True,False,,,,,outside off,,late cut,,,third man,,,,,keyword,2,,False,False,False,False,False,False,False,False,False,
1,509,Hong Kong,HKG,5,13,Mohammed Al Balushi,5,0,0,74/3,5.00,12.06,12.6,0,0,"Balushi to Mathur, no run",,"Mohammed Al Balushi bowls an off break on a length outside off. Shiv Mathur attempts a cut but misses, and Muzaffar Shiralkar gathers cleanly behind the stumps for a dot ball.",417fde85-59b9-4179-9684-bf5eecc6ef6b,244546,"Hong Kong v Oman at Nisshin, Asian Games Men's Cricket Competition, 25 Sep 2026",9387,Asian Games Men's Cricket Competition,2026,"Korogi Sports Park, Nisshin",Twenty20 international,2026-09-25,,,,,,,,,,,,,,,,,,,,,,,,,,,False,False,False,False,,,,,outside off,,cut,,,,,,,,keyword,0,,False,False,False,False,False,False,False,False,True,
1,509,Hong Kong,HKG,5,14,Sameer Othman,5,0,1,79/4,5.00,13.01,13.1,1,1,"Othman to Khan, 1 run",Sameer Othman continues their spell,"Sameer Othman sends down a stock ball back of a length outside off, and Hafeez Khan cuts it square. Faris Al Balushi fields at gully, but they come through for a single.",417fde85-59b9-4179-9684-bf5eecc6ef6b,244546,"Hong Kong v Oman at Nisshin, Asian Games Men's Cricket Competition, 25 Sep 2026",9387,Asian Games Men's Cricket Competition,2026,"Korogi Sports Park, Nisshin",Twenty20 international,2026-09-25,89454.0,Hafeez Khan,right,102322.0,Sameer Othman,left,109.0,Oman,left orthodox,5.0,spin,2026-09-25 01:06:33,,,,,,,,107371956.0,147.0,35.0,56.0,7.0,1.0,1.0,False,False,True,False,,,,back of a length,outside off,,cut,,,gully,,,,,keyword,1,,False,False,False,False,False,False,False,False,False,
1,509,Hong Kong,HKG,5,14,Sameer Othman,5,0,1,79/4,5.00,13.02,13.2,2,2,"Othman to Mathur, 2 runs",,"Sameer Othman sends down a full stock ball outside off, and Shiv Mathur launches an uncontrolled slog-sweep towards deep mid-wicket. The chance is dropped, allowing them to run two.",417fde85-59b9-4179-9684-bf5eecc6ef6b,244546,"Hong Kong v Oman at Nisshin, Asian Games Men's Cricket Competition, 25 Sep 2026",9387,Asian Games Men's Cricket Competition,2026,"Korogi Sports Park, Nisshin",Twenty20 international,2026-09-25,82441.0,S Mathur,right,102322.0,Sameer Othman,left,109.0,Oman,left orthodox,5.0,spin,2026-09-25 01:06:57,,,,,,,,107371957.0,313.0,75.0,131.0,4.0,2.0,2.0,False,False,True,False,,,,full,outside off,,slog sweep,,uncontrolled,,,,,,keyword,2,,False,False,False,False,False,False,False,False,False,
1,509,Hong Kong,HKG,5,14,Sameer Othman,5,0,1,79/4,5.00,13.03,13.3,1,1,"Othman to Mathur, 1 run",,"Sameer Othman’s stock ball is short and outside off. Shiv Mathur pulls, but mis-times it in the air towards long-on, where Shuaib Al Balushi fields cleanly. They come back for a single.",417fde85-59b9-4179-9684-bf5eecc6ef6b,244546,"Hong Kong v Oman at Nisshin, Asian Games Men's Cricket Competition, 25 Sep 2026",9387,Asian Games Men's Cricket Competition,2026,"Korogi Sports Park, Nisshin",Twenty20 international,2026-09-25,82441.0,S Mathur,right,102322.0,Sameer Othman,left,109.0,Oman,left orthodox,5.0,spin,2026-09-25 01:07:31,,,,,,,,107371958.0,290.0,70.0,130.0,4.0,1.0,1.0,False,False,True,False,,,,short,outside off,,pull,,,,,,,,keyword,1,,False,False,False,False,False,False,False,False,False,
1,509,Hong Kong,HKG,5,14,Sameer Othman,5,0,1,79/4,5.00,13.04,13.4,0,W,"Othman to Khan, out!",,"Sameer Othman fires in a stock ball wide outside off, back of a length, and Hafeez Khan misses his slog. He is stumped by Muzaffar Shiralkar as he steps out of his crease. Hafeez Khan departs after scoring 33 from 37 balls.",417fde85-59b9-4179-9684-bf5eecc6ef6b,244546,"Hong Kong v Oman at Nisshin, Asian Games Men's Cricket Competition, 25 Sep 2026",9387,Asian Games Men's Cricket Competition,2026,"Korogi Sports Park, Nisshin",Twenty20 international,2026-09-25,,,,,,,,,,,,,,,,,,,,,,,,,,,False,False,False,False,,,,back of a length,wide outside off,,slog,,,,,stumped,,,keyword,0,,True,False,False,False,False,False,False,False,False,commentary
1,509,Hong Kong,HKG,5,14,Sameer Othman,5,0,1,79/4,5.00,13.05,13.5,0,0,"Othman to Wasif, no run",Shahid Wasif heads to the crease. ,"Sameer Othman bowls a stock ball on a length outside off. Shahid Wasif cuts firmly, but finds Mohammed Al Balushi at cover, and it is a dot ball.",417fde85-59b9-4179-9684-bf5eecc6ef6b,244546,"Hong Kong v Oman at Nisshin, Asian Games Men's Cricket Competition, 25 Sep 2026",9387,Asian Games Men's Cricket Competition,2026,"Korogi Sports Park, Nisshin",Twenty20 international,2026-09-25,,,,,,,,,,,,,,,,,,,,,,,,,,,False,False,False,False,,,,,outside off,,cut,,,cover,,,,,keyword,0,,False,False,False,False,False,False,False,False,True,
1,509,Hong Kong,HKG,5,14,Sameer Othman,5,0,1,79/4,5.00,13.06,13.6,1,1,"Othman to Wasif, 1 run",,"A stock ball on off stump, on a length, is worked away for a single by Shahid Wasif. Shahid Wasif is off the mark.",417fde85-59b9-4179-9684-bf5eecc6ef6b,244546,"Hong Kong v Oman at Nisshin, Asian Games Men's Cricket Competition, 25 Sep 2026",9387,Asian Games Men's Cricket Competition,2026,"Korogi Sports Park, Nisshin",Twenty20 international,2026-09-25,53637.0,Shahid Wasif,right,102322.0,Sameer Othman,left,109.0,Oman,left orthodox,5.0,spin,2026-09-25 01:10:07,,,,,,,,107371961.0,305.0,30.0,49.0,4.0,1.0,1.0,False,False,True,False,,,,,off stump,,work,,,,,,,,keyword,1,,False,False,False,False,False,False,False,False,False,
1,509,Hong Kong,HKG,5,15,Mohammed Al Balushi,6,1,2,85/6,5.00,14.01,14.1,1,1,"Balushi to Wasif, 1 run",Mohammed Al Balushi continues their spell,"Mohammed Al Balushi to Shahid Wasif, who plays it away for a single.",417fde85-59b9-4179-9684-bf5eecc6ef6b,244546,"Hong Kong v Oman at Nisshin, Asian Games Men's Cricket Competition, 25 Sep 2026",9387,Asian Games Men's Cricket Competition,2026,"Korogi Sports Park, Nisshin",Twenty20 international,2026-09-25,,,,,,,,,,,,,,,,,,,,,,,,,,,False,False,False,False,,,,,,,,,,,,,,,none,1,,False,False,False,False,False,False,False,False,False,
1,509,Hong Kong,HKG,5,15,Mohammed Al Balushi,6,1,2,85/6,5.00,14.02,14.2,2,2,"Balushi to Mathur, 2 runs",,"Mohammed Al Balushi sends down a full off break outside off, and Shiv Mathur drives firmly to long off, where Nawed Al Balushi fields it cleanly. They come back for two.",417fde85-59b9-4179-9684-bf5eecc6ef6b,244546,"Hong Kong v Oman at Nisshin, Asian Games Men's Cricket Competition, 25 Sep 2026",9387,Asian Games Men's Cricket Competition,2026,"Korogi Sports Park, Nisshin",Twenty20 international,2026-09-25,82441.0,S Mathur,right,102318.0,Mohammed Al Balushi,right,109.0,Oman,off break,3.0,spin,2026-09-25 01:11:27,,,,,,,,107371963.0,249.0,80.0,142.0,5.0,2.0,2.0,False,False,True,False,,,,full,outside off,,drive,,,long off,,,,,keyword,2,,False,False,False,False,False,False,False,False,False,
1,509,Hong Kong,HKG,5,15,Mohammed Al Balushi,6,1,2,85/6,5.00,14.03,14.3,1,1,"Balushi to Mathur, 1 run",,"Mohammed Al Balushi’s back-of-a-length off break outside off is worked away for a single by Shiv Mathur, with Zubair Al Balushi tidying up at mid-wicket.",417fde85-59b9-4179-9684-bf5eecc6ef6b,244546,"Hong Kong v Oman at Nisshin, Asian Games Men's Cricket Competition, 25 Sep 2026",9387,Asian Games Men's Cricket Competition,2026,"Korogi Sports Park, Nisshin",Twenty20 international,2026-09-25,82441.0,S Mathur,right,102318.0,Mohammed Al Balushi,right,109.0,Oman,off break,3.0,spin,2026-09-25 01:11:58,,,,,,,,107371964.0,320.0,40.0,74.0,3.0,1.0,1.0,False,False,True,False,,,,,outside off,,work,,,,,,,,keyword,1,,False,False,False,False,False,False,False,False,False,
1,509,Hong Kong,HKG,5,15,Mohammed Al Balushi,6,1,2,85/6,5.00,14.04,14.4,0,W,"Balushi to Wasif, out!",,"Mohammed Al Balushi sends down an off break outside off on a back-of-a-length line. Shahid Wasif attempts a slog but misses, and the ball crashes into the stumps. Shahid Wasif departs for 2 off 4.",417fde85-59b9-4179-9684-bf5eecc6ef6b,244546,"Hong Kong v Oman at Nisshin, Asian Games Men's Cricket Competition, 25 Sep 2026",9387,Asian Games Men's Cricket Competition,2026,"Korogi Sports Park, Nisshin",Twenty20 international,2026-09-25,,,,,,,,,,,,,,,,,,,,,,,,,,,False,False,False,False,,,,,outside off,,slog,,,,,,,,keyword,0,,True,False,False,False,False,False,False,False,False,
1,509,Hong Kong,HKG,5,15,Mohammed Al Balushi,6,1,2,85/6,5.00,14.05,14.5,1,1,"Balushi to Murtaza, 1 run",Yasim Murtaza heads to the crease. ,"This off break is pushed through outside off on a length, and Yasim Murtaza drives it out to long-off for a single. Yasim Murtaza gets off the mark.",417fde85-59b9-4179-9684-bf5eecc6ef6b,244546,"Hong Kong v Oman at Nisshin, Asian Games Men's Cricket Competition, 25 Sep 2026",9387,Asian Games Men's Cricket Competition,2026,"Korogi Sports Park, Nisshin",Twenty20 international,2026-09-25,21345.0,Yasim Murtaza,left,102318.0,Mohammed Al Balushi,right,109.0,Oman,off break,3.0,spin,2026-09-25 01:14:27,,,,,,,,107371966.0,284.0,85.0,156.0,4.0,1.0,1.0,False,False,True,False,,,,,outside off,,push,,,,,,,,keyword,1,,False,False,False,False,False,False,False,False,False,
1,509,Hong Kong,HKG,5,15,Mohammed Al Balushi,6,1,2,85/6,5.00,14.06,14.5,1,1ʷᵈ,"Balushi to Mathur, 1 run (wide)",,"An off break on middle stump, back of a length, is called wide as Shiv Mathur leaves it through to wicketkeeper Muzaffar Shiralkar. One extra.",417fde85-59b9-4179-9684-bf5eecc6ef6b,244546,"Hong Kong v Oman at Nisshin, Asian Games Men's Cricket Competition, 25 Sep 2026",9387,Asian Games Men's Cricket Competition,2026,"Korogi Sports Park, Nisshin",Twenty20 international,2026-09-25,,,,,,,,,,,,,,,,,,,,,,,,,,,False,False,False,False,,,,back of a length,middle stump,,leave,,,wicketkeeper,,,,,keyword,1,wide,False,True,False,False,False,False,False,False,False,
1,509,Hong Kong,HKG,5,15,Mohammed Al Balushi,6,1,2,85/6,5.00,14.07,14.6,0,W,"Balushi to Mathur, out!",,"Mohammed Al Balushi sends down an off break outside off on a length, and Shiv Mathur miscues the slog-sweep into the deep. He attempted the slog-sweep without control and was caught by Waheed Al Balushi at deep mid-wicket. Shiv Mathur is out for 12 off 12, and Oman’s WinViz rises from 60% to 66%.",417fde85-59b9-4179-9684-bf5eecc6ef6b,244546,"Hong Kong v Oman at Nisshin, Asian Games Men's Cricket Competition, 25 Sep 2026",9387,Asian Games Men's Cricket Competition,2026,"Korogi Sports Park, Nisshin",Twenty20 international,2026-09-25,,,,,,,,,,,,,,,,,,,,,,,,,,,False,False,False,True,,,,,outside off,,slog sweep,,,,Waheed Al Balushi at deep mid-wicket,caught,,,keyword,0,,True,False,False,False,False,False,False,False,False,commentary
1,509,Hong Kong,HKG,5,16,Sameer Othman,3,0,0,88/6,3.00,15.01,15.1,1,1,"Othman to Murtaza, 1 run",Nasrulla Rana enters the field at the non-striker's end. Sameer Othman continues their spell,"A stock ball on a length outside off, Yasim Murtaza works it away for a single, neatly fielded by the bowler Sameer Othman.",417fde85-59b9-4179-9684-bf5eecc6ef6b,244546,"Hong Kong v Oman at Nisshin, Asian Games Men's Cricket Competition, 25 Sep 2026",9387,Asian Games Men's Cricket Competition,2026,"Korogi Sports Park, Nisshin",Twenty20 international,2026-09-25,21345.0,Yasim Murtaza,left,102322.0,Sameer Othman,left,109.0,Oman,left orthodox,5.0,spin,2026-09-25 01:17:15,,,,,,,,107371969.0,213.0,20.0,38.0,6.0,1.0,1.0,False,False,True,False,,,,,outside off,,work,,,,the bowler Sameer Othman,,,,keyword,1,,False,False,False,False,False,False,False,False,False,
1,509,Hong Kong,HKG,5,16,Sameer Othman,3,0,0,88/6,3.00,15.02,15.2,0,0,"Othman to Rana, no run",,"A stock length ball outside off, Nasrulla Rana drives firmly but picks out Sufyan Mehmood at cover. It is a dot ball.",417fde85-59b9-4179-9684-bf5eecc6ef6b,244546,"Hong Kong v Oman at Nisshin, Asian Games Men's Cricket Competition, 25 Sep 2026",9387,Asian Games Men's Cricket Competition,2026,"Korogi Sports Park, Nisshin",Twenty20 international,2026-09-25,,,,,,,,,,,,,,,,,,,,,,,,,,,False,False,False,False,,,,length ball,outside off,,drive,,,cover,,,,,keyword,0,,False,False,False,False,False,False,False,False,True,
1,509,Hong Kong,HKG,5,16,Sameer Othman,3,0,0,88/6,3.00,15.03,15.3,0,0,"Othman to Rana, no run",,"Sameer Othman delivers a stock ball back of a length outside off, and Nasrulla Rana cuts firmly but finds Sufyan Mehmood at cover. No run.",417fde85-59b9-4179-9684-bf5eecc6ef6b,244546,"Hong Kong v Oman at Nisshin, Asian Games Men's Cricket Competition, 25 Sep 2026",9387,Asian Games Men's Cricket Competition,2026,"Korogi Sports Park, Nisshin",Twenty20 international,2026-09-25,,,,,,,,,,,,,,,,,,,,,,,,,,,False,False,False,False,,,,back of a length,outside off,,cut,,,cover,,,,,keyword,0,,False,False,False,False,False,False,False,False,True,
1,509,Hong Kong,HKG,5,16,Sameer Othman,3,0,0,88/6,3.00,15.04,15.4,0,0,"Othman to Rana, no run",,"Sameer Othman delivers a stock ball back of a length outside off, and Nasrulla Rana cuts straight to cover, where Sufyan Mehmood fields cleanly. No run.",417fde85-59b9-4179-9684-bf5eecc6ef6b,244546,"Hong Kong v Oman at Nisshin, Asian Games Men's Cricket Competition, 25 Sep 2026",9387,Asian Games Men's Cricket Competition,2026,"Korogi Sports Park, Nisshin",Twenty20 international,2026-09-25,,,,,,,,,,,,,,,,,,,,,,,,,,,False,False,False,False,,,,back of a length,outside off,,cut,,,cover,,,,,keyword,0,,False,False,False,False,False,False,False,False,True,
1,509,Hong Kong,HKG,5,16,Sameer Othman,3,0,0,88/6,3.00,15.05,15.5,1,1,"Othman to Rana, 1 run",,"Sameer Othman sends down a stock ball back of a length outside off, and Nasrulla Rana opens the face for a late cut, picking up a single through gully. Nasrulla Rana gets off the mark.",417fde85-59b9-4179-9684-bf5eecc6ef6b,244546,"Hong Kong v Oman at Nisshin, Asian Games Men's Cricket Competition, 25 Sep 2026",9387,Asian Games Men's Cricket Competition,2026,"Korogi Sports Park, Nisshin",Twenty20 international,2026-09-25,72222.0,N Rana,right,102322.0,Sameer Othman,left,109.0,Oman,left orthodox,5.0,spin,2026-09-25 01:18:57,,,,,,,,107371973.0,148.0,30.0,47.0,7.0,1.0,1.0,False,False,True,False,,,,back of a length,outside off,,late cut,,,gully,,,,,keyword,1,,False,False,False,False,False,False,False,False,False,
1,509,Hong Kong,HKG,5,16,Sameer Othman,3,0,0,88/6,3.00,15.06,15.6,1,1,"Othman to Murtaza, 1 run",,"A stock ball back of a length outside off is worked away for a single, with Sufyan Mehmood tidying up at square leg.",417fde85-59b9-4179-9684-bf5eecc6ef6b,244546,"Hong Kong v Oman at Nisshin, Asian Games Men's Cricket Competition, 25 Sep 2026",9387,Asian Games Men's Cricket Competition,2026,"Korogi Sports Park, Nisshin",Twenty20 international,2026-09-25,21345.0,Yasim Murtaza,left,102322.0,Sameer Othman,left,109.0,Oman,left orthodox,5.0,spin,2026-09-25 01:19:27,,,,,,,,107371974.0,180.0,40.0,68.0,7.0,1.0,1.0,False,False,True,False,,,,back of a length,outside off,,work,,,square leg,,,,,keyword,1,,False,False,False,False,False,False,False,False,False,
1,509,Hong Kong,HKG,5,17,Sufyan Mehmood,8,0,0,96/6,8.00,16.01,16.1,1,1,"Mehmood to Murtaza, 1 run",Sufyan Mehmood takes the ball for their 2nd spell,"Sufyan Mehmood bangs it in back of a length down leg, and Yasim Murtaza works it away to deep square leg for a single, Abduljalil Kankaz tidying up.",417fde85-59b9-4179-9684-bf5eecc6ef6b,244546,"Hong Kong v Oman at Nisshin, Asian Games Men's Cricket Competition, 25 Sep 2026",9387,Asian Games Men's Cricket Competition,2026,"Korogi Sports Park, Nisshin",Twenty20 international,2026-09-25,21345.0,Yasim Murtaza,left,30582.0,Sufyan Mehmood,right,109.0,Oman,right pace,2.0,pace,2026-09-25 01:20:38,,,,,,,,107371975.0,193.0,80.0,135.0,6.0,1.0,1.0,False,False,True,False,,,,back of a length,down leg,,work,,,deep square leg,,,,,keyword,1,,False,False,False,False,False,False,False,False,False,
1,509,Hong Kong,HKG,5,17,Sufyan Mehmood,8,0,0,96/6,8.00,16.02,16.2,1,1,"Mehmood to Rana, 1 run",,"Sufyan Mehmood sends down a full ball outside off, and Nasrulla Rana pushes it into the covers for a single, neatly fielded by Shuaib Al Balushi.",417fde85-59b9-4179-9684-bf5eecc6ef6b,244546,"Hong Kong v Oman at Nisshin, Asian Games Men's Cricket Competition, 25 Sep 2026",9387,Asian Games Men's Cricket Competition,2026,"Korogi Sports Park, Nisshin",Twenty20 international,2026-09-25,72222.0,N Rana,right,30582.0,Sufyan Mehmood,right,109.0,Oman,right pace,2.0,pace,2026-09-25 01:21:26,,,,,,,,107371976.0,197.0,30.0,51.0,6.0,1.0,1.0,False,False,True,False,,,,full,outside off,,push,,,,Shuaib Al Balushi,,,,keyword,1,,False,False,False,False,False,False,False,False,False,
1,509,Hong Kong,HKG,5,17,Sufyan Mehmood,8,0,0,96/6,8.00,16.03,16.3,0,0,"Mehmood to Murtaza, no run",,"A length ball outside off, Yasim Murtaza drives firmly but straight back to Sufyan Mehmood, who fields it cleanly. No run.",417fde85-59b9-4179-9684-bf5eecc6ef6b,244546,"Hong Kong v Oman at Nisshin, Asian Games Men's Cricket Competition, 25 Sep 2026",9387,Asian Games Men's Cricket Competition,2026,"Korogi Sports Park, Nisshin",Twenty20 international,2026-09-25,,,,,,,,,,,,,,,,,,,,,,,,,,,False,False,False,False,,,,length ball,outside off,,drive,,,,,,,,keyword,0,,False,False,False,False,False,False,False,False,True,
1,509,Hong Kong,HKG,5,17,Sufyan Mehmood,8,0,0,96/6,8.00,16.04,16.4,1,1,"Mehmood to Murtaza, 1 run",,"Sufyan Mehmood delivers full on off stump, and Yasim Murtaza drives firmly to long-on for a single, fielded by Mohammed Al Balushi.",417fde85-59b9-4179-9684-bf5eecc6ef6b,244546,"Hong Kong v Oman at Nisshin, Asian Games Men's Cricket Competition, 25 Sep 2026",9387,Asian Games Men's Cricket Competition,2026,"Korogi Sports Park, Nisshin",Twenty20 international,2026-09-25,21345.0,Yasim Murtaza,left,30582.0,Sufyan Mehmood,right,109.0,Oman,right pace,2.0,pace,2026-09-25 01:25:26,,,,,,,,107371978.0,261.0,70.0,122.0,5.0,1.0,1.0,False,False,True,False,,,,full,off stump,,drive,,,,Mohammed Al Balushi,,,,keyword,1,,False,False,False,False,False,False,False,False,False,
1,509,Hong Kong,HKG,5,17,Sufyan Mehmood,8,0,0,96/6,8.00,16.05,16.5,1,1,"Mehmood to Rana, 1 run",,"A length ball outside off is driven firmly by Nasrulla Rana, but Shuaib Al Balushi makes a sharp stop at cover. They settle for a single.",417fde85-59b9-4179-9684-bf5eecc6ef6b,244546,"Hong Kong v Oman at Nisshin, Asian Games Men's Cricket Competition, 25 Sep 2026",9387,Asian Games Men's Cricket Competition,2026,"Korogi Sports Park, Nisshin",Twenty20 international,2026-09-25,72222.0,N Rana,right,30582.0,Sufyan Mehmood,right,109.0,Oman,right pace,2.0,pace,2026-09-25 01:26:07,,,,,,,,107371979.0,192.0,35.0,60.0,6.0,1.0,1.0,False,False,True,False,,,,length ball,outside off,,drive,,,cover,,,,,keyword,1,,False,False,False,False,False,False,False,False,False,
1,509,Hong Kong,HKG,5,17,Sufyan Mehmood,8,0,0,96/6,8.00,16.06,16.6,4,4,"Mehmood to Murtaza, 4 runs",,"Back of a length outside off, Yasim Murtaza waits on it and opens the face late. The cut races through third man for four.",417fde85-59b9-4179-9684-bf5eecc6ef6b,244546,"Hong Kong v Oman at Nisshin, Asian Games Men's Cricket Competition, 25 Sep 2026",9387,Asian Games Men's Cricket Competition,2026,"Korogi Sports Park, Nisshin",Twenty20 international,2026-09-25,21345.0,Yasim Murtaza,left,30582.0,Sufyan Mehmood,right,109.0,Oman,right pace,2.0,pace,2026-09-25 01:26:48,,,,,,,,107371980.0,67.0,100.0,161.0,1.0,4.0,4.0,False,False,True,False,,,,back of a length,outside off,,cut,,,third man,,,,,keyword,4,,False,False,False,False,False,False,True,False,False,
1,509,Hong Kong,HKG,5,18,Nawed Al Balushi,5,0,1,101/7,5.00,17.01,17.1,0,W,"Balushi to Rana, out!",Nawed Al Balushi takes the ball for their 2nd spell,"A length ball outside off, Nasrulla Rana swings hard at the slog but misses completely and is bowled. The attempted slog brings his innings to an end as the stumps are struck. Nasrulla Rana departs after scoring 3 from 7 balls.",417fde85-59b9-4179-9684-bf5eecc6ef6b,244546,"Hong Kong v Oman at Nisshin, Asian Games Men's Cricket Competition, 25 Sep 2026",9387,Asian Games Men's Cricket Competition,2026,"Korogi Sports Park, Nisshin",Twenty20 international,2026-09-25,,,,,,,,,,,,,,,,,,,,,,,,,,,False,False,False,False,,,,length ball,outside off,,slog,,,,,bowled,,,keyword,0,,True,False,False,False,False,False,False,False,False,commentary
1,509,Hong Kong,HKG,5,18,Nawed Al Balushi,5,0,1,101/7,5.00,17.02,17.2,1,1,"Balushi to Khan, 1 run",Ehsan Khan heads to the crease. ,"Nawed Al Balushi angles a length ball outside off, and Ehsan Khan pushes it neatly into the covers for a single, fielded by Waheed Al Balushi. Ehsan Khan gets off the mark.",417fde85-59b9-4179-9684-bf5eecc6ef6b,244546,"Hong Kong v Oman at Nisshin, Asian Games Men's Cricket Competition, 25 Sep 2026",9387,Asian Games Men's Cricket Competition,2026,"Korogi Sports Park, Nisshin",Twenty20 international,2026-09-25,47278.0,Ehsan Khan,right,102323.0,Nawed Al Balushi,right,109.0,Oman,right pace,2.0,pace,2026-09-25 01:30:11,,,,,,,,107371982.0,210.0,35.0,61.0,6.0,1.0,1.0,False,False,True,False,,,,length ball,outside off,,push,,,,Waheed Al Balushi,,,,keyword,1,,False,False,False,False,False,False,False,False,False,
1,509,Hong Kong,HKG,5,18,Nawed Al Balushi,5,0,1,101/7,5.00,17.03,17.3,1,1,"Balushi to Murtaza, 1 run",,"Nawed Al Balushi delivers a length ball on off stump, and Yasim Murtaza flicks it into the leg side for a single, fielded by Sameer Othman at square leg.",417fde85-59b9-4179-9684-bf5eecc6ef6b,244546,"Hong Kong v Oman at Nisshin, Asian Games Men's Cricket Competition, 25 Sep 2026",9387,Asian Games Men's Cricket Competition,2026,"Korogi Sports Park, Nisshin",Twenty20 international,2026-09-25,21345.0,Yasim Murtaza,left,102323.0,Nawed Al Balushi,right,109.0,Oman,right pace,2.0,pace,2026-09-25 01:30:56,,,,,,,,107371983.0,194.0,40.0,72.0,6.0,1.0,1.0,False,False,True,False,,,,length ball,off stump,,flick,,,square leg,Sameer Othman at square leg,,,,keyword,1,,False,False,False,False,False,False,False,False,False,
1,509,Hong Kong,HKG,5,18,Nawed Al Balushi,5,0,1,101/7,5.00,17.04,17.4,1,1,"Balushi to Khan, 1 run",,"Nawed Al Balushi sends in a length ball on off stump, and Ehsan Khan flicks it neatly towards mid-wicket for a single, fielded by Abduljalil Kankaz.",417fde85-59b9-4179-9684-bf5eecc6ef6b,244546,"Hong Kong v Oman at Nisshin, Asian Games Men's Cricket Competition, 25 Sep 2026",9387,Asian Games Men's Cricket Competition,2026,"Korogi Sports Park, Nisshin",Twenty20 international,2026-09-25,47278.0,Ehsan Khan,right,102323.0,Nawed Al Balushi,right,109.0,Oman,right pace,2.0,pace,2026-09-25 01:31:28,,,,,,,,107371984.0,324.0,45.0,81.0,3.0,1.0,1.0,False,False,True,False,,,,length ball,off stump,,flick,,,,Abduljalil Kankaz,,,,keyword,1,,False,False,False,False,False,False,False,False,False,
1,509,Hong Kong,HKG,5,18,Nawed Al Balushi,5,0,1,101/7,5.00,17.05,17.5,1,1,"Balushi to Murtaza, 1 run",,"A back-of-a-length ball down leg is worked away for a single to square leg, where Nawed Al Balushi fields cleanly. Hong Kong reach 100 for 7.",417fde85-59b9-4179-9684-bf5eecc6ef6b,244546,"Hong Kong v Oman at Nisshin, Asian Games Men's Cricket Competition, 25 Sep 2026",9387,Asian Games Men's Cricket Competition,2026,"Korogi Sports Park, Nisshin",Twenty20 international,2026-09-25,21345.0,Yasim Murtaza,left,102323.0,Nawed Al Balushi,right,109.0,Oman,right pace,2.0,pace,2026-09-25 01:31:59,,,,,,,,107371985.0,185.0,25.0,40.0,6.0,1.0,1.0,False,False,True,False,,,,length ball,down leg,,work,,,square leg,,,,,keyword,1,,False,False,False,False,False,False,False,False,False,
1,509,Hong Kong,HKG,5,18,Nawed Al Balushi,5,0,1,101/7,5.00,17.06,17.6,1,1,"Balushi to Khan, 1 run",,"Nawed Al Balushi bowls an off cutter back of a length outside off, and Ehsan Khan pulls it towards backward square leg for a single, neatly fielded by Mohammed Al Balushi. Hong Kong take one from the final ball of the over.",417fde85-59b9-4179-9684-bf5eecc6ef6b,244546,"Hong Kong v Oman at Nisshin, Asian Games Men's Cricket Competition, 25 Sep 2026",9387,Asian Games Men's Cricket Competition,2026,"Korogi Sports Park, Nisshin",Twenty20 international,2026-09-25,47278.0,Ehsan Khan,right,102323.0,Nawed Al Balushi,right,109.0,Oman,right pace,2.0,pace,2026-09-25 01:32:37,,,,,,,,107371986.0,27.0,60.0,96.0,2.0,1.0,1.0,False,False,True,False,,,,back of a length,outside off,,pull,,,backward square leg,Mohammed Al Balushi,,,,keyword,1,,False,False,False,False,False,False,False,False,False,
1,509,Hong Kong,HKG,5,19,Sufyan Mehmood,8,0,0,109/7,8.00,18.01,18.1,0,0,"Mehmood to Khan, no run",Sufyan Mehmood continues their spell,"Sufyan Mehmood to Ehsan Khan, and the batter plays it away for no run.",417fde85-59b9-4179-9684-bf5eecc6ef6b,244546,"Hong Kong v Oman at Nisshin, Asian Games Men's Cricket Competition, 25 Sep 2026",9387,Asian Games Men's Cricket Competition,2026,"Korogi Sports Park, Nisshin",Twenty20 international,2026-09-25,,,,,,,,,,,,,,,,,,,,,,,,,,,False,False,False,False,,,,,,,,,,,,,,,none,0,,False,False,False,False,False,False,False,False,True,
1,509,Hong Kong,HKG,5,19,Sufyan Mehmood,8,0,0,109/7,8.00,18.02,18.2,1,1,"Mehmood to Khan, 1 run",,"A full ball on middle stump, Ehsan Khan defends it neatly and picks up a single.",417fde85-59b9-4179-9684-bf5eecc6ef6b,244546,"Hong Kong v Oman at Nisshin, Asian Games Men's Cricket Competition, 25 Sep 2026",9387,Asian Games Men's Cricket Competition,2026,"Korogi Sports Park, Nisshin",Twenty20 international,2026-09-25,,,,,,,,,,,,,,,,,,,,,,,,,,,False,False,False,False,,,,full,middle stump,,,,,,,,,,keyword,1,,False,False,False,False,False,False,False,False,False,
1,509,Hong Kong,HKG,5,19,Sufyan Mehmood,8,0,0,109/7,8.00,18.03,18.3,1,1,"Mehmood to Murtaza, 1 run",,"The slower ball is back of a length outside off, worked neatly into the leg side for a single, with Nawed Al Balushi fielding at backward square leg.",417fde85-59b9-4179-9684-bf5eecc6ef6b,244546,"Hong Kong v Oman at Nisshin, Asian Games Men's Cricket Competition, 25 Sep 2026",9387,Asian Games Men's Cricket Competition,2026,"Korogi Sports Park, Nisshin",Twenty20 international,2026-09-25,21345.0,Yasim Murtaza,left,30582.0,Sufyan Mehmood,right,109.0,Oman,right pace,2.0,pace,2026-09-25 01:35:00,,,,,,,,107371989.0,177.0,55.0,90.0,7.0,1.0,1.0,False,False,True,False,,,,back of a length,outside off,,work,,,backward square leg,,,,,keyword,1,,False,False,False,False,False,False,False,False,False,
1,509,Hong Kong,HKG,5,19,Sufyan Mehmood,8,0,0,109/7,8.00,18.04,18.4,1,1,"Mehmood to Khan, 1 run",,"A length ball outside off, Ehsan Khan steers it towards backward point and picks up a single, with Nawed Al Balushi tidying up in the field.",417fde85-59b9-4179-9684-bf5eecc6ef6b,244546,"Hong Kong v Oman at Nisshin, Asian Games Men's Cricket Competition, 25 Sep 2026",9387,Asian Games Men's Cricket Competition,2026,"Korogi Sports Park, Nisshin",Twenty20 international,2026-09-25,47278.0,Ehsan Khan,right,30582.0,Sufyan Mehmood,right,109.0,Oman,right pace,2.0,pace,2026-09-25 01:36:09,,,,,,,,107371990.0,168.0,35.0,56.0,7.0,1.0,1.0,False,False,True,False,,,,length ball,outside off,,steer,,,backward point,,,,,keyword,1,,False,False,False,False,False,False,False,False,False,
1,509,Hong Kong,HKG,5,19,Sufyan Mehmood,8,0,0,109/7,8.00,18.05,18.5,1,1,"Mehmood to Murtaza, 1 run",,"Back of a length outside off, Yasim Murtaza goes for the cut but is struck on the body. An overthrow from wicketkeeper Muzaffar Shiralkar allows one run.",417fde85-59b9-4179-9684-bf5eecc6ef6b,244546,"Hong Kong v Oman at Nisshin, Asian Games Men's Cricket Competition, 25 Sep 2026",9387,Asian Games Men's Cricket Competition,2026,"Korogi Sports Park, Nisshin",Twenty20 international,2026-09-25,,,,,,,,,,,,,,,,,,,,,,,,,,,False,False,False,False,,,,back of a length,outside off,,cut,,,,,,,,keyword,1,,False,False,False,False,False,False,False,False,False,
1,509,Hong Kong,HKG,5,19,Sufyan Mehmood,8,0,0,109/7,8.00,18.06,18.6,4,4,"Mehmood to Khan, 4 runs",,"Back of a length outside off, Ehsan Khan gets forward and drives firmly through extra cover for four.",417fde85-59b9-4179-9684-bf5eecc6ef6b,244546,"Hong Kong v Oman at Nisshin, Asian Games Men's Cricket Competition, 25 Sep 2026",9387,Asian Games Men's Cricket Competition,2026,"Korogi Sports Park, Nisshin",Twenty20 international,2026-09-25,47278.0,Ehsan Khan,right,30582.0,Sufyan Mehmood,right,109.0,Oman,right pace,2.0,pace,2026-09-25 01:37:38,,,,,,,,107371992.0,223.0,100.0,177.0,6.0,4.0,4.0,False,False,True,False,,,,back of a length,outside off,,drive,,,extra cover,,,,,keyword,4,,False,False,False,False,False,False,True,False,False,
1,509,Hong Kong,HKG,5,20,Nawed Al Balushi,12,0,1,121/8,12.00,19.01,19.1,1,1,"Balushi to Murtaza, 1 run",Nawed Al Balushi continues their spell,"A length ball outside off is cut away towards deep backward point, where Shuaib Al Balushi fields it. Yasim Murtaza gets one run.",417fde85-59b9-4179-9684-bf5eecc6ef6b,244546,"Hong Kong v Oman at Nisshin, Asian Games Men's Cricket Competition, 25 Sep 2026",9387,Asian Games Men's Cricket Competition,2026,"Korogi Sports Park, Nisshin",Twenty20 international,2026-09-25,21345.0,Yasim Murtaza,left,102323.0,Nawed Al Balushi,right,109.0,Oman,right pace,2.0,pace,2026-09-25 01:38:39,,,,,,,,107371993.0,16.0,80.0,135.0,2.0,1.0,1.0,False,False,True,False,,,,length ball,outside off,,cut,,,deep backward point,,,,,keyword,1,,False,False,False,False,False,False,False,False,False,
1,509,Hong Kong,HKG,5,20,Nawed Al Balushi,12,0,1,121/8,12.00,19.02,19.2,6,6,"Balushi to Khan, 6 runs",,"The off cutter sits back of a length outside off, and Ehsan Khan launches a powerful slog over mid wicket for six!",417fde85-59b9-4179-9684-bf5eecc6ef6b,244546,"Hong Kong v Oman at Nisshin, Asian Games Men's Cricket Competition, 25 Sep 2026",9387,Asian Games Men's Cricket Competition,2026,"Korogi Sports Park, Nisshin",Twenty20 international,2026-09-25,47278.0,Ehsan Khan,right,102323.0,Nawed Al Balushi,right,109.0,Oman,right pace,2.0,pace,2026-09-25 01:39:23,,,,,,,,107371994.0,326.0,100.0,176.0,3.0,6.0,6.0,False,False,True,False,,,,back of a length,outside off,,slog,,,mid wicket,,,,,keyword,6,,False,False,False,False,False,False,False,True,False,
1,509,Hong Kong,HKG,5,20,Nawed Al Balushi,12,0,1,121/8,12.00,19.03,19.3,0,0,"Balushi to Khan, no run",,"A full ball on off stump is defended firmly by Ehsan Khan, straight back to Nawed Al Balushi for a dot ball.",417fde85-59b9-4179-9684-bf5eecc6ef6b,244546,"Hong Kong v Oman at Nisshin, Asian Games Men's Cricket Competition, 25 Sep 2026",9387,Asian Games Men's Cricket Competition,2026,"Korogi Sports Park, Nisshin",Twenty20 international,2026-09-25,,,,,,,,,,,,,,,,,,,,,,,,,,,False,False,False,False,,,,full,off stump,,,,,,,,,,keyword,0,,False,False,False,False,False,False,False,False,True,
1,509,Hong Kong,HKG,5,20,Nawed Al Balushi,12,0,1,121/8,12.00,19.04,19.4,1,1,"Balushi to Khan, 1 run",,"Back of a length and wide outside off, Ehsan Khan drives firmly towards deep cover and picks up a single, with Zubair Al Balushi doing the fielding.",417fde85-59b9-4179-9684-bf5eecc6ef6b,244546,"Hong Kong v Oman at Nisshin, Asian Games Men's Cricket Competition, 25 Sep 2026",9387,Asian Games Men's Cricket Competition,2026,"Korogi Sports Park, Nisshin",Twenty20 international,2026-09-25,47278.0,Ehsan Khan,right,102323.0,Nawed Al Balushi,right,109.0,Oman,right pace,2.0,pace,2026-09-25 01:40:57,,,,,,,,107371996.0,194.0,80.0,140.0,6.0,1.0,1.0,False,False,True,False,,,,back of a length,wide outside off,,drive,,,deep cover,,,,,keyword,1,,False,False,False,False,False,False,False,False,False,
1,509,Hong Kong,HKG,5,20,Nawed Al Balushi,12,0,1,121/8,12.00,19.05,19.5,2,2,"Balushi to Murtaza, 2 runs",,"Back of a length on leg stump, Yasim Murtaza goes for a slog-sweep but miscues it into the deep. Faris Al Balushi spills the chance at deep square leg, allowing two runs.",417fde85-59b9-4179-9684-bf5eecc6ef6b,244546,"Hong Kong v Oman at Nisshin, Asian Games Men's Cricket Competition, 25 Sep 2026",9387,Asian Games Men's Cricket Competition,2026,"Korogi Sports Park, Nisshin",Twenty20 international,2026-09-25,21345.0,Yasim Murtaza,left,102323.0,Nawed Al Balushi,right,109.0,Oman,right pace,2.0,pace,2026-09-25 01:41:32,,,,,,,,107371997.0,188.0,75.0,131.0,6.0,2.0,2.0,False,False,True,False,,,,back of a length,leg stump,,slog sweep,,,deep square leg,,,,,keyword,2,,False,False,False,False,False,False,False,False,False,
1,509,Hong Kong,HKG,5,20,Nawed Al Balushi,12,0,1,121/8,12.00,19.06,19.6,2,"2,W","Balushi to Murtaza, 2 runs and Ehsan Khan is out!",,"A yorker on middle is pushed into the off side, and they come back for two. Ehsan Khan, the non-striker, is run out after Waheed Al Balushi fields at mid-off and the throw is completed by the wicketkeeper. Ehsan Khan departs for 16 from 10 balls as Hong Kong close on 121; WinViz gives Oman a 63% chance and Hong Kong 37%.",417fde85-59b9-4179-9684-bf5eecc6ef6b,244546,"Hong Kong v Oman at Nisshin, Asian Games Men's Cricket Competition, 25 Sep 2026",9387,Asian Games Men's Cricket Competition,2026,"Korogi Sports Park, Nisshin",Twenty20 international,2026-09-25,21345.0,Yasim Murtaza,left,102323.0,Nawed Al Balushi,right,109.0,Oman,right pace,2.0,pace,2026-09-25 01:42:04,,,,,,,,107371998.0,286.0,40.0,69.0,4.0,2.0,2.0,False,False,True,False,,,,yorker,,,push,,,,,run out,,,keyword,2,,True,False,False,False,False,False,False,False,False,commentary
2,109,Oman,OMN,5,1,AA Shukla,2,0,1,2/1,2.00,0.01,0.1,0,0,"Shukla to Balushi, no run",Mohammed Al Balushi and Shuaib Al Balushi head out to the middle. Ayush Shukla takes the ball for their 1st spell,"Ayush Shukla sends down a length ball on off stump, and Mohammed Al Balushi works it towards mid-off, but the leading edge is safely fielded by Nizakat Khan for a dot ball.",417fde85-59b9-4179-9684-bf5eecc6ef6b,244546,"Hong Kong v Oman at Nisshin, Asian Games Men's Cricket Competition, 25 Sep 2026",9387,Asian Games Men's Cricket Competition,2026,"Korogi Sports Park, Nisshin",Twenty20 international,2026-09-25,,,,,,,,,,,,,,,,,,,,,,,,,,,False,False,False,False,,,,length ball,off stump,,work,,,,Nizakat Khan for a dot ball,,,,keyword,0,,False,False,False,False,False,False,False,False,True,
2,109,Oman,OMN,5,1,AA Shukla,2,0,1,2/1,2.00,0.02,0.2,0,0,"Shukla to Balushi, no run",,"Ayush Shukla angles a back-of-a-length ball on off stump that swings away; Mohammed Al Balushi attempts a defensive shot but misses, and it is a dot ball.",417fde85-59b9-4179-9684-bf5eecc6ef6b,244546,"Hong Kong v Oman at Nisshin, Asian Games Men's Cricket Competition, 25 Sep 2026",9387,Asian Games Men's Cricket Competition,2026,"Korogi Sports Park, Nisshin",Twenty20 international,2026-09-25,,,,,,,,,,,,,,,,,,,,,,,,,,,False,False,False,False,,,,length ball,off stump,,,,,,,,,,keyword,0,,False,False,False,False,False,False,False,False,True,
2,109,Oman,OMN,5,1,AA Shukla,2,0,1,2/1,2.00,0.03,0.3,0,0,"Shukla to Balushi, no run",,"Ayush Shukla angles a back-of-a-length ball outside off, swinging away as Mohammed Al Balushi attempts a drive and misses. Shahid Wasif gathers cleanly behind the stumps for a dot ball.",417fde85-59b9-4179-9684-bf5eecc6ef6b,244546,"Hong Kong v Oman at Nisshin, Asian Games Men's Cricket Competition, 25 Sep 2026",9387,Asian Games Men's Cricket Competition,2026,"Korogi Sports Park, Nisshin",Twenty20 international,2026-09-25,,,,,,,,,,,,,,,,,,,,,,,,,,,False,False,False,False,,,,length ball,outside off,,drive,,,,,,,,keyword,0,,False,False,False,False,False,False,False,False,True,
2,109,Oman,OMN,5,1,AA Shukla,2,0,1,2/1,2.00,0.04,0.4,0,0,"Shukla to Balushi, no run",,"Back of a length outside off, Mohammed Al Balushi attempts a defensive shot but misses, and it is another dot ball.",417fde85-59b9-4179-9684-bf5eecc6ef6b,244546,"Hong Kong v Oman at Nisshin, Asian Games Men's Cricket Competition, 25 Sep 2026",9387,Asian Games Men's Cricket Competition,2026,"Korogi Sports Park, Nisshin",Twenty20 international,2026-09-25,,,,,,,,,,,,,,,,,,,,,,,,,,,False,False,False,False,,,,back of a length,outside off,,,,,,,,,,keyword,0,,False,False,False,False,False,False,False,False,True,
2,109,Oman,OMN,5,1,AA Shukla,2,0,1,2/1,2.00,0.05,0.5,2,2,"Shukla to Balushi, 2 runs",,"Ayush Shukla sends down a length ball outside off, and Mohammed Al Balushi drives firmly through extra cover for two, despite Nasrulla Rana racing around to save a run. Mohammed Al Balushi gets off the mark.",417fde85-59b9-4179-9684-bf5eecc6ef6b,244546,"Hong Kong v Oman at Nisshin, Asian Games Men's Cricket Competition, 25 Sep 2026",9387,Asian Games Men's Cricket Competition,2026,"Korogi Sports Park, Nisshin",Twenty20 international,2026-09-25,102318.0,Mohammed Al Balushi,right,77669.0,AA Shukla,right,509.0,Hong Kong,right pace,2.0,pace,2026-09-25 01:57:06,,,,,,,,107372003.0,219.0,85.0,147.0,6.0,2.0,2.0,False,False,True,False,,,,length ball,outside off,,drive,,,extra cover,,,,,keyword,2,,False,False,False,False,False,False,False,False,False,
2,109,Oman,OMN,5,1,AA Shukla,2,0,1,2/1,2.00,0.06,0.6,0,W,"Shukla to Balushi, out!",,"Ayush Shukla bangs it in on middle stump, back of a length. Mohammed Al Balushi attempts a flick, gets a leading edge, and is caught by Hafeez Khan at backward point. Mohammed Al Balushi departs for 2 off 6, with Hong Kong’s WinViz rising from 35% to 44%. Oman need 120 from 114 balls at 6.3 an over, with nine wickets remaining and a 56% chance of victory.",417fde85-59b9-4179-9684-bf5eecc6ef6b,244546,"Hong Kong v Oman at Nisshin, Asian Games Men's Cricket Competition, 25 Sep 2026",9387,Asian Games Men's Cricket Competition,2026,"Korogi Sports Park, Nisshin",Twenty20 international,2026-09-25,,,,,,,,,,,,,,,,,,,,,,,,,,,False,False,False,True,,,,back of a length,middle stump,,flick,,,backward point,Hafeez Khan at backward point,caught,,,keyword,0,,True,False,False,False,False,False,False,False,False,commentary
2,109,Oman,OMN,5,2,N Rana,3,1,1,5/2,1.71,1.01,1.1,1,1,"Rana to Balushi, 1 run",Zubair Al Balushi enters the field at the non-striker's end. Nasrulla Rana takes the ball for their 1st spell,"Nasrulla Rana angles in a back-of-a-length seaming ball outside off, and Shuaib Al Balushi steers it neatly to deep backward point for a single, fielded by Ayush Shukla. Shuaib Al Balushi gets off the mark.",417fde85-59b9-4179-9684-bf5eecc6ef6b,244546,"Hong Kong v Oman at Nisshin, Asian Games Men's Cricket Competition, 25 Sep 2026",9387,Asian Games Men's Cricket Competition,2026,"Korogi Sports Park, Nisshin",Twenty20 international,2026-09-25,89633.0,Shuaib Al Balushi,right,72222.0,N Rana,right,509.0,Hong Kong,right pace,2.0,pace,2026-09-25 02:00:09,,,,,,,,107372005.0,151.0,85.0,140.0,7.0,1.0,1.0,False,False,True,False,,,,,outside off,,steer,,,deep backward point,Ayush Shukla,,,,keyword,1,,False,False,False,False,False,False,False,False,False,
2,109,Oman,OMN,5,2,N Rana,3,1,1,5/2,1.71,1.02,1.2,0,0,"Rana to Balushi, no run",,"Back of a length on off stump, and Zubair Al Balushi attempts a defensive shot but misses. No run.",417fde85-59b9-4179-9684-bf5eecc6ef6b,244546,"Hong Kong v Oman at Nisshin, Asian Games Men's Cricket Competition, 25 Sep 2026",9387,Asian Games Men's Cricket Competition,2026,"Korogi Sports Park, Nisshin",Twenty20 international,2026-09-25,,,,,,,,,,,,,,,,,,,,,,,,,,,False,False,False,False,,,,back of a length,off stump,,,,,,,,,,keyword,0,,False,False,False,False,False,False,False,False,True,
2,109,Oman,OMN,5,2,N Rana,3,1,1,5/2,1.71,1.03,1.2,1,1ⁿᵇ,"Rana to Balushi, 1 run (no ball)",,"A back-of-a-length ball outside off, and Zubair Al Balushi attempts a slog but misses. It is called a front-foot no-ball, adding one extra to Oman’s total.",417fde85-59b9-4179-9684-bf5eecc6ef6b,244546,"Hong Kong v Oman at Nisshin, Asian Games Men's Cricket Competition, 25 Sep 2026",9387,Asian Games Men's Cricket Competition,2026,"Korogi Sports Park, Nisshin",Twenty20 international,2026-09-25,,,,,,,,,,,,,,,,,,,,,,,,,,,False,False,False,False,,,,length ball,outside off,,slog,,,,,,,,keyword,1,no ball,False,False,True,False,False,False,False,False,False,
2,109,Oman,OMN,5,2,N Rana,3,1,1,5/2,1.71,1.04,1.3,0,0,"Rana to Balushi, no run",,"A free hit, back of a length outside off, and Zubair Al Balushi attempts a slog but misses completely. Shahid Wasif gathers safely behind the stumps for a dot ball.",417fde85-59b9-4179-9684-bf5eecc6ef6b,244546,"Hong Kong v Oman at Nisshin, Asian Games Men's Cricket Competition, 25 Sep 2026",9387,Asian Games Men's Cricket Competition,2026,"Korogi Sports Park, Nisshin",Twenty20 international,2026-09-25,,,,,,,,,,,,,,,,,,,,,,,,,,,False,False,False,False,,,,back of a length,outside off,,slog,,,,,,,,keyword,0,,False,False,False,False,False,False,False,False,True,
2,109,Oman,OMN,5,2,N Rana,3,1,1,5/2,1.71,1.05,1.4,0,0,"Rana to Balushi, no run",,"Nasrulla Rana bowls a back-of-a-length delivery on off stump, and Zubair Al Balushi defends it solidly for a dot ball.",417fde85-59b9-4179-9684-bf5eecc6ef6b,244546,"Hong Kong v Oman at Nisshin, Asian Games Men's Cricket Competition, 25 Sep 2026",9387,Asian Games Men's Cricket Competition,2026,"Korogi Sports Park, Nisshin",Twenty20 international,2026-09-25,,,,,,,,,,,,,,,,,,,,,,,,,,,False,False,False,False,,,,,off stump,,,,,,,,,,keyword,0,,False,False,False,False,False,False,False,False,True,
2,109,Oman,OMN,5,2,N Rana,3,1,1,5/2,1.71,1.06,1.5,0,W,"Rana to Balushi, out!",,"Short and outside off, the batter goes for a slog but mis-times it high towards long off. Zubair Al Balushi is caught by Nizakat Khan and dismissed. Zubair Al Balushi departs for 0 from 5 balls, while Hong Kong’s WinViz rises from 40% to 52%.",417fde85-59b9-4179-9684-bf5eecc6ef6b,244546,"Hong Kong v Oman at Nisshin, Asian Games Men's Cricket Competition, 25 Sep 2026",9387,Asian Games Men's Cricket Competition,2026,"Korogi Sports Park, Nisshin",Twenty20 international,2026-09-25,,,,,,,,,,,,,,,,,,,,,,,,,,,False,False,False,True,,,,short,outside off,,slog,,,long off,Nizakat Khan and dismissed,caught,,,keyword,0,,True,False,False,False,False,False,False,False,False,commentary
2,109,Oman,OMN,5,2,N Rana,3,1,1,5/2,1.71,1.07,1.6,1,1,"Rana to Balushi, 1 run",Waheed Al Balushi heads to the crease. ,"A length ball on off stump is worked into the leg side, and Waheed Al Balushi picks up a single, fielded by Nizakat Khan at mid-wicket. Waheed Al Balushi is off the mark. Oman need 117 from 108 balls at 6.5 an over with eight wickets in hand, and the contest is evenly poised at 50 percent in WinViz.",417fde85-59b9-4179-9684-bf5eecc6ef6b,244546,"Hong Kong v Oman at Nisshin, Asian Games Men's Cricket Competition, 25 Sep 2026",9387,Asian Games Men's Cricket Competition,2026,"Korogi Sports Park, Nisshin",Twenty20 international,2026-09-25,102340.0,Waheed Al Balushi,left,72222.0,N Rana,right,509.0,Hong Kong,right pace,2.0,pace,2026-09-25 02:05:40,,,,,,,,107372011.0,240.0,45.0,82.0,5.0,1.0,1.0,False,False,True,False,,,,length ball,off stump,,work,,,,Nizakat Khan at mid-wicket,,,,keyword,1,,False,False,False,False,False,False,False,False,False,
2,109,Oman,OMN,5,3,AA Shukla,2,0,1,7/3,2.00,2.01,2.1,0,W,"Shukla to Balushi, out!",Ayush Shukla continues their spell,"A length ball swinging in on off stump beats Waheed Al Balushi’s attempted work, and crashes into the stumps. He is bowled for 1 from 2 balls. Waheed’s dismissal shifts the win probability sharply, with Hong Kong rising from 50% to 65%.",417fde85-59b9-4179-9684-bf5eecc6ef6b,244546,"Hong Kong v Oman at Nisshin, Asian Games Men's Cricket Competition, 25 Sep 2026",9387,Asian Games Men's Cricket Competition,2026,"Korogi Sports Park, Nisshin",Twenty20 international,2026-09-25,,,,,,,,,,,,,,,,,,,,,,,,,,,False,False,False,False,,,,length ball,off stump,,work,,,,,bowled,and crashes into the stumps. He is,1,keyword,0,,True,False,False,False,False,False,False,False,False,commentary
2,109,Oman,OMN,5,3,AA Shukla,2,0,1,7/3,2.00,2.02,2.2,0,0,"Shukla to Shiralkar, no run",Muzaffar Shiralkar heads to the crease. ,"A length ball swinging away outside off, Muzaffar Shiralkar attempts to steer but misses, and the wicketkeeper gathers cleanly for a dot ball.",417fde85-59b9-4179-9684-bf5eecc6ef6b,244546,"Hong Kong v Oman at Nisshin, Asian Games Men's Cricket Competition, 25 Sep 2026",9387,Asian Games Men's Cricket Competition,2026,"Korogi Sports Park, Nisshin",Twenty20 international,2026-09-25,,,,,,,,,,,,,,,,,,,,,,,,,,,False,False,False,False,,,,length ball,outside off,,steer,,,,,,,,keyword,0,,False,False,False,False,False,False,False,False,True,
2,109,Oman,OMN,5,3,AA Shukla,2,0,1,7/3,2.00,2.03,2.3,0,0,"Shukla to Shiralkar, no run",,"A length ball outside off, Muzaffar Shiralkar attempts a defensive shot but misses, and it is another dot ball.",417fde85-59b9-4179-9684-bf5eecc6ef6b,244546,"Hong Kong v Oman at Nisshin, Asian Games Men's Cricket Competition, 25 Sep 2026",9387,Asian Games Men's Cricket Competition,2026,"Korogi Sports Park, Nisshin",Twenty20 international,2026-09-25,,,,,,,,,,,,,,,,,,,,,,,,,,,False,False,False,False,,,,length ball,outside off,,,,,,,,,,keyword,0,,False,False,False,False,False,False,False,False,True,
2,109,Oman,OMN,5,3,AA Shukla,2,0,1,7/3,2.00,2.04,2.4,1,1,"Shukla to Shiralkar, 1 run",,"Ayush Shukla angles a back-of-a-length ball outside off, and Muzaffar Shiralkar gets a defensive outside edge for a single. Muzaffar Shiralkar gets off the mark.",417fde85-59b9-4179-9684-bf5eecc6ef6b,244546,"Hong Kong v Oman at Nisshin, Asian Games Men's Cricket Competition, 25 Sep 2026",9387,Asian Games Men's Cricket Competition,2026,"Korogi Sports Park, Nisshin",Twenty20 international,2026-09-25,102319.0,Muzaffar Shiralkar,right,77669.0,AA Shukla,right,509.0,Hong Kong,right pace,2.0,pace,2026-09-25 02:10:22,,,,,,,,107372015.0,129.0,85.0,140.0,8.0,1.0,1.0,False,False,True,False,,,,length ball,outside off,,,,,,,,,,keyword,1,,False,False,False,False,False,False,False,False,False,
2,109,Oman,OMN,5,3,AA Shukla,2,0,1,7/3,2.00,2.05,2.5,1,1,"Shukla to Balushi, 1 run",,"A back-of-a-length ball outside off, Shuaib Al Balushi defends but splices it towards backward point, and they scamper a single.",417fde85-59b9-4179-9684-bf5eecc6ef6b,244546,"Hong Kong v Oman at Nisshin, Asian Games Men's Cricket Competition, 25 Sep 2026",9387,Asian Games Men's Cricket Competition,2026,"Korogi Sports Park, Nisshin",Twenty20 international,2026-09-25,89633.0,Shuaib Al Balushi,right,77669.0,AA Shukla,right,509.0,Hong Kong,right pace,2.0,pace,2026-09-25 02:11:06,,,,,,,,107372016.0,164.0,40.0,67.0,7.0,1.0,1.0,False,False,True,False,,,,length ball,outside off,,,,,backward point,,,,,keyword,1,,False,False,False,False,False,False,False,False,False,
2,109,Oman,OMN,5,3,AA Shukla,2,0,1,7/3,2.00,2.06,2.6,0,0,"Shukla to Shiralkar, no run",,"Back of a length outside off, Muzaffar Shiralkar attempts a slog but misses completely, with the wicketkeeper gathering cleanly for a dot ball. Oman need 115 from 102 balls at 6.8 an over, with seven wickets in hand and a 39% win chance.",417fde85-59b9-4179-9684-bf5eecc6ef6b,244546,"Hong Kong v Oman at Nisshin, Asian Games Men's Cricket Competition, 25 Sep 2026",9387,Asian Games Men's Cricket Competition,2026,"Korogi Sports Park, Nisshin",Twenty20 international,2026-09-25,,,,,,,,,,,,,,,,,,,,,,,,,,,False,False,False,False,,,,back of a length,outside off,,slog,,,,,,,,keyword,0,,False,False,False,False,False,False,False,False,True,
2,109,Oman,OMN,5,4,N Rana,5,4,0,12/3,1.00,3.01,3.1,0,0,"Rana to Balushi, no run",Nasrulla Rana continues their spell,"Nasrulla Rana sends down a length ball outside off, and Shuaib Al Balushi gets right behind it, defending firmly for a dot ball.",417fde85-59b9-4179-9684-bf5eecc6ef6b,244546,"Hong Kong v Oman at Nisshin, Asian Games Men's Cricket Competition, 25 Sep 2026",9387,Asian Games Men's Cricket Competition,2026,"Korogi Sports Park, Nisshin",Twenty20 international,2026-09-25,,,,,,,,,,,,,,,,,,,,,,,,,,,False,False,False,False,,,,length ball,outside off,,,,,,,,,,keyword,0,,False,False,False,False,False,False,False,False,True,
2,109,Oman,OMN,5,4,N Rana,5,4,0,12/3,1.00,3.02,3.2,0,0,"Rana to Balushi, no run",,"Nasrulla Rana fires in a full ball on off stump, and Shuaib Al Balushi flicks it firmly towards mid-on, where Babar Hayat fields cleanly. No run.",417fde85-59b9-4179-9684-bf5eecc6ef6b,244546,"Hong Kong v Oman at Nisshin, Asian Games Men's Cricket Competition, 25 Sep 2026",9387,Asian Games Men's Cricket Competition,2026,"Korogi Sports Park, Nisshin",Twenty20 international,2026-09-25,,,,,,,,,,,,,,,,,,,,,,,,,,,False,False,False,False,,,,full,off stump,,flick,,,,,,,,keyword,0,,False,False,False,False,False,False,False,False,True,
2,109,Oman,OMN,5,4,N Rana,5,4,0,12/3,1.00,3.03,3.2,1,1ʷᵈ,"Rana to Balushi, 1 run (wide)",,"A back-of-a-length delivery on middle is called wide as Shuaib Al Balushi attempts a glance and misses down the leg side, with wicketkeeper Shahid Wasif gathering cleanly.",417fde85-59b9-4179-9684-bf5eecc6ef6b,244546,"Hong Kong v Oman at Nisshin, Asian Games Men's Cricket Competition, 25 Sep 2026",9387,Asian Games Men's Cricket Competition,2026,"Korogi Sports Park, Nisshin",Twenty20 international,2026-09-25,,,,,,,,,,,,,,,,,,,,,,,,,,,False,False,False,False,,,,,down the leg side,,glance,,,,,,,,keyword,1,wide,False,True,False,False,False,False,False,False,False,
2,109,Oman,OMN,5,4,N Rana,5,4,0,12/3,1.00,3.04,3.3,0,0,"Rana to Balushi, no run",,"A full ball outside off, driven firmly but straight to Ehsan Khan at extra cover, and it is a dot ball.",417fde85-59b9-4179-9684-bf5eecc6ef6b,244546,"Hong Kong v Oman at Nisshin, Asian Games Men's Cricket Competition, 25 Sep 2026",9387,Asian Games Men's Cricket Competition,2026,"Korogi Sports Park, Nisshin",Twenty20 international,2026-09-25,,,,,,,,,,,,,,,,,,,,,,,,,,,False,False,False,False,,,,full,outside off,,drive,,,extra cover,,,,,keyword,0,,False,False,False,False,False,False,False,False,True,
2,109,Oman,OMN,5,4,N Rana,5,4,0,12/3,1.00,3.05,3.4,1,1,"Rana to Balushi, 1 run",,"Full on middle, Shuaib Al Balushi pushes it towards mid-off and sets off for a single, but the return misses the stumps.",417fde85-59b9-4179-9684-bf5eecc6ef6b,244546,"Hong Kong v Oman at Nisshin, Asian Games Men's Cricket Competition, 25 Sep 2026",9387,Asian Games Men's Cricket Competition,2026,"Korogi Sports Park, Nisshin",Twenty20 international,2026-09-25,89633.0,Shuaib Al Balushi,right,72222.0,N Rana,right,509.0,Hong Kong,right pace,2.0,pace,2026-09-25 02:16:03,,,,,,,,107372022.0,267.0,25.0,44.0,5.0,1.0,1.0,False,False,True,False,,,,full,,,push,,,,,,,,keyword,1,,False,False,False,False,False,False,False,False,False,
2,109,Oman,OMN,5,4,N Rana,5,4,0,12/3,1.00,3.06,3.4,1,1ʷᵈ,"Rana to Shiralkar, 1 run (wide)",,"Nasrulla Rana sends a length ball wide outside off. Muzaffar Shiralkar attempts a drive but misses, and wicketkeeper Shahid Wasif gathers cleanly. Wide, one extra.",417fde85-59b9-4179-9684-bf5eecc6ef6b,244546,"Hong Kong v Oman at Nisshin, Asian Games Men's Cricket Competition, 25 Sep 2026",9387,Asian Games Men's Cricket Competition,2026,"Korogi Sports Park, Nisshin",Twenty20 international,2026-09-25,,,,,,,,,,,,,,,,,,,,,,,,,,,False,False,False,False,,,,length ball,wide outside off,,drive,,,,,,,,keyword,1,wide,False,True,False,False,False,False,False,False,False,
2,109,Oman,OMN,5,4,N Rana,5,4,0,12/3,1.00,3.07,3.4,1,1ʷᵈ,"Rana to Shiralkar, 1 run (wide)",,"A back-of-a-length delivery on leg stump is called wide as Muzaffar Shiralkar attempts a flick but misses, with wicketkeeper Shahid Wasif gathering cleanly.",417fde85-59b9-4179-9684-bf5eecc6ef6b,244546,"Hong Kong v Oman at Nisshin, Asian Games Men's Cricket Competition, 25 Sep 2026",9387,Asian Games Men's Cricket Competition,2026,"Korogi Sports Park, Nisshin",Twenty20 international,2026-09-25,,,,,,,,,,,,,,,,,,,,,,,,,,,False,False,False,False,,,,,leg stump,,flick,,,,,,,,keyword,1,wide,False,True,False,False,False,False,False,False,False,
2,109,Oman,OMN,5,4,N Rana,5,4,0,12/3,1.00,3.08,3.4,1,1ʷᵈ,"Rana to Shiralkar, 1 run (wide)",,"A length ball down leg is too wide for Muzaffar Shiralkar, who attempts a flick but misses. Shahid Wasif gathers it cleanly behind the stumps, and it is called wide.",417fde85-59b9-4179-9684-bf5eecc6ef6b,244546,"Hong Kong v Oman at Nisshin, Asian Games Men's Cricket Competition, 25 Sep 2026",9387,Asian Games Men's Cricket Competition,2026,"Korogi Sports Park, Nisshin",Twenty20 international,2026-09-25,,,,,,,,,,,,,,,,,,,,,,,,,,,False,False,False,False,,,,length ball,down leg,,flick,,,,,,,,keyword,1,wide,False,True,False,False,False,False,False,False,False,
2,109,Oman,OMN,5,4,N Rana,5,4,0,12/3,1.00,3.09,3.5,0,0,"Rana to Shiralkar, no run",,"A short ball outside off, defended with a gloved bat, and it drops safely for a dot ball.",417fde85-59b9-4179-9684-bf5eecc6ef6b,244546,"Hong Kong v Oman at Nisshin, Asian Games Men's Cricket Competition, 25 Sep 2026",9387,Asian Games Men's Cricket Competition,2026,"Korogi Sports Park, Nisshin",Twenty20 international,2026-09-25,,,,,,,,,,,,,,,,,,,,,,,,,,,False,False,False,False,,,,short,outside off,,,,,,,,,,keyword,0,,False,False,False,False,False,False,False,False,True,
2,109,Oman,OMN,5,4,N Rana,5,4,0,12/3,1.00,3.10,3.6,0,0,"Rana to Shiralkar, no run",,"Short outside off, Muzaffar Shiralkar pulls, but gets a top edge onto his helmet. It drops safely towards cover for a dot ball. Oman require 110 from 96 balls at 6.9 an over, with seven wickets in hand and a 46% win chance.",417fde85-59b9-4179-9684-bf5eecc6ef6b,244546,"Hong Kong v Oman at Nisshin, Asian Games Men's Cricket Competition, 25 Sep 2026",9387,Asian Games Men's Cricket Competition,2026,"Korogi Sports Park, Nisshin",Twenty20 international,2026-09-25,,,,,,,,,,,,,,,,,,,,,,,,,,,False,False,False,False,,,,short,outside off,,pull,,,cover,,,,,keyword,0,,False,False,False,False,False,False,False,False,True,
2,109,Oman,OMN,5,5,AA Shukla,9,1,1,21/4,8.00,4.01,4.1,6,6,"Shukla to Balushi, 6 runs",Ayush Shukla continues their spell,"Short and wide outside off from Ayush Shukla, inviting the stroke. Shuaib Al Balushi cuts fiercely, sending it over third man for six. Oman’s innings has its first six on the board.",417fde85-59b9-4179-9684-bf5eecc6ef6b,244546,"Hong Kong v Oman at Nisshin, Asian Games Men's Cricket Competition, 25 Sep 2026",9387,Asian Games Men's Cricket Competition,2026,"Korogi Sports Park, Nisshin",Twenty20 international,2026-09-25,89633.0,Shuaib Al Balushi,right,77669.0,AA Shukla,right,509.0,Hong Kong,right pace,2.0,pace,2026-09-25 02:21:37,,,,,,,,107372028.0,132.0,100.0,163.0,8.0,6.0,6.0,False,False,True,False,,,,short,wide outside off,,cut,,,third man,,,,,keyword,6,,False,False,False,False,False,False,False,True,False,
2,109,Oman,OMN,5,5,AA Shukla,9,1,1,21/4,8.00,4.02,4.2,0,0,"Shukla to Balushi, no run",,"Ayush Shukla bangs it back of a length on off stump, and Shuaib Al Balushi defends with the gloves for a dot ball.",417fde85-59b9-4179-9684-bf5eecc6ef6b,244546,"Hong Kong v Oman at Nisshin, Asian Games Men's Cricket Competition, 25 Sep 2026",9387,Asian Games Men's Cricket Competition,2026,"Korogi Sports Park, Nisshin",Twenty20 international,2026-09-25,,,,,,,,,,,,,,,,,,,,,,,,,,,False,False,False,False,,,,back of a length,off stump,,,,,,,,,,keyword,0,,False,False,False,False,False,False,False,False,True,
2,109,Oman,OMN,5,5,AA Shukla,9,1,1,21/4,8.00,4.03,4.3,1,1,"Shukla to Balushi, 1 run",,"On off stump and back of a length, Shuaib Al Balushi opens the face for a neat late cut behind point. Hafeez Khan fields at third man, and they take a single.",417fde85-59b9-4179-9684-bf5eecc6ef6b,244546,"Hong Kong v Oman at Nisshin, Asian Games Men's Cricket Competition, 25 Sep 2026",9387,Asian Games Men's Cricket Competition,2026,"Korogi Sports Park, Nisshin",Twenty20 international,2026-09-25,89633.0,Shuaib Al Balushi,right,77669.0,AA Shukla,right,509.0,Hong Kong,right pace,2.0,pace,2026-09-25 02:22:49,,,,,,,,107372030.0,147.0,70.0,119.0,7.0,1.0,1.0,False,False,True,False,,,,back of a length,off stump,,late cut,,,point,,,,,keyword,1,,False,False,False,False,False,False,False,False,False,
2,109,Oman,OMN,5,5,AA Shukla,9,1,1,21/4,8.00,4.04,4.4,0,W,"Shukla to Shiralkar, out!",,"A length ball swinging in on off stump, Muzaffar Shiralkar attempts a slog but misses, and the ball crashes into the stumps for a bowled dismissal. Muzaffar Shiralkar departs after scoring 1 from 7 balls.",417fde85-59b9-4179-9684-bf5eecc6ef6b,244546,"Hong Kong v Oman at Nisshin, Asian Games Men's Cricket Competition, 25 Sep 2026",9387,Asian Games Men's Cricket Competition,2026,"Korogi Sports Park, Nisshin",Twenty20 international,2026-09-25,,,,,,,,,,,,,,,,,,,,,,,,,,,False,False,False,False,,,,length ball,off stump,,slog,,,,,bowled,,,keyword,0,,True,False,False,False,False,False,False,False,False,commentary
2,109,Oman,OMN,5,5,AA Shukla,9,1,1,21/4,8.00,4.05,4.4,1,1ʷᵈ,"Shukla to Mehmood, 1 run (wide)",Sufyan Mehmood heads to the crease. ,"A back-of-a-length ball down leg is wide, as Sufyan Mehmood attempts a glance but misses. Shahid Wasif gathers it cleanly behind the stumps, and Hong Kong concede one.",417fde85-59b9-4179-9684-bf5eecc6ef6b,244546,"Hong Kong v Oman at Nisshin, Asian Games Men's Cricket Competition, 25 Sep 2026",9387,Asian Games Men's Cricket Competition,2026,"Korogi Sports Park, Nisshin",Twenty20 international,2026-09-25,,,,,,,,,,,,,,,,,,,,,,,,,,,False,False,False,False,,,,length ball,down leg,,glance,,,,,,,,keyword,1,wide,False,True,False,False,False,False,False,False,False,
2,109,Oman,OMN,5,5,AA Shukla,9,1,1,21/4,8.00,4.06,4.5,1,1,"Shukla to Mehmood, 1 run",,"Ayush Shukla angles a length ball onto leg stump, and Sufyan Mehmood defends it into the field to take a single. Sufyan Mehmood gets off the mark.",417fde85-59b9-4179-9684-bf5eecc6ef6b,244546,"Hong Kong v Oman at Nisshin, Asian Games Men's Cricket Competition, 25 Sep 2026",9387,Asian Games Men's Cricket Competition,2026,"Korogi Sports Park, Nisshin",Twenty20 international,2026-09-25,30582.0,Sufyan Mehmood,left,77669.0,AA Shukla,right,509.0,Hong Kong,right pace,2.0,pace,2026-09-25 02:26:33,,,,,,,,107372033.0,316.0,25.0,44.0,3.0,1.0,1.0,False,False,True,False,,,,length ball,leg stump,,,,,,,,,,keyword,1,,False,False,False,False,False,False,False,False,False,
2,109,Oman,OMN,5,5,AA Shukla,9,1,1,21/4,8.00,4.07,4.6,0,0,"Shukla to Balushi, no run",,"Back of a length on off stump, Shuaib Al Balushi tries to work it away but misses and is struck on the pad, a dot ball. Anshuman Rath fires in a direct hit from backward square leg, but the batter is safely home. Oman need 101 from 90 balls at 6.7 an over with six wickets in hand, while WinViz gives them a 39% chance.",417fde85-59b9-4179-9684-bf5eecc6ef6b,244546,"Hong Kong v Oman at Nisshin, Asian Games Men's Cricket Competition, 25 Sep 2026",9387,Asian Games Men's Cricket Competition,2026,"Korogi Sports Park, Nisshin",Twenty20 international,2026-09-25,,,,,,,,,,,,,,,,,,,,,,,,,,,False,False,False,False,,,,back of a length,off stump,,work,,,,,,,,keyword,0,,False,False,False,False,False,False,False,False,True,
2,109,Oman,OMN,5,6,Ehsan Khan,5,0,0,26/4,5.00,5.01,5.1,0,0,"Khan to Mehmood, no run",Ehsan Khan takes the ball for their 1st spell,"Ehsan Khan fires in an off break on off stump, a length ball that Sufyan Mehmood drives straight back to the bowler. Khan fields cleanly, and it’s a dot ball.",417fde85-59b9-4179-9684-bf5eecc6ef6b,244546,"Hong Kong v Oman at Nisshin, Asian Games Men's Cricket Competition, 25 Sep 2026",9387,Asian Games Men's Cricket Competition,2026,"Korogi Sports Park, Nisshin",Twenty20 international,2026-09-25,,,,,,,,,,,,,,,,,,,,,,,,,,,False,False,False,False,,,,length ball,off stump,,drive,,,bowler,,,,,keyword,0,,False,False,False,False,False,False,False,False,True,
2,109,Oman,OMN,5,6,Ehsan Khan,5,0,0,26/4,5.00,5.02,5.2,1,1,"Khan to Mehmood, 1 run",,"Ehsan Khan sends down an off break on leg stump, a length ball worked neatly behind square for a single by Sufyan Mehmood.",417fde85-59b9-4179-9684-bf5eecc6ef6b,244546,"Hong Kong v Oman at Nisshin, Asian Games Men's Cricket Competition, 25 Sep 2026",9387,Asian Games Men's Cricket Competition,2026,"Korogi Sports Park, Nisshin",Twenty20 international,2026-09-25,30582.0,Sufyan Mehmood,left,47278.0,Ehsan Khan,right,509.0,Hong Kong,off break,3.0,spin,2026-09-25 02:29:32,,,,,,,,107372036.0,177.0,35.0,59.0,7.0,1.0,1.0,False,False,True,False,,,,length ball,leg stump,,work,,,,,,,,keyword,1,,False,False,False,False,False,False,False,False,False,
2,109,Oman,OMN,5,6,Ehsan Khan,5,0,0,26/4,5.00,5.03,5.3,0,0,"Khan to Balushi, no run",,"This off break lands on a length outside off, and Shuaib Al Balushi gets right behind it in defence for a dot ball.",417fde85-59b9-4179-9684-bf5eecc6ef6b,244546,"Hong Kong v Oman at Nisshin, Asian Games Men's Cricket Competition, 25 Sep 2026",9387,Asian Games Men's Cricket Competition,2026,"Korogi Sports Park, Nisshin",Twenty20 international,2026-09-25,,,,,,,,,,,,,,,,,,,,,,,,,,,False,False,False,False,,,,,outside off,,,,,,,,,,keyword,0,,False,False,False,False,False,False,False,False,True,
2,109,Oman,OMN,5,6,Ehsan Khan,5,0,0,26/4,5.00,5.04,5.4,4,4,"Khan to Balushi, 4 runs",,"An off break sits back of a length, wide outside off. Shuaib Al Balushi cuts crisply through cover for four. That boundary brings up Oman’s first four of the innings.",417fde85-59b9-4179-9684-bf5eecc6ef6b,244546,"Hong Kong v Oman at Nisshin, Asian Games Men's Cricket Competition, 25 Sep 2026",9387,Asian Games Men's Cricket Competition,2026,"Korogi Sports Park, Nisshin",Twenty20 international,2026-09-25,89633.0,Shuaib Al Balushi,right,47278.0,Ehsan Khan,right,509.0,Hong Kong,off break,3.0,spin,2026-09-25 02:30:15,,,,,,,,107372038.0,204.0,100.0,174.0,6.0,4.0,4.0,False,False,True,False,,,,back of a length,wide outside off,,cut,,,cover,,,,,keyword,4,,False,False,False,False,False,False,True,False,False,
2,109,Oman,OMN,5,6,Ehsan Khan,5,0,0,26/4,5.00,5.05,5.5,0,0,"Khan to Balushi, no run",,"Ehsan Khan fires in an off break on off stump, back of a length, and Shuaib Al Balushi glances it away without finding a gap. No run.",417fde85-59b9-4179-9684-bf5eecc6ef6b,244546,"Hong Kong v Oman at Nisshin, Asian Games Men's Cricket Competition, 25 Sep 2026",9387,Asian Games Men's Cricket Competition,2026,"Korogi Sports Park, Nisshin",Twenty20 international,2026-09-25,,,,,,,,,,,,,,,,,,,,,,,,,,,False,False,False,False,,,,back of a length,off stump,,glance,,,,,,,,keyword,0,,False,False,False,False,False,False,False,False,True,
2,109,Oman,OMN,5,6,Ehsan Khan,5,0,0,26/4,5.00,5.06,5.6,0,0,"Khan to Balushi, no run",,"Ehsan Khan sends down an off break outside off on a back-of-a-length line, and Shuaib Al Balushi gets behind it in defence. The bowler fields it himself, and it is a dot ball. Oman need 96 from 84 balls with six wickets in hand, requiring 6.9 an over, while WinViz gives them a 45% chance.",417fde85-59b9-4179-9684-bf5eecc6ef6b,244546,"Hong Kong v Oman at Nisshin, Asian Games Men's Cricket Competition, 25 Sep 2026",9387,Asian Games Men's Cricket Competition,2026,"Korogi Sports Park, Nisshin",Twenty20 international,2026-09-25,,,,,,,,,,,,,,,,,,,,,,,,,,,False,False,False,False,,,,,outside off,,,,,,,,,,keyword,0,,False,False,False,False,False,False,False,False,True,
2,109,Oman,OMN,5,7,AA Shukla,10,0,0,36/4,10.00,6.01,6.1,4,4,"Shukla to Mehmood, 4 runs",Ayush Shukla continues their spell,"Short and down the leg side, Sufyan Mehmood gets into position and pulls it away fine through fine leg for four. Oman collect a boundary to start the over. Oman’s WinViz rises from 45% to 50%, marking a shift in the match outlook.",417fde85-59b9-4179-9684-bf5eecc6ef6b,244546,"Hong Kong v Oman at Nisshin, Asian Games Men's Cricket Competition, 25 Sep 2026",9387,Asian Games Men's Cricket Competition,2026,"Korogi Sports Park, Nisshin",Twenty20 international,2026-09-25,30582.0,Sufyan Mehmood,left,77669.0,AA Shukla,right,509.0,Hong Kong,right pace,2.0,pace,2026-09-25 02:31:58,,,,,,,,107372041.0,147.0,100.0,165.0,7.0,4.0,4.0,False,False,True,False,,,,short,down the leg side,,pull,,,fine leg,,,,,keyword,4,,False,False,False,False,False,False,True,False,False,
2,109,Oman,OMN,5,7,AA Shukla,10,0,0,36/4,10.00,6.02,6.2,0,0,"Shukla to Mehmood, no run",,"A length ball outside off tempts Sufyan Mehmood into an attempted cut, but he misses and Shahid Wasif gathers safely behind the stumps. A dot ball.",417fde85-59b9-4179-9684-bf5eecc6ef6b,244546,"Hong Kong v Oman at Nisshin, Asian Games Men's Cricket Competition, 25 Sep 2026",9387,Asian Games Men's Cricket Competition,2026,"Korogi Sports Park, Nisshin",Twenty20 international,2026-09-25,,,,,,,,,,,,,,,,,,,,,,,,,,,False,False,False,False,,,,length ball,outside off,,cut,,,,,,,,keyword,0,,False,False,False,False,False,False,False,False,True,
2,109,Oman,OMN,5,7,AA Shukla,10,0,0,36/4,10.00,6.03,6.3,1,1,"Shukla to Mehmood, 1 run",,"Ayush Shukla angles a back-of-a-length delivery outside off, and Sufyan Mehmood opens the face late, guiding it away for a single.",417fde85-59b9-4179-9684-bf5eecc6ef6b,244546,"Hong Kong v Oman at Nisshin, Asian Games Men's Cricket Competition, 25 Sep 2026",9387,Asian Games Men's Cricket Competition,2026,"Korogi Sports Park, Nisshin",Twenty20 international,2026-09-25,30582.0,Sufyan Mehmood,left,77669.0,AA Shukla,right,509.0,Hong Kong,right pace,2.0,pace,2026-09-25 02:33:09,,,,,,,,107372043.0,56.0,75.0,121.0,1.0,1.0,1.0,False,False,True,False,,,,,outside off,,,,,,,,,,keyword,1,,False,False,False,False,False,False,False,False,False,
2,109,Oman,OMN,5,7,AA Shukla,10,0,0,36/4,10.00,6.04,6.4,4,4,"Shukla to Balushi, 4 runs",,An off cutter back of a length outside off is cut crisply by Shuaib Al Balushi. It races through third man for four.,417fde85-59b9-4179-9684-bf5eecc6ef6b,244546,"Hong Kong v Oman at Nisshin, Asian Games Men's Cricket Competition, 25 Sep 2026",9387,Asian Games Men's Cricket Competition,2026,"Korogi Sports Park, Nisshin",Twenty20 international,2026-09-25,89633.0,Shuaib Al Balushi,right,77669.0,AA Shukla,right,509.0,Hong Kong,right pace,2.0,pace,2026-09-25 02:33:50,,,,,,,,107372044.0,149.0,100.0,165.0,7.0,4.0,4.0,False,False,True,False,,,,back of a length,outside off,,cut,,,third man,,,,,keyword,4,,False,False,False,False,False,False,True,False,False,
2,109,Oman,OMN,5,7,AA Shukla,10,0,0,36/4,10.00,6.05,6.5,0,0,"Shukla to Balushi, no run",,"Ayush Shukla bangs it in back of a length outside off, and Shuaib Al Balushi defends, taking an inside edge for a dot ball.",417fde85-59b9-4179-9684-bf5eecc6ef6b,244546,"Hong Kong v Oman at Nisshin, Asian Games Men's Cricket Competition, 25 Sep 2026",9387,Asian Games Men's Cricket Competition,2026,"Korogi Sports Park, Nisshin",Twenty20 international,2026-09-25,,,,,,,,,,,,,,,,,,,,,,,,,,,False,False,False,False,,,,back of a length,outside off,,,,,,,,,,keyword,0,,False,False,False,False,False,False,False,False,True,
2,109,Oman,OMN,5,7,AA Shukla,10,0,0,36/4,10.00,6.06,6.6,1,1,"Shukla to Balushi, 1 run",,"Back of a length outside off, Shuaib Al Balushi defends with an inside edge for a single, neatly fielded by Shahid Wasif at gully. Oman require 86 from 78 balls at 6.6 an over, with six wickets in hand and a 57% WinViz edge.",417fde85-59b9-4179-9684-bf5eecc6ef6b,244546,"Hong Kong v Oman at Nisshin, Asian Games Men's Cricket Competition, 25 Sep 2026",9387,Asian Games Men's Cricket Competition,2026,"Korogi Sports Park, Nisshin",Twenty20 international,2026-09-25,89633.0,Shuaib Al Balushi,right,77669.0,AA Shukla,right,509.0,Hong Kong,right pace,2.0,pace,2026-09-25 02:35:06,,,,,,,,107372046.0,140.0,15.0,24.0,7.0,1.0,1.0,False,False,True,False,,,,back of a length,outside off,,,,,gully,Shahid Wasif at gully,,,,keyword,1,,False,False,False,False,False,False,False,False,False,
2,109,Oman,OMN,5,8,Ehsan Khan,1,0,0,37/4,1.00,7.01,7.1,1,1,"Khan to Balushi, 1 run",Ehsan Khan continues their spell,"Ehsan Khan bowls to Shuaib Al Balushi, who plays it away for a single.",417fde85-59b9-4179-9684-bf5eecc6ef6b,244546,"Hong Kong v Oman at Nisshin, Asian Games Men's Cricket Competition, 25 Sep 2026",9387,Asian Games Men's Cricket Competition,2026,"Korogi Sports Park, Nisshin",Twenty20 international,2026-09-25,,,,,,,,,,,,,,,,,,,,,,,,,,,False,False,False,False,,,,,,,,,,,,,,,none,1,,False,False,False,False,False,False,False,False,False,
2,109,Oman,OMN,5,8,Ehsan Khan,1,0,0,37/4,1.00,7.02,7.2,0,0,"Khan to Mehmood, no run",,"An off-break full toss outside off is driven firmly by Sufyan Mehmood, but Shiv Mathur fields it smartly at extra cover. No run.",417fde85-59b9-4179-9684-bf5eecc6ef6b,244546,"Hong Kong v Oman at Nisshin, Asian Games Men's Cricket Competition, 25 Sep 2026",9387,Asian Games Men's Cricket Competition,2026,"Korogi Sports Park, Nisshin",Twenty20 international,2026-09-25,,,,,,,,,,,,,,,,,,,,,,,,,,,False,False,False,False,,,,full toss,outside off,,drive,,,extra cover,,,,,keyword,0,,False,False,False,False,False,False,False,False,True,
2,109,Oman,OMN,5,8,Ehsan Khan,1,0,0,37/4,1.00,7.03,7.3,0,0,"Khan to Mehmood, no run",,"Ehsan Khan sends down an off break on a length outside off. Sufyan Mehmood attempts to push but misses, and Shahid Wasif gathers safely behind the stumps for a dot ball.",417fde85-59b9-4179-9684-bf5eecc6ef6b,244546,"Hong Kong v Oman at Nisshin, Asian Games Men's Cricket Competition, 25 Sep 2026",9387,Asian Games Men's Cricket Competition,2026,"Korogi Sports Park, Nisshin",Twenty20 international,2026-09-25,,,,,,,,,,,,,,,,,,,,,,,,,,,False,False,False,False,,,,,outside off,,push,,,,,,,,keyword,0,,False,False,False,False,False,False,False,False,True,
2,109,Oman,OMN,5,8,Ehsan Khan,1,0,0,37/4,1.00,7.04,7.4,0,0,"Khan to Mehmood, no run",,"Ehsan Khan fires in an off break on middle stump, a length ball that Sufyan Mehmood defends solidly for a dot ball.",417fde85-59b9-4179-9684-bf5eecc6ef6b,244546,"Hong Kong v Oman at Nisshin, Asian Games Men's Cricket Competition, 25 Sep 2026",9387,Asian Games Men's Cricket Competition,2026,"Korogi Sports Park, Nisshin",Twenty20 international,2026-09-25,,,,,,,,,,,,,,,,,,,,,,,,,,,False,False,False,False,,,,length ball,middle stump,,,,,,,,,,keyword,0,,False,False,False,False,False,False,False,False,True,
2,109,Oman,OMN,5,8,Ehsan Khan,1,0,0,37/4,1.00,7.05,7.5,0,0,"Khan to Mehmood, no run",,"Ehsan Khan tosses up an off break on off stump, and Sufyan Mehmood pushes it firmly towards cover, where Hafeez Khan fields cleanly for another dot ball.",417fde85-59b9-4179-9684-bf5eecc6ef6b,244546,"Hong Kong v Oman at Nisshin, Asian Games Men's Cricket Competition, 25 Sep 2026",9387,Asian Games Men's Cricket Competition,2026,"Korogi Sports Park, Nisshin",Twenty20 international,2026-09-25,,,,,,,,,,,,,,,,,,,,,,,,,,,False,False,False,False,,,,,off stump,,push,,,cover,,,,,keyword,0,,False,False,False,False,False,False,False,False,True,
2,109,Oman,OMN,5,8,Ehsan Khan,1,0,0,37/4,1.00,7.06,7.6,0,0,"Khan to Mehmood, no run",,"Ehsan Khan fires in an off break on a length outside off. Sufyan Mehmood attempts a drive but misses, and Shahid Wasif gathers cleanly behind the stumps for a dot ball. Oman require 85 from 72 balls at 7.1 per over, with six wickets in hand and a 55% WinViz chance.",417fde85-59b9-4179-9684-bf5eecc6ef6b,244546,"Hong Kong v Oman at Nisshin, Asian Games Men's Cricket Competition, 25 Sep 2026",9387,Asian Games Men's Cricket Competition,2026,"Korogi Sports Park, Nisshin",Twenty20 international,2026-09-25,,,,,,,,,,,,,,,,,,,,,,,,,,,False,False,False,False,,,,,outside off,,drive,,,,,,,,keyword,0,,False,False,False,False,False,False,False,False,True,
2,109,Oman,OMN,5,9,Yasim Murtaza,0,0,0,37/4,0.00,8.01,8.1,0,0,"Murtaza to Balushi, no run",Yasim Murtaza takes the ball for their 1st spell,"Yasim Murtaza’s stock ball lands on a length outside off, and Shuaib Al Balushi defends it firmly for a dot ball.",417fde85-59b9-4179-9684-bf5eecc6ef6b,244546,"Hong Kong v Oman at Nisshin, Asian Games Men's Cricket Competition, 25 Sep 2026",9387,Asian Games Men's Cricket Competition,2026,"Korogi Sports Park, Nisshin",Twenty20 international,2026-09-25,,,,,,,,,,,,,,,,,,,,,,,,,,,False,False,False,False,,,,,outside off,,,,,,,,,,keyword,0,,False,False,False,False,False,False,False,False,True,
2,109,Oman,OMN,5,9,Yasim Murtaza,0,0,0,37/4,0.00,8.02,8.2,0,0,"Murtaza to Balushi, no run",,"Yasim Murtaza sends down a stock ball on off stump, back of a length, and Shuaib Al Balushi defends it compactly for a dot ball.",417fde85-59b9-4179-9684-bf5eecc6ef6b,244546,"Hong Kong v Oman at Nisshin, Asian Games Men's Cricket Competition, 25 Sep 2026",9387,Asian Games Men's Cricket Competition,2026,"Korogi Sports Park, Nisshin",Twenty20 international,2026-09-25,,,,,,,,,,,,,,,,,,,,,,,,,,,False,False,False,False,,,,back of a length,off stump,,,,,,,,,,keyword,0,,False,False,False,False,False,False,False,False,True,
2,109,Oman,OMN,5,9,Yasim Murtaza,0,0,0,37/4,0.00,8.03,8.3,0,0,"Murtaza to Balushi, no run",,"A stock ball back of a length outside off, pushed away cautiously by Shuaib Al Balushi, but it earns no run.",417fde85-59b9-4179-9684-bf5eecc6ef6b,244546,"Hong Kong v Oman at Nisshin, Asian Games Men's Cricket Competition, 25 Sep 2026",9387,Asian Games Men's Cricket Competition,2026,"Korogi Sports Park, Nisshin",Twenty20 international,2026-09-25,,,,,,,,,,,,,,,,,,,,,,,,,,,False,False,False,False,,,,back of a length,outside off,,push,,,,,,,,keyword,0,,False,False,False,False,False,False,False,False,True,
2,109,Oman,OMN,5,9,Yasim Murtaza,0,0,0,37/4,0.00,8.04,8.4,0,0,"Murtaza to Balushi, no run",,"Yasim Murtaza sends down a stock ball back of a length outside off, and Shuaib Al Balushi gets firmly behind it in defence for another dot ball.",417fde85-59b9-4179-9684-bf5eecc6ef6b,244546,"Hong Kong v Oman at Nisshin, Asian Games Men's Cricket Competition, 25 Sep 2026",9387,Asian Games Men's Cricket Competition,2026,"Korogi Sports Park, Nisshin",Twenty20 international,2026-09-25,,,,,,,,,,,,,,,,,,,,,,,,,,,False,False,False,False,,,,back of a length,outside off,,,,,,,,,,keyword,0,,False,False,False,False,False,False,False,False,True,
2,109,Oman,OMN,5,9,Yasim Murtaza,0,0,0,37/4,0.00,8.05,8.5,0,0,"Murtaza to Balushi, no run",,"Yasim Murtaza sends down a stock length ball wide outside off, and Shuaib Al Balushi attempts a slog-sweep but misses. Shahid Wasif gathers cleanly behind the stumps, a dot ball.",417fde85-59b9-4179-9684-bf5eecc6ef6b,244546,"Hong Kong v Oman at Nisshin, Asian Games Men's Cricket Competition, 25 Sep 2026",9387,Asian Games Men's Cricket Competition,2026,"Korogi Sports Park, Nisshin",Twenty20 international,2026-09-25,,,,,,,,,,,,,,,,,,,,,,,,,,,False,False,False,False,,,,length ball,wide outside off,,slog sweep,,,,,,,,keyword,0,,False,False,False,False,False,False,False,False,True,
2,109,Oman,OMN,5,9,Yasim Murtaza,0,0,0,37/4,0.00,8.06,8.6,0,0,"Murtaza to Balushi, no run",,"Murtaza’s stock ball sits back of a length outside off, and Shuaib Al Balushi pushes it calmly to cover, where Shiv Mathur fields. No run. Oman need 85 from 66 balls at 7.7 an over with six wickets in hand, and the contest is evenly poised at 50-50.",417fde85-59b9-4179-9684-bf5eecc6ef6b,244546,"Hong Kong v Oman at Nisshin, Asian Games Men's Cricket Competition, 25 Sep 2026",9387,Asian Games Men's Cricket Competition,2026,"Korogi Sports Park, Nisshin",Twenty20 international,2026-09-25,,,,,,,,,,,,,,,,,,,,,,,,,,,False,False,False,False,,,,back of a length,outside off,,push,,,cover,,,,,keyword,0,,False,False,False,False,False,False,False,False,True,
2,109,Oman,OMN,5,10,Ghazanfar Mohammad,3,0,1,40/5,3.00,9.01,9.1,1,1,"Mohammad to Mehmood, 1 run",Ghazanfar Mohammad takes the ball for their 1st spell,"Ghazanfar Mohammad bowls a leg spinner back of a length outside off, and Sufyan Mehmood drives it out to deep extra cover for a single, fielded by Anshuman Rath.",417fde85-59b9-4179-9684-bf5eecc6ef6b,244546,"Hong Kong v Oman at Nisshin, Asian Games Men's Cricket Competition, 25 Sep 2026",9387,Asian Games Men's Cricket Competition,2026,"Korogi Sports Park, Nisshin",Twenty20 international,2026-09-25,30582.0,Sufyan Mehmood,left,69729.0,Ghazanfar Mohammad,right,509.0,Hong Kong,leg break,4.0,spin,2026-09-25 02:41:36,,,,,,,,107372059.0,319.0,85.0,149.0,3.0,1.0,1.0,False,False,True,False,,,,back of a length,outside off,,drive,,,deep extra cover,Anshuman Rath,,,,keyword,1,,False,False,False,False,False,False,False,False,False,
2,109,Oman,OMN,5,10,Ghazanfar Mohammad,3,0,1,40/5,3.00,9.02,9.2,0,0,"Mohammad to Balushi, no run",,"Ghazanfar Mohammad tosses up a length ball outside off, and Shuaib Al Balushi pushes it firmly towards cover, where Shiv Mathur fields cleanly. No run.",417fde85-59b9-4179-9684-bf5eecc6ef6b,244546,"Hong Kong v Oman at Nisshin, Asian Games Men's Cricket Competition, 25 Sep 2026",9387,Asian Games Men's Cricket Competition,2026,"Korogi Sports Park, Nisshin",Twenty20 international,2026-09-25,,,,,,,,,,,,,,,,,,,,,,,,,,,False,False,False,False,,,,length ball,outside off,,push,,,cover,,,,,keyword,0,,False,False,False,False,False,False,False,False,True,
2,109,Oman,OMN,5,10,Ghazanfar Mohammad,3,0,1,40/5,3.00,9.03,9.3,0,W,"Mohammad to Balushi, out!",,"The leg-spinner lands it back of a length on off stump, and Shuaib Al Balushi attempts a slog but misses. The ball crashes into the stumps, bowled by Ghazanfar Mohammad. Shuaib Al Balushi departs for 20 off 26.",417fde85-59b9-4179-9684-bf5eecc6ef6b,244546,"Hong Kong v Oman at Nisshin, Asian Games Men's Cricket Competition, 25 Sep 2026",9387,Asian Games Men's Cricket Competition,2026,"Korogi Sports Park, Nisshin",Twenty20 international,2026-09-25,,,,,,,,,,,,,,,,,,,,,,,,,,,False,False,False,False,,,,back of a length,off stump,,slog,,,,,bowled,,,keyword,0,,True,False,False,False,False,False,False,False,False,commentary
2,109,Oman,OMN,5,10,Ghazanfar Mohammad,3,0,1,40/5,3.00,9.04,9.4,2,2,"Mohammad to Balushi, 2 runs",Issa Al Balushi heads to the crease. ,"Ghazanfar Mohammad sends down a length leg-spinner on middle stump, and Issa Al Balushi works it away neatly for two runs. Issa Al Balushi gets off the mark.",417fde85-59b9-4179-9684-bf5eecc6ef6b,244546,"Hong Kong v Oman at Nisshin, Asian Games Men's Cricket Competition, 25 Sep 2026",9387,Asian Games Men's Cricket Competition,2026,"Korogi Sports Park, Nisshin",Twenty20 international,2026-09-25,102317.0,Issa Al Balushi,right,69729.0,Ghazanfar Mohammad,right,509.0,Hong Kong,leg break,4.0,spin,2026-09-25 02:45:51,,,,,,,,107372062.0,63.0,70.0,115.0,1.0,2.0,2.0,False,False,True,False,,,,,middle stump,,work,,,,,,,,keyword,2,,False,False,False,False,False,False,False,False,False,
2,109,Oman,OMN,5,10,Ghazanfar Mohammad,3,0,1,40/5,3.00,9.05,9.5,0,0,"Mohammad to Balushi, no run",,"Ghazanfar Mohammad floats a length ball outside off, and Issa Al Balushi defends it safely back to the bowler for a dot ball.",417fde85-59b9-4179-9684-bf5eecc6ef6b,244546,"Hong Kong v Oman at Nisshin, Asian Games Men's Cricket Competition, 25 Sep 2026",9387,Asian Games Men's Cricket Competition,2026,"Korogi Sports Park, Nisshin",Twenty20 international,2026-09-25,,,,,,,,,,,,,,,,,,,,,,,,,,,False,False,False,False,,,,length ball,outside off,,,,,bowler,,,,,keyword,0,,False,False,False,False,False,False,False,False,True,
2,109,Oman,OMN,5,10,Ghazanfar Mohammad,3,0,1,40/5,3.00,9.06,9.6,0,0,"Mohammad to Balushi, no run",,"A back-of-a-length leg-spinner on off stump is worked towards mid-wicket, where Ehsan Khan fields neatly for a dot ball. Oman need 82 from 60 balls with five wickets in hand, requiring 8.2 an over, and their win probability stands at 27%.",417fde85-59b9-4179-9684-bf5eecc6ef6b,244546,"Hong Kong v Oman at Nisshin, Asian Games Men's Cricket Competition, 25 Sep 2026",9387,Asian Games Men's Cricket Competition,2026,"Korogi Sports Park, Nisshin",Twenty20 international,2026-09-25,,,,,,,,,,,,,,,,,,,,,,,,,,,False,False,False,False,,,,,off stump,,work,,,,,,,,keyword,0,,False,False,False,False,False,False,False,False,True,
2,109,Oman,OMN,5,11,Yasim Murtaza,2,0,0,42/5,2.00,10.01,10.1,1,1,"Murtaza to Mehmood, 1 run",Yasim Murtaza continues their spell,"Yasim Murtaza to Sufyan Mehmood, worked away for a single.",417fde85-59b9-4179-9684-bf5eecc6ef6b,244546,"Hong Kong v Oman at Nisshin, Asian Games Men's Cricket Competition, 25 Sep 2026",9387,Asian Games Men's Cricket Competition,2026,"Korogi Sports Park, Nisshin",Twenty20 international,2026-09-25,,,,,,,,,,,,,,,,,,,,,,,,,,,False,False,False,False,,,,,,,work,,,,,,,,keyword,1,,False,False,False,False,False,False,False,False,False,
2,109,Oman,OMN,5,11,Yasim Murtaza,2,0,0,42/5,2.00,10.02,10.2,0,0,"Murtaza to Balushi, no run",,"Yasim Murtaza sends down a stock ball back of a length outside off, and Issa Al Balushi attempts a defensive shot but misses. A dot ball.",417fde85-59b9-4179-9684-bf5eecc6ef6b,244546,"Hong Kong v Oman at Nisshin, Asian Games Men's Cricket Competition, 25 Sep 2026",9387,Asian Games Men's Cricket Competition,2026,"Korogi Sports Park, Nisshin",Twenty20 international,2026-09-25,,,,,,,,,,,,,,,,,,,,,,,,,,,False,False,False,False,,,,back of a length,outside off,,,,,,,,,,keyword,0,,False,False,False,False,False,False,False,False,True,
2,109,Oman,OMN,5,11,Yasim Murtaza,2,0,0,42/5,2.00,10.03,10.3,0,0,"Murtaza to Balushi, no run",,"A stock length ball outside off, Issa Al Balushi gets behind it and defends firmly back to the bowler for a dot ball.",417fde85-59b9-4179-9684-bf5eecc6ef6b,244546,"Hong Kong v Oman at Nisshin, Asian Games Men's Cricket Competition, 25 Sep 2026",9387,Asian Games Men's Cricket Competition,2026,"Korogi Sports Park, Nisshin",Twenty20 international,2026-09-25,,,,,,,,,,,,,,,,,,,,,,,,,,,False,False,False,False,,,,length ball,outside off,,,,,bowler,,,,,keyword,0,,False,False,False,False,False,False,False,False,True,
2,109,Oman,OMN,5,11,Yasim Murtaza,2,0,0,42/5,2.00,10.04,10.4,0,0,"Murtaza to Balushi, no run",,"Yasim Murtaza bowls a stock ball back of a length outside off, and Issa Al Balushi defends it compactly for no run.",417fde85-59b9-4179-9684-bf5eecc6ef6b,244546,"Hong Kong v Oman at Nisshin, Asian Games Men's Cricket Competition, 25 Sep 2026",9387,Asian Games Men's Cricket Competition,2026,"Korogi Sports Park, Nisshin",Twenty20 international,2026-09-25,,,,,,,,,,,,,,,,,,,,,,,,,,,False,False,False,False,,,,back of a length,outside off,,,,,,,,,,keyword,0,,False,False,False,False,False,False,False,False,True,
2,109,Oman,OMN,5,11,Yasim Murtaza,2,0,0,42/5,2.00,10.05,10.5,1,1,"Murtaza to Balushi, 1 run",,"Yasim Murtaza sends down a stock ball back of a length outside off, and Issa Al Balushi flicks it away to deep mid-wicket for a single, fielded by Hafeez Khan.",417fde85-59b9-4179-9684-bf5eecc6ef6b,244546,"Hong Kong v Oman at Nisshin, Asian Games Men's Cricket Competition, 25 Sep 2026",9387,Asian Games Men's Cricket Competition,2026,"Korogi Sports Park, Nisshin",Twenty20 international,2026-09-25,102317.0,Issa Al Balushi,right,21345.0,Yasim Murtaza,left,509.0,Hong Kong,left orthodox,5.0,spin,2026-09-25 02:49:28,,,,,,,,107372069.0,318.0,70.0,122.0,3.0,1.0,1.0,False,False,True,False,,,,back of a length,outside off,,flick,,,,Hafeez Khan,,,,keyword,1,,False,False,False,False,False,False,False,False,False,
2,109,Oman,OMN,5,11,Yasim Murtaza,2,0,0,42/5,2.00,10.06,10.6,0,0,"Murtaza to Mehmood, no run",,"Yasim Murtaza sends down a stock ball back of a length outside off, and Sufyan Mehmood pushes it firmly to extra cover, where Shiv Mathur fields cleanly. No run. Oman need 80 from 54 balls at 8.9 an over with five wickets in hand, and WinViz puts their chances at 24%.",417fde85-59b9-4179-9684-bf5eecc6ef6b,244546,"Hong Kong v Oman at Nisshin, Asian Games Men's Cricket Competition, 25 Sep 2026",9387,Asian Games Men's Cricket Competition,2026,"Korogi Sports Park, Nisshin",Twenty20 international,2026-09-25,,,,,,,,,,,,,,,,,,,,,,,,,,,False,False,False,False,,,,back of a length,outside off,,push,,,extra cover,,,,,keyword,0,,False,False,False,False,False,False,False,False,True,
2,109,Oman,OMN,5,12,Ghazanfar Mohammad,4,0,1,46/6,4.00,11.01,11.1,0,0,"Mohammad to Balushi, no run",Ghazanfar Mohammad continues their spell,"Ghazanfar Mohammad bowls to Issa Al Balushi, who plays it away for no run.",417fde85-59b9-4179-9684-bf5eecc6ef6b,244546,"Hong Kong v Oman at Nisshin, Asian Games Men's Cricket Competition, 25 Sep 2026",9387,Asian Games Men's Cricket Competition,2026,"Korogi Sports Park, Nisshin",Twenty20 international,2026-09-25,,,,,,,,,,,,,,,,,,,,,,,,,,,False,False,False,False,,,,,,,,,,,,,,,none,0,,False,False,False,False,False,False,False,False,True,
2,109,Oman,OMN,5,12,Ghazanfar Mohammad,4,0,1,46/6,4.00,11.02,11.2,0,0,"Mohammad to Balushi, no run",,"Ghazanfar Mohammad sends down a back-of-a-length leg-spinner outside off, and Issa Al Balushi pushes it back to the bowler for a dot ball.",417fde85-59b9-4179-9684-bf5eecc6ef6b,244546,"Hong Kong v Oman at Nisshin, Asian Games Men's Cricket Competition, 25 Sep 2026",9387,Asian Games Men's Cricket Competition,2026,"Korogi Sports Park, Nisshin",Twenty20 international,2026-09-25,,,,,,,,,,,,,,,,,,,,,,,,,,,False,False,False,False,,,,,outside off,,push,,,bowler,,,,,keyword,0,,False,False,False,False,False,False,False,False,True,
2,109,Oman,OMN,5,12,Ghazanfar Mohammad,4,0,1,46/6,4.00,11.03,11.3,4,4,"Mohammad to Balushi, 4 runs",,"A leg spinner on off stump, back of a length. Issa Al Balushi rocks back and pulls it powerfully through mid wicket for four. Oman’s WinViz rises from 22% to 27%, a notable lift in their chances.",417fde85-59b9-4179-9684-bf5eecc6ef6b,244546,"Hong Kong v Oman at Nisshin, Asian Games Men's Cricket Competition, 25 Sep 2026",9387,Asian Games Men's Cricket Competition,2026,"Korogi Sports Park, Nisshin",Twenty20 international,2026-09-25,102317.0,Issa Al Balushi,right,69729.0,Ghazanfar Mohammad,right,509.0,Hong Kong,leg break,4.0,spin,2026-09-25 02:51:16,,,,,,,,107372073.0,327.0,100.0,175.0,3.0,4.0,4.0,False,False,True,False,,,,back of a length,off stump,,pull,,,mid wicket,,,,,keyword,4,,False,False,False,False,False,False,True,False,False,
2,109,Oman,OMN,5,12,Ghazanfar Mohammad,4,0,1,46/6,4.00,11.04,11.4,0,0,"Mohammad to Balushi, no run",,"Ghazanfar Mohammad tosses up a leg-spinner on off stump, back of a length, and Issa Al Balushi works it away, but there is no run.",417fde85-59b9-4179-9684-bf5eecc6ef6b,244546,"Hong Kong v Oman at Nisshin, Asian Games Men's Cricket Competition, 25 Sep 2026",9387,Asian Games Men's Cricket Competition,2026,"Korogi Sports Park, Nisshin",Twenty20 international,2026-09-25,,,,,,,,,,,,,,,,,,,,,,,,,,,False,False,False,False,,,,back of a length,off stump,,work,,,,,,,,keyword,0,,False,False,False,False,False,False,False,False,True,
2,109,Oman,OMN,5,12,Ghazanfar Mohammad,4,0,1,46/6,4.00,11.05,11.5,0,0,"Mohammad to Balushi, no run",,"Ghazanfar Mohammad sends down a length leg-spinner on off stump, and Issa Al Balushi gets right behind it in defence for a dot ball.",417fde85-59b9-4179-9684-bf5eecc6ef6b,244546,"Hong Kong v Oman at Nisshin, Asian Games Men's Cricket Competition, 25 Sep 2026",9387,Asian Games Men's Cricket Competition,2026,"Korogi Sports Park, Nisshin",Twenty20 international,2026-09-25,,,,,,,,,,,,,,,,,,,,,,,,,,,False,False,False,False,,,,,off stump,,,,,,,,,,keyword,0,,False,False,False,False,False,False,False,False,True,
2,109,Oman,OMN,5,12,Ghazanfar Mohammad,4,0,1,46/6,4.00,11.06,11.6,0,W,"Mohammad to Balushi, out!",,"This back-of-a-length leg-spinner lands on middle stump, and Al Balushi misses his attempted flick. The ball strikes his pad and he is given out leg before wicket. Al Balushi departs for 7 from 13, swinging the WinViz forecast from 75% to 93% for Hong Kong. Oman now need 76 from 48 balls at 9.5 an over with four wickets left, leaving them a 7% chance.",417fde85-59b9-4179-9684-bf5eecc6ef6b,244546,"Hong Kong v Oman at Nisshin, Asian Games Men's Cricket Competition, 25 Sep 2026",9387,Asian Games Men's Cricket Competition,2026,"Korogi Sports Park, Nisshin",Twenty20 international,2026-09-25,,,,,,,,,,,,,,,,,,,,,,,,,,,False,False,False,False,,,,,middle stump,,flick,,,,,lbw,,,keyword,0,,True,False,False,False,False,False,False,False,False,commentary
2,109,Oman,OMN,5,13,Yasim Murtaza,5,0,0,51/6,5.00,12.01,12.1,0,0,"Murtaza to Mehmood, no run",Abduljalil Kankaz enters the field at the non-striker's end. Yasim Murtaza continues their spell,"Yasim Murtaza bowls to Sufyan Mehmood, and the batter plays it away for no run.",417fde85-59b9-4179-9684-bf5eecc6ef6b,244546,"Hong Kong v Oman at Nisshin, Asian Games Men's Cricket Competition, 25 Sep 2026",9387,Asian Games Men's Cricket Competition,2026,"Korogi Sports Park, Nisshin",Twenty20 international,2026-09-25,,,,,,,,,,,,,,,,,,,,,,,,,,,False,False,False,False,,,,,,,,,,,,,,,none,0,,False,False,False,False,False,False,False,False,True,
2,109,Oman,OMN,5,13,Yasim Murtaza,5,0,0,51/6,5.00,12.02,12.2,4,4,"Murtaza to Mehmood, 4 runs",,"A stock ball back of a length, wide outside off, is pulled crisply through mid-wicket for four by Sufyan Mehmood. That boundary lifts Oman to 50 for six.",417fde85-59b9-4179-9684-bf5eecc6ef6b,244546,"Hong Kong v Oman at Nisshin, Asian Games Men's Cricket Competition, 25 Sep 2026",9387,Asian Games Men's Cricket Competition,2026,"Korogi Sports Park, Nisshin",Twenty20 international,2026-09-25,30582.0,Sufyan Mehmood,left,21345.0,Yasim Murtaza,left,509.0,Hong Kong,left orthodox,5.0,spin,2026-09-25 02:54:23,,,,,,,,107372078.0,229.0,100.0,178.0,5.0,4.0,4.0,False,False,True,False,,,,back of a length,wide outside off,,pull,,,,,,,,keyword,4,,False,False,False,False,False,False,True,False,False,
2,109,Oman,OMN,5,13,Yasim Murtaza,5,0,0,51/6,5.00,12.03,12.3,1,1,"Murtaza to Mehmood, 1 run",,"Yasim Murtaza sends down a full stock ball on off stump, and Sufyan Mehmood flicks it neatly towards long on for a single, where Babar Hayat fields.",417fde85-59b9-4179-9684-bf5eecc6ef6b,244546,"Hong Kong v Oman at Nisshin, Asian Games Men's Cricket Competition, 25 Sep 2026",9387,Asian Games Men's Cricket Competition,2026,"Korogi Sports Park, Nisshin",Twenty20 international,2026-09-25,30582.0,Sufyan Mehmood,left,21345.0,Yasim Murtaza,left,509.0,Hong Kong,left orthodox,5.0,spin,2026-09-25 02:55:06,,,,,,,,107372079.0,242.0,80.0,136.0,5.0,1.0,1.0,False,False,True,False,,,,full,off stump,,flick,,,long on,,,,,keyword,1,,False,False,False,False,False,False,False,False,False,
2,109,Oman,OMN,5,13,Yasim Murtaza,5,0,0,51/6,5.00,12.04,12.4,0,0,"Murtaza to Kankaz, no run",,"A stock length ball outside off, Abduljalil Kankaz attempts a defensive stroke but misses, and it is a dot ball.",417fde85-59b9-4179-9684-bf5eecc6ef6b,244546,"Hong Kong v Oman at Nisshin, Asian Games Men's Cricket Competition, 25 Sep 2026",9387,Asian Games Men's Cricket Competition,2026,"Korogi Sports Park, Nisshin",Twenty20 international,2026-09-25,,,,,,,,,,,,,,,,,,,,,,,,,,,False,False,False,False,,,,length ball,outside off,,,,,,,,,,keyword,0,,False,False,False,False,False,False,False,False,True,
2,109,Oman,OMN,5,13,Yasim Murtaza,5,0,0,51/6,5.00,12.05,12.5,0,0,"Murtaza to Kankaz, no run",,"Yasim Murtaza sends down a stock ball back of a length outside off, and Abduljalil Kankaz works at it, finding the outside edge. It drops safely for a dot ball.",417fde85-59b9-4179-9684-bf5eecc6ef6b,244546,"Hong Kong v Oman at Nisshin, Asian Games Men's Cricket Competition, 25 Sep 2026",9387,Asian Games Men's Cricket Competition,2026,"Korogi Sports Park, Nisshin",Twenty20 international,2026-09-25,,,,,,,,,,,,,,,,,,,,,,,,,,,False,False,False,False,,,,back of a length,outside off,,work,,,,,,,,keyword,0,,False,False,False,False,False,False,False,False,True,
2,109,Oman,OMN,5,13,Yasim Murtaza,5,0,0,51/6,5.00,12.06,12.6,0,0,"Murtaza to Kankaz, no run",,"Yasim Murtaza sends down a stock ball outside off on a length, and Abduljalil Kankaz drives firmly but straight to Shiv Mathur at extra cover. No run. Oman need 71 from 42 balls with four wickets left, and WinViz gives them just a 7% chance.",417fde85-59b9-4179-9684-bf5eecc6ef6b,244546,"Hong Kong v Oman at Nisshin, Asian Games Men's Cricket Competition, 25 Sep 2026",9387,Asian Games Men's Cricket Competition,2026,"Korogi Sports Park, Nisshin",Twenty20 international,2026-09-25,,,,,,,,,,,,,,,,,,,,,,,,,,,False,False,False,False,,,,,outside off,,drive,,,extra cover,,,,,keyword,0,,False,False,False,False,False,False,False,False,True,
2,109,Oman,OMN,5,14,Ghazanfar Mohammad,1,0,0,52/6,1.00,13.01,13.1,0,0,"Mohammad to Mehmood, no run",Ghazanfar Mohammad continues their spell,"Ghazanfar Mohammad bowls to Sufyan Mehmood, who plays it away for no run.",417fde85-59b9-4179-9684-bf5eecc6ef6b,244546,"Hong Kong v Oman at Nisshin, Asian Games Men's Cricket Competition, 25 Sep 2026",9387,Asian Games Men's Cricket Competition,2026,"Korogi Sports Park, Nisshin",Twenty20 international,2026-09-25,,,,,,,,,,,,,,,,,,,,,,,,,,,False,False,False,False,,,,,,,,,,,,,,,none,0,,False,False,False,False,False,False,False,False,True,
2,109,Oman,OMN,5,14,Ghazanfar Mohammad,1,0,0,52/6,1.00,13.02,13.2,0,0,"Mohammad to Mehmood, no run",,"Ghazanfar Mohammad sends down a length leg-spinner on leg stump, and Sufyan Mehmood defends it safely back to the bowler for a dot ball.",417fde85-59b9-4179-9684-bf5eecc6ef6b,244546,"Hong Kong v Oman at Nisshin, Asian Games Men's Cricket Competition, 25 Sep 2026",9387,Asian Games Men's Cricket Competition,2026,"Korogi Sports Park, Nisshin",Twenty20 international,2026-09-25,,,,,,,,,,,,,,,,,,,,,,,,,,,False,False,False,False,,,,,leg stump,,,,,bowler,,,,,keyword,0,,False,False,False,False,False,False,False,False,True,
2,109,Oman,OMN,5,14,Ghazanfar Mohammad,1,0,0,52/6,1.00,13.03,13.3,0,0,"Mohammad to Mehmood, no run",,"Ghazanfar Mohammad tosses up a length ball outside off, and Sufyan Mehmood tries to steer a late cut but finds Ehsan Khan in the gully. A dot ball.",417fde85-59b9-4179-9684-bf5eecc6ef6b,244546,"Hong Kong v Oman at Nisshin, Asian Games Men's Cricket Competition, 25 Sep 2026",9387,Asian Games Men's Cricket Competition,2026,"Korogi Sports Park, Nisshin",Twenty20 international,2026-09-25,,,,,,,,,,,,,,,,,,,,,,,,,,,False,False,False,False,,,,length ball,outside off,,late cut,,,,,,,,keyword,0,,False,False,False,False,False,False,False,False,True,
2,109,Oman,OMN,5,14,Ghazanfar Mohammad,1,0,0,52/6,1.00,13.04,13.4,0,0,"Mohammad to Mehmood, no run",,"A leg spinner sits back of a length outside off, and Sufyan Mehmood drives firmly but straight to Shiv Mathur at cover for no run.",417fde85-59b9-4179-9684-bf5eecc6ef6b,244546,"Hong Kong v Oman at Nisshin, Asian Games Men's Cricket Competition, 25 Sep 2026",9387,Asian Games Men's Cricket Competition,2026,"Korogi Sports Park, Nisshin",Twenty20 international,2026-09-25,,,,,,,,,,,,,,,,,,,,,,,,,,,False,False,False,False,,,,back of a length,outside off,,drive,,,cover,,,,,keyword,0,,False,False,False,False,False,False,False,False,True,
2,109,Oman,OMN,5,14,Ghazanfar Mohammad,1,0,0,52/6,1.00,13.05,13.5,0,0,"Mohammad to Mehmood, no run",,"Ghazanfar Mohammad tosses up a leg-spinner on off stump, back of a length, and Sufyan Mehmood drives firmly to cover, where Shiv Mathur fields cleanly for no run.",417fde85-59b9-4179-9684-bf5eecc6ef6b,244546,"Hong Kong v Oman at Nisshin, Asian Games Men's Cricket Competition, 25 Sep 2026",9387,Asian Games Men's Cricket Competition,2026,"Korogi Sports Park, Nisshin",Twenty20 international,2026-09-25,,,,,,,,,,,,,,,,,,,,,,,,,,,False,False,False,False,,,,back of a length,off stump,,drive,,,cover,,,,,keyword,0,,False,False,False,False,False,False,False,False,True,
2,109,Oman,OMN,5,14,Ghazanfar Mohammad,1,0,0,52/6,1.00,13.06,13.6,1,1,"Mohammad to Mehmood, 1 run",,"Ghazanfar Mohammad bowls a leg-spinner on middle, back of a length, and Sufyan Mehmood pulls it out to deep square leg for a single, fielded by Nasrulla Rana. Oman need 70 from 36 balls at 11.7 an over, with four wickets left and only a 4% WinViz chance.",417fde85-59b9-4179-9684-bf5eecc6ef6b,244546,"Hong Kong v Oman at Nisshin, Asian Games Men's Cricket Competition, 25 Sep 2026",9387,Asian Games Men's Cricket Competition,2026,"Korogi Sports Park, Nisshin",Twenty20 international,2026-09-25,30582.0,Sufyan Mehmood,left,69729.0,Ghazanfar Mohammad,right,509.0,Hong Kong,leg break,4.0,spin,2026-09-25 02:59:08,,,,,,,,107372088.0,190.0,80.0,133.0,6.0,1.0,1.0,False,False,True,False,,,,back of a length,,,pull,,,deep square leg,Nasrulla Rana,,,,keyword,1,,False,False,False,False,False,False,False,False,False,
2,109,Oman,OMN,5,15,Ehsan Khan,6,0,0,58/6,6.00,14.01,14.1,0,0,"Khan to Mehmood, no run",Ehsan Khan takes the ball for their 2nd spell,"Ehsan Khan sends down an off break on off stump, a length ball that Sufyan Mehmood defends back to the bowler for a dot ball.",417fde85-59b9-4179-9684-bf5eecc6ef6b,244546,"Hong Kong v Oman at Nisshin, Asian Games Men's Cricket Competition, 25 Sep 2026",9387,Asian Games Men's Cricket Competition,2026,"Korogi Sports Park, Nisshin",Twenty20 international,2026-09-25,,,,,,,,,,,,,,,,,,,,,,,,,,,False,False,False,False,,,,length ball,off stump,,,,,bowler,,,,,keyword,0,,False,False,False,False,False,False,False,False,True,
2,109,Oman,OMN,5,15,Ehsan Khan,6,0,0,58/6,6.00,14.02,14.2,0,0,"Khan to Mehmood, no run",,"Ehsan Khan fires in an off break down the leg side, a length ball that Sufyan Mehmood tries to slog but picks out mid-on. Ehsan Khan completes the fielding, and it is a dot ball.",417fde85-59b9-4179-9684-bf5eecc6ef6b,244546,"Hong Kong v Oman at Nisshin, Asian Games Men's Cricket Competition, 25 Sep 2026",9387,Asian Games Men's Cricket Competition,2026,"Korogi Sports Park, Nisshin",Twenty20 international,2026-09-25,,,,,,,,,,,,,,,,,,,,,,,,,,,False,False,False,False,,,,length ball,down the leg side,,slog,,,,,,,,keyword,0,,False,False,False,False,False,False,False,False,True,
2,109,Oman,OMN,5,15,Ehsan Khan,6,0,0,58/6,6.00,14.03,14.3,1,1,"Khan to Mehmood, 1 run",,"Ehsan Khan fires in an off break on middle stump, back of a length, and Sufyan Mehmood pulls it away for a single.",417fde85-59b9-4179-9684-bf5eecc6ef6b,244546,"Hong Kong v Oman at Nisshin, Asian Games Men's Cricket Competition, 25 Sep 2026",9387,Asian Games Men's Cricket Competition,2026,"Korogi Sports Park, Nisshin",Twenty20 international,2026-09-25,30582.0,Sufyan Mehmood,left,47278.0,Ehsan Khan,right,509.0,Hong Kong,off break,3.0,spin,2026-09-25 03:00:47,,,,,,,,107372091.0,137.0,30.0,49.0,7.0,1.0,1.0,False,False,True,False,,,,back of a length,middle stump,,pull,,,,,,,,keyword,1,,False,False,False,False,False,False,False,False,False,
2,109,Oman,OMN,5,15,Ehsan Khan,6,0,0,58/6,6.00,14.04,14.4,1,1,"Khan to Kankaz, 1 run",,"The off break is back of a length outside off, and Abduljalil Kankaz pulls it out to deep square leg for a single, fielded by Hafeez Khan. Abduljalil Kankaz gets off the mark.",417fde85-59b9-4179-9684-bf5eecc6ef6b,244546,"Hong Kong v Oman at Nisshin, Asian Games Men's Cricket Competition, 25 Sep 2026",9387,Asian Games Men's Cricket Competition,2026,"Korogi Sports Park, Nisshin",Twenty20 international,2026-09-25,102321.0,Abduljalil Kankaz,right,47278.0,Ehsan Khan,right,509.0,Hong Kong,off break,3.0,spin,2026-09-25 03:01:17,,,,,,,,107372092.0,330.0,80.0,144.0,3.0,1.0,1.0,False,False,True,False,,,,back of a length,outside off,,pull,,,deep square leg,Hafeez Khan,,,,keyword,1,,False,False,False,False,False,False,False,False,False,
2,109,Oman,OMN,5,15,Ehsan Khan,6,0,0,58/6,6.00,14.05,14.5,4,4,"Khan to Mehmood, 4 runs",,"The off break lands back of a length on off stump. Sufyan Mehmood opens the face late, steering it through third man for four.",417fde85-59b9-4179-9684-bf5eecc6ef6b,244546,"Hong Kong v Oman at Nisshin, Asian Games Men's Cricket Competition, 25 Sep 2026",9387,Asian Games Men's Cricket Competition,2026,"Korogi Sports Park, Nisshin",Twenty20 international,2026-09-25,30582.0,Sufyan Mehmood,left,47278.0,Ehsan Khan,right,509.0,Hong Kong,off break,3.0,spin,2026-09-25 03:01:43,,,,,,,,107372093.0,44.0,100.0,163.0,2.0,4.0,4.0,False,False,True,False,,,,back of a length,off stump,,steer,,,third man,,,,,keyword,4,,False,False,False,False,False,False,True,False,False,
2,109,Oman,OMN,5,15,Ehsan Khan,6,0,0,58/6,6.00,14.06,14.6,0,0,"Khan to Mehmood, no run",,"An off break on a length outside off, Sufyan Mehmood attempts a defensive shot but misses, and it carries through to the wicketkeeper for a dot ball. Oman need 64 from 30 balls at 12.8 an over with four wickets left, and WinViz gives them just a 4% chance.",417fde85-59b9-4179-9684-bf5eecc6ef6b,244546,"Hong Kong v Oman at Nisshin, Asian Games Men's Cricket Competition, 25 Sep 2026",9387,Asian Games Men's Cricket Competition,2026,"Korogi Sports Park, Nisshin",Twenty20 international,2026-09-25,,,,,,,,,,,,,,,,,,,,,,,,,,,False,False,False,False,,,,,outside off,,,,,wicketkeeper,,,,,keyword,0,,False,False,False,False,False,False,False,False,True,
2,109,Oman,OMN,5,16,Ghazanfar Mohammad,2,0,0,60/6,2.00,15.01,15.1,0,0,"Mohammad to Kankaz, no run",Ghazanfar Mohammad continues their spell,"Ghazanfar Mohammad delivers a length ball on middle stump, and Abduljalil Kankaz drives it firmly towards cover, where Shiv Mathur fields cleanly. A dot ball.",417fde85-59b9-4179-9684-bf5eecc6ef6b,244546,"Hong Kong v Oman at Nisshin, Asian Games Men's Cricket Competition, 25 Sep 2026",9387,Asian Games Men's Cricket Competition,2026,"Korogi Sports Park, Nisshin",Twenty20 international,2026-09-25,,,,,,,,,,,,,,,,,,,,,,,,,,,False,False,False,False,,,,length ball,middle stump,,drive,,,cover,,,,,keyword,0,,False,False,False,False,False,False,False,False,True,
2,109,Oman,OMN,5,16,Ghazanfar Mohammad,2,0,0,60/6,2.00,15.02,15.2,0,0,"Mohammad to Kankaz, no run",,"Ghazanfar Mohammad tosses up a leg-spinner outside off, back of a length, and Abduljalil Kankaz cuts but mistimes it straight to the fielders. A dot ball.",417fde85-59b9-4179-9684-bf5eecc6ef6b,244546,"Hong Kong v Oman at Nisshin, Asian Games Men's Cricket Competition, 25 Sep 2026",9387,Asian Games Men's Cricket Competition,2026,"Korogi Sports Park, Nisshin",Twenty20 international,2026-09-25,,,,,,,,,,,,,,,,,,,,,,,,,,,False,False,False,False,,,,back of a length,outside off,,cut,,,,,,,,keyword,0,,False,False,False,False,False,False,False,False,True,
2,109,Oman,OMN,5,16,Ghazanfar Mohammad,2,0,0,60/6,2.00,15.03,15.3,0,0,"Mohammad to Kankaz, no run",,"The leg spinner drifts outside off on a back-of-a-length line, and Abduljalil Kankaz tries to cut but finds no run.",417fde85-59b9-4179-9684-bf5eecc6ef6b,244546,"Hong Kong v Oman at Nisshin, Asian Games Men's Cricket Competition, 25 Sep 2026",9387,Asian Games Men's Cricket Competition,2026,"Korogi Sports Park, Nisshin",Twenty20 international,2026-09-25,,,,,,,,,,,,,,,,,,,,,,,,,,,False,False,False,False,,,,,outside off,,cut,,,,,,,,keyword,0,,False,False,False,False,False,False,False,False,True,
2,109,Oman,OMN,5,16,Ghazanfar Mohammad,2,0,0,60/6,2.00,15.04,15.4,1,1,"Mohammad to Kankaz, 1 run",,"Ghazanfar Mohammad tosses up a leg-spinner outside off, back of a length, and Abduljalil Kankaz gets a top edge on the slog-sweep. It flies towards third man, where Nasrulla Rana fields it, and they take a single.",417fde85-59b9-4179-9684-bf5eecc6ef6b,244546,"Hong Kong v Oman at Nisshin, Asian Games Men's Cricket Competition, 25 Sep 2026",9387,Asian Games Men's Cricket Competition,2026,"Korogi Sports Park, Nisshin",Twenty20 international,2026-09-25,102321.0,Abduljalil Kankaz,right,69729.0,Ghazanfar Mohammad,right,509.0,Hong Kong,leg break,4.0,spin,2026-09-25 03:04:33,,,,,,,,107372098.0,98.0,70.0,112.0,8.0,1.0,1.0,False,False,True,False,,,,back of a length,outside off,,slog sweep,,,third man,,,,,keyword,1,,False,False,False,False,False,False,False,False,False,
2,109,Oman,OMN,5,16,Ghazanfar Mohammad,2,0,0,60/6,2.00,15.05,15.5,1,1,"Mohammad to Mehmood, 1 run",,"Ghazanfar Mohammad flights a leg-spinner outside off on a back-of-a-length line. Sufyan Mehmood pushes it into the covers for a single, but Shiv Mathur’s throw comes in as the batters make it safely.",417fde85-59b9-4179-9684-bf5eecc6ef6b,244546,"Hong Kong v Oman at Nisshin, Asian Games Men's Cricket Competition, 25 Sep 2026",9387,Asian Games Men's Cricket Competition,2026,"Korogi Sports Park, Nisshin",Twenty20 international,2026-09-25,30582.0,Sufyan Mehmood,left,69729.0,Ghazanfar Mohammad,right,509.0,Hong Kong,leg break,4.0,spin,2026-09-25 03:05:08,,,,,,,,107372099.0,345.0,30.0,54.0,3.0,1.0,1.0,False,False,True,False,,,,,outside off,,push,,,,,,,,keyword,1,,False,False,False,False,False,False,False,False,False,
2,109,Oman,OMN,5,16,Ghazanfar Mohammad,2,0,0,60/6,2.00,15.06,15.6,0,0,"Mohammad to Kankaz, no run",,"A leg spinner sits back of a length outside off, and Abduljalil Kankaz attempts the pull but misses. Shahid Wasif gathers cleanly behind the stumps, a dot ball. Oman need 62 from 24 balls with four wickets left, facing a required rate of 15.5 and just a 2% chance of victory.",417fde85-59b9-4179-9684-bf5eecc6ef6b,244546,"Hong Kong v Oman at Nisshin, Asian Games Men's Cricket Competition, 25 Sep 2026",9387,Asian Games Men's Cricket Competition,2026,"Korogi Sports Park, Nisshin",Twenty20 international,2026-09-25,,,,,,,,,,,,,,,,,,,,,,,,,,,False,False,False,False,,,,back of a length,outside off,,pull,,,,,,,,keyword,0,,False,False,False,False,False,False,False,False,True,
2,109,Oman,OMN,5,17,Ehsan Khan,8,0,0,68/6,8.00,16.01,16.1,2,2,"Khan to Mehmood, 2 runs",Ehsan Khan continues their spell,"Ehsan Khan bowls to Sufyan Mehmood, who takes two runs for Oman.",417fde85-59b9-4179-9684-bf5eecc6ef6b,244546,"Hong Kong v Oman at Nisshin, Asian Games Men's Cricket Competition, 25 Sep 2026",9387,Asian Games Men's Cricket Competition,2026,"Korogi Sports Park, Nisshin",Twenty20 international,2026-09-25,,,,,,,,,,,,,,,,,,,,,,,,,,,False,False,False,False,,,,,,,,,,,,,,,none,2,,False,False,False,False,False,False,False,False,False,
2,109,Oman,OMN,5,17,Ehsan Khan,8,0,0,68/6,8.00,16.02,16.2,1,1,"Khan to Mehmood, 1 run",,"Ehsan Khan fires in an off break back of a length outside off, and Sufyan Mehmood opens the face for a late cut behind point. Shiv Mathur fields, but they take a single.",417fde85-59b9-4179-9684-bf5eecc6ef6b,244546,"Hong Kong v Oman at Nisshin, Asian Games Men's Cricket Competition, 25 Sep 2026",9387,Asian Games Men's Cricket Competition,2026,"Korogi Sports Park, Nisshin",Twenty20 international,2026-09-25,30582.0,Sufyan Mehmood,left,47278.0,Ehsan Khan,right,509.0,Hong Kong,off break,3.0,spin,2026-09-25 03:06:53,,,,,,,,107372102.0,19.0,30.0,49.0,2.0,1.0,1.0,False,False,True,False,,,,back of a length,outside off,,late cut,,,point,,,,,keyword,1,,False,False,False,False,False,False,False,False,False,
2,109,Oman,OMN,5,17,Ehsan Khan,8,0,0,68/6,8.00,16.03,16.3,0,0,"Khan to Kankaz, no run",,"An off break yorker outside off, driven firmly but straight to Anshuman Rath at extra cover. No run.",417fde85-59b9-4179-9684-bf5eecc6ef6b,244546,"Hong Kong v Oman at Nisshin, Asian Games Men's Cricket Competition, 25 Sep 2026",9387,Asian Games Men's Cricket Competition,2026,"Korogi Sports Park, Nisshin",Twenty20 international,2026-09-25,,,,,,,,,,,,,,,,,,,,,,,,,,,False,False,False,False,,,,yorker,outside off,,drive,,,extra cover,,,,,keyword,0,,False,False,False,False,False,False,False,False,True,
2,109,Oman,OMN,5,17,Ehsan Khan,8,0,0,68/6,8.00,16.04,16.4,4,4,"Khan to Kankaz, 4 runs",,The off break is short and wide outside off. Abduljalil Kankaz rocks back and drives crisply through cover for four.,417fde85-59b9-4179-9684-bf5eecc6ef6b,244546,"Hong Kong v Oman at Nisshin, Asian Games Men's Cricket Competition, 25 Sep 2026",9387,Asian Games Men's Cricket Competition,2026,"Korogi Sports Park, Nisshin",Twenty20 international,2026-09-25,102321.0,Abduljalil Kankaz,right,47278.0,Ehsan Khan,right,509.0,Hong Kong,off break,3.0,spin,2026-09-25 03:07:45,,,,,,,,107372104.0,195.0,100.0,173.0,6.0,4.0,4.0,False,False,True,False,,,,short,wide outside off,,drive,,,cover,,,,,keyword,4,,False,False,False,False,False,False,True,False,False,
2,109,Oman,OMN,5,17,Ehsan Khan,8,0,0,68/6,8.00,16.05,16.5,0,0,"Khan to Kankaz, no run",,"Ehsan Khan tosses up an off-break outside off on a back-of-a-length line. Abduljalil Kankaz attempts a flick, but gloves it awkwardly towards backward square leg, where Shahid Wasif fields cleanly for a dot ball.",417fde85-59b9-4179-9684-bf5eecc6ef6b,244546,"Hong Kong v Oman at Nisshin, Asian Games Men's Cricket Competition, 25 Sep 2026",9387,Asian Games Men's Cricket Competition,2026,"Korogi Sports Park, Nisshin",Twenty20 international,2026-09-25,,,,,,,,,,,,,,,,,,,,,,,,,,,False,False,False,False,,,,,outside off,,flick,,,backward square leg,,,,,keyword,0,,False,False,False,False,False,False,False,False,True,
2,109,Oman,OMN,5,17,Ehsan Khan,8,0,0,68/6,8.00,16.06,16.6,1,1,"Khan to Kankaz, 1 run",,"Ehsan Khan tosses up an off break on off stump, back of a length, and Abduljalil Kankaz works it behind square for a single, fielded by Shahid Wasif. Oman need 54 from 18 balls at 18 an over with four wickets left, and WinViz gives them just a 1% chance.",417fde85-59b9-4179-9684-bf5eecc6ef6b,244546,"Hong Kong v Oman at Nisshin, Asian Games Men's Cricket Competition, 25 Sep 2026",9387,Asian Games Men's Cricket Competition,2026,"Korogi Sports Park, Nisshin",Twenty20 international,2026-09-25,102321.0,Abduljalil Kankaz,right,47278.0,Ehsan Khan,right,509.0,Hong Kong,off break,3.0,spin,2026-09-25 03:08:41,,,,,,,,107372106.0,6.0,20.0,38.0,2.0,1.0,1.0,False,False,True,False,,,,back of a length,off stump,,work,,,,Shahid Wasif,,,,keyword,1,,False,False,False,False,False,False,False,False,False,
2,109,Oman,OMN,5,18,N Rana,3,1,0,71/6,2.00,17.01,17.0,1,1ʷᵈ,"Rana to Kankaz, 1 run (wide)",Nasrulla Rana takes the ball for their 2nd spell,"A wide is called as the back-of-a-length ball passes on middle, and the attempted flick is missed down the leg side. Shahid Wasif gathers cleanly behind the stumps, one extra to Hong Kong.",417fde85-59b9-4179-9684-bf5eecc6ef6b,244546,"Hong Kong v Oman at Nisshin, Asian Games Men's Cricket Competition, 25 Sep 2026",9387,Asian Games Men's Cricket Competition,2026,"Korogi Sports Park, Nisshin",Twenty20 international,2026-09-25,,,,,,,,,,,,,,,,,,,,,,,,,,,False,False,False,False,,,,length ball,down the leg side,,flick,,,,,,,,keyword,1,wide,False,True,False,False,False,False,False,False,False,
2,109,Oman,OMN,5,18,N Rana,3,1,0,71/6,2.00,17.02,17.1,1,1,"Rana to Kankaz, 1 run",,"A length ball outside off is worked into the deep, and Abduljalil Kankaz collects a single as Babar Hayat fields at long on.",417fde85-59b9-4179-9684-bf5eecc6ef6b,244546,"Hong Kong v Oman at Nisshin, Asian Games Men's Cricket Competition, 25 Sep 2026",9387,Asian Games Men's Cricket Competition,2026,"Korogi Sports Park, Nisshin",Twenty20 international,2026-09-25,102321.0,Abduljalil Kankaz,right,72222.0,N Rana,right,509.0,Hong Kong,right pace,2.0,pace,2026-09-25 03:10:29,,,,,,,,107372108.0,281.0,55.0,100.0,4.0,1.0,1.0,False,False,True,False,,,,length ball,outside off,,work,,,long on,,,,,keyword,1,,False,False,False,False,False,False,False,False,False,
2,109,Oman,OMN,5,18,N Rana,3,1,0,71/6,2.00,17.03,17.2,1,1,"Rana to Mehmood, 1 run",,Sufyan Mehmood steers the back-of-a-length ball on middle stump into space for a single.,417fde85-59b9-4179-9684-bf5eecc6ef6b,244546,"Hong Kong v Oman at Nisshin, Asian Games Men's Cricket Competition, 25 Sep 2026",9387,Asian Games Men's Cricket Competition,2026,"Korogi Sports Park, Nisshin",Twenty20 international,2026-09-25,30582.0,Sufyan Mehmood,left,72222.0,N Rana,right,509.0,Hong Kong,right pace,2.0,pace,2026-09-25 03:11:08,,,,,,,,107372109.0,65.0,70.0,117.0,1.0,1.0,1.0,False,False,True,False,,,,length ball,middle stump,,steer,,,,,,,,keyword,1,,False,False,False,False,False,False,False,False,False,
2,109,Oman,OMN,5,18,N Rana,3,1,0,71/6,2.00,17.04,17.3,0,0,"Rana to Kankaz, no run",,"A short ball outside off is gloved defensively by Abduljalil Kankaz, and Nasrulla Rana fields it himself for a dot ball.",417fde85-59b9-4179-9684-bf5eecc6ef6b,244546,"Hong Kong v Oman at Nisshin, Asian Games Men's Cricket Competition, 25 Sep 2026",9387,Asian Games Men's Cricket Competition,2026,"Korogi Sports Park, Nisshin",Twenty20 international,2026-09-25,,,,,,,,,,,,,,,,,,,,,,,,,,,False,False,False,False,,,,short,outside off,,,,,,,,,,keyword,0,,False,False,False,False,False,False,False,False,True,
2,109,Oman,OMN,5,18,N Rana,3,1,0,71/6,2.00,17.05,17.4,0,0,"Rana to Kankaz, no run",,"Nasrulla Rana angles it outside off on a back-of-a-length line. Abduljalil Kankaz drives firmly, but picks out Shiv Mathur at cover for a dot ball.",417fde85-59b9-4179-9684-bf5eecc6ef6b,244546,"Hong Kong v Oman at Nisshin, Asian Games Men's Cricket Competition, 25 Sep 2026",9387,Asian Games Men's Cricket Competition,2026,"Korogi Sports Park, Nisshin",Twenty20 international,2026-09-25,,,,,,,,,,,,,,,,,,,,,,,,,,,False,False,False,False,,,,,outside off,,drive,,,cover,,,,,keyword,0,,False,False,False,False,False,False,False,False,True,
2,109,Oman,OMN,5,18,N Rana,3,1,0,71/6,2.00,17.06,17.5,0,0,"Rana to Kankaz, no run",,"Short and outside off, Abduljalil Kankaz shoulders arms and lets it pass through to the wicketkeeper for another dot ball.",417fde85-59b9-4179-9684-bf5eecc6ef6b,244546,"Hong Kong v Oman at Nisshin, Asian Games Men's Cricket Competition, 25 Sep 2026",9387,Asian Games Men's Cricket Competition,2026,"Korogi Sports Park, Nisshin",Twenty20 international,2026-09-25,,,,,,,,,,,,,,,,,,,,,,,,,,,False,False,False,False,,,,short,outside off,,shoulders arms,,,wicketkeeper,,,,,keyword,0,,False,False,False,False,False,False,False,False,True,
2,109,Oman,OMN,5,18,N Rana,3,1,0,71/6,2.00,17.07,17.6,0,0,"Rana to Kankaz, no run",,"Back of a length outside off, Abduljalil Kankaz drives firmly but finds Shiv Mathur at cover, and it is another dot ball. Oman need 51 from 12 balls at 25.5 an over, with four wickets left, and WinViz gives them no chance.",417fde85-59b9-4179-9684-bf5eecc6ef6b,244546,"Hong Kong v Oman at Nisshin, Asian Games Men's Cricket Competition, 25 Sep 2026",9387,Asian Games Men's Cricket Competition,2026,"Korogi Sports Park, Nisshin",Twenty20 international,2026-09-25,,,,,,,,,,,,,,,,,,,,,,,,,,,False,False,False,False,,,,back of a length,outside off,,drive,,,cover,,,,,keyword,0,,False,False,False,False,False,False,False,False,True,
2,109,Oman,OMN,5,19,Yasim Murtaza,2,0,0,73/6,2.00,18.01,18.1,0,0,"Murtaza to Mehmood, no run",Yasim Murtaza takes the ball for their 2nd spell,"Yasim Murtaza sends down a length stock ball outside off. Sufyan Mehmood attempts a glance but misses, and the wicketkeeper Shahid Wasif gathers cleanly for a dot ball.",417fde85-59b9-4179-9684-bf5eecc6ef6b,244546,"Hong Kong v Oman at Nisshin, Asian Games Men's Cricket Competition, 25 Sep 2026",9387,Asian Games Men's Cricket Competition,2026,"Korogi Sports Park, Nisshin",Twenty20 international,2026-09-25,,,,,,,,,,,,,,,,,,,,,,,,,,,False,False,False,False,,,,,outside off,,glance,,,,,,,,keyword,0,,False,False,False,False,False,False,False,False,True,
2,109,Oman,OMN,5,19,Yasim Murtaza,2,0,0,73/6,2.00,18.02,18.2,0,0,"Murtaza to Mehmood, no run",,"Yasim Murtaza sends down a stock ball back of a length outside off. Sufyan Mehmood swings hard, but it strikes his body and rolls through to wicketkeeper Shahid Wasif for no run.",417fde85-59b9-4179-9684-bf5eecc6ef6b,244546,"Hong Kong v Oman at Nisshin, Asian Games Men's Cricket Competition, 25 Sep 2026",9387,Asian Games Men's Cricket Competition,2026,"Korogi Sports Park, Nisshin",Twenty20 international,2026-09-25,,,,,,,,,,,,,,,,,,,,,,,,,,,False,False,False,False,,,,back of a length,outside off,,,,,wicketkeeper,,,,,keyword,0,,False,False,False,False,False,False,False,False,True,
2,109,Oman,OMN,5,19,Yasim Murtaza,2,0,0,73/6,2.00,18.03,18.3,1,1,"Murtaza to Mehmood, 1 run",,"Yasim Murtaza bowls a stock ball back of a length outside off, and Sufyan Mehmood flicks it away for a single, neatly fielded by Ghazanfar Mohammad at short fine leg.",417fde85-59b9-4179-9684-bf5eecc6ef6b,244546,"Hong Kong v Oman at Nisshin, Asian Games Men's Cricket Competition, 25 Sep 2026",9387,Asian Games Men's Cricket Competition,2026,"Korogi Sports Park, Nisshin",Twenty20 international,2026-09-25,30582.0,Sufyan Mehmood,left,21345.0,Yasim Murtaza,left,509.0,Hong Kong,left orthodox,5.0,spin,2026-09-25 03:15:09,,,,,,,,107372116.0,137.0,25.0,42.0,7.0,1.0,1.0,False,False,True,False,,,,back of a length,outside off,,flick,,,short fine leg,Ghazanfar Mohammad at short fine leg,,,,keyword,1,,False,False,False,False,False,False,False,False,False,
2,109,Oman,OMN,5,19,Yasim Murtaza,2,0,0,73/6,2.00,18.04,18.4,0,0,"Murtaza to Kankaz, no run",,"The stock ball is back of a length outside off, and Abduljalil Kankaz attempts a slog-sweep but misses completely. Shahid Wasif gathers safely behind the stumps, a dot ball.",417fde85-59b9-4179-9684-bf5eecc6ef6b,244546,"Hong Kong v Oman at Nisshin, Asian Games Men's Cricket Competition, 25 Sep 2026",9387,Asian Games Men's Cricket Competition,2026,"Korogi Sports Park, Nisshin",Twenty20 international,2026-09-25,,,,,,,,,,,,,,,,,,,,,,,,,,,False,False,False,False,,,,back of a length,outside off,,slog sweep,,,,,,,,keyword,0,,False,False,False,False,False,False,False,False,True,
2,109,Oman,OMN,5,19,Yasim Murtaza,2,0,0,73/6,2.00,18.05,18.5,0,0,"Murtaza to Kankaz, no run",,"Yasim Murtaza sends down a length stock ball wide outside off. Abduljalil Kankaz shapes for the late cut, but finds Ghazanfar Mohammad at gully for a dot ball.",417fde85-59b9-4179-9684-bf5eecc6ef6b,244546,"Hong Kong v Oman at Nisshin, Asian Games Men's Cricket Competition, 25 Sep 2026",9387,Asian Games Men's Cricket Competition,2026,"Korogi Sports Park, Nisshin",Twenty20 international,2026-09-25,,,,,,,,,,,,,,,,,,,,,,,,,,,False,False,False,False,,,,,wide outside off,,late cut,,,gully,,,,,keyword,0,,False,False,False,False,False,False,False,False,True,
2,109,Oman,OMN,5,19,Yasim Murtaza,2,0,0,73/6,2.00,18.06,18.6,1,1,"Murtaza to Kankaz, 1 run",,"Yasim Murtaza sends down a stock ball back of a length outside off. Abduljalil Kankaz slogs across the line, but the uncontrolled hit is dropped by Hafeez Khan at deep square leg, allowing a single. Oman need 49 from the final six balls with four wickets in hand, and WinViz gives them no chance.",417fde85-59b9-4179-9684-bf5eecc6ef6b,244546,"Hong Kong v Oman at Nisshin, Asian Games Men's Cricket Competition, 25 Sep 2026",9387,Asian Games Men's Cricket Competition,2026,"Korogi Sports Park, Nisshin",Twenty20 international,2026-09-25,102321.0,Abduljalil Kankaz,right,21345.0,Yasim Murtaza,left,509.0,Hong Kong,left orthodox,5.0,spin,2026-09-25 03:16:19,,,,,,,,107372119.0,335.0,75.0,133.0,3.0,1.0,1.0,False,False,True,False,,,,back of a length,outside off,,drop,,uncontrolled,deep square leg,,,,,keyword,1,,False,False,False,False,False,False,False,False,False,
2,109,Oman,OMN,5,20,N Rana,7,1,0,80/6,5.14,19.01,19.1,0,0,"Rana to Kankaz, no run",Nasrulla Rana continues their spell,"Back of a length outside off, Abduljalil Kankaz pushes it towards cover, where Ehsan Khan fields cleanly. No run.",417fde85-59b9-4179-9684-bf5eecc6ef6b,244546,"Hong Kong v Oman at Nisshin, Asian Games Men's Cricket Competition, 25 Sep 2026",9387,Asian Games Men's Cricket Competition,2026,"Korogi Sports Park, Nisshin",Twenty20 international,2026-09-25,,,,,,,,,,,,,,,,,,,,,,,,,,,False,False,False,False,,,,back of a length,outside off,,push,,,cover,,,,,keyword,0,,False,False,False,False,False,False,False,False,True,
2,109,Oman,OMN,5,20,N Rana,7,1,0,80/6,5.14,19.02,19.2,0,0,"Rana to Kankaz, no run",,"Back of a length outside off, Abduljalil Kankaz attempts a slog but misses completely. Shahid Wasif gathers it cleanly behind the stumps for a dot ball.",417fde85-59b9-4179-9684-bf5eecc6ef6b,244546,"Hong Kong v Oman at Nisshin, Asian Games Men's Cricket Competition, 25 Sep 2026",9387,Asian Games Men's Cricket Competition,2026,"Korogi Sports Park, Nisshin",Twenty20 international,2026-09-25,,,,,,,,,,,,,,,,,,,,,,,,,,,False,False,False,False,,,,back of a length,outside off,,slog,,,,,,,,keyword,0,,False,False,False,False,False,False,False,False,True,
2,109,Oman,OMN,5,20,N Rana,7,1,0,80/6,5.14,19.03,19.3,0,0,"Rana to Kankaz, no run",,"A short ball outside off tempts Abduljalil Kankaz into an attempted cut, but he misses through to the wicketkeeper for a dot ball.",417fde85-59b9-4179-9684-bf5eecc6ef6b,244546,"Hong Kong v Oman at Nisshin, Asian Games Men's Cricket Competition, 25 Sep 2026",9387,Asian Games Men's Cricket Competition,2026,"Korogi Sports Park, Nisshin",Twenty20 international,2026-09-25,,,,,,,,,,,,,,,,,,,,,,,,,,,False,False,False,False,,,,short,outside off,,cut,,,wicketkeeper,,,,,keyword,0,,False,False,False,False,False,False,False,False,True,
2,109,Oman,OMN,5,20,N Rana,7,1,0,80/6,5.14,19.04,19.4,0,0,"Rana to Kankaz, no run",,"A short ball wide outside off, and Abduljalil Kankaz attempts a slog but misses completely. Shahid Wasif gathers cleanly behind the stumps, another dot ball.",417fde85-59b9-4179-9684-bf5eecc6ef6b,244546,"Hong Kong v Oman at Nisshin, Asian Games Men's Cricket Competition, 25 Sep 2026",9387,Asian Games Men's Cricket Competition,2026,"Korogi Sports Park, Nisshin",Twenty20 international,2026-09-25,,,,,,,,,,,,,,,,,,,,,,,,,,,False,False,False,False,,,,short,wide outside off,,slog,,,,,,,,keyword,0,,False,False,False,False,False,False,False,False,True,
2,109,Oman,OMN,5,20,N Rana,7,1,0,80/6,5.14,19.05,19.5,6,6,"Rana to Kankaz, 6 runs",,"Back of a length outside off, and Abduljalil Kankaz swings hard, sending it soaring over mid wicket for six.",417fde85-59b9-4179-9684-bf5eecc6ef6b,244546,"Hong Kong v Oman at Nisshin, Asian Games Men's Cricket Competition, 25 Sep 2026",9387,Asian Games Men's Cricket Competition,2026,"Korogi Sports Park, Nisshin",Twenty20 international,2026-09-25,102321.0,Abduljalil Kankaz,right,72222.0,N Rana,right,509.0,Hong Kong,right pace,2.0,pace,2026-09-25 03:19:52,,,,,,,,107372124.0,313.0,100.0,177.0,4.0,6.0,6.0,False,False,True,False,,,,back of a length,outside off,,,,,mid wicket,,,,,keyword,6,,False,False,False,False,False,False,False,True,False,
2,109,Oman,OMN,5,20,N Rana,7,1,0,80/6,5.14,19.06,19.5,1,1ⁿᵇ,"Rana to Kankaz, 1 run (no ball)",,"A length ball outside off, Abduljalil Kankaz drives and gets a thick edge towards backward point, where Nizakat Khan fields. It is called a front-foot no-ball, with no run off the bat and one extra conceded.",417fde85-59b9-4179-9684-bf5eecc6ef6b,244546,"Hong Kong v Oman at Nisshin, Asian Games Men's Cricket Competition, 25 Sep 2026",9387,Asian Games Men's Cricket Competition,2026,"Korogi Sports Park, Nisshin",Twenty20 international,2026-09-25,,,,,,,,,,,,,,,,,,,,,,,,,,,False,False,False,False,,,,length ball,outside off,,drive,,,backward point,,,,,keyword,1,no ball,False,False,True,False,False,False,False,False,False,
2,109,Oman,OMN,5,20,N Rana,7,1,0,80/6,5.14,19.07,19.6,0,0,"Rana to Kankaz, no run",,"This free hit is short and outside off, Abduljalil Kankaz attempts a pull but misses completely, and the wicketkeeper gathers cleanly for a dot ball. Hong Kong seal a convincing 41-run victory.",417fde85-59b9-4179-9684-bf5eecc6ef6b,244546,"Hong Kong v Oman at Nisshin, Asian Games Men's Cricket Competition, 25 Sep 2026",9387,Asian Games Men's Cricket Competition,2026,"Korogi Sports Park, Nisshin",Twenty20 international,2026-09-25,,,,,,,,,,,,,,,,,,,,,,,,,,,False,False,False,False,,,,short,outside off,,pull,,,,,,,,keyword,0,,False,False,False,False,False,False,False,False,True,
