innings_number,batting_team_id,batting_team_name,batting_team_abbreviation,innings_closure_id,over_number,over_bowler_name,runs_off_over,extras_off_over,wickets_off_over,team_score,run_rate,overs_unique,display_overs,runs,scoring,ball_summary_text,ball_pre_text,commentary,gid,match_id,match_name,comp_id,comp_name,comp_season,ground_name,class_name,start_date,batting_player_id,batting_player_name,batting_player_hand,bowling_player_id,bowling_player_name,bowling_player_hand,bowling_team_id,bowling_team_name,bowling_technique,bowling_type_id,bowling_type_simple,datetime_utc,bounce_position_x,bounce_position_y,length_zone,stumps_position_y,stumps_position_z,grid_x,grid_y,ball_id,field_direction,field_distance_percent,field_magnitude,field_zone,runs_off_bat,runs_conceded,has_pitchmap,has_beehive,has_wagon,in_catch_map,bowler_arm,delivery_type,delivery_variation,length,line,footwork,shot_type,shot_trajectory,shot_control,field_position,fielder_name,dismissal_type,dismissed_batter,dismissal_score,parse_method,runs_scored,extras_type,is_wicket,is_wide,is_no_ball,is_bye,is_leg_bye,is_penalty,is_boundary_four,is_boundary_six,is_dot,dismissal_source
1,3,South Africa,SA,1,1,Arshdeep Singh,1,0,1,1/1,1.00,0.01,0.1,1,1,"Singh to Kock, 1 run",Quinton de Kock and Reeza Hendricks head out to the middle. Arshdeep Singh takes the ball for their 1st spell,"Arshdeep Singh bowls a swinging ball outside off on length. Quinton de Kock pushes it softly, taking a trusty single. Quinton de Kock gets off the mark with a steady start.",974d7e6a-7dc3-4a17-ab2c-4daffc655d59,227568,"India v South Africa at Dharamsala, 3rd T20I, 14 Dec 2025",8599,South Africa in India,2025/26,"Himachal Pradesh Cricket Association Stadium, Dharamsala",Twenty20 international,2025-12-14,17614.0,Q de Kock,left,67190.0,Arshdeep Singh,left,6.0,India,left pace,1.0,pace,2025-12-14 13:31:26,5.985,0.277,3.0,0.509,0.671,3.0,1.0,106032040.0,23.0,90.0,146.0,2.0,1.0,1.0,True,True,True,False,,,,,outside off,,push,,,,,,,,keyword,1,,False,False,False,False,False,False,False,False,False,
1,3,South Africa,SA,1,1,Arshdeep Singh,1,0,1,1/1,1.00,0.02,0.2,0,0,"Singh to Hendricks, no run",,"Arshdeep Singh bowls a swinging delivery on leg stump, back of a length. Reeza Hendricks attempts a defensive shot but misses. No run added.",974d7e6a-7dc3-4a17-ab2c-4daffc655d59,227568,"India v South Africa at Dharamsala, 3rd T20I, 14 Dec 2025",8599,South Africa in India,2025/26,"Himachal Pradesh Cricket Association Stadium, Dharamsala",Twenty20 international,2025-12-14,10693.0,RR Hendricks,right,67190.0,Arshdeep Singh,left,6.0,India,left pace,1.0,pace,2025-12-14 13:32:23,8.569,0.216,4.0,-0.261,0.979,1.0,2.0,,,,,,,,True,True,False,False,,,,back of a length,leg stump,,,,,,,,,,keyword,0,,False,False,False,False,False,False,False,False,True,
1,3,South Africa,SA,1,1,Arshdeep Singh,1,0,1,1/1,1.00,0.03,0.3,0,0,"Singh to Hendricks, no run",,"Arshdeep Singh bowls a swinging ball on middle stump length. Reeza Hendricks defends but misses the shot, no run taken.",974d7e6a-7dc3-4a17-ab2c-4daffc655d59,227568,"India v South Africa at Dharamsala, 3rd T20I, 14 Dec 2025",8599,South Africa in India,2025/26,"Himachal Pradesh Cricket Association Stadium, Dharamsala",Twenty20 international,2025-12-14,10693.0,RR Hendricks,right,67190.0,Arshdeep Singh,left,6.0,India,left pace,1.0,pace,2025-12-14 13:33:00,7.266,0.087,4.0,-0.386,0.944,1.0,2.0,,,,,,,,True,True,False,False,,,,,middle stump,,,,,,,,,,keyword,0,,False,False,False,False,False,False,False,False,True,
1,3,South Africa,SA,1,1,Arshdeep Singh,1,0,1,1/1,1.00,0.04,0.4,0,W,"Singh to Hendricks, out!",,"Arshdeep Singh delivers a swinging-in length ball on middle stump. Reeza Hendricks defends but misses as the ball strikes his pads, resulting in a leg before wicket dismissal after a successful review. Reeza Hendricks is out for a duck off three balls. India's momentum surges, win probability climbing from 60% to 68% following the breakthrough.",974d7e6a-7dc3-4a17-ab2c-4daffc655d59,227568,"India v South Africa at Dharamsala, 3rd T20I, 14 Dec 2025",8599,South Africa in India,2025/26,"Himachal Pradesh Cricket Association Stadium, Dharamsala",Twenty20 international,2025-12-14,10693.0,RR Hendricks,right,67190.0,Arshdeep Singh,left,6.0,India,left pace,1.0,pace,2025-12-14 13:33:43,6.915,0.032,3.0,0.100,0.564,2.0,1.0,,,,,,,,True,True,False,False,,,,length ball,middle stump,,pad,,,,,lbw,,,keyword,0,,True,False,False,False,False,False,False,False,False,commentary
1,3,South Africa,SA,1,1,Arshdeep Singh,1,0,1,1/1,1.00,0.05,0.5,0,0,"Singh to Markram, no run",Aiden Markram heads to the crease. ,"Arshdeep Singh bowls a swinging away length ball down leg stump. Aiden Markram defends it steadily, resulting in no run.",974d7e6a-7dc3-4a17-ab2c-4daffc655d59,227568,"India v South Africa at Dharamsala, 3rd T20I, 14 Dec 2025",8599,South Africa in India,2025/26,"Himachal Pradesh Cricket Association Stadium, Dharamsala",Twenty20 international,2025-12-14,27774.0,AK Markram,right,67190.0,Arshdeep Singh,left,6.0,India,left pace,1.0,pace,2025-12-14 13:36:32,7.162,0.218,4.0,-0.138,0.705,2.0,1.0,,,,,,,,True,True,False,False,,,,length ball,leg stump,,,,,,,,,,keyword,0,,False,False,False,False,False,False,False,False,True,
1,3,South Africa,SA,1,1,Arshdeep Singh,1,0,1,1/1,1.00,0.06,0.6,0,0,"Singh to Markram, no run",,"Arshdeep Singh bowls a swinging away length ball on off stump. Aiden Markram leaves it alone, no run.",974d7e6a-7dc3-4a17-ab2c-4daffc655d59,227568,"India v South Africa at Dharamsala, 3rd T20I, 14 Dec 2025",8599,South Africa in India,2025/26,"Himachal Pradesh Cricket Association Stadium, Dharamsala",Twenty20 international,2025-12-14,27774.0,AK Markram,right,67190.0,Arshdeep Singh,left,6.0,India,left pace,1.0,pace,2025-12-14 13:37:04,7.105,-0.105,4.0,-0.591,0.921,1.0,2.0,,,,,,,,True,True,False,False,,,,length ball,off stump,,leave,,,,,,,,keyword,0,,False,False,False,False,False,False,False,False,True,
1,3,South Africa,SA,1,2,HP Rana,1,0,1,2/2,1.00,1.01,1.1,0,0,"Rana to Kock, no run",Harshit Rana takes the ball for their 1st spell,"Harshit Rana bowls a length ball on middle stump. Quinton de Kock works it with a neutral connection towards square leg, where Varun Chakravarthy fields it cleanly for no run.",974d7e6a-7dc3-4a17-ab2c-4daffc655d59,227568,"India v South Africa at Dharamsala, 3rd T20I, 14 Dec 2025",8599,South Africa in India,2025/26,"Himachal Pradesh Cricket Association Stadium, Dharamsala",Twenty20 international,2025-12-14,17614.0,Q de Kock,left,77153.0,HP Rana,right,6.0,India,right pace,1.0,pace,2025-12-14 13:38:11,5.915,0.087,3.0,-0.061,0.695,2.0,1.0,,,,,,,,True,True,False,False,,,,length ball,middle stump,,work,,,square leg,,,,,keyword,0,,False,False,False,False,False,False,False,False,True,
1,3,South Africa,SA,1,2,HP Rana,1,0,1,2/2,1.00,1.02,1.2,0,W,"Rana to Kock, out!",,"A length ball outside off stump delivered without movement. De Kock attempts a drive but misses, the ball striking his pad. He's adjudged lbw by the umpire. Early breakthrough as Quinton de Kock departs after scoring 1 run off 3 balls.",974d7e6a-7dc3-4a17-ab2c-4daffc655d59,227568,"India v South Africa at Dharamsala, 3rd T20I, 14 Dec 2025",8599,South Africa in India,2025/26,"Himachal Pradesh Cricket Association Stadium, Dharamsala",Twenty20 international,2025-12-14,17614.0,Q de Kock,left,77153.0,HP Rana,right,6.0,India,right pace,1.0,pace,2025-12-14 13:38:56,6.208,0.226,3.0,-0.135,0.716,2.0,1.0,,,,,,,,True,True,False,False,,,,length ball,outside off,,drive,,,,,lbw,,,keyword,0,,True,False,False,False,False,False,False,False,False,commentary
1,3,South Africa,SA,1,2,HP Rana,1,0,1,2/2,1.00,1.03,1.3,0,0,"Rana to Brevis, no run",Dewald Brevis heads to the crease. ,A swinging-in full toss outside off from Rana. Dewald Brevis attempts a drive but only manages a bat-pad connection for no run.,974d7e6a-7dc3-4a17-ab2c-4daffc655d59,227568,"India v South Africa at Dharamsala, 3rd T20I, 14 Dec 2025",8599,South Africa in India,2025/26,"Himachal Pradesh Cricket Association Stadium, Dharamsala",Twenty20 international,2025-12-14,75144.0,DT Brevis,right,77153.0,HP Rana,right,6.0,India,right pace,1.0,pace,2025-12-14 13:40:53,0.918,-0.304,1.0,-0.257,0.130,1.0,0.0,,,,,,,,True,True,False,False,,,,full toss,outside off,,drive,,,,,,,,keyword,0,,False,False,False,False,False,False,False,False,True,
1,3,South Africa,SA,1,2,HP Rana,1,0,1,2/2,1.00,1.04,1.4,0,0,"Rana to Brevis, no run",,"Harshit Rana bowls a swinging-in length ball outside off. Dewald Brevis pushes it with a neutral connection, and Suryakumar Yadav fields it at cover for no run.",974d7e6a-7dc3-4a17-ab2c-4daffc655d59,227568,"India v South Africa at Dharamsala, 3rd T20I, 14 Dec 2025",8599,South Africa in India,2025/26,"Himachal Pradesh Cricket Association Stadium, Dharamsala",Twenty20 international,2025-12-14,75144.0,DT Brevis,right,77153.0,HP Rana,right,6.0,India,right pace,1.0,pace,2025-12-14 13:41:37,6.140,-0.487,3.0,-0.144,0.738,2.0,1.0,,,,,,,,True,True,False,False,,,,length ball,outside off,,push,,,cover,,,,,keyword,0,,False,False,False,False,False,False,False,False,True,
1,3,South Africa,SA,1,2,HP Rana,1,0,1,2/2,1.00,1.05,1.5,0,0,"Rana to Brevis, no run",,Harshit Rana bowls a swinging length ball outside off. Dewald Brevis attempts a drive but misses. The ball is safely collected by wicketkeeper Jitesh Sharma. No run.,974d7e6a-7dc3-4a17-ab2c-4daffc655d59,227568,"India v South Africa at Dharamsala, 3rd T20I, 14 Dec 2025",8599,South Africa in India,2025/26,"Himachal Pradesh Cricket Association Stadium, Dharamsala",Twenty20 international,2025-12-14,75144.0,DT Brevis,right,77153.0,HP Rana,right,6.0,India,right pace,1.0,pace,2025-12-14 13:42:18,5.682,-0.775,3.0,-0.866,0.665,0.0,1.0,,,,,,,,True,True,False,False,,,,length ball,outside off,,drive,,,,,,,,keyword,0,,False,False,False,False,False,False,False,False,True,
1,3,South Africa,SA,1,2,HP Rana,1,0,1,2/2,1.00,1.06,1.6,1,1,"Rana to Brevis, 1 run",,Harshit Rana delivers a short ball outside off stump. Dewald Brevis mistimes a pull and manages to sneak through for a single. Dewald Brevis gets off the mark for South Africa.,974d7e6a-7dc3-4a17-ab2c-4daffc655d59,227568,"India v South Africa at Dharamsala, 3rd T20I, 14 Dec 2025",8599,South Africa in India,2025/26,"Himachal Pradesh Cricket Association Stadium, Dharamsala",Twenty20 international,2025-12-14,75144.0,DT Brevis,right,77153.0,HP Rana,right,6.0,India,right pace,1.0,pace,2025-12-14 13:43:02,10.929,-0.576,4.0,-0.007,1.546,2.0,3.0,106032083.0,7.0,40.0,70.0,2.0,1.0,1.0,True,True,True,False,,,,short,outside off,,pull,,,,,,,,keyword,1,,False,False,False,False,False,False,False,False,False,
1,3,South Africa,SA,1,3,Arshdeep Singh,5,0,0,7/2,5.00,2.01,2.1,0,0,"Singh to Brevis, no run",Arshdeep Singh continues their spell,Arshdeep Singh bowls a swinging away length ball on down leg. Dewald Brevis plays a solid defensive shot for no run.,974d7e6a-7dc3-4a17-ab2c-4daffc655d59,227568,"India v South Africa at Dharamsala, 3rd T20I, 14 Dec 2025",8599,South Africa in India,2025/26,"Himachal Pradesh Cricket Association Stadium, Dharamsala",Twenty20 international,2025-12-14,75144.0,DT Brevis,right,67190.0,Arshdeep Singh,left,6.0,India,left pace,1.0,pace,2025-12-14 13:44:31,7.592,0.308,4.0,-0.031,1.001,2.0,2.0,,,,,,,,True,True,False,False,,,,length ball,down leg,,,,,,,,,,keyword,0,,False,False,False,False,False,False,False,False,True,
1,3,South Africa,SA,1,3,Arshdeep Singh,5,0,0,7/2,5.00,2.02,2.2,1,1,"Singh to Brevis, 1 run",,"Arshdeep Singh bowls a length delivery on middle stump. Dewald Brevis pushes it off the bat-pad for one run to gully, fielded by Shubman Gill. India miss out as they lose a review for a leg before wicket appeal!",974d7e6a-7dc3-4a17-ab2c-4daffc655d59,227568,"India v South Africa at Dharamsala, 3rd T20I, 14 Dec 2025",8599,South Africa in India,2025/26,"Himachal Pradesh Cricket Association Stadium, Dharamsala",Twenty20 international,2025-12-14,75144.0,DT Brevis,right,67190.0,Arshdeep Singh,left,6.0,India,left pace,1.0,pace,2025-12-14 13:45:28,6.947,0.122,3.0,0.043,0.657,2.0,1.0,106032096.0,148.0,40.0,64.0,7.0,1.0,1.0,True,True,True,False,,,,,middle stump,,push,,,gully,Shubman Gill,,,,keyword,1,,False,False,False,False,False,False,False,False,False,
1,3,South Africa,SA,1,3,Arshdeep Singh,5,0,0,7/2,5.00,2.03,2.3,0,0,"Singh to Markram, no run",,"Over the wicket. Length ball, middle stump, back foot, backward defensive. No run.",974d7e6a-7dc3-4a17-ab2c-4daffc655d59,227568,"India v South Africa at Dharamsala, 3rd T20I, 14 Dec 2025",8599,South Africa in India,2025/26,"Himachal Pradesh Cricket Association Stadium, Dharamsala",Twenty20 international,2025-12-14,27774.0,AK Markram,right,67190.0,Arshdeep Singh,left,6.0,India,left pace,1.0,pace,2025-12-14 13:47:05,7.071,0.042,4.0,-0.275,0.824,1.0,1.0,,,,,,,,True,True,False,False,over the wicket,,,length ball,middle stump,back foot,backward defensive,,,,,,,,template_arm,0,,False,False,False,False,False,False,False,False,True,
1,3,South Africa,SA,1,3,Arshdeep Singh,5,0,0,7/2,5.00,2.04,2.4,0,0,"Singh to Markram, no run",,"Arshdeep Singh bowls a length ball outside off. Aiden Markram calmly drives it along the ground, well fielded by Suryakumar Yadav at extra cover for no run.",974d7e6a-7dc3-4a17-ab2c-4daffc655d59,227568,"India v South Africa at Dharamsala, 3rd T20I, 14 Dec 2025",8599,South Africa in India,2025/26,"Himachal Pradesh Cricket Association Stadium, Dharamsala",Twenty20 international,2025-12-14,27774.0,AK Markram,right,67190.0,Arshdeep Singh,left,6.0,India,left pace,1.0,pace,2025-12-14 13:47:43,7.112,-0.058,4.0,-0.350,0.850,1.0,1.0,,,,,,,,True,True,False,False,,,,length ball,outside off,,drive,along the ground,,extra cover,Suryakumar Yadav at extra cover for no run,,,,keyword,0,,False,False,False,False,False,False,False,False,True,
1,3,South Africa,SA,1,3,Arshdeep Singh,5,0,0,7/2,5.00,2.05,2.5,4,4,"Singh to Markram, 4 runs",,"Arshdeep Singh bowls a length ball on middle stump without any movement. Aiden Markram drives it well-timed and along the ground through long off for four. Markram gets off the mark with the innings' opening boundary, signaling the start of his innings.",974d7e6a-7dc3-4a17-ab2c-4daffc655d59,227568,"India v South Africa at Dharamsala, 3rd T20I, 14 Dec 2025",8599,South Africa in India,2025/26,"Himachal Pradesh Cricket Association Stadium, Dharamsala",Twenty20 international,2025-12-14,27774.0,AK Markram,right,67190.0,Arshdeep Singh,left,6.0,India,left pace,1.0,pace,2025-12-14 13:48:26,6.669,0.084,3.0,-0.199,0.772,2.0,1.0,106032101.0,263.0,100.0,180.0,5.0,4.0,4.0,True,True,True,False,,,,length ball,middle stump,,drive,along the ground,,long off,,,,,keyword,4,,False,False,False,False,False,False,True,False,False,
1,3,South Africa,SA,1,3,Arshdeep Singh,5,0,0,7/2,5.00,2.06,2.6,0,0,"Singh to Markram, no run",,Arshdeep Singh bowls a no movement ball on leg stump at the back of a length. Aiden Markram plays a solid defensive shot. No run.,974d7e6a-7dc3-4a17-ab2c-4daffc655d59,227568,"India v South Africa at Dharamsala, 3rd T20I, 14 Dec 2025",8599,South Africa in India,2025/26,"Himachal Pradesh Cricket Association Stadium, Dharamsala",Twenty20 international,2025-12-14,27774.0,AK Markram,right,67190.0,Arshdeep Singh,left,6.0,India,left pace,1.0,pace,2025-12-14 13:49:30,9.111,0.154,4.0,-0.188,0.890,2.0,1.0,,,,,,,,True,True,False,False,,,,back of a length,leg stump,no movement,,,,,,,,,keyword,0,,False,False,False,False,False,False,False,False,True,
1,3,South Africa,SA,1,4,HP Rana,4,0,1,11/3,4.00,3.01,3.1,0,W,"Rana to Brevis, out!",Harshit Rana continues their spell,A full delivery wide outside off from Harshit Rana. Dewald Brevis attempts a drive but gets an inside edge and is bowled! What a breakthrough for India. Dewald Brevis departs after scoring 2 runs off 7 balls.,974d7e6a-7dc3-4a17-ab2c-4daffc655d59,227568,"India v South Africa at Dharamsala, 3rd T20I, 14 Dec 2025",8599,South Africa in India,2025/26,"Himachal Pradesh Cricket Association Stadium, Dharamsala",Twenty20 international,2025-12-14,75144.0,DT Brevis,right,77153.0,HP Rana,right,6.0,India,right pace,1.0,pace,2025-12-14 13:50:33,4.439,-0.706,2.0,-0.634,0.506,0.0,1.0,,,,,,,,True,True,False,False,,,,full,wide outside off,,drive,,,,,bowled,,,keyword,0,,True,False,False,False,False,False,False,False,False,commentary
1,3,South Africa,SA,1,4,HP Rana,4,0,1,11/3,4.00,3.02,3.2,1,1,"Rana to Stubbs, 1 run",Tristan Stubbs heads to the crease. ,"Harshit Rana delivers a short ball outside off, no movement. Tristan Stubbs drops a neutral shot to square leg and takes a single. Tristan Stubbs has opened his account.",974d7e6a-7dc3-4a17-ab2c-4daffc655d59,227568,"India v South Africa at Dharamsala, 3rd T20I, 14 Dec 2025",8599,South Africa in India,2025/26,"Himachal Pradesh Cricket Association Stadium, Dharamsala",Twenty20 international,2025-12-14,73364.0,T Stubbs,right,77153.0,HP Rana,right,6.0,India,right pace,1.0,pace,2025-12-14 13:52:21,10.587,-0.352,4.0,0.278,1.428,3.0,3.0,106032110.0,342.0,10.0,17.0,3.0,1.0,1.0,True,True,True,False,,,,short,outside off,no movement,,,,square leg,,,,,keyword,1,,False,False,False,False,False,False,False,False,False,
1,3,South Africa,SA,1,4,HP Rana,4,0,1,11/3,4.00,3.03,3.3,1,1,"Rana to Markram, 1 run",,"Harshit Rana delivers a length ball outside off, no movement on offer. Aiden Markram works it with a controlled touch and takes a single through mid-wicket, fielded by Kuldeep Yadav.",974d7e6a-7dc3-4a17-ab2c-4daffc655d59,227568,"India v South Africa at Dharamsala, 3rd T20I, 14 Dec 2025",8599,South Africa in India,2025/26,"Himachal Pradesh Cricket Association Stadium, Dharamsala",Twenty20 international,2025-12-14,27774.0,AK Markram,right,77153.0,HP Rana,right,6.0,India,right pace,1.0,pace,2025-12-14 13:53:05,8.324,-0.335,4.0,0.200,0.809,3.0,1.0,106032113.0,328.0,50.0,90.0,3.0,1.0,1.0,True,True,True,False,,,,length ball,outside off,no movement,work,,controlled,,Kuldeep Yadav,,,,keyword,1,,False,False,False,False,False,False,False,False,False,
1,3,South Africa,SA,1,4,HP Rana,4,0,1,11/3,4.00,3.04,3.4,0,0,"Rana to Stubbs, no run",,"Harshit Rana bowls a swinging length ball outside off. Tristan Stubbs drives but misses, and the ball deflects off his pad, fielded cleanly by Tilak Varma at gully. No run.",974d7e6a-7dc3-4a17-ab2c-4daffc655d59,227568,"India v South Africa at Dharamsala, 3rd T20I, 14 Dec 2025",8599,South Africa in India,2025/26,"Himachal Pradesh Cricket Association Stadium, Dharamsala",Twenty20 international,2025-12-14,73364.0,T Stubbs,right,77153.0,HP Rana,right,6.0,India,right pace,1.0,pace,2025-12-14 13:53:51,5.471,-0.204,3.0,0.269,0.509,3.0,1.0,,,,,,,,True,True,False,False,,,,length ball,outside off,,drive,,,gully,,,,,keyword,0,,False,False,False,False,False,False,False,False,True,
1,3,South Africa,SA,1,4,HP Rana,4,0,1,11/3,4.00,3.05,3.5,2,2,"Rana to Stubbs, 2 runs",,"Harshit Rana bowls a swinging delivery on a length outside off stump. Tristan Stubbs attempts a push but only gets an inside edge, nudging the ball for 2 runs.",974d7e6a-7dc3-4a17-ab2c-4daffc655d59,227568,"India v South Africa at Dharamsala, 3rd T20I, 14 Dec 2025",8599,South Africa in India,2025/26,"Himachal Pradesh Cricket Association Stadium, Dharamsala",Twenty20 international,2025-12-14,73364.0,T Stubbs,right,77153.0,HP Rana,right,6.0,India,right pace,1.0,pace,2025-12-14 13:56:23,6.628,-0.416,3.0,0.057,0.819,2.0,1.0,106032126.0,353.0,50.0,88.0,3.0,2.0,2.0,True,True,True,False,,,,,outside off,,push,,,,,,,,keyword,2,,False,False,False,False,False,False,False,False,False,
1,3,South Africa,SA,1,4,HP Rana,4,0,1,11/3,4.00,3.06,3.6,0,0,"Rana to Stubbs, no run",,Harshit Rana bowls a full toss swinging away outside off. Tristan Stubbs drives it firmly but is well fielded by Tilak Varma at mid-off. No run.,974d7e6a-7dc3-4a17-ab2c-4daffc655d59,227568,"India v South Africa at Dharamsala, 3rd T20I, 14 Dec 2025",8599,South Africa in India,2025/26,"Himachal Pradesh Cricket Association Stadium, Dharamsala",Twenty20 international,2025-12-14,73364.0,T Stubbs,right,77153.0,HP Rana,right,6.0,India,right pace,1.0,pace,2025-12-14 13:57:05,0.498,-0.432,1.0,-0.443,0.089,1.0,0.0,,,,,,,,True,True,False,False,,,,full toss,outside off,,drive,,,,Tilak Varma at mid-off,,,,keyword,0,,False,False,False,False,False,False,False,False,True,
1,3,South Africa,SA,1,5,Arshdeep Singh,3,0,0,14/3,3.00,4.01,4.1,0,0,"Singh to Markram, no run",Arshdeep Singh continues their spell,"Arshdeep Singh bowls a length ball on middle stump. Aiden Markram works it with a controlled touch, no run added as Varun Chakravarthy fields it at mid on.",974d7e6a-7dc3-4a17-ab2c-4daffc655d59,227568,"India v South Africa at Dharamsala, 3rd T20I, 14 Dec 2025",8599,South Africa in India,2025/26,"Himachal Pradesh Cricket Association Stadium, Dharamsala",Twenty20 international,2025-12-14,27774.0,AK Markram,right,67190.0,Arshdeep Singh,left,6.0,India,left pace,1.0,pace,2025-12-14 13:58:04,6.466,0.126,3.0,0.092,0.677,2.0,1.0,,,,,,,,True,True,False,False,,,,length ball,middle stump,,work,,controlled,mid on,,,,,keyword,0,,False,False,False,False,False,False,False,False,True,
1,3,South Africa,SA,1,5,Arshdeep Singh,3,0,0,14/3,3.00,4.02,4.2,1,1,"Singh to Markram, 1 run",,"Arshdeep Singh bowls a no movement delivery on leg stump, back of a length. Markram plays a dropped shot and nudges it for a single to backward point where Tilak Varma fields it cleanly.",974d7e6a-7dc3-4a17-ab2c-4daffc655d59,227568,"India v South Africa at Dharamsala, 3rd T20I, 14 Dec 2025",8599,South Africa in India,2025/26,"Himachal Pradesh Cricket Association Stadium, Dharamsala",Twenty20 international,2025-12-14,27774.0,AK Markram,right,67190.0,Arshdeep Singh,left,6.0,India,left pace,1.0,pace,2025-12-14 13:58:40,8.011,0.158,4.0,-0.198,1.029,2.0,2.0,106032135.0,175.0,35.0,62.0,7.0,1.0,1.0,True,True,True,False,,,,back of a length,leg stump,no movement,drop,,,backward point,,,,,keyword,1,,False,False,False,False,False,False,False,False,False,
1,3,South Africa,SA,1,5,Arshdeep Singh,3,0,0,14/3,3.00,4.03,4.3,1,1,"Singh to Stubbs, 1 run",,Arshdeep Singh bowls a length delivery down leg. Tristan Stubbs works it quietly through the field for a single.,974d7e6a-7dc3-4a17-ab2c-4daffc655d59,227568,"India v South Africa at Dharamsala, 3rd T20I, 14 Dec 2025",8599,South Africa in India,2025/26,"Himachal Pradesh Cricket Association Stadium, Dharamsala",Twenty20 international,2025-12-14,73364.0,T Stubbs,right,67190.0,Arshdeep Singh,left,6.0,India,left pace,1.0,pace,2025-12-14 13:59:29,7.752,0.288,4.0,0.293,0.702,3.0,1.0,106032138.0,16.0,85.0,142.0,2.0,1.0,1.0,True,True,True,False,,,,,down leg,,work,,,,,,,,keyword,1,,False,False,False,False,False,False,False,False,False,
1,3,South Africa,SA,1,5,Arshdeep Singh,3,0,0,14/3,3.00,4.04,4.4,1,1,"Singh to Markram, 1 run",,Arshdeep Singh bowls a back of a length ball on middle stump. Aiden Markram pushes it calmly to deep cover for a single.,974d7e6a-7dc3-4a17-ab2c-4daffc655d59,227568,"India v South Africa at Dharamsala, 3rd T20I, 14 Dec 2025",8599,South Africa in India,2025/26,"Himachal Pradesh Cricket Association Stadium, Dharamsala",Twenty20 international,2025-12-14,27774.0,AK Markram,right,67190.0,Arshdeep Singh,left,6.0,India,left pace,1.0,pace,2025-12-14 14:00:10,8.743,-0.013,4.0,-0.193,1.018,2.0,2.0,106032140.0,186.0,85.0,146.0,6.0,1.0,1.0,True,True,True,False,,,,back of a length,middle stump,,push,,,deep cover,,,,,keyword,1,,False,False,False,False,False,False,False,False,False,
1,3,South Africa,SA,1,5,Arshdeep Singh,3,0,0,14/3,3.00,4.05,4.5,0,0,"Singh to Stubbs, no run",,"Arshdeep Singh bowls a full-length delivery swinging in outside off. Tristan Stubbs attempts a drive, bat-pad connection, and Suryakumar Yadav fields it at cover for no run.",974d7e6a-7dc3-4a17-ab2c-4daffc655d59,227568,"India v South Africa at Dharamsala, 3rd T20I, 14 Dec 2025",8599,South Africa in India,2025/26,"Himachal Pradesh Cricket Association Stadium, Dharamsala",Twenty20 international,2025-12-14,73364.0,T Stubbs,right,67190.0,Arshdeep Singh,left,6.0,India,left pace,1.0,pace,2025-12-14 14:00:52,4.175,-0.265,2.0,-0.332,0.593,1.0,1.0,,,,,,,,True,True,False,False,,,,full,outside off,,drive,,,cover,,,,,keyword,0,,False,False,False,False,False,False,False,False,True,
1,3,South Africa,SA,1,5,Arshdeep Singh,3,0,0,14/3,3.00,4.06,4.6,0,0,"Singh to Stubbs, no run",,"Arshdeep Singh delivers a length ball on middle stump. Tristan Stubbs defends it solidly, resulting in no run.",974d7e6a-7dc3-4a17-ab2c-4daffc655d59,227568,"India v South Africa at Dharamsala, 3rd T20I, 14 Dec 2025",8599,South Africa in India,2025/26,"Himachal Pradesh Cricket Association Stadium, Dharamsala",Twenty20 international,2025-12-14,73364.0,T Stubbs,right,67190.0,Arshdeep Singh,left,6.0,India,left pace,1.0,pace,2025-12-14 14:01:35,8.362,-0.019,4.0,-0.230,0.991,1.0,2.0,,,,,,,,True,True,False,False,,,,length ball,middle stump,,,,,,,,,,keyword,0,,False,False,False,False,False,False,False,False,True,
1,3,South Africa,SA,1,6,HP Rana,11,0,0,25/3,11.00,5.01,5.1,4,4,"Rana to Markram, 4 runs",Harshit Rana continues their spell,"A length ball delivered outside off, no movement. Markram drives it with authority, well-timed and along the ground through long off for four.",974d7e6a-7dc3-4a17-ab2c-4daffc655d59,227568,"India v South Africa at Dharamsala, 3rd T20I, 14 Dec 2025",8599,South Africa in India,2025/26,"Himachal Pradesh Cricket Association Stadium, Dharamsala",Twenty20 international,2025-12-14,27774.0,AK Markram,right,77153.0,HP Rana,right,6.0,India,right pace,1.0,pace,2025-12-14 14:02:24,6.752,-0.384,3.0,-0.178,0.855,2.0,1.0,106032149.0,243.0,100.0,179.0,5.0,4.0,4.0,True,True,True,False,,,,length ball,outside off,no movement,drive,along the ground,,long off,,,,,keyword,4,,False,False,False,False,False,False,True,False,False,
1,3,South Africa,SA,1,6,HP Rana,11,0,0,25/3,11.00,5.02,5.2,1,1,"Rana to Markram, 1 run",,"No movement ball from Harshit Rana, outside off on a back of a length. Aiden Markram drives it with a neutral connection for one run, fielded cleanly by Tilak Varma at deep backward point.",974d7e6a-7dc3-4a17-ab2c-4daffc655d59,227568,"India v South Africa at Dharamsala, 3rd T20I, 14 Dec 2025",8599,South Africa in India,2025/26,"Himachal Pradesh Cricket Association Stadium, Dharamsala",Twenty20 international,2025-12-14,27774.0,AK Markram,right,77153.0,HP Rana,right,6.0,India,right pace,1.0,pace,2025-12-14 14:02:57,8.618,-0.416,4.0,-0.202,0.893,1.0,1.0,106032152.0,170.0,85.0,146.0,7.0,1.0,1.0,True,True,True,False,,,,back of a length,outside off,no movement,drive,,,deep backward point,,,,,keyword,1,,False,False,False,False,False,False,False,False,False,
1,3,South Africa,SA,1,6,HP Rana,11,0,0,25/3,11.00,5.03,5.3,0,0,"Rana to Stubbs, no run",,"Harshit Rana bowls a length delivery outside off. Tristan Stubbs drives it with a controlled connection, but it's fielded by Suryakumar Yadav at cover for no run.",974d7e6a-7dc3-4a17-ab2c-4daffc655d59,227568,"India v South Africa at Dharamsala, 3rd T20I, 14 Dec 2025",8599,South Africa in India,2025/26,"Himachal Pradesh Cricket Association Stadium, Dharamsala",Twenty20 international,2025-12-14,73364.0,T Stubbs,right,77153.0,HP Rana,right,6.0,India,right pace,1.0,pace,2025-12-14 14:03:40,6.065,-0.370,3.0,-0.236,0.597,1.0,1.0,,,,,,,,True,True,False,False,,,,,outside off,,drive,,controlled,cover,Suryakumar Yadav at cover for no run,,,,keyword,0,,False,False,False,False,False,False,False,False,True,
1,3,South Africa,SA,1,6,HP Rana,11,0,0,25/3,11.00,5.04,5.4,1,1,"Rana to Stubbs, 1 run",,"Harshit Rana bowls a back of a length delivery just outside off. Tristan Stubbs attempts a drive but earns only one run from an inside edge to deep backward square leg, fielded by Arshdeep Singh.",974d7e6a-7dc3-4a17-ab2c-4daffc655d59,227568,"India v South Africa at Dharamsala, 3rd T20I, 14 Dec 2025",8599,South Africa in India,2025/26,"Himachal Pradesh Cricket Association Stadium, Dharamsala",Twenty20 international,2025-12-14,73364.0,T Stubbs,right,77153.0,HP Rana,right,6.0,India,right pace,1.0,pace,2025-12-14 14:04:17,9.164,-0.687,4.0,-0.415,0.852,1.0,1.0,106032158.0,27.0,80.0,131.0,2.0,1.0,1.0,True,True,True,False,,,,back of a length,outside off,,drive,,,deep backward square leg,Arshdeep Singh,,,,keyword,1,,False,False,False,False,False,False,False,False,False,
1,3,South Africa,SA,1,6,HP Rana,11,0,0,25/3,11.00,5.05,5.5,4,4,"Rana to Markram, 4 runs",,"Harshit Rana bowls an off cutter, full toss on middle stump. Aiden Markram flicks it crisply, timing it well through mid wicket for four. Markram keeps the momentum, registering his second boundary in this over.",974d7e6a-7dc3-4a17-ab2c-4daffc655d59,227568,"India v South Africa at Dharamsala, 3rd T20I, 14 Dec 2025",8599,South Africa in India,2025/26,"Himachal Pradesh Cricket Association Stadium, Dharamsala",Twenty20 international,2025-12-14,27774.0,AK Markram,right,77153.0,HP Rana,right,6.0,India,right pace,1.0,pace,2025-12-14 14:05:00,1.930,0.111,1.0,0.191,0.309,2.0,0.0,106032160.0,310.0,100.0,178.0,4.0,4.0,4.0,True,True,True,False,,,,full toss,middle stump,,flick,,,mid wicket,,,,,keyword,4,,False,False,False,False,False,False,True,False,False,
1,3,South Africa,SA,1,6,HP Rana,11,0,0,25/3,11.00,5.06,5.6,1,1,"Rana to Markram, 1 run",,"Harshit Rana bowls a length ball outside off. Aiden Markram attempts a drive, gets an inside edge and runs a single.",974d7e6a-7dc3-4a17-ab2c-4daffc655d59,227568,"India v South Africa at Dharamsala, 3rd T20I, 14 Dec 2025",8599,South Africa in India,2025/26,"Himachal Pradesh Cricket Association Stadium, Dharamsala",Twenty20 international,2025-12-14,27774.0,AK Markram,right,77153.0,HP Rana,right,6.0,India,right pace,1.0,pace,2025-12-14 14:05:42,6.361,-0.303,3.0,-0.024,0.705,2.0,1.0,106032162.0,62.0,75.0,127.0,1.0,1.0,1.0,True,True,True,False,,,,length ball,outside off,,drive,,,,,,,,keyword,1,,False,False,False,False,False,False,False,False,False,
1,3,South Africa,SA,1,7,HH Pandya,5,0,1,30/4,5.00,6.01,6.1,0,0,"Pandya to Markram, no run",Hardik Pandya takes the ball for their 1st spell,"Hardik Pandya bowls a length delivery on the off side. Aiden Markram drives it with a neutral connection, but there's no run as Arshdeep Singh fields it at mid off.",974d7e6a-7dc3-4a17-ab2c-4daffc655d59,227568,"India v South Africa at Dharamsala, 3rd T20I, 14 Dec 2025",8599,South Africa in India,2025/26,"Himachal Pradesh Cricket Association Stadium, Dharamsala",Twenty20 international,2025-12-14,27774.0,AK Markram,right,16093.0,HH Pandya,right,6.0,India,right pace,2.0,pace,2025-12-14 14:06:56,5.181,-0.408,3.0,-0.200,0.526,2.0,1.0,,,,,,,,True,True,False,False,,,,,,,drive,,,mid off,,,,,keyword,0,,False,False,False,False,False,False,False,False,True,
1,3,South Africa,SA,1,7,HH Pandya,5,0,1,30/4,5.00,6.02,6.2,1,1,"Pandya to Markram, 1 run",,"Hardik Pandya bowls a length ball on the outside off stump. Aiden Markram plays a controlled drive, nudging it to deep cover for a single.",974d7e6a-7dc3-4a17-ab2c-4daffc655d59,227568,"India v South Africa at Dharamsala, 3rd T20I, 14 Dec 2025",8599,South Africa in India,2025/26,"Himachal Pradesh Cricket Association Stadium, Dharamsala",Twenty20 international,2025-12-14,27774.0,AK Markram,right,16093.0,HH Pandya,right,6.0,India,right pace,2.0,pace,2025-12-14 14:07:37,7.645,-0.400,4.0,-0.177,0.900,2.0,1.0,106032168.0,187.0,90.0,151.0,6.0,1.0,1.0,True,True,True,False,,,,length ball,outside off,,drive,,controlled,deep cover,,,,,keyword,1,,False,False,False,False,False,False,False,False,False,
1,3,South Africa,SA,1,7,HH Pandya,5,0,1,30/4,5.00,6.03,6.3,2,2,"Pandya to Stubbs, 2 runs",,"A short-pitched delivery outside off, no movement from Hardik Pandya. Tristan Stubbs pulls it with control, picking up two runs.",974d7e6a-7dc3-4a17-ab2c-4daffc655d59,227568,"India v South Africa at Dharamsala, 3rd T20I, 14 Dec 2025",8599,South Africa in India,2025/26,"Himachal Pradesh Cricket Association Stadium, Dharamsala",Twenty20 international,2025-12-14,73364.0,T Stubbs,right,16093.0,HH Pandya,right,6.0,India,right pace,2.0,pace,2025-12-14 14:08:33,11.807,-0.501,4.0,-0.139,1.883,2.0,4.0,106032173.0,341.0,100.0,168.0,3.0,2.0,2.0,True,True,True,False,,,,short,outside off,no movement,pull,,,,,,,,keyword,2,,False,False,False,False,False,False,False,False,False,
1,3,South Africa,SA,1,7,HH Pandya,5,0,1,30/4,5.00,6.04,6.4,2,2,"Pandya to Stubbs, 2 runs",,"Hardik Pandya bowls a no movement delivery outside off, back of a length. Tristan Stubbs works it with a neutral connection for 2 runs, aided by a misfield from Shivam Dube at deep square leg.",974d7e6a-7dc3-4a17-ab2c-4daffc655d59,227568,"India v South Africa at Dharamsala, 3rd T20I, 14 Dec 2025",8599,South Africa in India,2025/26,"Himachal Pradesh Cricket Association Stadium, Dharamsala",Twenty20 international,2025-12-14,73364.0,T Stubbs,right,16093.0,HH Pandya,right,6.0,India,right pace,2.0,pace,2025-12-14 14:09:21,9.300,-0.346,4.0,0.048,1.041,2.0,2.0,106032177.0,347.0,90.0,155.0,3.0,2.0,2.0,True,True,True,False,,,,back of a length,outside off,no movement,work,,,deep square leg,,,,,keyword,2,,False,False,False,False,False,False,False,False,False,
1,3,South Africa,SA,1,7,HH Pandya,5,0,1,30/4,5.00,6.05,6.5,0,0,"Pandya to Stubbs, no run",,"Hardik Pandya bowls a length ball just outside off. Tristan Stubbs pushes it softly, safely fielded by Suryakumar Yadav at extra cover for no run.",974d7e6a-7dc3-4a17-ab2c-4daffc655d59,227568,"India v South Africa at Dharamsala, 3rd T20I, 14 Dec 2025",8599,South Africa in India,2025/26,"Himachal Pradesh Cricket Association Stadium, Dharamsala",Twenty20 international,2025-12-14,73364.0,T Stubbs,right,16093.0,HH Pandya,right,6.0,India,right pace,2.0,pace,2025-12-14 14:10:10,6.824,-0.421,3.0,-0.265,0.816,1.0,1.0,,,,,,,,True,True,False,False,,,,length ball,outside off,,push,,,extra cover,Suryakumar Yadav at extra cover for no run,,,,keyword,0,,False,False,False,False,False,False,False,False,True,
1,3,South Africa,SA,1,7,HH Pandya,5,0,1,30/4,5.00,6.06,6.6,0,W,"Pandya to Stubbs, out!",,"Hardik Pandya bowls a back of a length ball outside off. Tristan Stubbs attempts a pushed shot but edges it to Jitesh Sharma who takes the catch. Out, Stubbs departs after scoring 9 runs off 13 balls. No run. A crucial breakthrough for India as Stubbs's wicket shifts momentum, boosting India's win probability from 81% to 87%.",974d7e6a-7dc3-4a17-ab2c-4daffc655d59,227568,"India v South Africa at Dharamsala, 3rd T20I, 14 Dec 2025",8599,South Africa in India,2025/26,"Himachal Pradesh Cricket Association Stadium, Dharamsala",Twenty20 international,2025-12-14,73364.0,T Stubbs,right,16093.0,HH Pandya,right,6.0,India,right pace,2.0,pace,2025-12-14 14:10:48,9.279,-0.559,4.0,-0.583,1.135,1.0,2.0,,,,,,,,True,True,False,False,,,,back of a length,outside off,,push,,,,,caught,,,keyword,0,,True,False,False,False,False,False,False,False,False,commentary
1,3,South Africa,SA,1,8,V Chakravarthy,3,0,0,33/4,3.00,7.01,7.1,1,1,"Chakravarthy to Markram, 1 run",Corbin Bosch enters the field at the non-striker's end. Varun Chakravarthy takes the ball for their 1st spell,"Varun Chakravarthy delivers a googly outside off on length. Aiden Markram works it with a controlled shot, taking a quick single. Fielded cleanly by Shubman Gill at long on.",974d7e6a-7dc3-4a17-ab2c-4daffc655d59,227568,"India v South Africa at Dharamsala, 3rd T20I, 14 Dec 2025",8599,South Africa in India,2025/26,"Himachal Pradesh Cricket Association Stadium, Dharamsala",Twenty20 international,2025-12-14,27774.0,AK Markram,right,68649.0,V Chakravarthy,right,6.0,India,leg break,4.0,spin,2025-12-14 14:12:42,6.000,-0.381,3.0,-0.145,0.722,2.0,1.0,106032189.0,289.0,75.0,132.0,4.0,1.0,1.0,True,True,True,False,,,,,outside off,,work,,controlled,long on,,,,,keyword,1,,False,False,False,False,False,False,False,False,False,
1,3,South Africa,SA,1,8,V Chakravarthy,3,0,0,33/4,3.00,7.02,7.2,1,1,"Chakravarthy to Bosch, 1 run",,"Varun Chakravarthy delivers a length googly wide of off stump. Corbin Bosch plays a controlled drive and picks up a single, well fielded by Shivam Dube at deep cover. Corbin Bosch gets off the mark.",974d7e6a-7dc3-4a17-ab2c-4daffc655d59,227568,"India v South Africa at Dharamsala, 3rd T20I, 14 Dec 2025",8599,South Africa in India,2025/26,"Himachal Pradesh Cricket Association Stadium, Dharamsala",Twenty20 international,2025-12-14,22181.0,C Bosch,right,68649.0,V Chakravarthy,right,6.0,India,leg break,4.0,spin,2025-12-14 14:13:13,4.222,-0.366,2.0,-0.187,0.597,2.0,1.0,106032192.0,197.0,90.0,153.0,6.0,1.0,1.0,True,True,True,False,,,,,off stump,,drive,,controlled,deep cover,Shivam Dube at deep cover,,,,keyword,1,,False,False,False,False,False,False,False,False,False,
1,3,South Africa,SA,1,8,V Chakravarthy,3,0,0,33/4,3.00,7.03,7.3,0,0,"Chakravarthy to Markram, no run",,Chakravarthy bowls a googly outside off at a back of length. Markram works it with a controlled shot; no run.,974d7e6a-7dc3-4a17-ab2c-4daffc655d59,227568,"India v South Africa at Dharamsala, 3rd T20I, 14 Dec 2025",8599,South Africa in India,2025/26,"Himachal Pradesh Cricket Association Stadium, Dharamsala",Twenty20 international,2025-12-14,27774.0,AK Markram,right,68649.0,V Chakravarthy,right,6.0,India,leg break,4.0,spin,2025-12-14 14:13:39,6.978,-0.364,3.0,-0.062,0.540,2.0,1.0,,,,,,,,True,True,False,False,,,,,outside off,,work,,controlled,,,,,,keyword,0,,False,False,False,False,False,False,False,False,True,
1,3,South Africa,SA,1,8,V Chakravarthy,3,0,0,33/4,3.00,7.04,7.4,1,1,"Chakravarthy to Markram, 1 run",,"Chakravarthy bowls a short-length googly outside off. Markram pulls it with control towards deep square leg for a single, safely fielded by Shivam Dube.",974d7e6a-7dc3-4a17-ab2c-4daffc655d59,227568,"India v South Africa at Dharamsala, 3rd T20I, 14 Dec 2025",8599,South Africa in India,2025/26,"Himachal Pradesh Cricket Association Stadium, Dharamsala",Twenty20 international,2025-12-14,27774.0,AK Markram,right,68649.0,V Chakravarthy,right,6.0,India,leg break,4.0,spin,2025-12-14 14:14:06,8.402,-0.322,4.0,0.176,0.689,2.0,1.0,106032195.0,333.0,90.0,159.0,3.0,1.0,1.0,True,True,True,False,,,,short,outside off,,pull,,,deep square leg,Shivam Dube,,,,keyword,1,,False,False,False,False,False,False,False,False,False,
1,3,South Africa,SA,1,8,V Chakravarthy,3,0,0,33/4,3.00,7.05,7.5,0,0,"Chakravarthy to Bosch, no run",,"Varun Chakravarthy bowls a googly outside off, length ball. Corbin Bosch pushes it carefully to extra cover where Arshdeep Singh fields it. No run.",974d7e6a-7dc3-4a17-ab2c-4daffc655d59,227568,"India v South Africa at Dharamsala, 3rd T20I, 14 Dec 2025",8599,South Africa in India,2025/26,"Himachal Pradesh Cricket Association Stadium, Dharamsala",Twenty20 international,2025-12-14,22181.0,C Bosch,right,68649.0,V Chakravarthy,right,6.0,India,leg break,4.0,spin,2025-12-14 14:14:31,5.602,-0.235,3.0,-0.042,0.597,2.0,1.0,,,,,,,,True,True,False,False,,,,length ball,outside off,,push,,,extra cover,,,,,keyword,0,,False,False,False,False,False,False,False,False,True,
1,3,South Africa,SA,1,8,V Chakravarthy,3,0,0,33/4,3.00,7.06,7.6,0,0,"Chakravarthy to Bosch, no run",,"Varun Chakravarthy bowls a leg spin length ball outside off. Corbin Bosch pushes it with an outside edge, safely fielded by Suryakumar Yadav at first slip for no run.",974d7e6a-7dc3-4a17-ab2c-4daffc655d59,227568,"India v South Africa at Dharamsala, 3rd T20I, 14 Dec 2025",8599,South Africa in India,2025/26,"Himachal Pradesh Cricket Association Stadium, Dharamsala",Twenty20 international,2025-12-14,22181.0,C Bosch,right,68649.0,V Chakravarthy,right,6.0,India,leg break,4.0,spin,2025-12-14 14:14:56,5.660,-0.368,3.0,-0.171,0.824,2.0,1.0,,,,,,,,True,True,False,False,,,,length ball,outside off,,push,,,first slip,Suryakumar Yadav at first slip for no run,,,,keyword,0,,False,False,False,False,False,False,False,False,True,
1,3,South Africa,SA,1,9,HH Pandya,8,0,0,41/4,8.00,8.01,8.1,2,2,"Pandya to Markram, 2 runs",Hardik Pandya continues their spell,"Hardik Pandya bowls a back of a length delivery outside off stump. Aiden Markram attempts a slog but mistimes it, scampering through for 2 runs.",974d7e6a-7dc3-4a17-ab2c-4daffc655d59,227568,"India v South Africa at Dharamsala, 3rd T20I, 14 Dec 2025",8599,South Africa in India,2025/26,"Himachal Pradesh Cricket Association Stadium, Dharamsala",Twenty20 international,2025-12-14,27774.0,AK Markram,right,16093.0,HH Pandya,right,6.0,India,right pace,2.0,pace,2025-12-14 14:15:49,9.115,-0.417,4.0,-0.131,1.088,2.0,2.0,106032201.0,265.0,95.0,168.0,5.0,2.0,2.0,True,True,True,False,,,,back of a length,outside off,,slog,,,,,,,,keyword,2,,False,False,False,False,False,False,False,False,False,
1,3,South Africa,SA,1,9,HH Pandya,8,0,0,41/4,8.00,8.02,8.2,1,1,"Pandya to Markram, 1 run",,"Hardik Pandya bowls a no movement delivery outside off at back of a length. Aiden Markram plays a measured drive to deep cover, securing a single.",974d7e6a-7dc3-4a17-ab2c-4daffc655d59,227568,"India v South Africa at Dharamsala, 3rd T20I, 14 Dec 2025",8599,South Africa in India,2025/26,"Himachal Pradesh Cricket Association Stadium, Dharamsala",Twenty20 international,2025-12-14,27774.0,AK Markram,right,16093.0,HH Pandya,right,6.0,India,right pace,2.0,pace,2025-12-14 14:16:31,9.033,-0.550,4.0,-0.412,0.975,1.0,2.0,106032202.0,186.0,90.0,154.0,6.0,1.0,1.0,True,True,True,False,,,,back of a length,outside off,no movement,drive,,,deep cover,,,,,keyword,1,,False,False,False,False,False,False,False,False,False,
1,3,South Africa,SA,1,9,HH Pandya,8,0,0,41/4,8.00,8.03,8.3,0,0,"Pandya to Bosch, no run",,Hardik Pandya bowls a half-tracker outside off. Corbin Bosch opts to leave the ball alone. No run scored.,974d7e6a-7dc3-4a17-ab2c-4daffc655d59,227568,"India v South Africa at Dharamsala, 3rd T20I, 14 Dec 2025",8599,South Africa in India,2025/26,"Himachal Pradesh Cricket Association Stadium, Dharamsala",Twenty20 international,2025-12-14,22181.0,C Bosch,right,16093.0,HH Pandya,right,6.0,India,right pace,2.0,pace,2025-12-14 14:17:21,11.875,-0.590,4.0,0.012,2.085,2.0,4.0,,,,,,,,True,True,False,False,,,,,outside off,,leave,,,,,,,,keyword,0,,False,False,False,False,False,False,False,False,True,
1,3,South Africa,SA,1,9,HH Pandya,8,0,0,41/4,8.00,8.04,8.4,1,1,"Pandya to Bosch, 1 run",,"Hardik Pandya bowls a back of a length ball outside off. Corbin Bosch attempts a pull, connecting bat to pad, and scampers a single to third man where Shivam Dube fields it.",974d7e6a-7dc3-4a17-ab2c-4daffc655d59,227568,"India v South Africa at Dharamsala, 3rd T20I, 14 Dec 2025",8599,South Africa in India,2025/26,"Himachal Pradesh Cricket Association Stadium, Dharamsala",Twenty20 international,2025-12-14,22181.0,C Bosch,right,16093.0,HH Pandya,right,6.0,India,right pace,2.0,pace,2025-12-14 14:18:01,9.783,-0.454,4.0,0.087,0.818,2.0,1.0,106032204.0,125.0,75.0,126.0,8.0,1.0,1.0,True,True,True,False,,,,back of a length,outside off,,pull,,,third man,,,,,keyword,1,,False,False,False,False,False,False,False,False,False,
1,3,South Africa,SA,1,9,HH Pandya,8,0,0,41/4,8.00,8.05,8.5,4,4,"Pandya to Markram, 4 runs",,No movement ball pitch on length outside off stump. Markram plays a well-timed drive through extra cover for four runs.,974d7e6a-7dc3-4a17-ab2c-4daffc655d59,227568,"India v South Africa at Dharamsala, 3rd T20I, 14 Dec 2025",8599,South Africa in India,2025/26,"Himachal Pradesh Cricket Association Stadium, Dharamsala",Twenty20 international,2025-12-14,27774.0,AK Markram,right,16093.0,HH Pandya,right,6.0,India,right pace,2.0,pace,2025-12-14 14:18:48,7.395,-0.529,4.0,-0.170,0.666,2.0,1.0,106032205.0,235.0,100.0,178.0,5.0,4.0,4.0,True,True,True,False,,,,,outside off,no movement,drive,,,extra cover,,,,,keyword,4,,False,False,False,False,False,False,True,False,False,
1,3,South Africa,SA,1,9,HH Pandya,8,0,0,41/4,8.00,8.06,8.6,0,0,"Pandya to Markram, no run",,"Hardik Pandya bowls a length ball just outside off stump. Aiden Markram works it off his body, playing it quietly back to the bowler for no run.",974d7e6a-7dc3-4a17-ab2c-4daffc655d59,227568,"India v South Africa at Dharamsala, 3rd T20I, 14 Dec 2025",8599,South Africa in India,2025/26,"Himachal Pradesh Cricket Association Stadium, Dharamsala",Twenty20 international,2025-12-14,27774.0,AK Markram,right,16093.0,HH Pandya,right,6.0,India,right pace,2.0,pace,2025-12-14 14:19:28,8.269,-0.485,4.0,0.259,0.977,3.0,2.0,,,,,,,,True,True,False,False,,,,length ball,outside off,,work,,,bowler,,,,,keyword,0,,False,False,False,False,False,False,False,False,True,
1,3,South Africa,SA,1,10,V Chakravarthy,3,0,0,44/4,3.00,9.01,9.1,1,1,"Chakravarthy to Bosch, 1 run",Varun Chakravarthy continues their spell,"Varun Chakravarthy delivers a length googly outside off stump. Corbin Bosch pushes it with a neutral connection and takes a single to long off, fielded cleanly by Tilak Varma.",974d7e6a-7dc3-4a17-ab2c-4daffc655d59,227568,"India v South Africa at Dharamsala, 3rd T20I, 14 Dec 2025",8599,South Africa in India,2025/26,"Himachal Pradesh Cricket Association Stadium, Dharamsala",Twenty20 international,2025-12-14,22181.0,C Bosch,right,68649.0,V Chakravarthy,right,6.0,India,leg break,4.0,spin,2025-12-14 14:20:23,6.801,-0.363,3.0,0.040,0.816,2.0,1.0,106032210.0,246.0,90.0,157.0,5.0,1.0,1.0,True,True,True,False,,,,,outside off,,push,,,long off,,,,,keyword,1,,False,False,False,False,False,False,False,False,False,
1,3,South Africa,SA,1,10,V Chakravarthy,3,0,0,44/4,3.00,9.02,9.2,0,0,"Chakravarthy to Markram, no run",,"Varun Chakravarthy bowls a back of a length googly just outside off. Aiden Markram tries to work it but misses, pad gets a tap. Jitesh Sharma collects it cleanly. Dot ball.",974d7e6a-7dc3-4a17-ab2c-4daffc655d59,227568,"India v South Africa at Dharamsala, 3rd T20I, 14 Dec 2025",8599,South Africa in India,2025/26,"Himachal Pradesh Cricket Association Stadium, Dharamsala",Twenty20 international,2025-12-14,27774.0,AK Markram,right,68649.0,V Chakravarthy,right,6.0,India,leg break,4.0,spin,2025-12-14 14:20:54,7.713,-0.254,4.0,0.306,0.801,3.0,1.0,,,,,,,,True,True,False,False,,,,back of a length,outside off,,work,,,,,,,,keyword,0,,False,False,False,False,False,False,False,False,True,
1,3,South Africa,SA,1,10,V Chakravarthy,3,0,0,44/4,3.00,9.03,9.3,1,1,"Chakravarthy to Markram, 1 run",,"Varun Chakravarthy bowls a length leg spin outside off. Aiden Markram drives it with a controlled touch, nudging the ball for a single to deep cover where Shivam Dube fields it quickly.",974d7e6a-7dc3-4a17-ab2c-4daffc655d59,227568,"India v South Africa at Dharamsala, 3rd T20I, 14 Dec 2025",8599,South Africa in India,2025/26,"Himachal Pradesh Cricket Association Stadium, Dharamsala",Twenty20 international,2025-12-14,27774.0,AK Markram,right,68649.0,V Chakravarthy,right,6.0,India,leg break,4.0,spin,2025-12-14 14:21:20,3.882,-0.534,2.0,-0.463,0.617,1.0,1.0,106032213.0,193.0,90.0,155.0,6.0,1.0,1.0,True,True,True,False,,,,,outside off,,drive,,controlled,deep cover,,,,,keyword,1,,False,False,False,False,False,False,False,False,False,
1,3,South Africa,SA,1,10,V Chakravarthy,3,0,0,44/4,3.00,9.04,9.4,0,0,"Chakravarthy to Bosch, no run",,"Varun Chakravarthy bowls a leg-spin delivery, length ball outside off. Corbin Bosch attempts a sweep but mistimes it, resulting in no run.",974d7e6a-7dc3-4a17-ab2c-4daffc655d59,227568,"India v South Africa at Dharamsala, 3rd T20I, 14 Dec 2025",8599,South Africa in India,2025/26,"Himachal Pradesh Cricket Association Stadium, Dharamsala",Twenty20 international,2025-12-14,22181.0,C Bosch,right,68649.0,V Chakravarthy,right,6.0,India,leg break,4.0,spin,2025-12-14 14:21:56,4.215,-0.628,2.0,-0.656,0.727,0.0,1.0,,,,,,,,True,True,False,False,,,,length ball,outside off,,sweep,,,,,,,,keyword,0,,False,False,False,False,False,False,False,False,True,
1,3,South Africa,SA,1,10,V Chakravarthy,3,0,0,44/4,3.00,9.05,9.5,1,1,"Chakravarthy to Bosch, 1 run",,"Chakravarthy bowls a googly outside off at back of a length. Corbin Bosch plays a controlled cut, taking a single to deep backward point where Shivam Dube fields it cleanly.",974d7e6a-7dc3-4a17-ab2c-4daffc655d59,227568,"India v South Africa at Dharamsala, 3rd T20I, 14 Dec 2025",8599,South Africa in India,2025/26,"Himachal Pradesh Cricket Association Stadium, Dharamsala",Twenty20 international,2025-12-14,22181.0,C Bosch,right,68649.0,V Chakravarthy,right,6.0,India,leg break,4.0,spin,2025-12-14 14:22:21,6.609,-0.482,3.0,-0.256,0.927,1.0,2.0,106032216.0,169.0,85.0,144.0,7.0,1.0,1.0,True,True,True,False,,,,back of a length,outside off,,cut,,controlled,deep backward point,,,,,keyword,1,,False,False,False,False,False,False,False,False,False,
1,3,South Africa,SA,1,10,V Chakravarthy,3,0,0,44/4,3.00,9.06,9.6,0,0,"Chakravarthy to Markram, no run",,"Varun Chakravarthy bowls a length googly outside off. Aiden Markram works it with a neutral stroke, fielded by Abhishek Sharma at mid-on for no run.",974d7e6a-7dc3-4a17-ab2c-4daffc655d59,227568,"India v South Africa at Dharamsala, 3rd T20I, 14 Dec 2025",8599,South Africa in India,2025/26,"Himachal Pradesh Cricket Association Stadium, Dharamsala",Twenty20 international,2025-12-14,27774.0,AK Markram,right,68649.0,V Chakravarthy,right,6.0,India,leg break,4.0,spin,2025-12-14 14:22:53,6.027,-0.363,3.0,-0.085,0.644,2.0,1.0,,,,,,,,True,True,False,False,,,,,outside off,,work,,,,Abhishek Sharma at mid-on for no run,,,,keyword,0,,False,False,False,False,False,False,False,False,True,
1,3,South Africa,SA,1,11,SR Dube,4,0,1,48/5,4.00,10.01,10.1,0,W,"Dube to Bosch, out!",Shivam Dube takes the ball for their 1st spell,"Over the wicket. Length ball, outside off, front foot, drive. OUT! Corbin Bosch bowled - 4(9)",974d7e6a-7dc3-4a17-ab2c-4daffc655d59,227568,"India v South Africa at Dharamsala, 3rd T20I, 14 Dec 2025",8599,South Africa in India,2025/26,"Himachal Pradesh Cricket Association Stadium, Dharamsala",Twenty20 international,2025-12-14,22181.0,C Bosch,right,63520.0,SR Dube,right,6.0,India,right pace,2.0,pace,2025-12-14 14:26:07,7.032,-0.314,4.0,0.051,0.626,2.0,1.0,,,,,,,,True,True,False,False,over the wicket,,,length ball,outside off,front foot,drive,,,,,bowled,Corbin Bosch,4,template_arm,0,,True,False,False,False,False,False,False,False,False,commentary
1,3,South Africa,SA,1,11,SR Dube,4,0,1,48/5,4.00,10.02,10.2,0,0,"Dube to Ferreira, no run",Donovan Ferreira heads to the crease. ,"Dube delivers a seaming ball outside off, back of a length. Ferreira pushes it softly; no run scored. Close call on a direct hit run out attempt, but Ferreira remains safe.",974d7e6a-7dc3-4a17-ab2c-4daffc655d59,227568,"India v South Africa at Dharamsala, 3rd T20I, 14 Dec 2025",8599,South Africa in India,2025/26,"Himachal Pradesh Cricket Association Stadium, Dharamsala",Twenty20 international,2025-12-14,68473.0,D Ferreira,right,63520.0,SR Dube,right,6.0,India,right pace,2.0,pace,2025-12-14 14:27:41,9.185,-0.376,4.0,-0.203,0.958,1.0,2.0,,,,,,,,True,True,False,False,,,,back of a length,outside off,,push,,,,,,,,keyword,0,,False,False,False,False,False,False,False,False,True,
1,3,South Africa,SA,1,11,SR Dube,4,0,1,48/5,4.00,10.03,10.3,0,0,"Dube to Ferreira, no run",,Dube delivers a length ball outside off. Ferreira pushes it cautiously to backward point where Abhishek Sharma fields it cleanly. No run.,974d7e6a-7dc3-4a17-ab2c-4daffc655d59,227568,"India v South Africa at Dharamsala, 3rd T20I, 14 Dec 2025",8599,South Africa in India,2025/26,"Himachal Pradesh Cricket Association Stadium, Dharamsala",Twenty20 international,2025-12-14,68473.0,D Ferreira,right,63520.0,SR Dube,right,6.0,India,right pace,2.0,pace,2025-12-14 14:28:31,8.084,-0.379,4.0,-0.316,0.975,1.0,2.0,,,,,,,,True,True,False,False,,,,,,,,,,,,,,,minimal,0,,False,False,False,False,False,False,False,False,True,
1,3,South Africa,SA,1,11,SR Dube,4,0,1,48/5,4.00,10.04,10.4,2,2,"Dube to Ferreira, 2 runs",,"Dube delivers a length ball on off stump. Ferreira plays a controlled glance, picking up two runs off the bat. Donovan Ferreira gets off the mark with a smooth start.",974d7e6a-7dc3-4a17-ab2c-4daffc655d59,227568,"India v South Africa at Dharamsala, 3rd T20I, 14 Dec 2025",8599,South Africa in India,2025/26,"Himachal Pradesh Cricket Association Stadium, Dharamsala",Twenty20 international,2025-12-14,68473.0,D Ferreira,right,63520.0,SR Dube,right,6.0,India,right pace,2.0,pace,2025-12-14 14:29:02,6.785,-0.087,3.0,0.207,0.850,3.0,1.0,106032237.0,64.0,80.0,136.0,1.0,2.0,2.0,True,True,True,False,,,,length ball,off stump,,glance,,controlled,,,,,,keyword,2,,False,False,False,False,False,False,False,False,False,
1,3,South Africa,SA,1,11,SR Dube,4,0,1,48/5,4.00,10.05,10.5,0,0,"Dube to Ferreira, no run",,"Shivam Dube bowls a swinging delivery outside off, length ball. Donovan Ferreira attempts a defensive stroke but misses it, resulting in a dot ball.",974d7e6a-7dc3-4a17-ab2c-4daffc655d59,227568,"India v South Africa at Dharamsala, 3rd T20I, 14 Dec 2025",8599,South Africa in India,2025/26,"Himachal Pradesh Cricket Association Stadium, Dharamsala",Twenty20 international,2025-12-14,68473.0,D Ferreira,right,63520.0,SR Dube,right,6.0,India,right pace,2.0,pace,2025-12-14 14:29:40,6.740,-0.205,3.0,-0.185,0.897,2.0,1.0,,,,,,,,True,True,False,False,,,,length ball,outside off,,,,,,,,,,keyword,0,,False,False,False,False,False,False,False,False,True,
1,3,South Africa,SA,1,11,SR Dube,4,0,1,48/5,4.00,10.06,10.6,2,2,"Dube to Ferreira, 2 runs",,"Shivam Dube delivers a swinging away ball outside off at the back of a length. Donovan Ferreira cuts it with precise timing, running two singles as Harshit Rana saves a run at deep backward point.",974d7e6a-7dc3-4a17-ab2c-4daffc655d59,227568,"India v South Africa at Dharamsala, 3rd T20I, 14 Dec 2025",8599,South Africa in India,2025/26,"Himachal Pradesh Cricket Association Stadium, Dharamsala",Twenty20 international,2025-12-14,68473.0,D Ferreira,right,63520.0,SR Dube,right,6.0,India,right pace,2.0,pace,2025-12-14 14:30:16,8.753,-0.593,4.0,-0.785,0.961,0.0,2.0,106032241.0,164.0,95.0,160.0,7.0,2.0,2.0,True,True,True,False,,,,back of a length,outside off,,cut,,,deep backward point,,,,,keyword,2,,False,False,False,False,False,False,False,False,False,
1,3,South Africa,SA,1,12,KS Yadav,10,0,0,58/5,10.00,11.01,11.1,1,1,"Yadav to Markram, 1 run",Kuldeep Yadav takes the ball for their 1st spell,"Kuldeep Yadav bowls a length delivery outside off. Aiden Markram plays a controlled cut shot, sending it through the point region for a single.",974d7e6a-7dc3-4a17-ab2c-4daffc655d59,227568,"India v South Africa at Dharamsala, 3rd T20I, 14 Dec 2025",8599,South Africa in India,2025/26,"Himachal Pradesh Cricket Association Stadium, Dharamsala",Twenty20 international,2025-12-14,27774.0,AK Markram,right,20030.0,KS Yadav,left,6.0,India,left unorthodox,6.0,spin,2025-12-14 14:31:30,6.098,-0.298,3.0,-0.401,0.566,1.0,1.0,106032245.0,183.0,45.0,80.0,6.0,1.0,1.0,True,True,True,False,,,,,outside off,,cut,,controlled,point,,,,,keyword,1,,False,False,False,False,False,False,False,False,False,
1,3,South Africa,SA,1,12,KS Yadav,10,0,0,58/5,10.00,11.02,11.2,1,1,"Yadav to Ferreira, 1 run",,"Kuldeep Yadav bowls a short delivery on off stump. Donovan Ferreira works it off the bat for a single, with Shubman Gill fielding at long on. South Africa moves to 50 for 5 in this early encounter.",974d7e6a-7dc3-4a17-ab2c-4daffc655d59,227568,"India v South Africa at Dharamsala, 3rd T20I, 14 Dec 2025",8599,South Africa in India,2025/26,"Himachal Pradesh Cricket Association Stadium, Dharamsala",Twenty20 international,2025-12-14,68473.0,D Ferreira,right,20030.0,KS Yadav,left,6.0,India,left unorthodox,6.0,spin,2025-12-14 14:32:00,8.565,-0.063,4.0,-0.266,0.555,1.0,1.0,106032247.0,281.0,90.0,165.0,4.0,1.0,1.0,True,True,True,False,,,,short,off stump,,work,,,long on,,,,,keyword,1,,False,False,False,False,False,False,False,False,False,
1,3,South Africa,SA,1,12,KS Yadav,10,0,0,58/5,10.00,11.03,11.3,1,1,"Yadav to Markram, 1 run",,"Kuldeep Yadav bowls a googly outside off, length ball. Aiden Markram cuts it cleanly for a single, fielded at deep cover by Arshdeep Singh. Aiden Markram reaches his 30-run milestone off 28 balls, maintaining a strike rate of 107.",974d7e6a-7dc3-4a17-ab2c-4daffc655d59,227568,"India v South Africa at Dharamsala, 3rd T20I, 14 Dec 2025",8599,South Africa in India,2025/26,"Himachal Pradesh Cricket Association Stadium, Dharamsala",Twenty20 international,2025-12-14,27774.0,AK Markram,right,20030.0,KS Yadav,left,6.0,India,left unorthodox,6.0,spin,2025-12-14 14:32:30,6.630,-0.179,3.0,-0.482,0.947,1.0,2.0,106032249.0,184.0,90.0,157.0,6.0,1.0,1.0,True,True,True,False,,,,length ball,outside off,,cut,,,deep cover,,,,,keyword,1,,False,False,False,False,False,False,False,False,False,
1,3,South Africa,SA,1,12,KS Yadav,10,0,0,58/5,10.00,11.04,11.4,0,0,"Yadav to Ferreira, no run",,"Kuldeep Yadav bowls a googly, pitching length outside off. Donovan Ferreira attempts a defensive shot but misses it completely. No run.",974d7e6a-7dc3-4a17-ab2c-4daffc655d59,227568,"India v South Africa at Dharamsala, 3rd T20I, 14 Dec 2025",8599,South Africa in India,2025/26,"Himachal Pradesh Cricket Association Stadium, Dharamsala",Twenty20 international,2025-12-14,68473.0,D Ferreira,right,20030.0,KS Yadav,left,6.0,India,left unorthodox,6.0,spin,2025-12-14 14:33:05,5.209,-0.164,3.0,-0.587,0.723,1.0,1.0,,,,,,,,True,True,False,False,,,,,outside off,,,,,,,,,,keyword,0,,False,False,False,False,False,False,False,False,True,
1,3,South Africa,SA,1,12,KS Yadav,10,0,0,58/5,10.00,11.05,11.5,6,6,"Yadav to Ferreira, 6 runs",,Kuldeep Yadav bowls a googly on off stump at length. Donovan Ferreira takes a controlled slog-sweep and middles it cleanly over deep square leg for six! South Africa registers their inaugural maximum of the innings.,974d7e6a-7dc3-4a17-ab2c-4daffc655d59,227568,"India v South Africa at Dharamsala, 3rd T20I, 14 Dec 2025",8599,South Africa in India,2025/26,"Himachal Pradesh Cricket Association Stadium, Dharamsala",Twenty20 international,2025-12-14,68473.0,D Ferreira,right,20030.0,KS Yadav,left,6.0,India,left unorthodox,6.0,spin,2025-12-14 14:33:27,4.624,-0.034,2.0,-0.338,0.701,1.0,1.0,106032255.0,348.0,100.0,172.0,3.0,6.0,6.0,True,True,True,False,,,,,off stump,,slog sweep,,controlled,deep square leg,,,,,keyword,6,,False,False,False,False,False,False,False,True,False,
1,3,South Africa,SA,1,12,KS Yadav,10,0,0,58/5,10.00,11.06,11.6,1,1,"Yadav to Ferreira, 1 run",,"Kuldeep Yadav bowls a stock delivery down leg at back of a length. Donovan Ferreira pulls it with steady connection and gets a single, fielded by Harshit Rana at deep square leg.",974d7e6a-7dc3-4a17-ab2c-4daffc655d59,227568,"India v South Africa at Dharamsala, 3rd T20I, 14 Dec 2025",8599,South Africa in India,2025/26,"Himachal Pradesh Cricket Association Stadium, Dharamsala",Twenty20 international,2025-12-14,68473.0,D Ferreira,right,20030.0,KS Yadav,left,6.0,India,left unorthodox,6.0,spin,2025-12-14 14:34:05,6.966,0.206,3.0,0.381,0.733,3.0,1.0,106032258.0,357.0,95.0,160.0,3.0,1.0,1.0,True,True,True,False,,,,back of a length,down leg,,pull,,,deep square leg,Harshit Rana at deep square leg,,,,keyword,1,,False,False,False,False,False,False,False,False,False,
1,3,South Africa,SA,1,13,SR Dube,9,0,0,67/5,9.00,12.01,12.1,1,1,"Dube to Ferreira, 1 run",Shivam Dube continues their spell,"Shivam Dube bowls a length ball on off stump. Donovan Ferreira attempts a slog but mis-times it, only managing a single. Arshdeep Singh fields sharply at long on.",974d7e6a-7dc3-4a17-ab2c-4daffc655d59,227568,"India v South Africa at Dharamsala, 3rd T20I, 14 Dec 2025",8599,South Africa in India,2025/26,"Himachal Pradesh Cricket Association Stadium, Dharamsala",Twenty20 international,2025-12-14,68473.0,D Ferreira,right,63520.0,SR Dube,right,6.0,India,right pace,2.0,pace,2025-12-14 14:35:09,5.821,-0.025,3.0,0.206,0.636,3.0,1.0,106032261.0,284.0,90.0,164.0,4.0,1.0,1.0,True,True,True,False,,,,length ball,off stump,,slog,,,long on,,,,,keyword,1,,False,False,False,False,False,False,False,False,False,
1,3,South Africa,SA,1,13,SR Dube,9,0,0,67/5,9.00,12.02,12.2,1,1,"Dube to Markram, 1 run",,"Dube bowls a length ball just outside off stump. Markram calmly drives it along the ground to long off, securing a single.",974d7e6a-7dc3-4a17-ab2c-4daffc655d59,227568,"India v South Africa at Dharamsala, 3rd T20I, 14 Dec 2025",8599,South Africa in India,2025/26,"Himachal Pradesh Cricket Association Stadium, Dharamsala",Twenty20 international,2025-12-14,27774.0,AK Markram,right,63520.0,SR Dube,right,6.0,India,right pace,2.0,pace,2025-12-14 14:35:42,5.563,-0.171,3.0,0.072,0.588,2.0,1.0,106032264.0,265.0,90.0,165.0,5.0,1.0,1.0,True,True,True,False,,,,length ball,outside off,,drive,along the ground,,long off,,,,,keyword,1,,False,False,False,False,False,False,False,False,False,
1,3,South Africa,SA,1,13,SR Dube,9,0,0,67/5,9.00,12.03,12.3,1,1,"Dube to Ferreira, 1 run",,"Dube bowls an off cutter wide outside off on the back of a length. Ferreira attempts a slog but mistimes it, taking a single thanks to a dropped catch.",974d7e6a-7dc3-4a17-ab2c-4daffc655d59,227568,"India v South Africa at Dharamsala, 3rd T20I, 14 Dec 2025",8599,South Africa in India,2025/26,"Himachal Pradesh Cricket Association Stadium, Dharamsala",Twenty20 international,2025-12-14,68473.0,D Ferreira,right,63520.0,SR Dube,right,6.0,India,right pace,2.0,pace,2025-12-14 14:36:19,,,,,,,,106032265.0,287.0,95.0,168.0,4.0,1.0,1.0,False,False,True,False,,,,back of a length,wide outside off,,drop,,,,,,,,keyword,1,,False,False,False,False,False,False,False,False,False,
1,3,South Africa,SA,1,13,SR Dube,9,0,0,67/5,9.00,12.04,12.4,1,1,"Dube to Markram, 1 run",,"Shivam Dube bowls a length ball outside off. Aiden Markram works it with a controlled shot, safely fielded by Arshdeep Singh at long on for a single.",974d7e6a-7dc3-4a17-ab2c-4daffc655d59,227568,"India v South Africa at Dharamsala, 3rd T20I, 14 Dec 2025",8599,South Africa in India,2025/26,"Himachal Pradesh Cricket Association Stadium, Dharamsala",Twenty20 international,2025-12-14,27774.0,AK Markram,right,63520.0,SR Dube,right,6.0,India,right pace,2.0,pace,2025-12-14 14:36:55,,,,,,,,106032268.0,283.0,90.0,158.0,4.0,1.0,1.0,False,False,True,False,,,,length ball,outside off,,work,,controlled,long on,Arshdeep Singh at long on for a single,,,,keyword,1,,False,False,False,False,False,False,False,False,False,
1,3,South Africa,SA,1,13,SR Dube,9,0,0,67/5,9.00,12.05,12.5,4,4,"Dube to Ferreira, 4 runs",,"Dube bowls a short off cutter, wide outside off. Ferreira pulls it with excellent timing through mid-wicket for four.",974d7e6a-7dc3-4a17-ab2c-4daffc655d59,227568,"India v South Africa at Dharamsala, 3rd T20I, 14 Dec 2025",8599,South Africa in India,2025/26,"Himachal Pradesh Cricket Association Stadium, Dharamsala",Twenty20 international,2025-12-14,68473.0,D Ferreira,right,63520.0,SR Dube,right,6.0,India,right pace,2.0,pace,2025-12-14 14:37:36,,,,,,,,106032271.0,324.0,100.0,176.0,3.0,4.0,4.0,False,False,True,False,,,,short,wide outside off,,pull,,,,,,,,keyword,4,,False,False,False,False,False,False,True,False,False,
1,3,South Africa,SA,1,13,SR Dube,9,0,0,67/5,9.00,12.06,12.6,1,1,"Dube to Ferreira, 1 run",,"Shivam Dube bowls an off cutter, pitching wide outside off on the back of a length. Donovan Ferreira plays a controlled cut and takes a single to deep backward point, fielded by Harshit Rana.",974d7e6a-7dc3-4a17-ab2c-4daffc655d59,227568,"India v South Africa at Dharamsala, 3rd T20I, 14 Dec 2025",8599,South Africa in India,2025/26,"Himachal Pradesh Cricket Association Stadium, Dharamsala",Twenty20 international,2025-12-14,68473.0,D Ferreira,right,63520.0,SR Dube,right,6.0,India,right pace,2.0,pace,2025-12-14 14:38:16,,,,,,,,106032273.0,178.0,90.0,154.0,7.0,1.0,1.0,False,False,True,False,,,,back of a length,wide outside off,,cut,,controlled,deep backward point,Harshit Rana,,,,keyword,1,,False,False,False,False,False,False,False,False,False,
1,3,South Africa,SA,1,14,V Chakravarthy,2,1,1,69/6,1.00,13.01,13.1,1,1,"Chakravarthy to Ferreira, 1 run",Varun Chakravarthy takes the ball for their 2nd spell,"Varun Chakravarthy bowls a leg spinner short outside off. Donovan Ferreira drives with a neutral connection and comfortably takes a single, fielded by Tilak Varma at long off.",974d7e6a-7dc3-4a17-ab2c-4daffc655d59,227568,"India v South Africa at Dharamsala, 3rd T20I, 14 Dec 2025",8599,South Africa in India,2025/26,"Himachal Pradesh Cricket Association Stadium, Dharamsala",Twenty20 international,2025-12-14,68473.0,D Ferreira,right,68649.0,V Chakravarthy,right,6.0,India,leg break,4.0,spin,2025-12-14 14:39:10,,,,,,,,106032276.0,256.0,90.0,158.0,5.0,1.0,1.0,False,False,True,False,,,,short,outside off,,drive,,,long off,Tilak Varma at long off,,,,keyword,1,,False,False,False,False,False,False,False,False,False,
1,3,South Africa,SA,1,14,V Chakravarthy,2,1,1,69/6,1.00,13.02,13.2,1,1ˡᵇ,"Chakravarthy to Markram, 1 run",,"Varun Chakravarthy bowls a googly, pitched on off stump at length. Aiden Markram works the ball but misses, it strikes his pads before being fielded by Shivam Dube at short fine leg. A leg bye added to the total.",974d7e6a-7dc3-4a17-ab2c-4daffc655d59,227568,"India v South Africa at Dharamsala, 3rd T20I, 14 Dec 2025",8599,South Africa in India,2025/26,"Himachal Pradesh Cricket Association Stadium, Dharamsala",Twenty20 international,2025-12-14,,,,,,,,,,,,,,,,,,,,,,,,,,,False,False,False,False,,,,short,off stump,,work,,,short fine leg,Shivam Dube at short fine leg,,,,keyword,1,leg bye,False,False,False,False,True,False,False,False,False,
1,3,South Africa,SA,1,14,V Chakravarthy,2,1,1,69/6,1.00,13.03,13.3,0,W,"Chakravarthy to Ferreira, out!",,"Varun Chakravarthy bowls a googly length ball outside off. Donovan Ferreira attempts a slog-sweep but misses, and he's bowled cleanly! Donovan Ferreira's innings comes to an end at 20 runs from 15 balls.",974d7e6a-7dc3-4a17-ab2c-4daffc655d59,227568,"India v South Africa at Dharamsala, 3rd T20I, 14 Dec 2025",8599,South Africa in India,2025/26,"Himachal Pradesh Cricket Association Stadium, Dharamsala",Twenty20 international,2025-12-14,,,,,,,,,,,,,,,,,,,,,,,,,,,False,False,False,False,,,,length ball,outside off,,slog sweep,,,,,bowled,,,keyword,0,,True,False,False,False,False,False,False,False,False,commentary
1,3,South Africa,SA,1,14,V Chakravarthy,2,1,1,69/6,1.00,13.04,13.4,0,0,"Chakravarthy to Jansen, no run",Marco Jansen heads to the crease. ,"Varun Chakravarthy bowls a googly, pitching a length outside off. Marco Jansen pushes it cautiously into the ground; no run.",974d7e6a-7dc3-4a17-ab2c-4daffc655d59,227568,"India v South Africa at Dharamsala, 3rd T20I, 14 Dec 2025",8599,South Africa in India,2025/26,"Himachal Pradesh Cricket Association Stadium, Dharamsala",Twenty20 international,2025-12-14,,,,,,,,,,,,,,,,,,,,,,,,,,,False,False,False,False,,,,,outside off,,push,,,,,,,,keyword,0,,False,False,False,False,False,False,False,False,True,
1,3,South Africa,SA,1,14,V Chakravarthy,2,1,1,69/6,1.00,13.05,13.5,0,0,"Chakravarthy to Jansen, no run",,"Chakravarthy bowls a googly outside off at back of a length. Jansen defends cautiously, no run.",974d7e6a-7dc3-4a17-ab2c-4daffc655d59,227568,"India v South Africa at Dharamsala, 3rd T20I, 14 Dec 2025",8599,South Africa in India,2025/26,"Himachal Pradesh Cricket Association Stadium, Dharamsala",Twenty20 international,2025-12-14,,,,,,,,,,,,,,,,,,,,,,,,,,,False,False,False,False,,,,back of a length,outside off,,,,,,,,,,keyword,0,,False,False,False,False,False,False,False,False,True,
1,3,South Africa,SA,1,14,V Chakravarthy,2,1,1,69/6,1.00,13.06,13.6,0,0,"Chakravarthy to Jansen, no run",,"Chakravarthy delivers a leg spin outside off, pitching up on length. Jansen pushes it cautiously for no run, ending the over.",974d7e6a-7dc3-4a17-ab2c-4daffc655d59,227568,"India v South Africa at Dharamsala, 3rd T20I, 14 Dec 2025",8599,South Africa in India,2025/26,"Himachal Pradesh Cricket Association Stadium, Dharamsala",Twenty20 international,2025-12-14,,,,,,,,,,,,,,,,,,,,,,,,,,,False,False,False,False,,,,,outside off,,push,,,,,,,,keyword,0,,False,False,False,False,False,False,False,False,True,
1,3,South Africa,SA,1,15,SR Dube,8,0,0,77/6,8.00,14.01,14.1,1,1,"Dube to Markram, 1 run",Shivam Dube continues their spell,"Shivam Dube bowls a back of a length ball outside off. Aiden Markram works it with a controlled touch and takes a single towards long on, fielded by Hardik Pandya.",974d7e6a-7dc3-4a17-ab2c-4daffc655d59,227568,"India v South Africa at Dharamsala, 3rd T20I, 14 Dec 2025",8599,South Africa in India,2025/26,"Himachal Pradesh Cricket Association Stadium, Dharamsala",Twenty20 international,2025-12-14,27774.0,AK Markram,right,63520.0,SR Dube,right,6.0,India,right pace,2.0,pace,2025-12-14 14:44:26,,,,,,,,106032300.0,286.0,80.0,146.0,4.0,1.0,1.0,False,False,True,False,,,,back of a length,outside off,,work,,controlled,long on,Hardik Pandya,,,,keyword,1,,False,False,False,False,False,False,False,False,False,
1,3,South Africa,SA,1,15,SR Dube,8,0,0,77/6,8.00,14.02,14.2,1,1,"Dube to Jansen, 1 run",,"Dube bowls a length ball on off stump. Jansen flicks it neatly for one run to deep square leg, with Arshdeep Singh fielding. Marco Jansen gets off the mark, giving South Africa a positive start.",974d7e6a-7dc3-4a17-ab2c-4daffc655d59,227568,"India v South Africa at Dharamsala, 3rd T20I, 14 Dec 2025",8599,South Africa in India,2025/26,"Himachal Pradesh Cricket Association Stadium, Dharamsala",Twenty20 international,2025-12-14,68021.0,M Jansen,right,63520.0,SR Dube,right,6.0,India,right pace,2.0,pace,2025-12-14 14:45:16,,,,,,,,106032304.0,351.0,90.0,153.0,3.0,1.0,1.0,False,False,True,False,,,,length ball,off stump,,flick,,,deep square leg,,,,,keyword,1,,False,False,False,False,False,False,False,False,False,
1,3,South Africa,SA,1,15,SR Dube,8,0,0,77/6,8.00,14.03,14.3,1,1,"Dube to Markram, 1 run",,Dube delivers a back of a length ball just outside off. Markram works it towards long on and takes a single.,974d7e6a-7dc3-4a17-ab2c-4daffc655d59,227568,"India v South Africa at Dharamsala, 3rd T20I, 14 Dec 2025",8599,South Africa in India,2025/26,"Himachal Pradesh Cricket Association Stadium, Dharamsala",Twenty20 international,2025-12-14,27774.0,AK Markram,right,63520.0,SR Dube,right,6.0,India,right pace,2.0,pace,2025-12-14 14:45:51,,,,,,,,106032307.0,281.0,85.0,149.0,4.0,1.0,1.0,False,False,True,False,,,,back of a length,outside off,,work,,,long on,,,,,keyword,1,,False,False,False,False,False,False,False,False,False,
1,3,South Africa,SA,1,15,SR Dube,8,0,0,77/6,8.00,14.04,14.4,0,0,"Dube to Jansen, no run",,"Dube bowls a length ball outside off. Jansen plays a solid defensive shot, keeping it on the ground. No run.",974d7e6a-7dc3-4a17-ab2c-4daffc655d59,227568,"India v South Africa at Dharamsala, 3rd T20I, 14 Dec 2025",8599,South Africa in India,2025/26,"Himachal Pradesh Cricket Association Stadium, Dharamsala",Twenty20 international,2025-12-14,,,,,,,,,,,,,,,,,,,,,,,,,,,False,False,False,False,,,,length ball,outside off,,,,,,,,,,keyword,0,,False,False,False,False,False,False,False,False,True,
1,3,South Africa,SA,1,15,SR Dube,8,0,0,77/6,8.00,14.05,14.5,1,1,"Dube to Jansen, 1 run",,"Shivam Dube bowls a short ball outside off stump. Marco Jansen attempts a pull shot and manages a bottom edge for a single, with Jitesh Sharma saving a run at the stumps.",974d7e6a-7dc3-4a17-ab2c-4daffc655d59,227568,"India v South Africa at Dharamsala, 3rd T20I, 14 Dec 2025",8599,South Africa in India,2025/26,"Himachal Pradesh Cricket Association Stadium, Dharamsala",Twenty20 international,2025-12-14,,,,,,,,,,,,,,,,,,,,,,,,,,,False,False,False,False,,,,short,outside off,,pull,,,,,,,,keyword,1,,False,False,False,False,False,False,False,False,False,
1,3,South Africa,SA,1,15,SR Dube,8,0,0,77/6,8.00,14.06,14.6,4,4,"Dube to Markram, 4 runs",,"A back of a length ball on off stump comes in with no movement. Markram attempts a drive but mistimes it, sending the ball flying uncontrolled through cover for four.",974d7e6a-7dc3-4a17-ab2c-4daffc655d59,227568,"India v South Africa at Dharamsala, 3rd T20I, 14 Dec 2025",8599,South Africa in India,2025/26,"Himachal Pradesh Cricket Association Stadium, Dharamsala",Twenty20 international,2025-12-14,27774.0,AK Markram,right,63520.0,SR Dube,right,6.0,India,right pace,2.0,pace,2025-12-14 14:47:42,,,,,,,,106032317.0,202.0,100.0,174.0,6.0,4.0,4.0,False,False,True,False,,,,back of a length,off stump,no movement,drive,,uncontrolled,cover,,,,,keyword,4,,False,False,False,False,False,False,True,False,False,
1,3,South Africa,SA,1,16,V Chakravarthy,4,0,1,81/7,4.00,15.01,15.1,0,W,"Chakravarthy to Jansen, out!",Varun Chakravarthy continues their spell,"Over the wicket. Length ball, outside off, front foot, forward defensive. OUT! Marco Jansen bowled - 2(7)",974d7e6a-7dc3-4a17-ab2c-4daffc655d59,227568,"India v South Africa at Dharamsala, 3rd T20I, 14 Dec 2025",8599,South Africa in India,2025/26,"Himachal Pradesh Cricket Association Stadium, Dharamsala",Twenty20 international,2025-12-14,,,,,,,,,,,,,,,,,,,,,,,,,,,False,False,False,False,over the wicket,,,length ball,outside off,front foot,forward defensive,,,,,bowled,Marco Jansen,2,template_arm,0,,True,False,False,False,False,False,False,False,False,commentary
1,3,South Africa,SA,1,16,V Chakravarthy,4,0,1,81/7,4.00,15.02,15.2,0,0,"Chakravarthy to Nortje, no run",Anrich Nortje heads to the crease. ,Varun Chakravarthy bowls a googly pitching outside off stump on a length. Anrich Nortje pushes it cautiously towards extra cover. No run added to the scoreboard.,974d7e6a-7dc3-4a17-ab2c-4daffc655d59,227568,"India v South Africa at Dharamsala, 3rd T20I, 14 Dec 2025",8599,South Africa in India,2025/26,"Himachal Pradesh Cricket Association Stadium, Dharamsala",Twenty20 international,2025-12-14,,,,,,,,,,,,,,,,,,,,,,,,,,,False,False,False,False,,,,,outside off,,push,,,extra cover,,,,,keyword,0,,False,False,False,False,False,False,False,False,True,
1,3,South Africa,SA,1,16,V Chakravarthy,4,0,1,81/7,4.00,15.03,15.3,0,0,"Chakravarthy to Nortje, no run",,"Chakravarthy bowls a googly pitching outside off on length. Nortje defends it with bat-pad, no run.",974d7e6a-7dc3-4a17-ab2c-4daffc655d59,227568,"India v South Africa at Dharamsala, 3rd T20I, 14 Dec 2025",8599,South Africa in India,2025/26,"Himachal Pradesh Cricket Association Stadium, Dharamsala",Twenty20 international,2025-12-14,,,,,,,,,,,,,,,,,,,,,,,,,,,False,False,False,False,,,,,outside off,,pad,,,,,,,,keyword,0,,False,False,False,False,False,False,False,False,True,
1,3,South Africa,SA,1,16,V Chakravarthy,4,0,1,81/7,4.00,15.04,15.4,2,2,"Chakravarthy to Nortje, 2 runs",,"Varun Chakravarthy delivers a googly outside off at a back of a length. Anrich Nortje drives it with a controlled shot for two runs, nicely fielded by Arshdeep Singh at deep cover. Anrich Nortje gets off the mark with a stylish two-run shot.",974d7e6a-7dc3-4a17-ab2c-4daffc655d59,227568,"India v South Africa at Dharamsala, 3rd T20I, 14 Dec 2025",8599,South Africa in India,2025/26,"Himachal Pradesh Cricket Association Stadium, Dharamsala",Twenty20 international,2025-12-14,23659.0,AA Nortje,right,68649.0,V Chakravarthy,right,6.0,India,leg break,4.0,spin,2025-12-14 14:51:31,,,,,,,,106032335.0,204.0,90.0,154.0,6.0,2.0,2.0,False,False,True,False,,,,back of a length,outside off,,drive,,controlled,deep cover,Arshdeep Singh at deep cover,,,,keyword,2,,False,False,False,False,False,False,False,False,False,
1,3,South Africa,SA,1,16,V Chakravarthy,4,0,1,81/7,4.00,15.05,15.5,1,1,"Chakravarthy to Nortje, 1 run",,"Varun Chakravarthy bowls a length googly outside off. Anrich Nortje works it with controlled precision, nudging it for a single to long on where Shubman Gill fields swiftly.",974d7e6a-7dc3-4a17-ab2c-4daffc655d59,227568,"India v South Africa at Dharamsala, 3rd T20I, 14 Dec 2025",8599,South Africa in India,2025/26,"Himachal Pradesh Cricket Association Stadium, Dharamsala",Twenty20 international,2025-12-14,23659.0,AA Nortje,right,68649.0,V Chakravarthy,right,6.0,India,leg break,4.0,spin,2025-12-14 14:52:06,,,,,,,,106032337.0,286.0,90.0,158.0,4.0,1.0,1.0,False,False,True,False,,,,,outside off,,work,,controlled,long on,,,,,keyword,1,,False,False,False,False,False,False,False,False,False,
1,3,South Africa,SA,1,16,V Chakravarthy,4,0,1,81/7,4.00,15.06,15.6,1,1,"Chakravarthy to Markram, 1 run",,"Varun bowls a googly pitching back of a length just outside off. Aiden Markram works it carefully, taking a single to end the over.",974d7e6a-7dc3-4a17-ab2c-4daffc655d59,227568,"India v South Africa at Dharamsala, 3rd T20I, 14 Dec 2025",8599,South Africa in India,2025/26,"Himachal Pradesh Cricket Association Stadium, Dharamsala",Twenty20 international,2025-12-14,27774.0,AK Markram,right,68649.0,V Chakravarthy,right,6.0,India,leg break,4.0,spin,2025-12-14 14:52:42,,,,,,,,106032340.0,12.0,85.0,148.0,2.0,1.0,1.0,False,False,True,False,,,,back of a length,outside off,,work,,,,,,,,keyword,1,,False,False,False,False,False,False,False,False,False,
1,3,South Africa,SA,1,17,HH Pandya,11,1,0,92/7,10.00,16.01,16.1,2,2,"Pandya to Markram, 2 runs",Hardik Pandya takes the ball for their 2nd spell,"Hardik Pandya bowls a short ball pitching outside off. Aiden Markram plays a controlled pull shot, running two runs to deep mid-wicket with Tilak Varma fielding.",974d7e6a-7dc3-4a17-ab2c-4daffc655d59,227568,"India v South Africa at Dharamsala, 3rd T20I, 14 Dec 2025",8599,South Africa in India,2025/26,"Himachal Pradesh Cricket Association Stadium, Dharamsala",Twenty20 international,2025-12-14,27774.0,AK Markram,right,16093.0,HH Pandya,right,6.0,India,right pace,2.0,pace,2025-12-14 14:53:55,,,,,,,,106032347.0,301.0,95.0,165.0,4.0,2.0,2.0,False,False,True,False,,,,short,outside off,,pull,,controlled,,,,,,keyword,2,,False,False,False,False,False,False,False,False,False,
1,3,South Africa,SA,1,17,HH Pandya,11,1,0,92/7,10.00,16.02,16.2,0,0,"Pandya to Markram, no run",,"Pandya delivers a back of a length ball on off stump. Markram attempts a cut but fails to time it, resulting in no run.",974d7e6a-7dc3-4a17-ab2c-4daffc655d59,227568,"India v South Africa at Dharamsala, 3rd T20I, 14 Dec 2025",8599,South Africa in India,2025/26,"Himachal Pradesh Cricket Association Stadium, Dharamsala",Twenty20 international,2025-12-14,,,,,,,,,,,,,,,,,,,,,,,,,,,False,False,False,False,,,,back of a length,off stump,,cut,,,,,,,,keyword,0,,False,False,False,False,False,False,False,False,True,
1,3,South Africa,SA,1,17,HH Pandya,11,1,0,92/7,10.00,16.03,16.3,1,1,"Pandya to Markram, 1 run",,"Hardik Pandya bowls a length ball just outside off stump. Aiden Markram plays a controlled drive along the ground, settling for a single to long on where Shivam Dube fields it.",974d7e6a-7dc3-4a17-ab2c-4daffc655d59,227568,"India v South Africa at Dharamsala, 3rd T20I, 14 Dec 2025",8599,South Africa in India,2025/26,"Himachal Pradesh Cricket Association Stadium, Dharamsala",Twenty20 international,2025-12-14,27774.0,AK Markram,right,16093.0,HH Pandya,right,6.0,India,right pace,2.0,pace,2025-12-14 14:55:15,,,,,,,,106032351.0,278.0,90.0,158.0,4.0,1.0,1.0,False,False,True,False,,,,length ball,outside off,,drive,along the ground,controlled,long on,,,,,keyword,1,,False,False,False,False,False,False,False,False,False,
1,3,South Africa,SA,1,17,HH Pandya,11,1,0,92/7,10.00,16.04,16.4,1,1,"Pandya to Nortje, 1 run",,"Hardik Pandya bowls a length ball just outside off. Anrich Nortje drives it with a controlled stroke and takes a single, fielded by Shivam Dube at long on.",974d7e6a-7dc3-4a17-ab2c-4daffc655d59,227568,"India v South Africa at Dharamsala, 3rd T20I, 14 Dec 2025",8599,South Africa in India,2025/26,"Himachal Pradesh Cricket Association Stadium, Dharamsala",Twenty20 international,2025-12-14,23659.0,AA Nortje,right,16093.0,HH Pandya,right,6.0,India,right pace,2.0,pace,2025-12-14 14:56:08,,,,,,,,106032353.0,278.0,85.0,153.0,4.0,1.0,1.0,False,False,True,False,,,,length ball,outside off,,drive,,controlled,long on,Shivam Dube at long on,,,,keyword,1,,False,False,False,False,False,False,False,False,False,
1,3,South Africa,SA,1,17,HH Pandya,11,1,0,92/7,10.00,16.05,16.5,1,1ˡᵇ,"Pandya to Markram, 1 run",,"Hardik Pandya bowls a seaming-in delivery outside off stump, back of a length. Aiden Markram works the ball off his body towards cover, resulting in a leg bye.",974d7e6a-7dc3-4a17-ab2c-4daffc655d59,227568,"India v South Africa at Dharamsala, 3rd T20I, 14 Dec 2025",8599,South Africa in India,2025/26,"Himachal Pradesh Cricket Association Stadium, Dharamsala",Twenty20 international,2025-12-14,,,,,,,,,,,,,,,,,,,,,,,,,,,False,False,False,False,,,,back of a length,outside off,,work,,,cover,,,,,keyword,1,leg bye,False,False,False,False,True,False,False,False,False,
1,3,South Africa,SA,1,17,HH Pandya,11,1,0,92/7,10.00,16.06,16.6,6,6,"Pandya to Nortje, 6 runs",,"Hardik Pandya delivers a short ball seaming in, outside off. Anrich Nortje pulls it with a perfect middle connection over deep square leg for six.",974d7e6a-7dc3-4a17-ab2c-4daffc655d59,227568,"India v South Africa at Dharamsala, 3rd T20I, 14 Dec 2025",8599,South Africa in India,2025/26,"Himachal Pradesh Cricket Association Stadium, Dharamsala",Twenty20 international,2025-12-14,23659.0,AA Nortje,right,16093.0,HH Pandya,right,6.0,India,right pace,2.0,pace,2025-12-14 14:57:45,,,,,,,,106032365.0,351.0,100.0,172.0,3.0,6.0,6.0,False,False,True,False,,,,short,outside off,,pull,,,deep square leg,,,,,keyword,6,,False,False,False,False,False,False,False,True,False,
1,3,South Africa,SA,1,18,HP Rana,19,1,0,111/7,18.00,17.01,17.1,4,4,"Rana to Markram, 4 runs",Harshit Rana takes the ball for their 2nd spell,"Rana delivers an off cutter pitched full outside off. Markram plays a well-timed drive, piercing the third man boundary with ease.",974d7e6a-7dc3-4a17-ab2c-4daffc655d59,227568,"India v South Africa at Dharamsala, 3rd T20I, 14 Dec 2025",8599,South Africa in India,2025/26,"Himachal Pradesh Cricket Association Stadium, Dharamsala",Twenty20 international,2025-12-14,27774.0,AK Markram,right,77153.0,HP Rana,right,6.0,India,right pace,1.0,pace,2025-12-14 14:58:56,,,,,,,,106032369.0,147.0,100.0,165.0,7.0,4.0,4.0,False,False,True,False,,,,full,outside off,,drive,,,,,,,,keyword,4,,False,False,False,False,False,False,True,False,False,
1,3,South Africa,SA,1,18,HP Rana,19,1,0,111/7,18.00,17.02,17.2,6,6,"Rana to Markram, 6 runs",,"A length no movement ball on off stump, driven with perfect timing by Aiden Markram, sending it soaring over cover for a six. Markram's second boundary this over, reaching a classy 50 off 41 balls. South Africa moves to 102 for 7.",974d7e6a-7dc3-4a17-ab2c-4daffc655d59,227568,"India v South Africa at Dharamsala, 3rd T20I, 14 Dec 2025",8599,South Africa in India,2025/26,"Himachal Pradesh Cricket Association Stadium, Dharamsala",Twenty20 international,2025-12-14,27774.0,AK Markram,right,77153.0,HP Rana,right,6.0,India,right pace,1.0,pace,2025-12-14 14:59:38,,,,,,,,106032371.0,209.0,100.0,175.0,6.0,6.0,6.0,False,False,True,False,,,,,off stump,no movement,drive,,,cover,,,,,keyword,6,,False,False,False,False,False,False,False,True,False,
1,3,South Africa,SA,1,18,HP Rana,19,1,0,111/7,18.00,17.03,17.3,1,1,"Rana to Markram, 1 run",,"Harshit Rana bowls an off cutter short and wide outside off. Markram attempts a cut shot but mis-times it, steering the ball along the ground for a single, fielded cleanly by Suryakumar Yadav at extra cover.",974d7e6a-7dc3-4a17-ab2c-4daffc655d59,227568,"India v South Africa at Dharamsala, 3rd T20I, 14 Dec 2025",8599,South Africa in India,2025/26,"Himachal Pradesh Cricket Association Stadium, Dharamsala",Twenty20 international,2025-12-14,27774.0,AK Markram,right,77153.0,HP Rana,right,6.0,India,right pace,1.0,pace,2025-12-14 15:00:36,,,,,,,,106032374.0,236.0,45.0,81.0,5.0,1.0,1.0,False,False,True,False,,,,short,wide outside off,,steer,along the ground,,extra cover,,,,,keyword,1,,False,False,False,False,False,False,False,False,False,
1,3,South Africa,SA,1,18,HP Rana,19,1,0,111/7,18.00,17.04,17.4,1,1ᵇ,"Rana to Nortje, 1 run",,"Harshit Rana sends down a full toss down leg. Anrich Nortje attempts to work it but misses, and a misfield by keeper Jitesh Sharma lets the bye slip through.",974d7e6a-7dc3-4a17-ab2c-4daffc655d59,227568,"India v South Africa at Dharamsala, 3rd T20I, 14 Dec 2025",8599,South Africa in India,2025/26,"Himachal Pradesh Cricket Association Stadium, Dharamsala",Twenty20 international,2025-12-14,,,,,,,,,,,,,,,,,,,,,,,,,,,False,False,False,False,,,,full toss,down leg,,work,,,,,,,,keyword,1,bye,False,False,False,True,False,False,False,False,False,
1,3,South Africa,SA,1,18,HP Rana,19,1,0,111/7,18.00,17.05,17.5,6,6,"Rana to Markram, 6 runs",,"Harshit Rana delivers an off cutter outside off at a short length. Aiden Markram pulls it with perfect timing, sending it soaring over long on for six. Markram now has three boundaries this over, including two sixes, totaling 18 runs in the 18th over alone!",974d7e6a-7dc3-4a17-ab2c-4daffc655d59,227568,"India v South Africa at Dharamsala, 3rd T20I, 14 Dec 2025",8599,South Africa in India,2025/26,"Himachal Pradesh Cricket Association Stadium, Dharamsala",Twenty20 international,2025-12-14,27774.0,AK Markram,right,77153.0,HP Rana,right,6.0,India,right pace,1.0,pace,2025-12-14 15:02:04,,,,,,,,106032382.0,278.0,100.0,180.0,4.0,6.0,6.0,False,False,True,False,,,,short,outside off,,pull,,,long on,,,,,keyword,6,,False,False,False,False,False,False,False,True,False,
1,3,South Africa,SA,1,18,HP Rana,19,1,0,111/7,18.00,17.06,17.6,1,1,"Rana to Markram, 1 run",,Aiden Markram drives a length ball outside off; the shot is well-timed but only yields a single due to a fielding miscue. That takes the tally to 19 runs in this over!,974d7e6a-7dc3-4a17-ab2c-4daffc655d59,227568,"India v South Africa at Dharamsala, 3rd T20I, 14 Dec 2025",8599,South Africa in India,2025/26,"Himachal Pradesh Cricket Association Stadium, Dharamsala",Twenty20 international,2025-12-14,27774.0,AK Markram,right,77153.0,HP Rana,right,6.0,India,right pace,1.0,pace,2025-12-14 15:02:49,,,,,,,,106032384.0,241.0,85.0,152.0,5.0,1.0,1.0,False,False,True,False,,,,length ball,outside off,,drive,,,,,,,,keyword,1,,False,False,False,False,False,False,False,False,False,
1,3,South Africa,SA,1,19,Arshdeep Singh,4,0,1,115/8,4.00,18.01,18.1,1,1,"Singh to Markram, 1 run",Arshdeep Singh takes the ball for their 2nd spell,"Arshdeep Singh delivers a reverse out swinger as a full toss wide outside off. Markram attempts a cut shot but mistimes it, managing just a single. The ball is fielded safely by Abhishek Sharma at deep cover.",974d7e6a-7dc3-4a17-ab2c-4daffc655d59,227568,"India v South Africa at Dharamsala, 3rd T20I, 14 Dec 2025",8599,South Africa in India,2025/26,"Himachal Pradesh Cricket Association Stadium, Dharamsala",Twenty20 international,2025-12-14,27774.0,AK Markram,right,67190.0,Arshdeep Singh,left,6.0,India,left pace,1.0,pace,2025-12-14 15:04:07,,,,,,,,106032387.0,198.0,95.0,158.0,6.0,1.0,1.0,False,False,True,False,,,,full toss,wide outside off,,cut,,,deep cover,,,,,keyword,1,,False,False,False,False,False,False,False,False,False,
1,3,South Africa,SA,1,19,Arshdeep Singh,4,0,1,115/8,4.00,18.02,18.2,1,1,"Singh to Nortje, 1 run",,"Arshdeep Singh delivers a reverse outswing full toss pitching outside off. Anrich Nortje executes a controlled cut shot, nudging the ball for a single towards deep cover where Abhishek Sharma fields it cleanly.",974d7e6a-7dc3-4a17-ab2c-4daffc655d59,227568,"India v South Africa at Dharamsala, 3rd T20I, 14 Dec 2025",8599,South Africa in India,2025/26,"Himachal Pradesh Cricket Association Stadium, Dharamsala",Twenty20 international,2025-12-14,23659.0,AA Nortje,right,67190.0,Arshdeep Singh,left,6.0,India,left pace,1.0,pace,2025-12-14 15:04:53,,,,,,,,106032390.0,182.0,95.0,158.0,6.0,1.0,1.0,False,False,True,False,,,,full toss,outside off,,cut,,controlled,deep cover,,,,,keyword,1,,False,False,False,False,False,False,False,False,False,
1,3,South Africa,SA,1,19,Arshdeep Singh,4,0,1,115/8,4.00,18.03,18.3,0,W,"Singh to Markram, out!",,"Arshdeep Singh bowls a full-length reverse out swinger outside off. Aiden Markram attempts a drive but edges it, caught by wicketkeeper Jitesh Sharma. No run. Aiden Markram's impressive innings comes to an end at 61 runs from 46 balls.",974d7e6a-7dc3-4a17-ab2c-4daffc655d59,227568,"India v South Africa at Dharamsala, 3rd T20I, 14 Dec 2025",8599,South Africa in India,2025/26,"Himachal Pradesh Cricket Association Stadium, Dharamsala",Twenty20 international,2025-12-14,,,,,,,,,,,,,,,,,,,,,,,,,,,False,False,False,True,,,,full,outside off,,drive,,,,wicketkeeper Jitesh Sharma,caught,,,keyword,0,,True,False,False,False,False,False,False,False,False,commentary
1,3,South Africa,SA,1,19,Arshdeep Singh,4,0,1,115/8,4.00,18.04,18.4,0,0,"Singh to Ngidi, no run",Lungi Ngidi heads to the crease. ,"Arshdeep Singh delivers a back of a length ball outside off stump. Lungi Ngidi attempts to push but misses, resulting in a dot ball.",974d7e6a-7dc3-4a17-ab2c-4daffc655d59,227568,"India v South Africa at Dharamsala, 3rd T20I, 14 Dec 2025",8599,South Africa in India,2025/26,"Himachal Pradesh Cricket Association Stadium, Dharamsala",Twenty20 international,2025-12-14,,,,,,,,,,,,,,,,,,,,,,,,,,,False,False,False,False,,,,back of a length,outside off,,push,,,,,,,,keyword,0,,False,False,False,False,False,False,False,False,True,
1,3,South Africa,SA,1,19,Arshdeep Singh,4,0,1,115/8,4.00,18.05,18.5,1,1,"Singh to Ngidi, 1 run",,Arshdeep Singh bowls a length ball outside off. Lungi Ngidi drives it with control for a single. Lungi Ngidi gets off the mark.,974d7e6a-7dc3-4a17-ab2c-4daffc655d59,227568,"India v South Africa at Dharamsala, 3rd T20I, 14 Dec 2025",8599,South Africa in India,2025/26,"Himachal Pradesh Cricket Association Stadium, Dharamsala",Twenty20 international,2025-12-14,28230.0,LT Ngidi,right,67190.0,Arshdeep Singh,left,6.0,India,left pace,1.0,pace,2025-12-14 15:08:01,,,,,,,,106032402.0,259.0,90.0,159.0,5.0,1.0,1.0,False,False,True,False,,,,length ball,outside off,,drive,,,,,,,,keyword,1,,False,False,False,False,False,False,False,False,False,
1,3,South Africa,SA,1,19,Arshdeep Singh,4,0,1,115/8,4.00,18.06,18.6,1,1,"Singh to Nortje, 1 run",,"Arshdeep Singh delivers a yorker outside off. Nortje attempts a drive but mistimes it, managing just a single to keep the scoreboard ticking.",974d7e6a-7dc3-4a17-ab2c-4daffc655d59,227568,"India v South Africa at Dharamsala, 3rd T20I, 14 Dec 2025",8599,South Africa in India,2025/26,"Himachal Pradesh Cricket Association Stadium, Dharamsala",Twenty20 international,2025-12-14,23659.0,AA Nortje,right,67190.0,Arshdeep Singh,left,6.0,India,left pace,1.0,pace,2025-12-14 15:08:38,,,,,,,,106032405.0,275.0,85.0,154.0,4.0,1.0,1.0,False,False,True,False,,,,yorker,outside off,,drive,,,,,,,,keyword,1,,False,False,False,False,False,False,False,False,False,
1,3,South Africa,SA,1,20,KS Yadav,2,0,2,117/10,2.00,19.01,19.1,0,0,"Yadav to Nortje, no run",Kuldeep Yadav takes the ball for their 2nd spell,"Kuldeep Yadav bowls a googly pitching back of a length outside off. Anrich Nortje attempts a reverse sweep but misses completely, resulting in no run.",974d7e6a-7dc3-4a17-ab2c-4daffc655d59,227568,"India v South Africa at Dharamsala, 3rd T20I, 14 Dec 2025",8599,South Africa in India,2025/26,"Himachal Pradesh Cricket Association Stadium, Dharamsala",Twenty20 international,2025-12-14,23659.0,AA Nortje,right,20030.0,KS Yadav,left,6.0,India,left unorthodox,6.0,spin,2025-12-14 15:09:41,5.980,-0.414,3.0,-0.794,0.579,0.0,1.0,,,,,,,,True,True,False,False,,,,back of a length,outside off,,reverse sweep,,,,,,,,keyword,0,,False,False,False,False,False,False,False,False,True,
1,3,South Africa,SA,1,20,KS Yadav,2,0,2,117/10,2.00,19.02,19.2,0,0,"Yadav to Nortje, no run",,"Over the wicket. Back of a length, wide outside off, back foot, cut. No run.",974d7e6a-7dc3-4a17-ab2c-4daffc655d59,227568,"India v South Africa at Dharamsala, 3rd T20I, 14 Dec 2025",8599,South Africa in India,2025/26,"Himachal Pradesh Cricket Association Stadium, Dharamsala",Twenty20 international,2025-12-14,23659.0,AA Nortje,right,20030.0,KS Yadav,left,6.0,India,left unorthodox,6.0,spin,2025-12-14 15:10:01,5.858,-0.577,3.0,-1.189,0.884,,1.0,,,,,,,,True,True,False,False,over the wicket,,,back of a length,wide outside off,back foot,cut,,,,,,,,template_arm,0,,False,False,False,False,False,False,False,False,True,
1,3,South Africa,SA,1,20,KS Yadav,2,0,2,117/10,2.00,19.03,19.3,0,W,"Yadav to Nortje, out!",,"Kuldeep Yadav bowls a googly outside off at back of a length. Anrich Nortje attempts a slog but misses, and is stumped by Jitesh Sharma. Anrich Nortje exits after scoring 12 runs off 12 balls.",974d7e6a-7dc3-4a17-ab2c-4daffc655d59,227568,"India v South Africa at Dharamsala, 3rd T20I, 14 Dec 2025",8599,South Africa in India,2025/26,"Himachal Pradesh Cricket Association Stadium, Dharamsala",Twenty20 international,2025-12-14,23659.0,AA Nortje,right,20030.0,KS Yadav,left,6.0,India,left unorthodox,6.0,spin,2025-12-14 15:10:21,7.680,-0.238,4.0,-0.696,0.820,0.0,1.0,,,,,,,,True,True,False,False,,,,back of a length,outside off,,slog,,,,,stumped,,,keyword,0,,True,False,False,False,False,False,False,False,False,commentary
1,3,South Africa,SA,1,20,KS Yadav,2,0,2,117/10,2.00,19.04,19.4,1,1,"Yadav to Baartman, 1 run",Ottneil Baartman heads to the crease. ,"Kuldeep Yadav bowls a length googly outside off. Ottneil Baartman drives it with a neutral connection for one run, fielded at deep backward point by Shivam Dube. Ottneil Baartman gets off the mark.",974d7e6a-7dc3-4a17-ab2c-4daffc655d59,227568,"India v South Africa at Dharamsala, 3rd T20I, 14 Dec 2025",8599,South Africa in India,2025/26,"Himachal Pradesh Cricket Association Stadium, Dharamsala",Twenty20 international,2025-12-14,18757.0,OEG Baartman,right,20030.0,KS Yadav,left,6.0,India,left unorthodox,6.0,spin,2025-12-14 15:11:32,4.856,-0.316,2.0,-0.568,0.576,1.0,1.0,106032421.0,177.0,90.0,156.0,7.0,1.0,1.0,True,True,True,False,,,,,outside off,,drive,,,deep backward point,,,,,keyword,1,,False,False,False,False,False,False,False,False,False,
1,3,South Africa,SA,1,20,KS Yadav,2,0,2,117/10,2.00,19.05,19.5,1,1,"Yadav to Ngidi, 1 run",,"Kuldeep Yadav bowls a length ball on middle stump. Lungi Ngidi attempts a slog and gets an inside edge, sneaking a single through to deep square leg where Harshit Rana fields it.",974d7e6a-7dc3-4a17-ab2c-4daffc655d59,227568,"India v South Africa at Dharamsala, 3rd T20I, 14 Dec 2025",8599,South Africa in India,2025/26,"Himachal Pradesh Cricket Association Stadium, Dharamsala",Twenty20 international,2025-12-14,28230.0,LT Ngidi,right,20030.0,KS Yadav,left,6.0,India,left unorthodox,6.0,spin,2025-12-14 15:12:00,5.557,0.010,3.0,0.068,0.642,2.0,1.0,106032424.0,358.0,90.0,150.0,3.0,1.0,1.0,True,True,True,False,,,,length ball,middle stump,,slog,,,deep square leg,,,,,keyword,1,,False,False,False,False,False,False,False,False,False,
1,3,South Africa,SA,1,20,KS Yadav,2,0,2,117/10,2.00,19.06,19.6,0,W,"Yadav to Baartman, out!",,"Kuldeep Yadav bowls a googly outside off at length. Baartman tries a drive but mis-times it, sending a catch to Suryakumar Yadav at extra cover. Baartman is out. Ottneil Baartman departs after scoring 1 run off 2 balls.",974d7e6a-7dc3-4a17-ab2c-4daffc655d59,227568,"India v South Africa at Dharamsala, 3rd T20I, 14 Dec 2025",8599,South Africa in India,2025/26,"Himachal Pradesh Cricket Association Stadium, Dharamsala",Twenty20 international,2025-12-14,18757.0,OEG Baartman,right,20030.0,KS Yadav,left,6.0,India,left unorthodox,6.0,spin,2025-12-14 15:12:30,5.144,-0.538,3.0,-0.848,0.646,0.0,1.0,,,,,,,,True,True,False,True,,,,,outside off,,drive,,,extra cover,,caught,,,keyword,0,,True,False,False,False,False,False,False,False,False,catch_map
2,6,India,IND,3,1,LT Ngidi,16,4,0,16/0,12.00,0.01,0.1,6,6,"Ngidi to Sharma, 6 runs",Abhishek Sharma and Shubman Gill head out to the middle. Lungi Ngidi takes the ball for their 1st spell,"Ngidi bowls a swinging-in delivery down leg on a back of a length. Abhishek Sharma pulls it powerfully, perfectly timed and controlled, sailing over fine leg for six. Abhishek Sharma gets off the mark in style.",974d7e6a-7dc3-4a17-ab2c-4daffc655d59,227568,"India v South Africa at Dharamsala, 3rd T20I, 14 Dec 2025",8599,South Africa in India,2025/26,"Himachal Pradesh Cricket Association Stadium, Dharamsala",Twenty20 international,2025-12-14,65346.0,A Sharma,left,28230.0,LT Ngidi,right,3.0,South Africa,right pace,1.0,pace,2025-12-14 15:26:15,,,,,,,,106032476.0,132.0,100.0,163.0,8.0,6.0,6.0,False,False,True,False,,,,back of a length,down leg,,pull,,controlled,fine leg,,,,,keyword,6,,False,False,False,False,False,False,False,True,False,
2,6,India,IND,3,1,LT Ngidi,16,4,0,16/0,12.00,0.02,0.2,0,0,"Ngidi to Sharma, no run",,Ngidi delivers a length ball on middle stump. Abhishek Sharma defends it with a neutral shot. No run.,974d7e6a-7dc3-4a17-ab2c-4daffc655d59,227568,"India v South Africa at Dharamsala, 3rd T20I, 14 Dec 2025",8599,South Africa in India,2025/26,"Himachal Pradesh Cricket Association Stadium, Dharamsala",Twenty20 international,2025-12-14,,,,,,,,,,,,,,,,,,,,,,,,,,,False,False,False,False,,,,length ball,middle stump,,,,,,,,,,keyword,0,,False,False,False,False,False,False,False,False,True,
2,6,India,IND,3,1,LT Ngidi,16,4,0,16/0,12.00,0.03,0.3,4,4ˡᵇ,"Ngidi to Sharma, 4 runs",,"Ngidi delivers a short ball down the leg side. Abhishek Sharma glances it off his body, but it doesn't carry—four leg byes come through.",974d7e6a-7dc3-4a17-ab2c-4daffc655d59,227568,"India v South Africa at Dharamsala, 3rd T20I, 14 Dec 2025",8599,South Africa in India,2025/26,"Himachal Pradesh Cricket Association Stadium, Dharamsala",Twenty20 international,2025-12-14,,,,,,,,,,,,,,,,,,,,,,,,,,,False,False,False,False,,,,short,down the leg side,,glance,,,,,,,,keyword,4,leg bye,False,False,False,False,True,False,False,False,False,
2,6,India,IND,3,1,LT Ngidi,16,4,0,16/0,12.00,0.04,0.4,2,2,"Ngidi to Sharma, 2 runs",,"Ngidi delivers a length ball on middle stump. Abhishek Sharma attempts a slog but mistimes it, scoring just 2 runs as Jansen fields deftly at long on.",974d7e6a-7dc3-4a17-ab2c-4daffc655d59,227568,"India v South Africa at Dharamsala, 3rd T20I, 14 Dec 2025",8599,South Africa in India,2025/26,"Himachal Pradesh Cricket Association Stadium, Dharamsala",Twenty20 international,2025-12-14,65346.0,A Sharma,left,28230.0,LT Ngidi,right,3.0,South Africa,right pace,1.0,pace,2025-12-14 15:28:31,,,,,,,,106032487.0,264.0,60.0,110.0,5.0,2.0,2.0,False,False,True,False,,,,length ball,middle stump,,slog,,,long on,,,,,keyword,2,,False,False,False,False,False,False,False,False,False,
2,6,India,IND,3,1,LT Ngidi,16,4,0,16/0,12.00,0.05,0.5,4,4,"Ngidi to Sharma, 4 runs",,"Ngidi bowls a swinging-in delivery on leg stump, pitching back of a length. Abhishek Sharma plays a well-timed drive through extra cover for four runs. India brings up 16 runs in this over with two boundaries from Abhishek Sharma.",974d7e6a-7dc3-4a17-ab2c-4daffc655d59,227568,"India v South Africa at Dharamsala, 3rd T20I, 14 Dec 2025",8599,South Africa in India,2025/26,"Himachal Pradesh Cricket Association Stadium, Dharamsala",Twenty20 international,2025-12-14,65346.0,A Sharma,left,28230.0,LT Ngidi,right,3.0,South Africa,right pace,1.0,pace,2025-12-14 15:29:13,,,,,,,,106032492.0,327.0,100.0,175.0,3.0,4.0,4.0,False,False,True,False,,,,back of a length,leg stump,,drive,,,extra cover,,,,,keyword,4,,False,False,False,False,False,False,True,False,False,
2,6,India,IND,3,1,LT Ngidi,16,4,0,16/0,12.00,0.06,0.6,0,0,"Ngidi to Sharma, no run",,"Lungi Ngidi bowls a swinging-in ball, back of a length on leg stump. Abhishek Sharma pulls but hits it into his body. No run added. India are chasing 102 runs from 114 balls with all wickets intact, holding a strong 92% win probability according to WinViz.",974d7e6a-7dc3-4a17-ab2c-4daffc655d59,227568,"India v South Africa at Dharamsala, 3rd T20I, 14 Dec 2025",8599,South Africa in India,2025/26,"Himachal Pradesh Cricket Association Stadium, Dharamsala",Twenty20 international,2025-12-14,,,,,,,,,,,,,,,,,,,,,,,,,,,False,False,False,False,,,,back of a length,leg stump,,pull,,,,,,,,keyword,0,,False,False,False,False,False,False,False,False,True,
2,6,India,IND,3,2,M Jansen,16,1,0,32/0,15.00,1.01,1.0,1,1ʷᵈ,"Jansen to Gill, 1 run (wide)",Marco Jansen takes the ball for their 1st spell,"Jansen delivers a swinging-in length ball down leg. Gill attempts a worked shot but misses, and it's called a wide, adding an extra.",974d7e6a-7dc3-4a17-ab2c-4daffc655d59,227568,"India v South Africa at Dharamsala, 3rd T20I, 14 Dec 2025",8599,South Africa in India,2025/26,"Himachal Pradesh Cricket Association Stadium, Dharamsala",Twenty20 international,2025-12-14,,,,,,,,,,,,,,,,,,,,,,,,,,,False,False,False,False,,,,length ball,down leg,,work,,,,,,,,keyword,1,wide,False,True,False,False,False,False,False,False,False,
2,6,India,IND,3,2,M Jansen,16,1,0,32/0,15.00,1.02,1.1,0,0,"Jansen to Gill, no run",,Marco Jansen bowls a swinging length ball on middle stump. Shubman Gill works the ball with bat-pad but manages no run. India successfully retains their review after the leg before wicket appeal.,974d7e6a-7dc3-4a17-ab2c-4daffc655d59,227568,"India v South Africa at Dharamsala, 3rd T20I, 14 Dec 2025",8599,South Africa in India,2025/26,"Himachal Pradesh Cricket Association Stadium, Dharamsala",Twenty20 international,2025-12-14,,,,,,,,,,,,,,,,,,,,,,,,,,,False,False,False,False,,,,length ball,middle stump,,work,,,,,,,,keyword,0,,False,False,False,False,False,False,False,False,True,
2,6,India,IND,3,2,M Jansen,16,1,0,32/0,15.00,1.03,1.2,4,4,"Jansen to Gill, 4 runs",,Jansen bowls a swinging in length ball outside off stump. Shubman Gill drives it well timed and along the ground through extra cover for four. Gill gets off the mark with a stylish four.,974d7e6a-7dc3-4a17-ab2c-4daffc655d59,227568,"India v South Africa at Dharamsala, 3rd T20I, 14 Dec 2025",8599,South Africa in India,2025/26,"Himachal Pradesh Cricket Association Stadium, Dharamsala",Twenty20 international,2025-12-14,65345.0,S Gill,right,68021.0,M Jansen,left,3.0,South Africa,left pace,1.0,pace,2025-12-14 15:34:19,,,,,,,,106032506.0,232.0,100.0,178.0,5.0,4.0,4.0,False,False,True,False,,,,length ball,outside off,,drive,along the ground,well timed,extra cover,,,,,keyword,4,,False,False,False,False,False,False,True,False,False,
2,6,India,IND,3,2,M Jansen,16,1,0,32/0,15.00,1.04,1.3,1,1,"Jansen to Gill, 1 run",,"Jansen bowls a swinging in length ball on middle stump. Gill works it with a controlled stroke to square leg, taking a single.",974d7e6a-7dc3-4a17-ab2c-4daffc655d59,227568,"India v South Africa at Dharamsala, 3rd T20I, 14 Dec 2025",8599,South Africa in India,2025/26,"Himachal Pradesh Cricket Association Stadium, Dharamsala",Twenty20 international,2025-12-14,65345.0,S Gill,right,68021.0,M Jansen,left,3.0,South Africa,left pace,1.0,pace,2025-12-14 15:34:57,,,,,,,,106032507.0,356.0,45.0,79.0,3.0,1.0,1.0,False,False,True,False,,,,length ball,middle stump,,work,,controlled,square leg,,,,,keyword,1,,False,False,False,False,False,False,False,False,False,
2,6,India,IND,3,2,M Jansen,16,1,0,32/0,15.00,1.05,1.4,0,0,"Jansen to Sharma, no run",,Jansen delivers a swinging away ball pitching back of a length outside off. Abhishek Sharma attempts a slog but misses entirely. No run.,974d7e6a-7dc3-4a17-ab2c-4daffc655d59,227568,"India v South Africa at Dharamsala, 3rd T20I, 14 Dec 2025",8599,South Africa in India,2025/26,"Himachal Pradesh Cricket Association Stadium, Dharamsala",Twenty20 international,2025-12-14,,,,,,,,,,,,,,,,,,,,,,,,,,,False,False,False,False,,,,back of a length,outside off,,slog,,,,,,,,keyword,0,,False,False,False,False,False,False,False,False,True,
2,6,India,IND,3,2,M Jansen,16,1,0,32/0,15.00,1.06,1.5,4,4,"Jansen to Sharma, 4 runs",,Jansen delivers a length ball on middle stump without any movement. Abhishek Sharma plays a well-timed glance through fine leg for four.,974d7e6a-7dc3-4a17-ab2c-4daffc655d59,227568,"India v South Africa at Dharamsala, 3rd T20I, 14 Dec 2025",8599,South Africa in India,2025/26,"Himachal Pradesh Cricket Association Stadium, Dharamsala",Twenty20 international,2025-12-14,65346.0,A Sharma,left,68021.0,M Jansen,left,3.0,South Africa,left pace,1.0,pace,2025-12-14 15:36:15,,,,,,,,106032510.0,117.0,100.0,161.0,8.0,4.0,4.0,False,False,True,False,,,,length ball,middle stump,,glance,,,fine leg,,,,,keyword,4,,False,False,False,False,False,False,True,False,False,
2,6,India,IND,3,2,M Jansen,16,1,0,32/0,15.00,1.07,1.6,6,6,"Jansen to Sharma, 6 runs",,"Jansen bowls a swinging away length ball on middle stump. Abhishek Sharma drives it perfectly, timing it beautifully over extra cover for six! The over reaches 16 runs with two boundaries for Sharma. India need 86 from 108 balls with all wickets in hand, holding a strong 94% win probability.",974d7e6a-7dc3-4a17-ab2c-4daffc655d59,227568,"India v South Africa at Dharamsala, 3rd T20I, 14 Dec 2025",8599,South Africa in India,2025/26,"Himachal Pradesh Cricket Association Stadium, Dharamsala",Twenty20 international,2025-12-14,65346.0,A Sharma,left,68021.0,M Jansen,left,3.0,South Africa,left pace,1.0,pace,2025-12-14 15:36:56,,,,,,,,106032511.0,328.0,100.0,175.0,3.0,6.0,6.0,False,False,True,False,,,,length ball,middle stump,,drive,,,extra cover,,,,,keyword,6,,False,False,False,False,False,False,False,True,False,
2,6,India,IND,3,3,OEG Baartman,10,0,0,42/0,10.00,2.01,2.1,4,4,"Baartman to Gill, 4 runs",Ottneil Baartman takes the ball for their 1st spell,"Baartman bowls a swinging away delivery outside off, pitching back of a length. Shubman Gill plays a well-timed cut shot through cover for four runs.",974d7e6a-7dc3-4a17-ab2c-4daffc655d59,227568,"India v South Africa at Dharamsala, 3rd T20I, 14 Dec 2025",8599,South Africa in India,2025/26,"Himachal Pradesh Cricket Association Stadium, Dharamsala",Twenty20 international,2025-12-14,65345.0,S Gill,right,18757.0,OEG Baartman,right,3.0,South Africa,right pace,1.0,pace,2025-12-14 15:38:15,,,,,,,,106032514.0,186.0,100.0,171.0,6.0,4.0,4.0,False,False,True,False,,,,back of a length,outside off,,cut,,,cover,,,,,keyword,4,,False,False,False,False,False,False,True,False,False,
2,6,India,IND,3,3,OEG Baartman,10,0,0,42/0,10.00,2.02,2.2,0,0,"Baartman to Gill, no run",,Baartman bowls a swinging away length ball outside off. Shubman Gill defends but misses the ball; it is safely gathered by keeper Quinton de Kock for no run.,974d7e6a-7dc3-4a17-ab2c-4daffc655d59,227568,"India v South Africa at Dharamsala, 3rd T20I, 14 Dec 2025",8599,South Africa in India,2025/26,"Himachal Pradesh Cricket Association Stadium, Dharamsala",Twenty20 international,2025-12-14,,,,,,,,,,,,,,,,,,,,,,,,,,,False,False,False,False,,,,length ball,outside off,,,,,,,,,,keyword,0,,False,False,False,False,False,False,False,False,True,
2,6,India,IND,3,3,OEG Baartman,10,0,0,42/0,10.00,2.03,2.3,4,4,"Baartman to Gill, 4 runs",,"Baartman delivers a swinging ball, full and wide outside off. Shubman Gill drives and gleans a sharp outside edge through third man for four. Gill races away with another boundary, his second in this over, keeping the momentum alive.",974d7e6a-7dc3-4a17-ab2c-4daffc655d59,227568,"India v South Africa at Dharamsala, 3rd T20I, 14 Dec 2025",8599,South Africa in India,2025/26,"Himachal Pradesh Cricket Association Stadium, Dharamsala",Twenty20 international,2025-12-14,65345.0,S Gill,right,18757.0,OEG Baartman,right,3.0,South Africa,right pace,1.0,pace,2025-12-14 15:39:17,,,,,,,,106032518.0,110.0,100.0,161.0,8.0,4.0,4.0,False,False,True,False,,,,full,wide outside off,,drive,,,third man,,,,,keyword,4,,False,False,False,False,False,False,True,False,False,
2,6,India,IND,3,3,OEG Baartman,10,0,0,42/0,10.00,2.04,2.4,2,2,"Baartman to Gill, 2 runs",,"Ottneil Baartman bowls a swinging length ball outside off. Shubman Gill works it smartly through the off side for a couple of runs, fielded by Anrich Nortje deep square leg.",974d7e6a-7dc3-4a17-ab2c-4daffc655d59,227568,"India v South Africa at Dharamsala, 3rd T20I, 14 Dec 2025",8599,South Africa in India,2025/26,"Himachal Pradesh Cricket Association Stadium, Dharamsala",Twenty20 international,2025-12-14,65345.0,S Gill,right,18757.0,OEG Baartman,right,3.0,South Africa,right pace,1.0,pace,2025-12-14 15:39:51,,,,,,,,106032519.0,358.0,75.0,131.0,3.0,2.0,2.0,False,False,True,False,,,,length ball,outside off,,work,,,,Anrich Nortje deep square leg,,,,keyword,2,,False,False,False,False,False,False,False,False,False,
2,6,India,IND,3,3,OEG Baartman,10,0,0,42/0,10.00,2.05,2.5,0,0,"Baartman to Gill, no run",,"Ottneil Baartman bowls a swinging delivery outside off stump at the back of a length. Shubman Gill defends but misses the ball, no run.",974d7e6a-7dc3-4a17-ab2c-4daffc655d59,227568,"India v South Africa at Dharamsala, 3rd T20I, 14 Dec 2025",8599,South Africa in India,2025/26,"Himachal Pradesh Cricket Association Stadium, Dharamsala",Twenty20 international,2025-12-14,,,,,,,,,,,,,,,,,,,,,,,,,,,False,False,False,False,,,,back of a length,outside off,,,,,,,,,,keyword,0,,False,False,False,False,False,False,False,False,True,
2,6,India,IND,3,3,OEG Baartman,10,0,0,42/0,10.00,2.06,2.6,0,0,"Baartman to Gill, no run",,"Ottneil Baartman delivers a swinging length ball on the outside off stump. Shubman Gill works it with a controlled shot towards square leg, safely fielded by Anrich Nortje. No run. India face a chase of 76 from 102 balls with all wickets intact, maintaining an imposing 95% win probability.",974d7e6a-7dc3-4a17-ab2c-4daffc655d59,227568,"India v South Africa at Dharamsala, 3rd T20I, 14 Dec 2025",8599,South Africa in India,2025/26,"Himachal Pradesh Cricket Association Stadium, Dharamsala",Twenty20 international,2025-12-14,,,,,,,,,,,,,,,,,,,,,,,,,,,False,False,False,False,,,,length ball,outside off,,work,,controlled,square leg,Anrich Nortje,,,,keyword,0,,False,False,False,False,False,False,False,False,True,
2,6,India,IND,3,4,M Jansen,7,0,0,49/0,7.00,3.01,3.1,1,1,"Jansen to Sharma, 1 run",Marco Jansen continues their spell,"Marco Jansen sends down a swinging length ball on off stump. Abhishek Sharma works it with a controlled strike, taking a single.",974d7e6a-7dc3-4a17-ab2c-4daffc655d59,227568,"India v South Africa at Dharamsala, 3rd T20I, 14 Dec 2025",8599,South Africa in India,2025/26,"Himachal Pradesh Cricket Association Stadium, Dharamsala",Twenty20 international,2025-12-14,65346.0,A Sharma,left,68021.0,M Jansen,left,3.0,South Africa,left pace,1.0,pace,2025-12-14 15:42:08,,,,,,,,106032526.0,258.0,45.0,83.0,5.0,1.0,1.0,False,False,True,False,,,,length ball,off stump,,work,,controlled,,,,,,keyword,1,,False,False,False,False,False,False,False,False,False,
2,6,India,IND,3,4,M Jansen,7,0,0,49/0,7.00,3.02,3.2,0,0,"Jansen to Gill, no run",,"Marco Jansen bowls a length ball on middle stump. Shubman Gill defends it cautiously, no run.",974d7e6a-7dc3-4a17-ab2c-4daffc655d59,227568,"India v South Africa at Dharamsala, 3rd T20I, 14 Dec 2025",8599,South Africa in India,2025/26,"Himachal Pradesh Cricket Association Stadium, Dharamsala",Twenty20 international,2025-12-14,,,,,,,,,,,,,,,,,,,,,,,,,,,False,False,False,False,,,,length ball,middle stump,,,,,,,,,,keyword,0,,False,False,False,False,False,False,False,False,True,
2,6,India,IND,3,4,M Jansen,7,0,0,49/0,7.00,3.03,3.3,4,4,"Jansen to Gill, 4 runs",,"Jansen bowls a no movement, back of a length delivery outside off. Shubman Gill drives it well timed through cover for four.",974d7e6a-7dc3-4a17-ab2c-4daffc655d59,227568,"India v South Africa at Dharamsala, 3rd T20I, 14 Dec 2025",8599,South Africa in India,2025/26,"Himachal Pradesh Cricket Association Stadium, Dharamsala",Twenty20 international,2025-12-14,65345.0,S Gill,right,68021.0,M Jansen,left,3.0,South Africa,left pace,1.0,pace,2025-12-14 15:43:19,,,,,,,,106032530.0,206.0,100.0,174.0,6.0,4.0,4.0,False,False,True,False,,,,back of a length,outside off,no movement,drive,,well timed,cover,,,,,keyword,4,,False,False,False,False,False,False,True,False,False,
2,6,India,IND,3,4,M Jansen,7,0,0,49/0,7.00,3.04,3.4,1,1,"Jansen to Gill, 1 run",,"Jansen delivers a back of a length, outside off stump ball with no movement. Gill attempts a drive but mistimes it, managing just one run.",974d7e6a-7dc3-4a17-ab2c-4daffc655d59,227568,"India v South Africa at Dharamsala, 3rd T20I, 14 Dec 2025",8599,South Africa in India,2025/26,"Himachal Pradesh Cricket Association Stadium, Dharamsala",Twenty20 international,2025-12-14,65345.0,S Gill,right,68021.0,M Jansen,left,3.0,South Africa,left pace,1.0,pace,2025-12-14 15:44:29,,,,,,,,106032532.0,157.0,85.0,142.0,7.0,1.0,1.0,False,False,True,False,,,,back of a length,outside off,no movement,drive,,,,,,,,keyword,1,,False,False,False,False,False,False,False,False,False,
2,6,India,IND,3,4,M Jansen,7,0,0,49/0,7.00,3.05,3.5,0,0,"Jansen to Sharma, no run",,"Marco Jansen delivers a slower ball outside off, pitching on length. Abhishek Sharma attempts a slog but misses completely. No run.",974d7e6a-7dc3-4a17-ab2c-4daffc655d59,227568,"India v South Africa at Dharamsala, 3rd T20I, 14 Dec 2025",8599,South Africa in India,2025/26,"Himachal Pradesh Cricket Association Stadium, Dharamsala",Twenty20 international,2025-12-14,,,,,,,,,,,,,,,,,,,,,,,,,,,False,False,False,False,,,,,outside off,,slog,,,,,,,,keyword,0,,False,False,False,False,False,False,False,False,True,
2,6,India,IND,3,4,M Jansen,7,0,0,49/0,7.00,3.06,3.6,1,1,"Jansen to Sharma, 1 run",,"Jansen delivers a length ball outside off stump with no movement. Abhishek Sharma attempts a slog shot, connecting bat to pad, and gets a single. India are chasing 69 runs from 96 balls with all wickets intact, holding a strong 96% win probability according to WinViz.",974d7e6a-7dc3-4a17-ab2c-4daffc655d59,227568,"India v South Africa at Dharamsala, 3rd T20I, 14 Dec 2025",8599,South Africa in India,2025/26,"Himachal Pradesh Cricket Association Stadium, Dharamsala",Twenty20 international,2025-12-14,65346.0,A Sharma,left,68021.0,M Jansen,left,3.0,South Africa,left pace,1.0,pace,2025-12-14 15:45:43,,,,,,,,106032536.0,351.0,40.0,66.0,3.0,1.0,1.0,False,False,True,False,,,,length ball,outside off,no movement,slog,,,,,,,,keyword,1,,False,False,False,False,False,False,False,False,False,
2,6,India,IND,3,5,OEG Baartman,11,0,0,60/0,11.00,4.01,4.1,6,6,"Baartman to Sharma, 6 runs",Ottneil Baartman continues their spell,"A length ball on off stump, Baartman delivers without movement. Sharma drives it perfectly, middle of the bat, sending it soaring over cover for six. Abhishek Sharma races to thirty runs off just 13 balls at a sizzling strike rate of 231. This partnership now stands strong at 55 from 25 deliveries, pushing India to a flawless 55 without loss.",974d7e6a-7dc3-4a17-ab2c-4daffc655d59,227568,"India v South Africa at Dharamsala, 3rd T20I, 14 Dec 2025",8599,South Africa in India,2025/26,"Himachal Pradesh Cricket Association Stadium, Dharamsala",Twenty20 international,2025-12-14,65346.0,A Sharma,left,18757.0,OEG Baartman,right,3.0,South Africa,right pace,1.0,pace,2025-12-14 15:46:59,,,,,,,,106032540.0,346.0,100.0,172.0,3.0,6.0,6.0,False,False,True,False,,,,length ball,off stump,,drive,,,cover,,,,,keyword,6,,False,False,False,False,False,False,False,True,False,
2,6,India,IND,3,5,OEG Baartman,11,0,0,60/0,11.00,4.02,4.2,4,4,"Baartman to Sharma, 4 runs",,"Baartman delivers a swinging away ball pitching back of a length on middle stump. Abhishek attempts a drive but it's mis-timed, sending it racing to backward point for four. Abhishek Sharma brings up his second boundary in this over, keeping the momentum strong for India.",974d7e6a-7dc3-4a17-ab2c-4daffc655d59,227568,"India v South Africa at Dharamsala, 3rd T20I, 14 Dec 2025",8599,South Africa in India,2025/26,"Himachal Pradesh Cricket Association Stadium, Dharamsala",Twenty20 international,2025-12-14,65346.0,A Sharma,left,18757.0,OEG Baartman,right,3.0,South Africa,right pace,1.0,pace,2025-12-14 15:47:39,,,,,,,,106032541.0,29.0,100.0,165.0,2.0,4.0,4.0,False,False,True,False,,,,back of a length,middle stump,,drive,,,backward point,,,,,keyword,4,,False,False,False,False,False,False,True,False,False,
2,6,India,IND,3,5,OEG Baartman,11,0,0,60/0,11.00,4.03,4.3,0,0,"Baartman to Sharma, no run",,"Over the wicket. Length ball, off stump, front foot, slog. No run.",974d7e6a-7dc3-4a17-ab2c-4daffc655d59,227568,"India v South Africa at Dharamsala, 3rd T20I, 14 Dec 2025",8599,South Africa in India,2025/26,"Himachal Pradesh Cricket Association Stadium, Dharamsala",Twenty20 international,2025-12-14,,,,,,,,,,,,,,,,,,,,,,,,,,,False,False,False,False,over the wicket,,,length ball,off stump,front foot,slog,,,,,,,,template_arm,0,,False,False,False,False,False,False,False,False,True,
2,6,India,IND,3,5,OEG Baartman,11,0,0,60/0,11.00,4.04,4.4,1,1,"Baartman to Sharma, 1 run",,"Abhishek Sharma attempts a drive but mis-timed it, sending the ball loosely in the air. Dewald Brevis at deep cover fields it for a quick single.",974d7e6a-7dc3-4a17-ab2c-4daffc655d59,227568,"India v South Africa at Dharamsala, 3rd T20I, 14 Dec 2025",8599,South Africa in India,2025/26,"Himachal Pradesh Cricket Association Stadium, Dharamsala",Twenty20 international,2025-12-14,65346.0,A Sharma,left,18757.0,OEG Baartman,right,3.0,South Africa,right pace,1.0,pace,2025-12-14 15:49:18,,,,,,,,106032543.0,358.0,95.0,160.0,3.0,1.0,1.0,False,False,True,False,,,,,,,drive,,,deep cover,,,,,keyword,1,,False,False,False,False,False,False,False,False,False,
2,6,India,IND,3,5,OEG Baartman,11,0,0,60/0,11.00,4.05,4.5,0,0,"Baartman to Gill, no run",,Baartman bowls a swinging-in length ball on the outside off stump. Shubman Gill defends it solidly with a neutral connection. No run.,974d7e6a-7dc3-4a17-ab2c-4daffc655d59,227568,"India v South Africa at Dharamsala, 3rd T20I, 14 Dec 2025",8599,South Africa in India,2025/26,"Himachal Pradesh Cricket Association Stadium, Dharamsala",Twenty20 international,2025-12-14,,,,,,,,,,,,,,,,,,,,,,,,,,,False,False,False,False,,,,length ball,outside off,,,,,,,,,,keyword,0,,False,False,False,False,False,False,False,False,True,
2,6,India,IND,3,5,OEG Baartman,11,0,0,60/0,11.00,4.06,4.6,0,0,"Baartman to Gill, no run",,"Baartman bowls a length ball swinging away outside off; Gill leaves it well alone. No run. India are chasing 58 from 90 deliveries with all wickets in hand, comfortably positioned at a 97% win probability.",974d7e6a-7dc3-4a17-ab2c-4daffc655d59,227568,"India v South Africa at Dharamsala, 3rd T20I, 14 Dec 2025",8599,South Africa in India,2025/26,"Himachal Pradesh Cricket Association Stadium, Dharamsala",Twenty20 international,2025-12-14,,,,,,,,,,,,,,,,,,,,,,,,,,,False,False,False,False,,,,length ball,outside off,,leave,,,,,,,,keyword,0,,False,False,False,False,False,False,False,False,True,
2,6,India,IND,3,6,C Bosch,8,0,1,68/1,8.00,5.01,5.1,0,0,"Bosch to Sharma, no run",Corbin Bosch takes the ball for their 1st spell,"Corbin Bosch delivers a no-movement length ball on the leg side. Abhishek Sharma pushes it cautiously to extra cover, where Donovan Ferreira fields it cleanly for no run.",974d7e6a-7dc3-4a17-ab2c-4daffc655d59,227568,"India v South Africa at Dharamsala, 3rd T20I, 14 Dec 2025",8599,South Africa in India,2025/26,"Himachal Pradesh Cricket Association Stadium, Dharamsala",Twenty20 international,2025-12-14,,,,,,,,,,,,,,,,,,,,,,,,,,,False,False,False,False,,,,length ball,,,push,,,extra cover,,,,,keyword,0,,False,False,False,False,False,False,False,False,True,
2,6,India,IND,3,6,C Bosch,8,0,1,68/1,8.00,5.02,5.2,0,W,"Bosch to Sharma, out!",,Bosch bowls a back of a length delivery just outside off. Abhishek Sharma attempts a drive but is caught by Aiden Markram at deep extra cover. That's a wicket to break the partnership. Abhishek Sharma goes for 35 runs off 18 balls.,974d7e6a-7dc3-4a17-ab2c-4daffc655d59,227568,"India v South Africa at Dharamsala, 3rd T20I, 14 Dec 2025",8599,South Africa in India,2025/26,"Himachal Pradesh Cricket Association Stadium, Dharamsala",Twenty20 international,2025-12-14,,,,,,,,,,,,,,,,,,,,,,,,,,,False,False,False,True,,,,back of a length,outside off,,drive,,,deep extra cover,Aiden Markram at deep extra cover,caught,,,keyword,0,,True,False,False,False,False,False,False,False,False,commentary
2,6,India,IND,3,6,C Bosch,8,0,1,68/1,8.00,5.03,5.3,4,4,"Bosch to Varma, 4 runs",Tilak Varma heads to the crease. ,Bosch delivers a back of a length ball outside off. Varma plays a well-timed late cut along the ground through third man for four. Varma gets off the mark in style.,974d7e6a-7dc3-4a17-ab2c-4daffc655d59,227568,"India v South Africa at Dharamsala, 3rd T20I, 14 Dec 2025",8599,South Africa in India,2025/26,"Himachal Pradesh Cricket Association Stadium, Dharamsala",Twenty20 international,2025-12-14,69845.0,NT Tilak Varma,left,22181.0,C Bosch,right,3.0,South Africa,right pace,1.0,pace,2025-12-14 15:54:13,,,,,,,,106032554.0,66.0,100.0,161.0,1.0,4.0,4.0,False,False,True,False,,,,back of a length,outside off,,late cut,along the ground,,third man,,,,,keyword,4,,False,False,False,False,False,False,True,False,False,
2,6,India,IND,3,6,C Bosch,8,0,1,68/1,8.00,5.04,5.4,0,0,"Bosch to Varma, no run",,Corbin Bosch delivers a length ball on the leg side. Tilak Varma defends it with a controlled shot. No runs added; fielded cleanly.,974d7e6a-7dc3-4a17-ab2c-4daffc655d59,227568,"India v South Africa at Dharamsala, 3rd T20I, 14 Dec 2025",8599,South Africa in India,2025/26,"Himachal Pradesh Cricket Association Stadium, Dharamsala",Twenty20 international,2025-12-14,,,,,,,,,,,,,,,,,,,,,,,,,,,False,False,False,False,,,,length ball,,,,,controlled,,,,,,keyword,0,,False,False,False,False,False,False,False,False,True,
2,6,India,IND,3,6,C Bosch,8,0,1,68/1,8.00,5.05,5.5,0,0,"Bosch to Varma, no run",,"Bosch bowls a back of a length no movement ball on the leg stump. Varma defends it solidly, no run scored.",974d7e6a-7dc3-4a17-ab2c-4daffc655d59,227568,"India v South Africa at Dharamsala, 3rd T20I, 14 Dec 2025",8599,South Africa in India,2025/26,"Himachal Pradesh Cricket Association Stadium, Dharamsala",Twenty20 international,2025-12-14,,,,,,,,,,,,,,,,,,,,,,,,,,,False,False,False,False,,,,back of a length,leg stump,no movement,,,,,,,,,keyword,0,,False,False,False,False,False,False,False,False,True,
2,6,India,IND,3,6,C Bosch,8,0,1,68/1,8.00,5.06,5.6,4,4,"Bosch to Varma, 4 runs",,"Corbin Bosch bowls a no movement ball outside off stump, pitching back of a length. Tilak Varma attempts a pull shot and gets a top edge that races away through third man for four runs. Tilak Varma strikes again with his second four this over. India requires 50 runs from 84 balls with 9 wickets in hand, maintaining strong control and a 97% win probability.",974d7e6a-7dc3-4a17-ab2c-4daffc655d59,227568,"India v South Africa at Dharamsala, 3rd T20I, 14 Dec 2025",8599,South Africa in India,2025/26,"Himachal Pradesh Cricket Association Stadium, Dharamsala",Twenty20 international,2025-12-14,69845.0,NT Tilak Varma,left,22181.0,C Bosch,right,3.0,South Africa,right pace,1.0,pace,2025-12-14 15:56:15,,,,,,,,106032559.0,77.0,100.0,160.0,1.0,4.0,4.0,False,False,True,False,,,,back of a length,outside off,no movement,pull,,,third man,,,,,keyword,4,,False,False,False,False,False,False,True,False,False,
2,6,India,IND,3,7,AA Nortje,7,1,0,75/1,6.00,6.01,6.1,0,0,"Nortje to Gill, no run",Anrich Nortje takes the ball for their 1st spell,Nortje delivers a length ball wide of off; Gill pushes it softly towards cover. No run taken.,974d7e6a-7dc3-4a17-ab2c-4daffc655d59,227568,"India v South Africa at Dharamsala, 3rd T20I, 14 Dec 2025",8599,South Africa in India,2025/26,"Himachal Pradesh Cricket Association Stadium, Dharamsala",Twenty20 international,2025-12-14,,,,,,,,,,,,,,,,,,,,,,,,,,,False,False,False,False,,,,length ball,,,push,,,cover,,,,,keyword,0,,False,False,False,False,False,False,False,False,True,
2,6,India,IND,3,7,AA Nortje,7,1,0,75/1,6.00,6.02,6.1,1,1ʷᵈ,"Nortje to Gill, 1 run (wide)",,"Nortje bowls a length ball on middle stump. Shubman Gill attempts a flick but misses. The ball is called wide, adding an extra run to India's total.",974d7e6a-7dc3-4a17-ab2c-4daffc655d59,227568,"India v South Africa at Dharamsala, 3rd T20I, 14 Dec 2025",8599,South Africa in India,2025/26,"Himachal Pradesh Cricket Association Stadium, Dharamsala",Twenty20 international,2025-12-14,,,,,,,,,,,,,,,,,,,,,,,,,,,False,False,False,False,,,,length ball,middle stump,,flick,,,,,,,,keyword,1,wide,False,True,False,False,False,False,False,False,False,
2,6,India,IND,3,7,AA Nortje,7,1,0,75/1,6.00,6.03,6.2,4,4,"Nortje to Gill, 4 runs",,"Nortje delivers a no movement ball on the back of a length, pitched outside off. Gill pushes it with an outside edge through third man for four.",974d7e6a-7dc3-4a17-ab2c-4daffc655d59,227568,"India v South Africa at Dharamsala, 3rd T20I, 14 Dec 2025",8599,South Africa in India,2025/26,"Himachal Pradesh Cricket Association Stadium, Dharamsala",Twenty20 international,2025-12-14,65345.0,S Gill,right,23659.0,AA Nortje,right,3.0,South Africa,right pace,1.0,pace,2025-12-14 15:58:40,,,,,,,,106032566.0,100.0,100.0,160.0,8.0,4.0,4.0,False,False,True,False,,,,back of a length,outside off,no movement,push,,,third man,,,,,keyword,4,,False,False,False,False,False,False,True,False,False,
2,6,India,IND,3,7,AA Nortje,7,1,0,75/1,6.00,6.04,6.3,0,0,"Nortje to Gill, no run",,"Nortje bowls a seaming-in delivery outside off, pitched back of a length. Shubman Gill attempts a cut but misses it completely; no run.",974d7e6a-7dc3-4a17-ab2c-4daffc655d59,227568,"India v South Africa at Dharamsala, 3rd T20I, 14 Dec 2025",8599,South Africa in India,2025/26,"Himachal Pradesh Cricket Association Stadium, Dharamsala",Twenty20 international,2025-12-14,,,,,,,,,,,,,,,,,,,,,,,,,,,False,False,False,False,,,,back of a length,outside off,,cut,,,,,,,,keyword,0,,False,False,False,False,False,False,False,False,True,
2,6,India,IND,3,7,AA Nortje,7,1,0,75/1,6.00,6.05,6.4,1,1,"Nortje to Gill, 1 run",,"Nortje delivers a length ball just outside off. Shubman Gill pushes an outside edge, taking a single, aided by a misfield at first slip.",974d7e6a-7dc3-4a17-ab2c-4daffc655d59,227568,"India v South Africa at Dharamsala, 3rd T20I, 14 Dec 2025",8599,South Africa in India,2025/26,"Himachal Pradesh Cricket Association Stadium, Dharamsala",Twenty20 international,2025-12-14,65345.0,S Gill,right,23659.0,AA Nortje,right,3.0,South Africa,right pace,1.0,pace,2025-12-14 15:59:58,,,,,,,,106032570.0,122.0,10.0,15.0,8.0,1.0,1.0,False,False,True,False,,,,length ball,outside off,,push,,,first slip,,,,,keyword,1,,False,False,False,False,False,False,False,False,False,
2,6,India,IND,3,7,AA Nortje,7,1,0,75/1,6.00,6.06,6.5,1,1,"Nortje to Varma, 1 run",,Nortje delivers a length ball just outside off. Tilak Varma works it with a controlled shot to square leg for a single.,974d7e6a-7dc3-4a17-ab2c-4daffc655d59,227568,"India v South Africa at Dharamsala, 3rd T20I, 14 Dec 2025",8599,South Africa in India,2025/26,"Himachal Pradesh Cricket Association Stadium, Dharamsala",Twenty20 international,2025-12-14,69845.0,NT Tilak Varma,left,23659.0,AA Nortje,right,3.0,South Africa,right pace,1.0,pace,2025-12-14 16:00:54,,,,,,,,106032572.0,202.0,45.0,80.0,6.0,1.0,1.0,False,False,True,False,,,,length ball,outside off,,work,,controlled,square leg,,,,,keyword,1,,False,False,False,False,False,False,False,False,False,
2,6,India,IND,3,7,AA Nortje,7,1,0,75/1,6.00,6.07,6.6,0,0,"Nortje to Gill, no run",,"Nortje bowls a length delivery outside off stump. Shubman Gill defends it cautiously with a solid, controlled shot. No run. India require 43 runs from 78 balls, needing just 3.3 per over with 9 wickets in hand. WinViz favors India strongly with a 98% chance of victory.",974d7e6a-7dc3-4a17-ab2c-4daffc655d59,227568,"India v South Africa at Dharamsala, 3rd T20I, 14 Dec 2025",8599,South Africa in India,2025/26,"Himachal Pradesh Cricket Association Stadium, Dharamsala",Twenty20 international,2025-12-14,,,,,,,,,,,,,,,,,,,,,,,,,,,False,False,False,False,,,,,outside off,,,,controlled,,,,,,keyword,0,,False,False,False,False,False,False,False,False,True,
2,6,India,IND,3,8,C Bosch,8,1,0,83/1,7.00,7.01,7.1,1,1,"Bosch to Varma, 1 run",Corbin Bosch continues their spell,"Corbin Bosch sends down a swinging away length ball on middle stump. Tilak Varma drops the ball with neutral contact and takes a single, safely fielded by Dewald Brevis at gully.",974d7e6a-7dc3-4a17-ab2c-4daffc655d59,227568,"India v South Africa at Dharamsala, 3rd T20I, 14 Dec 2025",8599,South Africa in India,2025/26,"Himachal Pradesh Cricket Association Stadium, Dharamsala",Twenty20 international,2025-12-14,69845.0,NT Tilak Varma,left,22181.0,C Bosch,right,3.0,South Africa,right pace,1.0,pace,2025-12-14 16:02:31,,,,,,,,106032577.0,48.0,10.0,13.0,1.0,1.0,1.0,False,False,True,False,,,,length ball,middle stump,,,,,gully,Dewald Brevis at gully,,,,keyword,1,,False,False,False,False,False,False,False,False,False,
2,6,India,IND,3,8,C Bosch,8,1,0,83/1,7.00,7.02,7.2,1,1,"Bosch to Gill, 1 run",,"Bosch bowls a length ball outside off. Gill pushes it softly towards deep cover for a single, expertly fielded by Stubbs.",974d7e6a-7dc3-4a17-ab2c-4daffc655d59,227568,"India v South Africa at Dharamsala, 3rd T20I, 14 Dec 2025",8599,South Africa in India,2025/26,"Himachal Pradesh Cricket Association Stadium, Dharamsala",Twenty20 international,2025-12-14,65345.0,S Gill,right,22181.0,C Bosch,right,3.0,South Africa,right pace,1.0,pace,2025-12-14 16:03:12,,,,,,,,106032578.0,184.0,90.0,157.0,6.0,1.0,1.0,False,False,True,False,,,,length ball,outside off,,push,,,deep cover,Stubbs,,,,keyword,1,,False,False,False,False,False,False,False,False,False,
2,6,India,IND,3,8,C Bosch,8,1,0,83/1,7.00,7.03,7.3,0,0,"Bosch to Varma, no run",,"Corbin Bosch delivers a no movement ball down the leg side, back of a length. Tilak Varma works it with a neutral connection, keeping the ball on the ground and no run is scored.",974d7e6a-7dc3-4a17-ab2c-4daffc655d59,227568,"India v South Africa at Dharamsala, 3rd T20I, 14 Dec 2025",8599,South Africa in India,2025/26,"Himachal Pradesh Cricket Association Stadium, Dharamsala",Twenty20 international,2025-12-14,,,,,,,,,,,,,,,,,,,,,,,,,,,False,False,False,False,,,,back of a length,down the leg side,no movement,work,,,,,,,,keyword,0,,False,False,False,False,False,False,False,False,True,
2,6,India,IND,3,8,C Bosch,8,1,0,83/1,7.00,7.04,7.4,1,1,"Bosch to Varma, 1 run",,"Corbin Bosch delivers a back of a length ball on the leg side. Tilak Varma works it carefully, taking a single to deep backward square leg, fielded by Anrich Nortje.",974d7e6a-7dc3-4a17-ab2c-4daffc655d59,227568,"India v South Africa at Dharamsala, 3rd T20I, 14 Dec 2025",8599,South Africa in India,2025/26,"Himachal Pradesh Cricket Association Stadium, Dharamsala",Twenty20 international,2025-12-14,69845.0,NT Tilak Varma,left,22181.0,C Bosch,right,3.0,South Africa,right pace,1.0,pace,2025-12-14 16:04:32,,,,,,,,106032582.0,156.0,85.0,137.0,7.0,1.0,1.0,False,False,True,False,,,,back of a length,,,work,,,deep backward square leg,Anrich Nortje,,,,keyword,1,,False,False,False,False,False,False,False,False,False,
2,6,India,IND,3,8,C Bosch,8,1,0,83/1,7.00,7.05,7.5,1,1ˡᵇ,"Bosch to Gill, 1 run",,"Bosch delivers a seaming-in ball outside off at a back of a length. Gill works it off his body, no run off the bat but the leg byes bring an extra for India, fielded by de Kock at backward square leg.",974d7e6a-7dc3-4a17-ab2c-4daffc655d59,227568,"India v South Africa at Dharamsala, 3rd T20I, 14 Dec 2025",8599,South Africa in India,2025/26,"Himachal Pradesh Cricket Association Stadium, Dharamsala",Twenty20 international,2025-12-14,,,,,,,,,,,,,,,,,,,,,,,,,,,False,False,False,False,,,,back of a length,outside off,,work,,,backward square leg,de Kock at backward square leg,,,,keyword,1,leg bye,False,False,False,False,True,False,False,False,False,
2,6,India,IND,3,8,C Bosch,8,1,0,83/1,7.00,7.06,7.6,4,4,"Bosch to Varma, 4 runs",,"Bosch delivers a swinging away ball on a back of a length outside leg stump. Varma glances it expertly, timing it perfectly through fine leg for four. India maintain strong momentum with 35 runs needed off 72 balls, holding a 98% win probability and 9 wickets in hand.",974d7e6a-7dc3-4a17-ab2c-4daffc655d59,227568,"India v South Africa at Dharamsala, 3rd T20I, 14 Dec 2025",8599,South Africa in India,2025/26,"Himachal Pradesh Cricket Association Stadium, Dharamsala",Twenty20 international,2025-12-14,69845.0,NT Tilak Varma,left,22181.0,C Bosch,right,3.0,South Africa,right pace,1.0,pace,2025-12-14 16:05:55,,,,,,,,106032585.0,106.0,100.0,160.0,8.0,4.0,4.0,False,False,True,False,,,,back of a length,outside leg,,glance,,,fine leg,,,,,keyword,4,,False,False,False,False,False,False,True,False,False,
2,6,India,IND,3,9,OEG Baartman,2,0,0,85/1,2.00,8.01,8.1,1,1,"Baartman to Gill, 1 run",Ottneil Baartman takes the ball for their 2nd spell,"Baartman bowls a no movement ball pitching short outside off. Gill plays a controlled cut, steering it to deep cover for a single.",974d7e6a-7dc3-4a17-ab2c-4daffc655d59,227568,"India v South Africa at Dharamsala, 3rd T20I, 14 Dec 2025",8599,South Africa in India,2025/26,"Himachal Pradesh Cricket Association Stadium, Dharamsala",Twenty20 international,2025-12-14,65345.0,S Gill,right,18757.0,OEG Baartman,right,3.0,South Africa,right pace,1.0,pace,2025-12-14 16:06:54,,,,,,,,106032589.0,184.0,90.0,152.0,6.0,1.0,1.0,False,False,True,False,,,,short,outside off,no movement,steer,,controlled,deep cover,,,,,keyword,1,,False,False,False,False,False,False,False,False,False,
2,6,India,IND,3,9,OEG Baartman,2,0,0,85/1,2.00,8.02,8.2,0,0,"Baartman to Varma, no run",,"Baartman bowls a length delivery on leg stump. Tilak Varma works it with a controlled shot, keeping the scoreboard unchanged for no run.",974d7e6a-7dc3-4a17-ab2c-4daffc655d59,227568,"India v South Africa at Dharamsala, 3rd T20I, 14 Dec 2025",8599,South Africa in India,2025/26,"Himachal Pradesh Cricket Association Stadium, Dharamsala",Twenty20 international,2025-12-14,,,,,,,,,,,,,,,,,,,,,,,,,,,False,False,False,False,,,,,leg stump,,work,,controlled,,,,,,keyword,0,,False,False,False,False,False,False,False,False,True,
2,6,India,IND,3,9,OEG Baartman,2,0,0,85/1,2.00,8.03,8.3,0,0,"Baartman to Varma, no run",,Baartman bowls a full ball on off stump. Varma pushes it safely back to the bowler for no run.,974d7e6a-7dc3-4a17-ab2c-4daffc655d59,227568,"India v South Africa at Dharamsala, 3rd T20I, 14 Dec 2025",8599,South Africa in India,2025/26,"Himachal Pradesh Cricket Association Stadium, Dharamsala",Twenty20 international,2025-12-14,,,,,,,,,,,,,,,,,,,,,,,,,,,False,False,False,False,,,,full,off stump,,push,,,bowler,,,,,keyword,0,,False,False,False,False,False,False,False,False,True,
2,6,India,IND,3,9,OEG Baartman,2,0,0,85/1,2.00,8.04,8.4,1,1,"Baartman to Varma, 1 run",,Baartman delivers a length ball on middle stump. Varma pushes it gently to deep cover and takes a quick single.,974d7e6a-7dc3-4a17-ab2c-4daffc655d59,227568,"India v South Africa at Dharamsala, 3rd T20I, 14 Dec 2025",8599,South Africa in India,2025/26,"Himachal Pradesh Cricket Association Stadium, Dharamsala",Twenty20 international,2025-12-14,69845.0,NT Tilak Varma,left,18757.0,OEG Baartman,right,3.0,South Africa,right pace,1.0,pace,2025-12-14 16:08:49,,,,,,,,106032592.0,349.0,95.0,158.0,3.0,1.0,1.0,False,False,True,False,,,,length ball,middle stump,,push,,,deep cover,,,,,keyword,1,,False,False,False,False,False,False,False,False,False,
2,6,India,IND,3,9,OEG Baartman,2,0,0,85/1,2.00,8.05,8.5,0,0,"Baartman to Gill, no run",,"Baartman bowls a seaming ball outside off, back of a length. Gill attempts a cut but misses, no run.",974d7e6a-7dc3-4a17-ab2c-4daffc655d59,227568,"India v South Africa at Dharamsala, 3rd T20I, 14 Dec 2025",8599,South Africa in India,2025/26,"Himachal Pradesh Cricket Association Stadium, Dharamsala",Twenty20 international,2025-12-14,,,,,,,,,,,,,,,,,,,,,,,,,,,False,False,False,False,,,,back of a length,outside off,,cut,,,,,,,,keyword,0,,False,False,False,False,False,False,False,False,True,
2,6,India,IND,3,9,OEG Baartman,2,0,0,85/1,2.00,8.06,8.6,0,0,"Baartman to Gill, no run",,"Baartman bowls a length ball outside off. Gill plays a watchful defensive shot. No run. India continue their steady chase needing 33 from 66 balls, holding a strong 98% win probability with 9 wickets in hand.",974d7e6a-7dc3-4a17-ab2c-4daffc655d59,227568,"India v South Africa at Dharamsala, 3rd T20I, 14 Dec 2025",8599,South Africa in India,2025/26,"Himachal Pradesh Cricket Association Stadium, Dharamsala",Twenty20 international,2025-12-14,,,,,,,,,,,,,,,,,,,,,,,,,,,False,False,False,False,,,,length ball,outside off,,,,,,,,,,keyword,0,,False,False,False,False,False,False,False,False,True,
2,6,India,IND,3,10,AA Nortje,3,0,0,88/1,3.00,9.01,9.1,1,1,"Nortje to Varma, 1 run",Anrich Nortje takes the ball for their 2nd spell,"Nortje delivers a swinging-in length ball on off stump. Tilak Varma works the ball with a bat-pad connection, runs a single as Dewald Brevis fields at cover.",974d7e6a-7dc3-4a17-ab2c-4daffc655d59,227568,"India v South Africa at Dharamsala, 3rd T20I, 14 Dec 2025",8599,South Africa in India,2025/26,"Himachal Pradesh Cricket Association Stadium, Dharamsala",Twenty20 international,2025-12-14,69845.0,NT Tilak Varma,left,23659.0,AA Nortje,right,3.0,South Africa,right pace,1.0,pace,2025-12-14 16:10:47,,,,,,,,106032595.0,358.0,35.0,56.0,3.0,1.0,1.0,False,False,True,False,,,,length ball,off stump,,work,,,cover,,,,,keyword,1,,False,False,False,False,False,False,False,False,False,
2,6,India,IND,3,10,AA Nortje,3,0,0,88/1,3.00,9.02,9.2,0,0,"Nortje to Gill, no run",,Nortje delivers a swinging-in length ball outside off. Shubman Gill defends it solidly for no run.,974d7e6a-7dc3-4a17-ab2c-4daffc655d59,227568,"India v South Africa at Dharamsala, 3rd T20I, 14 Dec 2025",8599,South Africa in India,2025/26,"Himachal Pradesh Cricket Association Stadium, Dharamsala",Twenty20 international,2025-12-14,,,,,,,,,,,,,,,,,,,,,,,,,,,False,False,False,False,,,,length ball,outside off,,,,,,,,,,keyword,0,,False,False,False,False,False,False,False,False,True,
2,6,India,IND,3,10,AA Nortje,3,0,0,88/1,3.00,9.03,9.3,1,1,"Nortje to Gill, 1 run",,"Nortje bowls a length ball outside off. Gill pushes it carefully, taking a single.",974d7e6a-7dc3-4a17-ab2c-4daffc655d59,227568,"India v South Africa at Dharamsala, 3rd T20I, 14 Dec 2025",8599,South Africa in India,2025/26,"Himachal Pradesh Cricket Association Stadium, Dharamsala",Twenty20 international,2025-12-14,65345.0,S Gill,right,23659.0,AA Nortje,right,3.0,South Africa,right pace,1.0,pace,2025-12-14 16:11:57,,,,,,,,106032597.0,188.0,35.0,59.0,6.0,1.0,1.0,False,False,True,False,,,,length ball,outside off,,push,,,,,,,,keyword,1,,False,False,False,False,False,False,False,False,False,
2,6,India,IND,3,10,AA Nortje,3,0,0,88/1,3.00,9.04,9.4,0,0,"Nortje to Varma, no run",,"Nortje delivers a back of a length ball outside off stump. Tilak Varma defends it solidly for no run, keeping the scoreboard ticking.",974d7e6a-7dc3-4a17-ab2c-4daffc655d59,227568,"India v South Africa at Dharamsala, 3rd T20I, 14 Dec 2025",8599,South Africa in India,2025/26,"Himachal Pradesh Cricket Association Stadium, Dharamsala",Twenty20 international,2025-12-14,,,,,,,,,,,,,,,,,,,,,,,,,,,False,False,False,False,,,,back of a length,outside off,,,,,,,,,,keyword,0,,False,False,False,False,False,False,False,False,True,
2,6,India,IND,3,10,AA Nortje,3,0,0,88/1,3.00,9.05,9.5,1,1,"Nortje to Varma, 1 run",,"Nortje bowls an off cutter just outside off stump, length ball. Varma pushes it with a neutral connection for a single to mid-off where Ngidi fields quickly.",974d7e6a-7dc3-4a17-ab2c-4daffc655d59,227568,"India v South Africa at Dharamsala, 3rd T20I, 14 Dec 2025",8599,South Africa in India,2025/26,"Himachal Pradesh Cricket Association Stadium, Dharamsala",Twenty20 international,2025-12-14,69845.0,NT Tilak Varma,left,23659.0,AA Nortje,right,3.0,South Africa,right pace,1.0,pace,2025-12-14 16:13:28,,,,,,,,106032599.0,290.0,50.0,88.0,4.0,1.0,1.0,False,False,True,False,,,,length ball,outside off,,push,,,,,,,,keyword,1,,False,False,False,False,False,False,False,False,False,
2,6,India,IND,3,10,AA Nortje,3,0,0,88/1,3.00,9.06,9.6,0,0,"Nortje to Gill, no run",,"A no movement delivery pitched back of a length, outside off. Shubman Gill plays a controlled pull, with the ball fielded by Aiden Markram at mid on. No run. India are set in a steady chase, requiring 30 runs from 60 balls with 9 wickets in hand, holding a commanding 98% win probability.",974d7e6a-7dc3-4a17-ab2c-4daffc655d59,227568,"India v South Africa at Dharamsala, 3rd T20I, 14 Dec 2025",8599,South Africa in India,2025/26,"Himachal Pradesh Cricket Association Stadium, Dharamsala",Twenty20 international,2025-12-14,,,,,,,,,,,,,,,,,,,,,,,,,,,False,False,False,False,,,,back of a length,outside off,no movement,pull,,controlled,mid on,Aiden Markram at mid on,,,,keyword,0,,False,False,False,False,False,False,False,False,True,
2,6,India,IND,3,11,LT Ngidi,3,0,0,91/1,3.00,10.01,10.1,0,0,"Ngidi to Varma, no run",Lungi Ngidi takes the ball for their 2nd spell,"Lungi Ngidi bowls a seaming away ball, landing on the back of the length on leg stump. Tilak Varma pushes softly towards gully, calmly fielded by Dewald Brevis. Dot ball.",974d7e6a-7dc3-4a17-ab2c-4daffc655d59,227568,"India v South Africa at Dharamsala, 3rd T20I, 14 Dec 2025",8599,South Africa in India,2025/26,"Himachal Pradesh Cricket Association Stadium, Dharamsala",Twenty20 international,2025-12-14,,,,,,,,,,,,,,,,,,,,,,,,,,,False,False,False,False,,,,,leg stump,,push,,,gully,Dewald Brevis,,,,keyword,0,,False,False,False,False,False,False,False,False,True,
2,6,India,IND,3,11,LT Ngidi,3,0,0,91/1,3.00,10.02,10.2,0,0,"Ngidi to Varma, no run",,"Ngidi bowls a back of a length ball down the leg side. Tilak Varma works it carefully, staying grounded, but no run comes.",974d7e6a-7dc3-4a17-ab2c-4daffc655d59,227568,"India v South Africa at Dharamsala, 3rd T20I, 14 Dec 2025",8599,South Africa in India,2025/26,"Himachal Pradesh Cricket Association Stadium, Dharamsala",Twenty20 international,2025-12-14,,,,,,,,,,,,,,,,,,,,,,,,,,,False,False,False,False,,,,back of a length,down the leg side,,work,,,,,,,,keyword,0,,False,False,False,False,False,False,False,False,True,
2,6,India,IND,3,11,LT Ngidi,3,0,0,91/1,3.00,10.03,10.3,0,0,"Ngidi to Varma, no run",,"Ngidi delivers a seaming-in ball on outside off, back of a length. Varma attempts a cut but only manages a gloved edge. Dewald Brevis collects it at backward point. Dot ball.",974d7e6a-7dc3-4a17-ab2c-4daffc655d59,227568,"India v South Africa at Dharamsala, 3rd T20I, 14 Dec 2025",8599,South Africa in India,2025/26,"Himachal Pradesh Cricket Association Stadium, Dharamsala",Twenty20 international,2025-12-14,,,,,,,,,,,,,,,,,,,,,,,,,,,False,False,False,False,,,,back of a length,outside off,,cut,,,backward point,,,,,keyword,0,,False,False,False,False,False,False,False,False,True,
2,6,India,IND,3,11,LT Ngidi,3,0,0,91/1,3.00,10.04,10.4,0,0,"Ngidi to Varma, no run",,"Ngidi delivers a no movement ball on the back of a length, down leg stump. Tilak Varma drops it with a neutral connection and the ball is fielded by Dewald Brevis at backward point for no run.",974d7e6a-7dc3-4a17-ab2c-4daffc655d59,227568,"India v South Africa at Dharamsala, 3rd T20I, 14 Dec 2025",8599,South Africa in India,2025/26,"Himachal Pradesh Cricket Association Stadium, Dharamsala",Twenty20 international,2025-12-14,,,,,,,,,,,,,,,,,,,,,,,,,,,False,False,False,False,,,,back of a length,leg stump,no movement,,,,backward point,Dewald Brevis at backward point for no run,,,,keyword,0,,False,False,False,False,False,False,False,False,True,
2,6,India,IND,3,11,LT Ngidi,3,0,0,91/1,3.00,10.05,10.5,2,2,"Ngidi to Varma, 2 runs",,Ngidi bowls a length ball on middle stump. Tilak Varma plays a controlled drive and sneaks in a quick two runs.,974d7e6a-7dc3-4a17-ab2c-4daffc655d59,227568,"India v South Africa at Dharamsala, 3rd T20I, 14 Dec 2025",8599,South Africa in India,2025/26,"Himachal Pradesh Cricket Association Stadium, Dharamsala",Twenty20 international,2025-12-14,69845.0,NT Tilak Varma,left,28230.0,LT Ngidi,right,3.0,South Africa,right pace,1.0,pace,2025-12-14 16:19:53,,,,,,,,106032605.0,334.0,85.0,151.0,3.0,2.0,2.0,False,False,True,False,,,,length ball,middle stump,,drive,,controlled,,,,,,keyword,2,,False,False,False,False,False,False,False,False,False,
2,6,India,IND,3,11,LT Ngidi,3,0,0,91/1,3.00,10.06,10.6,1,1,"Ngidi to Varma, 1 run",,"Ngidi bowls a length ball on middle stump without movement. Varma drives it with a controlled stroke, securing a single to deep cover off Stubbs' fielding. India requires 27 runs from 54 deliveries with 9 wickets in hand, maintaining a commanding 98% chance to win.",974d7e6a-7dc3-4a17-ab2c-4daffc655d59,227568,"India v South Africa at Dharamsala, 3rd T20I, 14 Dec 2025",8599,South Africa in India,2025/26,"Himachal Pradesh Cricket Association Stadium, Dharamsala",Twenty20 international,2025-12-14,69845.0,NT Tilak Varma,left,28230.0,LT Ngidi,right,3.0,South Africa,right pace,1.0,pace,2025-12-14 16:20:34,,,,,,,,106032606.0,347.0,85.0,143.0,3.0,1.0,1.0,False,False,True,False,,,,length ball,middle stump,,drive,,controlled,deep cover,,,,,keyword,1,,False,False,False,False,False,False,False,False,False,
2,6,India,IND,3,12,M Jansen,1,0,1,92/2,1.00,11.01,11.1,0,0,"Jansen to Varma, no run",Marco Jansen takes the ball for their 2nd spell,Marco Jansen bowls a seaming length ball just outside off. Tilak Varma defends it solidly with a neutral connection. No run taken.,974d7e6a-7dc3-4a17-ab2c-4daffc655d59,227568,"India v South Africa at Dharamsala, 3rd T20I, 14 Dec 2025",8599,South Africa in India,2025/26,"Himachal Pradesh Cricket Association Stadium, Dharamsala",Twenty20 international,2025-12-14,,,,,,,,,,,,,,,,,,,,,,,,,,,False,False,False,False,,,,length ball,outside off,,,,,,,,,,keyword,0,,False,False,False,False,False,False,False,False,True,
2,6,India,IND,3,12,M Jansen,1,0,1,92/2,1.00,11.02,11.2,0,0,"Jansen to Varma, no run",,Jansen bowls a back of a length ball outside off. Tilak Varma steers it with a neutral connection; fielded cleanly by Dewald Brevis at backward point. No run.,974d7e6a-7dc3-4a17-ab2c-4daffc655d59,227568,"India v South Africa at Dharamsala, 3rd T20I, 14 Dec 2025",8599,South Africa in India,2025/26,"Himachal Pradesh Cricket Association Stadium, Dharamsala",Twenty20 international,2025-12-14,,,,,,,,,,,,,,,,,,,,,,,,,,,False,False,False,False,,,,back of a length,outside off,,steer,,,backward point,,,,,keyword,0,,False,False,False,False,False,False,False,False,True,
2,6,India,IND,3,12,M Jansen,1,0,1,92/2,1.00,11.03,11.3,1,1,"Jansen to Varma, 1 run",,"Jansen delivers a seaming-in short ball outside off. Varma attempts a pull but mistimes it, sneaking a quick single.",974d7e6a-7dc3-4a17-ab2c-4daffc655d59,227568,"India v South Africa at Dharamsala, 3rd T20I, 14 Dec 2025",8599,South Africa in India,2025/26,"Himachal Pradesh Cricket Association Stadium, Dharamsala",Twenty20 international,2025-12-14,69845.0,NT Tilak Varma,left,68021.0,M Jansen,left,3.0,South Africa,left pace,1.0,pace,2025-12-14 16:22:46,,,,,,,,106032609.0,256.0,50.0,88.0,5.0,1.0,1.0,False,False,True,False,,,,short,outside off,,pull,,,,,,,,keyword,1,,False,False,False,False,False,False,False,False,False,
2,6,India,IND,3,12,M Jansen,1,0,1,92/2,1.00,11.04,11.4,0,W,"Jansen to Gill, out!",,Jansen delivers a seaming length ball wide outside off. Gill attempts a push but gets an inside edge and is bowled cleanly. Key blow as Shubman Gill is dismissed for 28 runs from 28 balls.,974d7e6a-7dc3-4a17-ab2c-4daffc655d59,227568,"India v South Africa at Dharamsala, 3rd T20I, 14 Dec 2025",8599,South Africa in India,2025/26,"Himachal Pradesh Cricket Association Stadium, Dharamsala",Twenty20 international,2025-12-14,,,,,,,,,,,,,,,,,,,,,,,,,,,False,False,False,False,,,,length ball,wide outside off,,push,,,,,bowled,,,keyword,0,,True,False,False,False,False,False,False,False,False,commentary
2,6,India,IND,3,12,M Jansen,1,0,1,92/2,1.00,11.05,11.5,0,0,"Jansen to Yadav, no run",Suryakumar Yadav heads to the crease. ,"Jansen bowls a reverse outswinger on off stump, length ball. Suryakumar Yadav pushes it with a controlled touch, no run.",974d7e6a-7dc3-4a17-ab2c-4daffc655d59,227568,"India v South Africa at Dharamsala, 3rd T20I, 14 Dec 2025",8599,South Africa in India,2025/26,"Himachal Pradesh Cricket Association Stadium, Dharamsala",Twenty20 international,2025-12-14,,,,,,,,,,,,,,,,,,,,,,,,,,,False,False,False,False,,,,length ball,off stump,,push,,controlled,,,,,,keyword,0,,False,False,False,False,False,False,False,False,True,
2,6,India,IND,3,12,M Jansen,1,0,1,92/2,1.00,11.06,11.6,0,0,"Jansen to Yadav, no run",,"Jansen delivers a reverse out swinger pitching wide outside off at length. Suryakumar Yadav attempts a drive but misses; no run scored. India require 26 runs from 48 balls with 8 wickets in hand, maintaining a strong 98% win probability.",974d7e6a-7dc3-4a17-ab2c-4daffc655d59,227568,"India v South Africa at Dharamsala, 3rd T20I, 14 Dec 2025",8599,South Africa in India,2025/26,"Himachal Pradesh Cricket Association Stadium, Dharamsala",Twenty20 international,2025-12-14,,,,,,,,,,,,,,,,,,,,,,,,,,,False,False,False,False,,,,,wide outside off,,drive,,,,,,,,keyword,0,,False,False,False,False,False,False,False,False,True,
2,6,India,IND,3,13,C Bosch,3,0,0,95/2,3.00,12.01,12.1,0,0,"Bosch to Varma, no run",Corbin Bosch takes the ball for their 2nd spell,Bosch bowls a back of a length delivery on leg stump. Tilak Varma attempts a defensive shot but misses it completely. Dot ball.,974d7e6a-7dc3-4a17-ab2c-4daffc655d59,227568,"India v South Africa at Dharamsala, 3rd T20I, 14 Dec 2025",8599,South Africa in India,2025/26,"Himachal Pradesh Cricket Association Stadium, Dharamsala",Twenty20 international,2025-12-14,,,,,,,,,,,,,,,,,,,,,,,,,,,False,False,False,False,,,,back of a length,leg stump,,,,,,,,,,keyword,0,,False,False,False,False,False,False,False,False,True,
2,6,India,IND,3,13,C Bosch,3,0,0,95/2,3.00,12.02,12.2,1,1,"Bosch to Varma, 1 run",,"Corbin Bosch bowls a length ball on middle stump. Tilak Varma pushes it with a neutral connection for a single, fielded by Tristan Stubbs at deep cover.",974d7e6a-7dc3-4a17-ab2c-4daffc655d59,227568,"India v South Africa at Dharamsala, 3rd T20I, 14 Dec 2025",8599,South Africa in India,2025/26,"Himachal Pradesh Cricket Association Stadium, Dharamsala",Twenty20 international,2025-12-14,69845.0,NT Tilak Varma,left,22181.0,C Bosch,right,3.0,South Africa,right pace,1.0,pace,2025-12-14 16:27:15,,,,,,,,106032620.0,350.0,85.0,148.0,3.0,1.0,1.0,False,False,True,False,,,,length ball,middle stump,,push,,,deep cover,Tristan Stubbs at deep cover,,,,keyword,1,,False,False,False,False,False,False,False,False,False,
2,6,India,IND,3,13,C Bosch,3,0,0,95/2,3.00,12.03,12.3,0,0,"Bosch to Yadav, no run",,"Corbin Bosch bowls a length ball outside off, Suryakumar Yadav drives it with a neutral connection. Marco Jansen fields it at mid-off for no run.",974d7e6a-7dc3-4a17-ab2c-4daffc655d59,227568,"India v South Africa at Dharamsala, 3rd T20I, 14 Dec 2025",8599,South Africa in India,2025/26,"Himachal Pradesh Cricket Association Stadium, Dharamsala",Twenty20 international,2025-12-14,,,,,,,,,,,,,,,,,,,,,,,,,,,False,False,False,False,,,,length ball,outside off,,drive,,,,,,,,keyword,0,,False,False,False,False,False,False,False,False,True,
2,6,India,IND,3,13,C Bosch,3,0,0,95/2,3.00,12.04,12.4,1,1,"Bosch to Yadav, 1 run",,"Bosch bowls a back of a length ball wide of off stump. Suryakumar Yadav plays a controlled cut and picks up a single through third man, fielded by Ottneil Baartman. Suryakumar Yadav gets off the mark with a well-timed run.",974d7e6a-7dc3-4a17-ab2c-4daffc655d59,227568,"India v South Africa at Dharamsala, 3rd T20I, 14 Dec 2025",8599,South Africa in India,2025/26,"Himachal Pradesh Cricket Association Stadium, Dharamsala",Twenty20 international,2025-12-14,20861.0,SA Yadav,right,22181.0,C Bosch,right,3.0,South Africa,right pace,1.0,pace,2025-12-14 16:28:46,,,,,,,,106032625.0,143.0,85.0,144.0,7.0,1.0,1.0,False,False,True,False,,,,back of a length,off stump,,cut,,controlled,third man,Ottneil Baartman,,,,keyword,1,,False,False,False,False,False,False,False,False,False,
2,6,India,IND,3,13,C Bosch,3,0,0,95/2,3.00,12.05,12.5,0,0,"Bosch to Varma, no run",,"Over the wicket. Back of a length, down leg, front foot, slog along the ground to Dewald Brevis at backward point. No run.",974d7e6a-7dc3-4a17-ab2c-4daffc655d59,227568,"India v South Africa at Dharamsala, 3rd T20I, 14 Dec 2025",8599,South Africa in India,2025/26,"Himachal Pradesh Cricket Association Stadium, Dharamsala",Twenty20 international,2025-12-14,,,,,,,,,,,,,,,,,,,,,,,,,,,False,False,False,False,over the wicket,,,back of a length,down leg,front foot,slog,along the ground,,backward point,Dewald Brevis,,,,template_arm,0,,False,False,False,False,False,False,False,False,True,
2,6,India,IND,3,13,C Bosch,3,0,0,95/2,3.00,12.06,12.6,1,1,"Bosch to Varma, 1 run",,"Bosch bowls a reverse out swinger pitching on middle stump, Varma attempts a drive but mis-hits it. The ball stays grounded and Varma scrambles through for a single. India are well placed in the chase, needing 23 runs from 42 balls with 8 wickets in hand, holding a 98% win probability.",974d7e6a-7dc3-4a17-ab2c-4daffc655d59,227568,"India v South Africa at Dharamsala, 3rd T20I, 14 Dec 2025",8599,South Africa in India,2025/26,"Himachal Pradesh Cricket Association Stadium, Dharamsala",Twenty20 international,2025-12-14,69845.0,NT Tilak Varma,left,22181.0,C Bosch,right,3.0,South Africa,right pace,1.0,pace,2025-12-14 16:31:10,,,,,,,,106032630.0,353.0,90.0,153.0,3.0,1.0,1.0,False,False,True,False,,,,,middle stump,,drive,,,,,,,,keyword,1,,False,False,False,False,False,False,False,False,False,
2,6,India,IND,3,14,AA Nortje,6,2,0,101/2,4.00,13.01,13.1,2,2ˡᵇ,"Nortje to Varma, 2 runs",Anrich Nortje takes the ball for their 3rd spell,"Nortje bowls a length ball on middle stump. Tilak Varma glances but misses, the ball hitting his pad. Two leg byes sneak through with a quick stop from Jansen at fine leg.",974d7e6a-7dc3-4a17-ab2c-4daffc655d59,227568,"India v South Africa at Dharamsala, 3rd T20I, 14 Dec 2025",8599,South Africa in India,2025/26,"Himachal Pradesh Cricket Association Stadium, Dharamsala",Twenty20 international,2025-12-14,,,,,,,,,,,,,,,,,,,,,,,,,,,False,False,False,False,,,,length ball,middle stump,,glance,,,fine leg,,,,,keyword,2,leg bye,False,False,False,False,True,False,False,False,False,
2,6,India,IND,3,14,AA Nortje,6,2,0,101/2,4.00,13.02,13.2,0,0,"Nortje to Varma, no run",,"Nortje delivers a short ball outside off stump. Tilak Varma leaves it alone, no run.",974d7e6a-7dc3-4a17-ab2c-4daffc655d59,227568,"India v South Africa at Dharamsala, 3rd T20I, 14 Dec 2025",8599,South Africa in India,2025/26,"Himachal Pradesh Cricket Association Stadium, Dharamsala",Twenty20 international,2025-12-14,,,,,,,,,,,,,,,,,,,,,,,,,,,False,False,False,False,,,,short,outside off,,leave,,,,,,,,keyword,0,,False,False,False,False,False,False,False,False,True,
2,6,India,IND,3,14,AA Nortje,6,2,0,101/2,4.00,13.03,13.3,1,1,"Nortje to Varma, 1 run",,"Nortje bowls a reverse in swinger outside off, length ball. Tilak Varma pushes it with a controlled touch to deep cover, stealing a quick single.",974d7e6a-7dc3-4a17-ab2c-4daffc655d59,227568,"India v South Africa at Dharamsala, 3rd T20I, 14 Dec 2025",8599,South Africa in India,2025/26,"Himachal Pradesh Cricket Association Stadium, Dharamsala",Twenty20 international,2025-12-14,69845.0,NT Tilak Varma,left,23659.0,AA Nortje,right,3.0,South Africa,right pace,1.0,pace,2025-12-14 16:33:25,,,,,,,,106032637.0,344.0,70.0,117.0,3.0,1.0,1.0,False,False,True,False,,,,length ball,outside off,,push,,controlled,deep cover,,,,,keyword,1,,False,False,False,False,False,False,False,False,False,
2,6,India,IND,3,14,AA Nortje,6,2,0,101/2,4.00,13.04,13.4,0,0,"Nortje to Yadav, no run",,"Nortje bowls a seaming away ball pitching back of a length outside off. Suryakumar Yadav attempts a cut but misses, no run.",974d7e6a-7dc3-4a17-ab2c-4daffc655d59,227568,"India v South Africa at Dharamsala, 3rd T20I, 14 Dec 2025",8599,South Africa in India,2025/26,"Himachal Pradesh Cricket Association Stadium, Dharamsala",Twenty20 international,2025-12-14,,,,,,,,,,,,,,,,,,,,,,,,,,,False,False,False,False,,,,back of a length,outside off,,cut,,,,,,,,keyword,0,,False,False,False,False,False,False,False,False,True,
2,6,India,IND,3,14,AA Nortje,6,2,0,101/2,4.00,13.05,13.5,2,2,"Nortje to Yadav, 2 runs",,"Nortje angles a seaming delivery outside off, Yadav expertly cuts it with perfect timing for two runs. India reaches the milestone of 100 runs for the loss of 2 wickets.",974d7e6a-7dc3-4a17-ab2c-4daffc655d59,227568,"India v South Africa at Dharamsala, 3rd T20I, 14 Dec 2025",8599,South Africa in India,2025/26,"Himachal Pradesh Cricket Association Stadium, Dharamsala",Twenty20 international,2025-12-14,20861.0,SA Yadav,right,23659.0,AA Nortje,right,3.0,South Africa,right pace,1.0,pace,2025-12-14 16:35:06,,,,,,,,106032641.0,175.0,90.0,156.0,7.0,2.0,2.0,False,False,True,False,,,,,outside off,,cut,,,,,,,,keyword,2,,False,False,False,False,False,False,False,False,False,
2,6,India,IND,3,14,AA Nortje,6,2,0,101/2,4.00,13.06,13.6,1,1,"Nortje to Yadav, 1 run",,"Anrich Nortje bowls a short seaming delivery outside off. Suryakumar Yadav attempts an upper cut but only manages a mis-timed, uncontrolled shot resulting in a single to third man. India require 17 runs from 36 balls with 8 wickets intact, holding a strong 98% win probability.",974d7e6a-7dc3-4a17-ab2c-4daffc655d59,227568,"India v South Africa at Dharamsala, 3rd T20I, 14 Dec 2025",8599,South Africa in India,2025/26,"Himachal Pradesh Cricket Association Stadium, Dharamsala",Twenty20 international,2025-12-14,20861.0,SA Yadav,right,23659.0,AA Nortje,right,3.0,South Africa,right pace,1.0,pace,2025-12-14 16:35:57,,,,,,,,106032643.0,106.0,90.0,140.0,8.0,1.0,1.0,False,False,True,False,,,,short,outside off,,cut,,uncontrolled,third man,,,,,keyword,1,,False,False,False,False,False,False,False,False,False,
2,6,India,IND,3,15,LT Ngidi,8,0,1,109/3,8.00,14.01,14.1,0,0,"Ngidi to Yadav, no run",Lungi Ngidi takes the ball for their 3rd spell,"Ngidi bowls a back of a length reverse in swinger outside off. Suryakumar Yadav pushes it with a neutral shot, no run taken.",974d7e6a-7dc3-4a17-ab2c-4daffc655d59,227568,"India v South Africa at Dharamsala, 3rd T20I, 14 Dec 2025",8599,South Africa in India,2025/26,"Himachal Pradesh Cricket Association Stadium, Dharamsala",Twenty20 international,2025-12-14,,,,,,,,,,,,,,,,,,,,,,,,,,,False,False,False,False,,,,back of a length,outside off,,push,,,,,,,,keyword,0,,False,False,False,False,False,False,False,False,True,
2,6,India,IND,3,15,LT Ngidi,8,0,1,109/3,8.00,14.02,14.2,4,4,"Ngidi to Yadav, 4 runs",,Ngidi sends down a reverse in swinger outside off on a back of a length. Suryakumar Yadav executes a well-timed drive through long off for four.,974d7e6a-7dc3-4a17-ab2c-4daffc655d59,227568,"India v South Africa at Dharamsala, 3rd T20I, 14 Dec 2025",8599,South Africa in India,2025/26,"Himachal Pradesh Cricket Association Stadium, Dharamsala",Twenty20 international,2025-12-14,20861.0,SA Yadav,right,28230.0,LT Ngidi,right,3.0,South Africa,right pace,1.0,pace,2025-12-14 16:37:42,,,,,,,,106032650.0,260.0,100.0,180.0,5.0,4.0,4.0,False,False,True,False,,,,back of a length,outside off,,drive,,,long off,,,,,keyword,4,,False,False,False,False,False,False,True,False,False,
2,6,India,IND,3,15,LT Ngidi,8,0,1,109/3,8.00,14.03,14.3,4,4,"Ngidi to Yadav, 4 runs",,"Ngidi bowls a no movement delivery outside off, back of a length. Suryakumar Yadav plays a well-timed pull, sending it through deep square leg for four. Suryakumar Yadav races to his second boundary of the over, keeping the momentum ticking.",974d7e6a-7dc3-4a17-ab2c-4daffc655d59,227568,"India v South Africa at Dharamsala, 3rd T20I, 14 Dec 2025",8599,South Africa in India,2025/26,"Himachal Pradesh Cricket Association Stadium, Dharamsala",Twenty20 international,2025-12-14,20861.0,SA Yadav,right,28230.0,LT Ngidi,right,3.0,South Africa,right pace,1.0,pace,2025-12-14 16:38:30,,,,,,,,106032651.0,340.0,100.0,173.0,3.0,4.0,4.0,False,False,True,False,,,,back of a length,outside off,no movement,pull,,,deep square leg,,,,,keyword,4,,False,False,False,False,False,False,True,False,False,
2,6,India,IND,3,15,LT Ngidi,8,0,1,109/3,8.00,14.04,14.4,0,W,"Ngidi to Yadav, out!",,"Over the wicket. Back of a length, middle stump, front foot, flick uncontrolled in air to Ottneil Baartman at fine leg. OUT! Suryakumar Yadav caught - 12(11)",974d7e6a-7dc3-4a17-ab2c-4daffc655d59,227568,"India v South Africa at Dharamsala, 3rd T20I, 14 Dec 2025",8599,South Africa in India,2025/26,"Himachal Pradesh Cricket Association Stadium, Dharamsala",Twenty20 international,2025-12-14,,,,,,,,,,,,,,,,,,,,,,,,,,,False,False,False,True,over the wicket,,,back of a length,middle stump,front foot,flick,uncontrolled in air,uncontrolled,fine leg,Ottneil Baartman,caught,Suryakumar Yadav,12,template_arm,0,,True,False,False,False,False,False,False,False,False,commentary
2,6,India,IND,3,15,LT Ngidi,8,0,1,109/3,8.00,14.05,14.5,0,0,"Ngidi to Dube, no run",Shivam Dube heads to the crease. ,Ngidi bowls a no-movement delivery outside off on a back of a length. Shivam Dube pushes it carefully for no run.,974d7e6a-7dc3-4a17-ab2c-4daffc655d59,227568,"India v South Africa at Dharamsala, 3rd T20I, 14 Dec 2025",8599,South Africa in India,2025/26,"Himachal Pradesh Cricket Association Stadium, Dharamsala",Twenty20 international,2025-12-14,,,,,,,,,,,,,,,,,,,,,,,,,,,False,False,False,False,,,,back of a length,outside off,,push,,,,,,,,keyword,0,,False,False,False,False,False,False,False,False,True,
2,6,India,IND,3,15,LT Ngidi,8,0,1,109/3,8.00,14.06,14.6,0,0,"Ngidi to Dube, no run",,"Ngidi bowls a length ball outside off, no movement. Shivam Dube attempts a slog but only manages a bat-pad connection, resulting in no run. Donovan Ferreira fields it at cover. India require 9 runs from 30 balls with seven wickets in hand. According to WinViz, their chances of victory sit at 99%.",974d7e6a-7dc3-4a17-ab2c-4daffc655d59,227568,"India v South Africa at Dharamsala, 3rd T20I, 14 Dec 2025",8599,South Africa in India,2025/26,"Himachal Pradesh Cricket Association Stadium, Dharamsala",Twenty20 international,2025-12-14,,,,,,,,,,,,,,,,,,,,,,,,,,,False,False,False,False,,,,length ball,outside off,no movement,slog,,,cover,,,,,keyword,0,,False,False,False,False,False,False,False,False,True,
2,6,India,IND,3,16,OEG Baartman,11,0,0,120/3,13.20,15.01,15.1,0,0,"Baartman to Varma, no run",Ottneil Baartman takes the ball for their 3rd spell,Baartman delivers a back of a length reverse out swinger on middle stump. Tilak Varma attempts a slog but misses. No run.,974d7e6a-7dc3-4a17-ab2c-4daffc655d59,227568,"India v South Africa at Dharamsala, 3rd T20I, 14 Dec 2025",8599,South Africa in India,2025/26,"Himachal Pradesh Cricket Association Stadium, Dharamsala",Twenty20 international,2025-12-14,,,,,,,,,,,,,,,,,,,,,,,,,,,False,False,False,False,,,,back of a length,middle stump,,slog,,,,,,,,keyword,0,,False,False,False,False,False,False,False,False,True,
2,6,India,IND,3,16,OEG Baartman,11,0,0,120/3,13.20,15.02,15.2,0,0,"Baartman to Varma, no run",,"Baartman bowls a length ball on down leg. Tilak Varma attempts a flick but misses, the ball hitting his pad and safely collected by wicketkeeper Quinton de Kock. No run added.",974d7e6a-7dc3-4a17-ab2c-4daffc655d59,227568,"India v South Africa at Dharamsala, 3rd T20I, 14 Dec 2025",8599,South Africa in India,2025/26,"Himachal Pradesh Cricket Association Stadium, Dharamsala",Twenty20 international,2025-12-14,,,,,,,,,,,,,,,,,,,,,,,,,,,False,False,False,False,,,,length ball,down leg,,flick,,,,,,,,keyword,0,,False,False,False,False,False,False,False,False,True,
2,6,India,IND,3,16,OEG Baartman,11,0,0,120/3,13.20,15.03,15.3,1,1,"Baartman to Varma, 1 run",,"A reverse outswinger on middle stump length from Ottneil Baartman. Tilak Varma works it with a controlled shot to mid-on, taking a single.",974d7e6a-7dc3-4a17-ab2c-4daffc655d59,227568,"India v South Africa at Dharamsala, 3rd T20I, 14 Dec 2025",8599,South Africa in India,2025/26,"Himachal Pradesh Cricket Association Stadium, Dharamsala",Twenty20 international,2025-12-14,69845.0,NT Tilak Varma,left,18757.0,OEG Baartman,right,3.0,South Africa,right pace,1.0,pace,2025-12-14 16:43:48,,,,,,,,106032661.0,257.0,45.0,81.0,5.0,1.0,1.0,False,False,True,False,,,,,middle stump,,work,,controlled,,,,,,keyword,1,,False,False,False,False,False,False,False,False,False,
2,6,India,IND,3,16,OEG Baartman,11,0,0,120/3,13.20,15.04,15.4,6,6,"Baartman to Dube, 6 runs",,"A no movement delivery on middle stump, pitched back of a length. Shivam Dube drives it with a perfectly timed and controlled stroke, sending it sailing over long on for a massive six. Shivam Dube gets off the mark in spectacular fashion.",974d7e6a-7dc3-4a17-ab2c-4daffc655d59,227568,"India v South Africa at Dharamsala, 3rd T20I, 14 Dec 2025",8599,South Africa in India,2025/26,"Himachal Pradesh Cricket Association Stadium, Dharamsala",Twenty20 international,2025-12-14,63520.0,SR Dube,left,18757.0,OEG Baartman,right,3.0,South Africa,right pace,1.0,pace,2025-12-14 16:44:35,,,,,,,,106032664.0,245.0,100.0,179.0,5.0,6.0,6.0,False,False,True,False,,,,back of a length,middle stump,no movement,drive,,controlled,long on,,,,,keyword,6,,False,False,False,False,False,False,False,True,False,
2,6,India,IND,3,16,OEG Baartman,11,0,0,120/3,13.20,15.05,15.5,4,4,"Baartman to Dube, 4 runs",,"A short ball down leg, no movement from Baartman. Shivam Dube pulls it well-timed through deep square leg for four. Dube has now struck two boundaries in this over.",974d7e6a-7dc3-4a17-ab2c-4daffc655d59,227568,"India v South Africa at Dharamsala, 3rd T20I, 14 Dec 2025",8599,South Africa in India,2025/26,"Himachal Pradesh Cricket Association Stadium, Dharamsala",Twenty20 international,2025-12-14,63520.0,SR Dube,left,18757.0,OEG Baartman,right,3.0,South Africa,right pace,1.0,pace,2025-12-14 16:45:15,,,,,,,,106032665.0,197.0,100.0,173.0,6.0,4.0,4.0,False,False,True,False,,,,short,down leg,no movement,pull,,,deep square leg,,,,,keyword,4,,False,False,False,False,False,False,True,False,False,
