innings_number,batting_team_id,batting_team_name,batting_team_abbreviation,innings_closure_id,over_number,over_bowler_name,runs_off_over,extras_off_over,wickets_off_over,team_score,run_rate,overs_unique,display_overs,runs,scoring,ball_summary_text,ball_pre_text,commentary,gid,match_id,match_name,comp_id,comp_name,comp_season,ground_name,class_name,start_date,batting_player_id,batting_player_name,batting_player_hand,bowling_player_id,bowling_player_name,bowling_player_hand,bowling_team_id,bowling_team_name,bowling_technique,bowling_type_id,bowling_type_simple,datetime_utc,bounce_position_x,bounce_position_y,length_zone,stumps_position_y,stumps_position_z,grid_x,grid_y,ball_id,field_direction,field_distance_percent,field_magnitude,field_zone,runs_off_bat,runs_conceded,has_pitchmap,has_beehive,has_wagon,in_catch_map,bowler_arm,delivery_type,delivery_variation,length,line,footwork,shot_type,shot_trajectory,shot_control,field_position,fielder_name,dismissal_type,dismissed_batter,dismissal_score,parse_method,runs_scored,extras_type,is_wicket,is_wide,is_no_ball,is_bye,is_leg_bye,is_penalty,is_boundary_four,is_boundary_six,is_dot,dismissal_source
1,9,Zimbabwe,ZIM,5,1,GF Linde,13,0,0,13/0,13.00,0.01,0.1,4,4,George Linde to Tadiwanashe Marumani,,"FOUR! George Linde to Tadiwanashe Marumani. Left-arm orthodox stock back of a length, down leg on the back foot glancing well timed for 4 runs",bbcd5884-dd98-4bc2-9155-07c4160c943e,233457,"Zimbabwe v South Africa at Delhi, ICC Men's T20 World Cup, 1 Mar 2026",8899,ICC Men's T20 World Cup,2025/26,"Arun Jaitley Stadium (Feroz Shah Kotla), Delhi",Twenty20 international,2026-03-01,73180,TR Marumani,left,20680,GF Linde,left,3,South Africa,left orthodox,5,spin,2026-03-01 09:31:08,6.815,-0.217,3,-0.345,0.862,1.0,1.0,106321944.0,138.0,100.0,163.0,7.0,4.0,4.0,True,True,True,False,,left-arm orthodox,stock,back of a length,down leg,back foot,,,well timed,,,,,,template_structured,4,,False,False,False,False,False,False,True,False,False,
1,9,Zimbabwe,ZIM,5,1,GF Linde,13,0,0,13/0,13.00,0.02,0.2,0,0,George Linde to Tadiwanashe Marumani,,"George Linde to Tadiwanashe Marumani. Left-arm orthodox stock back of a length, off stump on the back foot playing a backward defensive shot to bowler for no run, fielded by George Linde",bbcd5884-dd98-4bc2-9155-07c4160c943e,233457,"Zimbabwe v South Africa at Delhi, ICC Men's T20 World Cup, 1 Mar 2026",8899,ICC Men's T20 World Cup,2025/26,"Arun Jaitley Stadium (Feroz Shah Kotla), Delhi",Twenty20 international,2026-03-01,73180,TR Marumani,left,20680,GF Linde,left,3,South Africa,left orthodox,5,spin,2026-03-01 09:31:50,5.802,0.092,3,0.217,0.864,3.0,1.0,,,,,,,,True,True,False,False,,left-arm orthodox,stock,back of a length,off stump,back foot,backward defensive,,,bowler,George Linde,,,,template_structured,0,,False,False,False,False,False,False,False,False,True,
1,9,Zimbabwe,ZIM,5,1,GF Linde,13,0,0,13/0,13.00,0.03,0.3,0,0,George Linde to Tadiwanashe Marumani,,"George Linde to Tadiwanashe Marumani. Left-arm orthodox stock length ball, outside off on the front foot reverse sweep to wicketkeeper for no run, fielded by Quinton de Kock",bbcd5884-dd98-4bc2-9155-07c4160c943e,233457,"Zimbabwe v South Africa at Delhi, ICC Men's T20 World Cup, 1 Mar 2026",8899,ICC Men's T20 World Cup,2025/26,"Arun Jaitley Stadium (Feroz Shah Kotla), Delhi",Twenty20 international,2026-03-01,73180,TR Marumani,left,20680,GF Linde,left,3,South Africa,left orthodox,5,spin,2026-03-01 09:32:20,3.996,0.262,2,0.337,0.583,3.0,1.0,,,,,,,,True,True,False,False,,left-arm orthodox,stock,length ball,outside off,front foot,reverse sweep,,,wicketkeeper,Quinton de Kock,,,,template_structured,0,,False,False,False,False,False,False,False,False,True,
1,9,Zimbabwe,ZIM,5,1,GF Linde,13,0,0,13/0,13.00,0.04,0.4,2,2,George Linde to Tadiwanashe Marumani,,"George Linde to Tadiwanashe Marumani. Left-arm orthodox stock length ball, middle stump on the front foot slog-sweep to deep backward square leg for 2 runs, fielded by Dewald Brevis",bbcd5884-dd98-4bc2-9155-07c4160c943e,233457,"Zimbabwe v South Africa at Delhi, ICC Men's T20 World Cup, 1 Mar 2026",8899,ICC Men's T20 World Cup,2025/26,"Arun Jaitley Stadium (Feroz Shah Kotla), Delhi",Twenty20 international,2026-03-01,73180,TR Marumani,left,20680,GF Linde,left,3,South Africa,left orthodox,5,spin,2026-03-01 09:32:49,4.501,0.015,2,0.155,0.559,2.0,1.0,106321965.0,175.0,80.0,140.0,7.0,2.0,2.0,True,True,True,False,,left-arm orthodox,stock,length ball,middle stump,front foot,slog sweep,,,deep backward square leg,Dewald Brevis,,,,template_structured,2,,False,False,False,False,False,False,False,False,False,
1,9,Zimbabwe,ZIM,5,1,GF Linde,13,0,0,13/0,13.00,0.05,0.5,1,1,George Linde to Tadiwanashe Marumani,,"George Linde to Tadiwanashe Marumani. Left-arm orthodox stock back of a length, middle stump on the back foot worked to backward square leg for 1 run, misfielded by Dewald Brevis",bbcd5884-dd98-4bc2-9155-07c4160c943e,233457,"Zimbabwe v South Africa at Delhi, ICC Men's T20 World Cup, 1 Mar 2026",8899,ICC Men's T20 World Cup,2025/26,"Arun Jaitley Stadium (Feroz Shah Kotla), Delhi",Twenty20 international,2026-03-01,73180,TR Marumani,left,20680,GF Linde,left,3,South Africa,left orthodox,5,spin,2026-03-01 09:33:21,6.288,-0.036,3,-0.001,0.709,2.0,1.0,106321970.0,161.0,45.0,75.0,7.0,1.0,1.0,True,True,True,False,,left-arm orthodox,stock,back of a length,middle stump,back foot,work,,,backward square leg,,,,,template_structured,1,,False,False,False,False,False,False,False,False,False,
1,9,Zimbabwe,ZIM,5,1,GF Linde,13,0,0,13/0,13.00,0.06,0.6,6,6,George Linde to Brian Bennett,,"SIX! George Linde to Brian Bennett. Left-arm orthodox stock length ball, off stump on the moves infront slog-sweep well timed for 6 runs",bbcd5884-dd98-4bc2-9155-07c4160c943e,233457,"Zimbabwe v South Africa at Delhi, ICC Men's T20 World Cup, 1 Mar 2026",8899,ICC Men's T20 World Cup,2025/26,"Arun Jaitley Stadium (Feroz Shah Kotla), Delhi",Twenty20 international,2026-03-01,76252,BJ Bennett,right,20680,GF Linde,left,3,South Africa,left orthodox,5,spin,2026-03-01 09:34:07,3.952,-0.160,2,-0.245,0.721,1.0,1.0,106321979.0,19.0,100.0,167.0,2.0,6.0,6.0,True,True,True,False,,left-arm orthodox,stock,length ball,off stump,moves infront,slog sweep,,well timed,,,,,,template_structured,6,,False,False,False,False,False,False,False,True,False,
1,9,Zimbabwe,ZIM,5,2,KT Maphaka,5,1,1,18/1,4.00,1.01,1.1,0,0,Kwena Maphaka to Tadiwanashe Marumani,,"Kwena Maphaka to Tadiwanashe Marumani. No movement back of a length, outside off on the back foot playing a backward defensive shot to mid off for no run, fielded by Aiden Markram",bbcd5884-dd98-4bc2-9155-07c4160c943e,233457,"Zimbabwe v South Africa at Delhi, ICC Men's T20 World Cup, 1 Mar 2026",8899,ICC Men's T20 World Cup,2025/26,"Arun Jaitley Stadium (Feroz Shah Kotla), Delhi",Twenty20 international,2026-03-01,73180,TR Marumani,left,76217,KT Maphaka,left,3,South Africa,left pace,1,pace,2026-03-01 09:35:32,8.232,0.414,4,0.127,0.839,2.0,1.0,,,,,,,,True,True,False,False,,no movement,,back of a length,outside off,back foot,backward defensive,,,mid off,Aiden Markram,,,,template_structured,0,,False,False,False,False,False,False,False,False,True,
1,9,Zimbabwe,ZIM,5,2,KT Maphaka,5,1,1,18/1,4.00,1.02,1.1,1,1ʷᵈ,Kwena Maphaka to Tadiwanashe Marumani,,"Wide. Kwena Maphaka to Tadiwanashe Marumani. In swinger full, down leg on the front foot flick to wicketkeeper for 1 wides, fielded by Quinton de Kock",bbcd5884-dd98-4bc2-9155-07c4160c943e,233457,"Zimbabwe v South Africa at Delhi, ICC Men's T20 World Cup, 1 Mar 2026",8899,ICC Men's T20 World Cup,2025/26,"Arun Jaitley Stadium (Feroz Shah Kotla), Delhi",Twenty20 international,2026-03-01,73180,TR Marumani,left,76217,KT Maphaka,left,3,South Africa,left pace,1,pace,2026-03-01 09:36:08,3.709,-0.364,2,,,,,,,,,,,,True,False,False,False,,in swinger,,full,down leg,front foot,flick,,,wicketkeeper,Quinton de Kock,,,,template_structured,1,wide,False,True,False,False,False,False,False,False,False,
1,9,Zimbabwe,ZIM,5,2,KT Maphaka,5,1,1,18/1,4.00,1.03,1.2,0,W,Kwena Maphaka to Tadiwanashe Marumani,,"OUT! Kwena Maphaka to Tadiwanashe Marumani. In swinger length ball, off stump on the front foot slogged for no run. Tadiwanashe Marumani Bowled for 7.",bbcd5884-dd98-4bc2-9155-07c4160c943e,233457,"Zimbabwe v South Africa at Delhi, ICC Men's T20 World Cup, 1 Mar 2026",8899,ICC Men's T20 World Cup,2025/26,"Arun Jaitley Stadium (Feroz Shah Kotla), Delhi",Twenty20 international,2026-03-01,73180,TR Marumani,left,76217,KT Maphaka,left,3,South Africa,left pace,1,pace,2026-03-01 09:36:41,5.667,0.149,3,-0.121,0.537,2.0,1.0,,,,,,,,True,True,False,False,,in swinger,,length ball,off stump,front foot,slog,,,,,bowled,off stump on the front foot slogged for no run. Tadiwanashe Marumani,7,template_structured,0,,True,False,False,False,False,False,False,False,False,commentary
1,9,Zimbabwe,ZIM,5,2,KT Maphaka,5,1,1,18/1,4.00,1.04,1.3,0,0,Kwena Maphaka to Dion Myers,,"Kwena Maphaka to Dion Myers. Away swinger back of a length, leg stump on the front foot playing a forward defensive shot to wicketkeeper for no run, fielded by Quinton de Kock",bbcd5884-dd98-4bc2-9155-07c4160c943e,233457,"Zimbabwe v South Africa at Delhi, ICC Men's T20 World Cup, 1 Mar 2026",8899,ICC Men's T20 World Cup,2025/26,"Arun Jaitley Stadium (Feroz Shah Kotla), Delhi",Twenty20 international,2026-03-01,66389,DN Myers,right,76217,KT Maphaka,left,3,South Africa,left pace,1,pace,2026-03-01 09:38:22,7.558,0.184,4,-0.083,0.881,2.0,1.0,,,,,,,,True,True,False,False,,away swinger,,back of a length,leg stump,front foot,forward defensive,,,wicketkeeper,Quinton de Kock,,,,template_structured,0,,False,False,False,False,False,False,False,False,True,
1,9,Zimbabwe,ZIM,5,2,KT Maphaka,5,1,1,18/1,4.00,1.05,1.4,0,0,Kwena Maphaka to Dion Myers,,"Kwena Maphaka to Dion Myers. Away swinger full, outside off on the front foot driving to extra cover for no run, fielded by Aiden Markram",bbcd5884-dd98-4bc2-9155-07c4160c943e,233457,"Zimbabwe v South Africa at Delhi, ICC Men's T20 World Cup, 1 Mar 2026",8899,ICC Men's T20 World Cup,2025/26,"Arun Jaitley Stadium (Feroz Shah Kotla), Delhi",Twenty20 international,2026-03-01,66389,DN Myers,right,76217,KT Maphaka,left,3,South Africa,left pace,1,pace,2026-03-01 09:38:57,5.323,-0.544,3,-0.975,0.503,0.0,1.0,,,,,,,,True,True,False,False,,away swinger,,full,outside off,front foot,drive,,,extra cover,Aiden Markram,,,,template_structured,0,,False,False,False,False,False,False,False,False,True,
1,9,Zimbabwe,ZIM,5,2,KT Maphaka,5,1,1,18/1,4.00,1.06,1.5,0,0,Kwena Maphaka to Dion Myers,,"Kwena Maphaka to Dion Myers. Away swinger length ball, outside off on the front foot driving to wicketkeeper for no run, fielded by Quinton de Kock",bbcd5884-dd98-4bc2-9155-07c4160c943e,233457,"Zimbabwe v South Africa at Delhi, ICC Men's T20 World Cup, 1 Mar 2026",8899,ICC Men's T20 World Cup,2025/26,"Arun Jaitley Stadium (Feroz Shah Kotla), Delhi",Twenty20 international,2026-03-01,66389,DN Myers,right,76217,KT Maphaka,left,3,South Africa,left pace,1,pace,2026-03-01 09:39:31,4.923,-0.226,2,-0.545,0.524,1.0,1.0,,,,,,,,True,True,False,False,,away swinger,,length ball,outside off,front foot,drive,,,wicketkeeper,Quinton de Kock,,,,template_structured,0,,False,False,False,False,False,False,False,False,True,
1,9,Zimbabwe,ZIM,5,2,KT Maphaka,5,1,1,18/1,4.00,1.07,1.6,4,4,Kwena Maphaka to Dion Myers,,"FOUR! Kwena Maphaka to Dion Myers. Away swinger full, middle stump on the front foot driving well timed for 4 runs",bbcd5884-dd98-4bc2-9155-07c4160c943e,233457,"Zimbabwe v South Africa at Delhi, ICC Men's T20 World Cup, 1 Mar 2026",8899,ICC Men's T20 World Cup,2025/26,"Arun Jaitley Stadium (Feroz Shah Kotla), Delhi",Twenty20 international,2026-03-01,66389,DN Myers,right,76217,KT Maphaka,left,3,South Africa,left pace,1,pace,2026-03-01 09:40:08,4.540,0.036,2,-0.236,0.439,1.0,0.0,106322065.0,271.0,100.0,180.0,4.0,4.0,4.0,True,True,True,False,,away swinger,,full,middle stump,front foot,drive,,well timed,,,,,,template_structured,4,,False,False,False,False,False,False,True,False,False,
1,9,Zimbabwe,ZIM,5,3,LT Ngidi,6,0,0,24/1,6.00,2.01,2.1,0,0,Lungi Ngidi to Brian Bennett,,"Lungi Ngidi to Brian Bennett. In swinger length ball, outside off on the front foot driving to mid off for no run, fielded by Aiden Markram",bbcd5884-dd98-4bc2-9155-07c4160c943e,233457,"Zimbabwe v South Africa at Delhi, ICC Men's T20 World Cup, 1 Mar 2026",8899,ICC Men's T20 World Cup,2025/26,"Arun Jaitley Stadium (Feroz Shah Kotla), Delhi",Twenty20 international,2026-03-01,76252,BJ Bennett,right,28230,LT Ngidi,right,3,South Africa,right pace,1,pace,2026-03-01 09:41:07,4.714,-0.319,2,-0.039,0.444,2.0,0.0,,,,,,,,True,True,False,False,,in swinger,,length ball,outside off,front foot,drive,,,mid off,Aiden Markram,,,,template_structured,0,,False,False,False,False,False,False,False,False,True,
1,9,Zimbabwe,ZIM,5,3,LT Ngidi,6,0,0,24/1,6.00,2.02,2.2,4,4,Lungi Ngidi to Brian Bennett,,"FOUR! Lungi Ngidi to Brian Bennett. No movement back of a length, outside off on the back foot pulled well timed for 4 runs",bbcd5884-dd98-4bc2-9155-07c4160c943e,233457,"Zimbabwe v South Africa at Delhi, ICC Men's T20 World Cup, 1 Mar 2026",8899,ICC Men's T20 World Cup,2025/26,"Arun Jaitley Stadium (Feroz Shah Kotla), Delhi",Twenty20 international,2026-03-01,76252,BJ Bennett,right,28230,LT Ngidi,right,3,South Africa,right pace,1,pace,2026-03-01 09:41:49,9.699,-0.690,4,-0.392,1.085,1.0,2.0,106322086.0,301.0,100.0,179.0,4.0,4.0,4.0,True,True,True,False,,no movement,,back of a length,outside off,back foot,pull,,well timed,,,,,,template_structured,4,,False,False,False,False,False,False,True,False,False,
1,9,Zimbabwe,ZIM,5,3,LT Ngidi,6,0,0,24/1,6.00,2.03,2.3,0,0,Lungi Ngidi to Brian Bennett,,"Lungi Ngidi to Brian Bennett. No movement length ball, wide outside off on the front foot driving to mid off for no run, fielded by Aiden Markram",bbcd5884-dd98-4bc2-9155-07c4160c943e,233457,"Zimbabwe v South Africa at Delhi, ICC Men's T20 World Cup, 1 Mar 2026",8899,ICC Men's T20 World Cup,2025/26,"Arun Jaitley Stadium (Feroz Shah Kotla), Delhi",Twenty20 international,2026-03-01,76252,BJ Bennett,right,28230,LT Ngidi,right,3,South Africa,right pace,1,pace,2026-03-01 09:42:34,6.935,-0.641,3,-0.485,0.668,1.0,1.0,,,,,,,,True,True,False,False,,no movement,,length ball,wide outside off,front foot,drive,,,mid off,Aiden Markram,,,,template_structured,0,,False,False,False,False,False,False,False,False,True,
1,9,Zimbabwe,ZIM,5,3,LT Ngidi,6,0,0,24/1,6.00,2.04,2.4,0,0,Lungi Ngidi to Brian Bennett,,"Lungi Ngidi to Brian Bennett. Off cutter yorker, outside off on the front foot driving to backward point for no run, run out attempt: missed stumps by David Miller",bbcd5884-dd98-4bc2-9155-07c4160c943e,233457,"Zimbabwe v South Africa at Delhi, ICC Men's T20 World Cup, 1 Mar 2026",8899,ICC Men's T20 World Cup,2025/26,"Arun Jaitley Stadium (Feroz Shah Kotla), Delhi",Twenty20 international,2026-03-01,76252,BJ Bennett,right,28230,LT Ngidi,right,3,South Africa,right pace,1,pace,2026-03-01 09:43:22,1.936,-0.657,1,-0.641,0.304,0.0,0.0,,,,,,,,True,True,False,False,,off cutter,,yorker,outside off,front foot,drive,,,backward point,,,,,template_structured,0,,False,False,False,False,False,False,False,False,True,
1,9,Zimbabwe,ZIM,5,3,LT Ngidi,6,0,0,24/1,6.00,2.05,2.5,2,2,Lungi Ngidi to Brian Bennett,,"Lungi Ngidi to Brian Bennett. Off cutter length ball, outside off on the front foot driving to deep backward point for 2 runs, fielded by Dewald Brevis",bbcd5884-dd98-4bc2-9155-07c4160c943e,233457,"Zimbabwe v South Africa at Delhi, ICC Men's T20 World Cup, 1 Mar 2026",8899,ICC Men's T20 World Cup,2025/26,"Arun Jaitley Stadium (Feroz Shah Kotla), Delhi",Twenty20 international,2026-03-01,76252,BJ Bennett,right,28230,LT Ngidi,right,3,South Africa,right pace,1,pace,2026-03-01 09:44:00,3.956,-0.534,2,-0.364,0.525,1.0,1.0,106322122.0,170.0,85.0,148.0,7.0,2.0,2.0,True,True,True,False,,off cutter,,length ball,outside off,front foot,drive,,,deep backward point,Dewald Brevis,,,,template_structured,2,,False,False,False,False,False,False,False,False,False,
1,9,Zimbabwe,ZIM,5,3,LT Ngidi,6,0,0,24/1,6.00,2.06,2.6,0,0,Lungi Ngidi to Brian Bennett,,"Lungi Ngidi to Brian Bennett. Off cutter full toss, outside off on the front foot slogged to mid wicket for no run, fielded by Corbin Bosch",bbcd5884-dd98-4bc2-9155-07c4160c943e,233457,"Zimbabwe v South Africa at Delhi, ICC Men's T20 World Cup, 1 Mar 2026",8899,ICC Men's T20 World Cup,2025/26,"Arun Jaitley Stadium (Feroz Shah Kotla), Delhi",Twenty20 international,2026-03-01,76252,BJ Bennett,right,28230,LT Ngidi,right,3,South Africa,right pace,1,pace,2026-03-01 09:44:45,-0.575,-0.338,0,-0.350,0.163,1.0,0.0,,,,,,,,True,True,False,False,,off cutter,,full toss,outside off,front foot,slog,,,mid wicket,Corbin Bosch,,,,template_structured,0,,False,False,False,False,False,False,False,False,True,
1,9,Zimbabwe,ZIM,5,4,KT Maphaka,4,0,0,28/1,4.00,3.01,3.1,0,0,Kwena Maphaka to Dion Myers,,"Kwena Maphaka to Dion Myers. Away swinger full, outside off on the front foot driving to bowler for no run, fielded by Kwena Maphaka",bbcd5884-dd98-4bc2-9155-07c4160c943e,233457,"Zimbabwe v South Africa at Delhi, ICC Men's T20 World Cup, 1 Mar 2026",8899,ICC Men's T20 World Cup,2025/26,"Arun Jaitley Stadium (Feroz Shah Kotla), Delhi",Twenty20 international,2026-03-01,66389,DN Myers,right,76217,KT Maphaka,left,3,South Africa,left pace,1,pace,2026-03-01 09:45:35,4.659,-0.221,2,-0.494,0.466,1.0,1.0,,,,,,,,True,True,False,False,,away swinger,,full,outside off,front foot,drive,,,bowler,Kwena Maphaka,,,,template_structured,0,,False,False,False,False,False,False,False,False,True,
1,9,Zimbabwe,ZIM,5,4,KT Maphaka,4,0,0,28/1,4.00,3.02,3.2,0,0,Kwena Maphaka to Dion Myers,,"Kwena Maphaka to Dion Myers. Off cutter length ball, off stump on the front foot cut to wicketkeeper for no run, fielded by Quinton de Kock",bbcd5884-dd98-4bc2-9155-07c4160c943e,233457,"Zimbabwe v South Africa at Delhi, ICC Men's T20 World Cup, 1 Mar 2026",8899,ICC Men's T20 World Cup,2025/26,"Arun Jaitley Stadium (Feroz Shah Kotla), Delhi",Twenty20 international,2026-03-01,66389,DN Myers,right,76217,KT Maphaka,left,3,South Africa,left pace,1,pace,2026-03-01 09:46:14,6.946,-0.086,3,-0.640,0.584,0.0,1.0,,,,,,,,True,True,False,False,,off cutter,,length ball,off stump,front foot,cut,,,wicketkeeper,Quinton de Kock,,,,template_structured,0,,False,False,False,False,False,False,False,False,True,
1,9,Zimbabwe,ZIM,5,4,KT Maphaka,4,0,0,28/1,4.00,3.03,3.3,1,1,Kwena Maphaka to Dion Myers,,"Kwena Maphaka to Dion Myers. No movement short, down leg on the back foot pulled to third man for 1 run, fielded by Corbin Bosch",bbcd5884-dd98-4bc2-9155-07c4160c943e,233457,"Zimbabwe v South Africa at Delhi, ICC Men's T20 World Cup, 1 Mar 2026",8899,ICC Men's T20 World Cup,2025/26,"Arun Jaitley Stadium (Feroz Shah Kotla), Delhi",Twenty20 international,2026-03-01,66389,DN Myers,right,76217,KT Maphaka,left,3,South Africa,left pace,1,pace,2026-03-01 09:46:47,9.827,0.225,4,-0.395,1.332,1.0,2.0,106322164.0,124.0,80.0,128.0,8.0,1.0,1.0,True,True,True,False,,no movement,,short,down leg,back foot,pull,,,third man,Corbin Bosch,,,,template_structured,1,,False,False,False,False,False,False,False,False,False,
1,9,Zimbabwe,ZIM,5,4,KT Maphaka,4,0,0,28/1,4.00,3.04,3.4,0,0,Kwena Maphaka to Brian Bennett,,"Kwena Maphaka to Brian Bennett. Away swinger back of a length, leg stump on the back foot pushed to wicketkeeper for no run, fielded by Quinton de Kock",bbcd5884-dd98-4bc2-9155-07c4160c943e,233457,"Zimbabwe v South Africa at Delhi, ICC Men's T20 World Cup, 1 Mar 2026",8899,ICC Men's T20 World Cup,2025/26,"Arun Jaitley Stadium (Feroz Shah Kotla), Delhi",Twenty20 international,2026-03-01,76252,BJ Bennett,right,76217,KT Maphaka,left,3,South Africa,left pace,1,pace,2026-03-01 09:47:31,8.084,0.152,4,-0.316,0.923,1.0,2.0,,,,,,,,True,True,False,False,,away swinger,,back of a length,leg stump,back foot,push,,,wicketkeeper,Quinton de Kock,,,,template_structured,0,,False,False,False,False,False,False,False,False,True,
1,9,Zimbabwe,ZIM,5,4,KT Maphaka,4,0,0,28/1,4.00,3.05,3.5,2,2,Kwena Maphaka to Brian Bennett,,"Kwena Maphaka to Brian Bennett. No movement short, down leg on the back foot pulled to deep mid wicket for 2 runs, fielded by Anrich Nortje",bbcd5884-dd98-4bc2-9155-07c4160c943e,233457,"Zimbabwe v South Africa at Delhi, ICC Men's T20 World Cup, 1 Mar 2026",8899,ICC Men's T20 World Cup,2025/26,"Arun Jaitley Stadium (Feroz Shah Kotla), Delhi",Twenty20 international,2026-03-01,76252,BJ Bennett,right,76217,KT Maphaka,left,3,South Africa,left pace,1,pace,2026-03-01 09:48:06,10.333,0.346,4,-0.194,1.190,2.0,2.0,106322182.0,305.0,95.0,168.0,4.0,2.0,2.0,True,True,True,False,,no movement,,short,down leg,back foot,pull,,,deep mid wicket,Anrich Nortje,,,,template_structured,2,,False,False,False,False,False,False,False,False,False,
1,9,Zimbabwe,ZIM,5,4,KT Maphaka,4,0,0,28/1,4.00,3.06,3.6,1,1,Kwena Maphaka to Brian Bennett,,"Kwena Maphaka to Brian Bennett. No movement back of a length, down leg on the back foot pushed to backward point for 1 run, fielded by George Linde",bbcd5884-dd98-4bc2-9155-07c4160c943e,233457,"Zimbabwe v South Africa at Delhi, ICC Men's T20 World Cup, 1 Mar 2026",8899,ICC Men's T20 World Cup,2025/26,"Arun Jaitley Stadium (Feroz Shah Kotla), Delhi",Twenty20 international,2026-03-01,76252,BJ Bennett,right,76217,KT Maphaka,left,3,South Africa,left pace,1,pace,2026-03-01 09:48:47,8.777,0.281,4,-0.219,0.706,1.0,1.0,106322194.0,154.0,45.0,74.0,7.0,1.0,1.0,True,True,True,False,,no movement,,back of a length,down leg,back foot,push,,,backward point,George Linde,,,,template_structured,1,,False,False,False,False,False,False,False,False,False,
1,9,Zimbabwe,ZIM,5,5,AA Nortje,1,0,1,29/2,1.00,4.01,4.1,0,0,Anrich Nortje to Brian Bennett,,"Anrich Nortje to Brian Bennett. In swinger length ball, outside off on the back foot playing a backward defensive shot to bowler for no run, fielded by Anrich Nortje",bbcd5884-dd98-4bc2-9155-07c4160c943e,233457,"Zimbabwe v South Africa at Delhi, ICC Men's T20 World Cup, 1 Mar 2026",8899,ICC Men's T20 World Cup,2025/26,"Arun Jaitley Stadium (Feroz Shah Kotla), Delhi",Twenty20 international,2026-03-01,76252,BJ Bennett,right,23659,AA Nortje,right,3,South Africa,right pace,1,pace,2026-03-01 09:50:01,7.894,-0.294,4,-0.060,0.783,2.0,1.0,,,,,,,,True,True,False,False,,in swinger,,length ball,outside off,back foot,backward defensive,,,bowler,Anrich Nortje,,,,template_structured,0,,False,False,False,False,False,False,False,False,True,
1,9,Zimbabwe,ZIM,5,5,AA Nortje,1,0,1,29/2,1.00,4.02,4.2,0,0,Anrich Nortje to Brian Bennett,,"Anrich Nortje to Brian Bennett. In swinger length ball, leg stump backs away pushed to point for no run, fielded by Dewald Brevis",bbcd5884-dd98-4bc2-9155-07c4160c943e,233457,"Zimbabwe v South Africa at Delhi, ICC Men's T20 World Cup, 1 Mar 2026",8899,ICC Men's T20 World Cup,2025/26,"Arun Jaitley Stadium (Feroz Shah Kotla), Delhi",Twenty20 international,2026-03-01,76252,BJ Bennett,right,23659,AA Nortje,right,3,South Africa,right pace,1,pace,2026-03-01 09:50:36,7.895,0.104,4,0.643,0.826,4.0,1.0,,,,,,,,True,True,False,False,,,,length ball,leg stump,backs away,push,,,point,Dewald Brevis,,,,keyword,0,,False,False,False,False,False,False,False,False,True,
1,9,Zimbabwe,ZIM,5,5,AA Nortje,1,0,1,29/2,1.00,4.03,4.3,0,W,Anrich Nortje to Brian Bennett,,"OUT! Anrich Nortje to Brian Bennett. No movement length ball, outside off on the front foot driving to mid off for no run, caught by Aiden Markram. Brian Bennett Caught for 15.",bbcd5884-dd98-4bc2-9155-07c4160c943e,233457,"Zimbabwe v South Africa at Delhi, ICC Men's T20 World Cup, 1 Mar 2026",8899,ICC Men's T20 World Cup,2025/26,"Arun Jaitley Stadium (Feroz Shah Kotla), Delhi",Twenty20 international,2026-03-01,76252,BJ Bennett,right,23659,AA Nortje,right,3,South Africa,right pace,1,pace,2026-03-01 09:51:09,7.497,-0.449,4,-0.244,0.895,1.0,1.0,,,,,,,,True,True,False,True,,no movement,,length ball,outside off,front foot,drive,,,mid off,Aiden Markram,caught,caught by Aiden Markram. Brian Bennett,15,template_structured,0,,True,False,False,False,False,False,False,False,False,commentary
1,9,Zimbabwe,ZIM,5,5,AA Nortje,1,0,1,29/2,1.00,4.04,4.4,0,0,Anrich Nortje to Sikandar Raza,,"Anrich Nortje to Sikandar Raza. In swinger short, outside off on the back foot fended to wicketkeeper for no run, fielded by Quinton de Kock",bbcd5884-dd98-4bc2-9155-07c4160c943e,233457,"Zimbabwe v South Africa at Delhi, ICC Men's T20 World Cup, 1 Mar 2026",8899,ICC Men's T20 World Cup,2025/26,"Arun Jaitley Stadium (Feroz Shah Kotla), Delhi",Twenty20 international,2026-03-01,12501,Sikandar Raza,right,23659,AA Nortje,right,3,South Africa,right pace,1,pace,2026-03-01 09:52:54,10.445,-0.338,4,0.117,0.974,2.0,2.0,,,,,,,,True,True,False,False,,in swinger,,short,outside off,back foot,,,,wicketkeeper,Quinton de Kock,,,,template_structured,0,,False,False,False,False,False,False,False,False,True,
1,9,Zimbabwe,ZIM,5,5,AA Nortje,1,0,1,29/2,1.00,4.05,4.5,0,0,Anrich Nortje to Sikandar Raza,,"Anrich Nortje to Sikandar Raza. No movement short, wide outside off on the no movement leaving left alone through to wicketkeeper for no run, fielded by Quinton de Kock",bbcd5884-dd98-4bc2-9155-07c4160c943e,233457,"Zimbabwe v South Africa at Delhi, ICC Men's T20 World Cup, 1 Mar 2026",8899,ICC Men's T20 World Cup,2025/26,"Arun Jaitley Stadium (Feroz Shah Kotla), Delhi",Twenty20 international,2026-03-01,12501,Sikandar Raza,right,23659,AA Nortje,right,3,South Africa,right pace,1,pace,2026-03-01 09:53:28,10.693,-0.706,4,-0.645,1.259,0.0,2.0,,,,,,,,True,True,False,False,,no movement,,short,wide outside off,no movement,leave,,,wicketkeeper,Quinton de Kock,,,,template_structured,0,,False,False,False,False,False,False,False,False,True,
1,9,Zimbabwe,ZIM,5,5,AA Nortje,1,0,1,29/2,1.00,4.06,4.6,1,1,Anrich Nortje to Sikandar Raza,,"Anrich Nortje to Sikandar Raza. No movement length ball, outside off on the back foot worked to mid on for 1 run, run out attempt: missed stumps by Corbin Bosch",bbcd5884-dd98-4bc2-9155-07c4160c943e,233457,"Zimbabwe v South Africa at Delhi, ICC Men's T20 World Cup, 1 Mar 2026",8899,ICC Men's T20 World Cup,2025/26,"Arun Jaitley Stadium (Feroz Shah Kotla), Delhi",Twenty20 international,2026-03-01,12501,Sikandar Raza,right,23659,AA Nortje,right,3,South Africa,right pace,1,pace,2026-03-01 09:54:06,7.346,-0.084,4,0.290,0.727,3.0,1.0,106322262.0,294.0,45.0,79.0,4.0,1.0,1.0,True,True,True,False,,no movement,,length ball,outside off,back foot,work,,,mid on,,,,,template_structured,1,,False,False,False,False,False,False,False,False,False,
1,9,Zimbabwe,ZIM,5,6,C Bosch,16,0,0,45/2,16.00,5.01,5.1,4,4,Corbin Bosch to Sikandar Raza,,"FOUR! Corbin Bosch to Sikandar Raza. No movement length ball, outside off on the front foot driving to third man for 4 runs, misfielded by Kwena Maphaka",bbcd5884-dd98-4bc2-9155-07c4160c943e,233457,"Zimbabwe v South Africa at Delhi, ICC Men's T20 World Cup, 1 Mar 2026",8899,ICC Men's T20 World Cup,2025/26,"Arun Jaitley Stadium (Feroz Shah Kotla), Delhi",Twenty20 international,2026-03-01,12501,Sikandar Raza,right,22181,C Bosch,right,3,South Africa,right pace,1,pace,2026-03-01 09:55:07,6.890,-0.306,3,-0.064,0.580,2.0,1.0,106322277.0,123.0,100.0,157.0,8.0,4.0,4.0,True,True,True,False,,no movement,,length ball,outside off,front foot,drive,,,third man,,,,,template_structured,4,,False,False,False,False,False,False,True,False,False,
1,9,Zimbabwe,ZIM,5,6,C Bosch,16,0,0,45/2,16.00,5.02,5.2,6,6,Corbin Bosch to Sikandar Raza,,"SIX! Corbin Bosch to Sikandar Raza. No movement short, outside off on the back foot pulled well timed for 6 runs",bbcd5884-dd98-4bc2-9155-07c4160c943e,233457,"Zimbabwe v South Africa at Delhi, ICC Men's T20 World Cup, 1 Mar 2026",8899,ICC Men's T20 World Cup,2025/26,"Arun Jaitley Stadium (Feroz Shah Kotla), Delhi",Twenty20 international,2026-03-01,12501,Sikandar Raza,right,22181,C Bosch,right,3,South Africa,right pace,1,pace,2026-03-01 09:55:47,10.011,-0.538,4,-0.173,1.150,2.0,2.0,106322285.0,359.0,100.0,170.0,3.0,6.0,6.0,True,True,True,False,,no movement,,short,outside off,back foot,pull,,well timed,,,,,,template_structured,6,,False,False,False,False,False,False,False,True,False,
1,9,Zimbabwe,ZIM,5,6,C Bosch,16,0,0,45/2,16.00,5.03,5.3,0,0,Corbin Bosch to Sikandar Raza,,"Corbin Bosch to Sikandar Raza. No movement back of a length, outside off on the back foot playing a backward defensive shot to bowler for no run, fielded by Corbin Bosch",bbcd5884-dd98-4bc2-9155-07c4160c943e,233457,"Zimbabwe v South Africa at Delhi, ICC Men's T20 World Cup, 1 Mar 2026",8899,ICC Men's T20 World Cup,2025/26,"Arun Jaitley Stadium (Feroz Shah Kotla), Delhi",Twenty20 international,2026-03-01,12501,Sikandar Raza,right,22181,C Bosch,right,3,South Africa,right pace,1,pace,2026-03-01 09:56:30,9.172,-0.417,4,-0.115,1.009,2.0,2.0,,,,,,,,True,True,False,False,,no movement,,back of a length,outside off,back foot,backward defensive,,,bowler,Corbin Bosch,,,,template_structured,0,,False,False,False,False,False,False,False,False,True,
1,9,Zimbabwe,ZIM,5,6,C Bosch,16,0,0,45/2,16.00,5.04,5.4,1,1,Corbin Bosch to Sikandar Raza,,"Corbin Bosch to Sikandar Raza. Seam in back of a length, outside off on the back foot worked to mid on for 1 run, fielded by Anrich Nortje",bbcd5884-dd98-4bc2-9155-07c4160c943e,233457,"Zimbabwe v South Africa at Delhi, ICC Men's T20 World Cup, 1 Mar 2026",8899,ICC Men's T20 World Cup,2025/26,"Arun Jaitley Stadium (Feroz Shah Kotla), Delhi",Twenty20 international,2026-03-01,12501,Sikandar Raza,right,22181,C Bosch,right,3,South Africa,right pace,1,pace,2026-03-01 09:57:06,8.234,-0.265,4,0.161,0.875,2.0,1.0,106322302.0,298.0,50.0,87.0,4.0,1.0,1.0,True,True,True,False,,seam in,,back of a length,outside off,back foot,work,,,mid on,Anrich Nortje,,,,template_structured,1,,False,False,False,False,False,False,False,False,False,
1,9,Zimbabwe,ZIM,5,6,C Bosch,16,0,0,45/2,16.00,5.05,5.5,1,1,Corbin Bosch to Dion Myers,,"Corbin Bosch to Dion Myers. Seam in back of a length, outside off on the back foot flick to deep backward square leg for 1 run, fielded by Tristan Stubbs",bbcd5884-dd98-4bc2-9155-07c4160c943e,233457,"Zimbabwe v South Africa at Delhi, ICC Men's T20 World Cup, 1 Mar 2026",8899,ICC Men's T20 World Cup,2025/26,"Arun Jaitley Stadium (Feroz Shah Kotla), Delhi",Twenty20 international,2026-03-01,66389,DN Myers,right,22181,C Bosch,right,3,South Africa,right pace,1,pace,2026-03-01 09:57:45,8.534,-0.234,4,0.275,0.860,3.0,1.0,,,,,,,,True,True,False,False,,seam in,,back of a length,outside off,back foot,flick,,,deep backward square leg,Tristan Stubbs,,,,template_structured,1,,False,False,False,False,False,False,False,False,False,
1,9,Zimbabwe,ZIM,5,6,C Bosch,16,0,0,45/2,16.00,5.06,5.6,4,4,Corbin Bosch to Sikandar Raza,,"FOUR! Corbin Bosch to Sikandar Raza. No movement length ball, outside off on the back foot driving well timed for 4 runs",bbcd5884-dd98-4bc2-9155-07c4160c943e,233457,"Zimbabwe v South Africa at Delhi, ICC Men's T20 World Cup, 1 Mar 2026",8899,ICC Men's T20 World Cup,2025/26,"Arun Jaitley Stadium (Feroz Shah Kotla), Delhi",Twenty20 international,2026-03-01,12501,Sikandar Raza,right,22181,C Bosch,right,3,South Africa,right pace,1,pace,2026-03-01 09:58:22,7.299,-0.474,4,-0.252,0.743,1.0,1.0,106322318.0,190.0,100.0,172.0,6.0,4.0,4.0,True,True,True,False,,no movement,,length ball,outside off,back foot,drive,,well timed,,,,,,template_structured,4,,False,False,False,False,False,False,True,False,False,
1,9,Zimbabwe,ZIM,5,7,GF Linde,6,0,0,51/2,6.00,6.01,6.1,1,1,George Linde to Dion Myers,,"George Linde to Dion Myers. Left-arm orthodox stock back of a length, off stump on the back foot driving well timed to deep backward point for 1 run, fielded by Anrich Nortje",bbcd5884-dd98-4bc2-9155-07c4160c943e,233457,"Zimbabwe v South Africa at Delhi, ICC Men's T20 World Cup, 1 Mar 2026",8899,ICC Men's T20 World Cup,2025/26,"Arun Jaitley Stadium (Feroz Shah Kotla), Delhi",Twenty20 international,2026-03-01,66389,DN Myers,right,20680,GF Linde,left,3,South Africa,left orthodox,5,spin,2026-03-01 10:02:04,5.823,-0.047,3,-0.124,0.744,2.0,1.0,106322369.0,178.0,95.0,165.0,7.0,1.0,1.0,True,True,True,False,,left-arm orthodox,stock,back of a length,off stump,back foot,drive,,well timed,deep backward point,Anrich Nortje,,,,template_structured,1,,False,False,False,False,False,False,False,False,False,
1,9,Zimbabwe,ZIM,5,7,GF Linde,6,0,0,51/2,6.00,6.02,6.2,1,1,George Linde to Sikandar Raza,,"George Linde to Sikandar Raza. Left-arm orthodox stock back of a length, middle stump on the back foot worked to long on for 1 run, fielded by Ryan Rickelton",bbcd5884-dd98-4bc2-9155-07c4160c943e,233457,"Zimbabwe v South Africa at Delhi, ICC Men's T20 World Cup, 1 Mar 2026",8899,ICC Men's T20 World Cup,2025/26,"Arun Jaitley Stadium (Feroz Shah Kotla), Delhi",Twenty20 international,2026-03-01,12501,Sikandar Raza,right,20680,GF Linde,left,3,South Africa,left orthodox,5,spin,2026-03-01 10:02:29,6.377,-0.047,3,0.062,0.647,2.0,1.0,106322375.0,299.0,95.0,163.0,4.0,1.0,1.0,True,True,True,False,,left-arm orthodox,stock,back of a length,middle stump,back foot,work,,,long on,Ryan Rickelton,,,,template_structured,1,,False,False,False,False,False,False,False,False,False,
1,9,Zimbabwe,ZIM,5,7,GF Linde,6,0,0,51/2,6.00,6.03,6.3,1,1,George Linde to Dion Myers,,"George Linde to Dion Myers. Left-arm orthodox stock length ball, middle stump on the back foot pushed to backward point for 1 run, fielded by David Miller",bbcd5884-dd98-4bc2-9155-07c4160c943e,233457,"Zimbabwe v South Africa at Delhi, ICC Men's T20 World Cup, 1 Mar 2026",8899,ICC Men's T20 World Cup,2025/26,"Arun Jaitley Stadium (Feroz Shah Kotla), Delhi",Twenty20 international,2026-03-01,66389,DN Myers,right,20680,GF Linde,left,3,South Africa,left orthodox,5,spin,2026-03-01 10:02:57,4.856,0.012,2,0.080,0.676,2.0,1.0,106322382.0,179.0,45.0,78.0,7.0,1.0,1.0,True,True,True,False,,left-arm orthodox,stock,length ball,middle stump,back foot,push,,,backward point,David Miller,,,,template_structured,1,,False,False,False,False,False,False,False,False,False,
1,9,Zimbabwe,ZIM,5,7,GF Linde,6,0,0,51/2,6.00,6.04,6.4,2,2,George Linde to Sikandar Raza,,"George Linde to Sikandar Raza. Left-arm orthodox stock back of a length, outside off on the back foot driving well timed to deep cover for 2 runs, run saved by Anrich Nortje",bbcd5884-dd98-4bc2-9155-07c4160c943e,233457,"Zimbabwe v South Africa at Delhi, ICC Men's T20 World Cup, 1 Mar 2026",8899,ICC Men's T20 World Cup,2025/26,"Arun Jaitley Stadium (Feroz Shah Kotla), Delhi",Twenty20 international,2026-03-01,12501,Sikandar Raza,right,20680,GF Linde,left,3,South Africa,left orthodox,5,spin,2026-03-01 10:03:28,5.572,-0.267,3,-0.269,0.668,1.0,1.0,106322387.0,196.0,95.0,159.0,6.0,2.0,2.0,True,True,True,False,,left-arm orthodox,stock,back of a length,outside off,back foot,drive,,well timed,deep cover,,,,,template_structured,2,,False,False,False,False,False,False,False,False,False,
1,9,Zimbabwe,ZIM,5,7,GF Linde,6,0,0,51/2,6.00,6.05,6.5,1,1,George Linde to Sikandar Raza,,"George Linde to Sikandar Raza. Left-arm orthodox stock back of a length, middle stump on the back foot worked to long on for 1 run, fielded by Ryan Rickelton",bbcd5884-dd98-4bc2-9155-07c4160c943e,233457,"Zimbabwe v South Africa at Delhi, ICC Men's T20 World Cup, 1 Mar 2026",8899,ICC Men's T20 World Cup,2025/26,"Arun Jaitley Stadium (Feroz Shah Kotla), Delhi",Twenty20 international,2026-03-01,12501,Sikandar Raza,right,20680,GF Linde,left,3,South Africa,left orthodox,5,spin,2026-03-01 10:04:02,5.577,-0.006,3,0.139,0.612,2.0,1.0,106322391.0,292.0,80.0,144.0,4.0,1.0,1.0,True,True,True,False,,left-arm orthodox,stock,back of a length,middle stump,back foot,work,,,long on,Ryan Rickelton,,,,template_structured,1,,False,False,False,False,False,False,False,False,False,
1,9,Zimbabwe,ZIM,5,7,GF Linde,6,0,0,51/2,6.00,6.06,6.6,0,0,George Linde to Dion Myers,,"George Linde to Dion Myers. Left-arm orthodox stock length ball, off stump on the front foot pushed to backward point for no run, fielded by Aiden Markram",bbcd5884-dd98-4bc2-9155-07c4160c943e,233457,"Zimbabwe v South Africa at Delhi, ICC Men's T20 World Cup, 1 Mar 2026",8899,ICC Men's T20 World Cup,2025/26,"Arun Jaitley Stadium (Feroz Shah Kotla), Delhi",Twenty20 international,2026-03-01,66389,DN Myers,right,20680,GF Linde,left,3,South Africa,left orthodox,5,spin,2026-03-01 10:04:29,4.750,-0.014,2,0.092,0.554,2.0,1.0,,,,,,,,True,True,False,False,,left-arm orthodox,stock,length ball,off stump,front foot,push,,,backward point,Aiden Markram,,,,template_structured,0,,False,False,False,False,False,False,False,False,True,
1,9,Zimbabwe,ZIM,5,8,AA Nortje,15,1,0,66/2,14.00,7.01,7.1,4,4,Anrich Nortje to Sikandar Raza,,"FOUR! Anrich Nortje to Sikandar Raza. No movement length ball, middle stump backs away driving well timed for 4 runs",bbcd5884-dd98-4bc2-9155-07c4160c943e,233457,"Zimbabwe v South Africa at Delhi, ICC Men's T20 World Cup, 1 Mar 2026",8899,ICC Men's T20 World Cup,2025/26,"Arun Jaitley Stadium (Feroz Shah Kotla), Delhi",Twenty20 international,2026-03-01,12501,Sikandar Raza,right,23659,AA Nortje,right,3,South Africa,right pace,1,pace,2026-03-01 10:05:31,6.266,0.030,3,0.407,0.616,3.0,1.0,106322420.0,230.0,100.0,178.0,5.0,4.0,4.0,True,True,True,False,,,,length ball,middle stump,no movement,drive,,well timed,,,,,,keyword,4,,False,False,False,False,False,False,True,False,False,
1,9,Zimbabwe,ZIM,5,8,AA Nortje,15,1,0,66/2,14.00,7.02,7.2,6,6,Anrich Nortje to Sikandar Raza,,"SIX! Anrich Nortje to Sikandar Raza. No movement back of a length, outside off on the back foot pulled well timed for 6 runs",bbcd5884-dd98-4bc2-9155-07c4160c943e,233457,"Zimbabwe v South Africa at Delhi, ICC Men's T20 World Cup, 1 Mar 2026",8899,ICC Men's T20 World Cup,2025/26,"Arun Jaitley Stadium (Feroz Shah Kotla), Delhi",Twenty20 international,2026-03-01,12501,Sikandar Raza,right,23659,AA Nortje,right,3,South Africa,right pace,1,pace,2026-03-01 10:06:14,9.477,-0.326,4,0.034,1.034,2.0,2.0,106322429.0,308.0,100.0,178.0,4.0,6.0,6.0,True,True,True,False,,no movement,,back of a length,outside off,back foot,pull,,well timed,,,,,,template_structured,6,,False,False,False,False,False,False,False,True,False,
1,9,Zimbabwe,ZIM,5,8,AA Nortje,15,1,0,66/2,14.00,7.03,7.3,1,1,Anrich Nortje to Sikandar Raza,,"Anrich Nortje to Sikandar Raza. Leg cutter back of a length, outside off on the back foot pulled to mid wicket for 1 run, fielded by Dewald Brevis",bbcd5884-dd98-4bc2-9155-07c4160c943e,233457,"Zimbabwe v South Africa at Delhi, ICC Men's T20 World Cup, 1 Mar 2026",8899,ICC Men's T20 World Cup,2025/26,"Arun Jaitley Stadium (Feroz Shah Kotla), Delhi",Twenty20 international,2026-03-01,12501,Sikandar Raza,right,23659,AA Nortje,right,3,South Africa,right pace,1,pace,2026-03-01 10:07:04,9.130,-0.263,4,0.164,0.661,2.0,1.0,106322441.0,320.0,55.0,95.0,3.0,1.0,1.0,True,True,True,False,,leg cutter,,back of a length,outside off,back foot,pull,,,mid wicket,Dewald Brevis,,,,template_structured,1,,False,False,False,False,False,False,False,False,False,
1,9,Zimbabwe,ZIM,5,8,AA Nortje,15,1,0,66/2,14.00,7.04,7.3,1,1ʷᵈ,Anrich Nortje to Dion Myers,,"Wide. Anrich Nortje to Dion Myers. Seam in length ball, off stump on the back foot glancing to wicketkeeper for 1 wides, fielded by Quinton de Kock",bbcd5884-dd98-4bc2-9155-07c4160c943e,233457,"Zimbabwe v South Africa at Delhi, ICC Men's T20 World Cup, 1 Mar 2026",8899,ICC Men's T20 World Cup,2025/26,"Arun Jaitley Stadium (Feroz Shah Kotla), Delhi",Twenty20 international,2026-03-01,66389,DN Myers,right,23659,AA Nortje,right,3,South Africa,right pace,1,pace,2026-03-01 10:07:40,7.786,-0.112,4,,,,,,,,,,,,True,False,False,False,,seam in,,length ball,off stump,back foot,,,,wicketkeeper,Quinton de Kock,,,,template_structured,1,wide,False,True,False,False,False,False,False,False,False,
1,9,Zimbabwe,ZIM,5,8,AA Nortje,15,1,0,66/2,14.00,7.05,7.4,0,0,Anrich Nortje to Dion Myers,,"Anrich Nortje to Dion Myers. No movement length ball, off stump on the front foot driving to extra cover for no run, fielded by David Miller",bbcd5884-dd98-4bc2-9155-07c4160c943e,233457,"Zimbabwe v South Africa at Delhi, ICC Men's T20 World Cup, 1 Mar 2026",8899,ICC Men's T20 World Cup,2025/26,"Arun Jaitley Stadium (Feroz Shah Kotla), Delhi",Twenty20 international,2026-03-01,66389,DN Myers,right,23659,AA Nortje,right,3,South Africa,right pace,1,pace,2026-03-01 10:08:16,5.312,-0.105,3,0.097,0.483,2.0,1.0,,,,,,,,True,True,False,False,,no movement,,length ball,off stump,front foot,drive,,,extra cover,David Miller,,,,template_structured,0,,False,False,False,False,False,False,False,False,True,
1,9,Zimbabwe,ZIM,5,8,AA Nortje,15,1,0,66/2,14.00,7.06,7.5,2,2,Anrich Nortje to Dion Myers,,"Anrich Nortje to Dion Myers. No movement short, outside off on the back foot pulled well timed to deep mid wicket for 2 runs, run saved by Tristan Stubbs",bbcd5884-dd98-4bc2-9155-07c4160c943e,233457,"Zimbabwe v South Africa at Delhi, ICC Men's T20 World Cup, 1 Mar 2026",8899,ICC Men's T20 World Cup,2025/26,"Arun Jaitley Stadium (Feroz Shah Kotla), Delhi",Twenty20 international,2026-03-01,66389,DN Myers,right,23659,AA Nortje,right,3,South Africa,right pace,1,pace,2026-03-01 10:08:53,11.236,-0.434,4,-0.011,1.235,2.0,2.0,106322468.0,315.0,85.0,150.0,4.0,2.0,2.0,True,True,True,False,,no movement,,short,outside off,back foot,pull,,well timed,deep mid wicket,,,,,template_structured,2,,False,False,False,False,False,False,False,False,False,
1,9,Zimbabwe,ZIM,5,8,AA Nortje,15,1,0,66/2,14.00,7.07,7.6,1,1,Anrich Nortje to Dion Myers,,"Anrich Nortje to Dion Myers. Seam in back of a length, outside off on the back foot pushed to extra cover for 1 run, fielded by David Miller",bbcd5884-dd98-4bc2-9155-07c4160c943e,233457,"Zimbabwe v South Africa at Delhi, ICC Men's T20 World Cup, 1 Mar 2026",8899,ICC Men's T20 World Cup,2025/26,"Arun Jaitley Stadium (Feroz Shah Kotla), Delhi",Twenty20 international,2026-03-01,66389,DN Myers,right,23659,AA Nortje,right,3,South Africa,right pace,1,pace,2026-03-01 10:09:32,8.561,-0.260,4,0.116,0.932,2.0,2.0,106322474.0,227.0,40.0,70.0,5.0,1.0,1.0,True,True,True,False,,seam in,,back of a length,outside off,back foot,push,,,extra cover,David Miller,,,,template_structured,1,,False,False,False,False,False,False,False,False,False,
1,9,Zimbabwe,ZIM,5,9,GF Linde,3,0,1,69/3,3.00,8.01,8.1,0,0,George Linde to Dion Myers,,"George Linde to Dion Myers. Left-arm orthodox stock length ball, middle stump down the track flick to wicketkeeper for no run, fielded by Quinton de Kock",bbcd5884-dd98-4bc2-9155-07c4160c943e,233457,"Zimbabwe v South Africa at Delhi, ICC Men's T20 World Cup, 1 Mar 2026",8899,ICC Men's T20 World Cup,2025/26,"Arun Jaitley Stadium (Feroz Shah Kotla), Delhi",Twenty20 international,2026-03-01,66389,DN Myers,right,20680,GF Linde,left,3,South Africa,left orthodox,5,spin,2026-03-01 10:10:31,3.093,0.141,2,0.235,0.606,3.0,1.0,,,,,,,,True,True,False,False,,,,length ball,middle stump,down the track,flick,,,wicketkeeper,Quinton de Kock,,,,keyword,0,,False,False,False,False,False,False,False,False,True,
1,9,Zimbabwe,ZIM,5,9,GF Linde,3,0,1,69/3,3.00,8.02,8.2,0,W,George Linde to Dion Myers,,"OUT! George Linde to Dion Myers. Left-arm orthodox stock back of a length, outside off on the front foot slogged to deep mid wicket for no run, caught by Dewald Brevis. Dion Myers Caught for 11.",bbcd5884-dd98-4bc2-9155-07c4160c943e,233457,"Zimbabwe v South Africa at Delhi, ICC Men's T20 World Cup, 1 Mar 2026",8899,ICC Men's T20 World Cup,2025/26,"Arun Jaitley Stadium (Feroz Shah Kotla), Delhi",Twenty20 international,2026-03-01,66389,DN Myers,right,20680,GF Linde,left,3,South Africa,left orthodox,5,spin,2026-03-01 10:11:00,6.727,-0.082,3,-0.213,0.869,1.0,1.0,,,,,,,,True,True,False,True,,left-arm orthodox,stock,back of a length,outside off,front foot,slog,,,deep mid wicket,Dewald Brevis,caught,caught by Dewald Brevis. Dion Myers,11,template_structured,0,,True,False,False,False,False,False,False,False,False,commentary
1,9,Zimbabwe,ZIM,5,9,GF Linde,3,0,1,69/3,3.00,8.03,8.3,1,1,George Linde to Ryan Burl,,"George Linde to Ryan Burl. Left-arm orthodox stock length ball, outside off on the front foot driving to long off for 1 run, fielded by Ryan Rickelton",bbcd5884-dd98-4bc2-9155-07c4160c943e,233457,"Zimbabwe v South Africa at Delhi, ICC Men's T20 World Cup, 1 Mar 2026",8899,ICC Men's T20 World Cup,2025/26,"Arun Jaitley Stadium (Feroz Shah Kotla), Delhi",Twenty20 international,2026-03-01,12504,RP Burl,left,20680,GF Linde,left,3,South Africa,left orthodox,5,spin,2026-03-01 10:12:58,3.520,0.529,2,0.625,0.526,4.0,1.0,106322512.0,292.0,85.0,154.0,4.0,1.0,1.0,True,True,True,False,,left-arm orthodox,stock,length ball,outside off,front foot,drive,,,long off,Ryan Rickelton,,,,template_structured,1,,False,False,False,False,False,False,False,False,False,
1,9,Zimbabwe,ZIM,5,9,GF Linde,3,0,1,69/3,3.00,8.04,8.4,0,0,George Linde to Sikandar Raza,,"George Linde to Sikandar Raza. Left-arm orthodox stock back of a length, leg stump on the back foot worked to backward square leg for no run, fielded by Quinton de Kock",bbcd5884-dd98-4bc2-9155-07c4160c943e,233457,"Zimbabwe v South Africa at Delhi, ICC Men's T20 World Cup, 1 Mar 2026",8899,ICC Men's T20 World Cup,2025/26,"Arun Jaitley Stadium (Feroz Shah Kotla), Delhi",Twenty20 international,2026-03-01,12501,Sikandar Raza,right,20680,GF Linde,left,3,South Africa,left orthodox,5,spin,2026-03-01 10:13:29,5.181,0.171,3,0.339,0.580,3.0,1.0,,,,,,,,True,True,False,False,,left-arm orthodox,stock,back of a length,leg stump,back foot,work,,,backward square leg,Quinton de Kock,,,,template_structured,0,,False,False,False,False,False,False,False,False,True,
1,9,Zimbabwe,ZIM,5,9,GF Linde,3,0,1,69/3,3.00,8.05,8.5,1,1,George Linde to Sikandar Raza,,"George Linde to Sikandar Raza. Left-arm orthodox stock back of a length, outside off on the back foot cut to deep backward point for 1 run, fielded by Kwena Maphaka",bbcd5884-dd98-4bc2-9155-07c4160c943e,233457,"Zimbabwe v South Africa at Delhi, ICC Men's T20 World Cup, 1 Mar 2026",8899,ICC Men's T20 World Cup,2025/26,"Arun Jaitley Stadium (Feroz Shah Kotla), Delhi",Twenty20 international,2026-03-01,12501,Sikandar Raza,right,20680,GF Linde,left,3,South Africa,left orthodox,5,spin,2026-03-01 10:13:55,5.518,-0.167,3,-0.149,0.674,2.0,1.0,106322520.0,176.0,90.0,149.0,7.0,1.0,1.0,True,True,True,False,,left-arm orthodox,stock,back of a length,outside off,back foot,cut,,,deep backward point,Kwena Maphaka,,,,template_structured,1,,False,False,False,False,False,False,False,False,False,
1,9,Zimbabwe,ZIM,5,9,GF Linde,3,0,1,69/3,3.00,8.06,8.6,1,1,George Linde to Ryan Burl,,"George Linde to Ryan Burl. Left-arm orthodox stock length ball, middle stump on the front foot worked to long on for 1 run, fielded by Corbin Bosch",bbcd5884-dd98-4bc2-9155-07c4160c943e,233457,"Zimbabwe v South Africa at Delhi, ICC Men's T20 World Cup, 1 Mar 2026",8899,ICC Men's T20 World Cup,2025/26,"Arun Jaitley Stadium (Feroz Shah Kotla), Delhi",Twenty20 international,2026-03-01,12504,RP Burl,left,20680,GF Linde,left,3,South Africa,left orthodox,5,spin,2026-03-01 10:14:33,4.983,-0.017,2,0.001,0.661,2.0,1.0,106322531.0,241.0,70.0,124.0,5.0,1.0,1.0,True,True,True,False,,left-arm orthodox,stock,length ball,middle stump,front foot,work,,,long on,Corbin Bosch,,,,template_structured,1,,False,False,False,False,False,False,False,False,False,
1,9,Zimbabwe,ZIM,5,10,AK Markram,11,0,0,80/3,11.00,9.01,9.1,1,1,Aiden Markram to Ryan Burl,,"Aiden Markram to Ryan Burl. Off break back of a length, outside off on the back foot driving to deep cover for 1 run, fielded by Kwena Maphaka",bbcd5884-dd98-4bc2-9155-07c4160c943e,233457,"Zimbabwe v South Africa at Delhi, ICC Men's T20 World Cup, 1 Mar 2026",8899,ICC Men's T20 World Cup,2025/26,"Arun Jaitley Stadium (Feroz Shah Kotla), Delhi",Twenty20 international,2026-03-01,12504,RP Burl,left,27774,AK Markram,right,3,South Africa,off break,3,spin,2026-03-01 10:15:30,6.133,0.180,3,0.098,0.702,2.0,1.0,106322540.0,346.0,90.0,157.0,3.0,1.0,1.0,True,True,True,False,,off break,,back of a length,outside off,back foot,drive,,,deep cover,Kwena Maphaka,,,,template_structured,1,,False,False,False,False,False,False,False,False,False,
1,9,Zimbabwe,ZIM,5,10,AK Markram,11,0,0,80/3,11.00,9.02,9.2,0,0,Aiden Markram to Sikandar Raza,,"Aiden Markram to Sikandar Raza. Off break full, down leg on the front foot sweep to short fine leg for no run, fielded by Lungi Ngidi",bbcd5884-dd98-4bc2-9155-07c4160c943e,233457,"Zimbabwe v South Africa at Delhi, ICC Men's T20 World Cup, 1 Mar 2026",8899,ICC Men's T20 World Cup,2025/26,"Arun Jaitley Stadium (Feroz Shah Kotla), Delhi",Twenty20 international,2026-03-01,12501,Sikandar Raza,right,27774,AK Markram,right,3,South Africa,off break,3,spin,2026-03-01 10:16:05,3.180,0.260,2,0.264,0.430,3.0,0.0,,,,,,,,True,True,False,False,,off break,,full,down leg,front foot,sweep,,,short fine leg,Lungi Ngidi,,,,template_structured,0,,False,False,False,False,False,False,False,False,True,
1,9,Zimbabwe,ZIM,5,10,AK Markram,11,0,0,80/3,11.00,9.03,9.3,6,6,Aiden Markram to Sikandar Raza,,"SIX! Aiden Markram to Sikandar Raza. Off break back of a length, down leg on the front foot slog-sweep well timed for 6 runs",bbcd5884-dd98-4bc2-9155-07c4160c943e,233457,"Zimbabwe v South Africa at Delhi, ICC Men's T20 World Cup, 1 Mar 2026",8899,ICC Men's T20 World Cup,2025/26,"Arun Jaitley Stadium (Feroz Shah Kotla), Delhi",Twenty20 international,2026-03-01,12501,Sikandar Raza,right,27774,AK Markram,right,3,South Africa,off break,3,spin,2026-03-01 10:17:26,6.180,0.277,3,0.149,0.637,2.0,1.0,106322572.0,45.0,100.0,163.0,2.0,6.0,6.0,True,True,True,False,,off break,,back of a length,down leg,front foot,slog sweep,,well timed,,,,,,template_structured,6,,False,False,False,False,False,False,False,True,False,
1,9,Zimbabwe,ZIM,5,10,AK Markram,11,0,0,80/3,11.00,9.04,9.4,4,4,Aiden Markram to Sikandar Raza,,"FOUR! Aiden Markram to Sikandar Raza. Off break back of a length, middle stump on the front foot slog-sweep to deep mid wicket for 4 runs, misfielded by Kwena Maphaka",bbcd5884-dd98-4bc2-9155-07c4160c943e,233457,"Zimbabwe v South Africa at Delhi, ICC Men's T20 World Cup, 1 Mar 2026",8899,ICC Men's T20 World Cup,2025/26,"Arun Jaitley Stadium (Feroz Shah Kotla), Delhi",Twenty20 international,2026-03-01,12501,Sikandar Raza,right,27774,AK Markram,right,3,South Africa,off break,3,spin,2026-03-01 10:18:01,5.079,0.007,3,-0.125,0.640,2.0,1.0,106322577.0,330.0,100.0,175.0,3.0,4.0,4.0,True,True,True,False,,off break,,back of a length,middle stump,front foot,slog sweep,,,deep mid wicket,,,,,template_structured,4,,False,False,False,False,False,False,True,False,False,
1,9,Zimbabwe,ZIM,5,10,AK Markram,11,0,0,80/3,11.00,9.05,9.5,0,0,Aiden Markram to Sikandar Raza,,"Aiden Markram to Sikandar Raza. Quicker ball yorker, off stump on the front foot driving to extra cover for no run, fielded by Dewald Brevis",bbcd5884-dd98-4bc2-9155-07c4160c943e,233457,"Zimbabwe v South Africa at Delhi, ICC Men's T20 World Cup, 1 Mar 2026",8899,ICC Men's T20 World Cup,2025/26,"Arun Jaitley Stadium (Feroz Shah Kotla), Delhi",Twenty20 international,2026-03-01,12501,Sikandar Raza,right,27774,AK Markram,right,3,South Africa,off break,3,spin,2026-03-01 10:18:34,1.306,-0.067,1,-0.132,0.240,2.0,0.0,,,,,,,,True,True,False,False,,quicker ball,,yorker,off stump,front foot,drive,,,extra cover,Dewald Brevis,,,,template_structured,0,,False,False,False,False,False,False,False,False,True,
1,9,Zimbabwe,ZIM,5,10,AK Markram,11,0,0,80/3,11.00,9.06,9.6,0,0,Aiden Markram to Sikandar Raza,,"Aiden Markram to Sikandar Raza. Quicker ball yorker, leg stump on the back foot playing a backward defensive shot to bowler for no run, fielded by Aiden Markram",bbcd5884-dd98-4bc2-9155-07c4160c943e,233457,"Zimbabwe v South Africa at Delhi, ICC Men's T20 World Cup, 1 Mar 2026",8899,ICC Men's T20 World Cup,2025/26,"Arun Jaitley Stadium (Feroz Shah Kotla), Delhi",Twenty20 international,2026-03-01,12501,Sikandar Raza,right,27774,AK Markram,right,3,South Africa,off break,3,spin,2026-03-01 10:18:53,1.471,0.079,1,0.020,0.253,2.0,0.0,,,,,,,,True,True,False,False,,quicker ball,,yorker,leg stump,back foot,backward defensive,,,bowler,Aiden Markram,,,,template_structured,0,,False,False,False,False,False,False,False,False,True,
1,9,Zimbabwe,ZIM,5,11,LT Ngidi,4,0,1,84/4,4.00,10.01,10.1,2,2,Lungi Ngidi to Ryan Burl,,"Lungi Ngidi to Ryan Burl. No movement length ball, off stump on the back foot worked to mid wicket for 2 runs, fielded by Tristan Stubbs",bbcd5884-dd98-4bc2-9155-07c4160c943e,233457,"Zimbabwe v South Africa at Delhi, ICC Men's T20 World Cup, 1 Mar 2026",8899,ICC Men's T20 World Cup,2025/26,"Arun Jaitley Stadium (Feroz Shah Kotla), Delhi",Twenty20 international,2026-03-01,12504,RP Burl,left,28230,LT Ngidi,right,3,South Africa,right pace,1,pace,2026-03-01 10:20:00,6.976,0.160,3,-0.006,0.745,2.0,1.0,106322605.0,239.0,55.0,92.0,5.0,2.0,2.0,True,True,True,False,,no movement,,length ball,off stump,back foot,work,,,mid wicket,Tristan Stubbs,,,,template_structured,2,,False,False,False,False,False,False,False,False,False,
1,9,Zimbabwe,ZIM,5,11,LT Ngidi,4,0,1,84/4,4.00,10.02,10.2,0,W,Lungi Ngidi to Ryan Burl,,"OUT! Lungi Ngidi to Ryan Burl. Off cutter full, off stump on the front foot worked for no run. Ryan Burl Lbw for 5.",bbcd5884-dd98-4bc2-9155-07c4160c943e,233457,"Zimbabwe v South Africa at Delhi, ICC Men's T20 World Cup, 1 Mar 2026",8899,ICC Men's T20 World Cup,2025/26,"Arun Jaitley Stadium (Feroz Shah Kotla), Delhi",Twenty20 international,2026-03-01,12504,RP Burl,left,28230,LT Ngidi,right,3,South Africa,right pace,1,pace,2026-03-01 10:20:34,4.408,0.080,2,-0.096,0.405,2.0,0.0,,,,,,,,True,True,False,False,,off cutter,,full,off stump,front foot,work,,,,,lbw,off stump on the front foot worked for no run. Ryan Burl,5,template_structured,0,,True,False,False,False,False,False,False,False,False,commentary
1,9,Zimbabwe,ZIM,5,11,LT Ngidi,4,0,1,84/4,4.00,10.03,10.3,0,0,Lungi Ngidi to Tony Munyonga,,"Lungi Ngidi to Tony Munyonga. No movement length ball, outside off on the front foot driving to wicketkeeper for no run, fielded by Quinton de Kock",bbcd5884-dd98-4bc2-9155-07c4160c943e,233457,"Zimbabwe v South Africa at Delhi, ICC Men's T20 World Cup, 1 Mar 2026",8899,ICC Men's T20 World Cup,2025/26,"Arun Jaitley Stadium (Feroz Shah Kotla), Delhi",Twenty20 international,2026-03-01,67209,TT Munyonga,right,28230,LT Ngidi,right,3,South Africa,right pace,1,pace,2026-03-01 10:23:08,6.527,-0.677,3,-0.476,0.788,1.0,1.0,,,,,,,,True,True,False,False,,no movement,,length ball,outside off,front foot,drive,,,wicketkeeper,Quinton de Kock,,,,template_structured,0,,False,False,False,False,False,False,False,False,True,
1,9,Zimbabwe,ZIM,5,11,LT Ngidi,4,0,1,84/4,4.00,10.04,10.4,1,1,Lungi Ngidi to Tony Munyonga,,"Lungi Ngidi to Tony Munyonga. Slower ball length ball, outside off on the back foot pushed to backward point for 1 run, fielded by David Miller",bbcd5884-dd98-4bc2-9155-07c4160c943e,233457,"Zimbabwe v South Africa at Delhi, ICC Men's T20 World Cup, 1 Mar 2026",8899,ICC Men's T20 World Cup,2025/26,"Arun Jaitley Stadium (Feroz Shah Kotla), Delhi",Twenty20 international,2026-03-01,67209,TT Munyonga,right,28230,LT Ngidi,right,3,South Africa,right pace,1,pace,2026-03-01 10:23:49,6.032,-0.813,3,-0.675,0.716,0.0,1.0,106322641.0,173.0,50.0,89.0,7.0,1.0,1.0,True,True,True,False,,slower ball,,length ball,outside off,back foot,push,,,backward point,David Miller,,,,template_structured,1,,False,False,False,False,False,False,False,False,False,
1,9,Zimbabwe,ZIM,5,11,LT Ngidi,4,0,1,84/4,4.00,10.05,10.5,1,1,Lungi Ngidi to Sikandar Raza,,"Lungi Ngidi to Sikandar Raza. Off cutter full, outside off on the front foot worked for 1 run",bbcd5884-dd98-4bc2-9155-07c4160c943e,233457,"Zimbabwe v South Africa at Delhi, ICC Men's T20 World Cup, 1 Mar 2026",8899,ICC Men's T20 World Cup,2025/26,"Arun Jaitley Stadium (Feroz Shah Kotla), Delhi",Twenty20 international,2026-03-01,12501,Sikandar Raza,right,28230,LT Ngidi,right,3,South Africa,right pace,1,pace,2026-03-01 10:24:39,2.454,-0.363,2,-0.319,0.410,1.0,0.0,106322648.0,292.0,75.0,137.0,4.0,1.0,1.0,True,True,True,False,,off cutter,,full,outside off,front foot,work,,,,,,,,template_structured,1,,False,False,False,False,False,False,False,False,False,
1,9,Zimbabwe,ZIM,5,11,LT Ngidi,4,0,1,84/4,4.00,10.06,10.6,0,0,Lungi Ngidi to Tony Munyonga,,"Lungi Ngidi to Tony Munyonga. Off cutter back of a length, outside off on the back foot cut to wicketkeeper for no run, fielded by Quinton de Kock",bbcd5884-dd98-4bc2-9155-07c4160c943e,233457,"Zimbabwe v South Africa at Delhi, ICC Men's T20 World Cup, 1 Mar 2026",8899,ICC Men's T20 World Cup,2025/26,"Arun Jaitley Stadium (Feroz Shah Kotla), Delhi",Twenty20 international,2026-03-01,67209,TT Munyonga,right,28230,LT Ngidi,right,3,South Africa,right pace,1,pace,2026-03-01 10:25:15,10.436,-0.889,4,-0.576,1.201,1.0,2.0,,,,,,,,True,True,False,False,,off cutter,,back of a length,outside off,back foot,cut,,,wicketkeeper,Quinton de Kock,,,,template_structured,0,,False,False,False,False,False,False,False,False,True,
1,9,Zimbabwe,ZIM,5,12,C Bosch,4,0,1,88/5,4.00,11.01,11.1,1,1,Corbin Bosch to Sikandar Raza,,"Corbin Bosch to Sikandar Raza. Off cutter length ball, off stump on the front foot worked to deep square leg for 1 run, fielded by Dewald Brevis",bbcd5884-dd98-4bc2-9155-07c4160c943e,233457,"Zimbabwe v South Africa at Delhi, ICC Men's T20 World Cup, 1 Mar 2026",8899,ICC Men's T20 World Cup,2025/26,"Arun Jaitley Stadium (Feroz Shah Kotla), Delhi",Twenty20 international,2026-03-01,12501,Sikandar Raza,right,22181,C Bosch,right,3,South Africa,right pace,1,pace,2026-03-01 10:26:19,5.482,-0.176,3,0.105,0.553,2.0,1.0,106322663.0,330.0,75.0,131.0,3.0,1.0,1.0,True,True,True,False,,off cutter,,length ball,off stump,front foot,work,,,deep square leg,Dewald Brevis,,,,template_structured,1,,False,False,False,False,False,False,False,False,False,
1,9,Zimbabwe,ZIM,5,12,C Bosch,4,0,1,88/5,4.00,11.02,11.2,1,1,Corbin Bosch to Tony Munyonga,,"Corbin Bosch to Tony Munyonga. No movement length ball, outside off on the back foot pushed to mid on for 1 run, fielded by Aiden Markram",bbcd5884-dd98-4bc2-9155-07c4160c943e,233457,"Zimbabwe v South Africa at Delhi, ICC Men's T20 World Cup, 1 Mar 2026",8899,ICC Men's T20 World Cup,2025/26,"Arun Jaitley Stadium (Feroz Shah Kotla), Delhi",Twenty20 international,2026-03-01,67209,TT Munyonga,right,22181,C Bosch,right,3,South Africa,right pace,1,pace,2026-03-01 10:26:56,6.972,-0.327,3,-0.039,0.668,2.0,1.0,106322671.0,290.0,45.0,82.0,4.0,1.0,1.0,True,True,True,False,,no movement,,length ball,outside off,back foot,push,,,mid on,Aiden Markram,,,,template_structured,1,,False,False,False,False,False,False,False,False,False,
1,9,Zimbabwe,ZIM,5,12,C Bosch,4,0,1,88/5,4.00,11.03,11.3,1,1,Corbin Bosch to Sikandar Raza,,"Corbin Bosch to Sikandar Raza. No movement full, middle stump on the front foot scoopped to long on for 1 run, fielded by Tristan Stubbs",bbcd5884-dd98-4bc2-9155-07c4160c943e,233457,"Zimbabwe v South Africa at Delhi, ICC Men's T20 World Cup, 1 Mar 2026",8899,ICC Men's T20 World Cup,2025/26,"Arun Jaitley Stadium (Feroz Shah Kotla), Delhi",Twenty20 international,2026-03-01,12501,Sikandar Raza,right,22181,C Bosch,right,3,South Africa,right pace,1,pace,2026-03-01 10:27:32,4.981,0.039,2,0.374,0.492,3.0,1.0,106322680.0,291.0,85.0,149.0,4.0,1.0,1.0,True,True,True,False,,no movement,,full,middle stump,front foot,,,,long on,Tristan Stubbs,,,,template_structured,1,,False,False,False,False,False,False,False,False,False,
1,9,Zimbabwe,ZIM,5,12,C Bosch,4,0,1,88/5,4.00,11.04,11.4,0,W,Corbin Bosch to Tony Munyonga,,"OUT! Corbin Bosch to Tony Munyonga. Reverse in swinger length ball, outside off on the front foot worked for no run. Tony Munyonga Bowled for 2.",bbcd5884-dd98-4bc2-9155-07c4160c943e,233457,"Zimbabwe v South Africa at Delhi, ICC Men's T20 World Cup, 1 Mar 2026",8899,ICC Men's T20 World Cup,2025/26,"Arun Jaitley Stadium (Feroz Shah Kotla), Delhi",Twenty20 international,2026-03-01,67209,TT Munyonga,right,22181,C Bosch,right,3,South Africa,right pace,1,pace,2026-03-01 10:28:06,4.590,-0.180,2,0.082,0.486,2.0,1.0,,,,,,,,True,True,False,False,,reverse in swinger,,length ball,outside off,front foot,work,,,,,bowled,outside off on the front foot worked for no run. Tony Munyonga,2,template_structured,0,,True,False,False,False,False,False,False,False,False,commentary
1,9,Zimbabwe,ZIM,5,12,C Bosch,4,0,1,88/5,4.00,11.05,11.5,0,0,Corbin Bosch to Clive Madande,,"Corbin Bosch to Clive Madande. No movement length ball, outside off on the front foot playing a forward defensive shot to cover for no run, fielded by David Miller",bbcd5884-dd98-4bc2-9155-07c4160c943e,233457,"Zimbabwe v South Africa at Delhi, ICC Men's T20 World Cup, 1 Mar 2026",8899,ICC Men's T20 World Cup,2025/26,"Arun Jaitley Stadium (Feroz Shah Kotla), Delhi",Twenty20 international,2026-03-01,74225,CM Madande,right,22181,C Bosch,right,3,South Africa,right pace,1,pace,2026-03-01 10:29:43,6.980,-0.478,3,-0.251,0.699,1.0,1.0,,,,,,,,True,True,False,False,,no movement,,length ball,outside off,front foot,forward defensive,,,cover,David Miller,,,,template_structured,0,,False,False,False,False,False,False,False,False,True,
1,9,Zimbabwe,ZIM,5,12,C Bosch,4,0,1,88/5,4.00,11.06,11.6,1,1,Corbin Bosch to Clive Madande,,"Corbin Bosch to Clive Madande. No movement length ball, outside off on the front foot pushed to deep cover for 1 run, fielded by Ryan Rickelton",bbcd5884-dd98-4bc2-9155-07c4160c943e,233457,"Zimbabwe v South Africa at Delhi, ICC Men's T20 World Cup, 1 Mar 2026",8899,ICC Men's T20 World Cup,2025/26,"Arun Jaitley Stadium (Feroz Shah Kotla), Delhi",Twenty20 international,2026-03-01,74225,CM Madande,right,22181,C Bosch,right,3,South Africa,right pace,1,pace,2026-03-01 10:30:23,7.694,-0.635,4,-0.525,0.676,1.0,1.0,106322715.0,181.0,85.0,145.0,6.0,1.0,1.0,True,True,True,False,,no movement,,length ball,outside off,front foot,push,,,deep cover,Ryan Rickelton,,,,template_structured,1,,False,False,False,False,False,False,False,False,False,
1,9,Zimbabwe,ZIM,5,13,KT Maphaka,6,0,0,94/5,6.00,12.01,12.1,1,1,Kwena Maphaka to Clive Madande,,"Kwena Maphaka to Clive Madande. Off cutter length ball, down leg on the back foot worked to third man for 1 run, fielded by George Linde",bbcd5884-dd98-4bc2-9155-07c4160c943e,233457,"Zimbabwe v South Africa at Delhi, ICC Men's T20 World Cup, 1 Mar 2026",8899,ICC Men's T20 World Cup,2025/26,"Arun Jaitley Stadium (Feroz Shah Kotla), Delhi",Twenty20 international,2026-03-01,74225,CM Madande,right,76217,KT Maphaka,left,3,South Africa,left pace,1,pace,2026-03-01 10:31:27,5.559,0.229,3,-0.057,0.508,2.0,1.0,106322731.0,108.0,85.0,138.0,8.0,1.0,1.0,True,True,True,False,,off cutter,,length ball,down leg,back foot,work,,,third man,George Linde,,,,template_structured,1,,False,False,False,False,False,False,False,False,False,
1,9,Zimbabwe,ZIM,5,13,KT Maphaka,6,0,0,94/5,6.00,12.02,12.2,0,0,Kwena Maphaka to Sikandar Raza,,"Kwena Maphaka to Sikandar Raza. No movement back of a length, leg stump on the back foot driving to cover for no run, fielded by Dewald Brevis",bbcd5884-dd98-4bc2-9155-07c4160c943e,233457,"Zimbabwe v South Africa at Delhi, ICC Men's T20 World Cup, 1 Mar 2026",8899,ICC Men's T20 World Cup,2025/26,"Arun Jaitley Stadium (Feroz Shah Kotla), Delhi",Twenty20 international,2026-03-01,12501,Sikandar Raza,right,76217,KT Maphaka,left,3,South Africa,left pace,1,pace,2026-03-01 10:32:01,9.298,0.075,4,-0.593,0.864,1.0,1.0,,,,,,,,True,True,False,False,,no movement,,back of a length,leg stump,back foot,drive,,,cover,Dewald Brevis,,,,template_structured,0,,False,False,False,False,False,False,False,False,True,
1,9,Zimbabwe,ZIM,5,13,KT Maphaka,6,0,0,94/5,6.00,12.03,12.3,4,4,Kwena Maphaka to Sikandar Raza,,"FOUR! Kwena Maphaka to Sikandar Raza. Off cutter back of a length, down leg on the back foot flick for 4 runs",bbcd5884-dd98-4bc2-9155-07c4160c943e,233457,"Zimbabwe v South Africa at Delhi, ICC Men's T20 World Cup, 1 Mar 2026",8899,ICC Men's T20 World Cup,2025/26,"Arun Jaitley Stadium (Feroz Shah Kotla), Delhi",Twenty20 international,2026-03-01,12501,Sikandar Raza,right,76217,KT Maphaka,left,3,South Africa,left pace,1,pace,2026-03-01 10:32:35,8.262,0.485,4,0.325,0.992,3.0,2.0,106322742.0,79.0,100.0,160.0,1.0,4.0,4.0,True,True,True,False,,off cutter,,back of a length,down leg,back foot,flick,,,,,,,,template_structured,4,,False,False,False,False,False,False,True,False,False,
1,9,Zimbabwe,ZIM,5,13,KT Maphaka,6,0,0,94/5,6.00,12.04,12.4,0,0,Kwena Maphaka to Sikandar Raza,,"Kwena Maphaka to Sikandar Raza. Seam away back of a length, down leg on the back foot pulled to wicketkeeper for no run, fielded by Quinton de Kock",bbcd5884-dd98-4bc2-9155-07c4160c943e,233457,"Zimbabwe v South Africa at Delhi, ICC Men's T20 World Cup, 1 Mar 2026",8899,ICC Men's T20 World Cup,2025/26,"Arun Jaitley Stadium (Feroz Shah Kotla), Delhi",Twenty20 international,2026-03-01,12501,Sikandar Raza,right,76217,KT Maphaka,left,3,South Africa,left pace,1,pace,2026-03-01 10:33:10,9.528,0.196,4,-0.498,0.614,1.0,1.0,,,,,,,,True,True,False,False,,seam away,,back of a length,down leg,back foot,pull,,,wicketkeeper,Quinton de Kock,,,,template_structured,0,,False,False,False,False,False,False,False,False,True,
1,9,Zimbabwe,ZIM,5,13,KT Maphaka,6,0,0,94/5,6.00,12.05,12.5,0,0,Kwena Maphaka to Sikandar Raza,,"Kwena Maphaka to Sikandar Raza. Off cutter length ball, down leg on the front foot pushed to wicketkeeper for no run, fielded by Quinton de Kock",bbcd5884-dd98-4bc2-9155-07c4160c943e,233457,"Zimbabwe v South Africa at Delhi, ICC Men's T20 World Cup, 1 Mar 2026",8899,ICC Men's T20 World Cup,2025/26,"Arun Jaitley Stadium (Feroz Shah Kotla), Delhi",Twenty20 international,2026-03-01,12501,Sikandar Raza,right,76217,KT Maphaka,left,3,South Africa,left pace,1,pace,2026-03-01 10:33:45,7.507,0.289,4,-0.476,0.986,1.0,2.0,,,,,,,,True,True,False,False,,off cutter,,length ball,down leg,front foot,push,,,wicketkeeper,Quinton de Kock,,,,template_structured,0,,False,False,False,False,False,False,False,False,True,
1,9,Zimbabwe,ZIM,5,13,KT Maphaka,6,0,0,94/5,6.00,12.06,12.6,1,1,Kwena Maphaka to Sikandar Raza,,"Kwena Maphaka to Sikandar Raza. Off cutter length ball, leg stump on the back foot worked to deep square leg for 1 run, fielded by Corbin Bosch",bbcd5884-dd98-4bc2-9155-07c4160c943e,233457,"Zimbabwe v South Africa at Delhi, ICC Men's T20 World Cup, 1 Mar 2026",8899,ICC Men's T20 World Cup,2025/26,"Arun Jaitley Stadium (Feroz Shah Kotla), Delhi",Twenty20 international,2026-03-01,12501,Sikandar Raza,right,76217,KT Maphaka,left,3,South Africa,left pace,1,pace,2026-03-01 10:34:21,4.228,0.086,2,-0.118,0.512,2.0,1.0,106322759.0,354.0,85.0,147.0,3.0,1.0,1.0,True,True,True,False,,off cutter,,length ball,leg stump,back foot,work,,,deep square leg,Corbin Bosch,,,,template_structured,1,,False,False,False,False,False,False,False,False,False,
1,9,Zimbabwe,ZIM,5,14,AA Nortje,8,1,0,102/5,7.00,13.01,13.1,0,0,Anrich Nortje to Sikandar Raza,,"Anrich Nortje to Sikandar Raza. Slower ball back of a length, outside off on the back foot pulled to wicketkeeper for no run, fielded by Quinton de Kock",bbcd5884-dd98-4bc2-9155-07c4160c943e,233457,"Zimbabwe v South Africa at Delhi, ICC Men's T20 World Cup, 1 Mar 2026",8899,ICC Men's T20 World Cup,2025/26,"Arun Jaitley Stadium (Feroz Shah Kotla), Delhi",Twenty20 international,2026-03-01,12501,Sikandar Raza,right,23659,AA Nortje,right,3,South Africa,right pace,1,pace,2026-03-01 10:35:29,9.226,-0.269,4,0.068,0.813,2.0,1.0,,,,,,,,True,True,False,False,,slower ball,,back of a length,outside off,back foot,pull,,,wicketkeeper,Quinton de Kock,,,,template_structured,0,,False,False,False,False,False,False,False,False,True,
1,9,Zimbabwe,ZIM,5,14,AA Nortje,8,1,0,102/5,7.00,13.02,13.2,4,4,Anrich Nortje to Sikandar Raza,,"FOUR! Anrich Nortje to Sikandar Raza. Slower ball full, middle stump on the front foot driving well timed for 4 runs",bbcd5884-dd98-4bc2-9155-07c4160c943e,233457,"Zimbabwe v South Africa at Delhi, ICC Men's T20 World Cup, 1 Mar 2026",8899,ICC Men's T20 World Cup,2025/26,"Arun Jaitley Stadium (Feroz Shah Kotla), Delhi",Twenty20 international,2026-03-01,12501,Sikandar Raza,right,23659,AA Nortje,right,3,South Africa,right pace,1,pace,2026-03-01 10:36:09,2.799,0.044,2,0.157,0.428,2.0,0.0,106322781.0,225.0,100.0,177.0,6.0,4.0,4.0,True,True,True,False,,slower ball,,full,middle stump,front foot,drive,,well timed,,,,,,template_structured,4,,False,False,False,False,False,False,True,False,False,
1,9,Zimbabwe,ZIM,5,14,AA Nortje,8,1,0,102/5,7.00,13.03,13.3,1,1,Anrich Nortje to Sikandar Raza,,"Anrich Nortje to Sikandar Raza. No movement back of a length, outside off on the back foot cut to third man for 1 run, fielded by Lungi Ngidi",bbcd5884-dd98-4bc2-9155-07c4160c943e,233457,"Zimbabwe v South Africa at Delhi, ICC Men's T20 World Cup, 1 Mar 2026",8899,ICC Men's T20 World Cup,2025/26,"Arun Jaitley Stadium (Feroz Shah Kotla), Delhi",Twenty20 international,2026-03-01,12501,Sikandar Raza,right,23659,AA Nortje,right,3,South Africa,right pace,1,pace,2026-03-01 10:36:47,8.855,-0.520,4,-0.402,0.840,1.0,1.0,106322790.0,122.0,80.0,136.0,8.0,1.0,1.0,True,True,True,False,,no movement,,back of a length,outside off,back foot,cut,,,third man,Lungi Ngidi,,,,template_structured,1,,False,False,False,False,False,False,False,False,False,
1,9,Zimbabwe,ZIM,5,14,AA Nortje,8,1,0,102/5,7.00,13.04,13.4,1,1ˡᵇ,Anrich Nortje to Clive Madande,,"Anrich Nortje to Clive Madande. Seam in back of a length, off stump on the back foot flick to deep backward square leg for 1 leg byes, fielded by Kwena Maphaka",bbcd5884-dd98-4bc2-9155-07c4160c943e,233457,"Zimbabwe v South Africa at Delhi, ICC Men's T20 World Cup, 1 Mar 2026",8899,ICC Men's T20 World Cup,2025/26,"Arun Jaitley Stadium (Feroz Shah Kotla), Delhi",Twenty20 international,2026-03-01,74225,CM Madande,right,23659,AA Nortje,right,3,South Africa,right pace,1,pace,2026-03-01 10:37:28,8.880,-0.145,4,0.311,1.012,3.0,2.0,,,,,,,,True,True,False,False,,seam in,,back of a length,off stump,back foot,flick,,,deep backward square leg,Kwena Maphaka,,,,template_structured,1,leg bye,False,False,False,False,True,False,False,False,False,
1,9,Zimbabwe,ZIM,5,14,AA Nortje,8,1,0,102/5,7.00,13.05,13.5,1,1,Anrich Nortje to Sikandar Raza,,"Anrich Nortje to Sikandar Raza. Reverse in swinger full, down leg backs away flick to long on for 1 run, fielded by Ryan Rickelton",bbcd5884-dd98-4bc2-9155-07c4160c943e,233457,"Zimbabwe v South Africa at Delhi, ICC Men's T20 World Cup, 1 Mar 2026",8899,ICC Men's T20 World Cup,2025/26,"Arun Jaitley Stadium (Feroz Shah Kotla), Delhi",Twenty20 international,2026-03-01,12501,Sikandar Raza,right,23659,AA Nortje,right,3,South Africa,right pace,1,pace,2026-03-01 10:38:10,3.763,0.144,2,0.337,0.372,3.0,0.0,106322802.0,294.0,80.0,140.0,4.0,1.0,1.0,True,True,True,False,,,,full,down leg,backs away,flick,,,long on,Ryan Rickelton,,,,keyword,1,,False,False,False,False,False,False,False,False,False,
1,9,Zimbabwe,ZIM,5,14,AA Nortje,8,1,0,102/5,7.00,13.06,13.6,1,1,Anrich Nortje to Clive Madande,,"Anrich Nortje to Clive Madande. No movement back of a length, outside off on the back foot pushed to cover for 1 run, fielded by George Linde",bbcd5884-dd98-4bc2-9155-07c4160c943e,233457,"Zimbabwe v South Africa at Delhi, ICC Men's T20 World Cup, 1 Mar 2026",8899,ICC Men's T20 World Cup,2025/26,"Arun Jaitley Stadium (Feroz Shah Kotla), Delhi",Twenty20 international,2026-03-01,74225,CM Madande,right,23659,AA Nortje,right,3,South Africa,right pace,1,pace,2026-03-01 10:38:49,8.267,-0.554,4,-0.495,0.801,1.0,1.0,106322811.0,180.0,55.0,92.0,7.0,1.0,1.0,True,True,True,False,,no movement,,back of a length,outside off,back foot,push,,,cover,George Linde,,,,template_structured,1,,False,False,False,False,False,False,False,False,False,
1,9,Zimbabwe,ZIM,5,15,LT Ngidi,8,1,0,110/5,7.00,14.01,14.0,1,1ʷᵈ,Lungi Ngidi to Clive Madande,,"Wide. Lungi Ngidi to Clive Madande. No movement back of a length, wide outside off down the track cut to wicketkeeper for 1 wides, fielded by Quinton de Kock",bbcd5884-dd98-4bc2-9155-07c4160c943e,233457,"Zimbabwe v South Africa at Delhi, ICC Men's T20 World Cup, 1 Mar 2026",8899,ICC Men's T20 World Cup,2025/26,"Arun Jaitley Stadium (Feroz Shah Kotla), Delhi",Twenty20 international,2026-03-01,74225,CM Madande,right,28230,LT Ngidi,right,3,South Africa,right pace,1,pace,2026-03-01 10:42:31,9.660,-1.128,4,,,,,,,,,,,,True,False,False,False,,,,back of a length,wide outside off,down the track,cut,,,wicketkeeper,Quinton de Kock,,,,keyword,1,wide,False,True,False,False,False,False,False,False,False,
1,9,Zimbabwe,ZIM,5,15,LT Ngidi,8,1,0,110/5,7.00,14.02,14.1,0,0,Lungi Ngidi to Clive Madande,,"Lungi Ngidi to Clive Madande. Off cutter yorker, outside off down the track pushed to wicketkeeper for no run, fielded by Quinton de Kock",bbcd5884-dd98-4bc2-9155-07c4160c943e,233457,"Zimbabwe v South Africa at Delhi, ICC Men's T20 World Cup, 1 Mar 2026",8899,ICC Men's T20 World Cup,2025/26,"Arun Jaitley Stadium (Feroz Shah Kotla), Delhi",Twenty20 international,2026-03-01,74225,CM Madande,right,28230,LT Ngidi,right,3,South Africa,right pace,1,pace,2026-03-01 10:43:05,1.857,-0.680,1,-0.656,0.281,0.0,0.0,,,,,,,,True,True,False,False,,,,yorker,outside off,down the track,push,,,wicketkeeper,Quinton de Kock,,,,keyword,0,,False,False,False,False,False,False,False,False,True,
1,9,Zimbabwe,ZIM,5,15,LT Ngidi,8,1,0,110/5,7.00,14.03,14.2,1,1,Lungi Ngidi to Clive Madande,,"Lungi Ngidi to Clive Madande. No movement full, outside off on the back foot steered for 1 run",bbcd5884-dd98-4bc2-9155-07c4160c943e,233457,"Zimbabwe v South Africa at Delhi, ICC Men's T20 World Cup, 1 Mar 2026",8899,ICC Men's T20 World Cup,2025/26,"Arun Jaitley Stadium (Feroz Shah Kotla), Delhi",Twenty20 international,2026-03-01,74225,CM Madande,right,28230,LT Ngidi,right,3,South Africa,right pace,1,pace,2026-03-01 10:43:43,3.354,-0.581,2,-0.459,0.480,1.0,1.0,106322865.0,125.0,80.0,131.0,8.0,1.0,1.0,True,True,True,False,,no movement,,full,outside off,back foot,steer,,,,,,,,template_structured,1,,False,False,False,False,False,False,False,False,False,
1,9,Zimbabwe,ZIM,5,15,LT Ngidi,8,1,0,110/5,7.00,14.04,14.3,0,0,Lungi Ngidi to Sikandar Raza,,"Lungi Ngidi to Sikandar Raza. Off cutter yorker, wide outside off on the moves infront leaving left alone through to wicketkeeper for no run, fielded by Quinton de Kock",bbcd5884-dd98-4bc2-9155-07c4160c943e,233457,"Zimbabwe v South Africa at Delhi, ICC Men's T20 World Cup, 1 Mar 2026",8899,ICC Men's T20 World Cup,2025/26,"Arun Jaitley Stadium (Feroz Shah Kotla), Delhi",Twenty20 international,2026-03-01,12501,Sikandar Raza,right,28230,LT Ngidi,right,3,South Africa,right pace,1,pace,2026-03-01 10:44:28,2.653,-0.928,2,-0.889,0.360,0.0,0.0,,,,,,,,True,True,False,False,,off cutter,,yorker,wide outside off,moves infront,leave,,,wicketkeeper,Quinton de Kock,,,,template_structured,0,,False,False,False,False,False,False,False,False,True,
1,9,Zimbabwe,ZIM,5,15,LT Ngidi,8,1,0,110/5,7.00,14.05,14.4,2,2,Lungi Ngidi to Sikandar Raza,,"Lungi Ngidi to Sikandar Raza. Reverse in swinger yorker, leg stump on the back foot worked to deep square leg for 2 runs, run out attempt: missed stumps by Ryan Rickelton",bbcd5884-dd98-4bc2-9155-07c4160c943e,233457,"Zimbabwe v South Africa at Delhi, ICC Men's T20 World Cup, 1 Mar 2026",8899,ICC Men's T20 World Cup,2025/26,"Arun Jaitley Stadium (Feroz Shah Kotla), Delhi",Twenty20 international,2026-03-01,12501,Sikandar Raza,right,28230,LT Ngidi,right,3,South Africa,right pace,1,pace,2026-03-01 10:45:07,2.454,0.093,2,0.188,0.292,2.0,0.0,106322881.0,345.0,65.0,113.0,3.0,2.0,2.0,True,True,True,False,,reverse in swinger,,yorker,leg stump,back foot,work,,,deep square leg,,,,,template_structured,2,,False,False,False,False,False,False,False,False,False,
1,9,Zimbabwe,ZIM,5,15,LT Ngidi,8,1,0,110/5,7.00,14.06,14.5,4,4,Lungi Ngidi to Sikandar Raza,,"FOUR! Lungi Ngidi to Sikandar Raza. Off cutter full, outside off down the track driving well timed for 4 runs",bbcd5884-dd98-4bc2-9155-07c4160c943e,233457,"Zimbabwe v South Africa at Delhi, ICC Men's T20 World Cup, 1 Mar 2026",8899,ICC Men's T20 World Cup,2025/26,"Arun Jaitley Stadium (Feroz Shah Kotla), Delhi",Twenty20 international,2026-03-01,12501,Sikandar Raza,right,28230,LT Ngidi,right,3,South Africa,right pace,1,pace,2026-03-01 10:45:49,3.157,-0.590,2,-0.488,0.499,1.0,1.0,106322889.0,223.0,100.0,177.0,6.0,4.0,4.0,True,True,True,False,,,,full,outside off,down the track,drive,,well timed,,,,,,keyword,4,,False,False,False,False,False,False,True,False,False,
1,9,Zimbabwe,ZIM,5,15,LT Ngidi,8,1,0,110/5,7.00,14.07,14.6,0,0,Lungi Ngidi to Sikandar Raza,,"Lungi Ngidi to Sikandar Raza. Leg cutter short, wide outside off on the back foot pulled to bowler for no run, fielded by Lungi Ngidi",bbcd5884-dd98-4bc2-9155-07c4160c943e,233457,"Zimbabwe v South Africa at Delhi, ICC Men's T20 World Cup, 1 Mar 2026",8899,ICC Men's T20 World Cup,2025/26,"Arun Jaitley Stadium (Feroz Shah Kotla), Delhi",Twenty20 international,2026-03-01,12501,Sikandar Raza,right,28230,LT Ngidi,right,3,South Africa,right pace,1,pace,2026-03-01 10:46:47,12.162,-0.860,4,-0.644,1.381,0.0,3.0,,,,,,,,True,True,False,False,,leg cutter,,short,wide outside off,back foot,pull,,,bowler,Lungi Ngidi,,,,template_structured,0,,False,False,False,False,False,False,False,False,True,
1,9,Zimbabwe,ZIM,5,16,C Bosch,10,0,0,120/5,10.00,15.01,15.1,1,1,Corbin Bosch to Clive Madande,,"Corbin Bosch to Clive Madande. Reverse in swinger length ball, outside off on the front foot driving to long on for 1 run, fielded by Tristan Stubbs",bbcd5884-dd98-4bc2-9155-07c4160c943e,233457,"Zimbabwe v South Africa at Delhi, ICC Men's T20 World Cup, 1 Mar 2026",8899,ICC Men's T20 World Cup,2025/26,"Arun Jaitley Stadium (Feroz Shah Kotla), Delhi",Twenty20 international,2026-03-01,74225,CM Madande,right,22181,C Bosch,right,3,South Africa,right pace,1,pace,2026-03-01 10:47:47,5.860,-0.299,3,-0.029,0.604,2.0,1.0,106322913.0,272.0,85.0,149.0,4.0,1.0,1.0,True,True,True,False,,reverse in swinger,,length ball,outside off,front foot,drive,,,long on,Tristan Stubbs,,,,template_structured,1,,False,False,False,False,False,False,False,False,False,
1,9,Zimbabwe,ZIM,5,16,C Bosch,10,0,0,120/5,10.00,15.02,15.2,0,0,Corbin Bosch to Sikandar Raza,,"Corbin Bosch to Sikandar Raza. Reverse in swinger length ball, off stump on the front foot slog-sweep to wicketkeeper for no run, fielded by Quinton de Kock",bbcd5884-dd98-4bc2-9155-07c4160c943e,233457,"Zimbabwe v South Africa at Delhi, ICC Men's T20 World Cup, 1 Mar 2026",8899,ICC Men's T20 World Cup,2025/26,"Arun Jaitley Stadium (Feroz Shah Kotla), Delhi",Twenty20 international,2026-03-01,12501,Sikandar Raza,right,22181,C Bosch,right,3,South Africa,right pace,1,pace,2026-03-01 10:48:24,4.410,-0.109,2,0.170,0.478,2.0,1.0,,,,,,,,True,True,False,False,,reverse in swinger,,length ball,off stump,front foot,slog sweep,,,wicketkeeper,Quinton de Kock,,,,template_structured,0,,False,False,False,False,False,False,False,False,True,
1,9,Zimbabwe,ZIM,5,16,C Bosch,10,0,0,120/5,10.00,15.03,15.3,4,4,Corbin Bosch to Sikandar Raza,,"FOUR! Corbin Bosch to Sikandar Raza. Reverse in swinger full toss, off stump on the front foot driving well timed for 4 runs",bbcd5884-dd98-4bc2-9155-07c4160c943e,233457,"Zimbabwe v South Africa at Delhi, ICC Men's T20 World Cup, 1 Mar 2026",8899,ICC Men's T20 World Cup,2025/26,"Arun Jaitley Stadium (Feroz Shah Kotla), Delhi",Twenty20 international,2026-03-01,12501,Sikandar Raza,right,22181,C Bosch,right,3,South Africa,right pace,1,pace,2026-03-01 10:49:01,-0.032,-0.005,0,-0.006,0.007,2.0,0.0,106322928.0,204.0,100.0,174.0,6.0,4.0,4.0,True,True,True,False,,reverse in swinger,,full toss,off stump,front foot,drive,,well timed,,,,,,template_structured,4,,False,False,False,False,False,False,True,False,False,
1,9,Zimbabwe,ZIM,5,16,C Bosch,10,0,0,120/5,10.00,15.04,15.4,1,1,Corbin Bosch to Sikandar Raza,,"Corbin Bosch to Sikandar Raza. Reverse in swinger yorker, outside off on the back foot pushed to short mid wicket for 1 run, fielded by Anrich Nortje",bbcd5884-dd98-4bc2-9155-07c4160c943e,233457,"Zimbabwe v South Africa at Delhi, ICC Men's T20 World Cup, 1 Mar 2026",8899,ICC Men's T20 World Cup,2025/26,"Arun Jaitley Stadium (Feroz Shah Kotla), Delhi",Twenty20 international,2026-03-01,12501,Sikandar Raza,right,22181,C Bosch,right,3,South Africa,right pace,1,pace,2026-03-01 10:49:42,1.435,-0.262,1,-0.201,0.187,1.0,0.0,106322931.0,328.0,30.0,56.0,3.0,1.0,1.0,True,True,True,False,,reverse in swinger,,yorker,outside off,back foot,push,,,short mid wicket,Anrich Nortje,,,,template_structured,1,,False,False,False,False,False,False,False,False,False,
1,9,Zimbabwe,ZIM,5,16,C Bosch,10,0,0,120/5,10.00,15.05,15.5,4,4,Corbin Bosch to Clive Madande,,"FOUR! Corbin Bosch to Clive Madande. Off cutter yorker, off stump on the moves infront scoopped well timed for 4 runs",bbcd5884-dd98-4bc2-9155-07c4160c943e,233457,"Zimbabwe v South Africa at Delhi, ICC Men's T20 World Cup, 1 Mar 2026",8899,ICC Men's T20 World Cup,2025/26,"Arun Jaitley Stadium (Feroz Shah Kotla), Delhi",Twenty20 international,2026-03-01,74225,CM Madande,right,22181,C Bosch,right,3,South Africa,right pace,1,pace,2026-03-01 10:50:22,1.898,-0.193,1,-0.131,0.331,2.0,0.0,106322938.0,62.0,100.0,161.0,1.0,4.0,4.0,True,True,True,False,,off cutter,,yorker,off stump,moves infront,,,well timed,,,,,,template_structured,4,,False,False,False,False,False,False,True,False,False,
1,9,Zimbabwe,ZIM,5,16,C Bosch,10,0,0,120/5,10.00,15.06,15.6,0,0,Corbin Bosch to Clive Madande,,"Corbin Bosch to Clive Madande. No movement length ball, wide outside off on the moves infront reverse scoopped to wicketkeeper for no run, fielded by Quinton de Kock",bbcd5884-dd98-4bc2-9155-07c4160c943e,233457,"Zimbabwe v South Africa at Delhi, ICC Men's T20 World Cup, 1 Mar 2026",8899,ICC Men's T20 World Cup,2025/26,"Arun Jaitley Stadium (Feroz Shah Kotla), Delhi",Twenty20 international,2026-03-01,74225,CM Madande,right,22181,C Bosch,right,3,South Africa,right pace,1,pace,2026-03-01 10:51:03,8.671,-1.019,4,-1.151,0.950,,2.0,,,,,,,,True,True,False,False,,no movement,,length ball,wide outside off,moves infront,,,,wicketkeeper,Quinton de Kock,,,,template_structured,0,,False,False,False,False,False,False,False,False,True,
1,9,Zimbabwe,ZIM,5,17,KT Maphaka,6,0,1,126/6,6.00,16.01,16.1,0,0,Kwena Maphaka to Sikandar Raza,,"Kwena Maphaka to Sikandar Raza. Reverse out swinger yorker, outside off on the back foot steered to wicketkeeper for no run, fielded by Quinton de Kock",bbcd5884-dd98-4bc2-9155-07c4160c943e,233457,"Zimbabwe v South Africa at Delhi, ICC Men's T20 World Cup, 1 Mar 2026",8899,ICC Men's T20 World Cup,2025/26,"Arun Jaitley Stadium (Feroz Shah Kotla), Delhi",Twenty20 international,2026-03-01,12501,Sikandar Raza,right,76217,KT Maphaka,left,3,South Africa,left pace,1,pace,2026-03-01 10:52:05,1.165,-0.432,1,-0.427,0.151,1.0,0.0,,,,,,,,True,True,False,False,,reverse out swinger,,yorker,outside off,back foot,steer,,,wicketkeeper,Quinton de Kock,,,,template_structured,0,,False,False,False,False,False,False,False,False,True,
1,9,Zimbabwe,ZIM,5,17,KT Maphaka,6,0,1,126/6,6.00,16.02,16.2,6,6,Kwena Maphaka to Sikandar Raza,,"SIX! Kwena Maphaka to Sikandar Raza. No movement short, outside off on the back foot pulled well timed for 6 runs",bbcd5884-dd98-4bc2-9155-07c4160c943e,233457,"Zimbabwe v South Africa at Delhi, ICC Men's T20 World Cup, 1 Mar 2026",8899,ICC Men's T20 World Cup,2025/26,"Arun Jaitley Stadium (Feroz Shah Kotla), Delhi",Twenty20 international,2026-03-01,12501,Sikandar Raza,right,76217,KT Maphaka,left,3,South Africa,left pace,1,pace,2026-03-01 10:52:42,10.571,-0.472,4,-0.313,1.007,1.0,2.0,106322966.0,322.0,100.0,176.0,3.0,6.0,6.0,True,True,True,False,,no movement,,short,outside off,back foot,pull,,well timed,,,,,,template_structured,6,,False,False,False,False,False,False,False,True,False,
1,9,Zimbabwe,ZIM,5,17,KT Maphaka,6,0,1,126/6,6.00,16.03,16.3,0,W,Kwena Maphaka to Sikandar Raza,,"OUT! Kwena Maphaka to Sikandar Raza. No movement length ball, middle stump on the back foot worked to backward point for no run, caught by David Miller. Sikandar Raza Caught for 73.",bbcd5884-dd98-4bc2-9155-07c4160c943e,233457,"Zimbabwe v South Africa at Delhi, ICC Men's T20 World Cup, 1 Mar 2026",8899,ICC Men's T20 World Cup,2025/26,"Arun Jaitley Stadium (Feroz Shah Kotla), Delhi",Twenty20 international,2026-03-01,12501,Sikandar Raza,right,76217,KT Maphaka,left,3,South Africa,left pace,1,pace,2026-03-01 10:53:23,6.858,-0.096,3,0.149,0.704,2.0,1.0,,,,,,,,True,True,False,True,,no movement,,length ball,middle stump,back foot,work,,,backward point,David Miller,caught,caught by David Miller. Sikandar Raza,73,template_structured,0,,True,False,False,False,False,False,False,False,False,commentary
1,9,Zimbabwe,ZIM,5,17,KT Maphaka,6,0,1,126/6,6.00,16.04,16.4,0,0,Kwena Maphaka to Brad Evans,,"Kwena Maphaka to Brad Evans. Reverse out swinger length ball, outside off on the front foot pushed to wicketkeeper for no run, fielded by Quinton de Kock",bbcd5884-dd98-4bc2-9155-07c4160c943e,233457,"Zimbabwe v South Africa at Delhi, ICC Men's T20 World Cup, 1 Mar 2026",8899,ICC Men's T20 World Cup,2025/26,"Arun Jaitley Stadium (Feroz Shah Kotla), Delhi",Twenty20 international,2026-03-01,67949,BN Evans,right,76217,KT Maphaka,left,3,South Africa,left pace,1,pace,2026-03-01 10:55:10,5.773,-0.360,3,-0.306,0.484,1.0,1.0,,,,,,,,True,True,False,False,,reverse out swinger,,length ball,outside off,front foot,push,,,wicketkeeper,Quinton de Kock,,,,template_structured,0,,False,False,False,False,False,False,False,False,True,
1,9,Zimbabwe,ZIM,5,17,KT Maphaka,6,0,1,126/6,6.00,16.05,16.5,0,0,Kwena Maphaka to Brad Evans,,"Kwena Maphaka to Brad Evans. No movement yorker, outside off on the back foot pushed to wicketkeeper for no run, fielded by Quinton de Kock",bbcd5884-dd98-4bc2-9155-07c4160c943e,233457,"Zimbabwe v South Africa at Delhi, ICC Men's T20 World Cup, 1 Mar 2026",8899,ICC Men's T20 World Cup,2025/26,"Arun Jaitley Stadium (Feroz Shah Kotla), Delhi",Twenty20 international,2026-03-01,67949,BN Evans,right,76217,KT Maphaka,left,3,South Africa,left pace,1,pace,2026-03-01 10:55:49,0.104,-0.410,1,-0.409,,1.0,,,,,,,,,True,True,False,False,,no movement,,yorker,outside off,back foot,push,,,wicketkeeper,Quinton de Kock,,,,template_structured,0,,False,False,False,False,False,False,False,False,True,
1,9,Zimbabwe,ZIM,5,17,KT Maphaka,6,0,1,126/6,6.00,16.06,16.6,0,0,Kwena Maphaka to Brad Evans,,"Kwena Maphaka to Brad Evans. Off cutter back of a length, off stump on the back foot worked to bowler for no run, fielded by Kwena Maphaka",bbcd5884-dd98-4bc2-9155-07c4160c943e,233457,"Zimbabwe v South Africa at Delhi, ICC Men's T20 World Cup, 1 Mar 2026",8899,ICC Men's T20 World Cup,2025/26,"Arun Jaitley Stadium (Feroz Shah Kotla), Delhi",Twenty20 international,2026-03-01,67949,BN Evans,right,76217,KT Maphaka,left,3,South Africa,left pace,1,pace,2026-03-01 10:56:22,10.211,-0.251,4,-0.018,1.086,2.0,2.0,,,,,,,,True,True,False,False,,off cutter,,back of a length,off stump,back foot,work,,,bowler,Kwena Maphaka,,,,template_structured,0,,False,False,False,False,False,False,False,False,True,
1,9,Zimbabwe,ZIM,5,18,AA Nortje,6,0,0,132/6,6.00,17.01,17.1,0,0,Anrich Nortje to Clive Madande,,"Anrich Nortje to Clive Madande. No movement length ball, wide outside off on the back foot cut to wicketkeeper for no run, fielded by Quinton de Kock",bbcd5884-dd98-4bc2-9155-07c4160c943e,233457,"Zimbabwe v South Africa at Delhi, ICC Men's T20 World Cup, 1 Mar 2026",8899,ICC Men's T20 World Cup,2025/26,"Arun Jaitley Stadium (Feroz Shah Kotla), Delhi",Twenty20 international,2026-03-01,74225,CM Madande,right,23659,AA Nortje,right,3,South Africa,right pace,1,pace,2026-03-01 10:57:16,8.214,-0.603,4,-0.579,0.854,1.0,1.0,,,,,,,,True,True,False,False,,no movement,,length ball,wide outside off,back foot,cut,,,wicketkeeper,Quinton de Kock,,,,template_structured,0,,False,False,False,False,False,False,False,False,True,
1,9,Zimbabwe,ZIM,5,18,AA Nortje,6,0,0,132/6,6.00,17.02,17.2,4,4,Anrich Nortje to Clive Madande,,"FOUR! Anrich Nortje to Clive Madande. No movement length ball, outside off on the front foot driving well timed for 4 runs",bbcd5884-dd98-4bc2-9155-07c4160c943e,233457,"Zimbabwe v South Africa at Delhi, ICC Men's T20 World Cup, 1 Mar 2026",8899,ICC Men's T20 World Cup,2025/26,"Arun Jaitley Stadium (Feroz Shah Kotla), Delhi",Twenty20 international,2026-03-01,74225,CM Madande,right,23659,AA Nortje,right,3,South Africa,right pace,1,pace,2026-03-01 10:57:46,7.518,-0.440,4,-0.279,0.715,1.0,1.0,106323013.0,228.0,100.0,177.0,5.0,4.0,4.0,True,True,True,False,,no movement,,length ball,outside off,front foot,drive,,well timed,,,,,,template_structured,4,,False,False,False,False,False,False,True,False,False,
1,9,Zimbabwe,ZIM,5,18,AA Nortje,6,0,0,132/6,6.00,17.03,17.3,1,1,Anrich Nortje to Clive Madande,,"Anrich Nortje to Clive Madande. Reverse in swinger length ball, outside off on the back foot pulled to mid on for 1 run, fielded by Dewald Brevis",bbcd5884-dd98-4bc2-9155-07c4160c943e,233457,"Zimbabwe v South Africa at Delhi, ICC Men's T20 World Cup, 1 Mar 2026",8899,ICC Men's T20 World Cup,2025/26,"Arun Jaitley Stadium (Feroz Shah Kotla), Delhi",Twenty20 international,2026-03-01,74225,CM Madande,right,23659,AA Nortje,right,3,South Africa,right pace,1,pace,2026-03-01 10:58:29,7.357,-0.261,4,-0.066,0.666,2.0,1.0,106323019.0,299.0,45.0,75.0,4.0,1.0,1.0,True,True,True,False,,reverse in swinger,,length ball,outside off,back foot,pull,,,mid on,Dewald Brevis,,,,template_structured,1,,False,False,False,False,False,False,False,False,False,
1,9,Zimbabwe,ZIM,5,18,AA Nortje,6,0,0,132/6,6.00,17.04,17.4,0,0,Anrich Nortje to Brad Evans,,"Anrich Nortje to Brad Evans. Off cutter short, outside off on the moves infront scoopped to wicketkeeper for no run, fielded by Quinton de Kock",bbcd5884-dd98-4bc2-9155-07c4160c943e,233457,"Zimbabwe v South Africa at Delhi, ICC Men's T20 World Cup, 1 Mar 2026",8899,ICC Men's T20 World Cup,2025/26,"Arun Jaitley Stadium (Feroz Shah Kotla), Delhi",Twenty20 international,2026-03-01,67949,BN Evans,right,23659,AA Nortje,right,3,South Africa,right pace,1,pace,2026-03-01 10:59:21,12.443,-0.519,4,-0.005,1.355,2.0,3.0,,,,,,,,True,True,False,False,,off cutter,,short,outside off,moves infront,,,,wicketkeeper,Quinton de Kock,,,,template_structured,0,,False,False,False,False,False,False,False,False,True,
1,9,Zimbabwe,ZIM,5,18,AA Nortje,6,0,0,132/6,6.00,17.05,17.5,1,1,Anrich Nortje to Brad Evans,,"Anrich Nortje to Brad Evans. No movement short, outside off on the back foot pulled to deep square leg for 1 run, fielded by Dewald Brevis",bbcd5884-dd98-4bc2-9155-07c4160c943e,233457,"Zimbabwe v South Africa at Delhi, ICC Men's T20 World Cup, 1 Mar 2026",8899,ICC Men's T20 World Cup,2025/26,"Arun Jaitley Stadium (Feroz Shah Kotla), Delhi",Twenty20 international,2026-03-01,67949,BN Evans,right,23659,AA Nortje,right,3,South Africa,right pace,1,pace,2026-03-01 11:00:04,9.758,-0.500,4,-0.193,1.008,2.0,2.0,106323029.0,339.0,70.0,123.0,3.0,1.0,1.0,True,True,True,False,,no movement,,short,outside off,back foot,pull,,,deep square leg,Dewald Brevis,,,,template_structured,1,,False,False,False,False,False,False,False,False,False,
1,9,Zimbabwe,ZIM,5,18,AA Nortje,6,0,0,132/6,6.00,17.06,17.6,0,0,Anrich Nortje to Clive Madande,,"Anrich Nortje to Clive Madande. No movement short, outside off on the back foot upper cutted to wicketkeeper for no run, fielded by Quinton de Kock",bbcd5884-dd98-4bc2-9155-07c4160c943e,233457,"Zimbabwe v South Africa at Delhi, ICC Men's T20 World Cup, 1 Mar 2026",8899,ICC Men's T20 World Cup,2025/26,"Arun Jaitley Stadium (Feroz Shah Kotla), Delhi",Twenty20 international,2026-03-01,74225,CM Madande,right,23659,AA Nortje,right,3,South Africa,right pace,1,pace,2026-03-01 11:00:37,13.183,-0.498,4,-0.129,2.085,2.0,4.0,,,,,,,,True,True,False,False,,no movement,,short,outside off,back foot,cut,,,wicketkeeper,Quinton de Kock,,,,template_structured,0,,False,False,False,False,False,False,False,False,True,
1,9,Zimbabwe,ZIM,5,19,LT Ngidi,11,1,0,143/6,8.57,18.01,18.0,1,1ⁿᵇ,Lungi Ngidi to Brad Evans,,"No ball. Lungi Ngidi to Brad Evans. No movement beamer, outside off on the back foot pulled to fine leg for 1 runs, fielded by George Linde",bbcd5884-dd98-4bc2-9155-07c4160c943e,233457,"Zimbabwe v South Africa at Delhi, ICC Men's T20 World Cup, 1 Mar 2026",8899,ICC Men's T20 World Cup,2025/26,"Arun Jaitley Stadium (Feroz Shah Kotla), Delhi",Twenty20 international,2026-03-01,67949,BN Evans,right,28230,LT Ngidi,right,3,South Africa,right pace,1,pace,2026-03-01 11:01:28,-4.063,-0.700,0,-0.662,0.939,0.0,2.0,,,,,,,,True,True,False,False,,no movement,,beamer,outside off,back foot,pull,,,fine leg,George Linde,,,,template_structured,1,no ball,False,False,True,False,False,False,False,False,False,
1,9,Zimbabwe,ZIM,5,19,LT Ngidi,11,1,0,143/6,8.57,18.02,18.1,0,0,Lungi Ngidi to Brad Evans,,"Lungi Ngidi to Brad Evans. Slower ball yorker, wide outside off on the front foot slogged to wicketkeeper for no run, fielded by Quinton de Kock",bbcd5884-dd98-4bc2-9155-07c4160c943e,233457,"Zimbabwe v South Africa at Delhi, ICC Men's T20 World Cup, 1 Mar 2026",8899,ICC Men's T20 World Cup,2025/26,"Arun Jaitley Stadium (Feroz Shah Kotla), Delhi",Twenty20 international,2026-03-01,67949,BN Evans,right,28230,LT Ngidi,right,3,South Africa,right pace,1,pace,2026-03-01 11:03:27,0.938,-0.908,1,-0.911,0.189,0.0,0.0,,,,,,,,True,True,False,False,,slower ball,,yorker,wide outside off,front foot,slog,,,wicketkeeper,Quinton de Kock,,,,template_structured,0,,False,False,False,False,False,False,False,False,True,
1,9,Zimbabwe,ZIM,5,19,LT Ngidi,11,1,0,143/6,8.57,18.03,18.2,0,0,Lungi Ngidi to Brad Evans,,"Lungi Ngidi to Brad Evans. Reverse in swinger full, outside off on the back foot slogged to wicketkeeper for no run, fielded by Quinton de Kock",bbcd5884-dd98-4bc2-9155-07c4160c943e,233457,"Zimbabwe v South Africa at Delhi, ICC Men's T20 World Cup, 1 Mar 2026",8899,ICC Men's T20 World Cup,2025/26,"Arun Jaitley Stadium (Feroz Shah Kotla), Delhi",Twenty20 international,2026-03-01,67949,BN Evans,right,28230,LT Ngidi,right,3,South Africa,right pace,1,pace,2026-03-01 11:04:05,4.836,-0.664,2,-0.453,0.478,1.0,1.0,,,,,,,,True,True,False,False,,reverse in swinger,,full,outside off,back foot,slog,,,wicketkeeper,Quinton de Kock,,,,template_structured,0,,False,False,False,False,False,False,False,False,True,
1,9,Zimbabwe,ZIM,5,19,LT Ngidi,11,1,0,143/6,8.57,18.04,18.3,6,6,Lungi Ngidi to Brad Evans,,"SIX! Lungi Ngidi to Brad Evans. Off cutter full, wide outside off on the front foot driving well timed for 6 runs",bbcd5884-dd98-4bc2-9155-07c4160c943e,233457,"Zimbabwe v South Africa at Delhi, ICC Men's T20 World Cup, 1 Mar 2026",8899,ICC Men's T20 World Cup,2025/26,"Arun Jaitley Stadium (Feroz Shah Kotla), Delhi",Twenty20 international,2026-03-01,67949,BN Evans,right,28230,LT Ngidi,right,3,South Africa,right pace,1,pace,2026-03-01 11:04:40,3.233,-0.943,2,-0.928,0.416,0.0,0.0,106323071.0,228.0,100.0,177.0,5.0,6.0,6.0,True,True,True,False,,off cutter,,full,wide outside off,front foot,drive,,well timed,,,,,,template_structured,6,,False,False,False,False,False,False,False,True,False,
1,9,Zimbabwe,ZIM,5,19,LT Ngidi,11,1,0,143/6,8.57,18.05,18.4,1,1,Lungi Ngidi to Brad Evans,,"Lungi Ngidi to Brad Evans. Reverse in swinger yorker, off stump on the back foot worked to short fine leg for 1 run, fielded by Quinton de Kock",bbcd5884-dd98-4bc2-9155-07c4160c943e,233457,"Zimbabwe v South Africa at Delhi, ICC Men's T20 World Cup, 1 Mar 2026",8899,ICC Men's T20 World Cup,2025/26,"Arun Jaitley Stadium (Feroz Shah Kotla), Delhi",Twenty20 international,2026-03-01,67949,BN Evans,right,28230,LT Ngidi,right,3,South Africa,right pace,1,pace,2026-03-01 11:05:26,2.111,-0.203,2,-0.053,0.298,2.0,0.0,106323079.0,71.0,10.0,19.0,1.0,1.0,1.0,True,True,True,False,,reverse in swinger,,yorker,off stump,back foot,work,,,short fine leg,Quinton de Kock,,,,template_structured,1,,False,False,False,False,False,False,False,False,False,
1,9,Zimbabwe,ZIM,5,19,LT Ngidi,11,1,0,143/6,8.57,18.06,18.5,2,2,Lungi Ngidi to Clive Madande,,"Lungi Ngidi to Clive Madande. Off cutter yorker, outside off on the front foot slogged to deep mid wicket for 2 runs, fielded by Ryan Rickelton",bbcd5884-dd98-4bc2-9155-07c4160c943e,233457,"Zimbabwe v South Africa at Delhi, ICC Men's T20 World Cup, 1 Mar 2026",8899,ICC Men's T20 World Cup,2025/26,"Arun Jaitley Stadium (Feroz Shah Kotla), Delhi",Twenty20 international,2026-03-01,74225,CM Madande,right,28230,LT Ngidi,right,3,South Africa,right pace,1,pace,2026-03-01 11:06:06,1.752,-0.627,1,-0.617,0.306,0.0,0.0,106323086.0,319.0,80.0,136.0,3.0,2.0,2.0,True,True,True,False,,off cutter,,yorker,outside off,front foot,slog,,,deep mid wicket,Ryan Rickelton,,,,template_structured,2,,False,False,False,False,False,False,False,False,False,
1,9,Zimbabwe,ZIM,5,19,LT Ngidi,11,1,0,143/6,8.57,18.07,18.6,1,1,Lungi Ngidi to Clive Madande,,"Lungi Ngidi to Clive Madande. Leg cutter full toss, outside off on the front foot slogged to long on for 1 run, fielded by Tristan Stubbs",bbcd5884-dd98-4bc2-9155-07c4160c943e,233457,"Zimbabwe v South Africa at Delhi, ICC Men's T20 World Cup, 1 Mar 2026",8899,ICC Men's T20 World Cup,2025/26,"Arun Jaitley Stadium (Feroz Shah Kotla), Delhi",Twenty20 international,2026-03-01,74225,CM Madande,right,28230,LT Ngidi,right,3,South Africa,right pace,1,pace,2026-03-01 11:06:47,0.859,-0.768,1,-0.777,0.160,0.0,0.0,106323090.0,287.0,80.0,140.0,4.0,1.0,1.0,True,True,True,False,,leg cutter,,full toss,outside off,front foot,slog,,,long on,Tristan Stubbs,,,,template_structured,1,,False,False,False,False,False,False,False,False,False,
1,9,Zimbabwe,ZIM,5,20,C Bosch,10,0,1,153/7,10.00,19.01,19.1,2,2,Corbin Bosch to Clive Madande,,"Corbin Bosch to Clive Madande. Reverse in swinger full, outside off on the moves infront driving well timed to long on for 2 runs, fielded by Tristan Stubbs",bbcd5884-dd98-4bc2-9155-07c4160c943e,233457,"Zimbabwe v South Africa at Delhi, ICC Men's T20 World Cup, 1 Mar 2026",8899,ICC Men's T20 World Cup,2025/26,"Arun Jaitley Stadium (Feroz Shah Kotla), Delhi",Twenty20 international,2026-03-01,74225,CM Madande,right,22181,C Bosch,right,3,South Africa,right pace,1,pace,2026-03-01 11:07:59,2.727,-0.272,2,-0.155,0.322,2.0,0.0,106323099.0,275.0,90.0,161.0,4.0,2.0,2.0,True,True,True,False,,reverse in swinger,,full,outside off,moves infront,drive,,well timed,long on,Tristan Stubbs,,,,template_structured,2,,False,False,False,False,False,False,False,False,False,
1,9,Zimbabwe,ZIM,5,20,C Bosch,10,0,1,153/7,10.00,19.02,19.2,1,1,Corbin Bosch to Clive Madande,,"Corbin Bosch to Clive Madande. Reverse in swinger full, off stump on the back foot worked to long on for 1 run, fielded by Tristan Stubbs",bbcd5884-dd98-4bc2-9155-07c4160c943e,233457,"Zimbabwe v South Africa at Delhi, ICC Men's T20 World Cup, 1 Mar 2026",8899,ICC Men's T20 World Cup,2025/26,"Arun Jaitley Stadium (Feroz Shah Kotla), Delhi",Twenty20 international,2026-03-01,74225,CM Madande,right,22181,C Bosch,right,3,South Africa,right pace,1,pace,2026-03-01 11:08:38,3.054,-0.084,2,0.055,0.316,2.0,0.0,106323102.0,283.0,90.0,158.0,4.0,1.0,1.0,True,True,True,False,,reverse in swinger,,full,off stump,back foot,work,,,long on,Tristan Stubbs,,,,template_structured,1,,False,False,False,False,False,False,False,False,False,
1,9,Zimbabwe,ZIM,5,20,C Bosch,10,0,1,153/7,10.00,19.03,19.3,0,W,Corbin Bosch to Brad Evans,,"OUT! Corbin Bosch to Brad Evans. Reverse in swinger yorker, off stump on the front foot sweep for no run. Brad Evans Bowled for 8.",bbcd5884-dd98-4bc2-9155-07c4160c943e,233457,"Zimbabwe v South Africa at Delhi, ICC Men's T20 World Cup, 1 Mar 2026",8899,ICC Men's T20 World Cup,2025/26,"Arun Jaitley Stadium (Feroz Shah Kotla), Delhi",Twenty20 international,2026-03-01,67949,BN Evans,right,22181,C Bosch,right,3,South Africa,right pace,1,pace,2026-03-01 11:09:09,2.052,-0.154,2,-0.065,0.258,2.0,0.0,,,,,,,,True,True,False,False,,reverse in swinger,,yorker,off stump,front foot,sweep,,,,,bowled,off stump on the front foot sweep for no run. Brad Evans,8,template_structured,0,,True,False,False,False,False,False,False,False,False,commentary
1,9,Zimbabwe,ZIM,5,20,C Bosch,10,0,1,153/7,10.00,19.04,19.4,1,1,Corbin Bosch to Wellington Masakadza,,"Corbin Bosch to Wellington Masakadza. No movement full toss, middle stump on the front foot flick to deep mid wicket for 1 run, fielded by Ryan Rickelton",bbcd5884-dd98-4bc2-9155-07c4160c943e,233457,"Zimbabwe v South Africa at Delhi, ICC Men's T20 World Cup, 1 Mar 2026",8899,ICC Men's T20 World Cup,2025/26,"Arun Jaitley Stadium (Feroz Shah Kotla), Delhi",Twenty20 international,2026-03-01,26418,WP Masakadza,left,22181,C Bosch,right,3,South Africa,right pace,1,pace,2026-03-01 11:10:55,0.271,0.084,1,0.097,0.060,2.0,0.0,106323117.0,206.0,75.0,135.0,6.0,1.0,1.0,True,True,True,False,,no movement,,full toss,middle stump,front foot,flick,,,deep mid wicket,Ryan Rickelton,,,,template_structured,1,,False,False,False,False,False,False,False,False,False,
1,9,Zimbabwe,ZIM,5,20,C Bosch,10,0,1,153/7,10.00,19.05,19.5,4,4,Corbin Bosch to Clive Madande,,"FOUR! Corbin Bosch to Clive Madande. Reverse in swinger full toss, middle stump on the back foot reverse scoopped well timed for 4 runs",bbcd5884-dd98-4bc2-9155-07c4160c943e,233457,"Zimbabwe v South Africa at Delhi, ICC Men's T20 World Cup, 1 Mar 2026",8899,ICC Men's T20 World Cup,2025/26,"Arun Jaitley Stadium (Feroz Shah Kotla), Delhi",Twenty20 international,2026-03-01,74225,CM Madande,right,22181,C Bosch,right,3,South Africa,right pace,1,pace,2026-03-01 11:11:26,0.901,0.001,1,0.047,0.122,2.0,0.0,106323119.0,99.0,100.0,160.0,8.0,4.0,4.0,True,True,True,False,,reverse in swinger,,full toss,middle stump,back foot,,,well timed,,,,,,template_structured,4,,False,False,False,False,False,False,True,False,False,
1,9,Zimbabwe,ZIM,5,20,C Bosch,10,0,1,153/7,10.00,19.06,19.6,2,2,Corbin Bosch to Clive Madande,,"Corbin Bosch to Clive Madande. No movement back of a length, outside off on the back foot pulled to long on for 2 runs, run out attempt: throw but safe by Tristan Stubbs",bbcd5884-dd98-4bc2-9155-07c4160c943e,233457,"Zimbabwe v South Africa at Delhi, ICC Men's T20 World Cup, 1 Mar 2026",8899,ICC Men's T20 World Cup,2025/26,"Arun Jaitley Stadium (Feroz Shah Kotla), Delhi",Twenty20 international,2026-03-01,74225,CM Madande,right,22181,C Bosch,right,3,South Africa,right pace,1,pace,2026-03-01 11:12:11,8.801,-0.468,4,-0.048,0.912,2.0,2.0,106323125.0,293.0,85.0,145.0,4.0,2.0,2.0,True,True,True,False,,no movement,,back of a length,outside off,back foot,pull,,,long on,,,,,template_structured,2,,False,False,False,False,False,False,False,False,False,
2,3,South Africa,SA,3,1,Sikandar Raza,4,0,1,4/1,4.00,0.01,0.1,1,1,Sikandar Raza to Aiden Markram,,"Sikandar Raza to Aiden Markram. Off break back of a length, off stump on the back foot worked to deep mid wicket for 1 run, fielded by Ryan Burl",bbcd5884-dd98-4bc2-9155-07c4160c943e,233457,"Zimbabwe v South Africa at Delhi, ICC Men's T20 World Cup, 1 Mar 2026",8899,ICC Men's T20 World Cup,2025/26,"Arun Jaitley Stadium (Feroz Shah Kotla), Delhi",Twenty20 international,2026-03-01,27774,AK Markram,right,12501,Sikandar Raza,right,9,Zimbabwe,off break,3,spin,2026-03-01 11:26:02,6.019,-0.079,3,0.170,0.691,2.0,1.0,106323167.0,319.0,80.0,141.0,3.0,1.0,1.0,True,True,True,False,,off break,,back of a length,off stump,back foot,work,,,deep mid wicket,Ryan Burl,,,,template_structured,1,,False,False,False,False,False,False,False,False,False,
2,3,South Africa,SA,3,1,Sikandar Raza,4,0,1,4/1,4.00,0.02,0.2,0,0,Sikandar Raza to Quinton de Kock,,"Sikandar Raza to Quinton de Kock. Off break back of a length, outside off on the back foot pushed for no run",bbcd5884-dd98-4bc2-9155-07c4160c943e,233457,"Zimbabwe v South Africa at Delhi, ICC Men's T20 World Cup, 1 Mar 2026",8899,ICC Men's T20 World Cup,2025/26,"Arun Jaitley Stadium (Feroz Shah Kotla), Delhi",Twenty20 international,2026-03-01,17614,Q de Kock,left,12501,Sikandar Raza,right,9,Zimbabwe,off break,3,spin,2026-03-01 11:26:41,7.337,0.484,4,0.632,0.637,4.0,1.0,,,,,,,,True,True,False,False,,off break,,back of a length,outside off,back foot,push,,,,,,,,template_structured,0,,False,False,False,False,False,False,False,False,True,
2,3,South Africa,SA,3,1,Sikandar Raza,4,0,1,4/1,4.00,0.03,0.3,0,W,Sikandar Raza to Quinton de Kock,,"OUT! Sikandar Raza to Quinton de Kock. Off break back of a length, outside off on the back foot cut to short fine leg for no run, caught by Tadiwanashe Marumani. Quinton de Kock Caught for 0.",bbcd5884-dd98-4bc2-9155-07c4160c943e,233457,"Zimbabwe v South Africa at Delhi, ICC Men's T20 World Cup, 1 Mar 2026",8899,ICC Men's T20 World Cup,2025/26,"Arun Jaitley Stadium (Feroz Shah Kotla), Delhi",Twenty20 international,2026-03-01,17614,Q de Kock,left,12501,Sikandar Raza,right,9,Zimbabwe,off break,3,spin,2026-03-01 11:27:03,6.512,0.347,3,0.216,0.682,3.0,1.0,,,,,,,,True,True,False,True,,off break,,back of a length,outside off,back foot,cut,,,short fine leg,Tadiwanashe Marumani,caught,caught by Tadiwanashe Marumani. Quinton de Kock,0,template_structured,0,,True,False,False,False,False,False,False,False,False,commentary
2,3,South Africa,SA,3,1,Sikandar Raza,4,0,1,4/1,4.00,0.04,0.4,1,1,Sikandar Raza to Ryan Rickelton,,"Sikandar Raza to Ryan Rickelton. Off break length ball, leg stump on the front foot worked for 1 run",bbcd5884-dd98-4bc2-9155-07c4160c943e,233457,"Zimbabwe v South Africa at Delhi, ICC Men's T20 World Cup, 1 Mar 2026",8899,ICC Men's T20 World Cup,2025/26,"Arun Jaitley Stadium (Feroz Shah Kotla), Delhi",Twenty20 international,2026-03-01,37670,RD Rickelton,left,12501,Sikandar Raza,right,9,Zimbabwe,off break,3,spin,2026-03-01 11:29:05,4.002,-0.108,2,-0.348,0.574,1.0,1.0,106323175.0,202.0,80.0,140.0,6.0,1.0,1.0,True,True,True,False,,off break,,length ball,leg stump,front foot,work,,,,,,,,template_structured,1,,False,False,False,False,False,False,False,False,False,
2,3,South Africa,SA,3,1,Sikandar Raza,4,0,1,4/1,4.00,0.05,0.5,1,1,Sikandar Raza to Aiden Markram,,"Sikandar Raza to Aiden Markram. Carrom ball back of a length, outside off on the back foot worked to long on for 1 run, fielded by Ryan Burl",bbcd5884-dd98-4bc2-9155-07c4160c943e,233457,"Zimbabwe v South Africa at Delhi, ICC Men's T20 World Cup, 1 Mar 2026",8899,ICC Men's T20 World Cup,2025/26,"Arun Jaitley Stadium (Feroz Shah Kotla), Delhi",Twenty20 international,2026-03-01,27774,AK Markram,right,12501,Sikandar Raza,right,9,Zimbabwe,off break,3,spin,2026-03-01 11:29:34,5.869,-0.239,3,-0.265,0.617,1.0,1.0,106323178.0,280.0,75.0,139.0,4.0,1.0,1.0,True,True,True,False,,carrom ball,,back of a length,outside off,back foot,work,,,long on,Ryan Burl,,,,template_structured,1,,False,False,False,False,False,False,False,False,False,
2,3,South Africa,SA,3,1,Sikandar Raza,4,0,1,4/1,4.00,0.06,0.6,1,1,Sikandar Raza to Ryan Rickelton,,"Sikandar Raza to Ryan Rickelton. Off break length ball, off stump on the front foot worked to long on for 1 run, fielded by Wellington Masakadza",bbcd5884-dd98-4bc2-9155-07c4160c943e,233457,"Zimbabwe v South Africa at Delhi, ICC Men's T20 World Cup, 1 Mar 2026",8899,ICC Men's T20 World Cup,2025/26,"Arun Jaitley Stadium (Feroz Shah Kotla), Delhi",Twenty20 international,2026-03-01,37670,RD Rickelton,left,12501,Sikandar Raza,right,9,Zimbabwe,off break,3,spin,2026-03-01 11:29:59,4.748,0.168,2,-0.070,0.345,2.0,0.0,106323180.0,261.0,75.0,132.0,5.0,1.0,1.0,True,True,True,False,,off break,,length ball,off stump,front foot,work,,,long on,Wellington Masakadza,,,,template_structured,1,,False,False,False,False,False,False,False,False,False,
2,3,South Africa,SA,3,2,B Muzarabani,8,0,0,12/1,8.00,1.01,1.1,0,0,Blessing Muzarabani to Ryan Rickelton,,"Blessing Muzarabani to Ryan Rickelton. No movement back of a length, down leg on the back foot pushed to extra cover for no run, fielded by Dion Myers",bbcd5884-dd98-4bc2-9155-07c4160c943e,233457,"Zimbabwe v South Africa at Delhi, ICC Men's T20 World Cup, 1 Mar 2026",8899,ICC Men's T20 World Cup,2025/26,"Arun Jaitley Stadium (Feroz Shah Kotla), Delhi",Twenty20 international,2026-03-01,37670,RD Rickelton,left,66839,B Muzarabani,right,9,Zimbabwe,right pace,1,pace,2026-03-01 11:31:09,8.839,-0.153,4,0.221,1.003,3.0,2.0,,,,,,,,True,True,False,False,,no movement,,back of a length,down leg,back foot,push,,,extra cover,Dion Myers,,,,template_structured,0,,False,False,False,False,False,False,False,False,True,
2,3,South Africa,SA,3,2,B Muzarabani,8,0,0,12/1,8.00,1.02,1.2,0,0,Blessing Muzarabani to Ryan Rickelton,,"Blessing Muzarabani to Ryan Rickelton. Away swinger length ball, leg stump on the front foot driving to wicketkeeper for no run, fielded by Tadiwanashe Marumani",bbcd5884-dd98-4bc2-9155-07c4160c943e,233457,"Zimbabwe v South Africa at Delhi, ICC Men's T20 World Cup, 1 Mar 2026",8899,ICC Men's T20 World Cup,2025/26,"Arun Jaitley Stadium (Feroz Shah Kotla), Delhi",Twenty20 international,2026-03-01,37670,RD Rickelton,left,66839,B Muzarabani,right,9,Zimbabwe,right pace,1,pace,2026-03-01 11:31:41,5.561,-0.085,3,0.228,0.583,3.0,1.0,,,,,,,,True,True,False,False,,away swinger,,length ball,leg stump,front foot,drive,,,wicketkeeper,Tadiwanashe Marumani,,,,template_structured,0,,False,False,False,False,False,False,False,False,True,
2,3,South Africa,SA,3,2,B Muzarabani,8,0,0,12/1,8.00,1.03,1.3,1,1,Blessing Muzarabani to Ryan Rickelton,,"Blessing Muzarabani to Ryan Rickelton. Away swinger back of a length, leg stump on the back foot pushed for 1 run",bbcd5884-dd98-4bc2-9155-07c4160c943e,233457,"Zimbabwe v South Africa at Delhi, ICC Men's T20 World Cup, 1 Mar 2026",8899,ICC Men's T20 World Cup,2025/26,"Arun Jaitley Stadium (Feroz Shah Kotla), Delhi",Twenty20 international,2026-03-01,37670,RD Rickelton,left,66839,B Muzarabani,right,9,Zimbabwe,right pace,1,pace,2026-03-01 11:32:18,7.814,-0.163,4,0.288,0.824,3.0,1.0,106323186.0,23.0,75.0,127.0,2.0,1.0,1.0,True,True,True,False,,away swinger,,back of a length,leg stump,back foot,push,,,,,,,,template_structured,1,,False,False,False,False,False,False,False,False,False,
2,3,South Africa,SA,3,2,B Muzarabani,8,0,0,12/1,8.00,1.04,1.4,1,1,Blessing Muzarabani to Aiden Markram,,"Blessing Muzarabani to Aiden Markram. No movement back of a length, outside off on the back foot pushed to mid on for 1 run, run out attempt: missed stumps by Sikandar Raza",bbcd5884-dd98-4bc2-9155-07c4160c943e,233457,"Zimbabwe v South Africa at Delhi, ICC Men's T20 World Cup, 1 Mar 2026",8899,ICC Men's T20 World Cup,2025/26,"Arun Jaitley Stadium (Feroz Shah Kotla), Delhi",Twenty20 international,2026-03-01,27774,AK Markram,right,66839,B Muzarabani,right,9,Zimbabwe,right pace,1,pace,2026-03-01 11:33:00,8.786,-0.483,4,-0.273,1.078,1.0,2.0,106323188.0,295.0,35.0,65.0,4.0,1.0,1.0,True,True,True,False,,no movement,,back of a length,outside off,back foot,push,,,mid on,,,,,template_structured,1,,False,False,False,False,False,False,False,False,False,
2,3,South Africa,SA,3,2,B Muzarabani,8,0,0,12/1,8.00,1.05,1.5,6,6,Blessing Muzarabani to Ryan Rickelton,,"SIX! Blessing Muzarabani to Ryan Rickelton. No movement back of a length, down leg on the front foot slogged well timed for 6 runs",bbcd5884-dd98-4bc2-9155-07c4160c943e,233457,"Zimbabwe v South Africa at Delhi, ICC Men's T20 World Cup, 1 Mar 2026",8899,ICC Men's T20 World Cup,2025/26,"Arun Jaitley Stadium (Feroz Shah Kotla), Delhi",Twenty20 international,2026-03-01,37670,RD Rickelton,left,66839,B Muzarabani,right,9,Zimbabwe,right pace,1,pace,2026-03-01 11:33:37,8.323,-0.157,4,0.212,0.971,3.0,2.0,106323190.0,244.0,100.0,179.0,5.0,6.0,6.0,True,True,True,False,,no movement,,back of a length,down leg,front foot,slog,,well timed,,,,,,template_structured,6,,False,False,False,False,False,False,False,True,False,
2,3,South Africa,SA,3,2,B Muzarabani,8,0,0,12/1,8.00,1.06,1.6,0,0,Blessing Muzarabani to Ryan Rickelton,,"Blessing Muzarabani to Ryan Rickelton. Off cutter back of a length, down leg on the back foot pulled to mid on for no run, misfielded by Brad Evans",bbcd5884-dd98-4bc2-9155-07c4160c943e,233457,"Zimbabwe v South Africa at Delhi, ICC Men's T20 World Cup, 1 Mar 2026",8899,ICC Men's T20 World Cup,2025/26,"Arun Jaitley Stadium (Feroz Shah Kotla), Delhi",Twenty20 international,2026-03-01,37670,RD Rickelton,left,66839,B Muzarabani,right,9,Zimbabwe,right pace,1,pace,2026-03-01 11:34:11,9.705,-0.303,4,0.046,1.127,2.0,2.0,,,,,,,,True,True,False,False,,off cutter,,back of a length,down leg,back foot,pull,,,mid on,,,,,template_structured,0,,False,False,False,False,False,False,False,False,True,
2,3,South Africa,SA,3,3,Sikandar Raza,6,0,1,18/2,6.00,2.01,2.1,1,1,Sikandar Raza to Aiden Markram,,"Sikandar Raza to Aiden Markram. Off break back of a length, off stump on the back foot worked to deep square leg for 1 run, fielded by Tony Munyonga",bbcd5884-dd98-4bc2-9155-07c4160c943e,233457,"Zimbabwe v South Africa at Delhi, ICC Men's T20 World Cup, 1 Mar 2026",8899,ICC Men's T20 World Cup,2025/26,"Arun Jaitley Stadium (Feroz Shah Kotla), Delhi",Twenty20 international,2026-03-01,27774,AK Markram,right,12501,Sikandar Raza,right,9,Zimbabwe,off break,3,spin,2026-03-01 11:34:58,6.956,-0.171,3,0.204,0.637,3.0,1.0,106323194.0,342.0,75.0,131.0,3.0,1.0,1.0,True,True,True,False,,off break,,back of a length,off stump,back foot,work,,,deep square leg,Tony Munyonga,,,,template_structured,1,,False,False,False,False,False,False,False,False,False,
2,3,South Africa,SA,3,3,Sikandar Raza,6,0,1,18/2,6.00,2.02,2.2,0,0,Sikandar Raza to Ryan Rickelton,,"Sikandar Raza to Ryan Rickelton. Off break full, outside off backs away driving well timed to mid off for no run, fielded by Ryan Burl",bbcd5884-dd98-4bc2-9155-07c4160c943e,233457,"Zimbabwe v South Africa at Delhi, ICC Men's T20 World Cup, 1 Mar 2026",8899,ICC Men's T20 World Cup,2025/26,"Arun Jaitley Stadium (Feroz Shah Kotla), Delhi",Twenty20 international,2026-03-01,37670,RD Rickelton,left,12501,Sikandar Raza,right,9,Zimbabwe,off break,3,spin,2026-03-01 11:35:24,4.543,0.343,2,0.097,0.555,2.0,1.0,,,,,,,,True,True,False,False,,,,full,outside off,backs away,drive,,well timed,mid off,Ryan Burl,,,,keyword,0,,False,False,False,False,False,False,False,False,True,
2,3,South Africa,SA,3,3,Sikandar Raza,6,0,1,18/2,6.00,2.03,2.3,0,0,Sikandar Raza to Ryan Rickelton,,"Sikandar Raza to Ryan Rickelton. Off break length ball, leg stump on the front foot flick to extra cover for no run, fielded by Dion Myers",bbcd5884-dd98-4bc2-9155-07c4160c943e,233457,"Zimbabwe v South Africa at Delhi, ICC Men's T20 World Cup, 1 Mar 2026",8899,ICC Men's T20 World Cup,2025/26,"Arun Jaitley Stadium (Feroz Shah Kotla), Delhi",Twenty20 international,2026-03-01,37670,RD Rickelton,left,12501,Sikandar Raza,right,9,Zimbabwe,off break,3,spin,2026-03-01 11:35:54,4.651,-0.065,2,-0.203,0.603,1.0,1.0,,,,,,,,True,True,False,False,,off break,,length ball,leg stump,front foot,flick,,,extra cover,Dion Myers,,,,template_structured,0,,False,False,False,False,False,False,False,False,True,
2,3,South Africa,SA,3,3,Sikandar Raza,6,0,1,18/2,6.00,2.04,2.4,1,1,Sikandar Raza to Ryan Rickelton,,"Sikandar Raza to Ryan Rickelton. Carrom ball back of a length, leg stump on the back foot worked for 1 run",bbcd5884-dd98-4bc2-9155-07c4160c943e,233457,"Zimbabwe v South Africa at Delhi, ICC Men's T20 World Cup, 1 Mar 2026",8899,ICC Men's T20 World Cup,2025/26,"Arun Jaitley Stadium (Feroz Shah Kotla), Delhi",Twenty20 international,2026-03-01,37670,RD Rickelton,left,12501,Sikandar Raza,right,9,Zimbabwe,off break,3,spin,2026-03-01 11:36:14,5.174,-0.160,3,-0.637,0.437,0.0,0.0,106323198.0,245.0,30.0,53.0,5.0,1.0,1.0,True,True,True,False,,carrom ball,,back of a length,leg stump,back foot,work,,,,,,,,template_structured,1,,False,False,False,False,False,False,False,False,False,
2,3,South Africa,SA,3,3,Sikandar Raza,6,0,1,18/2,6.00,2.05,2.5,0,W,Sikandar Raza to Aiden Markram,,"OUT! Sikandar Raza to Aiden Markram. Off break back of a length, outside off on the back foot pushed for no run. Aiden Markram Bowled for 4.",bbcd5884-dd98-4bc2-9155-07c4160c943e,233457,"Zimbabwe v South Africa at Delhi, ICC Men's T20 World Cup, 1 Mar 2026",8899,ICC Men's T20 World Cup,2025/26,"Arun Jaitley Stadium (Feroz Shah Kotla), Delhi",Twenty20 international,2026-03-01,27774,AK Markram,right,12501,Sikandar Raza,right,9,Zimbabwe,off break,3,spin,2026-03-01 11:36:40,5.633,-0.179,3,-0.033,0.266,2.0,0.0,,,,,,,,True,True,False,False,,off break,,back of a length,outside off,back foot,push,,,,,bowled,outside off on the back foot pushed for no run. Aiden Markram,4,template_structured,0,,True,False,False,False,False,False,False,False,False,commentary
2,3,South Africa,SA,3,3,Sikandar Raza,6,0,1,18/2,6.00,2.06,2.6,4,4,Sikandar Raza to Dewald Brevis,,"FOUR! Sikandar Raza to Dewald Brevis. Off break back of a length, outside off on the back foot driving well timed for 4 runs",bbcd5884-dd98-4bc2-9155-07c4160c943e,233457,"Zimbabwe v South Africa at Delhi, ICC Men's T20 World Cup, 1 Mar 2026",8899,ICC Men's T20 World Cup,2025/26,"Arun Jaitley Stadium (Feroz Shah Kotla), Delhi",Twenty20 international,2026-03-01,75144,DT Brevis,right,12501,Sikandar Raza,right,9,Zimbabwe,off break,3,spin,2026-03-01 11:38:32,6.274,-0.424,3,-0.293,0.615,1.0,1.0,106323204.0,143.0,100.0,164.0,7.0,4.0,4.0,True,True,True,False,,off break,,back of a length,outside off,back foot,drive,,well timed,,,,,,template_structured,4,,False,False,False,False,False,False,True,False,False,
2,3,South Africa,SA,3,4,BN Evans,3,0,0,21/2,3.00,3.01,3.1,0,0,Brad Evans to Ryan Rickelton,,"Brad Evans to Ryan Rickelton. Slower ball back of a length, middle stump on the front foot driving to mid off for no run, fielded by Wellington Masakadza",bbcd5884-dd98-4bc2-9155-07c4160c943e,233457,"Zimbabwe v South Africa at Delhi, ICC Men's T20 World Cup, 1 Mar 2026",8899,ICC Men's T20 World Cup,2025/26,"Arun Jaitley Stadium (Feroz Shah Kotla), Delhi",Twenty20 international,2026-03-01,37670,RD Rickelton,left,67949,BN Evans,right,9,Zimbabwe,right pace,2,pace,2026-03-01 11:39:38,7.360,-0.011,4,0.407,0.687,3.0,1.0,,,,,,,,True,True,False,False,,slower ball,,back of a length,middle stump,front foot,drive,,,mid off,Wellington Masakadza,,,,template_structured,0,,False,False,False,False,False,False,False,False,True,
2,3,South Africa,SA,3,4,BN Evans,3,0,0,21/2,3.00,3.02,3.2,0,0,Brad Evans to Ryan Rickelton,,"Brad Evans to Ryan Rickelton. No movement short, down leg on the back foot hook to mid wicket for no run, fielded by Ryan Burl",bbcd5884-dd98-4bc2-9155-07c4160c943e,233457,"Zimbabwe v South Africa at Delhi, ICC Men's T20 World Cup, 1 Mar 2026",8899,ICC Men's T20 World Cup,2025/26,"Arun Jaitley Stadium (Feroz Shah Kotla), Delhi",Twenty20 international,2026-03-01,37670,RD Rickelton,left,67949,BN Evans,right,9,Zimbabwe,right pace,2,pace,2026-03-01 11:40:12,12.972,-0.362,4,0.164,1.750,2.0,3.0,,,,,,,,True,True,False,False,,no movement,,short,down leg,back foot,,,,mid wicket,Ryan Burl,,,,template_structured,0,,False,False,False,False,False,False,False,False,True,
2,3,South Africa,SA,3,4,BN Evans,3,0,0,21/2,3.00,3.03,3.3,1,1,Brad Evans to Ryan Rickelton,,"Brad Evans to Ryan Rickelton. No movement back of a length, off stump on the front foot pushed to mid off for 1 run, fielded by Wellington Masakadza",bbcd5884-dd98-4bc2-9155-07c4160c943e,233457,"Zimbabwe v South Africa at Delhi, ICC Men's T20 World Cup, 1 Mar 2026",8899,ICC Men's T20 World Cup,2025/26,"Arun Jaitley Stadium (Feroz Shah Kotla), Delhi",Twenty20 international,2026-03-01,37670,RD Rickelton,left,67949,BN Evans,right,9,Zimbabwe,right pace,2,pace,2026-03-01 11:45:27,8.174,0.106,4,0.628,0.735,4.0,1.0,106323222.0,291.0,45.0,79.0,4.0,1.0,1.0,True,True,True,False,,no movement,,back of a length,off stump,front foot,push,,,mid off,Wellington Masakadza,,,,template_structured,1,,False,False,False,False,False,False,False,False,False,
2,3,South Africa,SA,3,4,BN Evans,3,0,0,21/2,3.00,3.04,3.4,0,0,Brad Evans to Dewald Brevis,,"Brad Evans to Dewald Brevis. No movement length ball, outside off on the front foot pushed to cover for no run, fielded by Dion Myers",bbcd5884-dd98-4bc2-9155-07c4160c943e,233457,"Zimbabwe v South Africa at Delhi, ICC Men's T20 World Cup, 1 Mar 2026",8899,ICC Men's T20 World Cup,2025/26,"Arun Jaitley Stadium (Feroz Shah Kotla), Delhi",Twenty20 international,2026-03-01,75144,DT Brevis,right,67949,BN Evans,right,9,Zimbabwe,right pace,2,pace,2026-03-01 11:46:03,7.537,-0.312,4,-0.123,0.694,2.0,1.0,,,,,,,,True,True,False,False,,no movement,,length ball,outside off,front foot,push,,,cover,Dion Myers,,,,template_structured,0,,False,False,False,False,False,False,False,False,True,
2,3,South Africa,SA,3,4,BN Evans,3,0,0,21/2,3.00,3.05,3.5,2,2,Brad Evans to Dewald Brevis,,"Brad Evans to Dewald Brevis. No movement length ball, leg stump on the back foot flick to deep square leg for 2 runs, fielded by Clive Madande",bbcd5884-dd98-4bc2-9155-07c4160c943e,233457,"Zimbabwe v South Africa at Delhi, ICC Men's T20 World Cup, 1 Mar 2026",8899,ICC Men's T20 World Cup,2025/26,"Arun Jaitley Stadium (Feroz Shah Kotla), Delhi",Twenty20 international,2026-03-01,75144,DT Brevis,right,67949,BN Evans,right,9,Zimbabwe,right pace,2,pace,2026-03-01 11:46:34,7.429,0.069,4,0.301,0.882,3.0,1.0,106323228.0,350.0,90.0,155.0,3.0,2.0,2.0,True,True,True,False,,no movement,,length ball,leg stump,back foot,flick,,,deep square leg,Clive Madande,,,,template_structured,2,,False,False,False,False,False,False,False,False,False,
2,3,South Africa,SA,3,4,BN Evans,3,0,0,21/2,3.00,3.06,3.6,0,0,Brad Evans to Dewald Brevis,,"Brad Evans to Dewald Brevis. No movement back of a length, outside off on the back foot playing a backward defensive shot to short extra cover for no run, fielded by Dion Myers",bbcd5884-dd98-4bc2-9155-07c4160c943e,233457,"Zimbabwe v South Africa at Delhi, ICC Men's T20 World Cup, 1 Mar 2026",8899,ICC Men's T20 World Cup,2025/26,"Arun Jaitley Stadium (Feroz Shah Kotla), Delhi",Twenty20 international,2026-03-01,75144,DT Brevis,right,67949,BN Evans,right,9,Zimbabwe,right pace,2,pace,2026-03-01 11:47:06,8.452,-0.220,4,-0.021,0.797,2.0,1.0,,,,,,,,True,True,False,False,,no movement,,back of a length,outside off,back foot,backward defensive,,,short extra cover,Dion Myers,,,,template_structured,0,,False,False,False,False,False,False,False,False,True,
2,3,South Africa,SA,3,5,Sikandar Raza,9,0,0,30/2,9.00,4.01,4.1,0,0,Sikandar Raza to Ryan Rickelton,,"Sikandar Raza to Ryan Rickelton. Off break back of a length, off stump on the back foot worked to bowler for no run, fielded by Sikandar Raza",bbcd5884-dd98-4bc2-9155-07c4160c943e,233457,"Zimbabwe v South Africa at Delhi, ICC Men's T20 World Cup, 1 Mar 2026",8899,ICC Men's T20 World Cup,2025/26,"Arun Jaitley Stadium (Feroz Shah Kotla), Delhi",Twenty20 international,2026-03-01,37670,RD Rickelton,left,12501,Sikandar Raza,right,9,Zimbabwe,off break,3,spin,2026-03-01 11:48:13,6.185,0.166,3,-0.158,0.389,2.0,0.0,,,,,,,,True,True,False,False,,off break,,back of a length,off stump,back foot,work,,,bowler,Sikandar Raza,,,,template_structured,0,,False,False,False,False,False,False,False,False,True,
2,3,South Africa,SA,3,5,Sikandar Raza,9,0,0,30/2,9.00,4.02,4.2,6,6,Sikandar Raza to Ryan Rickelton,,"SIX! Sikandar Raza to Ryan Rickelton. Off break back of a length, middle stump backs away driving well timed for 6 runs",bbcd5884-dd98-4bc2-9155-07c4160c943e,233457,"Zimbabwe v South Africa at Delhi, ICC Men's T20 World Cup, 1 Mar 2026",8899,ICC Men's T20 World Cup,2025/26,"Arun Jaitley Stadium (Feroz Shah Kotla), Delhi",Twenty20 international,2026-03-01,37670,RD Rickelton,left,12501,Sikandar Raza,right,9,Zimbabwe,off break,3,spin,2026-03-01 11:48:30,5.461,-0.010,3,-0.337,0.563,1.0,1.0,106323239.0,259.0,100.0,180.0,5.0,6.0,6.0,True,True,True,False,,,,back of a length,middle stump,backs away,drive,,well timed,,,,,,keyword,6,,False,False,False,False,False,False,False,True,False,
2,3,South Africa,SA,3,5,Sikandar Raza,9,0,0,30/2,9.00,4.03,4.3,1,1,Sikandar Raza to Ryan Rickelton,,"Sikandar Raza to Ryan Rickelton. Off break back of a length, middle stump on the back foot worked to mid on for 1 run, fielded by Wellington Masakadza",bbcd5884-dd98-4bc2-9155-07c4160c943e,233457,"Zimbabwe v South Africa at Delhi, ICC Men's T20 World Cup, 1 Mar 2026",8899,ICC Men's T20 World Cup,2025/26,"Arun Jaitley Stadium (Feroz Shah Kotla), Delhi",Twenty20 international,2026-03-01,37670,RD Rickelton,left,12501,Sikandar Raza,right,9,Zimbabwe,off break,3,spin,2026-03-01 11:49:00,5.374,0.039,3,-0.077,0.644,2.0,1.0,106323242.0,250.0,75.0,139.0,5.0,1.0,1.0,True,True,True,False,,off break,,back of a length,middle stump,back foot,work,,,mid on,Wellington Masakadza,,,,template_structured,1,,False,False,False,False,False,False,False,False,False,
2,3,South Africa,SA,3,5,Sikandar Raza,9,0,0,30/2,9.00,4.04,4.4,0,0,Sikandar Raza to Dewald Brevis,,"Sikandar Raza to Dewald Brevis. Carrom ball back of a length, outside off on the front foot pushed to cover for no run, fielded by Clive Madande",bbcd5884-dd98-4bc2-9155-07c4160c943e,233457,"Zimbabwe v South Africa at Delhi, ICC Men's T20 World Cup, 1 Mar 2026",8899,ICC Men's T20 World Cup,2025/26,"Arun Jaitley Stadium (Feroz Shah Kotla), Delhi",Twenty20 international,2026-03-01,75144,DT Brevis,right,12501,Sikandar Raza,right,9,Zimbabwe,off break,3,spin,2026-03-01 11:49:31,6.194,-0.240,3,-0.223,0.545,1.0,1.0,,,,,,,,True,True,False,False,,carrom ball,,back of a length,outside off,front foot,push,,,cover,Clive Madande,,,,template_structured,0,,False,False,False,False,False,False,False,False,True,
2,3,South Africa,SA,3,5,Sikandar Raza,9,0,0,30/2,9.00,4.05,4.5,1,1,Sikandar Raza to Dewald Brevis,,"Sikandar Raza to Dewald Brevis. Arm ball back of a length, off stump on the back foot worked to square leg for 1 run, fielded by Brad Evans",bbcd5884-dd98-4bc2-9155-07c4160c943e,233457,"Zimbabwe v South Africa at Delhi, ICC Men's T20 World Cup, 1 Mar 2026",8899,ICC Men's T20 World Cup,2025/26,"Arun Jaitley Stadium (Feroz Shah Kotla), Delhi",Twenty20 international,2026-03-01,75144,DT Brevis,right,12501,Sikandar Raza,right,9,Zimbabwe,off break,3,spin,2026-03-01 11:49:51,6.351,-0.130,3,-0.035,0.587,2.0,1.0,106323248.0,338.0,50.0,87.0,3.0,1.0,1.0,True,True,True,False,,arm ball,,back of a length,off stump,back foot,work,,,square leg,Brad Evans,,,,template_structured,1,,False,False,False,False,False,False,False,False,False,
2,3,South Africa,SA,3,5,Sikandar Raza,9,0,0,30/2,9.00,4.06,4.6,1,1,Sikandar Raza to Ryan Rickelton,,"Sikandar Raza to Ryan Rickelton. Off break back of a length, outside off on the back foot worked to long on for 1 run, fielded by Wellington Masakadza",bbcd5884-dd98-4bc2-9155-07c4160c943e,233457,"Zimbabwe v South Africa at Delhi, ICC Men's T20 World Cup, 1 Mar 2026",8899,ICC Men's T20 World Cup,2025/26,"Arun Jaitley Stadium (Feroz Shah Kotla), Delhi",Twenty20 international,2026-03-01,37670,RD Rickelton,left,12501,Sikandar Raza,right,9,Zimbabwe,off break,3,spin,2026-03-01 11:50:13,8.460,-0.234,4,-0.028,0.793,2.0,1.0,106323249.0,249.0,70.0,125.0,5.0,1.0,1.0,True,True,True,False,,off break,,back of a length,outside off,back foot,work,,,long on,Wellington Masakadza,,,,template_structured,1,,False,False,False,False,False,False,False,False,False,
2,3,South Africa,SA,3,6,BN Evans,13,1,1,43/3,12.00,5.01,5.1,6,6,Brad Evans to Ryan Rickelton,,"SIX! Brad Evans to Ryan Rickelton. No movement back of a length, leg stump on the front foot slogged well timed for 6 runs",bbcd5884-dd98-4bc2-9155-07c4160c943e,233457,"Zimbabwe v South Africa at Delhi, ICC Men's T20 World Cup, 1 Mar 2026",8899,ICC Men's T20 World Cup,2025/26,"Arun Jaitley Stadium (Feroz Shah Kotla), Delhi",Twenty20 international,2026-03-01,37670,RD Rickelton,left,67949,BN Evans,right,9,Zimbabwe,right pace,2,pace,2026-03-01 11:51:25,8.010,-0.131,4,0.311,0.667,3.0,1.0,106323256.0,236.0,100.0,178.0,5.0,6.0,6.0,True,True,True,False,,no movement,,back of a length,leg stump,front foot,slog,,well timed,,,,,,template_structured,6,,False,False,False,False,False,False,False,True,False,
2,3,South Africa,SA,3,6,BN Evans,13,1,1,43/3,12.00,5.02,5.2,6,6,Brad Evans to Ryan Rickelton,,"SIX! Brad Evans to Ryan Rickelton. Off cutter length ball, middle stump on the front foot slogged well timed for 6 runs",bbcd5884-dd98-4bc2-9155-07c4160c943e,233457,"Zimbabwe v South Africa at Delhi, ICC Men's T20 World Cup, 1 Mar 2026",8899,ICC Men's T20 World Cup,2025/26,"Arun Jaitley Stadium (Feroz Shah Kotla), Delhi",Twenty20 international,2026-03-01,37670,RD Rickelton,left,67949,BN Evans,right,9,Zimbabwe,right pace,2,pace,2026-03-01 11:52:16,5.556,-0.014,3,0.316,0.563,3.0,1.0,106323262.0,221.0,100.0,177.0,6.0,6.0,6.0,True,True,True,False,,off cutter,,length ball,middle stump,front foot,slog,,well timed,,,,,,template_structured,6,,False,False,False,False,False,False,False,True,False,
2,3,South Africa,SA,3,6,BN Evans,13,1,1,43/3,12.00,5.03,5.2,1,1ʷᵈ,Brad Evans to Ryan Rickelton,,"Wide. Brad Evans to Ryan Rickelton. Off cutter length ball, wide outside off on the no movement leaving left alone through to wicketkeeper for 1 wides, fielded by Tadiwanashe Marumani",bbcd5884-dd98-4bc2-9155-07c4160c943e,233457,"Zimbabwe v South Africa at Delhi, ICC Men's T20 World Cup, 1 Mar 2026",8899,ICC Men's T20 World Cup,2025/26,"Arun Jaitley Stadium (Feroz Shah Kotla), Delhi",Twenty20 international,2026-03-01,37670,RD Rickelton,left,67949,BN Evans,right,9,Zimbabwe,right pace,2,pace,2026-03-01 11:52:58,5.665,0.759,3,,,,,,,,,,,,True,False,False,False,,off cutter,,length ball,wide outside off,no movement,leave,,,wicketkeeper,Tadiwanashe Marumani,,,,template_structured,1,wide,False,True,False,False,False,False,False,False,False,
2,3,South Africa,SA,3,6,BN Evans,13,1,1,43/3,12.00,5.04,5.3,0,0,Brad Evans to Ryan Rickelton,,"Brad Evans to Ryan Rickelton. No movement length ball, outside off on the back foot cut to wicketkeeper for no run, fielded by Tadiwanashe Marumani",bbcd5884-dd98-4bc2-9155-07c4160c943e,233457,"Zimbabwe v South Africa at Delhi, ICC Men's T20 World Cup, 1 Mar 2026",8899,ICC Men's T20 World Cup,2025/26,"Arun Jaitley Stadium (Feroz Shah Kotla), Delhi",Twenty20 international,2026-03-01,37670,RD Rickelton,left,67949,BN Evans,right,9,Zimbabwe,right pace,2,pace,2026-03-01 11:53:39,6.890,0.758,3,0.466,0.544,3.0,1.0,,,,,,,,True,True,False,False,,no movement,,length ball,outside off,back foot,cut,,,wicketkeeper,Tadiwanashe Marumani,,,,template_structured,0,,False,False,False,False,False,False,False,False,True,
2,3,South Africa,SA,3,6,BN Evans,13,1,1,43/3,12.00,5.05,5.4,0,0,Brad Evans to Ryan Rickelton,,"Brad Evans to Ryan Rickelton. No movement short, wide outside off on the back foot hook to wicketkeeper for no run, fielded by Tadiwanashe Marumani",bbcd5884-dd98-4bc2-9155-07c4160c943e,233457,"Zimbabwe v South Africa at Delhi, ICC Men's T20 World Cup, 1 Mar 2026",8899,ICC Men's T20 World Cup,2025/26,"Arun Jaitley Stadium (Feroz Shah Kotla), Delhi",Twenty20 international,2026-03-01,37670,RD Rickelton,left,67949,BN Evans,right,9,Zimbabwe,right pace,2,pace,2026-03-01 11:54:13,12.413,0.831,4,0.340,1.559,3.0,3.0,,,,,,,,True,True,False,False,,no movement,,short,wide outside off,back foot,,,,wicketkeeper,Tadiwanashe Marumani,,,,template_structured,0,,False,False,False,False,False,False,False,False,True,
2,3,South Africa,SA,3,6,BN Evans,13,1,1,43/3,12.00,5.06,5.5,0,W,Brad Evans to Ryan Rickelton,,"OUT! Brad Evans to Ryan Rickelton. No movement half tracker, wide outside off on the back foot pulled to deep mid wicket for no run, caught by Ryan Burl. Ryan Rickelton Caught for 31.",bbcd5884-dd98-4bc2-9155-07c4160c943e,233457,"Zimbabwe v South Africa at Delhi, ICC Men's T20 World Cup, 1 Mar 2026",8899,ICC Men's T20 World Cup,2025/26,"Arun Jaitley Stadium (Feroz Shah Kotla), Delhi",Twenty20 international,2026-03-01,37670,RD Rickelton,left,67949,BN Evans,right,9,Zimbabwe,right pace,2,pace,2026-03-01 11:54:53,12.925,0.801,4,0.148,1.896,2.0,4.0,,,,,,,,True,True,False,True,,no movement,,half tracker,wide outside off,back foot,pull,,,deep mid wicket,Ryan Burl,caught,caught by Ryan Burl. Ryan Rickelton,31,template_structured,0,,True,False,False,False,False,False,False,False,False,commentary
2,3,South Africa,SA,3,6,BN Evans,13,1,1,43/3,12.00,5.07,5.6,0,0,Brad Evans to David Miller,,"Brad Evans to David Miller. Away swinger length ball, outside off on the no movement shoulders armssed left alone through to wicketkeeper for no run, fielded by Tadiwanashe Marumani",bbcd5884-dd98-4bc2-9155-07c4160c943e,233457,"Zimbabwe v South Africa at Delhi, ICC Men's T20 World Cup, 1 Mar 2026",8899,ICC Men's T20 World Cup,2025/26,"Arun Jaitley Stadium (Feroz Shah Kotla), Delhi",Twenty20 international,2026-03-01,13575,DA Miller,left,67949,BN Evans,right,9,Zimbabwe,right pace,2,pace,2026-03-01 11:58:43,7.480,0.286,4,0.953,0.908,4.0,2.0,,,,,,,,True,True,False,False,,away swinger,,length ball,outside off,no movement,shoulders arms,,,wicketkeeper,Tadiwanashe Marumani,,,,template_structured,0,,False,False,False,False,False,False,False,False,True,
2,3,South Africa,SA,3,7,AG Cremer,16,0,0,59/3,16.00,6.01,6.1,6,6,Graeme Cremer to Dewald Brevis,,"SIX! Graeme Cremer to Dewald Brevis. Leg spinner length ball, middle stump on the front foot slogged well timed for 6 runs",bbcd5884-dd98-4bc2-9155-07c4160c943e,233457,"Zimbabwe v South Africa at Delhi, ICC Men's T20 World Cup, 1 Mar 2026",8899,ICC Men's T20 World Cup,2025/26,"Arun Jaitley Stadium (Feroz Shah Kotla), Delhi",Twenty20 international,2026-03-01,75144,DT Brevis,right,11962,AG Cremer,right,9,Zimbabwe,leg break,4,spin,2026-03-01 11:59:57,4.061,0.083,2,0.105,0.669,2.0,1.0,106323294.0,329.0,100.0,175.0,3.0,6.0,6.0,True,True,True,False,,leg spinner,,length ball,middle stump,front foot,slog,,well timed,,,,,,template_structured,6,,False,False,False,False,False,False,False,True,False,
2,3,South Africa,SA,3,7,AG Cremer,16,0,0,59/3,16.00,6.02,6.2,1,1,Graeme Cremer to Dewald Brevis,,"Graeme Cremer to Dewald Brevis. Googly length ball, leg stump on the back foot worked to deep square leg for 1 run, fielded by Brad Evans",bbcd5884-dd98-4bc2-9155-07c4160c943e,233457,"Zimbabwe v South Africa at Delhi, ICC Men's T20 World Cup, 1 Mar 2026",8899,ICC Men's T20 World Cup,2025/26,"Arun Jaitley Stadium (Feroz Shah Kotla), Delhi",Twenty20 international,2026-03-01,75144,DT Brevis,right,11962,AG Cremer,right,9,Zimbabwe,leg break,4,spin,2026-03-01 12:00:29,4.968,0.088,2,0.274,0.659,3.0,1.0,106323299.0,357.0,70.0,118.0,3.0,1.0,1.0,True,True,True,False,,googly,,length ball,leg stump,back foot,work,,,deep square leg,Brad Evans,,,,template_structured,1,,False,False,False,False,False,False,False,False,False,
2,3,South Africa,SA,3,7,AG Cremer,16,0,0,59/3,16.00,6.03,6.3,0,0,Graeme Cremer to David Miller,,"Graeme Cremer to David Miller. Leg spinner back of a length, off stump on the front foot playing a forward defensive shot to bowler for no run, fielded by Graeme Cremer",bbcd5884-dd98-4bc2-9155-07c4160c943e,233457,"Zimbabwe v South Africa at Delhi, ICC Men's T20 World Cup, 1 Mar 2026",8899,ICC Men's T20 World Cup,2025/26,"Arun Jaitley Stadium (Feroz Shah Kotla), Delhi",Twenty20 international,2026-03-01,13575,DA Miller,left,11962,AG Cremer,right,9,Zimbabwe,leg break,4,spin,2026-03-01 12:01:04,5.525,0.106,3,0.134,0.652,2.0,1.0,,,,,,,,True,True,False,False,,leg spinner,,back of a length,off stump,front foot,forward defensive,,,bowler,Graeme Cremer,,,,template_structured,0,,False,False,False,False,False,False,False,False,True,
2,3,South Africa,SA,3,7,AG Cremer,16,0,0,59/3,16.00,6.04,6.4,1,1,Graeme Cremer to David Miller,,"Graeme Cremer to David Miller. Leg spinner length ball, outside off on the back foot pushed to fine leg for 1 run, fielded by Brian Bennett",bbcd5884-dd98-4bc2-9155-07c4160c943e,233457,"Zimbabwe v South Africa at Delhi, ICC Men's T20 World Cup, 1 Mar 2026",8899,ICC Men's T20 World Cup,2025/26,"Arun Jaitley Stadium (Feroz Shah Kotla), Delhi",Twenty20 international,2026-03-01,13575,DA Miller,left,11962,AG Cremer,right,9,Zimbabwe,leg break,4,spin,2026-03-01 12:01:24,4.931,0.186,2,0.003,0.627,2.0,1.0,106323310.0,150.0,75.0,126.0,7.0,1.0,1.0,True,True,True,False,,leg spinner,,length ball,outside off,back foot,push,,,fine leg,Brian Bennett,,,,template_structured,1,,False,False,False,False,False,False,False,False,False,
2,3,South Africa,SA,3,7,AG Cremer,16,0,0,59/3,16.00,6.05,6.5,2,2,Graeme Cremer to Dewald Brevis,,"Graeme Cremer to Dewald Brevis. Slider back of a length, outside off on the back foot driving well timed to deep extra cover for 2 runs, misfielded by Clive Madande",bbcd5884-dd98-4bc2-9155-07c4160c943e,233457,"Zimbabwe v South Africa at Delhi, ICC Men's T20 World Cup, 1 Mar 2026",8899,ICC Men's T20 World Cup,2025/26,"Arun Jaitley Stadium (Feroz Shah Kotla), Delhi",Twenty20 international,2026-03-01,75144,DT Brevis,right,11962,AG Cremer,right,9,Zimbabwe,leg break,4,spin,2026-03-01 12:01:53,5.935,-0.192,3,-0.106,0.449,2.0,0.0,106323317.0,219.0,85.0,146.0,6.0,2.0,2.0,True,True,True,False,,slider,,back of a length,outside off,back foot,drive,,well timed,deep extra cover,,,,,template_structured,2,,False,False,False,False,False,False,False,False,False,
2,3,South Africa,SA,3,7,AG Cremer,16,0,0,59/3,16.00,6.06,6.6,6,6,Graeme Cremer to Dewald Brevis,,"SIX! Graeme Cremer to Dewald Brevis. Leg spinner full, middle stump on the front foot driving well timed for 6 runs",bbcd5884-dd98-4bc2-9155-07c4160c943e,233457,"Zimbabwe v South Africa at Delhi, ICC Men's T20 World Cup, 1 Mar 2026",8899,ICC Men's T20 World Cup,2025/26,"Arun Jaitley Stadium (Feroz Shah Kotla), Delhi",Twenty20 international,2026-03-01,75144,DT Brevis,right,11962,AG Cremer,right,9,Zimbabwe,leg break,4,spin,2026-03-01 12:02:31,2.697,-0.051,2,-0.088,0.513,2.0,1.0,106323320.0,261.0,100.0,180.0,5.0,6.0,6.0,True,True,True,False,,leg spinner,,full,middle stump,front foot,drive,,well timed,,,,,,template_structured,6,,False,False,False,False,False,False,False,True,False,
2,3,South Africa,SA,3,8,B Muzarabani,6,0,0,65/3,6.00,7.01,7.1,0,0,Blessing Muzarabani to David Miller,,"Blessing Muzarabani to David Miller. No movement length ball, down leg on the back foot worked to mid wicket for no run, fielded by Brad Evans",bbcd5884-dd98-4bc2-9155-07c4160c943e,233457,"Zimbabwe v South Africa at Delhi, ICC Men's T20 World Cup, 1 Mar 2026",8899,ICC Men's T20 World Cup,2025/26,"Arun Jaitley Stadium (Feroz Shah Kotla), Delhi",Twenty20 international,2026-03-01,13575,DA Miller,left,66839,B Muzarabani,right,9,Zimbabwe,right pace,1,pace,2026-03-01 12:03:57,6.236,-0.352,3,-0.118,0.698,2.0,1.0,,,,,,,,True,True,False,False,,no movement,,length ball,down leg,back foot,work,,,mid wicket,Brad Evans,,,,template_structured,0,,False,False,False,False,False,False,False,False,True,
2,3,South Africa,SA,3,8,B Muzarabani,6,0,0,65/3,6.00,7.02,7.2,0,0,Blessing Muzarabani to David Miller,,"Blessing Muzarabani to David Miller. Seam away back of a length, leg stump on the back foot dropped to cover for no run, fielded by Ryan Burl",bbcd5884-dd98-4bc2-9155-07c4160c943e,233457,"Zimbabwe v South Africa at Delhi, ICC Men's T20 World Cup, 1 Mar 2026",8899,ICC Men's T20 World Cup,2025/26,"Arun Jaitley Stadium (Feroz Shah Kotla), Delhi",Twenty20 international,2026-03-01,13575,DA Miller,left,66839,B Muzarabani,right,9,Zimbabwe,right pace,1,pace,2026-03-01 12:04:27,8.075,-0.193,4,0.155,0.788,2.0,1.0,,,,,,,,True,True,False,False,,seam away,,back of a length,leg stump,back foot,drop,,,cover,Ryan Burl,,,,template_structured,0,,False,False,False,False,False,False,False,False,True,
2,3,South Africa,SA,3,8,B Muzarabani,6,0,0,65/3,6.00,7.03,7.3,1,1,Blessing Muzarabani to David Miller,,"Blessing Muzarabani to David Miller. No movement length ball, leg stump on the back foot worked to long on for 1 run, fielded by Wellington Masakadza",bbcd5884-dd98-4bc2-9155-07c4160c943e,233457,"Zimbabwe v South Africa at Delhi, ICC Men's T20 World Cup, 1 Mar 2026",8899,ICC Men's T20 World Cup,2025/26,"Arun Jaitley Stadium (Feroz Shah Kotla), Delhi",Twenty20 international,2026-03-01,13575,DA Miller,left,66839,B Muzarabani,right,9,Zimbabwe,right pace,1,pace,2026-03-01 12:04:57,5.863,-0.157,3,0.100,0.664,2.0,1.0,106323342.0,250.0,80.0,147.0,5.0,1.0,1.0,True,True,True,False,,no movement,,length ball,leg stump,back foot,work,,,long on,Wellington Masakadza,,,,template_structured,1,,False,False,False,False,False,False,False,False,False,
2,3,South Africa,SA,3,8,B Muzarabani,6,0,0,65/3,6.00,7.04,7.4,4,4,Blessing Muzarabani to Dewald Brevis,,"FOUR! Blessing Muzarabani to Dewald Brevis. No movement length ball, outside off on the front foot driving well timed for 4 runs",bbcd5884-dd98-4bc2-9155-07c4160c943e,233457,"Zimbabwe v South Africa at Delhi, ICC Men's T20 World Cup, 1 Mar 2026",8899,ICC Men's T20 World Cup,2025/26,"Arun Jaitley Stadium (Feroz Shah Kotla), Delhi",Twenty20 international,2026-03-01,75144,DT Brevis,right,66839,B Muzarabani,right,9,Zimbabwe,right pace,1,pace,2026-03-01 12:05:51,5.768,-0.436,3,-0.243,0.675,1.0,1.0,106323351.0,224.0,100.0,177.0,6.0,4.0,4.0,True,True,True,False,,no movement,,length ball,outside off,front foot,drive,,well timed,,,,,,template_structured,4,,False,False,False,False,False,False,True,False,False,
2,3,South Africa,SA,3,8,B Muzarabani,6,0,0,65/3,6.00,7.05,7.5,1,1,Blessing Muzarabani to Dewald Brevis,,"Blessing Muzarabani to Dewald Brevis. No movement back of a length, outside off on the back foot worked to deep mid wicket for 1 run, fielded by Brian Bennett",bbcd5884-dd98-4bc2-9155-07c4160c943e,233457,"Zimbabwe v South Africa at Delhi, ICC Men's T20 World Cup, 1 Mar 2026",8899,ICC Men's T20 World Cup,2025/26,"Arun Jaitley Stadium (Feroz Shah Kotla), Delhi",Twenty20 international,2026-03-01,75144,DT Brevis,right,66839,B Muzarabani,right,9,Zimbabwe,right pace,1,pace,2026-03-01 12:06:31,8.014,-0.339,4,-0.087,0.887,2.0,1.0,106323360.0,318.0,80.0,144.0,3.0,1.0,1.0,True,True,True,False,,no movement,,back of a length,outside off,back foot,work,,,deep mid wicket,Brian Bennett,,,,template_structured,1,,False,False,False,False,False,False,False,False,False,
2,3,South Africa,SA,3,8,B Muzarabani,6,0,0,65/3,6.00,7.06,7.6,0,0,Blessing Muzarabani to David Miller,,"Blessing Muzarabani to David Miller. Away swinger length ball, leg stump on the front foot pushed to wicketkeeper for no run, fielded by Tadiwanashe Marumani",bbcd5884-dd98-4bc2-9155-07c4160c943e,233457,"Zimbabwe v South Africa at Delhi, ICC Men's T20 World Cup, 1 Mar 2026",8899,ICC Men's T20 World Cup,2025/26,"Arun Jaitley Stadium (Feroz Shah Kotla), Delhi",Twenty20 international,2026-03-01,13575,DA Miller,left,66839,B Muzarabani,right,9,Zimbabwe,right pace,1,pace,2026-03-01 12:07:22,6.933,-0.170,3,0.202,0.707,3.0,1.0,,,,,,,,True,True,False,False,,away swinger,,length ball,leg stump,front foot,push,,,wicketkeeper,Tadiwanashe Marumani,,,,template_structured,0,,False,False,False,False,False,False,False,False,True,
2,3,South Africa,SA,3,9,WP Masakadza,17,0,0,82/3,17.00,8.01,8.1,1,1,Wellington Masakadza to Dewald Brevis,,"Wellington Masakadza to Dewald Brevis. Left-arm orthodox stock back of a length, middle stump backs away driving to deep cover for 1 run, fielded by Tony Munyonga",bbcd5884-dd98-4bc2-9155-07c4160c943e,233457,"Zimbabwe v South Africa at Delhi, ICC Men's T20 World Cup, 1 Mar 2026",8899,ICC Men's T20 World Cup,2025/26,"Arun Jaitley Stadium (Feroz Shah Kotla), Delhi",Twenty20 international,2026-03-01,75144,DT Brevis,right,26418,WP Masakadza,left,9,Zimbabwe,left orthodox,5,spin,2026-03-01 12:08:41,6.139,-0.066,3,0.114,0.620,2.0,1.0,106323377.0,208.0,80.0,141.0,6.0,1.0,1.0,True,True,True,False,,,,back of a length,middle stump,backs away,drive,,,deep cover,Tony Munyonga,,,,keyword,1,,False,False,False,False,False,False,False,False,False,
2,3,South Africa,SA,3,9,WP Masakadza,17,0,0,82/3,17.00,8.02,8.2,6,6,Wellington Masakadza to David Miller,,"SIX! Wellington Masakadza to David Miller. Left-arm orthodox stock length ball, leg stump on the front foot slogged well timed for 6 runs",bbcd5884-dd98-4bc2-9155-07c4160c943e,233457,"Zimbabwe v South Africa at Delhi, ICC Men's T20 World Cup, 1 Mar 2026",8899,ICC Men's T20 World Cup,2025/26,"Arun Jaitley Stadium (Feroz Shah Kotla), Delhi",Twenty20 international,2026-03-01,13575,DA Miller,left,26418,WP Masakadza,left,9,Zimbabwe,left orthodox,5,spin,2026-03-01 12:09:20,4.781,-0.097,2,0.041,0.537,2.0,1.0,106323382.0,220.0,100.0,176.0,6.0,6.0,6.0,True,True,True,False,,left-arm orthodox,stock,length ball,leg stump,front foot,slog,,well timed,,,,,,template_structured,6,,False,False,False,False,False,False,False,True,False,
2,3,South Africa,SA,3,9,WP Masakadza,17,0,0,82/3,17.00,8.03,8.3,0,0,Wellington Masakadza to David Miller,,"Wellington Masakadza to David Miller. Quicker ball back of a length, down leg on the front foot slogged for no run",bbcd5884-dd98-4bc2-9155-07c4160c943e,233457,"Zimbabwe v South Africa at Delhi, ICC Men's T20 World Cup, 1 Mar 2026",8899,ICC Men's T20 World Cup,2025/26,"Arun Jaitley Stadium (Feroz Shah Kotla), Delhi",Twenty20 international,2026-03-01,13575,DA Miller,left,26418,WP Masakadza,left,9,Zimbabwe,left orthodox,5,spin,2026-03-01 12:09:54,4.764,-0.091,2,0.049,0.546,2.0,1.0,,,,,,,,True,True,False,False,,quicker ball,,back of a length,down leg,front foot,slog,,,,,,,,template_structured,0,,False,False,False,False,False,False,False,False,True,
2,3,South Africa,SA,3,9,WP Masakadza,17,0,0,82/3,17.00,8.04,8.4,0,0,Wellington Masakadza to David Miller,,"Wellington Masakadza to David Miller. Left-arm orthodox stock back of a length, off stump on the back foot driving to short extra cover for no run, fielded by Sikandar Raza",bbcd5884-dd98-4bc2-9155-07c4160c943e,233457,"Zimbabwe v South Africa at Delhi, ICC Men's T20 World Cup, 1 Mar 2026",8899,ICC Men's T20 World Cup,2025/26,"Arun Jaitley Stadium (Feroz Shah Kotla), Delhi",Twenty20 international,2026-03-01,13575,DA Miller,left,26418,WP Masakadza,left,9,Zimbabwe,left orthodox,5,spin,2026-03-01 12:10:20,7.244,-0.296,4,-0.213,0.607,1.0,1.0,,,,,,,,True,True,False,False,,left-arm orthodox,stock,back of a length,off stump,back foot,drive,,,short extra cover,Sikandar Raza,,,,template_structured,0,,False,False,False,False,False,False,False,False,True,
2,3,South Africa,SA,3,9,WP Masakadza,17,0,0,82/3,17.00,8.05,8.5,4,4,Wellington Masakadza to David Miller,,"FOUR! Wellington Masakadza to David Miller. Left-arm orthodox stock back of a length, down leg on the front foot slogged well timed for 4 runs",bbcd5884-dd98-4bc2-9155-07c4160c943e,233457,"Zimbabwe v South Africa at Delhi, ICC Men's T20 World Cup, 1 Mar 2026",8899,ICC Men's T20 World Cup,2025/26,"Arun Jaitley Stadium (Feroz Shah Kotla), Delhi",Twenty20 international,2026-03-01,13575,DA Miller,left,26418,WP Masakadza,left,9,Zimbabwe,left orthodox,5,spin,2026-03-01 12:10:48,5.606,-0.316,3,-0.311,0.643,1.0,1.0,106323396.0,183.0,100.0,171.0,6.0,4.0,4.0,True,True,True,False,,left-arm orthodox,stock,back of a length,down leg,front foot,slog,,well timed,,,,,,template_structured,4,,False,False,False,False,False,False,True,False,False,
2,3,South Africa,SA,3,9,WP Masakadza,17,0,0,82/3,17.00,8.06,8.6,6,6,Wellington Masakadza to David Miller,,"SIX! Wellington Masakadza to David Miller. Left-arm orthodox stock short, down leg on the back foot pulled well timed for 6 runs",bbcd5884-dd98-4bc2-9155-07c4160c943e,233457,"Zimbabwe v South Africa at Delhi, ICC Men's T20 World Cup, 1 Mar 2026",8899,ICC Men's T20 World Cup,2025/26,"Arun Jaitley Stadium (Feroz Shah Kotla), Delhi",Twenty20 international,2026-03-01,13575,DA Miller,left,26418,WP Masakadza,left,9,Zimbabwe,left orthodox,5,spin,2026-03-01 12:11:29,7.712,-0.190,4,-0.041,0.743,2.0,1.0,106323404.0,210.0,100.0,175.0,6.0,6.0,6.0,True,True,True,False,,left-arm orthodox,stock,short,down leg,back foot,pull,,well timed,,,,,,template_structured,6,,False,False,False,False,False,False,False,True,False,
2,3,South Africa,SA,3,10,B Muzarabani,11,0,1,93/4,11.00,9.01,9.1,6,6,Blessing Muzarabani to Dewald Brevis,,"SIX! Blessing Muzarabani to Dewald Brevis. No movement short, outside off on the back foot pulled well timed for 6 runs",bbcd5884-dd98-4bc2-9155-07c4160c943e,233457,"Zimbabwe v South Africa at Delhi, ICC Men's T20 World Cup, 1 Mar 2026",8899,ICC Men's T20 World Cup,2025/26,"Arun Jaitley Stadium (Feroz Shah Kotla), Delhi",Twenty20 international,2026-03-01,75144,DT Brevis,right,66839,B Muzarabani,right,9,Zimbabwe,right pace,1,pace,2026-03-01 12:12:53,11.924,-0.667,4,-0.417,1.557,1.0,3.0,106323414.0,334.0,100.0,174.0,3.0,6.0,6.0,True,True,True,False,,no movement,,short,outside off,back foot,pull,,well timed,,,,,,template_structured,6,,False,False,False,False,False,False,False,True,False,
2,3,South Africa,SA,3,10,B Muzarabani,11,0,1,93/4,11.00,9.02,9.2,1,1,Blessing Muzarabani to Dewald Brevis,,"Blessing Muzarabani to Dewald Brevis. No movement back of a length, outside off on the back foot driving well timed to deep extra cover for 1 run, fielded by Clive Madande",bbcd5884-dd98-4bc2-9155-07c4160c943e,233457,"Zimbabwe v South Africa at Delhi, ICC Men's T20 World Cup, 1 Mar 2026",8899,ICC Men's T20 World Cup,2025/26,"Arun Jaitley Stadium (Feroz Shah Kotla), Delhi",Twenty20 international,2026-03-01,75144,DT Brevis,right,66839,B Muzarabani,right,9,Zimbabwe,right pace,1,pace,2026-03-01 12:13:31,8.505,-0.546,4,-0.370,0.961,1.0,2.0,106323422.0,211.0,85.0,146.0,6.0,1.0,1.0,True,True,True,False,,no movement,,back of a length,outside off,back foot,drive,,well timed,deep extra cover,Clive Madande,,,,template_structured,1,,False,False,False,False,False,False,False,False,False,
2,3,South Africa,SA,3,10,B Muzarabani,11,0,1,93/4,11.00,9.03,9.3,0,0,Blessing Muzarabani to David Miller,,"Blessing Muzarabani to David Miller. No movement back of a length, leg stump on the back foot steered to first slip for no run, fielded by Tadiwanashe Marumani",bbcd5884-dd98-4bc2-9155-07c4160c943e,233457,"Zimbabwe v South Africa at Delhi, ICC Men's T20 World Cup, 1 Mar 2026",8899,ICC Men's T20 World Cup,2025/26,"Arun Jaitley Stadium (Feroz Shah Kotla), Delhi",Twenty20 international,2026-03-01,13575,DA Miller,left,66839,B Muzarabani,right,9,Zimbabwe,right pace,1,pace,2026-03-01 12:14:10,7.697,-0.155,4,0.153,0.795,2.0,1.0,,,,,,,,True,True,False,False,,no movement,,back of a length,leg stump,back foot,steer,,,first slip,Tadiwanashe Marumani,,,,template_structured,0,,False,False,False,False,False,False,False,False,True,
2,3,South Africa,SA,3,10,B Muzarabani,11,0,1,93/4,11.00,9.04,9.4,4,4,Blessing Muzarabani to David Miller,,"FOUR! Blessing Muzarabani to David Miller. No movement length ball, off stump on the front foot driving well timed for 4 runs",bbcd5884-dd98-4bc2-9155-07c4160c943e,233457,"Zimbabwe v South Africa at Delhi, ICC Men's T20 World Cup, 1 Mar 2026",8899,ICC Men's T20 World Cup,2025/26,"Arun Jaitley Stadium (Feroz Shah Kotla), Delhi",Twenty20 international,2026-03-01,13575,DA Miller,left,66839,B Muzarabani,right,9,Zimbabwe,right pace,1,pace,2026-03-01 12:14:44,4.959,0.069,2,0.349,0.584,3.0,1.0,106323431.0,314.0,100.0,177.0,4.0,4.0,4.0,True,True,True,False,,no movement,,length ball,off stump,front foot,drive,,well timed,,,,,,template_structured,4,,False,False,False,False,False,False,True,False,False,
2,3,South Africa,SA,3,10,B Muzarabani,11,0,1,93/4,11.00,9.05,9.5,0,0,Blessing Muzarabani to David Miller,,"Blessing Muzarabani to David Miller. Away swinger length ball, off stump on the front foot driving to wicketkeeper for no run, fielded by Tadiwanashe Marumani",bbcd5884-dd98-4bc2-9155-07c4160c943e,233457,"Zimbabwe v South Africa at Delhi, ICC Men's T20 World Cup, 1 Mar 2026",8899,ICC Men's T20 World Cup,2025/26,"Arun Jaitley Stadium (Feroz Shah Kotla), Delhi",Twenty20 international,2026-03-01,13575,DA Miller,left,66839,B Muzarabani,right,9,Zimbabwe,right pace,1,pace,2026-03-01 12:15:22,6.447,0.169,3,0.701,0.654,4.0,1.0,,,,,,,,True,True,False,False,,away swinger,,length ball,off stump,front foot,drive,,,wicketkeeper,Tadiwanashe Marumani,,,,template_structured,0,,False,False,False,False,False,False,False,False,True,
2,3,South Africa,SA,3,10,B Muzarabani,11,0,1,93/4,11.00,9.06,9.6,0,W,Blessing Muzarabani to David Miller,,"OUT! Blessing Muzarabani to David Miller. No movement short, leg stump on the back foot steered to short third man for no run, caught by Dion Myers. David Miller Caught for 22.",bbcd5884-dd98-4bc2-9155-07c4160c943e,233457,"Zimbabwe v South Africa at Delhi, ICC Men's T20 World Cup, 1 Mar 2026",8899,ICC Men's T20 World Cup,2025/26,"Arun Jaitley Stadium (Feroz Shah Kotla), Delhi",Twenty20 international,2026-03-01,13575,DA Miller,left,66839,B Muzarabani,right,9,Zimbabwe,right pace,1,pace,2026-03-01 12:16:05,9.794,-0.182,4,0.309,1.192,3.0,2.0,,,,,,,,True,True,False,True,,no movement,,short,leg stump,back foot,steer,,,short third man,Dion Myers,caught,caught by Dion Myers. David Miller,22,template_structured,0,,True,False,False,False,False,False,False,False,False,commentary
2,3,South Africa,SA,3,11,Sikandar Raza,10,0,1,103/5,10.00,10.01,10.1,6,6,Sikandar Raza to Dewald Brevis,,"SIX! Sikandar Raza to Dewald Brevis. Carrom ball length ball, middle stump on the front foot driving well timed for 6 runs",bbcd5884-dd98-4bc2-9155-07c4160c943e,233457,"Zimbabwe v South Africa at Delhi, ICC Men's T20 World Cup, 1 Mar 2026",8899,ICC Men's T20 World Cup,2025/26,"Arun Jaitley Stadium (Feroz Shah Kotla), Delhi",Twenty20 international,2026-03-01,75144,DT Brevis,right,12501,Sikandar Raza,right,9,Zimbabwe,off break,3,spin,2026-03-01 12:18:13,3.180,-0.039,2,0.048,0.494,2.0,1.0,106323461.0,264.0,100.0,180.0,5.0,6.0,6.0,True,True,True,False,,carrom ball,,length ball,middle stump,front foot,drive,,well timed,,,,,,template_structured,6,,False,False,False,False,False,False,False,True,False,
2,3,South Africa,SA,3,11,Sikandar Raza,10,0,1,103/5,10.00,10.02,10.2,1,1,Sikandar Raza to Dewald Brevis,,"Sikandar Raza to Dewald Brevis. Off break back of a length, middle stump on the back foot flick to deep square leg for 1 run, fielded by Tony Munyonga",bbcd5884-dd98-4bc2-9155-07c4160c943e,233457,"Zimbabwe v South Africa at Delhi, ICC Men's T20 World Cup, 1 Mar 2026",8899,ICC Men's T20 World Cup,2025/26,"Arun Jaitley Stadium (Feroz Shah Kotla), Delhi",Twenty20 international,2026-03-01,75144,DT Brevis,right,12501,Sikandar Raza,right,9,Zimbabwe,off break,3,spin,2026-03-01 12:18:58,6.557,-0.028,3,0.491,0.518,3.0,1.0,106323471.0,339.0,85.0,146.0,3.0,1.0,1.0,True,True,True,False,,off break,,back of a length,middle stump,back foot,flick,,,deep square leg,Tony Munyonga,,,,template_structured,1,,False,False,False,False,False,False,False,False,False,
2,3,South Africa,SA,3,11,Sikandar Raza,10,0,1,103/5,10.00,10.03,10.3,1,1,Sikandar Raza to Tristan Stubbs,,"Sikandar Raza to Tristan Stubbs. Off break back of a length, leg stump on the back foot worked to deep square leg for 1 run, fielded by Tony Munyonga",bbcd5884-dd98-4bc2-9155-07c4160c943e,233457,"Zimbabwe v South Africa at Delhi, ICC Men's T20 World Cup, 1 Mar 2026",8899,ICC Men's T20 World Cup,2025/26,"Arun Jaitley Stadium (Feroz Shah Kotla), Delhi",Twenty20 international,2026-03-01,73364,T Stubbs,right,12501,Sikandar Raza,right,9,Zimbabwe,off break,3,spin,2026-03-01 12:19:44,5.912,0.073,3,0.337,0.569,3.0,1.0,106323475.0,344.0,80.0,135.0,3.0,1.0,1.0,True,True,True,False,,off break,,back of a length,leg stump,back foot,work,,,deep square leg,Tony Munyonga,,,,template_structured,1,,False,False,False,False,False,False,False,False,False,
2,3,South Africa,SA,3,11,Sikandar Raza,10,0,1,103/5,10.00,10.04,10.4,0,W,Sikandar Raza to Dewald Brevis,,"OUT! Sikandar Raza to Dewald Brevis. Arm ball length ball, off stump on the front foot slogged to mid on for no run, caught by Ryan Burl. Dewald Brevis Caught for 42.",bbcd5884-dd98-4bc2-9155-07c4160c943e,233457,"Zimbabwe v South Africa at Delhi, ICC Men's T20 World Cup, 1 Mar 2026",8899,ICC Men's T20 World Cup,2025/26,"Arun Jaitley Stadium (Feroz Shah Kotla), Delhi",Twenty20 international,2026-03-01,75144,DT Brevis,right,12501,Sikandar Raza,right,9,Zimbabwe,off break,3,spin,2026-03-01 12:20:14,6.106,-0.101,3,-0.112,0.494,2.0,1.0,,,,,,,,True,True,False,True,,arm ball,,length ball,off stump,front foot,slog,,,mid on,Ryan Burl,caught,caught by Ryan Burl. Dewald Brevis,42,template_structured,0,,True,False,False,False,False,False,False,False,False,commentary
2,3,South Africa,SA,3,11,Sikandar Raza,10,0,1,103/5,10.00,10.05,10.5,1,1,Sikandar Raza to George Linde,,"Sikandar Raza to George Linde. Off break length ball, down leg on the front foot worked to deep backward square leg for 1 run, fielded by Wellington Masakadza",bbcd5884-dd98-4bc2-9155-07c4160c943e,233457,"Zimbabwe v South Africa at Delhi, ICC Men's T20 World Cup, 1 Mar 2026",8899,ICC Men's T20 World Cup,2025/26,"Arun Jaitley Stadium (Feroz Shah Kotla), Delhi",Twenty20 international,2026-03-01,20680,GF Linde,left,12501,Sikandar Raza,right,9,Zimbabwe,off break,3,spin,2026-03-01 12:22:17,4.121,-0.280,2,-0.513,0.695,1.0,1.0,106323490.0,170.0,70.0,121.0,7.0,1.0,1.0,True,True,True,False,,off break,,length ball,down leg,front foot,work,,,deep backward square leg,Wellington Masakadza,,,,template_structured,1,,False,False,False,False,False,False,False,False,False,
2,3,South Africa,SA,3,11,Sikandar Raza,10,0,1,103/5,10.00,10.06,10.6,1,1,Sikandar Raza to Tristan Stubbs,,"Sikandar Raza to Tristan Stubbs. Off break short, outside off on the back foot worked to long on for 1 run, fielded by Ryan Burl",bbcd5884-dd98-4bc2-9155-07c4160c943e,233457,"Zimbabwe v South Africa at Delhi, ICC Men's T20 World Cup, 1 Mar 2026",8899,ICC Men's T20 World Cup,2025/26,"Arun Jaitley Stadium (Feroz Shah Kotla), Delhi",Twenty20 international,2026-03-01,73364,T Stubbs,right,12501,Sikandar Raza,right,9,Zimbabwe,off break,3,spin,2026-03-01 12:22:50,7.242,-0.457,4,0.232,0.673,3.0,1.0,106323497.0,287.0,75.0,156.0,4.0,1.0,1.0,True,True,True,False,,off break,,short,outside off,back foot,work,,,long on,Ryan Burl,,,,template_structured,1,,False,False,False,False,False,False,False,False,False,
2,3,South Africa,SA,3,12,AG Cremer,11,0,0,114/5,11.00,11.01,11.1,1,1,Graeme Cremer to Tristan Stubbs,,"Graeme Cremer to Tristan Stubbs. Leg spinner back of a length, middle stump on the back foot pushed to deep cover for 1 run, fielded by Tony Munyonga",bbcd5884-dd98-4bc2-9155-07c4160c943e,233457,"Zimbabwe v South Africa at Delhi, ICC Men's T20 World Cup, 1 Mar 2026",8899,ICC Men's T20 World Cup,2025/26,"Arun Jaitley Stadium (Feroz Shah Kotla), Delhi",Twenty20 international,2026-03-01,73364,T Stubbs,right,11962,AG Cremer,right,9,Zimbabwe,leg break,4,spin,2026-03-01 12:24:03,6.997,-0.030,3,-0.412,0.497,1.0,1.0,106323509.0,195.0,80.0,135.0,6.0,1.0,1.0,True,True,True,False,,leg spinner,,back of a length,middle stump,back foot,push,,,deep cover,Tony Munyonga,,,,template_structured,1,,False,False,False,False,False,False,False,False,False,
2,3,South Africa,SA,3,12,AG Cremer,11,0,0,114/5,11.00,11.02,11.2,1,1,Graeme Cremer to George Linde,,"Graeme Cremer to George Linde. Leg spinner back of a length, outside off on the back foot cut to deep cover for 1 run, fielded by Brian Bennett",bbcd5884-dd98-4bc2-9155-07c4160c943e,233457,"Zimbabwe v South Africa at Delhi, ICC Men's T20 World Cup, 1 Mar 2026",8899,ICC Men's T20 World Cup,2025/26,"Arun Jaitley Stadium (Feroz Shah Kotla), Delhi",Twenty20 international,2026-03-01,20680,GF Linde,left,11962,AG Cremer,right,9,Zimbabwe,leg break,4,spin,2026-03-01 12:24:47,5.724,0.308,3,0.306,0.656,3.0,1.0,,,,,,,,True,True,False,False,,leg spinner,,back of a length,outside off,back foot,cut,,,deep cover,Brian Bennett,,,,template_structured,1,,False,False,False,False,False,False,False,False,False,
2,3,South Africa,SA,3,12,AG Cremer,11,0,0,114/5,11.00,11.03,11.3,1,1,Graeme Cremer to Tristan Stubbs,,"Graeme Cremer to Tristan Stubbs. Leg spinner short, middle stump on the back foot worked to deep mid wicket for 1 run, fielded by Clive Madande",bbcd5884-dd98-4bc2-9155-07c4160c943e,233457,"Zimbabwe v South Africa at Delhi, ICC Men's T20 World Cup, 1 Mar 2026",8899,ICC Men's T20 World Cup,2025/26,"Arun Jaitley Stadium (Feroz Shah Kotla), Delhi",Twenty20 international,2026-03-01,73364,T Stubbs,right,11962,AG Cremer,right,9,Zimbabwe,leg break,4,spin,2026-03-01 12:25:15,7.552,0.036,4,0.104,0.810,2.0,1.0,106323517.0,314.0,90.0,155.0,4.0,1.0,1.0,True,True,True,False,,leg spinner,,short,middle stump,back foot,work,,,deep mid wicket,Clive Madande,,,,template_structured,1,,False,False,False,False,False,False,False,False,False,
2,3,South Africa,SA,3,12,AG Cremer,11,0,0,114/5,11.00,11.04,11.4,6,6,Graeme Cremer to George Linde,,"SIX! Graeme Cremer to George Linde. Leg spinner full toss, off stump on the front foot slogged well timed for 6 runs",bbcd5884-dd98-4bc2-9155-07c4160c943e,233457,"Zimbabwe v South Africa at Delhi, ICC Men's T20 World Cup, 1 Mar 2026",8899,ICC Men's T20 World Cup,2025/26,"Arun Jaitley Stadium (Feroz Shah Kotla), Delhi",Twenty20 international,2026-03-01,20680,GF Linde,left,11962,AG Cremer,right,9,Zimbabwe,leg break,4,spin,2026-03-01 12:25:41,0.792,0.129,1,0.152,0.227,2.0,0.0,106323523.0,251.0,100.0,179.0,5.0,6.0,6.0,True,True,True,False,,leg spinner,,full toss,off stump,front foot,slog,,well timed,,,,,,template_structured,6,,False,False,False,False,False,False,False,True,False,
2,3,South Africa,SA,3,12,AG Cremer,11,0,0,114/5,11.00,11.05,11.5,1,1,Graeme Cremer to George Linde,,"Graeme Cremer to George Linde. Leg spinner back of a length, down leg on the back foot worked to deep square leg for 1 run, fielded by Wellington Masakadza",bbcd5884-dd98-4bc2-9155-07c4160c943e,233457,"Zimbabwe v South Africa at Delhi, ICC Men's T20 World Cup, 1 Mar 2026",8899,ICC Men's T20 World Cup,2025/26,"Arun Jaitley Stadium (Feroz Shah Kotla), Delhi",Twenty20 international,2026-03-01,20680,GF Linde,left,11962,AG Cremer,right,9,Zimbabwe,leg break,4,spin,2026-03-01 12:26:11,6.729,-0.160,3,-0.082,0.771,2.0,1.0,106323528.0,192.0,75.0,128.0,6.0,1.0,1.0,True,True,True,False,,leg spinner,,back of a length,down leg,back foot,work,,,deep square leg,Wellington Masakadza,,,,template_structured,1,,False,False,False,False,False,False,False,False,False,
2,3,South Africa,SA,3,12,AG Cremer,11,0,0,114/5,11.00,11.06,11.6,1,1,Graeme Cremer to Tristan Stubbs,,"Graeme Cremer to Tristan Stubbs. Leg spinner back of a length, off stump on the back foot cut well timed to short extra cover for 1 run, run saved by Sikandar Raza",bbcd5884-dd98-4bc2-9155-07c4160c943e,233457,"Zimbabwe v South Africa at Delhi, ICC Men's T20 World Cup, 1 Mar 2026",8899,ICC Men's T20 World Cup,2025/26,"Arun Jaitley Stadium (Feroz Shah Kotla), Delhi",Twenty20 international,2026-03-01,73364,T Stubbs,right,11962,AG Cremer,right,9,Zimbabwe,leg break,4,spin,2026-03-01 12:26:38,7.646,-0.145,4,-0.476,0.639,1.0,1.0,106323534.0,227.0,40.0,69.0,5.0,1.0,1.0,True,True,True,False,,leg spinner,,back of a length,off stump,back foot,cut,,well timed,short extra cover,,,,,template_structured,1,,False,False,False,False,False,False,False,False,False,
2,3,South Africa,SA,3,13,WP Masakadza,6,1,0,120/5,5.00,12.01,12.1,1,1,Wellington Masakadza to Tristan Stubbs,,"Wellington Masakadza to Tristan Stubbs. Left-arm orthodox stock back of a length, outside off on the back foot driving to long off for 1 run, fielded by Dion Myers",bbcd5884-dd98-4bc2-9155-07c4160c943e,233457,"Zimbabwe v South Africa at Delhi, ICC Men's T20 World Cup, 1 Mar 2026",8899,ICC Men's T20 World Cup,2025/26,"Arun Jaitley Stadium (Feroz Shah Kotla), Delhi",Twenty20 international,2026-03-01,73364,T Stubbs,right,26418,WP Masakadza,left,9,Zimbabwe,left orthodox,5,spin,2026-03-01 12:27:46,6.009,-0.392,3,-0.300,0.712,1.0,1.0,106323543.0,253.0,85.0,157.0,5.0,1.0,1.0,True,True,True,False,,left-arm orthodox,stock,back of a length,outside off,back foot,drive,,,long off,Dion Myers,,,,template_structured,1,,False,False,False,False,False,False,False,False,False,
2,3,South Africa,SA,3,13,WP Masakadza,6,1,0,120/5,5.00,12.02,12.2,0,0,Wellington Masakadza to George Linde,,"Wellington Masakadza to George Linde. Left-arm orthodox stock back of a length, down leg on the back foot glancing for no run",bbcd5884-dd98-4bc2-9155-07c4160c943e,233457,"Zimbabwe v South Africa at Delhi, ICC Men's T20 World Cup, 1 Mar 2026",8899,ICC Men's T20 World Cup,2025/26,"Arun Jaitley Stadium (Feroz Shah Kotla), Delhi",Twenty20 international,2026-03-01,20680,GF Linde,left,26418,WP Masakadza,left,9,Zimbabwe,left orthodox,5,spin,2026-03-01 12:28:22,5.568,-0.221,3,-0.095,0.642,2.0,1.0,,,,,,,,True,True,False,False,,left-arm orthodox,stock,back of a length,down leg,back foot,,,,,,,,,template_structured,0,,False,False,False,False,False,False,False,False,True,
2,3,South Africa,SA,3,13,WP Masakadza,6,1,0,120/5,5.00,12.03,12.3,1,1,Wellington Masakadza to George Linde,,"Wellington Masakadza to George Linde. Left-arm orthodox stock back of a length, leg stump on the back foot worked to long on for 1 run, fielded by Dion Myers",bbcd5884-dd98-4bc2-9155-07c4160c943e,233457,"Zimbabwe v South Africa at Delhi, ICC Men's T20 World Cup, 1 Mar 2026",8899,ICC Men's T20 World Cup,2025/26,"Arun Jaitley Stadium (Feroz Shah Kotla), Delhi",Twenty20 international,2026-03-01,20680,GF Linde,left,26418,WP Masakadza,left,9,Zimbabwe,left orthodox,5,spin,2026-03-01 12:28:39,6.112,-0.069,3,0.150,0.732,2.0,1.0,106323554.0,252.0,75.0,134.0,5.0,1.0,1.0,True,True,True,False,,left-arm orthodox,stock,back of a length,leg stump,back foot,work,,,long on,Dion Myers,,,,template_structured,1,,False,False,False,False,False,False,False,False,False,
2,3,South Africa,SA,3,13,WP Masakadza,6,1,0,120/5,5.00,12.04,12.4,1,1,Wellington Masakadza to Tristan Stubbs,,"Wellington Masakadza to Tristan Stubbs. Left-arm orthodox stock length ball, leg stump on the front foot driving to long off for 1 run, fielded by Dion Myers",bbcd5884-dd98-4bc2-9155-07c4160c943e,233457,"Zimbabwe v South Africa at Delhi, ICC Men's T20 World Cup, 1 Mar 2026",8899,ICC Men's T20 World Cup,2025/26,"Arun Jaitley Stadium (Feroz Shah Kotla), Delhi",Twenty20 international,2026-03-01,73364,T Stubbs,right,26418,WP Masakadza,left,9,Zimbabwe,left orthodox,5,spin,2026-03-01 12:29:04,4.073,0.069,2,0.215,0.604,3.0,1.0,106323558.0,255.0,85.0,152.0,5.0,1.0,1.0,True,True,True,False,,left-arm orthodox,stock,length ball,leg stump,front foot,drive,,,long off,Dion Myers,,,,template_structured,1,,False,False,False,False,False,False,False,False,False,
2,3,South Africa,SA,3,13,WP Masakadza,6,1,0,120/5,5.00,12.05,12.4,1,1ʷᵈ,Wellington Masakadza to George Linde,,"Wide. Wellington Masakadza to George Linde. Quicker ball back of a length, down leg on the back foot flick to wicketkeeper for 1 wides, fielded by Tadiwanashe Marumani",bbcd5884-dd98-4bc2-9155-07c4160c943e,233457,"Zimbabwe v South Africa at Delhi, ICC Men's T20 World Cup, 1 Mar 2026",8899,ICC Men's T20 World Cup,2025/26,"Arun Jaitley Stadium (Feroz Shah Kotla), Delhi",Twenty20 international,2026-03-01,20680,GF Linde,left,26418,WP Masakadza,left,9,Zimbabwe,left orthodox,5,spin,2026-03-01 12:29:41,6.667,-0.427,3,,,,,,,,,,,,True,False,False,False,,quicker ball,,back of a length,down leg,back foot,flick,,,wicketkeeper,Tadiwanashe Marumani,,,,template_structured,1,wide,False,True,False,False,False,False,False,False,False,
2,3,South Africa,SA,3,13,WP Masakadza,6,1,0,120/5,5.00,12.06,12.5,2,2,Wellington Masakadza to George Linde,,"Wellington Masakadza to George Linde. Left-arm orthodox stock back of a length, leg stump on the front foot slogged to deep mid wicket for 2 runs, run saved by Dion Myers",bbcd5884-dd98-4bc2-9155-07c4160c943e,233457,"Zimbabwe v South Africa at Delhi, ICC Men's T20 World Cup, 1 Mar 2026",8899,ICC Men's T20 World Cup,2025/26,"Arun Jaitley Stadium (Feroz Shah Kotla), Delhi",Twenty20 international,2026-03-01,20680,GF Linde,left,26418,WP Masakadza,left,9,Zimbabwe,left orthodox,5,spin,2026-03-01 12:29:54,5.068,-0.162,3,-0.018,0.495,2.0,1.0,106323568.0,229.0,85.0,145.0,5.0,2.0,2.0,True,True,True,False,,left-arm orthodox,stock,back of a length,leg stump,front foot,slog,,,deep mid wicket,,,,,template_structured,2,,False,False,False,False,False,False,False,False,False,
2,3,South Africa,SA,3,13,WP Masakadza,6,1,0,120/5,5.00,12.07,12.6,0,0,Wellington Masakadza to George Linde,,"Wellington Masakadza to George Linde. Left-arm orthodox stock back of a length, middle stump on the back foot driving to short extra cover for no run, fielded by Brad Evans",bbcd5884-dd98-4bc2-9155-07c4160c943e,233457,"Zimbabwe v South Africa at Delhi, ICC Men's T20 World Cup, 1 Mar 2026",8899,ICC Men's T20 World Cup,2025/26,"Arun Jaitley Stadium (Feroz Shah Kotla), Delhi",Twenty20 international,2026-03-01,20680,GF Linde,left,26418,WP Masakadza,left,9,Zimbabwe,left orthodox,5,spin,2026-03-01 12:30:24,6.678,-0.058,3,0.269,0.764,3.0,1.0,,,,,,,,True,True,False,False,,left-arm orthodox,stock,back of a length,middle stump,back foot,drive,,,short extra cover,Brad Evans,,,,template_structured,0,,False,False,False,False,False,False,False,False,True,
2,3,South Africa,SA,3,14,BN Evans,6,0,0,126/5,6.00,13.01,13.1,0,0,Brad Evans to Tristan Stubbs,,"Brad Evans to Tristan Stubbs. No movement length ball, off stump on the back foot playing a backward defensive shot to silly mid off for no run, fielded by Wellington Masakadza",bbcd5884-dd98-4bc2-9155-07c4160c943e,233457,"Zimbabwe v South Africa at Delhi, ICC Men's T20 World Cup, 1 Mar 2026",8899,ICC Men's T20 World Cup,2025/26,"Arun Jaitley Stadium (Feroz Shah Kotla), Delhi",Twenty20 international,2026-03-01,73364,T Stubbs,right,67949,BN Evans,right,9,Zimbabwe,right pace,2,pace,2026-03-01 12:31:46,7.385,-0.164,4,-0.127,0.741,2.0,1.0,,,,,,,,True,True,False,False,,no movement,,length ball,off stump,back foot,backward defensive,,,silly mid off,Wellington Masakadza,,,,template_structured,0,,False,False,False,False,False,False,False,False,True,
2,3,South Africa,SA,3,14,BN Evans,6,0,0,126/5,6.00,13.02,13.2,1,1,Brad Evans to Tristan Stubbs,,"Brad Evans to Tristan Stubbs. No movement length ball, outside off on the front foot driving to mid off for 1 run, fielded by Sikandar Raza",bbcd5884-dd98-4bc2-9155-07c4160c943e,233457,"Zimbabwe v South Africa at Delhi, ICC Men's T20 World Cup, 1 Mar 2026",8899,ICC Men's T20 World Cup,2025/26,"Arun Jaitley Stadium (Feroz Shah Kotla), Delhi",Twenty20 international,2026-03-01,73364,T Stubbs,right,67949,BN Evans,right,9,Zimbabwe,right pace,2,pace,2026-03-01 12:32:14,6.809,-0.291,3,-0.159,0.597,2.0,1.0,106323591.0,258.0,45.0,85.0,5.0,1.0,1.0,True,True,True,False,,no movement,,length ball,outside off,front foot,drive,,,mid off,Sikandar Raza,,,,template_structured,1,,False,False,False,False,False,False,False,False,False,
2,3,South Africa,SA,3,14,BN Evans,6,0,0,126/5,6.00,13.03,13.3,0,0,Brad Evans to George Linde,,"Brad Evans to George Linde. No movement short, wide outside off on the back foot late cutted to wicketkeeper for no run, caught by Tadiwanashe Marumani",bbcd5884-dd98-4bc2-9155-07c4160c943e,233457,"Zimbabwe v South Africa at Delhi, ICC Men's T20 World Cup, 1 Mar 2026",8899,ICC Men's T20 World Cup,2025/26,"Arun Jaitley Stadium (Feroz Shah Kotla), Delhi",Twenty20 international,2026-03-01,20680,GF Linde,left,67949,BN Evans,right,9,Zimbabwe,right pace,2,pace,2026-03-01 12:33:02,12.206,0.860,4,0.188,1.628,2.0,3.0,,,,,,,,True,True,False,False,,no movement,,short,wide outside off,back foot,late cut,,,wicketkeeper,Tadiwanashe Marumani,,,,template_structured,0,,False,False,False,False,False,False,False,False,True,
2,3,South Africa,SA,3,14,BN Evans,6,0,0,126/5,6.00,13.04,13.4,1,1,Brad Evans to George Linde,,"Brad Evans to George Linde. No movement back of a length, wide outside off on the back foot cut to backward point for 1 run, run saved by Clive Madande",bbcd5884-dd98-4bc2-9155-07c4160c943e,233457,"Zimbabwe v South Africa at Delhi, ICC Men's T20 World Cup, 1 Mar 2026",8899,ICC Men's T20 World Cup,2025/26,"Arun Jaitley Stadium (Feroz Shah Kotla), Delhi",Twenty20 international,2026-03-01,20680,GF Linde,left,67949,BN Evans,right,9,Zimbabwe,right pace,2,pace,2026-03-01 12:35:10,8.050,0.642,4,0.402,0.867,3.0,1.0,106323621.0,19.0,35.0,61.0,2.0,1.0,1.0,True,True,True,False,,no movement,,back of a length,wide outside off,back foot,cut,,,backward point,,,,,template_structured,1,,False,False,False,False,False,False,False,False,False,
2,3,South Africa,SA,3,14,BN Evans,6,0,0,126/5,6.00,13.05,13.5,2,2,Brad Evans to Tristan Stubbs,,"Brad Evans to Tristan Stubbs. No movement short, outside off on the back foot pulled to deep mid wicket for 2 runs, fielded by Brian Bennett",bbcd5884-dd98-4bc2-9155-07c4160c943e,233457,"Zimbabwe v South Africa at Delhi, ICC Men's T20 World Cup, 1 Mar 2026",8899,ICC Men's T20 World Cup,2025/26,"Arun Jaitley Stadium (Feroz Shah Kotla), Delhi",Twenty20 international,2026-03-01,73364,T Stubbs,right,67949,BN Evans,right,9,Zimbabwe,right pace,2,pace,2026-03-01 12:35:55,11.939,-0.268,4,-0.156,1.443,2.0,3.0,106323628.0,326.0,75.0,130.0,3.0,2.0,2.0,True,True,True,False,,no movement,,short,outside off,back foot,pull,,,deep mid wicket,Brian Bennett,,,,template_structured,2,,False,False,False,False,False,False,False,False,False,
2,3,South Africa,SA,3,14,BN Evans,6,0,0,126/5,6.00,13.06,13.6,2,2,Brad Evans to Tristan Stubbs,,"Brad Evans to Tristan Stubbs. No movement back of a length, off stump on the back foot worked to deep mid wicket for 2 runs, run out attempt: missed stumps by Ryan Burl",bbcd5884-dd98-4bc2-9155-07c4160c943e,233457,"Zimbabwe v South Africa at Delhi, ICC Men's T20 World Cup, 1 Mar 2026",8899,ICC Men's T20 World Cup,2025/26,"Arun Jaitley Stadium (Feroz Shah Kotla), Delhi",Twenty20 international,2026-03-01,73364,T Stubbs,right,67949,BN Evans,right,9,Zimbabwe,right pace,2,pace,2026-03-01 12:36:38,8.226,-0.137,4,0.143,0.803,2.0,1.0,106323634.0,311.0,60.0,104.0,4.0,2.0,2.0,True,True,True,False,,no movement,,back of a length,off stump,back foot,work,,,deep mid wicket,,,,,template_structured,2,,False,False,False,False,False,False,False,False,False,
2,3,South Africa,SA,3,15,RP Burl,3,0,0,129/5,3.00,14.01,14.1,1,1,Ryan Burl to George Linde,,"Ryan Burl to George Linde. Googly length ball, leg stump on the back foot worked for 1 run",bbcd5884-dd98-4bc2-9155-07c4160c943e,233457,"Zimbabwe v South Africa at Delhi, ICC Men's T20 World Cup, 1 Mar 2026",8899,ICC Men's T20 World Cup,2025/26,"Arun Jaitley Stadium (Feroz Shah Kotla), Delhi",Twenty20 international,2026-03-01,20680,GF Linde,left,12504,RP Burl,right,9,Zimbabwe,leg break,4,spin,2026-03-01 12:40:19,4.368,-0.180,2,0.085,0.606,2.0,1.0,106323669.0,202.0,80.0,140.0,6.0,1.0,1.0,True,True,True,False,,googly,,length ball,leg stump,back foot,work,,,,,,,,template_structured,1,,False,False,False,False,False,False,False,False,False,
2,3,South Africa,SA,3,15,RP Burl,3,0,0,129/5,3.00,14.02,14.2,0,0,Ryan Burl to Tristan Stubbs,,"Ryan Burl to Tristan Stubbs. Googly back of a length, outside off on the back foot pushed to cover for no run, fielded by Wellington Masakadza",bbcd5884-dd98-4bc2-9155-07c4160c943e,233457,"Zimbabwe v South Africa at Delhi, ICC Men's T20 World Cup, 1 Mar 2026",8899,ICC Men's T20 World Cup,2025/26,"Arun Jaitley Stadium (Feroz Shah Kotla), Delhi",Twenty20 international,2026-03-01,73364,T Stubbs,right,12504,RP Burl,right,9,Zimbabwe,leg break,4,spin,2026-03-01 12:40:52,4.927,-0.444,2,-0.055,0.545,2.0,1.0,,,,,,,,True,True,False,False,,googly,,back of a length,outside off,back foot,push,,,cover,Wellington Masakadza,,,,template_structured,0,,False,False,False,False,False,False,False,False,True,
2,3,South Africa,SA,3,15,RP Burl,3,0,0,129/5,3.00,14.03,14.3,0,0,Ryan Burl to Tristan Stubbs,,"Ryan Burl to Tristan Stubbs. Leg spinner length ball, off stump on the front foot pushed to wicketkeeper for no run, fielded by Tadiwanashe Marumani",bbcd5884-dd98-4bc2-9155-07c4160c943e,233457,"Zimbabwe v South Africa at Delhi, ICC Men's T20 World Cup, 1 Mar 2026",8899,ICC Men's T20 World Cup,2025/26,"Arun Jaitley Stadium (Feroz Shah Kotla), Delhi",Twenty20 international,2026-03-01,73364,T Stubbs,right,12504,RP Burl,right,9,Zimbabwe,leg break,4,spin,2026-03-01 12:41:11,4.989,-0.133,2,-0.167,0.599,2.0,1.0,,,,,,,,True,True,False,False,,leg spinner,,length ball,off stump,front foot,push,,,wicketkeeper,Tadiwanashe Marumani,,,,template_structured,0,,False,False,False,False,False,False,False,False,True,
2,3,South Africa,SA,3,15,RP Burl,3,0,0,129/5,3.00,14.04,14.4,0,0,Ryan Burl to Tristan Stubbs,,"Ryan Burl to Tristan Stubbs. Googly back of a length, off stump on the back foot driving to extra cover for no run, fielded by Wellington Masakadza",bbcd5884-dd98-4bc2-9155-07c4160c943e,233457,"Zimbabwe v South Africa at Delhi, ICC Men's T20 World Cup, 1 Mar 2026",8899,ICC Men's T20 World Cup,2025/26,"Arun Jaitley Stadium (Feroz Shah Kotla), Delhi",Twenty20 international,2026-03-01,73364,T Stubbs,right,12504,RP Burl,right,9,Zimbabwe,leg break,4,spin,2026-03-01 12:41:40,5.936,-0.152,3,0.042,0.579,2.0,1.0,,,,,,,,True,True,False,False,,googly,,back of a length,off stump,back foot,drive,,,extra cover,Wellington Masakadza,,,,template_structured,0,,False,False,False,False,False,False,False,False,True,
2,3,South Africa,SA,3,15,RP Burl,3,0,0,129/5,3.00,14.05,14.5,1,1,Ryan Burl to Tristan Stubbs,,"Ryan Burl to Tristan Stubbs. Quicker ball back of a length, outside off on the back foot worked to long on for 1 run, fielded by Sikandar Raza",bbcd5884-dd98-4bc2-9155-07c4160c943e,233457,"Zimbabwe v South Africa at Delhi, ICC Men's T20 World Cup, 1 Mar 2026",8899,ICC Men's T20 World Cup,2025/26,"Arun Jaitley Stadium (Feroz Shah Kotla), Delhi",Twenty20 international,2026-03-01,73364,T Stubbs,right,12504,RP Burl,right,9,Zimbabwe,leg break,4,spin,2026-03-01 12:41:56,7.725,-0.262,4,0.087,0.678,2.0,1.0,106323687.0,296.0,80.0,136.0,4.0,1.0,1.0,True,True,True,False,,quicker ball,,back of a length,outside off,back foot,work,,,long on,Sikandar Raza,,,,template_structured,1,,False,False,False,False,False,False,False,False,False,
2,3,South Africa,SA,3,15,RP Burl,3,0,0,129/5,3.00,14.06,14.6,1,1,Ryan Burl to George Linde,,"Ryan Burl to George Linde. Googly back of a length, down leg on the back foot worked to deep mid wicket for 1 run, fielded by Clive Madande",bbcd5884-dd98-4bc2-9155-07c4160c943e,233457,"Zimbabwe v South Africa at Delhi, ICC Men's T20 World Cup, 1 Mar 2026",8899,ICC Men's T20 World Cup,2025/26,"Arun Jaitley Stadium (Feroz Shah Kotla), Delhi",Twenty20 international,2026-03-01,20680,GF Linde,left,12504,RP Burl,right,9,Zimbabwe,leg break,4,spin,2026-03-01 12:42:22,6.622,-0.314,3,0.150,0.820,2.0,1.0,106323691.0,211.0,70.0,126.0,6.0,1.0,1.0,True,True,True,False,,googly,,back of a length,down leg,back foot,work,,,deep mid wicket,Clive Madande,,,,template_structured,1,,False,False,False,False,False,False,False,False,False,
2,3,South Africa,SA,3,16,BJ Bennett,9,0,0,138/5,9.00,15.01,15.1,1,1,Brian Bennett to George Linde,,"Brian Bennett to George Linde. Off break back of a length, off stump on the back foot pushed to deep cover for 1 run, fielded by Dion Myers",bbcd5884-dd98-4bc2-9155-07c4160c943e,233457,"Zimbabwe v South Africa at Delhi, ICC Men's T20 World Cup, 1 Mar 2026",8899,ICC Men's T20 World Cup,2025/26,"Arun Jaitley Stadium (Feroz Shah Kotla), Delhi",Twenty20 international,2026-03-01,20680,GF Linde,left,76252,BJ Bennett,right,9,Zimbabwe,off break,3,spin,2026-03-01 12:43:30,5.790,0.179,3,0.001,0.528,2.0,1.0,106323702.0,343.0,70.0,122.0,3.0,1.0,1.0,True,True,True,False,,off break,,back of a length,off stump,back foot,push,,,deep cover,Dion Myers,,,,template_structured,1,,False,False,False,False,False,False,False,False,False,
2,3,South Africa,SA,3,16,BJ Bennett,9,0,0,138/5,9.00,15.02,15.2,1,1,Brian Bennett to Tristan Stubbs,,"Brian Bennett to Tristan Stubbs. Off break back of a length, outside off on the back foot pulled to deep mid wicket for 1 run, fielded by Dion Myers",bbcd5884-dd98-4bc2-9155-07c4160c943e,233457,"Zimbabwe v South Africa at Delhi, ICC Men's T20 World Cup, 1 Mar 2026",8899,ICC Men's T20 World Cup,2025/26,"Arun Jaitley Stadium (Feroz Shah Kotla), Delhi",Twenty20 international,2026-03-01,73364,T Stubbs,right,76252,BJ Bennett,right,9,Zimbabwe,off break,3,spin,2026-03-01 12:44:02,6.575,-0.421,3,-0.144,0.593,2.0,1.0,106323704.0,326.0,85.0,145.0,3.0,1.0,1.0,True,True,True,False,,off break,,back of a length,outside off,back foot,pull,,,deep mid wicket,Dion Myers,,,,template_structured,1,,False,False,False,False,False,False,False,False,False,
2,3,South Africa,SA,3,16,BJ Bennett,9,0,0,138/5,9.00,15.03,15.3,4,4,Brian Bennett to George Linde,,"FOUR! Brian Bennett to George Linde. Arm ball back of a length, middle stump on the back foot pulled for 4 runs",bbcd5884-dd98-4bc2-9155-07c4160c943e,233457,"Zimbabwe v South Africa at Delhi, ICC Men's T20 World Cup, 1 Mar 2026",8899,ICC Men's T20 World Cup,2025/26,"Arun Jaitley Stadium (Feroz Shah Kotla), Delhi",Twenty20 international,2026-03-01,20680,GF Linde,left,76252,BJ Bennett,right,9,Zimbabwe,off break,3,spin,2026-03-01 12:44:28,7.749,-0.028,4,-0.430,0.718,1.0,1.0,106323710.0,120.0,100.0,161.0,8.0,4.0,4.0,True,True,True,False,,arm ball,,back of a length,middle stump,back foot,pull,,,,,,,,template_structured,4,,False,False,False,False,False,False,True,False,False,
2,3,South Africa,SA,3,16,BJ Bennett,9,0,0,138/5,9.00,15.04,15.4,1,1,Brian Bennett to George Linde,,"Brian Bennett to George Linde. Off break back of a length, off stump on the back foot pulled to deep square leg for 1 run, fielded by Tony Munyonga",bbcd5884-dd98-4bc2-9155-07c4160c943e,233457,"Zimbabwe v South Africa at Delhi, ICC Men's T20 World Cup, 1 Mar 2026",8899,ICC Men's T20 World Cup,2025/26,"Arun Jaitley Stadium (Feroz Shah Kotla), Delhi",Twenty20 international,2026-03-01,20680,GF Linde,left,76252,BJ Bennett,right,9,Zimbabwe,off break,3,spin,2026-03-01 12:45:01,6.808,0.021,3,-0.247,0.712,1.0,1.0,106323719.0,197.0,90.0,149.0,6.0,1.0,1.0,True,True,True,False,,off break,,back of a length,off stump,back foot,pull,,,deep square leg,Tony Munyonga,,,,template_structured,1,,False,False,False,False,False,False,False,False,False,
2,3,South Africa,SA,3,16,BJ Bennett,9,0,0,138/5,9.00,15.05,15.5,1,1,Brian Bennett to Tristan Stubbs,,"Brian Bennett to Tristan Stubbs. Off break length ball, outside off on the front foot worked to long on for 1 run, fielded by Ryan Burl",bbcd5884-dd98-4bc2-9155-07c4160c943e,233457,"Zimbabwe v South Africa at Delhi, ICC Men's T20 World Cup, 1 Mar 2026",8899,ICC Men's T20 World Cup,2025/26,"Arun Jaitley Stadium (Feroz Shah Kotla), Delhi",Twenty20 international,2026-03-01,73364,T Stubbs,right,76252,BJ Bennett,right,9,Zimbabwe,off break,3,spin,2026-03-01 12:45:31,4.223,-0.221,2,-0.009,0.654,2.0,1.0,106323724.0,288.0,70.0,130.0,4.0,1.0,1.0,True,True,True,False,,off break,,length ball,outside off,front foot,work,,,long on,Ryan Burl,,,,template_structured,1,,False,False,False,False,False,False,False,False,False,
2,3,South Africa,SA,3,16,BJ Bennett,9,0,0,138/5,9.00,15.06,15.6,1,1,Brian Bennett to George Linde,,"Brian Bennett to George Linde. Off break back of a length, outside off on the back foot pulled well timed to long on for 1 run, misfielded by Brad Evans",bbcd5884-dd98-4bc2-9155-07c4160c943e,233457,"Zimbabwe v South Africa at Delhi, ICC Men's T20 World Cup, 1 Mar 2026",8899,ICC Men's T20 World Cup,2025/26,"Arun Jaitley Stadium (Feroz Shah Kotla), Delhi",Twenty20 international,2026-03-01,20680,GF Linde,left,76252,BJ Bennett,right,9,Zimbabwe,off break,3,spin,2026-03-01 12:45:57,7.534,0.323,4,0.120,0.729,2.0,1.0,106323730.0,246.0,95.0,162.0,5.0,1.0,1.0,True,True,True,False,,off break,,back of a length,outside off,back foot,pull,,well timed,long on,,,,,template_structured,1,,False,False,False,False,False,False,False,False,False,
2,3,South Africa,SA,3,17,RP Burl,9,1,0,147/5,8.00,16.01,16.1,4,4,Ryan Burl to George Linde,,"FOUR! Ryan Burl to George Linde. Googly length ball, wide down leg on the front foot sweep well timed for 4 runs",bbcd5884-dd98-4bc2-9155-07c4160c943e,233457,"Zimbabwe v South Africa at Delhi, ICC Men's T20 World Cup, 1 Mar 2026",8899,ICC Men's T20 World Cup,2025/26,"Arun Jaitley Stadium (Feroz Shah Kotla), Delhi",Twenty20 international,2026-03-01,20680,GF Linde,left,12504,RP Burl,right,9,Zimbabwe,leg break,4,spin,2026-03-01 12:47:02,3.957,-0.537,2,-0.316,0.690,1.0,1.0,106323743.0,128.0,100.0,162.0,8.0,4.0,4.0,True,True,True,False,,googly,,length ball,down leg,front foot,sweep,,well timed,,,,,,template_structured,4,,False,False,False,False,False,False,True,False,False,
2,3,South Africa,SA,3,17,RP Burl,9,1,0,147/5,8.00,16.02,16.2,1,1,Ryan Burl to George Linde,,"Ryan Burl to George Linde. Googly full toss, down leg on the front foot flick to deep square leg for 1 run, fielded by Dion Myers",bbcd5884-dd98-4bc2-9155-07c4160c943e,233457,"Zimbabwe v South Africa at Delhi, ICC Men's T20 World Cup, 1 Mar 2026",8899,ICC Men's T20 World Cup,2025/26,"Arun Jaitley Stadium (Feroz Shah Kotla), Delhi",Twenty20 international,2026-03-01,20680,GF Linde,left,12504,RP Burl,right,9,Zimbabwe,leg break,4,spin,2026-03-01 12:47:32,1.335,-0.399,1,-0.355,0.305,1.0,0.0,106323748.0,210.0,80.0,139.0,6.0,1.0,1.0,True,True,True,False,,googly,,full toss,down leg,front foot,flick,,,deep square leg,Dion Myers,,,,template_structured,1,,False,False,False,False,False,False,False,False,False,
2,3,South Africa,SA,3,17,RP Burl,9,1,0,147/5,8.00,16.03,16.3,1,1,Ryan Burl to Tristan Stubbs,,"Ryan Burl to Tristan Stubbs. Leg spinner back of a length, down leg on the back foot worked to deep mid wicket for 1 run, fielded by Tony Munyonga",bbcd5884-dd98-4bc2-9155-07c4160c943e,233457,"Zimbabwe v South Africa at Delhi, ICC Men's T20 World Cup, 1 Mar 2026",8899,ICC Men's T20 World Cup,2025/26,"Arun Jaitley Stadium (Feroz Shah Kotla), Delhi",Twenty20 international,2026-03-01,73364,T Stubbs,right,12504,RP Burl,right,9,Zimbabwe,leg break,4,spin,2026-03-01 12:47:57,6.434,0.134,3,0.429,0.849,3.0,1.0,106323753.0,329.0,80.0,143.0,3.0,1.0,1.0,True,True,True,False,,leg spinner,,back of a length,down leg,back foot,work,,,deep mid wicket,Tony Munyonga,,,,template_structured,1,,False,False,False,False,False,False,False,False,False,
2,3,South Africa,SA,3,17,RP Burl,9,1,0,147/5,8.00,16.04,16.4,1,1,Ryan Burl to George Linde,,"Ryan Burl to George Linde. Leg spinner full, outside off on the front foot driving to deep extra cover for 1 run, fielded by Wellington Masakadza",bbcd5884-dd98-4bc2-9155-07c4160c943e,233457,"Zimbabwe v South Africa at Delhi, ICC Men's T20 World Cup, 1 Mar 2026",8899,ICC Men's T20 World Cup,2025/26,"Arun Jaitley Stadium (Feroz Shah Kotla), Delhi",Twenty20 international,2026-03-01,20680,GF Linde,left,12504,RP Burl,right,9,Zimbabwe,leg break,4,spin,2026-03-01 12:48:38,3.945,0.062,2,0.348,0.363,3.0,0.0,106323759.0,305.0,85.0,151.0,4.0,1.0,1.0,True,True,True,False,,leg spinner,,full,outside off,front foot,drive,,,deep extra cover,Wellington Masakadza,,,,template_structured,1,,False,False,False,False,False,False,False,False,False,
2,3,South Africa,SA,3,17,RP Burl,9,1,0,147/5,8.00,16.05,16.4,1,1ʷᵈ,Ryan Burl to Tristan Stubbs,,"Wide. Ryan Burl to Tristan Stubbs. Googly length ball, wide outside off on the no movement leaving left alone through to wicketkeeper for 1 wides, fielded by Tadiwanashe Marumani",bbcd5884-dd98-4bc2-9155-07c4160c943e,233457,"Zimbabwe v South Africa at Delhi, ICC Men's T20 World Cup, 1 Mar 2026",8899,ICC Men's T20 World Cup,2025/26,"Arun Jaitley Stadium (Feroz Shah Kotla), Delhi",Twenty20 international,2026-03-01,73364,T Stubbs,right,12504,RP Burl,right,9,Zimbabwe,leg break,4,spin,2026-03-01 12:49:05,3.961,-0.963,2,,,,,,,,,,,,True,False,False,False,,googly,,length ball,wide outside off,no movement,leave,,,wicketkeeper,Tadiwanashe Marumani,,,,template_structured,1,wide,False,True,False,False,False,False,False,False,False,
2,3,South Africa,SA,3,17,RP Burl,9,1,0,147/5,8.00,16.06,16.5,0,0,Ryan Burl to Tristan Stubbs,,"Ryan Burl to Tristan Stubbs. Quicker ball length ball, outside off on the front foot pushed to backward point for no run, fielded by Brian Bennett",bbcd5884-dd98-4bc2-9155-07c4160c943e,233457,"Zimbabwe v South Africa at Delhi, ICC Men's T20 World Cup, 1 Mar 2026",8899,ICC Men's T20 World Cup,2025/26,"Arun Jaitley Stadium (Feroz Shah Kotla), Delhi",Twenty20 international,2026-03-01,73364,T Stubbs,right,12504,RP Burl,right,9,Zimbabwe,leg break,4,spin,2026-03-01 12:49:29,5.472,-0.449,3,-0.350,0.394,1.0,0.0,,,,,,,,True,True,False,False,,quicker ball,,length ball,outside off,front foot,push,,,backward point,Brian Bennett,,,,template_structured,0,,False,False,False,False,False,False,False,False,True,
2,3,South Africa,SA,3,17,RP Burl,9,1,0,147/5,8.00,16.07,16.6,1,1,Ryan Burl to Tristan Stubbs,,"Ryan Burl to Tristan Stubbs. Leg spinner length ball, outside off on the back foot cut to deep cover for 1 run, fielded by Dion Myers",bbcd5884-dd98-4bc2-9155-07c4160c943e,233457,"Zimbabwe v South Africa at Delhi, ICC Men's T20 World Cup, 1 Mar 2026",8899,ICC Men's T20 World Cup,2025/26,"Arun Jaitley Stadium (Feroz Shah Kotla), Delhi",Twenty20 international,2026-03-01,73364,T Stubbs,right,12504,RP Burl,right,9,Zimbabwe,leg break,4,spin,2026-03-01 12:49:51,4.369,-0.543,2,-0.608,0.520,0.0,1.0,106323774.0,189.0,85.0,144.0,6.0,1.0,1.0,True,True,True,False,,leg spinner,,length ball,outside off,back foot,cut,,,deep cover,Dion Myers,,,,template_structured,1,,False,False,False,False,False,False,False,False,False,
2,3,South Africa,SA,3,18,B Muzarabani,7,1,0,154/5,6.00,17.01,17.1,1,1,Blessing Muzarabani to Tristan Stubbs,,"Blessing Muzarabani to Tristan Stubbs. No movement back of a length, outside off on the back foot pushed to deep cover for 1 run, fielded by Tony Munyonga",bbcd5884-dd98-4bc2-9155-07c4160c943e,233457,"Zimbabwe v South Africa at Delhi, ICC Men's T20 World Cup, 1 Mar 2026",8899,ICC Men's T20 World Cup,2025/26,"Arun Jaitley Stadium (Feroz Shah Kotla), Delhi",Twenty20 international,2026-03-01,73364,T Stubbs,right,66839,B Muzarabani,right,9,Zimbabwe,right pace,1,pace,2026-03-01 12:50:54,7.614,-0.531,4,-0.364,0.848,1.0,1.0,106323786.0,197.0,85.0,146.0,6.0,1.0,1.0,True,True,True,False,,no movement,,back of a length,outside off,back foot,push,,,deep cover,Tony Munyonga,,,,template_structured,1,,False,False,False,False,False,False,False,False,False,
2,3,South Africa,SA,3,18,B Muzarabani,7,1,0,154/5,6.00,17.02,17.2,1,1,Blessing Muzarabani to George Linde,,"Blessing Muzarabani to George Linde. No movement back of a length, outside off on the back foot driving to backward point for 1 run, fielded by Wellington Masakadza",bbcd5884-dd98-4bc2-9155-07c4160c943e,233457,"Zimbabwe v South Africa at Delhi, ICC Men's T20 World Cup, 1 Mar 2026",8899,ICC Men's T20 World Cup,2025/26,"Arun Jaitley Stadium (Feroz Shah Kotla), Delhi",Twenty20 international,2026-03-01,20680,GF Linde,left,66839,B Muzarabani,right,9,Zimbabwe,right pace,1,pace,2026-03-01 12:51:41,9.672,0.399,4,0.139,1.117,2.0,2.0,106323793.0,3.0,35.0,57.0,2.0,1.0,1.0,True,True,True,False,,no movement,,back of a length,outside off,back foot,drive,,,backward point,Wellington Masakadza,,,,template_structured,1,,False,False,False,False,False,False,False,False,False,
2,3,South Africa,SA,3,18,B Muzarabani,7,1,0,154/5,6.00,17.03,17.3,1,1,Blessing Muzarabani to Tristan Stubbs,,"Blessing Muzarabani to Tristan Stubbs. Off cutter short, wide outside off on the back foot cut to deep cover for 1 run, fielded by Tony Munyonga",bbcd5884-dd98-4bc2-9155-07c4160c943e,233457,"Zimbabwe v South Africa at Delhi, ICC Men's T20 World Cup, 1 Mar 2026",8899,ICC Men's T20 World Cup,2025/26,"Arun Jaitley Stadium (Feroz Shah Kotla), Delhi",Twenty20 international,2026-03-01,73364,T Stubbs,right,66839,B Muzarabani,right,9,Zimbabwe,right pace,1,pace,2026-03-01 12:52:26,12.375,-1.012,4,-1.052,1.458,,3.0,106323801.0,193.0,80.0,140.0,6.0,1.0,1.0,True,True,True,False,,off cutter,,short,wide outside off,back foot,cut,,,deep cover,Tony Munyonga,,,,template_structured,1,,False,False,False,False,False,False,False,False,False,
2,3,South Africa,SA,3,18,B Muzarabani,7,1,0,154/5,6.00,17.04,17.4,1,1,Blessing Muzarabani to George Linde,,"Blessing Muzarabani to George Linde. No movement length ball, outside off on the front foot slogged to backward square leg for 1 run, fielded by Brad Evans",bbcd5884-dd98-4bc2-9155-07c4160c943e,233457,"Zimbabwe v South Africa at Delhi, ICC Men's T20 World Cup, 1 Mar 2026",8899,ICC Men's T20 World Cup,2025/26,"Arun Jaitley Stadium (Feroz Shah Kotla), Delhi",Twenty20 international,2026-03-01,20680,GF Linde,left,66839,B Muzarabani,right,9,Zimbabwe,right pace,1,pace,2026-03-01 12:53:22,6.704,0.503,3,0.345,0.680,3.0,1.0,106323810.0,178.0,35.0,63.0,7.0,1.0,1.0,True,True,True,False,,no movement,,length ball,outside off,front foot,slog,,,backward square leg,Brad Evans,,,,template_structured,1,,False,False,False,False,False,False,False,False,False,
2,3,South Africa,SA,3,18,B Muzarabani,7,1,0,154/5,6.00,17.05,17.4,1,1ⁿᵇ,Blessing Muzarabani to Tristan Stubbs,,"No ball. Blessing Muzarabani to Tristan Stubbs. No movement full, outside off on the front foot driving to mid off for 1 runs, run saved by Sikandar Raza",bbcd5884-dd98-4bc2-9155-07c4160c943e,233457,"Zimbabwe v South Africa at Delhi, ICC Men's T20 World Cup, 1 Mar 2026",8899,ICC Men's T20 World Cup,2025/26,"Arun Jaitley Stadium (Feroz Shah Kotla), Delhi",Twenty20 international,2026-03-01,73364,T Stubbs,right,66839,B Muzarabani,right,9,Zimbabwe,right pace,1,pace,2026-03-01 12:54:05,3.804,-0.387,2,-0.312,0.426,1.0,0.0,,,,,,,,True,True,False,False,,no movement,,full,outside off,front foot,drive,,,mid off,,,,,template_structured,1,no ball,False,False,True,False,False,False,False,False,False,
2,3,South Africa,SA,3,18,B Muzarabani,7,1,0,154/5,6.00,17.06,17.5,2,2,Blessing Muzarabani to Tristan Stubbs,,,bbcd5884-dd98-4bc2-9155-07c4160c943e,233457,"Zimbabwe v South Africa at Delhi, ICC Men's T20 World Cup, 1 Mar 2026",8899,ICC Men's T20 World Cup,2025/26,"Arun Jaitley Stadium (Feroz Shah Kotla), Delhi",Twenty20 international,2026-03-01,73364,T Stubbs,right,66839,B Muzarabani,right,9,Zimbabwe,right pace,1,pace,2026-03-01 12:54:48,10.096,-0.816,4,-0.573,0.996,1.0,2.0,106323818.0,315.0,85.0,146.0,4.0,2.0,2.0,True,True,True,False,,,,,,,,,,,,,,,none,2,,False,False,False,False,False,False,False,False,False,
